tree
version=v4
num_class=1
num_tree_per_iteration=1
label_index=0
max_feature_idx=37
objective=quantile
feature_names=type_idx country_idx horizon_year cooling buffer scale nearby_500m nearby_2km nearby_highway_2km min_habitat_m habitat_hits habitat_proximity water_hits water_overlap min_water_m min_road_km snow_mm precip_mm has_gbif has_roadkill has_osm_roads has_open_meteo gbif_myotis_myotis gbif_meles_meles gbif_castor_fiber gbif_alcedo_atthis gbif_bombina_variegata gbif_alauda_arvensis gbif_podiceps_cristatus gbif_acrocephalus_scirpaceus gbif_lutra_lutra gbif_ciconia_ciconia gbif_cervus_elaphus gbif_count_500m gbif_count_2km gbif_suitability roadkill_intensity_2km roadkill_count_2km
feature_infos=-1:6:5:2:4:0:7:3:1 -1:0:1:2 [2026:2040] [0:1] [0:1] [0.40000000000000002:2] [0:3] [0:3] [0:3] [0:125011.43205326654] [0:6] [0:3] [0:5] [0:1] [44.225848332120513:209444.01326761045] [0.16774822241364587:228.22479370757517] [0:4.4129166666666659] [0:89.364999999999995] [0:1] [0:1] [0:1] [0:1] none none none none none none none none none [0:1.0918136539803009] none none [0:37] [0:3.2117718603482626] [0:17.727708328222089] [0:15]
tree_sizes=2088 2220 2226 2221 2201 2213 2225 2194 2223 2215 2204 2198 2253 2193 2190 2184 2187 2259 2197 2205 2249 2224 2200 2212 2221 2221 2209 2206 2227 2284 2253 2208 2206 2187 2218 2206 2192 2196 2267 2192 2223 2203 2212 2196 2206 2195 2240 2222 2206 2209 2224 2198 2202 2200 2218 2229 2218 2231 2224 2240 2195 2212 2226 2214 2214 2199 2220 2194 2264 2223 2240 2247 2263 2220 2246 2254 2230 2233 2276 2248 2226 2256 2261 2200 2244 2213 2194 2242 2255 2256 2207 2225 2257 2203 2205 2195 2196 2238 2244 2208 2204 2228 2219 2235 2288 2280 2247 2239 2242 2260 2246 2243 2266 2209 2247 2253 2262 2246 2259 2268

Tree=0
num_leaves=24
num_cat=4
split_feature=0 5 0 7 0 7 7 5 7 7 5 5 7 3 17 17 5 2 1 3 9 14 2
split_gain=742.262 37.0895 34.0203 24.5553 43.9514 14.0486 4.18966 3.0531 1.74316 1.64137 1.58387 1.03909 0.9767 0.92695 0.725677 0.682768 1.22009 1.00293 0.553575 0.405579 0.388909 0.382653 0.345013
threshold=0 0.71654816570429147 1 1.5000000000000002 2 2.5000000000000004 2.5000000000000004 0.6677617044747115 1.0000000180025095e-35 2.5000000000000004 0.56444565938134728 0.84976300489942436 1.0000000180025095e-35 1.0000000180025095e-35 74.884166666666673 73.879583333333343 0.97590027831923531 2030.5000000000002 3 1.0000000180025095e-35 6112.4550825136303 42045.363670888539 2032.5000000000002
decision_type=1 2 1 2 1 2 2 2 2 2 2 2 2 2 2 2 2 2 1 2 2 2 2
left_child=1 2 -1 -2 6 7 13 8 -4 -6 -10 12 19 14 -5 -11 18 -18 -17 22 21 -8 -3
right_child=3 11 5 4 9 -7 20 -9 10 15 -12 -13 -14 -15 -16 16 17 -19 -20 -21 -22 -23 -24
leaf_value=1.0260179132223128 0.96358057558536525 0.99319270849227903 0.97166871279478073 0.98548911809921269 0.97245348095893858 0.99475930333137508 0.99014325141906734 0.98374495208263402 0.97650312334299083 0.97619984745979305 0.98316514194011684 1.0175149053335191 1.0102956473827363 0.98776695430278783 0.98134782910346985 0.97879822552204132 0.98289841711521153 0.97705869674682622 0.97627523243427272 0.99244151413440707 0.99044240713119502 0.99233247339725494 0.99319442212581632
leaf_weight=139 1450 56 70 30 255 24 28 31 20 113 23 1475 130 28 29 27 21 39 47 55 38 21 50
leaf_count=139 1450 56 70 30 255 24 28 31 20 113 23 1475 130 28 29 27 21 39 47 55 38 21 50
internal_value=0.984201 1.00544 0.9895 0.963491 0.971263 0.974376 0.992903 0.967888 0.964074 0.963992 0.971998 1.00833 1.0056 0.985644 0.982088 0.966495 0.968909 0.974207 0.964612 1.003 1.00116 1.00411 1.00119
internal_weight=4199 2073 307 2126 676 168 174 144 113 502 43 1766 291 87 59 247 134 60 74 161 87 49 106
internal_count=4199 2073 307 2126 676 168 174 144 113 502 43 1766 291 87 59 247 134 60 74 161 87 49 106
cat_boundaries=0 1 2 3 4
cat_threshold=156 136 64 2
is_linear=0
shrinkage=1


Tree=1
num_leaves=24
num_cat=0
split_feature=7 7 10 15 14 14 10 15 15 6 15 14 11 14 19 4 16 17 2 10 3 11 14
split_gain=29.5402 4.93334 3.53126 3.46152 2.4482 2.3049 1.75926 2.45906 1.65219 1.36263 1.21429 1.48065 1.18334 1.26245 1.05615 1.29568 0.975254 0.923277 1.16626 0.971498 0.967903 0.931814 0.923693
threshold=1.5000000000000002 2.5000000000000004 2.5000000000000004 22.754466787808642 20517.70875164316 11169.636392033348 1.5000000000000002 63.428882786693556 70.886217027817565 1.0000000180025095e-35 15.207454126178767 40751.239959659339 1.0881488112056295 34911.559038450992 1.0000000180025095e-35 1.0000000180025095e-35 1.756416666666667 73.879583333333343 2037.5000000000002 1.0000000180025095e-35 1.0000000180025095e-35 0.03314769406487298 29990.947335234971
decision_type=2 2 2 2 2 2 2 2 2 2 2 2 2 2 2 2 2 2 2 2 2 2 2
left_child=2 6 5 -4 9 -1 7 17 -9 -3 -8 -12 -5 -14 15 -7 -17 19 21 -2 -21 22 -19
right_child=1 4 3 12 -6 14 10 8 -10 -11 11 -13 13 -15 -16 16 -18 18 -20 20 -22 -23 -24
leaf_value=0.0044398318231105797 0.012703759819269179 0.0060620480775833152 0.014295162707567212 -0.020319674760103226 0.01649609714746475 -0.0066209783032536501 -0.0070358960330486305 -0.0041002491861581811 0.0038194240629672999 -0.0016964627802371957 0.010222034603357312 -0.0038722882047295573 -0.017131222635507582 -0.01448012426495552 -0.0060158061981201161 -0.01589895024895668 -0.0048758328706026066 -0.0051505106687545765 0.025949015170335765 0.012657626420259471 -0.0103217813372612 0.047322108298540111 0.015896608382463453
leaf_weight=199 61 38 28 73 596 210 24 30 276 63 62 40 20 27 2169 61 30 28 33 45 23 20 43
leaf_count=199 61 38 28 73 596 210 24 30 276 63 62 40 20 27 2169 61 30 28 33 45 23 20 43
internal_value=-1.78614e-05 0.00596961 -0.00295527 -0.010473 0.00893113 -0.0025384 0.0029562 0.00415921 0.00114379 0.00173267 -0.00238095 0 -0.0141667 -0.00797872 -0.00295547 -0.0057309 -0.0107143 0.00780632 0.0108871 0.00484496 0.000735294 0.00796703 0.00528169
internal_weight=4199 1382 2817 148 697 2669 685 559 306 101 126 102 120 47 2470 301 91 253 124 129 68 91 71
internal_count=4199 1382 2817 148 697 2669 685 559 306 101 126 102 120 47 2470 301 91 253 124 129 68 91 71
is_linear=0
shrinkage=0.05


Tree=2
num_leaves=24
num_cat=0
split_feature=7 5 10 15 7 5 9 14 5 5 5 14 14 6 14 9 14 14 15 10 15 9 11
split_gain=27.6684 24.6767 4.72006 4.608 4.58636 2.39893 2.29544 2.25691 1.93328 1.71851 1.79485 1.49009 1.46805 1.36263 1.29709 1.22563 1.17061 1.17005 1.09979 2.09054 1.66401 1.63344 1.07355
threshold=1.5000000000000002 0.73459936002505744 2.5000000000000004 22.754466787808642 2.5000000000000004 0.62209009350254196 58109.353663799913 20517.70875164316 0.52541672543949758 0.90661399244645735 0.87576888871408942 129024.64539963414 7639.0746366610892 1.0000000180025095e-35 19243.767816437005 49647.951818734196 33989.28466491944 31746.985827870991 63.428882786693556 1.5000000000000002 15.207454126178767 61642.765448338389 1.1042693966469004
decision_type=2 2 2 2 2 2 2 2 2 2 2 2 2 2 2 2 2 2 2 2 2 2 2
left_child=1 8 6 -4 5 -2 9 13 -1 10 14 -8 -11 -6 -3 -14 -5 -16 19 -7 -21 -20 -18
right_child=4 2 3 16 7 18 11 -9 -10 12 -12 -13 15 -15 17 -17 22 -19 21 20 -22 -23 -24
leaf_value=-0.014790473781526087 -0.0048727854751050466 0.0040329202488064769 0.018915836863219737 -0.017918946973979472 0.0057589456737041529 0.013228352196514604 -0.01773425033688545 0.01567129229009151 -0.0098461198722943621 0.011389936901628973 -0.011241613239049909 -0.0090432434380054438 0.0011841946560889494 -0.0016116396412253376 -0.011901901572942731 0.013535726457834241 -0.018759560219943523 -0.0012824272327125047 0.0014039355441927916 -0.0069206954613327994 0.0054896765723824494 0.018095407925546172 -0.014060232870280742
leaf_weight=125 60 60 25 47 38 236 29 596 348 78 92 120 1472 63 48 46 29 274 275 21 64 29 24
leaf_count=125 60 60 25 47 38 236 29 596 348 78 92 120 1472 63 48 46 29 274 275 21 64 29 24
internal_value=-5.9538e-06 -0.00284878 -0.000746587 -0.0102 0.00578871 0.00288321 -0.00021406 0.00864419 -0.0132664 0.000217391 -0.00242616 -0.00620805 0.00100251 0.00173267 -0.00091623 0.000658762 -0.015 -0.00217391 0.0038 0.00584112 -0.000882353 0.00164474 -0.00990566
internal_weight=4199 2817 2344 125 1382 685 2219 697 473 2070 474 149 1596 101 382 1518 100 322 625 321 85 304 53
internal_count=4199 2817 2344 125 1382 685 2219 697 473 2070 474 149 1596 101 382 1518 100 322 625 321 85 304 53
is_linear=0
shrinkage=0.05


Tree=3
num_leaves=24
num_cat=3
split_feature=0 5 0 7 0 7 5 7 7 5 7 5 7 2 9 15 7 9 15 16 6 5 9
split_gain=748.861 36.8668 30.2334 18.5907 41.9617 11.7867 4.60312 3.59195 1.5566 1.6 0.923271 0.872499 0.875358 0.84979 0.80003 0.668212 0.509998 0.491497 0.37735 0.470909 0.666987 0.634597 0.355819
threshold=0 0.71654816570429147 1 1.5000000000000002 2 2.5000000000000004 0.65500856664796159 2.5000000000000004 1.0000000180025095e-35 0.56444565938134728 2.5000000000000004 0.84976300489942436 1.0000000180025095e-35 2034.5000000000002 6112.4550825136303 60.404382317582623 1.0000000180025095e-35 70.861480953857779 23.522357577268313 1.4758333333333338 1.0000000180025095e-35 0.95604214863564396 15565.808732800955
decision_type=1 2 1 2 1 2 2 2 2 2 2 2 2 2 2 2 2 2 2 2 2 2 2
left_child=1 2 -1 16 7 6 8 13 -4 -10 -6 12 -3 15 17 -5 -2 -9 -12 -20 21 -21 -22
right_child=3 11 5 4 10 -7 -8 14 9 -11 18 -13 -14 -15 -16 -17 -18 -19 19 20 22 -23 -24
leaf_value=0.038111909059435137 -0.020683442735718562 0.0084538383444771222 -0.011381526038469748 0.0015648617941886158 -0.011558062634244561 0.0084162296630442175 -0.00021078661871142825 0.0041199130848050157 -0.0067083160947076954 -0.00051719543379731287 -0.0087019587187096466 0.031600635172333573 0.02387942592073232 -0.0014221893191337627 0.0043151782728731661 -0.00033504063598812088 -0.013903735266113654 0.0065852538026869301 -0.0089308438919484586 -0.0055356162510812271 -0.0084709526631981166 -0.006823176266998055 -0.010538994865864515
leaf_weight=139 1098 161 66 24 255 24 38 21 20 20 28 1475 130 34 38 29 352 28 71 24 71 29 24
leaf_count=139 1098 161 66 24 255 24 38 21 20 20 28 1475 130 34 38 29 352 28 71 24 71 29 24
internal_value=-0.000148845 0.0211834 0.00529316 -0.0209504 -0.0142012 -0.00898876 -0.0149306 0.00706522 -0.020283 -0.0125 -0.0212891 0.0240657 0.0215636 0.000287356 0.0146552 0.00424528 -0.0242414 0.0188776 -0.0195344 -0.0188356 -0.0172297 -0.0127358 -0.0197368
internal_weight=4199 2073 307 2126 676 168 144 174 106 40 502 1766 291 87 87 53 1450 49 247 219 148 53 95
internal_count=4199 2073 307 2126 676 168 144 174 106 40 502 1766 291 87 87 53 1450 49 247 219 148 53 95
cat_boundaries=0 1 2 3
cat_threshold=156 136 64
is_linear=0
shrinkage=0.05


Tree=4
num_leaves=24
num_cat=3
split_feature=0 5 7 0 7 7 5 7 7 15 5 0 7 16 9 5 5 3 17 7 5 9 9
split_gain=722.914 35.6737 19.3478 39.1743 7.55889 3.31034 3.15591 3.19573 2.42986 2.31044 1.26699 1.05222 2.10871 1.1305 1.03264 1.00087 0.955217 0.776182 0.96881 0.714472 0.710796 1.00481 0.677352
threshold=0 0.6614825672723017 1.5000000000000002 1 2.5000000000000004 2.5000000000000004 0.72497800467145923 1.0000000180025095e-35 1.0000000180025095e-35 58.568473776007473 0.69592446294074228 2 2.5000000000000004 1.4758333333333338 6112.4550825136303 0.55782275054609032 0.85301416984164968 1.0000000180025095e-35 74.884166666666673 1.5000000000000002 0.52541672543949758 7583.0735006922287 2344.9356892516184
decision_type=1 2 2 1 2 2 2 2 2 2 2 1 2 2 2 2 2 2 2 2 2 2 2
left_child=1 4 -2 5 8 17 7 10 20 -10 -3 12 -5 -14 -7 -11 19 18 -4 -8 22 -22 -1
right_child=2 6 3 11 -6 14 16 -9 9 15 -12 -13 13 -15 -16 -17 -18 -19 -20 -21 21 -23 -24
leaf_value=-0.012052983346187974 -0.018163231970153283 0.0078348452523094581 0.00015091458960435624 -0.0061404450676031397 0.018319025274477908 0.0056271130964904992 0.0094193244735803483 0.019430644601262183 -0.0021178944541863118 0.015911947589386261 -0.00070344262572704101 -0.011730262480564413 -0.0050118438712134956 -0.00052596140358131542 0.0040994193592295064 0.010686525939097635 0.030192116132820964 0.0031374516092054494 -0.0031858408883400306 0.024399638690417638 -0.0039981546830642036 0.0041101279240753578 -0.01155703395863762
leaf_weight=20 1450 25 30 95 35 49 190 44 36 20 23 341 20 46 38 22 1466 28 29 97 40 34 21
leaf_count=20 1450 25 30 95 35 49 190 44 36 20 23 341 20 46 38 22 1466 28 29 97 40 34 21
internal_value=-0.000208383 0.0207513 -0.0206461 -0.0137574 0.00219298 0.00679348 0.0231572 0.0141304 -0.00168394 0.00512821 0.00520833 -0.0206055 -0.0135965 -0.00757576 0.0140805 0.0130952 0.0236309 0.000287356 -0.0029661 0.020993 -0.00630435 -0.00337838 -0.0115854
internal_weight=4199 2073 2126 676 228 174 1845 92 193 78 48 502 161 66 87 42 1753 87 59 287 115 74 41
internal_count=4199 2073 2126 676 228 174 1845 92 193 78 48 502 161 66 87 42 1753 87 59 287 115 74 41
cat_boundaries=0 1 2 3
cat_threshold=156 64 2
is_linear=0
shrinkage=0.05


Tree=5
num_leaves=24
num_cat=3
split_feature=0 5 0 0 7 7 7 7 7 5 7 15 5 7 9 3 17 9 17 5 9 6 15
split_gain=692.553 35.5455 31.2983 20.8301 34.3867 11.1909 3.4001 3.04023 2.75358 2.38381 2.33483 1.89959 1.58231 1.89684 0.849667 0.776182 0.96881 0.75 0.700831 1.41141 0.875329 0.740192 0.68957
threshold=0 0.71654816570429147 1 2 1.5000000000000002 1.5000000000000002 2.5000000000000004 2.5000000000000004 1.0000000180025095e-35 0.62209009350254196 2.5000000000000004 97.533064151323813 0.92432712047662835 1.5000000000000002 6112.4550825136303 1.0000000180025095e-35 74.884166666666673 70.861480953857779 73.879583333333343 0.95604214863564396 3181.0355538923268 1.0000000180025095e-35 37.689157896217381
decision_type=1 2 1 1 2 2 2 2 2 2 2 2 2 2 2 2 2 2 2 2 2 2 2
left_child=1 2 -1 4 8 9 -5 15 -2 -4 -7 -10 13 -3 17 16 -6 -9 -8 22 -21 -22 -20
right_child=3 12 5 6 7 10 18 14 11 -11 -12 -13 -14 -15 -16 -17 -18 -19 19 20 21 -23 -24
leaf_value=0.035290362342739488 -0.0086551306704516755 0.0096243482471858217 -0.010517940218309874 -0.018564455945523573 0.00014336886012413785 -0.0014153255100023189 -0.0079881939492058018 0.0036325617757402397 -0.0040495113245948454 -0.0015343190651630285 0.0070794669161681201 -0.0012581990982211411 0.030546078649099223 0.022260520940251535 0.0038944483912680353 0.0029805790287451787 -0.0030265488439230274 0.0059746354577280619 -0.0044843838835377237 -0.0024747595508602727 -0.0048094719081764326 -0.009363466203479099 -0.0071301022986471679
leaf_weight=139 286 302 73 1322 30 25 113 21 66 46 24 31 1286 178 38 28 29 28 21 22 20 23 48
leaf_count=139 286 302 73 1322 30 25 113 21 66 46 24 31 1286 178 38 28 29 28 21 22 20 23 48
internal_value=-0.000267921 0.0202472 0.00464169 -0.0202715 -0.0113316 -0.00983146 -0.0233534 0.00689655 -0.0199086 -0.0186975 0.00969388 -0.0126289 0.0230747 0.020625 0.0135057 0.000287356 -0.0029661 0.0178571 -0.0181174 -0.0156716 -0.0103846 -0.0145349 -0.0206522
internal_weight=4199 2073 307 2126 557 168 1569 174 383 119 49 97 1766 480 87 87 59 49 247 134 65 43 69
internal_count=4199 2073 307 2126 557 168 1569 174 383 119 49 97 1766 480 87 87 59 49 247 134 65 43 69
cat_boundaries=0 1 2 3
cat_threshold=156 136 64
is_linear=0
shrinkage=0.05


Tree=6
num_leaves=24
num_cat=2
split_feature=0 5 0 7 7 7 5 7 7 7 7 15 15 9 5 7 5 5 4 5 14 14 16
split_gain=672.351 33.0574 20.358 30.9268 7.04581 4.18129 4.11278 3.36303 3.31034 2.74849 2.5908 2.08982 1.71262 1.5786 1.33492 1.10823 1.26282 0.937732 1.62665 0.87579 0.756185 0.928146 0.877635
threshold=0 0.6614825672723017 1 1.5000000000000002 1.0000000180025095e-35 2.5000000000000004 0.80864045418109476 1.5000000000000002 2.5000000000000004 1.0000000180025095e-35 2.5000000000000004 54.715796972461256 97.533064151323813 27639.178599648938 0.55782275054609032 1.0000000180025095e-35 0.95417278502810365 0.52541672543949758 1.0000000180025095e-35 0.72126337994860246 34504.457759630095 13131.829027744772 1.756416666666667
decision_type=1 2 1 2 2 2 2 2 2 2 2 2 2 2 2 2 2 2 2 2 2 2 2
left_child=1 4 3 9 17 -4 7 13 -5 -2 11 -6 -11 19 -13 16 -8 -1 -19 -3 21 -7 -23
right_child=2 6 5 8 10 20 15 -9 -10 12 -12 14 -14 -15 -16 -17 -18 18 -20 -21 -22 22 -24
leaf_value=-0.010693916204294258 -0.0082223741369290924 0.004580746129551375 -0.017636233148247395 -0.000124757708501122 -0.0025379076774515565 -0.0066788059965253808 0.0079111020156933509 0.019346876728247576 0.004956338738586941 -0.0038470357583651029 0.015638555893617047 0.012096531577728043 -0.0011952891433100856 0.00059702490767676311 0.0086366660169517242 0.031537812750688475 0.022017544231791697 -0.0045649628145568557 0.0040190307866741831 0.0091570893893551837 -0.0074771130120490697 -0.0063248653084689715 -0.0026841976500249693
leaf_weight=41 286 38 1322 87 33 30 182 93 87 66 35 21 31 30 24 792 612 49 25 98 171 22 24
leaf_count=41 286 38 1322 87 33 30 182 93 87 66 35 21 31 30 24 792 612 49 25 98 171 22 24
internal_value=-0.000375089 0.0198392 -0.0200843 -0.0112434 0.00197368 -0.0231317 0.0221545 0.0163127 0.00603448 -0.0193864 0.0108407 0.00576923 -0.0121134 0.0120482 0.0127778 0.0231084 0.0217884 -0.00673913 -0.00337838 0.0143382 -0.0173077 -0.0131579 -0.00869565
internal_weight=4199 2073 2126 557 228 1569 1845 259 174 383 113 78 97 166 45 1586 794 115 74 136 247 76 46
internal_count=4199 2073 2126 557 228 1569 1845 259 174 383 113 78 97 166 45 1586 794 115 74 136 247 76 46
cat_boundaries=0 1 2
cat_threshold=156 64
is_linear=0
shrinkage=0.05


Tree=7
num_leaves=24
num_cat=3
split_feature=0 5 7 0 7 7 5 7 0 7 5 9 2 5 16 14 5 2 7 16 4 7 9
split_gain=642.134 32.816 20.5226 31.6309 5.93933 4.58121 5.47382 3.31034 3.03006 2.76274 1.59693 1.50427 1.88218 1.34349 1.31431 1.16883 1.21 1.16618 1.12902 1.09962 1.0523 1.01082 0.725786
threshold=0 0.6614825672723017 1.5000000000000002 1 1.5000000000000002 1.0000000180025095e-35 0.80864045418109476 2.5000000000000004 2 2.5000000000000004 0.97864785621514683 9888.7683352870936 2030.5000000000002 0.52541672543949758 2.1729166666666671 34911.559038450992 0.97590027831923531 2030.5000000000002 1.0000000180025095e-35 3.485125 1.0000000180025095e-35 2.5000000000000004 10133.856146498527
decision_type=1 2 2 1 2 2 2 2 1 2 2 2 2 2 2 2 2 2 2 2 2 2 2
left_child=1 4 18 7 13 6 11 22 9 -5 19 -3 -13 17 20 -11 -17 -1 -2 -8 -15 -6 -4
right_child=2 5 3 8 21 -7 10 -9 -10 15 -12 12 -14 14 -16 16 -18 -19 -20 -21 -22 -23 -24
leaf_value=-0.0026997736337017741 -0.016957874130475333 0.0072907816364745637 0.00086774974738245141 -0.0040233883595344353 0.0059765882936549837 0.027655404860619421 0.007538385141161264 0.0047085218016575947 -0.01005495528696348 0.0015199578102336687 0.022034051853206438 0.0072555939562620299 -0.00040905985161646677 -0.0005367384262666197 -0.0031813832808246846 -0.0025789067695335122 -0.00089259399271883759 -0.010389741357748367 -0.01079114212893989 0.0080482198709194153 0.0069102622377177243 0.014856628098936198 -0.0012077391891274882
leaf_weight=21 1098 99 52 95 37 908 179 87 341 21 577 21 23 54 27 20 25 34 352 38 20 35 35
leaf_count=21 1098 99 52 95 37 908 179 87 341 21 577 21 23 54 27 20 25 34 352 38 20 35 35
internal_value=-0.000637056 0.0191191 -0.019897 -0.0127959 0.00131579 0.0214228 0.0189701 0.00570652 -0.0189453 -0.0109649 0.0205919 0.00996503 0.00227273 -0.00416667 -0.000742574 -0.00378788 -0.00833333 -0.0104545 -0.0233448 0.0169355 0.0027027 0.0131944 -0.000862069
internal_weight=4199 2073 2126 676 228 1845 937 174 502 161 794 143 44 156 101 66 45 55 1450 217 74 72 87
internal_count=4199 2073 2126 676 228 1845 937 174 502 161 794 143 44 156 101 66 45 55 1450 217 74 72 87
cat_boundaries=0 1 2 3
cat_threshold=156 64 2
is_linear=0
shrinkage=0.05


Tree=8
num_leaves=24
num_cat=3
split_feature=0 0 7 7 0 7 7 7 15 15 15 7 7 16 2 9 11 3 9 9 2 2 8
split_gain=611.223 23.3038 27.2325 8.93117 8.06539 5.10969 3.56549 2.78161 1.09893 1.30941 1.46399 1.03053 1.01539 0.92333 0.891818 0.864286 0.847678 1.28086 0.826448 1.92948 0.792437 0.698847 0.764404
threshold=0 1 1.5000000000000002 1.0000000180025095e-35 2 2.5000000000000004 1.0000000180025095e-35 2.5000000000000004 18.184785964276539 38.807285180331199 49.752778293404454 1.5000000000000002 1.5000000000000002 1.4758333333333338 2038.5000000000002 9888.7683352870936 1.0365176943378989 1.0000000180025095e-35 581.24256917423725 3923.3204996074787 2037.5000000000002 2034.5000000000002 1.0000000180025095e-35
decision_type=1 1 2 2 1 2 2 2 2 2 2 2 2 2 2 2 2 2 2 2 2 2 2
left_child=3 2 6 4 -1 11 20 21 -6 14 -11 -3 -5 -8 16 -15 17 18 -10 -20 -2 22 -4
right_child=1 5 7 12 8 -7 13 -9 9 10 -12 -13 -14 15 -16 -17 -18 -19 19 -21 -22 -23 -24
leaf_value=0.27949285646743238 -0.0068727119610653177 -0.017444186352955228 0.0023699593044385794 0.021470969162997757 0.011307377965910205 -0.0064771606579676066 -0.0033037249463774288 0.0044730957115747148 0.011993603569384503 0.0086858093834054854 0.0067445619793834455 -0.0082276987862612561 0.02588653001208216 -0.00026293881325293314 0.0022288922865789265 -0.003151693472923689 0.010254055059690915 0.007567775256860843 -0.00089361257358991364 0.0062199193689140841 -0.0075934243861361305 -0.0012438594901627187 -0.00035973630082500042
leaf_weight=234 244 1067 21 315 60 247 34 87 36 66 468 255 706 35 34 28 20 53 30 51 42 34 32
leaf_count=234 244 1067 21 315 60 247 34 87 36 66 468 255 706 35 34 28 20 53 30 51 42 34 32
internal_value=-0.000732317 -0.0195225 -0.0101852 0.018543 0.0153992 -0.0227517 -0.0178198 0.00603448 0.0125 0.0121372 0.0134831 -0.0241301 0.0219638 -0.00953608 0.00892857 -0.00595238 0.0102632 0.00911765 0.00619658 0.00339506 -0.0206294 -0.000287356 0.00330189
internal_weight=4199 2126 557 2073 1052 1569 383 174 818 758 534 1322 1021 97 224 63 190 170 117 81 286 87 53
internal_count=4199 2126 557 2073 1052 1569 383 174 818 758 534 1322 1021 97 224 63 190 170 117 81 286 87 53
cat_boundaries=0 1 2 3
cat_threshold=156 64 128
is_linear=0
shrinkage=0.05


Tree=9
num_leaves=24
num_cat=3
split_feature=0 0 7 0 7 7 7 7 7 7 14 16 9 9 9 16 9 2 14 15 15 15 2
split_gain=586.856 21.9406 23.2178 9.98314 10.7973 5.48785 3.23632 2.07471 1.48091 1.05881 1.36077 0.92333 0.864286 0.84298 1.62647 0.785641 0.725786 0.666821 0.652103 0.608927 1.01605 1.08734 0.673648
threshold=0 1 1.5000000000000002 2 1.0000000180025095e-35 1.5000000000000002 1.0000000180025095e-35 2.5000000000000004 2.5000000000000004 2.5000000000000004 34504.457759630095 1.4758333333333338 9888.7683352870936 581.24256917423725 6112.4550825136303 1.756416666666667 10133.856146498527 2037.5000000000002 61929.621073215065 11.367323337404082 37.689157896217381 48.890295924035421 2034.5000000000002
decision_type=1 1 2 1 2 2 2 2 2 2 2 2 2 2 2 2 2 2 2 2 2 2 2
left_child=3 2 6 -1 19 -3 17 16 -6 18 15 -8 -13 -9 -15 -11 -4 -2 -7 -5 -21 22 -22
right_child=1 5 7 4 8 9 11 13 -10 10 -12 12 -14 14 -16 -17 -18 -19 -20 20 21 -23 -24
leaf_value=0.2770193787878456 -0.0065290763630120518 -0.016571977035307467 0.00070586429479140012 0.013600851337396559 0.013106845078444829 -0.009117819896879242 -0.0031385386990585573 0.0014624392655297914 0.020921127828410616 -0.0051820162457989708 -0.0066456781011908555 -0.00024979187259028813 -0.0029941087992775063 0.0050166657462131009 0.0029928281591136809 -0.0038677735432179894 -0.0010851592551629763 -0.0072137531668293262 -0.0071446186082949892 0.0065892404640620463 0.0099860474294966584 0.0063930981862819541 0.0089251873244327214
leaf_weight=507 244 1067 52 31 479 121 34 24 269 34 171 35 28 25 38 42 35 42 134 246 41 472 28
leaf_count=507 244 1067 52 31 479 121 34 24 269 34 171 35 28 25 38 42 35 42 134 246 41 472 28
internal_value=-0.00104191 -0.0194522 -0.0103616 0.0178469 0.0155457 -0.0225934 -0.0174282 0.0045977 0.0199866 -0.0184263 -0.0160931 -0.00953608 -0.00595238 0.0100575 0.0130952 -0.0105263 -0.000862069 -0.0201049 -0.0206863 0.0116748 0.0114041 0.0126155 0.0184783
internal_weight=4199 2126 557 2073 1566 1569 383 174 748 502 247 97 63 87 63 76 87 286 255 818 787 541 69
internal_count=4199 2126 557 2073 1566 1569 383 174 748 502 247 97 63 87 63 76 87 286 255 818 787 541 69
cat_boundaries=0 1 2 3
cat_threshold=156 64 128
is_linear=0
shrinkage=0.05


Tree=10
num_leaves=24
num_cat=4
split_feature=0 5 0 0 7 7 7 7 0 5 7 5 5 5 7 19 5 9 14 15 15 7 14
split_gain=570.464 37.1773 36.4515 24.1909 20.7544 5.48785 4.38463 4.28928 4.13961 7.5583 3.33306 2.8444 1.92308 1.89344 1.86207 1.36123 1.30432 1.71103 1.30782 1.08015 1.40006 1.05881 1.36077
threshold=0 0.72497800467145923 1 2 1.5000000000000002 1.5000000000000002 1.5000000000000002 1.0000000180025095e-35 3 0.96190403407743663 1.0000000180025095e-35 0.87316366926095168 0.60620533040346569 0.60620533040346569 2.5000000000000004 1.0000000180025095e-35 0.80864045418109476 1125.4279704449016 68481.894462698969 97.533064151323813 49.275676341764047 2.5000000000000004 34504.457759630095
decision_type=1 2 1 1 2 2 2 2 1 2 2 2 2 2 2 2 2 2 2 2 2 2 2
left_child=1 2 -1 4 10 -5 13 8 11 16 -2 -3 -8 -4 -6 -13 17 -10 -19 20 -12 -7 -23
right_child=3 7 6 5 14 21 12 -9 9 -11 19 15 -14 -15 -16 -17 -18 18 -20 -21 -22 22 -24
leaf_value=0.026438345988533354 -0.0062932723073550051 0.010669692351996324 -0.010442646348786531 -0.015743378183542097 -0.00017921371014351095 -0.0073832948365862129 -0.0033340077712867401 0.025043998152840908 0.0046114158600266469 0.028472932906473493 -0.0010405522391239487 0.0039984502979838691 0.0051989885440125788 -0.0029217688779827888 0.0040460169662724366 0.0019946128860249823 0.0066899371137774779 0.0065248389315689442 -0.00066041898202280353 -0.00027385439742578789 -0.0054496613270260067 -0.004557351298870466 -0.0063133941961313117
leaf_weight=146 286 46 66 1067 87 255 26 864 23 455 40 28 26 56 87 146 141 24 26 31 26 76 171
leaf_count=146 286 46 66 1067 87 255 26 864 23 455 40 28 26 56 87 146 141 24 26 31 26 76 171
internal_value=-0.00116099 0.0174628 0.001875 -0.0193118 -0.00983245 -0.0225934 -0.0133152 0.0204079 0.0179696 0.0200663 -0.0165144 0.0102174 -0.00192308 -0.0192623 0.00431034 0.00775862 0.0126168 0.00719178 0.002 -0.00850515 -0.0121212 -0.0184263 -0.0160931
internal_weight=4199 2073 320 2126 557 1569 174 1753 889 669 383 220 52 122 174 174 214 73 50 97 66 502 247
internal_count=4199 2073 320 2126 557 1569 174 1753 889 669 383 220 52 122 174 174 214 73 50 97 66 502 247
cat_boundaries=0 1 2 3 4
cat_threshold=156 136 64 8
is_linear=0
shrinkage=0.05


Tree=11
num_leaves=24
num_cat=5
split_feature=0 5 0 0 7 7 0 7 7 0 5 5 7 5 7 5 7 5 2 14 9 19 15
split_gain=540.588 34.1518 33.8695 24.4452 18.9229 5.95391 7.26721 5.91493 4.5519 4.06161 8.52398 3.206 2.81192 2.35927 2.29475 2.18262 1.62882 1.48485 1.42547 1.35539 1.28058 1.12361 1.08015
threshold=0 0.72497800467145923 1 2 1.5000000000000002 1.5000000000000002 3 2.5000000000000004 1.0000000180025095e-35 4 1.0324986184915215 0.87316366926095168 1.0000000180025095e-35 0.60620533040346569 2.5000000000000004 0.85301416984164968 1.0000000180025095e-35 0.8899652155658534 2034.5000000000002 48785.083576663041 1125.4279704449016 1.0000000180025095e-35 97.533064151323813
decision_type=1 2 1 1 2 2 1 2 2 1 2 2 2 2 2 2 2 2 2 2 2 2 2
left_child=1 2 -1 4 12 -5 14 13 9 11 15 -3 -2 -4 19 20 -15 -16 -6 -7 -11 -13 -14
right_child=3 8 7 5 18 6 -8 -9 -10 10 -12 21 22 16 17 -17 -18 -19 -20 -21 -22 -23 -24
leaf_value=0.025116428689106685 -0.0059786086919872555 0.010136207734396514 -0.0094909069454652949 -0.014956209274364991 0.002800074550728593 -0.004080568265481083 -0.0083282274709841116 0.0016097400727851708 0.023791798245198861 0.0039983383984319608 0.028948512033237974 0.0037985277830846712 -0.002786408200894994 -0.0034450043069479521 -0.0012621630056133982 0.0097616541354971446 -0.00044171329572912922 0.00092595526316192065 -0.00031489680337607465 -0.0017278790126278587 0.0018781336989662112 0.0018948822417237388 -0.00026016167755449907
leaf_weight=146 286 46 80 1067 111 35 341 25 864 40 375 28 66 42 22 178 27 44 63 60 76 146 31
leaf_count=146 286 46 80 1067 111 35 341 25 864 40 375 28 66 42 22 178 27 44 63 60 76 146 31
internal_value=-0.00131579 0.0168147 0.001875 -0.0189841 -0.00947972 -0.0222768 -0.0179283 -0.0127717 0.0196378 0.017126 0.0191826 0.00956522 -0.0158616 -0.0172819 -0.00745614 0.0130952 -0.0105072 -0.000757576 0.00402299 -0.0128947 0.00775862 0.00689655 -0.00850515
internal_weight=4199 2073 320 2126 557 1569 502 174 1753 889 669 220 383 149 161 294 69 66 174 95 116 174 97
internal_count=4199 2073 320 2126 557 1569 502 174 1753 889 669 220 383 149 161 294 69 66 174 95 116 174 97
cat_boundaries=0 1 2 3 4 5
cat_threshold=156 136 64 2 8
is_linear=0
shrinkage=0.05


Tree=12
num_leaves=24
num_cat=0
split_feature=7 5 7 10 5 5 14 36 16 10 5 5 14 11 16 5 16 8 4 10 5 9 11
split_gain=30.8011 15.6693 4.27711 2.70802 2.6573 2.4991 2.29582 2.28274 1.78658 2.02607 1.64827 1.46181 1.6743 1.45734 1.43229 1.42735 1.4875 1.34903 1.31526 1.29687 1.25811 1.62264 1.20393
threshold=1.5000000000000002 0.76343305541321171 2.5000000000000004 2.5000000000000004 0.69592446294074228 0.9106620114836339 29990.947335234971 0.27177903504360373 1.4758333333333338 1.5000000000000002 0.52541672543949758 0.82102913517071141 11568.323244218222 1.0584402953290251 1.756416666666667 0.8453298642714665 1.4758333333333338 1.0000000180025095e-35 1.0000000180025095e-35 2.5000000000000004 0.80864045418109476 7731.3505353129776 1.0099408151689924
decision_type=2 2 2 2 2 2 2 2 2 2 2 2 2 2 2 2 2 2 2 2 2 2 2
left_child=1 10 4 5 14 7 8 15 9 -7 -1 12 -4 -5 -2 16 -3 -8 -12 22 21 -18 -13
right_child=2 3 11 13 -6 6 17 -9 -10 -11 18 19 -14 -15 -16 -17 20 -19 -20 -21 -22 -23 -24
leaf_value=-0.0094466928990751663 -0.00044440527136863919 0.0019212209552086801 -0.0030978233335043934 -0.010477810826631684 0.0025828214176231157 0.0097239335680267339 -0.0023152954344247607 0.0032439002095266292 -0.00072805409282280522 -0.0021188418411335398 -0.006653341424175202 0.0096123296784589307 0.0034054722242705007 -0.0022054381507618653 -0.0046425801019346928 -0.0060912543161034732 -0.0020966266318774131 0.0029288756385462134 -0.0031293378200505429 -0.00022107336586769111 -0.0022852555845350622 -0.010011049355816115 0.020023836538789631
leaf_weight=125 64 85 20 68 597 97 1186 23 263 46 303 451 170 54 24 183 36 107 131 33 75 35 23
leaf_count=125 64 85 20 68 597 97 1186 23 263 46 303 451 170 54 24 183 36 107 131 33 75 35 23
internal_value=-0.00144677 -0.00444622 0.00466715 -0.00259079 0.00186131 -0.00217697 -0.00130959 -0.0055492 0.00197044 0.00646853 -0.011941 0.00742468 0.00368421 -0.00983607 -0.00625 -0.00640097 -0.00378788 -0.00233952 -0.0104839 0.00882643 -0.00684932 -0.0116197 0.00949367
internal_weight=4199 2817 1382 2258 685 2136 1699 437 406 143 559 697 190 122 88 414 231 1293 434 507 146 71 474
internal_count=4199 2817 1382 2258 685 2136 1699 437 406 143 559 697 190 122 88 414 231 1293 434 507 146 71 474
is_linear=0
shrinkage=0.05


Tree=13
num_leaves=24
num_cat=5
split_feature=0 5 0 0 7 7 0 0 5 7 5 7 7 5 7 5 5 7 7 15 15 7 2
split_gain=523.432 33.6009 35.0505 24.1889 14.9334 5.28705 6.29048 4.87029 7.89634 4.38463 3.1016 3.13019 2.6109 2.38261 2.31818 1.92308 1.89344 1.86207 1.60848 1.41005 1.40006 1.35838 1.22895
threshold=0 0.72497800467145923 1 2 1.5000000000000002 1.5000000000000002 3 4 0.86607280868335701 1.5000000000000002 0.84976300489942436 1.5000000000000002 1.0000000180025095e-35 1.0392119347815225 1.0000000180025095e-35 0.60620533040346569 0.60620533040346569 2.5000000000000004 1.5000000000000002 97.533064151323813 49.275676341764047 2.5000000000000004 2035.5000000000002
decision_type=1 2 1 1 2 2 1 1 2 2 2 2 2 2 2 2 2 2 2 2 2 2 2
left_child=1 2 -1 4 12 -5 21 10 14 16 -3 -12 -2 18 -9 -11 -4 -6 -10 20 -14 22 -7
right_child=3 7 9 5 17 6 -8 8 13 15 11 -13 19 -15 -16 -17 -18 -19 -20 -21 -22 -23 -24
leaf_value=0.023941803984648964 -0.0055663924576646213 0.010536658883202033 -0.00904346782599268 -0.013960529468925998 -0.00028963048621686308 -0.002995343451126209 -0.0081458731908218233 0.003600814882593817 0.010878378022773623 -0.0029451726382870914 0.0026031920564190351 0.0090614976539244666 -0.00073841860843720244 0.034717916490524039 0.013294131089088458 0.0047601311063382003 -0.0023588632376306097 0.0032230959064994402 0.021261984806527624 0.00022518105127698474 -0.0049205158125224385 -0.00040360610893211695 -0.000380594645599458
leaf_weight=146 286 79 66 1067 87 67 341 123 242 26 239 113 40 712 107 26 56 87 138 31 26 66 28
leaf_count=146 286 79 66 1067 87 67 341 123 242 26 239 113 40 712 107 26 56 87 138 31 26 66 28
internal_value=-0.00145868 0.0163826 0.0015625 -0.0188436 -0.00939153 -0.0221184 -0.0180279 0.0191814 0.0208709 -0.0133152 0.0132086 0.0115057 -0.0150783 0.0228022 0.0126087 -0.00192308 -0.0192623 0.00258621 0.0196053 -0.00798969 -0.0121212 -0.00804094 -0.0123684
internal_weight=4199 2073 320 2126 557 1569 502 1753 1322 174 431 352 383 1092 230 52 122 174 380 97 66 161 95
internal_count=4199 2073 320 2126 557 1569 502 1753 1322 174 431 352 383 1092 230 52 122 174 380 97 66 161 95
cat_boundaries=0 1 2 3 4 5
cat_threshold=156 136 64 2 8
is_linear=0
shrinkage=0.05


Tree=14
num_leaves=24
num_cat=6
split_feature=0 5 0 0 7 0 7 0 7 7 5 0 7 5 7 7 19 2 7 15 15 2 5
split_gain=503.101 33.5393 31.7596 25.0842 14.148 5.6845 5.38714 5.98685 5.29777 5.04896 4.71834 8.81455 3.94516 2.35927 1.62882 1.35838 1.26799 1.22895 1.15857 1.13361 2.01019 1.55199 1.08089
threshold=0 0.72497800467145923 1 2 1.0000000180025095e-35 3 1.5000000000000002 4 1.5000000000000002 2.5000000000000004 1.0341220573097172 5 2.5000000000000004 0.60620533040346569 1.0000000180025095e-35 2.5000000000000004 1.0000000180025095e-35 2035.5000000000002 1.0000000180025095e-35 93.947874581071915 59.668990118102194 2036.5000000000002 0.98074084135780404
decision_type=1 2 1 1 2 1 2 1 2 2 2 1 2 2 2 2 2 2 2 2 2 2 2
left_child=1 2 18 4 -2 -3 -5 15 10 13 -7 -12 19 -4 -15 17 -13 -8 -1 20 21 -6 -10
right_child=3 5 9 6 12 8 7 -9 22 -11 11 16 -14 14 -16 -17 -18 -19 -20 -21 -22 -23 -24
leaf_value=0.023190407942987514 -0.0052880728347813877 0.27747520532724973 -0.0083556884805361786 -0.013262502995479698 0.00011267226745025339 0.0036764827483992571 -0.0028455762785699005 -0.0077385795312807319 0.0099107351252099088 0.0011209729026154802 0.020359647019506974 0.0034762649765235579 0.003061941111174471 -0.0028221438585102677 -0.00063541392269115269 -0.00038342580348551262 0.0020047294687617402 -0.00036156491331948426 0.022299019627845508 0.00021392199871313468 -0.0029820543676456093 -0.0027249749795493663 0.022397297044653298
leaf_weight=69 286 436 80 1067 55 386 67 341 172 25 330 22 87 42 27 66 142 28 77 61 39 29 265
leaf_count=69 286 436 80 1067 55 386 67 341 172 25 330 22 87 42 27 66 142 28 77 61 39 29 265
internal_value=-0.00158966 0.0159025 0.00109375 -0.018633 -0.0090388 0.0186965 -0.0219601 -0.0178287 0.0164846 -0.0130435 0.014375 0.0176113 -0.00101476 -0.0172819 -0.0105072 -0.00804094 0.0066092 -0.0123684 0.0176282 -0.00516304 -0.00792683 -0.00357143 0.0211098
internal_weight=4199 2073 320 2126 557 1753 1569 502 1317 174 880 494 271 149 69 161 164 95 146 184 123 84 437
internal_count=4199 2073 320 2126 557 1753 1569 502 1317 174 880 494 271 149 69 161 164 95 146 184 123 84 437
cat_boundaries=0 1 2 3 4 5 6
cat_threshold=156 136 64 128 2 20
is_linear=0
shrinkage=0.05


Tree=15
num_leaves=24
num_cat=6
split_feature=0 5 0 0 7 0 7 0 7 7 5 0 7 7 5 5 5 7 7 14 15 15 5
split_gain=477.196 32.8857 29.2606 24.1809 14.1066 7.24156 5.97338 7.56424 5.2391 4.66809 4.3742 6.6446 2.41733 2.2845 2.17359 2.07447 1.67054 2.1124 1.66092 1.38586 1.24963 1.64476 1.20871
threshold=0 0.72497800467145923 1 2 1.5000000000000002 3 1.0000000180025095e-35 4 1.0000000180025095e-35 1.5000000000000002 1.0324986184915215 5 1.0000000180025095e-35 2.5000000000000004 0.60620533040346569 0.57324090082199908 0.98375327317343808 2.5000000000000004 2.5000000000000004 34911.559038450992 97.533064151323813 49.275676341764047 0.79910182006429553
decision_type=1 2 1 1 2 1 2 1 2 2 2 1 2 2 2 2 2 2 2 2 2 2 2
left_child=1 2 -1 4 12 -3 -5 13 10 14 22 -12 -2 -8 -4 -11 17 -10 -6 -15 21 -14 -7
right_child=3 5 9 6 18 8 7 -9 16 15 11 -13 20 19 -16 -17 -18 -19 -20 -21 -22 -23 -24
leaf_value=0.021607478096145688 -0.0050236691930423188 0.26360144506088717 -0.0081735100106662406 -0.014014305532270337 -0.00025522691193921034 0.0010762223847668229 -0.0028840985390503229 -0.0085372882831463298 0.00437599639573259 -0.0044856008906100364 0.017513721379240833 0.0019456970112994743 -0.00062209533223451803 0.0017672236783936703 -0.0020998128828235651 0.0038581632179241821 0.019516455780776959 0.011911553386217355 0.0029088440556157449 -0.0013384154933133109 0.00020322589877747599 -0.0045253873035140365 0.0034926586109792937
leaf_weight=146 286 436 66 812 87 64 185 506 138 21 263 124 40 21 56 31 390 100 87 45 31 26 238
leaf_count=146 286 436 66 812 87 64 185 506 138 21 263 124 40 21 56 31 390 100 87 45 31 26 238
internal_value=-0.00158966 0.0154465 0.00078125 -0.0181882 -0.00877425 0.0182116 -0.0214535 -0.018395 0.015844 -0.0127717 0.0129536 0.0164729 -0.014295 -0.0098659 -0.0188525 -0.000961538 0.0192675 0.0159664 0.00287356 -0.00227273 -0.00747423 -0.0113636 0.00844371
internal_weight=4199 2073 320 2126 557 1753 1569 757 1317 174 689 387 383 251 122 52 628 238 174 66 97 66 302
internal_count=4199 2073 320 2126 557 1753 1569 757 1317 174 689 387 383 251 122 52 628 238 174 66 97 66 302
cat_boundaries=0 1 2 3 4 5 6
cat_threshold=156 136 64 128 2 20
is_linear=0
shrinkage=0.05


Tree=16
num_leaves=24
num_cat=7
split_feature=0 5 0 0 0 6 5 0 0 5 8 8 6 5 11 6 6 15 8 2 8 0 5
split_gain=455.947 32.0811 26.3465 25.9727 8.50368 7.85135 4.60197 10.5668 3.85088 3.66 3.25634 2.76304 2.64791 2.38443 1.58076 1.44103 1.34571 1.26279 1.69503 1.2468 1.22464 1.11893 3.1283
threshold=0 0.72497800467145923 1 2 3 1.0000000180025095e-35 0.96190403407743663 4 5 0.62850798343534187 1.0000000180025095e-35 1.0000000180025095e-35 1.0000000180025095e-35 1.084337575140127 1.030261720620439 1.0000000180025095e-35 1.0000000180025095e-35 73.532143063359925 1.0000000180025095e-35 2030.5000000000002 1.0000000180025095e-35 6 0.90242540787670034
decision_type=1 2 1 1 1 2 2 1 1 2 2 2 2 2 2 2 2 2 2 2 2 1 2
left_child=1 2 -1 5 -3 10 12 13 11 -4 14 15 21 -8 -2 -5 19 18 -7 -9 -11 22 -6
right_child=3 4 9 8 6 17 7 16 -10 20 -12 -13 -14 -15 -16 -17 -18 -19 -20 -21 -22 -23 -24
leaf_value=0.020527104191338404 -0.0039905638808101721 0.25042137280784282 -0.006149665445907177 -0.00657946952875757 0.0087274670467824781 -0.0033533038229041747 0.0082808947582807997 0.0010390956003293651 -0.012190391749546073 -0.0014625376346352832 -0.00060781385794331797 -0.0021817878885610625 0.0090888575306939234 0.024375053683519606 -0.0044300544756742336 -0.0024241413338619679 0.007533279069576993 0.0023516032597604322 0.0023238908403896866 0.0032765589369289807 0.0035083481198480483 0.0023444143154314426 0.00095005150225300767
leaf_weight=146 331 436 105 335 87 21 187 79 1064 46 102 136 86 412 33 34 35 36 34 162 23 231 38
leaf_count=146 331 436 105 335 87 21 187 79 1064 46 102 136 86 412 33 34 35 36 34 162 23 231 38
internal_value=-0.00154203 0.0151104 0.000625 -0.0177669 0.0178408 -0.00806878 0.0153542 0.0175714 -0.0211368 -0.0122283 -0.0108369 -0.016068 0.0113122 0.0213054 -0.0130495 -0.0186314 0.00839161 0.00521978 0.000454545 0.00736515 -0.00398551 0.00941011 0.0135185
internal_weight=4199 2073 320 2126 1753 557 1317 875 1569 174 466 505 442 599 364 369 276 91 55 241 69 356 125
internal_count=4199 2073 320 2126 1753 557 1317 875 1569 174 466 505 442 599 364 369 276 91 55 241 69 356 125
cat_boundaries=0 1 2 3 4 5 6 7
cat_threshold=156 136 64 128 20 2 8
is_linear=0
shrinkage=0.05


Tree=17
num_leaves=24
num_cat=1
split_feature=7 5 7 7 10 9 10 9 5 5 5 9 5 16 9 4 1 15 10 5 5 5 5
split_gain=35.0645 14.7096 5.45123 2.47036 2.45787 2.07528 2.01303 2.04179 1.9649 1.91525 1.59943 1.44899 1.48439 1.33056 1.72294 1.3658 1.31752 1.31008 1.25168 1.2004 1.29709 1.16816 1.89804
threshold=1.5000000000000002 0.73459936002505744 2.5000000000000004 1.0000000180025095e-35 3.5000000000000004 16838.300341101498 1.0000000180025095e-35 2397.3733418326406 0.69592446294074228 1.2286516858134353 1.5137990806277084 3923.3204996074787 1.294853711309133 3.485125 15565.808732800955 1.0000000180025095e-35 0 10.561263651809165 2.5000000000000004 0.81306325873261354 1.1523394282416142 1.395838970718613 1.4854173152328105
decision_type=2 2 2 2 2 2 2 2 2 2 2 2 2 2 2 2 1 2 2 2 2 2 2
left_child=1 -1 8 4 5 6 11 17 -2 19 -11 12 -3 14 15 -13 -4 -8 -5 -7 -21 -19 -23
right_child=2 3 16 18 -6 9 7 -9 -10 10 -12 13 -14 -15 -16 -17 -18 21 -20 20 -22 22 -24
leaf_value=-0.0054863325716561608 -0.0019686335669779455 0.00087386003870822961 0.0021918688205359417 0.00026281819246042336 -0.011926973182169384 -0.006104601303954205 0.0061126233047416713 -0.011858504429902855 0.0019921270457276207 0.00098714082031289298 -0.0092367728750928947 -0.00047450649868617805 0.022074140791229005 0.0055510368713575509 0.013749319669089766 -0.0049892602863816533 0.0061841706379589523 -0.0028588149480877458 -0.0023954516895611233 -0.0040586955371483711 -0.0075300712352318333 0.026978898678902952 -0.002659903502530531
leaf_weight=473 88 65 107 514 26 49 38 41 597 105 22 275 20 35 29 123 590 624 35 247 42 20 34
leaf_count=473 88 65 107 514 26 49 38 41 597 105 22 275 20 35 29 123 590 624 35 247 42 20 34
internal_value=-0.0014944 -0.00469471 0.00502894 -0.00307167 -0.00396936 -0.00374505 -0.00272239 -0.00439234 0.00186131 -0.0066129 -0.00137795 -0.000411335 0.00558824 -0.00151515 -0.00228337 -0.0031407 0.00814204 -0.00377095 -0.000136612 -0.00857988 -0.00735294 -0.00427729 0.00277778
internal_weight=4199 2817 1382 2344 1795 1769 1304 757 685 465 127 547 85 462 427 398 697 716 549 338 289 678 54
internal_count=4199 2817 1382 2344 1795 1769 1304 757 685 465 127 547 85 462 427 398 697 716 549 338 289 678 54
cat_boundaries=0 1
cat_threshold=4
is_linear=0
shrinkage=0.05


Tree=18
num_leaves=24
num_cat=5
split_feature=0 5 0 0 7 0 7 5 7 7 5 7 5 15 0 7 15 2 15 14 14 5 7
split_gain=435.265 30.4866 26.5898 21.8521 19.2288 9.96218 6.41087 5.7422 5.1361 4.81502 2.97619 2.76119 1.90922 2.72222 1.46259 1.35059 1.3451 1.23925 1.21691 1.54471 1.18294 1.18202 1.16501
threshold=0 0.71283530371631154 1 2 1.0000000180025095e-35 3 1.5000000000000002 1.1984608579909508 2.5000000000000004 2.5000000000000004 0.55782275054609032 2.5000000000000004 0.79910182006429553 82.182338216230434 4 1.0000000180025095e-35 79.177087869923426 2034.5000000000002 130.62896412211828 95974.252668371584 17090.21370564065 0.62209009350254196 2.5000000000000004
decision_type=1 2 1 1 2 1 2 2 2 2 2 2 2 2 1 2 2 2 2 2 2 2 2
left_child=1 3 4 15 -2 -3 7 12 14 10 -5 -4 13 -7 -6 -1 21 -14 19 -16 -13 -12 -8
right_child=2 5 11 9 8 6 22 -9 -10 -11 16 20 17 -15 18 -17 -18 -19 -20 -21 -22 -23 -24
leaf_value=0.033266919538117772 -0.0058229574272295921 0.23729538895160485 -0.012555482138661984 -0.0077126193917925051 -0.00066707746522212403 0.0029582431840879443 0.0096051715120466959 0.018122253676444666 0.00080440469557350189 0.00061260088497032687 -0.0050917057780596273 -0.00360687335073418 0.0041106007749466822 -0.0010033751833191885 -0.0028380595403384476 0.038236388317770847 -0.00084205288797395981 0.0046253810616945336 -0.0036038131854086775 0.00017106077545674949 -0.0051804156462415931 -0.0013116975600379111 0.015137213568209008
leaf_weight=64 540 439 883 56 184 54 210 258 153 22 24 35 333 27 126 72 27 217 27 32 146 33 237
leaf_count=64 540 439 883 56 184 54 210 258 153 22 24 35 333 27 126 72 27 217 27 32 146 33 237
internal_value=-0.00137533 0.0148944 -0.0172285 0.000167785 -0.011334 0.0174507 0.0148588 0.0125141 -0.0045977 -0.0119186 -0.0160714 -0.0229516 0.00994453 0.00277778 -0.00779133 0.0143836 -0.010119 0.011 -0.0108974 -0.00981013 -0.0175414 -0.0144737 0.0198546
internal_weight=4199 2073 2126 298 1062 1775 1336 889 522 162 140 1064 631 81 369 136 84 550 185 158 181 57 447
internal_count=4199 2073 2126 298 1062 1775 1336 889 522 162 140 1064 631 81 369 136 84 550 185 158 181 57 447
cat_boundaries=0 1 2 3 4 5
cat_threshold=156 66 136 128 64
is_linear=0
shrinkage=0.05


Tree=19
num_leaves=24
num_cat=5
split_feature=0 5 0 0 7 0 5 0 7 7 5 7 7 5 7 5 5 7 9 7 16 14 7
split_gain=408.571 31.4876 27.377 19.3892 17.6827 12.902 8.45747 7.83101 5.04338 5.00915 4.95405 4.21322 3.3748 2.80367 2.49638 2.27617 2.14603 1.94087 1.56277 1.54142 1.47561 1.34229 1.34183
threshold=0 0.72497800467145923 1 2 1.0000000180025095e-35 3 0.96190403407743663 4 2.5000000000000004 2.5000000000000004 0.88677049098292526 2.5000000000000004 2.5000000000000004 0.55782275054609032 2.5000000000000004 0.81700912784608037 1.1246321737264284 1.0000000180025095e-35 7731.3505353129776 1.0000000180025095e-35 1.0000000180025095e-35 82210.281270887281 1.0000000180025095e-35
decision_type=1 2 1 1 2 1 2 1 2 2 2 2 2 2 2 2 2 2 2 2 2 2 2
left_child=1 3 4 17 -2 10 7 -7 13 -6 -3 15 -4 -5 20 18 22 -1 -9 -15 -12 -17 -8
right_child=2 5 12 8 9 6 16 11 -10 -11 14 -13 -14 19 -16 21 -18 -19 -20 -21 -22 -23 -24
leaf_value=0.018535129083140856 -0.0055318095558681115 0.0085246392350791355 -0.011927708031728886 -0.0073269884222028825 -0.0015907573160091561 0.1679433850329807 0.0097580795848248528 0.0014419045783740814 0.00067599418762275269 0.00076418446079482569 0.0035847444580313862 0.0096737502528661326 -0.004847060717574226 -0.0034303293155552501 0.007727507846884224 0.0028250523058848346 0.032662634303675268 0.016856311584292551 -0.0010132248373523889 -0.00055940794937023861 0.0015306253989514019 0.0046516591374305086 0.020154571416146058
leaf_weight=69 540 101 883 56 369 138 203 44 25 153 29 52 181 56 54 99 524 77 33 37 247 59 170
leaf_count=69 540 101 883 56 369 138 203 44 25 153 29 52 181 56 54 99 524 77 33 37 247 59 170
internal_value=-0.00156585 0.0141983 -0.0169242 -0.00015625 -0.0109608 0.0168996 0.0193694 0.0137059 -0.0111413 -0.00450192 0.00867347 0.00799663 -0.0227188 -0.0152685 0.00590909 0.00542553 0.0222687 0.0128205 -0.00162338 -0.00994624 0.00398551 0.00886076 0.01937
internal_weight=4199 2073 2126 320 1062 1753 1322 425 174 522 431 287 1064 149 330 235 897 146 77 93 276 158 373
internal_count=4199 2073 2126 320 1062 1753 1322 425 174 522 431 287 1064 149 330 235 897 146 77 93 276 158 373
cat_boundaries=0 1 2 3 4 5
cat_threshold=156 66 136 8 128
is_linear=0
shrinkage=0.05


Tree=20
num_leaves=24
num_cat=0
split_feature=7 5 7 10 7 14 11 10 2 9 18 17 2 10 11 18 5 5 2 4 5 5 14
split_gain=32.3948 12.8554 3.73615 2.33818 2.17493 2.12218 1.88969 1.74293 2.95139 2.27604 2.19025 2.01594 2.12086 1.73641 2.95282 2.08292 1.84615 1.56364 1.88309 1.48785 1.4799 1.44136 1.35048
threshold=1.5000000000000002 0.73058996066088322 2.5000000000000004 3.5000000000000004 1.0000000180025095e-35 42045.363670888539 1.5183890241915792 1.0000000180025095e-35 2038.5000000000002 4037.04472413953 1.0000000180025095e-35 73.879583333333343 2031.5000000000002 1.5000000000000002 1.008575700215985 1.0000000180025095e-35 1.0921227308458137 1.2070788346600592 2032.5000000000002 1.0000000180025095e-35 0.78493427256843895 1.2252164419808278 27558.186542338477
decision_type=2 2 2 2 2 2 2 2 2 2 2 2 2 2 2 2 2 2 2 2 2 2 2
left_child=1 -1 7 4 5 13 20 9 10 -2 -9 17 -13 15 -15 16 -3 18 -12 -16 -4 -7 -20
right_child=2 3 6 -5 -6 21 -8 8 -10 -11 11 12 -14 14 19 -17 -18 -19 22 -21 -22 -23 -24
leaf_value=-0.0048233077554828757 0.010806307539408023 0.00029711750277427453 0.00064267678906136942 -0.0072335232232054129 -3.8265626746430972e-05 -0.0032941550475307363 0.012448819843246813 0.0046695193771539361 0.010803573998158796 0.0015774585731957004 -0.0036259202208255127 0.0044001892531225443 -0.0023598394716976391 -0.0065939538221861443 -0.0034672773906154531 -0.00079756382779344603 0.011321612561793794 0.0021487466410534395 -0.004611779146539932 0.0044700610877092652 0.0061241371509352721 -0.0014922177296762596 0.0010446707666446231
leaf_weight=464 25 24 154 37 540 854 20 35 34 354 47 51 57 91 65 379 26 30 20 30 523 307 32
leaf_count=464 25 24 154 37 540 854 20 35 34 354 47 51 57 91 65 379 26 30 20 30 523 307 32
internal_value=-0.0014944 -0.00457047 0.00477569 -0.00307055 -0.00287133 -0.00371622 0.00735294 0.00215328 -0.000653595 0.00441953 -0.00238971 -0.00411392 0.000925926 -0.00134146 -0.00537634 0.000407925 0.01 -0.00833333 -0.0113636 0.000789474 0.00690547 -0.00497416 -0.00480769
internal_weight=4199 2817 1382 2353 2316 1776 697 685 306 379 272 237 108 615 186 429 50 129 99 95 677 1161 52
internal_count=4199 2817 1382 2353 2316 1776 697 685 306 379 272 237 108 615 186 429 50 129 99 95 677 1161 52
is_linear=0
shrinkage=0.05


Tree=21
num_leaves=24
num_cat=4
split_feature=0 0 5 0 7 7 5 7 7 7 5 15 5 0 7 5 15 15 11 16 5 6 2
split_gain=396.233 29.3003 37.8666 27.2139 15.4565 6.7801 5.89959 5.67301 4.02409 3.14044 2.54401 2.0984 1.84211 1.4948 1.46338 1.34162 1.28489 1.30893 1.20038 0.99093 1.07175 0.969231 0.966208
threshold=0 1 0.68072289182799695 2 1.0000000180025095e-35 1.5000000000000002 1.1849080813926278 1.0000000180025095e-35 2.5000000000000004 1.5000000000000002 0.79910182006429553 47.558904382907706 1.0503106425183286 3 2.5000000000000004 0.97590027831923531 130.62896412211828 53.223471724376004 1.0658627846080646 1.4758333333333338 1.1153207202073521 1.0000000180025095e-35 2038.5000000000002
decision_type=1 1 2 1 2 2 2 2 2 2 2 2 2 1 2 2 2 2 2 2 2 2 2
left_child=1 -1 7 4 12 6 10 -3 13 -5 11 -4 -2 22 -9 -7 17 -15 19 20 -12 -19 -6
right_child=3 2 5 9 8 15 -8 14 -10 -11 18 -13 -14 16 -16 -17 -18 21 -20 -21 -22 -23 -24
leaf_value=0.2052797690271996 -0.004616540027006808 -0.005954282876623973 0.0029690411867497324 -0.012031477326450785 -0.00049805314675481222 0.0064083802747697434 0.015604405869797111 -0.0015605860054831639 0.00055626366204895026 -0.0054059364269534119 0.0038236821794808474 -0.00050813966406142998 -0.0056497790478003303 -0.0029472518204787914 0.00061006063878855661 0.016935650257613535 -0.0035640941229939161 -2.9875187548630835e-05 0.0059357937733164334 0.0033165888122375421 0.0056034366456452107 -0.0023399002292786159 -0.0011636059706984004
leaf_weight=507 312 100 47 723 162 187 272 68 153 341 151 58 228 78 25 273 27 52 33 315 37 28 22
leaf_count=507 312 100 47 723 162 187 272 68 153 341 151 58 228 78 25 273 27 52 33 315 37 28 22
internal_value=-0.00154203 0.0139822 0.0104378 -0.0166667 -0.0107276 0.0134195 0.0109255 -0.0102332 -0.00469349 -0.0224395 0.00830733 0.00119048 -0.0167593 -0.00752033 -0.00134409 0.0183696 -0.010641 -0.00949367 0.00970149 0.00909543 0.0119681 -0.005 -0.00360825
internal_weight=4199 2073 1566 2126 1062 1373 913 193 522 1064 641 105 540 369 93 460 185 158 536 503 188 80 184
internal_count=4199 2073 1566 2126 1062 1373 913 193 522 1064 641 105 540 369 93 460 185 158 536 503 188 80 184
cat_boundaries=0 1 2 3 4
cat_threshold=156 128 66 64
is_linear=0
shrinkage=0.05


Tree=22
num_leaves=24
num_cat=5
split_feature=0 0 0 7 7 7 0 0 11 7 14 19 7 2 14 15 7 14 9 11 15 9 9
split_gain=382.893 30.6129 28.025 10.6227 8.90889 8.51854 5.70817 1.94976 1.75923 1.53323 1.54907 1.46817 1.38384 1.29002 1.22538 2.37711 1.21839 1.15796 1.55985 1.11043 1.14635 1.09156 1.39614
threshold=0 1 2 1.5000000000000002 1.5000000000000002 1.0000000180025095e-35 3 4 1.204791514178712 2.5000000000000004 19750.088561872057 1.0000000180025095e-35 2.5000000000000004 2037.5000000000002 162339.23336334041 131.36459438466377 1.0000000180025095e-35 85976.077689391241 21886.336938882338 0.0057297267669503367 34.273571883916226 11537.193013450045 13884.561772756344
decision_type=1 1 1 2 2 2 1 1 2 2 2 2 2 2 2 2 2 2 2 2 2 2 2
left_child=1 -1 4 7 16 -4 -7 17 11 10 -5 -9 -8 -6 15 -13 -2 18 21 -14 -21 -3 -23
right_child=2 3 5 9 13 6 12 8 -10 -11 -12 14 19 -15 -16 -17 -18 -19 -20 20 -22 22 -24
leaf_value=0.19501578057583965 -0.0034967310685847797 0.0038799589030215353 -0.010724219166315403 0.0018541716740175741 0.0016591872012864718 -0.0018178636942602078 -0.0072700956797841281 0.0023730963601631518 0.0028162553526591919 0.011450409901785686 0.0069808071815554932 0.00076882651850155312 -0.0047756049476966773 -0.001069424640022576 0.0044467433620865695 -0.0023538989412725145 -0.0011378943513930429 0.005252968258166746 -0.00074065458376356699 -0.0030543241402135827 -0.0046171858711277717 0.010060897280089487 0.0037513357263427197
leaf_weight=507 286 374 812 38 138 251 325 44 21 269 213 216 91 36 21 29 97 238 41 39 51 21 41
leaf_count=507 286 374 812 38 138 251 325 44 21 269 213 216 91 36 21 29 97 238 41 39 51 21 41
internal_value=-0.0014944 0.0137662 -0.0163624 0.0101523 -0.0063933 -0.0198385 -0.0161493 0.00731358 0.003739 0.0160577 0.013247 0.00290323 -0.0192829 0.00287356 0.00150376 0.000510204 -0.0107702 0.0087931 0.00749476 -0.0161602 -0.0122222 0.00837156 0.0145161
internal_weight=4199 2073 2126 1566 557 1569 757 1046 331 520 251 310 506 174 266 245 383 715 477 181 90 436 62
internal_count=4199 2073 2126 1566 557 1569 757 1046 331 520 251 310 506 174 266 245 383 715 477 181 90 436 62
cat_boundaries=0 1 2 3 4 5
cat_threshold=156 128 64 2 20
is_linear=0
shrinkage=0.05


Tree=23
num_leaves=24
num_cat=4
split_feature=0 0 5 0 7 7 5 7 7 5 7 5 2 9 1 5 5 9 5 11 9 5 5
split_gain=356.824 34.0793 37.9198 27.4285 14.3403 6.894 7.65162 4.85115 3.37424 3.29035 3.22248 2.25156 1.85864 1.70305 1.67352 1.75277 1.54228 1.51508 1.35363 1.30231 1.29055 1.2271 1.07777
threshold=0 1 0.68072289182799695 2 1.0000000180025095e-35 1.5000000000000002 1.1849080813926278 1.5000000000000002 2.5000000000000004 0.79910182006429553 1.0000000180025095e-35 1.0503106425183286 2029.5000000000002 7731.3505353129776 3 0.95989162001894435 0.73459936002505744 13320.461549423691 0.92692011529563423 0.45809776875297853 1576.3889885512183 0.95989162001894435 0.72126337994860246
decision_type=1 1 2 1 2 2 2 2 2 2 2 2 2 2 1 2 2 2 2 2 2 2 2
left_child=1 -1 10 4 11 6 9 -5 -6 13 -3 -2 -12 16 15 18 -4 -9 20 -14 -11 22 -7
right_child=3 2 5 7 8 21 -8 17 -10 14 12 -13 19 -15 -16 -17 -18 -19 -20 -21 -22 -23 -24
leaf_value=0.18526499154704767 -0.0039661323417467418 -0.0058493377658000974 -0.0020341835276191295 -0.010908883808539206 -0.0014358188694363339 0.0062123250879569051 0.01468825802404114 -0.0045594331010589406 0.00044549111888217977 0.0014437469592458287 0.002963942677313969 -0.0049476541209433015 -0.0023774509426760962 -0.00068082211069719347 0.0024065576896836194 0.0059856502876700912 0.0029492522374622299 -0.006280467032366008 -0.00074426085176120265 7.0371117598444503e-06 0.0048411648257523088 0.01541362174144555 0.0056554505097472403
leaf_weight=507 312 100 22 723 369 20 272 255 153 31 27 228 45 41 322 128 42 86 20 21 35 286 154
leaf_count=507 312 100 22 723 369 20 272 255 153 31 27 228 45 41 322 128 42 86 20 21 35 286 154
internal_value=-0.00151822 0.0132141 0.00942259 -0.0158708 -0.0099347 0.0123999 0.00988499 -0.021648 -0.00411877 0.00690328 -0.0112694 -0.0157407 -0.00456989 -0.00119048 0.00848881 0.0119159 0.00390625 -0.0169355 0.00639535 -0.00909091 0.00984848 0.0173913 0.0140805
internal_weight=4199 2073 1566 2126 1062 1373 913 1064 522 641 193 540 93 105 536 214 64 341 86 66 66 460 174
internal_count=4199 2073 1566 2126 1062 1373 913 1064 522 641 193 540 93 105 536 214 64 341 86 66 66 460 174
cat_boundaries=0 1 2 3 4
cat_threshold=156 128 66 2
is_linear=0
shrinkage=0.05


Tree=24
num_leaves=24
num_cat=4
split_feature=0 0 5 0 7 0 5 5 7 5 7 7 7 5 2 9 7 5 2 14 14 9 9
split_gain=341.387 35.1662 32.5723 28.4946 14.3876 6.95183 18.6317 8.59192 5.58173 5.4711 4.49156 3.01425 2.78159 1.88439 1.58358 1.42977 1.70242 1.33494 1.27423 1.1489 1.10032 1.04725 1.02827
threshold=0 1 0.68072289182799695 2 1.0000000180025095e-35 3 1.1246321737264284 0.81700912784608037 1.5000000000000002 0.88677049098292526 1.5000000000000002 1.0000000180025095e-35 2.5000000000000004 1.0503106425183286 2030.5000000000002 7371.5773109965767 1.0000000180025095e-35 1.4590833241574643 2036.5000000000002 36433.74504910368 85976.077689391241 20717.736914900506 13320.461549423691
decision_type=1 1 2 1 2 1 2 2 2 2 2 2 2 2 2 2 2 2 2 2 2 2 2
left_child=1 -1 11 4 13 6 7 15 -5 18 20 -3 -6 -2 -13 19 -17 -11 -7 -4 21 -9 -10
right_child=3 2 5 8 12 9 -8 10 22 17 -12 14 -14 -15 -16 16 -18 -19 -20 -21 -22 -23 -24
leaf_value=0.17600174196969529 -0.0037678257246594074 -0.0055568708775100952 -0.00043593053889334765 -0.010363439618112247 -0.0013640279259645172 0.0076314812781347885 0.020694676320296375 0.0030762085543881825 -0.0043314614460059908 0.0012696580933613201 0.0086737751389250727 0.00094565295418151956 0.0004232165629380669 -0.0047002714148961346 -0.0019857556922714017 -0.00093285028390517892 2.6301489935609546e-05 -0.001949720234913488 0.0019489482381267688 0.0029537834258761332 0.0042771778904526492 -0.0010928537647224123 -0.00596644368074771
leaf_weight=507 312 100 32 723 369 88 350 173 255 304 150 33 153 228 60 30 25 26 34 36 100 25 86
leaf_count=507 312 100 32 723 369 88 350 173 255 304 150 33 153 228 60 30 25 26 34 36 100 25 86
internal_value=-0.00136342 0.0130461 0.00920051 -0.0154026 -0.009375 0.0119629 0.0144737 0.00906305 -0.0212756 0.00638528 0.0122768 -0.00997409 -0.00354406 -0.0151852 -0.00349462 -0.00264228 -0.00863636 0.00318182 0.0155738 0.00220588 0.00872483 0.00656566 -0.0162023
internal_weight=4199 2073 1566 2126 1062 1373 921 571 1064 452 448 193 522 540 93 123 55 330 122 68 298 198 341
internal_count=4199 2073 1566 2126 1062 1373 921 571 1064 452 448 193 522 540 93 123 55 330 122 68 298 198 341
cat_boundaries=0 1 2 3 4
cat_threshold=156 128 66 20
is_linear=0
shrinkage=0.05


Tree=25
num_leaves=24
num_cat=5
split_feature=0 0 5 0 7 0 5 5 7 5 7 0 7 36 5 7 7 4 2 11 9 7 5
split_gain=330.146 36.2681 30.1088 29.29 13.502 7.0177 18.2122 8.2106 6.01585 4.89702 4.07905 3.06343 2.58938 2.10059 2.01413 1.83853 1.70983 1.59257 1.484 1.48378 1.42977 1.70242 1.42954
threshold=0 1 0.68072289182799695 2 1.0000000180025095e-35 3 1.1246321737264284 0.81700912784608037 1.0000000180025095e-35 0.88677049098292526 1.5000000000000002 4 1.5000000000000002 0.027818898528645858 1.0503106425183286 2.5000000000000004 2.5000000000000004 1.0000000180025095e-35 2036.5000000000002 0.0011970769294041516 7371.5773109965767 1.0000000180025095e-35 0.51653639921929895
decision_type=1 1 2 1 2 1 2 2 2 2 2 1 2 2 2 2 2 2 2 2 2 2 2
left_child=1 -1 12 4 14 6 7 20 -5 18 -9 13 22 15 -2 17 -10 -6 -7 -18 -4 -22 -3
right_child=3 2 5 8 11 9 -8 10 16 -11 -12 -13 -14 -15 -16 -17 19 -19 -20 -21 21 -23 -24
leaf_value=0.16720165487121053 -0.0035794344384264378 -0.0085012129621066159 0.0007702101932457406 -0.010792244384428586 -0.0010872951700402367 0.0072499072142280466 0.019659942504281554 0.0030467072751774018 -0.0060440600574692641 0.00097043380392951577 0.0082400863819788225 -0.0017547815942724533 -0.00022179908152992757 0.002401911331794715 -0.0044652578441513272 0.0016644814059809999 -0.0039244791646561583 0.00033943649186983786 0.0018515008262204313 -0.0037299754289604027 -0.00088620776970991806 2.4986415438832401e-05 -0.0026668324471370354
leaf_weight=507 312 40 68 558 115 88 350 298 325 330 150 251 60 24 228 79 87 53 34 94 30 25 93
leaf_count=507 312 40 68 558 115 88 350 298 325 330 150 251 60 24 228 79 87 53 34 94 30 25 93
internal_value=-0.00129197 0.0128781 0.00897843 -0.0150983 -0.00900187 0.0116351 0.0141515 0.00880035 -0.0210428 0.00606061 0.011942 -0.00335249 -0.00945596 0.00044484 -0.0146296 -0.000910931 -0.0172925 -0.00386905 0.0147541 -0.0133978 -0.00264228 -0.00863636 -0.0133459
internal_weight=4199 2073 1566 2126 1062 1373 921 571 1064 452 448 522 193 271 540 247 506 168 122 181 123 55 133
internal_count=4199 2073 1566 2126 1062 1373 921 571 1064 452 448 522 193 271 540 247 506 168 122 181 123 55 133
cat_boundaries=0 1 2 3 4 5
cat_threshold=156 128 66 20 64
is_linear=0
shrinkage=0.05


Tree=26
num_leaves=24
num_cat=6
split_feature=0 0 0 5 0 7 5 7 0 5 7 0 5 7 7 5 4 7 5 7 6 5 10
split_gain=315.816 36.451 28.1962 27.8768 13.7264 13.0772 10.1408 6.87851 6.65172 5.03222 4.56727 2.76458 2.49201 2.26875 2.26782 2.20353 1.95267 1.93727 1.69013 2.42382 1.62852 1.37751 1.32718
threshold=0 1 2 0.81306325873261354 3 1.0000000180025095e-35 1.1374106219301641 1.0000000180025095e-35 4 0.51653639921929895 1.5000000000000002 5 0.90242540787670034 2.5000000000000004 2.5000000000000004 1.0392119347815225 1.0000000180025095e-35 2.5000000000000004 0.71283530371631154 1.0000000180025095e-35 1.0000000180025095e-35 1.449774343129308 1.5000000000000002
decision_type=1 1 1 2 1 2 2 2 1 2 2 1 2 2 2 2 2 2 2 2 2 2 2
left_child=1 -1 5 8 6 15 10 -4 13 -10 -5 17 -6 18 -9 -2 -11 -7 19 -3 21 -14 -16
right_child=2 3 7 4 12 11 -8 14 9 16 -12 -13 20 -15 22 -17 -18 -19 -20 -21 -22 -23 -24
leaf_value=0.15884157212764999 -0.0033615475816298843 -0.0027746494847756542 -0.010252632165207155 0.0028943719114185307 0.0046457821266306714 -0.00040313715955263567 0.018817786700035699 -0.0057418570545958005 -0.0072169791328729974 -0.0011877189974412673 0.0078740683208583916 -0.001667042514558831 0.00068307352001818484 0.0083383911754177035 -0.0038464900719217101 -0.0042419949519437615 0.00031127139413950902 0.0018684396935096826 0.0070740900229073313 0.0024586966162695903 0.0043343311402001261 -0.0019564378367754767 -0.0016624870662265145
leaf_weight=507 302 32 558 310 65 184 331 325 45 158 158 251 253 24 134 238 58 87 38 26 42 26 47
leaf_count=507 302 32 558 310 65 184 331 325 45 158 158 251 253 24 134 238 58 87 38 26 42 26 47
internal_value=-0.00119671 0.012662 -0.0147004 0.00875635 0.0125949 -0.00872201 0.0162855 -0.0205307 -0.00295276 -0.00728782 0.0117521 -0.00316092 0.00441919 0.00653846 -0.016502 -0.0142593 -0.00439815 0.00044484 0.00364583 -0.00172414 0.00272586 0.00134409 -0.0120166
internal_weight=4199 2073 2126 1566 1185 1062 799 1064 381 261 468 522 386 120 506 540 216 271 96 58 321 279 181
internal_count=4199 2073 2126 1566 1185 1062 799 1064 381 261 468 522 386 120 506 540 216 271 96 58 321 279 181
cat_boundaries=0 1 2 3 4 5 6
cat_threshold=156 128 66 20 8 64
is_linear=0
shrinkage=0.05


Tree=27
num_leaves=24
num_cat=5
split_feature=0 0 0 5 7 0 5 7 5 7 5 7 0 5 2 14 7 5 14 15 5 14 11
split_gain=308.763 36.0004 28.7159 25.0804 12.4381 7.45074 16.0205 7.21015 6.45659 4.83433 3.56471 2.36655 2.34613 2.14295 1.78749 1.5645 1.52026 1.38098 1.37565 2.43 1.29865 2.18685 1.26061
threshold=0 1 2 0.68072289182799695 1.0000000180025095e-35 3 1.1672731239108303 1.5000000000000002 0.81700912784608037 1.5000000000000002 0.88415018194986472 1.0000000180025095e-35 4 1.0392119347815225 2036.5000000000002 16049.574822509099 2.5000000000000004 1.449774343129308 39654.038758713657 30.123502613179962 0.9297071399625868 74035.898188752253 1.0002257201636719
decision_type=1 1 1 2 2 1 2 2 2 2 2 2 1 2 2 2 2 2 2 2 2 2 2
left_child=1 -1 4 11 13 6 8 -4 -5 -10 -7 -3 14 -2 15 -6 17 -12 19 -17 -20 -22 -9
right_child=2 3 7 5 12 10 -8 22 9 -11 16 -13 -14 -15 -16 18 -18 -19 20 -21 21 -23 -24
leaf_value=0.1508994935212675 -0.0031934702025483903 -0.0047683644109050329 -0.0088703879749646442 -0.00013929076962286848 0.0025001641180418619 0.0054785045195249078 0.018425660164034362 -0.0039286713232748131 0.0030405238998954757 0.0080101226284356123 0.00063393666664463 -0.00059268530366920482 -0.0015836903888308885 -0.004029895204346573 -0.0010127735535605919 0.00088218438594574742 0.0047509663256904318 -0.0019877181403753666 0.0020106930411831316 -0.0022353675443042703 0.0016211228603514984 -0.002132004971682408 -0.0032147022206123646
leaf_weight=507 302 100 723 123 30 120 299 301 332 167 251 93 251 238 77 20 55 26 45 30 21 48 40
leaf_count=507 302 100 723 123 30 120 299 301 332 167 251 93 251 238 77 20 55 26 45 30 21 48 40
internal_value=-0.00116099 0.012542 -0.0145131 0.00866117 -0.00848881 0.0110889 0.0136681 -0.0203911 0.00924437 0.0117735 0.00541126 -0.00816062 -0.00306513 -0.0138889 0.000266904 0.00283505 0.00286145 0.00135379 0.000914634 -0.006 0.00394737 -0.000362319 -0.0145894
internal_weight=4199 2073 2126 1566 1062 1373 921 1064 622 499 452 193 522 540 271 194 332 277 164 50 114 69 341
internal_count=4199 2073 2126 1566 1062 1373 921 1064 622 499 452 193 522 540 271 194 332 277 164 50 114 69 341
cat_boundaries=0 1 2 3 4 5
cat_threshold=156 128 66 20 64
is_linear=0
shrinkage=0.05


Tree=28
num_leaves=24
num_cat=5
split_feature=0 0 0 7 7 7 0 7 7 7 15 0 10 14 36 9 9 3 7 15 15 9 15
split_gain=292.223 36.5093 26.4713 11.8079 9.36048 8.72392 3.4727 2.66054 2.3314 2.04754 2.08824 1.94535 1.50543 1.30162 1.15805 1.15701 1.09583 1.51615 1.01035 1.16754 1.388 1.54649 0.991898
threshold=0 1 2 1.0000000180025095e-35 2.5000000000000004 1.0000000180025095e-35 3 2.5000000000000004 2.5000000000000004 1.0000000180025095e-35 96.555610848488513 4 1.5000000000000002 167285.73032906043 0.05862795281634519 43739.701289023906 18182.084045882915 1.0000000180025095e-35 1.0000000180025095e-35 69.413822433204857 84.451189777756809 3743.3427231533219 44.092760030381612
decision_type=1 1 1 2 2 2 1 2 2 2 2 1 2 2 2 2 2 2 2 2 2 2 2
left_child=1 -1 3 11 6 -4 9 -7 14 -3 16 15 -9 -12 -5 -2 17 -11 19 22 -21 -22 -8
right_child=2 4 5 8 -6 7 18 12 -10 10 13 -13 -14 -15 -16 -17 -18 -19 -20 20 21 -23 -24
leaf_value=0.14335451884520412 -0.0020834236103551285 0.0026860386168552131 -0.0092964811581985659 -0.001271098022743647 0.0091400434276709078 -0.0050801598701783086 0.0006172230106850419 -0.0034577320021618842 0.0005266383165610345 0.0036145550111370051 0.0097964997468054215 -0.0047080382999910826 -0.0014186276018845702 0.0047099720373141758 0.00026263712178345444 -0.0036242701925173317 0.00010701002999116139 0.0081668700874325869 0.0019870220099229784 -0.0020061208506146565 0.0043742983190187658 -0.00082255550104171071 0.0020198255651657339
leaf_weight=507 254 563 558 338 269 325 93 134 153 134 79 254 47 22 31 32 30 53 161 20 35 61 46
leaf_count=507 254 563 558 338 269 325 93 134 153 134 79 254 47 22 31 32 30 53 161 20 35 61 46
internal_value=-0.00114908 0.0121819 -0.0141386 -0.00834888 0.00828046 -0.0197858 0.00657286 -0.0152174 -0.00306513 0.00833333 0.0116352 -0.0136111 -0.0103591 0.0175743 -0.0052168 -0.00945946 0.00887097 0.0102941 0.00258216 0.000686275 -0.00301724 -0.000520833 0.00377698
internal_weight=4199 2073 2126 1062 1566 1064 1297 506 522 881 318 540 181 101 369 286 217 187 416 255 116 96 139
internal_count=4199 2073 2126 1062 1566 1064 1297 506 522 881 318 540 181 101 369 286 217 187 416 255 116 96 139
cat_boundaries=0 1 2 3 4 5
cat_threshold=156 128 66 20 64
is_linear=0
shrinkage=0.05


Tree=29
num_leaves=24
num_cat=1
split_feature=7 7 5 5 5 11 5 2 9 11 11 14 5 14 2 5 1 5 11 14 5 2 9
split_gain=28.9977 6.94358 6.60909 4.19142 2.2053 2.6376 2.14843 1.6208 1.58724 2.25688 2.02822 1.68379 1.55949 1.50115 1.38628 1.28617 1.22293 1.40119 1.19858 1.19568 1.17581 1.07601 1.06869
threshold=1.0000000180025095e-35 2.5000000000000004 0.6677617044747115 0.80864045418109476 0.9106620114836339 0.3548437248808704 0.6614825672723017 2029.5000000000002 17357.159624221244 1.0000000180025095e-35 0.0057297267669503367 10511.49437431208 0.51653639921929895 133343.17181013062 2027.5000000000002 0.82727239353578796 0 0.79910182006429553 1.3095605603620688 87655.739213096036 1.0264471337233452 2038.5000000000002 3181.0355538923268
decision_type=2 2 2 2 2 2 2 2 2 2 2 2 2 2 2 2 1 2 2 2 2 2 2
left_child=2 3 12 13 5 7 -3 22 9 11 -11 -6 -1 21 -10 -7 17 -9 20 -14 -8 -2 -4
right_child=1 6 4 -5 8 15 18 16 14 10 -12 -13 19 -15 -16 -17 -18 -19 -20 -21 -22 -23 -24
leaf_value=-0.0059096490547222774 -0.0016938458421167037 -0.00012104702408185509 -0.003355396952094439 0.00068224487137860115 0.010868793199111394 0.00038545985403452279 0.0023643255276409206 -0.0052803766885654918 -0.0038825037377899774 -0.0058997787161487909 -0.0019745338125470913 -0.0001634030504883255 -0.0026108310496531562 0.00050936796522472181 -0.0023804971940998344 -0.0030458369754236521 -0.0043935601964957827 -0.0032879157842233388 0.0049286431971892423 -0.0053419486558161818 0.0059123892277998195 0.00058373393472657133 -0.00077479451103900645
leaf_weight=81 219 75 20 1035 25 104 303 65 53 20 566 410 115 61 296 78 119 63 20 45 299 37 90
leaf_count=81 219 75 20 1035 25 104 303 65 53 20 566 410 115 61 296 78 119 63 20 45 299 37 90
internal_value=-0.00131579 0.00294046 -0.00537209 0.000850592 -0.00438711 -0.00709647 0.00699426 -0.00959384 -0.00332117 -0.00232615 -0.00435154 0.000402299 -0.0131743 -0.00417981 -0.00623209 -0.0021978 -0.0118421 -0.0152344 0.0079582 -0.0103125 0.00755814 -0.00585938 -0.00454545
internal_weight=4199 2049 2150 1352 1909 539 697 357 1370 1021 586 435 241 317 349 182 247 128 622 160 602 256 110
internal_count=4199 2049 2150 1352 1909 539 697 357 1370 1021 586 435 241 317 349 182 247 128 622 160 602 256 110
cat_boundaries=0 1
cat_threshold=1
is_linear=0
shrinkage=0.05


Tree=30
num_leaves=24
num_cat=0
split_feature=7 5 7 5 14 5 5 5 2 14 10 15 15 36 5 14 14 15 2 15 2 11 17
split_gain=25.7831 6.04022 5.93191 3.87323 2.15732 2.47478 1.9482 1.887 1.57532 2.13881 1.67162 1.49424 1.39157 1.32512 1.32164 1.45963 1.54534 2.07688 1.49943 1.35016 1.3317 1.31321 1.55954
threshold=1.0000000180025095e-35 0.6677617044747115 2.5000000000000004 0.80864045418109476 42045.363670888539 1.2252164419808278 1.1523394282416142 0.6614825672723017 2037.5000000000002 33136.586579554067 1.5000000000000002 140.63016145694462 37.956939061017628 0.61765480310855181 0.72497800467145923 180654.73601150259 72569.01347930466 77.527656457376409 2034.5000000000002 46.866759309991963 2030.5000000000002 1.3095605603620688 73.879583333333343
decision_type=2 2 2 2 2 2 2 2 2 2 2 2 2 2 2 2 2 2 2 2 2 2 2
left_child=1 -1 3 11 8 6 14 -4 9 13 12 -2 -11 -3 -6 16 18 -18 20 -20 -16 22 -9
right_child=2 4 7 -5 5 -7 -8 21 -10 10 -12 -13 -14 -15 15 -17 17 -19 19 -21 -22 -23 -24
leaf_value=-0.0041272876908058425 -0.0012277355120534517 -0.00059500893603227085 -0.00011499467287776622 0.00064813262780967224 -0.0051637629563013321 -0.00052576774877943213 -0.003178156487976461 0.0016819830403015158 -0.0029152301239770057 0.00026177108947663676 -0.0036020798783949707 0.00048981085292370001 0.0049022538062530102 -0.0029397424469668754 -0.0032277439696111855 -0.0037573558417808464 0.0017478521203344534 -0.0017643314976063308 -0.0037396648957751469 0.0017967456870057409 -0.0049636656994048213 0.0046822110373297759 0.0050674666323704655
leaf_weight=241 275 355 75 1035 59 311 92 263 148 30 27 42 43 67 81 29 77 419 34 71 66 20 339
leaf_count=241 275 355 75 1035 59 311 92 263 148 30 27 42 43 67 81 29 77 419 34 71 66 20 339
internal_value=-0.00126816 -0.00509302 0.00274524 0.000813609 -0.00415139 -0.00538741 -0.00668103 0.00649211 -0.00186567 -0.000574713 0.006 -0.00402208 0.00993151 -0.0021327 -0.00592105 -0.00537323 -0.00494652 -0.00332661 -0.00813492 -0.00357143 -0.0113946 0.0073955 0.00697674
internal_weight=4199 2150 2049 1352 1909 1239 928 697 670 522 100 317 73 422 836 777 748 496 252 105 147 622 602
internal_count=4199 2150 2049 1352 1909 1239 928 697 670 522 100 317 73 422 836 777 748 496 252 105 147 622 602
is_linear=0
shrinkage=0.05


Tree=31
num_leaves=24
num_cat=6
split_feature=0 0 0 5 7 7 0 5 5 5 5 7 5 0 7 0 7 7 16 10 14 9 11
split_gain=277.616 35.0194 27.4484 23.9237 9.24728 7.86612 7.46014 16.2647 6.42837 5.68189 3.37375 3.25463 2.2933 2.21449 1.98671 1.84967 1.75138 1.67265 1.59305 1.52156 1.41138 1.52381 1.2921
threshold=0 1 2 0.6677617044747115 1.0000000180025095e-35 1.0000000180025095e-35 3 1.1742771550500766 0.8683379809646673 0.52541672543949758 1.1016024789624379 1.5000000000000002 0.75151658956402845 4 1.0000000180025095e-35 5 2.5000000000000004 2.5000000000000004 1.4758333333333338 1.5000000000000002 16049.574822509099 357.03948594057988 1.0225362393198623
decision_type=1 1 1 2 2 2 1 2 2 2 2 2 2 1 2 1 2 2 2 2 2 2 2
left_child=1 9 4 14 12 -4 7 8 16 -1 22 -10 -2 20 -3 -14 -5 -7 -16 -19 21 -6 -8
right_child=2 3 5 6 13 17 10 -9 11 -11 -12 -13 15 -15 18 -17 -18 19 -20 -21 -22 -23 -24
leaf_value=-0.0015239693666295297 -0.0015571180665481189 -0.0044810034708344998 -0.0085648062863271281 -0.00016697491399007003 -0.0012384189840690452 -0.0048599481000596639 0.0031347740252468895 0.017571411134881643 0.0033500571661299328 0.14100364229740145 -8.2464566501072589e-05 0.0078512832812472066 -0.0023474423993823049 -0.001521312775120698 0.00069094827262475571 -0.0047736758436604937 0.0053951296408753513 -0.0036148636332410389 -0.0022023520636825556 -0.0017192858297909064 -0.00012649628742917308 0.0025516915399001585 0.0060639287989059047
leaf_weight=20 99 93 558 167 21 325 246 289 290 487 189 148 237 251 38 204 36 134 49 47 229 21 21
leaf_count=20 99 93 558 167 21 325 246 289 290 487 189 148 237 251 38 204 36 134 49 47 229 21 21
internal_value=-0.00124434 0.0117499 -0.0139045 0.00793147 -0.00802239 -0.0196462 0.0102092 0.012766 0.00846334 0.0231625 0.00461373 0.0118721 -0.0126852 -0.00335249 -0.00916667 -0.014229 0.00110837 -0.0153162 -0.00373563 -0.0114641 -8.8968e-05 0.00833333 0.00833333
internal_weight=4199 2073 2126 1566 1062 1064 1386 930 641 507 456 438 540 522 180 441 203 506 87 181 271 42 267
internal_count=4199 2073 2126 1566 1062 1064 1386 930 641 507 456 438 540 522 180 441 203 506 87 181 271 42 267
cat_boundaries=0 1 2 3 4 5 6
cat_threshold=156 128 66 20 64 64
is_linear=0
shrinkage=0.05


Tree=32
num_leaves=24
num_cat=6
split_feature=0 0 0 5 7 7 5 0 5 7 0 5 5 7 17 36 7 0 6 5 10 5 5
split_gain=260.497 35.2061 27.7934 20.8158 8.72957 8.65793 7.1695 15.2025 5.72257 4.85944 2.26124 2.2547 2.11272 1.96655 1.69798 1.56499 1.55394 1.36378 1.58629 1.33879 1.31211 1.24667 1.20912
threshold=0 1 2 0.6677617044747115 1.0000000180025095e-35 1.0000000180025095e-35 1.1776060574645986 3 0.55782275054609032 2.5000000000000004 4 1.1080825569437391 0.81700912784608037 1.5000000000000002 74.884166666666673 1.0131382581980766 2.5000000000000004 5 1.0000000180025095e-35 0.55782275054609032 1.5000000000000002 0.50361592300952374 1.2716120369759094
decision_type=1 1 1 2 2 2 2 1 2 2 1 2 2 2 2 2 2 1 2 2 2 2 2
left_child=1 8 4 13 10 -4 9 -8 -1 12 -2 -12 -5 21 -9 17 -7 18 -6 -15 -18 -3 -19
right_child=2 3 5 6 15 16 7 14 -10 -11 11 -13 -14 19 -16 -17 20 22 -20 -21 -22 -23 -24
leaf_value=0.0012221571108465446 -0.0018117639587388907 -0.0081236986694659622 -0.0081365659720107706 9.7745056439724198e-05 -0.00048810506077434646 -0.0046169506950566822 0.016732761755960869 -0.002114841838585191 0.13529933120700638 0.0065090270979080937 -0.0034250801667210506 -0.0053409000680726517 0.002574290562557824 -0.0031888205802418803 0.0012357182556860691 0.00072172189305682037 -0.003434120451578987 -0.0012498979503623388 0.0012773466272020418 0.0030521802491361495 -0.0016333215383013634 -0.0023690016893888723 -0.0039941840202281148
leaf_weight=27 286 32 558 169 173 325 283 60 480 181 165 89 621 25 72 23 134 207 84 30 47 93 35
leaf_count=27 286 32 558 169 173 325 283 60 480 181 165 89 621 25 72 23 134 207 84 30 47 93 35
internal_value=-0.00114908 0.0114378 -0.0134129 0.00761421 -0.00750933 -0.0191806 0.00974026 0.015241 0.0228723 0.00738929 -0.012037 -0.0157197 0.0056962 -0.00833333 0.000352113 -0.00296935 -0.0146245 -0.00355711 -0.000842697 -0.000454545 -0.0109116 -0.0118 -0.00615079
internal_weight=4199 2073 2126 1566 1062 1064 1386 415 507 971 540 254 790 180 132 522 506 499 257 55 181 125 242
internal_count=4199 2073 2126 1566 1062 1064 1386 415 507 971 540 254 790 180 132 522 506 499 257 55 181 125 242
cat_boundaries=0 1 2 3 4 5 6
cat_threshold=156 128 66 20 64 64
is_linear=0
shrinkage=0.05


Tree=33
num_leaves=24
num_cat=7
split_feature=0 0 0 5 5 0 5 0 6 6 8 5 5 0 5 1 15 14 14 5 11 15 15
split_gain=244.385 36.1621 28.1253 18.4444 7.802 12.8386 5.62223 4.30675 3.8698 3.19931 2.24577 2.20168 1.7333 4.01155 2.45864 1.72416 1.60527 1.77238 2.54419 1.54108 1.4845 1.41749 2.19054
threshold=0 1 2 0.6677617044747115 1.1849080813926278 3 0.55782275054609032 4 1.0000000180025095e-35 1.0000000180025095e-35 1.0000000180025095e-35 1.1287681634439279 0.97864785621514683 5 1.1498103798023716 6 38.355267274579568 111586.04772904881 86975.927684141003 1.2553521696088608 1.0506198847942112 25.012291305676673 35.307879697838281
decision_type=1 1 1 2 2 1 2 1 2 2 2 2 2 1 2 1 2 2 2 2 2 2 2
left_child=1 6 7 21 12 -6 -1 9 10 -2 -4 -9 20 15 -15 -14 -13 18 -18 -7 -5 -3 -23
right_child=2 3 8 4 5 19 -8 11 -10 -11 -12 16 13 14 -16 -17 17 -19 -20 -21 -22 22 -24
leaf_value=0.0011610492553042252 -0.0012977321024256222 -0.0043592135554186232 -0.0070561365084502118 0.001162544459215309 0.016075416585134724 0.0038281550854829317 0.12853436464665605 -0.0020164195767833682 -0.0039085629147203845 0.0011514562579924782 -0.0037241618241493665 -0.0037759301335756447 0.0069437034370558931 0.0022936551202363043 -0.0027137033972207125 0.0052575903651406299 -0.0038595164021775485 -0.0040324744081461058 0.00034688923420438946 -0.00041682071246451071 0.0039555401643941611 0.0012858313105363591 -0.0017919856641399889
leaf_weight=27 466 43 714 503 272 34 480 339 210 91 140 49 130 109 27 179 59 38 20 94 38 20 117
leaf_count=27 466 43 714 503 272 34 480 339 210 91 140 49 130 109 27 179 59 38 20 94 38 20 117
internal_value=-0.00108955 0.0111018 -0.0129682 0.0072335 0.00923521 0.015125 0.0226789 -0.00704291 -0.0187616 -0.00383598 -0.0204333 -0.0104369 0.00684584 0.0091573 0.00136986 0.0121473 -0.0153614 -0.0121795 -0.00791139 0.00108696 0.00494455 -0.00777778 -0.00529197
internal_weight=4199 2073 2126 1566 1386 400 507 1062 1064 557 854 505 986 445 136 309 166 117 79 128 541 180 137
internal_count=4199 2073 2126 1566 1386 400 507 1062 1064 557 854 505 986 445 136 309 166 117 79 128 541 180 137
cat_boundaries=0 1 2 3 4 5 6 7
cat_threshold=156 128 66 20 64 20 2
is_linear=0
shrinkage=0.05


Tree=34
num_leaves=24
num_cat=6
split_feature=0 0 0 7 7 7 0 0 7 14 9 18 36 15 14 10 9 9 14 9 9 1 7
split_gain=231.055 36.3564 27.0203 8.99179 8.95229 7.75576 2.7307 2.62482 1.73968 1.62199 1.76426 1.87047 1.40474 1.56859 1.41347 1.29714 1.22095 1.2528 1.20193 1.33339 1.19037 1.24473 1.17261
threshold=0 1 2 1.0000000180025095e-35 1.0000000180025095e-35 2.5000000000000004 3 4 2.5000000000000004 72569.01347930466 19921.254983516897 1.0000000180025095e-35 1.0131382581980766 15.207454126178767 163935.68823499145 1.5000000000000002 53875.640890162242 20717.736914900506 11568.323244218222 48337.525051192475 12231.723693714233 5 2.5000000000000004
decision_type=1 1 1 2 2 2 1 1 2 2 2 2 2 2 2 2 2 2 2 2 2 1 2
left_child=1 -1 4 -4 7 6 9 18 -5 10 11 -3 13 -6 16 -10 17 22 -2 -20 21 -13 -15
right_child=2 5 3 8 12 -7 -8 -9 15 -11 -12 20 -14 14 -16 -17 -18 -19 19 -21 -22 -23 -24
leaf_value=0.11598284659471676 -0.0033421064922183386 0.0036370515555823324 -0.0073769308479877255 -0.0041152092057305193 -0.0015931147038623834 0.007692984671019332 0.00077039472061009035 -0.0037129117141055743 -0.0030324632314598396 0.0042745789932276739 -0.0020215252867497981 -0.00028609429700099387 0.00081211278744569571 -0.00059037610986031332 -0.0018513597909415758 -0.0013654473701788295 0.0016169575355924172 -0.0014819392719108316 -0.0012742268790142009 -0.0032989726807701684 0.0075860848875736525 0.0024697590646060585 0.00082237649010526994
leaf_weight=507 23 60 558 325 22 269 416 254 134 355 34 74 23 244 40 47 23 71 237 26 50 308 99
leaf_count=507 23 60 558 325 22 269 416 254 134 355 34 74 23 244 40 47 23 71 237 26 50 308 99
internal_value=-0.00116099 0.0106937 -0.0127107 -0.0183892 -0.00690299 0.00682107 0.00526214 -0.0114815 -0.0137352 0.00681818 0.00513308 0.00589431 -0.00229885 -0.00285571 -0.00225367 -0.00980663 -0.00143021 -0.00205314 -0.00726351 -0.00655894 0.00474537 0.00379581 -0.000801749
internal_weight=4199 2073 2126 1064 1062 1566 1297 540 506 881 526 492 522 499 477 181 437 414 286 263 432 382 343
internal_count=4199 2073 2126 1064 1062 1566 1297 540 506 881 526 492 522 499 477 181 437 414 286 263 432 382 343
cat_boundaries=0 1 2 3 4 5 6
cat_threshold=156 128 66 20 64 1
is_linear=0
shrinkage=0.05


Tree=35
num_leaves=24
num_cat=6
split_feature=0 0 0 7 7 7 0 0 7 0 36 14 2 10 16 14 15 14 15 14 15 6 9
split_gain=218.122 38.1099 27.3144 9.04584 8.43094 7.17194 2.19372 2.14342 1.72184 1.60777 1.4801 1.24058 1.23178 1.1988 1.19822 1.67416 1.10272 1.09405 2.51879 1.02868 0.997401 1.81612 1.41482
threshold=0 1 2 1.0000000180025095e-35 1.0000000180025095e-35 2.5000000000000004 3 4 2.5000000000000004 5 0.027818898528645858 11568.323244218222 2034.5000000000002 1.5000000000000002 3.485125 28523.785437470815 18.184785964276539 152534.41816955732 131.36459438466377 30577.265212828435 44.53170661205376 1.0000000180025095e-35 13320.461549423691
decision_type=1 1 1 2 2 2 1 1 2 1 2 2 2 2 2 2 2 2 2 2 2 2 2
left_child=1 -1 4 -4 6 7 11 14 -5 10 12 -2 -6 -10 -3 -16 -9 18 -18 -14 -11 -22 -23
right_child=2 5 3 8 9 -7 -8 16 13 20 -12 -13 19 -15 15 -17 17 -19 -20 -21 21 22 -24
leaf_value=0.11018370426498092 -0.0031750011676074221 0.0025321250126264074 -0.0070080843055883388 -0.0039094487454439941 0.00028168302094955244 0.007308335437468361 -0.0035272661284002946 0.0051818081182326671 -0.002880840069886845 -0.0018854195617144911 0.0020149833999881851 -0.0014684325200022053 -0.0022700524396009002 -0.0012971750016698869 -0.00098098267062978199 0.0057383674090817688 0.00073527302115747881 0.0017223277800956006 -0.001991023383589524 -0.0007610502768681471 0.00013032248307108809 -0.00056085730436729602 -0.0027537310951276984
leaf_weight=507 23 763 558 325 150 269 254 29 134 84 24 263 20 47 23 95 309 50 28 77 110 32 25
leaf_count=507 23 763 558 325 150 269 254 29 134 84 24 263 20 47 23 95 309 50 28 77 110 32 25
internal_value=-0.00118481 0.0103337 -0.0124064 -0.0181099 -0.00657649 0.0063769 -0.0110185 0.00487664 -0.0134387 -0.00210728 0.000622776 -0.00709459 -0.000506073 -0.00953039 0.00625701 0.0110169 0.00176056 0.00109819 7.4184e-05 -0.00489691 -0.00488506 -0.00284431 -0.0100877
internal_weight=4199 2073 2126 1064 1062 1566 540 1297 506 522 271 286 247 181 881 118 416 387 337 97 251 167 57
internal_count=4199 2073 2126 1064 1062 1566 540 1297 506 522 271 286 247 181 881 118 416 387 337 97 251 167 57
cat_boundaries=0 1 2 3 4 5 6
cat_threshold=156 128 66 64 20 64
is_linear=0
shrinkage=0.05


Tree=36
num_leaves=24
num_cat=7
split_feature=0 0 0 5 0 5 7 5 7 0 5 7 5 7 0 5 16 5 0 5 36 10 5
split_gain=202.535 37.1951 26.2728 19.4585 11.4561 12.2607 9.3503 8.60324 7.75627 6.27432 4.80514 3.74026 3.09072 1.84469 1.66912 1.66389 2.20371 1.62132 1.60559 1.5365 1.43439 1.28225 1.27363
threshold=0 1 2 0.82102913517071141 3 1.1912409331906684 1.0000000180025095e-35 0.52541672543949758 1.0000000180025095e-35 4 0.50361592300952374 2.5000000000000004 0.88415018194986472 2.5000000000000004 5 0.88037162294841587 1.4758333333333338 0.83296196964687219 6 0.8306467510427672 0.027818898528645858 1.5000000000000002 0.73058996066088322
decision_type=1 1 1 2 1 2 2 2 2 1 2 2 2 2 1 2 2 2 1 2 2 2 2
left_child=1 7 8 9 5 11 -4 -1 14 22 -11 15 -6 -8 -2 16 -5 -9 20 -16 -10 -15 -3
right_child=2 3 6 4 12 -7 13 17 18 10 -12 -13 -14 21 19 -17 -18 -19 -20 -21 -22 -23 -24
leaf_value=-0.012875258759590459 -0.0015191561857298393 6.6529128771486421e-05 -0.0066576800903089236 0.0032723465041527566 0.0041713806297379143 0.015159404689582469 -0.0037139763081717962 0.027707458846528189 -5.9973108663591292e-05 -0.0068541252866881732 -0.00096080181495565857 0.0071268236772325973 0.0003049082790188118 -0.0027367980663925012 -0.0017947674703764711 0.003192132617215915 -0.00099384569848144362 0.13823150093311379 -0.0011371140826122728 -0.0039152920028304337 0.0019142342299887706 -0.0012323162515863906 0.0057573585799181818
leaf_weight=20 286 75 558 26 46 261 325 108 247 36 229 98 332 134 74 377 33 379 251 180 24 47 53
leaf_count=20 286 75 558 26 46 261 325 108 247 36 229 98 332 134 74 377 33 379 251 180 24 47 53
internal_value=-0.00110145 0.0099976 -0.0119148 0.00609137 0.00935635 0.0127019 -0.0175047 0.0217118 -0.00620336 -0.00349873 -0.00772727 0.0085206 0.00193299 -0.012747 -0.010463 0.0065367 -0.00127119 0.02346 -0.00191571 -0.0136364 0.000800712 -0.00870166 0.00543478
internal_weight=4199 2073 2126 1566 1173 795 1064 507 1062 393 265 534 378 506 540 436 59 487 522 254 271 181 128
internal_count=4199 2073 2126 1566 1173 795 1064 507 1062 393 265 534 378 506 540 436 59 487 522 254 271 181 128
cat_boundaries=0 1 2 3 4 5 6 7
cat_threshold=156 128 66 20 8 64 64
is_linear=0
shrinkage=0.05


Tree=37
num_leaves=24
num_cat=7
split_feature=0 0 0 5 0 5 7 5 7 0 5 7 5 5 1 0 5 5 7 5 5 4 10
split_gain=191.312 39.1151 25.8872 17.9407 9.90641 11.581 9.42383 8.60324 6.46485 5.75872 4.15094 3.97602 3.09072 2.21781 2.01983 1.85168 1.84314 1.79978 1.73775 1.62132 1.56762 1.42452 1.18449
threshold=0 1 2 0.82102913517071141 3 1.2286516858134353 1.0000000180025095e-35 0.52541672543949758 1.0000000180025095e-35 4 0.51653639921929895 2.5000000000000004 0.88415018194986472 0.98074084135780404 5 6 1.1080825569437391 0.96905256789785377 2.5000000000000004 0.83296196964687219 0.59363815052548841 1.0000000180025095e-35 1.5000000000000002
decision_type=1 1 1 2 1 2 2 2 2 1 2 2 2 2 1 1 2 2 2 2 2 2 2
left_child=1 7 8 9 5 11 -4 -1 15 -3 -11 13 -6 -5 -15 -2 -17 -13 -8 -9 -10 -12 -20
right_child=2 3 6 4 12 -7 18 19 20 10 21 17 -14 14 -16 16 -18 -19 22 -21 -22 -23 -24
leaf_value=-0.012231495821610939 -0.0014431983764433471 0.0021174752753579163 -0.0063247960857934805 0.00086797439445445161 0.0039628115982510209 0.015589296028620936 -0.0035282774927632046 0.026322085904201778 0.00035757121439597699 -0.0058448402745290232 -0.0011676267088704896 0.0035805282112398862 0.00028966286506787453 0.0054629102354821274 0.0027318933832106876 -0.0025952316872790149 -0.0043231057522933273 0.011655390829342983 -0.0025999581630728771 0.13131992588645811 -0.00069946635568880202 0.00018410678841942752 -0.001170700439007072
leaf_weight=20 286 128 558 173 46 221 325 108 40 45 162 45 332 122 172 165 89 62 134 379 482 58 47
leaf_count=20 286 128 558 173 46 221 325 108 40 45 162 45 332 122 172 165 89 62 134 379 482 58 47
internal_value=-0.00107764 0.00970955 -0.0115871 0.00571066 0.00884484 0.0119565 -0.0171322 0.0217118 -0.00592351 -0.00349873 -0.00754545 0.00836237 0.00193299 0.00637045 0.00901361 -0.00981481 -0.0130682 0.0170561 -0.0123518 0.02346 -0.00201149 -0.005 -0.00842541
internal_weight=4199 2073 2126 1566 1173 795 1064 507 1062 393 265 574 378 467 294 540 254 107 506 487 522 220 181
internal_count=4199 2073 2126 1566 1173 795 1064 507 1062 393 265 574 378 467 294 540 254 107 506 487 522 220 181
cat_boundaries=0 1 2 3 4 5 6 7
cat_threshold=156 128 66 20 8 2 64
is_linear=0
shrinkage=0.05


Tree=38
num_leaves=24
num_cat=0
split_feature=7 5 5 5 7 15 14 14 15 15 14 14 7 8 7 15 14 2 15 15 19 5 11
split_gain=21.7914 5.70048 3.82216 2.82276 2.76095 1.67567 1.61729 1.45355 1.44506 1.39409 2.15221 1.42157 1.39058 1.38869 1.31438 1.58681 1.25528 2.0367 2.02235 1.54809 1.33724 1.63972 1.52063
threshold=1.5000000000000002 0.6614825672723017 1.1118254632596161 1.304185265331794 1.0000000180025095e-35 172.07789847476346 42045.363670888539 26665.980208663746 37.689157896217381 134.51858932403073 122602.85106732538 147057.42038454869 2.5000000000000004 1.5000000000000002 1.0000000180025095e-35 125.56580484230888 71425.9243169533 2034.5000000000002 93.947874581071915 46.866759309991963 1.0000000180025095e-35 1.1672731239108303 0.014184660822770071
decision_type=2 2 2 2 2 2 2 2 2 2 2 2 2 2 2 2 2 2 2 2 2 2 2
left_child=1 14 5 4 6 9 8 -6 -3 10 -2 -12 13 -4 -1 -16 17 -8 -18 -19 -20 22 -22
right_child=2 3 12 -5 7 -7 16 -9 -10 -11 11 -13 -14 -15 15 -17 18 19 20 -21 21 -23 -24
leaf_value=-0.002846143916915489 0.00045925473192106329 -0.001402730696913196 0.0033728694721166575 0.00036982903651473499 0.0011184201626138895 0.0076371994483893871 -0.0032816988901700817 -0.00061259529517364579 0.00029031018324021662 -0.00051835379501400378 0.005014084043755607 0.00093691590975647498 0.0069451788633930539 -0.0020847520754331329 -0.0019721205542111322 0.0008767823888941429 -0.00011867717599069461 -0.0038381316484199153 -0.003002966426678022 4.6056158570378929e-05 -0.0022767398164689314 0.001545990650456819 -0.00093696474638100278
leaf_weight=234 726 335 218 419 118 28 187 361 225 111 29 20 226 24 65 26 202 44 53 94 256 69 129
leaf_count=234 726 335 218 419 118 28 187 361 225 111 29 20 226 24 65 26 202 44 53 94 256 69 129
internal_value=-0.0010181 -0.003541 0.00412446 -0.00272873 -0.00348529 0.00224289 -0.00448557 -0.000156576 -0.00232143 0.0018623 0.0026129 0.0127551 0.00779915 0.00516529 -0.00976923 -0.00467033 -0.00565764 -0.00823077 -0.00447814 -0.00362319 -0.00616371 -0.00528634 -0.00655844
internal_weight=4199 2817 1382 2492 2073 914 1594 479 560 886 775 49 468 242 325 91 1034 325 709 138 507 454 385
internal_count=4199 2817 1382 2492 2073 914 1594 479 560 886 775 49 468 242 325 91 1034 325 709 138 507 454 385
is_linear=0
shrinkage=0.05


Tree=39
num_leaves=24
num_cat=7
split_feature=0 0 0 5 0 7 5 5 5 7 7 7 1 0 5 5 11 8 15 5 15 9 0
split_gain=181.679 39.1294 24.4079 17.1198 14.499 9.71582 8.49797 6.37037 6.357 4.73674 3.27816 2.33144 2.31525 2.17427 2.0825 1.89741 1.87306 1.62332 1.58198 1.55863 1.92478 1.793 1.5013
threshold=0 1 2 0.97864785621514683 3 1.0000000180025095e-35 0.52541672543949758 0.65500856664796159 1.2286516858134353 1.0000000180025095e-35 2.5000000000000004 2.5000000000000004 4 5 0.83296196964687219 0.91917282543764645 1.0506198847942112 1.0000000180025095e-35 61.321887715127346 0.86607280868335701 34.273571883916226 7731.3505353129776 6
decision_type=1 1 1 2 1 2 2 2 2 2 2 2 1 1 2 2 2 2 2 2 2 2 1
left_child=1 6 9 7 8 -4 -1 -3 10 13 12 16 -5 -2 -8 -15 17 18 -9 20 -7 -22 -11
right_child=2 3 5 4 -6 19 14 11 -10 22 -12 -13 -14 15 -16 -17 -18 -19 -20 -21 21 -23 -24
leaf_value=-0.011615305131066345 -0.0013345964336898193 -0.0024572103746631022 -0.00590470951908107 0.0053739905308014708 0.00017871045901331485 0.00016360753596557088 0.025065653838616555 0.0013364418120815514 0.014671480100890255 6.8900074393996044e-05 0.01099252301771252 0.0038097607876574238 0.0024923391394152451 -0.0015234661169868935 0.12473543814030946 -0.0038986945083454129 0.0035399154785184074 -0.00096487979179488148 -0.00017036237921098653 -0.0033319876814755069 -0.0038092666481347849 -0.001341031138358978 -0.0010892751911096344
leaf_weight=20 286 168 558 126 264 49 108 166 221 271 59 112 175 101 379 153 32 65 178 337 63 57 251
leaf_count=20 286 168 558 126 264 49 108 166 221 271 59 112 175 101 379 153 32 65 178 337 63 57 251
internal_value=-0.000994284 0.00951752 -0.011236 0.0055203 0.0103846 -0.0166201 0.0215184 -0.000104022 0.0146785 -0.00573694 0.0108333 0.00248644 0.00872093 -0.00907407 0.0232546 -0.0125 0.00085034 -6.11247e-05 0.00130814 -0.0117589 -0.00784024 -0.01125 -0.00239464
internal_weight=4199 2073 2126 1566 845 1064 507 721 581 1062 360 553 301 540 487 254 441 409 344 506 169 120 522
internal_count=4199 2073 2126 1566 845 1064 507 721 581 1062 360 553 301 540 487 254 441 409 344 506 169 120 522
cat_boundaries=0 1 2 3 4 5 6 7
cat_threshold=156 128 66 20 2 64 64
is_linear=0
shrinkage=0.05


Tree=40
num_leaves=24
num_cat=5
split_feature=0 0 0 5 0 7 5 5 5 7 7 7 5 0 10 36 16 7 8 9 15 5 5
split_gain=174.76 39.4535 23.3964 16.7356 14.1576 9.42879 7.45678 6.37037 6.25432 4.88276 3.3632 2.33144 1.96385 1.82472 1.63404 1.57448 1.46746 1.45541 1.41425 1.58541 1.57176 2.03844 1.40076
threshold=0 1 2 0.97864785621514683 3 1.0000000180025095e-35 0.62850798343534187 0.65500856664796159 1.2286516858134353 1.0000000180025095e-35 2.5000000000000004 2.5000000000000004 0.57324090082199908 4 1.5000000000000002 0.40080899483481908 1.4758333333333338 1.0000000180025095e-35 1.0000000180025095e-35 3181.0355538923268 61.954621471257603 0.73459936002505744 0.52541672543949758
decision_type=1 1 1 2 1 2 2 2 2 2 2 2 2 1 2 2 2 2 2 2 2 2 2
left_child=1 6 9 7 8 -4 22 17 10 12 15 14 -2 -14 18 -5 -13 -3 20 -20 21 -9 -1
right_child=2 3 5 4 -6 -7 -8 11 -10 -11 -12 16 13 -15 -16 -17 -18 -19 19 -21 -22 -23 -24
leaf_value=-0.01103453987451304 0.00060422751500790193 -0.0038434538357334292 -0.0056094740431270164 0.0043869419489022789 0.00016977493606264439 -0.0029424777744824411 0.099264661927145878 -0.0020085258472007845 0.013937906095845743 -0.00044783105673076862 0.01044289686682689 0.0012860503935326563 -0.0013322030601551627 -0.0029520890367599308 0.002330507663197401 -0.0010780188029525185 0.0038821132272278294 -0.00074305323917007451 -0.0014274611715756058 -0.00030102210492301555 -0.00017013748856427592 0.0018185193596945816 0.0054374903160821723
leaf_weight=20 32 88 558 281 264 506 463 20 221 522 59 40 269 239 70 20 72 80 22 38 170 121 24
leaf_count=20 32 88 558 281 264 506 463 20 221 522 59 40 269 239 70 20 72 80 22 38 170 121 24
internal_value=-0.000839486 0.00946952 -0.0108848 0.00545685 0.0102663 -0.0161546 0.0215184 -0.000104022 0.0145093 -0.00550373 0.0106944 0.00248644 -0.00888889 -0.00964567 0.00085034 0.00855482 0.00892857 -0.00863095 -0.000471698 -0.0075 0.000884244 0.00478723 0.00227273
internal_weight=4199 2073 2126 1566 845 1064 507 721 581 1062 360 553 540 508 441 301 112 168 371 60 311 141 44
internal_count=4199 2073 2126 1566 845 1064 507 721 581 1062 360 553 540 508 441 301 112 168 371 60 311 141 44
cat_boundaries=0 1 2 3 4 5
cat_threshold=156 128 66 20 64
is_linear=0
shrinkage=0.05


Tree=41
num_leaves=24
num_cat=6
split_feature=0 0 0 5 0 7 5 5 5 7 7 1 0 7 5 5 11 5 36 15 14 14 11
split_gain=167.581 38.499 21.7893 15.5143 13.653 8.79633 7.30799 6.75158 5.80497 5.16725 3.62486 2.20093 2.04881 1.95906 1.75563 1.64689 1.61962 1.50511 1.55535 1.49272 1.55864 2.59575 1.84535
threshold=0 1 2 0.97864785621514683 3 1.0000000180025095e-35 0.62850798343534187 1.2286516858134353 0.65500856664796159 1.0000000180025095e-35 2.5000000000000004 4 5 2.5000000000000004 1.1080825569437391 0.83296196964687219 1.0561597403324554 0.59363815052548841 0.94593265268936932 15.976611032343117 25495.070357952452 39654.038758713657 0.84159822127825634
decision_type=1 1 1 2 1 2 2 2 2 2 2 1 1 2 2 2 2 2 2 2 2 2 2
left_child=1 6 9 8 7 -4 -1 10 -3 12 11 -5 -2 16 -14 -8 -10 -11 19 -19 22 -22 -21
right_child=2 3 5 4 -6 -7 15 -9 13 17 -12 -13 14 -15 -16 -17 -18 18 -20 20 21 -23 -24
leaf_value=0.00086286210107396901 -0.0012342160314910283 -0.0021421771641432748 -0.0053290003409706636 0.0048859439068162872 0.00016128618925950744 -0.00279535388575832 0.022102388548525333 0.013241010791053455 2.8560770286331638e-05 0.00039358522947214594 0.0099207520234855465 0.0021483750849993766 -0.0022172238468337879 0.0034251670869131614 -0.0037829027392491279 0.1135354331369367 0.0032759150272950177 -0.0014520936319266349 0.0010744499660865769 0.001875245636437195 -0.0023223567411163881 -0.00051496802614138808 -0.0025168365590628461
leaf_weight=44 286 168 558 126 264 506 84 221 410 40 59 175 165 112 89 379 31 22 21 49 66 299 25
leaf_count=44 286 168 558 126 264 506 84 221 410 40 59 175 165 112 89 379 31 22 21 49 66 299 25
internal_value=-0.000672779 0.00942151 -0.0105103 0.00545685 0.0100888 -0.0155959 0.021325 0.0142555 0.000104022 -0.00531716 0.0102778 0.00805648 -0.0087963 0.00257685 -0.0121212 0.0235961 0.0010771 -0.00181992 -0.00259336 -0.00319957 -0.00256264 -0.00390411 0.00405405
internal_weight=4199 2073 2126 1566 845 1064 507 581 721 1062 360 301 540 553 254 463 441 522 482 461 439 365 74
internal_count=4199 2073 2126 1566 845 1064 507 581 721 1062 360 301 540 553 254 463 441 522 482 461 439 365 74
cat_boundaries=0 1 2 3 4 5 6
cat_threshold=156 128 66 20 2 64
is_linear=0
shrinkage=0.05


Tree=42
num_leaves=24
num_cat=5
split_feature=0 0 0 7 7 7 0 15 15 7 0 11 9 15 16 14 9 9 9 10 4 11 17
split_gain=158.14 36.1773 20.0216 9.25527 5.81233 4.79051 2.30118 1.40287 1.36573 1.35193 1.24398 1.35448 1.22304 1.70315 1.21574 1.34098 1.1868 1.375 1.96197 1.51891 1.17231 2.07628 1.61633
threshold=0 1 2 1.0000000180025095e-35 2.5000000000000004 1.5000000000000002 3 124.1313214903894 27.493607856082857 1.5000000000000002 4 1.2133709360859621 50594.631694603151 54.104991964674745 3.485125 28523.785437470815 59920.262568721722 5973.9972786021053 455.53286219347382 1.5000000000000002 1.0000000180025095e-35 0.00098619924077551053 74.884166666666673
decision_type=1 1 1 2 2 2 1 2 2 2 1 2 2 2 2 2 2 2 2 2 2 2 2
left_child=1 -1 5 -4 10 6 16 -7 -6 12 14 -12 13 -5 -3 -16 17 18 19 -2 -11 22 -22
right_child=2 4 3 9 8 7 -8 -9 -10 20 11 -13 -14 -15 15 -17 -18 -19 -20 -21 21 -23 -24
leaf_value=0.076208727075195937 0.000457732243120379 0.0017594344704536969 -0.0050625503239221329 -0.0026145404008152823 0.008015870901794021 0.00014200420600877784 -0.0021478582439615037 -0.0012286129403425189 0.0050861647778058577 -0.0020892059380073881 0.00043969743967223754 0.0032911341295071839 -0.00054082868378526054 -0.0041278390506843459 -0.00052737071916210691 0.0044700802143526125 -0.0028085910699585967 -0.00013054019563780718 -0.001633902022145012 -0.001913851717762133 -0.0055668348164144045 0.00030495751957581587 -0.0019679248105160365
leaf_weight=507 69 763 558 76 57 271 344 64 212 218 394 22 20 69 23 95 22 152 98 42 36 64 23
leaf_count=507 69 763 558 76 57 271 344 64 212 218 394 22 20 69 23 95 22 152 98 42 36 64 23
internal_value=-0.000696594 0.00910946 -0.0102528 -0.0151304 0.0052665 -0.00527052 -0.00759972 -0.000373134 0.0119888 -0.0103755 0.00391288 0.00152582 -0.0140909 -0.0156897 0.00496633 0.00974576 -0.00451654 -0.00394737 -0.00657895 -0.00202703 -0.00857771 -0.0046748 -0.0114407
internal_weight=4199 2073 2126 1064 1566 1062 727 335 269 506 1297 416 165 145 881 118 383 361 209 111 341 123 59
internal_count=4199 2073 2126 1064 1566 1062 727 335 269 506 1297 416 165 145 881 118 383 361 209 111 341 123 59
cat_boundaries=0 1 2 3 4 5
cat_threshold=156 128 66 64 20
is_linear=0
shrinkage=0.05


Tree=43
num_leaves=24
num_cat=6
split_feature=0 0 0 5 5 0 5 7 0 7 5 5 5 0 5 5 7 7 4 7 15 5 5
split_gain=142.285 34.6904 18.9338 14.639 10.3083 8.47924 11.5716 8.4581 6.27432 4.17349 3.07998 2.83726 2.36703 2.1929 2.38079 2.02952 2.17546 1.95029 1.67216 1.47865 1.40287 1.3971 1.4127
threshold=0 1 2 0.82102913517071141 0.64337206274225478 3 1.1498103798023716 1.0000000180025095e-35 4 1.5000000000000002 0.9106620114836339 0.55782275054609032 0.87316366926095168 5 1.1287681634439279 1.3466728658495071 1.5000000000000002 2.5000000000000004 1.0000000180025095e-35 2.5000000000000004 124.1313214903894 0.75151658956402845 0.85301416984164968
decision_type=1 1 1 2 2 1 2 2 1 2 2 2 2 1 2 2 2 2 2 2 2 2 2
left_child=1 4 9 8 -1 6 19 -4 -3 13 -6 -10 -7 21 -15 16 -8 18 -13 -5 -11 -2 -23
right_child=2 3 7 5 10 12 15 -9 11 20 -12 17 -14 14 -16 -17 -18 -19 -20 -21 -22 22 -24
leaf_value=-0.0028375905499094414 0.00034765153265854947 0.0023996819755875754 -0.0048094228077260274 0.0016534534357868225 0.021830896457166651 0.0038064569045601795 0.0060169516363071107 -0.0025068400442419593 -0.0042013998717265492 0.00013490399570834088 0.11301969263719176 -0.0011956466526062749 -1.1706615219841955e-05 -0.0014975148939036038 -0.0030784321810498564 0.017691941287074443 0.013825860727284173 0.0027918358647637978 0.00013636977248520366 0.003844838298914105 -0.0011671822933253945 -0.00331867086422529 -0.000862075397603368
leaf_weight=49 70 128 558 388 117 38 129 506 64 271 341 127 340 230 114 116 76 28 46 86 64 32 281
leaf_count=49 70 128 558 388 117 38 129 506 64 271 341 127 340 230 114 116 76 28 46 86 64 32 281
internal_value=-0.00072041 0.00858137 -0.00978464 0.00482234 0.0198743 0.00765132 0.010528 -0.0145251 -0.00349873 -0.00494403 0.0225983 -0.00772727 0.00128866 -0.00711829 -0.0100282 0.0179907 0.015 -0.0050995 -0.00708092 0.0056962 -0.000373134 -0.00413486 -0.00567093
internal_weight=4199 2073 2126 1566 507 1173 795 1064 393 1062 458 265 378 727 344 321 205 201 173 474 335 383 313
internal_count=4199 2073 2126 1566 507 1173 795 1064 393 1062 458 265 378 727 344 321 205 201 173 474 335 383 313
cat_boundaries=0 1 2 3 4 5 6
cat_threshold=156 128 66 20 8 64
is_linear=0
shrinkage=0.05


Tree=44
num_leaves=24
num_cat=6
split_feature=0 0 0 5 5 7 0 5 0 7 5 5 5 7 5 5 36 7 15 0 5 14 5
split_gain=132.581 34.8541 16.769 13.4354 10.1226 8.05822 7.58366 11.3759 4.64658 4.01068 3.32358 2.89084 2.36703 2.20795 2.79631 2.11718 1.80124 1.64614 1.39512 1.38187 1.37362 1.74411 1.33093
threshold=0 1 2 0.82102913517071141 0.64337206274225478 1.0000000180025095e-35 3 1.2286516858134353 4 1.0000000180025095e-35 0.55782275054609032 0.9106620114836339 0.87316366926095168 1.0000000180025095e-35 1.0566613915605825 0.75151658956402845 1.0131382581980766 2.5000000000000004 101.55199198662889 5 0.73058996066088322 44703.318845095935 0.8683379809646673
decision_type=1 1 1 2 2 2 1 2 1 2 2 2 2 2 2 2 2 2 2 1 2 2 2
left_child=1 4 9 8 -1 -4 7 13 20 15 -10 -6 -8 -5 -15 18 19 -12 -2 -11 -3 -22 -7
right_child=2 3 5 6 11 22 12 -9 10 16 17 -13 -14 14 -16 -17 -18 -19 -20 -21 21 -23 -24
leaf_value=-0.0026957110224139491 0.00022066130196075618 0.00037980920237478126 -0.0045689516673397268 0.00085138266935816951 0.020739351634308314 -0.0014297185353724401 0.0036161340593321711 0.011470859176429427 -0.0039913298781402238 9.9749614732047584e-05 -0.000763180412907083 0.10736870800533219 -1.1121284458848191e-05 0.0026446160248631556 0.010547820432512074 -0.0019550046204750149 0.00079825107847020238 0.002652244071525606 -0.0010543999193706882 -0.00095291638720002296 0.0067093694306882947 0.0024910969907049442 -0.002667571011924233
leaf_weight=49 71 75 558 297 117 172 38 221 64 257 173 341 340 171 106 441 23 28 28 242 20 33 334
leaf_count=49 71 75 558 297 117 172 38 221 64 257 173 341 340 171 106 441 23 28 28 242 20 33 334
internal_value=-0.000613241 0.00836534 -0.0093633 0.00460025 0.0196809 -0.0138268 0.00731032 0.0100311 -0.0033715 -0.0048041 -0.007 0.0223799 0.00128866 0.00644599 0.00965704 -0.00787037 -0.00172414 -0.00410448 -0.00126263 -0.00235471 0.00434783 0.0108491 -0.00938735
internal_weight=4199 2073 2126 1566 507 1064 1173 795 393 1062 265 458 378 574 277 540 522 201 99 499 128 53 506
internal_count=4199 2073 2126 1566 507 1064 1173 795 393 1062 265 458 378 574 277 540 522 201 99 499 128 53 506
cat_boundaries=0 1 2 3 4 5 6
cat_threshold=156 128 66 20 8 64
is_linear=0
shrinkage=0.05


Tree=45
num_leaves=24
num_cat=6
split_feature=0 0 0 5 5 7 0 5 0 7 5 5 0 5 5 7 5 7 5 15 15 14 9
split_gain=126.662 34.8597 15.2296 13.1156 10.0304 7.63483 7.26068 11.0449 4.20355 4.01921 3.03538 2.9385 2.43823 2.49937 2.36703 2.13224 2.30636 1.64614 1.47693 2.11287 2.40833 1.815 1.527
threshold=0 1 2 0.82102913517071141 0.64337206274225478 1.0000000180025095e-35 3 1.2517530936697006 4 1.5000000000000002 0.9297071399625868 0.55782275054609032 5 1.1287681634439279 0.87316366926095168 1.5000000000000002 1.084337575140127 2.5000000000000004 0.86607280868335701 34.273571883916226 52.065000166143669 27558.186542338477 6361.1228677896806
decision_type=1 1 1 2 2 2 1 2 1 2 2 2 1 2 2 2 2 2 2 2 2 2 2
left_child=1 4 9 8 -1 -4 7 15 -3 12 -6 -10 -2 -14 -8 -5 -17 -13 19 21 -21 -7 -22
right_child=2 3 5 6 10 18 14 -9 11 -11 -12 17 13 -15 -16 16 -18 -19 -20 20 22 -23 -24
leaf_value=-0.0025609254712932739 -0.00074585401311319521 0.0021608997461360691 -0.0043405040839727405 0.0015566989297961854 0.02585288969363151 0.001213098221725989 0.003435327356365564 0.012065989331648064 -0.003791763384233213 -2.604825432178659e-05 0.10424310448620761 -0.00072502139226172664 -0.001400344856234076 -0.0028267603409736111 -1.0565220235903006e-05 0.0028516866470511271 0.010227310788336042 0.0025196318679493292 -0.0025217404677524979 -0.0052417507304262151 -0.002599727482009301 -0.0018328625514951625 2.6400242755136862e-05
leaf_weight=49 383 128 558 388 131 25 38 198 64 335 327 173 230 114 340 134 75 28 337 24 43 24 53
leaf_count=49 383 128 558 388 131 25 38 198 64 335 327 173 230 114 340 134 75 28 337 24 43 24 53
internal_value=-0.000506073 0.00826932 -0.00905899 0.00450508 0.0195841 -0.0133147 0.00718244 0.00984472 -0.0033715 -0.00471082 0.0222707 -0.00681818 -0.00684319 -0.00988701 0.00128866 0.00657454 0.0106459 -0.00410448 -0.00899209 -0.00517751 -0.00875 0.00357143 -0.00520833
internal_weight=4199 2073 2126 1566 507 1064 1173 795 393 1062 458 265 727 344 378 597 209 201 506 169 120 49 96
internal_count=4199 2073 2126 1566 507 1064 1173 795 393 1062 458 265 727 344 378 597 209 201 506 169 120 49 96
cat_boundaries=0 1 2 3 4 5 6
cat_threshold=156 128 66 20 8 64
is_linear=0
shrinkage=0.05


Tree=46
num_leaves=24
num_cat=5
split_feature=0 0 0 5 0 5 5 7 5 7 5 7 7 5 36 0 8 6 15 2 5 15 15
split_gain=118.855 34.1193 13.9384 11.8982 10.3281 9.75623 7.13881 6.7442 5.04286 4.27319 3.46075 2.55467 2.01072 2.00017 1.60217 1.49346 1.49334 2.3045 1.76149 1.94396 1.47648 1.97239 2.55208
threshold=0 1 2 0.97864785621514683 3 0.64337206274225478 1.294853711309133 1.0000000180025095e-35 0.6614825672723017 1.0000000180025095e-35 0.9297071399625868 1.5000000000000002 2.5000000000000004 0.75151658956402845 0.38768836376137489 4 1.0000000180025095e-35 1.0000000180025095e-35 58.568473776007473 2029.5000000000002 0.86607280868335701 34.273571883916226 52.065000166143669
decision_type=1 1 1 2 1 2 2 2 2 2 2 2 2 2 2 1 2 2 2 2 2 2 2
left_child=1 5 9 8 6 -1 11 -4 -3 13 -7 14 16 -2 -5 -15 17 18 -10 -20 21 -9 -23
right_child=2 3 7 4 -6 10 -8 20 12 -11 -12 -13 -14 15 -16 -17 -18 -19 19 -21 -22 22 -24
leaf_value=-0.0024328791977286102 -0.00013032153142200631 -0.0016868709794808396 -0.0041234788797741007 0.0025053758932768178 7.6202074332343279e-06 0.024560245208949949 0.014084363269454026 0.00070921878011451786 0.0013302919353372633 -0.00026169732686613932 0.099030949261897219 0.0081617036082976997 0.0025726559803461394 -0.0013398001504421498 -0.0022746647691902102 -0.0025849283001008944 -0.00086707090402916582 0.0036740630584109371 0.0012578692205028386 -0.00072258199847168025 -0.0023956534443648758 -0.0049796631939049048 -0.0011987033163280176
leaf_weight=49 99 176 558 261 264 131 155 49 168 522 327 145 112 237 20 204 67 21 63 114 337 24 96
leaf_count=49 99 176 558 261 264 131 155 49 168 522 327 145 112 237 20 204 67 21 63 114 337 24 96
internal_value=-0.000398905 0.0081013 -0.00868446 0.00437817 0.00843195 0.019294 0.0120558 -0.0127561 -0.000312067 -0.00452425 0.0219432 0.00892019 0.00206422 -0.00768519 0.00613879 -0.00912698 0.00051963 0.00177596 0.000797101 -0.00268362 -0.00869565 -0.00488166 -0.00833333
internal_weight=4199 2073 2126 1566 845 507 581 1064 721 1062 458 426 545 540 281 441 433 366 345 177 506 169 120
internal_count=4199 2073 2126 1566 845 507 581 1064 721 1062 458 426 545 540 281 441 433 366 345 177 506 169 120
cat_boundaries=0 1 2 3 4 5
cat_threshold=156 128 66 20 64
is_linear=0
shrinkage=0.05


Tree=47
num_leaves=24
num_cat=5
split_feature=0 0 0 5 0 5 7 5 5 5 7 5 7 7 0 5 6 15 11 9 4 9 7
split_gain=110.968 33.5357 13.7685 11.1067 9.61601 9.60959 9.13317 6.80883 4.4521 4.09219 2.89934 2.39982 2.14708 1.67147 1.63963 1.8915 1.89682 2.85417 1.58545 1.50273 1.49864 2.58016 1.49113
threshold=0 1 2 0.97864785621514683 3 0.93566252435764941 1.0000000180025095e-35 1.294853711309133 0.65500856664796159 0.60620533040346569 1.5000000000000002 0.61287064589900508 2.5000000000000004 2.5000000000000004 4 1.1268342952933712 1.0000000180025095e-35 99.727677125721016 1.0079321073011565 22378.178679275454 1.0000000180025095e-35 3501.7225505007154 1.0000000180025095e-35
decision_type=1 1 1 2 1 2 2 2 2 2 2 2 2 2 1 2 2 2 2 2 2 2 2
left_child=1 5 13 8 7 9 11 10 22 -1 -5 19 18 -2 15 16 -8 -18 -10 -4 -16 -22 -3
right_child=2 3 6 4 -6 -7 14 -9 12 -11 -12 -13 -14 -15 20 -17 17 -19 -20 -21 21 -23 -24
leaf_value=-0.0027562192445775846 -0.00053243279768798175 -0.0030341929772395001 -0.00029866787229067553 0.0021698116438153337 7.2391970615703906e-06 0.096998425868202953 1.68168292070503e-05 0.013380145105981324 -0.00013242603212739734 0.02091797796840509 0.0077536184278828137 -0.0035811265607987087 0.0024440231813288361 0.0012115682614146307 -0.0026190125251478627 -0.0022384926452576948 -0.00091736896608207166 -0.0032632164645083591 0.0027781216599791327 -0.0033663274893408063 0.0006500196811717124 -0.0040717702099337177 -0.00043789312755348477
leaf_weight=40 470 88 53 281 264 318 206 155 399 149 145 739 112 87 180 165 85 36 42 20 44 41 80
leaf_count=40 470 88 53 281 264 318 206 155 399 149 145 739 112 87 180 165 85 36 42 20 44 41 80
internal_value=-0.000303644 0.00790927 -0.00830993 0.00421954 0.00813609 0.0190039 -0.0107188 0.0116328 -0.000312067 0.0104497 0.00856808 -0.0144704 0.00185353 -0.00145503 -0.0068362 -0.00478088 -0.00267584 -0.00764463 0.000283447 -0.00582192 -0.0100909 -0.005 -0.00744048
internal_weight=4199 2073 2126 1566 845 507 1569 581 721 189 426 812 553 557 757 492 327 121 441 73 265 85 168
internal_count=4199 2073 2126 1566 845 507 1569 581 721 189 426 812 553 557 757 492 327 121 441 73 265 85 168
cat_boundaries=0 1 2 3 4 5
cat_threshold=156 128 64 20 3
is_linear=0
shrinkage=0.05


Tree=48
num_leaves=24
num_cat=5
split_feature=0 0 0 5 5 7 0 5 0 7 5 5 5 5 7 5 5 5 15 14 9 5 15
split_gain=101.45 31.0878 12.5956 10.14 9.95011 6.58217 5.58311 8.84101 3.66955 3.22805 2.74903 2.54764 2.42023 2.38401 2.25958 1.94334 1.91962 1.73112 1.58115 1.62 1.55128 1.53699 1.53664
threshold=0 1 2 0.8453298642714665 0.82102913517071141 1.0000000180025095e-35 3 1.2517530936697006 4 1.0000000180025095e-35 0.62850798343534187 0.60620533040346569 0.87316366926095168 0.75151658956402845 1.5000000000000002 0.8683379809646673 1.084337575140127 0.59363815052548841 34.273571883916226 27558.186542338477 3181.0355538923268 1.4217699221021534 66.903596478305033
decision_type=1 1 1 2 2 2 1 2 1 2 2 2 2 2 2 2 2 2 2 2 2 2 2
left_child=1 3 9 10 8 -4 7 14 -3 13 -1 -10 -8 -2 -6 18 -16 -11 19 -7 -12 -9 -20
right_child=2 4 5 -5 6 15 12 21 11 17 20 -13 -14 -15 16 -17 -18 -19 22 -21 -22 -23 -24
leaf_value=-0.0023265510834433734 2.7579995413917757e-05 0.0020114787014353709 -0.0037497281309083657 0.079593077294421097 0.0013639968466330255 0.0010844813875753756 0.0032549895417320119 0.0063936204329851148 -0.0030967344057623251 0.00037783740709784465 0.016527358417978543 -0.00036963313509271736 -3.8544524045858176e-05 -0.0017164012498849801 0.0023901251571280149 -0.0022121249868854304 0.0089201791471102184 -0.00040430503680065067 -0.0037337444876805459 -0.0015743248773136655 0.0056658089581149047 0.021726327520831715 -0.00076814531422342855
leaf_weight=44 99 128 558 372 388 25 38 133 92 40 49 173 340 441 134 334 75 482 39 25 42 65 83
leaf_count=44 99 128 558 372 388 25 38 133 92 40 49 173 340 441 134 334 75 482 39 25 42 65 83
internal_value=-0.000303644 0.00754921 -0.0079588 0.0182302 0.00399746 -0.011825 0.00632992 0.0086646 -0.0028626 -0.00401119 0.00685185 -0.00609091 0.00115979 -0.00675926 0.00573702 -0.00780632 0.00992823 -0.00124521 -0.00348837 0.004 0.0118132 0.0179293 -0.00655738
internal_weight=4199 2073 2126 507 1566 1064 1173 795 393 1062 135 265 378 540 597 506 209 522 172 50 91 198 122
internal_count=4199 2073 2126 507 1566 1064 1173 795 393 1062 135 265 378 540 597 506 209 522 172 50 91 198 122
cat_boundaries=0 1 2 3 4 5
cat_threshold=156 128 66 20 8
is_linear=0
shrinkage=0.05


Tree=49
num_leaves=24
num_cat=5
split_feature=0 0 0 5 5 7 0 5 5 7 0 5 7 5 5 5 5 15 14 15 5 9 15
split_gain=95.3565 29.4126 12.6325 10.6345 9.6752 6.62843 5.30646 8.66759 3.68724 3.12628 2.90697 2.69879 2.66798 2.42023 2.34038 2.19255 1.68566 1.58115 1.62 1.53664 1.443 2.42126 1.39116
threshold=0 1 2 0.96190403407743663 0.82102913517071141 1.0000000180025095e-35 3 1.294853711309133 0.64337206274225478 1.5000000000000002 4 1.084337575140127 1.5000000000000002 0.87316366926095168 0.44510901738983766 0.75151658956402845 0.8683379809646673 34.273571883916226 27558.186542338477 66.903596478305033 0.88037162294841587 5687.5684164922759 22.754466787808642
decision_type=1 1 1 2 2 2 1 2 2 2 1 2 2 2 2 2 2 2 2 2 2 2 2
left_child=1 3 12 8 10 -4 7 9 -1 20 -3 -11 15 -8 -12 -2 17 18 -7 -19 21 -6 -16
right_child=2 4 5 -5 6 16 13 -9 -10 11 14 -13 -14 -15 22 -17 -18 19 -20 -21 -22 -23 -24
leaf_value=-0.0020726551323701384 2.620099564322187e-05 0.0019109047663636025 -0.0035622417243629484 0.094666647624741959 -0.002954239011958887 0.0010302573181966092 0.0030922400646454132 0.011709545337657445 0.018955197358178077 0.0022706188992716093 -0.0063728065842034859 0.0088275768330625618 -3.9312057328877437e-06 -3.6617297843566378e-05 -0.0025617113447043011 -0.0013745458820444757 -0.0021015187375411611 -0.0035470572632965158 -0.0014956086334479814 -0.00072973804851225732 0.0014956524951889039 0.0022686207657557356 -0.00059769537921062772
leaf_weight=49 139 128 558 298 28 25 38 155 160 134 24 88 335 340 26 588 334 39 25 83 367 23 215
leaf_count=49 139 128 558 298 28 25 38 155 160 134 24 88 335 340 26 588 334 39 25 83 367 23 215
internal_value=-0.000256013 0.00735718 -0.0076779 0.0177466 0.00390228 -0.0115456 0.00620205 0.00847826 0.00944976 0.00601563 -0.0028626 0.0108108 -0.00373134 0.00115979 -0.00572727 -0.00546768 -0.00750988 -0.00348837 0.004 -0.00655738 0.0034689 -0.00441176 -0.00446058
internal_weight=4199 2073 2126 507 1566 1064 1173 795 209 640 393 222 1062 378 265 727 506 172 50 122 418 51 241
internal_count=4199 2073 2126 507 1566 1064 1173 795 209 640 393 222 1062 378 265 727 506 172 50 122 418 51 241
cat_boundaries=0 1 2 3 4 5
cat_threshold=156 128 66 20 8
is_linear=0
shrinkage=0.05


Tree=50
num_leaves=24
num_cat=5
split_feature=0 0 0 5 5 0 7 5 5 7 7 5 14 5 10 5 7 36 5 2 10 0 9
split_gain=87.9908 28.875 11.5998 10.3431 9.32933 7.96974 6.0851 5.07886 3.3748 3.255 2.46775 2.42302 2.30175 2.08057 2.04982 1.75598 1.7145 1.38197 1.27422 2.13333 1.61402 1.26125 1.23127
threshold=0 1 2 0.96614232066531724 1.1984608579909508 3 1.0000000180025095e-35 0.65500856664796159 0.60620533040346569 2.5000000000000004 1.5000000000000002 1.4217699221021534 42045.363670888539 1.1153207202073521 1.5000000000000002 1.2994426869863489 1.0000000180025095e-35 0.5658984978899283 0.79218722710116374 2035.5000000000002 2.5000000000000004 4 18668.626442837773
decision_type=1 1 1 2 2 1 2 2 2 2 2 2 2 2 2 2 2 2 2 2 2 1 2
left_child=1 3 10 8 7 11 18 16 -1 14 13 12 15 -2 17 -6 -3 -9 19 -4 -20 -15 -12
right_child=2 4 6 -5 5 -7 -8 9 -10 -11 22 -13 -14 21 -16 -17 -18 -19 20 -21 -22 -23 -24
leaf_value=-0.0023984479715580156 -0.0007175810821321571 -0.0026899453285227307 -0.0027567548865238601 0.091384069590947192 -0.00032924928805224687 -0.00022622601109816289 -0.0017423417615212323 0.000218282088991284 0.015874577429476823 0.0028939100894689596 0.00025056941387128221 0.020054533877907257 0.0073661709429417637 -0.0010810386425511216 0.0019967728005759965 0.0064375920302663986 -0.00036153186821563101 -0.0025442274387350917 -0.0041205758959345197 -0.00032451767943286747 -0.0010209816846976723 -0.0022225722242834758 -0.00085333583509867314
leaf_weight=40 467 88 90 293 35 121 506 691 174 188 249 65 121 144 125 32 80 20 382 45 41 116 86
leaf_count=40 467 88 90 293 35 121 506 691 174 188 249 65 121 144 125 32 80 20 382 45 41 116 86
internal_value=-0.000244106 0.00706913 -0.0073736 0.0173598 0.00364848 0.0105615 -0.0110801 0.00151007 0.00934579 0.00283203 -0.00359142 0.0153042 0.0130319 -0.00526135 0.00149522 0.00559701 -0.00654762 0.000457103 -0.0147849 -0.0105556 -0.0161348 -0.00884615 -7.46269e-05
internal_weight=4199 2073 2126 507 1566 374 1064 1192 214 1024 1062 253 188 727 836 67 168 711 558 135 423 260 335
internal_count=4199 2073 2126 507 1566 374 1064 1192 214 1024 1062 253 188 727 836 67 168 711 558 135 423 260 335
cat_boundaries=0 1 2 3 4 5
cat_threshold=156 128 66 20 64
is_linear=0
shrinkage=0.05


Tree=51
num_leaves=24
num_cat=5
split_feature=0 0 5 7 7 5 0 5 5 5 5 0 14 0 5 5 5 9 5 7 9 15 9
split_gain=81.8184 34.9934 10.2793 7.07793 6.62777 4.67277 8.57064 3.34512 2.72849 2.66533 2.30386 1.95942 1.7782 1.65818 2.66723 1.85357 1.58637 1.37529 1.33425 1.3208 1.37517 2.41909 1.65456
threshold=0 1 0.96614232066531724 1.0000000180025095e-35 2.5000000000000004 1.2994426869863489 2 0.62850798343534187 0.78493427256843895 0.71283530371631154 1.1153207202073521 3 28523.785437470815 4 0.44510901738983766 0.59363815052548841 1.4070340389700129 32087.46360967098 1.1287681634439279 1.5000000000000002 13320.461549423691 42.101107727748541 70.861480953857779
decision_type=1 1 2 2 2 2 1 2 2 2 2 1 2 1 2 2 2 2 2 2 2 2 2
left_child=3 2 7 8 5 9 16 -2 17 13 -6 -11 -8 15 -15 -3 -7 -1 -5 -20 21 -21 -23
right_child=1 4 -4 18 10 6 12 -9 -10 11 -12 -13 -14 14 -16 -17 -18 -19 19 20 -22 22 -24
leaf_value=-0.0013728207705282131 -0.0019866683740747959 0.001180717901258932 0.086814866111399838 -0.00086647580576852408 0.0016668485179157533 0.0046810349070672275 -0.0040576217010563163 0.015470926819511656 -0.0033608185028318419 -0.00046856890273913598 0.0075497047084614691 0.00082412200421129185 3.6932901283037722e-05 -0.0062318268708901614 -0.0011899973489746419 -0.00088783652931411221 0.01697423559412289 -0.0028561194200359798 -0.0028905332386104793 -0.0029206737783650017 -0.0031822551220683061 -0.0017153356850604486 0.0012933957856365809
leaf_weight=161 44 53 293 521 239 67 24 170 620 335 117 906 108 21 119 71 63 31 82 43 47 23 41
leaf_count=161 44 53 293 521 239 67 24 170 620 335 117 906 108 21 119 71 63 31 82 43 47 23 41
internal_value=-0.000196475 0.00518939 0.0168762 -0.00919886 0.0023324 0.00108942 0.00725191 0.0088785 -0.0125 1.66113e-05 0.00856742 0.000987107 -0.00211268 -0.00454545 -0.008 0 0.0157143 -0.00729167 -0.00577939 -0.00889831 -0.00616883 -0.00303738 0.003125
internal_weight=4199 2630 507 1569 2123 1767 262 214 812 1505 356 1241 132 264 140 124 130 192 757 236 154 107 64
internal_count=4199 2630 507 1569 2123 1767 262 214 812 1505 356 1241 132 264 140 124 130 192 757 236 154 107 64
cat_boundaries=0 1 2 3 4 5
cat_threshold=35 128 20 64 72
is_linear=0
shrinkage=0.05


Tree=52
num_leaves=24
num_cat=6
split_feature=0 0 5 7 7 5 0 5 5 5 5 8 0 14 0 5 5 5 9 15 11 14 0
split_gain=73.2093 30.0422 9.69631 7.01433 5.94935 4.42952 8.23547 3.84395 2.29905 2.2411 2.23677 2.04444 1.86486 1.7782 1.7008 2.06176 2.05056 1.44384 1.37529 1.35 1.25071 1.28749 1.22215
threshold=0 1 1.0632720573186565 1.0000000180025095e-35 2.5000000000000004 1.2994426869863489 2 0.62850798343534187 1.1153207202073521 0.71283530371631154 0.78493427256843895 1.0000000180025095e-35 3 28523.785437470815 4 0.62850798343534187 0.44510901738983766 1.3572596427166561 32087.46360967098 36.108001881607926 1.5439646316424216 162339.23336334041 5
decision_type=1 1 2 2 2 2 1 2 2 2 2 2 1 2 1 2 2 2 2 2 2 2 1
left_child=3 2 7 10 5 9 17 -2 -6 14 18 19 -11 -8 15 -3 -16 -7 -1 -9 21 -14 -5
right_child=1 4 -4 22 8 6 13 11 -10 12 -12 -13 20 -15 16 -17 -18 -19 -20 -21 -22 -23 -24
leaf_value=-0.0013041797320018035 -0.0018873349553710562 0.00089811677482090071 0.10856174708393369 -0.00077821138356223569 0.0015835060920199708 0.0036787612358854197 -0.0038547406160034992 0.018363697584944383 0.0071722194730383998 -0.00044514045760217784 -0.003192777577690248 0.031960694327049712 0.00045082949526503713 3.5086256218885839e-05 -0.0059202355273456526 -0.00095835073161888446 -0.0011304974815259106 0.012345181406768525 -0.0027133134490341798 0.011221147358874318 0.005648936634594909 0.0042524818555359058 -0.0017923724782319406
leaf_weight=161 44 69 209 492 239 35 24 45 117 335 620 74 814 108 21 55 119 95 31 135 28 64 265
leaf_count=161 44 69 209 492 239 35 24 45 117 335 620 74 814 108 21 55 119 95 31 135 28 64 265
internal_value=-0.000208383 0.00488636 0.0157157 -0.00872388 0.00223863 0.00106112 0.00706107 0.0102349 0.00814607 1.66113e-05 -0.0120074 0.0125984 0.000906527 -0.00211268 -0.00416667 0.000373134 -0.00766667 0.0153571 -0.00729167 0.00972222 0.00207424 0.00176538 -0.00531704
internal_weight=4199 2630 507 1569 2123 1767 262 298 356 1505 812 254 1241 132 264 124 140 130 192 180 906 878 757
internal_count=4199 2630 507 1569 2123 1767 262 298 356 1505 812 254 1241 132 264 124 140 130 192 180 906 878 757
cat_boundaries=0 1 2 3 4 5 6
cat_threshold=35 128 20 64 72 3
is_linear=0
shrinkage=0.05


Tree=53
num_leaves=24
num_cat=6
split_feature=0 0 0 5 5 0 5 8 5 5 5 10 15 5 5 14 1 19 15 2 0 15 6
split_gain=66.6731 22.703 10.4059 10.1837 7.36836 6.24682 5.50313 3.35359 3.14197 2.87655 2.07097 1.9836 1.90415 1.83197 1.69573 1.49632 2.39737 1.91223 1.71301 1.27225 1.26004 1.53248 1.22084
threshold=0 1 2 1.012892594377331 0.97864785621514683 3 1.3834267317466862 1.0000000180025095e-35 0.62850798343534187 0.65500856664796159 0.80201068204579806 2.5000000000000004 24.371585625584189 1.1246321737264284 0.57324090082199908 96918.718267843491 4 1.0000000180025095e-35 116.28100362387077 2033.5000000000002 5 13.761473223661897 1.5000000000000002
decision_type=1 1 1 2 2 1 2 2 2 2 2 2 2 2 2 2 1 2 2 2 1 2 2
left_child=1 3 14 8 9 6 7 15 -1 -3 12 -12 -4 19 -2 16 -6 -18 -17 -9 -16 -22 -11
right_child=2 4 10 -5 5 -7 -8 13 -10 22 11 -13 -14 -15 20 18 17 -19 -20 -21 21 -23 -24
leaf_value=-0.0017929682076025079 0.00080467628150419088 -0.001263931736089874 0.000364353403817036 0.092804165059505062 -0.0005025485985567568 -0.00015208468806752196 0.015983178371013745 0.0056425842953456706 0.016475780822278251 0.00014530189449420418 -0.0030163168570677221 -0.00064225279643668478 -0.0016938777328634762 0.0089985338206580289 -0.00029819211632465262 0.0067000070313056439 0.0038344922096041237 0.0018918791558671544 0.0045048939557714995 -7.2883184190297717e-06 -0.0024883160884116989 -0.00090264142950670096 0.0023351897895693254
leaf_weight=44 65 168 25 245 82 264 82 28 218 524 716 83 240 85 525 34 21 156 66 27 22 450 29
leaf_count=44 65 168 25 245 82 264 82 28 218 524 716 83 240 85 525 34 21 156 66 27 22 450 29
internal_value=-0.000160753 0.00620499 -0.00636704 0.0153288 0.00317259 0.00636095 0.00917936 0.00736473 0.00877863 -0.000520111 -0.00986965 -0.0112328 -0.00613208 0.0139286 -0.00279851 0.00480501 0.00279923 0.00607345 0.01 0.00681818 -0.00333501 -0.00518672 0.00122061
internal_weight=4199 2073 2126 507 1566 845 581 499 262 721 1064 799 265 140 1062 359 259 177 100 55 997 472 553
internal_count=4199 2073 2126 507 1566 845 581 499 262 721 1064 799 265 140 1062 359 259 177 100 55 997 472 553
cat_boundaries=0 1 2 3 4 5 6
cat_threshold=156 128 66 20 1 64
is_linear=0
shrinkage=0.05


Tree=54
num_leaves=24
num_cat=4
split_feature=0 0 5 0 5 0 5 7 7 5 5 7 7 2 7 10 5 2 14 15 19 16 2
split_gain=61.0367 21.7482 11.3096 8.94324 7.13852 5.91319 5.74239 5.1478 4.01405 2.81098 2.6965 2.26965 2.23911 2.06138 1.5405 1.51073 1.9703 1.93632 1.45455 1.93311 1.61738 1.42341 1.3501
threshold=0 1 1.012892594377331 2 0.97864785621514683 3 1.3834267317466862 1.0000000180025095e-35 1.0000000180025095e-35 0.52541672543949758 0.60124670721575979 2.5000000000000004 1.0000000180025095e-35 2030.5000000000002 1.5000000000000002 2.5000000000000004 0.73459936002505744 2034.5000000000002 96918.718267843491 116.28100362387077 1.0000000180025095e-35 1.4758333333333338 2037.5000000000002
decision_type=1 1 2 1 2 1 2 2 2 2 2 2 2 2 2 2 2 2 2 2 2 2 2
left_child=1 2 9 14 10 6 7 18 15 -1 -3 -12 13 -11 -2 16 17 -5 20 -20 -6 -13 -15
right_child=3 4 -4 8 5 -7 -8 -9 -10 12 11 21 -14 22 -16 -17 -18 -19 19 -21 -22 -23 -24
leaf_value=-0.013048994779083745 -0.00079907280369448386 -0.0015756427455975277 0.088163956806529831 -0.0026592627568943331 0.0030932718724333897 -0.00014448045366414198 0.015184019452463055 0.0066314150902714647 -0.001443244476595762 -0.0026657645799989084 -0.00017787996000376838 -0.00034573227440206635 0.023012025350169021 0.015651991781164321 3.4970377478760196e-05 -0.00074920272411615205 -0.0033208822649604397 0.00047260253272841116 0.0063650066797403598 0.00097873206420418532 -0.000148324204265482 0.0022408663122498009 -0.00046828572468498035
leaf_weight=20 727 115 245 56 21 264 82 235 506 36 487 41 131 52 335 53 420 29 26 46 171 78 23
leaf_count=20 727 115 245 56 21 264 82 235 506 36 487 41 131 52 335 53 420 29 26 46 171 78 23
internal_value=-7.73994e-05 0.00601296 0.014942 -0.00601592 0.00304569 0.00618343 0.00892555 0.00706413 -0.00926443 0.00801527 -0.000589459 0.000742574 0.00950413 0.00427928 -0.00270522 -0.012276 -0.0131188 -0.00617647 0.00227273 0.00833333 0 0.00693277 0.009
internal_weight=4199 2073 507 2126 1566 845 581 499 1064 262 721 606 242 111 1062 558 505 85 264 72 192 119 75
internal_count=4199 2073 507 2126 1566 845 581 499 1064 262 721 606 242 111 1062 558 505 85 264 72 192 119 75
cat_boundaries=0 1 2 3 4
cat_threshold=156 128 66 20
is_linear=0
shrinkage=0.05


Tree=55
num_leaves=24
num_cat=4
split_feature=0 0 5 0 5 0 5 7 5 7 5 7 7 10 17 2 5 7 15 14 15 14 7
split_gain=56.7948 21.1635 11.2084 8.07331 6.50352 5.53502 3.9266 3.70536 3.19113 2.9757 2.96951 2.94196 1.88577 1.83266 1.75549 1.69766 1.44048 1.43882 1.43676 1.88063 1.406 1.36843 1.35087
threshold=0 1 1.0503106425183286 2 1.1984608579909508 3 0.65500856664796159 1.0000000180025095e-35 1.4217699221021534 2.5000000000000004 0.62850798343534187 1.5000000000000002 1.0000000180025095e-35 1.5000000000000002 74.884166666666673 2030.5000000000002 1.2892373734878864 1.5000000000000002 24.812388260590357 44703.318845095935 27.493607856082857 18480.883197255494 1.0000000180025095e-35
decision_type=1 1 2 1 2 1 2 2 2 2 2 2 2 2 2 2 2 2 2 2 2 2 2
left_child=1 2 10 17 6 8 22 -5 11 13 -1 -6 15 18 -7 -12 -16 -2 -8 -20 -11 -15 -3
right_child=3 4 -4 7 5 14 9 -9 -10 20 12 -13 -14 21 16 -17 -18 -19 19 -21 -22 -23 -24
leaf_value=-0.0019168257385106082 -0.0007591191635097583 -0.0022974445964871969 0.093110732120698592 -0.0027639890175594223 0.0032669962082684024 -0.0022285855149526412 -0.0022836548688682013 -0.0013710822527659761 0.016616705206659921 0.0049927488566441029 -0.0010887559567265281 0.0084789456958164425 0.023190587988946534 -0.00024257013174289744 0.0055363720629178831 0.013726038933403517 -0.00021299512289875145 3.3221858604820521e-05 0.0014938303065603843 -0.00017258762914214022 0.0017222502144363383 0.0034571284226880051 -0.00012039587883529713
leaf_weight=44 727 88 215 558 125 58 55 506 65 29 38 63 132 38 27 78 36 335 189 467 159 87 80
leaf_count=44 727 88 215 558 125 58 55 506 65 29 38 63 132 38 27 78 36 335 189 467 159 87 80
internal_value=-2.9769e-05 0.00584494 0.0146518 -0.00575843 0.00291878 0.00868984 0.00113255 -0.00884544 0.0126426 0.00229492 0.00856164 0.00984043 0.0106855 0.00101675 -0.000572519 0.00603448 0.00515873 -0.00261194 3.51617e-05 0.000685976 0.00797872 0.0066 -0.00595238
internal_weight=4199 2073 507 2126 1566 374 1192 1064 253 1024 292 188 248 836 121 116 63 1062 711 656 188 125 168
internal_count=4199 2073 507 2126 1566 374 1192 1064 253 1024 292 188 248 836 121 116 63 1062 711 656 188 125 168
cat_boundaries=0 1 2 3 4
cat_threshold=156 128 66 20
is_linear=0
shrinkage=0.05


Tree=56
num_leaves=24
num_cat=4
split_feature=0 0 5 0 5 0 5 5 5 5 8 8 2 15 10 5 14 15 14 2 36 5 9
split_gain=52.921 20.7033 11.3728 8.21856 6.26219 5.22332 3.47125 3.46074 2.85077 2.26085 1.98906 1.57532 1.58719 1.55263 1.53023 1.34243 1.64229 1.51642 1.47374 1.82848 1.27693 1.47413 2.29759
threshold=0 1 1.0503106425183286 2 1.1984608579909508 3 0.65500856664796159 1.4217699221021534 0.52541672543949758 0.81306325873261354 1.0000000180025095e-35 1.0000000180025095e-35 2034.5000000000002 24.371585625584189 2.5000000000000004 0.80526734759815788 28933.703654352354 36.108001881607926 42808.830599797126 2032.5000000000002 1.8296825856163521 1.0179578550006412 1329.1686448048006
decision_type=1 1 2 1 2 1 2 2 2 2 2 2 2 2 2 2 2 2 2 2 2 2 2
left_child=1 2 8 20 6 7 -3 10 -1 13 -6 15 -13 -5 -11 16 -10 -17 -19 -20 21 22 -2
right_child=3 4 -4 9 5 -7 -8 -9 11 14 -12 12 -14 -15 -16 17 -18 18 19 -21 -22 -23 -24
leaf_value=-0.012300703753204023 0.00042189048205348303 -0.001041448817742835 0.088455195514663659 0.00048685207009426803 0.0031036463978549866 -0.00018658536287927686 0.00087543571664098216 0.015785869946326924 0.020809734159983242 -0.0026792405080496465 0.0077930890903207262 0.027140416726475981 0.021477969909732022 -0.0013380212574976139 -0.00051085711006795408 0.01436603223210038 -0.0016900968701103914 -0.0042484513464339461 0.0056397393909430882 0.018446548269503493 0.00036870622938048884 -0.0010193279151685497 -0.00051539978144613809
leaf_weight=20 193 168 215 25 131 121 1024 65 21 701 57 45 34 256 82 30 47 27 27 41 27 494 348
leaf_count=20 193 168 215 25 131 121 1024 65 21 701 57 45 34 256 82 30 47 27 27 41 27 494 348
internal_value=-1.78614e-05 0.0056529 0.0143617 -0.00554775 0.00276015 0.00842246 0.00100671 0.0122624 0.00821918 -0.00865922 0.00930851 0.00955882 0.0155063 -0.00489324 -0.0101213 0.00712435 0.00147059 0.0102 0.00710526 0.0110294 -0.00237873 -0.00268116 -0.000878004
internal_weight=4199 2073 507 2126 1566 374 1192 253 292 1064 188 272 79 281 783 193 68 125 95 68 1062 1035 541
internal_count=4199 2073 507 2126 1566 374 1192 253 292 1064 188 272 79 281 783 193 68 125 95 68 1062 1035 541
cat_boundaries=0 1 2 3 4
cat_threshold=156 128 66 20
is_linear=0
shrinkage=0.05


Tree=57
num_leaves=24
num_cat=4
split_feature=0 0 5 0 5 7 7 5 5 15 7 0 5 5 10 7 15 16 2 5 5 15 15
split_gain=45.6046 20.2508 11.7987 7.52773 5.4088 4.5933 4.40759 3.01648 2.37994 2.37558 2.27831 2.32524 2.27046 2.05498 2.60631 1.91854 1.77234 1.76087 1.50309 1.43918 1.42606 1.77781 1.41665
threshold=0 1 1.0503106425183286 2 0.97864785621514683 1.5000000000000002 1.5000000000000002 0.83296196964687219 1.3834267317466862 25.656833035084436 2.5000000000000004 3 0.44510901738983766 0.80864045418109476 2.5000000000000004 1.0000000180025095e-35 22.754466787808642 1.4758333333333338 2039.5000000000002 0.59363815052548841 0.87316366926095168 66.903596478305033 28.947338587900965
decision_type=1 1 2 1 2 2 2 2 2 2 2 1 2 2 2 2 2 2 2 2 2 2 2
left_child=1 2 7 19 10 13 8 9 -6 -1 11 -3 -13 -5 -15 17 -14 -11 -7 -2 -18 -22 -8
right_child=3 4 -4 5 6 18 22 -9 -10 15 -12 12 16 14 -16 -17 20 -19 -20 -21 21 -23 -24
leaf_value=-0.00260923265697105 0.00040642919972791182 0.00092185941873818575 0.084032435738930475 -0.0013842241505577363 0.00079017323861668156 -0.00082047669572638546 0.0065397879530561644 0.016647823825710017 0.0063607154642090439 0.0071554979436823547 0.0013560032326023431 -0.0053282446802151275 -0.00089984153300012859 -0.0028855285495557603 -0.00029732069804121468 0.016250470030009789 -0.00067598579077293719 -0.0097050153141164056 0.0013827663243358075 -0.00056458504326135917 0.0018382757712469778 -0.00081459485340072972 0.0041546227833938465
leaf_weight=26 76 192 215 191 482 321 71 164 91 23 134 21 36 479 53 56 233 23 20 986 51 54 201
leaf_count=26 76 192 215 191 482 321 71 164 91 23 134 21 36 479 53 56 233 23 20 986 51 54 201
internal_value=0.000101215 0.00536486 0.0139749 -0.00503277 0.00250635 -0.00800745 0.00523669 0.00770548 0.00274869 0.00195312 -0.000658807 -0.0020017 -0.0041358 -0.0103389 -0.0119361 0.00539216 -0.00334225 -0.00217391 -0.00329912 -0.0020056 -0.00221893 0.00261905 0.0104779
internal_weight=4199 2073 507 2126 1566 1064 845 292 573 128 721 587 395 723 532 102 374 46 341 1062 338 105 272
internal_count=4199 2073 507 2126 1566 1064 845 292 573 128 721 587 395 723 532 102 374 46 341 1062 338 105 272
cat_boundaries=0 1 2 3 4
cat_threshold=156 128 66 8
is_linear=0
shrinkage=0.05


Tree=58
num_leaves=24
num_cat=4
split_feature=0 0 5 0 7 5 7 0 5 5 15 5 10 5 5 7 2 5 14 15 15 14 36
split_gain=42.7247 18.2456 11.1704 6.60514 5.34494 4.96895 4.06778 3.61303 3.51889 3.30361 2.10842 1.91593 2.37868 1.82691 1.76209 1.72201 1.50309 1.44295 1.37403 1.58088 1.3112 1.23482 1.21061
threshold=0 1 1.0503106425183286 2 1.0000000180025095e-35 1.0527453708314882 1.5000000000000002 3 0.72497800467145923 0.83296196964687219 25.656833035084436 0.80864045418109476 2.5000000000000004 1.1287681634439279 1.3834267317466862 1.5000000000000002 2039.5000000000002 1.2994426869863489 23020.48650124203 42.101107727748541 28.947338587900965 116883.74879768702 1.8296825856163521
decision_type=1 1 2 1 2 2 2 1 2 2 2 2 2 2 2 2 2 2 2 2 2 2 2
left_child=1 2 9 22 8 -6 11 17 -3 10 -1 -5 -13 -9 -10 -12 21 -7 -11 -20 -15 -8 -2
right_child=3 4 -4 6 5 7 16 13 14 18 15 12 -14 20 -16 -17 -18 -19 19 -21 -22 -23 -24
leaf_value=-0.0024787710241225059 -0.00044911540226875161 -0.0013479745461327354 0.079830813951983937 -0.0013150129430298503 0.00074010441302629351 0.0061318511449378168 -0.00060676622413421424 0.0054602537891284665 0.00012429878064151856 0.0066503510905527863 -0.00076699899046501769 -0.0027412521220779753 -0.00028245466313915336 0.0021107014355641108 0.0058769641315982724 0.020764361986692716 0.0013136280081190194 0.010108926503801009 0.023200907487913282 0.015900982058083723 -0.0036747030911783774 -0.0024967874930108603 0.00037850017007453609
leaf_weight=26 1035 129 215 191 430 140 251 31 619 34 62 479 53 27 70 40 20 72 27 103 48 70 27
leaf_count=26 1035 129 215 191 430 140 251 31 619 34 62 479 53 27 70 40 20 72 27 103 48 70 27
internal_value=2.9769e-05 0.00512482 0.0132979 -0.00493914 0.00241117 0.00548128 -0.00772812 0.0102201 -0.000366748 0.00719178 0.00117188 -0.00992393 -0.0114662 0.00172414 0.00105225 0.00441176 -0.00329912 0.0137387 0.0118902 0.0142308 -0.00233333 -0.00412773 -0.00209888
internal_weight=4199 2073 507 2126 1566 748 1064 318 818 292 128 723 532 106 689 102 341 212 164 130 75 321 1062
internal_count=4199 2073 507 2126 1566 748 1064 318 818 292 128 723 532 106 689 102 341 212 164 130 75 321 1062
cat_boundaries=0 1 2 3 4
cat_threshold=156 128 66 20
is_linear=0
shrinkage=0.05


Tree=59
num_leaves=24
num_cat=0
split_feature=7 5 5 7 15 9 5 11 14 9 5 14 14 14 7 2 15 9 9 11 9 2 5
split_gain=11.4846 3.58864 3.17169 2.56238 1.75763 1.5231 1.62153 2.35097 1.2959 1.47273 1.35087 1.29371 2.91067 1.4628 1.24848 1.6175 1.36762 1.75339 1.44024 1.22867 1.2027 1.19317 1.22386
threshold=1.0000000180025095e-35 1.1016024789624379 1.4158576102881872 1.5000000000000002 125.56580484230888 1.0000000180025095e-35 0.86354054545950343 0.59549417801071247 110572.56830359406 42309.878281259305 0.71654816570429147 42045.363670888539 57546.577040970296 35506.820326091758 2.5000000000000004 2035.5000000000002 82.822949980327493 638.36927651137228 4832.2387531444283 0.39173258109441972 1031.6042420655997 2038.5000000000002 0.92432712047662835
decision_type=2 2 2 2 2 2 2 2 2 2 2 2 2 2 2 2 2 2 2 2 2 2 2
left_child=2 14 5 -3 11 -1 8 19 -7 -10 -11 13 -13 -5 -2 -16 17 -17 -19 21 -18 22 -8
right_child=1 3 -4 4 -6 6 7 -9 9 10 -12 12 -14 -15 15 16 20 18 -20 -21 -22 -23 -24
leaf_value=-0.00029274563978958222 -8.7686917948526243e-06 0.00052705628329758334 0.0012241426727641004 0.0027261765193049682 0.0010847880212351447 -0.0012202592854600736 0.00039291346241682461 -0.0018834471515436213 -0.0018781405768781428 -0.002627123283871019 0.00052630869508386857 0.01003092141069108 0.0025540831311096496 -0.0025016481714320361 0.0014427106381985771 -0.0017556599320415673 0.00024946189727066416 0.0044392677032549068 0.00078944894267295456 0.0019788612270986053 -0.0023728189518227418 0.0009335522935912 -0.00095261221386949149
leaf_weight=515 852 250 155 141 86 384 94 36 44 27 28 46 168 40 312 28 21 22 37 20 46 130 717
leaf_count=515 852 250 155 141 86 384 94 36 44 27 28 46 168 40 312 28 21 22 37 20 46 130 717
internal_value=1.78614e-05 0.00269644 -0.00253488 0.00550616 0.00764033 -0.00307018 -0.00388514 -0.0027332 -0.00626294 -0.0113636 -0.00590909 0.00905063 0.0116822 0.00593923 0.00113809 0.00321888 -0.000974026 0.00316092 0.00805085 -0.00226327 -0.00634328 -0.00252391 -0.00323674
internal_weight=4199 2049 2150 731 481 1995 1480 997 483 99 55 395 214 181 1318 466 154 87 59 961 67 941 811
internal_count=4199 2049 2150 731 481 1995 1480 997 483 99 55 395 214 181 1318 466 154 87 59 961 67 941 811
is_linear=0
shrinkage=0.05


Tree=60
num_leaves=24
num_cat=7
split_feature=0 0 5 7 7 5 0 5 0 5 0 15 1 5 10 5 9 5 5 15 0 9 7
split_gain=39.504 20.7909 11.7287 4.66638 3.48852 3.12996 2.38028 2.36533 4.93882 4.6968 3.36507 2.11432 1.97298 1.96468 2.29055 1.85717 1.68668 1.61556 1.59714 1.51868 1.41786 1.92696 1.41368
threshold=0 1 1.1057560744425055 2.5000000000000004 1.5000000000000002 0.83296196964687219 2 0.89340953320853456 3 1.4368553152526682 4 134.51858932403073 5 0.80864045418109476 2.5000000000000004 0.44510901738983766 21518.751147060382 1.3618862516084771 1.0632720573186565 25.656833035084436 6 2911.1856199422177 1.5000000000000002
decision_type=1 1 2 2 2 2 1 2 1 2 1 2 1 2 2 2 2 2 2 2 1 2 2
left_child=4 2 5 7 6 19 -1 10 9 -9 12 17 -3 -8 -15 -12 20 -5 -10 -2 21 -6 -21
right_child=1 3 -4 11 16 -7 13 8 18 -11 15 -13 -14 14 -16 -17 -18 -19 -20 22 -22 -23 -24
leaf_value=-0.00096196460213310026 -0.0022804344924788446 -0.00051914929943258083 0.088497862454199175 0.0017997369434306855 -0.0008694041026460459 0.015428818653164967 -0.0011939788573008927 0.0017877776543460235 0.00055017103846041195 0.014323485335581998 -0.004933420754624729 -0.00018475302174297825 0.0010585647347479965 -0.0025671558457731197 -0.00026789349539245167 -0.00063443257099597976 -0.0021533713074528282 0.0048293893643334695 -0.00080091479929473306 -0.00072821060635201999 -0.0006670112322039901 0.00099222640716069852 0.019690295338697972
leaf_weight=344 26 142 183 277 138 196 191 531 209 49 21 55 153 479 53 280 101 24 382 62 155 108 40
leaf_count=344 26 142 183 277 138 196 191 531 209 49 21 55 153 479 53 280 101 24 382 62 155 108 40
internal_value=-2.9769e-05 0.00371212 0.0127176 0.00151195 -0.00628562 0.00725309 -0.00794283 0.000466893 0.00177199 0.005 -0.00209732 0.00674157 0.00172131 -0.0095839 -0.0112782 -0.0057074 -0.00288845 0.0083887 -0.00145591 0.00117188 -0.00143392 0.000976562 0.00392157
internal_weight=4199 2630 507 2123 1569 324 1067 1767 1171 580 596 356 295 723 532 301 502 301 591 128 401 246 102
internal_count=4199 2630 507 2123 1569 324 1067 1767 1171 580 596 356 295 723 532 301 502 301 591 128 401 246 102
cat_boundaries=0 1 2 3 4 5 6 7
cat_threshold=35 128 2 20 72 1 3
is_linear=0
shrinkage=0.05


Tree=61
num_leaves=24
num_cat=6
split_feature=0 0 5 0 5 0 7 7 5 5 5 5 0 5 5 10 15 15 5 15 7 1 5
split_gain=37.8527 16.7597 11.7287 6.74654 4.24726 3.77401 4.04824 3.49501 2.74077 2.55503 2.08629 1.92276 1.85012 2.59428 1.72275 2.11926 1.46512 1.32168 1.27642 1.55458 1.23236 2.03122 1.21236
threshold=0 1 1.1057560744425055 2 0.97864785621514683 3 1.0000000180025095e-35 1.5000000000000002 0.83296196964687219 1.4590833241574643 1.2994426869863489 0.59363815052548841 4 0.55782275054609032 0.80864045418109476 2.5000000000000004 24.812388260590357 38.355267274579568 0.84976300489942436 61.321887715127346 1.0000000180025095e-35 5 1.1016024789624379
decision_type=1 1 2 1 2 1 2 2 2 2 2 2 1 2 2 2 2 2 2 2 2 1 2
left_child=1 2 8 11 12 6 9 14 -1 -6 -8 -2 18 17 -5 -16 -15 -14 19 -3 21 -10 -7
right_child=3 4 -4 7 5 22 10 -9 20 -11 -12 -13 13 16 15 -17 -18 -19 -20 -21 -22 -23 -24
leaf_value=0.0020827427131686728 0.00045247214957700181 0.0038206797791873418 0.084072969331489222 -0.0011342799144358484 0.00095740858850371655 0.0020419116384422843 0.0048632673383265379 -0.00055593973951251761 -0.00099343534360887289 0.014270642222199576 0.0091994661823486378 -0.00048436795203094245 -0.00070280277671425648 -0.00081401220821064602 -0.0024387980534844645 -0.00025449882062282824 7.5685939706637848e-07 -0.0040464029526766565 -0.00025897069401607521 0.00098821031916502817 0.022533120388896235 0.01336479303037761 -0.00069595259733085113
leaf_weight=128 76 75 183 191 284 75 201 341 39 24 72 986 28 40 479 53 375 36 88 79 106 51 189
leaf_count=128 76 75 183 191 284 75 201 341 39 24 72 986 28 40 479 53 375 36 88 79 106 51 189
internal_value=8.9307e-05 0.00488478 0.0127176 -0.00458801 0.00228426 0.00470414 0.00689509 -0.00740223 0.00725309 0.00308442 0.0114469 -0.00172575 -0.000520111 -0.00230061 -0.00943983 -0.0109023 -0.000903614 -0.0117188 0.00297619 0.00584416 0.0109694 0.00666667 -0.000364964
internal_weight=4199 2073 507 2126 1566 845 581 1064 324 308 273 1062 721 479 723 532 415 64 242 154 196 90 264
internal_count=4199 2073 507 2126 1566 845 581 1064 324 308 273 1062 721 479 723 532 415 64 242 154 196 90 264
cat_boundaries=0 1 2 3 4 5 6
cat_threshold=156 128 66 20 8 2
is_linear=0
shrinkage=0.05


Tree=62
num_leaves=24
num_cat=5
split_feature=0 0 5 0 7 7 5 5 0 5 7 5 15 5 17 5 10 0 5 15 17 5 15
split_gain=35.4275 15.8381 11.4001 6.31065 3.68361 3.59335 2.87575 2.72619 2.62518 2.42795 1.99524 1.8992 1.82287 1.81674 1.8426 1.6195 2.01342 1.61322 1.86596 1.51868 1.49412 1.50728 1.42427
threshold=0 1 1.0894399391156535 2 2.5000000000000004 1.5000000000000002 0.97864785621514683 0.83296196964687219 3 1.5137990806277084 1.0000000180025095e-35 0.59363815052548841 26.190656645233041 1.0566613915605825 74.884166666666673 0.81306325873261354 2.5000000000000004 4 0.44510901738983766 25.656833035084436 74.884166666666673 0.85301416984164968 22.107445330116295
decision_type=1 1 2 1 2 2 2 2 1 2 2 2 2 2 2 2 2 1 2 2 2 2 2
left_child=1 2 7 11 6 15 17 19 9 10 -8 -2 -6 -10 -15 -5 -17 20 -19 -1 -3 -22 -20
right_child=3 4 -4 5 12 -7 8 -9 13 -11 -12 -13 -14 14 -16 16 -18 18 22 -21 21 -23 -24
leaf_value=-0.0022705499035133416 0.00042984854209815183 0.0026000123066075909 0.077416865903325416 -0.0010775659187140575 0.0045554892522857715 -0.00052814275253689207 0.00091234024491858583 0.014169895013444213 0.0022627797706136102 0.014298095321394944 0.004793887131473152 -0.00046014955442939267 0.0014661995012588581 -0.0023250875105992885 0.00023120349345839841 -0.0023168581508102417 -0.00024177387959168907 -0.0046516095780577754 -0.00095432007338098763 0.0055672979491660614 0.00072459195871839028 -0.0026719874292273297 -0.00030407418112965434
leaf_weight=26 76 109 188 193 54 341 291 191 37 28 167 986 215 86 101 477 53 21 35 102 53 30 339
leaf_count=26 76 109 188 193 54 341 291 191 37 28 167 986 215 86 101 477 53 21 35 102 53 30 339
internal_value=7.73994e-05 0.00471675 0.0123308 -0.00444757 0.00218909 -0.00716946 0.00109869 0.00681818 0.00323944 0.00524194 0.00447598 -0.0016791 0.00752788 -0.00128205 -0.00334225 -0.00923237 -0.0106604 -0.00149063 -0.0032716 0.00117188 0.00222772 -0.00271084 -0.00254011
internal_weight=4199 2073 507 2126 1566 1064 1297 319 710 486 458 1062 269 224 187 723 530 587 395 128 192 83 374
internal_count=4199 2073 507 2126 1566 1064 1297 319 710 486 458 1062 269 224 187 723 530 587 395 128 192 83 374
cat_boundaries=0 1 2 3 4 5
cat_threshold=156 128 66 20 8
is_linear=0
shrinkage=0.05


Tree=63
num_leaves=24
num_cat=6
split_feature=0 0 5 5 7 7 0 5 0 5 0 1 15 5 15 36 9 5 9 5 5 7 5
split_gain=33.1228 18.0819 10.5602 3.39151 3.38869 3.34469 2.06518 1.92546 3.84489 2.66691 2.05623 1.83029 1.73748 1.55507 1.54101 1.68405 1.47282 1.50275 1.4652 1.37733 1.34649 1.3088 1.57812
threshold=0 1 1.1849080813926278 0.83296196964687219 2.5000000000000004 1.5000000000000002 2 0.89340953320853456 3 1.4368553152526682 4 5 134.51858932403073 0.44510901738983766 12.075825483843191 0.21725632465521758 33923.018226849999 1.3618862516084771 21518.751147060382 1.0719064968597067 0.81306325873261354 1.0000000180025095e-35 1.0942162355239466
decision_type=1 1 2 2 2 2 1 2 1 2 1 1 2 2 2 2 2 2 2 2 2 2 2
left_child=2 4 3 -1 7 6 -3 10 9 21 11 -2 16 -12 -10 19 17 -6 -7 -16 -8 -9 -23
right_child=1 5 -4 -5 12 18 20 8 14 -11 13 -13 -14 -15 15 -17 -18 -19 -20 -21 -22 22 -24
leaf_value=0.0018961868763689106 -0.00058159429468770398 -0.00086664049670342753 0.093075618535752025 0.016533575887749487 0.0013312240665377395 -0.0002075175513074623 -0.0010236876227783548 0.00063253884113628203 0.00080000680654667149 0.012201436720428472 -0.0044190290991548862 0.00096152046342684041 -0.00024886318868863058 -0.00053599617077069734 0.00055228266662799843 -0.0019164949339648962 0.0040320518066079506 0.0045063982826519912 -0.0019984768667571651 -0.00073336459805526397 -0.0020363790561924696 0.001341361162294108 0.0052879766259044452
leaf_weight=128 142 344 139 240 249 401 193 340 20 49 21 153 55 280 202 24 29 23 101 345 530 95 96
leaf_count=128 142 344 139 240 249 401 193 340 20 49 21 153 55 280 202 24 29 23 101 345 530 95 96
internal_value=8.9307e-05 -0.00156672 0.0119439 0.00774457 0.00144163 -0.00562065 -0.00723993 0.000551783 0.00172929 0.00457627 -0.00176174 0.00122951 0.00589888 -0.00458199 -0.00112313 -0.00161996 0.00739203 0.00625 -0.00229084 -0.00105119 -0.00876535 0.00362524 0.00693717
internal_weight=4199 3692 507 368 2123 1569 1067 1767 1171 580 596 295 356 301 591 571 301 272 502 547 723 531 191
internal_count=4199 3692 507 368 2123 1569 1067 1767 1171 580 596 295 356 301 591 571 301 272 502 547 723 531 191
cat_boundaries=0 1 2 3 4 5 6
cat_threshold=128 92 2 20 72 1
is_linear=0
shrinkage=0.05


Tree=64
num_leaves=24
num_cat=6
split_feature=0 0 5 5 7 7 5 0 5 0 0 1 15 5 15 5 10 15 7 9 7 14 15
split_gain=31.5316 16.2295 10.5538 3.65005 3.4405 3.21301 1.92546 3.40237 2.27705 2.05623 1.8478 1.83029 1.76563 1.55507 1.50302 1.42533 1.66059 1.41068 1.60912 1.3613 1.41445 1.34995 1.52687
threshold=0 1 1.187739437534997 0.83296196964687219 1.5000000000000002 2.5000000000000004 0.89340953320853456 2 1.4368553152526682 3 4 5 28.411726000518211 0.44510901738983766 12.075825483843191 0.81306325873261354 2.5000000000000004 25.656833035084436 1.5000000000000002 16142.883537625179 1.0000000180025095e-35 86975.927684141003 139.82270853467313
decision_type=1 1 2 2 2 2 2 1 2 1 1 1 2 2 2 2 2 2 2 2 2 2 2
left_child=2 5 3 17 10 6 9 8 19 11 -3 -2 -7 -11 -9 -12 -17 -1 -19 20 -8 -21 -23
right_child=1 4 -4 -5 -6 12 7 14 -10 13 15 -13 -14 -15 -16 16 -18 18 -20 21 -22 22 -24
leaf_value=-0.0022518317521561305 -0.00055251457995331708 -0.00082330847186825879 0.088531005243346658 0.015781357962065323 -0.00038658017529021038 0.0037602571911053541 0.00080938370937702067 0.00076000646621933736 0.011591364884407053 -0.0041980776441971407 -0.00097250324163943589 0.00091344444025550091 0.0012214417357176933 -0.00050919636223216165 -0.00028612879764596812 -0.0020991962904601063 -0.00012786623280248156 -0.0011691114529695846 0.01822846919482788 -0.0021652915959750828 0.0038251148464685915 0.0054572360860408176 -0.00090534801367362922
leaf_weight=26 142 344 136 243 502 82 266 20 49 21 193 153 274 280 571 477 53 62 40 53 138 40 34
leaf_count=26 142 344 136 243 502 82 266 20 49 21 193 153 274 280 571 477 53 62 40 53 138 40 34
internal_value=0.000184568 -0.00143166 0.0117505 0.00761456 -0.00527232 0.00141819 0.000551783 0.00172929 0.00440678 -0.00176174 -0.0069119 0.00122951 0.00575843 -0.00458199 -0.000956739 -0.00835607 -0.00981132 0.00078125 0.00343137 0.00353107 0.0049505 -0.000984252 0.00337838
internal_weight=4199 3692 507 371 1569 2123 1767 1171 580 596 1067 295 356 301 591 723 530 128 102 531 404 127 74
internal_count=4199 3692 507 371 1569 2123 1767 1171 580 596 1067 295 356 301 591 723 530 128 102 531 404 127 74
cat_boundaries=0 1 2 3 4 5 6
cat_threshold=128 92 20 72 2 1
is_linear=0
shrinkage=0.05


Tree=65
num_leaves=24
num_cat=6
split_feature=0 0 5 7 5 0 5 0 5 5 7 7 1 5 10 0 2 5 15 15 7 2 8
split_gain=29.0743 14.4839 10.7772 3.09183 3.0308 3.02521 3.06043 2.87154 2.51869 2.46027 2.67576 1.79143 1.50222 1.41176 1.55052 1.32858 1.88785 1.6373 1.70142 1.58669 1.3605 1.31831 1.55498
threshold=0 1 1.187739437534997 1.5000000000000002 0.9728502460798758 2 0.97864785621514683 3 0.57324090082199908 1.5137990806277084 1.0000000180025095e-35 1.0000000180025095e-35 4 0.81306325873261354 2.5000000000000004 5 2036.5000000000002 0.55782275054609032 58.568473776007473 56.726740912834821 2.5000000000000004 2027.5000000000002 1.0000000180025095e-35
decision_type=1 1 2 2 2 1 2 1 2 2 2 2 1 2 2 1 2 2 2 2 2 2 2
left_child=2 3 4 13 -1 6 15 9 -7 10 -8 12 -6 -2 -15 16 19 18 -17 -3 -19 -5 -23
right_child=1 5 -4 21 11 8 7 -9 -10 -11 -12 -13 -14 14 -16 17 -18 20 -20 -21 -22 22 -24
leaf_value=0.0046203374989260753 -0.00092387807955746364 0.0034626065053883549 0.084104454981179314 -0.0019643241719334791 -0.00040531262284877468 0.00063221929859688664 0.00079462710514699442 -2.5760840346450433e-05 -0.00037755896439859994 0.014940989262935946 0.0045031328517464997 0.034952028322613328 0.01138613385279248 -0.0019942364759371 -0.00012147292116235776 -0.00023634198438656496 -0.001189612422593034 -0.00031201343455535826 -0.0046500154009324638 0.00074506780451452095 0.00097960973423701927 0.00022043510335560958 -0.0010219056514192638
leaf_weight=219 193 69 136 42 30 65 291 264 997 34 256 77 45 477 53 38 62 339 26 111 76 125 174
leaf_count=219 193 69 136 42 30 65 291 264 997 34 256 77 45 477 53 38 62 339 26 111 76 125 174
internal_value=0.000160753 -0.00139114 0.0112669 -0.00628492 0.00707547 0.00060652 0.00199873 0.00405325 -0.0014459 0.00596447 0.00525594 0.0125 0.007 -0.00819502 -0.0095283 -0.000381415 0.00257937 -0.00189162 -0.009375 0.00527778 -0.000783133 -0.00241935 -0.00125418
internal_weight=4199 3692 507 1064 371 2628 1566 845 1062 581 547 152 75 723 530 721 242 479 64 180 415 341 299
internal_count=4199 3692 507 1064 371 2628 1566 845 1062 581 547 152 75 723 530 721 242 479 64 180 415 341 299
cat_boundaries=0 1 2 3 4 5 6
cat_threshold=128 33 28 20 2 8
is_linear=0
shrinkage=0.05


Tree=66
num_leaves=24
num_cat=5
split_feature=0 0 5 5 7 7 5 7 15 9 5 0 5 0 15 9 5 7 5 1 9 5 5
split_gain=26.2427 13.4122 10.8049 3.85234 2.71767 2.52599 1.58765 1.50692 1.45169 1.71008 1.44796 3.29637 2.35382 1.84282 1.78159 1.74649 1.42829 1.41445 1.40341 1.32185 1.2876 1.23576 1.20871
threshold=0 1 0.9728502460798758 1.2286516858134353 1.0000000180025095e-35 2.5000000000000004 0.73459936002505744 1.0000000180025095e-35 134.51858932403073 33923.018226849999 0.89340953320853456 2 1.4368553152526682 3 20.926395294179958 16142.883537625179 1.3661093842275072 1.0000000180025095e-35 0.52541672543949758 4 32087.46360967098 1.0632720573186565 0.62850798343534187
decision_type=1 1 2 2 2 2 2 2 2 2 2 1 2 1 2 2 2 2 2 1 2 2 2
left_child=2 5 18 7 6 10 20 -4 9 16 13 12 15 14 -2 17 -7 -12 -1 22 -3 -13 -16
right_child=1 4 3 -5 -6 8 -8 -9 -10 -11 11 21 -14 -15 19 -17 -18 -19 -20 -21 -22 -23 -24
leaf_value=-0.011947414423755588 0.0044499131918184446 3.3622875954708588e-06 0.0087954692494592208 0.090435596076190103 -0.00045589454018020171 0.0010404868215798003 -0.0016608577251371048 0.033646648506750164 -0.00034647260275193496 0.0037882550777116001 0.00075267246269550845 0.00044001569901283013 0.010264747177039901 -0.00057707793011188004 0.0016322761423695432 -0.00065195387095571275 0.004003336748024478 0.0034087024615578445 0.00537944264309358 0.00060060833366704092 -0.001885183840483487 -0.00063090632774586157 -0.0014872175893432039
leaf_weight=20 21 117 81 113 757 251 671 94 55 29 266 209 49 301 31 127 21 138 199 135 24 382 108
leaf_count=20 21 117 81 113 757 251 671 94 55 29 266 209 49 301 31 127 21 138 199 135 24 382 108
internal_value=0.000232198 -0.00124257 0.0107834 0.0173611 -0.00473401 0.00134787 -0.0067734 0.0127143 0.00519663 0.00656146 0.000580079 0.0016012 0.00423729 -0.00142617 0.00139344 0.00334275 0.00533088 0.0049505 0.00262557 0.000364964 -0.00195035 -0.00103993 -0.00305755
internal_weight=4199 3692 507 288 1569 2123 812 175 356 301 1767 1171 580 596 295 531 272 404 219 274 141 591 139
internal_count=4199 3692 507 288 1569 2123 812 175 356 301 1767 1171 580 596 295 531 272 404 219 274 141 591 139
cat_boundaries=0 1 2 3 4 5
cat_threshold=128 92 20 72 1
is_linear=0
shrinkage=0.05


Tree=67
num_leaves=24
num_cat=7
split_feature=0 0 5 5 7 7 7 5 9 5 0 5 0 1 9 9 1 19 9 1 5 5 5
split_gain=24.127 12.0872 9.41857 3.4053 2.66096 2.19896 1.79356 1.7088 1.45103 1.36883 2.50576 2.18895 1.95721 1.51785 1.35509 1.64576 1.58505 1.52127 1.33197 1.23095 1.22962 1.20568 1.20496
threshold=0 1 1.232385959691737 0.9728502460798758 1.0000000180025095e-35 2.5000000000000004 1.0000000180025095e-35 0.78493427256843895 7131.0651946312319 0.89340953320853456 2 1.5531047480642555 3 4 2446.258549603634 1092.4949046200477 5 1.0000000180025095e-35 3743.3427231533219 6 1.3661093842275072 1.1246321737264284 1.0816180947461709
decision_type=1 1 2 2 2 2 2 2 2 2 1 2 1 1 2 2 1 2 2 1 2 2 2
left_child=2 5 3 -1 7 9 19 -3 14 12 11 -11 13 18 15 17 -16 -9 -2 -5 -7 22 -6
right_child=1 4 -4 6 21 20 -8 8 -10 10 -12 -13 -14 -15 16 -17 -18 -19 -20 -21 -22 -23 -24
leaf_value=0.0042103113693021223 0.0020784344165236334 -0.00060069310212520913 0.088360203883303887 -0.00043015874743170814 -0.00030809057961236067 0.0010550125651232812 0.031989737082016183 -0.0019552833100332568 -0.0021793535981676272 0.0013180533358073344 -0.00018701511494324531 0.012475027563300406 -0.00054822403360628165 0.00080613083662952614 0.0017347636071355088 -0.0034229524537851223 -0.0009535142675382636 -0.00089881350925531125 -0.0012586887803692993 0.01037096559194235 0.0037989263561841015 -0.001323225121936944 0.0013877182573564378
leaf_weight=219 41 192 109 33 472 330 97 25 272 556 591 24 301 153 22 52 67 182 101 49 26 243 42
leaf_count=219 41 192 109 33 472 330 97 25 272 556 591 24 301 153 22 52 67 182 101 49 26 243 42
internal_value=0.000279829 -0.00113452 0.0103965 0.00703518 -0.00444902 0.00132443 0.0121508 -0.00646552 -0.00774194 0.000608376 0.0016012 0.00389831 -0.00134228 0.00155738 -0.00560345 -0.00743243 -0.000280899 -0.00543478 -0.00211268 0.00670732 0.00491573 -0.00234478 -0.000972763
internal_weight=4199 3692 507 398 1569 2123 179 812 620 1767 1171 580 596 295 348 259 89 207 142 82 356 757 514
internal_count=4199 3692 507 398 1569 2123 179 812 620 1767 1171 580 596 295 348 259 89 207 142 82 356 757 514
cat_boundaries=0 1 2 3 4 5 6 7
cat_threshold=128 92 20 72 1 4 2
is_linear=0
shrinkage=0.05


Tree=68
num_leaves=24
num_cat=1
split_feature=7 5 5 2 2 14 2 7 1 2 15 8 15 35 9 5 5 9 15 14 14 14 14
split_gain=6.88796 2.77962 1.60009 1.34539 1.32005 1.56155 1.24789 1.35291 1.32533 1.24436 1.88447 1.2219 1.43461 1.14794 1.13172 1.07069 1.38846 1.23953 1.05794 2.04898 1.46165 1.13564 1.43062
threshold=1.0000000180025095e-35 1.3572596427166561 1.1016024789624379 2032.5000000000002 2033.5000000000002 39316.05765398981 2026.5000000000002 1.5000000000000002 0 2030.5000000000002 134.51858932403073 1.5000000000000002 112.56469782915184 1.0000000180025095e-35 1052.2011204692233 1.304185265331794 1.2226069235746426 1399.7409091054508 133.37296280316218 137152.44201188805 162339.23336334041 105082.26008986418 71425.9243169533
decision_type=2 2 2 2 2 2 2 2 1 2 2 2 2 2 2 2 2 2 2 2 2 2 2
left_child=1 3 13 -1 5 -5 -4 8 15 14 -11 -9 -13 -2 -3 16 17 -8 19 21 -20 22 -6
right_child=2 9 6 4 18 -7 7 11 -10 10 -12 12 -14 -15 -16 -17 -18 -19 20 -21 -22 -23 -24
leaf_value=-0.00086414894751897509 0.00037737066998596582 -0.00019530714705897901 -0.00095048589524276972 0.0018181622749537552 -0.00052233239430811158 4.2636341272314637e-05 -0.0013285038744359102 0.0028026171966501288 0.0012568492376318491 0.00076352859938214057 -0.00090422182860979978 0.0017479559969235644 -0.0024647634328316182 -0.00067871455053933891 0.0024274077103712214 0.0010303231833533044 -0.0030476339901007263 0.00063222223776291666 -0.0023128750321330552 0.0032054015934147614 -0.00014171801038382061 -0.00098721977625715611 0.00063385854482505557
leaf_weight=919 1295 26 41 28 504 82 23 372 134 132 21 62 23 23 53 34 20 22 57 25 48 74 181
leaf_count=919 1295 26 41 28 504 82 23 372 134 132 21 62 23 23 53 34 20 22 57 25 48 74 181
internal_value=0.000256013 -0.00172093 0.00233041 -0.00234619 -0.00107608 0.00409091 0.00420657 0.00471014 0.00160944 0.00344828 0.000816993 0.00629103 0.000882353 0.00128983 0.0085443 -0.00277778 -0.00653846 -0.00166667 -0.00171541 -0.00108418 -0.00642857 -0.00154809 -0.000912409
internal_weight=4199 2150 2049 1918 999 110 731 690 233 232 153 457 85 1318 79 99 65 45 889 784 105 759 685
internal_count=4199 2150 2049 1918 999 110 731 690 233 232 153 457 85 1318 79 99 65 45 889 784 105 759 685
cat_boundaries=0 1
cat_threshold=2
is_linear=0
shrinkage=0.05


Tree=69
num_leaves=24
num_cat=4
split_feature=0 0 5 0 5 5 5 7 7 7 9 5 2 2 11 5 20 5 1 5 2 5 7
split_gain=23.1699 10.2727 9.32588 4.0931 2.81909 2.44463 2.35303 2.15075 2.0801 1.64631 1.53321 1.60259 1.72401 1.47437 1.43811 1.28051 1.29139 1.25751 1.18367 1.15 1.41634 2.03942 1.56804
threshold=0 1 1.232385959691737 2 0.9728502460798758 0.57324090082199908 0.64827296193767847 2.5000000000000004 1.0000000180025095e-35 1.0000000180025095e-35 7262.3728707664641 0.81306325873261354 2032.5000000000002 2036.5000000000002 1.0036184243346653 1.3572596427166561 1.0000000180025095e-35 0.48900742528759283 3 1.1984608579909508 2031.5000000000002 1.2393793021592654 1.5000000000000002
decision_type=1 1 2 1 2 2 2 2 2 2 2 2 2 2 2 2 2 2 1 2 2 2 2
left_child=1 2 4 5 -1 17 -3 14 10 18 15 12 -12 -9 19 16 -5 -2 -6 -8 -21 -22 -23
right_child=3 6 -4 8 9 -7 7 13 -10 -11 11 -13 -14 -15 -16 -17 -18 -19 -20 20 21 22 -24
leaf_value=0.0039809272673377192 6.4606781456727491e-05 -0.00081251589035492573 0.083904017259169586 -0.0024705487217114644 0.0098835146890947426 -0.00035862099891950108 6.2137414573615326e-06 0.0030163540354082642 -0.00066845446645948938 0.03037138169441609 -0.0031402888362383058 -0.0023033463115021999 0.00048086149594614718 0.00041131765410078462 0.0016952251076876924 0.00019558369414459655 -0.0010773326890693186 0.0011011786960602287 0.0037154910308591972 -0.00023547456700158121 0.0074430610310577631 0.0012088623624315843 0.0064285050357259458
leaf_weight=219 37 163 109 40 34 997 763 177 506 97 32 173 33 72 104 31 249 28 48 127 23 117 20
leaf_count=219 37 163 109 40 34 997 763 177 506 97 32 173 33 72 104 31 249 28 48 127 23 117 20
internal_value=0.00012503 0.00387662 0.0100097 -0.00353464 0.00665829 -0.00130597 0.0018401 0.00251247 -0.00572626 0.0113128 -0.0078853 -0.0109244 -0.00423077 0.00672691 0.00160312 -0.005625 -0.0066609 0.00807692 0.00609756 0.00104762 0.00374564 0.006875 0.00456204
internal_weight=4199 2073 507 2126 398 1062 1566 1403 1064 179 558 238 65 249 1154 320 289 65 82 1050 287 160 137
internal_count=4199 2073 507 2126 398 1062 1566 1403 1064 179 558 238 65 249 1154 320 289 65 82 1050 287 160 137
cat_boundaries=0 1 2 3 4
cat_threshold=156 128 66 1
is_linear=0
shrinkage=0.05


Tree=70
num_leaves=24
num_cat=4
split_feature=0 0 5 5 7 7 5 15 7 2 2 0 14 5 5 0 2 2 5 15 14 8 9
split_gain=21.8592 10.5593 8.94629 2.84244 2.13431 1.71442 1.63921 1.497 1.44249 1.60008 1.41745 1.2538 1.8366 1.21921 1.17824 4.63982 1.67779 1.15215 1.14592 1.14506 1.34861 1.09036 1.1321
threshold=0 1 1.264078397058507 0.9728502460798758 1.5000000000000002 1.0000000180025095e-35 0.92150294269003385 8.1368162454702233 1.0000000180025095e-35 2030.5000000000002 2039.5000000000002 2 19750.088561872057 0.56444565938134728 1.1057560744425055 3 2034.5000000000002 2028.5000000000002 1.5531047480642555 117.12013297371742 74035.898188752253 1.0000000180025095e-35 12598.823285573399
decision_type=1 1 2 2 2 2 2 2 2 2 2 1 2 2 2 1 2 2 2 2 2 2 2
left_child=2 5 3 -1 6 7 11 -2 9 -5 -8 12 -3 -13 16 -16 -7 -17 -9 20 -15 -6 -23
right_child=1 4 -4 8 21 14 10 18 -10 -11 -12 13 -14 19 15 17 -18 -19 -20 -21 -22 22 -24
leaf_value=0.0037818809039708249 0.0019876680706021168 -0.0016080539633822764 0.086847146326397784 -0.0013405413277222335 5.67326051469419e-05 0.00066676629964745329 -0.0015036802578882458 -0.00021497164408415537 0.030514078559630398 0.011176103990016097 0.00036028011555145348 0.00054629163141048929 7.0448720023530423e-05 -0.0015068420442082343 0.0053815117423961171 -0.0015410123459662973 -0.0001319919862156349 0.00034230551931935249 0.0041563867041992664 -0.00011511234834822027 -0.0036097626036399656 -0.00032334653676516781 -0.0019275027460855605
leaf_weight=219 26 42 93 33 186 384 599 1047 106 56 48 23 234 68 182 49 271 133 31 26 27 234 82
leaf_count=219 26 42 93 33 186 384 599 1047 106 56 48 23 234 68 182 49 271 133 31 26 27 234 82
internal_value=8.9307e-05 -0.00125608 0.00971954 0.00676329 -0.00435402 0.00104313 -0.00564667 -0.000317029 0.0111538 0.00646067 -0.00722566 -0.00321429 -0.00104895 -0.00681818 0.00252699 0.00480769 0.00125954 -0.00104167 -0.000602968 -0.00929752 -0.0118421 -0.00169323 -0.00348101
internal_weight=4199 3692 507 414 1569 2123 1067 1104 195 89 647 420 276 144 1019 364 655 182 1078 121 95 502 316
internal_count=4199 3692 507 414 1569 2123 1067 1104 195 89 647 420 276 144 1019 364 655 182 1078 121 95 502 316
cat_boundaries=0 1 2 3 4
cat_threshold=128 92 34 20
is_linear=0
shrinkage=0.05


Tree=71
num_leaves=24
num_cat=3
split_feature=0 0 5 5 7 0 5 5 9 7 2 5 2 7 11 15 11 9 3 5 11 5 20
split_gain=21.6444 9.73478 8.94629 2.84244 2.03936 1.95278 2.12121 2.01597 1.65402 1.44249 1.60008 1.40771 1.72401 1.34305 1.72941 1.61846 1.50554 1.25427 1.20939 1.15243 1.12619 1.12013 1.12436
threshold=0 1 1.264078397058507 0.9728502460798758 1.0000000180025095e-35 2 0.64827296193767847 0.57324090082199908 7262.3728707664641 1.0000000180025095e-35 2030.5000000000002 0.81306325873261354 2032.5000000000002 2.5000000000000004 0.88254611328137822 82.182338216230434 1.0036184243346653 27912.41317200923 1.0000000180025095e-35 0.50361592300952374 1.3593837631777503 1.3572596427166561 1.0000000180025095e-35
decision_type=1 1 2 2 2 1 2 2 2 2 2 2 2 2 2 2 2 2 2 2 2 2 2
left_child=2 4 3 -1 8 6 -3 19 21 10 -5 12 -10 16 15 -15 -8 -13 -17 -7 -9 22 -2
right_child=1 5 -4 9 -6 7 13 20 11 -11 -12 17 -14 14 -16 18 -18 -19 -20 -21 -22 -23 -24
leaf_value=0.00359278685877229 -0.0022847757837695425 -0.00076114151363296809 0.082504789010077906 -0.0012735142613361284 -0.00063432124357066524 7.3613634923022647e-05 0.00026392651668343816 -0.00025542515595555759 -0.0028578047685663896 0.028988374631648897 0.010617298790515274 -0.0026591771262119649 0.00051897704983996375 0.0041380557107203618 -0.00027151564122044339 0.0026735737847163547 0.0015758395748298459 -0.0018265989846341204 -0.00093480539339915736 0.0022876681173579494 -0.00095204173131854808 0.00026098852233177872 -0.00094828204172143777
leaf_weight=219 40 163 93 33 506 42 1050 957 32 106 56 88 33 90 64 69 104 85 26 23 40 31 249
leaf_count=219 40 163 93 33 506 42 1050 957 32 106 56 88 33 90 64 69 104 85 26 23 40 31 249
internal_value=0.000136937 -0.00120205 0.00971954 0.00676329 -0.00521415 0.000435936 0.00155457 -0.00121269 -0.00734767 0.0111538 0.00646067 -0.0105042 -0.00423077 0.00219173 0.00552209 0.00797297 0.00147314 -0.0128613 0.00342105 0.00730769 -0.00178034 -0.005 -0.00596886
internal_weight=4199 3692 507 414 1064 2628 1566 1062 558 195 89 238 65 1403 249 185 1154 173 95 65 997 320 289
internal_count=4199 3692 507 414 1064 2628 1566 1062 558 195 89 238 65 1403 249 185 1154 173 95 65 997 320 289
cat_boundaries=0 1 2 3
cat_threshold=128 33 28
is_linear=0
shrinkage=0.05


Tree=72
num_leaves=24
num_cat=3
split_feature=0 5 0 5 7 2 7 7 5 15 5 9 15 19 5 5 0 14 2 3 5 15 7
split_gain=20.4056 9.32804 8.81579 3.13335 2.22629 1.60308 1.56875 1.53722 1.35683 1.34793 1.23638 1.45725 1.4013 1.17193 1.14493 1.12305 2.85356 1.11056 2.97808 1.30281 1.08638 1.33665 1.37735
threshold=0 1.264078397058507 1 0.98074084135780404 1.0000000180025095e-35 2030.5000000000002 1.0000000180025095e-35 1.0000000180025095e-35 0.52541672543949758 7.323000189622781 0.78493427256843895 7262.3728707664641 16.739083551532328 1.0000000180025095e-35 1.5531047480642555 1.2026241249255898 2 126384.68706913943 2033.5000000000002 1.0000000180025095e-35 1.1246321737264284 24.812388260590357 1.5000000000000002
decision_type=1 2 1 2 2 2 2 2 2 2 2 2 2 2 2 2 1 2 2 2 2 2 2
left_child=1 3 7 8 10 6 -5 9 -1 -2 -4 12 -12 -13 -11 -9 -17 19 -19 -15 -6 -22 -23
right_child=2 -3 4 5 20 -7 -8 15 -10 14 11 13 -14 17 -16 16 -18 18 -20 -21 21 22 -24
leaf_value=-0.012124714979428897 0.0034927928319483607 0.078379549559574005 -0.00030921149682078681 -0.0027271020824509275 -0.00011303283909230855 0.022114666862805922 0.025826847948924227 0.00038881737326291744 0.004340280000299979 -0.00019969864796856032 -0.0029718719845234611 -1.4353528909290259e-05 -0.00078913587104722659 -0.0028353742494136983 0.0039353710431551227 0.0049189186428658443 -2.2387139391888414e-05 0.00073402292962535258 -0.0010890331475730513 -0.0016689119769214514 -0.0024327494884200055 -0.0013558500339923285 -0.00029410469612942136
leaf_weight=20 20 93 192 32 514 127 29 787 206 1053 27 28 322 120 31 117 115 38 31 54 23 78 142
leaf_count=20 20 93 192 32 514 127 29 787 206 1053 27 28 322 120 31 117 115 38 31 54 23 78 142
internal_value=0.00012503 0.0094294 -0.00117504 0.00640097 -0.0040057 0.0111702 0.0045082 0.000925926 0.00243363 -0.000362319 -0.00584975 -0.00693548 -0.00479943 -0.00968635 -0.000599631 0.00233072 0.00538793 -0.0108025 -0.00543478 -0.012931 -0.00208058 -0.00483539 -0.00363636
internal_weight=4199 507 3692 414 1569 188 61 2123 226 1104 812 620 349 271 1084 1019 232 243 69 174 757 243 220
internal_count=4199 507 3692 414 1569 188 61 2123 226 1104 812 620 349 271 1084 1019 232 243 69 174 757 243 220
cat_boundaries=0 1 2 3
cat_threshold=128 92 20
is_linear=0
shrinkage=0.05


Tree=73
num_leaves=24
num_cat=6
split_feature=0 0 7 9 7 36 16 14 6 14 14 11 9 11 0 36 15 1 10 0 9 1 9
split_gain=19.2617 7.74817 1.88715 1.71972 1.48172 1.33217 1.24671 1.5118 1.58949 2.14692 1.27104 1.25012 1.13226 1.31829 1.04759 1.15665 1.02844 1.03334 1.01865 1.36712 1.34847 2.36326 1.27675
threshold=0 1 1.0000000180025095e-35 54702.519752154636 1.0000000180025095e-35 0.68906349509099496 1.0000000180025095e-35 89628.55214601972 1.0000000180025095e-35 70699.343738724943 131317.64693942617 1.0605933521573137 1.0000000180025095e-35 0.59549417801071247 2 1.0000000180025095e-35 18.577992380300092 3 2.5000000000000004 4 1673.190932123736 5 1092.4949046200477
decision_type=1 1 2 2 2 2 2 2 2 2 2 2 2 2 1 2 2 1 2 1 2 1 2
left_child=3 4 12 6 -2 -4 -1 8 9 11 -9 -8 -3 18 16 -16 -6 -18 19 20 22 -22 -14
right_child=1 2 5 -5 14 -7 7 10 -10 -11 -12 -13 13 -15 15 -17 17 -19 -20 -21 21 -23 -24
leaf_value=0.023640253716448824 -7.7981397048199072e-05 -0.00058353728512972047 -0.00041464988168831709 0.022758575359138701 -0.00027423615694808227 0.00024216476903071715 0.012078280650854069 -0.0015439570783406964 0.027775902515511344 0.033452559675306186 0.015811182183495375 -0.0063584497808560686 -0.0010025292232863623 -0.0028887666650509198 -1.5296778422735359e-05 0.0015428827150111625 0.00062020139921273873 0.0021616039268302469 0.00064445182961503096 -0.0015972108882920653 0.0012924023673130114 -0.00069956768251770024 -0.0030138042160486656
leaf_weight=58 1104 187 718 33 30 39 180 63 72 34 44 23 24 30 477 45 225 242 24 194 28 302 23
leaf_count=58 1104 187 718 33 30 39 180 63 72 34 44 23 24 30 477 45 225 242 24 194 28 302 23
internal_value=0.000196475 -0.00106699 -0.00372071 0.00923598 0.000902485 -0.00194848 0.00864979 0.00769231 0.00946602 0.00748945 0.00257009 0.00554187 -0.00541872 -0.00644 0.00228165 0.000657895 0.00389546 0.00455032 -0.00592437 -0.00634851 -0.00419897 -0.00318182 -0.012234
internal_weight=4199 3692 1569 507 2123 757 474 416 309 237 107 203 812 625 1019 522 497 467 595 571 377 330 47
internal_count=4199 3692 1569 507 2123 757 474 416 309 237 107 203 812 625 1019 522 497 467 595 571 377 330 47
cat_boundaries=0 1 2 3 4 5 6
cat_threshold=128 92 20 1 3 4
is_linear=0
shrinkage=0.05


Tree=74
num_leaves=24
num_cat=3
split_feature=0 5 0 5 7 7 5 0 5 5 5 7 2 15 16 14 15 15 16 5 9 36 5
split_gain=17.0105 9.69714 7.25331 2.96857 1.76028 1.45719 1.45313 1.87295 3.48641 2.19963 2.14495 1.96309 1.73816 2.08011 1.55792 1.44859 1.80921 1.65475 1.79772 1.41237 1.41261 1.31268 1.31129
threshold=0 1.236240609701037 1 0.86354054545950343 1.0000000180025095e-35 2.5000000000000004 0.6732881902594493 2 1.1204980527582669 1.0794653556291733 1.5531047480642555 1.0000000180025095e-35 2037.5000000000002 20.926395294179958 1.756416666666667 17470.38653641288 33.18665690317966 38.807285180331199 2.1729166666666671 0.62209009350254196 22378.178679275454 0.68906349509099496 0.74651220879099955
decision_type=1 2 1 2 2 2 2 1 2 2 2 2 2 2 2 2 2 2 2 2 2 2 2
left_child=1 3 6 5 19 -1 -2 8 15 12 11 14 13 -9 -10 16 -8 -17 -19 20 -4 -6 -15
right_child=2 -3 4 -5 21 -7 7 9 10 -11 -12 -13 -14 22 -16 17 -18 18 -20 -21 -22 -23 -24
leaf_value=-0.0021797799353361347 -0.00044046001885420519 0.071915023892160521 0.00095460534905011528 0.013405463099351422 -0.00039391738760390376 0.010200596810719454 -0.0010430749581550104 0.0038985548927577916 0.0038069869733961927 -0.00054260048806640821 0.012928675119614319 0.0044432416614012208 -0.00078046296680282518 0.0021568177729469396 -0.00078273146400178464 0.0015984483029499175 0.0002926162869314075 -0.00042184683035284001 0.001529887165595184 -0.0011276308907498533 -0.0015649231850294086 0.00023005653057918131 0.0003499953045309756
leaf_weight=114 251 107 54 257 718 29 44 32 110 423 29 165 104 60 61 115 32 294 72 738 20 39 331
leaf_count=114 251 107 54 257 718 29 44 32 110 423 29 165 104 60 61 115 32 294 72 738 20 39 331
internal_value=0.000160753 0.00865571 -0.00102647 0.00525 -0.00359405 -0.000524476 0.000879044 0.00136218 0.00295064 -0.000208333 0.00678082 0.00565476 0.00194497 0.00336879 0.00190058 0.000493716 -0.00592105 0.00150728 -0.000136612 -0.00523399 0.00135135 -0.00188243 0.00236573
internal_weight=4199 507 3692 400 1569 143 2123 1872 922 950 365 336 527 423 171 557 76 481 366 812 74 757 391
internal_count=4199 507 3692 400 1569 143 2123 1872 922 950 365 336 527 423 171 557 76 481 366 812 74 757 391
cat_boundaries=0 1 2 3
cat_threshold=128 92 20
is_linear=0
shrinkage=0.05


Tree=75
num_leaves=24
num_cat=3
split_feature=0 0 7 7 2 7 3 17 9 9 9 15 3 9 11 17 15 15 16 15 14 14 1
split_gain=16.2912 6.80017 1.87846 1.73743 1.58215 1.52861 1.40802 1.37582 1.3116 1.21333 1.18433 1.09184 1.05882 1.16354 1.02483 1.353 1.48832 1.30683 1.24948 1.38937 1.36365 1.80076 1.19502
threshold=0 1 1.0000000180025095e-35 1.5000000000000002 2030.5000000000002 1.0000000180025095e-35 1.0000000180025095e-35 73.879583333333343 21518.751147060382 7925.8422996965101 83127.566390373177 61.954621471257603 1.0000000180025095e-35 1673.190932123736 1.030261720620439 74.884166666666673 114.93378014844174 127.56709435200287 1.756416666666667 48.202401490959581 8154.2033429185685 38805.750356553144 2
decision_type=1 1 2 2 2 2 2 2 2 2 2 2 2 2 2 2 2 2 2 2 2 2 1
left_child=2 5 4 10 7 14 -4 -1 -5 -8 -3 -9 13 -6 15 18 -17 -18 19 -2 -20 -22 -19
right_child=1 3 6 8 12 -7 9 11 -10 -11 -12 -13 -14 -15 -16 16 17 22 20 -21 21 -23 -24
leaf_value=0.0085373607681287211 0.00083435554408879404 -0.00098154834400269184 0.020093722838558328 1.5793026893456964e-05 0.0034767985259227087 0.0004924229502474176 0.020009248827433115 0.0057324233275877663 -0.0017498340557319137 0.032802673843110065 0.00014954326605343821 -0.007095539670789997 0.0062707233225428819 0.021706707929317615 0.00066972694393406811 0.00056444998632291241 -0.0023222865367154679 0.0002131035335566467 -0.0038183944055102284 -0.00066862339561198916 -9.0268798069059752e-06 -0.0016560330265981416 -0.0021659692446611813
leaf_weight=34 117 1045 192 401 39 1019 44 22 101 37 22 25 51 63 93 306 31 94 21 241 113 59 29
leaf_count=34 117 1045 192 401 39 1019 44 22 101 37 22 25 51 63 93 306 31 94 21 241 113 59 29
internal_value=0.000148845 -0.00101297 0.00846228 -0.00349905 0.00534188 0.000832161 0.0114469 -0.000308642 -0.00109562 0.0169753 -0.00466261 -0.00585106 0.00833333 0.0112745 -0.000452899 -0.000914936 0.00108696 -0.00292208 -0.00258621 -0.000837989 -0.00582902 -0.00436047 -0.000609756
internal_weight=4199 3692 507 1569 234 2123 273 81 502 81 1067 47 153 102 1104 1011 460 154 551 358 193 172 123
internal_count=4199 3692 507 1569 234 2123 273 81 502 81 1067 47 153 102 1104 1011 460 154 551 358 193 172 123
cat_boundaries=0 1 2 3
cat_threshold=128 92 1
is_linear=0
shrinkage=0.05


Tree=76
num_leaves=24
num_cat=5
split_feature=0 5 0 5 7 7 0 5 5 36 15 2 7 7 1 2 2 1 5 11 8 5 2
split_gain=14.5897 8.94596 5.85819 3.4208 1.59318 1.40793 1.27737 4.71738 1.68592 1.42412 1.32584 1.26667 1.25682 1.20261 1.77141 1.22464 1.18888 1.84127 1.36893 1.37914 1.14519 1.11699 1.10908
threshold=0 1.2677191133471377 1 0.88037162294841587 1.0000000180025095e-35 1.5000000000000002 2 0.98854811158597589 0.59363815052548841 0.05862795281634519 24.812388260590357 2027.5000000000002 2.5000000000000004 1.0000000180025095e-35 3 2030.5000000000002 2032.5000000000002 4 0.56444565938134728 0.78085163771579114 1.0000000180025095e-35 0.98074084135780404 2031.5000000000002
decision_type=1 2 1 2 2 2 1 2 2 2 2 2 2 2 1 2 2 1 2 2 2 2 2
left_child=1 3 5 12 -4 16 7 10 -8 -10 -6 -7 -1 14 -5 -16 17 -2 -18 -20 22 -15 -13
right_child=2 -3 4 13 6 11 8 -9 9 -11 -12 20 -14 21 15 -17 18 -19 19 -21 -22 -23 -24
leaf_value=-0.002072812944684266 -0.0019059831617718765 0.070672128598708778 -0.00016460920598466156 0.0074591213814209304 -0.0014911065801478775 -0.0016474462192540397 0.00039165079165962572 0.0043418315426475397 -0.00011228869628530924 0.0013354047657923975 -3.4290483096399708e-05 0.0012704125643936304 0.010446212223713182 0.0095857509549450281 -0.0084026656738064535 0.0059874310044863103 0.0010767047956371414 -0.00074481273797406551 -0.00097077505969262736 0.00015499289792277605 -0.00078442333107502928 0.026193015098454887 2.6319665454749288e-05
leaf_weight=121 158 88 1358 53 24 42 53 256 668 52 217 38 30 42 23 46 26 181 266 92 174 104 87
leaf_count=121 158 88 1358 53 24 42 53 256 668 52 217 38 30 42 23 46 26 181 266 92 174 104 87
internal_value=0.000208383 0.00807544 -0.00089141 0.00519093 0.000379075 -0.00400372 0.00165354 0.00359961 0.000351213 -0.000277778 -0.00134855 -0.00139296 -0.000827815 0.00858209 0.00491803 -0.000362319 -0.00529046 -0.00744838 -0.00338542 -0.00418994 -0.000250836 0.0116438 0.0034
internal_weight=4199 507 3692 419 2628 1064 1270 497 773 720 241 341 151 268 122 69 723 339 384 358 299 146 125
internal_count=4199 507 3692 419 2628 1064 1270 497 773 720 241 341 151 268 122 69 723 339 384 358 299 146 125
cat_boundaries=0 1 2 3 4 5
cat_threshold=128 33 20 1 1
is_linear=0
shrinkage=0.05


Tree=77
num_leaves=24
num_cat=3
split_feature=0 5 0 5 7 15 7 10 0 5 5 7 11 7 8 15 15 5 14 5 14 11 5
split_gain=12.0206 9.23906 5.37117 2.76007 1.75031 1.48268 1.36432 1.2895 1.23768 2.37924 1.94651 1.232 1.2161 1.19483 1.22898 1.1 2.54599 1.05412 1.24062 1.18997 1.02607 1.0052 1.04345
threshold=0 1.0566613915605825 1 1.2677191133471377 2.5000000000000004 195.62082429985267 1.5000000000000002 2.5000000000000004 2 0.72497800467145923 0.57324090082199908 1.0000000180025095e-35 1.0280319981177064 1.0000000180025095e-35 1.0000000180025095e-35 110.24752337732177 69.413822433204857 0.80864045418109476 30577.265212828435 0.99972858438040657 47855.606384751161 1.5806033704343603 1.5531047480642555
decision_type=1 2 1 2 2 2 2 2 1 2 2 2 2 2 2 2 2 2 2 2 2 2 2
left_child=1 4 6 11 17 8 7 -2 9 12 -10 -3 13 15 -15 16 -4 18 -1 -19 -20 22 -11
right_child=2 3 5 -5 -6 -7 -8 -9 10 21 -12 -13 -14 14 -16 -17 -18 19 20 -21 -22 -23 -24
leaf_value=0.013917311591238636 -0.0011372367364488269 0.0063706910980041893 -0.0020433049869111432 0.067138522168773349 0.01632231129258779 0.0018954777064254082 -0.00023743407687519815 0.0001686254718981095 0.0003720682520766461 0.00031158822426122224 -0.00022553777227520835 0.027306800423377322 0.0012013572696461861 0.0010368708300287439 -0.00039866095920227941 -0.0052227249345944615 0.0012560820998377882 0.0033015144823221433 -0.0090951726198636347 -0.0047428407739972039 -0.0036484542139317844 0.0043177348459194857 0.008645761692734311
leaf_weight=23 655 55 68 88 58 27 341 68 65 1226 984 70 23 46 68 22 20 110 20 38 45 37 42
leaf_count=23 655 55 68 88 58 27 341 68 65 1226 984 70 23 46 68 22 20 110 20 38 45 37 42
internal_value=0.000160753 0.00730174 -0.000837385 0.0153756 0.00170068 0.000379075 -0.0038175 -0.00508299 0.000259516 0.00115237 -0.00106232 0.0106 -0.00334008 -0.00446429 -0.000877193 -0.00818182 -0.00568182 -0.000211864 -0.00454545 0.00236486 -0.00807692 0.00201149 0.00177445
internal_weight=4199 507 3692 213 294 2628 1064 723 2601 1552 1049 125 247 224 114 110 88 236 88 148 65 1305 1268
internal_count=4199 507 3692 213 294 2628 1064 723 2601 1552 1049 125 247 224 114 110 88 236 88 148 65 1305 1268
cat_boundaries=0 1 2 3
cat_threshold=128 33 28
is_linear=0
shrinkage=0.05


Tree=78
num_leaves=24
num_cat=2
split_feature=0 5 0 5 7 8 17 7 36 5 7 19 10 5 17 17 15 14 5 14 2 15 5
split_gain=12.5578 8.97503 4.58712 2.77619 1.25682 1.2562 2.06485 1.25389 1.56462 1.28271 1.21182 1.23117 2.33044 1.73607 1.30181 1.31244 1.47748 1.50955 1.32295 1.15281 1.42785 1.15819 1.09495
threshold=0 1.2677191133471377 1 0.88037162294841587 2.5000000000000004 1.0000000180025095e-35 82.258750000000006 1.0000000180025095e-35 0.68906349509099496 0.62209009350254196 1.0000000180025095e-35 1.0000000180025095e-35 1.5000000000000002 1.4070340389700129 74.884166666666673 73.879583333333343 124.1313214903894 92463.070426911567 1.0921227308458137 141744.59562036514 2038.5000000000002 161.22796538236682 1.2026241249255898
decision_type=1 2 1 2 2 2 2 2 2 2 2 2 2 2 2 2 2 2 2 2 2 2 2
left_child=1 3 10 4 -1 6 -5 9 -9 -4 11 12 -2 14 15 16 17 -13 -17 20 -11 -21 -12
right_child=2 -3 7 5 -6 -7 -8 8 -10 19 22 13 -14 -15 -16 18 -18 -19 -20 21 -22 -23 -24
leaf_value=-0.0016502134532768498 8.5778689987237042e-05 0.06378159606033465 0.00012661565491792621 0.010328851385182625 0.0091077860478981261 0.02482473705109969 -0.0028490956452877914 -0.00032813608666725782 0.00016227070302968772 -0.0012172496910558966 0.0002653172420027883 -0.00051990238536944733 0.0017979968005368942 0.002126472996550899 0.00012591348354191179 -0.00081553268902814227 -0.0012921010912139931 0.0027397056338327843 -0.0017661036978759315 0.00068456439066914572 -0.00011360098973411393 -0.00044881801353643946 0.0021306778890683776
leaf_weight=121 117 88 74 160 30 82 26 718 39 540 787 336 23 79 387 45 51 34 32 49 103 46 232
leaf_count=121 117 88 74 160 30 82 26 718 39 540 787 336 23 79 387 45 51 34 32 49 103 46 232
internal_value=0.000196475 0.00749516 -0.000823879 0.00459427 -0.000827815 0.00764925 0.00537634 -0.00286574 -0.00142008 -0.00424877 0.000691514 -0.000452899 0.00392857 -0.00108921 -0.00172316 -0.00341365 -0.00231591 -0.00121622 -0.00941558 -0.00487805 -0.00563764 0.000263158 0.00193817
internal_weight=4199 507 3692 419 151 268 186 1569 757 812 2123 1104 140 964 885 498 421 370 77 738 643 95 1019
internal_count=4199 507 3692 419 151 268 186 1569 757 812 2123 1104 140 964 885 498 421 370 77 738 643 95 1019
cat_boundaries=0 1 2
cat_threshold=128 92
is_linear=0
shrinkage=0.05


Tree=79
num_leaves=24
num_cat=3
split_feature=0 5 0 5 7 7 7 19 1 9 4 7 37 8 16 5 9 11 5 3 15 15 9
split_gain=11.5402 9.47029 4.17886 2.76007 1.82765 1.30528 1.232 1.15593 1.27368 1.11797 1.39033 1.11099 1.73941 1.38062 1.49334 0.976406 1.00411 1.26494 0.945873 0.927714 0.926697 1.11154 0.886133
threshold=0 1.0566613915605825 1 1.2677191133471377 2.5000000000000004 1.0000000180025095e-35 1.0000000180025095e-35 1.0000000180025095e-35 2 24222.984172534485 1.0000000180025095e-35 2.5000000000000004 1.0000000180025095e-35 1.0000000180025095e-35 1.756416666666667 0.55782275054609032 15217.117856120118 0.43806326409344742 1.4070340389700129 1.0000000180025095e-35 79.177087869923426 25.656833035084436 6214.9048089522867
decision_type=1 2 1 2 2 2 2 2 1 2 2 2 2 2 2 2 2 2 2 2 2 2 2
left_child=1 4 11 6 15 7 -3 8 19 10 -10 12 -2 14 -13 -1 17 20 -9 -4 21 -17 -15
right_child=2 3 5 -5 -6 -7 -8 18 9 -11 -12 13 -14 22 -16 16 -18 -19 -20 -21 -22 -23 -24
leaf_value=-0.012524696509483825 -0.00092637546006244106 0.0055357139738448254 0.0015990976405979573 0.060592516257317944 0.014830260641766003 0.00027289737697161199 0.025062620691301385 -0.00040219841052176745 8.1489755487873519e-05 0.00048066693939757268 -0.00091547559941937981 0.0015685682885028974 0.00058760854153429027 -0.0012029778326476948 -0.00063195677793626568 -0.0041109852726695095 0.0049428162623862404 0.0029622177352702783 0.001351859200052169 2.6687302679151427e-05 -0.011987890130514801 0.0030953004794508133 7.2969145987578091e-05
leaf_weight=21 856 55 47 88 58 1270 70 1096 53 22 20 34 27 79 23 20 54 76 91 29 20 45 45
leaf_count=21 856 55 47 88 58 1270 70 1096 53 22 20 34 27 79 23 20 54 76 91 29 20 45 45
internal_value=0.000208383 0.00720503 -0.000769854 0.0153756 0.00153061 0.00030326 0.0106 -0.000773196 0.00307018 -0.000789474 -0.00376712 -0.00339851 -0.00416195 0.000138122 0.00657895 -0.000423729 0.000581395 -0.00139752 -0.00132687 0.00789474 -0.00558824 -0.00269231 -0.00282258
internal_weight=4199 507 3692 213 294 2628 125 1358 171 95 73 1064 883 181 57 236 215 161 1187 76 85 65 124
internal_count=4199 507 3692 213 294 2628 125 1358 171 95 73 1064 883 181 57 236 215 161 1187 76 85 65 124
cat_boundaries=0 1 2 3
cat_threshold=128 33 2
is_linear=0
shrinkage=0.05


Tree=80
num_leaves=24
num_cat=3
split_feature=0 5 0 5 5 9 9 5 5 5 4 5 0 5 5 2 15 5 5 15 5 5 16
split_gain=10.911 9.67157 3.97707 1.57103 1.38183 1.44727 1.28074 1.395 1.21608 1.78149 1.20098 1.13788 1.18866 3.0467 2.09352 1.73816 2.08011 1.6886 1.31129 1.39411 1.2447 1.55287 1.25523
threshold=0 1.1577527833144476 1 1.2677191133471377 0.59363815052548841 2264.3830592864501 56801.690371426215 0.62850798343534187 0.72497800467145923 0.80864045418109476 1.0000000180025095e-35 0.6732881902594493 2 1.3834267317466862 1.0794653556291733 2037.5000000000002 20.926395294179958 0.89340953320853456 0.74651220879099955 88.555641519900107 1.1849080813926278 1.2553521696088608 1.756416666666667
decision_type=1 2 1 2 2 2 2 2 2 2 2 2 1 2 2 2 2 2 2 2 2 2 2
left_child=1 6 11 -3 5 -4 7 -1 -9 -10 -7 -2 13 17 15 16 -14 -13 19 -18 22 -22 -16
right_child=2 3 4 -5 -6 10 -8 8 9 -11 -12 12 14 -15 20 -17 18 -19 -20 -21 21 -23 -24
leaf_value=-0.0070460310688644119 -0.00041818863391208662 0.02542425570457383 0.0011913097964753026 0.057562890444452064 -0.00060890345448263994 0.00012003409378575775 0.012293941158655119 0.011828412684158485 -0.0048619448886445538 0.0042349647966208881 -0.0011110880899115759 -0.00021434120370975585 0.0034446158584263368 0.0077088692862121947 -0.00043055947405749032 -0.00067553319168437711 0.0011873944459584451 0.0010928307083065691 0.00033759463525027126 0.00272185439921559 0.00082406871591152457 -0.00074578030950981928 -0.0019274343610126534
leaf_weight=41 251 60 50 88 1451 48 23 26 38 231 20 222 32 82 95 104 33 618 331 27 78 206 44
leaf_count=41 251 60 50 88 1451 48 23 26 38 231 20 222 32 82 95 104 33 618 331 27 78 206 44
internal_value=0.000208383 0.00701161 -0.000742842 0.0179054 -0.00264408 0.00254237 0.00271588 0.00193452 0.00313559 0.00213755 -0.00220588 0.000668073 0.00109509 0.00236052 -0.00015625 0.00194497 0.00336879 0.0014881 0.00236573 0.00916667 -0.00277778 -0.000880282 -0.00665468
internal_weight=4199 507 3692 148 1569 118 359 336 295 269 68 2123 1872 922 950 527 423 840 391 60 423 284 139
internal_count=4199 507 3692 148 1569 118 359 336 295 269 68 2123 1872 922 950 527 423 840 391 60 423 284 139
cat_boundaries=0 1 2 3
cat_threshold=128 92 20
is_linear=0
shrinkage=0.05


Tree=81
num_leaves=24
num_cat=2
split_feature=0 5 0 7 5 15 2 7 5 8 14 15 14 7 11 5 15 7 14 14 14 16 11
split_gain=10.9432 9.00416 3.23985 2.0803 1.85234 1.55617 1.39823 1.16411 1.48162 1.17556 1.06039 1.01645 2.21411 1.00583 2.05137 2.00553 1.32967 0.9956 0.953948 0.941807 2.42427 1.66256 0.913603
threshold=0 1.2677191133471377 1 2.5000000000000004 1.0632720573186565 195.62082429985267 2027.5000000000002 2.5000000000000004 1.1498103798023716 1.0000000180025095e-35 84505.910569295273 114.93378014844174 85397.114327618969 2.5000000000000004 0.92975506139665243 0.88415018194986472 55.229490791365357 1.0000000180025095e-35 151498.38975148505 79556.969834356583 115902.79610647478 1.756416666666667 0.34492690110747332
decision_type=1 2 1 2 2 2 2 2 2 2 2 2 2 2 2 2 2 2 2 2 2 2 2
left_child=1 3 6 4 -1 11 19 -8 9 -9 -11 12 13 22 15 16 -15 -6 -14 21 -21 -2 -4
right_child=2 -3 5 -5 17 -7 7 8 -10 10 -12 -13 18 14 -16 -17 -18 -19 -20 20 -22 -23 -24
leaf_value=-0.00017759823055603087 -0.0031918309912242039 0.054684745922229494 -0.00038244028620785245 0.017331904762129025 0.0039877154899238933 0.0012678408528440099 -0.00063846125036856052 0.0018079555108525937 -0.0024085547539389796 0.00015726712970624558 -0.0017887072684722172 -0.00020787400553641256 0.00090256029751675793 0.0015735413970297874 -0.0010884644993682357 0.0024745552770692237 -0.00068890645312999488 0.021133420027887387 0.0017585304471464114 0.0028236764619809342 -0.0017315206711420951 -0.00088259697345542958 0.00011331687021759186
leaf_weight=239 43 88 931 80 53 27 760 45 39 51 24 563 360 42 53 119 36 47 37 23 33 46 460
leaf_count=239 43 88 931 80 53 27 760 45 39 51 24 563 360 42 53 119 36 47 37 23 33 46 460
internal_value=0.000101215 0.00691489 -0.000850891 0.00399761 0.00228614 9.47688e-05 -0.00316574 -0.00247552 0.00141509 0.00416667 0.000333333 -2.88351e-05 0.000490677 -0.000319927 0.0026 0.00494924 -0.00128205 0.008 0.00384131 -0.00775862 -0.00267857 -0.0109551 -0.000844716
internal_weight=4199 507 3692 419 339 2628 1064 919 159 120 75 2601 2038 1641 250 197 78 100 397 145 56 89 1391
internal_count=4199 507 3692 419 339 2628 1064 919 159 120 75 2601 2038 1641 250 197 78 100 397 145 56 89 1391
cat_boundaries=0 1 2
cat_threshold=128 33
is_linear=0
shrinkage=0.05


Tree=82
num_leaves=24
num_cat=0
split_feature=7 5 5 20 18 16 19 9 18 2 5 36 2 14 14 14 9 2 9 15 5 18 2
split_gain=3.08788 2.75058 1.49188 1.61927 1.32342 1.37895 1.2216 2.59259 1.40046 1.30534 2.09598 1.85659 1.81323 1.47863 1.47212 1.42109 1.71531 1.75 2.86096 1.57076 1.82862 1.54784 1.66384
threshold=1.5000000000000002 1.2104102448523337 1.4158576102881872 1.0000000180025095e-35 1.0000000180025095e-35 2.1729166666666671 1.0000000180025095e-35 31601.612788478204 1.0000000180025095e-35 2032.5000000000002 0.44510901738983766 2.4168387984437145 2034.5000000000002 15617.993554179864 8154.2033429185685 108912.87074516712 1995.5659042928421 2036.5000000000002 54702.519752154636 100.09646157997106 0.59363815052548841 1.0000000180025095e-35 2038.5000000000002
decision_type=2 2 2 2 2 2 2 2 2 2 2 2 2 2 2 2 2 2 2 2 2 2 2
left_child=2 4 6 -4 5 -2 7 8 -1 10 -8 -12 13 -11 -14 19 -17 -18 -19 20 -16 -21 -23
right_child=1 -3 3 -5 -6 -7 9 -9 -10 12 11 -13 14 -15 15 16 17 18 -20 21 -22 22 -24
leaf_value=0.0013396831117135606 0.00043405367446971435 0.0018841497167285976 0.002406833425550964 0.00035844245141748444 1.9706101788927179e-05 0.0043213828585474288 -0.0027675848990515103 0.0021080967466650447 -0.00011798081868678173 0.0035007518150791395 -0.00059961099072020074 0.0015860470062756026 -0.0022126940050243905 0.00025355445852486279 0.00084661869718562492 0.00067911611348684265 -0.0012288863089167505 -0.0022614150446268744 0.0019012205108698416 0.0024120023072856768 -0.00039327175753559734 -0.00018078156561616711 0.0052920139317088714
leaf_weight=30 88 298 31 173 960 36 22 45 240 33 1051 20 55 259 41 70 42 58 26 21 522 58 20
leaf_count=30 88 298 31 173 960 36 22 45 240 33 1051 20 55 259 41 70 42 58 26 21 522 58 20
internal_value=1.78614e-05 0.00195369 -0.000931842 0.00318627 0.000784133 0.00564516 -0.00125335 0.00166667 -0.000185185 -0.00165361 -0.00290485 -0.00259104 -0.000518672 0.00291096 -0.00161555 -0.00110723 -0.00484694 -0.00833333 -0.00416667 0 -0.00102131 0.00580808 0.0025641
internal_weight=4199 1382 2817 204 1084 124 2613 315 270 2298 1093 1071 1205 292 913 858 196 126 84 662 563 99 78
internal_count=4199 1382 2817 204 1084 124 2613 315 270 2298 1093 1071 1205 292 913 858 196 126 84 662 563 99 78
is_linear=0
shrinkage=0.05


Tree=83
num_leaves=24
num_cat=4
split_feature=0 5 0 5 2 8 1 16 5 15 5 15 15 15 15 17 5 5 5 0 14 11 15
split_gain=9.58721 7.26248 3.84741 1.49591 1.48735 1.00497 1.65491 1.6258 1.1316 1.01167 0.953173 0.923728 0.870409 1.50008 1.00054 0.817268 0.756398 0.751543 0.740615 1.08162 1.45994 1.60698 1.3154
threshold=0 1.1577527833144476 1 1.3618862516084771 2030.5000000000002 1.0000000180025095e-35 2 3.485125 1.0596748834202809 30.123502613179962 1.4158576102881872 26.740512684119718 30.764671078485971 52.811123407476593 72.995977648302684 73.879583333333343 0.8899652155658534 0.6732881902594493 0.74651220879099955 3 18016.10850161799 1.5439646316424216 33.18665690317966
decision_type=1 2 1 2 2 2 1 2 2 2 2 2 2 2 2 2 2 2 2 1 2 2 2
left_child=1 5 10 4 -3 6 7 9 11 -1 17 -7 -8 -14 -15 -6 -16 -2 -19 -20 22 -22 -21
right_child=2 3 -4 -5 15 8 12 -9 -10 -11 -12 -13 13 14 16 -17 -18 18 19 20 21 -23 -24
leaf_value=-0.003753519202391975 -0.00036381918464943879 0.0055518977881761529 -0.00044467745502728141 0.064738178979286826 0.030241128980489765 -0.0031294351730041473 0.010366547350362798 -0.0058679421986893134 0.024561235970619724 0.0044183394370664875 0.001700386077497762 0.011361084864503069 -0.0044449019923531894 0.014259728436353571 -0.0034616502151260335 0.030148018642896447 0.0038078220608443792 0.00050040358891287329 -0.0002556214844901317 -0.000577377518771538 0.00041208050165342236 0.0067515072555650816 0.00067005263997468314
leaf_weight=20 251 29 1569 56 31 22 36 25 20 57 146 65 37 21 22 32 34 128 411 97 1015 21 54
leaf_count=20 251 29 1569 56 31 22 36 25 20 57 146 65 37 21 22 32 34 128 411 97 1015 21 54
internal_value=5.35842e-05 0.00643133 -0.000837385 0.0158784 0.0119565 0.00271588 0.000992063 -0.00392157 0.0067757 -0.000324675 0.000550867 0.00431034 0.00433333 0.00219298 0.00616883 0.0162698 0.00267857 0.000265554 0.000637312 0.00034418 0.00110693 0.00178571 -0.00347682
internal_weight=4199 507 3692 148 92 359 252 102 107 77 2123 87 150 114 77 63 56 1977 1726 1598 1187 1036 151
internal_count=4199 507 3692 148 92 359 252 102 107 77 2123 87 150 114 77 63 56 1977 1726 1598 1187 1036 151
cat_boundaries=0 1 2 3 4
cat_threshold=128 92 2 64
is_linear=0
shrinkage=0.05


Tree=84
num_leaves=24
num_cat=3
split_feature=0 5 0 7 5 15 2 2 1 7 5 9 14 14 10 5 15 14 9 9 5 14 7
split_gain=8.70082 7.19721 3.29925 1.92188 1.60387 1.5364 1.48311 1.42718 1.49828 1.11218 1.09516 1.19933 1.10338 1.20043 0.988688 1.21228 0.910484 1.98886 1.38302 1.50104 1.17417 1.75521 0.960919
threshold=0 1.1577527833144476 1 2.5000000000000004 1.3834267317466862 195.62082429985267 2028.5000000000002 2027.5000000000002 2 1.5000000000000002 0.80864045418109476 13320.461549423691 30577.265212828435 47855.606384751161 2.5000000000000004 0.75151658956402845 114.93378014844174 85397.114327618969 38692.763374730326 47572.25609974932 1.4971340844100429 37301.303167889149 1.0000000180025095e-35
decision_type=1 2 1 2 2 2 2 2 1 2 2 2 2 2 2 2 2 2 2 2 2 2 2
left_child=1 3 7 10 6 16 -3 8 -2 14 12 -12 -1 -14 15 -9 17 18 20 -20 -4 -22 -18
right_child=2 4 5 -5 -6 -7 -8 9 -10 -11 11 -13 13 -15 -16 -17 22 -19 19 -21 21 -23 -24
leaf_value=0.012372051690920394 -0.00038564771975228146 3.078902402715578e-05 -4.1248468152804699e-05 0.013641469501698623 0.065134668857801878 0.0011316216574096816 0.029791334271382232 5.6262813403157313e-05 -0.0012674280613142353 2.0501281977669538e-06 0.00075277957060582157 0.010010603249569662 -0.0082009424526598984 -0.0025039507597480973 0.0003390919598215969 -0.00097429307726543688 -0.00047666020084125016 0.00098346679700657131 -0.0027839959971995205 -3.7130601065304971e-06 -0.00024409726640961527 0.0052473031146430989 6.375768263787718e-05
leaf_weight=23 52 20 1534 67 42 27 86 119 93 299 148 56 20 45 58 443 285 397 22 29 31 25 278
leaf_count=23 52 20 1534 67 42 27 86 119 93 299 148 56 20 45 58 443 285 397 22 29 31 25 278
internal_value=6.54918e-05 0.0061412 -0.00078336 0.00243733 0.0155405 0.000170584 0.0122642 -0.00311918 -0.00775862 -0.00242111 0.000684932 0.00269608 -0.00397727 -0.00730769 -0.00362903 -0.00427046 4.80584e-05 0.000539745 -0.000228519 -0.00833333 3.14465e-05 0.00714286 -0.00173179
internal_weight=4199 507 3692 359 148 2628 106 1064 145 919 292 204 88 65 620 562 2601 2038 1641 51 1590 56 563
internal_count=4199 507 3692 359 148 2628 106 1064 145 919 292 204 88 65 620 562 2601 2038 1641 51 1590 56 563
cat_boundaries=0 1 2 3
cat_threshold=128 33 2
is_linear=0
shrinkage=0.05


Tree=85
num_leaves=24
num_cat=4
split_feature=0 5 0 7 5 5 18 3 5 5 2 0 5 5 7 15 5 14 9 9 5 0 5
split_gain=7.92712 6.98073 2.9557 1.99261 1.60948 1.33087 1.31731 1.77568 1.5873 1.29016 1.48311 1.26039 2.53068 1.55793 1.40623 1.42524 1.21076 1.1598 2.20731 1.09294 2.04632 1.07303 2.0562
threshold=0 1.1577527833144476 1 2.5000000000000004 0.95718907554605426 0.59363815052548841 1.0000000180025095e-35 1.0000000180025095e-35 0.75151658956402845 1.3834267317466862 2028.5000000000002 2 1.5531047480642555 1.1016024789624379 1.5000000000000002 27.999079570150631 0.92692011529563423 38805.750356553144 7499.9725693362752 2264.3830592864501 0.40013708798615666 3 0.89340953320853456
decision_type=1 2 1 2 2 2 2 2 2 2 2 1 2 2 2 2 2 2 2 2 2 1 2
left_child=1 3 4 -1 16 19 7 8 -7 10 -3 12 14 -13 -6 -16 21 -9 -19 -4 -21 -2 -23
right_child=2 9 5 -5 11 6 -8 17 -10 -11 -12 13 -14 -15 15 -17 -18 18 -20 20 -22 22 -24
leaf_value=0.0001589539619601288 0.0011293816736476559 2.9249572825795767e-05 0.0010404041168912749 0.01295939602661369 0.00061830311318755715 0.002369905142630524 -0.00048003359395399768 0.0013580747399216471 -0.00070555945010212368 0.061877935414911801 0.028301767557813131 0.00093154875016320253 0.010731645901050781 -0.0008054950060377708 0.0056090801159303597 0.002023719115971928 -0.0010058258667806242 -0.0011507980669254903 0.0019373449513349463 -0.0013473532078408679 0.00026692748412113221 -0.00033907074891558755 0.0016685603050746623
leaf_weight=292 203 20 61 67 387 24 1734 21 144 42 86 92 29 189 46 148 58 21 26 20 75 360 54
leaf_count=292 203 20 61 67 387 24 1734 21 144 42 86 92 29 189 46 148 58 21 26 20 75 360 54
internal_value=0.000148845 0.00594778 -0.000661804 0.00229805 0.000983503 -0.00187266 -0.0022335 0.00127119 -0.0014881 0.0152027 0.0122642 0.00238496 0.00362903 -0.000429553 0.00296902 0.0064433 -0.000851852 0.00808824 0.0037234 0.0025641 -0.000789474 -0.000202593 -0.00165094
internal_weight=4199 507 3692 359 1566 2126 1970 236 168 148 106 891 610 281 581 194 675 68 47 156 95 617 414
internal_count=4199 507 3692 359 1566 2126 1970 236 168 148 106 891 610 281 581 194 675 68 47 156 95 617 414
cat_boundaries=0 1 2 3 4
cat_threshold=128 28 20 8
is_linear=0
shrinkage=0.05


Tree=86
num_leaves=24
num_cat=4
split_feature=0 5 0 7 5 5 2 36 9 7 0 5 5 7 15 15 2 9 9 9 5 0 2
split_gain=7.00058 6.41246 2.68929 1.69369 1.66577 1.32492 1.34058 1.24211 1.25022 1.09707 1.0636 2.02989 1.76501 1.14258 2.04607 1.06667 1.03692 1.01775 1.3344 0.9792 0.927377 0.960016 1.87263
threshold=0 1.1577527833144476 1 2.5000000000000004 0.95718907554605426 1.395838970718613 2028.5000000000002 0.40080899483481908 291.85099732180862 1.0000000180025095e-35 2 1.4158576102881872 1.2892373734878864 1.5000000000000002 27.999079570150631 42.543703534762138 2034.5000000000002 494.282496821179 7131.0651946312319 8827.1461165644123 0.92692011529563423 3 2029.5000000000002
decision_type=1 2 1 2 2 2 2 2 2 2 1 2 2 2 2 2 2 2 2 2 2 1 2
left_child=1 3 4 -1 20 6 -3 10 -9 -8 11 13 16 -6 -15 -13 17 -12 -19 -14 21 22 -2
right_child=2 5 -4 -5 7 -7 9 8 -10 -11 12 15 19 14 -16 -17 -18 18 -20 -21 -22 -23 -24
leaf_value=0.00015100626386213014 0.0034109943768675156 2.7787094184494876e-05 -0.00025367741973883056 0.012311426225283008 0.00058954507133983651 0.068573728964839292 0.013632257731452758 0.0018553886839588751 -0.0045579716033621103 0.039357721072933366 0.0020064882073287161 0.0093136753438707084 -0.0025128385064687175 0.0058788147176846613 0.0018911684473529534 0.0063091977095097512 0.00091488764824044784 -0.0026289861458986042 0.00010947710552279278 0.00016310644943116071 -0.00095553457344159105 -0.00018990293756480093 -0.00021318710919653318
leaf_weight=292 60 20 2126 67 336 39 38 22 20 51 31 24 46 40 139 40 83 25 56 29 58 414 143
leaf_count=292 60 20 2126 67 336 39 38 22 20 51 31 24 46 40 139 40 83 25 56 29 58 414 143
internal_value=0.000208383 0.00565764 -0.000553755 0.00215877 0.00101523 0.014527 0.0116972 0.00244108 -0.00595238 0.0143258 0.0028563 0.00403226 0.000178571 0.00305825 0.00628492 0.0125 0.00269231 -0.000446429 -0.00339506 -0.00633333 -0.000851852 -0.00028363 0.00246479
internal_weight=4199 507 3692 359 1566 148 109 891 42 89 849 579 270 515 179 64 195 112 81 75 675 617 203
internal_count=4199 507 3692 359 1566 148 109 891 42 89 849 579 270 515 179 64 195 112 81 75 675 617 203
cat_boundaries=0 1 2 3 4
cat_threshold=128 28 20 8
is_linear=0
shrinkage=0.05


Tree=87
num_leaves=24
num_cat=0
split_feature=7 5 36 2 5 5 14 15 15 20 2 11 11 5 2 5 14 16 9 14 14 2 14
split_gain=3.4296 1.81974 2.13627 1.683 1.94616 1.5863 1.43576 3.16835 1.59897 1.35511 1.32098 1.30233 1.50319 1.28672 1.20811 1.52256 1.33881 1.39574 1.09347 2.47472 2.17006 1.24486 1.48003
threshold=1.0000000180025095e-35 0.98661854419696859 0.044234130425056896 2026.5000000000002 1.1943901211755916 1.4158576102881872 138355.03624647748 123.43901836151963 161.22796538236682 1.0000000180025095e-35 2034.5000000000002 1.5996089779547213 1.0972505494596578 1.1813853759944195 2032.5000000000002 1.3572596427166561 13749.0375045001 1.756416666666667 2614.0335820877335 13749.0375045001 29574.092071284296 2038.5000000000002 42045.363670888539
decision_type=2 2 2 2 2 2 2 2 2 2 2 2 2 2 2 2 2 2 2 2 2 2 2
left_child=5 2 18 4 -3 6 7 14 13 -7 -10 12 -5 -8 15 -1 17 -16 20 -20 -2 22 -22
right_child=1 3 -4 11 -6 9 8 -9 10 -11 -12 -13 -14 -15 16 -17 -18 -19 19 -21 21 -23 -24
leaf_value=-0.00066271992936577377 -0.0010275845989360932 0.0025851287802835079 0.00081145720018986622 0.00081223601473799374 -0.0021381623764797522 0.0028580177076373281 0.00045446008077969506 -0.0018085672545641975 0.0002284038862915991 0.00051486057510166943 -0.0012639954963331425 0.0040151450583818197 -0.0017819736867377479 0.0016789772535279247 -5.9566286494644467e-06 0.0015051254664872227 6.4285336235656029e-05 -0.0025153659564159676 0.0032069409719898082 1.0842440477543126e-05 0.0011986457376759519 0.0019076191126993214 -0.00022554507603006479
leaf_weight=723 121 29 70 943 31 27 121 145 66 128 40 31 27 35 52 23 744 46 27 500 49 27 194
leaf_count=723 121 29 70 943 31 27 121 145 66 128 40 31 27 35 52 23 744 46 27 500 49 27 194
internal_value=0.000232198 0.00169595 0.000151822 0.00313384 -0.005 -0.00116279 -0.00154135 -0.0020629 0.0019084 0.00370968 -0.00283019 0.00362138 0.00329897 0.00512821 -0.00141688 -0.00288204 -0.000118765 -0.00561224 -0.000490196 0.000996205 -0.00249361 0 -0.00113169
internal_weight=4199 2049 988 1061 60 2150 1995 1733 262 155 106 1001 970 156 1588 746 842 98 918 527 391 270 243
internal_count=4199 2049 988 1061 60 2150 1995 1733 262 155 106 1001 970 156 1588 746 842 98 918 527 391 270 243
is_linear=0
shrinkage=0.05


Tree=88
num_leaves=24
num_cat=2
split_feature=0 5 0 5 7 5 2 5 18 3 5 14 15 5 7 5 8 5 4 5 5 5 2
split_gain=6.77972 6.70455 2.68533 1.6491 1.47992 1.32492 1.34058 1.10702 1.2421 1.41328 1.50893 1.34096 2.28429 1.29116 1.09707 1.02397 1.77055 1.57237 1.23392 0.978955 1.371 1.39914 1.34964
threshold=0 1.1577527833144476 1 0.64827296193767847 2.5000000000000004 1.395838970718613 2028.5000000000002 0.59363815052548841 1.0000000180025095e-35 1.0000000180025095e-35 0.75151658956402845 38805.750356553144 85.381981517116529 1.2837255376576799 1.0000000180025095e-35 0.68614658175646159 1.0000000180025095e-35 0.70059082524422223 1.0000000180025095e-35 0.88037162294841587 0.94147667905431387 0.97590027831923531 2036.5000000000002
decision_type=1 2 1 2 2 2 2 2 2 2 2 2 2 2 2 2 2 2 2 2 2 2 2
left_child=1 4 3 -2 19 6 -3 -4 9 10 -9 -11 -13 -12 -8 16 18 -17 -10 22 -21 -22 -1
right_child=2 5 7 -5 -6 -7 14 8 15 11 13 12 -14 -15 -16 17 -18 -19 -20 20 21 -23 -24
leaf_value=-0.00022661065437157291 -0.00047232616633363644 2.265983734095478e-05 0.00022686721295015201 0.00034681800876941172 0.011695312791994983 0.06511929948784223 0.012949186627190424 0.0022803906937081454 -0.0010284295917547871 0.0012996406071007216 -0.00089751443152944756 -0.0008652589918198908 0.0019716993210460109 0.00047661793351086169 0.037349223218549769 0.0017817179403245426 -0.0022483758192136691 -0.00041082071366282946 0.0014217570220174365 0.010677007732379252 -0.0061028048372115734 0.0037513983029679124 -0.0052643254763311111
leaf_weight=90 163 20 156 1403 67 39 38 24 53 21 123 22 25 21 51 24 32 1605 20 34 24 113 31
leaf_count=90 163 20 156 1403 67 39 38 24 53 21 123 22 25 21 51 24 32 1605 20 34 24 113 31
internal_value=0.000101215 0.00546422 -0.000648298 0.000920051 0.00188022 0.014527 0.0116972 -0.00180243 -0.00213198 0.00127119 -0.00119048 0.00735294 0.00265957 -0.003125 0.0143258 -0.00259516 -0.00738095 -0.00228668 -0.00308219 0.000342466 0.00277778 0.000547445 -0.00309917
internal_weight=4199 507 3692 1566 359 148 109 2126 1970 236 168 68 47 144 89 1734 105 1629 73 292 171 137 121
internal_count=4199 507 3692 1566 359 148 109 2126 1970 236 168 68 47 144 89 1734 105 1629 73 292 171 137 121
cat_boundaries=0 1 2
cat_threshold=128 28
is_linear=0
shrinkage=0.05


Tree=89
num_leaves=24
num_cat=2
split_feature=0 7 0 3 16 2 9 18 15 7 15 14 3 17 9 9 15 16 14 14 9 14 15
split_gain=6.42018 2.35097 2.35064 2.00573 1.48546 2.09744 1.64906 1.5681 1.52662 1.01403 1.16499 1.52111 1.34269 1.25583 1.23536 1.09394 0.939776 0.921745 2.11767 1.38347 1.54992 1.06667 0.88435
threshold=0 1.5000000000000002 1 1.0000000180025095e-35 3.485125 2027.5000000000002 1673.190932123736 1.0000000180025095e-35 123.43901836151963 1.0000000180025095e-35 114.93378014844174 154016.62477591509 1.0000000180025095e-35 74.884166666666673 33923.018226849999 49647.951818734196 71.878914258797877 1.756416666666667 38805.750356553144 8154.2033429185685 560.01526112040051 47446.554333251734 48.202401490959581
decision_type=1 2 1 2 2 2 2 2 2 2 2 2 2 2 2 2 2 2 2 2 2 2 2
left_child=1 4 9 -3 5 -1 -7 -8 16 10 13 14 -13 17 -12 -16 -9 22 19 -19 -21 -20 -2
right_child=2 3 -4 -5 -6 6 7 8 -10 -11 11 12 -14 -15 15 -17 -18 18 21 20 -22 -23 -24
leaf_value=-0.0033571241927923493 0.00055291425679199755 0.015105493825981232 -0.00032839322821813792 0.023240015373938206 -0.0024574692310509686 0.00024263187231354788 -0.0090041670116087335 0.013046222515704198 -0.0019893152937156878 0.00036493348238001436 -0.00031056914341101582 -0.00024936450329844927 0.0029023006737025851 0.00040117888533164895 -0.003492739608666748 -0.00063221166369374366 0.023322282794755525 -0.0019708975018173759 -0.0026323017401773926 0.00097001566110585524 -0.00033101821651476682 -0.00058793590671951397 -0.00054619925149672073
leaf_weight=34 148 138 1569 48 46 90 21 81 21 1019 113 51 35 324 24 20 28 28 30 51 79 30 171
leaf_count=34 148 138 1569 48 46 90 21 81 21 1019 113 51 35 324 24 20 28 28 30 51 79 30 171
internal_value=0.000148845 0.0053675 -0.000580767 0.00994624 0.00288162 0.00427273 0.00591286 0.00910596 0.0111538 0.000503985 -0.000543478 -0.00360082 0.00174419 0.000319396 -0.00652866 -0.0136364 0.0135321 -0.00116387 -0.00366972 -0.000632911 0.00153846 -0.0116667 0.000548589
internal_weight=4199 507 3692 186 321 275 241 151 130 2123 1104 243 86 861 157 44 109 537 218 158 130 60 319
internal_count=4199 507 3692 186 321 275 241 151 130 2123 1104 243 86 861 157 44 109 537 218 158 130 60 319
cat_boundaries=0 1 2
cat_threshold=128 92
is_linear=0
shrinkage=0.05


Tree=90
num_leaves=24
num_cat=0
split_feature=7 15 5 5 5 15 11 14 14 15 18 2 15 16 2 5 5 14 14 5 5 5 14
split_gain=2.53943 1.62636 1.56815 1.5127 1.43393 1.52089 1.42854 2.20363 1.59803 2.10274 1.2445 1.17437 1.36914 1.8165 1.08482 1.07423 1.01212 1.62616 1.62808 1.28719 1.11191 2.62857 1
threshold=2.5000000000000004 201.16158502425318 1.3153449239505515 1.3661093842275072 1.3466728658495071 160.1081189968717 0.089504451277404307 34911.559038450992 42329.589652221854 50.088571606573716 1.0000000180025095e-35 2038.5000000000002 42.543703534762138 3.485125 2032.5000000000002 1.449774343129308 1.1313192132347927 31746.985827870991 15617.993554179864 0.6732881902594493 0.80526734759815788 0.87576888871408942 45088.504878155632
decision_type=2 2 2 2 2 2 2 2 2 2 2 2 2 2 2 2 2 2 2 2 2 2 2
left_child=1 2 -1 6 -4 10 7 -2 -9 -10 -6 12 -12 15 -5 -14 17 18 -8 -19 -21 -22 -13
right_child=3 -3 4 14 5 -7 16 8 9 -11 11 22 13 -15 -16 -17 -18 19 -20 20 21 -23 -24
leaf_value=-0.0001693234819091727 0.0027699964115131788 0.00059572884519955576 0.0015383680327342082 0.0029005669181394358 0.0027751268734479751 -0.001996230405089883 2.5960789780854477e-05 -0.0014588392125946621 0.0026073355302833642 0.00046121178131741658 0.0013014635775446121 5.9829855070975274e-05 -0.0026443770242608939 0.0010019987921790791 0.002677733218161163 -0.00039563629248923763 -0.0015412506843940799 -0.0015834864780190528 -0.0040847860923919925 0.003140046004511743 -0.001136565630213232 0.0031146077877938663 0.0032433121564596715
leaf_weight=3006 86 24 73 24 35 25 41 44 52 224 114 20 80 34 32 66 46 20 26 29 22 51 25
leaf_count=3006 86 24 73 24 35 25 41 44 52 224 114 20 80 34 32 66 46 20 26 29 22 51 25
internal_value=7.73994e-05 -0.000471159 -0.000560667 0.00283357 0.00211864 0.00093985 0.00214509 0.00394089 0.00203125 0.00344203 0.00173797 0.000811209 -0.000340136 -0.00305556 0.0107143 -0.00547945 -0.000957447 0.000661376 -0.00559701 0.00409836 0.00637255 0.00308219 0.00833333
internal_weight=4199 3502 3478 697 472 399 641 406 320 276 374 339 294 180 56 146 235 189 67 122 102 73 45
internal_count=4199 3502 3478 697 472 399 641 406 320 276 374 339 294 180 56 146 235 189 67 122 102 73 45
is_linear=0
shrinkage=0.05


Tree=91
num_leaves=24
num_cat=3
split_feature=0 5 5 0 7 1 16 37 15 5 15 15 14 4 9 9 3 15 14 4 14 14 17
split_gain=4.93517 7.246 2.22504 2.22206 1.73974 1.91128 1.64144 1.02836 1.78077 1.20615 1.16835 2.51389 2.34002 2.04315 1.86473 1.47275 1.67163 1.28686 1.70248 1.16126 1.0876 1.24715 1.3273
threshold=0 1.2837255376576799 0.88037162294841587 1 1.5000000000000002 2 3.485125 1.0000000180025095e-35 16.739083551532328 1.1246321737264284 37.689157896217381 61.321887715127346 28933.703654352354 1.0000000180025095e-35 3363.9400976833381 7583.0735006922287 1.0000000180025095e-35 70.302322041952422 43203.084249242173 1.0000000180025095e-35 38160.188036816093 32201.375271826666 73.879583333333343
decision_type=1 2 2 1 2 1 2 2 2 2 2 2 2 2 2 2 2 2 2 2 2 2 2
left_child=1 2 -1 -2 6 -6 -4 8 9 -5 20 12 13 14 -12 16 19 18 -13 -14 21 22 -10
right_child=3 -3 4 7 5 -7 -8 -9 10 -11 11 17 15 -15 -16 -17 -18 -19 -20 -21 -22 -23 -24
leaf_value=-0.0011004390040306956 7.0942500420501098e-05 0.043978842623257824 0.003970721193501725 -0.00094280860485423392 0.0090331504607705348 0.024584417770876055 -0.0044440754699894168 0.00017166789130171334 -0.00015587300268427029 -0.002534889699568818 -0.00042395995617773856 -0.00084821613885681379 -0.0031618589875823779 -0.0016933932844413969 0.0017268025413116701 -0.003058543067925404 -0.0031019659763545041 -0.00028433928869635582 0.00103643064396452 0.0010052993552596924 -0.00022120549210982721 0.0011051421390955412 0.00029621426798120964
leaf_weight=151 2123 82 150 40 47 53 24 50 106 25 35 30 53 44 39 42 33 702 53 23 188 31 75
leaf_count=151 2123 82 150 40 47 53 24 50 106 25 35 30 53 44 39 42 33 702 53 23 188 31 75
internal_value=1.78614e-05 0.00459381 0.00205882 -0.000621286 0.00474453 0.01 0.00172414 -0.00204243 -0.00228769 -0.0103846 -0.00192572 -0.00279886 -0.00697026 -0.00169492 0.00337838 -0.0110927 -0.00802752 -0.00136943 0.00451807 -0.00394737 0.000375 0.00283019 0.00124309
internal_weight=4199 507 425 3692 274 100 174 1569 1519 65 1454 1054 269 118 74 151 109 785 83 76 400 212 181
internal_count=4199 507 425 3692 274 100 174 1569 1519 65 1454 1054 269 118 74 151 109 785 83 76 400 212 181
cat_boundaries=0 1 2 3
cat_threshold=128 92 1
is_linear=0
shrinkage=0.05


Tree=92
num_leaves=24
num_cat=2
split_feature=0 5 5 5 7 5 15 15 0 9 3 14 11 15 5 9 5 15 9 9 9 15 9
split_gain=4.5374 8.57513 3.73297 3.33267 3.366 1.56325 1.52684 1.45908 1.31757 2.22484 2.07294 1.55992 1.49067 1.88666 2.23504 1.75612 1.60912 1.97038 1.75988 1.45092 1.37035 1.31025 1.20662
threshold=0 1.0596748834202809 0.42540951297941754 1.4368553152526682 1.5000000000000002 0.80201068204579806 30.764671078485971 14.506603944714575 1 3501.7225505007154 1.0000000180025095e-35 56776.803500960617 0.002878156815596809 52.485411075247264 0.8562717732649815 1796.9841325213447 1.1080825569437391 61.954621471257603 7833.532896451964 13884.561772756344 20329.79595575637 18.577992380300092 3923.3204996074787
decision_type=1 2 2 2 2 2 2 2 1 2 2 2 2 2 2 2 2 2 2 2 2 2 2
left_child=1 2 -1 4 -3 7 -6 -2 9 -7 11 -11 13 -10 20 -14 17 -16 -19 22 -15 -4 -18
right_child=5 3 21 -5 6 8 -8 -9 12 10 -12 -13 15 14 16 -17 19 18 -20 -21 -22 -23 -24
leaf_value=-0.0073697363467601362 0.0015378669216282283 0.0021442668542575815 -0.0025341235277387686 0.013478691687064705 0.0090152759630043877 -4.6473719569203878e-05 0.0055591690280470396 3.3241782839166235e-05 0.00052240330819608438 -0.0031455773402761845 1.8594768374979866e-05 -0.0010301204204573172 -0.00051943929787520997 -0.0023307089906623225 -0.0020871988330212034 -0.0010399027840200692 -0.0013028896162353143 0.0028305663015992717 0.00031426107623216682 -0.0012414173269223146 -0.00018282976818737029 1.6733700065518776e-05 0.00043481556763146496
leaf_weight=30 30 376 53 79 54 209 148 607 283 63 53 97 608 26 25 53 20 53 187 180 36 827 102
leaf_count=30 30 376 53 79 54 209 148 607 283 63 53 97 608 26 25 53 20 53 187 180 36 827 102
internal_value=1.78614e-05 0.00214014 -0.000989011 0.00650685 0.00519031 -0.00124905 0.010396 0.000902669 -0.00194236 -0.00439815 -0.00809859 -0.0109375 -0.00124763 5.48246e-05 -0.00147059 -0.00306354 -0.000485009 0.00235849 0.00375 -0.00298013 -0.0104839 -0.000397727 0.00122951
internal_weight=4199 1567 910 657 578 2632 202 637 1995 422 213 160 1573 912 629 661 567 265 240 302 62 880 122
internal_count=4199 1567 910 657 578 2632 202 637 1995 422 213 160 1573 912 629 661 567 265 240 302 62 880 122
cat_boundaries=0 1 2
cat_threshold=148 32
is_linear=0
shrinkage=0.05


Tree=93
num_leaves=24
num_cat=4
split_feature=0 5 0 5 7 1 16 37 2 1 14 15 18 14 2 9 2 2 2 3 9 14 2
split_gain=4.23756 6.81335 2.17321 2.11891 1.86266 1.91128 1.56466 1.32256 1.79121 2.12066 1.07345 1.05716 0.955808 0.860969 1.14804 1.00833 0.981327 0.846018 0.833333 0.801571 0.754717 1.27273 0.816495
threshold=0 1.2837255376576799 1 0.88037162294841587 1.5000000000000002 2 3.485125 1.0000000180025095e-35 2027.5000000000002 3 82210.281270887281 195.62082429985267 1.0000000180025095e-35 18785.629984887375 2039.5000000000002 13678.729116444754 2037.5000000000002 2036.5000000000002 2028.5000000000002 1.0000000180025095e-35 3422.9760890567318 76107.804796476528 2036.5000000000002
decision_type=1 2 1 2 2 1 2 2 2 1 2 2 2 2 2 2 2 2 2 2 2 2 2
left_child=1 3 7 12 6 -6 18 8 9 -2 -11 -4 -1 16 -15 -16 19 -14 -5 -10 22 -22 -20
right_child=2 -3 11 4 5 -7 -8 -9 13 10 -12 -13 17 14 15 -17 -18 -19 20 -21 21 -23 -24
leaf_value=0.0053960294807504864 -0.00019887263351229395 0.041587314595037353 2.9649219721739064e-05 -0.00078933079430849602 0.0085806562527287241 0.023354360197328949 -0.0042227083814932124 0.00045382226400754455 0.00010343628556400004 -0.0021150665967795469 -0.00086677211589995394 0.0011806040654977756 -0.00094510496803947854 -0.00056285683928658514 0.0012036081853981141 -0.00027004119608926017 -0.00042531407817612555 -0.0071412945178507938 0.0022555853997489718 0.0011166041938777183 0.014594617104227514 0.0013405950264376188 -0.0020149005876900715
leaf_weight=22 52 82 2601 25 47 53 24 34 74 52 34 27 96 708 40 20 29 33 33 21 44 28 20
leaf_count=22 52 82 2601 25 47 53 24 34 74 52 34 27 96 708 40 20 29 33 33 21 44 28 20
internal_value=0.000160753 0.00440039 -0.000432199 0.00194118 0.00456204 0.01 0.00143678 -0.00232775 -0.0026699 -0.00797101 -0.0127907 0.000341168 -0.00281457 -0.00184978 -0.00247396 0.00416667 0.00201613 -0.00445736 0.00333333 0.00447368 0.005 0.00833333 0.000471698
internal_weight=4199 507 3692 425 274 100 174 1064 1030 138 86 2628 151 892 768 60 124 129 150 95 125 72 53
internal_count=4199 507 3692 425 274 100 174 1064 1030 138 86 2628 151 892 768 60 124 129 150 95 125 72 53
cat_boundaries=0 1 2 3 4
cat_threshold=128 33 1 2
is_linear=0
shrinkage=0.05


Tree=94
num_leaves=24
num_cat=6
split_feature=0 7 0 37 15 2 1 6 15 15 9 10 16 8 1 9 2 0 9 4 11 1 7
split_gain=4.02733 3.25221 1.38831 1.29707 1.19957 1.18472 1.58173 1.13807 1.07244 2.37548 0.912156 0.896542 1.6197 0.870248 1.03846 0.861042 1.03147 0.851889 2.00594 1.47173 1.35358 2.2645 1.23979
threshold=0 2.5000000000000004 1 1.0000000180025095e-35 83.467243032003111 2027.5000000000002 2 1.0000000180025095e-35 53.616115913572237 58.568473776007473 13483.581794243801 1.5000000000000002 1.756416666666667 1.0000000180025095e-35 3 11208.563005266211 2037.5000000000002 4 3501.7225505007154 1.0000000180025095e-35 0.0070032846708878481 5 1.5000000000000002
decision_type=1 2 1 2 2 2 1 2 2 2 2 2 2 2 1 2 2 1 2 2 2 1 2
left_child=1 4 3 5 7 6 -2 8 -1 -10 -11 12 -3 15 -15 16 -6 20 19 -19 21 -7 -23
right_child=2 11 -4 -5 13 17 -8 -9 9 10 -12 -13 -14 14 -16 -17 -18 18 -20 -21 -22 22 -24
leaf_value=0.00016211487761637057 -0.00018892900183667822 0.0048954549099973661 -5.8346904824868597e-07 0.00043113115080716527 -0.00060197547295552938 0.0022927456164482498 -0.001540754073887274 0.0099161023429418637 0.0052384278070277852 0.0021498026194923694 -0.001103921867231128 -0.00026691388286678166 0.0076569510960557644 -0.0045991039328614541 0.0099632385423247937 0.00021890535928699719 -0.0039959420323207821 -0.00042704111217704567 -0.00080334209048628651 0.0016235659475235976 -0.00062666269311762585 -0.00020824148528604536 0.00071087268880941086
leaf_weight=360 52 113 2106 34 93 24 86 66 30 73 26 24 41 26 24 129 24 158 237 60 180 164 69
leaf_count=360 52 113 2106 34 93 24 86 66 30 73 26 24 41 26 24 129 24 158 237 60 180 164 69
internal_value=0.000113122 0.00281521 -0.00077044 -0.00223464 0.00155699 -0.00257282 -0.00688406 0.00292793 0.00209611 0.00600775 0.00227273 0.00898876 0.0103896 -0.00101351 0.005 -0.00223577 -0.00534188 -0.00190583 -0.0033871 0 -0.000279642 0.0020428 0.000536481
internal_weight=4199 1029 3170 1064 851 1030 138 555 489 129 99 178 154 296 50 246 117 892 455 218 437 257 233
internal_count=4199 1029 3170 1064 851 1030 138 555 489 129 99 178 154 296 50 246 117 892 455 218 437 257 233
cat_boundaries=0 1 2 3 4 5 6
cat_threshold=144 33 2 1 1 4
is_linear=0
shrinkage=0.05


Tree=95
num_leaves=24
num_cat=5
split_feature=0 5 5 7 1 16 0 37 2 1 9 5 18 0 2 5 5 17 2 7 10 10 7
split_gain=3.78877 5.32187 2.11891 1.86266 1.91128 1.56466 1.4392 1.23441 1.1199 1.41962 0.907435 0.96763 0.857783 1.09435 0.877358 0.949781 1.22376 0.870999 0.833333 0.814881 0.812152 2.15538 0.946032
threshold=0 1.2837255376576799 0.88037162294841587 1.5000000000000002 1 3.485125 2 1.0000000180025095e-35 2027.5000000000002 3 17357.159624221244 0.94803883727286387 1.0000000180025095e-35 4 2038.5000000000002 0.83593146774837945 0.98661854419696859 73.879583333333343 2028.5000000000002 1.0000000180025095e-35 2.5000000000000004 3.5000000000000004 2.5000000000000004
decision_type=1 2 2 2 1 2 1 2 2 1 2 2 2 1 2 2 2 2 2 2 2 2 2
left_child=1 2 -1 5 -5 18 7 8 9 -2 11 -11 13 -8 15 19 -17 -18 -4 -15 22 -22 -10
right_child=6 -3 3 4 -6 -7 12 -9 20 10 -12 -13 -14 14 -16 16 17 -19 -20 -21 21 -23 -24
leaf_value=-0.0010071042343112958 -0.00017948255174484313 0.03935377707704979 -0.00076080952255743741 0.0076558183229451966 0.021792252719718477 -0.0039816209712551396 0.00082942054954839863 0.00040957459326680656 -0.00052638004570887962 -0.0010236775178625369 -0.0031914844727787845 -0.00042684361989651643 -1.3856584313204357e-05 0.00080883081149717433 -0.0017149785835975818 -0.00097408074419213511 0.0012424933228781189 -0.00077485125826785579 0.0049451449261032291 0.0034231725506347569 0.001073149278604979 -0.00092298207312055966 0.0001459544117101197
leaf_weight=151 52 82 25 47 53 24 129 34 677 24 28 34 2313 28 27 32 42 37 125 20 51 29 135
leaf_count=151 52 82 25 47 53 24 129 34 677 24 28 34 2313 28 27 32 42 37 125 20 51 29 135
internal_value=0.000101215 0.00411025 0.00194118 0.00456204 0.01 0.00143678 -0.000459211 -0.00200186 -0.0023301 -0.00652174 -0.0104651 -0.00689655 0.000170584 0.00261905 0 0.00141509 -0.00112613 0.00221519 0.00333333 0.00729167 -0.00168161 0.003125 -0.00215517
internal_weight=4199 507 425 274 100 174 3692 1064 1030 138 86 58 2628 315 186 159 111 79 150 48 892 80 812
internal_count=4199 507 425 274 100 174 3692 1064 1030 138 86 58 2628 315 186 159 111 79 150 48 892 80 812
cat_boundaries=0 1 2 3 4 5
cat_threshold=128 1 33 2 18
is_linear=0
shrinkage=0.05


Tree=96
num_leaves=24
num_cat=3
split_feature=0 5 5 7 16 16 9 0 37 2 2 16 15 14 15 0 2 15 15 14 15 5 15
split_gain=3.36831 4.95204 2.01537 1.98976 1.48971 1.23769 1.89435 1.22632 1.18539 1.20015 1.05926 1.15966 1.07333 1.03339 2.13404 1.98703 1.82907 1.78311 1.51605 1.51157 1.27298 1.25755 1.17556
threshold=0 1.2837255376576799 0.88037162294841587 1.5000000000000002 3.485125 1.756416666666667 581.24256917423725 1 1.0000000180025095e-35 2028.5000000000002 2030.5000000000002 1.4758333333333338 58.083230587519203 38160.188036816093 61.321887715127346 2 2030.5000000000002 30.764671078485971 23.522357577268313 7070.3627258293573 45.901977681964993 1.395838970718613 36.108001881607926
decision_type=1 2 2 2 2 2 2 1 2 2 2 2 2 2 2 1 2 2 2 2 2 2 2
left_child=1 2 -1 4 10 6 -5 8 9 -2 -4 12 -12 15 20 18 -17 -18 -11 -20 -15 -16 -21
right_child=7 -3 3 5 -6 -7 -8 -9 -10 13 11 -13 -14 14 21 16 17 -19 19 22 -22 -23 -24
leaf_value=-0.00095674902259572652 -0.0009346634442390034 0.037386088223197292 -0.00070672761385646163 0.020678961229748528 -0.003782539922692374 0.017516343537031378 -0.0025006328362617404 2.0859139393439308e-05 0.00038909586360346419 -0.00066129244654036248 -0.0028006029155894121 0.0089755503220516186 0.0048689259157162386 -0.0010514728754197067 2.3093431226423047e-05 0.00097029861967174726 4.5416133755095406e-05 -0.0018935089233128866 -6.8611050970279752e-05 0.0014049476329981035 -0.0028447827230865062 -0.0013437327469531025 0.0012627928326631233
leaf_weight=151 208 82 48 21 24 38 41 2628 34 21 25 56 21 126 371 23 52 57 24 30 40 33 45
leaf_count=151 208 82 48 21 24 38 41 2628 34 21 25 56 21 126 371 23 52 57 24 30 40 33 45
internal_value=0.000136937 0.00391683 0.00182353 0.00437956 0.00114943 0.01 0.00564516 -0.00039168 -0.00181564 -0.00213592 0.003 0.00588235 0 -0.00127737 -0.00245614 0.00138889 -0.0028169 -0.00573394 0.00576923 0.00883838 -0.00722892 -0.00049505 0.0123333
internal_weight=4199 507 425 274 174 100 62 3692 1064 1030 150 102 46 822 570 252 132 109 120 99 166 404 75
internal_count=4199 507 425 274 174 100 62 3692 1064 1030 150 102 46 822 570 252 132 109 120 99 166 404 75
cat_boundaries=0 1 2 3
cat_threshold=128 33 1
is_linear=0
shrinkage=0.05


Tree=97
num_leaves=24
num_cat=2
split_feature=0 5 7 9 5 2 0 14 15 9 10 9 2 19 2 14 4 14 9 16 14 9 5
split_gain=3.21881 4.53356 2.12313 1.33865 1.30105 1.28872 1.14742 1.08621 1.50873 1.25625 1.18452 0.957288 1.45658 1.08088 1.15968 1.38478 1.20222 2.00342 2.09977 1.81321 1.54322 1.5633 1.53828
threshold=0 1.0758755085164153 1.5000000000000002 56801.690371426215 1.4217699221021534 2027.5000000000002 1 90291.631936412246 42.543703534762138 581.24256917423725 1.5000000000000002 12598.823285573399 2026.5000000000002 1.0000000180025095e-35 2039.5000000000002 45088.504878155632 1.0000000180025095e-35 34504.457759630095 319.99629709843435 1.756416666666667 30577.265212828435 291.85099732180862 1.3310264847438595
decision_type=1 2 2 2 2 2 1 2 2 2 2 2 2 2 2 2 2 2 2 2 2 2 2
left_child=1 3 4 5 -3 -1 11 8 10 -9 -7 13 -13 -2 16 -16 17 18 -15 22 21 -18 -19
right_child=6 2 -4 -5 -6 7 -8 9 -10 -11 -12 12 -14 14 15 -17 20 19 -20 -21 -22 -23 -24
leaf_value=-0.0049276289285988713 -0.00066554442576244321 0.0043618488092256767 0.028362035702270028 0.0099197698177692206 0.059900114765262961 0.00089784062571021119 1.9816182423765263e-05 0.0027955992642454408 0.0068649344708499706 -0.011443649549558278 -0.009486970237763093 -0.0022132800560131379 -0.00063112813841081363 -0.0013979220730829856 -0.00038410489146942922 0.0016679359589767684 0.00078974854801153324 -0.00049407873417069701 0.0005429199102407106 -0.0026813503899220884 0.00082051126354225627 -0.0007665178529298656 0.00086017795345211256
leaf_weight=36 96 110 75 20 20 59 2628 25 102 34 26 26 303 65 26 20 24 164 84 79 119 37 21
leaf_count=36 96 110 75 20 20 59 2628 25 102 34 26 26 303 65 26 20 24 164 84 79 119 37 21
internal_value=0.00012503 0.00382012 0.00963415 0 0.00576923 -0.000886525 -0.00039168 0.000406504 0.00227273 -0.00550847 -0.00264706 -0.00176909 -0.00402736 -0.000782313 -3.91236e-05 0.0076087 -0.000632378 -0.00211864 0.00251678 -0.00473485 0.00277778 -0.00368852 -0.00202703
internal_weight=4199 507 205 302 130 282 3692 246 187 59 85 1064 329 735 639 46 593 413 149 264 180 61 185
internal_count=4199 507 205 302 130 282 3692 246 187 59 85 1064 329 735 639 46 593 413 149 264 180 61 185
cat_boundaries=0 1 2
cat_threshold=128 33
is_linear=0
shrinkage=0.05


Tree=98
num_leaves=24
num_cat=3
split_feature=0 5 7 5 7 0 3 2 5 2 14 15 14 1 14 15 15 14 4 15 5 14 15
split_gain=3.30516 4.00853 2.28054 1.38776 1.3852 1.02026 0.93012 1.17001 0.928148 0.873908 1.02249 1.36246 1.03226 0.931571 0.798597 1.04882 1.9677 2.40868 2.50998 1.46539 2.26093 1.7581 1.26351
threshold=0 1.0758755085164153 1.5000000000000002 1.4217699221021534 2.5000000000000004 1 1.0000000180025095e-35 2030.5000000000002 0.6732881902594493 2027.5000000000002 90291.631936412246 42.543703534762138 129024.64539963414 2 139348.44037165164 37.956939061017628 61.321887715127346 30577.265212828435 1.0000000180025095e-35 19.272280703621643 0.9728502460798758 44350.856459673661 129.15408329566625
decision_type=1 2 2 2 2 1 2 2 2 2 2 2 2 1 2 2 2 2 2 2 2 2 2
left_child=1 4 3 6 9 8 7 -3 -2 -1 11 13 -12 -11 15 19 17 18 -17 20 -7 -21 -18
right_child=5 2 -4 -5 -6 14 -8 -9 -10 10 12 -13 -14 -15 -16 16 22 -19 -20 21 -22 -23 -24
leaf_value=-0.004742232449426443 -0.00036796778858647631 -0.0030558602261625545 0.026943933917156528 0.056905109026999814 0.008144151074865302 0.00011963980513978734 0.016172720645624538 0.0034904507389780905 0.00010833091080186264 -0.0040763210666232121 -0.010769121750528488 0.0058925169383077687 0.00049114965929155654 0.00010012767901189657 9.351844585298586e-05 0.00097691852426060044 -4.7317371518440511e-05 -0.0019738859776168294 -0.0015092963584425829 0.00020348907725283583 -0.0013889672247879405 -0.00049266044789288838 -0.0014843544459449813
leaf_weight=29 251 25 75 20 59 50 41 44 1872 25 31 85 31 42 209 81 513 144 48 242 62 130 90
leaf_count=29 251 25 75 20 59 50 41 44 1872 25 31 85 31 42 209 81 513 144 48 242 62 130 90
internal_value=0.00017266 0.00391683 0.00939024 0.00538462 0.000331126 -0.000351162 0.00318182 -0.000362319 0.000363338 -0.00133745 -0.000233645 0.00197368 -0.00564516 -0.00335821 -0.00131412 -0.00176471 -0.0027968 -0.00631868 -0.00135659 0.000103306 -0.00491071 0.0016129 -0.00120232
internal_weight=4199 507 205 130 302 3692 110 69 2123 243 214 152 62 67 1569 1360 876 273 129 484 112 372 603
internal_count=4199 507 205 130 302 3692 110 69 2123 243 214 152 62 67 1569 1360 876 273 129 484 112 372 603
cat_boundaries=0 1 2 3
cat_threshold=128 92 2
is_linear=0
shrinkage=0.05


Tree=99
num_leaves=24
num_cat=4
split_feature=0 5 5 5 5 7 1 9 14 7 9 10 7 10 15 0 8 14 9 14 5 15 0
split_gain=2.698 4.17226 1.91443 1.80372 1.56643 1.89008 1.66826 1.16149 1.81894 1.11545 1.01193 0.9681 1.08893 1.19201 2.41755 1.32154 1.62456 1.08768 1.54042 1.60985 1.48158 1.74545 1.4358
threshold=0 1.2837255376576799 0.88037162294841587 0.92432712047662835 0.98074084135780404 1.5000000000000002 1 699.660860143631 61929.621073215065 1.0000000180025095e-35 99091.318322610707 3.5000000000000004 2.5000000000000004 2.5000000000000004 23.880185662864822 2 1.5000000000000002 105082.26008986418 2761.4735077852174 139348.44037165164 1.0566613915605825 145.1811954609453 3
decision_type=1 2 2 2 2 2 1 2 2 2 2 2 2 2 2 1 2 2 2 2 2 2 1
left_child=1 2 -1 -4 -5 6 -6 -8 -9 -3 11 12 13 15 -15 -2 -17 22 19 -19 -20 -22 -14
right_child=10 9 3 4 5 -7 7 8 -10 -11 -12 -13 17 14 -16 16 -18 18 20 -21 21 -23 -24
leaf_value=-0.001080921496686349 -0.0005219547402964417 0.011549286129431513 0.011518714861568481 -0.0053588022642472094 0.006687782544937227 0.014331536707629412 -0.0093537306838197953 0.016540038614975994 -0.0029081697161282838 0.05084890395391968 0.00050876806325207138 -0.00055128128666872005 3.8876820215560942e-05 -0.00073966587504859524 0.0012249255287774263 1.0368447673350657e-05 -0.0020423478836436386 -0.0016128537198251442 -0.00046876348052433682 0.00017563495720474278 0.0025836329626417079 -0.00078028780884839555 0.0013898974840741291
leaf_weight=151 798 42 25 50 55 73 27 24 20 40 21 69 247 21 89 2058 50 32 51 34 20 24 178
leaf_count=151 798 42 25 50 55 73 27 24 20 40 21 69 247 21 89 2058 50 32 51 34 20 24 178
internal_value=0.000244106 0.00362669 0.00170588 0.00419708 0.00291165 0.0048995 0.00119048 -0.00387324 0.00113636 0.0140244 -0.000229606 -0.000292836 -0.000180455 -0.00056366 0.00454545 -0.000757054 -9.44287e-05 0.00179181 -0.00170807 -0.00757576 0.00236842 0.00909091 0.00311765
internal_weight=4199 507 425 274 249 199 126 71 44 82 3692 3671 3602 3016 110 2906 2108 586 161 66 95 44 425
internal_count=4199 507 425 274 249 199 126 71 44 82 3692 3671 3602 3016 110 2906 2108 586 161 66 95 44 425
cat_boundaries=0 1 2 3 4
cat_threshold=128 1 33 106
is_linear=0
shrinkage=0.05


Tree=100
num_leaves=24
num_cat=4
split_feature=0 5 2 5 5 5 5 7 1 5 8 5 5 7 36 11 5 5 11 0 3 1 18
split_gain=2.41622 3.84556 1.85326 1.25074 1.70159 1.28034 1.44078 1.46494 1.28957 1.13256 1.27258 0.944249 1.4821 0.893481 1.22084 1.11503 1.1143 1.29787 1.05329 0.995877 2.25833 1.27982 1.50939
threshold=0 1.2837255376576799 2027.5000000000002 0.88037162294841587 0.92432712047662835 0.98074084135780404 0.99972858438040657 1.5000000000000002 1 1.4368553152526682 1.0000000180025095e-35 0.78493427256843895 0.64337206274225478 1.0000000180025095e-35 0.05862795281634519 0.0040471520885567913 0.9444895548775013 0.6677617044747115 0.30028405860890894 2 1.0000000180025095e-35 3 1.0000000180025095e-35
decision_type=1 2 2 2 2 2 2 2 1 2 2 2 2 2 2 2 2 2 2 1 2 1 2
left_child=1 2 -1 11 -5 -6 -7 8 -8 10 -3 12 -4 -2 15 19 17 -16 -18 20 -15 -21 -23
right_child=13 9 3 4 5 6 7 -9 -10 -11 -12 -13 -14 14 16 -17 18 -19 -20 21 -22 22 -24
leaf_value=-0.0025428578420423342 -0.00019444197154653011 0.0024940252193069059 -0.0035704370886586734 0.010801495611108393 -0.0059445435883269228 0.0084071257120454934 0.0063533934176903456 0.016629059894703781 -0.00098832827551103013 0.059782521977910098 0.035183048628780481 -0.0026976884337826415 0.011670935598057031 -0.0014867774451726296 0.00015673048222047958 -0.00017553645041901435 -0.00093164292427047048 0.0027826655782164562 0.00021047187795406042 5.2208371105749719e-05 0.00075272230060583487 0.003043425466156774 0.00034964425612426798
leaf_weight=51 1916 39 45 22 47 21 45 60 49 23 20 49 36 92 21 652 25 32 49 512 35 42 316
leaf_count=51 1916 39 45 22 47 21 45 60 49 23 20 49 36 92 21 652 25 32 49 512 35 42 316
internal_value=0.000232198 0.00343327 0.00158824 0.00280749 0.00491803 0.0036036 0.00557143 0.0038961 0 0.0134146 0.00974576 -0.00115385 0.00216049 -0.000216099 0.000591216 0.000227411 0.00531496 0.0108491 0.00135135 0.00127884 -0.00273723 0.001875 0.00418994
internal_weight=4199 507 425 374 244 222 175 154 94 82 59 130 81 3692 1776 1649 127 53 74 997 127 870 358
internal_count=4199 507 425 374 244 222 175 154 94 82 59 130 81 3692 1776 1649 127 53 74 997 127 870 358
cat_boundaries=0 1 2 3 4
cat_threshold=128 1 32 1
is_linear=0
shrinkage=0.05


Tree=101
num_leaves=24
num_cat=3
split_feature=0 5 5 5 19 2 8 14 15 9 2 0 5 8 11 15 0 5 15 15 36 5 15
split_gain=2.25261 3.53219 1.46472 1.96127 1.98532 1.24375 1.16101 0.987662 0.91917 1.17717 0.879479 0.798215 1.4799 1.85957 1.78924 1.85932 1.45537 1.48737 1.41398 1.63895 1.3942 1.14438 1.28148
threshold=0 1.2837255376576799 0.88037162294841587 0.92432712047662835 1.0000000180025095e-35 2030.5000000000002 1.0000000180025095e-35 42045.363670888539 25.656833035084436 4205.0603686627064 2034.5000000000002 1 1.0294041024118206 1.0000000180025095e-35 0.018032883825218161 46.866759309991963 2 1.5300513205035833 39.238187837704011 72.995977648302684 0.38768836376137489 0.59363815052548841 33.762863021435827
decision_type=1 2 2 2 2 2 2 2 2 2 2 1 2 2 2 2 1 2 2 2 2 2 2
left_child=1 2 8 -4 -5 -6 7 -3 -1 10 -10 12 -2 16 15 -15 17 20 -18 -20 -14 22 -13
right_child=11 6 3 4 5 -7 -8 -9 9 -11 -12 21 13 14 -16 -17 18 -19 19 -21 -22 -23 -24
leaf_value=-0.0029773596231596369 -0.00012131480399919515 0.047581463154256556 0.010402704337934622 0.015312468436761817 -0.0019931349178461846 0.0035808058443888239 0.043853310223204295 0.0041312993581572146 -0.00084835356741912453 -0.0033088384377219283 0.009925865634413689 0.0014689847176092342 0.0014151567558005063 0.0059695341587978519 0.00027226046274588244 0.0025386534375654414 -0.0022034966676117429 0.0086771876289603259 0.0026648122967771748 -0.00076609146547989009 -0.0018963662070046851 -0.00016675962789806378 5.1177146512704221e-06
leaf_weight=38 829 20 25 23 69 157 27 35 33 54 26 47 319 37 80 79 58 21 37 85 21 1970 109
leaf_count=38 829 20 25 23 69 157 27 35 33 54 26 47 319 37 80 79 58 21 37 85 21 1970 109
internal_value=0.000148845 0.00323985 0.00147059 0.00364964 0.00230924 0.000884956 0.0128049 0.00863636 -0.00248344 -0.000221239 0.00466102 -0.00028363 0.000571066 0.00220488 0.00637755 0.0103448 0.000693161 0.00249326 -0.00289474 0 0.00176471 -0.000912921 0.00320513
internal_weight=4199 507 425 274 249 226 82 55 151 113 59 3692 1566 737 196 116 541 361 180 122 340 2126 156
internal_count=4199 507 425 274 249 226 82 55 151 113 59 3692 1566 737 196 116 541 361 180 122 340 2126 156
cat_boundaries=0 1 2 3
cat_threshold=128 28 20
is_linear=0
shrinkage=0.05


Tree=102
num_leaves=24
num_cat=2
split_feature=0 5 7 3 5 15 16 2 15 10 8 15 14 14 15 0 15 2 15 11 2 5 9
split_gain=2.09715 3.248 1.47249 2.35315 2.87077 1.36915 1.26901 1.64398 1.25209 1.16776 1.1322 1.10734 2.19244 2.31958 1.67988 1.41304 1.51225 1.44643 1.28055 1.47637 1.56251 1.27981 1.30909
threshold=0 1.2994426869863489 1.5000000000000002 1.0000000180025095e-35 0.98661854419696859 52.811123407476593 3.485125 2027.5000000000002 37.689157896217381 1.5000000000000002 1.0000000180025095e-35 22.107445330116295 16049.574822509099 7639.0746366610892 36.52676775649882 1 33.18665690317966 2032.5000000000002 10.561263651809165 0.36632641747065203 2037.5000000000002 0.96426533895968825 1576.3889885512183
decision_type=1 2 2 2 2 2 2 2 2 2 2 2 2 2 2 1 2 2 2 2 2 2 2
left_child=1 2 6 4 8 -6 7 -1 -4 -9 -3 12 13 -2 15 -13 21 -18 -14 20 -20 22 -17
right_child=11 10 3 -5 5 -7 -8 9 -10 -11 -12 14 18 -15 -16 16 17 -19 19 -21 -22 -23 -24
leaf_value=-0.0043809319843624017 3.1507642115069512e-06 0.015676928076871998 -0.0069818383606502282 0.014545133072484751 0.019926293013537301 0.0042074114998992057 -0.0030709009749424255 0.0027644033903196918 -0.00080593588904815945 -0.001495318201093876 0.042935472834925562 -7.6423666883351787e-05 0.00088030216990030445 -0.0015213130000530151 -9.9598532810296633e-05 -0.00071534456900525516 0.0017391858541585814 0.00057649451246371002 -0.00095674842711764583 0.00053562207531441532 0.00054114358280455408 0.0010115771550580578 0.00049737603968233045
leaf_weight=28 49 51 21 42 28 26 38 178 43 26 26 373 70 81 2541 88 28 28 58 54 20 192 110
leaf_count=28 49 51 21 42 28 26 38 178 43 26 26 373 70 81 2541 88 28 28 58 54 20 192 110
internal_value=0.000160753 0.00314313 0.00151163 0.0053125 0.00169492 0.0101852 -0.000740741 0.000646552 -0.00546875 0.00220588 0.0126623 -0.000256618 -0.00301205 -0.00807692 1.4881e-05 0.00198413 0.00383772 0.0116071 0.000247525 -0.00265152 -0.00705128 0.00282051 0
internal_weight=4199 507 430 160 118 54 270 232 64 204 77 3692 332 130 3360 819 446 56 202 132 78 390 198
internal_count=4199 507 430 160 118 54 270 232 64 204 77 3692 332 130 3360 819 446 56 202 132 78 390 198
cat_boundaries=0 1 2
cat_threshold=128 104
is_linear=0
shrinkage=0.05


Tree=103
num_leaves=24
num_cat=2
split_feature=0 7 15 15 2 0 15 17 2 2 19 15 9 15 7 9 2 16 2 2 17 9 9
split_gain=1.8184 1.68094 1.14024 1.5044 1.29523 1.30656 2.0138 1.46629 1.2381 1.19655 1.82587 1.67512 1.06215 1.00068 1.1341 1.19101 1.22674 1.07475 1.03842 0.987547 1.63137 0.987431 1.63368
threshold=0 2.5000000000000004 22.107445330116295 36.52676775649882 2039.5000000000002 1 33.18665690317966 74.884166666666673 2032.5000000000002 2026.5000000000002 1.0000000180025095e-35 63.950051230600927 26496.096493499663 6.2682736410674691 1.5000000000000002 31.520653186837865 2034.5000000000002 1.4758333333333338 2029.5000000000002 2027.5000000000002 74.884166666666673 12598.823285573399 2911.1856199422177
decision_type=1 2 2 2 2 1 2 2 2 2 2 2 2 2 2 2 2 2 2 2 2 2 2
left_child=1 19 13 4 5 7 -7 -4 -8 10 -5 -12 -13 -2 15 16 -15 -17 -19 20 -1 22 -9
right_child=2 -3 3 9 -6 6 8 21 -10 -11 11 12 -14 14 -16 17 -18 18 -20 -21 -22 -23 -24
leaf_value=-0.0059268747051706601 0.00065413445530256855 0.0094648657444568966 -0.00067135378972346812 0.00093607385176540945 0.0011312904565787625 0.00040394481277083728 0.0016522265614506539 0.0002374156420252821 0.00054766978684052674 -4.0061545963493431e-05 -0.0021614263012884384 0.00018107943680069349 -0.0018653554574887766 0.00099897900806715794 2.9932260009302161e-06 0.00036199259824815647 -0.00098167905902935416 -0.0014017339014402873 -0.0011778570676146017 0.0026994072178358587 0.0042228991071925131 -0.0002654174637329032 0.0021320757155104176
leaf_weight=31 51 94 232 24 62 356 28 41 24 2363 47 68 39 41 95 24 26 24 71 361 21 53 23
leaf_count=31 51 94 232 24 62 356 28 41 24 2363 47 68 39 41 95 24 26 24 71 361 21 53 23
internal_value=0.00017266 0.00294971 -0.000216099 5.95238e-05 0.00192308 0.00135403 0.00322967 -0.000905292 0.0125 -0.000541126 -0.00449438 -0.00649351 -0.00303738 -0.00301205 -0.00418149 -0.00645161 -0.0011194 -0.00945378 -0.0118421 0.00163438 -0.00480769 0.00363248 0.0078125
internal_weight=4199 507 3692 3360 819 757 408 349 52 2541 178 154 107 332 281 186 67 119 95 413 52 117 64
internal_count=4199 507 3692 3360 819 757 408 349 52 2541 178 154 107 332 281 186 67 119 95 413 52 117 64
cat_boundaries=0 1 2
cat_threshold=128 104
is_linear=0
shrinkage=0.05


Tree=104
num_leaves=24
num_cat=2
split_feature=7 0 5 3 14 15 10 15 18 5 9 19 5 5 5 15 15 14 17 15 0 5 15
split_gain=1.55203 1.53338 3.35525 1.67877 1.3926 1.91399 1.2041 1.18195 1.1715 1.16944 1.49822 1.25221 1.4264 1.25782 1.18067 1.14468 2.42447 1.38696 1.35008 1.69523 1.47439 2.27063 1.30509
threshold=1.0000000180025095e-35 0 1.1415607775418246 1.0000000180025095e-35 141744.59562036514 117.12013297371742 3.5000000000000004 160.1081189968717 1.0000000180025095e-35 1.4730567937906967 6991.1919435472937 1.0000000180025095e-35 0.82102913517071141 0.7082975517696023 0.55782275054609032 25.656833035084436 40.506207950130239 16049.574822509099 74.884166666666673 104.51569050480074 1 0.75151658956402845 43.828937767560795
decision_type=2 1 2 2 2 2 2 2 2 2 2 2 2 2 2 2 2 2 2 2 1 2 2
left_child=4 2 3 -2 5 6 9 -6 -7 11 -11 12 13 14 -1 17 -17 -13 19 22 -20 -22 -18
right_child=1 -3 -4 -5 7 8 -8 -9 -10 10 -12 15 -14 -15 -16 16 18 -19 20 -21 21 -23 -24
leaf_value=-0.00057425365484726771 -0.00081047153521169874 4.5752982958618965e-05 0.025412339066460368 0.0075222100105053593 0.0007309128365584742 0.0007233237002028923 -0.0011074500886255334 -0.00010628240993908467 -0.0011196311594619175 0.0028770058972057452 -0.0012596047653506165 -0.0011190256237803675 0.00061390718006396343 -0.00079560668804792292 0.00032939522193138339 0.00097813836348482073 -0.0027764744721688606 -0.00043779799990831817 0.00079062963376957951 0.0016633325505391067 0.001043084906015565 -0.00078115163858915877 -0.00069650362435181863
leaf_weight=26 128 1776 89 56 140 34 31 121 193 44 24 101 129 21 23 170 26 303 143 40 38 192 351
leaf_count=26 128 1776 89 56 140 34 31 121 193 44 24 101 129 21 23 170 26 303 143 40 38 192 351
internal_value=0.000101215 0.0010859 0.0045053 0.000815217 -0.000837209 -0.00131022 -0.000722022 0.00258621 -0.00561674 -0.000536481 0.00588235 -0.000815739 0.00288945 -0.00285714 0.00153061 -0.0013563 -0.000416667 -0.00358911 -0.00158228 -0.00353717 0.000603217 -0.001875 -0.0045756
internal_weight=4199 2049 273 184 2150 1889 1662 261 227 1631 68 1563 199 70 49 1364 960 404 790 417 373 230 377
internal_count=4199 2049 273 184 2150 1889 1662 261 227 1631 68 1563 199 70 49 1364 960 404 790 417 373 230 377
cat_boundaries=0 1 2
cat_threshold=128 28
is_linear=0
shrinkage=0.05


Tree=105
num_leaves=24
num_cat=1
split_feature=7 14 15 15 2 2 2 5 9 14 19 3 15 14 18 1 15 5 14 36 10 5 10
split_gain=1.62801 1.30952 1.72699 1.28087 1.62082 2.1777 1.707 1.10909 1.29463 1.20708 1.19093 1.33436 1.28963 1.22976 1.05955 1.87046 1.22584 1.14695 1.45002 1.61578 1.15974 1.47482 1.39172
threshold=1.0000000180025095e-35 138355.03624647748 117.12013297371742 155.12674689967074 2034.5000000000002 2037.5000000000002 2032.5000000000002 1.4730567937906967 6991.1919435472937 30893.119705021531 1.0000000180025095e-35 1.0000000180025095e-35 41.50241922839713 19750.088561872057 1.0000000180025095e-35 0 42.543703534762138 0.98661854419696859 4438.7952389056163 0.015975370043459728 1.5000000000000002 0.75151658956402845 2.5000000000000004
decision_type=2 2 2 2 2 2 2 2 2 2 2 2 2 2 2 1 2 2 2 2 2 2 2
left_child=1 2 7 -3 6 -6 -5 10 9 -9 11 13 -13 -1 15 -2 -17 18 -16 20 -20 -22 -23
right_child=14 3 -4 4 5 -7 -8 8 -10 -11 -12 12 -14 -15 17 16 -18 -19 19 -21 21 22 -24
leaf_value=-0.00061891316504898437 -0.00013169917378727804 0.00075691346805179807 -0.00066482233029411262 -4.3731077623002107e-05 -0.0020517205641694958 9.2474731444100461e-05 0.00067359491764132362 8.1694565063730745e-05 -0.001196624527083104 0.0030519438654518826 -0.000380662740988752 0.0013241326160937873 -0.001196831784867987 0.00077243855307789215 -0.0013573415757271114 0.0012994604379143655 0.0030540570491640164 0.00034891234082910506 -3.0251830476940579e-05 0.00061914008338950224 -0.0013890261659173231 -0.00090016398059661058 0.0046532630309755992
leaf_weight=23 112 142 207 74 33 20 21 21 24 26 1382 23 36 118 27 60 64 941 669 65 39 50 22
leaf_count=23 112 142 207 74 33 20 21 21 24 26 1382 23 36 118 27 60 64 941 669 65 39 50 22
internal_value=7.73994e-05 -0.000883721 -0.00137097 0.00224138 -0.00101351 -0.00801887 0.00289474 -0.000831821 0.00528169 0.0101064 -0.00110619 0.0025 -0.00381356 0.00514184 0.0010859 0.00423729 0.00846774 0.000675676 -0.000630734 -0.000266272 -0.000897436 -0.00563063 -0.00138889
internal_weight=4199 2150 1860 290 148 53 95 1653 71 47 1582 200 59 141 2049 236 124 1813 872 845 780 111 72
internal_count=4199 2150 1860 290 148 53 95 1653 71 47 1582 200 59 141 2049 236 124 1813 872 845 780 111 72
cat_boundaries=0 1
cat_threshold=1
is_linear=0
shrinkage=0.05


Tree=106
num_leaves=24
num_cat=3
split_feature=0 5 0 5 7 17 18 1 5 16 3 5 15 5 9 14 9 19 19 14 16 5 5
split_gain=1.67974 1.29561 3.06885 3.31071 2.65223 1.92557 1.74486 1.73006 3.08478 1.48087 1.35281 1.3157 1.27327 1.23213 1.31435 1.09918 0.988277 1.64134 1.1719 1.08744 1.08741 1.0622 1.79537
threshold=0 1.1849080813926278 1 1.5300513205035833 1.5000000000000002 74.884166666666673 1.0000000180025095e-35 2 1.3730171506729645 1.0000000180025095e-35 1.0000000180025095e-35 1.2716120369759094 191.99431390235142 1.3153449239505515 21518.751147060382 57546.577040970296 12598.823285573399 1.0000000180025095e-35 1.0000000180025095e-35 165735.85444741489 2.1729166666666671 0.60124670721575979 0.77176796094750444
decision_type=1 2 1 2 2 2 2 1 2 2 2 2 2 2 2 2 2 2 2 2 2 2 2
left_child=16 12 3 4 9 6 -4 15 10 -3 -9 -7 -2 -13 -15 -8 18 -18 20 21 -1 -19 -23
right_child=1 2 5 -5 -6 11 7 8 -10 -11 -12 13 -14 14 -16 -17 17 19 -20 -21 -22 22 -24
leaf_value=-0.0010710163305220511 -9.8109894176079407e-06 -0.001916449361966377 0.00096397285910698738 0.015062009840644831 0.0047774926915731819 0.0011400591886526923 -0.001321929571999997 0.00064896064473988493 -0.0028330304156084008 0.0015928404347370418 -0.00063319280064074454 -0.0023115222247414914 0.0041443073705965559 -0.00016166648588865075 0.0011166984112505717 -0.0035213500925569911 0.0015112878480755016 -0.0017518188648121729 1.4584282789367743e-05 0.00021268963079809356 0.00023504527862923397 0.00075609640305581707 -0.0012483958400763718
leaf_weight=69 2268 27 20 45 128 81 56 42 34 211 24 29 33 74 29 34 43 20 639 38 27 33 195
leaf_count=69 2268 27 20 45 128 81 56 42 34 211 24 29 33 74 29 34 43 20 639 38 27 33 195
internal_value=0.00012503 0.000707472 0.00239808 0.0054038 0.00396175 -0.000635104 -0.00404762 -0.00552632 -0.001 0.000840336 0.00530303 0.00269953 9.77836e-05 -0.000378788 0.00218447 -0.0105556 -0.00158287 -0.00387538 -0.000578231 -0.00524476 -0.00572917 -0.00645161 -0.00548246
internal_weight=4199 3135 834 411 366 423 210 190 100 238 66 213 2301 132 103 90 1064 329 735 286 96 248 228
internal_count=4199 3135 834 411 366 423 210 190 100 238 66 213 2301 132 103 90 1064 329 735 286 96 248 228
cat_boundaries=0 1 2 3
cat_threshold=33 148 2
is_linear=0
shrinkage=0.05


Tree=107
num_leaves=24
num_cat=3
split_feature=5 7 0 5 3 5 15 9 2 15 14 1 19 0 2 14 15 15 2 5 36 2 3
split_gain=1.37779 1.19386 1.27286 2.6318 1.67877 1.05489 1.27716 1.67474 1.05836 1.01114 1.46533 1.08651 0.952756 2.35171 1.2277 1.10195 2.3516 1.71625 1.25758 1.42637 1.35587 1.18308 1.36915
threshold=1.4971340844100429 1.0000000180025095e-35 0 1.1415607775418246 1.0000000180025095e-35 0.98661854419696859 33.762863021435827 8257.9167096019974 2032.5000000000002 109.53236647371311 37301.303167889149 1 1.0000000180025095e-35 2 2032.5000000000002 141744.59562036514 133.37296280316218 151.50986834272854 2032.5000000000002 0.54654052051512081 2.4168387984437145 2031.5000000000002 1.0000000180025095e-35
decision_type=2 2 1 2 2 2 2 2 2 2 2 1 2 1 2 2 2 2 2 2 2 2 2
left_child=1 12 3 4 5 6 -3 8 -8 10 -2 -12 13 -1 -15 16 18 -17 20 -20 21 -14 -23
right_child=9 2 -4 -5 -6 -7 7 -9 -10 -11 11 -13 15 14 -16 17 -18 -19 19 -21 -22 22 -24
leaf_value=-0.00060639366644461574 4.5696818959824195e-05 -0.006428471471636988 1.3434192872166518e-05 0.022628220736813722 0.0071481026509748191 0.0059928471904783015 -0.00089455295694378383 -0.014682104926119412 0.017037299715754028 -0.00089507849540705349 0.0025955022928242921 0.0029574395060888827 -0.00048781605507723928 0.0016591416988324449 8.1376779343789185e-05 0.0008026605377538965 -0.0014948296113663413 -0.00019413767412587159 0.00096465888846687393 -8.7237986110166876e-05 0.001466423655379437 -0.0017054867521099611 0.0001910182904692942
leaf_weight=108 52 25 1710 82 56 41 21 21 20 45 35 28 595 61 75 95 83 135 41 759 20 64 27
leaf_count=108 52 25 1710 82 56 41 21 21 20 45 35 28 595 61 75 95 83 135 41 759 20 64 27
internal_value=0.000136937 -4.33276e-05 0.00083502 0.00398551 0.000815217 -0.00234375 -0.00545977 -0.0016129 0.00426829 0.0046875 0.00717391 0.0123016 -0.000884634 0.00204918 0.00616438 -0.00127817 -0.00174638 0.00195652 -0.00129482 6.25e-05 -0.00283286 -0.003207 -0.00851648
internal_weight=4199 4039 1976 266 184 128 87 62 41 160 115 63 2063 244 136 1819 1589 230 1506 800 706 686 91
internal_count=4199 4039 1976 266 184 128 87 62 41 160 115 63 2063 244 136 1819 1589 230 1506 800 706 686 91
cat_boundaries=0 1 2 3
cat_threshold=128 1 147
is_linear=0
shrinkage=0.05


Tree=108
num_leaves=24
num_cat=2
split_feature=0 5 7 5 3 11 2 14 9 15 5 9 15 0 14 15 2 15 3 2 2 15 9
split_gain=1.47231 3.10172 1.46228 1.8817 1.32109 1.02375 1.10522 1.35277 1.44061 1.21319 1.09323 0.913979 0.891137 0.881944 1.02476 1.77431 1.41202 1.33457 1.00088 1.23636 1.16932 0.976044 0.887649
threshold=0 1.4368553152526682 1.0000000180025095e-35 1.1415607775418246 1.0000000180025095e-35 1.0225362393198623 2027.5000000000002 77506.516118676547 44521.050363582071 54.104991964674745 0.89919980469317551 1995.5659042928421 42.101107727748541 1 36795.514088495845 61.321887715127346 2039.5000000000002 45.901977681964993 1.0000000180025095e-35 2027.5000000000002 2037.5000000000002 58.083230587519203 786.95866832995739
decision_type=1 2 2 2 2 2 2 2 2 2 2 2 2 1 2 2 2 2 2 2 2 2 2
left_child=1 2 5 4 -4 6 -1 9 11 10 -8 -9 -12 14 18 17 -17 22 19 -2 -20 -21 -16
right_child=13 -3 3 -5 -6 -7 7 8 -10 -11 12 -13 -14 -15 15 16 -18 -19 20 21 -22 -23 -24
leaf_value=-0.0048690030059987399 -0.0013934220735301415 0.054813678549188533 -0.00083159019949083932 0.02000392696743012 0.0067906975184260816 -0.0075279898166615957 -0.0037691273058718892 2.7044476471749236e-05 0.0034363568429404134 0.013802327975188967 0.012308669182526977 -0.0079991967703342045 -0.00081376284696530474 1.6847618499230001e-05 -0.001500767736263342 -0.00028576844747089242 0.0016148239421783811 -0.0024226230232862692 0.00053085717259948877 7.394836542535117e-05 -0.00052172934451791275 -0.00089840317272083252 -5.5221473709080038e-05
leaf_weight=26 28 23 128 78 56 22 21 20 20 36 26 31 20 2628 49 474 32 54 70 184 26 20 127
leaf_count=26 28 23 128 78 56 22 21 20 20 36 26 31 20 2628 49 474 32 54 70 184 26 20 127
internal_value=0.000160753 0.00265957 0.0018595 0.00438931 0.00163043 -0.00112613 0 0.00143678 -0.00387324 0.00509709 0.0011194 -0.00833333 0.00543478 -0.000189087 -0.00139665 -0.00244565 -0.000790514 -0.00608696 0.000914634 -0.000862069 0.00520833 0.000490196 -0.00397727
internal_weight=4199 507 484 262 184 222 200 174 71 103 67 51 46 3692 1064 736 506 230 328 232 96 204 176
internal_count=4199 507 484 262 184 222 200 174 71 103 67 51 46 3692 1064 736 506 230 328 232 96 204 176
cat_boundaries=0 1 2
cat_threshold=128 33
is_linear=0
shrinkage=0.05


Tree=109
num_leaves=24
num_cat=2
split_feature=0 5 7 5 7 15 15 6 15 10 11 17 5 15 9 2 3 36 15 0 2 5 7
split_gain=1.53083 2.6566 1.11686 1.06739 1.09123 0.848423 1.01212 1.01179 0.96683 1.01965 1.87772 0.948535 1.00513 1.35792 1.18528 0.934773 0.907491 1.14695 0.891678 0.998106 1.42239 0.903989 0.878474
threshold=0 1.2994426869863489 1.0000000180025095e-35 0.52541672543949758 2.5000000000000004 22.107445330116295 36.52676775649882 1.5000000000000002 33.18665690317966 2.5000000000000004 1.204791514178712 73.879583333333343 1.2070788346600592 16.739083551532328 70.861480953857779 2029.5000000000002 1.0000000180025095e-35 3.0144718254994332 37.689157896217381 1 2028.5000000000002 0.68072289182799695 2.5000000000000004
decision_type=1 2 2 2 2 2 2 2 2 2 2 2 2 2 2 2 2 2 2 1 2 2 2
left_child=1 3 -3 -1 -5 11 7 8 9 10 -7 12 16 14 -14 -10 17 22 -8 20 -20 -22 -2
right_child=5 2 -4 4 -6 6 18 -9 15 -11 -12 -13 13 -15 -16 -17 -18 -19 19 -21 21 -23 -24
leaf_value=-0.014344034863425836 -0.00025820619952901525 0.0071941626615398494 0.038717924689490341 0.00024813656184252686 0.0061400088849162815 4.452670293328409e-05 -0.0018292786402555107 0.0010934595854824925 0.0018520645356494476 0.00058689996890142209 -0.0020371379057476076 -0.001025405053991954 -0.0005794177957814256 -0.0029276868239849654 7.363078308983973e-05 0.00012756980751771064 0.00067318259729075573 -0.0020394429578442369 -0.0012222123768723767 1.6920798716513197e-05 -0.00087272134774313281 -1.300570135948087e-06 0.0013983708150532848
leaf_weight=20 104 38 39 334 76 618 26 23 24 63 20 72 20 23 22 71 51 20 140 1811 69 495 20
leaf_count=20 104 38 39 334 76 618 26 23 24 63 20 72 20 23 22 71 51 20 140 1811 69 495 20
internal_value=0.000208383 0.00275629 0.0113636 0.00127907 0.00182927 -0.000148568 8.92857e-05 0.00161783 0.0013191 0.000677603 7.83699e-05 -0.00256024 -0.00115385 -0.00653846 -0.00119048 0.00605263 0.000641026 -0.00138889 -0.000403384 -0.000308151 -0.00189076 -0.000797872 0.000403226
internal_weight=4199 507 77 430 410 3692 3360 819 796 701 638 332 260 65 42 95 195 144 2541 2515 704 564 124
internal_count=4199 507 77 430 410 3692 3360 819 796 701 638 332 260 65 42 95 195 144 2541 2515 704 564 124
cat_boundaries=0 1 2
cat_threshold=128 33
is_linear=0
shrinkage=0.05


Tree=110
num_leaves=24
num_cat=2
split_feature=0 5 5 7 8 2 2 15 0 5 2 5 9 9 9 2 4 2 15 5 5 15 2
split_gain=1.25498 2.42905 1.06943 1.1526 0.907409 0.79167 0.730495 0.702047 1.6788 2.7625 1.12667 1.22195 0.994675 1.5938 1.60192 1.37241 0.945606 0.944273 0.891666 0.889816 1.30612 1.24572 1.91825
threshold=0 1.3429576197623241 0.52541672543949758 2.5000000000000004 1.0000000180025095e-35 2027.5000000000002 2035.5000000000002 19.272280703621643 1 0.87316366926095168 2036.5000000000002 1.1223427162988093 13884.561772756344 15738.99190154733 16142.883537625179 2039.5000000000002 1.0000000180025095e-35 2035.5000000000002 18.184785964276539 0.65500856664796159 0.75992680472410246 114.07011094534455 2030.5000000000002
decision_type=1 2 2 2 2 2 2 2 1 2 2 2 2 2 2 2 2 2 2 2 2 2 2
left_child=1 2 -1 5 -3 -4 -5 8 9 -2 11 -11 15 17 -15 -9 -17 -14 -10 -16 21 22 -21
right_child=7 4 3 6 -6 -7 -8 12 18 10 -12 -13 13 14 19 16 -18 -19 -20 20 -22 -23 -24
leaf_value=-0.013626833120254546 0.0044395986595483971 0.029227154943658996 -0.0038040140432066718 0.011037739726261231 0.027075326535471692 0.00074432112275284461 0.00089063181964723628 1.7199003399359647e-05 -0.00042072376693119695 0.0013181831993269279 -0.002235458080550673 -0.00041936957046307126 -0.0022168513997420482 0.0014783328962213128 -0.00059123893222805398 0.0015229648441729832 -8.4144405842034864e-05 -0.00014708370309247099 -0.0027813024827857192 0.0018994950585885769 -0.00021471887307852601 0.0020424810040702126 -0.00056692417267012463
leaf_weight=20 28 43 44 55 21 300 24 2184 141 28 25 22 53 21 106 110 40 31 21 21 784 36 41
leaf_count=20 28 43 44 55 21 300 24 2184 141 28 25 22 53 21 106 110 40 31 21 21 784 36 41
internal_value=0.000256013 0.00256286 0.00129797 0.00183215 0.0117188 0.000581395 0.00727848 -6.75311e-05 -0.00254717 0.00243363 -0.00233333 0.002 0.000124015 -0.00112077 -0.000569871 0.000706941 0.00533333 -0.0077381 -0.00552326 -0.000860324 -0.000340136 0.00510204 0.000806452
internal_weight=4199 507 443 423 64 344 79 3692 265 103 75 50 3427 1093 1009 2334 150 84 162 988 882 98 62
internal_count=4199 507 443 423 64 344 79 3692 265 103 75 50 3427 1093 1009 2334 150 84 162 988 882 98 62
cat_boundaries=0 1 2
cat_threshold=128 73
is_linear=0
shrinkage=0.05


Tree=111
num_leaves=24
num_cat=2
split_feature=0 5 5 11 14 5 11 5 15 14 15 17 5 2 5 15 5 17 14 15 1 5 2
split_gain=1.18333 2.2669 1.45404 1.2886 1.61297 1.19225 1.24103 2.36946 1.0543 1.44669 1.23525 1.00119 0.88562 1.85204 0.958268 1.35635 1.08449 1.27716 0.87904 1.45582 1.15646 0.872934 1.27187
threshold=0 1.5531047480642555 0.50361592300952374 1.5806033704343603 20934.461032918207 0.59363815052548841 0.01758980263276266 0.48900742528759283 19.272280703621643 13749.0375045001 20.926395294179958 73.879583333333343 0.63561259619552946 2031.5000000000002 0.75992680472410246 120.91722485504575 0.68614658175646159 73.879583333333343 59013.550843035846 42.101107727748541 1 0.98074084135780404 2036.5000000000002
decision_type=1 2 2 2 2 2 2 2 2 2 2 2 2 2 2 2 2 2 2 2 1 2 2
left_child=1 2 -1 8 -5 6 7 -2 9 -4 -10 -8 13 -7 15 16 17 -14 19 -18 -20 22 -12
right_child=5 -3 3 4 -6 12 11 -9 10 -11 21 -13 14 -15 -16 -17 18 -19 20 -21 -22 -23 -24
leaf_value=-0.0032571509967399049 -0.00094143315493349646 0.0065749301020116453 -0.0017722905008459968 -9.1635052089539265e-05 0.0079251272515698853 0.00076940055496457771 3.7558318962852002e-05 0.00035128048555913563 0.0025802413818333259 -5.0040828900527191e-05 9.4485995803439424e-05 0.0017365189546131978 4.8567065399690584e-05 -0.0017723869053690834 -0.00018356108149467643 0.0015972981868297544 0.0010635274125246398 -0.0027761228437245492 0.00037175630931785556 -0.00063573926444775999 0.00145896685258676 0.00093165724792980691 -0.00062616192456457222
leaf_weight=63 43 54 30 24 38 21 32 53 21 86 595 28 27 28 1695 36 41 31 37 31 23 947 215
leaf_count=63 43 54 30 24 38 21 32 53 21 86 595 28 27 28 1695 36 41 31 37 31 23 947 215
internal_value=0.000148845 0.000996159 0.00073056 0.00097137 0.00806452 -0.000678839 0.00352564 0 0.000739176 -0.00387931 0.00104049 0.00916667 -0.00101523 -0.00765306 -0.000845914 0.00221239 0.000526316 -0.00517241 0.0030303 -0.000694444 0.0075 0.000896414 -0.000308642
internal_weight=4199 2073 2019 1956 62 2126 156 96 1894 116 1778 60 1970 49 1921 226 190 58 132 72 60 1757 810
internal_count=4199 2073 2019 1956 62 2126 156 96 1894 116 1778 60 1970 49 1921 226 190 58 132 72 60 1757 810
cat_boundaries=0 1 2
cat_threshold=156 1
is_linear=0
shrinkage=0.05


Tree=112
num_leaves=24
num_cat=3
split_feature=7 15 15 10 0 11 0 3 2 10 16 0 2 19 9 3 8 2 19 9 9 9 9
split_gain=1.1388 1.09746 1.35508 1.08883 1.14078 1.17784 1.07463 1.13397 1.17312 1.03819 1.68088 0.915239 0.954215 0.894724 1.53538 1.06892 1.20019 0.812698 0.805354 1.92716 0.933211 1.57091 0.741885
threshold=1.5000000000000002 21.585421683098385 3.6355766660732534 2.5000000000000004 0 1.030261720620439 1 1.0000000180025095e-35 2031.5000000000002 3.5000000000000004 1.756416666666667 2 2034.5000000000002 1.0000000180025095e-35 33923.018226849999 1.0000000180025095e-35 1.0000000180025095e-35 2033.5000000000002 1.0000000180025095e-35 31601.612788478204 4205.0603686627064 1836.9916982578663 13884.561772756344
decision_type=2 2 2 2 1 2 1 2 2 2 2 1 2 2 2 2 2 2 2 2 2 2 2
left_child=1 2 -1 4 5 -3 7 8 -2 10 -5 12 -4 14 15 16 -8 -12 19 20 21 -6 -20
right_child=6 3 11 9 18 -7 13 -9 -10 -11 17 -13 -14 -15 -16 -17 -18 -19 22 -21 -22 -23 -24
leaf_value=0.0017007759791644317 -0.00082612276393048136 3.6202647176059037e-05 0.0001043340386395586 -0.00076708030891044644 -6.3423727387154624e-05 0.0025299111197069069 0.0017708474469366521 0.014306143270807392 0.0087437404966745017 -0.00037163306717889755 0.0014530605406204073 -0.001148878234127948 -0.0014926288577201061 8.9932482582172349e-05 0.0032251228815604414 -0.0018359864975291962 -0.0014286598945718765 0.00072585250447967378 -0.00010272184770008798 0.0021413233252577215 -0.00031161010998077555 0.0014483389899011018 -0.00063259857056209849
leaf_weight=21 53 1155 63 22 55 55 31 48 85 36 28 115 44 1050 22 36 57 35 697 27 61 20 383
leaf_count=21 53 1155 63 22 55 55 31 48 85 36 28 115 44 1050 22 36 57 35 697 27 61 20 383
internal_value=-1.78614e-05 -0.000594604 -0.00380658 -0.000291375 -0.000519772 0.00057377 0.00115774 0.00459184 0.00253623 0.00433884 0.00735294 -0.00495495 -0.00106838 0.000580431 -0.00308219 -0.00524194 -0.00227273 0.0115079 -0.00157622 0.00168712 -0.000735294 0.003 -0.00208333
internal_weight=4199 2817 243 2574 2453 1210 1382 186 138 121 85 222 107 1196 146 124 88 63 1243 163 136 75 1080
internal_count=4199 2817 243 2574 2453 1210 1382 186 138 121 85 222 107 1196 146 124 88 63 1243 163 136 75 1080
cat_boundaries=0 1 2 3
cat_threshold=150 128 232
is_linear=0
shrinkage=0.05


Tree=113
num_leaves=24
num_cat=2
split_feature=7 5 0 0 6 15 5 14 15 2 15 5 5 15 9 9 6 15 7 5 5 15 14
split_gain=1.06979 1.70295 2.9634 1.44802 1.60187 1.63126 2.13818 1.36386 1.66383 1.47059 1.22881 1.17709 1.35593 1.17008 1.15649 2.59438 1.36127 1.36877 1.20911 0.813559 2.8606 0.923485 1.72024
threshold=1.5000000000000002 0.98661854419696859 0 1 1.0000000180025095e-35 44.850817809304324 0.88677049098292526 48310.708068592714 114.07011094534455 2032.5000000000002 19.272280703621643 0.55782275054609032 0.72126337994860246 42.101107727748541 70.861480953857779 948.31837896333741 1.0000000180025095e-35 72.995977648302684 2.5000000000000004 0.938622391824802 0.90242540787670034 83.960794186019541 48310.708068592714
decision_type=2 2 1 1 2 2 2 2 2 2 2 2 2 2 2 2 2 2 2 2 2 2 2
left_child=-1 3 7 4 5 6 -2 -3 9 -9 -5 -12 -13 -6 16 -16 18 -18 -4 20 21 22 -14
right_child=1 2 14 10 13 -7 -8 8 -10 -11 11 12 19 -15 15 -17 17 -19 -20 -21 -22 -23 -24
leaf_value=-5.1545367986960411e-05 0.00019918490024106175 0.0087099263280971066 -0.001575104916899034 -0.0021314887525098829 0.00081485034358778354 0.001613623554865068 -0.0038254524402313115 0.0082771980373302478 0.0046611830190372633 -0.0020185565542905739 -0.0036908408507005 0.0010916608637045523 -0.00030818238430662119 -0.00057558260384781294 0.0017110572463171604 6.2989245111266803e-05 -0.00074152556840701713 0.0030824621487763829 -0.0033423432107802967 -0.0023167353541858173 0.0018985703059682252 6.5983241485889629e-05 -0.0042679341698667553
leaf_weight=2817 55 75 41 20 46 115 20 34 47 34 30 59 56 99 41 346 34 25 25 59 34 59 28
leaf_count=2817 55 75 41 20 46 115 20 34 47 34 30 59 56 99 41 346 34 25 25 59 34 59 28
internal_value=-1.78614e-05 0.00112156 0.002849 -0.000661765 0.00166667 0.00473684 -0.001 0.008 0.005 0 -0.00288732 -0.00223077 -0.00127119 -0.00224138 0.000766284 0.00213178 -0.0034 0.00211864 -0.00833333 -0.0029661 -0.00127119 -0.00437063 -0.0077381
internal_weight=4199 1382 702 680 335 190 75 190 115 68 345 325 295 145 512 387 125 59 66 236 177 143 84
internal_count=4199 1382 702 680 335 190 75 190 115 68 345 325 295 145 512 387 125 59 66 236 177 143 84
cat_boundaries=0 1 2
cat_threshold=144 75
is_linear=0
shrinkage=0.05


Tree=114
num_leaves=24
num_cat=2
split_feature=0 5 5 11 8 7 15 9 5 9 5 5 16 2 6 15 15 11 37 15 15 1 5
split_gain=1.14402 2.35425 1.378 1.07917 1.62764 0.79281 1.55166 1.65517 1.65522 1.5387 1.91926 1.44923 1.27813 0.926655 0.908424 0.882513 1.312 0.990769 0.8657 0.964214 0.790131 0.770147 0.643086
threshold=0 1.5531047480642555 0.50361592300952374 1.5806033704343603 1.0000000180025095e-35 2.5000000000000004 79.819688539781865 638.36927651137228 0.88415018194986472 6490.256532590297 1.0894399391156535 1.0658108544522935 2.1729166666666671 2035.5000000000002 1.0000000180025095e-35 24.812388260590357 18.184785964276539 0.10228372537390633 1.0000000180025095e-35 12.915267047521494 62.611445923663403 1 0.59363815052548841
decision_type=1 2 2 2 2 2 2 2 2 2 2 2 2 2 2 2 2 2 2 2 2 1 2
left_child=1 2 20 5 -5 15 7 12 -9 11 14 -8 -7 -10 -11 16 18 -18 19 -4 -1 -3 -2
right_child=22 21 3 4 -6 6 9 8 13 10 -12 -13 -14 -15 -16 -17 17 -19 -20 -21 -22 -23 -24
leaf_value=-0.0011169025942465189 0.0001401117901808885 0.0026812525146982847 -0.00041806420849912487 0.0016812371986605623 0.011480520585023163 0.0016193861833340151 -5.3791146512705004e-05 3.2998657098742834e-05 0.0079001338510114368 0.0042345231272033716 0.0052997945020860863 -0.0025286776317427098 -0.0013793644187529042 0.0028930139639768097 -0.0025825532592206658 6.6520023618232837e-05 -0.0031953911195589436 -6.1937948740253826e-05 -0.0020986070383789412 0.0033524205330463853 -0.0069836255005921166 0.010406122429513576 -0.00012753861550768159
leaf_weight=40 156 28 39 40 22 37 35 40 53 27 38 24 21 23 37 1399 37 33 21 30 23 26 1970
leaf_count=40 156 28 39 40 22 37 35 40 53 27 38 24 21 23 37 1399 37 33 21 30 23 26 1970
internal_value=-2.9769e-05 0.000804129 0.000532442 0.000766871 0.00725806 0.000554382 0.00276119 0.00603448 0.00948276 -0.000776398 0.00294118 -0.00720339 -0.000862069 0.0138158 -0.00234375 8.01796e-05 -0.0034375 -0.00857143 0.000555556 0.00326087 -0.00674603 0.0111111 -0.000842697
internal_weight=4199 2073 2019 1956 62 1894 335 174 116 161 102 59 58 76 64 1559 160 70 90 69 63 54 2126
internal_count=4199 2073 2019 1956 62 1894 335 174 116 161 102 59 58 76 64 1559 160 70 90 69 63 54 2126
cat_boundaries=0 1 2
cat_threshold=156 1
is_linear=0
shrinkage=0.05


Tree=115
num_leaves=24
num_cat=1
split_feature=0 5 5 5 4 16 7 5 5 5 15 14 5 2 15 36 11 16 11 2 5 11 16
split_gain=1.10927 3.84529 3.52025 1.79001 1.26453 1.1885 1.2803 1.06086 1.27771 1.57432 1.03848 1.96989 2.35369 2.38621 1.78149 1.29614 0.99946 1.18898 1.16364 1.10608 1.25952 0.983378 0.972652
threshold=0 1.4854173152328105 0.42540951297941754 0.98074084135780404 1.0000000180025095e-35 1.4758333333333338 1.5000000000000002 0.938622391824802 0.8899652155658534 0.83296196964687219 23.522357577268313 29214.795635380702 0.84175118767219159 2027.5000000000002 9.3761160801854793 0.078670252342562974 0.095266021373869511 1.756416666666667 0.55950673025232545 2035.5000000000002 0.6677617044747115 0.36632641747065203 1.4758333333333338
decision_type=1 2 2 2 2 2 2 2 2 2 2 2 2 2 2 2 2 2 2 2 2 2 2
left_child=1 2 -1 7 -5 6 -6 8 9 16 11 12 15 -14 -13 -2 17 19 -18 20 -4 -16 -10
right_child=10 -3 3 4 5 -7 -8 -9 22 -11 -12 14 13 -15 21 -17 18 -19 -20 -21 -22 -23 -24
leaf_value=-0.0080173797232552246 -4.5273727902117594e-05 0.014071484762258469 0.0046130507181660011 0.00098853396803638693 -0.00045056376853854223 0.0081494068778931294 0.0050141561963701845 -0.0022384692142333185 -0.001234623460897072 -0.0010534981199457505 -1.938763820162337e-05 0.0026720618477662165 0.00014949620079758865 -0.00087864539842088531 -0.00025047878927779015 0.0015543886288094709 0.003148559146659419 -0.0032616338165914363 0.00020469337417422241 -0.00052455382342746497 -0.0003130760453595061 0.0022457151394771504 0.0033993208408788726
leaf_weight=23 43 28 28 361 44 107 22 73 22 63 2852 21 21 122 52 20 20 44 90 33 42 23 45
leaf_count=23 43 28 28 361 44 107 22 73 22 63 2852 21 21 122 52 20 20 44 90 33 42 23 45
internal_value=-5.35842e-05 0.00135071 0.000860374 0.00130785 0.00327715 0.00679191 0.00151515 -0.000978261 6.45995e-05 -0.00125 -0.000521492 -0.00331126 -0.00606796 -0.00961538 0.00260417 0.00198413 0.000486381 -0.00221088 0.00409091 0.000728155 0.00428571 -0.001 0.00634328
internal_weight=4199 1045 1017 994 534 173 66 460 387 320 3154 302 206 143 96 63 257 147 110 103 70 75 67
internal_count=4199 1045 1017 994 534 173 66 460 387 320 3154 302 206 143 96 63 257 147 110 103 70 75 67
cat_boundaries=0 1
cat_threshold=132
is_linear=0
shrinkage=0.05


Tree=116
num_leaves=24
num_cat=0
split_feature=15 14 3 14 5 15 16 7 15 36 9 5 5 7 14 14 9 19 5 9 14 15 15
split_gain=1.00345 1.29925 2.2987 1.39832 1.17403 1.20823 1.13315 1.0809 1.04432 1.75822 1.25201 0.992001 1.0125 0.913044 1.04319 1.61847 1.3852 1.18577 1.89087 1.74728 1.04326 1.30507 1.03317
threshold=23.522357577268313 20255.825890107317 1.0000000180025095e-35 7070.3627258293573 1.4971340844100429 47.558904382907706 1.4758333333333338 1.0000000180025095e-35 7.323000189622781 1.3266823027296744 94.441341575564124 0.77583830786226704 1.084337575140127 1.5000000000000002 36795.514088495845 71425.9243169533 19921.254983516897 1.0000000180025095e-35 0.44510901738983766 22378.178679275454 33580.062064940204 60.810578974456057 52.485411075247264
decision_type=2 2 2 2 2 2 2 2 2 2 2 2 2 2 2 2 2 2 2 2 2 2 2
left_child=1 2 3 -1 13 7 -7 -6 -3 10 -10 -12 -13 14 20 16 22 19 -19 -17 21 -2 -16
right_child=4 8 -4 -5 5 6 -8 -9 9 -11 11 12 -14 -15 15 17 -18 18 -20 -21 -22 -23 -24
leaf_value=-4.3178247073660805e-05 0.00017878046692112738 0.0011296189578519412 7.4148078619951107e-05 -0.0012751513626737432 0.00052347717544878609 0.0013650919612749003 -0.00056962135275859249 0.0034052227609691734 0.0021378947542785745 -0.0020495628367590223 -0.0019310223683462191 0.0018143854893058879 -0.00052719901132436691 0.00018514937185585835 -0.00091526669248932497 -2.718261422663959e-05 -0.0021803235963812535 -0.0039238262559540297 -5.1324718858447586e-05 0.0012517341703334407 0.0014594922017612923 -0.0010697887684042561 -5.0877986747174808e-05
leaf_weight=34 553 47 59 105 28 31 61 27 32 26 22 40 40 1210 235 77 80 21 1019 52 67 39 294
leaf_count=34 553 47 59 105 28 31 61 27 32 26 22 40 40 1210 235 77 80 21 1019 52 67 39 294
internal_value=-4.16766e-05 -0.00240741 -0.00530303 -0.00881295 0.000210859 0.00459184 0.00108696 0.0104545 0.000362319 -0.0015625 0.000746269 -0.00196078 0.000625 3.42747e-05 -0.000523184 -0.00115298 -0.00324302 -6.41574e-05 -0.000625 0.00445736 0.00117602 0.000506757 -0.00231569
internal_weight=4199 405 198 139 3794 147 92 55 207 160 134 102 80 3647 2437 1778 609 1169 1040 129 659 592 529
internal_count=4199 405 198 139 3794 147 92 55 207 160 134 102 80 3647 2437 1778 609 1169 1040 129 659 592 529
is_linear=0
shrinkage=0.05


Tree=117
num_leaves=24
num_cat=0
split_feature=10 5 15 14 16 7 14 15 16 3 14 15 5 2 2 3 16 10 3 9 9 14 2
split_gain=1.01666 1.19465 1.10031 1.2291 1.10742 0.914654 1.06968 1.70488 1.46776 1.83284 2.80005 2.11476 1.95841 1.05138 1.66684 1.31273 1.01029 1.94503 1.4655 2.58275 1.33179 1.58519 1.25096
threshold=3.5000000000000004 1.4971340844100429 56.022613794889629 38160.188036816093 1.4758333333333338 1.0000000180025095e-35 141744.59562036514 123.43901836151963 3.485125 1.0000000180025095e-35 41755.223369337727 63.428882786693556 1.1813853759944195 2034.5000000000002 2029.5000000000002 1.0000000180025095e-35 1.756416666666667 2.5000000000000004 1.0000000180025095e-35 14487.388594137918 1995.5659042928421 18785.629984887375 2035.5000000000002
decision_type=2 2 2 2 2 2 2 2 2 2 2 2 2 2 2 2 2 2 2 2 2 2 2
left_child=1 5 3 -3 -4 6 7 8 16 10 -10 -11 -12 14 -8 -15 17 22 -18 20 21 -20 -1
right_child=-2 2 4 -5 -6 -7 13 -9 9 11 12 -13 -14 15 -16 -17 18 -19 19 -21 -22 -23 -24
leaf_value=-0.00020630593779479429 -0.00052195762836140802 0.00026151118209773172 0.0012149660015336574 0.0024574827156068069 -0.00084027034623785366 7.7020264682492467e-05 -0.00021897053636845689 -0.00087718604291326947 -0.00056833325894354301 0.00058306455784165048 0.0019621487679407786 -0.0026743195543754705 -0.00054457182027569664 -0.001026283158593766 0.0012604331511111401 0.0006851773748016599 -0.00072523805899360754 -0.0024343490320095254 -0.0011871370655929915 -0.0023807161692593337 0.0025114408353450997 0.0010836414950998908 0.00031937310302668502
leaf_weight=646 71 39 30 30 56 1937 70 169 59 27 64 35 21 55 98 25 288 24 21 20 33 40 341
leaf_count=646 71 39 30 30 56 1937 70 169 59 27 64 35 21 55 98 25 288 24 21 20 33 40 341
internal_value=-5.35842e-05 4.84496e-05 0.00435484 0.00905797 0.000581395 -0.000119557 -0.000859528 -0.00128635 -0.000787523 0.00315534 0.00625 -0.00403226 0.0120588 0.00221774 0.00446429 -0.0025 -0.00136235 -0.000519288 -0.00348259 0.00131579 0.00478723 0.000409836 -0.000177305
internal_weight=4199 4128 155 69 86 3973 2036 1788 1619 206 144 62 85 248 168 80 1413 1011 402 114 94 61 987
internal_count=4199 4128 155 69 86 3973 2036 1788 1619 206 144 62 85 248 168 80 1413 1011 402 114 94 61 987
is_linear=0
shrinkage=0.05


Tree=118
num_leaves=24
num_cat=1
split_feature=10 10 5 0 5 15 5 15 15 15 15 2 5 5 9 14 9 16 5 5 6 7 5
split_gain=1.0004 0.997996 1.17148 1.07437 1.9491 2.53623 1.02734 1.04505 2.29965 1.52368 1.19044 1.12825 2.68128 1.73531 1.71167 0.99664 0.994118 0.903774 1.12618 0.85389 0.801128 1.83794 1.53709
threshold=3.5000000000000004 2.5000000000000004 0.6732881902594493 0 1.4971340844100429 59.668990118102194 1.4217699221021534 61.954621471257603 37.689157896217381 31.315476121026705 70.302322041952422 2035.5000000000002 0.87576888871408942 0.6732881902594493 13884.561772756344 43203.084249242173 8149.6695448327418 1.756416666666667 1.0324986184915215 0.9106620114836339 1.0000000180025095e-35 1.5000000000000002 1.0039509067790955
decision_type=2 2 2 1 2 2 2 2 2 2 2 2 2 2 2 2 2 2 2 2 2 2 2
left_child=1 3 -3 6 -5 -6 7 8 9 -1 15 13 -13 -10 17 -9 -8 -15 -19 -4 21 -12 -22
right_child=-2 2 19 4 5 -7 16 10 11 -11 20 12 -14 14 -16 -17 -18 18 -20 -21 22 -23 -24
leaf_value=-6.6008510945250731e-05 -0.00049585974694333907 -0.0017925641163831385 0.0024664650178163397 2.6444317406049136e-05 0.0052091498375214434 4.7363130270056122e-05 -0.00016989303272610946 -0.00042291564050455646 0.00064206516984709758 0.00026003712340814115 -0.00021412867226563992 -0.0012979766544788829 0.00037481625616350158 -0.0017599117713058749 -0.0035499331125789626 0.0010853030208244254 -0.001487198758788172 -0.0017263334582519733 0.00078654821773179178 0.00024602963076627573 -0.0013926684731347617 0.0011762535556708448 0.000346074175131475
leaf_weight=349 71 20 38 2437 42 50 51 20 20 57 409 24 45 61 29 46 45 26 21 105 75 110 48
leaf_count=349 71 20 38 2437 42 50 51 20 20 57 409 24 45 61 29 46 45 26 21 105 75 110 48
internal_value=-0.000101215 0 0.00383436 -0.000157629 0.000462781 0.0076087 -0.00124481 -0.000895522 -0.00237342 -0.000123153 0.000423729 -0.00641593 -0.00108696 -0.00875796 -0.0107664 0.00681818 -0.00625 -0.00787037 -0.00265957 0.00541958 -0.000233645 0.000626204 -0.00386179
internal_weight=4199 4128 163 3965 2529 92 1436 1340 632 406 708 226 69 157 137 66 96 108 47 143 642 519 123
internal_count=4199 4128 163 3965 2529 92 1436 1340 632 406 708 226 69 157 137 66 96 108 47 143 642 519 123
cat_boundaries=0 1
cat_threshold=35
is_linear=0
shrinkage=0.05


Tree=119
num_leaves=24
num_cat=2
split_feature=5 9 0 8 5 3 15 2 11 16 16 15 9 16 17 35 34 18 0 3 6 5 7
split_gain=0.905466 1.75666 1.27056 1.44908 2.17241 0.795455 0.787195 1.2155 1.18378 1.13874 1.04309 1.75572 0.876099 0.990388 0.777001 0.682241 0.709833 0.675448 1.77337 1.30822 0.982108 0.986888 1.08889
threshold=0.42540951297941754 13884.561772756344 0 1.0000000180025095e-35 1.232385959691737 1.0000000180025095e-35 123.43901836151963 2027.5000000000002 1.0248478723297374 3.485125 2.1729166666666671 54.104991964674745 11537.193013450045 1.4758333333333338 74.884166666666673 1.0000000180025095e-35 1.0000000180025095e-35 1.0000000180025095e-35 1 1.0000000180025095e-35 1.0000000180025095e-35 1.2892373734878864 1.0000000180025095e-35
decision_type=2 2 1 2 2 2 2 2 2 2 2 2 2 2 2 2 2 2 1 2 2 2 2
left_child=1 5 3 6 -5 -1 7 -2 9 10 11 12 13 -9 -13 16 17 18 19 -4 21 22 -20
right_child=2 -3 15 4 -6 -7 -8 8 -10 -11 -12 14 -14 -15 -16 -17 -18 -19 20 -21 -22 -23 -24
leaf_value=-0.0012734819065094551 -0.0037195199375071653 -0.0024962111739907618 0.00022821660883170505 0.0038538782664414573 0.03050496810356669 0.0010740097407606704 -0.0035670634577384952 -0.0033037013030206008 -0.0067999489721604972 -0.0017526965927677331 0.0042629534546410495 0.0087227406847929078 -0.0034150021339525607 0.0069679114605798453 0.0034571976630516591 -0.0004634881274853148 0.00056937253900967712 -4.7617628354906798e-05 -0.00042234605209027224 0.0014555699430026797 -0.00097577751719901684 -0.0016194904953885148 0.0020418699251737783
leaf_weight=35 38 24 185 115 34 20 61 27 21 30 25 45 29 38 33 34 24 3131 80 73 31 21 45
leaf_count=35 38 24 185 115 34 20 61 27 21 30 25 45 29 38 33 34 24 3131 80 73 31 21 45
internal_value=-7.73994e-05 -0.00537975 2.42718e-05 0.00237154 0.00654362 -0.000454545 0.000648415 0.00174825 0.00302419 0.00407489 0.00545685 0.00406977 -0.000531915 0.00269231 0.00961538 -0.000302697 -0.000236769 -0.000294448 0.00155172 0.00410448 -0.00227273 -0.000684932 0.001
internal_weight=4199 79 4120 496 149 55 347 286 248 227 197 172 94 65 78 3624 3590 3566 435 258 177 146 125
internal_count=4199 79 4120 496 149 55 347 286 248 227 197 172 94 65 78 3624 3590 3566 435 258 177 146 125
cat_boundaries=0 1 2
cat_threshold=128 114
is_linear=0
shrinkage=0.05


end of trees

feature_importances:
scale=692
nearby_2km=407
type_idx=392
min_road_km=276
min_habitat_m=185
min_water_m=183
horizon_year=158
habitat_proximity=66
snow_mm=60
habitat_hits=59
country_idx=46
cooling=38
nearby_highway_2km=35
roadkill_intensity_2km=31
precip_mm=30
nearby_500m=25
has_roadkill=24
buffer=22
has_gbif=17
roadkill_count_2km=7
has_osm_roads=4
gbif_suitability=2
gbif_count_2km=1

parameters:
[boosting: gbdt]
[objective: quantile]
[metric: quantile]
[tree_learner: serial]
[device_type: cpu]
[data_sample_strategy: bagging]
[data: ]
[valid: ]
[num_iterations: 120]
[learning_rate: 0.05]
[num_leaves: 24]
[num_threads: 0]
[seed: 7]
[deterministic: 0]
[force_col_wise: 0]
[force_row_wise: 0]
[histogram_pool_size: -1]
[max_depth: -1]
[min_data_in_leaf: 20]
[min_sum_hessian_in_leaf: 0.001]
[bagging_fraction: 1]
[pos_bagging_fraction: 1]
[neg_bagging_fraction: 1]
[bagging_freq: 0]
[bagging_seed: 17422]
[bagging_by_query: 0]
[feature_fraction: 0.9]
[feature_fraction_bynode: 1]
[feature_fraction_seed: 7040]
[extra_trees: 0]
[extra_seed: 6516]
[early_stopping_round: 0]
[early_stopping_min_delta: 0]
[first_metric_only: 0]
[max_delta_step: 0]
[lambda_l1: 0]
[lambda_l2: 0]
[linear_lambda: 0]
[min_gain_to_split: 0]
[drop_rate: 0.1]
[max_drop: 50]
[skip_drop: 0.5]
[xgboost_dart_mode: 0]
[uniform_drop: 0]
[drop_seed: 15215]
[top_rate: 0.2]
[other_rate: 0.1]
[min_data_per_group: 100]
[max_cat_threshold: 32]
[cat_l2: 10]
[cat_smooth: 10]
[max_cat_to_onehot: 4]
[top_k: 20]
[monotone_constraints: ]
[monotone_constraints_method: basic]
[monotone_penalty: 0]
[feature_contri: ]
[forcedsplits_filename: ]
[refit_decay_rate: 0.9]
[cegb_tradeoff: 1]
[cegb_penalty_split: 0]
[cegb_penalty_feature_lazy: ]
[cegb_penalty_feature_coupled: ]
[path_smooth: 0]
[interaction_constraints: ]
[verbosity: -1]
[saved_feature_importance_type: 0]
[use_quantized_grad: 0]
[num_grad_quant_bins: 4]
[quant_train_renew_leaf: 0]
[stochastic_rounding: 1]
[linear_tree: 0]
[max_bin: 255]
[max_bin_by_feature: ]
[min_data_in_bin: 3]
[bin_construct_sample_cnt: 200000]
[data_random_seed: 61]
[is_enable_sparse: 1]
[enable_bundle: 1]
[use_missing: 1]
[zero_as_missing: 0]
[feature_pre_filter: 1]
[pre_partition: 0]
[two_round: 0]
[header: 0]
[label_column: ]
[weight_column: ]
[group_column: ]
[ignore_column: ]
[categorical_feature: 0,1]
[forcedbins_filename: ]
[precise_float_parser: 0]
[parser_config_file: ]
[objective_seed: 15521]
[num_class: 1]
[is_unbalance: 0]
[scale_pos_weight: 1]
[sigmoid: 1]
[boost_from_average: 1]
[reg_sqrt: 0]
[alpha: 0.5]
[fair_c: 1]
[poisson_max_delta_step: 0.7]
[tweedie_variance_power: 1.5]
[lambdarank_truncation_level: 30]
[lambdarank_norm: 1]
[label_gain: ]
[lambdarank_position_bias_regularization: 0]
[eval_at: ]
[multi_error_top_k: 1]
[auc_mu_weights: ]
[num_machines: 1]
[local_listen_port: 12400]
[time_out: 120]
[machine_list_filename: ]
[machines: ]
[gpu_platform_id: -1]
[gpu_device_id: -1]
[gpu_device_id_list: ]
[gpu_use_dp: 0]
[num_gpu: 1]

end of parameters

pandas_categorical:null
