tree
version=v4
num_class=1
num_tree_per_iteration=1
label_index=0
max_feature_idx=33
objective=quantile
feature_names=type_idx country_idx horizon_year cooling buffer scale nearby_500m nearby_2km nearby_highway_2km min_habitat_m habitat_hits habitat_proximity water_hits water_overlap min_water_m min_road_km snow_mm precip_mm gbif_myotis_myotis gbif_meles_meles gbif_castor_fiber gbif_alcedo_atthis gbif_bombina_variegata gbif_alauda_arvensis gbif_podiceps_cristatus gbif_acrocephalus_scirpaceus gbif_lutra_lutra gbif_ciconia_ciconia gbif_cervus_elaphus gbif_count_500m gbif_count_2km gbif_suitability roadkill_intensity_2km roadkill_count_2km
feature_infos=[0:7] [0:2] [2026:2035] [0:1] [0:1] [0.5:1.6744926934588471] none none none [0:181965.11649798346] [0:3] [0:1] [0:3] [0:1] [0:191884.56234530636] none none none none none none none none none none none none none none none none none none none
tree_sizes=868 2211 1069 2213 1404 1312 1568 1306 1307 1312 1642 1556 2193 1634 1398 1487 1648 1645 2231 1564 1553 1566 1578 1575 1652 1567 1561 1565 1656 1574 1578 1577 2209 1570 1742 1744 1820 2233 2101 2196 2119 2173 2234 2184 2201 2201 2197 2205 2193 2203 2240 2200 2198 2198 2212 2218 2215 2214 2224 2233 2213 2203 2225 2226 2239 2235 2226 2212 2217 2229 2222 2231 2238 2247 2227 2245 2254 2236 2245 2218

Tree=0
num_leaves=9
num_cat=0
split_feature=0 5 5 5 14 9 1 5
split_gain=227.241 32.0134 4.43202 1.79763 0.849582 0.377775 2.84217e-14 7.10543e-15
threshold=6.5000000000000009 0.87044406185646894 0.77541647292177396 0.93286055281157088 24483.676807617769 47921.525774488982 1.5000000000000002 1.4048979785844435
decision_type=2 2 2 2 2 2 2 2
left_child=7 2 -2 5 -4 -3 -5 -1
right_child=1 3 4 6 -6 -7 -8 -9
leaf_value=5.3488190894062821 5.5354812565394242 5.6199680966901244 5.5803710686067802 5.7101750642722493 5.5921211775069732 5.6060908007428623 5.7467689640467317 5.3651699012311838
leaf_weight=2772 33 24 21 202 38 23 54 33
leaf_count=2772 33 24 21 202 38 23 54 33
internal_value=5.55316 5.58867 5.56284 5.59651 5.57104 5.58753 5.59816 5.54816
internal_weight=3200 395 92 303 59 47 256 2805
internal_count=3200 395 92 303 59 47 256 2805
is_linear=0
shrinkage=1


Tree=1
num_leaves=24
num_cat=0
split_feature=5 14 9 12 5 5 3 9 5 9 1 5 14 9 9 9 14 5 5 14 5 9 5
split_gain=4.30677 0.643546 1.55719 1.26599 0.623311 0.828259 0.938675 0.825406 0.823802 0.731522 0.674873 1.11708 0.828311 0.670192 0.641212 0.618517 0.571221 0.562241 0.481364 1.73684 0.730387 0.538569 0.511682
threshold=0.85380591520152427 3566.5872263559145 29463.421513361976 1.0000000180025095e-35 1.2517075098283645 1.0660229925427938 1.0000000180025095e-35 41611.014946237839 1.3206071419525591 31175.651318285625 1.0000000180025095e-35 0.98562374541703368 63870.344395592103 41791.601166393004 48228.296339233464 62693.97518370828 13152.116286833398 0.78607608646947869 1.0829148831568554 34458.341138301053 1.1580801999606674 73189.935404230011 1.1475644911162104
decision_type=2 2 2 2 2 2 2 2 2 2 2 2 2 2 2 2 2 2 2 2 2 2 2
left_child=17 3 -3 -2 5 6 -4 8 -6 -7 11 14 -13 -12 -8 -15 -11 -1 19 -18 22 -21 -20
right_child=1 2 4 -5 7 9 10 -9 -10 16 13 12 -14 15 -16 -17 18 -19 20 21 -22 -23 -24
leaf_value=-0.19580067657014438 0.10241249912997291 -0.18178134203123864 -0.005978549811929224 0.041781365760904771 -0.17210859207266038 0.091474237590006446 0.042607919931349159 -0.1731495497975547 0.19942351091808638 -0.18349504404818431 -0.19200664406216772 0.075721646724223046 0.040528003405138693 0.052126259233239262 -0.098587026869988381 0.022619568402734113 -0.19345551217761808 -0.022775515551312547 0.071429112089637689 0.093077894545790241 0.12261979155619401 0.093588924769214543 -0.18901610458287649
leaf_weight=403 27 502 669 233 24 24 20 121 27 34 58 23 20 47 55 81 22 286 233 31 204 23 33
leaf_count=403 27 502 669 233 24 24 20 121 27 34 58 23 20 47 55 81 22 286 233 31 204 23 33
internal_value=-4.68762e-05 0.000913977 0.000641936 0.00326923 0.00134648 0.00165821 0.000755394 -0.00151163 0.00382353 0.00311258 0.00305921 0.00601695 0.0124419 0.00118279 0.00233333 0.00320312 0.00275862 -0.00354862 0.00315018 0.0068421 0.00255319 0.0116667 0.000827066
internal_weight=3200 2511 2251 260 1749 1577 973 172 51 604 304 118 43 186 75 128 580 689 546 76 470 54 266
internal_count=3200 2511 2251 260 1749 1577 973 172 51 604 304 118 43 186 75 128 580 689 546 76 470 54 266
is_linear=0
shrinkage=0.05


Tree=2
num_leaves=11
num_cat=0
split_feature=0 5 5 5 14 14 14 5 14 5
split_gain=230.09 27.4353 3.09645 2.13366 0.808173 0.689742 0.169081 0.01849 0.0272727 7.10543e-15
threshold=6.5000000000000009 0.85900367092720786 0.76370294337030165 0.93286055281157088 24483.676807617769 56295.024928817162 116503.85684386423 0.99359874653726477 35813.340237411416 1.4048979785844435
decision_type=2 2 2 2 2 2 2 2 2 2
left_child=9 2 -2 5 -4 -3 7 8 -5 -1
right_child=1 3 4 6 -6 -7 -8 -9 -10 -11
leaf_value=-0.19197736582206582 -0.015228764457898204 0.054690859758038474 0.024304871614138107 0.063444202023512405 0.024206165393402569 0.051656629632445827 0.13871253353990823 0.15866215439798903 0.071790427889525318 -0.17210093260849321
leaf_weight=2772 29 36 20 24 32 22 20 192 20 33
leaf_count=2772 29 36 20 24 32 22 20 192 20 33
internal_value=3.12488e-05 0.0357595 0.00981481 0.0424522 0.0171154 0.0337931 0.0444141 0.0447881 0.0438636 -0.005
internal_weight=3200 395 81 314 52 58 256 236 44 2805
internal_count=3200 395 81 314 52 58 256 236 44 2805
is_linear=0
shrinkage=0.05


Tree=3
num_leaves=24
num_cat=0
split_feature=5 9 14 5 9 5 3 5 9 1 5 9 14 5 3 9 9 2 5 9 2 9 9
split_gain=4.13012 0.72659 1.17356 0.633992 0.945686 0.860957 1.24446 0.593458 0.567384 0.550383 0.98438 1.03488 0.72803 0.395281 0.377863 0.852145 0.511359 0.712727 0.553159 0.456373 0.70983 0.67251 0.356686
threshold=0.85380591520152427 29463.421513361976 3566.5872263559145 1.2517075098283645 38374.317052254228 1.0660229925427938 1.0000000180025095e-35 0.77541647292177396 31175.651318285625 1.0000000180025095e-35 0.98562374541703368 47921.525774488982 63870.344395592103 0.91315938419649056 1.0000000180025095e-35 36981.083728730278 38553.467222019863 2028.0000000000002 1.0729849430770824 47921.525774488982 2028.0000000000002 42081.505321179349 84088.4117703066
decision_type=2 2 2 2 2 2 2 2 2 2 2 2 2 2 2 2 2 2 2 2 2 2 2
left_child=7 2 -2 5 -5 6 -3 -1 -7 10 11 -8 -12 -13 16 -16 17 -10 -18 20 -20 -22 -21
right_child=1 3 -4 4 -6 8 9 -9 14 -11 12 13 -14 -15 15 -17 18 -19 19 22 21 -23 -24
leaf_value=-0.17709203801834805 0.042871033128105786 -0.0087781867181399662 -0.16337515091008253 0.17419132787774438 -0.15520038515440562 0.07577346657603333 0.036929733480595438 -0.023336175712595233 0.11349353334159409 0.018919079290229703 0.063610677628782183 0.0060542915143157634 0.030568495514982308 -0.18076507510034073 0.11143206818655721 -0.16426746497982253 0.065308066856577127 -0.17454482518533931 -0.064331510084841823 0.052802071534813137 0.086082620994260395 0.12072118383416436 0.088263224926526718
leaf_weight=364 158 718 502 46 135 26 20 325 25 192 24 20 20 38 24 147 20 55 27 150 26 29 109
leaf_count=364 158 718 502 46 135 26 20 325 25 192 24 20 20 38 24 147 20 55 27 150 26 29 109
internal_value=-4.68762e-05 0.000894065 -0.000530304 0.00140194 -0.00140884 0.00170659 0.000813952 -0.00347605 0.00315047 0.00343949 0.00606557 0.00269231 0.0120455 -0.000689656 0.00284314 0.000847952 0.00361678 -1.19209e-09 0.00441828 0.00394428 0.00719512 0.0104545 0.00291506
internal_weight=3200 2511 660 1851 181 1670 1032 689 638 314 122 78 44 58 612 171 441 80 361 341 82 55 259
internal_count=3200 2511 660 1851 181 1670 1032 689 638 314 122 78 44 58 612 171 441 80 361 341 82 55 259
is_linear=0
shrinkage=0.05


Tree=4
num_leaves=15
num_cat=0
split_feature=0 5 5 5 5 14 9 14 5 5 4 14 5 5
split_gain=227.241 24.3937 5.03063 0.888087 0.413675 0.930769 0.312211 0.138433 0.0541024 0.053791 0.0719712 0.0281069 1.42109e-14 7.10543e-15
threshold=6.5000000000000009 0.88505281089158216 0.76370294337030165 0.94318421421667897 0.85900367092720786 24483.676807617769 47921.525774488982 109035.99967751505 1.0751101597699455 0.99189224774548512 1.0000000180025095e-35 39584.939708984304 1.227147445777961 1.4048979785844435
decision_type=2 2 2 2 2 2 2 2 2 2 2 2 2 2
left_child=13 2 -2 6 5 -4 -3 8 9 -5 11 -11 -10 -1
right_child=1 3 4 7 -6 -7 -8 -9 12 10 -12 -13 -14 -15
leaf_value=-0.17744973332717523 -0.0056127243340858618 0.0674614991548146 0.023870371843246918 0.06816883055995468 0.048755424369869141 0.024162665909362203 0.045123609168280752 0.13294792387457277 0.13870686923943049 0.090376119249235026 0.093163316294932672 0.083495245463802048 0.20276552822221661 -0.15565411875094892
leaf_weight=2772 29 23 20 35 20 32 24 20 102 21 20 20 29 33
leaf_count=2772 29 23 20 35 20 32 24 20 102 21 20 20 29 33
internal_value=-1.19209e-09 0.0355063 0.0143069 0.0427891 0.0213889 0.0190385 0.0364894 0.0439879 0.0443392 0.0434375 0.042541 0.0413415 0.045 -0.005
internal_weight=3200 395 101 294 72 52 47 247 227 96 61 41 131 2805
internal_count=3200 395 101 294 72 52 47 247 227 96 61 41 131 2805
is_linear=0
shrinkage=0.05


Tree=5
num_leaves=14
num_cat=0
split_feature=0 5 5 5 14 5 14 5 5 5 14 5 5
split_gain=220.195 23.1336 3.70803 3.3813 0.930769 0.462054 0.399198 0.16 0.0587945 0.0870249 0.0346154 1.42109e-14 7.10543e-15
threshold=6.5000000000000009 0.85900367092720786 0.76370294337030165 0.91580211169285297 24483.676807617769 0.99448579556082628 39584.939708984304 0.89145594291848762 1.0997888775059088 1.0729849430770824 24242.00043210189 1.2087953212726463 1.4048979785844435
decision_type=2 2 2 2 2 2 2 2 2 2 2 2 2
left_child=12 2 -2 7 -4 6 -5 -3 9 10 -7 -10 -1
right_child=1 3 4 5 -6 8 -8 -9 11 -11 -12 -13 -14
leaf_value=-0.16857724666081647 -0.0053320881173815511 0.046943859240811708 0.022676853251084594 0.058066696874475965 0.022954532613894109 0.086394824917069804 0.082030692931410673 0.049270341906440467 0.1328794861362029 0.094337024888956011 0.089291373317931994 0.19298537470506183 -0.14787141281340146
leaf_weight=2772 29 25 20 39 32 20 23 20 75 23 45 44 33
leaf_count=2772 29 25 20 39 32 20 23 20 75 23 45 44 33
internal_value=-7.81262e-05 0.0348734 0.0110494 0.0410191 0.0190385 0.0431413 0.0393548 0.0283333 0.0442754 0.0432955 0.0442308 0.045 -0.005
internal_weight=3200 395 81 314 52 269 62 45 207 88 65 119 2805
internal_count=3200 395 81 314 52 269 62 45 207 88 65 119 2805
is_linear=0
shrinkage=0.05


Tree=6
num_leaves=17
num_cat=0
split_feature=0 14 14 1 9 14 14 14 14 14 4 2 14 1 1 9
split_gain=210.517 0.414697 1.07209 0.537778 0.483955 0.792672 0.430391 0.401475 0.340916 0.581218 0.478318 0.269537 0.234432 0.0540485 0.0306122 7.10543e-15
threshold=6.5000000000000009 86855.933438378721 63870.344395592103 1.0000000180025095e-35 52040.264737262376 29021.128655304707 129046.91055735455 42100.021563470124 21552.074334645626 5418.2681822640598 1.0000000180025095e-35 2028.0000000000002 39867.963011905296 1.5000000000000002 1.5000000000000002 147917.30068338502
decision_type=2 2 2 2 2 2 2 2 2 2 2 2 2 2 2 2
left_child=15 2 4 -4 8 -6 -3 -7 9 14 11 -10 -13 -11 -2 -1
right_child=1 6 3 -5 5 7 -8 -9 10 13 -12 12 -14 -15 -16 -17
leaf_value=-0.16006310503129162 0.081855126023212293 0.11209671422724446 0.097567341344274486 0.064271001323101137 0.086362781537032293 0.08227510291936127 0.097361637529892631 0.079350248668977774 0.11281362327034228 0.094582693249252767 0.11511479806614551 0.15425004863330002 0.1009437491877595 0.13654163792358678 0.11029341521581798 -0.16263370762287885
leaf_weight=2765 25 38 25 20 23 25 24 31 22 25 30 28 26 29 24 40
leaf_count=2765 25 38 25 20 23 25 24 31 22 25 30 28 26 29 24 40
internal_value=-0.000187501 0.0339873 0.0332883 0.0261111 0.0344097 0.0310759 0.0377419 0.0342857 0.0356699 0.0377184 0.0336792 0.0357895 0.0338889 0.0412963 0.0337755 -0.005
internal_weight=3200 395 333 45 288 79 62 56 209 103 106 76 54 54 49 2805
internal_count=3200 395 333 45 288 79 62 56 209 103 106 76 54 54 49 2805
is_linear=0
shrinkage=0.05


Tree=7
num_leaves=14
num_cat=0
split_feature=0 5 5 5 9 5 9 14 5 5 9 5 5
split_gain=194.433 27.323 5.06727 1.52174 0.810827 0.910672 0.428815 0.581527 0.30303 0.101981 0.157802 1.42109e-14 7.10543e-15
threshold=6.5000000000000009 0.91580211169285297 0.78607608646947869 1.0274009525581516 47921.525774488982 0.86327802971202705 40589.682817316592 39584.939708984304 0.83918073007734006 1.0997888775059088 52340.370531419692 1.2087953212726463 1.4048979785844435
decision_type=2 2 2 2 2 2 2 2 2 2 2 2 2
left_child=12 2 -2 6 8 -6 -3 -8 -4 10 -5 -11 -1
right_child=1 3 4 9 5 -7 7 -9 -10 11 -12 -13 -14
leaf_value=-0.15214522907621109 -0.00074179705153108321 0.064878306740934602 0.016727857724748392 0.083877452707556671 0.033635597646589806 0.040056142717792842 0.053856854171159069 0.058022847274564505 0.036383270706008483 0.11904428643734206 0.08021570716714628 0.17773322805629535 -0.13247468692116682
leaf_weight=2772 37 34 20 30 23 22 23 34 24 75 29 44 33
leaf_count=2772 37 34 20 30 23 22 23 34 24 75 29 44 33
internal_value=-0.000375001 0.0324684 0.013254 0.0414684 0.0197191 0.015 0.0362088 0.0388596 0.0245455 0.0441573 0.0424576 0.045 -0.005
internal_weight=3200 395 126 269 89 45 91 57 44 178 59 119 2805
internal_count=3200 395 126 269 89 45 91 57 44 178 59 119 2805
is_linear=0
shrinkage=0.05


Tree=8
num_leaves=14
num_cat=0
split_feature=0 5 5 5 9 14 9 5 9 5 9 5 5
split_gain=187.919 26.6557 4.81196 2.47962 0.962497 0.759546 0.629265 0.910672 0.204545 0.101981 0.157802 1.42109e-14 7.10543e-15
threshold=6.5000000000000009 0.91580211169285297 0.78607608646947869 1.0274009525581516 40589.682817316592 39584.939708984304 47921.525774488982 0.86327802971202705 27229.389919486221 1.0997888775059088 52340.370531419692 1.2087953212726463 1.4048979785844435
decision_type=2 2 2 2 2 2 2 2 2 2 2 2 2
left_child=12 2 -2 4 -3 -6 8 -8 -4 10 -5 -11 -1
right_child=1 3 6 9 5 -7 7 -9 -10 11 -12 -13 -14
leaf_value=-0.14453796762240054 -0.00070470719895452815 0.061634391403887892 0.016663731025284297 0.079683580072178822 0.051164011462601106 0.055121704910836282 0.031953817764260338 0.038053335581903193 0.030045412232405921 0.11309207211547496 0.076204921808788975 0.16884656665348058 -0.1258509525751085
leaf_weight=2772 37 34 22 30 23 34 23 22 22 75 29 44 33
leaf_count=2772 37 34 22 30 23 34 23 22 22 75 29 44 33
internal_value=-0.000453126 0.0318354 0.0128571 0.0407249 0.034011 0.0379825 0.0191573 0.015 0.0234091 0.0441573 0.0424576 0.045 -0.005
internal_weight=3200 395 126 269 91 57 89 45 44 178 59 119 2805
internal_count=3200 395 126 269 91 57 89 45 44 178 59 119 2805
is_linear=0
shrinkage=0.05


Tree=9
num_leaves=14
num_cat=0
split_feature=0 5 5 5 3 14 5 9 9 5 9 5 5
split_gain=182.789 26.144 6.03555 1.7097 1.25958 1.49276 0.981417 0.609524 0.598755 0.101981 0.157802 1.42109e-14 7.10543e-15
threshold=6.5000000000000009 0.94972049496089539 0.78607608646947869 1.0274009525581516 1.0000000180025095e-35 27152.65024057624 0.88809910615481324 52875.762211611502 40589.682817316592 1.0997888775059088 52340.370531419692 1.2087953212726463 1.4048979785844435
decision_type=2 2 2 2 2 2 2 2 2 2 2 2 2
left_child=12 2 -2 8 5 -4 -6 -7 -3 10 -5 -11 -1
right_child=1 3 4 9 6 7 -8 -9 -10 11 -12 -13 -14
leaf_value=-0.1373110692412805 -0.00066947183900681198 0.05855267428179111 0.041676400179659109 0.075699401068569871 0.022081017983944424 0.014326217938704269 0.047870317844104088 0.026044632187694747 0.053327861063940843 0.10743746850970121 0.072394675718349524 0.16040423832080652 -0.11955840494635309
leaf_weight=2772 37 24 29 30 20 20 21 28 38 75 29 44 33
leaf_count=2772 37 24 29 30 20 20 21 28 38 75 29 44 33
internal_value=-0.000515626 0.0313291 0.0153226 0.0416667 0.0208475 0.0170779 0.0279268 0.0116667 0.0345161 0.0441573 0.0424576 0.045 -0.005
internal_weight=3200 395 155 240 118 77 41 48 62 178 59 119 2805
internal_count=3200 395 155 240 118 77 41 48 62 178 59 119 2805
is_linear=0
shrinkage=0.05


Tree=10
num_leaves=18
num_cat=0
split_feature=0 14 14 4 1 9 14 4 14 14 9 9 14 14 9 9 9
split_gain=173.981 0.622414 0.595826 0.62212 2.13384 0.720238 1.91439 0.492571 0.521518 0.372718 0.299029 0.225 0.223443 0.218939 0.0978766 0.0737458 7.10543e-15
threshold=6.5000000000000009 21552.074334645626 26907.826727432424 1.0000000180025095e-35 1.0000000180025095e-35 65389.530953546549 86855.933438378721 1.0000000180025095e-35 5418.2681822640598 58536.387180001017 40589.682817316592 103889.19385721358 41714.371761912342 70250.00034238254 26218.416347763039 35671.979650129877 147917.30068338502
decision_type=2 2 2 2 2 2 2 2 2 2 2 2 2 2 2 2 2
left_child=16 7 -3 5 -5 10 9 8 14 -7 12 -8 -4 -6 -2 -10 -1
right_child=1 2 3 4 13 6 11 -9 15 -11 -12 -13 -14 -15 -16 -17 -18
leaf_value=-0.13038040250288477 0.08261615995111532 0.11733666702364268 0.10876983907578014 0.069667826330377949 0.062786209397068235 0.049967915162114074 0.071374840152054073 0.072301059211983348 0.090098765655100166 0.035692802943302425 0.071050534404268825 0.10785364619634299 0.11903690934673639 0.071836656521540351 0.052902342244514788 0.074697853962578345 -0.13280230894474027
leaf_weight=2765 23 26 25 36 24 21 20 32 26 23 37 20 22 20 20 20 40
leaf_count=2765 23 26 25 36 24 21 20 32 26 23 37 20 22 20 20 20 40
internal_value=-0.000625001 0.030443 0.0291241 0.029879 0.02625 0.0316071 0.0283333 0.0334298 0.0315169 0.0211364 0.034881 0.03625 0.032234 0.0188636 0.0275581 0.0352174 -0.005
internal_weight=3200 395 274 248 80 168 84 121 89 44 84 40 47 44 43 46 2805
internal_count=3200 395 274 248 80 168 84 121 89 44 84 40 47 44 43 46 2805
is_linear=0
shrinkage=0.05


Tree=11
num_leaves=17
num_cat=0
split_feature=0 5 5 5 9 5 9 9 5 5 9 5 5 3 5 5
split_gain=155.839 30.8216 6.42034 0.830841 0.575373 1.7088 0.750054 0.857143 0.478463 0.168533 0.163099 0.20119 0.025 0.020066 7.10543e-15 7.10543e-15
threshold=6.5000000000000009 0.99570643099281042 0.80799379639382607 1.0318533198542548 47921.525774488982 0.87044406185646894 35671.979650129877 25753.959693804685 0.94628108309837544 0.76776440733639562 52340.370531419692 1.1029624814991419 1.1762062948085645 1.0000000180025095e-35 1.4048979785844435 1.2087953212726463
decision_type=2 2 2 2 2 2 2 2 2 2 2 2 2 2 2 2
left_child=14 2 9 -3 6 -6 7 -4 -7 -2 13 -12 -13 15 -1 -5
right_child=1 3 4 10 5 8 -8 -9 -10 -11 11 12 -14 -15 -16 -17
leaf_value=-0.12392649565407221 -0.011878606924292188 0.04902554202309603 0.035151810196853865 0.094192182731066054 0.014576526009564586 0.018702955769584733 0.040114542354685839 0.019529871794002149 0.048772187159869196 0.00423710280403518 0.065141609165183856 0.067868917074164148 0.11782473871353637 0.11705050340568719 -0.10706146457389117 0.1459201207421745
leaf_weight=2772 31 27 21 51 21 31 26 21 20 20 30 20 20 34 33 22
leaf_count=2772 31 27 21 51 21 31 26 21 20 20 30 20 20 34 33 22
internal_value=-0.000859376 0.0285443 0.0141099 0.0420588 0.0196429 0.0165278 0.0229412 0.0188095 0.0214706 -0.00107843 0.0433051 0.0414286 0.04375 0.0445327 -0.005 0.045
internal_weight=3200 395 191 204 140 72 68 42 51 51 177 70 40 107 2805 73
internal_count=3200 395 191 204 140 72 68 42 51 51 177 70 40 107 2805 73
is_linear=0
shrinkage=0.05


Tree=12
num_leaves=24
num_cat=0
split_feature=5 5 9 5 5 9 11 5 14 5 14 14 5 5 5 5 5 2 9 9 9 9 14
split_gain=3.81277 1.17582 0.401791 0.859931 0.827508 0.772467 0.719464 0.621096 0.464065 0.385902 0.695385 1.06226 0.94316 0.48645 0.440412 0.723772 0.566795 0.422418 0.358607 0.503113 0.354163 0.536021 0.781949
threshold=1.0344057448195654 0.78607608646947869 26834.01642588542 1.3442651910556107 1.2517075098283645 38374.317052254228 0.25997566937636585 1.3206071419525591 16914.633366696104 1.1419130877912611 44144.117302128616 36705.647676202228 1.1656753941135316 1.038126752772407 1.1705535533486953 1.1868812869523457 1.2186379447083537 2028.0000000000002 20281.868311528979 23854.234287820607 88738.823901791926 42269.283793382448 33712.67504848184
decision_type=2 2 2 2 2 2 2 2 2 2 2 2 2 2 2 2 2 2 2 2 2 2 2
left_child=1 -1 3 6 9 7 8 -6 18 13 11 12 -11 -4 -12 -16 -17 -14 -2 -20 21 -15 -23
right_child=2 -3 4 -5 5 -7 -8 -9 -10 10 14 -13 17 20 15 16 -18 -19 19 -21 -22 22 -24
leaf_value=-0.10849570928451135 -0.093123953366829243 -0.022872699512569664 0.040336610050624749 0.14198752743859902 -0.094767824554818775 -0.087720803440878695 0.053699559758221209 0.1102604671569048 -0.099695445558957652 0.049116323944847967 -0.1023341694203658 0.069750682719137272 0.074706692206696609 -0.095506750295798692 0.082451232041684086 -0.10656543867889941 0.060697543970816031 -0.095252166267138699 0.049764617034347675 -0.10955715922396321 -0.10965842627290152 -0.02310229214568929 0.040642440355163789
leaf_weight=403 107 1430 22 21 22 135 32 30 127 29 56 21 35 164 26 37 34 65 27 20 122 81 154
leaf_count=403 107 1430 22 21 22 135 32 30 127 29 56 21 35 164 26 37 34 65 27 20 122 81 154
internal_value=-0.001 -0.00249045 0.000998536 -0.000508983 0.00148596 -0.00152407 -0.00116614 0.00365384 -0.00197509 0.0021513 0.00358086 0.006 0.00430232 0.00135359 0.00120915 0.00324742 0.000633802 0.002 -0.000129871 0.00351064 0.00104606 0.00176692 0.00329787
internal_weight=3200 1833 1367 334 1033 187 313 52 281 846 303 150 129 543 153 97 71 100 154 47 521 399 235
internal_count=3200 1833 1367 334 1033 187 313 52 281 846 303 150 129 543 153 97 71 100 154 47 521 399 235
is_linear=0
shrinkage=0.05


Tree=13
num_leaves=18
num_cat=0
split_feature=0 9 9 14 14 9 9 9 9 9 14 1 9 14 9 9 9
split_gain=152.331 0.580344 0.495764 0.519065 0.68495 0.33421 0.471754 0.75652 0.352345 0.349868 0.527233 0.681233 0.809889 0.63124 0.225 0.157792 7.10543e-15
threshold=6.5000000000000009 11428.034725753316 18404.674544820617 10599.099790861763 1027.2329608285802 124009.59858374218 78689.615312106165 66444.834771213456 94913.24722264774 32699.8895881305 27727.346541253388 1.0000000180025095e-35 47921.525774488982 21552.074334645626 29463.421513361976 87317.481054023156 147917.30068338502
decision_type=2 2 2 2 2 2 2 2 2 2 2 2 2 2 2 2 2
left_child=16 -2 -3 4 -4 6 7 9 15 14 13 -12 -13 -11 -5 -8 -1
right_child=1 2 3 5 -6 -7 8 -9 -10 10 11 12 -14 -15 -16 -17 -18
leaf_value=-0.11508560923308959 0.12876822519877049 0.05114454257778786 0.05106121207945017 0.085356455960154898 0.081472063953972357 0.084114667038722363 0.067242187288551178 0.041711595766567286 0.056085700740399785 0.078956420865091415 0.063275186158194455 0.08775542562269785 0.054546676205614021 0.056812471899642683 0.073032113936296078 0.083625996661331192 -0.11882223373917117
leaf_weight=2765 26 20 26 20 20 26 22 29 31 27 28 34 23 23 20 20 40
leaf_count=2765 26 20 26 20 20 26 22 29 31 27 28 34 23 23 20 20 40
internal_value=-0.000906251 0.0281646 0.0276558 0.0280946 0.0330435 0.0273432 0.027852 0.0266176 0.0313014 0.0278571 0.0290741 0.0314706 0.0283333 0.025 0.02375 0.0342857 -0.005
internal_weight=3200 395 369 349 46 303 277 204 73 175 135 85 57 50 40 42 2805
internal_count=3200 395 369 349 46 303 277 204 73 175 135 85 57 50 40 42 2805
is_linear=0
shrinkage=0.05


Tree=14
num_leaves=15
num_cat=0
split_feature=0 5 5 5 9 9 9 5 5 5 14 5 14 5
split_gain=138.697 27.5312 3.67648 3.18388 1.17807 0.82368 0.843494 0.719086 0.480233 0.345334 0.351906 0.342062 0.196573 7.10543e-15
threshold=6.5000000000000009 0.96142143104897726 0.80799379639382607 1.0318533198542548 40589.682817316592 47921.525774488982 35671.979650129877 0.87044406185646894 1.1247139233445755 1.0980897564204353 60094.682628214316 0.76776440733639562 44144.117302128616 1.4048979785844435
decision_type=2 2 2 2 2 2 2 2 2 2 2 2 2 2
left_child=13 2 11 4 -3 6 -4 -7 9 10 -5 -2 -10 -1
right_child=1 3 5 8 -6 7 -8 -9 12 -11 -12 -13 -14 -15
leaf_value=-0.10951557092933756 -0.0095114960249261266 0.052262698025676936 0.02858381151660553 0.057034344831527986 0.043343955625388682 0.011827574942957752 0.03102014654619302 0.020960293747373349 0.11376792929601783 0.056876673041500306 0.058492101088398835 0.0025946449194909184 0.10054063934470235 -0.091661491366923975
leaf_weight=2772 31 20 34 31 33 21 21 38 65 26 24 20 31 33
leaf_count=2772 31 20 34 31 33 21 21 38 65 26 24 20 31 33
internal_value=-0.00109375 0.0266456 0.0110606 0.0378261 0.0270755 0.0160526 0.0204545 0.0119492 0.0410452 0.0382099 0.0404545 -9.80404e-05 0.0434375 -0.005
internal_weight=3200 395 165 230 53 114 55 59 177 81 55 51 96 2805
internal_count=3200 395 165 230 53 114 55 59 177 81 55 51 96 2805
is_linear=0
shrinkage=0.05


Tree=15
num_leaves=16
num_cat=0
split_feature=0 5 5 5 5 5 5 5 14 5 9 5 5 5 5
split_gain=131.038 25.8546 4.44472 1.19641 0.704894 0.984392 1.30242 0.634526 0.582904 1.39187 0.451219 0.342062 0.235146 0.00285011 7.10543e-15
threshold=6.5000000000000009 0.99570643099281042 0.80799379639382607 1.0318533198542548 0.86132262215840549 0.89760273296216397 0.93988102577674026 1.2117169584834451 42986.439852645919 1.0871421772174437 52633.312763159171 0.76776440733639562 1.0997888775059088 1.1580801999606674 1.4048979785844435
decision_type=2 2 2 2 2 2 2 2 2 2 2 2 2 2 2
left_child=14 2 11 -3 -4 -6 -7 8 12 -10 -8 -2 -5 -14 -1
right_child=1 3 4 7 5 6 10 -9 9 -11 -12 -13 13 -15 -16
leaf_value=-0.10403979238287067 -0.0090359212236798339 0.042101205399743519 0.0047048962222008038 0.052015352241312811 0.02809205605566489 0.027872969695963451 0.039526810754287184 0.12033915920850508 0.055847066094082465 0.062806852007136316 0.033935025878572937 0.0024649126735163509 0.056330051547445831 0.093797028620620115 -0.087078416798577779
leaf_weight=2772 31 27 32 25 28 33 25 42 31 30 22 20 29 20 33
leaf_count=2772 31 27 32 25 28 33 25 42 31 30 22 20 29 20 33
internal_value=-0.00120313 0.0257595 0.0125393 0.0381373 0.0171429 0.0190741 0.01625 0.0396328 0.037963 0.0343443 0.0215957 -9.80404e-05 0.0409459 0.0429592 -0.005
internal_weight=3200 395 191 204 140 108 80 177 135 61 47 51 74 49 2805
internal_count=3200 395 191 204 140 108 80 177 135 61 47 51 74 49 2805
is_linear=0
shrinkage=0.05


Tree=16
num_leaves=18
num_cat=0
split_feature=0 14 2 9 9 9 9 9 9 9 14 14 4 9 14 9 9
split_gain=122.552 0.500345 0.951896 0.686189 0.335881 0.66689 0.549397 1.16689 1.05162 0.968203 0.643676 0.605831 0.392742 0.480894 0.194744 0.137725 7.10543e-15
threshold=6.5000000000000009 86855.933438378721 2032.5000000000002 96558.069025645877 18157.078817137259 25753.959693804685 32699.8895881305 40013.561130474824 43008.245330171703 47392.688520517637 37874.887825184371 19847.903178837794 1.0000000180025095e-35 73189.935404230011 24483.676807617769 10864.541113782505 147917.30068338502
decision_type=2 2 2 2 2 2 2 2 2 2 2 2 2 2 2 2 2
left_child=16 3 -3 4 15 -6 -7 14 -9 -10 11 -11 13 -12 -8 -2 -1
right_child=1 2 -4 -5 5 6 7 8 9 10 12 -13 -14 -15 -16 -17 -18
leaf_value=-0.098653560605824711 0.10992533611284097 0.045226978643322487 0.082921852826765285 0.029300199610161483 0.084472934032033903 0.055372564096181659 0.080005068840449889 0.049178375469702849 0.045147021629863282 0.03635424684856433 0.052429348017171799 0.047855463337098843 0.052666650243665382 0.041080741161358729 0.076709308423262845 0.046140781366398015 -0.10220335388660218
leaf_weight=2765 23 38 24 20 25 34 25 20 23 20 21 27 25 20 28 22 40
leaf_count=2765 23 38 24 20 25 34 25 20 23 20 21 27 25 20 28 22 40
internal_value=-0.00132813 0.0247468 0.028871 0.023979 0.0245527 0.0252239 0.0244239 0.0253828 0.0232051 0.0247794 0.0228761 0.0184043 0.0260606 0.0230488 0.0317925 0.0205556 -0.005
internal_weight=3200 395 62 333 313 268 243 209 156 136 113 47 66 41 53 45 2805
internal_count=3200 395 62 333 313 268 243 209 156 136 113 47 66 41 53 45 2805
is_linear=0
shrinkage=0.05


Tree=17
num_leaves=18
num_cat=0
split_feature=0 5 5 5 5 5 14 14 5 14 14 4 5 5 14 5 5
split_gain=109.368 25.7451 4.50405 2.57479 1.3824 0.996215 0.827586 0.776756 0.609474 0.5824 1.31542 0.65 0.32116 0.0809365 0.0774704 0.025 7.10543e-15
threshold=6.5000000000000009 0.96142143104897726 0.86132262215840549 1.0318533198542548 0.89760273296216397 1.2146241262485249 29608.016072825212 40268.213581264739 1.0581221333793409 69678.813500245786 42986.439852645919 1.0000000180025095e-35 0.78607608646947869 0.81129936193001229 18596.678536873587 1.2639126624725134 1.4048979785844435
decision_type=2 2 2 2 2 2 2 2 2 2 2 2 2 2 2 2 2
left_child=16 2 12 7 -4 8 -6 -3 -5 10 11 14 -2 -14 -10 -7 -1
right_child=1 3 4 5 6 15 -8 -9 9 -11 -12 -13 13 -15 -16 -17 -18
leaf_value=-0.093905124733435916 -0.0063516914454732456 0.026907046909966998 0.023413114840469245 0.049489480153447341 0.028229714126160006 0.088027282136382334 0.0064774854902814316 0.053465008524977868 0.048880777661974989 0.072967270200858858 0.032240040868578894 0.056356290663679136 0.0059415946614415419 0.00071537568960989878 0.084816985298104067 0.13042629155592242 -0.077791817928357654
leaf_weight=2772 37 26 28 21 29 20 25 27 23 28 23 20 20 26 22 20 33
leaf_count=2772 37 26 28 21 29 20 25 27 23 28 23 20 20 26 22 20 33
internal_value=-0.00153125 0.0231013 0.0080303 0.033913 0.0163415 0.0368079 0.0116667 0.0242453 0.034781 0.0333621 0.0313636 0.035 -0.000180724 0.00260869 0.0383333 0.04375 -0.005
internal_weight=3200 395 165 230 82 177 54 53 137 116 88 65 83 46 45 40 2805
internal_count=3200 395 165 230 82 177 54 53 137 116 88 65 83 46 45 40 2805
is_linear=0
shrinkage=0.05


Tree=18
num_leaves=24
num_cat=0
split_feature=5 5 9 5 11 5 9 5 5 2 9 14 5 9 14 9 5 2 14 2 9 5 9
split_gain=3.40962 0.775092 0.383333 0.707654 0.61228 0.391438 0.700989 0.739231 0.416726 0.320416 0.43573 0.318724 0.270258 0.222391 0.390179 0.31603 0.36271 0.300995 0.592678 0.250501 0.282915 0.209013 0.193139
threshold=1.0318533198542548 0.86132262215840549 22809.012146607525 1.3206071419525591 0.25997566937636585 1.2517075098283645 41611.014946237839 1.3206071419525591 1.2186379447083537 2032.5000000000002 45088.765049213318 102015.22562316795 0.86511218695917946 41791.601166393004 45756.641496515374 79266.307446760489 0.96142143104897726 2032.5000000000002 37874.887825184371 2028.0000000000002 49340.961354098399 1.038126752772407 126087.26674027294
decision_type=2 2 2 2 2 2 2 2 2 2 2 2 2 2 2 2 2 2 2 2 2 2 2
left_child=1 -1 3 4 -2 8 7 -7 21 10 -10 -8 -3 -14 17 -16 -17 18 19 -15 -21 -4 -23
right_child=2 12 5 -5 -6 6 11 -9 9 -11 -12 -13 13 14 15 16 -18 -19 -20 20 -22 22 -24
leaf_value=-0.058214385716989218 -0.064904365134700992 0.0094150502944620497 0.018960800689604537 0.10291517821402206 0.045625818704808141 -0.060640026738293357 -0.060077756811229226 0.078866472253764974 0.035192444389397143 -0.08632113354205409 0.046034568430021794 0.027775412564096536 -0.040483081929445747 -0.017536222024169629 -0.092749828499278791 -0.028525500063686478 0.0071225606944299719 -0.052363445929789525 0.018914620905756508 0.018807395485734704 -0.055237719177832517 0.0051136693290686477 -0.076847079576648269
leaf_weight=728 223 26 31 20 33 39 101 36 27 22 24 23 487 49 165 105 108 67 27 22 36 757 44
leaf_count=728 223 26 31 20 33 39 101 36 27 22 24 23 487 49 165 105 108 67 27 22 36 757 44
internal_value=-0.00176563 -0.00318681 0.000108694 -0.00155797 -0.00226563 0.000525361 -0.00148241 0.00233333 0.00096685 0.00458904 0.0067647 -0.00379032 -0.00234432 -0.00246717 -0.00180484 -0.00275132 -0.00147887 -2.48768e-05 0.00134328 -0.000327104 0.00189655 0.000649037 0.000493132
internal_weight=3200 1820 1380 276 256 1104 199 75 905 73 51 124 1092 1066 579 378 213 201 134 107 58 832 801
internal_count=3200 1820 1380 276 256 1104 199 75 905 73 51 124 1092 1066 579 378 213 201 134 107 58 832 801
is_linear=0
shrinkage=0.05


Tree=19
num_leaves=17
num_cat=0
split_feature=0 5 5 5 9 5 5 5 9 14 14 14 5 14 5 5
split_gain=106.432 19.6782 3.05724 2.16838 1.67984 1.04322 0.946717 1.3824 1.72941 0.638921 0.95034 0.755831 0.493355 0.342857 0.322158 7.10543e-15
threshold=6.5000000000000009 0.96142143104897726 0.77788610054418517 1.0318533198542548 53587.573669308527 1.2186379447083537 0.86132262215840549 0.89760273296216397 54743.66459994774 69678.813500245786 35077.695214157946 20437.714070413018 1.106236014274024 30284.003274544451 1.1296978499445496 1.4048979785844435
decision_type=2 2 2 2 2 2 2 2 2 2 2 2 2 2 2 2
left_child=15 2 -2 4 -3 9 13 -8 -9 10 11 14 -12 -4 -5 -1
right_child=1 3 6 5 -6 -7 7 8 -10 -11 12 -13 -14 -15 -16 -17
leaf_value=-0.087324360312540053 -0.0053628587961587933 0.04145586102637587 0.0041615350707987246 0.042886458631915175 0.034476042817761128 0.098373293869928324 0.022412696784242094 0.032705616666991379 0.00061005942542227069 0.065241986666121174 0.046609318922312092 0.078334728252785313 0.061929369497499102 0.0095806826642341001 0.057444017102575809 -0.071795763697271281
leaf_weight=2772 35 26 20 22 27 37 28 34 20 33 21 21 22 28 21 33
leaf_count=2772 35 26 20 22 27 37 28 34 20 33 21 21 22 28 21 33
internal_value=-0.00157813 0.0227215 0.00954545 0.0321739 0.0233019 0.0348305 0.0130769 0.0163415 0.0116667 0.0328571 0.0309813 0.0348437 0.0252326 0.0075 0.0310465 -0.005
internal_weight=3200 395 165 230 53 177 130 82 54 140 107 64 43 48 43 2805
internal_count=3200 395 165 230 53 177 130 82 54 140 107 64 43 48 43 2805
is_linear=0
shrinkage=0.05


Tree=20
num_leaves=17
num_cat=0
split_feature=0 14 9 2 14 14 9 9 9 4 2 9 9 9 14 9
split_gain=101.628 0.559985 0.655557 0.573005 0.361147 1.5066 0.392247 0.303481 1.10247 1.25361 1.76775 0.588235 0.475086 0.4 0.341612 7.10543e-15
threshold=6.5000000000000009 86855.933438378721 96558.069025645877 2032.5000000000002 5418.2681822640598 13152.116286833398 28005.996473395364 80232.037649569029 67212.836114304431 1.0000000180025095e-35 2028.0000000000002 32699.8895881305 47392.688520517637 25071.130192709057 39584.939708984304 147917.30068338502
decision_type=2 2 2 2 2 2 2 2 2 2 2 2 2 2 2 2
left_child=15 2 4 -3 6 -6 -2 8 9 11 -11 13 14 -7 -13 -1
right_child=1 3 -4 -5 5 7 -8 -9 -10 10 -12 12 -14 -15 -16 -17
leaf_value=-0.082942580835483101 0.053851765107066844 0.035713111845252159 0.029039724089479094 0.071609613875624548 0.049074096362819758 0.094233025125203373 0.030903324005637268 0.050948759858587878 0.019702477416885911 0.040861883266006704 0.039217725525885858 0.071947808994301948 0.036597562558592076 0.032143903638041732 0.050871340428382011 -0.084629038815269841
leaf_weight=2765 33 38 20 24 21 20 25 27 25 21 36 34 31 20 20 40
leaf_count=2765 33 38 20 24 21 20 25 27 25 21 36 34 31 20 20 40
internal_value=-0.00165625 0.0220886 0.0212763 0.0264516 0.0218371 0.0226471 0.0182759 0.0214957 0.0208454 0.0221978 0.0160526 0.025 0.0273529 0.02 0.0301852 -0.005
internal_weight=3200 395 333 62 313 255 58 234 207 182 57 125 85 40 54 2805
internal_count=3200 395 333 62 313 255 58 234 207 182 57 125 85 40 54 2805
is_linear=0
shrinkage=0.05


Tree=21
num_leaves=17
num_cat=0
split_feature=0 5 5 5 14 14 9 5 9 5 9 9 5 5 5 5
split_gain=82.6609 18.5473 3.44479 2.70986 1.19733 1.14894 0.57982 0.415438 0.381482 0.643278 1.08062 0.434389 0.291411 0.228995 0.187778 7.10543e-15
threshold=6.5000000000000009 0.9981086715313261 0.82642697720511971 1.2186379447083537 5852.0679260692568 34458.341138301053 93097.456810541378 1.1234451183816214 41791.601166393004 0.94318421421667897 61552.314084070887 30956.258467880663 1.1109203529368898 0.78607608646947869 1.0628130287635416 1.4048979785844435
decision_type=2 2 2 2 2 2 2 2 2 2 2 2 2 2 2 2
left_child=15 2 13 4 -3 12 7 14 11 10 -10 -4 -6 -2 -7 -1
right_child=1 3 8 -5 5 6 -8 -9 9 -11 -12 -13 -14 -15 -16 -17
leaf_value=-0.078811013255138909 -0.005165390708697374 0.046265463808569808 0.021578622925279439 0.089550601387558798 0.040641426896891548 0.043318636893611602 0.046876525423861178 0.069984651340903925 0.025849631164058636 0.029048274073731561 0.016900533265722856 0.003333010855355568 0.070573517870839417 0.0036527153285292532 0.039362856219076585 -0.064058846470633563
leaf_weight=2772 37 23 26 37 20 20 27 22 21 24 34 25 27 27 25 33
leaf_count=2772 37 23 26 37 20 20 27 22 21 24 34 25 27 27 25 33
internal_value=-0.00198438 0.0194304 0.00840206 0.0300746 0.0273171 0.0290426 0.0258511 0.0233582 0.0130769 0.0152532 0.0122727 0.00970588 0.0354255 -0.00109375 0.0261111 -0.005
internal_weight=3200 395 194 201 164 141 94 67 130 79 55 51 47 64 45 2805
internal_count=3200 395 194 201 164 141 94 67 130 79 55 51 47 64 45 2805
is_linear=0
shrinkage=0.05


Tree=22
num_leaves=17
num_cat=0
split_feature=0 5 5 5 14 9 9 9 1 5 5 5 5 5 5 5
split_gain=71.9003 19.4027 2.69663 2.66818 1.41718 1.1215 1.48439 0.419973 0.383068 0.374323 0.336656 0.777614 0.711451 0.214286 0.0256098 7.10543e-15
threshold=6.5000000000000009 0.99971113682726653 0.86132262215840549 1.2186379447083537 5852.0679260692568 45644.487880980865 56149.119421051837 43353.747382858528 1.0000000180025095e-35 1.1109203529368898 0.89760273296216397 0.93988102577674026 0.97697385171132567 0.7939933396041764 0.7939933396041764 1.4048979785844435
decision_type=2 2 2 2 2 2 2 2 2 2 2 2 2 2 2 2
left_child=15 2 7 4 -3 9 -7 14 -8 -6 -4 -12 -13 -9 -2 -1
right_child=1 3 10 -5 5 6 8 13 -10 -11 11 12 -14 -15 -16 -17
leaf_value=-0.074870462592381976 -0.0068571107565248562 0.043952190618141297 0.01693439058853571 0.085073071318180871 0.042266754964185443 0.031637230184348324 0.042680387494487299 -0.0012672727060641887 0.046310621095658089 0.069003138530803684 0.019211906751910333 0.027951685220760365 0.027483337134542454 0.0054199540678206166 -0.00070438922157756438 -0.060855904147101875
leaf_weight=2772 21 23 28 37 23 20 34 21 31 30 33 29 24 21 20 33
leaf_count=2772 21 23 28 37 23 20 34 21 31 30 33 29 24 21 20 33
internal_value=-0.0021875 0.0177848 0.00667513 0.0288384 0.0260559 0.027971 0.0244118 -0.000180724 0.0280769 0.0336792 0.0116667 0.0101163 0.0138679 0.00333333 -0.00378049 -0.005
internal_weight=3200 395 197 198 161 138 85 83 65 53 114 86 53 42 41 2805
internal_count=3200 395 197 198 161 138 85 83 65 53 114 86 53 42 41 2805
is_linear=0
shrinkage=0.05


Tree=23
num_leaves=17
num_cat=0
split_feature=0 5 5 5 5 9 9 9 5 5 5 9 5 5 5 5
split_gain=70.3114 18.5285 2.69663 2.30821 0.4647 0.475624 0.419973 0.415584 0.336656 0.777614 0.711451 0.254327 0.214286 0.18006 0.0256098 7.10543e-15
threshold=6.5000000000000009 0.99971113682726653 0.86132262215840549 1.2186379447083537 1.0318533198542548 39606.007584924839 43353.747382858528 56149.119421051837 0.89760273296216397 0.93988102577674026 0.97697385171132567 30956.258467880663 0.7939933396041764 1.0871421772174437 0.7939933396041764 1.4048979785844435
decision_type=2 2 2 2 2 2 2 2 2 2 2 2 2 2 2 2
left_child=15 2 6 4 -3 11 14 -7 -4 -10 -11 -6 -8 -9 -2 -1
right_child=1 3 8 -5 5 7 12 13 9 10 -12 -13 -14 -15 -16 -17
leaf_value=-0.07112693946276287 -0.0065142552186986087 0.027902820534949375 0.016087671059108924 0.080819417752271833 0.047008319271384706 0.040355635327469566 -0.0012039090707609737 0.038290598443759663 0.018251311414314818 0.026554100959722368 0.02610917027781532 0.050950938323785402 0.0051489563644295652 0.058637797188080168 -0.00066916976049869186 -0.057813108939746782
leaf_weight=2772 21 21 28 37 32 32 21 24 33 29 24 20 21 32 20 33
leaf_count=2772 21 21 28 37 32 32 21 24 33 29 24 20 21 32 20 33
internal_value=-0.00221875 0.0175316 0.00667513 0.0283333 0.0257453 0.0267857 -0.000180724 0.0245455 0.0116667 0.0101163 0.0138679 0.0305769 0.00333333 0.0271429 -0.00378049 -0.005
internal_weight=3200 395 197 198 161 140 83 88 114 86 53 52 42 56 41 2805
internal_count=3200 395 197 198 161 140 83 88 114 86 53 52 42 56 41 2805
is_linear=0
shrinkage=0.05


Tree=24
num_leaves=18
num_cat=0
split_feature=0 5 5 5 14 14 14 9 9 5 5 9 5 14 9 5 5
split_gain=64.89 19.2593 2.54312 2.14079 0.929204 1.85938 1.17857 0.894491 0.625926 0.465121 1.03052 0.315521 0.260386 0.214286 0.200535 0.273485 7.10543e-15
threshold=6.5000000000000009 1.0318533198542548 0.83918073007734006 1.2186379447083537 73021.445347470421 35077.695214157946 9462.9304301184311 40589.682817316592 29714.669287288703 0.94318421421667897 0.89960535725108992 74347.249890632142 1.1029624814991419 20437.714070413018 34611.944731937627 0.77541647292177396 1.4048979785844435
decision_type=2 2 2 2 2 2 2 2 2 2 2 2 2 2 2 2 2
left_child=16 2 14 4 5 6 -3 8 -4 10 -9 -11 -7 -8 -2 -16 -1
right_child=1 3 7 -5 -6 12 13 9 -10 11 -12 -13 -14 -15 15 -17 -18
leaf_value=-0.067570592489624742 -0.0021525188864740599 0.040446848760739257 0.025742444052001597 0.076778446864658234 0.05209482987488373 0.035340708451197952 0.034191217867224892 0.020192095763457645 -0.000276649966013679 0.015491291588748053 0.012000375261013975 0.025823458611890251 0.045208377353191609 0.060754268388018742 -0.0066632344795467206 0.0054042325166739364 -0.05492245349275944
leaf_weight=2772 24 22 30 37 31 22 21 31 24 20 22 23 23 21 24 20 33
leaf_count=2772 24 22 30 37 31 22 21 31 24 20 22 23 23 21 24 20 33
internal_value=-0.00232813 0.0166456 0.00669725 0.0288983 0.0260714 0.0238991 0.029375 0.0103333 0.00518518 0.0132292 0.0100943 0.017093 0.0161111 0.0342857 -0.00132353 0.000681817 -0.005
internal_weight=3200 395 218 177 140 109 64 150 54 96 53 43 45 42 68 44 2805
internal_count=3200 395 218 177 140 109 64 150 54 96 53 43 45 42 68 44 2805
is_linear=0
shrinkage=0.05


Tree=25
num_leaves=17
num_cat=0
split_feature=0 5 5 5 14 5 5 14 14 14 5 9 9 9 5 5
split_gain=59.6861 17.6401 2.64327 2.1709 0.802601 0.787622 1.12247 0.699021 1.73865 1.35136 0.405421 0.339939 0.301477 0.300548 0.388932 7.10543e-15
threshold=6.5000000000000009 1.0318533198542548 0.86132262215840549 1.1762062948085645 7315.2808697932933 0.94628108309837544 0.89960535725108992 31573.716563316531 15516.356937738419 51804.61238871418 1.2186379447083537 77463.063488737243 52633.312763159171 34611.944731937627 0.78607608646947869 1.4048979785844435
decision_type=2 2 2 2 2 2 2 2 2 2 2 2 2 2 2 2
left_child=15 2 13 7 -4 6 -6 8 -3 -9 -5 -11 -7 -2 -15 -1
right_child=1 3 4 10 5 12 -8 9 -10 11 -12 -13 -14 14 -16 -17
leaf_value=-0.064192062865143493 -0.0016049302332311625 0.029439194788204528 0.0055883733518967632 0.059701278834863626 0.017857149234074336 0.032423921872885432 0.0032842995005942614 0.015174168344649106 0.048515043515819534 0.044774747102774605 0.072939524521425325 0.03124815100373984 0.022137512544204943 -0.0028287280660271585 0.0056467445046323424 -0.05217633081812148
leaf_weight=2772 28 22 22 27 26 23 34 23 25 20 37 23 30 26 29 33
leaf_count=2772 28 22 22 27 26 23 34 23 25 20 37 23 30 26 29 33
internal_value=-0.0024375 0.0157595 0.00623853 0.0274859 0.0105556 0.0122566 0.00833333 0.0233186 0.0279787 0.02 0.0348437 0.0252326 0.0166981 -0.000783134 0.00136364 -0.005
internal_weight=3200 395 218 177 135 113 60 113 47 66 64 43 53 83 55 2805
internal_count=3200 395 218 177 135 113 60 113 47 66 64 43 53 83 55 2805
is_linear=0
shrinkage=0.05


Tree=26
num_leaves=17
num_cat=0
split_feature=0 5 5 5 1 5 5 9 5 14 9 9 5 9 5 5
split_gain=54.0051 17.289 1.99767 1.938 0.88839 0.904475 1.35641 0.512121 0.381342 0.457328 0.890667 0.625 0.346667 0.300548 0.388932 7.10543e-15
threshold=6.5000000000000009 1.0318533198542548 0.86132262215840549 1.1736257539432646 1.5000000000000002 0.96142143104897726 0.89960535725108992 73189.935404230011 1.0581221333793409 75146.353914029707 45932.687732548475 31644.384914718637 1.227147445777961 34611.944731937627 0.78607608646947869 1.4048979785844435
decision_type=2 2 2 2 2 2 2 2 2 2 2 2 2 2 2 2
left_child=15 2 13 8 5 6 -4 -7 -3 10 11 -10 -5 -2 -15 -1
right_child=1 3 4 12 -6 7 -8 -9 9 -11 -12 -13 -14 14 -16 -17
leaf_value=-0.060982459721886317 -0.001524683721569599 0.033073481059099442 0.016964291772370625 0.054968196813167572 0.0089204980713656918 0.030252217537548937 0.006180671070989921 0.025706014700450149 0.027926016577225894 0.039647689857471302 0.022731687722383473 0.043296642079347449 0.071711737437610237 -0.0026872916627258044 0.0053644072794007099 -0.049567514277215403
leaf_weight=2772 28 21 26 36 26 24 39 20 20 20 29 20 31 26 29 33
leaf_count=2772 28 21 26 36 26 24 39 20 20 20 29 20 31 26 29 33
internal_value=-0.0025625 0.0147468 0.0053211 0.0263559 0.00907407 0.011055 0.00730769 0.0165909 0.0222727 0.0208427 0.018913 0.02375 0.0330597 -0.000783134 0.00136364 -0.005
internal_weight=3200 395 218 177 135 109 65 44 110 89 69 40 67 83 55 2805
internal_count=3200 395 218 177 135 109 65 44 110 89 69 40 67 83 55 2805
is_linear=0
shrinkage=0.05


Tree=27
num_leaves=17
num_cat=0
split_feature=0 5 5 5 9 9 9 5 5 5 5 9 9 5 5 5
split_gain=49.2673 15.1576 2.32834 1.35795 0.903502 0.593067 0.664394 0.5274 1.00833 0.447325 0.428062 1.11547 0.300548 0.388932 0.225 7.10543e-15
threshold=6.5000000000000009 1.0017365306145292 1.1475644911162104 0.86132262215840549 34023.85730484574 32832.588455659243 58349.056277732707 1.0522115554879969 1.0785534194642097 0.89960535725108992 0.96142143104897726 49340.961354098399 34611.944731937627 0.78607608646947869 1.1109203529368898 1.4048979785844435
decision_type=2 2 2 2 2 2 2 2 2 2 2 2 2 2 2 2
left_child=15 3 4 12 -3 -4 -7 -6 -9 -5 11 -11 -2 -14 -10 -1
right_child=1 2 5 9 7 6 -8 8 14 10 -12 -13 13 -15 -16 -17
leaf_value=-0.057933336735791999 -0.0014484495354911047 0.026621049016775145 0.071782365700017323 0.014790734200653105 0.027620208865503555 0.053853360896609075 0.063065377596188979 0.024425206035364549 0.031679390317208435 0.024830480088334536 0.023971596269046949 -0.0028973686626752879 -0.002552927079589512 0.0050961869154306817 0.019625678355319261 -0.047089138563354623
leaf_weight=2772 28 30 28 31 26 28 25 20 20 27 33 24 26 29 20 33
leaf_count=2772 28 30 28 31 26 28 25 20 20 27 33 24 26 29 20 33
internal_value=-0.00267188 0.0138608 0.0236802 0.00409091 0.0191379 0.0301852 0.0270755 0.0217442 0.0191667 0.00760869 0.00571428 0.00284314 -0.000783134 0.00136364 0.02375 -0.005
internal_weight=3200 395 197 198 116 81 53 86 60 115 84 51 83 55 40 2805
internal_count=3200 395 197 198 116 81 53 86 60 115 84 51 83 55 40 2805
is_linear=0
shrinkage=0.05


Tree=28
num_leaves=18
num_cat=0
split_feature=0 5 5 5 9 5 14 14 9 1 1 14 9 9 14 5 5
split_gain=43.4953 14.2164 1.65725 1.59401 0.805507 0.801771 0.607952 2.01095 0.625 0.599705 0.744676 0.566184 0.52625 0.409505 0.328584 0.0666667 7.10543e-15
threshold=6.5000000000000009 1.0318533198542548 0.86132262215840549 1.1736257539432646 32832.588455659243 1.0581221333793409 59047.409494490923 35077.695214157946 35671.979650129877 1.5000000000000002 1.0000000180025095e-35 48359.363405176155 49340.961354098399 51424.054658037661 66336.923133173448 0.7939933396041764 1.4048979785844435
decision_type=2 2 2 2 2 2 2 2 2 2 2 2 2 2 2 2 2
left_child=16 2 14 5 -5 -3 7 8 -7 10 12 -12 -4 -6 15 -2 -1
right_child=1 3 9 4 13 6 -8 -9 -10 -11 11 -13 -14 -15 -16 -17 -18
leaf_value=-0.055036669899002404 -0.0057872147920872349 0.03003879656286932 0.023246798716651317 0.073068208705013946 0.05367472670473078 0.024062697334362018 0.03639842139870221 0.00065569610681929754 0.051546152885153552 0.0072329491633807211 0.019295584897866227 0.024553658078176763 0.011136814005417996 0.052432821632297469 0.011473929954257854 -0.00022006953331309725 -0.044734681635186888
leaf_weight=2772 30 21 21 24 20 20 28 21 20 26 25 26 37 23 23 30 33
leaf_count=2772 30 21 21 24 20 20 28 21 20 26 25 26 37 23 23 30 33
internal_value=-0.0028125 0.0127215 0.00417431 0.0232486 0.0293284 0.0195455 0.0174719 0.0146721 0.02125 0.00759259 0.00922018 0.0136274 0.00534483 0.0252326 -0.00138554 -0.00333333 -0.005
internal_weight=3200 395 218 177 67 110 89 61 40 135 109 51 58 43 83 60 2805
internal_count=3200 395 218 177 67 110 89 61 40 135 109 51 58 43 83 60 2805
is_linear=0
shrinkage=0.05


Tree=29
num_leaves=17
num_cat=0
split_feature=0 5 5 5 14 14 5 14 1 1 14 3 14 5 5 5
split_gain=42.2614 12.6565 1.68749 1.44232 0.888362 1.65968 0.859091 0.740204 0.599705 0.744676 0.566184 0.41042 0.255291 0.13125 0.116481 7.10543e-15
threshold=6.5000000000000009 1.0318533198542548 1.1475644911162104 0.86132262215840549 59047.409494490923 35077.695214157946 1.1049994716051605 36705.647676202228 1.5000000000000002 1.0000000180025095e-35 48359.363405176155 1.0000000180025095e-35 66336.923133173448 0.78986260667437658 1.2186379447083537 1.4048979785844435
decision_type=2 2 2 2 2 2 2 2 2 2 2 2 2 2 2 2
left_child=15 3 4 12 5 6 -3 14 9 11 -11 -5 13 -2 -4 -1
right_child=1 2 7 8 -6 -7 -8 -9 -10 10 -12 -13 -14 -15 -16 -17
leaf_value=-0.052284836404052286 -0.0057562590157047306 0.023435606548677296 0.051352344831505817 0.012867059491194911 0.028273797353350023 0.0020020940511637441 0.019375367702308396 0.04818885727246721 0.0068713017052116762 0.018330805652972893 0.023325975174267918 -0.0044647830382688455 0.010900233456544948 -8.89475917816275e-05 0.062102359240469751 -0.042497947553427534
leaf_weight=2772 28 22 23 37 34 20 20 38 26 25 26 21 23 32 20 33
leaf_count=2772 28 22 23 37 34 20 20 38 26 25 26 21 23 32 20 33
internal_value=-0.00284375 0.0124684 0.0224011 0.00440367 0.0179167 0.0143548 0.02 0.027716 0.00759259 0.00922018 0.0136274 0.00534483 -0.000783134 -0.0025 0.0322093 -0.005
internal_weight=3200 395 177 218 96 62 42 81 135 109 51 58 83 60 43 2805
internal_count=3200 395 177 218 96 62 42 81 135 109 51 58 83 60 43 2805
is_linear=0
shrinkage=0.05


Tree=30
num_leaves=17
num_cat=0
split_feature=0 5 5 5 14 14 14 14 1 1 5 9 1 14 5 5
split_gain=39.847 11.8021 1.84741 1.31758 0.558405 2.24074 1.17009 1.15238 0.536368 0.578819 0.711575 0.52625 0.268063 0.255291 0.13125 7.10543e-15
threshold=6.5000000000000009 1.0318533198542548 1.2567562905963598 0.86132262215840549 59047.409494490923 36705.647676202228 5852.0679260692568 96925.167375710022 1.5000000000000002 1.0000000180025095e-35 0.95388911823899825 49340.961354098399 1.5000000000000002 66336.923133173448 0.78986260667437658 1.4048979785844435
decision_type=2 2 2 2 2 2 2 2 2 2 2 2 2 2 2 2
left_child=15 3 4 13 5 6 -3 -6 9 11 -11 -5 -8 14 -2 -1
right_child=1 2 -4 8 7 -7 12 -9 -10 10 -12 -13 -14 -15 -16 -17
leaf_value=-0.049670594583849662 -0.0054684460649194926 0.024211741714229199 0.069965901275237899 0.021441105806258996 0.03908595290564687 0.024695877445845765 0.040904238169610377 0.025323131537270078 0.0065277366199511097 0.0094370396834676726 0.039817917206151889 0.0099366203305873337 0.046916568261557823 0.010355221783717693 -8.4500212192537691e-05 -0.040373050175756153
leaf_weight=2772 28 20 21 21 28 36 27 20 26 31 20 37 25 23 32 33
leaf_count=2772 28 20 21 21 28 36 27 20 26 31 20 37 25 23 32 33
internal_value=-0.00290625 0.011962 0.0215537 0.00417431 0.0196795 0.0176852 0.0227778 0.0241667 0.00722222 0.00876147 0.0126471 0.00534483 0.0267308 -0.000783134 -0.0025 -0.005
internal_weight=3200 395 177 218 156 108 72 48 135 109 51 58 52 83 60 2805
internal_count=3200 395 177 218 156 108 72 48 135 109 51 58 52 83 60 2805
is_linear=0
shrinkage=0.05


Tree=31
num_leaves=17
num_cat=0
split_feature=0 5 5 5 14 14 14 14 1 1 5 9 1 14 5 5
split_gain=36.9288 9.96175 1.59932 1.31758 0.726648 2.88095 1.01731 0.573016 0.536368 0.578819 0.711575 0.52625 0.438063 0.255291 0.13125 7.10543e-15
threshold=6.5000000000000009 1.0318533198542548 1.2567562905963598 0.86132262215840549 36705.647676202228 51804.61238871418 5852.0679260692568 96925.167375710022 1.5000000000000002 1.0000000180025095e-35 0.95388911823899825 49340.961354098399 1.5000000000000002 66336.923133173448 0.78986260667437658 1.4048979785844435
decision_type=2 2 2 2 2 2 2 2 2 2 2 2 2 2 2 2
left_child=15 3 4 13 6 -6 -3 -7 9 11 -11 -5 -8 14 -2 -1
right_child=1 2 -4 8 5 7 12 -9 -10 10 -12 -13 -14 -15 -16 -17
leaf_value=-0.047187064854657179 -0.0051950237616735081 0.023001154628517755 0.06646760621147603 0.020369050515946039 0.015415971851187255 0.034734006273937912 0.03885902626112988 0.024056974960406569 0.0062013497889535606 0.0089651876992943077 0.037827021345844286 0.0094397893140579572 0.044570739848479916 0.0098374606945318271 -8.0275201582900152e-05 -0.03835439766696834
leaf_weight=2772 28 20 21 21 28 36 27 20 26 31 20 37 25 23 32 33
leaf_count=2772 28 20 21 21 28 36 27 20 26 31 20 37 25 23 32 33
internal_value=-0.00298438 0.0113291 0.0201412 0.00417431 0.0183974 0.0152381 0.0220833 0.0217857 0.00722222 0.00876147 0.0126471 0.00534483 0.0257692 -0.000783134 -0.0025 -0.005
internal_weight=3200 395 177 218 156 84 72 56 135 109 51 58 52 83 60 2805
internal_count=3200 395 177 218 156 84 72 56 135 109 51 58 52 83 60 2805
is_linear=0
shrinkage=0.05


Tree=32
num_leaves=24
num_cat=0
split_feature=5 5 9 11 9 5 5 9 14 9 5 5 5 9 9 5 9 9 9 14 5 5 5
split_gain=1.2552 0.439315 0.909495 0.182114 0.217946 0.18748 0.319113 0.545277 0.465219 0.321107 0.24113 0.288462 0.210151 0.335397 0.433344 0.1752 0.172646 0.170071 0.13033 0.270914 0.297619 0.117793 0.387879
threshold=1.0318533198542548 1.3442651910556107 40262.117122566422 0.28340674327312171 22809.012146607525 1.2318911036196878 1.1687916513517889 80232.037649569029 77117.082163008323 51653.052929104386 1.1806958527762137 1.1989917068525389 1.0506079456439381 84710.583501414265 43008.245330171703 0.78607608646947869 38374.317052254228 24370.27071413774 115825.97079138122 94697.061392937103 1.0871421772174437 1.0980897564204353 1.1049994716051605
decision_type=2 2 2 2 2 2 2 2 2 2 2 2 2 2 2 2 2 2 2 2 2 2 2
left_child=15 3 17 4 -2 6 12 9 -9 10 -8 -12 13 14 -6 -1 -7 -3 19 21 -21 -14 -23
right_child=1 2 -4 -5 5 16 7 8 -10 -11 11 -13 18 -15 -16 -17 -18 -19 -20 20 -22 22 -24
leaf_value=-0.039217563460171939 -0.021394940291693556 0.052175565904110557 -0.012235012746130969 0.025343593429522082 -0.035414985926837297 -0.0096523710952464356 0.0352184387506334 0.019914403510098804 -0.0111590474839683 -0.034857504507725567 -0.040535543801054313 0.0045344840447832753 -0.023129525141754304 -0.028949347317003028 0.012400769944456401 -0.034319569267479012 -0.01532459368567627 0.027078018171752229 -0.038179700010546519 0.012636514039338102 -0.032404632508236886 0.012356474478094482 -0.022134912285056499
leaf_weight=403 227 20 41 30 37 51 20 24 29 45 30 48 214 26 39 1417 116 23 50 25 35 30 220
leaf_count=403 227 20 41 30 37 51 20 24 29 45 30 48 214 26 39 1417 116 23 50 25 35 30 220
internal_value=-0.00309375 -0.00195652 0.00154762 -0.00218364 -0.00227488 -0.00196824 -0.00167431 0.00010204 0.00443396 -0.0015035 0.00010204 -0.00115385 -0.00218935 -9.80404e-05 0.00157895 -0.00395605 -0.003503 0.00662791 -0.00256098 -0.00232825 0.000833332 -0.00273707 -0.002
internal_weight=3200 1380 84 1296 1266 1039 872 196 53 143 98 78 676 102 76 1820 167 43 574 524 60 464 250
internal_count=3200 1380 84 1296 1266 1039 872 196 53 143 98 78 676 102 76 1820 167 43 574 524 60 464 250
is_linear=0
shrinkage=0.05


Tree=33
num_leaves=17
num_cat=0
split_feature=0 5 5 5 14 14 14 5 2 9 9 9 5 9 14 5
split_gain=38.6664 7.38034 1.81542 1.26983 0.835775 2.38095 0.875214 0.560897 0.457229 0.516071 0.617334 0.45873 0.441084 0.516862 0.311111 7.10543e-15
threshold=6.5000000000000009 1.0318533198542548 1.2567562905963598 0.77541647292177396 36705.647676202228 51804.61238871418 5852.0679260692568 1.1247139233445755 2032.5000000000002 29714.669287288703 39191.691647997584 41791.601166393004 0.96142143104897726 60277.460474291373 96925.167375710022 1.4048979785844435
decision_type=2 2 2 2 2 2 2 2 2 2 2 2 2 2 2 2
left_child=15 3 4 -2 6 -6 -3 -8 9 -5 -11 -10 13 -12 -7 -1
right_child=1 2 -4 8 5 14 7 -9 11 10 12 -13 -14 -15 -16 -17
leaf_value=-0.043449130079469822 -0.0028361041691062506 0.022920843911676609 0.060535447605696624 0.015738435725189039 0.013913980842506449 0.03269508555448581 0.020248923860667026 0.042464690898993379 -0.0020891341621331531 -0.0047526185124652535 0.016710884988486937 0.017483841258249689 0.014669679523963933 0.006630994837264626 0.023293101317931993 -0.035824927146313384
leaf_weight=2772 33 20 21 28 28 36 24 28 21 22 23 24 29 38 20 33
leaf_count=2772 33 20 21 28 28 36 24 28 21 22 23 24 29 38 20 33
internal_value=-0.0029375 0.0117089 0.0192938 0.00555046 0.0174359 0.0140476 0.0213889 0.0248077 0.00716216 0.00857143 0.00705357 0.00277778 0.00888889 0.00647541 0.02 -0.005
internal_weight=3200 395 177 218 156 84 72 52 185 140 112 45 90 61 56 2805
internal_count=3200 395 177 218 156 84 72 52 185 140 112 45 90 61 56 2805
is_linear=0
shrinkage=0.05


Tree=34
num_leaves=19
num_cat=0
split_feature=0 5 5 5 14 14 14 1 14 14 5 9 9 14 5 5 9 5
split_gain=36.7677 6.49821 2.04521 1.26983 0.664835 2.14881 1.10769 0.452308 0.433577 0.842305 0.75034 0.374819 0.60467 0.456269 0.273756 0.0754971 0.123077 7.10543e-15
threshold=6.5000000000000009 1.0318533198542548 1.2567562905963598 0.77541647292177396 36705.647676202228 51804.61238871418 5852.0679260692568 1.5000000000000002 19140.014122071585 7315.2808697932933 0.96142143104897726 41791.601166393004 60277.460474291373 75146.353914029707 1.1029624814991419 1.3701093412223686 69369.10143872122 1.3045710058769706
decision_type=2 2 2 2 2 2 2 2 2 2 2 2 2 2 2 2 2 2
left_child=15 3 4 -2 6 -6 -3 -8 9 -5 11 -10 -13 -14 -7 17 -17 -1
right_child=1 2 -4 8 5 14 7 -9 10 -11 -12 12 13 -15 -16 16 -18 -19
leaf_value=-0.041553032219994096 -0.002694298960650925 0.021774801716092737 0.057508675225411809 0.0010662520441384086 0.01321828180038113 0.023210465310873125 0.034575540752070075 0.038458046373574611 -0.0021335496423973365 0.015065592938349706 0.026055194545342532 0.020556604347674749 -0.0024734589597013791 0.021116286350545174 0.034129615577835115 -0.03148070901031963 -0.0018973296102102078 -0.020565599061822287
leaf_weight=2690 33 20 21 33 28 31 27 25 29 24 36 20 23 20 25 32 20 63
leaf_count=2690 33 20 21 33 28 31 27 25 29 24 36 20 23 20 25 32 20 63
internal_value=-0.00295313 0.0113291 0.0184463 0.00555046 0.0164744 0.0134524 0.02 0.0238462 0.00716216 0.0107895 0.00554687 0.00315217 0.00531746 0.00197674 0.0191071 -0.00496435 -0.00307692 -0.005
internal_weight=3200 395 177 218 156 84 72 52 185 57 128 92 63 43 56 2805 52 2753
internal_count=3200 395 177 218 156 84 72 52 185 57 128 92 63 43 56 2805 52 2753
is_linear=0
shrinkage=0.05


Tree=35
num_leaves=19
num_cat=0
split_feature=0 5 5 5 9 9 5 9 9 5 5 9 9 5 5 5 9 5
split_gain=33.9668 7.15386 2.12485 1.02505 0.607504 0.598931 0.478551 0.455526 0.425981 0.691429 0.651952 0.385045 0.638244 0.971645 0.18 0.0754971 0.123077 7.10543e-15
threshold=6.5000000000000009 1.0318533198542548 1.2567562905963598 0.77541647292177396 29714.669287288703 38553.467222019863 0.96142143104897726 59283.469506051282 49025.587600483726 0.91735888585625591 0.89960535725108992 45932.687732548475 78689.615312106165 1.106236014274024 0.84148837644085916 1.3701093412223686 69369.10143872122 1.3045710058769706
decision_type=2 2 2 2 2 2 2 2 2 2 2 2 2 2 2 2 2 2
left_child=15 3 4 -2 -3 -6 8 -8 9 14 -10 -7 13 -13 -5 17 -17 -1
right_child=1 2 -4 6 5 11 7 -9 10 -11 -12 12 -14 -15 -16 16 -18 -19
leaf_value=-0.039475380608994387 -0.0025595840126183813 0.032700879654589982 0.054633241464141218 0.00091363633149473271 0.0052605376582828016 0.035049696711261256 0.020210582016242651 0.013740131037155377 0.015425505558354886 0.022470447385603408 -0.0078268798421216434 0.020257819564916558 0.028418862636119743 0.0080843363165214403 0.0033811436407139108 -0.029906673559803656 -0.0018024631296996942 -0.019537319108731171
leaf_weight=2690 33 31 21 25 24 20 28 25 38 20 24 22 39 20 25 32 20 63
leaf_count=2690 33 31 21 25 24 20 28 25 38 20 24 22 39 20 25 32 20 63
internal_value=-0.00303125 0.0106962 0.0181638 0.00463303 0.0161538 0.0146 0.00608108 0.0100943 0.0044697 0.00714286 0.00145161 0.0162871 0.0147531 0.0104762 0.004 -0.00496435 -0.00307692 -0.005
internal_weight=3200 395 177 218 156 125 185 53 132 70 62 101 81 42 50 2805 52 2753
internal_count=3200 395 177 218 156 125 185 53 132 70 62 101 81 42 50 2805 52 2753
is_linear=0
shrinkage=0.05


Tree=36
num_leaves=20
num_cat=0
split_feature=0 5 5 5 9 9 5 3 9 5 5 9 9 5 5 9 5 9 5
split_gain=31.2767 6.32323 2.05716 1.02113 0.682126 0.858379 0.395654 0.452795 0.425981 0.691429 0.651952 0.362549 0.718548 0.625 0.18 0.1 0.0754971 0.123077 7.10543e-15
threshold=6.5000000000000009 1.0417783304233958 1.2639126624725134 0.77541647292177396 78689.615312106165 29714.669287288703 0.96142143104897726 1.0000000180025095e-35 49025.587600483726 0.91735888585625591 0.89960535725108992 36743.461334297892 45644.487880980865 1.106236014274024 0.84148837644085916 40833.662568700725 1.3701093412223686 69369.10143872122 1.3045710058769706
decision_type=2 2 2 2 2 2 2 2 2 2 2 2 2 2 2 2 2 2 2
left_child=16 3 4 -2 5 -3 8 15 9 14 -10 -7 -13 -14 -5 -8 18 -18 -1
right_child=1 2 -4 6 -6 11 7 -9 10 -11 -12 12 13 -15 -16 -17 17 -19 -20
leaf_value=-0.037501611578544668 -0.0024316048119874581 0.031138780709414168 0.058079968794421205 0.00086795451491999411 0.029216858459437306 0.0056492943139155247 0.025260966267920838 0.0025435183001437127 0.014654230280437148 0.021346925016323237 -0.0074355358500155684 0.032243979555400724 0.019835394292631925 0.0076801195006953654 0.0032120864586782298 0.014444026060722946 -0.028411339881813481 -0.0017123399732147161 -0.018560453153294614
leaf_weight=2690 33 29 20 25 36 20 20 23 38 20 24 22 20 20 25 20 32 20 63
leaf_count=2690 33 29 20 25 36 20 20 23 38 20 24 22 20 20 25 20 32 20 63
internal_value=-0.00310938 0.0100633 0.0174551 0.00464912 0.0154082 0.0134685 0.00602564 0.00928571 0.0044697 0.00714286 0.00145161 0.0108537 0.0127419 0.00875 0.004 0.0125 -0.00496435 -0.00307692 -0.005
internal_weight=3200 395 167 228 147 111 195 63 132 70 62 82 62 40 50 40 2805 52 2753
internal_count=3200 395 167 228 147 111 195 63 132 70 62 82 62 40 50 40 2805 52 2753
is_linear=0
shrinkage=0.05


Tree=37
num_leaves=24
num_cat=0
split_feature=5 5 9 5 5 14 14 14 14 5 14 9 9 5 5 2 5 14 5 5 14 3 5
split_gain=1.19884 0.600962 0.55372 0.22591 0.262655 0.239491 0.245098 0.238308 0.744945 0.168269 0.162578 0.149539 0.230488 0.137623 0.256265 0.258951 0.136364 0.182452 0.12882 0.456035 0.124578 0.239112 0.280637
threshold=1.3442651910556107 1.0318533198542548 24370.27071413774 1.2318911036196878 1.1989917068525389 94697.061392937103 99861.226531973211 42622.485139633092 30502.825107287932 0.77541647292177396 10599.099790861763 40262.117122566422 79266.307446760489 1.0482500543113968 1.0417783304233958 2028.0000000000002 1.1384138821861114 129046.91055735455 1.0980897564204353 1.1049994716051605 34202.817207622895 1.0000000180025095e-35 1.1419130877912611
decision_type=2 2 2 2 2 2 2 2 2 2 2 2 2 2 2 2 2 2 2 2 2 2 2
left_child=1 9 -2 4 5 13 -7 8 10 -1 -6 -4 -13 14 15 -3 17 -8 -15 -20 21 -21 -23
right_child=2 3 11 -5 7 6 16 -9 -10 -11 -12 12 -14 18 -16 -17 -18 -19 19 20 -22 22 -24
leaf_value=-0.029926132660797189 0.038028920954421397 0.00089195712875367772 0.014186250608681051 -0.0078876540428790502 0.00038988707381053245 0.0067992242524349033 -0.032545056214961128 -0.0091992499930030648 0.037936633439218485 -0.02964618699787638 -0.021082493810903546 -0.016569272890821846 0.001117262541327169 -0.022815246422683965 0.009647358626001256 -0.023296469497863362 0.0084667767237566957 -0.021805299589202281 0.0034021147271320485 -0.013125927269671515 -0.018309966842504122 -0.023990351743408373 0.0037058084484907663
leaf_weight=364 20 23 23 204 21 21 36 46 20 1456 33 21 20 296 33 45 21 41 39 166 186 29 36
leaf_count=364 20 23 23 204 21 21 36 46 20 1456 33 21 20 296 33 45 21 41 39 166 186 29 36
internal_value=-0.00315625 -0.00331515 0.00273809 -0.00249229 -0.00220696 -0.00247943 -0.000378152 -1.19209e-09 0.00175676 -0.0039011 -0.0012963 0.000468749 -0.00134146 -0.00277257 -0.00103961 -0.00279412 -0.00142857 -0.0024026 -0.00300532 -0.00247807 -0.00296163 -0.00218615 0.000384614
internal_weight=3200 3116 84 1296 1092 972 119 120 74 1820 54 64 41 853 101 68 98 77 752 456 417 231 65
internal_count=3200 3116 84 1296 1092 972 119 120 74 1820 54 64 41 853 101 68 98 77 752 456 417 231 65
is_linear=0
shrinkage=0.05


Tree=38
num_leaves=23
num_cat=0
split_feature=0 5 5 14 14 5 14 3 2 5 14 14 9 5 5 9 5 9 9 9 5 5
split_gain=32.264 4.94962 1.57009 1.02998 1.53606 1.02972 0.703453 0.409531 0.664366 0.482811 0.578051 0.4 0.396711 0.380952 0.355943 0.285421 0.0740778 0.123077 0.00263976 0.0354585 3.55271e-15 8.88178e-16
threshold=6.5000000000000009 1.0417783304233958 1.2639126624725134 73781.727974128458 39867.963011905296 0.76370294337030165 13746.170165645583 1.0000000180025095e-35 2028.0000000000002 0.93988102577674026 18596.678536873587 52125.685377428039 45088.765049213318 0.9271021753105757 0.97697385171132567 70013.555367351204 1.3701093412223686 69369.10143872122 16786.285734786979 15932.597226141766 1.1296978499445496 1.3348793751074137
decision_type=2 2 2 2 2 2 2 2 2 2 2 2 2 2 2 2 2 2 2 2 2 2
left_child=16 5 3 4 6 -2 -3 9 -9 10 -7 -6 -8 -10 -11 -12 18 -18 19 -1 -20 -22
right_child=1 2 -4 -5 11 7 12 8 13 14 15 -13 -14 -15 -16 -17 17 -19 20 -21 21 -23
leaf_value=-0.026815561918575745 -0.0032719875782507703 0.016910885052922014 0.053459081763004151 0.026501197559671275 0.0002023271554284667 0.0072801066771196431 0.031765477303071159 0.015405375339541292 -0.0015237502313544045 0.01723304920264708 -0.00075840397563444904 0.020574492146454817 0.017250323334839064 0.0041289768249815895 0.017602736001143166 0.010935240171318547 -0.027298764154546018 -0.0016825861016203315 -0.038788023250127097 -0.027921705399102971 -0.02140361540058679 -0.029700390538395783
leaf_weight=307 29 26 20 30 20 23 31 27 21 23 31 20 20 21 33 20 32 20 1915 26 477 28
leaf_count=307 29 26 20 30 20 23 31 27 21 23 31 20 20 21 33 20 32 20 1915 26 477 28
internal_value=-0.0030625 0.0103165 0.0168563 0.015068 0.0129487 0.00552631 0.0170779 0.00680904 0.00369565 0.00846154 0.00581081 0.005 0.0204902 -0.000238096 0.0119643 0.00284314 -0.00494653 -0.00307692 -0.00498184 -0.00484985 -0.005 -0.005
internal_weight=3200 395 167 147 117 228 77 199 69 130 74 40 51 42 56 51 2805 52 2753 333 2420 505
internal_count=3200 395 167 147 117 228 77 199 69 130 74 40 51 42 56 51 2805 52 2753 333 2420 505
is_linear=0
shrinkage=0.05


Tree=39
num_leaves=24
num_cat=0
split_feature=0 5 5 14 14 14 5 9 3 2 5 14 14 5 5 9 5 9 5 9 5 5 0
split_gain=31.5818 4.26063 1.71641 1.20651 1.22349 1.08995 0.707732 0.426499 0.409531 0.664366 0.482811 0.578051 0.4 0.380952 0.355943 0.285421 0.0712796 0.123077 0.0198462 0.0915584 0.00338554 0.0378931 3.55271e-15
threshold=6.5000000000000009 1.0417783304233958 1.2639126624725134 73781.727974128458 39867.963011905296 15202.845436019359 0.76370294337030165 42584.733088647845 1.0000000180025095e-35 2028.0000000000002 0.93988102577674026 18596.678536873587 52125.685377428039 0.9271021753105757 0.97697385171132567 70013.555367351204 1.3701093412223686 69369.10143872122 1.2463007693610029 24123.965978413027 1.1622726803406749 1.1687916513517889 5.5000000000000009
decision_type=2 2 2 2 2 2 2 2 2 2 2 2 2 2 2 2 2 2 2 2 2 2 2
left_child=16 6 3 4 5 -3 -2 -7 10 -10 11 -8 -6 -11 -12 -13 18 -18 20 -20 22 -22 -1
right_child=1 2 -4 -5 12 7 8 -9 9 13 14 15 -14 -15 -16 -17 17 -19 19 -21 21 -23 -24
leaf_value=-0.032845218196526256 -0.0031083881993382214 0.015902400330706532 0.050786127674853965 0.025176137681687707 0.00019221079765706641 0.033425044865586943 0.0069161013432636771 0.014273851036571642 0.014635106572564236 -0.0014475627197867 0.016371396742514713 -0.00072048377685272229 0.019545767539132064 0.0039225279837325159 0.016722599201086024 0.01038847816275263 -0.025933825946818725 -0.0015984567965393161 -0.013203570588714878 -0.007543396955973336 -0.024311697160332327 -0.026430907447776399 -0.053078545536309335
leaf_weight=1974 29 30 20 30 20 25 23 22 27 21 23 31 20 21 33 20 32 20 35 141 24 241 338
leaf_count=1974 29 30 20 30 20 25 23 22 27 21 23 31 20 21 33 20 32 20 35 141 24 241 338
internal_value=-0.00304688 0.0101899 0.0162575 0.0143878 0.012094 0.0157792 0.00574561 0.0205319 0.00680904 0.00369565 0.00846154 0.00581081 0.005 -0.000238096 0.0119643 0.00284314 -0.00491087 -0.00307692 -0.00494552 -0.00443182 -0.0049806 -0.00481132 -0.005
internal_weight=3200 395 167 147 117 77 228 47 199 69 130 74 40 42 56 51 2805 52 2753 176 2577 265 2312
internal_count=3200 395 167 147 117 77 228 47 199 69 130 74 40 42 56 51 2805 52 2753 176 2577 265 2312
is_linear=0
shrinkage=0.05


Tree=40
num_leaves=23
num_cat=0
split_feature=0 5 14 5 5 9 14 9 5 5 9 9 5 3 9 5 9 5 9 5 5 0
split_gain=27.9842 3.89069 1.03498 0.982313 0.806321 0.988223 1.29643 0.827423 0.754189 0.810807 0.663815 0.556582 0.640212 0.432713 0.393355 0.0712796 0.123077 0.0198462 0.0915584 0.00338554 0.0378931 3.55271e-15
threshold=6.5000000000000009 1.1475644911162104 74647.285976586296 1.0467413568464441 0.77541647292177396 29714.669287288703 3317.7473225239532 34023.85730484574 1.2639126624725134 1.2117169584834451 90697.026570036673 53587.573669308527 0.98761114069339129 1.0000000180025095e-35 46939.920867854038 1.3701093412223686 69369.10143872122 1.2463007693610029 24123.965978413027 1.1622726803406749 1.1687916513517889 5.5000000000000009
decision_type=2 2 2 2 2 2 2 2 2 2 2 2 2 2 2 2 2 2 2 2 2 2
left_child=15 2 4 10 -2 6 -6 -7 9 -3 -4 13 -13 14 -9 17 -17 19 -19 21 -21 -1
right_child=1 8 3 -5 5 7 -8 11 -10 -11 -12 12 -14 -15 -16 16 -18 18 -20 20 -22 -23
leaf_value=-0.031202957286699945 -0.0015432386643864872 0.033664572669917216 0.0073040936151944546 0.011563505423083155 0.00040631519078833432 -0.006998020536178139 0.015057957138480458 0.019815404933093479 0.048246821291111255 0.031779583936408201 0.020016455042998919 -0.0018174679282036679 0.0078657277020245369 0.0051234840801398411 0.010572999328895846 -0.024637134649477789 -0.0015185339567123535 -0.012543392059279138 -0.0071662271081746722 -0.023096112302315709 -0.025109362075387578 -0.050424618259493861
leaf_weight=1974 26 39 22 21 21 21 35 27 20 22 27 36 27 29 22 32 20 35 141 24 241 338
leaf_count=1974 26 39 22 21 21 21 35 27 20 22 27 36 27 29 22 32 20 35 141 24 241 338
internal_value=-0.00315625 0.0093038 0.00678344 0.0121429 0.0052459 0.00623853 0.0119643 0.00425926 0.0190741 0.0163115 0.0082653 0.0056383 0.00214286 0.00846154 0.0113265 -0.00491087 -0.00307692 -0.00494552 -0.00443182 -0.0049806 -0.00481132 -0.005
internal_weight=3200 395 314 70 244 218 56 162 81 61 49 141 63 78 49 2805 52 2753 176 2577 265 2312
internal_count=3200 395 314 70 244 218 56 162 81 61 49 141 63 78 49 2805 52 2753 176 2577 265 2312
is_linear=0
shrinkage=0.05


Tree=41
num_leaves=24
num_cat=0
split_feature=0 5 5 14 9 14 9 14 14 14 9 9 5 9 5 5 5 5 0 0 14 14 5
split_gain=24.4727 3.8684 1.94296 1.6869 1.24941 1.26676 0.84899 0.757148 0.55166 0.504493 0.403294 0.377372 0.532228 0.409929 0.223163 0.218227 0.202149 0.140814 0.0657078 0.140034 0.166568 0.077727 0.03
threshold=6.5000000000000009 0.96142143104897726 1.2639126624725134 1402.6735795699062 29714.669287288703 73781.727974128458 78689.615312106165 37238.526862456951 9462.9304301184311 103100.67764797089 41791.601166393004 50987.4540483565 0.89960535725108992 90697.026570036673 1.1119293802284103 0.86327802971202705 1.081709612591615 1.2463007693610029 1.5000000000000002 4.5000000000000009 30502.825107287932 60094.682628214316 1.2871692012751637
decision_type=2 2 2 2 2 2 2 2 2 2 2 2 2 2 2 2 2 2 2 2 2 2 2
left_child=17 8 3 -3 -5 6 7 14 -2 -7 15 -12 13 -13 -6 -10 -9 -1 -19 20 22 -22 -20
right_child=1 2 -4 4 5 9 -8 16 10 -11 11 12 -14 -15 -16 -17 -18 18 19 -21 21 -23 -24
leaf_value=-0.030459017862808774 0.010838487595001792 -0.0014055374072313993 0.045834480226555729 0.027961833603383127 0.0098386616876421501 0.019462697212809275 0.031269049617784608 0.015693069977332882 -0.0007191884625417569 0.01807273859114391 0.016285771773524534 -0.00018334602961711296 -0.0054074371512407024 0.017579531363674426 0.030310660958742172 0.0037828644353633287 -0.004297473483541211 -0.06400969920204054 -0.0038025029720876666 -0.057930796834197676 7.8551054849820622e-05 -0.001244999410185569 -0.0067166959382594319
leaf_weight=2577 24 25 20 27 25 23 20 21 29 25 21 27 21 20 24 23 20 67 20 62 20 29 30
leaf_count=2577 24 25 20 27 25 23 20 21 29 25 21 27 21 20 24 23 20 67 20 62 20 29 30
internal_value=-0.00323438 0.00841772 0.0126087 0.0111905 0.0128378 0.0111392 0.00818182 0.00611111 0.00257576 0.0179167 0.00138298 0.00342697 0.00161765 0.00457447 0.0103061 -0.00211539 0.00109756 -0.00487522 -0.00368421 -0.00313665 -0.0019697 0.00010204 -0.004
internal_weight=3200 395 230 210 185 158 110 90 165 48 141 89 68 47 49 52 41 2805 228 161 99 49 50
internal_count=3200 395 230 210 185 158 110 90 165 48 141 89 68 47 49 52 41 2805 228 161 99 49 50
is_linear=0
shrinkage=0.05


Tree=42
num_leaves=24
num_cat=0
split_feature=5 5 5 5 2 5 5 9 14 9 14 9 9 5 14 9 14 14 5 5 14 3 5
split_gain=1.25673 0.565068 0.321429 0.333333 0.184892 0.27436 0.285601 0.401928 0.289965 0.25559 0.225161 0.407869 0.223107 0.1574 0.140558 0.190363 0.122687 0.12629 0.123966 0.188477 0.15267 0.228175 0.118548
threshold=1.3442651910556107 1.0417783304233958 1.4048979785844435 1.3701093412223686 2028.0000000000002 1.0506079456439381 1.1502527327609748 10864.541113782505 24101.597584427891 31644.384914718637 75146.353914029707 70537.804777454978 118818.12464765423 0.78607608646947869 44144.117302128616 42081.505321179349 39107.261704949698 107607.04040150355 1.2186379447083537 1.1762062948085645 19847.903178837794 1.0000000180025095e-35 1.1736257539432646
decision_type=2 2 2 2 2 2 2 2 2 2 2 2 2 2 2 2 2 2 2 2 2 2 2
left_child=1 13 3 -2 16 -6 10 -8 22 -10 -7 -12 14 -1 15 -11 18 -18 19 20 -3 -22 -9
right_child=2 4 -4 -5 5 6 7 8 9 12 11 -13 -14 -15 -16 -17 17 -19 -20 -21 21 -23 -24
leaf_value=-0.021691008903561015 -0.0058517212573488912 -0.021319511829001631 -0.023402469682642906 0.016888991880780121 0.0051762939316789148 -0.016385462666126348 0.017795552462710786 -0.0011793199471527677 0.0042858118738191746 -0.012919361284635729 0.002870679689631 -0.029853389467219705 0.0099484040618419544 -0.023413887584306823 -0.0071305480060715361 0.00015606646263210757 -0.015449456081589276 -0.021778260840595642 -0.010831328080642685 0.0029214825793739637 0.0038743391762946786 -0.012520125875559555 -0.0075314857236575038
leaf_weight=403 24 77 36 24 35 321 26 22 29 28 28 61 25 1495 108 34 156 27 46 31 40 23 101
leaf_count=403 24 77 36 24 35 321 26 22 29 28 28 61 25 1495 108 34 156 27 46 31 40 23 101
internal_value=-0.00329688 -0.00345956 0.00273809 0.00541667 -0.00261905 -0.00218827 -0.00238187 -0.0013807 -0.00182997 -0.00075893 -0.00329268 -0.00106742 -0.00141026 -0.00399895 -0.00205882 -0.000161292 -0.0035 -0.00445355 -0.00269585 -0.00207602 -0.00285714 -0.00103175 -0.00378049
internal_weight=3200 3116 84 48 1218 818 783 373 347 224 410 89 195 1898 170 62 400 183 217 171 140 63 123
internal_count=3200 3116 84 48 1218 818 783 373 347 224 410 89 195 1898 170 62 400 183 217 171 140 63 123
is_linear=0
shrinkage=0.05


Tree=43
num_leaves=24
num_cat=0
split_feature=0 5 5 9 9 14 5 14 5 14 14 5 9 14 5 9 5 9 14 9 5 2 9
split_gain=27.6344 2.79008 1.38097 0.750342 1.49498 1.3603 1.05876 1.03144 0.891798 0.719252 0.504493 0.414204 0.396446 0.314269 0.230501 0.225 0.130108 0.0786612 0.209524 0.0645007 0.125636 0.105402 0.0869565
threshold=6.5000000000000009 1.2639126624725134 0.76776440733639562 29714.669287288703 34023.85730484574 1.0000000180025095e-35 0.96142143104897726 73781.727974128458 0.91735888585625591 24242.00043210189 103100.67764797089 0.89960535725108992 77990.747815505849 39867.963011905296 1.1247139233445755 54424.705973765835 1.1900572808526924 24123.965978413027 12007.686224303439 54743.66459994774 1.2763659920887931 2028.0000000000002 85976.227144999633
decision_type=2 2 2 2 2 2 2 2 2 2 2 2 2 2 2 2 2 2 2 2 2 2 2
left_child=16 2 -2 5 -5 -4 11 9 -7 -8 -9 13 14 -6 -11 -13 -1 18 -18 -19 -21 -22 -23
right_child=1 -3 3 4 6 8 7 10 -10 12 -12 15 -14 -15 -16 -17 17 19 -20 20 21 22 -24
leaf_value=-0.028571541460703467 -0.0015802715210692403 0.042899763016413885 0.0022198340489682738 -0.0027892769826372982 0.0041673784282632619 0.0021260235812859038 0.020516546372139469 0.01883340985096088 0.023283339844497326 0.017069382902910154 0.018290727285286381 0.017012815579180555 0.030143540866276249 0.013064514044709983 -0.00075037540092223471 -0.0065733978780365566 -0.020907406072577468 -0.014540450561686775 -0.0041873763480840898 -0.023593585535157412 -0.0054302521172287458 3.275135779845687e-05 -0.011668021335101465
leaf_weight=2415 31 20 20 27 23 23 26 23 32 34 25 20 20 31 20 20 44 169 40 71 20 23 23
leaf_count=2415 31 20 20 27 23 23 26 23 32 34 25 20 20 31 20 20 44 169 40 71 20 23 23
internal_value=-0.00307813 0.0093038 0.00833333 0.00924418 0.00801115 0.0136667 0.0092562 0.0118919 0.0177273 0.009 0.0179167 0.00510638 0.00648649 0.00796296 0.00425926 0.00125 -0.00482175 -0.00397436 -0.00261905 -0.00434641 -0.00354015 -0.0019697 -0.000652175
internal_weight=3200 395 375 344 269 75 242 148 55 100 48 94 74 54 54 40 2805 390 84 306 137 66 46
internal_count=3200 395 375 344 269 75 242 148 55 100 48 94 74 54 54 40 2805 390 84 306 137 66 46
is_linear=0
shrinkage=0.05


Tree=44
num_leaves=24
num_cat=0
split_feature=0 5 5 5 9 9 9 5 2 9 9 5 5 9 0 0 9 5 9 5 9 2 1
split_gain=25.0805 2.98755 1.2954 0.719624 0.572381 0.677715 0.645689 0.517746 0.511421 0.445545 0.666463 0.443528 0.194532 0.147111 0.187013 0.342857 0.138505 0.124675 0.116315 0.10714 0.152262 0.175325 0.136071
threshold=6.5000000000000009 1.2639126624725134 1.0417783304233958 0.76776440733639562 29714.669287288703 41791.601166393004 49340.961354098399 0.96142143104897726 2028.0000000000002 30649.342567377967 56149.119421051837 0.89960535725108992 1.1622726803406749 24123.965978413027 4.5000000000000009 1.5000000000000002 38553.467222019863 1.2117169584834451 15466.511839799399 1.2763659920887931 47729.342487735128 2028.0000000000002 1.0000000180025095e-35
decision_type=2 2 2 2 2 2 2 2 2 2 2 2 2 2 2 2 2 2 2 2 2 2 2
left_child=12 2 3 -2 18 -6 -7 11 16 -10 -11 -8 -1 14 15 -14 -4 -17 -5 -15 -21 -22 -23
right_child=1 -3 8 4 5 6 7 -9 9 10 -12 -13 13 19 -16 17 -18 -19 -20 20 21 22 -24
leaf_value=-0.027509498694855136 -0.0015012579450157744 0.040754774865593146 0.0035649098966572274 0.013104981916918893 -0.00019470824255589104 0.016162174800221533 0.014055309560166793 0.0092531760257670882 0.022937443803903015 0.017418006133671546 0.024002928148818173 -0.0045067102386280051 -0.058114652753759301 -0.023556704353921959 -0.052563975138149865 0.00047104431800718639 0.017745496179784118 -0.0012208830846125521 0.0079742134745734924 -0.019465243129801777 -0.0055787035082010021 0.00017898109220056894 -0.00086721913522424328
leaf_weight=2312 31 20 22 21 37 20 37 33 20 38 43 24 28 238 40 20 24 22 25 68 27 27 23
leaf_count=2312 31 20 22 21 37 20 37 33 20 38 43 24 28 238 40 20 24 22 25 68 27 27 23
internal_value=-0.003125 0.00867088 0.00766667 0.00530702 0.00642132 0.00493377 0.0068421 0.00510638 0.0113265 0.0133168 0.0116667 0.00237705 -0.0047861 -0.00388438 -0.00227273 -0.000714287 0.00695652 0.00214286 0.0113043 -0.00434726 -0.00327586 -0.00175325 -1.19209e-09
internal_weight=3200 395 375 228 197 151 114 94 147 101 81 61 2805 493 110 70 46 42 46 383 145 77 50
internal_count=3200 395 375 228 197 151 114 94 147 101 81 61 2805 493 110 70 46 42 46 383 145 77 50
is_linear=0
shrinkage=0.05


Tree=45
num_leaves=24
num_cat=0
split_feature=0 5 3 2 5 9 9 5 9 14 9 5 14 5 5 9 9 14 2 5 9 2 1
split_gain=21.3251 2.54684 0.946618 0.93457 0.777782 0.914908 0.862806 0.967271 0.677289 0.490116 0.572727 0.393355 0.280519 0.228288 0.163487 0.20856 0.152815 0.264232 0.341394 0.0974328 0.14737 0.175325 0.136071
threshold=6.5000000000000009 1.1502527327609748 1.0000000180025095e-35 2032.5000000000002 0.93988102577674026 28005.996473395364 42269.283793382448 1.0581221333793409 86805.808065726014 21785.641727178827 43008.245330171703 1.2219435672352013 59047.409494490923 1.1844277115722703 0.88809910615481324 41791.601166393004 25397.887040443573 8871.4028996750731 2028.0000000000002 1.2763659920887931 47729.342487735128 2028.0000000000002 1.0000000180025095e-35
decision_type=2 2 2 2 2 2 2 2 2 2 2 2 2 2 2 2 2 2 2 2 2 2 2
left_child=13 2 4 11 9 -6 -7 -8 14 -2 -11 -3 -9 -1 -4 -16 17 -15 -19 -18 -21 -22 -23
right_child=1 3 8 -5 5 6 7 12 -10 10 -12 -13 -14 16 15 -17 19 18 -20 20 21 22 -24
leaf_value=-0.025779811217613975 0.0047235584046662199 0.028382155128701448 -0.0012312108493447637 0.02684700485607068 0.022031026625025693 -0.00036714391135022749 0.013607417388587015 0.000574207603224068 0.016541873927948123 -0.0044033081403249954 0.0059715672738735121 0.028617031133821441 0.0073370545288328985 -0.02201553770388711 -0.00087495809160640064 0.015370885865501435 -0.022588050354949665 -0.012728933669651669 0.00046308329018845073 -0.016270278733368556 -0.0052997683327909465 0.00017003203759053878 -0.00082385817846303624
leaf_weight=2394 27 27 29 31 20 22 34 22 20 21 45 22 20 41 29 26 172 20 37 64 27 27 23
leaf_count=2394 27 27 29 31 20 22 34 22 20 21 45 22 20 41 29 26 172 20 37 64 27 27 23
internal_value=-0.00321875 0.00765823 0.00563492 0.015625 0.00755924 0.0102542 0.0082653 0.0107895 0.00173077 0.00413978 0.00181818 0.0113265 0.00571428 -0.00475045 -0.000238096 0.00136364 -0.0036618 -0.00193878 0.000263157 -0.00420128 -0.00322695 -0.00175325 -1.19209e-09
internal_weight=3200 395 315 80 211 118 98 76 104 93 66 49 42 2805 84 55 411 98 57 313 141 77 50
internal_count=3200 395 315 80 211 118 98 76 104 93 66 49 42 2805 84 55 411 98 57 313 141 77 50
is_linear=0
shrinkage=0.05


Tree=46
num_leaves=24
num_cat=0
split_feature=0 5 5 2 14 14 14 14 5 5 5 5 9 5 5 14 9 14 2 1 9 5 2
split_gain=18.8579 2.5519 0.716248 0.682554 0.541591 0.873408 0.475162 0.526774 0.393355 0.388766 0.354268 0.363805 0.331699 0.320607 1.00511 0.294202 0.243942 0.369231 0.46993 0.637121 0.115475 0.211927 0.252468
threshold=6.5000000000000009 1.1502527327609748 0.77541647292177396 2032.5000000000002 3317.7473225239532 13746.170165645583 76371.433228275593 39584.939708984304 1.2219435672352013 1.1791299085562905 1.071550333734905 0.95731452100492431 41791.601166393004 0.96142143104897726 1.0581221333793409 114847.68209010507 25397.887040443573 7701.8585534017775 2028.0000000000002 1.0000000180025095e-35 47729.342487735128 1.2763659920887931 2028.0000000000002
decision_type=2 2 2 2 2 2 2 2 2 2 2 2 2 2 2 2 2 2 2 2 2 2 2
left_child=9 2 -2 8 -4 -6 7 10 -3 -1 11 12 -7 -9 -15 -8 17 -11 -19 -20 -18 -22 -23
right_child=1 3 4 -5 5 6 15 13 -10 16 -12 -13 -14 14 -16 -17 20 18 19 -21 21 22 -24
leaf_value=-0.024488026291665094 -0.00042261136120314035 0.026963047372266371 -0.0001401885844917252 0.025504654613267119 0.013219409528554358 0.00069796587975719292 0.011110661066021321 -0.0038569594274535518 0.027186179577130373 -0.023917814492179782 0.0082774520859709624 -8.9875756081004719e-05 0.0058733865960860126 0.030913343672789279 -0.0041380001012900416 0.016580422998308798 -0.022480011750990382 -0.012214875765829046 -0.0056829017735375749 0.00087269213796090171 -0.018417564647379137 -0.0050347799161514018 3.3734775439583441e-05
leaf_weight=2373 33 27 38 31 21 23 34 35 22 39 23 21 20 20 23 24 143 21 20 24 108 27 50
leaf_count=2373 33 27 38 31 21 23 34 35 22 39 23 21 20 20 23 24 143 21 20 24 108 27 50
internal_value=-0.00320313 0.00702532 0.005 0.015 0.0058156 0.00668033 0.00576233 0.00439394 0.0113265 -0.00464349 0.00706896 0.00515625 0.0077907 0.00141026 0.00430232 0.00965517 -0.00326389 -0.00115385 0.00115384 0.00409091 -0.00393293 -0.00310811 -0.0011039
internal_weight=3200 395 315 80 282 244 223 165 49 2805 87 64 43 78 43 58 432 104 65 44 328 185 77
internal_count=3200 395 315 80 282 244 223 165 49 2805 87 64 43 78 43 58 432 104 65 44 328 185 77
is_linear=0
shrinkage=0.05


Tree=47
num_leaves=24
num_cat=0
split_feature=0 9 14 9 3 14 14 14 9 4 4 14 9 9 9 0 0 0 9 1 2 1 0
split_gain=17.5391 0.882347 1.40821 0.797546 0.731098 1.44048 0.528125 0.389069 0.379202 0.486275 0.32381 0.338797 0.18315 0.166366 0.156035 0.131168 0.256261 0.31792 0.218254 0.203175 0.116667 0.182035 0.109902
threshold=6.5000000000000009 29714.669287288703 73781.727974128458 34611.944731937627 1.0000000180025095e-35 5852.0679260692568 40727.419215003458 96925.167375710022 50987.4540483565 1.0000000180025095e-35 1.0000000180025095e-35 29021.128655304707 101536.44642296624 46939.920867854038 29162.615900621426 4.5000000000000009 1.5000000000000002 2.5000000000000004 7976.1115551496705 1.0000000180025095e-35 2028.0000000000002 1.5000000000000002 3.5000000000000004
decision_type=2 2 2 2 2 2 2 2 2 2 2 2 2 2 2 2 2 2 2 2 2 2 2
left_child=14 4 3 -3 5 -2 10 -4 -8 -10 11 13 -9 -5 15 16 -1 18 -18 -20 -21 -22 -19
right_child=1 2 7 6 -6 -7 8 12 9 -11 -12 -13 -14 -15 -16 -17 17 22 19 20 21 -23 -24
leaf_value=-0.051003215577172113 0.0063621152996602096 -0.0020499601402513648 0.017222116071215637 0.0039451711678491095 0.010052687586929497 0.022310227682571598 0.0181140877127134 0.0094449759568494863 -0.0039880608401729389 0.014867039007531125 0.010733197728940181 0.012174190567056145 0.019355609084504635 -0.0018190806143468363 -0.026494611470751855 -0.042110485200277582 -0.012653843895324779 -0.01526435375641063 0.0011501780163047455 -0.0061108552023230638 0.00035699372025995162 -0.0082311641929045283 -0.0052181706314021106
leaf_weight=191 25 35 29 30 27 35 21 28 31 20 35 32 24 23 2067 222 22 103 20 28 22 20 110
leaf_count=191 25 35 29 30 27 35 21 28 31 20 35 32 24 23 2067 222 22 103 20 28 22 20 110
internal_value=-0.00321875 0.00664557 0.00538961 0.00337004 0.011092 0.0141667 0.00463542 0.0110494 0.00125 -0.00107843 0.00666667 0.005 0.00846154 0.00254717 -0.00460784 -0.00398374 -0.00354651 -0.00269231 -0.000535715 0.000555554 -0.000714287 0.00095238 -0.00382629
internal_weight=3200 395 308 227 87 60 192 81 72 51 120 85 52 53 2805 738 516 325 112 90 70 42 213
internal_count=3200 395 308 227 87 60 192 81 72 51 120 85 52 53 2805 738 516 325 112 90 70 42 213
is_linear=0
shrinkage=0.05


Tree=48
num_leaves=24
num_cat=0
split_feature=0 5 5 14 14 2 5 5 3 14 14 0 0 2 0 0 9 5 5 9 9 5 0
split_gain=16.3808 2.55696 0.931498 1.07941 1.25017 0.837401 0.72191 0.57483 0.46429 0.615385 0.527159 0.393908 0.824176 0.797065 0.978002 0.640341 0.352509 0.239219 0.558462 0.225 0.141382 0.294966 0.23569
threshold=6.5000000000000009 1.1502527327609748 0.86132262215840549 3317.7473225239532 14322.210378473976 2032.5000000000002 1.2414035514114392 1.2186379447083537 1.0000000180025095e-35 39584.939708984304 74647.285976586296 1.5000000000000002 4.5000000000000009 2028.0000000000002 3.5000000000000004 2.5000000000000004 46554.133783376456 0.77541647292177396 0.81129936193001229 60277.460474291373 22441.347383663178 1.038126752772407 4.5000000000000009
decision_type=2 2 2 2 2 2 2 2 2 2 2 2 2 2 2 2 2 2 2 2 2 2 2
left_child=6 2 17 -4 -5 7 20 -3 9 -6 19 -8 13 -13 15 -15 -10 -2 -19 -11 21 -1 -23
right_child=1 5 3 4 8 -7 11 -9 16 10 -12 12 -14 14 -16 -17 -18 18 -20 -21 -22 22 -24
leaf_value=-0.01884955502644866 -0.0013470155371647146 0.025398559339178957 -0.0063784295931091362 0.012361180436109717 0.0057642225741948864 0.023486069848003163 -0.055222785679592462 0.022520213961009301 -0.00043569232284465894 0.023277863487077541 0.0077725270698652373 -0.0024899978142272714 -0.049424139507941521 0.0011104954648580633 0.0016756329930131453 -0.030301435675939899 0.01308309801756866 0.00264363091334227 -0.00069185179124466511 -0.0039384453839742097 -0.025136600875920897 -0.0035682228809301372 -0.040577008906864012
leaf_weight=278 33 24 28 21 39 31 70 25 29 20 38 28 64 32 21 23 37 24 26 20 2091 135 63
leaf_count=278 33 24 28 21 39 31 70 25 29 20 38 28 64 32 21 23 37 24 26 20 2091 135 63
internal_value=-0.00314063 0.0063924 0.00436508 0.00599138 0.0072549 0.014375 -0.00448307 0.0103061 0.00592896 0.00782051 0.00525641 -0.00184874 -0.000535715 0.00221154 0.00486842 0.00136364 0.00257576 -0.000180724 0.002 0.00125 -0.00472731 -0.00394958 -0.00247475
internal_weight=3200 395 315 232 204 80 2805 49 183 117 78 238 168 104 76 55 66 83 50 40 2567 476 198
internal_count=3200 395 315 232 204 80 2805 49 183 117 78 238 168 104 76 55 66 83 50 40 2567 476 198
is_linear=0
shrinkage=0.05


Tree=49
num_leaves=24
num_cat=0
split_feature=0 5 2 5 5 14 14 0 0 0 0 5 9 9 9 14 9 5 14 5 9 0 0
split_gain=13.9737 2.64385 1.00806 0.925778 0.734153 0.521751 0.712031 0.505952 1.05861 0.786019 0.658945 0.458009 0.389707 0.698063 0.528 0.642131 0.388579 0.375 0.361837 0.142042 0.301823 0.249539 0.494257
threshold=6.5000000000000009 1.1502527327609748 2032.5000000000002 1.2414035514114392 0.77541647292177396 3317.7473225239532 13746.170165645583 1.5000000000000002 4.5000000000000009 3.5000000000000004 2.5000000000000004 1.3045710058769706 38553.467222019863 28331.450605681934 47392.688520517637 74647.285976586296 53587.573669308527 1.2186379447083537 114847.68209010507 1.038126752772407 31939.943116517414 4.5000000000000009 1.5000000000000002
decision_type=2 2 2 2 2 2 2 2 2 2 2 2 2 2 2 2 2 2 2 2 2 2 2
left_child=3 4 17 19 -2 -6 -7 -5 9 10 11 -9 13 -8 -14 16 -16 -3 -17 -1 21 22 -21
right_child=1 2 -4 7 5 6 12 8 -10 -11 -12 -13 14 -15 15 18 -18 -19 -20 20 -22 -23 -24
leaf_value=-0.023268912078834792 -0.0012796647603064931 0.02412863137222003 0.022311766355603009 -0.052461646395612842 -0.00033209917946932084 0.011743121414304223 0.0049767127635308335 -0.0018179614331265154 -0.046952932532544442 0.001305263259557702 -0.028779153337778408 0.0011061204407133206 0.018586052481536396 -0.001004273594084805 0.0086296021042069175 0.0089421062393172501 -0.00030647347365917956 0.02139420326295885 0.014539789048753714 -0.049199490537762403 -0.023064090773646455 -0.040345080767870689 -0.00019511085345264327
leaf_weight=1634 33 24 31 70 38 21 24 22 64 30 32 20 30 35 21 37 52 25 24 83 618 100 132
leaf_count=1634 33 24 31 70 38 21 24 22 64 30 32 20 30 35 21 37 52 25 24 83 618 100 132
internal_value=-0.00317188 0.00563291 0.01375 -0.00441177 0.00357143 0.00439716 0.0052459 -0.00142857 5.95226e-05 0.00317308 0.000405404 0.00452381 0.00441704 0.000932202 0.00567073 0.00432836 0.00116438 0.00928571 0.00811475 -0.00468835 -0.00419614 -0.00293651 -0.00197675
internal_weight=3200 395 80 2805 315 282 244 238 168 104 74 42 223 59 164 134 73 49 61 2567 933 315 215
internal_count=3200 395 80 2805 315 282 244 238 168 104 74 42 223 59 164 134 73 49 61 2567 933 315 215
is_linear=0
shrinkage=0.05


Tree=50
num_leaves=24
num_cat=0
split_feature=5 2 9 14 1 5 2 14 9 5 14 14 5 1 9 5 14 5 9 9 9 9 14
split_gain=1.80029 0.696831 0.552742 0.979419 0.55849 0.368229 0.533723 0.405823 0.373333 0.193579 0.175668 0.167703 0.148583 0.112049 0.306682 0.373245 0.1716 0.146198 0.106977 0.102439 0.100618 0.245775 0.12989
threshold=1.1562379710581812 2028.0000000000002 25397.887040443573 7701.8585534017775 1.0000000180025095e-35 1.2707031396532262 2032.5000000000002 34458.341138301053 58741.404769077235 1.2318911036196878 26632.198794214808 86855.933438378721 0.77541647292177396 1.0000000180025095e-35 29714.669287288703 1.038126752772407 17338.531550035132 0.87339217932016089 20807.774163265447 15135.933656478965 92201.690448272129 89345.827712806742 78425.324966611952
decision_type=2 2 2 2 2 2 2 2 2 2 2 2 2 2 2 2 2 2 2 2 2 2 2
left_child=12 -2 3 19 -5 9 8 -8 -7 11 -6 -4 -1 14 15 16 17 -14 -19 -3 21 22 -16
right_child=1 2 5 4 10 6 7 -9 -10 -11 -12 -13 13 -15 20 -17 -18 18 -20 -21 -22 -23 -24
leaf_value=-0.013460064258130323 -0.0065196022583148446 -0.013783614890200361 -0.0071409967670069546 -0.00046221839796758876 0.010318955964950863 -0.0074632344417500445 0.0064669788694166497 0.0010026682344940136 0.00077076497147252456 -0.01745287315665674 0.0028417574924642186 0.0068291628047012819 0.00010606778679302983 -0.014560645341290141 -0.018967948394208501 0.0014189510321173467 -0.0092161084824322944 -0.0040911171368938166 -0.0171137242294742 -0.037839462369975457 -0.01729951415955976 0.0059957811686298995 -0.0092064447668819133
leaf_weight=364 181 20 130 24 21 35 23 31 25 42 20 27 20 1450 419 46 48 20 23 21 113 22 75
leaf_count=364 181 20 130 24 21 35 23 31 25 42 20 27 20 1450 419 46 48 20 23 21 113 22 75
internal_value=-0.00321875 -0.000750001 0.000369927 0.00349056 0.00730769 -0.000686902 0.00157895 0.00518518 -0.00166667 -0.00198493 0.0108537 -0.00117835 -0.00378846 -0.00363596 -0.00315522 -0.00117835 -0.00274775 -0.00103175 -0.00267442 -0.00256098 -0.00364865 -0.00335271 -0.003583
internal_weight=3200 600 419 106 65 313 114 54 60 199 41 157 2600 2236 786 157 111 63 43 41 629 516 494
internal_count=3200 600 419 106 65 313 114 54 60 199 41 157 2600 2236 786 157 111 63 43 41 629 516 494
is_linear=0
shrinkage=0.05


Tree=51
num_leaves=24
num_cat=0
split_feature=0 5 9 5 5 1 0 0 0 0 5 3 14 1 9 9 14 5 5 1 5 9 14
split_gain=16.8243 1.68465 1.01571 0.826172 0.716248 0.541465 0.467255 0.995797 0.601264 0.622401 0.458009 0.420087 0.672176 0.873885 1.19684 0.54448 0.449322 0.437851 1.03052 0.310663 0.177662 0.291385 0.401896
threshold=6.5000000000000009 1.1502527327609748 29714.669287288703 1.2463007693610029 0.77541647292177396 1.0000000180025095e-35 1.5000000000000002 4.5000000000000009 3.5000000000000004 2.5000000000000004 1.3045710058769706 1.0000000180025095e-35 39584.939708984304 1.5000000000000002 49025.587600483726 35905.365529087969 51484.921735470627 0.96142143104897726 1.0660229925427938 1.0000000180025095e-35 1.0862726772831024 27229.389919486221 18054.123634583786
decision_type=2 2 2 2 2 2 2 2 2 2 2 2 2 2 2 2 2 2 2 2 2 2 2
left_child=3 4 -3 20 -2 -4 -5 8 9 10 -8 12 13 14 -6 -13 -14 -18 -19 -17 -1 22 -22
right_child=1 2 5 6 11 -7 7 -9 -10 -11 -12 15 16 -15 -16 19 17 18 -20 -21 21 -23 -24
leaf_value=-0.020868955579350819 -0.00054267830938463152 0.026227823319239941 0.0059565682543991187 -0.049026561578140157 0.008786262866463404 0.024093067966566808 -0.0013962313646988943 -0.044645539507971038 0.0011797050637237746 -0.025524951327264369 0.0010006810069529636 -0.0013206029649041331 -0.0029291404734630884 0.0030336940651016575 0.00085788497314667398 0.01377977456293435 0.0051174956015145314 0.016376776393265832 0.0033403148841140134 0.0033691639816475875 -0.015591657918939288 -0.020231178766471847 -0.0010161337038999188
leaf_weight=1934 33 22 23 67 34 35 22 62 28 29 20 26 20 38 24 30 31 20 22 37 93 465 85
leaf_count=1934 33 22 23 67 34 35 22 62 28 29 20 26 20 38 24 30 31 20 22 37 93 465 85
internal_value=-0.00301563 0.00664557 0.013125 -0.00437612 0.005 0.00965517 -0.00149123 -3.10571e-05 0.00308081 0.000633802 0.00452381 0.0058156 0.00716931 0.0101042 0.0139655 0.00306451 0.00413978 0.0059589 0.00928571 0.00544776 -0.00463136 -0.00391135 -0.00219101
internal_weight=3200 395 80 2805 315 58 228 161 99 71 42 282 189 96 58 93 93 73 42 67 2577 643 178
internal_count=3200 395 80 2805 315 58 228 161 99 71 42 282 189 96 58 93 93 73 42 67 2577 643 178
is_linear=0
shrinkage=0.05


Tree=52
num_leaves=24
num_cat=0
split_feature=0 5 9 2 5 5 14 9 9 14 0 0 0 0 5 14 14 9 5 9 14 14 0
split_gain=14.794 1.68877 1.15925 0.962604 0.871287 0.700972 1.02946 1.29819 0.570314 0.698125 0.505952 1.05861 0.786019 0.658945 0.458009 0.434859 0.336949 0.326655 0.245554 0.448769 0.537891 0.593907 0.290675
threshold=6.5000000000000009 1.1502527327609748 29714.669287288703 2032.5000000000002 1.2414035514114392 0.86132262215840549 3317.7473225239532 29714.669287288703 35905.365529087969 35077.695214157946 1.5000000000000002 4.5000000000000009 3.5000000000000004 2.5000000000000004 1.3045710058769706 78425.324966611952 64453.21371879556 46939.920867854038 1.0862726772831024 27229.389919486221 16553.249132898152 22933.201999615503 2.5000000000000004
decision_type=2 2 2 2 2 2 2 2 2 2 2 2 2 2 2 2 2 2 2 2 2 2 2
left_child=4 5 -3 -4 18 16 -7 -8 -9 17 -6 12 13 14 -12 -11 -2 -10 -1 20 -20 -22 -23
right_child=1 2 3 -5 10 6 7 8 9 15 11 -13 -14 -15 -16 -17 -18 -19 19 -21 21 22 -24
leaf_value=-0.019825507800383276 -0.00038166493405595453 0.0249164321532779 0.02047236454531744 0.020439437101877792 -0.046578818899982971 -0.0055951371081737963 0.0096960859118823493 -0.0028769868830210384 0.011444682563727561 0.0030580207808290211 -0.001326419796463949 -0.042419663775881682 0.001113995722252358 -0.026114081516250966 0.00095064695660531653 0.0080264217887284824 0.010404759142169167 0.010152379866985278 -0.017355555378815331 -0.019277312587879628 0.00062869097833698684 0.00095432473260909372 -0.0041821910246260556
leaf_weight=1934 59 22 35 23 70 28 27 20 21 66 22 64 30 32 20 50 24 20 86 457 23 25 42
leaf_count=1934 59 22 35 23 70 28 27 20 21 66 22 64 30 32 20 50 24 20 86 457 23 25 42
internal_value=-0.00304688 0.00601266 0.0125 0.0087931 -0.00432264 0.00436508 0.00577586 0.0070098 0.00545198 0.00646497 -0.00142857 5.95226e-05 0.00317308 0.000405404 0.00452381 0.00448276 0.000421686 0.0120732 -0.00459096 -0.00373618 -0.00159091 0.00111111 -0.00126866
internal_weight=3200 395 80 58 2805 315 232 204 177 157 238 168 104 74 42 116 83 41 2567 633 176 90 67
internal_count=3200 395 80 58 2805 315 232 204 177 157 238 168 104 74 42 116 83 41 2567 633 176 90 67
is_linear=0
shrinkage=0.05


Tree=53
num_leaves=24
num_cat=0
split_feature=0 5 5 9 3 9 9 9 5 14 9 0 0 9 5 0 14 0 0 14 14 5 5
split_gain=13.0376 1.80122 0.974482 1.1866 0.685403 0.894799 0.736258 1.45185 0.679479 0.572773 0.49135 0.48938 1.11757 1.02703 0.908084 0.883464 0.773865 0.818182 1.13043 0.373706 0.301659 0.239219 0.558462
threshold=6.5000000000000009 1.2639126624725134 0.86132262215840549 15466.511839799399 1.0000000180025095e-35 29714.669287288703 38553.467222019863 46939.920867854038 1.0862726772831024 79433.555948029665 41791.601166393004 4.5000000000000009 1.5000000000000002 27598.46094778119 1.2707031396532262 3.5000000000000004 6549.9258968885997 2.5000000000000004 3.5000000000000004 39584.939708984304 43809.8027345667 0.77541647292177396 0.81129936193001229
decision_type=2 2 2 2 2 2 2 2 2 2 2 2 2 2 2 2 2 2 2 2 2 2 2
left_child=8 2 21 -4 5 -5 -7 -8 -1 19 -6 12 -10 16 -15 20 -14 -18 -19 -9 -16 -2 -23
right_child=1 -3 3 4 10 6 7 9 11 -11 -12 -13 13 14 15 -17 17 18 -20 -21 -22 22 -24
leaf_value=-0.01883423241036411 -0.00049646114721257407 0.030781650830919074 0.013001100669863317 0.011956803204875695 -0.0015538475928666947 -0.0041328628565208926 0.021548329363251281 0.0026037543406922273 -0.04767769860118027 0.0097911895297240342 0.016789486631672738 -0.042878811556369439 -0.013341330958493642 -0.0097429327644075192 -0.0031738331671101712 0.0010548868707209536 0.0013165022112889111 -0.0064546970801815876 0.0013324984188020134 -0.00083054887016073488 0.00053545925408554249 0.0029419751078817429 -0.00045664695303007001
leaf_weight=1934 33 20 26 21 33 23 27 27 247 39 54 256 20 198 25 22 28 26 23 42 26 24 26
leaf_count=1934 33 20 26 21 33 23 27 27 247 39 54 256 20 198 25 22 28 26 23 42 26 24 26
internal_value=-0.003125 0.00537975 0.0046 0.0059589 0.0049624 0.00673184 0.00544304 0.00685185 -0.00432264 0.00425926 0.00132184 -0.00316303 -0.00239838 -0.000652175 -0.00223247 0.00253425 0.00376289 0.00603896 0.00214286 0.00152174 -0.00107843 -0.000180724 0.002
internal_weight=3200 395 375 292 266 179 158 135 2805 108 87 871 615 368 271 73 97 77 49 69 51 83 50
internal_count=3200 395 375 292 266 179 158 135 2805 108 87 871 615 368 271 73 97 77 49 69 51 83 50
is_linear=0
shrinkage=0.05


Tree=54
num_leaves=24
num_cat=0
split_feature=0 5 5 5 0 0 0 0 5 5 5 3 5 5 1 3 5 14 1 14 5 14 5
split_gain=12.5112 1.83254 0.874298 0.731425 0.552465 1.26163 0.818018 1.05652 1.16701 0.758547 0.633111 0.568343 0.456747 0.836657 0.637546 0.590675 0.556504 0.52202 1.11297 0.518701 0.438961 0.308711 0.285923
threshold=6.5000000000000009 1.2639126624725134 0.77252039071131906 1.0862726772831024 4.5000000000000009 1.5000000000000002 2.5000000000000004 3.5000000000000004 1.2414035514114392 1.1201071056310488 1.1791299085562905 1.0000000180025095e-35 1.1502527327609748 1.1165143622608402 1.0000000180025095e-35 1.0000000180025095e-35 0.93988102577674026 39584.939708984304 1.5000000000000002 29021.128655304707 1.071550333734905 21208.994152517527 0.93049508535914782
decision_type=2 2 2 2 2 2 2 2 2 2 2 2 2 2 2 2 2 2 2 2 2 2 2
left_child=3 2 -2 -1 5 -5 9 -8 21 -7 -11 -12 13 15 -14 16 -4 18 -18 -17 -19 -9 -21
right_child=1 -3 12 4 -6 6 7 8 -10 10 11 -13 14 -15 -16 19 17 20 -20 22 -22 -23 -24
leaf_value=-0.017892520789845906 -0.00063011976297985611 0.029242568289373119 0.0022487104624557175 -0.045293813671121258 -0.040734870978550969 0.0027029717494696328 -0.018758331392126598 0.00044084807046049148 0.001005551592603692 -0.0045067984441797011 7.7418672889345043e-05 0.00107520412040636 0.01818021890051346 -0.0010601334582760987 0.021077485019285792 -0.0014484739539929467 0.0086576892919451361 0.015381747344491416 0.0030880911028359414 0.014891961414700153 -0.00083595580442444447 -0.0037946743215809169 0.002431982289452616
leaf_weight=1934 32 20 71 247 256 21 135 24 30 29 45 23 21 22 39 31 26 35 21 21 20 61 36
leaf_count=1934 32 20 71 247 256 21 135 24 30 29 45 23 21 22 39 31 26 35 21 21 20 61 36
internal_value=-0.00307813 0.00525316 0.00446667 -0.00425134 -0.00304822 -0.00223577 -0.000380436 -0.002 0.00152174 0.00305085 0.00118557 0.00382353 0.00520408 0.00436396 0.00916667 0.00515326 0.00684971 0.00921569 0.0130851 0.00181818 0.00590909 -0.00147059 0.00464912
internal_weight=3200 395 375 2805 871 615 368 250 115 118 97 68 343 283 60 261 173 102 47 88 55 85 57
internal_count=3200 395 375 2805 871 615 368 250 115 118 97 68 343 283 60 261 173 102 47 88 55 85 57
is_linear=0
shrinkage=0.05


Tree=55
num_leaves=24
num_cat=0
split_feature=0 5 2 5 5 5 3 5 4 5 14 0 0 0 0 14 1 5 5 2 5 5 0
split_gain=11.4415 1.96711 1.08434 0.690849 0.638408 0.750136 0.567327 0.541381 0.480587 0.569492 0.470315 0.448179 0.937729 0.900624 0.504505 0.442529 0.356397 0.804103 0.265152 0.261905 0.25814 0.250216 0.222846
threshold=6.5000000000000009 1.1502527327609748 2032.5000000000002 1.2414035514114392 0.77541647292177396 1.1165143622608402 1.0000000180025095e-35 0.96353742089261984 1.0000000180025095e-35 0.90257202809536718 37238.526862456951 1.5000000000000002 4.5000000000000009 3.5000000000000004 2.5000000000000004 18807.802482963463 1.0000000180025095e-35 1.0547416650475265 1.3045710058769706 2028.0000000000002 1.0862726772831024 0.95388911823899825 4.5000000000000009
decision_type=2 2 2 2 2 2 2 2 2 2 2 2 2 2 2 2 2 2 2 2 2 2 2
left_child=3 4 10 20 -2 6 7 8 9 -6 -3 -5 13 14 18 -8 -9 -18 -13 -17 -1 -21 -22
right_child=1 2 -4 11 5 -7 15 16 -10 -11 -12 12 -14 -15 -16 19 17 -19 -20 21 22 -23 -24
leaf_value=-0.016997894750353609 -0.00057890768202912234 0.020195548867530767 0.019365942475140799 -0.039601302341368758 0.004563019712338497 -0.0010071267853622853 -0.0013849705790441951 0.0058764074017712883 0.0052675024552526969 -0.0013077233716679362 0.0046001758164526535 -0.0011238246368939369 -0.036117996460341584 0.00095527401297350496 -0.023788000263766308 0.0094663511904958149 0.018775421744167894 0.0010574549429424047 0.00087247071242629859 -0.0014793770108165315 -0.0078461587896353734 0.010266230311486942 -0.04145706090267115
leaf_weight=1934 33 27 31 70 35 22 21 33 29 24 22 22 64 30 32 24 25 27 20 22 441 20 192
leaf_count=1934 33 27 31 70 35 22 21 33 29 24 22 22 64 30 32 24 25 27 20 22 441 20 192
internal_value=-0.00309375 0.00487342 0.011875 -0.00421569 0.00309524 0.00386525 0.00461538 0.00627168 0.00352273 0.000932202 0.0072449 -0.00163866 -0.000238096 0.00269231 -0.000270271 0.00132184 0.00911765 0.00653846 0.00333333 0.00333333 -0.00445462 0.00095238 -0.0035782
internal_weight=3200 395 80 2805 315 282 260 173 88 59 49 238 168 104 74 87 85 52 42 66 2567 42 633
internal_count=3200 395 80 2805 315 282 260 173 88 59 49 238 168 104 74 87 85 52 42 66 2567 42 633
is_linear=0
shrinkage=0.05


Tree=56
num_leaves=24
num_cat=0
split_feature=0 5 9 2 5 5 3 5 1 5 14 9 0 0 0 0 5 14 9 5 0 0 14
split_gain=9.94956 1.90099 0.92931 1.1828 0.634696 0.549196 0.562055 0.863856 0.46703 0.623077 0.450797 0.490018 0.448179 0.937729 0.900624 0.504505 0.404344 0.313821 0.295023 0.396001 0.46036 0.77159 0.439419
threshold=6.5000000000000009 1.1502527327609748 29714.669287288703 2032.5000000000002 1.2414035514114392 1.1165143622608402 1.0000000180025095e-35 0.96353742089261984 1.0000000180025095e-35 1.0344057448195654 12007.686224303439 43008.245330171703 1.5000000000000002 4.5000000000000009 3.5000000000000004 2.5000000000000004 0.89549487040762188 29021.128655304707 22441.347383663178 1.0344057448195654 4.5000000000000009 1.5000000000000002 6549.9258968885997
decision_type=2 2 2 2 2 2 2 2 2 2 2 2 2 2 2 2 2 2 2 2 2 2 2
left_child=4 5 -3 -4 18 6 7 10 -9 -10 -2 -12 -6 14 15 -14 -13 -8 19 -1 21 -21 -23
right_child=1 2 3 -5 12 -7 17 8 9 -11 11 16 13 -15 -16 -17 -18 -19 -20 20 -22 22 -24
leaf_value=-0.011419698009062746 0.0083390906665632147 0.019841169632913436 0.016484929665007291 0.017446494221772701 -0.037621237224300316 -0.00095677044609417594 -0.0013112613205597101 0.0055825870316827059 0.024897147015316059 0.0025681074915371973 -0.00081574427749204906 0.0046187922415270371 0.00071181124921647549 -0.034312096637324506 0.00090751031232483195 -0.022598600250577996 -0.00015505368648695755 0.0074581889624825461 -0.017716014447821293 -0.041573014335803189 -0.030812908485859398 -0.010817854108806972 0.00091034262484366701
leaf_weight=274 23 22 35 23 70 22 36 33 20 32 30 36 42 64 30 32 21 62 2091 48 65 24 65
leaf_count=274 23 22 35 23 70 22 36 33 20 32 30 36 42 64 30 32 21 62 2091 48 65 24 65
internal_value=-0.0030625 0.00436709 0.01125 0.00793103 -0.00410874 0.00261905 0.00319113 0.00474359 0.00852941 0.00557692 0.00181818 0.000172413 -0.00163866 -0.000238096 0.00269231 -0.000270271 0.00289474 0.00010204 -0.00433775 -0.00321429 -0.00153465 0.000109488 0.00286517
internal_weight=3200 395 80 58 2805 315 293 195 85 52 110 87 238 168 104 74 57 98 2567 476 202 137 89
internal_count=3200 395 80 58 2805 315 293 195 85 52 110 87 238 168 104 74 57 98 2567 476 202 137 89
is_linear=0
shrinkage=0.05


Tree=57
num_leaves=24
num_cat=0
split_feature=0 5 9 2 5 5 5 3 1 5 0 0 0 0 9 5 0 0 14 0 0 5 5
split_gain=9.28304 2.04341 0.92931 1.1828 0.616507 0.504383 0.693013 0.864324 0.46703 0.623077 0.448179 0.937729 0.900624 0.504505 0.311757 0.48443 0.584793 1.00383 0.467099 0.503746 1.06667 0.291694 0.265152
threshold=6.5000000000000009 1.1502527327609748 29714.669287288703 2032.5000000000002 1.2414035514114392 1.1165143622608402 0.96353742089261984 1.0000000180025095e-35 1.0000000180025095e-35 1.0344057448195654 1.5000000000000002 4.5000000000000009 3.5000000000000004 2.5000000000000004 29162.615900621426 1.0344057448195654 4.5000000000000009 1.5000000000000002 6549.9258968885997 2.5000000000000004 3.5000000000000004 0.77541647292177396 1.3045710058769706
decision_type=2 2 2 2 2 2 2 2 2 2 2 2 2 2 2 2 2 2 2 2 2 2 2
left_child=4 5 -3 -4 14 6 21 8 -8 -10 -6 12 13 22 15 -1 17 -17 -19 -20 -21 -2 -12
right_child=1 2 3 -5 10 -7 7 -9 9 -11 11 -13 -14 -15 -16 16 -18 18 19 20 -22 -23 -24
leaf_value=-0.010108919257131338 -0.00059191473207830913 0.01884911115126776 0.015660683181756969 0.016574169510684078 -0.035740175363085297 -0.00090893192378947631 0.0053034576800985887 -0.00051824828649708378 0.023652289664550276 0.0024397021169603184 -0.0011032239675100625 -0.032596491805458282 0.00086213479670859024 -0.021468670238049093 -0.018026663238432744 -0.039009474060659861 -0.031136258437590988 -0.010678603922933612 0.0024833302123610105 -0.0036864019412566132 0.002513468509517695 0.0021522335049824811 0.00079325661434416202
leaf_weight=399 33 22 35 23 70 22 33 42 20 32 22 64 30 32 1888 68 94 27 31 30 30 133 20
leaf_count=399 33 22 35 23 70 22 33 42 20 32 22 64 30 32 1888 68 94 27 31 30 30 133 20
internal_value=-0.0030625 0.00411392 0.01125 0.00793103 -0.00407308 0.00230159 0.00284983 0.00562992 0.00852941 0.00557692 -0.00163866 -0.000238096 0.00269231 -0.000270271 -0.00429879 -0.00337997 -0.00178572 -0.000161292 0.00262712 0.00434066 0.00166667 0.00072289 0.00333333
internal_weight=3200 395 80 58 2805 315 293 127 85 52 238 168 104 74 2567 679 280 186 118 91 60 166 42
internal_count=3200 395 80 58 2805 315 293 127 85 52 238 168 104 74 2567 679 280 186 118 91 60 166 42
is_linear=0
shrinkage=0.05


Tree=58
num_leaves=24
num_cat=0
split_feature=0 5 2 5 5 14 14 5 14 9 9 9 14 0 0 0 0 9 5 0 0 14 0
split_gain=8.44184 1.68738 0.910646 0.469653 0.450618 0.445983 0.888344 0.422061 0.381607 0.525274 0.803787 0.350481 0.349796 0.343137 0.717949 0.735204 0.370656 0.335736 0.440713 0.584793 1.00383 0.467099 0.503746
threshold=6.5000000000000009 1.1606499400286758 2032.5000000000002 0.77541647292177396 1.1165143622608402 3317.7473225239532 13746.170165645583 1.2414035514114392 76371.433228275593 53587.573669308527 38553.467222019863 27229.389919486221 37238.526862456951 1.5000000000000002 4.5000000000000009 3.5000000000000004 2.5000000000000004 29162.615900621426 1.0344057448195654 4.5000000000000009 1.5000000000000002 6549.9258968885997 2.5000000000000004
decision_type=2 2 2 2 2 2 2 2 2 2 2 2 2 2 2 2 2 2 2 2 2 2 2
left_child=7 3 12 -2 5 -5 -7 17 9 10 11 -8 -3 -9 15 16 -15 18 -1 20 -20 -22 -23
right_child=1 2 -4 4 -6 6 8 13 -10 -11 -12 -13 -14 14 -16 -17 -18 -19 19 -21 21 22 -24
leaf_value=-0.0096034732942747725 -0.00056231899547438231 0.017664459728937754 0.014318732639940827 -0.0010500797325895693 -0.00043931004291545997 0.0092221712996660831 0.0027351583617807578 -0.033953166594931035 0.0091634836433389603 -0.00057689229394533776 0.012374328786959538 -0.0013105116543233953 0.0024683764899469567 0.00063655785603844352 -0.030966667215185373 0.00081902805687316012 -0.02039523672614664 -0.017125330076511108 -0.037059000357626867 -0.029579445515711442 -0.010144673726786929 0.0023591637017429594 0.00053064013341774395
leaf_weight=399 33 26 26 33 28 21 20 70 55 52 47 32 22 42 64 30 32 1888 68 94 27 31 60
leaf_count=399 33 26 26 33 28 21 20 70 55 52 47 32 22 42 64 30 32 1888 68 94 27 31 60
internal_value=-0.00310938 0.00373418 0.0105405 0.00216511 0.0028125 0.00346154 0.0042511 -0.00407308 0.00325243 0.00195364 0.00409091 -0.000192309 0.00645833 -0.00205882 -0.000833335 0.00173077 -0.000945947 -0.00425984 -0.00330633 -0.00178572 -0.000161292 0.00262712 0.00434066
internal_weight=3200 395 74 321 288 260 227 2805 206 151 99 52 48 238 168 104 74 2567 679 280 186 118 91
internal_count=3200 395 74 321 288 260 227 2805 206 151 99 52 48 238 168 104 74 2567 679 280 186 118 91
is_linear=0
shrinkage=0.05


Tree=59
num_leaves=24
num_cat=0
split_feature=0 5 1 5 0 0 9 5 5 12 0 0 0 5 9 5 5 0 3 5 5 4 9
split_gain=8.28836 1.369 0.711704 0.495905 0.443749 0.991993 0.964101 1.14448 0.755466 0.730577 0.746726 1.46504 0.666721 0.571429 0.551471 0.331933 0.341779 0.550267 0.254445 0.415267 0.6484 0.47702 0.309729
threshold=6.5000000000000009 1.1606499400286758 1.0000000180025095e-35 0.77541647292177396 1.5000000000000002 4.5000000000000009 29162.615900621426 0.95388911823899825 1.2707031396532262 1.0000000180025095e-35 2.5000000000000004 3.5000000000000004 3.5000000000000004 1.0547416650475265 19992.059219517101 0.77252039071131906 0.69793972264986914 2.5000000000000004 1.0000000180025095e-35 1.1165143622608402 0.96353742089261984 1.0000000180025095e-35 85577.895069765436
decision_type=2 2 2 2 2 2 2 2 2 2 2 2 2 2 2 2 2 2 2 2 2 2 2
left_child=4 3 -3 -2 -1 6 7 -6 15 10 13 -12 -10 -9 -13 16 -8 -18 19 20 21 -5 -22
right_child=1 2 -4 18 5 -7 8 9 12 -11 11 14 -14 -15 -16 -17 17 -19 -20 -21 22 -23 -24
leaf_value=-0.039649892665296477 -0.00053420304570068295 0.014965887099133827 0.016523329491194078 -0.00048421007650842292 -0.0085544259118139811 -0.031427218426009859 -0.0065875558998923171 0.00011649566640002962 -0.00019651420106453528 -0.011391309603181715 -0.0080723547526477656 0.0019639623924448367 0.00077466758861071468 0.0024568476494811584 0.00078128391061852559 -0.011724442974686226 -0.0094724090211128053 0.0033654723347903317 0.0025310067475615228 -0.0025705934247770867 0.0054884698931138365 0.0040411782154029371 0.003753261003829582
leaf_weight=797 33 25 49 59 123 780 58 28 48 32 55 27 22 36 24 720 21 34 94 21 65 29 20
leaf_count=797 33 25 49 59 123 780 58 28 48 32 55 27 22 36 24 720 21 34 94 21 65 29 20
internal_value=-0.00304688 0.00373418 0.00986486 0.00232087 -0.00400178 -0.00360558 -0.00271987 -0.000384617 -0.00356036 0.00193069 0.00323529 0.000660376 0.00142857 0.0075 0.0067647 -0.00397959 -0.00146018 0.00136364 0.00298611 0.00402062 0.00482659 0.00181818 0.00794118
internal_weight=3200 395 74 321 2805 2008 1228 325 903 202 170 106 70 64 51 833 113 55 288 194 173 88 85
internal_count=3200 395 74 321 2805 2008 1228 325 903 202 170 106 70 64 51 833 113 55 288 194 173 88 85
is_linear=0
shrinkage=0.05


Tree=60
num_leaves=24
num_cat=0
split_feature=0 5 14 9 5 0 0 5 9 12 0 0 5 0 0 14 14 14 9 9 9 5 2
split_gain=8.17416 1.369 0.824844 1.18007 0.495905 0.492568 1.10112 1.02612 0.832763 0.687448 0.810678 1.2069 0.33535 0.383558 1.26175 0.333423 0.8738 0.374391 0.529195 0.717912 0.523108 0.328995 0.289764
threshold=6.5000000000000009 1.1606499400286758 22152.002505164677 46939.920867854038 0.77541647292177396 1.5000000000000002 4.5000000000000009 1.0467413568464441 27598.46094778119 1.0000000180025095e-35 2.5000000000000004 3.5000000000000004 0.77252039071131906 2.5000000000000004 3.5000000000000004 3317.7473225239532 13746.170165645583 76371.433228275593 53587.573669308527 38553.467222019863 28331.450605681934 0.98048383727406008 2028.0000000000002
decision_type=2 2 2 2 2 2 2 2 2 2 2 2 2 2 2 2 2 2 2 2 2 2 2
left_child=5 4 -3 -4 -2 -1 7 12 9 10 -9 -12 13 -7 -15 -6 -17 18 19 20 -18 -19 -10
right_child=1 2 3 -5 15 6 -8 8 22 -11 11 -13 -14 14 -16 16 17 21 -20 -21 -22 -23 -24
leaf_value=-0.037667398032031653 -0.00050749289341566861 0.0026222064439605725 0.015242242977720985 0.015957604138159522 -0.0008592640254515547 -0.0099971497009239147 -0.029855857504709368 0.0017952230309164687 -0.0040787694210391917 -0.0098061132616198421 -0.0040628516330612008 0.001400878698535345 -0.0097313614586285006 0.0034320268870723838 -0.009357439619886632 0.0082291406397289168 0.0018172783468867687 0.012060062669076978 -0.00081503097648939087 0.011151506297923981 -0.00072220616042753842 0.0011379271670475556 -0.00094235503444713988
leaf_weight=797 33 26 22 26 40 53 780 35 112 23 35 29 608 43 51 22 23 26 57 50 38 32 239
leaf_count=797 33 26 22 26 40 53 780 35 112 23 35 29 608 43 51 22 23 26 57 50 38 32 239
internal_value=-0.003 0.00373418 0.00986486 0.01375 0.00232087 -0.00394831 -0.00353088 -0.00259772 -0.000771671 0.00278688 0.00459596 0.00125 -0.00374172 -0.00159864 0.000319148 0.00298611 0.00366935 0.00274336 0.00154762 0.00355856 -8.19684e-05 0.0062069 -0.00200855
internal_weight=3200 395 74 48 321 2805 2008 1228 473 122 99 64 755 147 94 288 248 226 168 111 61 58 351
internal_count=3200 395 74 48 321 2805 2008 1228 473 122 99 64 755 147 94 288 248 226 168 111 61 58 351
is_linear=0
shrinkage=0.05


Tree=61
num_leaves=24
num_cat=0
split_feature=0 9 14 14 0 0 9 14 0 0 9 9 14 9 9 14 14 14 14 14 2 14 14
split_gain=7.17127 0.605707 0.974117 0.798297 0.597845 1.33647 0.796547 0.774133 0.431144 0.75625 0.415713 0.362549 0.34882 0.295598 0.4884 0.712936 0.287276 0.229912 0.4 0.186868 0.182355 0.141451 0.137755
threshold=6.5000000000000009 25071.130192709057 3317.7473225239532 76371.433228275593 1.5000000000000002 4.5000000000000009 29162.615900621426 6549.9258968885997 2.5000000000000004 3.5000000000000004 23854.234287820607 25071.130192709057 16772.254751816636 53587.573669308527 38553.467222019863 20437.714070413018 30284.003274544451 33712.67504848184 17338.531550035132 37529.664554630108 2032.5000000000002 18807.802482963463 114847.68209010507
decision_type=2 2 2 2 2 2 2 2 2 2 2 2 2 2 2 2 2 2 2 2 2 2 2
left_child=4 2 -2 13 -1 6 7 -6 11 -10 12 17 -11 14 16 -16 21 18 -9 -17 22 -3 -5
right_child=1 3 -4 20 5 -7 -8 8 9 10 -12 -13 -14 -15 15 19 -18 -19 -20 -21 -22 -23 -24
leaf_value=-0.035784028130430072 -0.00016980891913037955 -0.0012169380962699389 0.012093074219510011 0.0070154937501354878 -0.0082242511219621887 -0.028363064629473897 -0.0071817541728692053 0.00042781919255324664 -0.0051955721268444714 -0.0018314215365446279 -0.0031274684074281537 0.0013015371355019722 0.0021212120793557237 -0.00043890944593490957 -0.0014069936525400617 0.011520968385420577 -0.0040810756894624862 0.00095067798234555129 -0.0040814680034063043 0.006047715203011359 0.0113829620256376 0.0002527036807186916 0.013517293436483398
leaf_weight=797 23 34 44 28 83 780 903 20 80 20 22 20 38 91 21 28 23 22 20 29 26 27 21
leaf_count=797 23 34 44 28 83 780 903 20 80 20 22 20 38 91 21 28 23 22 20 29 26 27 21
internal_value=-0.00295313 0.00335443 0.00768657 0.00246951 -0.00384136 -0.00338148 -0.00235342 -0.00023077 0.00119835 -0.000312501 0.003125 0.00414634 0.00534483 0.00112648 0.00240741 0.00525641 -0.000238096 0.00225806 -1.19209e-09 0.00815789 0.007 0.00155738 0.00520408
internal_weight=3200 395 67 328 2805 2008 1228 325 242 160 80 82 58 253 162 78 84 62 40 57 75 61 49
internal_count=3200 395 67 328 2805 2008 1228 325 242 160 80 82 58 253 162 78 84 62 40 57 75 61 49
is_linear=0
shrinkage=0.05


Tree=62
num_leaves=24
num_cat=0
split_feature=0 5 14 14 0 0 5 0 0 14 14 2 5 5 5 5 5 5 3 5 0 0 14
split_gain=6.33377 1.11743 0.961582 1.0744 0.654304 1.46268 1.45371 0.763448 1.67927 0.951091 1.14193 2.50334 0.582742 0.499221 0.480501 0.399671 0.477663 0.494118 0.403606 0.377819 0.444177 1.47889 0.371412
threshold=6.5000000000000009 1.1606499400286758 22152.002505164677 44144.117302128616 1.5000000000000002 4.5000000000000009 1.0295092369820498 3.5000000000000004 2.5000000000000004 50663.257396250112 16233.39727000028 2032.5000000000002 1.3045710058769706 1.1296978499445496 0.88809910615481324 1.0547416650475265 1.1201071056310488 1.0862726772831024 1.0000000180025095e-35 0.77788610054418517 2.5000000000000004 3.5000000000000004 75146.353914029707
decision_type=2 2 2 2 2 2 2 2 2 2 2 2 2 2 2 2 2 2 2 2 2 2 2
left_child=4 14 -3 -4 -1 6 19 8 12 10 -9 13 15 -12 22 -8 17 -17 -18 20 -6 -22 -2
right_child=1 2 3 -5 5 -7 7 9 -10 -11 11 -13 -14 -15 -16 16 18 -19 -20 -21 21 -23 -24
leaf_value=-0.033994826723908571 -0.00034731374247506963 0.0024995865677190361 0.015473408083088279 0.011201610956046486 -0.0083170561330832681 -0.026944911398000201 -0.0078291833721302016 -0.0018913049779506299 -0.013721353838820101 -0.0025839923630580682 -0.0012546169520339361 0.0011758070703364451 0.0011377970612440724 0.0011421396695459973 0.0037510486212646967 0.0013764200826732204 -0.0013047383195152347 0.0026099603112230444 0.00065620052463077894 -0.0098761809907546346 0.0035122773224916929 -0.0082851578033869781 0.0094010331495994227
leaf_weight=797 83 26 21 27 58 780 24 34 173 59 28 21 20 22 218 30 51 21 26 561 45 55 20
leaf_count=797 83 26 21 27 58 780 24 34 173 59 28 21 20 22 218 30 51 21 26 561 45 55 20
internal_value=-0.00295313 0.00297468 0.00851351 0.0127083 -0.00378788 -0.00330677 -0.00223127 -0.000186642 -0.00152174 0.00262195 0.00547619 0.00908451 0.00197674 0.003 0.00169782 0.000921051 0.00203125 0.00578431 -0.000454547 -0.00367872 -0.00151899 0.000499999 -0.00111651
internal_weight=3200 395 74 48 2805 2008 1228 509 345 164 105 71 172 50 321 152 128 51 77 719 158 100 103
internal_count=3200 395 74 48 2805 2008 1228 509 345 164 105 71 172 50 321 152 128 51 77 719 158 100 103
is_linear=0
shrinkage=0.05


Tree=63
num_leaves=24
num_cat=0
split_feature=5 5 5 4 14 14 9 9 9 14 5 9 14 5 14 14 9 9 14 9 14 14 14
split_gain=1.00434 0.525073 0.625 0.587932 0.356753 0.422425 0.455808 0.589744 0.341844 0.69 0.249419 0.294185 0.380027 0.368394 0.312477 0.491942 0.428758 0.433067 0.474402 0.240672 0.201923 0.128328 0.159218
threshold=1.1606499400286758 1.3701093412223686 1.4048979785844435 1.0000000180025095e-35 7701.8585534017775 70250.00034238254 54743.66459994774 36743.461334297892 16786.285734786979 12007.686224303439 1.0295092369820498 38990.141288798804 3317.7473225239532 1.1201071056310488 46149.163955158248 39107.261704949698 27229.389919486221 23127.651978081438 12311.506343905523 35905.365529087969 19847.903178837794 98125.608708713335 106508.17148786652
decision_type=2 2 2 2 2 2 2 2 2 2 2 2 2 2 2 2 2 2 2 2 2 2 2
left_child=10 3 -3 8 -5 6 7 20 9 -2 21 12 -12 14 15 16 17 18 -14 -18 -6 -1 -23
right_child=1 2 -4 4 5 -7 -8 -9 -10 -11 11 -13 13 -15 -16 -17 19 -19 -20 -21 -22 22 -24
leaf_value=-0.0092254764146548224 -0.0050275753693163946 0.0024522225069528543 -0.017114994013205622 -0.0061546564970736458 -0.00077906529979815246 -0.0057759400200459096 0.0091141057036397133 -0.022456051488992736 -0.0064347848835541628 0.0012860685518760245 -0.021239171360879397 -0.0097735407315003575 0.0015487275708211392 -0.0020648622123460207 -0.0051901796677933281 0.0041264275655958716 -0.0077873885130366645 0.0017833419689308148 -0.0058640784547973708 -0.0012608012951547205 0.0011127593648126968 -0.0024556248260436003 -0.01520067064418722
leaf_weight=1575 23 24 36 21 24 29 24 23 319 25 66 466 23 78 39 23 43 22 33 24 28 52 180
leaf_count=1575 23 24 36 21 24 29 24 23 319 25 66 466 23 78 39 23 43 22 33 24 28 52 180
internal_value=-0.00298438 -0.00109375 0.00333333 -0.00160853 0.00104027 0.00203125 0.00358586 0.00166667 -0.00268392 0.00125 -0.00339939 -0.00267442 -0.0015812 -0.000789475 0.000314008 0.00125 0.000172413 0.00269231 0.000357142 -0.0027612 0.00461538 -0.00372717 -0.00262931
internal_weight=3200 576 60 516 149 128 99 75 367 48 2624 817 351 285 207 168 145 78 56 67 52 1807 232
internal_count=3200 576 60 516 149 128 99 75 367 48 2624 817 351 285 207 168 145 78 56 67 52 1807 232
is_linear=0
shrinkage=0.05


Tree=64
num_leaves=24
num_cat=0
split_feature=0 5 9 0 0 5 9 5 9 12 0 0 3 1 5 0 5 9 3 14 5 0 0
split_gain=7.76223 0.831992 0.903205 0.693358 1.54999 1.47769 0.880087 0.981761 0.992142 0.842961 0.758163 1.61274 0.515748 0.42793 0.419445 0.416017 0.533333 0.395525 0.391725 0.378639 0.35388 0.444177 1.47889
threshold=6.5000000000000009 1.1606499400286758 32699.8895881305 1.5000000000000002 4.5000000000000009 1.0295092369820498 27598.46094778119 1.2707031396532262 47392.688520517637 1.0000000180025095e-35 3.5000000000000004 2.5000000000000004 1.0000000180025095e-35 1.0000000180025095e-35 1.1165143622608402 2.5000000000000004 1.0785534194642097 36743.461334297892 1.0000000180025095e-35 18807.802482963463 0.77788610054418517 2.5000000000000004 3.5000000000000004
decision_type=2 2 2 2 2 2 2 2 2 2 2 2 2 2 2 2 2 2 2 2 2 2 2
left_child=3 14 -3 -1 5 20 9 12 -9 10 11 -7 17 -4 18 -14 -17 -8 -2 -20 21 -5 -23
right_child=1 2 13 4 -6 6 7 8 -10 -11 -12 -13 15 -15 -16 16 -18 -19 19 -21 -22 22 -24
leaf_value=-0.031833811566980397 0.0026879627916830094 0.013761566472336851 -0.0015055125196270771 -0.0074399295056963646 -0.025327454301111677 0.0013886320666234696 -0.0014029125875612957 -0.0061005282490240696 0.0010139965367706439 -0.0081988660736250149 0.001951553291540173 -0.0028605041908522921 0.0058454616272832043 0.014233831057222385 -0.00027449048692812305 0.00090441805335484565 -0.0095133049993733673 -0.010350032420808843 -0.0026773492493756684 0.0033524471718991361 -0.0089210981204841597 0.0037979372770998569 -0.0074096260924848894
leaf_weight=797 195 23 22 58 780 37 49 29 44 24 33 36 28 29 28 20 40 169 23 75 561 45 55
leaf_count=797 195 23 22 58 780 37 49 29 44 24 33 36 28 29 28 20 40 169 23 75 561 45 55
internal_value=-0.00282813 0.00373418 0.00851351 -0.00375223 -0.00325697 -0.00214984 -8.84098e-05 -0.00130607 0.00390411 0.00346154 0.00537736 0.00253425 -0.00254902 0.00480392 0.0026324 0.000681817 -0.00166667 -0.00385321 0.00319113 0.000612244 -0.00360918 -0.00151899 0.000499999
internal_weight=3200 395 74 2805 2008 1228 509 379 73 130 106 73 306 51 321 88 60 218 293 98 719 158 100
internal_count=3200 395 74 2805 2008 1228 509 379 73 130 106 73 306 51 321 88 60 218 293 98 719 158 100
is_linear=0
shrinkage=0.05


Tree=65
num_leaves=24
num_cat=0
split_feature=0 0 0 5 0 9 5 0 0 14 14 5 14 14 0 5 3 5 5 4 5 14 14
split_gain=6.74777 0.693358 1.54999 1.28773 1.21665 0.724196 0.907332 0.84193 1.00463 0.704572 0.630208 0.563796 0.655275 1.00033 0.504505 0.375937 0.444719 0.387001 0.439791 0.367859 0.347721 0.313821 0.28633
threshold=6.5000000000000009 1.5000000000000002 4.5000000000000009 1.2414035514114392 3.5000000000000004 38990.141288798804 0.95388911823899825 2.5000000000000004 3.5000000000000004 21552.074334645626 17338.531550035132 1.1606499400286758 22152.002505164677 44144.117302128616 2.5000000000000004 1.1165143622608402 1.0000000180025095e-35 0.96353742089261984 0.81129936193001229 1.0000000180025095e-35 0.67493775793654576 29021.128655304707 17626.349533162367
decision_type=2 2 2 2 2 2 2 2 2 2 2 2 2 2 2 2 2 2 2 2 2 2 2
left_child=1 -1 3 5 14 6 20 9 -9 -8 -10 15 -13 -14 -5 16 17 18 -2 -12 -3 -18 -20
right_child=11 2 -4 4 -6 -7 7 8 10 -11 19 12 13 -15 -16 -17 21 -19 22 -21 -22 -23 -24
leaf_value=-0.030242120988631372 0.00064162063033714823 0.00072276523595546371 -0.024061081586056091 0.00075950596616262793 0.0011955121156805241 -0.0084059934513000447 0.00015054164757218914 -0.0077425526247450671 -0.0034184675380396403 0.0021072628126452531 0.00069952892239852327 0.0017509129601907037 0.013889048430592535 0.010255387153450882 -0.017834805608167689 -0.00026076596258169733 -0.001757597489171237 0.0048156810557828701 0.0081442204365979529 0.0031920531753938859 -0.0077107319003909122 0.0055016834506591084 -0.00057616832487956428
leaf_weight=797 39 20 780 42 30 639 58 93 32 37 41 26 21 27 32 28 36 85 20 23 181 62 51
leaf_count=797 39 20 780 42 30 639 58 93 32 37 41 26 21 27 32 28 36 85 20 23 181 62 51
internal_value=-0.00289063 -0.00375223 -0.00325697 -0.00214984 0.00317308 -0.00264235 -0.00118557 0.000633802 -0.0012963 0.00447368 0.00229167 0.00322785 0.00716216 0.010625 -0.000270271 0.00232087 0.00284983 0.00423077 0.00227273 0.00515625 -0.00375622 0.00010204 -7.04237e-05
internal_weight=3200 2805 2008 1228 104 1124 485 284 189 95 96 395 74 48 74 321 293 195 110 64 201 98 71
internal_count=3200 2805 2008 1228 104 1124 485 284 189 95 96 395 74 48 74 321 293 195 110 64 201 98 71
is_linear=0
shrinkage=0.05


Tree=66
num_leaves=24
num_cat=0
split_feature=0 0 0 5 0 0 5 5 5 5 14 14 14 14 14 14 14 5 0 0 14 5 5
split_gain=6.20092 0.733545 1.63983 1.36325 0.710978 1.54302 1.20146 1.02791 0.575791 0.543055 0.534195 0.489772 0.363618 0.351975 0.328002 0.32711 0.435556 0.308352 0.444177 1.47889 0.291717 0.368728 0.243001
threshold=6.5000000000000009 1.5000000000000002 4.5000000000000009 1.0295092369820498 3.5000000000000004 2.5000000000000004 1.2414035514114392 1.0547416650475265 1.227147445777961 1.0547416650475265 28684.310849662226 76371.433228275593 66976.985041961481 7056.2211278448804 15770.856201762525 3317.7473225239532 13152.116286833398 0.77788610054418517 2.5000000000000004 3.5000000000000004 96925.167375710022 1.018057812960534 1.1220565289214759
decision_type=2 2 2 2 2 2 2 2 2 2 2 2 2 2 2 2 2 2 2 2 2 2 2
left_child=1 -1 3 17 5 9 7 -6 11 -5 -9 12 15 -11 -15 -2 -17 18 -3 -20 -13 -22 -16
right_child=8 2 -4 4 6 -7 -8 10 -10 13 -12 20 -14 14 22 16 -18 -19 19 -21 21 -23 -24
leaf_value=-0.028730014939199799 -0.00082457175869677973 -0.0066476333578465406 -0.022858027506753292 -0.0075921192677745235 0.0019504003738830698 -0.012500360130203628 0.0011357365098964946 0.00063079176721083719 0.013003169797894096 -0.0023018993066643025 -0.0023938148450964145 0.0073932570948507404 -0.0060146956877320462 0.0024384151791762591 0.00206778385710411 0.0062921253025173852 0.0019599881027487368 -0.0081897736884472983 0.0037971181748502887 -0.0066188451152956358 0.010041404694559946 -0.001188956858547207 0.0003402465490396661
leaf_weight=797 47 58 780 24 23 173 30 34 31 22 77 22 20 20 35 25 200 561 45 55 27 23 71
leaf_count=797 47 58 780 24 23 173 30 34 31 22 77 22 20 20 35 25 200 561 45 55 27 23 71
internal_value=-0.00289063 -0.00371658 -0.00320717 -0.00206841 -8.84098e-05 -0.00137681 0.00262195 0.000597014 0.00297468 0.00197674 -0.0013964 0.00241758 0.00150685 0.00310811 0.00412698 0.00198529 0.00277778 -0.0034701 -0.00151899 0.000499999 0.00611111 0.004 0.00301887
internal_weight=3200 2805 2008 1228 509 345 164 134 395 172 111 364 292 148 126 272 225 719 158 100 72 50 106
internal_count=3200 2805 2008 1228 509 345 164 134 395 172 111 364 292 148 126 272 225 719 158 100 72 50 106
is_linear=0
shrinkage=0.05


Tree=67
num_leaves=24
num_cat=0
split_feature=0 0 0 9 5 3 12 5 5 0 5 9 9 14 9 5 14 9 1 0 14 9 5
split_gain=5.33166 0.860897 1.92452 1.40999 1.34618 1.1795 1.08108 0.897393 0.591252 0.575792 0.550316 1.04321 0.954545 0.484946 0.711667 0.901779 1.14104 0.601186 0.600325 0.392765 0.456269 0.3 0.267845
threshold=6.5000000000000009 1.5000000000000002 4.5000000000000009 29162.615900621426 0.94146943031383923 1.0000000180025095e-35 1.0000000180025095e-35 1.1955684557695698 1.1806958527762137 3.5000000000000004 1.1079439466420364 21452.479446433292 10864.541113782505 76371.433228275593 25071.130192709057 0.88809910615481324 9462.9304301184311 34611.944731937627 1.5000000000000002 2.5000000000000004 43809.8027345667 13541.841930171619 0.77788610054418517
decision_type=2 2 2 2 2 2 2 2 2 2 2 2 2 2 2 2 2 2 2 2 2 2 2
left_child=1 -1 3 4 -3 6 8 22 10 19 11 12 -6 14 15 -2 -17 -16 -19 20 -9 -7 -5
right_child=13 2 -4 7 5 21 -8 9 -10 -11 -12 -13 -14 -15 17 16 -18 18 -20 -21 -22 -23 -24
leaf_value=-0.027293514192239812 -0.0020553734755527878 -0.0064439797825962724 -0.021715126131415623 -0.0021057680624365855 0.00264781116975857 0.00025685791393609611 -0.011018555110968206 -0.0010638506825516685 -3.3460595593276414e-05 0.00056977416342283733 0.001956524246630668 0.0023874131129579305 -0.0014045346513093507 0.0099856631408232061 -0.00021539700604923716 0.003089340672023419 0.028228243911725903 0.0018696506989851114 0.011828669840047504 -0.017204258423558771 0.0010897813807211252 -0.00325089811443825 -0.0097483810634291651
leaf_weight=797 20 117 780 122 21 20 20 23 26 41 21 27 33 76 55 25 21 168 30 38 20 40 659
leaf_count=797 20 117 780 122 21 20 20 23 26 41 21 27 33 76 55 25 21 168 30 38 20 40 659
internal_value=-0.00284375 -0.00360963 -0.00305777 -0.00182411 0.000999999 0.00341346 0.00581081 -0.00284053 0.0075 0.00114754 0.00921569 0.00734568 0.00333333 0.00259494 0.00173981 0.00636364 0.0102174 0.000533596 0.00181818 -0.0012963 0.00197674 -0.0025 -0.00346351
internal_weight=3200 2805 2008 1228 325 208 148 903 128 122 102 81 54 395 319 66 46 253 198 81 43 60 781
internal_count=3200 2805 2008 1228 325 208 148 903 128 122 102 81 54 395 319 66 46 253 198 81 43 60 781
is_linear=0
shrinkage=0.05


Tree=68
num_leaves=24
num_cat=0
split_feature=0 0 0 9 14 0 9 14 9 9 9 9 9 3 9 9 9 1 3 14 9 9 14
split_gain=4.24456 0.905611 2.02448 1.32985 0.80609 0.616127 1.15245 0.496032 0.366736 0.662162 0.408043 0.545088 0.48948 0.325079 0.537778 0.286621 0.279231 0.192857 0.19082 0.18334 0.154087 0.55692 0.161307
threshold=6.5000000000000009 1.5000000000000002 4.5000000000000009 29162.615900621426 3566.5872263559145 2.5000000000000004 11428.034725753316 40268.213581264739 87812.851071081692 112083.73658157387 25071.130192709057 34611.944731937627 50987.4540483565 1.0000000180025095e-35 19221.205285152875 15135.933656478965 41791.601166393004 1.5000000000000002 1.0000000180025095e-35 17770.994919895984 127165.90873899132 134942.55005501499 12311.506343905523
decision_type=2 2 2 2 2 2 2 2 2 2 2 2 2 2 2 2 2 2 2 2 2 2 2
left_child=1 -1 3 4 -3 7 -7 13 10 -10 15 -12 16 14 -6 -2 17 -13 19 -8 22 -22 -5
right_child=8 2 -4 20 5 6 18 -9 9 -11 11 12 -14 -15 -16 -17 -18 -19 -20 -21 21 -23 -24
leaf_value=-0.025928838482627815 0.0019405302949085221 -0.0096227700682376145 -0.02062936982484484 -0.0010117573769078229 -0.0010701170168011178 0.00082468712621437299 -0.0036623732834121419 0.0021725045325342199 0.012085725638287637 0.0023899801987372765 -0.00020462715574675824 -0.0015457850332898089 -0.00036013188541619487 -0.0017786627304009043 0.0011903737173787083 0.012701396238171651 0.00569902703589665 0.0050182560837538151 -0.0044154016787464638 8.5912825388527139e-05 0.0019840083085674869 -0.008129167973992003 -0.0061339417338164785
leaf_weight=797 37 61 780 84 20 38 35 20 37 37 55 28 99 25 25 30 52 20 33 68 23 42 754
leaf_count=797 37 61 780 84 20 38 35 20 37 37 55 28 99 25 25 30 52 20 33 68 23 42 754
internal_value=-0.00289063 -0.00357398 -0.00300797 -0.00174267 0.000999999 0.00219697 0.000459769 0.00555555 0.00196202 0.00513513 0.00123053 0.000314959 0.00153266 0.00357143 0.00611111 0.00470149 0.004 0.00125 -0.00169118 -0.000631069 -0.00272979 -0.000384617 -0.0029117
internal_weight=3200 2805 2008 1228 325 264 174 90 395 74 321 254 199 70 45 67 100 48 136 103 903 65 838
internal_count=3200 2805 2008 1228 325 264 174 90 395 74 321 254 199 70 45 67 100 48 136 103 903 65 838
is_linear=0
shrinkage=0.05


Tree=69
num_leaves=24
num_cat=0
split_feature=0 0 0 5 9 0 5 0 5 5 12 0 14 9 9 9 5 5 0 0 0 5 0
split_gain=3.45415 0.951458 2.12696 1.52672 1.28589 0.956774 0.896916 0.833977 0.811928 0.521055 0.476157 0.45821 0.432706 0.427127 0.944101 0.509765 0.397599 0.45328 0.388014 1.19805 0.384163 0.504386 0.372487
threshold=6.5000000000000009 1.5000000000000002 4.5000000000000009 1.2414035514114392 29162.615900621426 3.5000000000000004 0.94146943031383923 2.5000000000000004 0.98562374541703368 0.88809910615481324 1.0000000180025095e-35 2.5000000000000004 75146.353914029707 25071.130192709057 38553.467222019863 46939.920867854038 1.0407689687275135 0.77788610054418517 2.5000000000000004 3.5000000000000004 2.5000000000000004 1.071550333734905 3.5000000000000004
decision_type=2 2 2 2 2 2 2 2 2 2 2 2 2 2 2 2 2 2 2 2 2 2 2
left_child=1 -1 3 4 6 7 -3 -5 -8 12 11 -10 -2 -11 -15 -16 17 18 -6 -20 21 -18 -22
right_child=9 2 -4 5 16 -7 8 -9 10 13 -12 -13 -14 14 15 -17 20 -19 19 -21 22 -23 -24
leaf_value=-0.024632396558496431 -0.00055447982805758005 -0.006133858403881743 -0.019597901333602601 0.00070380304526041241 -0.0057478687746206347 0.0011044099777424033 0.0020217095993018274 -0.015151137313380367 0.0011701257773769874 0.010065172654725797 -0.0096859249350537378 -1.0303227983330347e-06 0.0070967640799015838 -0.0008865303766784771 0.011621856838606132 0.0047241870425732135 -0.010086701750467398 -0.011256108721351217 0.0043676330482439419 -0.0054481854143264433 -0.017709531222153654 0.0013764424914843526 -0.0013716152455775189
leaf_weight=797 83 117 780 42 45 30 34 32 43 46 26 85 20 65 36 145 23 428 36 41 99 57 90
leaf_count=797 83 117 780 42 45 30 34 32 43 46 26 85 20 65 36 145 23 428 36 41 99 57 90
internal_value=-0.00292188 -0.00353833 -0.00295817 -0.00166124 -0.00219751 0.00413461 0.000573769 0.00108108 0.00271276 0.0014557 0.00116883 0.00242187 -0.00160194 0.00253425 0.00170732 0.00356353 -0.00322955 -0.004 -0.00131148 0.000844155 -0.00165428 0.00125 -0.0028836
internal_weight=3200 2805 2008 1228 1124 104 305 74 188 395 154 128 103 292 246 181 819 550 122 77 269 80 189
internal_count=3200 2805 2008 1228 1124 104 305 74 188 395 154 128 103 292 246 181 819 550 122 77 269 80 189
is_linear=0
shrinkage=0.05


Tree=70
num_leaves=24
num_cat=0
split_feature=0 0 0 5 9 0 5 0 0 0 14 4 14 4 14 5 9 9 1 14 5 5 5
split_gain=3.65679 0.928393 2.0754 1.54825 1.07887 0.956774 0.95049 0.833977 0.694832 0.683198 0.672078 0.797922 0.547307 0.396023 0.387881 0.403837 0.534874 0.777885 0.377856 0.342899 0.305426 0.280519 0.225
threshold=6.5000000000000009 1.5000000000000002 4.5000000000000009 1.2414035514114392 38990.141288798804 3.5000000000000004 0.94628108309837544 2.5000000000000004 2.5000000000000004 3.5000000000000004 11328.445229752868 1.0000000180025095e-35 21552.074334645626 1.0000000180025095e-35 105752.66853113325 0.88809910615481324 25071.130192709057 34611.944731937627 1.5000000000000002 9462.9304301184311 0.75950280318859287 1.3045710058769706 1.018057812960534
decision_type=2 2 2 2 2 2 2 2 2 2 2 2 2 2 2 2 2 2 2 2 2 2 2
left_child=1 -1 3 4 6 7 20 21 12 -10 -11 -12 13 -8 15 -2 19 -18 -19 -17 -3 -5 -16
right_child=14 2 -4 5 -6 -7 8 -9 9 10 11 -13 -14 -15 22 16 17 18 -20 -21 -22 -23 -24
leaf_value=-0.023400776730571605 -0.0005267558388004094 -0.001019035536135761 -0.018618006266922473 -6.8639529637497181e-05 -0.0067426027404881312 0.0010491894788552825 -0.002187263655549593 -0.01439358044771135 -0.0068183070438831254 -0.0038306585393907029 0.00027114205138473998 0.0025965188301848492 0.0019715913897635135 0.00034538922892234927 0.010795975626124223 0.0021193708642044677 -0.00083661440214639893 0.0034978882178129385 0.011569903810141032 0.025678503271494714 -0.0070076100360945519 0.0010363172305339835 0.012995469510884103
leaf_weight=797 93 47 780 22 639 30 39 32 95 23 50 27 38 20 20 25 43 151 22 21 146 20 20
leaf_count=797 93 47 780 22 639 30 39 32 95 23 50 27 38 20 20 25 43 151 22 21 146 20 20
internal_value=-0.00292188 -0.00355615 -0.00298307 -0.00170196 -0.00224199 0.00413461 -0.000463919 0.00108108 0.00133562 -0.000384617 0.0025 0.00474026 0.00479381 0.00177966 0.00158228 0.00105634 0.00206107 0.00101852 0.00251445 0.00695652 -0.00318653 0.00571428 0.00625
internal_weight=3200 2805 2008 1228 1124 104 485 74 292 195 100 77 97 59 395 355 262 216 173 46 193 42 40
internal_count=3200 2805 2008 1228 1124 104 485 74 292 195 100 77 97 59 395 355 262 216 173 46 193 42 40
is_linear=0
shrinkage=0.05


Tree=71
num_leaves=24
num_cat=0
split_feature=0 0 0 5 0 0 5 5 5 9 14 5 0 0 5 14 9 14 5 5 9 9 1
split_gain=3.23337 0.998436 2.09727 1.49585 0.605842 1.08387 1.32708 0.945455 0.665696 0.454744 0.536872 0.390222 0.388014 1.19805 0.372275 0.342471 0.33457 0.319147 0.313394 0.283824 1.40996 0.650903 0.274667
threshold=6.5000000000000009 1.5000000000000002 4.5000000000000009 1.0344057448195654 2.5000000000000004 3.5000000000000004 1.2414035514114392 1.0563481041487901 1.0642067587016844 28331.450605681934 37238.526862456951 0.77788610054418517 2.5000000000000004 3.5000000000000004 1.1502527327609748 28684.310849662226 31410.170769519074 129046.91055735455 1.13588926251181 1.1220565289214759 38131.026589853886 74347.249890632142 1.5000000000000002
decision_type=2 2 2 2 2 2 2 2 2 2 2 2 2 2 2 2 2 2 2 2 2 2 2
left_child=1 -1 3 9 8 16 7 -7 -5 10 -3 12 -11 -14 17 -9 18 -2 -6 20 -10 -21 -16
right_child=14 2 -4 4 5 6 -8 15 19 11 -12 -13 13 -15 22 -17 -18 -19 -20 21 -22 -23 -24
leaf_value=-0.022230737894043024 6.872683784710171e-06 -0.0026839350237474338 -0.017687105953576348 -0.0044753597598331243 0.00011709218313296938 0.0021351847094023368 0.00099673000491251498 0.00096380801473100171 0.0045866275796356991 -0.005123345198865193 0.0018179764712503662 -0.010207828190957356 0.0043888611441204066 -0.0048386460065857097 0.0092174420413475063 -0.0018803187935626194 -0.014711617405850284 0.010552519535345927 -0.0088077554071866217 1.264928919269143e-05 -0.00050715558305506356 0.0015676276912979532 0.0096428565321393309
leaf_weight=797 293 147 780 33 21 20 30 34 20 45 37 420 36 41 59 76 119 22 31 72 23 23 21
leaf_count=797 293 147 780 33 21 20 30 34 20 45 37 420 36 41 59 76 119 22 31 72 23 23 21
internal_value=-0.00290625 -0.00350267 -0.00290837 -0.00162052 0.000478086 -0.000770394 0.0021875 -1.19209e-09 0.00289474 -0.00307163 -0.000923914 -0.00380074 -0.00131148 0.000844155 0.00132911 -0.00181818 -0.00353801 0.000555554 -0.000192309 0.00442029 0.0077907 0.00289474 0.004375
internal_weight=3200 2805 2008 1228 502 331 160 130 171 726 184 542 122 77 395 110 171 315 52 138 43 95 80
internal_count=3200 2805 2008 1228 502 331 160 130 171 726 184 542 122 77 395 110 171 315 52 138 43 95 80
is_linear=0
shrinkage=0.05


Tree=72
num_leaves=24
num_cat=0
split_feature=0 0 0 5 9 5 5 5 9 0 14 5 0 5 5 0 14 9 5 14 14 2 3
split_gain=3.1622 1.07103 2.25466 1.2568 0.624419 0.802524 0.884358 0.552606 1.08337 1.08281 0.676749 0.775136 0.658945 0.493821 0.463194 0.457047 0.388159 0.517172 0.372275 0.319147 0.312554 0.303297 0.278542
threshold=6.5000000000000009 1.5000000000000002 4.5000000000000009 1.0295092369820498 28331.450605681934 0.94146943031383923 0.98562374541703368 1.2414035514114392 38990.141288798804 3.5000000000000004 7056.2211278448804 1.1341559608270042 2.5000000000000004 0.77788610054418517 0.69793972264986914 2.5000000000000004 43518.756093386022 27598.46094778119 1.1502527327609748 129046.91055735455 26018.048763670417 2028.0000000000002 1.0000000180025095e-35
decision_type=2 2 2 2 2 2 2 2 2 2 2 2 2 2 2 2 2 2 2 2 2 2 2
left_child=1 -1 3 4 5 -3 -7 8 10 12 -5 16 20 14 -6 -16 17 -12 19 -2 -9 -13 -10
right_child=18 2 -4 7 13 6 -8 9 22 -11 11 21 -14 -15 15 -17 -18 -19 -20 -21 -22 -23 -24
leaf_value=-0.021119200999340872 6.5290495954730638e-06 -0.0055291416216024115 -0.016802750655897529 -0.0063503990938039087 -0.0046622307568611717 0.0017311457262860462 -0.002971778305848155 4.6007219775393971e-05 -0.0093660628257154054 0.00094689350466688931 0.001370559872378455 -0.004613719403844598 -0.012938320555033266 -0.009670815864710176 -0.0044015392917896639 0.0035166996569702771 0.0037605059462601769 -0.00071421663457393999 0.0093229682815043329 0.010024893558578628 0.00091313581940133468 0.00043921207280242167 -0.00077171406711080178
leaf_weight=797 293 115 780 38 58 34 32 20 153 30 36 23 32 416 26 38 23 30 80 22 22 42 60
leaf_count=797 293 115 780 38 58 34 32 20 153 30 36 23 32 416 26 38 23 30 80 22 22 42 60
internal_value=-0.00285938 -0.0034492 -0.00283367 -0.00149837 -0.00284423 -0.000303869 0.00409091 0.000402749 -0.0004321 0.00365384 0.00229167 0.00376623 0.000405404 -0.00369889 -0.000901641 0.00203125 0.00679775 0.00484848 0.00132911 0.000555554 0.00452381 -0.000384617 -0.00288733
internal_weight=3200 2805 2008 1228 719 181 66 509 405 104 192 154 74 538 122 64 89 66 395 315 42 65 213
internal_count=3200 2805 2008 1228 719 181 66 509 405 104 192 154 74 538 122 64 89 66 395 315 42 65 213
is_linear=0
shrinkage=0.05


Tree=73
num_leaves=24
num_cat=0
split_feature=0 0 0 5 9 5 12 3 5 9 5 5 5 5 3 14 5 0 5 0 3 5 14
split_gain=3.1622 1.07103 2.25466 1.2568 0.512793 1.05285 0.665738 0.640564 0.606707 0.496002 0.63636 0.946179 0.461553 0.463194 0.457147 0.532887 0.655817 0.457047 0.447849 0.424075 0.525062 0.372275 0.319147
threshold=6.5000000000000009 1.5000000000000002 4.5000000000000009 1.0295092369820498 37942.30798857702 1.2517075098283645 1.0000000180025095e-35 1.0000000180025095e-35 1.2908549240594931 28331.450605681934 0.94146943031383923 0.97697385171132567 0.77788610054418517 0.69793972264986914 1.0000000180025095e-35 34458.341138301053 1.1762062948085645 2.5000000000000004 1.1049994716051605 2.5000000000000004 1.0000000180025095e-35 1.1502527327609748 129046.91055735455
decision_type=2 2 2 2 2 2 2 2 2 2 2 2 2 2 2 2 2 2 2 2 2 2 2
left_child=1 -1 3 9 6 19 8 -7 14 10 -3 -12 13 -11 15 16 18 -15 -5 20 -6 22 -2
right_child=21 2 -4 4 5 7 -8 -9 -10 12 11 -13 -14 17 -16 -17 -18 -19 -20 -21 -22 -23 -24
leaf_value=-0.020063240949373829 6.2025971157133546e-06 -0.0052526845405222941 -0.015962613123102657 0.0017109688297772215 -0.0062072040478521814 0.0010717267451761949 -0.0067186238210853351 -2.6585876288059985e-05 -0.020651804470924264 -0.0044291192190181157 0.0018772670556953298 -0.001309678309438571 -0.0091872750714746716 -0.0041814623272001762 -1.4654702045594372e-05 0.00064564930830988791 0.00023237598407880022 0.0033408646741217665 0.0016848498910237717 -0.0093338392612323622 0.0059293397103209813 0.0088568198674291356 0.0095236488806496929
leaf_weight=797 293 115 780 31 51 41 28 20 20 58 25 41 416 26 49 46 28 38 20 155 20 80 22
leaf_count=797 293 115 780 31 51 41 28 20 20 58 25 41 416 26 49 46 28 38 20 155 20 80 22
internal_value=-0.00285938 -0.0034492 -0.00283367 -0.00149837 0.000402749 -0.000993033 0.00220721 0.00483606 0.00324742 -0.00284423 -0.000580112 0.00333333 -0.00360595 -0.000901641 0.0041954 0.0058 0.00829114 0.00203125 0.0116667 -0.00256637 0.000633802 0.00132911 0.000555554
internal_weight=3200 2805 2008 1228 509 287 222 61 194 719 181 66 538 122 174 125 79 64 51 226 71 395 315
internal_count=3200 2805 2008 1228 509 287 222 61 194 719 181 66 538 122 174 125 79 64 51 226 71 395 315
is_linear=0
shrinkage=0.05


Tree=74
num_leaves=24
num_cat=0
split_feature=0 0 0 5 0 0 5 5 14 5 5 14 5 2 14 5 0 0 5 5 1 5 5
split_gain=3.23337 0.998436 2.09727 1.05912 0.524376 1.11724 0.938706 0.512504 0.510606 0.502735 0.372275 0.319147 0.303719 0.586029 0.347282 0.302073 0.571156 1.57646 0.436864 0.467882 0.274667 0.25 0.249361
threshold=6.5000000000000009 1.5000000000000002 4.5000000000000009 1.038126752772407 2.5000000000000004 3.5000000000000004 1.2414035514114392 1.060018606518166 28684.310849662226 1.0547416650475265 1.1502527327609748 129046.91055735455 1.1580801999606674 2028.0000000000002 43809.8027345667 0.77788610054418517 3.5000000000000004 2.5000000000000004 0.92065741668095546 0.98562374541703368 1.5000000000000002 0.7234857934403881 1.1165143622608402
decision_type=2 2 2 2 2 2 2 2 2 2 2 2 2 2 2 2 2 2 2 2 2 2 2
left_child=1 -1 3 15 9 -6 7 -7 -9 -5 11 22 -11 -14 -15 16 17 -3 -17 -20 -12 -19 -2
right_child=10 2 -4 4 5 6 -8 8 -10 12 20 -13 13 14 -16 18 -18 21 19 -21 -22 -23 -24
leaf_value=-0.019060078901905139 3.9664962385744913e-05 -0.004575633056460332 -0.015164482466947519 -0.0060381765512635428 -0.0089238022053916982 0.0018677259360648378 0.00086513599156351918 0.0013335877707669117 -0.0018068014699203459 0.0016386153477401329 0.0078475805318335128 0.0090474664366172238 -0.0028146636892088322 0.00018248170968614681 0.0010181404786560161 -0.009834857008347719 -0.0053673238782027902 0.0027442827427962332 -0.0012441948738104258 -0.0043856605739763478 0.008251724298085749 0.0044421270322499507 -0.0024074042468833741
leaf_weight=797 271 58 780 20 169 20 30 34 72 69 59 22 25 33 21 271 55 25 171 135 21 20 22
leaf_count=797 271 58 780 20 169 20 30 34 72 69 59 22 25 33 21 271 55 25 171 135 21 20 22
internal_value=-0.00290625 -0.00350267 -0.00290837 -0.00162052 0.000172413 -0.001 0.00205128 0.000158729 -0.00122642 0.00244047 0.00132911 0.000555554 0.00344594 0.00132911 0.00425926 -0.00282313 -0.000886077 0.00131068 -0.00335355 -0.00205882 0.004375 0.00833333 0.000119453
internal_weight=3200 2805 2008 1228 493 325 156 126 106 168 395 315 148 79 54 735 158 103 577 306 80 45 293
internal_count=3200 2805 2008 1228 493 325 156 126 106 168 395 315 148 79 54 735 158 103 577 306 80 45 293
is_linear=0
shrinkage=0.05


Tree=75
num_leaves=24
num_cat=0
split_feature=0 0 0 5 14 9 5 9 9 9 5 5 5 14 5 5 0 5 9 9 12 0 5
split_gain=3.1622 1.07103 2.25466 1.13028 0.516743 0.882389 0.53515 0.839678 0.529375 0.466001 0.63636 0.67402 0.451613 0.432653 0.430374 0.463194 0.457047 0.378466 0.360529 0.631458 0.438961 0.355278 0.536508
threshold=6.5000000000000009 1.5000000000000002 4.5000000000000009 1.0295092369820498 7056.2211278448804 27598.46094778119 1.2517075098283645 47392.688520517637 38990.141288798804 28331.450605681934 0.94146943031383923 0.98562374541703368 1.0889433893954059 43518.756093386022 0.77788610054418517 0.69793972264986914 2.5000000000000004 0.89145594291848762 28005.996473395364 34611.944731937627 1.0000000180025095e-35 2.5000000000000004 1.1142091480819183
decision_type=2 2 2 2 2 2 2 2 2 2 2 2 2 2 2 2 2 2 2 2 2 2 2
left_child=1 -1 3 9 -5 12 8 -8 13 10 -3 -12 -6 -7 15 -11 -17 -2 20 -20 -19 22 -10
right_child=17 2 -4 4 5 6 7 -9 21 14 11 -13 -14 -15 -16 16 -18 18 19 -21 -22 -23 -24
leaf_value=-0.018107074956809882 -0.00031714640871058407 -0.0049330460992494324 -0.014406258343600147 -0.0034249450167141747 0.0015320346897351594 -0.00087485147646848614 -0.0037737199912838675 0.00086338858799058036 -0.0078174310037016029 -0.0040886798448499266 0.0016129348308775025 -0.0025384224463850078 0.00067222192490256618 0.0056988225690040376 -0.0083706519024586302 -0.0037436075580171545 0.0029771826782574299 0.0074847583011621354 -0.0019042358636519202 0.0045668796448622628 -0.0029743949154831433 -0.0088108624528228079 0.0029999527194810487
leaf_weight=797 106 115 780 58 21 52 29 48 35 58 34 32 72 23 416 26 38 35 33 201 20 143 28
leaf_count=797 106 115 780 58 21 52 29 48 35 58 34 32 72 23 416 26 38 35 33 201 20 143 28
internal_value=-0.00285938 -0.0034492 -0.00283367 -0.00149837 0.000304517 0.00087583 -0.000251398 0.00344156 -0.00126335 -0.00277469 -0.000580112 0.00333333 0.00521505 0.00233333 -0.00351301 -0.000901641 0.00203125 0.00132911 0.00226643 0.00141026 0.00590909 -0.00257282 0.000555554
internal_weight=3200 2805 2008 1228 509 451 358 77 281 719 181 66 93 75 538 122 64 395 289 234 55 206 63
internal_count=3200 2805 2008 1228 509 451 358 77 281 719 181 66 93 75 538 122 64 395 289 234 55 206 63
is_linear=0
shrinkage=0.05


Tree=76
num_leaves=24
num_cat=0
split_feature=0 0 0 5 12 9 5 5 9 9 9 5 5 14 5 5 5 0 3 2 5 9 3
split_gain=2.79148 1.12084 2.36275 1.27911 0.497074 0.858368 0.578634 0.496913 0.806592 0.479154 0.466001 0.63636 0.67402 0.44481 0.436731 0.430374 0.463194 0.457047 0.362312 0.262779 0.259581 0.257287 0.23489
threshold=6.5000000000000009 1.5000000000000002 4.5000000000000009 1.0295092369820498 1.0000000180025095e-35 27598.46094778119 1.0889433893954059 1.2517075098283645 47392.688520517637 38990.141288798804 28331.450605681934 0.94146943031383923 0.98562374541703368 43518.756093386022 1.1502527327609748 0.77788610054418517 0.69793972264986914 2.5000000000000004 1.0000000180025095e-35 2028.0000000000002 1.1165143622608402 35905.365529087969 1.0000000180025095e-35
decision_type=2 2 2 2 2 2 2 2 2 2 2 2 2 2 2 2 2 2 2 2 2 2 2
left_child=1 -1 3 10 5 6 -5 9 -9 13 11 -3 -13 21 20 16 -12 -18 -11 -8 -2 -7 -17
right_child=14 2 -4 4 -6 7 19 8 -10 18 15 12 -14 -15 -16 22 17 -19 -20 -21 -22 -23 -24
leaf_value=-0.01720172120896939 0.00042332723030256411 -0.0046863937942869631 -0.013685945426420135 0.0015087568731730417 -0.0048056131190961646 -0.0024285111099095306 -0.00012481017949569797 -0.0035850339917196695 0.00080538418773476927 -0.0082443756378105665 -0.0038842458526074349 0.0015322880893336253 -0.002411501324065762 0.0054138814405538371 0.0077750693576811641 -0.0098677258384482214 -0.0035564271801163012 0.0028283235443445592 0.0002144299105790601 0.0006536021509329251 -0.0025153780167823021 0.00067700468376980763 -0.0048200211467316241
leaf_weight=797 293 115 780 28 38 30 27 29 49 152 58 34 32 23 80 304 26 38 59 51 22 23 112
leaf_count=797 293 115 780 28 38 30 27 29 49 152 58 34 32 23 80 304 26 38 59 51 22 23 112
internal_value=-0.00285938 -0.00341355 -0.00278387 -0.00141694 0.000500981 0.000944797 0.00490566 -0.000205481 0.00333333 -0.00116725 -0.00277469 -0.000580112 0.00333333 0.00223684 0.00107595 -0.00351301 -0.000901641 0.00203125 -0.00239337 0.00269231 0.000238094 -0.00028302 -0.00427885
internal_weight=3200 2805 2008 1228 509 471 106 365 78 287 719 181 66 76 395 538 122 64 211 78 315 53 416
internal_count=3200 2805 2008 1228 509 471 106 365 78 287 719 181 66 76 395 538 122 64 211 78 315 53 416
is_linear=0
shrinkage=0.05


Tree=77
num_leaves=24
num_cat=0
split_feature=0 0 0 5 0 0 5 5 5 5 9 14 5 5 0 9 9 5 4 5 1 9 5
split_gain=2.8137 1.09579 2.30839 1.20355 0.482756 0.738908 0.86056 1.08374 0.637335 0.436731 0.356068 0.525675 0.400286 0.463194 0.457047 0.349873 0.622109 1.14426 0.304449 0.517927 0.274667 0.384261 0.259581
threshold=6.5000000000000009 1.5000000000000002 4.5000000000000009 1.0295092369820498 2.5000000000000004 3.5000000000000004 1.2763659920887931 1.0547416650475265 1.0547416650475265 1.1502527327609748 28331.450605681934 37238.526862456951 0.77788610054418517 0.69793972264986914 2.5000000000000004 74347.249890632142 39606.007584924839 1.1220565289214759 1.0000000180025095e-35 0.94146943031383923 1.5000000000000002 63155.904534327601 1.1165143622608402
decision_type=2 2 2 2 2 2 2 2 2 2 2 2 2 2 2 2 2 2 2 2 2 2 2
left_child=1 -1 3 10 8 -6 7 -7 -5 22 11 18 13 -12 -15 16 17 -10 -3 -20 21 -11 -2
right_child=9 2 -4 4 5 6 -8 -9 15 20 12 -13 -14 14 -16 -17 -18 -19 19 -21 -22 -23 -24
leaf_value=-0.016341635148520921 0.00040216086878741824 -0.0032071598177121768 -0.013001648155099127 -0.0060685549866944955 -0.0079725614489643739 0.0012263321910699534 0.0011033026262129231 -0.00014489222802709 0.0047594619271251887 -0.0021600951173542443 -0.0036900335599770657 0.001451605606268753 -0.0075820523569357966 -0.0033786058211104871 0.0026869073671273351 0.0018876912519416645 -0.00077875582470791687 -0.00028072966244595607 -0.0048327834373923925 0.0021493528513613523 0.0072220406330542816 0.015779661787817551 -0.0023896091159431952
leaf_weight=797 293 93 780 24 173 23 22 119 27 35 58 37 416 26 38 34 48 39 30 21 21 24 22
leaf_count=797 293 93 780 24 173 23 22 119 27 35 58 37 416 26 38 34 48 39 30 21 21 24 22
internal_value=-0.002875 -0.00343137 -0.00280877 -0.00145766 0.000402749 -0.000697331 0.00170732 0.000281689 0.00255814 0.00107595 -0.00277469 -0.000856355 -0.00342008 -0.000901641 0.00203125 0.00378378 0.00245614 0.00560606 -0.00222222 0.000882352 0.004375 0.00262712 0.000238094
internal_weight=3200 2805 2008 1228 509 337 164 142 172 395 719 181 538 122 64 148 114 66 144 51 80 59 315
internal_count=3200 2805 2008 1228 509 337 164 142 172 395 719 181 538 122 64 148 114 66 144 51 80 59 315
is_linear=0
shrinkage=0.05


Tree=78
num_leaves=24
num_cat=0
split_feature=0 0 0 5 0 9 14 5 5 5 5 9 9 14 5 5 5 0 9 5 0 3 1
split_gain=2.85838 1.04655 2.06779 1.08911 0.665776 0.566181 0.7859 0.498701 0.436731 0.434977 1.36648 0.383333 0.473485 0.375535 0.410137 0.364789 0.414767 0.406836 0.356344 0.322611 0.445514 0.317936 0.361129
threshold=6.5000000000000009 1.5000000000000002 4.5000000000000009 1.0642067587016844 2.5000000000000004 29162.615900621426 37238.526862456951 0.92065741668095546 1.1502527327609748 1.2517075098283645 1.2970848416299134 74347.249890632142 57174.101197701391 7056.2211278448804 1.1220565289214759 0.78373573599831148 0.69793972264986914 2.5000000000000004 50647.058283159517 0.94146943031383923 3.5000000000000004 1.0000000180025095e-35 1.0000000180025095e-35
decision_type=2 2 2 2 2 2 2 2 2 2 2 2 2 2 2 2 2 2 2 2 2 2 2
left_child=1 -1 3 5 11 6 19 -8 -2 18 -11 12 13 -5 -15 16 -7 -18 -6 -3 -21 -17 -23
right_child=8 2 -4 4 9 15 7 -9 -10 10 -12 -13 -14 14 -16 21 17 -19 -20 20 -22 22 -24
leaf_value=-0.015524553391094875 8.8237895293147394e-06 -0.0049283219849530473 -0.012351565747344175 -0.0010663236593315571 -2.8185461194599704e-05 -0.0035055318819782163 -0.0034778592631048879 0.0035443775406376202 0.0069824265582874318 0.0008101852975313851 -0.0026203961037121869 0.0020943400539027326 -0.0027507118371080845 0.0013130974525469917 0.00046245496551559667 -0.008750783738170613 -0.0032187179872437107 0.0024997515100962371 -0.0084931005131427869 -0.0014127612761287711 0.00049724467629224636 0.0016412223911670125 -0.0072062529120959897
leaf_weight=797 315 92 780 20 139 58 20 22 80 23 33 30 20 22 46 345 27 41 86 43 29 45 87
leaf_count=797 315 92 780 20 139 58 20 22 80 23 33 30 20 22 46 345 27 41 86 43 29 45 87
internal_value=-0.00290625 -0.00346702 -0.00285857 -0.00157981 0.000489259 -0.00265142 -0.000388351 0.00571428 0.00107595 -0.000907475 0.00303571 0.00333333 0.00194444 0.00352273 0.00529412 -0.00342455 -0.00103175 0.00161765 -0.00188889 -0.00195122 0.000555554 -0.0040566 -0.0019697
internal_weight=3200 2805 2008 1228 419 809 206 42 395 281 56 138 108 88 68 603 126 68 225 164 72 477 132
internal_count=3200 2805 2008 1228 419 809 206 42 395 281 56 138 108 88 68 603 126 68 225 164 72 477 132
is_linear=0
shrinkage=0.05


Tree=79
num_leaves=24
num_cat=0
split_feature=0 0 0 5 14 0 0 5 5 5 5 2 14 14 9 14 9 5 9 5 5 5 0
split_gain=2.63629 1.12084 2.08962 1.1566 0.507731 0.488125 0.857313 1.04609 0.882038 0.754464 0.502976 0.879781 0.437318 0.416234 0.375067 0.967378 0.316223 0.314738 0.3 0.259581 0.250216 0.231219 0.420898
threshold=6.5000000000000009 1.5000000000000002 4.5000000000000009 1.038126752772407 7056.2211278448804 2.5000000000000004 3.5000000000000004 1.2517075098283645 1.0729849430770824 1.071550333734905 1.1220565289214759 2028.0000000000002 43809.8027345667 28684.310849662226 11428.034725753316 22461.179490210492 31939.943116517414 1.1502527327609748 42081.505321179349 1.1165143622608402 1.1475644911162104 0.78373573599831148 3.5000000000000004
decision_type=2 2 2 2 2 2 2 2 2 2 2 2 2 2 2 2 2 2 2 2 2 2 2
left_child=1 -1 3 14 -5 9 16 8 -8 -6 -11 -12 -13 -10 15 -3 20 19 -19 -2 -7 22 -16
right_child=17 2 -4 4 5 6 7 -9 13 10 11 12 -14 -15 21 -17 -18 18 -20 -21 -22 -23 -24
leaf_value=-0.014748325721540135 0.0003816116358715264 -0.0049795372594131221 -0.011733987459976966 -0.0027328007948853776 -0.0023065107546398306 0.00065832325350792498 0.0025973958228432815 0.00097877927263949533 0.0014786803369510248 0.0019328129954814235 -0.002683535902507131 0.00013166272639486781 0.0012884100002438761 -0.0018283547905379963 6.2581716456989943e-05 0.0041150100110855714 -0.012616207137270102 0.00090241303078584286 0.009045842327088157 -0.0022705698496224866 -0.012070559302889729 -0.0051357417925561718 -0.0055259067036493087
leaf_weight=797 293 37 780 56 32 20 25 23 21 28 23 33 28 68 99 20 114 48 32 22 22 527 52
leaf_count=797 293 37 780 56 32 20 25 23 21 28 23 33 28 68 99 20 114 48 32 22 22 527 52
internal_value=-0.002875 -0.00341355 -0.00278387 -0.00149837 0.000375252 0.000949656 -0.000221844 0.00266423 0.000701753 0.00333333 0.00526786 0.00333333 0.00647541 -0.00162921 -0.0027551 0.00114035 -0.00275641 0.000949366 0.00375 0.000238094 0.00095238 -0.0030826 -0.00135762
internal_weight=3200 2805 2008 1228 493 437 293 137 114 144 112 84 61 89 735 57 156 395 80 315 42 678 151
internal_count=3200 2805 2008 1228 493 437 293 137 114 144 112 84 61 89 735 57 156 395 80 315 42 678 151
is_linear=0
shrinkage=0.05


end of trees

feature_importances:
scale=586
min_habitat_m=334
min_water_m=281
type_idx=242
country_idx=45
horizon_year=43
cooling=37
buffer=16
water_hits=9
habitat_proximity=3

parameters:
[boosting: gbdt]
[objective: quantile]
[metric: quantile]
[tree_learner: serial]
[device_type: cpu]
[data_sample_strategy: bagging]
[data: ]
[valid: ]
[num_iterations: 80]
[learning_rate: 0.05]
[num_leaves: 24]
[num_threads: 0]
[seed: 7]
[deterministic: 0]
[force_col_wise: 0]
[force_row_wise: 0]
[histogram_pool_size: -1]
[max_depth: -1]
[min_data_in_leaf: 20]
[min_sum_hessian_in_leaf: 0.001]
[bagging_fraction: 1]
[pos_bagging_fraction: 1]
[neg_bagging_fraction: 1]
[bagging_freq: 0]
[bagging_seed: 17422]
[bagging_by_query: 0]
[feature_fraction: 0.9]
[feature_fraction_bynode: 1]
[feature_fraction_seed: 7040]
[extra_trees: 0]
[extra_seed: 6516]
[early_stopping_round: 0]
[early_stopping_min_delta: 0]
[first_metric_only: 0]
[max_delta_step: 0]
[lambda_l1: 0]
[lambda_l2: 0]
[linear_lambda: 0]
[min_gain_to_split: 0]
[drop_rate: 0.1]
[max_drop: 50]
[skip_drop: 0.5]
[xgboost_dart_mode: 0]
[uniform_drop: 0]
[drop_seed: 15215]
[top_rate: 0.2]
[other_rate: 0.1]
[min_data_per_group: 100]
[max_cat_threshold: 32]
[cat_l2: 10]
[cat_smooth: 10]
[max_cat_to_onehot: 4]
[top_k: 20]
[monotone_constraints: ]
[monotone_constraints_method: basic]
[monotone_penalty: 0]
[feature_contri: ]
[forcedsplits_filename: ]
[refit_decay_rate: 0.9]
[cegb_tradeoff: 1]
[cegb_penalty_split: 0]
[cegb_penalty_feature_lazy: ]
[cegb_penalty_feature_coupled: ]
[path_smooth: 0]
[interaction_constraints: ]
[verbosity: -1]
[saved_feature_importance_type: 0]
[use_quantized_grad: 0]
[num_grad_quant_bins: 4]
[quant_train_renew_leaf: 0]
[stochastic_rounding: 1]
[linear_tree: 0]
[max_bin: 255]
[max_bin_by_feature: ]
[min_data_in_bin: 3]
[bin_construct_sample_cnt: 200000]
[data_random_seed: 61]
[is_enable_sparse: 1]
[enable_bundle: 1]
[use_missing: 1]
[zero_as_missing: 0]
[feature_pre_filter: 1]
[pre_partition: 0]
[two_round: 0]
[header: 0]
[label_column: ]
[weight_column: ]
[group_column: ]
[ignore_column: ]
[categorical_feature: ]
[forcedbins_filename: ]
[precise_float_parser: 0]
[parser_config_file: ]
[objective_seed: 15521]
[num_class: 1]
[is_unbalance: 0]
[scale_pos_weight: 1]
[sigmoid: 1]
[boost_from_average: 1]
[reg_sqrt: 0]
[alpha: 0.9]
[fair_c: 1]
[poisson_max_delta_step: 0.7]
[tweedie_variance_power: 1.5]
[lambdarank_truncation_level: 30]
[lambdarank_norm: 1]
[label_gain: ]
[lambdarank_position_bias_regularization: 0]
[eval_at: ]
[multi_error_top_k: 1]
[auc_mu_weights: ]
[num_machines: 1]
[local_listen_port: 12400]
[time_out: 120]
[machine_list_filename: ]
[machines: ]
[gpu_platform_id: -1]
[gpu_device_id: -1]
[gpu_device_id_list: ]
[gpu_use_dp: 0]
[num_gpu: 1]

end of parameters

pandas_categorical:null
