tree
version=v4
num_class=1
num_tree_per_iteration=1
label_index=0
max_feature_idx=37
objective=quantile
feature_names=type_idx country_idx horizon_year cooling buffer scale nearby_500m nearby_2km nearby_highway_2km min_habitat_m habitat_hits habitat_proximity water_hits water_overlap min_water_m min_road_km snow_mm precip_mm has_gbif has_roadkill has_osm_roads has_open_meteo gbif_myotis_myotis gbif_meles_meles gbif_castor_fiber gbif_alcedo_atthis gbif_bombina_variegata gbif_alauda_arvensis gbif_podiceps_cristatus gbif_acrocephalus_scirpaceus gbif_lutra_lutra gbif_ciconia_ciconia gbif_cervus_elaphus gbif_count_500m gbif_count_2km gbif_suitability roadkill_intensity_2km roadkill_count_2km
feature_infos=-1:6:5:2:4:0:7:3:1 -1:0:1:2 [2026:2040] [0:1] [0:1] [0.40000000000000002:2] [0:3] [0:3] [0:3] [0:125011.43205326654] [0:6] [0:3] [0:5] [0:1] [44.225848332120513:209444.01326761045] [0.16774822241364587:228.22479370757517] [0:4.4129166666666659] [0:89.364999999999995] [0:1] [0:1] [0:1] [0:1] none none none none none none none none none [0:1.0918136539803009] none none [0:37] [0:3.2117718603482626] [0:17.727708328222089] [0:15]
tree_sizes=2105 2280 2280 2211 2236 2214 2209 2228 2222 2242 2209 2228 2305 2247 2264 2235 2251 2287 2247 2258 2274 2242 2232 2220 2222 2237 2233 2246 2245 2258 2289 2235 2257 2248 2261 2258 2233 2243 2248 2244 2246 2252 2275 2247 2237 2254 2267 2245 2267 2208 2232 2239 2237 2224 2220 2247 2252 2222 2264 2281 2208 2246 2243 2232 2205 2236 2249 2198 2292 2275 2253 2260 2255 2234 2269 2262 2247 2223 2272 2273 2279 2261 2267 2282 2262 2274 2270 2277 2265 2241 2293 2270 2282 2255 2268 2252 2261 2266 2259 2230 2232 2247 2238 2230 2260 2259 2249 2239 2240 2240 2257 2248 2272 2235 2267 2278 2255 2266 2256 2268

Tree=0
num_leaves=24
num_cat=3
split_feature=0 7 5 7 2 16 5 1 9 0 7 14 3 14 9 5 5 5 3 9 14 5 16
split_gain=102.579 101.227 2.16417 1.639 1.59476 1.59145 1.35716 1.14372 1.0231 0.984513 1.3228 0.964764 1.19566 0.815738 1.05282 0.950433 0.966667 0.75901 0.693362 0.813339 0.677249 0.536409 0.797618
threshold=0 1.0000000180025095e-35 1.4308953954205845 1.5000000000000002 2032.5000000000002 1.756416666666667 0.98661854419696859 1 6991.1919435472937 2 1.0000000180025095e-35 92463.070426911567 1.0000000180025095e-35 25894.196276986095 319.99629709843435 1.1742771550500766 1.0658108544522935 1.2994426869863489 1.0000000180025095e-35 24222.984172534485 126384.68706913943 0.93269690608366818 1.4758333333333338
decision_type=1 2 2 2 2 2 2 1 2 1 2 2 2 2 2 2 2 2 2 2 2 2 2
left_child=1 2 4 17 7 6 20 -1 -8 10 21 12 -7 -9 -15 16 18 -3 19 -16 -6 -2 -23
right_child=9 3 -4 -5 5 11 8 13 -10 -11 -12 -13 -14 14 15 -17 -18 -19 -20 -21 -22 22 -24
leaf_value=0.47530663450318944 0.48113183291720085 0.47953965069649185 0.47340218695444691 0.48493320198618328 0.47275838190263159 0.4732990354317903 0.47428782582996831 0.47281355562631411 0.47223548979093616 0.49412736119907474 0.48851636501578116 0.47226184845501978 0.47242810100570698 0.47349695088571253 0.47480469021437149 0.47178989208136829 0.47276317784281519 0.47522358343105026 0.47289147794326636 0.471893082426809 0.47380448282325649 0.47668659303566979 0.47991115973058562
leaf_weight=32 105 141 39 341 54 63 46 21 45 2630 251 22 23 50 39 26 20 24 33 24 21 43 106
leaf_count=32 105 141 39 341 54 63 46 21 45 2630 251 22 23 50 39 26 20 24 33 24 21 43 106
internal_value=0.479187 0.465845 0.451034 0.481915 0.45018 0.452801 0.455875 0.447249 0.45177 0.483743 0.481567 0.448077 0.450467 0.445925 0.446948 0.444751 0.446688 0.477824 0.444605 0.44768 0.460855 0.47907 0.477141
internal_weight=4199 1064 558 506 519 274 166 245 91 3135 505 108 86 213 192 142 116 165 96 63 75 254 149
internal_count=4199 1064 558 506 519 274 166 245 91 3135 505 108 86 213 192 142 116 165 96 63 75 254 149
cat_boundaries=0 1 2 3
cat_threshold=33 4 2
is_linear=0
shrinkage=1


Tree=1
num_leaves=24
num_cat=0
split_feature=7 10 14 15 15 10 15 15 11 11 10 4 11 3 16 15 14 14 14 14 16 14 14
split_gain=29.0589 2.94001 1.56386 1.18381 1.21924 1.15361 1.05048 1.04677 1.11029 3.10208 0.835348 0.834198 0.730544 0.925776 0.774905 1.08153 0.711285 1.60368 0.663557 0.695181 0.536488 0.508585 1.61555
threshold=1.0000000180025095e-35 3.5000000000000004 38805.750356553144 60.404382317582623 162.51574026185963 1.5000000000000002 167.40759357872378 10.561263651809165 1.0099408151689924 0.88254611328137822 2.5000000000000004 1.0000000180025095e-35 0.78085163771579114 1.0000000180025095e-35 2.1729166666666671 25.656833035084436 48785.083576663041 58352.427300423915 15224.15924458223 31746.985827870991 1.0000000180025095e-35 80163.209643722032 64249.445123386446
decision_type=2 2 2 2 2 2 2 2 2 2 2 2 2 2 2 2 2 2 2 2 2 2 2
left_child=1 2 5 12 20 18 -6 -7 9 -9 -10 -8 14 -14 16 -16 -4 -18 -1 -20 -5 22 -22
right_child=-2 -3 3 4 6 7 11 8 10 -11 -12 -13 13 -15 15 -17 17 -19 19 -21 21 -23 -24
leaf_value=0.0017024911955950046 0.0074525987856630498 -0.005664362356719803 -0.00080736757573441069 -0.0034218700907623413 -0.0053802182441224436 0.003379488319574723 -0.0043949052606318496 -0.0025887298879165507 0.0016504525560105657 -0.0046301717917918983 -0.001019876127892765 0.0012773534382308225 0.00051398502626736015 -0.0036649275281777196 -0.0042842152660551251 -0.0063872305391832335 -0.0062677978089249742 -0.0023652235331106256 -0.0018673199404602228 0.0014220488127307544 -9.6929977183993221e-05 -0.0013403215730842838 -0.0046357831446444146
leaf_weight=152 2049 31 58 109 21 33 62 73 73 20 22 26 57 21 54 20 38 135 227 97 130 541 150
leaf_count=152 2049 31 58 109 21 33 62 73 73 20 22 26 57 21 54 20 38 135 227 97 130 541 150
internal_value=0.000153608 -0.00390698 -0.00368334 -0.00463432 -0.00375842 -0.00174318 -0.00876147 -0.00472851 -0.00617021 -0.0100538 -0.00236842 -0.00636364 -0.00701044 -0.00269231 -0.00811475 -0.0125676 -0.00668831 -0.0082948 -0.000357143 -0.0016358 -0.00317204 -0.00273447 -0.00446429
internal_weight=4199 2150 2119 1422 1039 697 109 221 188 93 95 88 383 78 305 74 231 173 476 324 930 821 280
internal_count=4199 2150 2119 1422 1039 697 109 221 188 93 95 88 383 78 305 74 231 173 476 324 930 821 280
is_linear=0
shrinkage=0.05


Tree=2
num_leaves=24
num_cat=1
split_feature=7 10 9 14 15 10 14 15 11 9 19 9 10 9 15 9 5 5 15 5 15 5 1
split_gain=27.2687 3.00297 1.86641 1.63537 1.02458 1.22779 1.66185 0.912069 0.907729 1.92178 1.12111 0.904596 2.76731 1.54879 1.06626 0.994716 0.988782 0.9 0.875341 0.780104 0.74149 0.71771 0.844138
threshold=1.0000000180025095e-35 3.5000000000000004 53875.640890162242 138355.03624647748 10.561263651809165 1.5000000000000002 15224.15924458223 162.51574026185963 1.008575700215985 70.861480953857779 1.0000000180025095e-35 2116.1834180581504 1.0000000180025095e-35 4037.04472413953 68.033336041550726 22378.178679275454 0.94147667905431387 1.0444469704850843 60.810578974456057 1.0687437210359148 49.275676341764047 1.3771122059273162 0
decision_type=2 2 2 2 2 2 2 2 2 2 2 2 2 2 2 2 2 2 2 2 2 2 1
left_child=1 2 4 17 -1 6 -6 -5 9 -7 -10 21 13 -13 15 16 -15 -4 -11 -18 -17 22 -8
right_child=-2 -3 3 7 5 8 11 -9 10 18 -12 12 -14 14 -16 20 19 -19 -20 -21 -22 -23 -24
leaf_value=0.0034859726724709482 0.0070799688463798957 -0.0053811442388838129 -0.0065410175713087274 0.00051056953578244022 0.0015886580788763668 -0.0042413304868395407 0.002042604432054678 -0.0041905008567314998 -0.0039129682011864791 -0.0015128366775576951 -0.0014579273074208246 0.004361946207883622 -0.0042095780232544316 -0.0018083482578032817 -0.0016983399908447848 -0.0052074048483730928 -0.0041352042071250514 -0.0035719752830934287 -0.0031140945934665823 -0.0020326467763190706 -0.0066815670328508507 0.0018271306652394949 -0.0030081543971627114
leaf_weight=60 2049 31 20 36 148 24 172 80 28 91 138 81 55 124 496 43 48 20 22 136 23 40 234
leaf_count=60 2049 31 20 36 148 24 172 80 28 91 138 81 55 124 496 43 48 20 22 136 23 40 234
internal_value=0.000189331 -0.00374419 -0.00351817 -0.00878205 -0.00309985 -0.00330268 -0.00275 -0.00577586 -0.00622112 -0.00923358 -0.00373494 -0.00326446 -0.00409543 -0.00346477 -0.00408046 -0.00609626 -0.0049026 -0.0175 -0.00650442 -0.00722826 -0.0116667 -0.00139013 -0.0020197
internal_weight=4199 2150 2119 156 1963 1903 1600 116 303 137 166 1452 1006 951 870 374 308 40 113 184 66 446 406
internal_count=4199 2150 2119 156 1963 1903 1600 116 303 137 166 1452 1006 951 870 374 308 40 113 184 66 446 406
cat_boundaries=0 1
cat_threshold=2
is_linear=0
shrinkage=0.05


Tree=3
num_leaves=24
num_cat=3
split_feature=0 7 7 5 5 9 5 5 2 16 15 15 5 1 0 7 11 9 3 9 2 9 2
split_gain=94.9055 78.972 2.78159 1.7525 1.62998 1.29772 1.39318 2.06486 1.35893 1.86308 0.936102 1.37456 0.885698 0.881311 0.801371 0.946067 0.645493 0.850673 1.07305 0.604653 0.480067 0.68971 0.444655
threshold=0 1.0000000180025095e-35 1.5000000000000002 1.4308953954205845 1.2994426869863489 9145.1519655005104 0.81306325873261354 0.69592446294074228 2032.5000000000002 1.756416666666667 47.558904382907706 68.033336041550726 1.0794653556291733 1 2 1.0000000180025095e-35 1.0002257201636719 394.05334507355502 1.0000000180025095e-35 3181.0355538923268 2034.5000000000002 28341.279700853782 2034.5000000000002
decision_type=1 2 2 2 2 2 2 2 2 2 2 2 2 1 1 2 2 2 2 2 2 2 2
left_child=1 3 4 5 22 8 7 -7 13 19 -8 -12 -11 -1 15 -2 17 -15 -19 -10 21 -13 -3
right_child=14 2 -4 -5 -6 6 10 -9 9 12 11 20 -14 16 -16 -17 -18 18 -20 -21 -22 -23 -24
leaf_value=-0.0029540340418408107 0.00020414393209232317 0.00033820476150223935 0.0047313180696525936 -0.0051512653387538049 -0.0044928195577237373 -0.0061376004039330381 -0.0050136352602396048 -0.0045429791986004685 -0.0056342218857400386 -0.0062843283278703399 -0.0069749268078135758 -0.0062684490049638442 -0.0050034289755956987 -0.004262405757762106 0.01396365107724838 0.0081353229477705898 -0.0054543344167655231 -0.005341927137741561 -0.0063219830162834214 -0.0025270179321497197 -0.0064692036010679773 -0.0041649458404124399 -0.001102213014330708
leaf_weight=28 254 81 341 39 24 26 29 31 65 48 24 22 26 37 2630 251 25 38 22 31 30 37 60
leaf_count=28 254 81 341 39 24 26 29 31 65 48 24 22 26 37 2630 251 25 38 22 31 30 37 60
internal_value=0.000189331 -0.0126443 0.0015415 -0.0257348 -0.00378788 -0.0265029 -0.0296734 -0.0230702 -0.0245312 -0.0214706 -0.0323239 -0.0343805 -0.0274324 -0.028 0.00457075 0.00257282 -0.0298361 -0.0279897 -0.0316667 -0.016875 -0.0315169 -0.0288983 -0.00173759
internal_weight=4199 1064 506 558 165 519 199 57 320 170 142 113 74 150 3135 505 122 97 60 96 89 59 141
internal_count=4199 1064 506 558 165 519 199 57 320 170 142 113 74 150 3135 505 122 97 60 96 89 59 141
cat_boundaries=0 1 2 3
cat_threshold=33 4 2
is_linear=0
shrinkage=0.05


Tree=4
num_leaves=24
num_cat=2
split_feature=0 7 7 9 5 14 5 5 5 19 14 0 7 14 14 14 15 16 10 15 14 14 15
split_gain=84.9042 68.402 2.6794 2.38797 2.26489 1.97296 1.3907 1.99837 1.02967 1.01591 0.995965 0.853829 1.03408 0.802949 1.2385 1.23737 1.09869 1.01077 1.17869 1.49731 1.3242 1.00647 0.704444
threshold=0 1.0000000180025095e-35 1.5000000000000002 9145.1519655005104 1.4308953954205845 144493.75530201566 0.81306325873261354 0.69592446294074228 0.90242540787670034 1.0000000180025095e-35 126384.68706913943 1 1.0000000180025095e-35 134911.01726225539 100951.93210146495 77506.516118676547 71.878914258797877 1.4758333333333338 2.5000000000000004 43.085257941319178 23323.627465377227 29214.795635380702 47.558904382907706
decision_type=1 2 2 2 2 2 2 2 2 2 2 1 2 2 2 2 2 2 2 2 2 2 2
left_child=1 3 5 4 9 -3 7 -5 -8 -1 22 12 -2 14 15 16 17 21 19 20 -19 -11 -10
right_child=11 2 -4 6 -6 -7 8 -9 10 13 -12 -13 -14 -15 -16 -17 -18 18 -20 -21 -22 -23 -24
leaf_value=-0.0044131061474739644 0.0001939367354877063 -0.0011347606251207788 0.0044947521661699635 -0.0058307203837363875 -0.0030521206550738148 -0.0029706013391197633 -0.0059239446061222969 -0.0043158302386704451 -0.0044053028955249977 -0.0041258464649108241 -0.0042174211879910843 0.013265468523385962 0.0077285568003820585 -0.0037355993393063691 -0.0051803782327020306 -0.0043105688317203296 -0.0078482154983712544 -0.0053634804191289845 -0.0045757323173831093 -0.0053376838597607879 -0.0068086913491162138 -0.004092122659399006 -0.0061128331551790231
leaf_weight=37 254 143 341 26 20 22 22 31 24 25 42 2630 251 34 22 23 24 23 30 28 43 31 73
leaf_count=37 254 143 341 26 20 22 22 31 24 25 42 2630 251 34 22 23 24 23 30 28 43 31 73
internal_value=0.000379853 -0.0117598 0.00144269 -0.0239427 -0.0213235 -0.00378788 -0.0280275 -0.0213158 -0.0304037 -0.0223437 -0.0288129 0.00452305 0.00247573 -0.0213251 -0.0223092 -0.0212115 -0.022451 -0.0211111 -0.023629 -0.026383 -0.0222727 -0.0155357 -0.0315979
internal_weight=4199 1064 506 558 340 165 218 57 161 320 139 3135 505 283 249 227 204 180 124 94 66 56 97
internal_count=4199 1064 506 558 340 165 218 57 161 320 139 3135 505 283 249 227 204 180 124 94 66 56 97
cat_boundaries=0 1 2
cat_threshold=33 2
is_linear=0
shrinkage=0.05


Tree=5
num_leaves=24
num_cat=2
split_feature=0 7 7 9 5 5 5 5 15 15 5 9 14 0 7 15 4 15 3 17 16 16 14
split_gain=77.3013 63.2888 2.00007 1.90058 2.02665 1.32069 1.12656 1.92308 1.2165 1.31182 1.47651 1.15775 1.07786 1.00933 1.033 0.816275 1.09905 0.86694 0.853087 1.6533 0.722 0.831758 0.677289
threshold=0 1.0000000180025095e-35 1.5000000000000002 9145.1519655005104 1.4308953954205845 0.54654052051512081 0.79218722710116374 0.69592446294074228 47.558904382907706 110.24752337732177 0.95417278502810365 50594.631694603151 144493.75530201566 1 1.0000000180025095e-35 137.43042616406726 1.0000000180025095e-35 26.740512684119718 1.0000000180025095e-35 74.884166666666673 3.485125 1.756416666666667 62457.191132181797
decision_type=1 2 2 2 2 2 2 2 2 2 2 2 2 1 2 2 2 2 2 2 2 2 2
left_child=1 3 12 4 5 -1 7 -5 -8 -10 -11 -12 -3 14 -2 16 18 -18 20 -20 21 22 -7
right_child=13 2 -4 6 -6 15 8 -9 9 10 11 -13 -14 -15 -16 -17 17 -19 19 -21 -22 -23 -24
leaf_value=-0.0036537908791016878 0.00018423989871331969 -0.0010780225938647387 0.0042700145578614627 -0.0055391843645495676 -0.0028995146223201236 -0.0041220128094126033 -0.0054739979889921334 -0.0029617321567892959 -0.0059344767992319629 -0.0047687288675547293 -0.0037408371739656126 -0.0043119266792400078 -0.0028220712721637761 0.012602195097216665 0.0073421289603629539 -0.002663136318848782 -0.0023294435297960352 -0.0043518347122648258 -0.0061383631114283327 -0.0054499761157109049 -0.0045910274262376824 -0.0054180310010360352 -0.0057679998477865868
leaf_weight=21 254 143 341 26 20 35 34 26 61 20 28 23 22 2630 251 20 22 64 38 30 25 35 30
leaf_count=21 254 143 341 26 20 35 34 26 61 20 28 23 22 2630 251 20 22 64 38 30 25 35 30
internal_value=0.000522744 -0.0110615 0.00164032 -0.0227778 -0.0204412 -0.0214062 -0.026422 -0.02 -0.0284337 -0.0306061 -0.0259859 -0.0214706 -0.00287879 0.00447536 0.00228155 -0.0222575 -0.022957 -0.0182558 -0.0250518 -0.0295588 -0.0226 -0.0245 -0.0211538
internal_weight=4199 1064 506 558 340 320 218 52 166 132 71 51 165 3135 505 299 279 86 193 68 125 100 65
internal_count=4199 1064 506 558 340 320 218 52 166 132 71 51 165 3135 505 299 279 86 193 68 125 100 65
cat_boundaries=0 1 2
cat_threshold=33 2
is_linear=0
shrinkage=0.05


Tree=6
num_leaves=24
num_cat=3
split_feature=0 7 9 5 5 5 2 7 15 14 2 5 4 1 5 2 9 0 7 2 14 14 9
split_gain=69.6141 57.9289 2.02965 1.81248 1.61242 1.57129 2.07692 1.41988 1.27895 1.18892 1.67716 1.33106 1.2919 1.18153 1.10294 1.06337 1.18627 0.962262 1.033 0.843069 0.816667 0.811422 0.808688
threshold=0 1.0000000180025095e-35 13884.561772756344 1.4308953954205845 0.54654052051512081 0.96905256789785377 2038.5000000000002 1.5000000000000002 25.656833035084436 100951.93210146495 2035.5000000000002 0.938622391824802 1.0000000180025095e-35 1 0.88677049098292526 2036.5000000000002 1125.4279704449016 2 1.0000000180025095e-35 2035.5000000000002 56776.803500960617 144493.75530201566 59042.392820585526
decision_type=1 2 2 2 2 2 2 2 2 2 2 2 2 1 2 2 2 1 2 2 2 2 2
left_child=1 2 3 4 -1 6 14 21 19 10 11 -4 22 20 -6 16 -15 18 -2 -7 -10 -3 -11
right_child=17 7 9 -5 5 8 -8 -9 13 12 -12 -13 -14 15 -16 -17 -18 -19 -20 -21 -22 -23 -24
leaf_value=-0.0034711013351466044 0.00017502790377765465 -0.0010241214641715014 -0.0053551314097360367 -0.0025394506981085028 -0.0055448668076712474 -0.0025803936822312631 -0.0033499006871370849 0.0040565138299683895 -0.0059977384967275608 -0.0041958748808514417 -0.0062449998103750893 -0.0059075770595858343 -0.0042371232766468068 -0.0020287008511325733 -0.0045578864147682299 -0.0029579388152095251 -0.0038648236417056173 0.01197208534235583 0.0069750225123448089 -0.0039598568223336026 -0.0036479212738259508 -0.0026809677085555873 -0.0040858887233070698
leaf_weight=21 254 143 23 23 92 29 20 341 30 38 23 36 31 24 38 25 27 2630 251 23 30 22 25
leaf_count=21 254 143 23 23 92 29 20 341 30 38 23 36 31 24 38 25 27 2630 251 23 30 22 25
internal_value=0.000677542 -0.0103166 -0.0215233 -0.0194764 -0.0203482 -0.0211834 -0.025 0.00183794 -0.0181383 -0.0259659 -0.0303659 -0.0348305 -0.0221277 -0.0155882 -0.0273077 -0.0114474 -0.0155882 0.00442766 0.00228155 -0.0248077 -0.0208333 -0.0019697 -0.0180159
internal_weight=4199 1064 558 382 359 338 150 506 188 176 82 59 94 136 130 76 51 3135 505 52 60 165 63
internal_count=4199 1064 558 382 359 338 150 506 188 176 82 59 94 136 130 76 51 3135 505 52 60 165 63
cat_boundaries=0 1 2 3
cat_threshold=33 2 2
is_linear=0
shrinkage=0.05


Tree=7
num_leaves=24
num_cat=2
split_feature=0 7 9 14 2 5 15 5 10 5 7 5 4 14 15 15 0 7 9 14 5 5 7
split_gain=60.9462 50.6632 2.2093 1.74545 1.58719 1.38752 1.55263 1.5179 1.40305 1.34171 1.27166 1.26013 1.17188 1.11364 1.11202 1.1283 1.00239 0.944011 0.84441 1.85185 0.951507 0.822378 0.776161
threshold=0 1.0000000180025095e-35 13884.561772756344 95190.301059474572 2035.5000000000002 1.4308953954205845 140.63016145694462 0.60124670721575979 2.5000000000000004 0.96905256789785377 1.5000000000000002 0.938622391824802 1.0000000180025095e-35 33136.586579554067 26.740512684119718 43.085257941319178 1 1.0000000180025095e-35 2519.095260331977 50285.261145257195 0.80201068204579806 0.48900742528759283 1.0000000180025095e-35
decision_type=1 2 2 2 2 2 2 2 2 2 2 2 2 2 2 2 1 2 2 2 2 2 2
left_child=1 2 5 4 11 6 7 -1 9 18 -3 -4 -5 -10 -11 -16 17 -2 20 -20 -9 22 -18
right_child=16 10 3 12 -6 -7 -8 8 13 14 -12 -13 -14 -15 15 -17 21 -19 19 -21 -22 -23 -24
leaf_value=-0.0041943083580607042 0.00016627650858877174 -0.0012556127030608822 -0.0050873748392492348 -0.0040632002581088488 -0.0059327498198563358 -0.0024124781632030769 -0.0033186705327796009 -0.003875211199444761 -0.00071221469682169808 -0.0033159060160133252 0.0038536881384699686 -0.0057620723234357678 -0.0040017406064272332 -0.0056737547310116397 -0.0012776332590159088 -0.0044237577414011934 -0.0015110272006587644 0.0066262713867275671 -0.0040828546201694465 -0.0052354262000694944 -0.0045315309742821799 0.012158875704651254 0.010648140085889091
leaf_weight=27 254 165 23 64 23 23 20 23 22 43 341 34 32 22 20 84 39 251 27 27 44 2556 35
leaf_count=27 254 165 23 64 23 23 20 23 22 43 341 34 32 22 20 84 39 251 27 27 44 2556 35
internal_value=0.000856156 -0.00943203 -0.0199104 -0.0245455 -0.03 -0.0177749 -0.0185376 -0.0193363 -0.0203205 -0.0216791 0.00193676 -0.0344737 -0.02 -0.0120455 -0.0184694 -0.0156731 0.00436407 0.00218447 -0.0255785 -0.0209259 -0.0293284 0.00477273 -0.000405405
internal_weight=4199 1064 558 176 80 382 359 339 312 268 506 57 96 44 147 104 3135 505 121 54 67 2630 74
internal_count=4199 1064 558 176 80 382 359 339 312 268 506 57 96 44 147 104 3135 505 121 54 67 2630 74
cat_boundaries=0 1 2
cat_threshold=33 2
is_linear=0
shrinkage=0.05


Tree=8
num_leaves=24
num_cat=2
split_feature=0 7 2 9 7 15 0 7 16 16 10 2 4 3 15 15 2 15 15 2 20 15 9
split_gain=55.187 45.012 1.76514 2.4681 1.27166 0.99949 0.986658 0.944011 0.871799 0.859346 1.23501 0.961261 0.660236 0.562771 1.19402 1.16667 0.528305 0.439765 0.745974 0.840278 0.703247 0.67566 0.427263
threshold=0 1.0000000180025095e-35 2032.5000000000002 13678.729116444754 1.5000000000000002 118.52163910420488 1 1.0000000180025095e-35 1.756416666666667 3.485125 1.5000000000000002 2035.5000000000002 1.0000000180025095e-35 1.0000000180025095e-35 25.656833035084436 54.104991964674745 2028.5000000000002 40.506207950130239 105.82783814596763 2035.5000000000002 1.0000000180025095e-35 129.15408329566625 22378.178679275454
decision_type=1 2 2 2 2 2 1 2 2 2 2 2 2 2 2 2 2 2 2 2 2 2 2
left_child=1 2 3 12 -3 22 7 -2 17 11 -11 -10 13 14 -1 -15 -16 20 19 -19 -4 -20 -5
right_child=6 4 8 5 -6 -7 -8 -9 9 10 -12 -13 -14 15 16 -17 -18 18 21 -21 -22 -23 -24
leaf_value=-0.0041243052071565957 0.00015796268315933438 -0.0011928320679078369 -0.0030580439296825673 -0.0040280780617092263 0.0036610037315464696 -0.0036626535687004653 0.010787336967117832 0.0062949578173911898 -0.0021301063050446559 -0.0042992303792537441 -0.0044745958330628041 -0.0048280387986788555 -0.0034083475445848715 -0.002987072494469173 -0.003769681250950003 -0.0054528099112941082 -0.0027622469022583764 -0.005271755202505334 -0.0029367372024766206 -0.0052981457860783133 -0.00065711142462305692 -0.0034800979390400503 -0.005017589068193099
leaf_weight=27 254 165 22 23 341 37 2630 251 21 24 23 47 47 21 27 21 34 24 22 48 20 40 30
leaf_count=27 254 165 22 23 341 37 2630 251 21 24 23 47 47 21 27 21 34 24 22 48 20 40 30
internal_value=0.00101096 -0.00878026 -0.0186559 -0.0215918 0.00193676 -0.0283333 0.00434817 0.00218447 -0.0159622 -0.0193478 -0.0141489 -0.0229412 -0.0181638 -0.02 -0.0177273 -0.0247619 -0.0138525 -0.01375 -0.0151493 -0.0186111 -0.00928571 -0.011129 -0.0327358
internal_weight=4199 1064 558 267 506 90 3135 505 291 115 47 68 177 130 88 42 61 176 134 72 42 62 53
internal_count=4199 1064 558 267 506 90 3135 505 291 115 47 68 177 130 88 42 61 176 134 72 42 62 53
cat_boundaries=0 1 2
cat_threshold=33 2
is_linear=0
shrinkage=0.05


Tree=9
num_leaves=24
num_cat=2
split_feature=0 7 2 9 14 7 0 7 4 9 9 3 15 15 14 2 15 15 2 9 15 2 4
split_gain=49.3256 39.2903 2.16844 2.16479 1.206 1.00385 0.97969 0.859028 0.758928 0.611506 0.593939 0.551799 1.35404 0.958623 0.537063 0.677632 0.502265 1.17651 0.999534 0.689067 0.642682 0.885412 0.752206
threshold=0 1.0000000180025095e-35 2032.5000000000002 13884.561772756344 94359.528291849405 1.5000000000000002 1 1.0000000180025095e-35 1.0000000180025095e-35 21886.336938882338 58109.353663799913 1.0000000180025095e-35 25.656833035084436 54.104991964674745 144493.75530201566 2028.5000000000002 26.190656645233041 41.50241922839713 2036.5000000000002 1576.3889885512183 68.033336041550726 2035.5000000000002 1.0000000180025095e-35
decision_type=1 2 2 2 2 2 1 2 2 2 2 2 2 2 2 2 2 2 2 2 2 2 2
left_child=1 2 3 8 9 14 7 -2 11 -5 -6 12 -1 -13 15 -3 18 -18 -4 -20 21 -19 -22
right_child=6 5 16 4 10 -7 -8 -9 -10 -11 -12 13 -14 -15 -16 -17 17 20 19 -21 22 -23 -24
leaf_value=-0.0039180899467987649 0.00015006454900136845 -0.0038936450941447404 -0.0027504392219199945 -0.0039372438454225393 -0.003678241927184005 0.0034779535449691481 0.01024797011876194 0.0059802099265216296 -0.0032379301673556289 -0.0060505494546756475 -0.0033658231090829098 -0.0028377188697457146 -0.0035199903424474885 -0.0051291341502393284 -0.002424497084579372 0.00057087803233292218 -0.0012557677828965558 -0.0048141733538759135 -0.0047355298098965487 -0.0044112880735450236 -0.0039509024278086653 -0.0048961139566469185 -0.0046698072661688367
leaf_weight=27 254 29 31 22 24 341 2630 251 47 23 20 21 61 22 22 114 25 24 22 21 90 37 41
leaf_count=27 254 29 31 22 24 341 2630 251 47 23 20 21 61 22 22 114 25 24 22 21 90 37 41
internal_value=0.0010824 -0.00817505 -0.0174014 -0.0206554 -0.0270225 0.00183794 0.00423688 0.00208738 -0.0174719 -0.0327778 -0.0211364 -0.0194275 -0.0171591 -0.0240698 -0.00136364 -0.000244755 -0.0144158 -0.0132028 -0.017973 -0.022907 -0.0145312 -0.0187705 -0.0125573
internal_weight=4199 1064 558 267 89 506 3135 505 178 45 44 131 88 43 165 143 291 217 74 43 192 61 131
internal_count=4199 1064 558 267 89 506 3135 505 178 45 44 131 88 43 165 143 291 217 74 43 192 61 131
cat_boundaries=0 1 2
cat_threshold=33 2
is_linear=0
shrinkage=0.05


Tree=10
num_leaves=24
num_cat=3
split_feature=0 7 2 5 5 7 5 0 5 7 1 15 14 7 14 9 5 5 15 16 14 2 14
split_gain=45.2075 34.9857 1.96424 1.2055 2.81299 1.00412 0.94043 0.918287 1.22366 1.21275 0.910548 1.06061 1.02607 0.859028 0.842834 1.25558 1.55964 1.19721 1.56735 0.709107 0.886624 0.704167 1.6875
threshold=0 1.0000000180025095e-35 2028.5000000000002 0.79218722710116374 0.8453298642714665 2.5000000000000004 1.2994426869863489 1 0.48900742528759283 1.0000000180025095e-35 2 82.822949980327493 23323.627465377227 1.0000000180025095e-35 148240.88385307125 13884.561772756344 1.1943901211755916 1.0367651859622036 32.48043640372051 3.485125 75529.475942106787 2033.5000000000002 71939.340859058619
decision_type=1 2 2 2 2 2 2 1 2 2 1 2 2 2 2 2 2 2 2 2 2 2 2
left_child=1 2 10 21 -5 6 -3 13 9 -9 11 -1 -12 -2 15 17 -17 18 -6 20 -19 22 -4
right_child=7 5 3 4 14 -7 -8 8 -10 -11 12 -13 -14 -15 -16 16 -18 19 -20 -21 -22 -23 -24
leaf_value=-0.0042531798970553451 0.00014256132155130097 0.00053169294028226346 -0.0020785144197496084 -0.0042224137009349285 -0.0042316054517103378 0.007484174341917749 -0.0019464475553073548 -0.002487241194919818 0.0104991665651247 0.0090639677273006477 -0.0035019630214647825 -0.0036763681843156753 -0.0035748703615125521 0.0056811994301955498 -0.0026095924006860971 -0.0046510414942476782 -0.0048168247012091532 -0.0027448719253108812 -0.0033997266785274352 -0.0031799712239465581 -0.0037683086828127136 -0.004159055029743816 -0.0043767483368002402
leaf_weight=27 254 283 24 22 21 181 42 39 2556 35 20 28 45 251 38 47 26 82 49 20 25 60 24
leaf_count=27 254 283 24 22 21 181 42 39 2556 35 20 28 45 251 38 47 26 82 49 20 25 60 24
internal_value=0.00115385 -0.0077095 -0.0164158 -0.014863 -0.0163636 0.00173913 7.69233e-05 0.00417329 0.00456439 -0.00175676 -0.0220833 -0.0268182 -0.0180769 0.00208738 -0.0151299 -0.0161111 -0.0217123 -0.0140355 -0.0192857 -0.0111417 -0.012757 -0.0102778 -0.0147917
internal_weight=4199 1064 558 438 330 506 325 3135 2630 74 120 55 65 505 308 270 73 197 70 127 107 108 48
internal_count=4199 1064 558 438 330 506 325 3135 2630 74 120 55 65 505 308 270 73 197 70 127 107 108 48
cat_boundaries=0 1 2 3
cat_threshold=33 2 1
is_linear=0
shrinkage=0.05


Tree=11
num_leaves=24
num_cat=2
split_feature=0 7 2 17 14 7 5 9 5 0 5 7 5 5 15 5 9 5 15 2 16 9 7
split_gain=41.4997 30.9308 1.78528 1.37502 1.27953 1.07171 1.04392 1.04348 0.899441 0.888302 1.20902 1.21275 0.863096 1.1492 1.42558 1.27059 1.11423 1.2086 1.09266 1.84091 1.21356 0.89418 0.859028
threshold=0 1.0000000180025095e-35 2028.5000000000002 73.879583333333343 46697.539181274136 2.5000000000000004 0.62850798343534187 1329.1686448048006 1.2994426869863489 1 0.48900742528759283 1.0000000180025095e-35 1.0324986184915215 0.79218722710116374 54.104991964674745 0.70059082524422223 15217.117856120118 1.1776060574645986 25.656833035084436 2035.5000000000002 1.4758333333333338 8356.4248115679093 1.0000000180025095e-35
decision_type=1 2 2 2 2 2 2 2 2 1 2 2 2 2 2 2 2 2 2 2 2 2 2
left_child=1 2 3 4 -1 8 -4 -5 -3 22 11 -11 13 15 -15 -8 18 -18 19 -14 -20 -17 -2
right_child=9 5 6 7 -6 -7 12 -9 -10 10 -12 -13 16 14 -16 21 17 -19 20 -21 -22 -23 -24
leaf_value=-0.0029582382021598294 0.00013543325547373463 0.00050510829326814999 -0.0036457303379460642 -0.0032918972350713355 -0.0028281896919844589 0.0071099656248218629 -0.0061218519377970858 -0.0040456378681524019 -0.0018491251775419862 -0.0023628791351738266 0.0099742082368684624 0.0086107693409356156 -0.0015285303994502558 -0.0039705423562177034 -0.0041864714278941634 -0.0035906633634480998 -0.0030486284053721229 -0.0040562376685289534 -0.0037532801045678885 -0.0029305177309037122 -0.0017516024123041354 0.00044508118717893354 0.0053971394586857738
leaf_weight=28 254 283 40 23 23 181 20 46 42 39 2556 35 22 49 75 27 29 34 36 22 63 21 251
leaf_count=28 254 283 40 23 23 181 20 46 42 39 2556 35 22 49 75 27 29 34 36 22 63 21 251
internal_value=0.00124911 -0.00724395 -0.0154301 -0.0208333 -0.0146078 0.00164032 -0.0139498 -0.0254348 -7.69229e-05 0.00414149 0.00452652 -0.00175676 -0.0147236 -0.0171354 -0.02 -0.0119118 -0.0124757 -0.0180159 -0.010035 -0.0165909 -0.00712121 -0.0075 0.00208738
internal_weight=4199 1064 558 120 51 506 438 69 325 3135 2630 74 398 192 124 68 206 63 143 44 99 48 505
internal_count=4199 1064 558 120 51 506 438 69 325 3135 2630 74 398 192 124 68 206 63 143 44 99 48 505
cat_boundaries=0 1 2
cat_threshold=33 2
is_linear=0
shrinkage=0.05


Tree=12
num_leaves=24
num_cat=1
split_feature=7 10 5 14 14 5 9 5 10 1 2 7 9 2 2 14 2 9 9 14 3 10 14
split_gain=11.7032 1.66661 1.68958 1.35811 0.808704 0.594424 0.979715 0.737187 0.735418 0.572916 0.479669 0.454837 0.399434 1.15436 1.04493 0.546008 0.669046 0.845239 0.804038 0.634889 0.652453 0.745183 0.632899
threshold=1.0000000180025095e-35 3.5000000000000004 0.46620033734366129 110572.56830359406 36795.514088495845 0.81700912784608037 16450.447644362092 0.91337345033287376 1.5000000000000002 0 2033.5000000000002 1.5000000000000002 59042.392820585526 2027.5000000000002 2034.5000000000002 90291.631936412246 2034.5000000000002 21886.336938882338 26962.791929089337 86445.366152121409 1.0000000180025095e-35 1.0000000180025095e-35 100102.98219758781
decision_type=2 2 2 2 2 2 2 2 2 1 2 2 2 2 2 2 2 2 2 2 2 2 2
left_child=1 2 3 -1 5 -4 7 8 -7 10 -6 -2 15 -14 -15 16 17 19 -19 20 -11 -22 -17
right_child=11 -3 4 -5 9 6 -8 -9 -10 12 -12 -13 13 14 -16 22 -18 18 -20 -21 21 -23 -24
leaf_value=-0.0011729988951715373 0.0019438970217280226 -0.0030421334779385844 0.0012859039285816739 -0.0038762830556926357 -0.00010901190096894278 -0.00029545411372153881 -0.0030294485595841088 0.00076008605499583036 -0.0037705098372002653 -2.4880656838268379e-05 -0.0025787987856442517 0.0085711297246671581 -0.0024651220675241453 0.00093324886135584941 -0.0029478215897694084 0.0023006128318505811 -1.2557027005597257e-05 -0.0038901970095065481 -0.003104693775859123 -0.003264963278915298 -0.0020849644200362444 -0.0031970596628419219 -0.00060471394782026433
leaf_weight=39 667 31 153 20 29 49 28 393 20 215 28 1382 20 59 43 92 267 21 51 23 49 39 481
leaf_count=39 667 31 153 20 29 49 28 393 20 215 28 1382 20 59 43 92 267 21 51 23 49 39 481
internal_value=0.00134437 -0.00123256 -0.00106418 -0.00940678 -0.000825243 0.000645412 -0.000204081 0.000346321 -0.00442029 -0.00149259 -0.00640351 0.00404832 -0.00128676 -0.00401639 -0.00186274 -0.00101777 -0.00199248 -0.00329146 -0.00819444 -0.00220859 -0.00160066 -0.00522727 0.000113438
internal_weight=4199 2150 2119 59 2060 643 490 462 69 1417 57 2049 1360 122 102 1238 665 398 72 326 303 88 573
internal_count=4199 2150 2119 59 2060 643 490 462 69 1417 57 2049 1360 122 102 1238 665 398 72 326 303 88 573
cat_boundaries=0 1
cat_threshold=4
is_linear=0
shrinkage=0.05


Tree=13
num_leaves=24
num_cat=2
split_feature=0 7 2 5 7 5 17 17 14 9 0 5 7 7 14 16 5 5 15 4 9 14 5
split_gain=35.9181 24.7176 1.74993 1.39971 1.21349 1.13312 1.15971 1.08858 1.65294 1.17469 0.918405 1.37331 1.37205 1.16839 0.896626 0.916122 0.872044 0.820202 0.787771 1.29423 0.977517 0.767865 0.805713
threshold=0 1.0000000180025095e-35 2028.5000000000002 0.77176796094750444 2.5000000000000004 0.95417278502810365 74.884166666666673 73.879583333333343 46697.539181274136 8485.1027934532904 1 0.48900742528759283 1.0000000180025095e-35 1.0000000180025095e-35 72569.01347930466 1.756416666666667 1.4308953954205845 1.2994426869863489 80.806032560209616 1.0000000180025095e-35 15217.117856120118 36795.514088495845 1.1984608579909508
decision_type=1 2 2 2 2 2 2 2 2 2 1 2 2 2 2 2 2 2 2 2 2 2 2
left_child=1 2 7 -4 17 14 21 8 -1 -9 13 12 -12 16 15 -5 -2 -3 19 -8 -20 22 -7
right_child=10 4 3 5 -6 6 18 9 -10 -11 11 -13 -14 -15 -16 -17 -18 -19 20 -21 -22 -23 -24
leaf_value=-0.0028113866867731357 0.00097525310389104413 0.0003504782225121774 -0.0037285756094915115 -0.002530788223853859 0.0063259108573474115 -0.0012340231897517097 -0.0038833930093127482 -0.003355717809432791 -0.0025500148402849499 -0.0036625364517812002 -0.0020509210350858637 0.023565086679887159 0.0058836481445727678 0.0064821845027215443 -0.0040357903149258727 -0.0038748606140323587 -0.0012728011040831961 -0.0021520892211390873 1.5835986778893647e-05 -0.00038251707667858066 -0.0023801320746457228 -0.0042639977304585342 -0.0025022506015338003
leaf_weight=28 505 283 99 24 181 27 34 38 23 31 29 2016 28 522 35 27 35 42 31 20 24 97 20
leaf_count=28 505 283 99 24 181 27 34 38 23 31 29 2016 28 522 35 27 35 42 31 20 24 97 20
internal_value=0.00140391 -0.00649907 -0.0138172 -0.0123516 0.00144269 -0.0138791 -0.0121937 -0.0191667 -0.0136275 -0.0232609 0.0040938 0.00473596 -0.00289474 0.00280784 -0.0188372 -0.0146078 0.0012037 -0.000384615 -0.00830275 -0.0125926 -0.00409091 -0.0151389 -0.00989362
internal_weight=4199 1064 558 438 506 339 253 120 51 69 3135 2073 57 1062 86 51 540 325 109 54 55 144 47
internal_count=4199 1064 558 438 506 339 253 120 51 69 3135 2073 57 1062 86 51 540 325 109 54 55 144 47
cat_boundaries=0 1 2
cat_threshold=33 66
is_linear=0
shrinkage=0.05


Tree=14
num_leaves=24
num_cat=2
split_feature=0 7 5 9 14 7 15 2 5 16 5 5 0 7 7 15 5 16 5 20 3 2 15
split_gain=32.8136 21.8719 1.33319 1.42128 2.00005 1.28768 1.18779 3.32814 1.13371 1.33976 1.10573 0.990099 1.24746 1.12228 1.00731 0.914347 0.862989 0.855658 0.781953 0.725563 0.658061 0.62069 0.552502
threshold=0 1.0000000180025095e-35 0.77176796094750444 15217.117856120118 68481.894462698969 2.5000000000000004 89.527402216540096 2032.5000000000002 1.0294041024118206 1.756416666666667 0.9106620114836339 0.51653639921929895 1 1.0000000180025095e-35 1.0000000180025095e-35 20.926395294179958 1.4308953954205845 1.4758333333333338 1.2994426869863489 1.0000000180025095e-35 1.0000000180025095e-35 2033.5000000000002 25.656833035084436
decision_type=1 2 2 2 2 2 2 2 2 2 2 2 1 2 2 2 2 2 2 2 2 2 2
left_child=1 2 6 8 -5 18 19 -8 9 20 -11 13 14 -2 16 -10 -13 -17 -3 -1 -4 -21 -19
right_child=11 5 3 4 -6 -7 7 -9 15 10 -12 12 -14 -15 -16 17 -18 22 -20 21 -22 -23 -24
leaf_value=-0.0027330987143939019 -0.0010546256241206085 0.00033295431138656703 -0.0022601761250485041 -0.003762411640317884 -0.0038674363143649396 0.0060096153144800386 -0.0037294867018114576 -0.00081074232058046195 -0.0031589223796084222 -0.0037837420493264662 -0.0027875036716927229 0.00092649044710137836 0.022928808824793659 0.0065487251781367363 0.0062002960463016302 -0.0029647418740514552 -0.0012091610488790361 -0.0023908343634226653 -0.0020444847600821336 0.00024286443304942929 -0.0025231129070117635 -0.0045491204179693738 -0.0027872287520777556
leaf_weight=23 57 283 51 30 101 181 20 22 20 23 26 485 1997 62 499 53 35 22 42 29 23 29 86
leaf_count=23 57 283 51 30 101 181 20 22 20 23 26 485 1997 62 499 53 35 22 42 29 23 29 86
internal_value=0.00142772 -0.00612663 -0.0130108 -0.0143103 -0.0186641 0.00134387 -0.00841463 -0.0152381 -0.0124342 -0.0161382 -0.022551 0.00399841 0.00418767 -0.000462185 0.00266764 -0.00991713 0.00115385 -0.0086646 -0.000538461 -0.00487654 -0.0118919 -0.00189655 -0.00611111
internal_weight=4199 1064 558 435 131 506 123 42 304 123 49 3135 3016 119 1019 181 520 161 325 81 74 58 108
internal_count=4199 1064 558 435 131 506 123 42 304 123 49 3135 3016 119 1019 181 520 161 325 81 74 58 108
cat_boundaries=0 1 2
cat_threshold=33 66
is_linear=0
shrinkage=0.05


Tree=15
num_leaves=24
num_cat=2
split_feature=0 7 11 7 5 5 5 0 5 9 7 7 5 11 14 9 15 9 9 15 15 2 9
split_gain=31.5152 20.2372 1.30951 1.15604 1.06177 1.23476 1.17969 1.03641 1.42623 0.983947 0.957539 0.949021 0.925432 1.21795 0.898901 2.8 0.933333 0.853279 0.824657 1.10326 0.818797 1.4014 1.09055
threshold=0 1.0000000180025095e-35 1.5183890241915792 2.5000000000000004 0.77176796094750444 0.96614232066531724 0.68614658175646159 1 0.48900742528759283 13483.581794243801 1.0000000180025095e-35 1.5000000000000002 0.8899652155658534 0.013361255349760497 70699.343738724943 17055.444815789935 20.926395294179958 7499.9725693362752 55592.232631112907 80.806032560209616 42.543703534762138 2035.5000000000002 1718.1749516639045
decision_type=1 2 2 2 2 2 2 1 2 2 2 2 2 2 2 2 2 2 2 2 2 2 2
left_child=1 2 4 -3 6 12 9 11 10 -1 -9 -2 17 -14 15 16 -7 -6 19 -16 21 -18 -22
right_child=7 3 -4 -5 5 14 -8 8 -10 -11 -12 -13 13 -15 18 -17 20 -19 -20 -21 22 -23 -24
leaf_value=-0.0034872263205227476 0.00048891877640098416 -0.00024140580296888914 5.5109564745656249e-05 0.0057091345487560348 -0.0021575225867728151 -0.0030009762606280021 -0.0012982289316338742 -0.0018956436926701769 0.0087614751694634618 -0.0032822145292749996 0.0074494466279877688 0.0090046915456266814 -0.0033294554845296207 -0.0033887273366413001 -0.0035149497763072111 -0.0042569044674926884 -0.00088159683894626934 -0.0037671479696357621 -0.0025946627120694561 -0.0020150061704041354 -0.0043087051668775503 -0.0022326552606837732 -0.0021767253123741569
leaf_weight=41 344 325 20 181 38 20 50 39 2556 25 35 161 34 23 25 20 40 29 24 89 25 23 32
leaf_count=41 344 325 20 181 38 20 50 39 2556 25 35 161 34 23 25 20 40 29 24 89 25 23 32
internal_value=0.00146344 -0.00594041 -0.0125627 0.00124506 -0.0130297 -0.0141943 -0.0087931 0.00398251 0.00439394 -0.0131818 -0.00243243 0.00179612 -0.0183871 -0.0230702 -0.0124497 -0.015 -0.0125 -0.014403 -0.00949275 -0.0077193 -0.0108333 -0.00690476 -0.0151754
internal_weight=4199 1064 558 506 538 422 116 3135 2630 66 74 505 124 57 298 160 140 67 138 114 120 63 57
internal_count=4199 1064 558 506 538 422 116 3135 2630 66 74 505 124 57 298 160 140 67 138 114 120 63 57
cat_boundaries=0 1 2
cat_threshold=33 2
is_linear=0
shrinkage=0.05


Tree=16
num_leaves=24
num_cat=2
split_feature=0 6 8 9 0 5 2 14 4 5 11 11 15 5 5 15 15 5 5 16 5 14 15
split_gain=29.1728 7.34996 4.88075 1.61991 1.50163 1.50206 1.42305 1.59061 1.03214 0.94658 0.873982 1.14277 0.763301 0.768472 2.00079 1.34416 1.12745 0.987073 1.45755 0.641604 0.734408 0.641441 0.614215
threshold=0 1.0000000180025095e-35 1.0000000180025095e-35 20717.736914900506 1 0.51653639921929895 2032.5000000000002 115902.79610647478 1.0000000180025095e-35 0.79218722710116374 1.4359312052522233 1.0542090293013262 140.63016145694462 0.81306325873261354 0.96905256789785377 19.272280703621643 75.269176838389953 1.304185265331794 1.3834267317466862 2.1729166666666671 0.8899652155658534 36001.235433273709 61.954621471257603
decision_type=1 2 2 2 1 2 2 2 2 2 2 2 2 2 2 2 2 2 2 2 2 2 2
left_child=1 2 3 10 -2 8 7 -5 -6 -8 11 12 13 16 19 -16 -1 21 -19 20 -15 -17 -23
right_child=4 -3 -4 6 5 -7 9 -9 -10 -11 -12 -13 -14 14 15 17 -18 18 -20 -21 -22 22 -24
leaf_value=-0.0018841953237498214 0.0019030343581664623 0.0015397797251422186 0.00095579271378468046 -0.0042136828161385247 0.0021110964032175781 0.021344294625080803 -0.0011211652967507014 -0.0022888153073033256 -0.0010355803662386446 -0.0035387093575862346 0.00028590890984954534 -0.0037979723950490904 -0.0001236059821717579 -0.0020418324351080819 -0.0028492217483530547 1.2279429152212748e-05 -0.003593025522522793 -0.0036254231597939949 -0.0019786744767184448 -0.0033771071968514894 -0.0031615711872034131 -0.0035067636037141112 -0.001398206104142645
leaf_weight=85 1062 210 140 37 55 1997 25 49 21 66 25 25 29 25 20 63 30 22 40 27 32 46 68
leaf_count=85 1062 210 140 37 55 1997 25 49 21 66 25 25 29 25 20 63 30 22 40 27 32 46 68
internal_value=0.00141581 -0.00570763 -0.00782201 -0.0094958 0.00383943 0.00463994 -0.0136441 -0.0182558 -0.00223684 -0.00928571 -0.00812849 -0.00857422 -0.00803901 -0.00853712 -0.00972303 -0.00754826 -0.005 -0.00650628 -0.0119355 -0.0164286 -0.0134211 -0.00460452 -0.0068421
internal_weight=4199 1064 854 714 3135 2073 177 86 76 91 537 512 487 458 343 259 115 239 62 84 57 177 114
internal_count=4199 1064 854 714 3135 2073 177 86 76 91 537 512 487 458 343 259 115 239 62 84 57 177 114
cat_boundaries=0 1 2
cat_threshold=33 66
is_linear=0
shrinkage=0.05


Tree=17
num_leaves=24
num_cat=1
split_feature=7 10 5 15 9 7 1 9 9 4 5 5 5 2 5 5 15 3 15 2 15 11 16
split_gain=9.60647 1.31464 1.24458 1.20417 0.678489 0.570888 0.566001 0.452633 0.565363 1.14935 0.51483 0.450965 0.445742 0.550124 0.497629 0.821828 0.37509 0.358337 0.339523 0.53286 1.0322 0.3513 0.533691
threshold=1.0000000180025095e-35 3.5000000000000004 0.51653639921929895 105.82783814596763 16658.602543179379 1.5000000000000002 0 12861.567651425068 10462.996979186961 1.0000000180025095e-35 1.0324986184915215 1.4854173152328105 1.2892373734878864 2027.5000000000002 0.69592446294074228 0.79218722710116374 10.561263651809165 1.0000000180025095e-35 21.585421683098385 2036.5000000000002 17.682535482637871 1.0016378065653475 1.4758333333333338
decision_type=2 2 2 2 2 2 1 2 2 2 2 2 2 2 2 2 2 2 2 2 2 2 2
left_child=1 2 3 6 7 -2 -1 8 16 10 -10 12 13 17 -15 -16 -4 -6 19 20 -18 -20 -23
right_child=5 -3 4 -5 11 -7 -8 -9 9 -11 -12 -13 -14 14 15 -17 18 -19 21 -21 -22 22 -24
leaf_value=0.0018665902428699303 0.001815763077351678 -0.002223530745692062 0.0038675720603958256 -0.0036140842770478153 -0.0028545216175706735 0.0074277888708942979 -0.00077032805309823092 0.00071829894807839208 0.0026737207338596858 -0.0017676320527146528 -0.0011458171709125158 -0.0025852712326344873 0.0011101616834511701 -0.0029905508367874234 0.0021662028640862083 -0.0012745603040450913 0.0032058338557318434 -0.00060205786004467266 0.00027627694315121614 -0.0016186374305447518 -0.0017258388548095751 -0.0034319786742065452 0.0010024756890579928
leaf_weight=23 667 31 55 20 42 1382 37 108 27 29 32 26 68 43 50 288 50 23 984 35 32 74 73
leaf_count=23 667 31 55 20 42 1382 37 108 27 29 32 26 68 43 50 288 50 23 984 35 32 74 73
internal_value=0.00142772 -0.000906977 -0.000757433 -0.006875 -0.00051741 0.0038775 -0.00333333 3.00202e-05 -0.000212077 -0.00409091 -8.47456e-05 -0.00203704 -0.00171206 -0.002287 -0.00156168 -0.00091716 4.98851e-05 -0.00653846 -0.000128205 -0.00269231 -0.000487805 0.000137047 -0.00214286
internal_weight=4199 2150 2119 80 2039 2049 60 1499 1391 88 59 540 514 446 381 338 1303 65 1248 117 82 1131 147
internal_count=4199 2150 2119 80 2039 2049 60 1499 1391 88 59 540 514 446 381 338 1303 65 1248 117 82 1131 147
cat_boundaries=0 1
cat_threshold=1
is_linear=0
shrinkage=0.05


Tree=18
num_leaves=24
num_cat=3
split_feature=0 7 0 7 5 7 7 11 5 5 15 2 15 5 9 14 11 11 14 1 5 10 9
split_gain=27.0196 16.4404 1.63333 1.82069 1.77926 1.40117 1.30312 1.07792 0.707966 1.36286 1.24512 3.32814 1.14606 0.636621 0.624783 1.47901 0.735646 0.719244 0.625 0.576397 0.554992 0.672599 0.613946
threshold=0 1.0000000180025095e-35 1 1.0000000180025095e-35 0.51653639921929895 1.0000000180025095e-35 2.5000000000000004 1.5183890241915792 0.77176796094750444 0.96614232066531724 89.527402216540096 2032.5000000000002 20.926395294179958 1.4308953954205845 15217.117856120118 115902.79610647478 1.006483294229507 0.88254611328137822 152534.41816955732 2 1.1223427162988093 1.5000000000000002 3743.3427231533219
decision_type=1 2 1 2 2 2 2 2 2 2 2 2 2 2 2 2 2 2 2 1 2 2 2
left_child=1 7 3 13 5 -4 -3 8 10 -10 -1 -12 -11 19 16 -16 17 -14 -17 20 21 -2 -22
right_child=2 6 4 -5 -6 -7 -8 -9 9 12 11 -13 14 -15 15 18 -18 -19 -20 -21 22 -23 -24
leaf_value=-0.0025630376645349121 0.0013311924756080407 -0.00038118979960273264 -0.0012066927016300473 0.0052039612743333139 0.020148043592376055 0.0075347006650163754 0.0050044987342524085 6.5896071539178546e-05 -0.0031032715011506309 -0.0026269984816821423 -0.0030784165794915767 -0.00056126526655924779 -0.0019642270808373249 -0.0014872653432731295 -0.0037652691534541208 0.00029854643673094721 -0.0036926128019303403 -0.00073205352148428314 -0.0018939908942578799 0.0010577666153151028 0.0007193862392790803 -0.0029673363510205799 -0.0018502889740101799
leaf_weight=74 102 325 37 522 1997 39 181 20 124 20 20 22 127 35 52 20 20 39 20 317 21 37 28
leaf_count=74 102 325 37 522 1997 39 181 20 124 20 20 22 127 35 52 20 20 39 20 317 21 37 28
internal_value=0.00142772 -0.00542831 0.00375994 0.00210821 0.00459193 -0.00289474 0.00104743 -0.0113978 -0.0118216 -0.0127725 -0.00836207 -0.0152381 -0.0109396 9.25928e-05 -0.0101079 -0.0134783 -0.00844086 -0.0073494 -0.00625 0.000544555 -0.00164894 -3.5971e-05 -0.00622449
internal_weight=4199 1064 3135 1062 2073 76 506 558 538 422 116 42 298 540 278 92 186 166 40 505 188 139 49
internal_count=4199 1064 3135 1062 2073 76 506 558 538 422 116 42 298 540 278 92 186 166 40 505 188 139 49
cat_boundaries=0 1 2 3
cat_threshold=33 66 2
is_linear=0
shrinkage=0.05


Tree=19
num_leaves=24
num_cat=2
split_feature=0 7 0 7 5 7 7 9 2 9 2 5 15 5 15 14 5 5 15 5 5 15 5
split_gain=26.0252 15.5071 1.5674 1.74018 1.48113 1.30312 1.13624 0.905655 1.11458 0.988387 0.902927 0.682671 0.678301 0.635036 0.766391 0.711503 0.558625 1.24927 0.845358 1.01818 1.088 0.738272 0.674719
threshold=0 1.0000000180025095e-35 1 1.0000000180025095e-35 0.51653639921929895 2.5000000000000004 1.0000000180025095e-35 20717.736914900506 2032.5000000000002 33923.018226849999 2034.5000000000002 1.1080825569437391 140.63016145694462 0.62850798343534187 117.80962564861379 90291.631936412246 0.81306325873261354 0.96905256789785377 20.926395294179958 1.2716120369759094 1.3572596427166561 41.50241922839713 0.8899652155658534
decision_type=1 2 1 2 2 2 2 2 2 2 2 2 2 2 2 2 2 2 2 2 2 2 2
left_child=1 7 3 11 6 -3 -4 12 9 -9 -10 -2 13 -1 15 16 21 22 -19 -20 -21 -15 -18
right_child=2 5 4 -5 -6 -7 -8 8 10 -11 -12 -13 -14 14 -16 -17 17 18 19 20 -22 -23 -24
leaf_value=-0.0020989472015042264 0.00092635966397777855 -0.00036213030962259493 -0.0011463580665485426 0.0049437632106166486 0.019140641412757248 0.0047542737975397858 0.0071579656317655562 -0.0034000121143544278 -0.00063418849783302431 -0.0025134278919691361 -0.0034086667117980089 -0.00070962673836232005 -0.00098145385841932106 -3.2932214661958316e-05 -0.0018757348743331686 -0.0008192075414652141 -0.0028072549398616507 -0.0022559983718782955 -0.0019993910611359376 -0.0032876663577797414 -0.0015851489331522033 -0.0036500769139657394 -0.0029206389639838556
leaf_weight=34 345 325 37 522 1997 181 39 23 22 43 53 195 23 31 27 35 31 23 99 24 31 25 34
leaf_count=34 345 325 37 522 1997 181 39 23 22 43 53 195 23 31 27 35 31 23 99 24 31 25 34
internal_value=0.00148726 -0.00524209 0.00377583 0.00215485 0.00459193 0.00104743 -0.00223684 -0.0110394 -0.0145035 -0.0192424 -0.0103333 0.000185185 -0.00986811 -0.0103553 -0.0109722 -0.0103153 -0.0111074 -0.0121488 -0.00997175 -0.00863636 -0.0140909 -0.00660714 -0.0180769
internal_weight=4199 1064 3135 1062 2073 506 76 558 141 66 75 540 417 394 360 333 298 242 177 154 55 56 65
internal_count=4199 1064 3135 1062 2073 506 76 558 141 66 75 540 417 394 360 333 298 242 177 154 55 56 65
cat_boundaries=0 1 2
cat_threshold=33 66
is_linear=0
shrinkage=0.05


Tree=20
num_leaves=24
num_cat=0
split_feature=7 5 14 4 10 7 20 9 9 2 2 14 4 14 11 16 14 14 4 9 2 14 9
split_gain=8.05915 1.075 1.57931 1.00119 0.933643 0.647908 0.63984 0.581321 0.786145 0.515604 0.540259 0.42196 0.365144 0.78518 0.337691 0.439816 0.395411 0.332442 0.65445 1.04912 0.95921 0.443434 0.408033
threshold=1.0000000180025095e-35 0.69157279007383188 87655.739213096036 1.0000000180025095e-35 3.5000000000000004 1.5000000000000002 1.0000000180025095e-35 7262.3728707664641 7731.3505353129776 2029.5000000000002 2032.5000000000002 4945.6777352471518 1.0000000180025095e-35 14188.49172576011 1.006483294229507 2.1729166666666671 47855.606384751161 95190.301059474572 1.0000000180025095e-35 12408.557030270813 2032.5000000000002 31746.985827870991 26962.791929089337
decision_type=2 2 2 2 2 2 2 2 2 2 2 2 2 2 2 2 2 2 2 2 2 2 2
left_child=1 2 6 -4 7 11 -1 12 -9 -8 -11 -2 14 -14 -3 16 -16 18 21 -20 -21 -10 -19
right_child=5 4 3 -5 -6 -7 9 8 17 10 -12 -13 13 -15 15 -17 -18 22 19 20 -22 -23 -24
leaf_value=-0.0014597643676298245 -0.0032537138275029022 0.00041645009812132737 -0.0020285145146754411 -0.0050477480180828862 -0.0016987795161473467 0.00666679677678398 0.0014568656356984718 -0.0018558279375153891 0.00088259474507451261 -0.0014891386638428445 0.0001520104411012203 0.0017591419760629029 -0.0014137684621631243 0.0013909372363698205 -0.0036270311963437427 0.0012781188351416036 -0.00082218754151151211 0.0015978714245454128 -0.0014630265214037341 -0.0032678100638932842 0.0018655357673590931 -0.0011183495356066168 -0.00033796640367310068
leaf_weight=32 21 623 60 24 28 1382 42 23 71 34 82 646 53 272 37 42 27 100 39 36 40 234 251
leaf_count=32 21 623 60 24 28 1382 42 23 71 34 82 646 53 272 37 42 27 100 39 36 40 234 251
internal_value=0.00148726 -0.000651163 -0.00357664 -0.00928571 -0.00022388 0.00373109 -0.00105263 -8.65799e-05 -0.00110831 0.000253165 -0.00146552 0.00245127 0.000683112 0.00207692 6.17286e-05 -0.00254717 -0.00515625 -0.000836576 -0.00178571 -0.005 -0.00157895 -0.00057377 0.000299145
internal_weight=4199 2150 274 84 1876 2049 190 1848 794 158 116 667 1054 325 729 106 64 771 420 115 76 305 351
internal_count=4199 2150 274 84 1876 2049 190 1848 794 158 116 667 1054 325 729 106 64 771 420 115 76 305 351
is_linear=0
shrinkage=0.05


Tree=21
num_leaves=24
num_cat=2
split_feature=0 7 0 5 7 7 7 15 11 2 17 2 9 2 9 5 15 17 11 9 9 9 2
split_gain=24.7754 12.9944 1.60163 1.83487 1.6679 1.18539 1.09074 0.90891 0.899551 0.824255 1.29938 1.08539 1.04348 1.03663 1.4782 1.17369 0.985854 0.973488 0.978279 0.952009 1.5392 0.73653 0.655674
threshold=0 1.0000000180025095e-35 1 0.59363815052548841 1.5000000000000002 2.5000000000000004 1.0000000180025095e-35 36.108001881607926 1.5183890241915792 2028.5000000000002 73.879583333333343 2030.5000000000002 1329.1686448048006 2032.5000000000002 23106.228101876706 0.64827296193767847 90.206750750903851 74.884166666666673 0.50335885218050369 6779.3730495023528 25607.930157639341 56801.690371426215 2036.5000000000002
decision_type=1 2 1 2 2 2 2 2 2 2 2 2 2 2 2 2 2 2 2 2 2 2 2
left_child=1 8 4 6 -2 21 7 -4 9 10 -1 16 -12 14 -13 -15 -11 18 19 22 -21 -3 -17
right_child=2 5 3 -5 -6 -7 -8 -9 -10 11 12 13 -14 15 -16 17 -18 -19 -20 20 -22 -23 -24
leaf_value=-0.0019110309447811812 0.0006395322954650842 -0.00023241576118959216 0.00063818608934659632 0.019391071809708477 0.0080900493560816019 0.0041832202688235993 0.0030287075691627688 -0.00188247540155525 0.00035421825509393502 0.0002113592339681047 -0.0024939132733626888 -0.0025941166754153886 -0.0026007243739303446 0.00030273655810648378 -0.0033471469989076819 -0.0020411927726196994 -0.0018266863627688702 -0.0027587612443697295 -0.003352199322001476 -0.0026338234249714682 -0.0025733120892403121 -0.0024157010725649299 -4.3217241248030926e-06
leaf_weight=49 727 301 35 1929 335 181 70 39 20 39 23 60 46 25 22 20 20 120 33 21 33 24 27
leaf_count=49 727 301 35 1929 335 181 70 39 20 39 23 60 46 25 22 20 20 120 33 21 33 24 27
internal_value=0.00146344 -0.00510242 0.00369634 0.00451992 0.00206157 0.000652174 -0.000902778 -0.00513513 -0.0104122 -0.0107993 -0.0144915 -0.0097619 -0.018913 -0.0107895 -0.0157317 -0.00933692 -0.00347458 -0.0103543 -0.0132836 -0.0108416 -0.0153704 -0.00115385 -0.0056383
internal_weight=4199 1064 3135 2073 1062 506 144 74 558 538 118 420 69 361 82 279 59 254 134 101 54 325 47
internal_count=4199 1064 3135 2073 1062 506 144 74 558 538 118 420 69 361 82 279 59 254 134 101 54 325 47
cat_boundaries=0 1 2
cat_threshold=33 66
is_linear=0
shrinkage=0.05


Tree=22
num_leaves=24
num_cat=3
split_feature=0 7 0 7 7 9 2 9 11 11 2 9 14 14 15 14 2 2 1 15 2 15 9
split_gain=23.7307 12.8062 1.60253 1.72213 1.11425 0.957209 1.47317 0.988387 0.685004 0.740538 0.642298 0.826186 0.593304 0.815378 0.928411 0.909153 0.779548 0.705094 0.588923 0.481728 0.613295 0.616051 0.536598
threshold=0 1.0000000180025095e-35 1 1.5000000000000002 2.5000000000000004 20717.736914900506 2032.5000000000002 33923.018226849999 1.5183890241915792 1.0053440386104673 2034.5000000000002 55592.232631112907 14631.389398168936 36795.514088495845 59.668990118102194 59653.752615219921 2032.5000000000002 2033.5000000000002 2 31.635187667559883 2028.5000000000002 41.50241922839713 51586.441189360201
decision_type=1 2 1 2 2 2 2 2 2 2 2 2 2 2 2 2 2 2 1 2 2 2 2
left_child=1 5 3 18 19 8 7 -7 9 12 -8 -12 -1 16 15 17 -14 -15 -2 -3 -21 -22 -23
right_child=2 4 -4 -5 -6 6 10 -9 -10 -11 11 -13 13 14 -16 -17 -18 -19 -20 20 21 22 -24
leaf_value=-0.0013965364495768812 0.0024894070977136582 0.00057149644130019789 0.01567787606805781 0.0076855468882775215 0.0039740592553824212 -0.0030030287900208565 -0.00045598790222989538 -0.0022096066356551759 0.00033650734233923963 -0.0031719707916799847 -0.0030688160928772686 -0.0028851113800481584 -0.0023115075913194886 -0.0044937460276274271 -0.0020050499913275917 -0.0016800460013137689 4.8621978018752296e-05 -0.0027842907619871336 4.7723409309050944e-05 -0.0026619720461723336 -0.0016394765586566302 0.00065703939016366396 -0.0030030128068973369
leaf_weight=32 108 88 2073 335 181 23 22 43 20 35 33 20 39 30 158 27 45 31 619 44 27 146 20
leaf_count=32 108 88 2073 335 181 23 22 43 20 35 33 20 39 30 158 27 45 31 619 44 27 146 20
internal_value=0.00146344 -0.00496276 0.00364865 0.00201493 0.000750988 -0.010233 -0.0137943 -0.0192424 -0.00902878 -0.00948363 -0.009 -0.0119811 -0.00881215 -0.00818182 -0.00963415 -0.01375 -0.00392857 -0.0171311 0.000667125 -0.001 -0.002173 -0.000958549 0.000180723
internal_weight=4199 1064 3135 1062 506 558 141 66 417 397 75 53 362 330 246 88 84 61 727 325 237 193 166
internal_count=4199 1064 3135 1062 506 558 141 66 417 397 75 53 362 330 246 88 84 61 727 325 237 193 166
cat_boundaries=0 1 2 3
cat_threshold=33 66 4
is_linear=0
shrinkage=0.05


Tree=23
num_leaves=24
num_cat=5
split_feature=0 7 5 0 7 0 7 7 2 1 5 5 5 15 5 15 15 9 15 15 15 1 15
split_gain=21.6303 11.3854 1.6798 2.2962 2.72626 2.22234 1.48481 1.11425 1.05026 0.969755 0.743956 1.10963 1.48072 1.05616 0.718376 0.698435 0.694827 0.669038 0.757834 0.608065 0.864286 0.574573 0.609826
threshold=0 1.0000000180025095e-35 0.62209009350254196 1 1.0000000180025095e-35 2 1.5000000000000002 2.5000000000000004 2028.5000000000002 3 0.64827296193767847 0.95989162001894435 0.8899652155658534 101.55199198662889 1.236240609701037 36.108001881607926 56.022613794889629 16142.883537625179 94.639674848128223 56.022613794889629 42.101107727748541 4 23.880185662864822
decision_type=1 2 2 1 2 1 2 2 2 1 2 2 2 2 2 2 2 2 2 2 2 1 2
left_child=1 8 3 4 15 6 21 -3 9 -1 -10 12 13 16 -11 -2 -12 19 -19 20 -13 -4 -23
right_child=2 7 5 -5 -6 -7 -8 -9 10 14 11 17 -14 -15 -16 -17 -18 18 -20 -21 -22 22 -24
leaf_value=-0.0022170429057960287 -0.0012214093698119104 -0.0004510474041553613 0.0023531477573486203 0.0050939358183982077 0.00085449519600455594 0.017907979537959907 0.0071857669113125858 0.0037753562926133005 -0.00205207060920665 -0.0017917814497808771 -0.0031144841333697378 -0.00097202930542080704 -0.0026162398768690477 -0.0022788201797935182 -0.0022022255150414699 -0.0028869857860644534 -0.00028503155828133126 -0.0032588290748765468 -0.0015205242496235884 -0.0012768957644285115 -0.0026840749413752345 -0.00083227505487099788 0.00041351190325299993
leaf_weight=55 27 325 104 170 45 1895 306 181 42 45 53 70 36 31 20 29 28 29 42 87 20 29 530
leaf_count=55 27 325 104 170 45 1895 306 181 42 45 53 70 36 31 20 29 28 29 42 87 20 29 530
internal_value=0.00149917 -0.00463687 0.00358506 -0.000166051 -0.00581081 0.00395251 0.00193565 0.000750988 -0.00960573 -0.01375 -0.00847032 -0.00914141 -0.0125676 -0.00973214 -0.00961538 -0.01375 -0.00672839 -0.00709677 -0.0111972 -0.00545198 -0.00833333 0.000625943 -8.94436e-06
internal_weight=4199 1064 3135 271 101 2864 969 506 558 120 438 396 148 112 65 56 81 248 71 177 90 663 559
internal_count=4199 1064 3135 271 101 2864 969 506 558 120 438 396 148 112 65 56 81 248 71 177 90 663 559
cat_boundaries=0 1 2 3 4 5
cat_threshold=33 20 66 1 4
is_linear=0
shrinkage=0.05


Tree=24
num_leaves=24
num_cat=4
split_feature=0 7 5 0 7 0 7 18 9 14 9 2 7 15 14 1 5 15 5 9 4 9 15
split_gain=20.3301 10.4023 2.03394 2.53402 3.13045 2.23015 1.47013 1.15651 1.36727 2.22815 1.08863 1.04281 0.992035 0.913199 0.872585 0.992063 0.618592 1.16275 1.18531 1.1069 1.13196 0.919586 0.9
threshold=0 1.0000000180025095e-35 0.6614825672723017 1 1.0000000180025095e-35 2 1.5000000000000002 1.0000000180025095e-35 16142.883537625179 115902.79610647478 11438.948478213466 2035.5000000000002 2.5000000000000004 152.80516291505447 32768.411137658324 3 0.96905256789785377 73.532143063359925 0.82727239353578796 1375.1707708702409 1.0000000180025095e-35 31.520653186837865 40.506207950130239
decision_type=1 2 2 1 2 1 2 2 2 2 2 2 2 2 2 1 2 2 2 2 2 2 2
left_child=1 7 3 4 14 6 -4 -1 10 11 16 -10 -3 -11 -2 -16 17 18 -9 20 21 -18 -20
right_child=2 12 5 -5 -6 -7 -8 8 9 13 -12 -13 -14 -15 15 -17 19 -19 22 -21 -22 -23 -24
leaf_value=-0.00064071158306530814 -0.00081354072247295242 -0.00042849503394759336 0.00059471723656866725 0.0047741481758047846 0.00099267695404316202 0.017935032493506881 0.0068160519243041845 -0.0018735559566950154 -0.0031533023533944857 -0.00081534706039189755 0.00064381063111199283 -0.0031279068077234812 0.0035865884779826365 -0.0016463148161343271 -0.0026564175381338494 -0.0041223694896691384 -0.0022804152955684808 -0.0030672089786124685 -0.0024742253020104479 -0.0013746526197245435 -0.00051506903463122372 -0.003015630614722503 -0.0013560517635170344
leaf_weight=72 24 325 642 225 60 1845 294 57 47 31 21 26 181 39 21 24 42 48 20 78 28 29 20
leaf_count=72 24 325 642 225 60 1845 294 57 47 31 21 26 181 39 21 24 42 48 20 78 28 29 20
internal_value=0.00145154 -0.00449721 0.00347377 -8.47456e-05 -0.00543165 0.00393923 0.00188161 -0.00924731 -0.0101235 -0.0142308 -0.00841108 -0.0203425 0.000652174 -0.00785714 -0.0131159 -0.0172222 -0.00913043 -0.0115517 -0.00840206 -0.00714689 -0.0106566 -0.0140141 -0.015
internal_weight=4199 1064 3135 354 129 2781 936 558 486 143 343 73 506 70 69 45 322 145 97 177 99 71 40
internal_count=4199 1064 3135 354 129 2781 936 558 486 143 343 73 506 70 69 45 322 145 97 177 99 71 40
cat_boundaries=0 1 2 3 4
cat_threshold=33 20 66 1
is_linear=0
shrinkage=0.05


Tree=25
num_leaves=24
num_cat=3
split_feature=0 7 5 0 7 15 7 9 18 9 14 2 9 7 3 1 5 15 5 15 9 4 17
split_gain=19.7771 10.0291 2.0158 2.19006 1.97008 1.65143 1.47013 1.13627 1.26423 1.01827 2.48472 1.85507 1.03184 0.992035 0.989749 0.952381 0.787451 1.16275 1.18531 0.9 0.843928 0.879296 0.75
threshold=0 1.0000000180025095e-35 0.6614825672723017 1 1.0000000180025095e-35 106.28319997355487 1.5000000000000002 69699.192125542948 1.0000000180025095e-35 16142.883537625179 115902.79610647478 2035.5000000000002 11438.948478213466 2.5000000000000004 1.0000000180025095e-35 2 0.96905256789785377 73.532143063359925 0.82727239353578796 40.506207950130239 1375.1707708702409 1.0000000180025095e-35 74.884166666666673
decision_type=1 2 2 1 2 2 2 2 2 2 2 2 2 2 2 1 2 2 2 2 2 2 2
left_child=1 7 4 6 5 15 -4 8 14 12 11 -11 16 -3 -1 -2 17 18 -10 -20 21 -18 -19
right_child=2 13 3 -5 -6 -7 -8 -9 9 10 -12 -13 -14 -15 -16 -17 20 22 19 -21 -22 -23 -24
leaf_value=-0.0021931304044654812 0.0012602426397901063 -0.00040707028225021359 0.00056498137474023352 0.017038280868831534 0.0040656767511586932 -0.00471099980897321 0.0064752493280889724 -0.0017719104665028353 -0.0017798781588602638 -0.0030633349240142701 -0.0011800102132187079 -0.0026219336611178574 0.00061162009955639189 0.0034072590540835039 0.00079348308513349443 -0.00057506853532013856 -0.0027371214291890818 -0.0018841049805905662 -0.0023505140369099245 -0.0012882491753411817 -0.0013059199887383171 -0.00048931558289966261 -0.0042140873222538044
leaf_weight=41 60 325 642 1845 179 35 294 27 57 46 50 23 21 181 28 80 71 24 20 20 78 28 24
leaf_count=41 60 325 642 1845 179 35 294 27 57 46 50 23 21 181 28 80 71 24 20 20 78 28 24
internal_value=0.00146344 -0.0044041 0.00345787 0.00392125 -8.47456e-05 -0.00385714 0.00188161 -0.0090681 -0.00855932 -0.00950216 -0.0134874 -0.0196377 -0.00811953 0.000652174 -0.00224638 -0.00142857 -0.00881988 -0.0115517 -0.00840206 -0.015 -0.00658192 -0.00964646 -0.0179167
internal_weight=4199 1064 3135 2781 354 175 936 558 531 462 119 69 343 506 69 140 322 145 97 40 177 99 48
internal_count=4199 1064 3135 2781 354 175 936 558 531 462 119 69 343 506 69 140 322 145 97 40 177 99 48
cat_boundaries=0 1 2 3
cat_threshold=33 66 1
is_linear=0
shrinkage=0.05


Tree=26
num_leaves=24
num_cat=4
split_feature=0 7 5 0 7 0 7 18 9 14 16 7 9 15 5 5 14 9 4 10 5 5 1
split_gain=18.3126 9.12584 2.14379 2.35366 3.0478 2.12064 1.47848 1.47358 1.47916 1.99039 1.12091 0.992035 0.976571 0.913199 0.76782 1.15165 1.28961 0.725798 0.764913 0.73515 0.611111 0.628205 0.577773
threshold=0 1.0000000180025095e-35 0.6677617044747115 1 1.0000000180025095e-35 2 1.5000000000000002 1.0000000180025095e-35 16142.883537625179 115902.79610647478 1.4758333333333338 2.5000000000000004 11438.948478213466 152.80516291505447 0.96905256789785377 0.8899652155658534 85976.077689391241 1375.1707708702409 1.0000000180025095e-35 2.5000000000000004 0.77176796094750444 1.0894399391156535 3
decision_type=1 2 2 1 2 1 2 2 2 2 2 2 2 2 2 2 2 2 2 2 2 2 1
left_child=1 7 3 4 -2 6 22 20 12 10 -10 -3 14 -11 15 16 -9 18 19 -16 -1 -22 -4
right_child=2 11 5 -5 -6 -7 -8 8 9 13 -12 -13 -14 -15 17 -17 -18 -19 -20 -21 21 -23 -24
leaf_value=0.00030047660216112781 -0.0019235218851837441 -0.00038671676813770194 0.002168663699806225 0.0047127255872963097 0.00073975926878307196 0.016188006694212435 0.0061462735413515606 -0.0020640165487665033 -0.003207732959308548 -0.00068598418537016241 -0.0025716797425447604 0.0032368961013793311 0.00058103909457857196 -0.0014990795638096343 -0.0025769832360821271 -0.0019553091337131028 -0.0024519032178524631 -0.001240623989301402 -0.00046484980375467949 -0.0024433148043953852 -0.0025132408393499527 0.00020026524159107051 -0.00020888958944339584
leaf_weight=22 70 325 101 236 60 1837 293 87 22 31 51 181 21 39 46 38 20 78 28 25 26 24 538
leaf_count=22 70 325 101 236 60 1837 293 87 22 31 51 181 21 39 46 38 20 78 28 25 26 24 538
internal_value=0.00147535 -0.00417132 0.00339428 -0.000191257 -0.00535714 0.00388046 0.00186837 -0.00862007 -0.00960905 -0.0138811 -0.0196575 0.000652174 -0.00782799 -0.00785714 -0.00850932 -0.0112069 -0.0085514 -0.00629943 -0.00914141 -0.0119014 -0.00194444 -0.005 0.000539906
internal_weight=4199 1064 3135 366 130 2769 932 558 486 143 73 506 343 70 322 145 107 177 99 71 72 50 639
internal_count=4199 1064 3135 366 130 2769 932 558 486 143 73 506 343 70 322 145 107 177 99 71 72 50 639
cat_boundaries=0 1 2 3 4
cat_threshold=33 20 66 4
is_linear=0
shrinkage=0.05


Tree=27
num_leaves=24
num_cat=4
split_feature=0 7 5 0 0 7 7 18 9 14 15 7 3 15 9 9 11 36 5 5 15 5 1
split_gain=17.2006 8.26524 1.85601 2.26308 2.14002 2.75874 1.46028 1.28242 1.32643 2.17344 0.997395 0.992035 0.936692 0.873798 0.869675 0.754704 0.734046 0.803066 0.899593 1.0304 1.77778 0.994293 0.600254
threshold=0 1.0000000180025095e-35 0.71283530371631154 1 2 1.0000000180025095e-35 1.5000000000000002 1.0000000180025095e-35 23106.228101876706 113762.42999044863 105.82783814596763 2.5000000000000004 1.0000000180025095e-35 152.80516291505447 1533.5404382885574 36863.600766383563 0.58617967701632978 0.022868551674196221 0.98074084135780404 0.81306325873261354 57.671785690171546 1.3246791633457937 3
decision_type=1 2 2 1 1 2 2 2 2 2 2 2 2 2 2 2 2 2 2 2 2 2 1
left_child=1 7 4 6 5 10 22 12 16 15 14 -3 -1 -11 -2 -10 17 18 19 -9 -21 -20 -4
right_child=2 11 3 -5 -6 -7 -8 8 9 13 -12 -13 -14 -15 -16 -17 -18 -19 21 20 -22 -23 -24
leaf_value=-0.001827276064420131 -0.00089322534116469555 -0.00036738092973081544 0.0020246155758236579 0.015985854580462949 0.0038648793210555813 0.0010140804087036106 0.0058650264643951124 -0.0023801313538209775 -0.0036065008778705799 -0.00073031600103574143 -0.0045754079877524242 0.0030750512963103639 0.00053422270710257094 -0.0014247432712429021 -0.00087632388157156773 -0.0021552870708354973 -0.0019587325597013421 0.00023729640358417811 -0.00061151769963249962 -0.0019961402557411964 -0.001605221901375796 -0.0017991557067479494 -0.00027120768415660358
leaf_weight=43 33 325 100 1775 304 73 278 55 20 29 20 181 29 38 36 21 134 23 83 25 20 38 516
leaf_count=43 33 325 100 1775 304 73 278 55 20 29 20 181 29 38 36 21 134 23 83 25 20 38 516
internal_value=0.00153489 -0.00393855 0.00339428 0.00391345 0.000493562 -0.00401163 0.00179204 -0.00817204 -0.00909465 -0.0139815 -0.0101685 0.000652174 -0.00194444 -0.00843284 -0.00731884 -0.0230488 -0.00769841 -0.00606557 -0.00699095 -0.0105 -0.0161111 -0.00409091 0.000454546
internal_weight=4199 1064 3135 2669 466 162 894 558 486 108 89 506 72 67 69 41 378 244 221 100 45 121 616
internal_count=4199 1064 3135 2669 466 162 894 558 486 108 89 506 72 67 69 41 378 244 221 100 45 121 616
cat_boundaries=0 1 2 3 4
cat_threshold=33 66 20 4
is_linear=0
shrinkage=0.05


Tree=28
num_leaves=24
num_cat=4
split_feature=0 7 0 7 18 9 14 3 15 7 1 11 36 2 14 14 3 9 14 1 9 9 15
split_gain=15.6981 7.96677 1.67334 1.58762 1.13905 1.29865 1.82588 0.936692 0.873798 0.864263 0.687872 0.571641 0.766477 0.561193 0.584872 1.22888 1.4008 0.783047 0.54448 0.578503 0.502265 0.480383 0.456269
threshold=0 1.0000000180025095e-35 1 1.5000000000000002 1.0000000180025095e-35 23106.228101876706 113762.42999044863 1.0000000180025095e-35 152.80516291505447 2.5000000000000004 2 0.58617967701632978 0.022868551674196221 2027.5000000000002 21987.919908185151 57546.577040970296 1.0000000180025095e-35 4351.7097475303253 71939.340859058619 3 36863.600766383563 56801.690371426215 85.918700510599209
decision_type=1 2 1 2 2 2 2 2 2 2 1 2 2 2 2 2 2 2 2 1 2 2 2
left_child=1 4 3 10 7 11 20 -1 -8 21 -2 12 13 -6 -15 16 17 -16 -17 22 -7 -3 -20
right_child=2 9 -4 -5 5 6 8 -9 -10 -11 -12 -13 -14 14 15 18 -18 -19 19 -21 -22 -23 -24
leaf_value=-0.0017359122611991249 0.0019796304606136054 -0.00015161137039607645 0.010997277694708225 0.0058226966316072895 -0.0014866120370783942 -0.0034261758339770515 -0.00069380020098395469 0.00050751157174744235 -0.0013535061076807558 0.0029212987314948462 -0.00027410796849299332 -0.0018607959317162742 0.0002254315834049699 0.00018077757736544034 0.0020501722591809101 0.00028167038748511857 -0.0034926546413201909 -0.0021188206195884175 -0.0025080891131362558 -0.0018441203993180535 -0.0020475227172937218 -0.0020427298576807282 0.0003746010820416157
leaf_weight=43 108 301 2073 335 27 20 29 29 38 181 619 134 23 26 21 26 22 32 20 24 21 24 23
leaf_count=43 108 301 2073 335 27 20 29 29 38 181 619 134 23 26 21 26 22 32 20 24 21 24 23
internal_value=0.00157061 -0.00365922 0.00334658 0.00168843 -0.00781362 -0.00868313 -0.0135185 -0.00194444 -0.00843284 0.000849803 0.000392022 -0.00730159 -0.00586066 -0.00676471 -0.00582474 -0.00690476 -0.0116667 -0.00726415 -0.00306452 -0.00544776 -0.0218293 -0.000692307 -0.00197674
internal_weight=4199 1064 3135 1062 558 486 108 72 67 506 727 378 244 221 194 168 75 53 93 67 41 325 43
internal_count=4199 1064 3135 1062 558 486 108 72 67 506 727 378 244 221 194 168 75 53 93 67 41 325 43
cat_boundaries=0 1 2 3 4
cat_threshold=33 66 4 1
is_linear=0
shrinkage=0.05


Tree=29
num_leaves=24
num_cat=2
split_feature=7 5 14 7 5 5 5 1 36 2 9 17 11 14 11 1 5 2 11 9 2 14 9
split_gain=6.25 3.17719 1.0476 0.62868 0.780216 0.599165 0.779938 1.193 0.500384 0.529911 0.718812 0.75 0.749804 0.496419 0.494508 0.382659 0.289855 0.276726 0.49137 0.459056 0.431499 0.551392 0.88377
threshold=1.0000000180025095e-35 0.69157279007383188 28523.785437470815 1.5000000000000002 0.46620033734366129 0.64827296193767847 0.46620033734366129 0 0.078670252342562974 2027.5000000000002 28797.174205437808 74.884166666666673 0.0098246533828618265 88403.490714778294 0.79661302075432383 1 0.62209009350254196 2030.5000000000002 1.006483294229507 7262.3728707664641 2032.5000000000002 112889.48693964437 20329.79595575637
decision_type=2 2 2 2 2 2 2 1 2 2 2 2 2 2 2 1 2 2 2 2 2 2 2
left_child=1 2 16 4 -2 6 -4 -8 9 10 12 -12 -3 -9 -14 -7 -1 18 -11 -19 21 22 -21
right_child=3 8 5 -5 -6 15 7 13 -10 17 11 -13 14 -15 -16 -17 -18 19 -20 20 -22 -23 -24
leaf_value=-0.00081019144435280199 -0.0015849957997712033 0.0017561588572876426 -0.0020753122328046702 0.0049837738672235789 0.0015532470536358651 -0.00089827833702473068 0.00065084361714593593 -0.0012504428653615002 0.00054695846135618389 0.0011755717161086711 -0.00056210969505833053 -0.0015377121118201548 -0.0014121584283112994 -0.0052486273294086996 -0.001155522308563533 -0.0029553472723401232 0.0015698218984954858 0.000569549328114335 -0.00081977508928840037 -0.00079339266379416457 -8.7276187538469721e-05 0.0017730868286876353 -0.0015259957651430232
leaf_weight=49 20 115 42 1382 647 23 57 43 141 313 24 24 27 20 60 20 20 629 25 43 410 38 27
leaf_count=49 20 115 42 1382 647 23 57 43 141 313 24 24 27 20 60 20 20 629 25 43 410 38 27
internal_value=0.00151107 -0.000372093 -0.00540146 0.00348707 0.00222639 -0.00719512 -0.00580247 -0.00375 0.000362474 0.000129683 -0.002 -0.0075 -0.000693069 -0.00849206 -0.0041954 -0.0124419 -7.24636e-05 0.000488216 0.00174556 0.000117699 -0.000984556 -0.0037963 -0.00642857
internal_weight=4199 2150 274 2049 667 205 162 120 1876 1735 250 48 202 63 87 43 69 1485 338 1147 518 108 70
internal_count=4199 2150 274 2049 667 205 162 120 1876 1735 250 48 202 63 87 43 69 1485 338 1147 518 108 70
cat_boundaries=0 1 2
cat_threshold=1 2
is_linear=0
shrinkage=0.05


Tree=30
num_leaves=24
num_cat=0
split_feature=7 5 14 18 5 5 3 9 7 36 2 5 5 5 9 11 17 2 14 15 16 2 2
split_gain=6.00785 2.67857 0.909023 0.806959 0.952361 0.748611 0.738092 0.710663 0.542198 0.538323 0.423769 0.605437 0.500446 0.899429 0.659379 0.5745 0.515723 0.438587 0.505981 0.794127 1.01399 0.823961 0.559929
threshold=1.0000000180025095e-35 0.69157279007383188 28523.785437470815 1.0000000180025095e-35 0.63561259619552946 0.52541672543949758 1.0000000180025095e-35 1282.1821382885942 2.5000000000000004 0.078670252342562974 2028.5000000000002 1.4854173152328105 1.2837255376576799 1.2286516858134353 28797.174205437808 0.0098246533828618265 74.884166666666673 2030.5000000000002 39654.038758713657 65.386347066319146 2.1729166666666671 2035.5000000000002 2032.5000000000002
decision_type=2 2 2 2 2 2 2 2 2 2 2 2 2 2 2 2 2 2 2 2 2 2 2
left_child=1 2 -1 -4 5 6 -5 -7 -2 10 11 12 13 14 15 -3 -16 -12 -19 20 22 -22 -20
right_child=8 9 3 4 -6 7 -8 -9 -10 -11 17 -13 -14 -15 16 -17 -18 18 19 -21 21 -23 -24
leaf_value=0.00010889297804121835 0.0021203082693467437 0.0012771689695618268 9.6562045581937423e-05 -0.0017431764259071972 -0.0029679725437526498 -0.0022663993056854775 -0.00075952045781456053 0.00028662165883177704 0.0065566724473861198 0.00051961053828837578 0.001413429080216811 -0.0016953462594128299 0.0021357140080025499 -0.0021632675883173197 -0.00072210746355349251 -0.00093632388891882611 -0.0015412604326009902 0.00067501840943679111 -0.00082455754250249005 0.00036263498765224533 -0.0019763015670130179 -0.0017645624331065419 0.00047696328490577509
leaf_weight=69 1352 140 33 29 47 24 23 49 697 141 218 25 46 21 23 95 20 320 39 584 27 31 146
leaf_count=69 1352 140 33 29 47 24 23 49 697 141 218 25 46 21 23 95 20 320 39 584 27 31 146
internal_value=0.00142772 -0.000418604 -0.0050365 -0.00670732 -0.00808139 -0.0058 -0.0103846 -0.00253425 0.00336506 0.000255864 1.44094e-05 -0.00148649 -0.000942029 -0.00168896 -0.000935252 0.000106383 -0.00662791 0.000421246 3.05146e-05 -0.000622733 -0.00302469 -0.0087931 -0.00121622
internal_weight=4199 2150 274 205 172 125 52 73 2049 1876 1735 370 345 299 278 235 43 1365 1147 827 243 58 185
internal_count=4199 2150 274 205 172 125 52 73 2049 1876 1735 370 345 299 278 235 43 1365 1147 827 243 58 185
is_linear=0
shrinkage=0.05


Tree=31
num_leaves=24
num_cat=4
split_feature=0 7 5 0 7 0 18 7 9 14 5 7 14 3 5 1 15 11 5 5 5 9 15
split_gain=16.2472 6.28309 2.93596 3.75225 2.33864 2.20514 1.34782 1.33792 1.11243 2.03498 0.868385 0.840572 0.825714 0.758721 0.708745 0.7 0.562102 0.59256 0.665188 1.60342 1.15754 0.783032 0.588593
threshold=0 1.0000000180025095e-35 0.6677617044747115 1 1.0000000180025095e-35 2 1.0000000180025095e-35 1.0000000180025095e-35 23106.228101876706 113762.42999044863 1.1016024789624379 2.5000000000000004 32768.411137658324 1.0000000180025095e-35 1.1080825569437391 3 136.14599767670714 0.58617967701632978 0.98074084135780404 0.81306325873261354 1.3246791633457937 5242.8019977711238 41.50241922839713
decision_type=1 2 2 1 2 1 2 2 2 2 2 2 2 2 2 1 2 2 2 2 2 2 2
left_child=1 6 3 4 12 7 13 14 16 -10 -11 -3 -2 -1 -4 -14 17 18 19 22 -20 -21 -8
right_child=2 11 5 -5 -6 -7 8 -9 9 10 -12 -13 15 -15 -16 -17 -18 -19 20 21 -22 -23 -24
leaf_value=-0.001670058680864458 -0.0011427789890902363 -0.00055224796612440938 0.00079401286088053187 0.0039989121012093606 -0.00022015688719549884 0.01397374397767126 0.00075206689750903282 0.0031952000331529362 -0.0027386630529685498 -0.0011452196997736666 6.9199227423660144e-05 0.0021982114791896192 -0.0024321862741574986 0.00046468208787001758 -0.0007382600359275575 -0.0041346969195458138 8.4678133345555536e-05 -0.0020838260020826765 -0.00026666015769057999 -0.00099703999305540626 -0.0014162951720201541 -0.0019120289857973679 -0.002611896370547347
leaf_weight=43 25 325 284 236 60 1837 33 453 41 45 22 181 21 29 195 24 22 118 88 23 41 21 32
leaf_count=43 25 325 284 236 60 1837 33 453 41 45 22 181 21 29 195 24 22 118 88 23 41 21 32
internal_value=0.00138009 -0.00393855 0.0031876 -0.00101093 -0.0075 0.00375406 -0.00763441 0.00170913 -0.00858025 -0.0130556 -0.00768657 5.92887e-05 -0.0142857 -0.00125 -0.000114822 -0.0183333 -0.00730159 -0.0077809 -0.00634454 -0.00922018 -0.00391473 -0.0165909 -0.00423077
internal_weight=4199 1064 3135 366 130 2769 558 932 486 108 67 506 70 72 479 45 378 356 238 109 129 44 65
internal_count=4199 1064 3135 366 130 2769 558 932 486 108 67 506 70 72 479 45 378 356 238 109 129 44 65
cat_boundaries=0 1 2 3 4
cat_threshold=33 20 66 1
is_linear=0
shrinkage=0.05


Tree=32
num_leaves=24
num_cat=3
split_feature=0 7 5 0 0 7 7 18 2 7 17 5 3 14 5 36 14 5 14 5 5 5 14
split_gain=14.5212 5.74003 2.4677 3.0805 2.49031 2.16384 1.50761 1.41484 0.880037 0.723308 0.655594 0.625541 0.599483 0.485541 0.481391 0.440929 0.57503 0.932401 0.657226 0.80834 0.70318 0.889195 1.02078
threshold=0 1.0000000180025095e-35 0.71654816570429147 1 2 1.0000000180025095e-35 1.5000000000000002 1.0000000180025095e-35 2035.5000000000002 2.5000000000000004 73.879583333333343 0.52541672543949758 1.0000000180025095e-35 70063.329037397154 1.0527453708314882 0.022868551674196221 20517.70875164316 0.96190403407743663 110052.16701086449 1.1016024789624379 1.2286516858134353 1.0324986184915215 71939.340859058619
decision_type=1 2 2 1 1 2 2 2 2 2 2 2 2 2 2 2 2 2 2 2 2 2 2
left_child=1 7 3 5 6 8 14 12 10 -3 -2 -7 13 -1 -4 16 17 -9 20 -20 21 22 -18
right_child=2 9 4 -5 -6 11 -8 15 -10 -11 -12 -13 -14 -15 -16 -17 18 -19 19 -21 -22 -23 -24
leaf_value=-0.0020484939336200699 -0.0023616730817975565 -0.00052463556781818892 0.00076383251688992202 0.0035575550201440626 0.013854852166383444 -0.00057923955731410963 0.004760462880775862 -0.0010144759801567643 -0.0012907289545788037 0.0020883009052301373 -0.0026822185508853539 0.0024598651187663248 0.00044144798347651564 5.4987942606698561e-05 -0.00038383727788781339 -0.0003064815404778928 -0.0014049028960795506 0.00031082249382076486 -0.0011761075159988069 2.2332088404930246e-05 -0.0022956797217036106 -0.0021031435372686862 -0.0029516948137139499
leaf_weight=20 30 325 308 310 1766 21 277 22 39 181 22 56 29 23 306 38 104 26 83 39 62 65 47
leaf_count=20 30 325 308 310 1766 21 277 22 39 181 22 56 29 23 306 38 104 26 83 39 62 65 47
internal_value=0.00146344 -0.00356611 0.0031717 -0.000125523 0.00377682 -0.00539326 0.00155938 -0.00709677 -0.0109341 0.000256917 -0.0151923 0.000454546 -0.000555555 -0.00430233 0.00019544 -0.00806584 -0.00850446 -0.00333333 -0.009125 -0.00606557 -0.0104676 -0.00912037 -0.0112252
internal_weight=4199 1064 3135 478 2657 168 891 558 91 506 52 77 72 43 614 486 448 48 400 122 278 216 151
internal_count=4199 1064 3135 478 2657 168 891 558 91 506 52 77 72 43 614 486 448 48 400 122 278 216 151
cat_boundaries=0 1 2 3
cat_threshold=33 20 66
is_linear=0
shrinkage=0.05


Tree=33
num_leaves=24
num_cat=3
split_feature=0 5 0 0 6 8 5 9 8 2 9 2 9 15 11 36 5 11 14 2 14 14 5
split_gain=13.0855 2.3604 2.87332 2.40234 1.82515 1.65088 1.43842 1.24844 0.948387 0.961511 1.16599 0.934761 0.916667 0.886112 0.710643 0.744463 0.683132 0.666969 0.695942 1.30451 1.19301 0.510434 0.488727
threshold=0 0.71654816570429147 1 2 1.0000000180025095e-35 1.0000000180025095e-35 0.46620033734366129 43739.701289023906 1.0000000180025095e-35 2027.5000000000002 8485.1027934532904 2036.5000000000002 1460.1975436730629 136.14599767670714 0.58617967701632978 1.0000000180025095e-35 1.0503106425183286 1.4359312052522233 53652.580284121846 2034.5000000000002 17470.38653641288 105082.26008986418 1.1543510596373601
decision_type=1 2 1 1 2 2 2 2 2 2 2 2 2 2 2 2 2 2 2 2 2 2 2
left_child=4 2 5 -3 7 6 -2 8 9 10 16 12 -8 14 15 -11 -1 18 20 -20 -16 -9 -23
right_child=1 3 -4 -5 -6 -7 11 21 -10 13 -12 -13 -14 -15 17 -17 -18 -19 19 -21 -22 22 -24
leaf_value=-4.3794232916912016e-05 -0.0025035476418588136 0.0011351152905468903 0.003379677269136858 0.01316210955806427 0.00058704925271948908 0.0027652512120390029 -0.00214766666476119 -0.0016743966281006009 0.00034136219488130538 -0.0016851059671855397 -0.001583956412633341 8.5107407060302061e-05 -0.0019399632321781748 0.00041135359360423601 -0.0015400355206341013 0.0005426229648870691 -0.0017615628828205891 0.0010001699964080817 -0.0034175812273967154 -0.00046635011538213433 -0.00045661493058508202 -0.0019660822935570221 -6.6283867918303554e-05
leaf_weight=35 22 891 310 1766 210 45 22 21 129 318 29 35 44 48 22 27 24 23 22 24 53 56 23
leaf_count=35 22 891 310 1766 210 45 22 21 129 318 29 35 44 48 22 27 24 23 22 24 53 56 23
internal_value=0.00158252 0.0032035 -2.09203e-05 0.00379563 -0.00319367 -0.00511236 -0.00841463 -0.00425059 -0.00355438 -0.00436 -0.00920455 -0.00589109 -0.00939394 -0.00356611 -0.00420245 -0.00297101 -0.00516949 -0.00715278 -0.00863636 -0.0134783 -0.00566667 -0.0095 -0.00765823
internal_weight=4199 3135 478 2657 1064 168 123 854 754 625 88 101 66 537 489 345 59 144 121 46 75 100 79
internal_count=4199 3135 478 2657 1064 168 123 854 754 625 88 101 66 537 489 345 59 144 121 46 75 100 79
cat_boundaries=0 1 2 3
cat_threshold=33 20 66
is_linear=0
shrinkage=0.05


Tree=34
num_leaves=24
num_cat=3
split_feature=0 7 0 7 18 9 14 0 14 7 8 15 11 2 15 11 7 9 3 4 14 9 14
split_gain=11.9576 4.18412 1.68562 1.9285 1.2549 1.06843 1.22406 0.985842 0.81374 0.723308 0.60891 0.595458 0.522895 0.97117 0.738528 0.625 0.515992 0.463491 0.458979 0.444897 0.425932 0.417455 0.394993
threshold=0 1.0000000180025095e-35 1 1.5000000000000002 1.0000000180025095e-35 20329.79595575637 113762.42999044863 2 72569.01347930466 2.5000000000000004 1.0000000180025095e-35 152.80516291505447 0.58617967701632978 2027.5000000000002 26.190656645233041 1.0079321073011565 1.0000000180025095e-35 11438.948478213466 1.0000000180025095e-35 1.0000000180025095e-35 19243.767816437005 56801.690371426215 7070.3627258293573
decision_type=1 2 1 2 2 2 2 1 2 2 2 2 2 2 2 2 2 2 2 2 2 2 2
left_child=1 4 -2 7 18 12 8 10 -7 21 -4 -8 13 -6 15 -14 -9 20 -1 -16 -15 22 -3
right_child=2 9 3 -5 5 6 11 16 -10 -11 -12 -13 14 17 19 -17 -18 -19 -20 -21 -22 -23 -24
leaf_value=-0.0014654285118794773 0.013136532521452761 -0.0016590246903691814 -0.00028675637210353889 0.0063492185737096668 -0.0010986559218449834 -0.0015837542524163213 -0.00047289479255342525 0.0010768399769942201 -0.0023156058509251321 0.0019668177469296419 -0.0033262845282263456 -0.00093662834002650056 -0.0015654682597776763 0.0003610826929704308 -0.0018818171709260854 -0.00048137767877623472 0.0043542146673328959 0.000272471793951427 0.00044168775799170414 4.5529338915210211e-05 -0.0017167912707509729 -0.0019721228395708393 -0.0001543509143960752
leaf_weight=43 1013 26 318 680 28 26 31 849 27 181 26 38 20 21 66 20 249 36 29 28 145 24 275
leaf_count=43 1013 26 318 680 28 26 31 849 27 181 26 38 20 21 66 20 249 36 29 28 145 24 275
internal_value=0.0015587 -0.00300745 0.00310811 0.00227955 -0.00602151 -0.00693416 -0.0109836 0.0012552 -0.0166981 0.000256917 -0.00107345 -0.0065942 -0.00557692 -0.00413043 -0.0080597 -0.01375 0.00197653 -0.00292079 0.000138889 -0.0056383 -0.00403614 -0.00115385 -0.00064784
internal_weight=4199 1064 3135 2122 558 486 122 1442 53 506 344 69 364 230 134 40 1098 202 72 94 166 325 301
internal_count=4199 1064 3135 2122 558 486 122 1442 53 506 344 69 364 230 134 40 1098 202 72 94 166 325 301
cat_boundaries=0 1 2 3
cat_threshold=33 136 2
is_linear=0
shrinkage=0.05


Tree=35
num_leaves=24
num_cat=3
split_feature=0 7 0 7 0 9 18 2 15 9 15 7 2 2 14 14 2 9 9 2 16 14 15
split_gain=10.8931 4.12127 1.35361 1.13681 1.34479 0.906681 0.973688 1.01191 0.751363 1.40432 0.83731 0.750231 0.711154 0.444379 0.45627 1.18415 0.42096 0.728845 0.703247 0.411313 0.396039 0.946433 0.551042
threshold=0 1.5000000000000002 1 1.0000000180025095e-35 2 55592.232631112907 1.0000000180025095e-35 2028.5000000000002 121.53331608527039 14303.539581722145 38.807285180331199 1.0000000180025095e-35 2034.5000000000002 2039.5000000000002 91955.043918078358 76107.804796476528 2036.5000000000002 10462.996979186961 2264.3830592864501 2031.5000000000002 1.756416666666667 39654.038758713657 62.611445923663403
decision_type=1 2 1 2 1 2 2 2 2 2 2 2 2 2 2 2 2 2 2 2 2 2 2
left_child=1 2 13 4 -2 6 -4 8 9 10 -8 20 -7 14 15 16 17 -1 -18 -16 -9 -22 -23
right_child=3 -3 5 -5 -6 12 7 11 -10 -11 -12 -13 -14 -15 19 -17 18 -19 -20 -21 21 22 -24
leaf_value=0.00065111452216239823 0.010354546628708043 0.0014838004228391519 9.6408082631257972e-05 0.0089002574328629243 0.0010229979781445073 -0.00091518146163842491 -0.00050311676655564281 -0.00073117347017681122 7.7801680900758976e-05 -0.0025095981578140462 -0.0022462176530815823 2.7384122364989476e-05 -0.0019626123351326294 0.0018829927567135482 0.0016594517951250992 -0.003460644197715225 -0.0051887892168255333 -0.0016106569442149794 0.00031908322860545565 -0.00074269559196601064 -0.00072119219712067748 -0.0020623241201563306 -0.0013659977003517062
leaf_weight=108 489 502 84 1292 849 40 40 225 20 20 46 100 25 30 43 25 20 23 22 73 59 40 24
leaf_count=108 489 502 84 1292 849 40 40 225 20 20 46 100 25 30 43 25 20 23 22 73 59 40 24
internal_value=0.00158252 -0.00171311 -0.00348172 0.00354167 0.00253363 -0.00468622 -0.00419453 -0.00493031 -0.00888889 -0.010566 -0.0077907 -0.00381696 -0.0103846 -0.00079096 -0.00136943 -0.00282828 -0.00135838 3.81681e-05 -0.00571429 0.00112069 -0.00491379 -0.00719512 -0.0114062
internal_weight=4199 1569 1067 2630 1338 723 658 574 126 106 86 448 65 344 314 198 173 131 42 116 348 123 64
internal_count=4199 1569 1067 2630 1338 723 658 574 126 106 86 448 65 344 314 198 173 131 42 116 348 123 64
cat_boundaries=0 1 2 3
cat_threshold=35 2 136
is_linear=0
shrinkage=0.05


Tree=36
num_leaves=24
num_cat=4
split_feature=0 7 5 0 0 8 5 36 2 14 14 14 9 0 7 16 5 5 2 17 14 14 9
split_gain=10.4767 3.76879 3.30852 3.29803 1.21292 1.1978 0.953894 0.796107 0.838731 1.17639 1.03173 1.10352 0.905737 0.749065 0.975292 0.731856 1.06684 1.05111 0.664927 0.656264 0.618979 0.664866 0.609938
threshold=0 1.5000000000000002 0.65500856664796159 1 2 1.0000000180025095e-35 0.46620033734366129 0.022868551674196221 2028.5000000000002 33580.062064940204 54288.776881815364 75092.999018653514 55592.232631112907 3 1.0000000180025095e-35 1.756416666666667 1.0205400194928897 0.75606233012901958 2034.5000000000002 73.879583333333343 36795.514088495845 59013.550843035846 2519.095260331977
decision_type=1 2 2 1 1 2 2 2 2 2 2 2 2 1 2 2 2 2 2 2 2 2 2
left_child=1 4 3 -2 -1 6 -5 8 9 -6 -11 -12 15 14 22 -10 17 -17 -19 -8 -18 -22 -4
right_child=2 -3 13 5 7 -7 19 -9 12 10 11 -13 -14 -15 -16 16 20 18 -20 -21 21 -23 -24
leaf_value=-0.00043990860334559042 0.0053112927391417916 0.0014096104016971952 0.001190526011842052 -0.002483362157522814 -0.0021137529757902455 0.0019407984484155567 -0.00129083209079346 0.00012787682593576568 -0.00053855526768656033 0.00036603870611680262 -0.0038914413533404427 -0.0013716018932191849 -0.0015122439075211977 0.010941771966246704 0.0043458265949235936 -0.00065761636775028701 0.000519250664245994 -0.0017627829413357854 -0.0018304979424774446 -0.0015527491229050531 -0.0027655844907609334 0.000835267938816523 -0.00060719900339068053
leaf_weight=344 156 502 116 22 26 32 41 54 330 24 24 63 52 1853 240 27 31 20 31 28 20 21 142
leaf_count=344 156 502 116 22 26 32 41 54 330 24 24 63 52 1853 240 27 31 20 31 28 20 21 142
internal_value=0.00158252 -0.00164978 0.00350379 -0.00163082 -0.00334114 -0.00740601 -0.0109341 -0.00448158 -0.00501495 -0.00850365 -0.00626126 -0.0087931 -0.00411654 0.00412803 0.00224409 -0.0034375 -0.00633333 -0.0103846 -0.0146078 -0.00804348 -0.00194444 -0.00597561 0.000155039
internal_weight=4199 1569 2630 279 1067 123 91 723 669 137 111 87 532 2351 498 480 150 78 51 69 72 41 258
internal_count=4199 1569 2630 279 1067 123 91 723 669 137 111 87 532 2351 498 480 150 78 51 69 72 41 258
cat_boundaries=0 1 2 3 4
cat_threshold=35 200 2 64
is_linear=0
shrinkage=0.05


Tree=37
num_leaves=24
num_cat=5
split_feature=0 5 0 7 7 15 2 0 0 7 15 9 16 18 7 9 15 3 5 5 2 11 1
split_gain=9.37534 3.50266 3.88212 3.30494 1.69348 1.29742 1.17733 0.995505 0.94627 0.899323 0.768137 0.664041 0.668546 0.623441 0.747803 0.740888 1.00683 0.619646 0.598563 0.573413 0.563607 0.685714 0.533998
threshold=0 0.71654816570429147 1 1.5000000000000002 1.5000000000000002 106.28319997355487 2032.5000000000002 2 3 1.0000000180025095e-35 51.577959385286142 2519.095260331977 1.756416666666667 1.0000000180025095e-35 1.0000000180025095e-35 23106.228101876706 132.58468279405687 1.0000000180025095e-35 1.0794653556291733 1.2179910055458631 2027.5000000000002 0.84159822127825634 4
decision_type=1 2 1 2 2 2 2 1 1 2 2 2 2 2 2 2 2 2 2 2 2 2 1
left_child=3 2 4 7 5 6 -2 -1 9 11 -8 -3 -13 17 15 20 -17 18 -9 -16 21 -15 -22
right_child=1 8 -4 -5 -6 -7 10 13 -10 -11 -12 12 -14 14 19 16 -18 -19 -20 -21 22 -23 -24
leaf_value=-0.00041791317317831116 -0.00092951317760863763 0.0011267195576018121 0.00511395410876056 0.0013391298816123362 0.0032491496098810088 -0.0041452154469752501 -0.0010063514469407862 -0.0024955620220188535 0.011228186680058809 0.0041572947113190867 0.002446860924999455 -0.00017127238234943617 -0.0012052100315646805 -0.0009200226535183674 4.2557834969665971e-05 -0.0020503715424307774 -0.00066221710813375422 0.0007097142890698237 0.00055555235032320692 -0.0030721056263593714 -0.0017856932800929199 -0.00031472223585880273 -0.00051194770564487436
leaf_weight=344 36 113 224 502 49 26 37 36 1766 224 20 107 28 35 112 55 53 34 23 32 133 21 189
leaf_count=344 36 113 224 502 49 26 37 36 1766 224 20 107 28 35 112 55 53 34 23 32 133 21 189
internal_value=0.00153489 0.00335227 -0.000994898 -0.00152312 -0.00651685 -0.0101261 -0.00736559 -0.00310684 0.00412869 0.0019917 -0.00289474 -4.03224e-05 -0.00240741 -0.00414052 -0.0047619 -0.00569959 -0.00935185 -0.000376344 -0.00347458 -0.00159722 -0.00465608 -0.00928571 -0.00385093
internal_weight=4199 2630 392 1569 168 119 93 1067 2238 472 57 248 135 723 630 486 108 93 59 144 378 56 322
internal_count=4199 2630 392 1569 168 119 93 1067 2238 472 57 248 135 723 630 486 108 93 59 144 378 56 322
cat_boundaries=0 1 2 3 4 5
cat_threshold=35 20 2 64 2
is_linear=0
shrinkage=0.05


Tree=38
num_leaves=24
num_cat=0
split_feature=7 5 2 15 15 15 2 18 15 14 14 2 10 14 17 14 14 2 15 14 2 15 5
split_gain=3.68441 2.8563 0.729057 0.603612 0.597758 1.34706 0.96 0.823068 0.543891 0.87708 0.828685 0.689459 0.473405 0.563333 0.45755 0.454127 0.436463 0.416768 0.415858 0.626559 0.372719 0.372024 0.336339
threshold=1.5000000000000002 0.71654816570429147 2028.5000000000002 27.999079570150631 106.28319997355487 125.56580484230888 2034.5000000000002 1.0000000180025095e-35 63.428882786693556 28076.068466946304 60263.260917315893 2036.5000000000002 1.5000000000000002 48785.083576663041 73.879583333333343 20255.825890107317 67715.521830772239 2030.5000000000002 96.048562507698918 55469.806162322922 2030.5000000000002 50.088571606573716 1.1577527833144476
decision_type=2 2 2 2 2 2 2 2 2 2 2 2 2 2 2 2 2 2 2 2 2 2 2
left_child=1 4 3 -3 7 -6 -7 -1 9 15 11 17 14 -14 22 -9 -10 -11 19 21 -4 -16 -5
right_child=-2 2 20 12 5 6 -8 8 16 10 -12 -13 13 -15 18 -17 -18 -19 -20 -21 -22 -23 -24
leaf_value=0.0014336498791039875 0.0039085071872752017 0.0020603034124389492 0.0017579482796424473 0.0015973156159217788 -0.0044901098693467898 0.0002684175269220435 -0.0019005219700570981 -0.00048084874844561075 0.0024227985704377347 -0.00079158510894566177 6.5359842054059681e-05 -0.00071346932304737736 -0.00020682841474484976 -0.0053908167508344802 -0.00068596885400989049 0.0012143727563656587 -0.00079541575510320972 -0.0019293952964186672 0.00014283199510716261 -0.0021367657183491138 0.00048796925268308912 0.0019212301622974594 -0.001595818450163691
leaf_weight=47 1382 123 310 88 29 50 25 57 30 28 28 24 30 20 28 34 53 26 101 58 1566 20 42
leaf_count=47 1382 123 310 88 29 50 25 57 30 28 28 24 30 20 28 34 53 26 101 58 1566 20 42
internal_value=0.0015468 0.000509407 0.00118609 -0.000490196 -0.00323666 -0.00653846 -0.003 -0.00218654 -0.00321429 -0.00464467 -0.00773585 -0.0103846 -0.00145995 -0.006 -0.00078635 -0.00104396 0.000180723 -0.0135185 -0.00224638 -0.00443396 0.00164179 -0.000208333 0.00153846
internal_weight=4199 2817 2386 510 431 104 75 327 280 197 106 78 387 50 337 91 83 54 207 106 1876 48 130
internal_count=4199 2817 2386 510 431 104 75 327 280 197 106 78 387 50 337 91 83 54 207 106 1876 48 130
is_linear=0
shrinkage=0.05


Tree=39
num_leaves=24
num_cat=4
split_feature=0 5 0 7 7 15 2 0 0 7 5 9 14 14 9 16 2 5 5 5 5 4 14
split_gain=9.47483 3.44183 3.88212 2.85682 2.08858 1.12336 1.15408 0.954585 0.904057 0.899323 0.823052 0.777518 0.762222 0.93986 0.664041 0.668546 0.599103 0.574369 1.09677 0.56685 0.555886 0.533445 0.464822
threshold=0 0.71654816570429147 1 1.5000000000000002 1.0000000180025095e-35 106.28319997355487 2032.5000000000002 2 3 1.0000000180025095e-35 0.52541672543949758 26141.819359080404 105082.26008986418 135965.62034304874 2519.095260331977 1.756416666666667 2028.5000000000002 0.95989162001894435 0.8899652155658534 1.1118254632596161 1.304185265331794 1.0000000180025095e-35 152534.41816955732
decision_type=1 2 1 2 2 2 2 1 1 2 2 2 2 2 2 2 2 2 2 2 2 2 2
left_child=3 2 4 7 5 6 -2 -1 9 14 -6 16 -13 -14 -3 -16 19 18 -18 -9 -21 -19 -15
right_child=1 8 -4 -5 10 -7 -8 11 -10 -11 -12 12 13 22 15 -17 17 21 -20 20 -22 -23 -24
leaf_value=-0.00042141597715354999 -0.0014244352072170828 0.0010486331907652976 0.0048497539227246068 0.0010767480281679595 -0.0015325087162847591 -0.0039301973957348952 -0.00062031418503376355 -0.00061859857984976905 0.010611950790426089 0.003925031513118976 0.0016816417081099409 -0.0019197567226361041 0.00030218821034902113 -0.0020406378577291114 -0.00018710722586611834 -0.0011693479926206017 -0.0013628641562844299 -0.00071490140082372446 -0.0024187749520408544 -0.0024850198814093602 -0.00078509867837856483 5.6024358959610772e-05 -0.00089588133669174811
leaf_weight=344 27 113 224 502 21 20 44 75 1766 224 56 45 39 20 107 28 161 175 34 27 21 80 46
leaf_count=344 27 113 224 502 21 20 44 75 1766 224 56 45 39 20 107 28 161 175 34 27 21 80 46
internal_value=0.00148726 0.00331439 -0.000994898 -0.00158645 -0.00651685 -0.012033 -0.00908451 -0.00305998 0.004084 0.0019917 -0.000844156 -0.00407231 -0.00733333 -0.005 -4.03224e-05 -0.00240741 -0.0032897 -0.00244444 -0.00448718 -0.00638211 -0.010625 -0.000882353 -0.00863636
internal_weight=4199 2630 392 1569 168 91 71 1067 2238 472 77 723 150 105 248 135 573 450 195 123 48 255 66
internal_count=4199 2630 392 1569 168 91 71 1067 2238 472 77 723 150 105 248 135 573 450 195 123 48 255 66
cat_boundaries=0 1 2 3 4
cat_threshold=35 20 2 64
is_linear=0
shrinkage=0.05


Tree=40
num_leaves=24
num_cat=4
split_feature=0 5 0 7 7 0 5 7 0 2 9 15 2 5 9 9 16 5 5 2 17 5 5
split_gain=8.84756 3.18317 3.66431 2.62747 1.88849 0.946306 0.823052 0.80981 0.799446 0.782079 0.753658 0.743693 1.15408 0.717846 0.695203 0.664041 0.668546 0.452686 0.804878 0.46148 0.877635 0.451145 0.555886
threshold=0 0.71654816570429147 1 1.5000000000000002 1.0000000180025095e-35 2 0.52541672543949758 1.0000000180025095e-35 3 2028.5000000000002 43739.701289023906 106.28319997355487 2032.5000000000002 0.80526734759815788 28341.279700853782 2519.095260331977 1.756416666666667 0.95989162001894435 0.8306467510427672 2033.5000000000002 74.884166666666673 1.1118254632596161 1.304185265331794
decision_type=1 2 1 2 2 1 2 2 1 2 2 2 2 2 2 2 2 2 2 2 2 2 2
left_child=3 2 4 8 11 7 -6 15 -1 13 17 12 -2 -10 21 -3 -17 18 -11 -20 -21 -15 -23
right_child=1 5 -4 -5 6 -7 -8 -9 9 10 -12 -13 -14 14 -16 16 -18 -19 19 20 -22 22 -24
leaf_value=-0.00040034517829587197 -0.0013532134468562261 0.00099620153122703214 0.0046072662265883779 0.001022910626759563 -0.0014558832804705221 0.010081353250904784 0.0015975596227044452 0.0037287799374630276 -0.00025135753528884983 -0.00066217337326523367 -0.0013489679055492395 -0.0037336875259481525 -0.00058929847578207751 -0.00057206984825881424 -0.00099102655336212771 -0.00017775186457281219 -0.0011108805929895724 -0.00044468956618815068 -0.0013145135283755068 -0.0028974625977003215 -0.0011925841548239859 -0.0023607688873388917 -0.000745843744459637
leaf_weight=344 27 113 224 502 21 1766 56 224 40 134 75 20 44 46 20 107 28 284 30 24 22 27 21
leaf_count=344 27 113 224 502 21 1766 56 224 40 134 75 20 44 46 20 107 28 284 30 24 22 27 21
internal_value=0.00151107 0.00327652 -0.000867347 -0.00145978 -0.00623595 0.00401698 -0.000844156 0.00188797 -0.00287254 -0.00379945 -0.00299648 -0.0114835 -0.00908451 -0.00701299 -0.00903509 -4.03224e-05 -0.00240741 -0.00228745 -0.00404762 -0.00815789 -0.0113043 -0.00723404 -0.010625
internal_weight=4199 2630 392 1569 168 2238 77 472 1067 723 569 91 71 154 114 248 135 494 210 76 46 94 48
internal_count=4199 2630 392 1569 168 2238 77 472 1067 723 569 91 71 154 114 248 135 494 210 76 46 94 48
cat_boundaries=0 1 2 3 4
cat_threshold=35 20 64 2
is_linear=0
shrinkage=0.05


Tree=41
num_leaves=24
num_cat=4
split_feature=0 5 0 7 7 0 15 17 5 7 0 2 2 14 16 5 5 5 10 16 14 17 5
split_gain=8.30997 2.96263 3.45263 2.40772 1.69847 0.904165 0.842749 0.950536 0.823052 0.80981 0.771587 0.751111 0.585652 0.553438 0.900181 0.902521 0.805164 0.744048 0.515137 0.596293 0.504048 0.748337 0.483278
threshold=0 0.71654816570429147 1 1.5000000000000002 1.0000000180025095e-35 2 106.28319997355487 73.879583333333343 0.52541672543949758 1.0000000180025095e-35 3 2033.5000000000002 2027.5000000000002 40285.991570939485 1.756416666666667 0.99399758775364122 0.81306325873261354 1.1776060574645986 1.0000000180025095e-35 2.1729166666666671 23323.627465377227 74.884166666666673 1.0294041024118206
decision_type=1 2 1 2 2 1 2 2 2 2 1 2 2 2 2 2 2 2 2 2 2 2 2
left_child=3 2 4 10 6 9 7 11 -6 18 -1 -2 20 -14 -15 16 -16 -17 19 -3 -12 -22 -23
right_child=1 5 -4 -5 8 -7 -8 -9 -10 -11 12 -13 13 14 15 17 -18 -19 -20 -21 21 22 -24
leaf_value=-0.00038032791938107964 -0.0024083384863889746 -0.00025101370870645118 0.00437690291525896 0.00097176509542158695 -0.0013830891164469958 0.0095772855883595465 -0.0035470031496507449 0.00018813918495448959 0.0015176816415692217 0.003542340940589877 -0.00062146040835307391 -0.00069204785741230023 -0.0003816767863760209 -0.00059109710208564881 -0.0028656809732544391 0.00028832799022922013 -0.0018046345400304312 -0.0018929407242843747 0.00095189296152868087 -0.0010515931060982044 0.0001452835716156605 -0.00048857679890737884 -0.001192042209018298
leaf_weight=344 20 123 224 502 21 1766 20 26 56 224 21 25 196 302 34 32 28 28 105 20 33 26 23
leaf_count=344 20 123 224 502 21 1766 20 26 56 224 21 25 196 302 34 32 28 28 105 20 33 26 23
internal_value=0.0015468 0.00325758 -0.000739796 -0.00133312 -0.00595506 0.0039723 -0.0109341 -0.00838028 -0.000844156 0.00188797 -0.0026851 -0.0127778 -0.00359482 -0.00306452 -0.00408019 -0.00770492 -0.0119355 -0.00333333 -4.03224e-05 -0.00199301 -0.00713592 -0.00536585 -0.00928571
internal_weight=4199 2630 392 1569 168 2238 91 71 77 472 1067 45 723 620 424 122 62 60 248 143 103 82 49
internal_count=4199 2630 392 1569 168 2238 91 71 77 472 1067 45 723 620 424 122 62 60 248 143 103 82 49
cat_boundaries=0 1 2 3 4
cat_threshold=35 20 64 2
is_linear=0
shrinkage=0.05


Tree=42
num_leaves=24
num_cat=3
split_feature=0 7 7 0 0 18 2 17 14 14 7 9 3 7 14 2 15 11 16 14 9 9 9
split_gain=7.81349 2.14016 1.25046 1.36547 0.666264 0.552776 0.694565 0.663892 0.778357 0.98795 0.588242 0.891747 0.501914 0.474165 0.435778 0.422437 0.397495 0.334263 0.331825 0.330991 0.345468 0.373185 0.73947
threshold=0 1.5000000000000002 1.0000000180025095e-35 1 2 1.0000000180025095e-35 2028.5000000000002 73.879583333333343 115053.27111198664 54288.776881815364 1.0000000180025095e-35 68216.770672454659 1.0000000180025095e-35 2.5000000000000004 132369.43340062615 2039.5000000000002 47.558904382907706 1.0122700898015295 1.756416666666667 11169.636392033348 27912.41317200923 10564.558614418995 7583.0735006922287
decision_type=1 2 2 1 1 2 2 2 2 2 2 2 2 2 2 2 2 2 2 2 2 2 2
left_child=1 4 3 -2 15 12 7 16 9 -9 11 17 18 14 19 -1 -7 -8 -6 -3 21 22 -21
right_child=2 13 -4 -5 5 6 10 8 -10 -11 -12 -13 -14 -15 -16 -17 -18 -19 -20 20 -22 -23 -24
leaf_value=-0.00066326605398264781 0.0074809762066572879 -0.0006909887936234916 0.0072466606891390759 0.00056790714779500452 4.4038425813194479e-05 -0.00059038737771457039 -0.00076905443968745509 -0.00090030911234872729 -0.00062178744531055802 -0.0049920459680180378 5.1451469710050036e-05 -0.00068576283501289945 0.00089873967610236904 0.0018907448823424712 0.0014220297163238195 0.0018674401988114356 0.00034326667995178574 -0.0018248554583426308 -0.0021539811527612222 0.00045286864768669756 -0.0010882124091663621 0.0027405343858169068 -0.002041100676604382
leaf_weight=314 489 21 1292 849 34 31 322 27 26 31 112 21 34 247 36 30 21 39 25 111 29 37 21
leaf_count=314 489 21 1292 849 34 31 322 27 26 31 112 21 34 247 36 30 21 39 25 111 29 37 21
internal_value=0.00152298 -0.00126979 0.00318182 0.00212257 -0.00254452 -0.00339018 -0.00396825 -0.00713235 -0.00988095 -0.0131034 -0.00309717 -0.00403141 0.000161291 0.00141434 -9.8039e-05 -0.000649717 -0.00269231 -0.00344875 -0.00262712 -0.000936073 -0.00030303 0.00056213 -0.000681818
internal_weight=4199 1569 2630 1338 1067 723 630 136 84 58 494 382 93 502 255 344 52 361 59 219 198 169 132
internal_count=4199 1569 2630 1338 1067 723 630 136 84 58 494 382 93 502 255 344 52 361 59 219 198 169 132
cat_boundaries=0 1 2 3
cat_threshold=35 136 2
is_linear=0
shrinkage=0.05


Tree=43
num_leaves=24
num_cat=4
split_feature=0 5 0 7 7 5 0 0 5 7 5 5 20 7 17 9 16 9 20 5 2 4 9
split_gain=6.29289 3.16625 3.33856 1.84513 1.56708 1.34534 1.12141 0.75204 0.789363 0.668047 0.650513 1.37302 0.861603 0.473482 0.469817 0.45649 0.896388 0.583375 0.431623 0.428908 0.421912 0.61164 0.413933
threshold=0 0.71654816570429147 1 2.5000000000000004 1.5000000000000002 0.46620033734366129 2 3 1.4217699221021534 1.5000000000000002 0.95989162001894435 0.82727239353578796 1.0000000180025095e-35 1.0000000180025095e-35 73.879583333333343 2519.095260331977 3.485125 19107.502552757313 1.0000000180025095e-35 0.84976300489942436 2028.5000000000002 1.0000000180025095e-35 31601.612788478204
decision_type=1 2 1 2 2 2 1 1 2 2 2 2 2 2 2 2 2 2 2 2 2 2 2
left_child=3 2 4 7 5 -2 9 8 -1 15 11 13 -13 -9 -7 -3 17 -17 -12 -8 21 -20 -22
right_child=1 6 -4 -5 -6 14 19 10 -10 -11 18 12 -14 -15 -16 16 -18 -19 20 -21 22 -23 -24
leaf_value=8.8537772734892779e-05 -0.0014811322264381298 0.00086260681353132057 0.0041248430642651778 0.0017962076382253501 0.0022890895869470689 -0.0011313028724892261 0.0029739864493322776 -0.00056255945485218979 -0.0011334306553540579 0.004791255879126999 0.00012519264844281178 -0.0020970140310940877 -0.0010749100764538889 0.00017241519704509726 -0.00078012757902966008 -0.00049154048461822386 -0.00097052651910536436 0.0020503090399702525 -0.0014107809315251072 0.010908874019070433 -0.00043541027751433276 3.8871506199427821e-05 -0.001279216680744514
leaf_weight=413 21 148 224 247 49 60 291 149 26 146 61 20 132 82 38 102 22 54 63 1475 295 27 54
leaf_count=413 21 148 224 247 49 60 291 149 26 146 61 20 132 82 38 102 22 54 63 1475 295 27 54
internal_value=0.00152298 0.00301136 -0.00112245 -0.0009848 -0.00623595 -0.00970588 0.00374888 -0.00173222 -1.11357e-05 0.00147303 -0.00255879 -0.00413838 -0.00782895 -0.00170996 -0.0072449 0.000245399 -0.00146067 -0.000128205 -0.0014 0.00432432 -0.00194761 -0.005 -0.00116046
internal_weight=4199 2630 392 1569 168 119 2238 1322 439 472 883 383 152 231 98 326 178 156 500 1766 439 90 349
internal_count=4199 2630 392 1569 168 119 2238 1322 439 472 883 383 152 231 98 326 178 156 500 1766 439 90 349
cat_boundaries=0 1 2 3 4
cat_threshold=35 20 64 2
is_linear=0
shrinkage=0.05


Tree=44
num_leaves=24
num_cat=5
split_feature=0 5 0 7 7 5 0 5 5 4 16 14 5 5 15 0 14 15 9 1 15 9 9
split_gain=6.30576 3.20815 3.23562 2.29048 1.35813 1.16806 0.793149 0.529111 0.725752 0.577937 0.564779 0.546245 0.541027 0.524171 0.5464 0.521752 0.489482 0.529783 0.893684 0.450846 0.502524 0.604327 0.620279
threshold=0 0.71654816570429147 1 1.5000000000000002 2.5000000000000004 0.46620033734366129 2 0.95989162001894435 0.81306325873261354 1.0000000180025095e-35 1.756416666666667 76593.118290734303 0.89919980469317551 0.8899652155658534 83.960794186019541 3 23776.626830658763 109.53236647371311 1399.7409091054508 4 58.568473776007473 8149.6695448327418 11208.563005266211
decision_type=1 2 1 2 2 2 1 2 2 2 2 2 2 2 2 1 2 2 2 1 2 2 2
left_child=1 2 -1 6 5 -4 19 8 -8 -9 13 -11 -12 -10 -15 -5 -7 18 -18 -2 21 -21 -23
right_child=3 -3 4 15 -6 16 7 9 10 11 12 -13 -14 14 -16 -17 17 -19 -20 20 -22 22 -24
leaf_value=0.015530149114403414 0.0014460460229406332 0.0082458509563634076 -0.0012520767181714886 0.003264441522393783 0.012491686031909978 -0.0018703788128441167 -0.00036136762180602857 -0.00092507167024952523 -3.8073792877862493e-05 0.00031453807004476714 -0.0014954547617477411 -0.00049351409892727795 -0.0010210124972560009 -0.00014532603128846489 -0.0029457390414022433 0.00011118929215647022 -0.0021249503783302716 -0.0021083947300849734 0.000258632292349289 -0.00036675213903831339 0.00027137104466101785 -0.0020344984784183488 -0.00037407686884331363
leaf_weight=139 108 1766 24 335 24 23 193 278 38 70 29 54 20 20 21 341 29 26 42 151 375 26 67
leaf_count=139 108 1766 24 335 24 23 193 278 38 70 29 54 20 20 21 341 29 26 42 151 375 26 67
internal_value=0.0015587 0.00351176 -0.00118892 -0.000360487 -0.00567416 -0.00784722 -0.00148276 -0.00263984 -0.00419003 -0.00146766 -0.00710937 0.00137097 -0.0113265 -0.00449367 -0.00841463 0.00204142 -0.00583333 -0.00427835 -0.00204225 -0.000291723 -0.000815832 -0.00258197 -0.00575269
internal_weight=4199 2073 307 2126 168 144 1450 723 321 402 128 124 49 79 41 676 120 97 71 727 619 244 93
internal_count=4199 2073 307 2126 168 144 1450 723 321 402 128 124 49 79 41 676 120 97 71 727 619 244 93
cat_boundaries=0 1 2 3 4 5
cat_threshold=156 136 66 66 4
is_linear=0
shrinkage=0.05


Tree=45
num_leaves=24
num_cat=4
split_feature=0 5 0 7 7 5 0 5 5 5 16 4 14 5 7 14 11 11 16 14 17 9 1
split_gain=5.84573 3.45906 3.19362 2.01723 1.44558 1.44558 0.79447 0.548962 0.470296 0.613675 0.674252 0.577937 0.546245 0.541027 0.453249 0.559415 0.440635 0.703001 0.583158 0.477157 0.947434 0.730702 0.430282
threshold=0 0.71654816570429147 1 1.5000000000000002 1.5000000000000002 0.46620033734366129 2 0.84976300489942436 0.95989162001894435 0.81306325873261354 1.756416666666667 1.0000000180025095e-35 76593.118290734303 0.89919980469317551 2.5000000000000004 6646.2966507334504 1.0446124703217941 0.079793405386055741 2.1729166666666671 56776.803500960617 73.879583333333343 43739.701289023906 3
decision_type=1 2 1 2 2 2 1 2 2 2 2 2 2 2 2 2 2 2 2 2 2 2 1
left_child=1 2 -1 6 5 -4 22 -3 9 -8 -11 16 -13 -12 15 -5 17 19 -19 20 -10 -21 -2
right_child=3 7 4 14 -6 -7 8 -9 11 10 13 12 -14 -15 -16 -17 -18 18 -20 21 -22 -23 -24
leaf_value=0.014753641658683243 0.0013737437217936019 0.0024129945790474891 -0.0013444717792076497 -0.00079802143181073246 0.0022705342065631193 -0.00098988363127208517 -0.00034329924071572592 0.0099511377702987385 0.00055025273947636143 -0.0005686257094070765 -0.0014206820236603546 0.0002988111665425282 -0.00046883839398091377 -0.00096996187239320074 0.0023011549391851851 0.00067185004301884693 0.00012981009499071184 -0.00183719589062917 -0.0017590095342192075 0.0005505587972896497 -0.0016583570813185405 -0.00085947511871671241 -0.00034939643528695196
leaf_weight=139 108 291 21 20 49 98 193 1475 33 79 29 70 54 20 334 322 28 58 24 77 26 32 619
leaf_count=139 108 291 21 20 49 98 193 1475 33 79 29 70 54 20 334 322 28 58 24 77 26 32 619
internal_value=0.00148726 0.00336774 -0.00151466 -0.000360487 -0.00595506 -0.00928571 -0.00141379 0.00423556 -0.00257162 -0.00403427 -0.00671875 -0.00146766 0.00137097 -0.0113265 0.00189349 0.000614035 -0.00273381 -0.0034 -0.00719512 -0.00154762 -0.00516949 0.000412844 -0.00022388
internal_weight=4199 2073 307 2126 168 119 1450 1766 723 321 128 402 124 49 676 342 278 250 82 168 59 109 727
internal_count=4199 2073 307 2126 168 119 1450 1766 723 321 128 402 124 49 676 342 278 250 82 168 59 109 727
cat_boundaries=0 1 2 3 4
cat_threshold=156 136 66 4
is_linear=0
shrinkage=0.05


Tree=46
num_leaves=24
num_cat=4
split_feature=0 5 0 7 5 7 0 5 7 36 36 0 5 2 16 5 5 8 2 4 15 15 7
split_gain=6.15581 2.74311 2.81557 1.32377 1.20594 1.19245 1.13609 0.563169 0.558464 0.551814 0.804338 0.520804 0.631592 0.590126 0.683321 0.734709 2.11023 0.758419 0.539256 0.519451 0.716823 1.01291 0.505561
threshold=0 0.72126337994860246 1 2.5000000000000004 0.46620033734366129 2.5000000000000004 2 0.84976300489942436 1.5000000000000002 0.016660648312811523 1.5305741957788654 3 1.4217699221021534 2027.5000000000002 1.756416666666667 0.90242540787670034 0.75606233012901958 1.0000000180025095e-35 2031.5000000000002 1.0000000180025095e-35 76.866571170776012 50.690145754462016 1.0000000180025095e-35
decision_type=1 2 1 2 2 2 1 2 2 2 2 1 2 2 2 2 2 2 2 2 2 2 2
left_child=5 2 3 4 -2 9 8 -8 -3 11 -11 12 -1 -13 18 16 22 19 -15 20 21 -17 -16
right_child=1 6 -4 -5 -6 -7 7 -9 -10 10 -12 13 -14 14 15 17 -18 -19 -20 -21 -22 -23 -24
leaf_value=2.5104040068328306e-05 -0.0011222492933025327 0.00028972138916383972 0.0036005089485205131 0.011753575019986326 -0.0013184469174415511 0.001585780044747004 0.0024472936599279731 0.0094535808817838001 0.0042366997798964027 0.0010078656750647113 -0.0014959655899880154 -0.00079998707731087759 -0.00097340769662207234 0.00020875026755171977 -0.0013136542709477922 -0.00058281494131389073 -0.0034412772384271083 -0.0022067899080192763 -0.00047813937103735995 0.00047202106081813811 0.00045436370599107848 -0.0015270416988510116 0.0012563686915319887
leaf_weight=376 24 324 231 24 122 247 286 1475 144 80 29 108 22 143 23 46 36 22 335 41 21 20 20
leaf_count=376 24 324 231 24 122 247 286 1475 144 80 29 108 22 143 23 46 36 22 335 41 21 20 20
internal_value=0.00146344 0.00293561 -0.000860349 -0.00555556 -0.00767123 -0.00101647 0.00363167 0.00420949 0.00133891 -0.00161876 0.00178899 -0.00192498 -0.000392157 -0.00263636 -0.00214286 -0.00438865 -0.00829114 -0.00233333 -0.00106695 -0.000859375 -0.00304598 -0.00560606 -0.000813953
internal_weight=4199 2630 401 170 146 1569 2229 1761 468 1322 109 1213 398 815 707 229 79 150 478 128 87 66 43
internal_count=4199 2630 401 170 146 1569 2229 1761 468 1322 109 1213 398 815 707 229 79 150 478 128 87 66 43
cat_boundaries=0 1 2 3 4
cat_threshold=35 20 64 2
is_linear=0
shrinkage=0.05


Tree=47
num_leaves=24
num_cat=6
split_feature=0 5 0 7 7 5 15 0 0 18 5 4 5 2 7 5 1 4 5 9 5 5 1
split_gain=6.22103 3.21358 3.70101 1.77105 1.51801 1.94644 0.739108 0.700925 0.602036 0.525753 0.521654 0.580905 0.569852 0.546646 0.520086 0.51636 0.494813 0.493241 0.870932 0.498701 0.462508 0.728172 0.94375
threshold=0 0.80526734759815788 1 1.0000000180025095e-35 1.5000000000000002 0.46620033734366129 109.53236647371311 2 3 1.0000000180025095e-35 0.9297071399625868 1.0000000180025095e-35 0.8899652155658534 2028.5000000000002 2.5000000000000004 1.4308953954205845 4 1.0000000180025095e-35 0.55782275054609032 5597.0251579738779 0.83296196964687219 0.96190403407743663 5
decision_type=1 2 1 2 2 2 2 1 1 2 2 2 2 2 2 2 1 2 2 2 2 2 1
left_child=1 2 -1 7 5 -4 -7 15 14 -9 12 13 17 -12 -5 16 -2 18 -11 -19 -10 22 -22
right_child=3 -3 4 8 -6 6 -8 9 20 10 11 -13 -14 -15 -16 -17 -18 19 -20 -21 21 -23 -24
leaf_value=0.013128771079495845 -0.0010830970935507924 0.008118979448380758 -0.001221135725582144 0.00087065786626289762 0.003822182186107389 -0.00048721943840913891 -0.0032279185626513498 0.00020323553811532871 0.00057395703408770341 -0.00047922339012333146 -0.0011692167243910969 5.0957000810139729e-05 -0.0012402542925738517 -0.00074726489112376254 0.0058804219700001612 -0.0011593465186409842 0.00045452813310313127 -0.00025094425584877203 -2.3819368394749476e-05 -0.0016830899541978553 -0.0030436523371711434 9.4284943079306912e-06 -2.2977802510756701e-05
leaf_weight=226 188 1592 21 369 74 127 33 72 142 20 43 95 29 158 153 35 317 22 99 20 37 275 52
leaf_count=226 188 1592 21 369 74 127 33 72 142 20 43 95 29 158 153 35 317 22 99 20 37 275 52
internal_value=0.00142772 0.00336774 -0.000197505 -0.000477528 -0.00424528 -0.00687845 -0.005 -0.00187614 0.00101167 -0.00309859 -0.00374486 -0.00243243 -0.00578947 -0.00395522 0.00218045 -0.000545454 -0.000148515 -0.00462733 -0.00298319 -0.00928571 -0.000232558 -0.00118132 -0.00511236
internal_weight=4199 2073 481 2126 255 181 160 1098 1028 558 486 296 190 201 522 540 505 161 119 42 506 364 89
internal_count=4199 2073 481 2126 255 181 160 1098 1028 558 486 296 190 201 522 540 505 161 119 42 506 364 89
cat_boundaries=0 1 2 3 4 5 6
cat_threshold=156 136 66 66 2 2
is_linear=0
shrinkage=0.05


Tree=48
num_leaves=24
num_cat=3
split_feature=0 5 0 7 5 7 7 14 15 14 15 11 0 5 5 5 9 18 5 9 17 5 14
split_gain=6.06953 3.02974 3.54079 1.6611 1.50295 0.961943 0.601096 0.619781 0.577835 0.950147 0.901876 0.520814 0.515023 0.517533 0.500207 0.468558 0.703794 0.639298 0.481298 0.642857 0.461092 0.443607 0.403326
threshold=0 0.80526734759815788 1 1.0000000180025095e-35 0.46620033734366129 2.5000000000000004 2.5000000000000004 7070.3627258293573 36.108001881607926 36001.235433273709 80.806032560209616 0.98644310309661665 2 0.9297071399625868 1.4308953954205845 0.77176796094750444 5242.8019977711238 1.0000000180025095e-35 0.68072289182799695 3046.0774112961449 74.884166666666673 0.70059082524422223 36433.74504910368
decision_type=1 2 1 2 2 2 2 2 2 2 2 2 1 2 2 2 2 2 2 2 2 2 2
left_child=1 2 -1 12 -4 8 7 -5 11 -10 -11 -6 14 15 -2 17 20 -14 19 -19 -17 -12 -9
right_child=3 -3 4 6 5 -7 -8 22 9 10 21 -13 13 -15 -16 16 -18 18 -20 -21 -22 -23 -24
leaf_value=0.012472332525521051 -8.0212602068505806e-05 0.0077130304759617232 -0.0008500811454135636 -0.0020201193072625942 -0.00069016444068072179 0.010260482558600709 0.0020870643756433827 0.0012596981769633835 -0.0019328934499052977 0.00043955852090938642 -0.002007889357832358 0.00031163154246675 0.00066606196537304693 -0.00044502760683239436 -0.0011013791927089347 -0.0011514715402995545 -0.00094292370522228381 -0.00014666980394514021 -8.3066561634696047e-05 -0.0018681572361225536 0.00034975146151287976 -0.0031588747975063525 -6.6285602998910169e-05
leaf_weight=226 505 1592 27 42 45 33 334 196 25 36 34 26 22 338 35 33 44 28 45 28 20 29 456
leaf_count=226 505 1592 27 42 45 33 334 196 25 36 34 26 22 338 35 33 44 28 45 28 20 29 456
internal_value=0.00145154 0.00336774 -9.35549e-05 -0.000430711 -0.0040566 -0.00289474 0.00101167 0.000172911 -0.00423077 -0.00629032 -0.00409091 -0.000633803 -0.00178506 -0.00283451 -0.000636363 -0.00477273 -0.00737113 -0.00272358 -0.00440594 -0.0075 -0.00349057 -0.00769841 0.000552147
internal_weight=4199 2073 481 2126 255 228 1028 694 195 124 99 71 1098 558 540 220 97 123 101 56 53 63 652
internal_count=4199 2073 481 2126 255 228 1028 694 195 124 99 71 1098 558 540 220 97 123 101 56 53 63 652
cat_boundaries=0 1 2 3
cat_threshold=156 136 66
is_linear=0
shrinkage=0.05


Tree=49
num_leaves=24
num_cat=6
split_feature=0 5 0 5 7 7 1 15 15 15 5 9 5 5 5 0 1 5 5 1 2 2 15
split_gain=5.62353 2.89474 3.32795 1.73063 1.48644 1.23498 0.58651 0.633582 1.42358 1.3613 1.26754 0.933838 0.660357 0.739632 1.01646 0.531386 0.527665 0.513593 0.714792 0.467362 0.792163 0.762222 0.839683
threshold=0 0.84976300489942436 1 0.46620033734366129 1.5000000000000002 1.0000000180025095e-35 2 59.016495951387469 40.878179986288366 44.53170661205376 1.2393793021592654 70.861480953857779 1.4854173152328105 0.95989162001894435 0.86354054545950343 3 4 0.6614825672723017 0.75151658956402845 5 2036.5000000000002 2029.5000000000002 51.145275047828697
decision_type=1 2 1 2 2 2 1 2 2 2 2 2 2 2 2 1 1 2 2 1 2 2 2
left_child=1 2 -1 -4 6 19 -2 8 12 -10 11 -11 13 14 -8 -6 -16 -9 -19 -5 21 -21 -23
right_child=4 -3 3 5 15 -7 7 17 9 10 -12 -13 -14 -15 16 -17 -18 18 -20 20 -22 22 -24
leaf_value=0.010227046363034382 0.00021973728011978131 0.0081893013414774916 -0.00080757708814288781 -0.00074036819696606079 0.002805562833892542 0.0014976381051903095 1.9486305528947058e-05 -0.0015940488387976512 -0.0018417348599925041 -0.0017087695046655964 -0.0014554302329873297 -0.00014874583715045048 -0.0023689461700956982 0.00024148311757147981 -0.00049603355498079765 0.00011968492779700238 -0.0020120276139720958 0.00087295576697272916 -0.00027355381974562414 -0.001174382379560419 7.8188510605133212e-05 -0.0033333494625709644 -0.0022727046385144856
leaf_weight=290 220 1475 27 61 335 121 96 92 21 20 28 90 20 165 27 341 23 59 589 25 29 24 21
leaf_count=290 220 1475 27 61 335 121 96 92 21 20 28 90 20 165 27 341 23 59 589 25 29 24 21
internal_value=0.00147535 0.00331973 0.000401338 -0.0031761 -0.000337078 -0.00211744 -0.00124138 -0.00166667 -0.00306122 -0.00694969 -0.00514493 -0.00272727 -0.00119335 -0.000627009 -0.00321918 0.00159763 -0.009 -0.000743243 -0.000246913 -0.005 -0.00712121 -0.01 -0.0138889
internal_weight=4199 2073 598 308 2126 281 1450 1230 490 159 138 110 331 311 146 676 50 740 648 160 99 70 45
internal_count=4199 2073 598 308 2126 281 1450 1230 490 159 138 110 331 311 146 676 50 740 648 160 99 70 45
cat_boundaries=0 1 2 3 4 5 6
cat_threshold=156 136 4 66 1 1
is_linear=0
shrinkage=0.05


Tree=50
num_leaves=24
num_cat=4
split_feature=0 5 0 7 5 7 1 16 18 1 2 2 9 11 9 2 2 11 5 5 5 9 14
split_gain=5.26071 2.82223 3.179 1.45747 1.65629 1.26799 0.55298 0.6367 0.519876 0.514795 0.562193 0.511706 0.514286 0.505083 0.692682 0.889932 1.22974 0.484269 0.670012 0.474081 1.51515 0.396 0.368831
threshold=0 0.84976300489942436 1 1.5000000000000002 0.46620033734366129 1.5000000000000002 2 1.756416666666667 1.0000000180025095e-35 3 2036.5000000000002 2029.5000000000002 4518.8052811206917 0.1693192985976909 35104.469580387136 2027.5000000000002 2036.5000000000002 1.0053440386104673 0.89340953320853456 1.3429576197623241 1.449774343129308 4832.2387531444283 53652.580284121846
decision_type=1 2 1 2 2 2 1 2 2 1 2 2 2 2 2 2 2 2 2 2 2 2 2
left_child=1 2 -1 4 -4 6 -2 8 -8 -6 11 -11 -13 14 15 -9 21 -10 -19 -7 -21 -17 -15
right_child=5 -3 3 -5 9 19 7 13 17 10 -12 12 -14 22 -16 16 -18 18 -20 20 -22 -23 -24
leaf_value=0.0097156940448826674 0.00020875041611379062 0.0077798362744036153 -0.0010771960276252143 0.0038525558373978513 -0.00028453178103059543 0.0012433591265751769 0.00044585504825405526 0.00021668366058383762 -0.0002537207000965546 -0.0016582565382637097 3.4506264708741354e-05 -0.0018175584954720179 -0.002005439067668033 0.00077269868433724903 -0.00031396325791466342 -0.0029569606635395148 -0.00020640961593780061 -0.0040273528352420263 -0.00071868394194504878 -0.0015243182572873869 0.0024486331638309661 -0.0011230437233755925 -0.0024919487833658487
leaf_weight=290 220 1475 21 88 77 610 122 21 723 31 35 36 20 70 88 39 48 23 38 33 33 35 23
leaf_count=290 220 1475 21 88 77 610 122 21 723 31 35 36 20 70 88 39 48 23 38 33 33 35 23
internal_value=0.00141581 0.00319971 0.000317726 -0.0031761 -0.00545455 -0.000337078 -0.00117241 -0.00158537 -0.000905077 -0.00404523 -0.00606557 -0.00821839 -0.0110714 -0.00348765 -0.00474026 -0.00688811 -0.00852459 -0.00137755 -0.00565574 0.0014497 -0.00257576 -0.0125676 -0.000376344
internal_weight=4199 2073 598 308 220 2126 1450 1230 906 199 122 87 56 324 231 143 122 784 61 676 66 74 93
internal_count=4199 2073 598 308 220 2126 1450 1230 906 199 122 87 56 324 231 143 122 784 61 676 66 74 93
cat_boundaries=0 1 2 3 4
cat_threshold=156 136 4 1
is_linear=0
shrinkage=0.05


Tree=51
num_leaves=24
num_cat=4
split_feature=0 5 0 7 7 5 9 7 3 0 0 2 5 5 36 11 11 14 5 16 5 5 11
split_gain=5.19204 2.10696 2.51704 1.3297 1.14502 0.658762 0.90369 0.710629 0.636056 0.633667 0.590959 0.576281 0.584414 0.494523 0.437683 0.47327 0.586067 0.41957 0.390178 0.387384 0.454241 2.09666 0.7124
threshold=0 0.84976300489942436 1 2.5000000000000004 2.5000000000000004 0.60620533040346569 3923.3204996074787 1.0000000180025095e-35 1.0000000180025095e-35 2 3 2036.5000000000002 0.77583830786226704 1.4217699221021534 0.022868551674196221 1.2133709360859621 1.006483294229507 46234.081037188625 1.4971340844100429 1.756416666666667 0.91683600554281697 0.75992680472410246 0.68348674399405385
decision_type=1 2 1 2 2 2 2 2 2 1 1 2 2 2 2 2 2 2 2 2 2 2 2
left_child=1 2 -1 9 5 6 17 8 11 13 -3 12 -7 -2 15 16 19 -4 -15 -11 21 -21 -22
right_child=3 10 4 -5 -6 7 -8 -9 -10 14 -12 -13 -14 18 -16 -17 -18 -19 -20 20 22 -23 -24
leaf_value=0.009229909342638537 0.00035612766033182999 0.0027946163607696266 5.3696792746610051e-05 0.0019145589541426035 0.010194253341384234 -0.00035046499048153797 -0.0017797117919600572 0.0029695414134097461 0.00048364990556356278 -0.00024173192343395554 0.013052282425715038 9.244022156152648e-05 -0.0042015559810558243 -0.0012499964014286949 0.00039958717334488952 0.00082796258527443071 -0.0019487369696910993 -0.00075872783392180612 -0.00018414021178812605 0.00012251218989111455 -0.00046562758214787562 -0.0030587153512150853 -0.0012133100951165177
leaf_weight=290 850 352 21 334 44 31 39 59 45 502 1123 21 28 20 68 35 37 20 39 46 132 40 23
leaf_count=290 850 352 21 334 44 31 39 59 45 502 1123 21 28 20 68 35 37 20 39 46 132 40 23
internal_value=0.00145154 0.00322372 0.000735786 -0.000290262 -0.00238994 -0.00371212 -0.0075 -0.00206522 -0.0042 -0.000831473 0.00425424 -0.006875 -0.00940678 0.000103373 -0.00177492 -0.00211656 -0.00237179 -0.00231707 -0.00432203 -0.00206595 -0.00371369 -0.00662791 -0.00209677
internal_weight=4199 2073 598 2126 308 264 80 184 125 1792 1475 80 59 909 883 815 780 41 59 743 241 86 155
internal_count=4199 2073 598 2126 308 264 80 184 125 1792 1475 80 59 909 883 815 780 41 59 743 241 86 155
cat_boundaries=0 1 2 3 4
cat_threshold=156 136 66 8
is_linear=0
shrinkage=0.05


Tree=52
num_leaves=24
num_cat=4
split_feature=0 5 0 7 7 0 5 5 5 15 5 0 15 5 14 9 5 5 14 15 15 5 14
split_gain=5.26317 1.6879 2.0984 1.06901 1.01072 0.550177 0.470449 0.587188 0.441429 1.027 0.890631 0.470662 0.495149 0.475729 0.463389 0.446853 0.432815 0.42314 0.528257 0.693448 0.744048 0.411909 0.541667
threshold=0 0.85301416984164968 1 2.5000000000000004 2.5000000000000004 2 0.9444895548775013 0.97590027831923531 1.395838970718613 25.656833035084436 1.449774343129308 3 24.812388260590357 1.1415607775418246 7070.3627258293573 17357.159624221244 1.1268342952933712 1.2070788346600592 100951.93210146495 47.987488592806073 66.063244461926928 1.1080825569437391 36795.514088495845
decision_type=1 2 1 2 2 1 2 2 2 2 2 1 2 2 2 2 2 2 2 2 2 2 2
left_child=1 2 -1 8 -4 -3 -5 -8 11 -10 -11 -2 -13 14 -14 -12 -16 -15 19 -19 -21 -9 -23
right_child=3 5 4 6 -6 -7 7 21 9 10 15 12 13 17 16 -17 -18 18 -20 20 -22 22 -24
leaf_value=0.0087582109594062079 0.00032125465966658913 0.0026569984821465005 -0.00095977747352068814 0.0021489699425010964 0.0097299199448383951 0.012785182473493341 -0.0023063586655680036 0.003721707368550663 -0.0031125431042058997 -0.0013624125341648201 0.0016853818619057461 0.00036746269541347749 -0.0010084660920764968 0.00025618537897414447 -0.00050336955724981122 -0.00036263105182201665 -0.0014417630508010296 0.00035334556832129153 0.00080103178710068845 -0.0018484167333304821 -0.0008249803156724063 -0.0024489794413264624 0.0030601313289318824
leaf_weight=293 839 350 268 153 46 1116 20 57 30 29 54 77 20 55 517 29 21 27 38 21 35 26 78
leaf_count=293 839 350 268 153 46 1116 20 57 30 29 54 77 20 55 517 29 21 27 38 21 35 26 78
internal_value=0.00146344 0.00324772 0.00104613 -0.000290262 -0.00179012 0.00418145 0.00230539 0.000580111 -0.000775669 -0.0034507 -0.00125 -0.000545454 -0.00139464 -0.00181199 -0.00252688 0.00138554 -0.00224907 0.000454546 -0.00119835 -0.00343373 -0.00660714 0.00158385 -0.000288461
internal_weight=4199 2073 607 2126 314 1466 334 181 1792 142 112 1650 811 734 558 83 538 176 121 83 56 161 104
internal_count=4199 2073 607 2126 314 1466 334 181 1792 142 112 1650 811 734 558 83 538 176 121 83 56 161 104
cat_boundaries=0 1 2 3 4
cat_threshold=156 136 8 66
is_linear=0
shrinkage=0.05


Tree=53
num_leaves=24
num_cat=6
split_feature=0 5 0 0 0 20 14 14 8 15 3 8 5 11 1 2 9 5 5 2 5 5 1
split_gain=4.98274 1.57953 1.87279 0.596299 0.584567 0.475311 0.963526 1.26572 0.51173 0.528586 0.486265 0.42417 0.386056 0.366541 0.360156 0.468294 0.582437 0.823463 0.439193 0.43416 0.356343 0.546567 1.02755
threshold=0 0.85301416984164968 1 2 3 1.0000000180025095e-35 78673.014554060079 121568.2744900103 1.0000000180025095e-35 43.287282928919502 1.0000000180025095e-35 1.0000000180025095e-35 0.48900742528759283 1.99383156967974 4 2032.5000000000002 4832.2387531444283 1.1287681634439279 0.65500856664796159 2038.5000000000002 0.81306325873261354 0.96190403407743663 5
decision_type=1 2 1 1 1 2 2 2 2 2 2 2 2 2 1 2 2 2 2 2 2 2 1
left_child=1 2 -1 5 -3 6 -2 -8 14 10 -10 12 -4 20 15 16 -7 -18 -17 -20 -5 22 -22
right_child=3 4 11 13 -6 8 7 -9 9 -11 -12 -13 -14 -15 -16 18 17 -19 19 -21 21 -23 -24
leaf_value=0.0083203004114358967 0.0013483061549873078 0.0025241485580391751 -0.00062803026806202106 8.0850766478457513e-05 0.012145923349818677 -0.0001420341121666082 -0.00064322406168511488 0.00019394205386719682 0.0021177924675461588 0.0029208257546901812 -0.0025682001723069709 0.0027006620861070325 -0.0007349926022606674 0.0018107839760326538 0.00052378081295587 -0.0025129264998105675 -0.0007415586407448153 -0.001301268199959754 0.0023445956243813306 -0.0003391011896726094 1.9242101374685525e-05 -0.00032335567659085653 -0.0017535815934696384
leaf_weight=293 59 350 26 276 1116 72 20 26 47 188 20 74 214 24 437 24 29 23 86 31 82 572 110
leaf_count=293 59 350 26 276 1116 72 20 26 47 188 20 74 214 24 437 24 29 23 86 31 82 572 110
internal_value=0.00143963 0.00317571 0.00104613 -0.000266854 0.00407913 0.00056903 -0.00261905 -0.00804348 0.000924765 0.00284314 -0.000970149 -0.0016358 -0.00270833 -0.0010987 0.00022792 -0.00122641 -0.00346774 -0.0075 0.000744681 0.00200855 -0.00125 -0.00180628 -0.00411458
internal_weight=4199 2073 607 2126 1466 1062 105 46 957 255 67 314 240 1064 702 265 124 52 141 117 1040 764 192
internal_count=4199 2073 607 2126 1466 1062 105 46 957 255 67 314 240 1064 702 265 124 52 141 117 1040 764 192
cat_boundaries=0 1 2 3 4 5 6
cat_threshold=156 136 66 8 2 1
is_linear=0
shrinkage=0.05


Tree=54
num_leaves=24
num_cat=6
split_feature=0 5 7 0 7 0 0 15 16 5 11 0 10 20 7 5 36 9 5 1 15 15 14
split_gain=4.50962 1.63451 1.42869 1.45787 1.0409 0.841648 0.692087 0.789698 0.963911 0.53125 0.602353 0.480282 0.457733 0.439641 0.439589 0.411046 0.410627 0.429668 0.410501 0.6196 0.691724 0.456269 0.393927
threshold=0 0.92432712047662835 1.5000000000000002 1 1.5000000000000002 2 3 110.24752337732177 1.4758333333333338 0.7082975517696023 0.13921898157524742 4 1.5000000000000002 1.0000000180025095e-35 1.0000000180025095e-35 0.83296196964687219 0.095446854635890685 319.99629709843435 0.62209009350254196 5 55.229490791365357 30.123502613179962 11169.636392033348
decision_type=1 2 2 1 2 1 1 2 2 2 2 1 2 2 2 2 2 2 2 1 2 2 2
left_child=1 2 3 18 16 14 -5 9 -9 -8 -11 13 -12 -6 -3 -13 -2 -18 -1 -20 21 -21 -17
right_child=4 5 -4 6 11 -7 7 8 -10 10 12 15 -14 -15 -16 22 17 -19 19 20 -22 -23 -24
leaf_value=-0.0009999936121595531 -0.00034571231918309383 4.9515459332035863e-05 0.0074423226592950772 0.12200793102294807 -0.00027592793097365643 0.013614808098541271 0.00051023852353356404 0.0015522130697334623 -0.0033473419666724229 0.0015946049172291723 -0.0018004947580866539 0.00037545848218659378 0.0027534078765063773 0.0027735344524423226 0.0048048451847274472 -0.0010589308968885357 -0.00033679978633121242 0.0010242461341507256 0.0011372394735278968 -0.00031575204265014159 -0.0024224948398513624 0.0031776459539458487 -0.00019556838131288149
leaf_weight=39 1348 155 281 107 32 983 68 23 36 76 29 93 23 303 148 25 46 56 36 20 26 23 223
leaf_count=39 1348 155 281 107 32 983 68 23 36 76 29 93 23 303 148 25 46 56 36 20 26 23 223
internal_value=0.00138009 0.00303169 0.00125159 -0.000335968 -0.000243446 0.00414463 0.00137097 -9.43394e-05 -0.00516949 0.00142857 -0.00046875 0.00137574 -0.00461538 0.00268116 0.00164537 1.42452e-05 -0.001 0.00205882 -0.00441558 -0.00309524 -0.00586956 -0.00197674 -0.00104839
internal_weight=4199 2073 787 506 2126 1286 362 255 59 196 128 676 52 335 303 341 1450 102 144 105 69 43 248
internal_count=4199 2073 787 506 2126 1286 362 255 59 196 128 676 52 335 303 341 1450 102 144 105 69 43 248
cat_boundaries=0 1 2 3 4 5 6
cat_threshold=156 4 8 128 66 1
is_linear=0
shrinkage=0.05


Tree=55
num_leaves=24
num_cat=4
split_feature=0 5 7 0 7 0 11 0 15 16 11 14 15 15 16 14 5 5 7 2 5 5 7
split_gain=4.31579 1.70709 1.4929 1.49777 0.992965 0.841648 0.75188 0.642314 0.627492 0.923807 0.669325 0.828947 0.486532 0.622559 0.740018 0.726882 0.479032 0.955427 0.505176 0.561592 0.470449 0.587188 0.439589
threshold=0 0.92432712047662835 1.5000000000000002 1 2.5000000000000004 2 1.030261720620439 3 110.24752337732177 1.4758333333333338 0.13921898157524742 28933.703654352354 131.36459438466377 85.918700510599209 2.1729166666666671 36001.235433273709 1.395838970718613 1.4590833241574643 1.0000000180025095e-35 2032.5000000000002 0.9444895548775013 0.97590027831923531 1.0000000180025095e-35
decision_type=1 2 2 1 2 1 2 1 2 2 2 2 2 2 2 2 2 2 2 2 2 2 2
left_child=1 2 3 -1 16 22 7 8 10 -10 -5 -12 13 14 15 -9 -2 -18 19 -19 -6 -22 -3
right_child=4 5 -4 6 20 -7 -8 12 9 -11 11 -13 -14 -15 -16 -17 17 18 -20 -21 21 -23 -24
leaf_value=0.11590753447180069 -0.00018063536457329024 4.7039686365432244e-05 0.0070702065263303212 0.0012551812618956787 0.0019654865233133876 0.01293406769361421 0.002676627035916675 -0.00062937964305419735 0.0013491097733369989 -0.0031799748683388022 -0.0045675835027971226 8.3039924962159344e-05 0.00057989432861607648 -0.0029134321809480461 -0.0019607258403159648 0.00052630068904225755 -0.0027788917241549993 -0.00091036035505498024 0.0019965209199996853 0.00031823933966191415 -0.002093583233550478 0.0023583284281430751 0.0045646029254910797
leaf_weight=107 1650 155 281 116 153 983 36 32 22 36 21 36 24 20 26 30 40 35 38 29 20 161 148
leaf_count=107 1650 155 281 116 153 983 36 32 22 36 21 36 24 20 26 30 40 35 38 29 20 161 148
internal_value=0.001392 0.00300768 0.00118806 -0.000434782 -0.000196629 0.00414463 -0.00184597 -0.00257576 -0.000809128 -0.00534483 0.00066474 -0.00377193 -0.00521127 -0.00703704 -0.00522727 -0.00225806 -0.000664062 -0.0034507 -0.000882353 -0.00359375 0.00230539 0.000580111 0.00164537
internal_weight=4199 2073 787 506 2126 1286 399 363 231 58 173 57 132 108 88 62 1792 142 102 64 334 181 303
internal_count=4199 2073 787 506 2126 1286 399 363 231 58 173 57 132 108 88 62 1792 142 102 64 334 181 303
cat_boundaries=0 1 2 3 4
cat_threshold=156 128 8 24
is_linear=0
shrinkage=0.05


Tree=56
num_leaves=24
num_cat=4
split_feature=0 5 0 0 6 2 0 8 15 9 14 15 15 14 5 15 5 15 5 9 9 14 15
split_gain=4.31794 1.56351 1.24468 0.841648 0.819135 0.591895 0.563952 0.493341 0.672735 0.50348 0.438686 0.63358 0.725563 1.15313 0.682242 0.689608 0.572024 0.402331 1.09506 0.597157 0.912378 0.384795 0.56856
threshold=0 0.92432712047662835 1 2 1.0000000180025095e-35 2026.5000000000002 3 1.0000000180025095e-35 43.287282928919502 9888.7683352870936 29990.947335234971 59.668990118102194 40.878179986288366 78673.014554060079 0.68072289182799695 111.01712969813434 1.1453412370221989 106.28319997355487 0.79910182006429553 6112.4550825136303 3835.9951384657606 15224.15924458223 24.812388260590357
decision_type=1 2 1 1 2 2 1 2 2 2 2 2 2 2 2 2 2 2 2 2 2 2 2
left_child=1 2 -1 -3 5 -4 7 10 9 -9 21 12 13 -12 15 -13 -14 19 -19 20 -7 22 -2
right_child=6 3 4 -5 -6 17 -8 8 -10 -11 11 14 16 -15 -16 -17 -18 18 -20 -21 -22 -23 -24
leaf_value=0.0060171806202422165 -0.0010566479716472969 0.0024546473656851509 -0.0028753806580154671 0.012287364308933495 0.0037302288946081787 -0.00015697548821775855 -0.00027694101542652459 0.0010997032552395028 0.0026858853794608692 -0.0011249111158453302 0.0006089296515605963 0.0015925746747027045 -0.0004755596429207607 -0.00053893678083649578 0.00077428984593281344 -0.0045610694960577037 -0.0012823463439281262 -0.0026320635886936455 0.003894636685239046 0.0011414515936938579 -0.00085289966256941465 0.0019197548107165203 0.00045393566704165518
leaf_weight=379 33 303 20 983 70 137 1064 78 188 25 74 31 28 32 360 25 20 46 29 85 21 107 61
leaf_count=379 33 303 20 983 70 137 1064 78 188 25 74 31 28 32 360 25 20 46 29 85 21 107 61
internal_value=0.00143963 0.00305569 0.00131512 0.00414463 -0.000622009 -0.0016568 -0.000149813 0.000662314 0.00242268 -0.000825243 6.48527e-06 -0.000701754 -0.00344156 -0.00113208 0.0003125 -0.00482143 -0.00854167 -0.00113208 -0.00433333 -0.000144033 -0.00196203 0.00201493 -0.000319149
internal_weight=4199 2073 787 1286 408 338 2126 1062 291 103 771 570 154 106 416 56 48 318 75 243 158 201 94
internal_count=4199 2073 787 1286 408 338 2126 1062 291 103 771 570 154 106 416 56 48 318 75 243 158 201 94
cat_boundaries=0 1 2 3 4
cat_threshold=156 136 8 66
is_linear=0
shrinkage=0.05


Tree=57
num_leaves=24
num_cat=5
split_feature=0 5 7 0 7 0 11 0 5 1 15 15 14 16 5 5 5 11 7 5 15 5 5
split_gain=4.06324 1.65225 1.54085 1.6781 0.955994 0.8378 0.736825 0.496759 0.777329 0.950681 0.823052 0.597532 0.682102 1.09394 0.470449 0.587188 0.443619 0.549534 0.412094 0.433067 0.487013 0.448052 0.411909
threshold=0 0.95417278502810365 1.5000000000000002 1 2.5000000000000004 2 1.030261720620439 3 0.62209009350254196 4 55.229490791365357 110.24752337732177 158982.04161539089 1.4758333333333338 0.9444895548775013 0.97590027831923531 0.7082975517696023 0.30520544670429062 1.0000000180025095e-35 1.2252164419808278 25.012291305676673 1.0776903129539595 1.1080825569437391
decision_type=1 2 2 1 2 1 2 1 2 1 2 2 2 2 2 2 2 2 2 2 2 2 2
left_child=1 2 3 -1 -2 18 7 11 -9 -10 -11 16 13 -13 -6 -16 -5 -18 19 20 -3 -22 -17
right_child=4 5 -4 6 14 -7 -8 8 9 10 -12 12 -14 -15 15 22 17 -19 -20 -21 21 -23 -24
leaf_value=0.11375487955120243 -0.00022344549033585377 -0.00073330840329022349 0.0066905678407709395 0.00044370564944927541 0.0017625462256772072 0.013011797919928314 0.0027911606816691638 -0.00092879682698543636 0.0012549014770195886 -0.00018259500962088181 -0.0022288900449616974 0.0011517315309789104 0.0024428243634926285 -0.0041824013139048887 -0.0019750570211016284 0.0032249236678273275 0.00092811992582723631 -0.0011817305045855883 0.004021876889371884 0.0025111016796447463 0.0038802505427560428 -0.0014143388483951777 4.8904605661536601e-05
leaf_weight=126 1792 21 304 57 153 923 37 37 37 42 24 20 20 24 20 57 98 41 140 66 23 33 104
leaf_count=126 1792 21 304 57 153 923 37 37 37 42 24 20 20 24 20 57 98 41 140 66 23 33 104
internal_value=0.001392 0.00295967 0.00130911 -0.000239787 -0.000149813 0.00417081 -0.00171141 -0.002375 -0.00466667 -0.00276699 -0.00636364 -0.000925926 -0.00515625 -0.00863636 0.00230539 0.000580111 0.000408163 -0.00111511 0.00158703 -0.000244755 -0.00279221 -0.000357143 0.00158385
internal_weight=4199 2073 867 563 2126 1206 437 400 140 103 66 260 64 44 334 181 196 139 283 143 77 56 161
internal_count=4199 2073 867 563 2126 1206 437 400 140 103 66 260 64 44 334 181 196 139 283 143 77 56 161
cat_boundaries=0 1 2 3 4 5
cat_threshold=156 128 8 24 1
is_linear=0
shrinkage=0.05


Tree=58
num_leaves=24
num_cat=4
split_feature=0 5 7 0 0 7 7 5 3 5 5 5 5 14 0 14 14 36 15 15 15 15 2
split_gain=4.00077 1.60472 1.54085 1.6781 0.943735 0.843001 0.491068 0.483046 0.432019 0.608134 0.39235 0.587188 0.411909 0.541667 0.339532 0.425095 0.434168 0.329579 0.326943 0.714862 0.629762 0.426946 0.566092
threshold=0 0.95417278502810365 1.5000000000000002 1 2 2.5000000000000004 1.0000000180025095e-35 1.294853711309133 1.0000000180025095e-35 0.75992680472410246 0.9444895548775013 0.97590027831923531 1.1080825569437391 36795.514088495845 3 158982.04161539089 148240.88385307125 0.022868551674196221 110.24752337732177 161.22796538236682 169.09330351355609 37.117408138079675 2028.5000000000002
decision_type=1 2 2 1 1 2 2 2 2 2 2 2 2 2 1 2 2 2 2 2 2 2 2
left_child=1 2 3 -1 6 14 7 -3 -5 -10 -7 -12 -13 -14 15 16 -2 18 21 -20 -21 -16 -23
right_child=5 4 -4 8 -6 10 -8 -9 9 -11 11 12 13 -15 17 -17 -18 -19 19 20 -22 22 -24
leaf_value=0.1080671355736423 -1.1673829209066911e-06 -0.00038267565106362968 0.0063560394487323923 -0.00071875626188114673 0.012361208023931904 0.0016744189143933484 0.0038207830449032924 0.0025227036393555939 -0.00037220997000683454 0.0023296105230205272 -0.0018763041700465444 0.0030636774844359604 -0.0024391402755328646 0.002505392438721376 -5.9752292340264653e-05 0.0021382487221764785 -0.00072543772435771899 0.000407877864556821 0.00027860517997810031 -0.0011199586234628214 -0.00014492426451152263 -0.001864921805832456 -0.00075753919146314243
leaf_weight=126 813 100 304 301 923 153 140 43 62 74 20 57 26 78 228 76 20 68 167 21 35 69 295
leaf_count=126 813 100 304 301 923 153 140 43 62 74 20 57 26 78 228 76 20 68 167 21 35 69 295
internal_value=0.00138009 0.00293567 0.00130911 -0.000239787 0.00412935 -0.000149813 0.00141638 -0.000594405 -0.00171141 0.000588235 0.00215569 0.000580111 0.00158385 -0.000288461 -0.000580357 0.000103373 -0.000222089 -0.001271 -0.00156442 6.72648e-05 -0.00482143 -0.00217905 -0.00324176
internal_weight=4199 2073 867 563 1206 2126 283 143 437 136 334 181 161 104 1792 909 833 883 815 223 56 592 364
internal_count=4199 2073 867 563 1206 2126 283 143 437 136 334 181 161 104 1792 909 833 883 815 223 56 592 364
cat_boundaries=0 1 2 3 4
cat_threshold=156 128 8 66
is_linear=0
shrinkage=0.05


Tree=59
num_leaves=24
num_cat=1
split_feature=7 5 14 1 2 9 2 16 16 9 5 14 2 2 5 5 2 2 9 14 14 7 9
split_gain=2.06093 1.17658 0.670245 0.666579 0.660846 1.75325 0.534469 0.589078 0.355563 0.606559 0.672001 0.454321 0.735729 0.719252 0.734756 0.56358 0.354982 0.343813 0.330654 0.394327 0.942198 0.398043 0.380952
threshold=1.5000000000000002 0.95989162001894435 11169.636392033348 0 2026.5000000000002 10462.996979186961 2034.5000000000002 2.1729166666666671 1.756416666666667 319.99629709843435 0.87316366926095168 67715.521830772239 2034.5000000000002 2036.5000000000002 0.64827296193767847 0.75606233012901958 2030.5000000000002 2039.5000000000002 40686.705880744223 61929.621073215065 81369.621207484612 1.0000000180025095e-35 10564.558614418995
decision_type=2 2 2 1 2 2 2 2 2 2 2 2 2 2 2 2 2 2 2 2 2 2 2
left_child=1 3 6 8 5 -5 7 -2 9 10 -1 12 -10 14 -13 -14 -6 18 19 21 22 -18 -21
right_child=2 -3 -4 4 16 -7 -8 -9 11 -11 -12 13 15 -15 -16 -17 17 -19 -20 20 -22 -23 -24
leaf_value=-0.00010978997368545529 -7.1584437102281647e-06 0.00058192903517977502 0.0026502289099874484 0.0024669644742416098 0.00068916758795026321 -0.0011519369179972864 0.0051256679703075118 -0.0012020171404735678 0.00063597625833219885 0.00029025772256343826 -0.0026078479502921418 -0.0026987579460633973 0.00024431342108586395 0.001438102971875545 -0.00084323009000800597 -0.0006895024485353363 -0.00029908172784843374 0.0010658093589233702 0.00034959505004549083 -0.00089055978841391659 -0.00019604602091121104 0.0014266698779900368 -0.0025368917687952682
leaf_weight=87 39 1601 1269 20 201 22 51 23 67 158 30 21 21 26 53 29 163 49 55 21 117 55 21
leaf_count=87 39 1601 1269 20 201 22 51 23 67 158 30 21 21 26 53 29 163 49 55 21 117 55 21
internal_value=0.00135628 0.000580405 0.00293777 -0.000592105 0.000372928 -0.00571429 -0.000752212 -0.00387097 -0.00201219 -0.000818182 -0.00354701 -0.00352535 -0.00141026 -0.006 -0.00851351 -0.006 0.000747801 1.03952e-05 -0.000439815 -0.00096817 -0.00286163 0.000412844 -0.00928571
internal_weight=4199 2817 1382 1216 724 42 113 62 492 275 117 217 117 100 74 50 682 481 432 377 159 218 42
internal_count=4199 2817 1382 1216 724 42 113 62 492 275 117 217 117 100 74 50 682 481 432 377 159 218 42
cat_boundaries=0 1
cat_threshold=2
is_linear=0
shrinkage=0.05


Tree=60
num_leaves=24
num_cat=6
split_feature=0 5 7 0 0 7 5 15 5 9 7 5 5 15 3 5 1 1 2 9 15 5 1
split_gain=3.9966 1.54003 1.53769 1.5817 0.963721 0.802824 0.754839 1.0446 0.709947 0.544369 0.522972 0.479321 0.565188 0.680308 0.450691 0.579137 0.464422 0.456681 1.02158 0.564657 0.51574 0.57619 0.432425
threshold=0 0.9297071399625868 1.5000000000000002 1 2 2.5000000000000004 1.4070340389700129 25.656833035084436 1.449774343129308 17357.159624221244 1.5000000000000002 1.294853711309133 1.1080825569437391 65.386347066319146 1.0000000180025095e-35 0.75992680472410246 3 4 2029.5000000000002 3835.9951384657606 69.413822433204857 0.75992680472410246 5
decision_type=1 2 2 1 1 2 2 2 2 2 2 2 2 2 2 2 1 1 2 2 2 2 1
left_child=1 2 3 -1 10 6 22 -8 -9 -10 11 12 -3 -14 17 16 -16 20 -19 -20 -5 -22 -2
right_child=5 4 -4 14 -6 -7 7 8 9 -11 -12 -13 13 -15 15 -17 -18 18 19 -21 21 -23 -24
leaf_value=0.10100612813064316 0.00037688623080777068 0.0023292509655574107 0.0058018154835140431 0.0014934014272619785 0.011310647481221316 0.0014032709473089035 -0.0029732998403517938 -0.0010258509111094002 0.0015285460931384895 -0.00023785439657868506 0.0071550187763413133 0.0023674720081840587 0.0013857710278407055 -0.0023919172844271835 0.00048007042324123495 0.0020500187170105215 -0.00082337249008232688 0.00016227127518325817 -0.0009996190703976315 -0.0021897132558322406 0.00037513083502719685 -0.0021703867104197944 -0.00025237417930247308
leaf_weight=111 247 75 282 51 969 334 28 24 54 29 93 53 41 39 29 70 33 44 72 41 30 40 1410
leaf_count=111 247 75 282 51 969 334 28 24 54 29 93 53 41 39 29 70 33 44 72 41 30 40 1410
internal_value=0.00128483 0.00283965 0.00113948 -0.000470249 0.00393701 -0.000243446 -0.000664062 -0.00425926 -0.00200935 0.000180723 0.00130225 -4.80767e-05 -0.00145161 -0.004375 -0.00190476 0.000454546 -0.00306452 -0.00309352 -0.00487261 -0.00738938 -0.000785124 -0.00357143 -0.000371152
internal_weight=4199 2073 803 521 1270 2126 1792 135 107 83 301 208 155 80 410 132 62 278 157 113 121 70 1657
internal_count=4199 2073 803 521 1270 2126 1792 135 107 83 301 208 155 80 410 132 62 278 157 113 121 70 1657
cat_boundaries=0 1 2 3 4 5 6
cat_threshold=156 128 8 2 1 4
is_linear=0
shrinkage=0.05


Tree=61
num_leaves=24
num_cat=5
split_feature=0 5 0 7 0 7 14 5 5 7 1 9 15 5 5 5 7 0 15 14 5 14 5
split_gain=3.87422 1.42587 1.6532 1.29189 1.07946 0.683999 0.518058 0.429309 0.579997 0.573387 0.578484 0.490196 0.529412 0.465982 0.418912 1.4055 0.505176 0.463017 0.618016 0.672735 0.792055 0.640828 0.57914
threshold=0 0.96905256789785377 1 2.5000000000000004 2 2.5000000000000004 11169.636392033348 0.64827296193767847 0.51653639921929895 1.5000000000000002 3 560.01526112040051 86.828601745182254 0.57324090082199908 1.4217699221021534 1.4590833241574643 1.0000000180025095e-35 4 25.656833035084436 56028.964613200696 1.2026241249255898 160833.74598110671 1.2758260264362959
decision_type=1 2 1 2 1 2 2 2 2 2 1 2 2 2 2 2 2 1 2 2 2 2 2
left_child=1 2 -1 7 -3 14 -7 8 -4 10 11 -9 -13 -10 17 -16 -17 18 -2 20 -20 -21 -19
right_child=5 4 3 -5 -6 6 -8 9 13 -11 -12 12 -14 -15 15 16 -18 22 19 21 -22 -23 -24
leaf_value=0.0051772374152324043 0.00031737527501006811 0.0014369790612252839 4.9814559814425245e-05 0.0075323990617562619 0.012202153851204739 -0.00030481228793002494 0.0015606423842014798 -0.0025160422961650062 -0.0034329056336831159 0.0043851385534075388 9.862411818427962e-05 0.00052684873967187855 -0.00043868798666494294 -0.00050364784008940979 -0.0027957006235166887 -0.00029983020061148604 0.0017351102459894148 -5.6465120317542735e-05 -0.00083265012029862067 1.1732749798601263e-05 -0.0018226817817841889 -0.0010518358852999773 0.0005794984899353667
leaf_weight=451 101 270 40 81 882 33 301 34 25 49 135 34 34 38 23 64 38 1130 99 169 20 26 122
leaf_count=451 101 270 40 81 882 33 301 34 25 49 135 34 34 38 23 64 38 1130 99 169 20 26 122
internal_value=0.00128483 0.00281565 0.00136265 -0.000729166 0.00400174 -0.000220037 0.00185629 -0.00194087 -0.00470874 -0.000944056 -0.00196203 -0.00480392 -0.00235294 -0.00769841 -0.000608259 -0.0034 -0.000882353 -0.00039892 -0.00182353 -0.00296178 -0.00592437 -0.00115385 8.71634e-05
internal_weight=4199 2073 921 470 1152 2126 334 389 103 286 237 102 68 63 1792 125 102 1667 415 314 119 195 1252
internal_count=4199 2073 921 470 1152 2126 334 389 103 286 237 102 68 63 1792 125 102 1667 415 314 119 195 1252
cat_boundaries=0 1 2 3 4 5
cat_threshold=156 136 8 2 32
is_linear=0
shrinkage=0.05


Tree=62
num_leaves=24
num_cat=5
split_feature=0 5 7 0 0 11 7 0 15 17 5 5 14 5 0 2 2 15 15 5 15 14 14
split_gain=3.87318 1.17952 1.35453 1.55517 0.982125 0.704567 0.699574 0.560727 0.798778 0.662104 0.538023 1.3066 0.518058 0.486595 0.463017 0.703863 0.884263 0.621982 0.942653 0.51925 0.487197 0.434043 0.687806
threshold=0 0.96905256789785377 1.5000000000000002 1 2 1.030261720620439 2.5000000000000004 3 110.24752337732177 74.884166666666673 1.4217699221021534 1.4590833241574643 11169.636392033348 0.7082975517696023 4 2034.5000000000002 2035.5000000000002 25.656833035084436 70.302322041952422 1.304185265331794 138.28563907384995 28523.785437470815 14188.49172576011
decision_type=1 2 2 1 1 2 2 1 2 2 2 2 2 2 1 2 2 2 2 2 2 2 2
left_child=1 2 3 -1 -3 7 10 8 13 -10 14 -12 -8 -5 15 -2 -17 -18 -19 21 -20 22 -16
right_child=6 4 -4 5 -6 -7 12 -9 9 -11 11 -13 -14 -15 19 16 17 18 20 -21 -22 -23 -24
leaf_value=0.09768053813987887 -3.7017439245548504e-05 0.001365130108164024 0.0054783449698104988 0.00048879072144044299 0.011592046158644504 0.0028424512347197577 -0.00028957167353352487 -0.00061094408439821095 0.0019923592837423443 -0.0023713888329105924 -0.0026559155923408569 -7.5677506317390968e-05 0.0014826102649914046 -0.00022343046255270829 -0.0002865397969735774 -0.00077595678384701947 0.00058823041458391421 -0.0012801574767948515 0.00025510633962197503 0.0010583590561201351 -0.00078093472184768324 -0.0002346457663815754 0.0011241701596944409
leaf_weight=132 257 270 324 57 882 40 33 152 26 43 23 102 301 147 129 21 30 46 40 86 21 880 157
leaf_count=132 257 270 324 57 882 40 33 152 26 43 23 102 301 147 129 21 30 46 40 86 21 880 157
internal_value=0.00126101 0.00279165 0.00147123 5.86267e-05 0.00387153 -0.00131579 -0.000243446 -0.00194118 -0.000477032 -0.00514493 -0.000636161 -0.0038 0.00185629 0.00107843 -0.00039892 -0.00182353 -0.00449367 -0.0030292 -0.00481308 8.71634e-05 -0.000737705 -0.000188679 0.0015035
internal_weight=4199 2073 921 597 1152 465 2126 425 273 69 1792 125 334 204 1667 415 158 137 107 1252 61 1166 286
internal_count=4199 2073 921 597 1152 465 2126 425 273 69 1792 125 334 204 1667 415 158 137 107 1252 61 1166 286
cat_boundaries=0 1 2 3 4 5
cat_threshold=156 128 8 24 32
is_linear=0
shrinkage=0.05


Tree=63
num_leaves=24
num_cat=6
split_feature=0 7 0 5 0 14 1 5 5 9 15 5 0 3 15 15 15 15 15 2 9 5 1
split_gain=3.56785 1.73918 1.58426 1.17424 1.56979 0.662726 0.898507 0.637937 1.23962 0.460498 0.458088 0.481112 0.451992 0.678755 0.446571 0.405962 0.686216 0.743616 0.625136 0.491761 0.465055 0.358484 0.514298
threshold=0 1.0000000180025095e-35 1 1.0264471337233452 2 65845.624003370132 3 1.4070340389700129 1.4590833241574643 17357.159624221244 17.682535482637871 1.3618862516084771 4 1.0000000180025095e-35 39.711119482505694 120.08879158805752 82.822949980327493 69.413822433204857 139.23806101466428 2029.5000000000002 70.861480953857779 0.64337206274225478 5
decision_type=1 2 1 2 1 2 1 2 2 2 2 2 1 2 2 2 2 2 2 2 2 2 1
left_child=7 2 -2 12 -5 -6 -7 10 -9 14 -1 -12 21 15 -10 16 17 19 -17 -14 -21 -4 -23
right_child=1 -3 3 4 5 6 -8 8 9 -11 11 -13 13 -15 -16 18 -18 -19 -20 20 -22 22 -24
leaf_value=0.0005267942727529922 0.13426035698649369 0.0045092717044772192 -0.00095528290110587092 0.0081524884650352666 0.0014367520072540315 0.00010557660187992656 -0.0010900827534015985 -0.0025311932566061063 -0.00018785511361450226 -0.00024765029636763272 -0.00022355968953989298 0.0011378677346412984 0.0017771347768958355 0.00050803402633812307 0.0014267461857704299 -0.0053743143651689635 0.0011691050021277066 -0.0014854853573235977 -0.00063649892808960646 -0.0012227750891046791 -0.00031539791128566951 0.0013197994752020131 -0.00047446544822189306
leaf_weight=85 234 1292 34 267 125 86 47 31 22 26 1332 38 53 118 35 20 57 27 38 42 75 38 77
leaf_count=85 234 1292 34 267 125 86 47 31 22 26 1332 38 53 118 35 20 57 27 38 42 75 38 77
internal_value=0.00128483 0.0024053 0.00115097 0.000332137 0.00204762 -0.000783582 -0.00327068 -0.000604813 -0.00421053 -0.0010241 -0.00032646 -0.000547445 -0.00121762 -0.000340909 0.00149123 -0.00157051 -0.000708661 -0.0021066 -0.00534483 -0.000882353 -0.00269231 -0.00349057 -0.0023913
internal_weight=4199 2630 1338 1104 525 258 133 1569 114 83 1455 1370 579 430 57 312 254 197 58 170 117 149 115
internal_count=4199 2630 1338 1104 525 258 133 1569 114 83 1455 1370 579 430 57 312 254 197 58 170 117 149 115
cat_boundaries=0 1 2 3 4 5 6
cat_threshold=35 128 20 1 4 1
is_linear=0
shrinkage=0.05


Tree=64
num_leaves=24
num_cat=6
split_feature=0 0 5 7 0 7 5 11 5 5 7 0 0 1 14 9 9 3 14 9 14 15 9
split_gain=3.5175 1.26604 1.57946 1.78419 0.796273 0.653374 0.575593 0.572917 0.566869 1.3066 0.535714 0.467853 0.458144 0.745537 0.5515 1.00082 0.630891 0.461882 0.487731 0.429501 0.394417 0.388673 0.507936
threshold=0 1 1.0154938974775825 1.5000000000000002 2 2.5000000000000004 0.64827296193767847 1.030261720620439 1.4217699221021534 1.4590833241574643 2.5000000000000004 3 4 5 116883.74879768702 35919.399043732286 28797.174205437808 1.0000000180025095e-35 23323.627465377227 1234.5197469367079 24206.200751287004 39.711119482505694 20329.79595575637
decision_type=1 1 2 2 1 2 2 2 2 2 2 1 1 1 2 2 2 2 2 2 2 2 2
left_child=1 -1 3 7 -4 8 10 12 -2 -10 -5 -7 14 -14 16 -16 17 18 19 -3 -13 -11 -23
right_child=5 2 4 6 -6 11 -8 -9 9 21 -12 20 13 -15 15 -17 -18 -19 -20 -21 -22 22 -24
leaf_value=0.13636501097327333 -8.2788368196372379e-05 -0.0043376725545110437 0.0097797874499442397 -0.0042263242748573123 0.0011331527499221525 0.0039499825991946569 0.0050127428538644242 0.0024818394093407033 -0.0023965601498935059 -0.0016013708344580662 0.0065239461848005005 -0.00045610232124142295 -0.0020372681320704384 -0.00024776588348371652 -0.0020387437247965734 0.0024658132587544127 -0.00075967339162750147 0.0012926944861438329 0.00033573551064370488 0.0014128132219047957 0.0004793606869662459 0.0013554088771586138 -0.00024875578320402559
leaf_weight=507 1667 20 517 28 247 153 226 48 23 32 20 44 23 143 36 32 25 63 117 21 137 45 25
leaf_count=507 1667 20 517 28 247 153 226 48 23 32 20 44 23 143 36 32 25 63 117 21 137 45 25
internal_value=0.00126101 0.00271964 0.00198604 0.000448878 0.00362565 -0.000173221 0.00372263 -0.00125 -0.000552455 -0.0038 -0.00125 0.00185629 -0.00177083 -0.00380682 -0.000555555 -0.00455882 0.000528455 0.00138009 -6.3291e-05 -0.0047561 2.61782e-05 -0.00137255 0.000714286
internal_weight=4199 2073 1566 802 764 2126 274 528 1792 125 48 334 480 166 314 68 246 221 158 41 181 102 70
internal_count=4199 2073 1566 802 764 2126 274 528 1792 125 48 334 480 166 314 68 246 221 158 41 181 102 70
cat_boundaries=0 1 2 3 4 5 6
cat_threshold=156 128 20 66 24 4
is_linear=0
shrinkage=0.05


Tree=65
num_leaves=24
num_cat=5
split_feature=0 7 0 0 5 7 5 0 19 15 17 15 15 15 15 3 5 14 1 14 5 15 14
split_gain=3.18633 1.87718 0.995746 0.910038 1.6031 0.901021 0.754564 1.86714 0.696942 0.690241 0.671724 0.609133 2.57143 0.800168 1.01975 0.587213 0.498626 0.493272 0.667137 0.400882 0.490519 0.466354 0.394984
threshold=0 2.5000000000000004 1 2 0.71654816570429147 1.5000000000000002 1.0324986184915215 3 1.0000000180025095e-35 22.754466787808642 74.884166666666673 106.28319997355487 131.36459438466377 55.61385114553012 35.604138935003014 1.0000000180025095e-35 0.9444895548775013 65845.624003370132 4 39654.038758713657 1.1776060574645986 49.752778293404454 152534.41816955732
decision_type=1 2 1 1 2 2 2 1 2 2 2 2 2 2 2 2 2 2 1 2 2 2 2
left_child=-1 3 10 4 8 6 -6 -8 -2 -10 -3 13 -13 14 -11 16 -12 19 22 20 -9 -22 -19
right_child=1 2 -4 -5 5 -7 7 17 9 11 15 12 -14 -15 -16 -17 -18 18 -20 -21 21 -23 -24
leaf_value=0.12954676042460966 0.00047286697512931915 0.0011315162766562033 0.0063303010461595076 -0.00020897482111872473 -9.2190123106912315e-05 0.0040748704779303363 0.0081883015646760197 -0.002691722193374161 -0.00049228708192235497 5.0802304264599266e-05 -0.0001548223048312494 -0.0039994398100971079 0.0004384812783554369 0.00055568386248411393 -0.001858477805506826 0.0011078334330039239 -0.0022544734021683727 -0.00044150793381762544 -0.00081389343990112854 0.0032045079562657212 0.0026859653641158293 -0.00076425311301815603 0.0020406136425311699
leaf_weight=507 38 105 422 1322 537 285 332 34 20 53 24 21 42 61 35 24 28 88 60 53 59 21 28
leaf_count=507 38 105 422 1322 537 285 332 34 20 53 24 21 42 61 35 24 28 88 60 53 59 21 28
internal_value=0.00122529 0.000705024 0.00325871 0.000208806 0.000948228 0.00159319 0.00099835 0.00211111 -0.00259259 -0.00362069 2.61782e-05 -0.00278302 -0.00690476 -0.00104027 -0.00409091 -0.00355263 -0.00653846 -0.000524079 -0.00238636 0.00140719 -0.000263158 0.001875 -0.000172414
internal_weight=4199 3692 603 3089 1767 1497 1212 675 270 232 181 212 63 149 88 76 52 343 176 167 114 80 116
internal_count=4199 3692 603 3089 1767 1497 1212 675 270 232 181 212 63 149 88 76 52 343 176 167 114 80 116
cat_boundaries=0 1 2 3 4 5
cat_threshold=128 33 92 20 1
is_linear=0
shrinkage=0.05


Tree=66
num_leaves=24
num_cat=4
split_feature=0 7 0 5 0 5 9 1 5 5 7 19 14 5 9 2 9 14 9 9 9 9 2
split_gain=3.12418 1.7595 1.47522 0.597528 1.51736 0.899954 0.806667 0.750591 0.579304 0.537269 0.707071 0.507477 0.506754 0.842977 0.496456 0.75222 0.594796 0.539927 1.14233 0.636248 1.1764 0.614227 0.416277
threshold=0 1.5000000000000002 1 0.95718907554605426 2 1.0324986184915215 70.861480953857779 3 0.98661854419696859 0.64827296193767847 2.5000000000000004 1.0000000180025095e-35 11169.636392033348 1.0062036727854309 3589.1251062431361 2026.5000000000002 40686.705880744223 52038.968929972791 4832.2387531444283 7371.5773109965767 11208.563005266211 26496.096493499663 2031.5000000000002
decision_type=1 2 1 2 1 2 2 1 2 2 2 2 2 2 2 2 2 2 2 2 2 2 2
left_child=-1 3 9 7 5 6 -5 11 -6 10 -3 -2 13 -4 22 -16 17 18 -17 -19 -21 -22 -9
right_child=1 2 12 4 8 -7 -8 14 -10 -11 -12 -13 -14 -15 15 16 -18 19 -20 20 21 -23 -24
leaf_value=0.12306942240337918 4.7411862657644663e-05 -0.0030335130939795063 0.00041735633173092677 -0.00056551808438061316 0.00061443880773823613 0.0077788864864422203 0.00088814474609341144 0.00071307921189560385 -0.00018884980248167919 0.0048863634200437874 0.0058812338276009249 -0.00093357602863682228 0.00024744016973410771 -0.0015191033574277115 -0.0013264677868561022 -0.0010332424537999876 0.00032723233630342521 0.001035632245095948 0.00061082365328398022 -0.0022507077775829362 0.00066396746560793405 -0.0012987929824366982 4.7771794041664696e-05
leaf_weight=507 61 33 26 25 64 332 50 113 948 631 30 372 456 20 24 20 72 28 103 33 59 26 166
leaf_count=507 61 33 26 25 64 332 50 113 948 631 30 372 456 20 24 20 72 28 103 33 59 26 166
internal_value=0.00126101 0.000745543 0.00232441 -8.01263e-06 0.000665962 0.00320144 -0.00166667 -0.000896007 -0.000381605 0.00379261 -0.000555555 -0.00250577 0.000214844 -0.00478261 0.000186336 -0.0010274 -0.00042522 -0.00150558 0.00093496 -0.00356164 -0.00516949 -0.00205882 0.00177419
internal_weight=4199 3692 1196 2496 1419 407 75 1077 1012 694 63 433 502 46 644 365 341 269 123 146 118 85 279
internal_count=4199 3692 1196 2496 1419 407 75 1077 1012 694 63 433 502 46 644 365 341 269 123 146 118 85 279
cat_boundaries=0 1 2 3 4
cat_threshold=128 92 20 2
is_linear=0
shrinkage=0.05


Tree=67
num_leaves=24
num_cat=8
split_feature=0 7 0 5 0 0 7 5 17 3 0 1 9 9 1 2 5 5 5 9 1 2 5
split_gain=3.18633 1.75716 0.882131 1.50033 0.994328 0.777015 0.582303 0.578571 0.536147 0.473853 0.337307 0.545228 0.369205 0.457687 0.364269 0.803262 0.450148 0.336833 1.50801 0.50275 0.336195 0.497992 0.337619
threshold=0 2.5000000000000004 1 1.0324986184915215 2 3 1.5000000000000002 0.65500856664796159 74.884166666666673 1.0000000180025095e-35 4 5 2397.3733418326406 14776.579903078376 6 2027.5000000000002 0.91683600554281697 1.4217699221021534 1.4590833241574643 30029.915240155937 7 2037.5000000000002 1.3661093842275072
decision_type=1 2 1 2 1 1 2 2 2 2 1 1 2 2 1 2 2 2 2 2 1 2 2
left_child=-1 2 3 6 -5 8 10 -8 -3 -10 14 -12 -13 -14 15 -2 -17 20 -19 -20 21 -4 -22
right_child=1 5 17 4 -6 -7 7 -9 9 -11 11 12 13 -15 -16 16 -18 18 19 -21 22 -23 -24
leaf_value=0.11691595128321022 -0.0010791035335584952 0.0010625684543366883 0.000693406273127994 0.0082861198744617615 0.00024882238598670999 0.0057942200378107911 -0.0037241140394783435 0.0033662306116746922 -0.0011684441913763367 0.0010400697528670231 4.0019457242149807e-05 -0.00042112437771438249 -0.00098731333976487582 -0.00031703846651540634 0.0003477527016360025 0.00040756565030570499 -0.00077441558581252097 -0.0022609899716623909 0.00021551049454393629 -0.00060679462431979933 -0.00018429175694428294 -0.00094659929840695258 0.00087161257342360972
leaf_weight=507 27 105 190 407 202 422 28 112 52 24 69 72 25 24 200 97 34 23 82 20 1376 59 42
leaf_count=507 27 105 190 407 202 422 28 112 52 24 69 72 25 24 200 97 34 23 82 20 1376 59 42
internal_value=0.00122529 0.000705024 0.000224992 0.0012127 0.00302956 0.00317579 -0.000377907 0.0025 0.000287958 -0.00289474 -0.00111314 -0.00275 -0.00491736 -0.00826531 -0.000163043 -0.00196203 -0.000343511 -0.000493895 -0.003 -0.000392157 -0.000308938 0.00138554 -0.000606488
internal_weight=4199 3692 3089 1297 609 603 688 140 181 76 548 190 121 49 358 158 131 1792 125 102 1667 249 1418
internal_count=4199 3692 3089 1297 609 603 688 140 181 76 548 190 121 49 358 158 131 1792 125 102 1667 249 1418
cat_boundaries=0 1 2 3 4 5 6 7 8
cat_threshold=128 28 20 33 24 1 1 4
is_linear=0
shrinkage=0.05


Tree=68
num_leaves=24
num_cat=2
split_feature=7 5 1 36 9 2 9 9 14 2 2 9 5 5 14 7 14 17 11 4 14 1 14
split_gain=1.50921 0.560848 0.464871 0.509529 0.644594 0.591148 0.422535 0.827492 0.413047 0.777426 0.871111 0.495599 0.379422 0.45092 0.371207 0.366387 0.320959 0.43488 0.780667 0.355345 0.308324 0.29021 0.282788
threshold=2.5000000000000004 0.95718907554605426 0 2.4168387984437145 3589.1251062431361 2026.5000000000002 15565.808732800955 13320.461549423691 63193.011779459252 2031.5000000000002 2036.5000000000002 4753.4794924014959 0.98661854419696859 0.99972858438040657 2259.3593459485278 1.0000000180025095e-35 15224.15924458223 82.258750000000006 0.9984092495684993 1.0000000180025095e-35 25894.196276986095 1 25168.510525336853
decision_type=2 2 1 2 2 2 2 2 2 2 2 2 2 2 2 2 2 2 2 2 2 1 2
left_child=1 2 16 4 -4 -6 7 8 11 -10 -11 -7 -3 21 -15 22 19 -18 -19 -1 -2 -14 -16
right_child=20 12 3 -5 5 6 -8 -9 9 10 -12 -13 13 14 15 -17 17 18 -20 -21 -22 -23 -24
leaf_value=-0.0011784259293291482 0.0008853806607438989 0.00081826941950291141 0.0005687944191850523 -0.00087668254516761054 -0.00066126028941908114 -0.00070244944902729393 0.00031669298228647377 -0.0012252588037389644 0.0014047860163450534 -0.0044777183133554313 -0.00092297793272534147 0.0014180414046063865 0.00082051378278781963 -0.00079275028364634778 0.00066791120227467854 0.0014882468860047391 5.830951202864013e-06 -0.00068291868231774519 0.0034141834043605272 -0.001700929268791361 0.0029091468022763283 -0.00062650267864213004 0.00023967360725250287
leaf_weight=31 130 136 356 21 35 26 246 28 29 20 25 105 34 26 216 687 381 140 27 20 567 37 876
leaf_count=31 130 136 356 21 35 26 246 28 29 20 25 105 34 26 216 687 381 140 27 20 567 37 876
internal_value=0.00122529 0.000802399 6.71143e-05 0.000791246 0.000977012 -0.000155642 0.000302714 -0.00122318 -0.000121951 -0.00310811 -0.00722222 0.00156489 0.00134692 0.00116205 0.00131579 0.00140247 -0.00101002 -0.000656934 -0.00278443 -0.00480392 0.00335007 -0.00274648 0.000833334
internal_weight=4199 3502 1490 891 870 514 479 233 205 74 45 131 2012 1876 1805 1779 599 548 167 51 697 71 1092
internal_count=4199 3502 1490 891 870 514 479 233 205 74 45 131 2012 1876 1805 1779 599 548 167 51 697 71 1092
cat_boundaries=0 1 2
cat_threshold=2 2
is_linear=0
shrinkage=0.05


Tree=69
num_leaves=24
num_cat=3
split_feature=0 5 0 7 7 0 17 3 15 2 5 5 5 14 14 15 11 9 2 9 9 14 11
split_gain=3.29147 1.56095 1.85459 0.985577 0.971929 0.584703 0.671724 0.587213 0.576569 1.03235 0.776775 0.498626 0.473771 0.455394 0.46256 0.60536 0.513126 0.700937 0.666613 0.688898 1.12029 0.663713 0.60883
threshold=0 1.0392119347815225 1 2.5000000000000004 1.5000000000000002 2 74.884166666666673 1.0000000180025095e-35 36.108001881607926 2027.5000000000002 0.60620533040346569 0.9444895548775013 0.64827296193767847 182142.37600752045 51381.780718460745 97.029154502048939 1.0248478723297374 357.03948594057988 2032.5000000000002 7262.3728707664641 10694.82362200683 77506.516118676547 0.0034016240906390807
decision_type=1 2 1 2 2 1 2 2 2 2 2 2 2 2 2 2 2 2 2 2 2 2 2
left_child=1 2 -1 13 8 6 -5 11 -4 -10 -11 -8 -6 14 -2 16 17 21 19 22 -21 -16 -19
right_child=3 -3 4 5 12 -7 7 -9 9 10 -12 -13 -14 -15 15 -17 -18 18 -20 20 -22 -23 -24
leaf_value=0.085898017233872873 0.00011138820502321211 0.011288595071892553 3.8134419272879522e-05 0.00091051377771592774 -0.0026886583468148633 0.0042392293613542379 -0.00018160358251446886 0.00091344073659549874 -0.0012969891425203607 -0.0007400857433064545 -1.3129337809955036e-05 -0.0021703250520669058 0.0041333921436134896 0.00063623665780339312 -0.0022954252137772006 -7.1475265227824637e-06 0.00076452864278863959 0.00040930974059023053 1.2269288437507056e-05 -0.002473803642965794 -0.00071073632333574089 -0.00030348078762014414 -0.0028743923094996984
leaf_weight=277 940 712 131 105 33 243 24 24 39 33 188 28 154 56 39 643 35 52 229 24 117 40 33
leaf_count=277 940 712 131 105 33 243 24 24 39 33 188 28 154 56 39 643 35 52 229 24 117 40 33
internal_value=0.00116575 0.00297083 0.00154971 7.94854e-05 -0.000102041 0.00228774 2.61782e-05 -0.00355263 -0.00152174 -0.00288462 -0.00156109 -0.00653846 0.00286096 -0.000344203 -0.000460037 -0.00110561 -0.0022935 -0.0026779 -0.00192308 -0.00384956 -0.00599291 -0.00702532 -0.000294117
internal_weight=4199 1567 855 2632 578 424 181 76 391 260 221 52 187 2208 2152 1212 569 534 455 226 141 79 85
internal_count=4199 1567 855 2632 578 424 181 76 391 260 221 52 187 2208 2152 1212 569 534 455 226 141 79 85
cat_boundaries=0 1 2 3
cat_threshold=148 128 33
is_linear=0
shrinkage=0.05


Tree=70
num_leaves=24
num_cat=4
split_feature=0 5 0 7 0 7 2 2 5 9 9 14 14 16 0 5 15 10 5 15 15 2 9
split_gain=3.37826 1.39292 1.66116 0.981353 0.840786 0.665854 0.588254 0.648391 0.498701 0.46707 0.767544 0.360687 0.393953 0.743693 0.711137 0.758518 1.17862 0.681433 0.656792 0.537202 0.531453 0.67535 0.574484
threshold=0 1.0392119347815225 1 1.5000000000000002 2 2.5000000000000004 2035.5000000000002 2033.5000000000002 0.78493427256843895 4982.9585542778377 2397.3733418326406 182142.37600752045 65164.141494912372 3.485125 3 1.0687437210359148 38.807285180331199 2.5000000000000004 0.89919980469317551 54.715796972461256 94.639674848128223 2026.5000000000002 21886.336938882338
decision_type=1 2 1 2 1 2 2 2 2 2 2 2 2 2 1 2 2 2 2 2 2 2 2
left_child=1 2 -1 11 -5 6 7 9 -9 10 -4 12 14 20 -2 17 -17 -16 -15 -18 21 -14 -23
right_child=3 -3 5 4 -6 -7 -8 8 -10 -11 -12 -13 13 18 15 16 19 -19 -20 -21 -22 22 -24
leaf_value=0.081603116372179235 0.00031135458215853342 0.010724165318297922 -0.00017494602217950521 0.0021084671745352484 -9.3610779176657812e-05 0.0064725159267548559 8.327036746263559e-05 -0.0016216166905534898 -0.00068659933194017877 0.00045799381056832266 -0.00093040286393009444 0.00042403946402148012 -0.0017693069232515989 -0.0019386316102166755 0.00011292345566834559 -7.6247585576378122e-05 -0.0012474571874819288 -0.00078711253154516788 -0.0001827985403861913 -0.00073088592911301885 7.3156084402303549e-05 -0.00033258016026944644 0.00031876975594537249
leaf_weight=277 544 712 112 510 341 96 170 27 28 124 21 45 22 53 202 79 24 23 85 32 428 175 69
leaf_count=277 544 712 112 510 341 96 170 27 28 124 21 45 22 53 202 79 24 23 85 32 428 175 69
internal_value=0.0012372 0.00306595 0.00172515 0.000136261 0.00153349 0.000153061 -0.00060166 -0.00189103 -0.00681818 -0.000836576 -0.00289474 -0.000530601 -0.000645161 -0.00143029 7.74338e-05 -0.00162162 -0.00462963 0.000111111 -0.00478261 -0.0101786 -0.000763689 -0.0025188 -0.00176229
internal_weight=4199 1567 855 2632 851 578 482 312 55 257 133 1781 1736 832 904 360 135 225 138 56 694 266 244
internal_count=4199 1567 855 2632 851 578 482 312 55 257 133 1781 1736 832 904 360 135 225 138 56 694 266 244
cat_boundaries=0 1 2 3 4
cat_threshold=148 128 74 73
is_linear=0
shrinkage=0.05


Tree=71
num_leaves=24
num_cat=5
split_feature=0 5 0 7 0 7 17 3 5 2 5 9 9 5 11 11 15 0 1 2 3 2 2
split_gain=3.52615 1.17372 1.47729 0.935355 0.584703 0.578071 0.447539 0.473853 0.38781 0.349801 0.333791 0.326845 0.825453 0.572112 0.538936 0.839549 0.833333 0.468587 0.72759 0.463897 0.433083 0.424717 0.493965
threshold=0 1.0392119347815225 1 2.5000000000000004 2 2.5000000000000004 74.884166666666673 1.0000000180025095e-35 0.79561763026696497 2026.5000000000002 0.9444895548775013 9586.3725881875816 10564.558614418995 0.87316366926095168 0.079793405386055741 0.18141855401228604 53.223471724376004 3 4 2035.5000000000002 1.0000000180025095e-35 2037.5000000000002 2036.5000000000002
decision_type=1 2 1 2 1 2 2 2 2 2 2 2 2 2 2 2 2 1 1 2 2 2 2
left_child=1 2 -1 8 6 9 -5 10 -2 -4 -8 14 -13 -14 -10 16 -16 18 -17 -19 21 22 -15
right_child=3 -3 5 4 -6 -7 7 -9 11 -11 -12 12 13 20 15 17 -18 19 -20 -21 -22 -23 -24
leaf_value=0.077522960553570275 0.00023419427054801432 0.010187957052383026 -0.0016893225442483678 0.0008696686277889676 0.0039218445345597626 0.0061488901304171109 -0.00016784286442990881 0.00087244923872455853 0.00022138062107723659 7.8502538745045938e-06 -0.0020571282605047246 -0.0014724597396782715 -0.00037950741144718878 -0.00045222321894945776 -0.00056744998265450912 -0.001993097082063871 -0.0025132184405266254 0.00043703008170390117 -7.2280973003077204e-05 -0.00044309889888287634 0.00039862443806719871 0.00059128870097431736 -0.0011196221575922947
leaf_weight=277 505 712 28 105 243 96 24 24 439 454 28 36 67 281 40 25 20 297 87 160 152 69 30
leaf_count=277 505 712 28 105 243 96 24 24 439 454 28 36 67 281 40 25 20 297 87 160 152 69 30
internal_value=0.00126101 0.00312936 0.00190058 0.000136261 0.00228774 0.000408163 2.61782e-05 -0.00289474 -0.000276268 -0.000290456 -0.00557692 -0.000637111 -0.00153543 -0.00109349 -0.000102996 -0.00104134 -0.00666667 -0.000448154 -0.00319672 0.000289079 -0.000545113 -0.00144737 -0.00223473
internal_weight=4199 1567 855 2632 424 578 181 76 2208 482 52 1703 635 599 1068 629 60 569 112 457 532 380 311
internal_count=4199 1567 855 2632 424 578 181 76 2208 482 52 1703 635 599 1068 629 60 569 112 457 532 380 311
cat_boundaries=0 1 2 3 4 5
cat_threshold=148 128 33 1 4
is_linear=0
shrinkage=0.05


Tree=72
num_leaves=24
num_cat=4
split_feature=0 5 0 7 7 0 14 14 9 9 17 37 15 5 5 5 5 15 5 5 1 9 9
split_gain=3.49646 1.1145 1.47729 0.851295 0.578071 0.525238 0.686554 0.4416 0.460624 0.928371 0.49 0.425772 0.411117 0.396293 0.650373 0.568421 0.391837 0.419274 0.378554 0.662067 1.17452 0.364386 0.378698
threshold=0 1.0392119347815225 1 2.5000000000000004 2.5000000000000004 2 11568.323244218222 182142.37600752045 9700.6359383483159 10694.82362200683 73.879583333333343 2.5000000000000004 177.50567166169486 0.79561763026696497 0.87316366926095168 0.8306467510427672 0.69157279007383188 111.01712969813434 0.86607280868335701 0.91683600554281697 3 8257.9167096019974 7262.3728707664641
decision_type=1 2 1 2 2 1 2 2 2 2 2 2 2 2 2 2 2 2 2 2 1 2 2
left_child=1 2 -1 7 -4 6 -5 8 11 10 -10 18 13 16 15 -15 17 -11 -2 20 -20 22 -21
right_child=3 -3 4 5 -6 -7 -8 -9 9 12 -12 -13 -14 14 -16 -17 -18 -19 19 21 -22 -23 -24
leaf_value=0.073646812525891753 0.00027589397647791836 0.0096785591997638736 -6.7294157802382608e-05 -0.00059775627612222704 0.0058414456238962513 0.0037257523078317728 0.00024741314181580751 0.00056258577596078455 -0.00015748639696708494 0.00034509219933851089 -0.0031574122716136813 -0.00095410458184598057 -0.00077829740428176416 -6.9916289030059976e-05 -0.00015565211197540721 -0.00060862044373845682 0.0016022758693536171 -0.0014049674955640202 -0.0020668604188146512 4.9875764182263726e-05 0.00030304072598670529 0.0018665549202395678 -0.00029097398724218338
leaf_weight=277 417 712 482 23 96 243 158 56 20 63 25 21 30 30 478 27 70 35 42 767 49 37 41
leaf_count=277 417 712 482 23 96 243 158 56 20 63 25 21 30 30 478 27 70 35 42 767 49 37 41
internal_value=0.0012372 0.00309765 0.00190058 0.000117336 0.000408163 0.00216981 2.61782e-05 -0.000276268 -0.000390334 -0.00136247 -0.00833333 0.000160117 -0.000934515 -0.0006899 -0.00135514 -0.00640351 0.00142857 -0.000612245 0.000269771 -0.000288461 -0.00434066 0.000147929 -7.42572e-05
internal_weight=4199 1567 855 2632 578 424 181 2208 2152 778 45 1374 733 703 535 57 168 98 1353 936 91 845 808
internal_count=4199 1567 855 2632 578 424 181 2208 2152 778 45 1374 733 703 535 57 168 98 1353 936 91 845 808
cat_boundaries=0 1 2 3 4
cat_threshold=148 128 33 2
is_linear=0
shrinkage=0.05


Tree=73
num_leaves=24
num_cat=6
split_feature=0 0 7 7 14 0 14 9 37 15 15 14 1 9 0 14 14 3 4 9 14 4 0
split_gain=3.23355 1.05818 0.835606 0.551877 0.437049 0.390809 0.401664 0.383642 0.431257 0.34289 0.965005 0.317374 0.314397 0.434409 0.330033 0.436298 0.486592 0.431501 0.525536 0.879487 0.342625 0.327965 0.31739
threshold=0 1 2.5000000000000004 1.0000000180025095e-35 182142.37600752045 2 11568.323244218222 7262.3728707664641 2.5000000000000004 123.43901836151963 132.58468279405687 90291.631936412246 3 1282.1821382885942 4 56028.964613200696 75092.999018653514 1.0000000180025095e-35 1.0000000180025095e-35 994.3836610211581 32768.411137658324 1.0000000180025095e-35 5
decision_type=1 1 2 2 2 1 2 2 2 2 2 2 1 2 1 2 2 2 2 2 2 2 1
left_child=1 -1 4 9 7 6 -4 8 12 11 -11 -3 14 21 15 20 -17 -16 19 -19 -2 22 -14
right_child=2 3 5 -5 -6 -7 -8 -9 -10 10 -12 -13 13 -15 17 16 -18 18 -20 -21 -22 -23 -24
leaf_value=0.095043000023324636 0.00037316427421923575 9.4431994571690932e-05 -0.00056786846231611499 0.003415178568500596 0.00053445648716274449 0.0035394646924401837 0.00023504248472501976 -0.00017536766122967288 -0.00090639935275368196 -0.002737090854577481 5.3311593454351184e-05 0.0025492676318840278 -0.00041347853064090893 0.00081730574705742758 -0.00011522855765434457 -0.0017282744904679366 0.001857914931269653 -0.0011457582104382718 4.1070816191237444e-05 -0.003003330077725159 0.002972449020162552 0.00030385977849347158 6.8367319514659472e-05
leaf_weight=507 72 384 23 497 56 243 158 902 21 22 75 82 112 257 246 35 43 30 33 26 73 113 189
leaf_count=507 72 384 23 497 56 243 158 902 21 22 75 82 112 257 246 35 43 30 33 26 73 113 189
internal_value=0.00121338 0.00300254 0.000136261 0.00205607 -0.000253623 0.00216981 0.000287958 -0.0003671 0.0002 0.00100355 -0.00170103 0.00156652 0.0003214 0.00105067 -0.000555555 0.000922747 -0.00205128 -0.00152174 -0.00455056 -0.0075 0.00258621 4.83094e-05 -0.000813953
internal_weight=4199 1567 2632 1060 2208 424 181 2152 1250 563 97 466 1229 671 558 223 78 335 89 56 145 414 301
internal_count=4199 1567 2632 1060 2208 424 181 2152 1250 563 97 466 1229 671 558 223 78 335 89 56 145 414 301
cat_boundaries=0 1 2 3 4 5 6
cat_threshold=148 128 33 2 72 9
is_linear=0
shrinkage=0.05


Tree=74
num_leaves=24
num_cat=3
split_feature=0 7 0 0 5 7 5 15 15 5 14 14 9 5 5 15 9 15 11 9 36 2 15
split_gain=3.24905 1.26515 0.567472 0.528326 1.12647 0.542388 0.572713 0.474134 0.696239 0.8 0.401664 0.335413 0.35838 0.344283 1.69389 0.494743 0.455087 0.323901 0.322488 0.336593 0.564698 0.468318 0.858307
threshold=0 2.5000000000000004 1 2 1.1849080813926278 1.5000000000000002 0.80864045418109476 109.53236647371311 135.4327625519401 0.93566252435764941 11568.323244218222 182142.37600752045 80883.722244742137 1.4217699221021534 1.4590833241574643 25.656833035084436 20329.79595575637 102.18136541171667 1.0584402953290251 1.0000000180025095e-35 0.022868551674196221 2028.5000000000002 69.413822433204857
decision_type=1 2 1 1 2 2 2 2 2 2 2 2 2 2 2 2 2 2 2 2 2 2 2
left_child=-1 3 10 4 5 7 -7 17 9 -9 -3 12 13 -5 -15 -16 -17 18 19 -2 21 22 -21
right_child=1 2 -4 11 -6 6 -8 8 -10 -11 -12 -13 -14 14 15 16 -18 -19 -20 20 -22 -23 -24
leaf_value=0.090290850022158406 -0.00067332494311672468 -0.00053947503920030715 0.0044823137922703734 -4.5175985581799977e-05 0.0055777483881512234 -0.00013214802711333131 0.004215731870298842 -0.0021635805053240535 1.6218154943309e-05 -0.00010010015839130222 0.00022329036048876691 0.00050773366193468037 -0.00027466700356365727 -0.0022191576074086132 -0.0022476947944435159 0.00092936606450093871 -0.00017223100194257426 0.0022452494229891332 0.0012950866284326666 0.00045879830127877976 -0.0018853715700319887 0.00041156346355830691 -0.0028664967489787276
leaf_weight=507 108 23 422 1605 337 64 122 36 102 45 158 46 21 22 21 56 21 34 47 58 38 284 22
leaf_count=507 108 23 422 1605 337 64 122 36 102 45 158 46 21 22 21 56 21 34 47 58 38 284 22
internal_value=0.00118957 0.000664506 0.00276119 0.000257365 0.00102142 0.00015625 0.00258065 -0.000426356 -0.00265027 -0.00611111 0.000287958 -0.000299667 -0.000412371 -0.000333333 -0.00291667 -0.000102041 0.00175325 0.000262268 -2.69298e-05 -0.000392157 0.000273632 0.000879121 -0.0025
internal_weight=4199 3692 603 3089 1297 960 186 774 183 81 181 1792 1746 1725 120 98 77 591 557 510 402 364 80
internal_count=4199 3692 603 3089 1297 960 186 774 183 81 181 1792 1746 1725 120 98 77 591 557 510 402 364 80
cat_boundaries=0 1 2 3
cat_threshold=128 33 28
is_linear=0
shrinkage=0.05


Tree=75
num_leaves=24
num_cat=3
split_feature=0 7 0 0 14 14 14 14 17 9 17 10 2 17 7 14 16 14 14 2 2 2 14
split_gain=3.31234 1.21459 0.529503 0.468967 0.401664 0.378697 0.44342 0.623421 0.602694 0.457668 1.3224 0.514603 0.481115 0.363644 0.341962 0.542677 0.334064 0.326297 0.658034 0.994084 0.522268 0.318924 0.8896
threshold=0 2.5000000000000004 1 2 11568.323244218222 7070.3627258293573 36433.74504910368 95190.301059474572 74.884166666666673 5242.8019977711238 73.879583333333343 1.5000000000000002 2037.5000000000002 74.884166666666673 1.5000000000000002 19750.088561872057 3.485125 111586.04772904881 137152.44201188805 2031.5000000000002 2028.5000000000002 2026.5000000000002 68481.894462698969
decision_type=1 2 1 1 2 2 2 2 2 2 2 2 2 2 2 2 2 2 2 2 2 2 2
left_child=-1 3 4 14 -3 -5 8 21 9 11 -11 -7 -13 -6 17 -16 -9 -2 19 -19 -20 22 -8
right_child=1 2 -4 5 13 6 7 16 -10 10 -12 12 -14 -15 15 -17 -18 18 20 -21 -22 -23 -24
leaf_value=0.085776307521050491 0.0003825381147414444 -0.00051250128724029378 0.0042581981026568547 -0.00051781652138398475 0.0012141060968974176 0.00105337334024132 0.0011992928750926195 0.00016145389389271174 0.00097872375842855621 8.0855957659748523e-05 -0.0011009286851735155 0.00025920162901130797 -0.0030156496401790886 -0.00063923032081831361 -0.00071324375328701947 0.0033120860174321136 -0.00020361696460677791 0.0019643508045888818 -0.0011227687376648432 -0.0012470851669743031 0.0016389784637426492 -0.00027784102855349369 -0.0027638550893527149
leaf_weight=507 817 23 422 81 89 124 21 447 139 65 21 101 30 69 38 213 100 35 31 55 108 631 32
leaf_count=507 817 23 422 81 89 124 21 447 139 65 21 101 30 69 38 213 100 35 31 55 108 631 32
internal_value=0.00115385 0.000623987 0.00267828 0.000224992 0.000287958 -0.000299667 -0.000143191 -0.000645816 0.00114583 1.46629e-05 -0.00313953 0.00107843 -0.00110687 0.00120253 0.000944912 0.00260956 0.000612432 0.000554493 -0.00111354 -0.00444444 0.00104317 -0.00165205 -0.00537736
internal_weight=4199 3692 603 3089 181 1792 1711 1231 480 341 86 255 131 158 1297 251 547 1046 229 90 139 684 53
internal_count=4199 3692 603 3089 181 1792 1711 1231 480 341 86 255 131 158 1297 251 547 1046 229 90 139 684 53
cat_boundaries=0 1 2 3
cat_threshold=128 33 28
is_linear=0
shrinkage=0.05


Tree=76
num_leaves=24
num_cat=4
split_feature=0 7 0 14 5 0 5 14 14 2 14 14 1 5 5 14 5 5 14 5 5 15 7
split_gain=3.26845 1.28659 0.946369 0.506754 0.842977 0.458493 0.69028 0.52332 0.329739 0.378908 0.654029 0.355794 0.291358 0.41139 0.907726 0.377528 0.572727 0.49 0.430839 0.619918 0.823443 0.344914 0.556281
threshold=0 1.5000000000000002 1 11169.636392033348 1.0062036727854309 2 1.0658108544522935 115902.79610647478 84505.910569295273 2035.5000000000002 56028.964613200696 23776.626830658763 3 0.90242540787670034 0.87316366926095168 110572.56830359406 0.60620533040346569 0.75992680472410246 48310.708068592714 0.60124670721575979 0.71283530371631154 40.878179986288366 1.0000000180025095e-35
decision_type=1 2 1 2 2 1 2 2 2 2 2 2 1 2 2 2 2 2 2 2 2 2 2
left_child=-1 5 -3 4 -4 6 7 8 9 10 11 -2 13 14 15 18 -17 -18 19 -7 -21 -15 -23
right_child=1 2 3 -5 -6 12 -8 -9 -10 -11 -12 -13 -14 21 -16 16 17 -19 -20 20 -22 22 -24
leaf_value=0.081487492144997967 -0.00079253638076339124 0.0035130336776002416 0.00041262445845108758 7.6894104552654606e-05 -0.0015288785167717127 0.00038766626957920797 0.0073678791170784979 -0.00044788947035033017 0.0021686659894527486 0.00083134431101684338 -0.001153914886747916 0.00028177510276605039 1.8557515786381577e-05 0.00035976262180644928 -0.0017937589867194797 -0.0045335442631946844 0.002848553778734806 -0.00037536702778014411 0.00026372905468809458 -0.0020115930318293077 -4.4388083251922401e-05 -0.0003824213665643677 0.00057010915814274799
leaf_weight=507 36 694 26 456 20 21 142 38 39 41 20 37 1288 186 37 21 25 20 107 31 58 269 80
leaf_count=507 36 694 26 456 20 21 142 38 39 41 20 37 1288 186 37 21 25 20 107 31 58 269 80
internal_value=0.0010824 0.000556456 0.00190635 0.000214844 -0.00478261 -8.81408e-05 0.00155647 -0.00021327 0.000953757 -0.00022388 -0.00198925 0.00020548 -0.000364607 -0.00108187 -0.0025 -0.0015371 -0.00484848 -0.00166667 -0.000529954 -0.00272727 -0.00455056 -0.000233645 -0.00116046
internal_weight=4199 3692 1196 502 46 2496 353 211 173 134 93 73 2143 855 320 283 66 45 217 110 89 535 349
internal_count=4199 3692 1196 502 46 2496 353 211 173 134 93 73 2143 855 320 283 66 45 217 110 89 535 349
cat_boundaries=0 1 2 3 4
cat_threshold=128 92 16 2
is_linear=0
shrinkage=0.05


Tree=77
num_leaves=24
num_cat=6
split_feature=0 7 0 14 5 5 5 0 15 1 15 16 15 5 5 7 14 14 15 15 14 0 1
split_gain=3.05815 1.07989 0.874265 0.486773 0.842977 0.432249 0.424345 1.04437 0.450825 1.18254 0.895626 0.766373 0.575728 0.334621 0.332999 0.707071 0.282314 0.776726 1.02391 0.458126 0.342195 0.323972 0.702232
threshold=0 1.5000000000000002 1 11169.636392033348 1.0062036727854309 0.52541672543949758 1.1849080813926278 2 65.386347066319146 3 48.890295924035421 3.485125 24.371585625584189 1.294853711309133 0.64827296193767847 2.5000000000000004 61929.621073215065 70699.343738724943 82.182338216230434 62.611445923663403 48310.708068592714 4 5
decision_type=1 2 1 2 2 2 2 1 2 1 2 2 2 2 2 2 2 2 2 2 2 1 1
left_child=5 6 14 4 -4 -1 16 13 9 10 -9 -10 -11 -8 15 -3 20 18 19 -18 21 -2 -23
right_child=1 2 3 -5 -6 -7 7 8 11 12 -12 -13 -14 -15 -16 -17 17 -19 -20 -21 -22 22 -24
leaf_value=-0.0010908464596129451 0.00022018325731973793 -0.0030164511407493599 0.00039199323552853069 7.3049399325019921e-05 -0.0014524345909331252 0.10259711646999779 0.0011150325580380645 -0.00014378151682854705 0.00052279912086164459 -0.0015863759318782264 -0.0011930346682281928 -0.00038121828357336749 0.00030920138985712396 0.002259532001755063 0.0037945610220303295 0.0036709274011940945 -0.00090069904627742897 -5.3391867971108742e-05 -0.001608566522231996 0.00020242112835829116 0.00014802559289786287 -0.00085867835820954545 0.00011824366834483491
leaf_weight=20 414 33 26 456 20 487 150 33 109 26 20 25 83 216 631 30 25 806 35 43 162 142 207
leaf_count=20 414 33 26 456 20 487 150 33 109 26 20 25 83 216 631 30 25 806 35 43 162 142 207
internal_value=0.00101096 0.000502431 0.00173913 0.000117188 -0.00478261 0.00461315 -8.81408e-05 0.000996979 -0.00120915 -0.00302469 -0.00915094 0.000895523 -4.58714e-05 0.00273936 0.00286932 -0.000555555 -0.000479825 -0.00110561 -0.00519417 -0.00161765 0.000135135 -0.000307995 -0.00140669
internal_weight=4199 3692 1196 502 46 507 2496 662 296 162 53 134 109 366 694 63 1834 909 103 68 925 763 349
internal_count=4199 3692 1196 502 46 507 2496 662 296 162 53 134 109 366 694 63 1834 909 103 68 925 763 349
cat_boundaries=0 1 2 3 4 5 6
cat_threshold=128 92 30 1 89 2
is_linear=0
shrinkage=0.05


Tree=78
num_leaves=24
num_cat=3
split_feature=0 7 0 19 0 5 2 5 5 2 14 14 9 17 6 8 14 15 14 9 5 9 5
split_gain=3.03785 0.985291 0.760688 0.484432 0.47699 0.74849 0.625626 0.443192 0.432249 0.325153 0.594353 0.460711 0.340409 0.499334 1.0893 0.445788 0.311428 0.983004 0.533333 0.285149 0.278156 1.13511 0.574965
threshold=0 1.5000000000000002 1 1.0000000180025095e-35 2 0.99972858438040657 2027.5000000000002 0.80864045418109476 0.52541672543949758 2033.5000000000002 11169.636392033348 33136.586579554067 1892.6379365957689 74.884166666666673 1.0000000180025095e-35 1.0000000180025095e-35 107755.81798655073 80.806032560209616 23020.48650124203 36863.600766383563 0.46620033734366129 3923.3204996074787 0.55782275054609032
decision_type=1 2 1 2 1 2 2 2 2 2 2 2 2 2 2 2 2 2 2 2 2 2 2
left_child=8 3 7 -2 5 6 -5 16 -1 10 -4 -12 15 -14 -15 -13 17 18 -3 -8 21 -6 -22
right_child=1 2 9 4 20 -7 19 -9 -10 -11 11 12 13 14 -16 -17 -18 -19 -20 -21 22 -23 -24
leaf_value=-0.0010363041366322899 0.00017255647578270987 -0.0038832784542190482 -0.0011248411355729317 -0.0013790842853673982 0.00047017914129404031 0.0048047529292405359 0.00038211517655340247 0.0069260965083056993 0.097467260646497897 0.00066284458269469024 0.00089925664925139231 -0.00060420928044142646 0.00011750183231848307 0.00077394850392478905 -0.0018596337615934073 0.0014166485838587725 0.0037362983166924 -0.0017441915909382315 0.0029658281180309164 -0.00028652502100717315 0.00093230127812149563 -0.0016191549056337848 -7.7612656207995116e-05
leaf_weight=20 312 21 34 27 25 167 101 396 487 320 74 30 86 41 32 59 30 24 49 20 46 23 1775
leaf_count=20 312 21 34 27 25 167 101 396 487 320 74 30 86 41 32 59 30 24 49 20 46 23 1775
internal_value=0.00102286 0.000515938 0.00169732 -4.80767e-05 -0.000311355 0.00146154 -0.00108108 0.00311321 0.00461315 0.000553936 -0.000477528 0.000186336 -0.000846774 -0.0022327 -0.00527397 0.00162921 0.000564516 -0.000851064 0.00214286 0.000454546 -0.000614688 -0.004375 -0.000518945
internal_weight=4199 3692 1196 2496 2184 315 148 520 507 676 356 322 248 159 73 89 124 94 70 121 1869 48 1821
internal_count=4199 3692 1196 2496 2184 315 148 520 507 676 356 322 248 159 73 89 124 94 70 121 1869 48 1821
cat_boundaries=0 1 2 3
cat_threshold=128 28 16
is_linear=0
shrinkage=0.05


Tree=79
num_leaves=24
num_cat=4
split_feature=0 7 5 0 0 5 15 5 7 37 16 15 15 9 5 0 9 15 4 15 5 15 8
split_gain=2.91576 0.892878 0.583826 0.567829 0.415871 2.46804 0.504275 1.10711 0.507072 0.380291 0.349515 0.412801 0.438242 0.544444 0.341037 0.288051 0.475354 0.593939 0.408478 0.648688 1.1757 0.971378 0.639474
threshold=0 2.5000000000000004 0.54654052051512081 1 2 1.0687437210359148 36.108001881607926 0.59363815052548841 1.5000000000000002 2.5000000000000004 1.4758333333333338 142.59807230312961 29.444619765755768 1892.6379365957689 0.8306467510427672 3 59042.392820585526 167.40759357872378 1.0000000180025095e-35 100.09646157997106 1.4070340389700129 26.740512684119718 1.0000000180025095e-35
decision_type=1 2 2 1 1 2 2 2 2 2 2 2 2 2 2 1 2 2 2 2 2 2 2
left_child=2 4 -1 10 5 6 -2 -8 -9 14 -3 12 13 -12 -6 -16 18 -18 19 20 21 -17 -23
right_child=1 3 -4 -5 9 -7 7 8 -10 -11 11 -13 -14 -15 15 16 17 -19 -20 -21 -22 22 -24
leaf_value=-0.0016192744510451823 0.00010331325539879252 0.001144916718516436 0.098578013133426026 0.0067761138917423278 0.00016418363120284144 0.0072349092488347257 -0.00193882477954841 -0.0001316706061866359 0.0016568095682535377 -0.00071609451337649411 0.00028024687654264218 -0.00098066805402827672 0.0007665871857857686 -0.0021336965217720618 5.1107419811280932e-06 0.00048844436988557441 -0.0020108712681847041 0.00011612607751891001 0.00010723147028388885 0.00027681664633935903 -0.0021218513861254152 -0.00092747550256841937 -0.0025174401225925257
leaf_weight=26 169 108 481 269 584 356 40 250 66 21 40 27 127 32 957 97 24 20 186 120 28 135 36
leaf_count=26 169 108 481 269 584 356 40 250 66 21 40 27 127 32 957 97 24 20 186 120 28 135 36
internal_value=0.000999048 0.000502431 0.00451644 0.00226368 0.000160246 0.00107183 -0.00109524 -0.00216292 -0.00117089 -0.000207394 0.000784884 -0.000309734 0.000477387 -0.00263889 -0.000144033 -0.000520898 -0.00132622 -0.00636364 -0.000980066 -0.00185096 -0.00310811 -0.00208955 -0.00435672
internal_weight=4199 3692 507 603 3089 881 525 356 316 2208 334 226 199 72 2187 1603 646 44 602 416 296 268 171
internal_count=4199 3692 507 603 3089 881 525 356 316 2208 334 226 199 72 2187 1603 646 44 602 416 296 268 171
cat_boundaries=0 1 2 3 4
cat_threshold=128 99 20 73
is_linear=0
shrinkage=0.05


Tree=80
num_leaves=24
num_cat=2
split_feature=0 0 5 5 6 36 15 5 5 5 9 3 16 5 5 14 2 15 14 15 9 4 5
split_gain=2.77828 0.623541 1.10228 0.583826 0.555969 0.458843 0.343334 0.388279 0.363404 0.414743 0.36174 0.57229 0.876538 0.480681 0.478983 0.367647 0.360396 1.0083 0.551802 0.466596 0.505919 0.811143 0.479526
threshold=0 1 1.1849080813926278 0.54654052051512081 1.0000000180025095e-35 4.31687545254126 69.413822433204857 0.56444565938134728 0.55782275054609032 1.0092673125895086 4608.467562240955 1.0000000180025095e-35 1.756416666666667 0.75151658956402845 0.79561763026696497 28933.703654352354 2028.5000000000002 88.555641519900107 142937.22037942099 77.527656457376409 7371.5773109965767 1.0000000180025095e-35 0.81700912784608037
decision_type=1 1 2 2 2 2 2 2 2 2 2 2 2 2 2 2 2 2 2 2 2 2 2
left_child=3 2 4 -1 6 -3 8 -8 -2 10 11 12 15 -13 -14 -10 17 -9 -19 -18 -21 22 -22
right_child=1 5 -4 -5 -6 -7 7 16 9 -11 -12 13 14 -15 -16 -17 19 18 -20 20 21 -23 -24
leaf_value=-0.001538310728492919 0.00037286272630504156 9.7178133061367697e-06 0.0056120647498419723 0.093649112476754726 0.0030338504845585381 -0.00073512705876958753 -0.0023418232608979593 -0.0023336057918733433 -0.00029130608645421447 0.0012164589001194088 0.0010597351505009498 -0.00083081378858246172 -0.0013899067161300056 0.0029906402444363966 -0.0031666170448274565 0.00086457086286515882 -0.00042836906553296811 0.0020079862766343034 -0.0025611562200385397 0.0021381574798251539 -0.0004564394816274211 -0.0007345535067009505 0.0020429829263372366
leaf_weight=26 50 2106 400 481 199 20 25 23 34 164 119 20 24 54 31 34 34 54 20 121 34 42 84
leaf_count=26 50 2106 400 481 199 20 25 23 34 164 119 20 24 54 31 34 34 54 20 121 34 42 84
internal_value=0.0010824 0.000596975 0.00135152 0.00451644 0.000583191 3.74534e-05 8.79009e-05 -0.000949657 0.000943396 0.000520834 -0.000537974 -0.00185279 -0.00394309 0.00162162 -0.00863636 -0.000147059 -0.000582524 -0.00324742 -0.000405405 0.000238095 0.000907473 -0.0009375 0.00118644
internal_weight=4199 3692 1566 507 1166 2126 967 437 530 480 316 197 123 74 55 68 412 97 74 315 281 160 118
internal_count=4199 3692 1566 507 1166 2126 967 437 530 480 316 197 123 74 55 68 412 97 74 315 281 160 118
cat_boundaries=0 1 2
cat_threshold=128 28
is_linear=0
shrinkage=0.05


Tree=81
num_leaves=24
num_cat=3
split_feature=0 5 7 0 14 5 0 3 15 15 2 2 11 3 15 5 7 2 2 14 14 5 3
split_gain=2.54739 0.857003 0.768627 0.769215 0.567177 0.509474 0.997777 0.787683 0.704191 0.744712 0.414606 0.750101 1.91314 1.55162 0.731429 0.49 0.40909 0.492175 0.407306 0.570523 0.899359 0.834803 0.743803
threshold=0 0.55782275054609032 1.5000000000000002 1 13749.0375045001 1.2758260264362959 2 1.0000000180025095e-35 65.386347066319146 40.878179986288366 2031.5000000000002 2032.5000000000002 0.11609778888688695 1.0000000180025095e-35 114.93378014844174 0.96426533895968825 2.5000000000000004 2034.5000000000002 2028.5000000000002 55469.806162322922 80922.769451986052 1.0942162355239466 1.0000000180025095e-35
decision_type=1 2 2 1 2 2 1 2 2 2 2 2 2 2 2 2 2 2 2 2 2 2 2
left_child=1 -1 5 -4 16 10 7 8 9 -7 18 12 13 14 15 -12 17 -5 19 21 22 -2 -21
right_child=2 -3 3 4 -6 6 -8 -9 -10 -11 11 -13 -14 -15 -16 -17 -18 -19 -20 20 -22 -23 -24
leaf_value=-0.0012963501345998685 0.00039455801764002799 0.089069520460734922 -3.1818361244106608e-05 -0.002252913235605964 0.0022516995813261129 -0.00071851739048371709 0.001171016413798055 0.0005643214850059138 0.00017653917765650265 -0.0010427134544686843 -0.0014072332073382897 -4.8562890251501309e-05 0.00080764533466160774 0.00073524301205257336 -0.0013489599156535975 -0.0001912434662395685 0.0052267887207075939 0.0013349081107675656 0.00041231552718027048 -0.00061533473394470095 -0.00010387286770268891 -0.00058677353599988072 -0.0028191732686809667
leaf_weight=27 150 480 341 24 781 37 284 33 54 23 25 1084 47 23 25 20 27 23 412 52 158 49 20
leaf_count=27 150 480 341 24 781 37 284 33 54 23 25 1084 47 23 25 20 27 23 412 52 158 49 20
internal_value=0.00103477 0.00432302 0.000569962 0.00161371 0.00239884 7.21156e-05 0.00163573 -0.0016879 -0.00377193 -0.0075 -0.000254237 -0.000841503 -0.00428571 -0.00844086 -0.0121429 -0.00833333 -0.00175676 -0.00457447 0.000600476 -0.000477855 -0.00217391 0.00148241 -0.00680556
internal_weight=4199 507 3692 1196 855 2496 431 147 114 60 2065 1224 140 93 70 45 74 47 841 429 230 199 72
internal_count=4199 507 3692 1196 855 2496 431 147 114 60 2065 1224 140 93 70 45 74 47 841 429 230 199 72
cat_boundaries=0 1 2 3
cat_threshold=128 33 96
is_linear=0
shrinkage=0.05


Tree=82
num_leaves=24
num_cat=0
split_feature=7 5 9 5 15 8 19 5 2 2 14 14 7 5 14 2 5 14 8 17 7 2 14
split_gain=0.742347 0.545674 0.444764 0.596944 0.494674 0.468931 0.389882 0.592516 0.494952 0.857769 0.402381 0.289197 0.301077 0.41422 0.327047 0.301769 0.300251 0.368318 0.524764 1.03245 0.404461 0.318856 0.293301
threshold=2.5000000000000004 0.69157279007383188 4037.04472413953 0.55782275054609032 25.656833035084436 1.0000000180025095e-35 1.0000000180025095e-35 0.46620033734366129 2031.5000000000002 2037.5000000000002 94359.528291849405 2259.3593459485278 1.0000000180025095e-35 1.294853711309133 176195.42051675078 2031.5000000000002 0.91917282543764645 30893.119705021531 1.0000000180025095e-35 73.879583333333343 1.5000000000000002 2028.5000000000002 52859.402025917014
decision_type=2 2 2 2 2 2 2 2 2 2 2 2 2 2 2 2 2 2 2 2 2 2 2
left_child=1 2 3 -1 -5 6 -4 -8 -9 10 -10 -3 13 -13 16 -16 17 -14 21 -20 -21 -19 -23
right_child=-2 11 5 4 -6 -7 7 8 9 -11 -12 12 14 -15 15 -17 -18 18 19 20 -22 22 -24
leaf_value=0.00043676064906317036 0.001752695672428823 -0.0010503152470913975 0.0011896954681288483 -0.0004944190195682902 7.1466591915712242e-05 0.00045937662326264852 -0.001823604217230314 0.00011239322947341983 -0.0019401687429996034 0.00010229365795714785 -0.0043260223667231932 2.4853419644103681e-05 0.0012795589602912633 0.00058676326953497379 -0.00067592602425577055 0.0015697186152629475 0.0011829940744660433 -0.00033881671950669666 0.00052229564902920894 -0.001745233309603772 -0.00090228882110850075 -0.00010555475574480674 0.0023434146365994362
leaf_weight=102 697 35 30 34 95 49 32 49 28 28 20 1517 85 338 21 26 801 23 41 22 32 20 74
leaf_count=102 697 35 30 34 95 49 32 49 28 28 20 1517 85 338 21 26 801 23 41 22 32 20 74
internal_value=0.000999048 0.000702456 -0.000888651 0.000670996 -0.00158915 -0.00241525 -0.00355615 -0.00455414 -0.003 -0.00552632 -0.00958333 0.000947282 0.001 0.000606469 0.00163755 -0.00244681 0.00181239 0.000454546 -0.000660377 -0.00342105 -0.00796296 0.0015812 0.00287234
internal_weight=4199 3502 467 231 129 236 187 157 125 76 48 3035 3000 1855 1145 47 1098 297 212 95 54 117 94
internal_count=4199 3502 467 231 129 236 187 157 125 76 48 3035 3000 1855 1145 47 1098 297 212 95 54 117 94
is_linear=0
shrinkage=0.05


Tree=83
num_leaves=24
num_cat=3
split_feature=0 5 0 5 0 5 2 5 15 2 5 2 16 5 14 36 36 14 14 15 14 4 5
split_gain=2.62228 0.857003 0.763073 0.768762 0.859044 0.512178 0.457245 0.876185 0.625787 1.17145 0.489554 0.47619 0.614959 0.445646 0.407797 0.368304 0.559175 0.32483 0.31931 0.678733 0.50866 0.421502 0.686858
threshold=0 0.55782275054609032 1 0.99972858438040657 2 0.98854811158597589 2032.5000000000002 1.0776903129539595 28.947338587900965 2030.5000000000002 1.2553521696088608 2028.5000000000002 1.756416666666667 1.0794653556291733 13749.0375045001 2.202027035093709 0.016660648312811523 63649.747117273306 182142.37600752045 161.22796538236682 100951.93210146495 1.0000000180025095e-35 1.3246791633457937
decision_type=1 2 1 2 1 2 2 2 2 2 2 2 2 2 2 2 2 2 2 2 2 2 2
left_child=1 -1 3 5 13 -2 7 -6 -9 11 -11 12 -10 -5 -8 16 18 -16 19 20 21 22 -4
right_child=2 -3 15 4 6 -7 14 8 9 10 -12 -13 -14 -15 17 -17 -18 -19 -20 -21 -22 -23 -24
leaf_value=-0.0012684293552457909 5.9325929924536177e-05 0.084631166935956542 -0.00017941116265628545 3.7351980691281203e-05 0.0025552124587987072 -0.00064372038850922346 -0.0022063649393959201 0.0033881898552694011 -0.0033504816069808915 -0.002010331005397581 -0.00091064966789642569 0.0010056796056466444 0.0041836413630410496 0.0081251138239408962 0.0023240245044981031 -0.0009512186170145113 0.00053078581746169597 0.0010562668831940378 0.00041296326059002799 -0.00038953660962426801 0.00013123108537594152 3.2503152346216639e-05 -0.00090616415669737349
leaf_weight=27 1008 480 586 120 50 38 29 54 46 21 23 35 24 421 117 27 111 137 42 54 347 314 88
leaf_count=27 1008 480 586 120 50 38 29 54 46 21 23 35 24 421 117 27 111 137 42 54 347 314 88
internal_value=0.00098714 0.00432302 0.000515938 0.00113221 0.00207521 0.000172084 0.000604396 -0.000928854 -0.00238916 -0.0040604 -0.0109091 -0.00119048 -0.00357143 0.00345735 0.00199647 -0.000319822 -0.000220493 0.0026378 -0.000485674 -0.000615551 -0.000393258 -0.00097166 -0.00167656
internal_weight=4199 507 3692 2123 1077 1046 536 253 203 149 44 105 70 541 283 1569 1542 254 1431 1389 1335 988 674
internal_count=4199 507 3692 2123 1077 1046 536 253 203 149 44 105 70 541 283 1569 1542 254 1431 1389 1335 988 674
cat_boundaries=0 1 2 3
cat_threshold=128 92 20
is_linear=0
shrinkage=0.05


Tree=84
num_leaves=24
num_cat=3
split_feature=0 5 0 7 5 14 5 1 36 36 14 9 14 15 9 5 15 4 5 15 15 5 14
split_gain=2.45392 0.837612 0.697551 0.909397 0.750686 0.382143 0.550064 0.336275 0.334265 0.524034 1.77479 0.297956 0.758465 0.515572 0.947929 0.653333 0.420096 0.573748 0.678066 0.779368 0.598248 0.583835 0.509869
threshold=0 0.55782275054609032 1 1.5000000000000002 1.304185265331794 26305.939935509199 0.70059082524422223 2 0.68906349509099496 0.022868551674196221 28076.068466946304 55592.232631112907 179480.75952593712 95.469103393965256 61642.765448338389 0.8899652155658534 94.639674848128223 1.0000000180025095e-35 1.3246791633457937 25.012291305676673 82.822949980327493 1.4368553152526682 68926.137849359249
decision_type=1 2 1 2 2 2 2 1 2 2 2 2 2 2 2 2 2 2 2 2 2 2 2
left_child=1 -1 3 4 8 6 -5 -8 9 -2 -11 16 13 -13 -15 -16 17 18 20 -20 -4 -21 -22
right_child=2 -3 11 5 -6 -7 7 -9 -10 10 -12 12 -14 14 15 -17 -18 -19 19 21 22 -23 -24
leaf_value=-0.0012050078874835096 8.1163241662603901e-06 0.080399608589158719 -9.165600854234988e-06 -0.0016443094458420773 0.0020919197410887154 0.0027989562615794543 0.0038568034515075789 -0.0001164437356059634 0.001454898907838926 0.00065211259381894827 -0.0030100670016285688 0.00058497241601387505 0.00082185281813109345 -0.0011182043774033926 -0.00033950535546386178 0.00092214714759865108 0.00013687151886721707 5.137504387622011e-05 -0.0024279628885346249 -0.00053141835982641039 -0.0022231362363088667 0.00031667673191464294 -0.00025147026074031026
leaf_weight=27 1110 480 556 20 215 572 42 60 49 34 21 27 26 22 20 30 417 324 29 29 25 27 37
leaf_count=27 1110 480 556 20 215 572 42 60 49 34 21 27 26 22 20 30 417 324 29 29 25 27 37
internal_value=0.000999048 0.00422631 0.00054295 0.00113221 0.000416375 0.00262248 8.19674e-05 0.00156863 -6.58977e-05 -0.000236051 -0.005 -0.000256491 -0.0026 -0.00459596 -0.00680556 -0.003 -5.54015e-05 -0.000598831 -0.00140114 -0.00558823 -0.000825243 -0.00214286 -0.00548387
internal_weight=4199 507 3692 2123 1429 694 122 102 1214 1165 55 1569 125 99 72 50 1444 1027 703 85 618 56 62
internal_count=4199 507 3692 2123 1429 694 122 102 1214 1165 55 1569 125 99 72 50 1444 1027 703 85 618 56 62
cat_boundaries=0 1 2 3
cat_threshold=128 92 4
is_linear=0
shrinkage=0.05


Tree=85
num_leaves=24
num_cat=2
split_feature=0 5 9 0 7 5 15 14 2 5 14 5 5 17 14 14 9 15 5 5 3 14 5
split_gain=2.31002 0.733862 0.762487 0.61062 1.02249 0.595301 0.533651 0.755616 0.777569 0.750436 0.410364 0.55022 0.639528 0.79467 0.749543 0.642036 0.489611 0.569164 0.484238 0.51994 0.550047 0.773149 0.557959
threshold=0 0.6732881902594493 7583.0735006922287 1 1.0000000180025095e-35 1.304185265331794 114.93378014844174 135965.62034304874 2031.5000000000002 1.0549782271877521 76593.118290734303 0.55782275054609032 1.0264471337233452 73.879583333333343 56028.964613200696 41184.994619061887 8976.3250866375038 78.708619821075715 0.73459936002505744 0.80201068204579806 1.0000000180025095e-35 14631.389398168936 0.95417278502810365
decision_type=1 2 2 1 2 2 2 2 2 2 2 2 2 2 2 2 2 2 2 2 2 2 2
left_child=1 2 -1 4 5 6 10 8 -8 -10 11 -2 14 -14 15 18 17 -16 -13 -20 21 -21 -23
right_child=3 -3 -4 -5 -6 -7 7 -9 9 -11 -12 12 13 -15 16 -17 -18 -19 19 20 -22 22 -24
leaf_value=0.011317762945806635 0.00037310337918341742 0.10407268479949131 -0.0036907487029846768 -1.0575046137936692e-05 0.0019446962932078754 0.0018332105882653263 0.00029488144249550582 1.6766535198677827e-05 -0.0015105689378899275 -0.00077212879485146098 0.0007330568207310653 -0.0012444251085331514 0.0031682512703144735 -0.00050863248409643499 -0.0017542991261544649 0.00086236964162155708 -0.0017044941460499551 0.00021460168537648552 0.00023229441159485455 0.00080386355728390797 0.00091269260168859835 -0.0038418808507621736 -0.00028082574824400957
leaf_weight=36 44 448 23 1569 1019 167 37 113 34 20 174 47 114 91 21 51 26 20 30 29 39 27 20
leaf_count=36 44 448 23 1569 1019 167 37 113 34 20 174 47 114 91 21 51 26 20 30 29 39 27 20
internal_value=0.00109431 0.00422631 -0.000932203 0.000651 0.00120253 0.000153986 -0.000336179 -0.00259804 -0.00598901 -0.00981481 0.000293315 -0.000366726 -0.000825243 0.00134146 -0.00225806 -0.000967078 -0.0069403 -0.00353659 -0.00229167 -0.000862069 -0.0023913 -0.00486842 -0.00882979
internal_weight=4199 507 59 3692 2123 1104 937 204 91 54 733 559 515 205 310 243 67 41 192 145 115 76 47
internal_count=4199 507 59 3692 2123 1104 937 204 91 54 733 559 515 205 310 243 67 41 192 145 115 76 47
cat_boundaries=0 1 2
cat_threshold=128 92
is_linear=0
shrinkage=0.05


Tree=86
num_leaves=24
num_cat=2
split_feature=0 5 9 0 5 7 14 15 15 15 5 14 2 5 14 14 14 9 5 5 5 2 9
split_gain=2.45392 0.733862 0.762487 0.608275 0.9808 0.981221 0.46762 0.341027 0.65295 0.342653 0.313601 0.295844 0.295094 0.291109 0.288642 0.423905 0.285419 0.273202 0.249261 0.402736 0.647928 0.433439 0.503704
threshold=0 0.6732881902594493 7583.0735006922287 1 1.187739437534997 1.5000000000000002 26305.939935509199 109.53236647371311 116.28100362387077 102.18136541171667 0.97590027831923531 108912.87074516712 2031.5000000000002 0.55782275054609032 154016.62477591509 119390.48173476249 152534.41816955732 26962.791929089337 0.54654052051512081 0.69157279007383188 0.8306467510427672 2030.5000000000002 839.52054995432422
decision_type=1 2 2 1 2 2 2 2 2 2 2 2 2 2 2 2 2 2 2 2 2 2 2
left_child=1 2 -1 4 5 7 10 9 -9 11 -7 17 16 -8 15 -14 -10 -2 -5 21 -21 22 -20
right_child=3 -3 -4 18 -6 6 13 8 12 -11 -12 -13 14 -15 -16 -17 -18 -19 19 20 -22 -23 -24
leaf_value=0.010751874798516307 4.7954953541128159e-05 0.098869050559516752 -0.0035062112678354422 0.00037101474925565895 0.0051055918606813522 -0.0022282296315129283 -0.00097184727994325561 -0.00075073292513398282 0.0013388068891553445 0.0020618063168548898 0.0057293375062624436 -0.00138146552090921 -0.00011232689288212923 0.0044309532407105978 0.0012504550704790542 -0.0019268965517215842 -0.001786777459340764 -0.00026084751055699889 -0.0015364447155408508 0.00019045879801846905 -4.5170404488591753e-05 -0.0012558162608593956 0.0013793695164999796
leaf_weight=36 499 448 23 111 391 38 20 23 42 34 25 30 27 313 26 32 34 32 20 303 1537 121 34
leaf_count=36 499 448 23 111 391 38 20 23 42 34 25 30 27 313 26 32 34 32 20 303 1537 121 34
internal_value=0.000999048 0.00422631 -0.000932203 0.00054295 0.00128807 0.000574468 0.00260101 -0.000455712 -0.00233696 0.000126051 -0.00134921 -0.00016934 -0.00121118 0.00334835 -0.00323529 -0.00516949 0.00105263 0.000103578 -9.36311e-06 -0.000136476 8.15219e-05 -0.00242857 0.0012963
internal_weight=4199 507 59 3692 1566 1175 396 779 184 595 63 561 161 333 85 59 76 531 2126 2015 1840 175 54
internal_count=4199 507 59 3692 1566 1175 396 779 184 595 63 561 161 333 85 59 76 531 2126 2015 1840 175 54
cat_boundaries=0 1 2
cat_threshold=128 28
is_linear=0
shrinkage=0.05


Tree=87
num_leaves=24
num_cat=0
split_feature=7 5 5 14 9 5 9 9 5 2 2 14 14 15 14 5 15 5 2 4 2 9 14
split_gain=0.643498 0.529194 0.46624 0.585046 0.477072 0.356182 0.319218 0.419439 0.656095 0.402299 0.315269 0.6395 0.330056 0.400141 0.618893 0.711486 0.594076 0.567273 0.652587 0.668756 0.348168 0.297924 0.288095
threshold=1.0000000180025095e-35 1.294853711309133 0.97590027831923531 13749.0375045001 24808.807014954698 0.63561259619552946 17055.444815789935 10314.443191076054 0.73459936002505744 2034.5000000000002 2026.5000000000002 35506.820326091758 174023.14629778874 114.93378014844174 95190.301059474572 0.6614825672723017 102.18136541171667 1.0294041024118206 2036.5000000000002 1.0000000180025095e-35 2027.5000000000002 5329.7217449536656 71425.9243169533
decision_type=2 2 2 2 2 2 2 2 2 2 2 2 2 2 2 2 2 2 2 2 2 2 2
left_child=1 10 4 21 6 -6 7 -2 -9 -10 11 -1 13 16 -15 -16 20 -17 19 -19 -12 -4 -13
right_child=2 -3 3 -5 5 -7 -8 8 9 -11 12 22 -14 14 15 17 -18 18 -20 -21 -22 -23 -24
leaf_value=0.0007545972921069174 0.00056945446737822884 0.00041705480023262564 2.8844643500908277e-05 0.0015283855135444337 -0.00067059771723876436 -0.00030195253453171948 0.0018850700384022085 -0.001769593834855493 -0.0011738012020990195 0.0019219686198739105 0.00021486113749602574 -0.0020300100233052358 0.00044680266689091575 -0.0016278810875827957 -0.0038836968638262465 0.0003282789076109972 0.0010366025446608257 -0.00055610408854180537 -0.0032530538439247154 0.00067375463657496108 -4.3458892677187383e-06 -0.0022836011225432543 -0.00028296716508520594
leaf_weight=42 624 342 83 993 37 150 57 25 30 28 100 24 71 20 36 150 107 55 23 32 1092 22 56
leaf_count=42 624 342 83 993 37 150 57 25 30 28 100 24 71 20 36 150 107 55 23 32 1092 22 56
internal_value=0.00102286 0.000418605 0.00165691 0.00235883 0.000846478 -0.00141711 0.00140052 0.00111033 -0.00222892 0.000689655 7.74338e-05 -0.00237705 0.000255042 0.000108359 -0.00148734 -0.000912162 0.000496536 1.86265e-10 -0.00272727 -0.000747126 0.000176175 -0.00119048 -0.005
internal_weight=4199 2150 2049 1098 951 187 764 707 83 58 1808 122 1686 1615 316 296 1299 260 110 87 1192 105 80
internal_count=4199 2150 2049 1098 951 187 764 707 83 58 1808 122 1686 1615 316 296 1299 260 110 87 1192 105 80
is_linear=0
shrinkage=0.05


Tree=88
num_leaves=24
num_cat=3
split_feature=0 5 9 5 0 7 5 5 5 14 8 5 5 2 2 5 11 9 2 0 2 2 9
split_gain=2.54736 1.4116 1.03873 0.76269 0.499327 0.713851 0.672809 0.432239 0.335656 0.290861 0.586675 0.266844 0.585537 0.371429 0.642475 0.97572 0.365714 0.328222 0.269134 0.317924 0.266353 0.338961 0.241903
threshold=0 0.80526734759815788 7583.0735006922287 0.60124670721575979 1 1.5000000000000002 1.294853711309133 0.75606233012901958 0.53101761050589735 26305.939935509199 1.0000000180025095e-35 0.69157279007383188 0.82727239353578796 2031.5000000000002 2034.5000000000002 0.63561259619552946 0.21840472572529787 5597.0251579738779 2037.5000000000002 2 2034.5000000000002 2031.5000000000002 46487.176882580658
decision_type=1 2 2 2 1 2 2 2 2 2 2 2 2 2 2 2 2 2 2 1 2 2 2
left_child=1 2 -1 -4 5 6 22 -5 -6 10 -7 13 18 16 15 -15 -10 -16 19 -13 21 -21 -2
right_child=4 -3 3 7 8 9 -8 -9 11 -11 -12 12 -14 14 17 -17 -18 -19 -20 20 -22 -23 -24
leaf_value=0.00031681754522274288 -7.0374208331676767e-05 0.0066108239033814079 -0.0022282393261478409 0.0011189564921077479 0.00046070460374777106 -0.002358751971846801 0.001587256629097721 -0.0010790391924142414 0.00040621363441941077 0.0044164590086557291 0.0048703502690300238 0.00097765196561695224 -5.8413634822430291e-05 -7.7448196328086581e-05 0.0005151686397166748 -0.0035328405843860879 -0.0014852262021617683 -0.0016990050906306724 0.0010716472559197834 -0.00019324000840628038 -0.00055915556611075591 0.0026258917072200186 0.00073733055201638704
leaf_weight=135 543 805 23 41 104 21 101 25 50 294 36 112 1548 23 37 21 20 31 57 70 24 29 49
leaf_count=135 543 805 23 41 104 21 101 25 50 294 36 112 1548 23 37 21 20 31 57 70 24 29 49
internal_value=0.000975232 0.0031232 -0.000357143 -0.00455056 0.000267296 0.0011575 0.000238095 -0.00181818 -0.000173221 0.0030057 -0.000263158 -0.000316518 -0.000135869 -0.00214286 -0.00392857 -0.00863636 0.000714286 -0.000882353 0.00191781 0.00117021 -0.000639098 0.000454546 -0.000405405
internal_weight=4199 1029 224 89 3170 1044 693 66 2126 351 57 2022 1840 182 112 44 70 68 292 235 123 99 592
internal_count=4199 1029 224 89 3170 1044 693 66 2126 351 57 2022 1840 182 112 44 70 68 292 235 123 99 592
cat_boundaries=0 1 2 3
cat_threshold=144 12 66
is_linear=0
shrinkage=0.05


Tree=89
num_leaves=24
num_cat=6
split_feature=0 7 0 16 1 2 16 0 14 14 15 14 2 6 0 11 9 3 15 0 16 14 2
split_gain=2.6965 0.704849 0.621784 0.418466 0.335382 0.393096 0.307084 0.298095 0.388822 0.620124 0.382626 0.374323 0.288426 0.438832 0.285212 0.751551 0.552282 0.381465 0.379194 0.277643 0.385939 0.284423 0.245902
threshold=0 2.5000000000000004 1 1.4758333333333338 2 2029.5000000000002 2.1729166666666671 3 182142.37600752045 176195.42051675078 177.50567166169486 117661.17119480339 2032.5000000000002 1.0000000180025095e-35 4 1.0040371749781858 1052.2011204692233 1.0000000180025095e-35 24.812388260590357 5 3.485125 152534.41816955732 2028.5000000000002
decision_type=1 2 1 2 1 2 2 1 2 2 2 2 2 2 1 2 2 2 2 1 2 2 2
left_child=-1 4 -3 -4 5 -2 -7 -6 9 10 11 -9 13 -5 15 -8 -16 18 -18 20 -13 -21 -15
right_child=1 2 3 12 7 6 14 8 -10 -11 -12 19 -14 22 16 -17 17 -19 -20 21 -22 -23 -24
leaf_value=0.046228214693853881 0.001133045601085886 0.0044820918311038694 0.00056557074361690551 0.00092415633447655906 7.3872833680413359e-05 0.0014130507432141973 0.0003381343884065867 -0.00015245263646973057 0.00038827434702168952 -0.0010087506598878836 -0.0001675190028709988 0.00067843510782770013 0.00010883340251576835 -0.0001663588800841255 0.00057042770182595139 -0.00058840350479495587 -0.0027086642932944013 0.0005487714427021103 -0.0025109278534783137 5.2713785386401315e-05 -0.00019311727017864614 -0.00060805046893154416 -0.0020905783495673864
leaf_weight=507 137 356 76 27 1083 50 100 1144 46 21 20 137 97 20 98 21 20 23 34 101 24 30 27
leaf_count=507 137 356 76 27 1083 50 100 1144 46 21 20 137 97 20 98 21 20 23 34 101 24 30 27
internal_value=0.000844249 0.000367369 0.00193201 -5.83656e-05 6.31274e-05 0.00127329 0.000375723 -0.000161166 -0.000609915 -0.000754908 -0.000631868 -0.000536212 -0.00143275 -0.00378378 -0.000236486 0.00156489 -0.00148649 -0.00474026 -0.00703704 0.00106164 0.00236842 -0.000673759 -0.00670213
internal_weight=4199 3692 603 247 3089 483 346 2606 1523 1477 1456 1436 171 74 296 121 175 77 54 292 161 131 47
internal_count=4199 3692 603 247 3089 483 346 2606 1523 1477 1456 1436 171 74 296 121 175 77 54 292 161 131 47
cat_boundaries=0 1 2 3 4 5 6
cat_threshold=128 92 4 28 19 96
is_linear=0
shrinkage=0.05


Tree=90
num_leaves=24
num_cat=1
split_feature=7 5 9 5 2 15 15 15 5 2 14 14 14 2 5 5 5 5 20 1 14 15 2
split_gain=0.741769 0.452137 0.738563 0.592903 0.445111 0.768403 1.14104 0.653069 0.444851 0.32609 0.79807 0.640169 0.51868 0.430493 0.398249 1.02557 0.381895 0.537208 0.505723 0.877268 0.728763 0.442738 0.56718
threshold=2.5000000000000004 0.69157279007383188 7583.0735006922287 0.6732881902594493 2031.5000000000002 111.01712969813434 147.82619783045143 66.903596478305033 0.55782275054609032 2028.5000000000002 55469.806162322922 70699.343738724943 2259.3593459485278 2029.5000000000002 1.0942162355239466 1.1776060574645986 1.0794653556291733 1.0549782271877521 1.0000000180025095e-35 0 52038.968929972791 26.740512684119718 2037.5000000000002
decision_type=2 2 2 2 2 2 2 2 2 2 2 2 2 2 2 2 2 2 2 1 2 2 2
left_child=1 2 3 -1 8 7 -7 -6 -4 10 14 -12 -11 -14 -3 -16 17 18 19 20 -15 -19 -23
right_child=-2 9 4 -5 5 6 -8 -9 -10 12 11 -13 13 16 15 -17 -18 21 -20 -21 -22 22 -24
leaf_value=8.3287054553762689e-05 0.0014917486975024007 0.00064749767716501018 -0.0016877527630433553 -0.0013783141339909989 -0.0031287033931614045 -0.0028994256440724306 -0.00011017085912873054 0.00027068054497284038 0.00073451823194848177 -0.0017099035377129571 -0.0016766494852827032 -0.00023340574217799019 0.0019399545999003072 -0.0039729952983091812 -0.00092068614185642189 0.0011522836359178048 0.00052338897138216607 0.00076207106039314905 0.00016518702752123661 6.291782507135345e-05 -0.00029042867621422591 -0.00045518740226865926 -0.00064004513589894846
leaf_weight=253 697 158 30 20 33 21 25 39 46 28 61 291 207 20 36 96 997 22 942 83 27 47 20
leaf_count=253 697 158 30 20 33 21 25 39 46 28 61 291 207 20 36 96 997 22 942 83 27 47 20
internal_value=0.000856156 0.00055968 -0.000888651 0.000787546 -0.00324742 -0.00516949 -0.0102174 -0.00194444 -0.000263158 0.000782537 -0.000218068 -0.00181818 0.00105098 0.00113108 0.00172414 -0.00030303 0.00092215 0.000305771 0.000615672 -0.00230769 -0.00776596 -0.00342697 -0.00544776
internal_weight=4199 3502 467 273 194 118 46 72 76 3035 642 352 2393 2365 290 132 2158 1161 1072 130 47 89 67
internal_count=4199 3502 467 273 194 118 46 72 76 3035 642 352 2393 2365 290 132 2158 1161 1072 130 47 89 67
cat_boundaries=0 1
cat_threshold=2
is_linear=0
shrinkage=0.05


Tree=91
num_leaves=24
num_cat=4
split_feature=0 5 9 3 5 0 7 5 4 1 2 9 11 15 5 2 5 14 11 1 9 2 14
split_gain=2.55884 1.73814 1.01351 0.665813 0.627384 0.858059 0.693264 0.611062 0.518621 0.56209 0.427778 0.470665 0.988595 0.364905 0.343197 0.332938 0.326612 0.571064 0.479403 0.352233 0.780623 0.459686 0.764825
threshold=0 0.80526734759815788 5973.9972786021053 1.0000000180025095e-35 1.0794653556291733 1 1.0000000180025095e-35 0.56444565938134728 1.0000000180025095e-35 2 2036.5000000000002 1399.7409091054508 0.31444996310619699 71.422255621652425 0.69592446294074228 2036.5000000000002 1.1080825569437391 5539.9792550111761 1.1892659047331045 3 176.74219751136937 2032.5000000000002 39316.05765398981
decision_type=1 2 2 2 2 1 2 2 2 1 2 2 2 2 2 2 2 2 2 1 2 2 2
left_child=1 2 10 13 5 -3 8 -2 15 -10 11 12 -1 -4 -5 -7 -9 -18 19 20 -19 22 -21
right_child=7 4 3 14 -6 6 -8 16 9 -11 -12 -13 -14 -15 -16 -17 17 18 -20 21 -22 -23 -24
leaf_value=-0.0031878702528093314 0.00046265021148144162 0.098749120900347667 9.8556297147891507e-05 -0.0035707279653287081 0.010781329153396324 0.00022581384760214497 0.0025710004909449986 1.0617104451646973e-05 -0.00015739479985547647 -0.0010423918761227012 0.00047469960453674833 0.00021280141134083128 5.8201745957410785e-05 -0.0021780466373105406 -0.00013519369015209414 -0.00027637043185345866 -0.0018152469696648022 -0.0010140588388151716 0.00083260607919279019 -0.0010790752584532916 0.0013599097618120994 -2.5269772015167179e-05 -0.00021360503650478415
leaf_weight=27 148 195 48 26 622 105 188 1554 33 25 66 37 80 55 27 33 37 37 34 73 78 397 274
leaf_count=27 148 195 48 26 622 105 188 1554 33 25 66 37 80 55 27 33 37 37 34 73 78 397 274
internal_value=0.000808526 0.00240013 -0.000601093 -0.00365385 0.00333472 0.00215026 0.000685279 -0.000147615 -0.00137755 -0.00534483 0.00166667 0.000138889 -0.00154206 -0.00131068 -0.00820755 0.000289855 -0.000334138 -0.00107527 -0.000823068 -0.00105355 0.00152174 -0.00145161 -0.00278098
internal_weight=4199 1567 366 156 1201 579 384 2632 196 58 210 144 107 103 53 138 2484 930 893 859 115 744 347
internal_count=4199 1567 366 156 1201 579 384 2632 196 58 210 144 107 103 53 138 2484 930 893 859 115 744 347
cat_boundaries=0 1 2 3 4
cat_threshold=148 128 2 4
is_linear=0
shrinkage=0.05


Tree=92
num_leaves=24
num_cat=2
split_feature=0 5 9 0 5 7 5 36 15 14 15 15 5 9 9 14 9 15 5 10 5 5 14
split_gain=2.48737 1.12595 1.3006 0.822495 1.06933 0.823464 0.471112 0.375178 0.443546 0.631737 0.685761 0.804414 0.976692 0.469219 1.66769 0.498493 0.938496 0.580694 0.472643 0.689068 0.463303 0.588603 0.445531
threshold=0 0.68614658175646159 6112.4550825136303 1 1.187739437534997 2.5000000000000004 0.56444565938134728 0.05862795281634519 60.142859234049347 30893.119705021531 40.878179986288366 44.092760030381612 1.2451720273098628 1836.9916982578663 3682.7909514043681 78673.014554060079 53875.640890162242 26.190656645233041 1.0549782271877521 1.5000000000000002 0.6614825672723017 0.75151658956402845 14188.49172576011
decision_type=1 2 2 1 2 2 2 2 2 2 2 2 2 2 2 2 2 2 2 2 2 2 2
left_child=1 2 -1 4 5 -2 -5 8 9 22 13 -12 -13 18 -15 17 -17 -16 -11 -20 -10 -22 -8
right_child=3 -3 -4 6 -6 -7 7 -9 20 10 11 12 -14 14 15 16 -18 -19 19 -21 21 -23 -24
leaf_value=0.0091729300281598262 -1.4152927583707187e-05 0.089176086907068242 -0.0049980756983246458 0.00028075219594705562 0.0046916639192508937 0.0042937798412857912 -0.00036476006410078306 0.00033991221935468865 -0.0010402660695991485 0.00040709666096403624 -0.0011328919718258041 -0.00025578097501871116 -0.0010320775184308488 -0.0023483165183567148 0.00062689816522638235 -0.0016224499200625069 0.00080072648219155912 -0.00034628849979964599 -0.0019376843118565912 0.00060725344479914661 0.00098597021665629303 -4.585568118300664e-06 0.00018416160725202632
leaf_weight=38 968 444 25 127 391 207 154 158 59 59 20 96 29 25 60 38 25 33 21 25 96 881 220
leaf_count=38 968 444 25 127 391 207 154 158 59 59 20 96 29 25 60 38 25 33 21 25 96 881 220
internal_value=0.000784711 0.00403288 -0.00214286 0.000326851 0.00119289 0.000446809 -0.00031367 -0.000502751 -0.000703422 -0.00158385 -0.00288863 -0.00568965 -0.0042 -0.00146853 -0.00301105 -0.00108974 -0.00452381 0.00123656 0.00119048 -0.0026087 -1.93048e-05 0.000240532 -8.02137e-05
internal_weight=4199 507 63 3692 1566 1175 2126 1999 1841 805 431 145 125 286 181 156 63 93 105 46 1036 977 374
internal_count=4199 507 63 3692 1566 1175 2126 1999 1841 805 431 145 125 286 181 156 63 93 105 46 1036 977 374
cat_boundaries=0 1 2
cat_threshold=128 28
is_linear=0
shrinkage=0.05


Tree=93
num_leaves=24
num_cat=3
split_feature=0 5 9 0 5 7 5 11 16 2 15 15 11 2 2 5 0 2 15 7 15 15 3
split_gain=2.43271 1.12595 1.3006 0.690952 0.980653 0.823464 0.441573 0.346349 0.343203 0.397577 0.334605 0.794752 0.425306 0.711111 0.368164 0.336379 0.322042 0.833333 0.337792 0.2665 0.565261 0.940314 0.603727
threshold=0 0.68614658175646159 6112.4550825136303 1 1.187739437534997 2.5000000000000004 0.56444565938134728 1.030261720620439 1.4758333333333338 2026.5000000000002 69.413822433204857 79.177087869923426 0.13921898157524742 2034.5000000000002 2033.5000000000002 1.0549782271877521 2 2031.5000000000002 86.828601745182254 1.5000000000000002 109.53236647371311 131.36459438466377 1.0000000180025095e-35
decision_type=1 2 2 1 2 2 2 2 2 2 2 2 2 2 2 2 1 2 2 2 2 2 2
left_child=1 2 -1 4 5 7 -5 8 10 -10 12 -12 -2 -14 -13 -16 -6 18 -18 20 -11 -22 -23
right_child=3 -3 -4 6 16 -7 -8 -9 9 19 11 14 13 -15 15 -17 17 -19 -20 -21 21 22 -24
leaf_value=0.0087142835267518381 0.0020962661047084297 0.084717282561714846 -0.0047481719134084182 0.00026671458614970406 0.013651591981479267 0.0040790908492214983 -4.3015705459029627e-05 0.0010510369699752483 -0.0017262026590425745 -6.3100695999479569e-05 -0.00039446826548965622 0.0012790150054720068 -0.0010719966569872092 0.00094191058024445666 0.000203827824762216 -0.00049240937284052665 0.00057989846396173451 0.0011171207581129759 -0.0023114641717884225 0.00077832426089729611 -0.0014749156208252795 -0.0015473601390368296 0.0020473095987758607
leaf_weight=38 99 444 25 127 266 207 1999 77 24 321 25 76 40 32 43 20 28 75 22 108 33 46 24
leaf_count=38 99 444 25 127 266 207 1999 77 24 321 25 76 40 32 43 20 28 75 22 108 33 46 24
internal_value=0.000820434 0.00403288 -0.00214286 0.000367369 0.00116117 0.000446809 -0.000220037 -0.000165289 -0.000443322 -0.00120504 0.000820896 -0.000792683 0.00236842 -0.000555555 0.000683453 -0.00214286 0.0033376 0.000925926 -0.004 -0.000921052 -0.00148585 -0.00470874 -0.00142857
internal_weight=4199 507 63 3692 1566 1175 2126 968 891 556 335 164 171 72 139 63 391 125 50 532 424 103 70
internal_count=4199 507 63 3692 1566 1175 2126 968 891 556 335 164 171 72 139 63 391 125 50 532 424 103 70
cat_boundaries=0 1 2 3
cat_threshold=128 28 20
is_linear=0
shrinkage=0.05


Tree=94
num_leaves=24
num_cat=5
split_feature=0 7 0 16 9 1 2 16 2 19 15 8 2 2 15 3 11 9 20 0 0 2 9
split_gain=2.56114 0.715601 0.611442 0.503419 0.499941 0.331843 0.307651 0.307084 0.276175 0.575 0.560603 0.421505 0.368758 0.561285 1.1565 0.876227 0.541318 0.484615 0.464136 0.556335 0.457432 0.647855 0.671139
threshold=0 2.5000000000000004 1 2.1729166666666671 5687.5684164922759 2 2029.5000000000002 2.1729166666666671 2028.5000000000002 1.0000000180025095e-35 33.18665690317966 1.0000000180025095e-35 2031.5000000000002 2032.5000000000002 47.558904382907706 1.0000000180025095e-35 0.079793405386055741 7262.3728707664641 1.0000000180025095e-35 3 4 2035.5000000000002 59920.262568721722
decision_type=1 2 1 2 2 1 2 2 2 2 2 2 2 2 2 2 2 2 2 1 1 2 2
left_child=-1 5 3 -3 -5 6 -2 -8 9 -7 -11 -12 -10 14 -14 17 20 -16 -18 -20 21 -15 -23
right_child=1 2 -4 4 -6 8 7 -9 12 10 11 -13 13 16 15 -17 18 -19 19 -21 -22 22 -24
leaf_value=0.042142575209050855 0.00095747194500121345 0.00039700221199350883 0.0046582656444561334 -2.1659435401533167e-05 -0.0024757321964766518 0.00030145455372242321 0.0013079261857210382 -4.1462034121391356e-06 0.00029665849001851274 6.5598819670731914e-05 -0.00069771039282859283 0.00067808709374539682 0.00049011994092807017 -0.00067833463201665944 -0.00069644041431758403 0.00044705168461972372 -0.0022235996960214615 -0.00080231347239482587 0.00053154556268794129 -0.00035574800866408374 0.0002020689642784761 0.00035578191264772259 -0.00093189069630242967
leaf_weight=507 137 236 269 67 31 72 50 296 499 108 310 62 53 81 35 30 50 56 119 280 682 144 25
leaf_count=507 137 236 269 67 31 72 50 296 499 108 310 62 53 81 35 30 50 56 119 280 682 144 25
internal_value=0.00073708 0.000272826 0.00184909 0.000348837 -0.00265306 -3.39914e-05 0.00116977 0.000375723 -0.000257099 -0.00125 -0.001875 -0.0027957 9.73728e-06 -0.000369775 -0.00304598 -0.0057438 -3.25849e-05 -0.00818681 -0.0014588 -0.000889724 0.000654507 -0.00115385 0.00056213
internal_weight=4199 3692 603 334 98 3089 483 346 2606 552 480 372 2054 1555 174 121 1381 91 449 399 932 250 169
internal_count=4199 3692 603 334 98 3089 483 346 2606 552 480 372 2054 1555 174 121 1381 91 449 399 932 250 169
cat_boundaries=0 1 2 3 4 5
cat_threshold=128 99 4 72 48
is_linear=0
shrinkage=0.05


Tree=95
num_leaves=24
num_cat=3
split_feature=0 5 7 9 7 0 5 0 3 11 11 5 16 5 36 5 9 11 8 9 9 2 5
split_gain=2.18091 1.61071 1.10526 1.37143 0.792906 0.55268 0.420629 0.97597 0.40429 0.336545 0.55711 0.31809 0.315789 0.576102 0.5625 0.572024 0.420875 0.311201 0.22457 0.32769 0.509752 0.297911 0.336001
threshold=0 0.7376789738161762 1.5000000000000002 6112.4550825136303 2.5000000000000004 1 1.2416095059357677 2 1.0000000180025095e-35 1.0446124703217941 1.006483294229507 1.236240609701037 2.1729166666666671 1.0942162355239466 1.0000000180025095e-35 0.9728502460798758 5597.0251579738779 1.3593837631777503 1.0000000180025095e-35 2049.9596770067506 15217.117856120118 2031.5000000000002 1.3466728658495071
decision_type=1 2 2 2 2 1 2 1 2 2 2 2 2 2 2 2 2 2 2 2 2 2 2
left_child=1 2 3 -1 6 8 9 -8 12 10 11 -2 13 -6 15 -14 -15 -11 21 -20 -21 22 -9
right_child=4 -3 -4 -5 5 -7 7 18 -10 17 -12 -13 14 16 -16 -17 -18 -19 19 20 -22 -23 -24
leaf_value=0.00055534369055089069 -1.7895545184597297e-05 0.083183209317840734 0.036789193321523375 -0.0074246815082601031 0.00051975897022793385 0.0044253523622333315 0.015183399526471625 0.00025750763678535196 0.0012226334857786964 0.00081371267252429858 -0.0010358914342119406 -0.00082359746877502154 -0.0021020948254378553 -0.0018259043993447107 0.0014106346406572096 -3.5629920432105737e-05 0.0019539902111151584 1.2909489707340477e-05 -0.0016051321792979309 0.0020020311250857356 -0.00059754731714348858 0.00014750196652501714 -0.00065400669150317693
leaf_weight=28 2208 431 28 20 111 269 173 68 91 88 58 22 28 27 24 20 33 95 24 23 24 216 90
leaf_count=28 2208 431 28 20 111 269 173 68 91 88 58 22 28 27 24 20 33 95 24 23 24 216 90
internal_value=0.000701358 0.00374275 -0.00289474 -0.0075 0.000272826 0.00193201 -5.01779e-05 0.00111651 0.000494186 -0.000341967 -0.000506993 -0.000381166 -0.000555555 0.000614035 -0.00333333 -0.00645833 -0.00333333 0.00172131 -0.000164835 -0.00274648 -0.000319149 0.000320856 -0.00132911
internal_weight=4199 507 76 48 3692 603 3089 618 334 2471 2288 2230 243 171 72 48 60 183 445 71 47 374 158
internal_count=4199 507 76 48 3692 603 3089 618 334 2471 2288 2230 243 171 72 48 60 183 445 71 47 374 158
cat_boundaries=0 1 2 3
cat_threshold=128 99 20
is_linear=0
shrinkage=0.05


Tree=96
num_leaves=24
num_cat=4
split_feature=0 5 7 9 7 0 5 0 14 14 15 14 9 15 3 2 15 36 15 0 14 5 5
split_gain=1.8961 1.75499 1.24076 1.20333 0.754533 0.621784 0.386343 0.97597 0.377579 0.374809 0.304453 0.271437 0.264865 0.615973 0.299555 0.369184 0.259112 0.495506 0.4953 0.312481 0.330263 0.365895 0.498408
threshold=0 0.74252791977159271 1.5000000000000002 6112.4550825136303 2.5000000000000004 1 1.2416095059357677 2 30893.119705021531 174023.14629778874 169.09330351355609 11169.636392033348 291.85099732180862 27.999079570150631 1.0000000180025095e-35 2031.5000000000002 20.926395294179958 1.3526322084813791 23.880185662864822 3 28523.785437470815 0.55782275054609032 0.71283530371631154
decision_type=1 2 2 2 2 1 2 1 2 2 2 2 2 2 2 2 2 2 2 1 2 2 2
left_child=1 2 3 -1 6 -6 8 -8 16 10 -10 -7 -13 -14 15 -15 -2 18 -18 20 21 -20 -23
right_child=4 -3 -4 -5 5 11 7 -9 9 -11 -12 12 13 14 -16 -17 17 -19 19 -21 -22 22 -24
leaf_value=-0.0013628018997768217 0.00040272685615360976 0.079484096977663399 0.035465976315905819 -0.0070534474328471071 0.0034063715487437072 -0.00039532192479675276 0.014424229550148044 -2.9845909227748612e-06 -8.0843799646805015e-05 0.00018110003962470571 -0.00022586350498724438 0.0010840780158562166 -0.0020882092406460896 -0.00058401120006434514 0.0011431012104208558 0.00066336392717477721 -0.0016743591385702254 -0.00088185919932148935 0.000781112722680487 0.00056722301310134743 0.0018809311027259364 -0.0030142909651815326 -6.4952573276423048e-05
leaf_weight=30 146 428 29 20 356 25 173 445 1667 119 27 60 35 38 35 54 34 20 24 200 27 22 185
leaf_count=30 146 428 29 20 356 25 173 445 1667 119 27 60 35 38 35 54 34 20 24 200 27 22 185
internal_value=0.000713265 0.00354932 -0.00322785 -0.008 0.000313344 0.00193201 -1.61846e-06 0.00111651 -0.000281262 -0.000653613 -0.000844156 -5.83656e-05 0.000495496 -0.000555555 0.00106299 -0.000434782 0.000744681 0.000214844 0.000528455 0.000960699 -0.00022388 -0.000844156 -0.00152174
internal_weight=4199 507 79 50 3692 603 3089 618 2471 1813 1694 247 222 162 127 92 658 512 492 458 258 231 207
internal_count=4199 507 79 50 3692 603 3089 618 2471 1813 1694 247 222 162 127 92 658 512 492 458 258 231 207
cat_boundaries=0 1 2 3 4
cat_threshold=128 92 20 60
is_linear=0
shrinkage=0.05


Tree=97
num_leaves=24
num_cat=3
split_feature=0 5 7 9 7 0 3 16 5 17 5 5 0 15 12 14 7 15 15 2 14 5 2
split_gain=1.91213 1.75499 1.24076 1.20333 0.691208 0.489234 0.40429 0.482157 0.425872 0.474226 0.436364 0.386343 0.97597 0.32967 0.293159 0.264579 0.247299 0.591144 0.653991 0.590604 0.965725 1.04301 0.570821
threshold=0 0.74252791977159271 1.5000000000000002 6112.4550825136303 2.5000000000000004 1 1.0000000180025095e-35 3.485125 1.0942162355239466 74.884166666666673 1.2758260264362959 1.2416095059357677 2 26.740512684119718 1.0000000180025095e-35 192076.49349927958 1.0000000180025095e-35 114.93378014844174 102.18136541171667 2031.5000000000002 133343.17181013062 0.91917282543764645 2027.5000000000002
decision_type=1 2 2 2 2 1 2 2 2 2 2 2 1 2 2 2 2 2 2 2 2 2 2
left_child=1 2 3 -1 11 6 7 8 -6 10 -10 14 -13 -8 15 16 17 18 -2 22 21 -21 -19
right_child=4 -3 -4 -5 5 -7 13 -9 9 -11 -12 12 -14 -15 -16 -17 -18 19 -20 20 -22 -23 -24
leaf_value=-0.0012946618047879684 -4.3378141500208703e-05 0.075509892128780245 0.033692677500110534 -0.0067007750612047478 0.0004167628123022573 0.0040337661666844772 -0.00016393233751353862 -0.0011801972183527918 0.0021243839114261204 -0.0017292195591460181 -0.00044886750781119211 0.013703018072640644 -2.8353613766368092e-06 0.0011640197225824857 0.000384406582265873 0.00038863360476463045 3.8927960492802225e-05 -0.0010225856386765755 0.00095623494446834601 -0.00089754892690400382 -5.1927520178788281e-05 -0.00086806091419383167 0.00064785611829016958
leaf_weight=30 1066 428 29 20 135 269 21 37 24 27 20 173 445 70 26 23 927 40 103 39 116 42 89
leaf_count=30 1066 428 29 20 135 269 21 37 24 27 20 173 445 70 26 23 927 40 103 39 116 42 89
internal_value=0.000701358 0.00354932 -0.00322785 -0.008 0.000299838 0.00184909 0.000494186 -0.000555555 0.00038835 -0.00274648 0.000454546 -1.61846e-06 0.00111651 0.00335165 -0.000281262 -0.000337423 -0.000388109 -0.000785953 -0.000260907 -0.00266871 -0.00439086 -0.00858025 -3.87595e-05
internal_weight=4199 507 79 50 3692 603 334 243 206 71 44 3089 618 91 2471 2445 2422 1495 1169 326 197 81 129
internal_count=4199 507 79 50 3692 603 334 243 206 71 44 3089 618 91 2471 2445 2422 1495 1169 326 197 81 129
cat_boundaries=0 1 2 3
cat_threshold=128 99 20
is_linear=0
shrinkage=0.05


Tree=98
num_leaves=24
num_cat=4
split_feature=0 5 7 1 7 0 5 0 17 2 11 15 14 5 12 5 14 14 14 19 14 2 15
split_gain=1.92822 1.75499 1.24076 1.02887 0.630658 0.42964 0.386343 0.97597 0.337079 0.472503 0.810737 0.46594 0.478389 0.441638 0.293159 0.281816 0.382653 0.264579 0.253521 0.473554 0.64296 0.564638 0.803452
threshold=0 0.74252791977159271 1.5000000000000002 1 2.5000000000000004 2 1.2416095059357677 3 74.884166666666673 2036.5000000000002 0.43806326409344742 60.142859234049347 105633.79119111237 1.2994426869863489 1.0000000180025095e-35 0.7681049980012834 46234.081037188625 192076.49349927958 51381.780718460745 1.0000000180025095e-35 76593.118290734303 2034.5000000000002 27.999079570150631
decision_type=1 2 2 1 2 1 2 1 2 2 2 2 2 2 2 2 2 2 2 2 2 2 2
left_child=1 2 3 -1 6 8 14 -8 13 10 11 -10 -13 -6 17 16 -7 18 -2 -20 21 22 -21
right_child=4 -3 -4 -5 5 15 7 -9 9 -11 -12 12 -14 -15 -16 -17 -18 -19 19 20 -22 -23 -24
leaf_value=-0.0060276023995861974 2.5344828978651725e-05 0.071734397522341245 0.032008043625105002 -0.0013127881703368233 0.00080057713181059934 0.0028010183784984372 0.013017867169008608 -2.6935933078036609e-06 -0.0022102362313568507 0.0013919524292387376 0.00054399162720225656 0.00063938930217936039 -0.0012002617197181499 -0.0004272369154207918 0.00036518625315257771 0.0057651848236650455 -0.00089201361889327266 0.0003692019245263977 0.00019687701662497693 0.00099785220333539499 -5.1078156705760497e-05 -0.00010838889196148505 -0.0013789840423013189
leaf_weight=21 1070 428 29 29 164 21 173 445 24 36 33 27 22 28 26 220 28 23 165 28 844 136 179
leaf_count=21 1070 428 29 29 164 21 173 445 24 36 33 27 22 28 26 220 28 23 165 28 844 136 179
internal_value=0.00068945 0.00354932 -0.00322785 -0.008 0.000286332 0.00176617 -1.61846e-06 0.00111651 0.000494186 -0.00133803 -0.00301887 -0.0059589 -0.00316327 0.001875 -0.000281262 0.00320789 -0.000102041 -0.000337423 -0.000388109 -0.000843195 -0.00119208 -0.00301749 -0.00466184
internal_weight=4199 507 79 50 3692 603 3089 618 334 142 106 73 49 192 2471 269 49 2445 2422 1352 1187 343 207
internal_count=4199 507 79 50 3692 603 3089 618 334 142 106 73 49 192 2471 269 49 2445 2422 1352 1187 343 207
cat_boundaries=0 1 2 3 4
cat_threshold=128 1 99 20
is_linear=0
shrinkage=0.05


Tree=99
num_leaves=24
num_cat=6
split_feature=0 5 7 1 7 5 0 0 17 3 5 12 14 11 15 5 0 1 9 7 15 14 9
split_gain=1.81553 1.8758 1.36894 0.750473 0.497163 0.364295 0.97597 0.33105 0.366928 0.473853 0.333791 0.288683 0.290215 0.3255 0.670085 0.327389 0.303975 0.439583 0.409444 0.4974 0.433929 0.321456 0.426644
threshold=0 0.78826001885651131 1.5000000000000002 1 2.5000000000000004 1.2416095059357677 2 3 74.884166666666673 1.0000000180025095e-35 0.9444895548775013 1.0000000180025095e-35 8154.2033429185685 1.0265675147737674 24.812388260590357 0.91917282543764645 4 5 699.660860143631 1.0000000180025095e-35 21.585421683098385 179480.75952593712 55592.232631112907
decision_type=1 2 2 1 2 2 1 1 2 2 2 2 2 2 2 2 1 1 2 2 2 2 2
left_child=1 2 3 -1 5 11 -7 8 -6 10 -10 12 13 14 -2 -16 -14 18 19 20 -18 22 -19
right_child=4 -3 -4 -5 7 6 -8 -9 9 -11 -12 -13 16 -15 15 -17 17 21 -20 -21 -22 -23 -24
leaf_value=-0.006048054406413348 -0.0018063755222783287 0.075142772796353771 0.03196252416483987 -0.0016614460284141313 0.00024995147262121993 0.012366973810558176 -2.5589136424125037e-06 0.0025920136752383043 -5.2198153883933506e-05 0.00047210974662188418 -0.0020251137739889661 0.00034692694049494636 6.0333843636000827e-05 0.0005263093362764806 0.00048995869633238951 -0.00024948241581688004 -0.00078776765399545348 -9.2800415841266782e-05 0.00077399545188630591 0.0011125894133845262 -0.00013470194227293281 0.00016112161702537577 -0.0004788643987112776
leaf_weight=27 20 410 36 34 105 173 445 422 24 24 28 26 996 29 30 22 20 1040 107 34 28 36 83
leaf_count=27 20 410 36 34 105 173 445 422 24 24 28 26 996 29 30 22 20 1040 107 34 28 36 83
internal_value=0.000677542 0.00345261 -0.00273196 -0.00729508 0.000286332 3.07545e-05 0.00111651 0.00160033 -0.000235602 -0.00289474 -0.00557692 -0.000240793 -0.000296523 -0.00292079 -0.00472222 -0.00173077 -0.000183447 -0.000670103 0.00156085 -0.00109756 -0.004375 -0.00103969 -0.00118878
internal_weight=4199 507 97 61 3692 3089 618 603 181 76 52 2471 2445 101 72 52 2344 1348 189 82 48 1159 1123
internal_count=4199 507 97 61 3692 3089 618 603 181 76 52 2471 2445 101 72 52 2344 1348 189 82 48 1159 1123
cat_boundaries=0 1 2 3 4 5 6
cat_threshold=128 1 20 33 76 4
is_linear=0
shrinkage=0.05


Tree=100
num_leaves=24
num_cat=6
split_feature=0 5 7 1 7 0 5 0 15 15 15 15 1 15 15 5 15 3 15 15 5 0 5
split_gain=1.79991 1.8758 1.36894 0.750473 0.430568 0.531572 0.442847 0.593388 0.603774 1.18971 0.585151 0.626091 0.535266 1.04283 0.532325 0.51988 0.481409 0.433533 0.386622 0.416723 0.38153 0.550506 0.49221
threshold=0 0.78826001885651131 1.5000000000000002 1 1.0000000180025095e-35 2 1.294853711309133 3 63.018471646829688 35.307879697838281 114.93378014844174 136.14599767670714 4 127.56709435200287 125.56580484230888 1.1393490278976233 102.18136541171667 1.0000000180025095e-35 157.59465392935701 179.70208347118748 0.98074084135780404 5 0.96614232066531724
decision_type=1 2 2 1 2 1 2 1 2 2 2 2 1 2 2 2 2 2 2 2 2 1 2
left_child=1 2 3 -1 6 20 10 8 9 -8 16 12 13 17 -14 18 -2 -12 -13 -20 22 -22 -6
right_child=4 -3 -4 -5 5 -7 7 -9 -10 -11 11 15 14 -15 -16 -17 -18 -19 19 -21 21 -23 -24
leaf_value=-0.0057456516860926767 -1.7612221204559454e-05 0.071385634156536079 0.030364397956597868 -0.0015783737269934189 0.00017985406585737038 -1.1274565243018628e-05 5.1016274911357595e-05 0.0010124373962110591 9.0922035695449561e-05 -0.00091944264398996142 -0.0014056338832063491 0.00055852400403379762 -0.00049759995719479602 -0.0020307464974684605 0.00061473886879659032 -0.00240798517886915 0.00094223031583427633 0.00075808579592367997 -0.00042024907197128552 0.00031812444083363059 0.0084286910859219261 0.00047530363524803744 -0.0020372095347852425
leaf_weight=27 1151 410 36 34 454 757 33 197 53 20 29 90 32 30 30 36 108 20 51 36 266 278 21
leaf_count=27 1151 410 36 34 454 757 33 197 53 20 29 90 32 30 30 36 108 20 51 36 266 278 21
internal_value=0.00068945 0.00345261 -0.00273196 -0.00729508 0.000299838 0.000861487 -0.000219206 0.00153465 -0.00146552 -0.00537736 -0.000548667 -0.00234463 -0.00492908 -0.00765823 -0.00145161 -0.000633803 -4.36853e-05 -0.00316327 0.000480226 -0.00189655 0.00159864 0.00251838 0.000578948
internal_weight=4199 507 97 61 3692 1776 1916 303 106 53 1613 354 141 79 62 213 1259 49 177 87 1019 544 475
internal_count=4199 507 97 61 3692 1776 1916 303 106 53 1613 354 141 79 62 213 1259 49 177 87 1019 544 475
cat_boundaries=0 1 2 3 4 5 6
cat_threshold=128 1 92 96 1 20
is_linear=0
shrinkage=0.05


Tree=101
num_leaves=24
num_cat=4
split_feature=0 5 7 1 0 7 15 15 4 9 14 5 17 14 15 2 16 5 5 5 0 5 9
split_gain=1.8484 1.63403 1.1925 0.522179 0.450714 0.480497 0.66525 0.847705 0.874346 0.707834 0.412357 0.462974 0.473778 0.534343 0.460952 0.416667 0.403027 0.444912 0.382689 0.357989 0.628038 0.365388 0.356621
threshold=0 0.78826001885651131 1.5000000000000002 1 2 1.0000000180025095e-35 114.93378014844174 135.4327625519401 1.0000000180025095e-35 1951.9077964825849 76593.118290734303 1.0264471337233452 73.879583333333343 33136.586579554067 76.866571170776012 2033.5000000000002 3.485125 1.1393490278976233 0.53101761050589735 0.97590027831923531 3 0.95718907554605426 55592.232631112907
decision_type=1 2 2 1 1 2 2 2 2 2 2 2 2 2 2 2 2 2 2 2 1 2 2
left_child=1 2 3 -1 5 6 10 8 9 -8 11 -2 14 15 -13 -14 17 -9 -6 21 -21 -7 -20
right_child=4 -3 -4 -5 18 19 7 16 -10 -11 -12 12 13 -15 -16 -17 -18 -19 22 20 -22 -23 -24
leaf_value=-0.0054583691017880383 -9.0013568363382678e-05 0.067816352448709261 0.02884617805876797 -0.0014994550406437518 0.00015643643895380752 0.00014595425757533972 -0.0017709150352600096 0.0011298021056725222 -0.0029257083273496807 0.00018444239538509545 0.00063422695662887062 0.002451322893831126 -0.001084562185481255 0.0012777923850797309 -0.00020140610383865057 5.8665658824367303e-05 -0.0012140229346746497 -0.00068862335372498764 -1.6557608714802946e-05 0.0076537486036467725 0.00045647769129156143 -0.0015798896391385295 -0.00022248358368302061
leaf_weight=27 354 410 36 34 79 441 20 87 35 42 200 150 30 72 25 30 23 36 1373 274 280 24 117
leaf_count=27 354 410 36 34 79 441 20 87 35 42 200 150 30 72 25 30 23 36 1373 274 280 24 117
internal_value=0.000748988 0.00354932 -0.00221649 -0.00647541 0.000353863 0.000827473 0.000108696 -0.00220165 -0.00582474 -0.00225806 0.000760743 0.00015885 0.0015798 -0.000681818 0.00328571 -0.00416667 0.00020548 0.00134146 -0.000288157 0.00161433 0.00247292 0.000591398 -0.000469798
internal_weight=4199 507 97 61 3692 2123 1104 243 97 62 861 661 307 132 175 60 146 123 1569 1019 554 465 1490
internal_count=4199 507 97 61 3692 2123 1104 243 97 62 861 661 307 132 175 60 146 123 1569 1019 554 465 1490
cat_boundaries=0 1 2 3 4
cat_threshold=128 1 92 20
is_linear=0
shrinkage=0.05


Tree=102
num_leaves=24
num_cat=4
split_feature=0 5 7 1 0 5 5 8 5 2 2 2 15 5 2 14 14 2 5 9 0 2 15
split_gain=1.76887 1.57927 1.1925 0.522179 0.379709 2.0223 0.757019 0.578325 0.578262 0.490045 0.631393 0.624316 0.570125 1.1023 0.353231 0.450815 0.972851 0.409275 0.654029 0.320678 0.31894 0.407732 0.304449
threshold=0 0.78826001885651131 1.5000000000000002 1 2 1.1080825569437391 0.80526734759815788 1.0000000180025095e-35 0.82727239353578796 2027.5000000000002 2031.5000000000002 2036.5000000000002 28.947338587900965 0.64827296193767847 2039.5000000000002 67715.521830772239 57546.577040970296 2034.5000000000002 0.8683379809646673 5973.9972786021053 3 2037.5000000000002 127.56709435200287
decision_type=1 2 2 1 1 2 2 2 2 2 2 2 2 2 2 2 2 2 2 2 1 2 2
left_child=1 2 3 -1 5 6 9 14 20 -2 -11 12 -12 -14 15 16 17 18 -8 -13 21 -6 -17
right_child=4 -3 -4 -5 8 -7 7 -9 -10 10 11 19 13 -15 -16 22 -18 -19 -20 -21 -22 -23 -24
leaf_value=-0.0051854506466986281 -0.0017934966037940168 0.06442553482627382 0.027403869155829576 -0.0014244822886115577 -0.00024060371835679813 0.007405787670606504 -0.002773578122795199 0.0034349097806582064 -4.9048274044193034e-05 0.00013865649768490768 5.6786108274076047e-05 0.00021559473175468042 -0.003101543857635516 -0.00013108461926347127 -5.1090740868144808e-05 0.00098361053124253065 -0.00091943757784749387 0.0018698570897510626 0.00024068011215165952 -0.00038349722932094939 0.00023235024027154694 0.00096288478708509795 -4.935998422778319e-05
leaf_weight=27 34 410 36 34 129 377 20 104 1918 61 22 43 25 36 22 93 21 44 73 34 560 25 51
leaf_count=27 34 410 36 34 129 377 20 104 1918 61 22 43 25 36 22 93 21 44 73 34 560 25 51
internal_value=0.000713265 0.00345261 -0.00221649 -0.00647541 0.000326851 0.0011215 -0.000490483 0.000794393 3.7852e-06 -0.00264706 -0.00178733 -0.0034375 -0.00644578 -0.00893443 -0.000246913 0.000198676 -0.00164557 -0.000109489 -0.00198925 -0.000194805 0.00121849 -0.000792683 0.00222222
internal_weight=4199 507 97 61 3692 1060 683 428 2632 255 221 160 83 61 324 302 158 137 93 77 714 154 144
internal_count=4199 507 97 61 3692 1060 683 428 2632 255 221 160 83 61 324 302 158 137 93 77 714 154 144
cat_boundaries=0 1 2 3 4
cat_threshold=128 1 20 1
is_linear=0
shrinkage=0.05


Tree=103
num_leaves=24
num_cat=4
split_feature=0 0 7 37 15 2 2 15 9 3 15 9 15 2 2 1 1 15 36 15 15 2 2
split_gain=1.62076 0.498712 0.292577 0.286656 0.288053 0.212919 0.747587 0.55 0.487501 1.04353 0.599102 0.26861 0.305482 0.333333 0.308547 0.512922 0.234293 0.183307 0.479395 0.379692 0.505313 0.314881 0.230242
threshold=0 1 1.5000000000000002 2.5000000000000004 10.561263651809165 2033.5000000000002 2034.5000000000002 97.029154502048939 21215.587357742115 1.0000000180025095e-35 12.915267047521494 27639.178599648938 128.49217732251182 2028.5000000000002 2026.5000000000002 2 3 23.880185662864822 0.022868551674196221 17.682535482637871 21.585421683098385 2034.5000000000002 2028.5000000000002
decision_type=1 1 2 2 2 2 2 2 2 2 2 2 2 2 2 1 1 2 2 2 2 2 2
left_child=1 2 -1 4 -2 11 7 -7 10 16 -8 12 14 -14 15 -3 -10 18 19 21 -21 -6 -19
right_child=3 5 -4 -5 17 6 8 -9 9 -11 -12 -13 13 -15 -16 -17 -18 22 -20 20 -22 -23 -24
leaf_value=0.0207809039890334 0.0010231938525203494 -0.0026622522057300466 0.056426534174919413 -0.00089742806619057714 0.0024344161066910952 -0.0016524540817664931 -9.2134131909469156e-05 0.00045817087394284164 0.00077354122437548866 -0.0026697857087552078 0.0010766742873328308 0.0018566857932356248 -0.0026429263539945649 0.0012920246181533281 0.00049189440162135313 0.0019525502916233851 -1.7117846543779553e-05 -9.6233864926592735e-05 0.00050052793720554317 -0.00148497754472228 0.0004820533099293828 -0.00064515243254000898 2.8826777250997862e-05
leaf_weight=321 63 26 186 24 28 44 24 20 38 21 335 97 21 28 351 28 27 505 64 37 26 20 1865
leaf_count=321 63 26 186 24 28 44 24 20 38 21 335 97 21 28 351 28 27 505 64 37 26 20 1865
internal_value=0.000784711 0.00205136 0.0033559 2.27103e-05 7.28529e-05 0.00140187 0.0006778 -0.004375 0.00140449 -0.00197674 0.00221448 0.00209619 0.0015859 -0.00214286 0.00203704 -0.00148148 0.00115385 -9.823e-06 -0.00157143 -0.00355856 -0.00611111 -0.000208333 0.000105485
internal_weight=4199 1567 507 2632 2608 1060 509 64 445 86 359 551 454 49 405 54 65 2545 175 111 63 48 2370
internal_count=4199 1567 507 2632 2608 1060 509 64 445 86 359 551 454 49 405 54 65 2545 175 111 63 48 2370
cat_boundaries=0 1 2 3 4
cat_threshold=148 128 2 1
is_linear=0
shrinkage=0.05


Tree=104
num_leaves=24
num_cat=3
split_feature=0 5 7 1 0 5 15 5 5 9 5 5 2 8 17 9 11 14 5 5 14 2 9
split_gain=1.499 1.81841 1.4142 0.7968 0.466458 1.87059 0.583337 0.560317 0.404398 0.630373 0.407 0.410538 0.614159 0.386203 0.308391 0.29975 0.32642 0.455087 0.290004 0.276301 0.254146 0.258573 0.579856
threshold=0 0.82102913517071141 1.5000000000000002 1 2 1.084337575140127 18.577992380300092 0.82727239353578796 0.80526734759815788 7371.5773109965767 0.75151658956402845 0.65500856664796159 2032.5000000000002 1.0000000180025095e-35 1.0000000180025095e-35 417.8489442808596 1.0350630057306958 41184.994619061887 1.0527453708314882 0.83296196964687219 3266.7929921612026 2028.5000000000002 4832.2387531444283
decision_type=1 2 2 1 1 2 2 2 2 2 2 2 2 2 2 2 2 2 2 2 2 2 2
left_child=1 2 3 -1 5 6 -2 -6 9 14 11 12 -11 15 -8 16 17 -10 -17 -9 -21 22 -22
right_child=4 -3 -4 -5 7 -7 8 19 13 10 -12 -13 -14 -15 -16 18 -18 -19 -20 20 21 -23 -24
leaf_value=-0.0062468311603327423 -0.00017924829986492392 0.081476793686507731 0.024078503977365592 -0.0023923033612856227 0.00012369806368037745 0.0057257878686256258 -0.00066759397985771793 -0.00013811637654102956 -0.0025483302958522395 0.00050128240300633417 -0.0018642019485751379 0.0003799849363637838 -0.0019990980552932643 0.0035378435525711977 6.6565278592358015e-05 0.00073758532996444793 0.00078101420649506715 1.4312065923447468e-06 -0.0005308698126911339 -0.00068267839222255992 8.8498416325674922e-05 5.6263758979716249e-06 -0.00069809384871651623
leaf_weight=32 40 386 45 44 714 412 20 23 24 22 27 31 25 89 108 167 23 42 30 37 201 1451 206
leaf_count=32 40 386 45 44 714 412 20 23 24 22 27 31 25 89 108 167 23 42 30 37 201 1451 206
internal_value=0.00073708 0.00325919 -0.00202479 -0.00618421 0.000380875 0.00126168 -0.000401234 2.27103e-05 -1.64472e-05 -0.00165236 -0.00452381 -0.00269231 -0.0056383 0.001 0.000703125 0.000104895 -0.00230337 -0.00409091 0.00119289 -0.000422315 -0.0003562 -0.000274489 -0.00138821
internal_weight=4199 507 121 76 3692 1060 648 2632 608 233 105 78 47 375 128 286 89 66 197 1918 1895 1858 407
internal_count=4199 507 121 76 3692 1060 648 2632 608 233 105 78 47 375 128 286 89 66 197 1918 1895 1858 407
cat_boundaries=0 1 2 3
cat_threshold=128 1 20
is_linear=0
shrinkage=0.05


Tree=105
num_leaves=24
num_cat=0
split_feature=7 5 14 14 15 5 15 16 2 5 14 15 9 9 5 9 2 14 14 5 9 15 15
split_gain=0.606762 0.66499 0.397057 0.506423 0.378731 0.497909 0.542455 0.463085 0.413333 0.597329 0.607681 0.639619 0.694054 0.512121 0.480076 0.497803 0.491799 0.352112 0.346773 0.326241 0.313406 0.305707 0.349783
threshold=1.0000000180025095e-35 1.2758260264362959 13749.0375045001 12132.816732385716 26.190656645233041 1.1672731239108303 29.444619765755768 3.485125 2028.5000000000002 0.72126337994860246 33136.586579554067 121.53331608527039 4445.1152425988676 22904.713871883414 0.65500856664796159 8485.1027934532904 2034.5000000000002 176195.42051675078 62457.191132181797 0.93566252435764941 9888.7683352870936 71.878914258797877 67.513336029194775
decision_type=2 2 2 2 2 2 2 2 2 2 2 2 2 2 2 2 2 2 2 2 2 2 2
left_child=1 -1 3 20 7 6 -6 -4 9 -8 -11 12 18 -14 15 -10 -17 21 -12 -13 -2 22 -16
right_child=2 -3 4 -5 5 -7 8 -9 14 10 11 19 13 -15 17 16 -18 -19 -20 -21 -22 -23 -24
leaf_value=-1.8447905950860427e-05 0.00026878209864078636 0.00025315972363437761 0.0013628591959966396 -0.0016512141964025715 -0.0034668772175510914 0.0014571343698897325 0.0027530220139433013 -0.0013009132936091753 0.00050102381221361154 0.0015007770559066398 0.0036031850339011706 -0.00044018041679847126 -0.0031351766919866723 -0.0006585309251561257 0.00021893441443438449 6.3343731350355771e-05 -0.0020744383936922295 -0.00096542851567335292 -0.0028601631562875564 0.0020827480879044217 -0.0020559918025824919 0.0015819029812595563 -0.0016126545266081675
leaf_weight=1772 163 378 330 24 33 403 47 33 69 34 21 24 24 20 242 28 27 39 22 23 25 392 26
leaf_count=1772 163 378 330 24 33 403 47 33 69 34 21 24 24 20 242 28 27 39 22 23 25 392 26
internal_value=0.000772803 0.000186047 0.00138848 -0.000660377 0.00162493 0.00126866 0.000704949 0.00307163 0.000905588 -0.00104651 -0.00244048 -0.00395522 -0.00649425 -0.0109091 0.00141555 -0.00145161 -0.005 0.00192418 -0.00197674 0.000744681 0.000212766 0.00219697 0.000895523
internal_weight=4199 2150 2049 212 1837 1474 1071 363 1038 215 168 134 87 44 823 124 55 699 43 47 188 660 268
internal_count=4199 2150 2049 212 1837 1474 1071 363 1038 215 168 134 87 44 823 124 55 699 43 47 188 660 268
is_linear=0
shrinkage=0.05


Tree=106
num_leaves=24
num_cat=4
split_feature=0 5 7 1 0 6 14 14 5 0 14 14 5 15 2 14 14 4 15 5 9 15 15
split_gain=1.51328 1.81841 1.4142 0.7968 0.516483 0.45594 0.418665 0.674022 0.387566 0.923708 0.525114 1.06934 0.442456 0.31254 0.536352 0.294635 0.797026 0.61164 0.436508 0.31399 0.327063 0.56593 0.479339
threshold=0 0.82102913517071141 1.5000000000000002 1 2 1.0000000180025095e-35 18480.883197255494 12132.816732385716 1.187739437534997 3 63649.747117273306 75092.999018653514 1.4971340844100429 32.48043640372051 2032.5000000000002 182142.37600752045 155823.54495080555 1.0000000180025095e-35 156.2921917089777 0.53101761050589735 55592.232631112907 111.8084303743138 95.469103393965256
decision_type=1 2 2 1 1 2 2 2 2 1 2 2 2 2 2 2 2 2 2 2 2 2 2
left_child=1 2 3 -1 5 8 7 -7 -2 10 13 -12 -13 -10 -15 16 19 18 -18 -6 21 -21 -22
right_child=4 -3 -4 -5 15 6 -8 -9 9 -11 11 12 -14 14 -16 -17 17 -19 -20 20 22 -23 -24
leaf_value=-0.0059335672070185532 7.4216622865322444e-06 0.077363867671205261 0.022806435818697499 -0.0022717657979237824 0.00017136704079003434 0.0049358701817154189 0.0024185879610817214 -0.0018347652600012327 0.0024236216619422752 0.0098166971176725046 -0.0023016356868152186 0.00022625652252623797 -0.00088199393611816668 -0.00086756129908827399 0.00073917780440767528 0.00033705161803734395 -2.3464049639547102e-05 0.00077170909000417196 -0.00056441793326285599 -6.6674544988881476e-05 0.0014158969204792022 0.0003164790270424934 -0.00065155241512565684
leaf_weight=32 1309 386 45 44 75 30 307 23 50 213 23 80 21 29 38 42 30 27 33 1086 20 214 42
leaf_count=32 1309 386 45 44 75 30 307 23 50 213 23 80 21 29 38 42 30 27 33 1086 20 214 42
internal_value=0.000725173 0.00325919 -0.00202479 -0.00618421 0.000367369 0.000874356 0.0025 -0.00160377 0.000547363 0.00180617 -0.000378486 -0.00266129 -0.000445544 0.00200855 -0.00022388 -0.000319822 -0.000435494 -0.005 -0.00769841 -0.000149617 -0.000323054 -0.000153846 -0.00387097
internal_weight=4199 507 121 76 3692 2123 360 53 1763 454 241 124 101 117 67 1569 1527 90 63 1437 1362 1300 62
internal_count=4199 507 121 76 3692 2123 360 53 1763 454 241 124 101 117 67 1569 1527 90 63 1437 1362 1300 62
cat_boundaries=0 1 2 3 4
cat_threshold=128 1 92 72
is_linear=0
shrinkage=0.05


Tree=107
num_leaves=24
num_cat=5
split_feature=0 5 7 1 0 3 11 9 5 15 5 0 9 14 15 7 9 15 15 15 1 14 2
split_gain=1.66099 1.61077 1.25272 0.574761 0.470067 0.527213 0.649642 0.720793 0.758897 0.500014 0.410115 1.25957 0.408909 0.490949 0.409838 0.462602 0.387971 0.818151 1.59658 0.764828 0.477019 0.392857 0.363853
threshold=0 0.82102913517071141 1.5000000000000002 1 2 1.0000000180025095e-35 0.71898726604605456 10564.558614418995 1.2994426869863489 84.451189777756809 1.187739437534997 3 176.74219751136937 150172.94543602769 19.70506439415054 1.5000000000000002 7262.3728707664641 60.142859234049347 44.850817809304324 86.828601745182254 4 66992.805592730962 2029.5000000000002
decision_type=1 2 2 1 1 2 2 2 2 2 2 1 2 2 2 2 2 2 2 2 1 2 2
left_child=1 2 3 -1 5 6 7 8 9 22 -6 -12 13 14 -13 -16 19 18 21 -14 -19 -18 -2
right_child=4 -3 -4 -5 10 -7 -8 -9 -10 -11 11 12 16 -15 15 -17 17 20 -20 -21 -22 -23 -24
leaf_value=-0.0056368888466676115 -0.0035122137338829151 0.073495674287645002 0.021666114027762615 -0.0021581775080275929 1.3405188080844479e-05 0.00012280686348378755 0.00029177787440459339 -3.2605072315083294e-05 -0.0013111734586028175 -0.00040089969916193242 0.0099345943639522309 -0.0022337522171083065 0.0011908047589019551 -0.0013797523306347647 0.00023371863156532559 -0.00043540304849538865 0.0003907974017719019 0.0013808602388535203 -0.00092857623917469662 -0.00081467445984881911 -0.00047748519156121127 -0.00029432461572552417 -0.00034875727130106966
leaf_weight=32 28 386 45 44 2349 145 109 142 24 22 266 20 136 21 66 31 22 105 21 24 56 28 77
leaf_count=32 28 386 45 44 2349 145 109 142 24 22 266 20 136 21 66 31 22 105 21 24 56 28 77
internal_value=0.000701358 0.0033559 -0.00161157 -0.00552632 0.000326851 -0.00101436 -0.00196517 -0.00319113 -0.00559603 -0.00405512 0.000562599 0.00154523 9.25928e-05 -0.00224638 -0.000982906 0.000360825 0.000918368 -0.000387931 -0.00485915 0.0028125 0.00158385 1.86265e-10 -0.00261905
internal_weight=4199 507 121 76 3692 547 402 293 151 127 3145 796 530 138 117 97 392 232 71 160 161 50 105
internal_count=4199 507 121 76 3692 547 402 293 151 127 3145 796 530 138 117 97 392 232 71 160 161 50 105
cat_boundaries=0 1 2 3 4 5
cat_threshold=128 1 32 20 1
is_linear=0
shrinkage=0.05


Tree=108
num_leaves=24
num_cat=5
split_feature=0 5 7 1 0 5 0 15 9 5 5 5 2 9 7 16 15 15 36 14 14 1 5
split_gain=1.61634 1.61077 1.25272 0.574761 0.383101 0.533055 1.0047 0.532957 0.453124 0.715065 0.705216 0.413275 0.374975 0.81662 0.441889 0.457365 0.547812 0.833794 0.46933 1.12733 0.40862 0.396616 0.387337
threshold=0 0.82102913517071141 1.5000000000000002 1 2 1.187739437534997 3 32.48043640372051 15910.228794304317 1.4971340844100429 1.3429576197623241 0.79561763026696497 2026.5000000000002 8827.1461165644123 1.5000000000000002 1.0000000180025095e-35 114.07011094534455 125.56580484230888 0.022868551674196221 25168.510525336853 6075.6382742545966 4 1.0017296210586071
decision_type=1 2 2 1 1 2 1 2 2 2 2 2 2 2 2 2 2 2 2 2 2 1 2
left_child=1 2 3 -1 5 12 -7 -8 9 10 -9 -6 13 21 15 -14 18 -18 20 -20 -17 -2 -16
right_child=4 -3 -4 -5 11 6 7 8 -10 -11 -12 -13 14 -15 22 16 17 -19 19 -21 -22 -23 -24
leaf_value=-0.0053550444043342421 -0.00036770486504521211 0.069820890573262767 0.020582808326374491 -0.0020502686326262184 0.0001170431712633897 0.0094378646457546223 0.0011946354942094872 -5.737077020300033e-05 0.00081082814745681334 0.0011578784167077115 -0.0017508045055915058 -6.1956183444805178e-05 0.00070161217377552165 -0.00086383337870201381 0.00040351527936080149 -0.00062113932972946958 -0.0013066927262907601 -4.4810124972815631e-05 0.00046675093346524731 -0.0013999258614933439 4.9382953047350778e-05 0.0020777820295763564 0.0033738863710794896
leaf_weight=32 31 386 45 44 382 266 86 71 65 22 35 1187 130 37 332 23 43 156 42 27 565 30 162
leaf_count=32 31 386 45 44 382 266 86 71 65 22 35 1187 130 37 332 23 43 156 42 27 565 30 162
internal_value=0.00073708 0.0033559 -0.00161157 -0.00552632 0.000367369 0.000804032 0.00215596 -1.73009e-05 -0.00147668 -0.00320312 -0.00490566 -0.000224826 0.000342206 -0.00265306 0.000540541 -7.09937e-05 -0.000490654 -0.00278894 0.00020548 -0.00369565 0.000663265 0.00090164 0.00176113
internal_weight=4199 507 121 76 3692 2123 545 279 193 128 106 1569 1578 98 1480 986 856 199 657 69 588 61 494
internal_count=4199 507 121 76 3692 2123 545 279 193 128 106 1569 1578 98 1480 986 856 199 657 69 588 61 494
cat_boundaries=0 1 2 3 4 5
cat_threshold=128 1 92 20 2
is_linear=0
shrinkage=0.05


Tree=109
num_leaves=24
num_cat=4
split_feature=0 5 7 9 0 5 0 15 9 5 5 5 15 5 5 2 15 9 1 9 9 4 15
split_gain=1.48478 1.68779 1.0031 0.55346 0.462878 0.412366 0.921715 0.584335 0.470385 0.414224 0.644643 0.358038 0.35732 0.350708 0.408284 0.664831 0.704464 0.335814 0.332411 0.325655 0.468108 0.615385 0.303968
threshold=0 0.83296196964687219 1.5000000000000002 4518.8052811206917 1 1.187739437534997 2 40.878179986288366 15910.228794304317 1.4070340389700129 1.2892373734878864 0.79561763026696497 131.36459438466377 0.71654816570429147 0.64827296193767847 2029.5000000000002 82.182338216230434 46487.176882580658 3 55592.232631112907 61642.765448338389 1.0000000180025095e-35 110.24752337732177
decision_type=1 2 2 2 1 2 1 2 2 2 2 2 2 2 2 2 2 2 1 2 2 2 2
left_child=1 2 3 -1 5 -2 -7 -8 9 10 18 13 -10 14 17 -16 -17 -6 -9 22 -21 -22 -13
right_child=4 -3 -4 -5 11 6 7 8 12 -11 -12 19 -14 -15 15 16 -18 -19 -20 20 21 -23 -24
leaf_value=-0.0013677389224196043 4.366741680365401e-05 0.06789548733468885 0.019013946638037203 -0.0039910933173141526 0.00024035955521880186 0.0089659714134668871 0.00047857326975385731 0.0012578106383087781 0.0037996360329921458 0.0009998367728566342 -0.0017499814266969658 -8.7392177041148105e-05 -0.00072115528057571459 0.0007894599758716302 0.0014997735552948082 -0.0020657495738570938 0.00025585581430876401 -0.00037353718553240288 -0.0017621209306035186 -0.0011820744289333406 -0.00024841011061911203 0.0010480880680291214 0.00011738040118680453
leaf_weight=41 1578 379 49 38 145 266 101 22 36 36 35 859 26 134 20 37 25 21 23 29 40 25 234
leaf_count=41 1578 379 49 38 145 266 101 22 36 36 35 859 26 134 20 37 25 21 23 29 40 25 234
internal_value=0.000748988 0.00325919 -0.00164062 -0.00512658 0.000394382 0.000874356 0.00206422 -1.73009e-05 -0.00174157 -0.00362069 -0.005625 -0.000256491 0.00177419 0.0010733 -4.03224e-05 -0.00292683 -0.00548387 0.00138554 -0.00166667 -0.000686605 -0.00351064 -0.00115385 -0.000443733
internal_weight=4199 507 128 79 3692 2123 545 279 178 116 80 1569 62 382 248 82 62 166 45 1187 94 65 1093
internal_count=4199 507 128 79 3692 2123 545 279 178 116 80 1569 62 382 248 82 62 166 45 1187 94 65 1093
cat_boundaries=0 1 2 3 4
cat_threshold=128 92 20 1
is_linear=0
shrinkage=0.05


Tree=110
num_leaves=24
num_cat=3
split_feature=0 5 7 9 0 5 0 2 2 15 2 5 5 15 7 15 5 5 15 5 15 5 5
split_gain=1.44252 1.68779 1.0031 0.55346 0.347575 0.496457 0.689623 0.456569 0.486178 0.452153 0.43502 0.428979 0.35988 0.345238 0.334239 0.719541 0.615401 0.725926 0.543641 0.349076 0.469242 0.307876 0.464907
threshold=0 0.83296196964687219 1.5000000000000002 4518.8052811206917 1 1.187739437534997 2 2038.5000000000002 2032.5000000000002 44.850817809304324 2030.5000000000002 1.3429576197623241 0.79561763026696497 104.51569050480074 1.0000000180025095e-35 114.93378014844174 1.0549782271877521 0.64337206274225478 145.1811954609453 0.56444565938134728 93.947874581071915 0.98074084135780404 0.96614232066531724
decision_type=1 2 2 2 1 2 1 2 2 2 2 2 2 2 2 2 2 2 2 2 2 2 2
left_child=1 2 3 -1 5 14 -7 8 9 -8 11 -11 -6 -10 15 19 17 -17 -18 -2 -21 22 -16
right_child=4 -3 -4 -5 12 6 7 -9 13 10 -12 -13 -14 -15 21 16 18 -19 -20 20 -22 -23 -24
leaf_value=-0.0012993519762986357 0.00012822973634107088 0.064500712967954399 0.018063249306135353 -0.0037915386514484548 7.7992298577532471e-05 0.0085176728427935437 0.0026744369668874222 -0.00016761022909640082 0.0013564132433381516 0.0014557448670442545 -0.0016256417227803492 -0.001098964393083319 -5.4488765420509558e-05 -5.559947457276331e-05 0.00016174850870001185 -0.0038348659669558728 -0.00062099667825985135 4.8354289341807619e-05 -0.00012904907708566996 -6.3568528857477761e-05 0.0012870123288254679 0.0016358294129633607 -0.002171824813312647
leaf_weight=41 59 379 49 38 382 266 49 35 87 31 26 30 1187 21 454 20 29 108 22 495 78 292 21
leaf_count=41 59 379 49 38 382 266 49 35 87 31 26 30 1187 21 454 20 29 108 22 495 78 292 21
internal_value=0.000784711 0.00325919 -0.00164062 -0.00512658 0.0004349 0.000850914 0.00215596 0.00032872 0.00110656 -0.000882353 -0.00304598 -0.000737705 -0.000129829 0.00361111 0.000405577 -0.000302096 -0.00310056 -0.00125 -0.0077451 0.000490507 0.000113438 0.00115385 0.000368421
internal_weight=4199 507 128 79 3692 2123 545 279 244 136 87 61 1569 108 1578 811 179 128 51 632 573 767 475
internal_count=4199 507 128 79 3692 2123 545 279 244 136 87 61 1569 108 1578 811 179 128 51 632 573 767 475
cat_boundaries=0 1 2 3
cat_threshold=128 92 20
is_linear=0
shrinkage=0.05


Tree=111
num_leaves=24
num_cat=6
split_feature=0 5 7 1 7 0 5 0 5 0 15 15 5 8 5 4 14 19 10 14 1 11 3
split_gain=1.45654 1.68779 1.0031 0.50067 0.335762 0.391169 0.424069 0.427167 0.37734 0.438526 0.608909 1.01308 0.413587 0.362741 0.437029 0.640713 0.782255 0.577576 0.573016 0.380636 0.367391 0.356641 0.294754
threshold=0 0.83296196964687219 1.5000000000000002 1 1.0000000180025095e-35 2 0.98074084135780404 3 1.2782222241056231 4 63.018471646829688 32.48043640372051 0.56444565938134728 1.0000000180025095e-35 1.0687437210359148 1.0000000180025095e-35 59013.550843035846 1.0000000180025095e-35 1.5000000000000002 12132.816732385716 5 0.76884862789191122 1.0000000180025095e-35
decision_type=1 2 2 1 2 1 2 1 2 1 2 2 2 2 2 2 2 2 2 2 1 2 2
left_child=1 2 3 -1 8 6 -6 -8 12 10 11 -10 -2 19 17 16 18 -15 -16 -7 -19 -11 -21
right_child=4 -3 -4 -5 5 13 7 -9 9 21 -12 -13 -14 14 15 -17 -18 20 -20 22 -22 -23 -24
leaf_value=-0.0045640628127081853 9.7560095321718002e-05 0.061275677319556666 0.017160086840828578 -0.0017032513711594248 6.3063464239194249e-05 -0.0010940777121293778 0.0063107074710587636 0.00028734147983628148 0.00018677505590663642 0.0011215443942034049 0.00017999536174970605 -0.00058800089698363394 -5.6355316573145585e-05 -0.00021751713302538197 -0.0018612294541919261 0.00088838952067544401 -0.00011979532994087195 -0.00034484265956482088 -0.0002702415186695781 0.00076581539556571721 0.00037996753428003703 -4.1164269325345216e-05 -0.00012046526059990085
leaf_weight=34 119 379 49 45 475 34 266 278 34 161 59 22 1468 39 36 47 52 92 20 235 115 53 87
leaf_count=34 119 379 49 45 475 34 266 278 34 161 59 22 1468 39 36 47 52 92 20 235 115 53 87
internal_value=0.000772803 0.00325919 -0.00164062 -0.00512658 0.000421394 0.000917793 0.00155005 0.00251838 -3.65343e-05 0.00150456 -0.001 -0.00482143 -0.000356017 4.56325e-05 -0.000985037 -0.00306452 -0.00518518 0.000325203 -0.00928571 0.00120787 0.00137681 0.00276786 0.00173913
internal_weight=4199 507 128 79 3692 1776 1019 544 1916 329 115 56 1587 757 401 155 108 246 56 356 207 214 322
internal_count=4199 507 128 79 3692 1776 1019 544 1916 329 115 56 1587 757 401 155 108 246 56 356 207 214 322
cat_boundaries=0 1 2 3 4 5 6
cat_threshold=128 1 92 20 96 2
is_linear=0
shrinkage=0.05


Tree=112
num_leaves=24
num_cat=4
split_feature=0 0 15 36 15 15 2 15 1 3 15 15 7 7 19 15 2 2 0 15 15 9 2
split_gain=1.52762 0.354223 0.306528 0.586693 0.372888 0.255636 0.299765 0.338829 0.246951 0.472897 0.286154 0.281804 0.232864 0.224086 0.492273 0.390727 0.517677 0.327605 0.534775 0.779297 0.612981 1.0488 0.429501
threshold=0 1 17.682535482637871 2.202027035093709 21.585421683098385 169.09330351355609 2026.5000000000002 36.52676775649882 2 1.0000000180025095e-35 43.828937767560795 35.604138935003014 1.5000000000000002 1.5000000000000002 1.0000000180025095e-35 46.866759309991963 2033.5000000000002 2028.5000000000002 3 35.604138935003014 98.91055636898183 10462.996979186961 2027.5000000000002
decision_type=1 1 2 2 2 2 2 2 1 2 2 2 2 2 2 2 2 2 1 2 2 2 2
left_child=12 5 -3 4 -4 6 7 -2 9 10 11 -6 -1 14 15 16 -10 18 -16 -20 21 22 -21
right_child=1 2 3 -5 8 -7 -8 -9 13 -11 -12 -13 -14 -15 17 -17 -18 -19 19 20 -22 -23 -24
leaf_value=0.014509599994072015 0.0010551292385767442 0.00053053027881922452 -0.00087600452752386714 -0.0009012883264470483 1.6974177789475735e-05 -0.00049720416357076046 0.00020451163168857213 -0.00029244990324124912 0.00024008988789868096 0.00075117105077454626 0.00059118721646525508 -0.00064960763257131268 0.043283710563345408 7.2189806009385722e-05 8.9855046885901045e-05 0.00061014422971801758 -0.00084456970815701348 -1.6513171269584302e-05 0.0010733946803239333 6.9386355941818137e-05 -0.00029935005243697521 -0.0028791075314105181 -0.0026559240571002655
leaf_weight=321 23 159 55 23 114 38 958 41 26 71 57 29 186 677 110 142 25 990 35 21 54 24 20
leaf_count=321 23 159 55 23 114 38 958 41 26 71 57 29 186 677 110 142 25 990 35 21 54 24 20
internal_value=0.000713265 0.000353863 4.16353e-05 -9.50261e-05 -2.0408e-05 0.0011215 0.0012818 -0.00203125 7.30691e-05 0.00149447 0.00025 -0.000944056 0.00325919 -0.000108286 -0.000459571 0.00189119 -0.00186274 -0.000821371 -0.00238636 -0.00414634 -0.00634454 -0.00961538 -0.0047561
internal_weight=4199 3692 2632 2473 2450 1060 1022 64 2395 271 200 143 507 2124 1447 193 51 1254 264 154 119 65 41
internal_count=4199 3692 2632 2473 2450 1060 1022 64 2395 271 200 143 507 2124 1447 193 51 1254 264 154 119 65 41
cat_boundaries=0 1 2 3 4
cat_threshold=128 20 4 96
is_linear=0
shrinkage=0.05


Tree=113
num_leaves=24
num_cat=3
split_feature=0 5 7 9 14 0 5 0 15 2 2 15 9 7 5 15 15 2 15 5 15 5 15
split_gain=1.23738 1.75604 1.11706 0.756015 0.400758 0.33578 0.762763 0.443156 0.625778 0.73216 0.344043 0.63787 0.500595 0.378041 0.427201 0.34807 0.627817 0.707071 0.32357 0.300757 0.436856 0.330438 0.367764
threshold=0 0.8562717732649815 1.5000000000000002 4205.0603686627064 62457.191132181797 1 1.187739437534997 2 36.52676775649882 2031.5000000000002 2026.5000000000002 36.52676775649882 8827.1461165644123 1.5000000000000002 0.65500856664796159 114.07011094534455 135.4327625519401 2033.5000000000002 156.2921917089777 0.56444565938134728 102.80552441240948 0.62209009350254196 60.810578974456057
decision_type=1 2 2 2 2 1 2 1 2 2 2 2 2 2 2 2 2 2 2 2 2 2 2
left_child=1 2 3 -1 -5 6 10 -8 -9 -10 11 -2 -13 15 -15 19 17 -17 -18 -12 21 -21 -23
right_child=5 -3 -4 4 -6 -7 7 8 9 -11 13 12 -14 14 -16 16 18 -19 -20 20 -22 22 -24
leaf_value=-0.00086946000245235555 0.001764597556827667 0.063291693346749209 0.01450573954795497 -0.0057243173680673253 -0.0026330369165631258 -4.012569719567337e-06 0.0080549339153851707 0.00062478344369050031 -0.001935670235159624 0.00096647729172803657 6.5799725859027301e-05 -0.00024535792405942243 -0.0020634674593823345 -0.0014522240374659967 0.0026974947841215176 -4.6787894756386349e-06 0.00035109836406278197 -0.0013227026898081145 -0.00082055884805051738 -0.0003282331263219737 0.0019363740335442991 7.9967993410644939e-05 -0.00028319672321548429
leaf_weight=45 27 365 53 20 24 2126 266 44 35 46 52 28 20 45 329 33 51 30 45 22 41 305 147
leaf_count=45 27 365 53 20 24 2126 266 44 35 46 52 28 20 45 329 33 51 30 45 22 41 305 147
internal_value=0.000677542 0.00296905 -0.00169014 -0.00511236 -0.00977273 0.000353863 0.000907361 0.00282609 0.000185185 -0.00240741 0.000276596 -0.003 -0.00645833 0.0005 0.00179144 -0.000165289 -0.0022327 -0.00611111 0.0003125 0.000414462 4.85439e-05 -0.000379747 -8.84954e-05
internal_weight=4199 507 142 89 44 3692 1566 391 125 81 1175 75 48 1100 374 726 159 63 96 567 515 474 452
internal_count=4199 507 142 89 44 3692 1566 391 125 81 1175 75 48 1100 374 726 159 63 96 567 515 474 452
cat_boundaries=0 1 2 3
cat_threshold=128 28 20
is_linear=0
shrinkage=0.05


Tree=114
num_leaves=24
num_cat=3
split_feature=0 5 5 5 0 5 9 5 9 1 15 9 3 6 5 7 4 5 7 37 7 15 9
split_gain=1.17577 2.04586 0.474627 0.446193 0.478603 0.432792 0.412886 0.344135 0.273871 0.304429 0.335508 0.25529 0.809157 0.413675 0.405339 0.534795 0.680417 0.396812 0.250753 0.236128 0.235342 0.361978 0.859923
threshold=0 0.83593146774837945 0.44510901738983766 1.1016024789624379 1 0.56444565938134728 25607.930157639341 0.58440279015043262 8257.9167096019974 2 32.48043640372051 21215.587357742115 1.0000000180025095e-35 1.0000000180025095e-35 0.6677617044747115 1.5000000000000002 1.0000000180025095e-35 0.78493427256843895 1.0000000180025095e-35 2.5000000000000004 1.5000000000000002 156.2921917089777 6214.9048089522867
decision_type=1 2 2 2 1 2 2 2 2 1 2 2 2 2 2 2 2 2 2 2 2 2 2
left_child=1 2 -1 4 -3 -2 8 -7 9 18 -11 13 -13 14 -4 16 17 -16 -6 20 21 -9 -23
right_child=5 3 11 -5 6 7 -8 19 -10 10 -12 12 -14 -15 15 -17 -18 -19 -20 -21 -22 22 -24
leaf_value=-0.0028770225378526777 0.00012247840976641777 0.03580260503873587 0.00010092871315124983 0.010060638272488072 -0.00026550727630174651 -0.00039958615897234501 -0.00027733656527308831 2.6988333792345629e-06 0.0046488038379364259 -6.0371245786035115e-05 0.0020664698835792038 0.00030183052010856874 -0.0025329077248092764 0.0013609313302161154 0.0020495495900646767 0.0027362383794377844 -0.0022621905061728392 -0.0041247040730913852 0.00054064812665589781 -0.00064852120897544068 0.00012616984481944796 -0.001398522562056039 -2.5599181371170368e-05
leaf_weight=22 185 192 55 373 21 29 38 1847 43 29 45 30 26 33 23 26 23 27 23 26 945 25 113
leaf_count=22 185 192 55 373 21 29 38 1847 43 29 45 30 26 33 23 26 23 27 23 26 945 25 113
internal_value=0.000701358 0.00216073 -0.00160377 0.00349476 0.00231458 0.000220126 0.000454546 7.53771e-05 0.00158385 0.000338983 0.0022973 -0.000967078 -0.00392857 -8.02137e-05 -0.00116883 -0.00308081 -0.00527397 -0.002 -0.00295455 0.000128552 0.000170649 -0.000138539 -0.0026087
internal_weight=4199 1029 265 764 391 3170 199 2985 161 118 74 243 56 187 154 99 73 50 44 2956 2930 1985 138
internal_count=4199 1029 265 764 391 3170 199 2985 161 118 74 243 56 187 154 99 73 50 44 2956 2930 1985 138
cat_boundaries=0 1 2 3
cat_threshold=144 128 1
is_linear=0
shrinkage=0.05


Tree=115
num_leaves=24
num_cat=3
split_feature=0 5 5 14 5 5 0 1 5 5 5 5 7 2 14 15 2 37 7 14 19 15 14
split_gain=1.29542 1.64575 0.585153 1.13437 0.432792 0.354824 0.566421 0.455205 0.447294 0.366253 0.569492 0.344135 0.337595 0.653061 0.750893 0.280252 0.658561 0.236128 0.235342 0.352363 0.49992 0.555375 0.416188
threshold=0 0.8562717732649815 0.56444565938134728 63649.747117273306 0.56444565938134728 1.1984608579909508 1 2 0.92150294269003385 0.99972858438040657 1.0527453708314882 0.58440279015043262 1.5000000000000002 2027.5000000000002 26305.939935509199 32.48043640372051 2033.5000000000002 2.5000000000000004 1.5000000000000002 30893.119705021531 1.0000000180025095e-35 18.577992380300092 2259.3593459485278
decision_type=1 2 2 2 2 2 1 1 2 2 2 2 2 2 2 2 2 2 2 2 2 2 2
left_child=1 2 3 -1 -2 6 -3 8 -8 -10 -11 -6 13 -4 -15 16 -9 18 19 22 -21 -22 -13
right_child=4 5 12 -5 11 -7 7 15 9 10 -12 17 -14 14 -16 -17 -18 -19 -20 20 21 -23 -24
leaf_value=4.4014006792224459e-05 0.00011635448927809654 0.05119469290389024 -0.0048102867245613367 -0.0038487375137026842 -0.00037960685102372566 0.010875812452039056 0.0032566976491456498 0.0054477028482348908 -0.00050833759374627825 0.0012476215097522092 -0.0012475995570766379 -0.0016110119991250716 0.0016352353062953373 -0.0029258635306524477 0.0002738079006094685 0.0019705183548205155 -0.00065889235988499497 -0.00061609514852666893 0.00011986135257847288 0.00020118280101888479 -0.00060331970415283831 -4.8363147394675828e-05 8.9350363982167109e-05
leaf_weight=40 185 237 21 24 29 262 21 26 27 24 35 24 75 30 96 90 21 26 945 180 27 1277 477
leaf_count=40 185 237 21 24 29 262 21 26 27 24 35 24 75 30 96 90 21 26 945 180 27 1277 477
internal_value=0.000725173 0.00225698 -0.000944056 -0.00515625 0.000220126 0.00351952 0.0027131 0.000866142 -0.00154206 -0.00313953 -0.000932203 7.53771e-05 0.00027027 -0.00112245 0.000238095 0.00281022 -0.000319149 0.000128552 0.000170649 -0.000138539 -0.000525606 -0.000866564 0.00100798
internal_weight=4199 1029 286 64 3170 743 481 244 107 86 59 2985 222 147 126 137 47 2956 2930 1985 1484 1304 501
internal_count=4199 1029 286 64 3170 743 481 244 107 86 59 2985 222 147 126 137 47 2956 2930 1985 1484 1304 501
cat_boundaries=0 1 2 3
cat_threshold=144 128 1
is_linear=0
shrinkage=0.05


Tree=116
num_leaves=24
num_cat=3
split_feature=0 5 7 5 9 14 5 5 5 0 9 1 9 7 2 16 7 5 2 14 11 9 14
split_gain=1.1566 1.73284 0.532444 0.591133 1.00392 0.777386 0.451352 0.426994 0.332388 0.684375 0.497956 0.360173 0.452525 0.587778 0.325455 0.277003 0.266614 0.512695 0.419333 0.946683 0.490267 0.439392 0.584348
threshold=0 0.9297071399625868 2.5000000000000004 0.56444565938134728 8485.1027934532904 23323.627465377227 0.81700912784608037 0.56444565938134728 1.1016024789624379 1 25607.930157639341 2 8257.9167096019974 1.0000000180025095e-35 2027.5000000000002 3.485125 1.5000000000000002 0.59363815052548841 2034.5000000000002 9214.638144696979 0.022181602944652261 14017.370295984869 80163.209643722032
decision_type=1 2 2 2 2 2 2 2 2 1 2 1 2 2 2 2 2 2 2 2 2 2 2
left_child=1 2 3 4 -1 6 -5 -2 9 -3 11 -11 13 -13 -7 -16 17 -9 19 -18 21 -21 -23
right_child=7 8 -4 5 -6 14 -8 16 -10 10 -12 12 -14 -15 15 -17 18 -19 -20 20 -22 22 -24
leaf_value=-0.001611093387688404 0.00011053676481419138 0.054939233482671115 0.0033491966605268004 -3.335069284437879e-05 -0.0024607947361380521 -0.0019385100504042165 -0.004586825037536808 -0.00052355724937057954 0.0092058574233031525 0.0025408254576093979 -0.00060432258965072508 -0.00046629465273987519 0.0042444918777243615 0.0023865340582542149 0.00031890764391848738 -4.9621370623081966e-05 -0.0013357232340711726 -7.8288587465900175e-06 0.00082639506906477295 -0.00038198793984513973 0.00034162202678427898 0.00074316412933480853 -0.0004465960318213747
leaf_weight=34 185 142 68 31 20 28 26 24 373 39 26 25 21 20 151 25 40 1991 389 157 209 60 115
leaf_count=34 185 142 68 31 20 28 26 24 373 39 26 25 21 20 151 25 40 1991 389 157 209 60 115
internal_value=0.000713265 0.00216073 -0.000483029 -0.00134921 -0.00611111 -0.000363984 -0.00552632 0.000235849 0.00376161 0.0024359 -0.000319149 0.00119048 -0.00106061 -0.00388889 0.00107843 0.001875 9.21275e-05 -0.000235732 0.000773196 -7.74525e-05 0.00047135 -0.000722891 0.001
internal_weight=4199 1029 383 315 54 261 57 3170 646 273 131 105 66 45 204 176 2985 2015 970 581 541 332 175
internal_count=4199 1029 383 315 54 261 57 3170 646 273 131 105 66 45 204 176 2985 2015 970 581 541 332 175
cat_boundaries=0 1 2 3
cat_threshold=144 128 2
is_linear=0
shrinkage=0.05


Tree=117
num_leaves=24
num_cat=4
split_feature=0 5 5 14 9 9 5 5 0 5 1 5 5 15 7 9 4 15 9 1 15 14 15
split_gain=1.06192 1.7765 0.600931 0.498509 0.741671 0.629762 0.662039 0.498569 0.340401 0.656206 0.536626 0.338845 0.346266 0.338628 0.319118 0.456049 0.259845 0.256971 0.398892 0.253692 0.50804 0.441922 0.708033
threshold=0 0.9297071399625868 0.44510901738983766 23323.627465377227 6112.4550825136303 8257.9167096019974 0.65500856664796159 0.80201068204579806 1 1.1984608579909508 2 0.56444565938134728 0.58440279015043262 106.28319997355487 1.0000000180025095e-35 6490.256532590297 1.0000000180025095e-35 84.451189777756809 15738.99190154733 3 24.812388260590357 80922.769451986052 114.93378014844174
decision_type=1 2 2 2 2 2 2 2 1 2 1 2 2 2 2 2 2 2 2 1 2 2 2
left_child=1 2 -1 7 13 -6 -7 -4 -3 10 -10 17 -13 -5 15 -12 -8 -2 -19 20 -14 22 -21
right_child=11 8 3 4 5 6 16 -9 9 -11 14 12 19 -15 -16 -17 -18 18 -20 21 -22 -23 -24
leaf_value=-0.0024219433065397243 0.00017276206534672499 0.063377431543814339 6.8590808217274728e-05 0.0011336657262440309 -0.0036448557450453794 -0.0018152207779284881 0.0007139444421227722 -0.0041121127712199276 0.0029405098175983874 0.0069907192964505319 -0.00063439704364566226 -0.00033444864600401205 -7.8101842240283718e-05 -0.00039945792953810538 0.0011515202327425367 0.00027528147507244633 -5.41392461129724e-05 -0.0011935452233238152 0.00041858340779083348 -2.9366393029814169e-05 0.00015641648782000196 4.3837768247808963e-05 -0.0011286247770017205
leaf_weight=22 117 327 40 115 20 23 72 34 75 134 29 29 179 32 51 30 25 33 35 1340 284 1133 20
leaf_count=22 117 327 40 115 20 23 72 34 75 134 29 29 179 32 51 30 25 33 35 1340 284 1133 20
internal_value=0.000677542 0.00206449 -0.000613577 -0.000124654 0.000818815 -0.00178571 -0.000416666 -0.00378378 0.00368421 0.00226444 0.000405406 0.000220126 9.21275e-05 0.00329932 -0.00181818 -0.00432203 0.00139175 0.0022973 -0.000147059 0.000145467 0.0012203 -5.41514e-05 -0.000661765
internal_weight=4199 1029 383 361 287 140 120 74 646 319 185 3170 2985 147 110 59 97 185 68 2956 463 2493 1360
internal_count=4199 1029 383 361 287 140 120 74 646 319 185 3170 2985 147 110 59 97 185 68 2956 463 2493 1360
cat_boundaries=0 1 2 3 4
cat_threshold=144 128 2 4
is_linear=0
shrinkage=0.05


Tree=118
num_leaves=24
num_cat=4
split_feature=0 5 7 8 15 15 5 0 9 9 2 9 8 1 2 11 14 15 2 0 14 15 9
split_gain=1.19444 1.88773 0.467495 0.397279 0.388904 0.474883 0.368585 0.606947 0.636334 0.325167 0.308903 0.275623 0.357344 0.466291 0.264933 0.238126 0.263127 0.857913 0.79437 0.637818 0.582518 0.456298 0.843956
threshold=0 0.86607280868335701 2.5000000000000004 1.0000000180025095e-35 34.813372393803284 53.616115913572237 1.1984608579909508 1 25607.930157639341 16658.602543179379 2035.5000000000002 8257.9167096019974 1.0000000180025095e-35 2 2030.5000000000002 1.4359312052522233 80922.769451986052 82.822949980327493 2037.5000000000002 3 63193.011779459252 161.22796538236682 83127.566390373177
decision_type=1 2 2 2 2 2 2 1 2 2 2 2 2 1 2 2 2 2 2 1 2 2 2
left_child=1 2 3 4 -1 -6 7 -3 11 10 14 12 13 -9 -7 16 17 -2 20 -18 -19 -21 -23
right_child=15 6 -4 -5 5 9 -8 8 -10 -11 -12 -13 -14 -15 -16 -17 19 18 -20 21 -22 22 -24
leaf_value=0.00017762105487188374 1.3084650106883656e-05 0.045495610959024491 0.0030273956198370528 -0.0034516944580037824 -0.0031014065527872532 -0.0011365329481540249 0.0095221929934494274 0.0021833388822411169 -0.00019594871206554391 0.00029307622538323158 0.0005478004535116914 0.0040986494443509304 0.0057508271078902697 -0.00042187590956887827 -0.0021059813080478275 0.00042754386533978709 0.00040104218746409275 8.1368915097508102e-05 0.0007723320417079055 1.4533336077180709e-05 -0.0015326299220901857 -0.00077091927028732085 0.0011102713744589267
leaf_weight=65 1633 235 52 38 30 27 262 48 40 39 26 53 37 57 20 115 609 36 53 496 137 70 21
leaf_count=65 1633 235 52 38 30 27 262 48 40 39 26 53 37 57 20 115 609 36 53 496 137 70 21
internal_value=0.00064182 0.00211261 -0.00122896 -0.00214286 -0.00128019 -0.00274648 0.00349727 0.00265957 0.000714286 -0.00125 -0.00321918 0.00192308 0.000774648 -0.000714286 -0.0056383 0.000157233 7.36499e-05 -0.000298547 -0.00318584 0.000652174 -0.00482659 -0.000527638 -0.00379121
internal_weight=4199 1029 297 245 207 142 732 470 235 112 73 195 142 105 47 3170 3055 1859 226 1196 173 587 91
internal_count=4199 1029 297 245 207 142 732 470 235 112 73 195 142 105 47 3170 3055 1859 226 1196 173 587 91
cat_boundaries=0 1 2 3 4
cat_threshold=144 128 2 70
is_linear=0
shrinkage=0.05


Tree=119
num_leaves=24
num_cat=3
split_feature=0 5 5 0 5 9 15 9 9 15 11 15 9 2 5 5 2 3 2 8 0 5 15
split_gain=1.11871 1.4099 0.661034 0.398684 0.407381 0.561206 0.33436 0.341023 0.633608 0.348464 0.41994 0.309429 0.313089 0.348772 0.268612 0.260458 0.737542 1.20665 0.68494 0.761098 0.310902 0.67104 0.465103
threshold=0 0.9297071399625868 0.44510901738983766 1 1.1080825569437391 25607.930157639341 79.177087869923426 8149.6695448327418 4205.0603686627064 39.711119482505694 0.090467964210360033 90.206750750903851 53875.640890162242 2032.5000000000002 0.53101761050589735 0.6614825672723017 2030.5000000000002 1.0000000180025095e-35 2032.5000000000002 1.0000000180025095e-35 2 0.84175118767219159 100.09646157997106
decision_type=1 2 2 1 2 2 2 2 2 2 2 2 2 2 2 2 2 2 2 2 1 2 2
left_child=1 2 -1 -3 5 -5 7 8 9 10 -4 -8 13 -13 -2 16 -16 18 -18 -20 21 -17 -23
right_child=14 3 6 4 -6 -7 11 -9 -10 -11 -12 12 -14 -15 15 20 17 -19 19 -21 -22 22 -24
leaf_value=-0.0022391722504887632 0.00016828539498025253 0.057933779418672407 0.0015128114263851709 9.6457015243664907e-05 0.0044283875176598219 -0.00064470381184605007 -0.0026696854549574625 0.00099154550998343063 -0.0040337248407955086 0.0012954834908636952 -0.0016496172754495615 -0.00035314387896416902 -0.0015718851705144234 0.0013463173174359873 0.00032864345404852164 0.00018741186824134054 -0.0018742888279921527 0.00023806725534167587 -0.0021474301382969339 0.00033442190389090451 4.9310845834153126e-05 -0.00036754521373724952 1.4800717195330614e-05
leaf_weight=22 150 327 26 105 188 26 20 71 31 49 59 39 23 43 68 171 24 41 50 32 1880 519 235
leaf_count=22 150 327 26 105 188 26 20 71 31 49 59 39 23 43 68 171 24 41 50 32 1880 519 235
internal_value=0.00073708 0.00216073 -0.000221932 0.00360681 0.00211246 3.81681e-05 0.000290859 0.00139831 0.000151515 0.00164179 -0.000294117 -0.0018 -0.000714286 0.000731707 0.000267296 0.000165563 -0.00151163 -0.0035034 -0.00632075 -0.00414634 0.000294118 -0.000454545 -0.0011008
internal_weight=4199 1029 383 646 319 131 361 236 165 134 85 125 105 82 3170 3020 215 147 106 82 2805 925 754
internal_count=4199 1029 383 646 319 131 361 236 165 134 85 125 105 82 3170 3020 215 147 106 82 2805 925 754
cat_boundaries=0 1 2 3
cat_threshold=144 128 34
is_linear=0
shrinkage=0.05


end of trees

feature_importances:
scale=582
type_idx=325
min_road_km=322
min_water_m=291
nearby_2km=276
min_habitat_m=270
horizon_year=226
country_idx=86
habitat_proximity=72
snow_mm=59
cooling=52
buffer=39
precip_mm=37
roadkill_intensity_2km=25
habitat_hits=23
nearby_highway_2km=22
has_gbif=16
has_roadkill=11
has_osm_roads=9
nearby_500m=8
roadkill_count_2km=6
water_hits=3

parameters:
[boosting: gbdt]
[objective: quantile]
[metric: quantile]
[tree_learner: serial]
[device_type: cpu]
[data_sample_strategy: bagging]
[data: ]
[valid: ]
[num_iterations: 120]
[learning_rate: 0.05]
[num_leaves: 24]
[num_threads: 0]
[seed: 7]
[deterministic: 0]
[force_col_wise: 0]
[force_row_wise: 0]
[histogram_pool_size: -1]
[max_depth: -1]
[min_data_in_leaf: 20]
[min_sum_hessian_in_leaf: 0.001]
[bagging_fraction: 1]
[pos_bagging_fraction: 1]
[neg_bagging_fraction: 1]
[bagging_freq: 0]
[bagging_seed: 17422]
[bagging_by_query: 0]
[feature_fraction: 0.9]
[feature_fraction_bynode: 1]
[feature_fraction_seed: 7040]
[extra_trees: 0]
[extra_seed: 6516]
[early_stopping_round: 0]
[early_stopping_min_delta: 0]
[first_metric_only: 0]
[max_delta_step: 0]
[lambda_l1: 0]
[lambda_l2: 0]
[linear_lambda: 0]
[min_gain_to_split: 0]
[drop_rate: 0.1]
[max_drop: 50]
[skip_drop: 0.5]
[xgboost_dart_mode: 0]
[uniform_drop: 0]
[drop_seed: 15215]
[top_rate: 0.2]
[other_rate: 0.1]
[min_data_per_group: 100]
[max_cat_threshold: 32]
[cat_l2: 10]
[cat_smooth: 10]
[max_cat_to_onehot: 4]
[top_k: 20]
[monotone_constraints: ]
[monotone_constraints_method: basic]
[monotone_penalty: 0]
[feature_contri: ]
[forcedsplits_filename: ]
[refit_decay_rate: 0.9]
[cegb_tradeoff: 1]
[cegb_penalty_split: 0]
[cegb_penalty_feature_lazy: ]
[cegb_penalty_feature_coupled: ]
[path_smooth: 0]
[interaction_constraints: ]
[verbosity: -1]
[saved_feature_importance_type: 0]
[use_quantized_grad: 0]
[num_grad_quant_bins: 4]
[quant_train_renew_leaf: 0]
[stochastic_rounding: 1]
[linear_tree: 0]
[max_bin: 255]
[max_bin_by_feature: ]
[min_data_in_bin: 3]
[bin_construct_sample_cnt: 200000]
[data_random_seed: 61]
[is_enable_sparse: 1]
[enable_bundle: 1]
[use_missing: 1]
[zero_as_missing: 0]
[feature_pre_filter: 1]
[pre_partition: 0]
[two_round: 0]
[header: 0]
[label_column: ]
[weight_column: ]
[group_column: ]
[ignore_column: ]
[categorical_feature: 0,1]
[forcedbins_filename: ]
[precise_float_parser: 0]
[parser_config_file: ]
[objective_seed: 15521]
[num_class: 1]
[is_unbalance: 0]
[scale_pos_weight: 1]
[sigmoid: 1]
[boost_from_average: 1]
[reg_sqrt: 0]
[alpha: 0.1]
[fair_c: 1]
[poisson_max_delta_step: 0.7]
[tweedie_variance_power: 1.5]
[lambdarank_truncation_level: 30]
[lambdarank_norm: 1]
[label_gain: ]
[lambdarank_position_bias_regularization: 0]
[eval_at: ]
[multi_error_top_k: 1]
[auc_mu_weights: ]
[num_machines: 1]
[local_listen_port: 12400]
[time_out: 120]
[machine_list_filename: ]
[machines: ]
[gpu_platform_id: -1]
[gpu_device_id: -1]
[gpu_device_id_list: ]
[gpu_use_dp: 0]
[num_gpu: 1]

end of parameters

pandas_categorical:null
