tree
version=v4
num_class=1
num_tree_per_iteration=1
label_index=0
max_feature_idx=33
objective=quantile
feature_names=type_idx country_idx horizon_year cooling buffer scale nearby_500m nearby_2km nearby_highway_2km min_habitat_m habitat_hits habitat_proximity water_hits water_overlap min_water_m min_road_km snow_mm precip_mm gbif_myotis_myotis gbif_meles_meles gbif_castor_fiber gbif_alcedo_atthis gbif_bombina_variegata gbif_alauda_arvensis gbif_podiceps_cristatus gbif_acrocephalus_scirpaceus gbif_lutra_lutra gbif_ciconia_ciconia gbif_cervus_elaphus gbif_count_500m gbif_count_2km gbif_suitability roadkill_intensity_2km roadkill_count_2km
feature_infos=[0:7] [0:2] [2026:2035] [0:1] [0:1] [0.5:1.6744926934588471] none none none [0:181965.11649798346] [0:3] [0:1] [0:3] [0:1] [0:191884.56234530636] none none none none none none none none none none none none none none none none none none none
tree_sizes=2049 2177 2195 2190 2194 2191 2202 2158 2187 2189 2215 2192 2178 2214 2204 2197 2208 2193 2188 2189 2219 2181 2211 2216 2214 2223 2211 2224 2213 2216 2209 2218 2203 2203 2204 2219 2221 2195 2222 2218 2223 2240 2208 2227 2217 2230 2215 2233 2224 2205 2206 2238 2240 2229 2240 2223 2225 2190 2214 2219 2220 2229 2227 2211 2228 2223 2224 2193 2237 2233 2222 2238 2243 2240 2234 2232 2226 2240 2238 2234

Tree=0
num_leaves=24
num_cat=0
split_feature=0 5 0 0 5 0 9 5 14 5 5 5 14 9 9 9 1 14 14 14 9 2 9
split_gain=41.2435 17.307 9.40537 17.6346 2.32425 2.18059 1.57467 1.21097 0.953304 0.951405 0.9444 1.05873 0.944548 1.1859 0.847059 0.728843 0.698284 0.890085 1.33368 0.695398 0.640553 0.624531 0.57899
threshold=6.5000000000000009 0.83593506997909406 1.5000000000000002 1.0000000180025095e-35 0.74913494031657268 3.5000000000000004 13822.691992603677 1.1844277115722703 60094.682628214316 0.78607608646947869 1.1079439466420364 1.0144370916682817 49976.32584920826 63819.959179999823 30649.342567377967 20281.868311528979 1.0000000180025095e-35 43518.756093386022 13746.170165645583 37874.887825184371 106081.59508588404 2032.5000000000002 81076.417220917836
decision_type=2 2 2 2 2 2 2 2 2 2 2 2 2 2 2 2 2 2 2 2 2 2 2
left_child=2 9 3 -1 5 -4 -5 8 15 -2 11 12 19 -14 -7 -3 17 18 -17 -8 -10 -15 -16
right_child=1 7 4 6 -6 14 10 -9 20 -11 -12 -13 13 21 22 16 -18 -19 -20 -21 -22 -23 -24
leaf_value=10.299784120989424 9.1686359173850125 9.1693745663026878 9.9054355115657948 10.00545868897424 9.894060612695089 9.567593829829212 9.1692621481195768 9.1699846010237351 9.1688045242586131 9.1697967969094591 9.1703642573802675 9.1689645488627018 10.018292858309596 9.1693909413435879 10.126618968588749 9.1699496860877474 9.1693203609293263 9.2207519892903669 9.1673871014391857 9.1677648717543221 9.1712035126910987 9.1690483100237898 9.5455646232129112
leaf_weight=397 37 24 74 23 1832 30 96 57 58 30 86 88 31 32 43 21 93 22 26 21 27 23 29
leaf_count=397 37 24 74 23 1832 30 96 57 58 30 86 88 31 32 43 21 93 22 26 21 27 23 29
internal_value=9.65273 9.63761 9.65486 9.65027 9.65669 9.6512 9.64286 9.64234 9.64094 9.61445 9.64208 9.64072 9.64271 9.64669 9.64646 9.64295 9.64415 9.64034 9.63646 9.63979 9.63656 9.64228 9.6494
internal_weight=3200 395 2805 797 2008 176 400 328 271 67 377 291 203 86 102 186 162 69 47 117 85 55 72
internal_count=3200 395 2805 797 2008 176 400 328 271 67 377 291 203 86 102 186 162 69 47 117 85 55 72
is_linear=0
shrinkage=1


Tree=1
num_leaves=24
num_cat=0
split_feature=4 5 9 5 14 9 9 9 5 5 9 9 9 14 9 9 1 9 5 14 14 5 9
split_gain=55.2957 4.34328 3.17133 1.29546 1.03654 0.988869 1.39449 1.28399 0.902021 0.660454 0.846821 0.754423 1.50873 0.792599 1.15052 0.975766 0.625041 0.831144 0.67327 0.62167 1.34022 0.612964 1.3136
threshold=1.0000000180025095e-35 0.87497822591249685 36743.461334297892 0.81129936193001229 7975.5112011859319 34023.85730484574 16786.285734786979 46939.920867854038 1.1142091480819183 0.95922887924388489 51653.052929104386 40262.117122566422 45088.765049213318 96925.167375710022 97470.688934264224 52340.370531419692 1.0000000180025095e-35 57573.520787453483 1.1955684557695698 38338.242606052641 73021.445347470421 0.7234857934403881 54071.328489639527
decision_type=2 2 2 2 2 2 2 2 2 2 2 2 2 2 2 2 2 2 2 2 2 2 2
left_child=3 5 4 -1 -3 6 -2 -7 9 10 -4 -11 -13 14 15 -14 18 -18 -10 -17 -21 -9 -23
right_child=1 2 8 -5 -6 7 -8 21 16 11 -12 12 13 -15 -16 19 17 -19 -20 20 -22 22 -24
leaf_value=0.035891295936503198 -0.45763395362464654 -0.45911081629773109 -0.45853545650797439 0.26044204305497304 -0.45722675726636464 -0.45666619462389169 -0.45902438054646089 -0.45970584642113804 -0.46089119813921775 -0.45917772465638401 -0.45926752137613724 -0.46194054741660129 -0.45933577061922765 -0.4582434091179291 0.09655436496464595 -0.45978030367500217 -0.45827206902207496 0.19225760948463472 -0.46008942568469191 -0.45996215099503956 -0.45855907906309978 -0.45882758255186018 -0.4582451913941385
leaf_weight=320 33 68 36 1910 211 52 52 36 22 21 57 22 26 37 20 30 40 33 31 31 21 20 71
leaf_count=320 33 68 36 1910 211 52 52 36 22 21 57 22 26 37 20 30 40 33 31 31 21 20 71
internal_value=0.000171875 -0.00979381 -0.00774787 0.00450673 -0.00360215 -0.0152652 -0.0197059 -0.0131564 -0.0104567 -0.0119435 -0.00844086 -0.0135096 -0.0145187 -0.0128788 -0.0110156 -0.0130556 -0.00690476 -0.00390411 -0.0110377 -0.0157317 -0.0190385 -0.0158661 -0.0136813
internal_weight=3200 970 706 2230 279 264 85 179 427 301 93 208 187 165 128 108 126 73 53 82 52 127 91
internal_count=3200 970 706 2230 279 264 85 179 427 301 93 208 187 165 128 108 126 73 53 82 52 127 91
is_linear=0
shrinkage=0.05


Tree=2
num_leaves=24
num_cat=0
split_feature=4 0 0 0 5 0 0 5 5 0 5 14 14 5 5 5 5 14 1 5 5 1 5
split_gain=48.8728 71.3792 37.0729 54.5689 5.5659 6.66835 2.30953 14.0025 0.855626 1.03755 0.556158 0.644419 0.301148 0.180373 0.126254 0.200993 0.0494887 0.0415966 1.42109e-14 1.42109e-14 3.55271e-15 2.22045e-16 2.22045e-16
threshold=1.0000000180025095e-35 6.5000000000000009 1.5000000000000002 1.0000000180025095e-35 0.74913494031657268 3.5000000000000004 6.5000000000000009 0.78607608646947869 0.85250640420330903 3.5000000000000004 0.94504317227432166 29608.016072825212 66336.923133173448 0.81129936193001229 0.91131576306078255 0.88809910615481324 0.54576143745242633 7701.8585534017775 1.0000000180025095e-35 1.0909807188221152 1.3442651910556107 1.0000000180025095e-35 1.0295092369820498
decision_type=2 2 2 2 2 2 2 2 2 2 2 2 2 2 2 2 2 2 2 2 2 2 2
left_child=6 2 3 22 5 -4 16 -8 9 -6 11 -9 -13 -11 15 -10 -1 -5 -3 -19 -18 -12 -2
right_child=1 18 4 17 8 -7 7 10 14 13 21 12 -14 -15 -16 -17 20 19 -20 -21 -22 -23 -24
leaf_value=0.46084370820020615 0.29789538272205018 -0.43828000944097723 0.16061986535984327 -0.43900751520670656 0.3944295743716994 -0.091191820570245719 -0.14811038025128218 0.0085008859009044601 0.060057778909824028 -0.043856305112811002 0.093557500976975155 -0.0056255607726834423 0.0085477520622602842 -0.012667062366742032 0.12875575399418956 0.0078693939544314164 0.75559566710493264 -0.43867167382514061 -0.43781020520175223 -0.43680581601189944 1.3279247141928656 0.093116037164465745 0.67674266162806795
leaf_weight=20 58 51 30 20 42 32 22 35 36 25 62 23 21 21 414 26 1883 78 70 21 53 111 46
leaf_count=20 58 51 30 20 42 32 22 35 36 25 62 23 21 21 414 26 1883 78 70 21 53 111 46
internal_value=0.000296875 -0.00907216 -0.00395171 -0.0214574 0.00228435 -0.0119355 0.0043722 7.29929e-05 0.00384752 -0.000681818 0.0034127 -6.3291e-05 -0.00409091 -0.00586956 0.00468487 0.00258065 0.00497444 -0.0445798 -0.045 -0.045 0.005 0.005 0.005
internal_weight=3200 970 849 223 626 62 2230 274 564 88 252 79 44 46 476 62 1956 119 121 99 1936 173 104
internal_count=3200 970 849 223 626 62 2230 274 564 88 252 79 44 46 476 62 1956 119 121 99 1936 173 104
is_linear=0
shrinkage=0.05


Tree=3
num_leaves=24
num_cat=0
split_feature=4 5 9 14 5 14 9 2 5 3 5 9 5 5 1 9 3 14 14 14 5 9 14
split_gain=49.7404 2.8562 3.01411 1.3025 1.10623 1.01713 0.990809 0.928957 0.773877 1.42662 2.50149 0.770903 0.736468 1.11208 0.7706 1.0041 0.728719 0.715795 0.638102 0.759682 0.668138 0.57619 0.520627
threshold=1.0000000180025095e-35 0.87497822591249685 36743.461334297892 7701.8585534017775 0.81129936193001229 3566.5872263559145 34023.85730484574 2032.5000000000002 0.7234857934403881 1.0000000180025095e-35 0.8171055759366409 21183.803941201466 1.1201071056310488 0.95922887924388489 1.0000000180025095e-35 88738.823901791926 1.0000000180025095e-35 43233.051370288835 107607.04040150355 41017.141658998822 1.0318533198542548 49542.054743929395 57769.506581224101
decision_type=2 2 2 2 2 2 2 2 2 2 2 2 2 2 2 2 2 2 2 2 2 2 2
left_child=4 3 5 -2 -1 -3 -5 8 -8 10 -10 -7 13 17 15 22 -13 -4 19 20 -16 -9 -15
right_child=1 2 12 6 -6 11 7 21 9 -11 -12 16 -14 14 18 -17 -18 -19 -20 -21 -22 -23 -24
leaf_value=0.033671686844632821 -0.25762965363942469 -0.41427026658073995 -0.41466579681778654 -0.41416811677672571 0.24276413904400115 0.066071789860696756 -0.41435201387671372 -0.41301461576560761 -0.41234132130847717 0.026346056410344931 -0.41467315655630244 -0.41325455761472513 -0.41399246936770839 -0.4150647512797962 -0.41507059804836405 -0.41190521370150246 -0.41483293131730986 -0.4131656971961552 -0.41324038959687642 -0.41363555230079907 -0.4149964042537575 -0.41429497503410995 -0.41542934443966995
leaf_weight=320 36 46 38 61 1910 96 32 21 32 23 24 102 119 35 22 20 35 55 26 47 39 35 26
leaf_count=320 36 46 38 61 1910 96 32 21 32 23 24 102 119 35 22 20 35 55 26 47 39 35 26
internal_value=0.000328125 -0.00912371 -0.00746459 -0.0135606 0.00443946 -0.00342294 -0.0149561 -0.0129641 -0.0103153 -0.00765823 -0.0119643 -0.00208154 -0.0101054 -0.0113961 -0.0133721 -0.0172222 -0.00448905 -0.00682796 -0.0110448 -0.00935185 -0.0130328 -0.0182143 -0.0204098
internal_weight=3200 970 706 264 2230 279 228 167 111 79 56 233 427 308 215 81 137 93 134 108 61 56 61
internal_count=3200 970 706 264 2230 279 228 167 111 79 56 233 427 308 215 81 137 93 134 108 61 56 61
is_linear=0
shrinkage=0.05


Tree=4
num_leaves=24
num_cat=0
split_feature=4 0 0 0 5 0 0 5 5 14 5 14 5 9 5 5 9 5 5 1 5 5 0
split_gain=45.6523 72.8201 38.8396 54.5689 4.25773 5.77778 3.04862 11.8906 1.46861 0.39063 0.236799 0.492308 0.137211 0.0730555 0.111111 0.0494887 0.0415966 0.0166653 0.0311321 1.42109e-14 1.42109e-14 3.55271e-15 8.88178e-16
threshold=1.0000000180025095e-35 6.5000000000000009 1.5000000000000002 1.0000000180025095e-35 0.76370294337030165 3.5000000000000004 6.5000000000000009 0.78607608646947869 0.94504317227432166 29608.016072825212 0.82642697720511971 22933.201999615503 0.88193343906240262 12594.434387547166 0.9981086715313261 0.54576143745242633 29463.421513361976 0.89145594291848762 0.86511218695917946 1.0000000180025095e-35 1.1014988717077825 1.3442651910556107 4.5000000000000009
decision_type=2 2 2 2 2 2 2 2 2 2 2 2 2 2 2 2 2 2 2 2 2 2 2
left_child=6 2 3 -2 5 -4 15 -8 9 -9 11 -6 -11 14 -12 -1 -5 18 -15 -3 -18 -17 -19
right_child=1 19 4 16 10 -7 7 8 -10 12 13 -13 -14 17 -16 21 20 22 -20 -21 -22 -23 -24
leaf_value=0.4361179384479642 0.36672406394299761 -0.39698352578965795 0.19750110541669774 -0.41682707191310908 -0.014994133135640762 -0.067694776628447847 -0.14238844558094971 0.0025656199576204668 0.076369596345218616 -0.012473439763955266 0.012805429121601351 0.036529296163648882 -0.013326040969100984 0.019183399785803721 0.13991479960533751 0.70840732498182579 -0.39639938295605587 0.1464720287454232 0.049024336657267659 -0.39525588724061245 -0.39489574961446694 1.2493902715310223 0.099712228351453769
leaf_weight=20 104 51 39 20 20 36 22 35 173 23 20 32 21 33 25 1883 78 255 20 70 21 53 146
leaf_count=20 104 51 39 20 20 36 22 35 173 23 20 32 21 33 25 1883 78 255 20 70 21 53 146
internal_value=0.00034375 -0.00871134 -0.00353946 -0.0214574 0.00284345 -0.00833333 0.00428251 -0.000656934 0.00242064 -0.00322785 0.00436479 0.00115385 -0.00636364 0.0046994 0.00277778 0.00497444 -0.0445798 0.00488987 0.0040566 -0.045 -0.045 0.005 0.005
internal_weight=3200 970 849 223 626 75 2230 274 252 79 551 52 44 499 45 1956 119 454 53 121 99 1936 401
internal_count=3200 970 849 223 626 75 2230 274 252 79 551 52 44 499 45 1956 119 454 53 121 99 1936 401
is_linear=0
shrinkage=0.05


Tree=5
num_leaves=24
num_cat=0
split_feature=4 0 0 0 5 0 0 5 5 14 5 14 0 5 14 5 14 14 5 1 5 5 0
split_gain=46.4909 72.6134 38.5847 54.5689 4.19709 5.77778 2.48469 8.03659 1.46861 0.39063 0.243927 0.270541 0.371795 0.137211 0.135451 0.0494887 0.0415966 0.0154417 0.0321429 1.42109e-14 1.42109e-14 3.55271e-15 4.44089e-16
threshold=1.0000000180025095e-35 6.5000000000000009 1.5000000000000002 1.0000000180025095e-35 0.76370294337030165 3.5000000000000004 6.5000000000000009 0.78607608646947869 0.94504317227432166 29608.016072825212 0.91131576306078255 43518.756093386022 3.5000000000000004 0.88193343906240262 25115.914524956814 0.54576143745242633 7701.8585534017775 7975.5112011859319 1.0091626165117489 1.0000000180025095e-35 1.0909807188221152 1.3442651910556107 2.5000000000000004
decision_type=2 2 2 2 2 2 2 2 2 2 2 2 2 2 2 2 2 2 2 2 2 2 2
left_child=6 2 3 -2 5 -4 15 -8 9 -9 11 12 -6 -11 -14 -1 -5 18 -12 -3 -18 -17 -19
right_child=1 19 4 16 10 -7 7 8 -10 13 17 -13 14 -15 -16 21 20 22 -20 -21 -22 -23 -24
leaf_value=0.414312041525566 0.34838786074584771 -0.3771343495001751 0.18762605014586281 -0.37675748270345233 0.45619888132449066 -0.064310037797025432 -0.13526902330190219 0.0024373389597394639 0.07255111652795769 -0.011849767775757518 0.07650753554882167 0.030541994354003777 -0.0083101170274833391 -0.012659738920645924 0.0089419016894478395 0.67298695873273451 -0.37766856514143338 0.63923654887065873 0.11550753219786497 -0.37549309287858185 -0.37515096215615218 1.1869207579544712 0.12576892347019961
leaf_weight=20 104 51 39 20 29 36 22 35 173 23 20 59 26 21 23 1883 78 69 36 70 21 53 289
leaf_count=20 104 51 39 20 29 36 22 35 173 23 20 59 26 21 23 1883 78 69 36 70 21 53 289
internal_value=0.000375 -0.00876289 -0.00359835 -0.0214574 0.00276358 -0.00833333 0.00434978 -0.000109489 0.00242064 -0.00322785 0.00427405 0.00244526 0.000512821 -0.00636364 -0.00214286 0.00497444 -0.0445798 0.00487923 0.00410714 -0.045 -0.045 0.005 0.005
internal_weight=3200 970 849 223 626 75 2230 274 252 79 551 137 78 44 49 1956 119 414 56 121 99 1936 358
internal_count=3200 970 849 223 626 75 2230 274 252 79 551 137 78 44 49 1956 119 414 56 121 99 1936 358
is_linear=0
shrinkage=0.05


Tree=6
num_leaves=24
num_cat=0
split_feature=4 0 0 0 0 0 0 0 2 9 2 9 9 14 9 14 9 14 9 9 1 9 9
split_gain=46.6501 72.6134 37.6219 53.648 2.30953 1.00571 0.411032 0.69172 0.347324 0.468144 0.282411 0.514374 0.382551 0.36608 0.228976 0.204099 0.193051 0.194368 0.166387 0.147422 0.0974239 0.18401 0.0287234
threshold=1.0000000180025095e-35 6.5000000000000009 1.5000000000000002 1.0000000180025095e-35 6.5000000000000009 3.5000000000000004 4.5000000000000009 5.5000000000000009 2032.5000000000002 52633.312763159171 2032.5000000000002 25753.959693804685 41791.601166393004 70803.810137449953 92201.690448272129 30870.789428634398 30956.258467880663 40268.213581264739 29463.421513361976 17861.08889033812 1.0000000180025095e-35 49025.587600483726 34764.463601322765
decision_type=2 2 2 2 2 2 2 2 2 2 2 2 2 2 2 2 2 2 2 2 2 2 2
left_child=4 2 3 -2 -1 -4 8 -8 9 15 11 -6 -12 -14 20 -7 19 -18 -5 -9 -13 22 -22
right_child=1 -3 5 18 10 6 7 16 -10 -11 12 14 13 -15 -16 -17 17 -19 -20 -21 21 -23 -24
leaf_value=0.63458697584463253 0.33096846770855526 -0.35810257630984288 0.37782786123484574 -0.37711487807174437 -0.010737711750758711 -0.025473168909252025 0.88407312480475742 0.010913228992723348 0.023071253432043123 0.022155404638336443 0.021002807270584567 0.019177369399668048 -0.020976827773651063 0.028191811083787502 -0.0027185529360690577 -0.0024759727274041073 0.033794925909117798 -0.021151712661975616 -0.35730430159320931 -0.025451766794394627 0.054621967889338575 -0.0049588241655491904 0.023884585482466296
leaf_weight=1956 104 121 268 20 31 29 113 20 40 31 41 52 29 20 31 26 37 39 99 23 20 23 27
leaf_count=1956 104 121 268 20 31 29 113 20 40 31 41 52 29 20 31 26 37 39 99 23 20 23 27
internal_value=0.000390625 -0.00876289 -0.00359835 -0.0212332 0.0043722 0.00268371 0.000949721 0.00219828 -0.00134921 -0.00313953 7.29929e-05 0.00119565 -0.00222222 -0.00520408 0.00238562 -0.00590909 -0.000462185 0.00105263 -0.0441597 -0.00313953 0.00336066 0.00214286 0.00393617
internal_weight=3200 970 849 223 2230 626 358 232 126 86 274 184 90 49 153 55 119 76 119 43 122 70 47
internal_count=3200 970 849 223 2230 626 358 232 126 86 274 184 90 49 153 55 119 76 119 43 122 70 47
is_linear=0
shrinkage=0.05


Tree=7
num_leaves=24
num_cat=0
split_feature=0 0 0 5 9 5 0 5 9 5 14 5 5 14 9 9 9 1 14 14 14 9 2
split_gain=37.1005 10.1856 17.3395 9.14555 2.12369 1.53099 1.75351 1.49954 1.4269 1.26735 1.13685 0.9444 1.05873 0.944548 1.1859 0.764488 0.728843 0.698284 0.890085 1.33368 0.695398 0.659091 0.624531
threshold=6.5000000000000009 1.5000000000000002 1.0000000180025095e-35 0.83593506997909406 13822.691992603677 0.76370294337030165 5.5000000000000009 0.73493166520396247 36323.558772442113 1.1844277115722703 60094.682628214316 1.1079439466420364 1.0144370916682817 49976.32584920826 63819.959179999823 106081.59508588404 20281.868311528979 1.0000000180025095e-35 43518.756093386022 13746.170165645583 37874.887825184371 84088.4117703066 2032.5000000000002
decision_type=2 2 2 2 2 2 2 2 2 2 2 2 2 2 2 2 2 2 2 2 2 2 2
left_child=1 2 -1 7 -4 6 -3 -2 -9 10 16 12 13 20 -15 21 -5 18 19 -18 -6 -12 -16
right_child=3 5 4 9 11 -7 -8 8 -10 -11 15 -13 -14 14 22 -17 17 -19 -20 -21 -22 -23 -24
leaf_value=0.57290306452156858 -0.33814490166727562 0.18624117341651911 0.20513473401109775 -0.33858364148928621 -0.33727689910535524 0.2493207739555679 -0.031756630506968787 -0.33699259031709089 -0.3366113577008325 -0.33696157140127825 -0.33777341401358418 -0.33577304400399455 -0.337641916171048 0.20522410629694521 -0.33703477755540789 -0.33531035212642413 -0.33689086939936558 -0.33733237441530295 -0.30267837748303622 -0.33883391859209 -0.33923488143034009 -0.33727262522236168 -0.33731465691588469
leaf_weight=397 24 166 23 24 96 1798 44 20 23 57 36 86 88 31 32 27 21 93 22 26 21 22 23
leaf_count=397 24 166 23 24 96 1798 44 20 23 57 36 86 88 31 32 27 21 93 22 26 21 22 23
internal_value=0.000359375 0.00237968 -0.00240276 -0.0139873 -0.00975 0.00427789 0.000238095 -0.0308209 -0.0252326 -0.0105488 -0.0119742 -0.0106499 -0.0120103 -0.0100246 -0.00604651 -0.0167647 -0.00978495 -0.00858025 -0.0123913 -0.0162766 -0.0129487 -0.02 -0.0104545
internal_weight=3200 2805 797 395 400 2008 210 67 43 328 271 377 291 203 86 85 186 162 69 47 117 58 55
internal_count=3200 2805 797 395 400 2008 210 67 43 328 271 377 291 203 86 85 186 162 69 47 117 58 55
is_linear=0
shrinkage=0.05


Tree=8
num_leaves=24
num_cat=0
split_feature=4 0 0 0 5 0 5 0 5 0 5 5 5 0 0 9 5 5 9 1 5 5 0
split_gain=51.1816 71.3792 36.1293 53.648 3.78481 5.77778 0.747282 0.848571 0.653835 1.98147 0.595238 0.397602 0.176118 0.166856 0.781395 0.166387 0.0419048 0.0103701 0.0326087 1.42109e-14 1.42109e-14 7.10543e-15 4.44089e-16
threshold=1.0000000180025095e-35 6.5000000000000009 1.5000000000000002 1.0000000180025095e-35 0.76370294337030165 3.5000000000000004 0.85250640420330903 3.5000000000000004 0.77252039071131906 5.5000000000000009 0.81129936193001229 0.68798870282520741 0.96987143045629454 4.5000000000000009 3.5000000000000004 29463.421513361976 0.60007558834841868 0.81129936193001229 22809.012146607525 1.0000000180025095e-35 1.1014988717077825 0.83031990462031346 5.5000000000000009
decision_type=2 2 2 2 2 2 2 2 2 2 2 2 2 2 2 2 2 2 2 2 2 2 2
left_child=8 2 3 -2 5 -4 7 -6 9 16 -9 -11 13 14 -8 -5 -1 18 -10 -3 -17 -19 -14
right_child=1 19 4 15 6 -7 12 10 17 11 -12 -13 22 -15 -16 20 -18 21 -20 -21 -22 -23 -24
leaf_value=0.28827958983243873 0.28577489109704907 -0.32427493297084498 0.15004129590600146 -0.34138638271779448 0.38397005507293097 -0.066742548130505994 0.48323841989651228 0.0025541926688004025 0.022683318806334996 -0.11444867856012877 -0.013160694116157542 -0.016038684054939901 0.15336614632869544 0.045385942061130724 -0.016338626307389272 -0.32298547144047468 0.22920236502676331 0.32346512385496062 0.032107145913736534 -0.32193049943629359 -0.32173954674089711 0.23367929627128731 0.081618070557956029
leaf_weight=21 104 51 39 20 33 36 56 21 23 21 21 32 266 57 30 78 154 54 69 70 21 1856 67
leaf_count=21 104 51 39 20 33 36 56 21 23 21 21 32 266 57 30 78 154 54 69 70 21 1856 67
internal_value=0.000515625 -0.00907216 -0.00395171 -0.0212332 0.00220447 -0.00833333 0.00363884 -0.001 0.0046861 0.00214912 -0.00571429 -0.00632075 0.00436975 0.0029021 0.00151163 -0.0441597 0.00471429 0.00497503 0.00445652 -0.045 -0.045 0.005 0.005
internal_weight=3200 970 849 223 626 75 551 75 2230 228 42 53 476 143 86 119 175 2002 92 121 99 1910 333
internal_count=3200 970 849 223 626 75 551 75 2230 228 42 53 476 143 86 119 175 2002 92 121 99 1910 333
is_linear=0
shrinkage=0.05


Tree=9
num_leaves=24
num_cat=0
split_feature=4 0 0 0 5 0 5 0 5 5 5 3 9 5 14 9 14 5 9 1 5 5 5
split_gain=49.2651 71.7894 36.6235 53.648 3.53957 4.82462 1.98912 1.26261 5.99211 0.538155 0.486111 0.384119 0.166387 0.147541 0.202469 0.116667 0.1 0.0494887 0.0474684 1.42109e-14 1.42109e-14 3.55271e-15 8.88178e-16
threshold=1.0000000180025095e-35 6.5000000000000009 1.5000000000000002 1.0000000180025095e-35 0.85250640420330903 3.5000000000000004 0.75950280318859287 6.5000000000000009 0.77788610054418517 0.94504317227432166 0.81129936193001229 1.0000000180025095e-35 29463.421513361976 0.9271021753105757 43233.051370288835 49025.587600483726 26308.611698708122 0.54576143745242633 8489.1409039829323 1.0000000180025095e-35 1.1014988717077825 1.3442651910556107 1.2763659920887931
decision_type=2 2 2 2 2 2 2 2 2 2 2 2 2 2 2 2 2 2 2 2 2 2 2
left_child=7 2 3 -2 5 -4 -7 17 -9 11 -8 15 -5 14 16 -10 -6 -1 -15 -3 -14 -19 -20
right_child=1 19 4 12 13 6 10 8 9 -11 -12 -13 20 18 -16 -17 -18 21 22 -21 -22 -23 -24
leaf_value=0.33814105249460824 0.27148614654219666 -0.30806118632230278 0.20039777616349985 -0.32431706358190476 0.045611137548575008 -0.061164811587978034 -0.016355919356511608 -0.10926935759457196 0.0011452338912639433 0.073264442903032453 -0.012502659410349668 -0.0057672503949938135 -0.30683619786845096 0.10384953486700783 0.025899387150444445 0.0095663896170835143 -0.010012497244880982 0.60475945814235987 0.10555796140234069 -0.30583397446447891 -0.30565256940385227 1.1009500586511514 0.23985718804251871
leaf_weight=20 104 51 72 20 20 33 24 20 20 173 21 33 78 20 41 28 20 1883 344 70 21 53 31
leaf_count=20 104 51 72 20 20 33 24 20 20 173 21 33 78 20 41 28 20 1883 344 70 21 53 31
internal_value=0.0004375 -0.00896907 -0.00383392 -0.0212332 0.00236422 -0.00433333 -0.0129487 0.00452915 0.00135037 0.0034252 -0.00611111 6.17286e-05 -0.0441597 0.00447479 0.00253086 0.00291667 1.86265e-10 0.00497444 0.00487342 -0.045 -0.045 0.005 0.005
internal_weight=3200 970 849 223 626 150 78 2230 274 254 45 81 119 476 81 48 40 1956 395 121 99 1936 375
internal_count=3200 970 849 223 626 150 78 2230 274 254 45 81 119 476 81 48 40 1956 395 121 99 1936 375
is_linear=0
shrinkage=0.05


Tree=10
num_leaves=24
num_cat=0
split_feature=4 0 0 0 0 0 0 0 3 2 9 3 9 14 9 1 9 1 14 14 9 14 14
split_gain=48.678 72.2008 37.121 53.648 1.14921 1.13866 0.801411 0.589394 0.419118 0.336665 0.715924 0.214493 0.420372 0.268254 0.166387 0.154223 0.114894 0.112943 0.0964429 0.104167 0.0909335 0.0803515 0.0666667
threshold=1.0000000180025095e-35 6.5000000000000009 1.5000000000000002 1.0000000180025095e-35 3.5000000000000004 6.5000000000000009 4.5000000000000009 5.5000000000000009 1.0000000180025095e-35 2032.5000000000002 52633.312763159171 1.0000000180025095e-35 44092.706470907309 66336.923133173448 29463.421513361976 1.0000000180025095e-35 27229.389919486221 1.0000000180025095e-35 19847.903178837794 31573.716563316531 30649.342567377967 26308.611698708122 51804.61238871418
decision_type=2 2 2 2 2 2 2 2 2 2 2 2 2 2 2 2 2 2 2 2 2 2 2
left_child=5 2 3 -2 -4 -1 9 -8 15 10 20 17 16 -14 -5 -9 -13 -7 -19 -20 -6 -17 -21
right_child=1 -3 4 14 6 11 7 8 -10 -11 -12 12 13 -15 -16 21 -18 18 19 22 -22 -23 -24
leaf_value=0.57093020786869875 0.25791183921508681 -0.29181400123153861 0.33199882981529316 -0.30810121040280952 -0.021561140967908756 0.019373014553269355 0.8285679811756973 -0.0059675366033848792 -0.018178181253649228 0.011571971463217062 0.0081429086075552638 0.01538405139954627 -0.007411294854697212 0.0084673851206628157 -0.29123784428418453 0.024694534806382229 0.029937960741942288 0.028225168258614316 -0.028527566414332895 0.019981504928441429 -0.014173980615171234 0.0045666657951688892 0.00028206010055860202
leaf_weight=1956 104 121 268 20 31 64 113 23 37 40 31 20 24 21 99 27 27 38 20 30 24 32 30
leaf_count=1956 104 121 268 20 31 64 113 23 37 40 31 20 24 21 99 27 27 38 20 30 24 32 30
internal_value=0.000484375 -0.00886598 -0.00371614 -0.0212332 0.00252396 0.00455157 0.000670391 0.00241379 -4.20166e-05 -0.00253968 -0.00430233 0.00153285 -0.000434782 -0.00388889 -0.0441597 0.00195122 0.00287234 0.00252747 0.00161017 0.000625 -0.00772727 0.00330508 0.00166667
internal_weight=3200 970 849 223 626 2230 358 232 119 126 86 274 92 45 119 82 47 182 118 80 55 59 60
internal_count=3200 970 849 223 626 2230 358 232 119 126 86 274 92 45 119 82 47 182 118 80 55 59 60
is_linear=0
shrinkage=0.05


Tree=11
num_leaves=24
num_cat=0
split_feature=4 0 0 0 5 0 0 5 5 0 0 5 3 9 0 9 5 9 1 5 5 1 5
split_gain=49.4289 71.7894 36.6235 53.648 3.42943 4.21231 1.13866 4.98445 0.596402 0.660086 1.54578 0.538155 0.384119 0.166387 0.147727 0.116667 0.0494887 0.047319 1.42109e-14 1.42109e-14 3.55271e-15 4.44089e-16 4.44089e-16
threshold=1.0000000180025095e-35 6.5000000000000009 1.5000000000000002 1.0000000180025095e-35 0.76370294337030165 3.5000000000000004 6.5000000000000009 0.77788610054418517 0.94146943031383923 3.5000000000000004 4.5000000000000009 0.94504317227432166 1.0000000180025095e-35 29463.421513361976 5.5000000000000009 49025.587600483726 0.54576143745242633 8489.1409039829323 1.0000000180025095e-35 1.1014988717077825 1.3442651910556107 1.5000000000000002 1.2034268836810338
decision_type=2 2 2 2 2 2 2 2 2 2 2 2 2 2 2 2 2 2 2 2 2 2 2
left_child=6 2 3 -2 5 -4 16 -8 9 -6 -11 12 15 -5 -12 -9 -1 -10 -3 -15 -18 22 -19
right_child=1 18 4 13 8 -7 7 11 17 10 14 -13 -14 19 -16 -17 20 21 -20 -21 -22 -23 -24
leaf_value=0.29268748947644291 0.24501624725433246 -0.27806742694461067 0.11591940081176173 -0.29269614988266901 0.36058163106040264 -0.059738734643491991 -0.10412474219889307 0.00093415369043908358 0.09839369831547555 -0.016257063887116615 0.79421711107377546 0.069205162980254906 -0.0054114059034263097 -0.27693249576081919 0.00027886854445172132 0.0078004666566677929 0.5459749748418069 0.092638930624389701 -0.27595157567967804 -0.27580804871945042 1.0173560453251589 0.10448959131424661 0.20393926613078844
leaf_weight=20 104 51 39 20 73 36 20 20 20 33 39 173 33 78 33 28 1883 232 70 21 53 61 60
leaf_count=20 104 51 39 20 73 36 20 20 20 33 39 173 33 78 33 28 1883 232 70 21 53 61 60
internal_value=0.000453125 -0.00896907 -0.00383392 -0.0212332 0.00236422 -0.00766667 0.00455157 0.00153285 0.00372958 0.00134831 -0.00119048 0.0034252 6.17286e-05 -0.0441597 0.00291667 0.00291667 0.00497444 0.00486595 -0.045 -0.045 0.005 0.005 0.005
internal_weight=3200 970 849 223 626 75 2230 274 551 178 105 254 81 119 72 48 1956 373 121 99 1936 353 292
internal_count=3200 970 849 223 626 75 2230 274 551 178 105 254 81 119 72 48 1956 373 121 99 1936 353 292
is_linear=0
shrinkage=0.05


Tree=12
num_leaves=24
num_cat=0
split_feature=4 9 5 5 5 5 1 5 5 9 5 9 9 5 9 9 14 9 9 5 9 5 9
split_gain=49.8065 2.60995 2.21653 1.1879 1.12756 1.27348 0.947368 1.24392 0.824189 0.887922 0.71033 0.482635 0.531921 0.471713 1.24552 1.21722 1.12403 1.12024 1.59638 1.23183 1.01667 0.954512 0.933531
threshold=1.0000000180025095e-35 12241.352610577473 1.1079439466420364 0.71763201185054715 0.68798870282520741 0.64085307532971936 1.0000000180025095e-35 1.1955684557695698 1.0980897564204353 134942.55005501499 0.62638328471186322 81966.470281682457 49025.587600483726 0.87497822591249685 36981.083728730278 34023.85730484574 13746.170165645583 46939.920867854038 54071.328489639527 0.8171055759366409 99455.544689138376 0.96142143104897726 51653.052929104386
decision_type=2 2 2 2 2 2 2 2 2 2 2 2 2 2 2 2 2 2 2 2 2 2 2
left_child=10 -2 3 4 5 -3 7 -4 9 13 -1 12 -8 15 16 -5 -15 -17 -19 -20 21 22 -16
right_child=1 2 6 8 -6 -7 11 -9 -10 -11 -12 -13 -14 14 20 17 -18 18 19 -21 -22 -23 -24
leaf_value=-0.045790263559454362 0.00028718702564597281 -0.25989890469931193 -0.26143175431186572 -0.26034490232480428 -0.26067513064678477 -0.25923437366896679 -0.25882488442137624 -0.26023529617275831 -0.2604186427938423 -0.25944101710538908 0.18484046824012498 0.15695604920032716 -0.26028113680043374 -0.26007599128761999 -0.26020555979716414 -0.2555067229891444 -0.25658350238657779 -0.26019685695836314 -0.19110408967019135 -0.2604856326297767 -0.25846295286029763 -0.26106468606633587 -0.26050812005013135
leaf_weight=45 72 20 34 46 20 24 101 39 22 22 2185 26 21 38 38 40 94 20 44 21 33 150 45
leaf_count=45 72 20 34 46 20 24 101 39 22 22 2185 26 21 38 38 40 94 20 44 21 33 150 45
internal_value=0.0004375 -0.00902062 -0.00975501 -0.0111743 -0.0176562 -0.0131818 -0.00540724 -0.0100685 -0.0104976 -0.0101438 0.00455157 -0.00310811 -0.00442623 -0.00976274 -0.0088191 -0.0119591 -0.00484848 -0.0094 -0.0126471 -0.00884615 -0.0107895 -0.0119528 -0.0076506
internal_weight=3200 970 898 677 64 44 221 73 613 591 2230 148 122 569 398 171 132 125 85 65 266 233 83
internal_count=3200 970 898 677 64 44 221 73 613 591 2230 148 122 569 398 171 132 125 85 65 266 233 83
is_linear=0
shrinkage=0.05


Tree=13
num_leaves=24
num_cat=0
split_feature=4 0 0 0 0 14 0 0 14 1 1 9 0 9 14 14 3 14 14 9 9 14 9
split_gain=43.8131 74.0666 39.4015 53.648 2.45977 0.597136 0.462412 0.385288 0.369147 0.385814 0.303094 0.397886 0.261953 0.166387 0.115246 0.229822 0.138394 0.107143 0.104167 0.193625 0.0318182 0.0311688 0.0287234
threshold=1.0000000180025095e-35 6.5000000000000009 1.5000000000000002 1.0000000180025095e-35 6.5000000000000009 96925.167375710022 3.5000000000000004 4.5000000000000009 18596.678536873587 1.0000000180025095e-35 1.0000000180025095e-35 52875.762211611502 5.5000000000000009 29463.421513361976 10128.433353711387 26308.611698708122 1.0000000180025095e-35 41017.141658998822 33245.47078636416 26834.01642588542 30956.258467880663 59047.409494490923 38131.026589853886
decision_type=2 2 2 2 2 2 2 2 2 2 2 2 2 2 2 2 2 2 2 2 2 2 2
left_child=4 2 3 -2 -1 10 -4 8 -8 -10 17 18 -9 -5 -14 -16 -17 -6 19 -12 -11 -19 -21
right_child=1 -3 6 13 5 -7 7 12 9 20 11 -13 14 -15 15 16 -18 21 -20 22 -22 -23 -24
leaf_value=0.50584292532116726 0.24328667936914183 -0.25165455682153526 0.31765036686146919 -0.2652209603622056 0.016658653780234272 -0.0080660345392424612 -0.026998384692774265 0.78512340616965437 -0.028941805303989838 0.011702922006520303 -0.0039101698369340063 -0.0099890053931659135 0.037014607347763316 -0.25027332904353206 -0.007565506324558745 0.016254967772383912 -0.0012485789945239746 0.0071607054364651078 -0.0041658590763869428 0.027877617687831431 0.038173958794889738 0.013540873253933479 0.010004828049171738
leaf_weight=1956 104 121 268 20 42 36 30 113 41 20 33 34 21 99 24 47 27 20 40 27 35 22 20
leaf_count=1956 104 121 268 20 42 36 30 113 41 20 33 34 21 99 24 47 27 20 40 27 35 22 20
internal_value=0.00046875 -0.00840206 -0.0031861 -0.0212332 0.00432735 -0.000109489 0.00324281 0.00206704 -0.00015873 0.00135417 0.000798319 -0.00051948 0.00327586 -0.0441597 0.00163866 0.000918368 0.0022973 0.00321429 0.000833334 0.001875 0.00409091 0.00142857 0.00393617
internal_weight=3200 970 849 223 2230 274 626 358 126 96 238 154 232 119 119 98 74 84 120 80 55 42 47
internal_count=3200 970 849 223 2230 274 626 358 126 96 238 154 232 119 119 98 74 84 120 80 55 42 47
is_linear=0
shrinkage=0.05


Tree=14
num_leaves=24
num_cat=0
split_feature=4 0 0 0 5 0 5 0 5 14 5 0 5 1 9 5 9 9 14 5 1 5 5
split_gain=43.3512 74.0666 39.4015 53.648 2.55688 2.38575 5.71336 1.8185 1.7542 0.653613 0.377985 0.409756 0.331515 0.366657 0.166387 0.114808 0.0695035 0.0453307 0.0368421 0.0328111 1.42109e-14 1.42109e-14 7.10543e-15
threshold=1.0000000180025095e-35 6.5000000000000009 1.5000000000000002 1.0000000180025095e-35 0.73493166520396247 6.5000000000000009 0.78607608646947869 3.5000000000000004 0.95167335268837305 29608.016072825212 0.62638328471186322 2.5000000000000004 0.89145594291848762 1.5000000000000002 29463.421513361976 0.84443589120776641 77463.063488737243 8489.1409039829323 21208.994152517527 0.67493775793654576 1.0000000180025095e-35 1.1014988717077825 1.3880365691873817
decision_type=2 2 2 2 2 2 2 2 2 2 2 2 2 2 2 2 2 2 2 2 2 2 2
left_child=5 2 3 -2 7 10 -7 -4 9 -8 11 -1 13 15 -5 18 -11 -14 -6 -12 -3 -16 -21
right_child=1 20 4 14 12 6 8 -9 -10 16 19 -13 17 -15 21 -17 -18 -19 -20 22 -22 -23 -24
leaf_value=-0.024636286377708053 0.23112234540068474 -0.23907182902999816 0.079707173740124856 -0.25195991234409532 0.032831861630885438 -0.0921137737527533 0.0029860107383967481 -0.041104340430534153 0.060756979722071003 -0.014503657600913723 0.18315102967754618 0.26219219732276472 0.097498655398813361 -0.032406272419237631 -0.23838299631575921 0.011810862454905079 -0.0091416004273206786 0.099638322788486403 0.020205203566912831 0.51521785000626297 -0.23924112513002799 -0.23649221502239015 0.95022181826367336
leaf_weight=20 104 51 24 20 20 22 38 29 167 27 30 21 21 23 78 37 20 416 56 1856 70 21 29
leaf_count=20 104 51 24 20 20 22 38 29 167 27 30 21 21 23 78 37 20 416 56 1856 70 21 29
internal_value=0.000421875 -0.00840206 -0.0031861 -0.0212332 0.00324281 0.00426009 -0.000109489 -0.00726415 0.00202381 -0.00382353 0.00487219 0.000121951 0.00421466 0.00205882 -0.0441597 0.00323009 -0.00776596 0.00488558 0.00434211 0.00497389 -0.045 -0.045 0.005
internal_weight=3200 970 849 223 626 2230 274 53 252 85 1956 41 573 136 119 113 47 437 76 1915 121 99 1885
internal_count=3200 970 849 223 626 2230 274 53 252 85 1956 41 573 136 119 113 47 437 76 1915 121 99 1885
is_linear=0
shrinkage=0.05


Tree=15
num_leaves=24
num_cat=0
split_feature=4 0 0 0 0 5 5 5 5 9 5 0 0 5 0 5 5 9 9 5 5 0 1
split_gain=44.2613 73.442 38.6338 53.648 2.36133 4.88078 1.91458 0.981431 0.625 0.621748 0.543874 0.659188 0.786569 0.373928 0.409756 0.292805 0.279365 0.166387 0.157005 0.044012 0.0413895 0.116522 1.42109e-14
threshold=1.0000000180025095e-35 6.5000000000000009 1.5000000000000002 1.0000000180025095e-35 6.5000000000000009 0.83593506997909406 0.7234857934403881 0.95167335268837305 0.77788610054418517 53587.573669308527 0.91131576306078255 3.5000000000000004 4.5000000000000009 0.62638328471186322 2.5000000000000004 0.6641002099169846 0.84795607384656957 29463.421513361976 9570.5043563266754 0.99448579556082628 0.7234857934403881 1.5000000000000002 1.0000000180025095e-35
decision_type=2 2 2 2 2 2 2 2 2 2 2 2 2 2 2 2 2 2 2 2 2 2 2
left_child=4 2 3 -2 13 8 15 9 -6 -7 11 -8 -13 14 -1 -4 -14 -5 -12 -9 21 -15 -3
right_child=1 22 6 17 5 7 10 19 -10 -11 18 12 16 20 -16 -17 -18 -19 -20 -21 -22 -23 -24
leaf_value=-0.023404472058822637 0.21956622813065049 -0.22711823757849825 -0.041773106696524398 -0.23936191672689053 -0.091785894546178151 0.0029896045817048252 0.28828968921218212 0.032660128357664464 -0.0068861966828355605 -0.013590990802176559 0.060243365974868839 -0.014089939950984957 -0.00045216150344093225 0.020358452552801897 0.24908258745662645 -0.01319156602912586 0.035504991182280898 -0.22585942057469552 0.10513396049468271 0.074071535477479564 0.53243687026157116 0.38343236356647081 -0.22727906887352659
leaf_weight=20 104 51 22 20 20 35 71 20 20 32 24 31 30 25 21 25 33 99 390 147 1823 67 70
leaf_count=20 104 51 22 20 20 35 71 20 20 32 24 31 30 25 21 25 33 99 390 147 1823 67 70
internal_value=0.000359375 -0.0085567 -0.00336278 -0.0212332 0.00423767 -0.000109489 0.0030032 0.00264957 -0.01625 -0.00246269 0.00379102 0.00136364 -0.00138298 0.00484663 0.000121951 -0.00670213 0.0018254 -0.0441597 0.00475845 0.0047006 0.00494778 0.00391304 -0.045
internal_weight=3200 970 849 223 2230 274 626 234 40 67 579 165 94 1956 41 47 63 119 414 167 1915 92 121
internal_count=3200 970 849 223 2230 274 626 234 40 67 579 165 94 1956 41 47 63 119 414 167 1915 92 121
is_linear=0
shrinkage=0.05


Tree=16
num_leaves=24
num_cat=0
split_feature=4 0 0 0 0 0 0 0 1 14 1 14 9 14 9 9 9 1 14 2 9 9 9
split_gain=44.5721 73.442 38.6338 53.648 2.02637 0.614267 0.525914 0.331534 0.259692 0.20854 0.200605 0.199763 0.166387 0.160696 0.458009 0.181266 0.202404 0.156772 0.572727 0.148327 0.135257 0.101542 0.0818733
threshold=1.0000000180025095e-35 6.5000000000000009 1.5000000000000002 1.0000000180025095e-35 6.5000000000000009 3.5000000000000004 4.5000000000000009 5.5000000000000009 1.0000000180025095e-35 41017.141658998822 1.5000000000000002 13152.116286833398 29463.421513361976 36705.647676202228 46939.920867854038 46205.622142632747 91888.869540229076 1.0000000180025095e-35 18596.678536873587 2032.5000000000002 44092.706470907309 27229.389919486221 85976.227144999633
decision_type=2 2 2 2 2 2 2 2 2 2 2 2 2 2 2 2 2 2 2 2 2 2 2
left_child=4 2 3 -2 -1 -4 17 -8 9 -6 13 -9 -5 14 -10 -15 -17 20 -19 -13 -7 -12 -11
right_child=1 -3 5 12 8 6 7 11 10 22 21 19 -14 15 -16 16 -18 18 -20 -21 -22 -23 -24
leaf_value=0.43453928135343695 0.20858791672411794 -0.21576232564708209 0.29067430695975288 -0.22739382089054599 0.019239775578143086 0.03872291743421219 0.74846526450042106 0.022822319500964357 0.0194775451008765 0.026589335006610149 0.0030290050081118684 0.021219023445130297 -0.21456644954596071 -0.011825069278162995 -0.010577936724090693 0.042858126903779124 -0.0065056809238989745 -0.035357748027171128 0.020328536914077395 -0.00097842025843421134 -0.038103729760502865 0.021549885094046879 -0.0050030120270921968
leaf_weight=1956 104 121 268 20 42 20 113 27 22 32 26 59 99 28 20 20 31 22 55 33 29 32 21
leaf_count=1956 104 121 268 20 42 20 113 27 22 32 26 59 99 28 20 20 31 22 55 33 29 32 21
internal_value=0.000390625 -0.0085567 -0.00336278 -0.0212332 0.00428251 0.0030032 0.00164804 0.00306034 0.000255475 0.00236842 -0.000865922 0.00121849 -0.0441597 -0.00202479 -0.00452381 -0.000696202 0.00107843 -0.000952381 0.000454546 0.000108696 -0.00316327 0.00155172 0.000283019
internal_weight=3200 970 849 223 2230 626 358 232 274 95 179 119 119 121 42 79 51 126 77 92 49 58 53
internal_count=3200 970 849 223 2230 626 358 232 274 95 179 119 119 121 42 79 51 126 77 92 49 58 53
is_linear=0
shrinkage=0.05


Tree=17
num_leaves=24
num_cat=0
split_feature=4 0 0 0 0 5 5 5 14 5 0 5 0 0 14 5 5 5 14 5 0 5 14
split_gain=44.3541 73.0271 38.1262 53.648 2.2649 4.15407 1.85207 1.19657 0.930066 0.643791 1.12467 0.598509 0.827963 1.37299 0.480126 0.4 0.355556 0.292805 0.166387 0.0696056 0.15062 0.044012 0.025
threshold=1.0000000180025095e-35 6.5000000000000009 1.5000000000000002 1.0000000180025095e-35 6.5000000000000009 0.83593506997909406 0.7234857934403881 0.95167335268837305 29021.128655304707 0.67493775793654576 2.5000000000000004 0.96987143045629454 3.5000000000000004 4.5000000000000009 40727.419215003458 0.77788610054418517 0.84795607384656957 0.6641002099169846 7701.8585534017775 0.76370294337030165 1.5000000000000002 0.99448579556082628 49976.32584920826
decision_type=2 2 2 2 2 2 2 2 2 2 2 2 2 2 2 2 2 2 2 2 2 2 2
left_child=4 2 3 -2 9 15 17 8 -7 10 -1 12 -8 14 -14 -6 -15 -4 -5 20 22 -9 -11
right_child=1 -3 6 18 5 7 11 21 -10 19 -12 -13 13 16 -16 -17 -18 -19 -20 -21 -22 -23 -24
leaf_value=-0.045963907798170459 0.19815852088791203 -0.20497420936472796 -0.038090677965751385 -0.20353401016174943 -0.086611582015966013 0.012866403839363836 0.2695782822273578 0.030063944313597046 -0.014712456109504788 0.001895836589271842 0.27035563278039976 0.1159754730939116 -0.036802087710424258 -0.00038063241534717424 -0.00057701942863374049 -0.0059568690457905407 0.039974210548824607 -0.013148989986162686 -0.20460877555092594 0.49291378296676247 0.39926228483160853 0.069189675505470366 0.024971800486292821
leaf_weight=27 104 121 22 20 20 30 109 20 37 20 44 333 26 30 21 20 60 25 99 1764 81 147 20
leaf_count=27 104 121 22 20 20 30 109 20 37 20 44 333 26 30 21 20 60 25 99 1764 81 147 20
internal_value=0.000265625 -0.00865979 -0.00348057 -0.0212332 0.00414798 -0.000109489 0.00284345 0.0024359 -0.00320895 0.00474438 7.04227e-05 0.00361831 0.00174797 -0.000839416 -0.00776596 -0.015 0.00277778 -0.00670213 -0.0441597 0.00492042 0.00376033 0.0047006 0.00125
internal_weight=3200 970 849 223 2230 274 626 234 67 1956 71 579 246 137 47 40 90 47 119 1885 121 167 40
internal_count=3200 970 849 223 2230 274 626 234 67 1956 71 579 246 137 47 40 90 47 119 1885 121 167 40
is_linear=0
shrinkage=0.05


Tree=18
num_leaves=24
num_cat=0
split_feature=4 9 5 5 5 1 14 14 5 5 5 5 9 1 14 5 14 5 14 5 5 9 9
split_gain=43.9978 2.59037 1.53736 1.35087 1.25644 0.793135 1.01426 1.69838 0.94611 0.803518 1.30523 0.975814 0.796887 0.824257 1.06667 0.816057 1.0174 0.759375 0.688944 1.16806 0.630641 0.625485 0.625
threshold=1.0000000180025095e-35 26561.902862740313 0.62638328471186322 1.2517075098283645 0.96987143045629454 1.0000000180025095e-35 76371.433228275593 96251.407595533761 1.1419130877912611 1.1109203529368898 1.0799996144149753 1.2087953212726463 134942.55005501499 1.5000000000000002 26486.958992110656 0.91131576306078255 40268.213581264739 0.75573630341626097 40268.213581264739 1.0318533198542548 0.89760273296216397 74347.249890632142 52875.762211611502
decision_type=2 2 2 2 2 2 2 2 2 2 2 2 2 2 2 2 2 2 2 2 2 2 2
left_child=2 4 -1 5 -2 6 8 -8 -3 10 12 21 13 15 -15 16 -7 -18 -17 -20 -4 -11 -19
right_child=1 3 20 -5 -6 9 7 -9 -10 11 -12 -13 -14 14 -16 18 17 22 19 -21 -22 -23 -24
leaf_value=-0.056089736457284115 -0.18829139903168515 -0.19081946821449922 0.03317799587817246 -0.18900411070640805 -0.17892981864638005 -0.18819757839662482 -0.18905680482847276 -0.19113718585934547 -0.19176259998914999 -0.18942851268360691 -0.19212561397415406 -0.19378903532461375 -0.19001381816930768 -0.18830069586585238 -0.19130730626221526 -0.19095505830947665 -0.18961588873645574 -0.19208099478906449 0.061554417856364556 -0.19066029336516468 0.1852293356711614 0.13487849598400323 -0.19223625373132155
leaf_weight=45 108 165 576 45 125 46 40 21 20 53 37 20 21 40 24 50 24 20 49 22 1609 20 20
leaf_count=45 108 165 576 45 125 46 40 21 20 53 37 20 21 40 24 50 24 20 49 22 1609 20 20
internal_value=0.00028125 -0.00860825 0.00414798 -0.0100611 -0.00401288 -0.0106069 -0.0128862 -0.00729508 -0.0147297 -0.00934978 -0.0104391 -0.00521505 -0.00939873 -0.00872881 -0.01375 -0.00733766 -0.0104545 -0.0145312 -0.00450413 -0.00133803 0.00433638 -0.00253425 -0.01875
internal_weight=3200 970 2230 737 233 692 246 61 185 446 353 93 316 295 64 231 110 64 121 71 2185 73 40
internal_count=3200 970 2230 737 233 692 246 61 185 446 353 93 316 295 64 231 110 64 121 71 2185 73 40
is_linear=0
shrinkage=0.05


Tree=19
num_leaves=24
num_cat=0
split_feature=4 0 0 0 0 5 5 5 5 0 14 5 0 2 5 9 5 0 14 9 9 5 5
split_gain=39.9224 75.3238 40.9595 53.648 2.56726 4.60376 1.95243 1.26692 0.629784 1.12467 0.510495 0.340577 0.457862 0.282217 0.223004 0.166387 0.119536 0.267769 0.1 0.1 0.0325597 0.0154297 0.0300752
threshold=1.0000000180025095e-35 6.5000000000000009 1.5000000000000002 1.0000000180025095e-35 6.5000000000000009 0.93286055281157088 0.6641002099169846 0.78607608646947869 0.67493775793654576 2.5000000000000004 29021.128655304707 0.82642697720511971 3.5000000000000004 2032.5000000000002 0.99359874653726477 29463.421513361976 0.76370294337030165 1.5000000000000002 66336.923133173448 47729.342487735128 8489.1409039829323 0.89145594291848762 0.87044406185646894
decision_type=2 2 2 2 2 2 2 2 2 2 2 2 2 2 2 2 2 2 2 2 2 2 2
left_child=4 2 3 -2 8 7 -4 -6 9 -1 -9 12 -8 -14 -7 -5 17 19 -12 -10 -13 22 -22
right_child=1 -3 6 15 5 14 11 10 16 -11 18 20 13 -15 -16 -17 -18 -19 -20 -21 21 -23 -24
leaf_value=-0.042646580059181753 0.19777351455283437 -0.18526204579089278 -0.026657811006608381 -0.19684720013615339 -0.075219067900330241 0.011817061923932217 0.22197010819737206 -0.0020625146351595596 -0.003044306625662858 0.25964233796424402 -0.016652016773296596 0.068686833066865322 -0.025479372093114256 0.0089435926218039592 0.056624138403788209 -0.18424777027287123 0.46085451911866748 0.3776402707961195 -0.0081815248233837456 0.063258353709172058 0.029890967342487682 0.091898060130754175 0.01620481579218155
leaf_weight=27 104 121 22 20 22 33 52 31 20 44 20 26 31 22 148 99 1764 81 20 20 36 416 21
leaf_count=27 104 121 22 20 22 33 52 31 20 44 20 26 31 22 148 99 1764 81 20 20 36 416 21
internal_value=0.000375 -0.00809278 -0.00283274 -0.0212332 0.0040583 -0.000474452 0.00372204 -0.00951613 0.00469325 7.04227e-05 -0.00626761 0.00425497 0.00166667 -0.00160377 0.00417127 -0.0441597 0.00486737 0.00334711 -0.01 1.86265e-10 0.0047996 0.00489429 0.00412281
internal_weight=3200 970 849 223 2230 274 626 93 1956 71 71 604 105 53 181 119 1885 121 40 40 499 473 57
internal_count=3200 970 849 223 2230 274 626 93 1956 71 71 604 105 53 181 119 1885 121 40 40 499 473 57
is_linear=0
shrinkage=0.05


Tree=20
num_leaves=24
num_cat=0
split_feature=4 0 0 0 0 0 0 14 14 9 14 1 14 0 0 1 9 1 9 14 9 2 9
split_gain=40.7069 75.1135 40.6977 53.648 2.05214 0.257154 0.352992 0.256311 0.321887 0.259365 0.248016 0.503049 0.213357 0.177251 0.261584 0.190784 0.166387 0.147059 0.134694 0.125541 0.11369 0.11146 0.102439
threshold=1.0000000180025095e-35 6.5000000000000009 1.5000000000000002 1.0000000180025095e-35 6.5000000000000009 3.5000000000000004 4.5000000000000009 26308.611698708122 31164.350195902003 45088.765049213318 18596.678536873587 1.0000000180025095e-35 97464.803373875286 1.5000000000000002 1.0000000180025095e-35 1.5000000000000002 29463.421513361976 1.0000000180025095e-35 120241.47313665056 66336.923133173448 27229.389919486221 2028.0000000000002 42081.505321179349
decision_type=2 2 2 2 2 2 2 2 2 2 2 2 2 2 2 2 2 2 2 2 2 2 2
left_child=4 2 3 -2 13 -4 10 17 -9 -10 -7 -12 19 14 -1 21 -5 -6 -8 -11 -19 -16 -22
right_child=1 -3 5 16 7 6 18 8 9 12 11 -13 -14 -15 15 -17 -18 20 -20 -21 22 -23 -24
leaf_value=0.86144505570794527 0.18788483882519269 -0.17599894350134815 0.26969554511557131 -0.18700484012934571 0.015640417118688209 -0.021425254398993416 0.042451102079662233 -0.023576059561038139 -0.015017545529700119 0.0090021490887995693 -0.0086513737026277134 0.030392929781720181 -0.0058895563394859756 0.59171408548820492 0.10331373620631115 0.0064048774670951245 -0.17503538175922767 -0.00018770605321184291 0.012056683366249122 0.01772453834705099 0.03963423278466531 0.05360456067790037 0.0099296207786728988
leaf_weight=293 104 121 268 20 30 30 212 21 40 48 41 55 34 1382 79 51 99 31 20 29 21 151 20
leaf_count=293 104 121 268 20 30 30 212 21 40 48 41 55 34 1382 79 51 99 31 20 29 21 151 20
internal_value=0.00040625 -0.00814433 -0.00289164 -0.0212332 0.00412556 0.00364217 0.00276536 7.29929e-05 -0.00110465 -0.000298013 0.000634921 0.001875 0.000945946 0.00469325 0.0039547 0.00286477 -0.0441597 0.00205882 0.00392241 0.0024026 0.000833334 0.00347826 0.00256098
internal_weight=3200 970 849 223 2230 626 358 274 172 151 126 96 111 1956 574 281 119 102 232 77 72 230 41
internal_count=3200 970 849 223 2230 626 358 274 172 151 126 96 111 1956 574 281 119 102 232 77 72 230 41
is_linear=0
shrinkage=0.05


Tree=21
num_leaves=24
num_cat=0
split_feature=0 0 0 5 5 9 5 14 5 5 14 14 5 5 5 1 14 5 14 5 14 5 9
split_gain=35.8821 13.867 21.3705 3.98841 3.88247 1.94771 1.63252 1.02193 0.991522 1.01052 0.85331 0.729732 0.717716 0.667275 1.57849 0.623357 1.6254 0.822233 0.888942 0.608989 0.560995 0.53903 0.613636
threshold=6.5000000000000009 1.5000000000000002 1.0000000180025095e-35 0.83593506997909406 0.77252039071131906 13822.691992603677 1.1844277115722703 59047.409494490923 1.1079439466420364 1.0144370916682817 13746.170165645583 45080.168555132354 0.62638328471186322 0.8059040640304328 0.7234857934403881 1.0000000180025095e-35 11606.278108776578 1.0091626165117489 13746.170165645583 0.87339217932016089 46149.163955158248 0.92065741668095546 67212.836114304431
decision_type=2 2 2 2 2 2 2 2 2 2 2 2 2 2 2 2 2 2 2 2 2 2 2
left_child=1 2 -1 13 -4 -6 7 11 9 10 -7 15 -3 14 -2 16 -5 18 -17 -12 -11 -21 -23
right_child=3 12 4 6 5 8 -8 -9 -10 20 19 -13 -14 -15 -16 17 -18 -19 -20 21 -22 22 -24
leaf_value=0.43580535434489848 -0.16708257467279478 -0.015437194057670845 -0.16362092434337883 -0.16181416323896486 0.13577881475298667 -0.16312983117310975 -0.16291588146468827 -0.16345502928124758 -0.16212723531761797 -0.16344227530540695 -0.16288097323029871 -0.16197329545683342 0.19519880235257533 -0.16288888166882184 -0.16315029933588457 -0.16432264848779379 -0.1643824374387981 -0.16347665975725709 -0.16228933113528318 -0.011412610793201217 -0.16382656055064451 -0.1634828686721107 -0.16511775646568028
leaf_weight=397 22 45 38 20 21 23 57 89 86 52 50 25 1963 20 25 20 36 49 32 28 36 44 22
leaf_count=397 22 45 38 20 21 23 57 89 86 52 50 25 1963 20 25 20 36 49 32 28 36 44 22
internal_value=0.000375 0.00236185 -0.00321832 -0.0137342 -0.011375 -0.00977901 -0.0114634 -0.0130812 -0.0106891 -0.0122549 -0.00997006 -0.0109341 0.00457669 -0.0248507 -0.0215957 -0.0121975 -0.0164286 -0.00985148 -0.0142308 -0.00854167 -0.0165909 -0.00617021 -0.00863636
internal_weight=3200 2805 797 395 400 362 328 271 341 255 167 182 2008 67 47 157 56 101 52 144 88 94 66
internal_count=3200 2805 797 395 400 362 328 271 341 255 167 182 2008 67 47 157 56 101 52 144 88 94 66
is_linear=0
shrinkage=0.05


Tree=22
num_leaves=24
num_cat=0
split_feature=4 0 0 0 5 5 5 0 0 0 5 5 5 5 9 2 9 5 9 5 0 0 5
split_gain=46.2846 72.8201 38.8396 52.6038 1.85207 1.61365 0.598509 0.827963 1.37299 0.573763 0.920839 0.485261 0.355556 0.292805 0.179736 0.349298 0.280189 0.174308 0.166387 0.0934723 0.234465 0.459574 0.044012
threshold=1.0000000180025095e-35 6.5000000000000009 1.5000000000000002 1.0000000180025095e-35 0.7234857934403881 0.62638328471186322 0.96987143045629454 3.5000000000000004 4.5000000000000009 6.5000000000000009 0.95167335268837305 0.88809910615481324 0.84795607384656957 0.6641002099169846 33650.838829587505 2032.5000000000002 76758.733981537793 0.54576143745242633 29463.421513361976 0.76370294337030165 1.5000000000000002 1.0000000180025095e-35 0.99448579556082628
decision_type=2 2 2 2 2 2 2 2 2 2 2 2 2 2 2 2 2 2 2 2 2 2 2
left_child=5 2 3 -2 13 17 7 -6 11 19 14 -9 -10 -4 -11 16 -16 -1 -5 20 21 -7 -12
right_child=1 -3 4 18 6 9 -8 8 12 10 22 -13 -14 -15 15 -17 -18 -19 -20 -21 -22 -23 -24
leaf_value=-0.016313017535098197 0.15670032916668811 -0.15910828811722924 -0.036717531913605446 -0.16948905955568547 0.23134757981657264 0.53522788151481748 0.10167276108915624 -0.0071893591368593669 -0.0034616586501486609 -0.008284519433224502 0.02695385343028809 -0.01032428300159207 0.034137716682121275 -0.013422389312250163 0.016381032119427395 -0.0078139207191492387 -0.0047606290090912579 -0.047113169762036923 -0.15881535824668133 0.4315757137084017 0.31107610698270793 -0.014757719176363281 0.061186363260303245
leaf_weight=22 104 121 22 20 109 27 333 25 30 25 20 22 60 25 33 25 20 23 99 1764 104 20 147
leaf_count=22 104 121 22 20 109 27 333 25 30 25 20 22 60 25 33 25 20 23 99 1764 104 20 147
internal_value=0.00040625 -0.00871134 -0.00353946 -0.0214574 0.00284345 0.0043722 0.00361831 0.00174797 -0.000839416 0.00456522 0.00240741 -0.00776596 0.00277778 -0.00670213 -0.00131068 -0.000128205 0.00216981 -0.005 -0.0441597 0.00486945 0.0036755 0.000744681 0.0047006
internal_weight=3200 970 849 223 626 2230 579 246 137 2185 270 47 90 47 103 78 53 45 119 1915 151 47 167
internal_count=3200 970 849 223 626 2230 579 246 137 2185 270 47 90 47 103 78 53 45 119 1915 151 47 167
is_linear=0
shrinkage=0.05


Tree=23
num_leaves=24
num_cat=0
split_feature=4 0 0 0 5 5 0 5 5 0 0 5 5 5 9 2 9 5 9 5 0 0 5
split_gain=46.3321 72.6134 38.5847 52.6038 1.82121 1.59824 0.549683 0.920839 0.544517 0.827963 1.37299 0.485261 0.355556 0.292805 0.179736 0.349298 0.280189 0.174308 0.166387 0.117165 0.349747 0.551471 0.044012
threshold=1.0000000180025095e-35 6.5000000000000009 1.5000000000000002 1.0000000180025095e-35 0.7234857934403881 0.62638328471186322 6.5000000000000009 0.95167335268837305 0.96987143045629454 3.5000000000000004 4.5000000000000009 0.88809910615481324 0.84795607384656957 0.6641002099169846 33650.838829587505 2032.5000000000002 76758.733981537793 0.54576143745242633 29463.421513361976 0.77541647292177396 1.5000000000000002 1.0000000180025095e-35 0.99448579556082628
decision_type=2 2 2 2 2 2 2 2 2 2 2 2 2 2 2 2 2 2 2 2 2 2 2
left_child=5 2 3 -2 13 17 19 14 9 -6 11 -11 -12 -4 -8 16 -16 -1 -5 20 21 -7 -9
right_child=1 -3 4 18 8 6 7 22 -10 10 12 -13 -14 -15 15 -17 -18 -19 -20 -21 -22 -23 -24
leaf_value=-0.015497366658343293 0.14886531270835374 -0.15115287371136776 -0.034881655317925149 -0.1610146065779012 0.21978020082574401 0.50846648743907663 -0.0078702934615632932 0.025606160758773644 0.09658912303469841 -0.006829891180016404 -0.0032885757176411984 -0.0098080688515124401 0.032430830848015221 -0.012751269846637651 0.015561980513456031 -0.0074232246831917661 -0.0045225975586367009 -0.044757511273935083 -0.15087459033434725 0.41510682298532786 0.30552679993363141 -0.012101992187587857 0.058127045097288103
leaf_weight=22 104 121 22 20 109 27 25 20 333 25 30 22 60 25 33 25 20 23 99 1737 127 24 147
leaf_count=22 104 121 22 20 109 27 25 20 333 25 30 22 60 25 33 25 20 23 99 1737 127 24 147
internal_value=0.000359375 -0.00876289 -0.00359835 -0.0214574 0.00276358 0.00432735 0.00451945 0.00240741 0.00353195 0.00174797 -0.000839416 -0.00776596 0.00277778 -0.00670213 -0.00131068 -0.000128205 0.00216981 -0.005 -0.0441597 0.00481723 0.00359551 9.80394e-05 0.0047006
internal_weight=3200 970 849 223 626 2230 2185 270 579 246 137 47 90 47 103 78 53 45 119 1915 178 51 167
internal_count=3200 970 849 223 626 2230 2185 270 579 246 137 47 90 47 103 78 53 45 119 1915 178 51 167
is_linear=0
shrinkage=0.05


Tree=24
num_leaves=24
num_cat=0
split_feature=4 0 0 0 5 5 5 0 0 0 5 5 5 5 5 0 0 9 9 2 9 5 9
split_gain=46.0625 72.4069 39.3023 51.5698 1.82121 1.56766 0.544517 0.827963 1.37299 0.50307 0.920839 0.485261 0.355556 0.292805 0.239561 0.641281 1.13994 1.20014 0.179736 0.349298 0.280189 0.174308 0.166387
threshold=1.0000000180025095e-35 6.5000000000000009 1.5000000000000002 1.0000000180025095e-35 0.7234857934403881 0.62638328471186322 0.96987143045629454 3.5000000000000004 4.5000000000000009 6.5000000000000009 0.95167335268837305 0.88809910615481324 0.84795607384656957 0.6641002099169846 0.84443589120776641 1.5000000000000002 1.0000000180025095e-35 53182.767947810804 33650.838829587505 2032.5000000000002 76758.733981537793 0.54576143745242633 29463.421513361976
decision_type=2 2 2 2 2 2 2 2 2 2 2 2 2 2 2 2 2 2 2 2 2 2 2
left_child=5 2 3 -2 13 21 7 -6 11 14 18 -9 -10 -4 15 16 -7 -18 -11 20 -20 -1 -5
right_child=1 -3 4 22 6 9 -8 8 12 10 -12 -13 -14 -15 -16 -17 17 -19 19 -21 -22 -23 -24
leaf_value=-0.014722498325426115 0.14142204707293601 -0.14359523002579938 -0.033137572552028913 -0.15296387624900615 0.20879119078445682 0.55543544274751877 0.09175966688296347 -0.0064883966210155719 -0.0031241469317591004 -0.0074767787884851391 0.046176199132739654 -0.0093176654089368125 0.030809289305614426 -0.01211370635430579 0.43208014306832543 0.31640547248902368 -0.022708743201156744 0.015484720541181218 0.014783881487783233 -0.0070520634490321551 -0.0042964676807048545 -0.042519635710238292 -0.14333086081762988
leaf_weight=22 104 121 22 20 109 58 333 25 30 25 167 22 60 25 1584 225 25 23 33 25 20 23 99
leaf_count=22 104 121 22 20 109 58 333 25 30 25 167 22 60 25 1584 225 25 23 33 25 20 23 99
internal_value=0.00028125 -0.00881443 -0.00365724 -0.0216816 0.00276358 0.00423767 0.00353195 0.00174797 -0.000839416 0.00442792 0.00240741 -0.00776596 0.00277778 -0.00670213 0.00471279 0.00348943 0.000283019 -0.00541667 -0.00131068 -0.000128205 0.00216981 -0.005 -0.0441597
internal_weight=3200 970 849 223 626 2230 579 246 137 2185 270 47 90 47 1915 331 106 48 103 78 53 45 119
internal_count=3200 970 849 223 626 2230 579 246 137 2185 270 47 90 47 1915 331 106 48 103 78 53 45 119
is_linear=0
shrinkage=0.05


Tree=25
num_leaves=24
num_cat=0
split_feature=4 0 0 0 5 5 0 5 5 0 0 5 5 5 5 5 0 0 9 9 9 5 9
split_gain=45.9044 70.7627 40.0266 50.5462 1.82121 1.20653 0.574891 0.831395 0.544517 0.827963 1.37299 0.485261 0.363462 0.355556 0.292805 0.229444 0.641281 1.13994 1.20014 0.179736 0.298679 0.221388 0.166387
threshold=1.0000000180025095e-35 6.5000000000000009 1.5000000000000002 1.0000000180025095e-35 0.7234857934403881 0.62638328471186322 6.5000000000000009 0.95167335268837305 0.96987143045629454 3.5000000000000004 4.5000000000000009 0.88809910615481324 0.79773170427931128 0.84795607384656957 0.6641002099169846 0.84443589120776641 1.5000000000000002 1.0000000180025095e-35 53182.767947810804 33650.838829587505 53587.573669308527 0.88193343906240262 29463.421513361976
decision_type=2 2 2 2 2 2 2 2 2 2 2 2 2 2 2 2 2 2 2 2 2 2 2
left_child=5 2 3 12 14 -1 15 19 9 -6 11 -11 -2 -12 -4 16 17 -7 -19 -8 -21 -22 -5
right_child=1 -3 4 22 8 6 7 -9 -10 10 13 -13 -14 -15 -16 -17 -18 18 -20 20 21 -23 -24
leaf_value=-0.037363179824925673 -0.0040325213347717891 -0.13641546852450942 -0.031480693924427469 -0.14531568243655585 0.198351631245234 0.52766367061014285 -0.0071029398490608971 0.043867389176102667 0.087171683538815325 -0.0061639767899647688 -0.0029679395851711561 -0.0088517821384900032 0.32019961478232667 0.029268824840333735 -0.011508021036590491 0.41047613591490911 0.30058519886457247 -0.021573306041098882 0.014710484514122157 0.0082206715594848254 0.0070432796081468883 -0.0072825068368292667 -0.13616431777674839
leaf_weight=45 20 121 22 20 109 58 25 167 333 25 30 22 84 60 25 1584 225 25 23 33 23 22 99
leaf_count=45 20 121 22 20 109 58 25 167 333 25 30 22 84 60 25 1584 225 25 23 33 23 22 99
internal_value=0.000265625 -0.00881443 -0.00371614 -0.0219058 0.00276358 0.00421525 0.00438215 0.00222222 0.00353195 0.00174797 -0.000839416 -0.00776596 0.00355769 0.00277778 -0.00670213 0.00468668 0.00348943 0.000283019 -0.00541667 -0.00131068 -0.000128205 -0.00277778 -0.0441597
internal_weight=3200 970 849 223 626 2230 2185 270 579 246 137 47 104 90 47 1915 331 106 48 103 78 45 119
internal_count=3200 970 849 223 626 2230 2185 270 579 246 137 47 104 90 47 1915 331 106 48 103 78 45 119
is_linear=0
shrinkage=0.05


Tree=26
num_leaves=24
num_cat=0
split_feature=4 0 0 0 5 0 5 5 0 0 0 9 5 0 0 5 5 9 14 0 9 0 5
split_gain=46.8884 69.9493 38.9966 50.5462 1.88872 1.79701 1.18659 0.577823 0.723411 0.909909 1.57648 1.60411 0.401609 0.620297 0.941583 0.363636 0.363462 0.338203 0.241437 0.232817 0.166387 0.113331 0.240572
threshold=1.0000000180025095e-35 6.5000000000000009 1.5000000000000002 1.0000000180025095e-35 0.76370294337030165 3.5000000000000004 0.62638328471186322 0.91315938419649056 6.5000000000000009 1.5000000000000002 1.0000000180025095e-35 33650.838829587505 0.96987143045629454 3.5000000000000004 4.5000000000000009 0.88809910615481324 0.79773170427931128 34611.944731937627 71255.251636026165 5.5000000000000009 29463.421513361976 6.5000000000000009 0.95167335268837305
decision_type=2 2 2 2 2 2 2 2 2 2 2 2 2 2 2 2 2 2 2 2 2 2 2
left_child=6 2 3 16 5 -4 -1 8 9 10 -8 -12 13 -6 15 -15 -2 -10 -13 -16 -5 -9 -23
right_child=1 -3 4 20 12 -7 7 21 17 -11 11 18 -14 14 19 -17 -18 -19 -20 -21 -22 22 -24
leaf_value=-0.035495020833679392 -0.0038308952680332197 -0.12959469509828395 0.072834930728504374 -0.13804989831472805 0.23925286346383784 -0.029177741002228658 0.54533783802312019 0.42998817839742554 -0.0073375853444990827 0.33037492076107694 -0.032966977957663179 0.011229495698982558 0.082813099361874601 -0.0019715950388218182 0.70572892078199789 -0.0084091930315654626 0.30418963404321031 0.0027507872466625638 -0.0082368213091953534 0.0035863944474097981 -0.129356101887911 -0.0023659767792052707 0.041674019717297499
leaf_weight=45 20 121 39 20 89 36 94 1350 21 393 21 36 333 22 47 22 84 56 21 38 99 26 167
leaf_count=45 20 121 39 20 89 36 94 1350 21 393 21 36 333 22 47 22 84 56 21 38 99 26 167
internal_value=0.00015625 -0.00902062 -0.00395171 -0.0219058 0.00244409 -0.005 0.00414798 0.0043135 0.00305296 0.00367257 0.000639535 -0.00461538 0.00345735 0.00178899 -0.000426356 -0.00636364 0.00355769 -0.00149351 -0.000263158 0.00264706 -0.0441597 0.00483798 0.00370466
internal_weight=3200 970 849 223 626 75 2230 2185 642 565 172 78 551 218 129 44 104 77 57 85 119 1543 193
internal_count=3200 970 849 223 626 75 2230 2185 642 565 172 78 551 218 129 44 104 77 57 85 119 1543 193
is_linear=0
shrinkage=0.05


Tree=27
num_leaves=24
num_cat=0
split_feature=4 0 0 0 5 0 5 0 5 0 5 0 5 5 0 5 0 9 5 0 3 9 5
split_gain=46.2519 69.9493 38.9966 50.5462 1.27272 1.21034 1.16025 0.692222 0.856296 0.465946 0.527795 0.941583 0.363636 0.363462 0.361497 0.953016 1.69764 1.20607 0.241711 0.232817 0.200613 0.720238 0.335365
threshold=1.0000000180025095e-35 6.5000000000000009 1.5000000000000002 1.0000000180025095e-35 0.76370294337030165 3.5000000000000004 0.62638328471186322 6.5000000000000009 1.0407689687275135 3.5000000000000004 0.97251492819890939 4.5000000000000009 0.88809910615481324 0.79773170427931128 1.5000000000000002 0.91580211169285297 1.0000000180025095e-35 33650.838829587505 0.84148837644085916 5.5000000000000009 1.0000000180025095e-35 53587.573669308527 0.81383194378367973
decision_type=2 2 2 2 2 2 2 2 2 2 2 2 2 2 2 2 2 2 2 2 2 2 2
left_child=6 2 3 13 5 -4 -1 14 20 -6 11 12 -11 -2 15 16 -8 -18 -19 -13 22 -22 -9
right_child=1 -3 4 -5 9 -7 7 8 -10 10 -12 19 -14 -15 -16 -17 17 18 -20 -21 21 -23 -24
leaf_value=-0.033720269791995432 -0.0036393505046315787 -0.12311496034336976 0.069193184192079163 -0.12361979813398119 0.28639714610102263 -0.027718853952117223 0.51807094612196425 -0.0076213594059531195 0.063340508607696119 -0.0018730152868807659 0.048704802191870782 0.67044247474289809 -0.0079887333799871542 0.28898015234104979 0.48211288412994868 0.17057436903569334 -0.02961058408863278 0.00926916317247466 -0.012215940916444247 0.0034070747250392903 0.0047664627535828454 -0.0069437036935574353 0.015415813409035979
leaf_weight=45 20 121 39 119 229 36 94 20 120 22 193 47 22 84 1351 389 23 32 26 38 32 24 74
leaf_count=45 20 121 39 119 229 36 94 20 120 22 193 47 22 84 1351 389 23 32 26 38 32 24 74
internal_value=9.37502e-05 -0.00902062 -0.00395171 -0.0219058 0.00244409 -0.00366667 0.0040583 0.00422197 0.00185185 0.00327586 0.00204969 -0.000426356 -0.00636364 0.00355769 0.00455614 0.00349291 0.000428572 -0.00487654 -0.00103448 0.00264706 -0.000666666 -0.00303571 0.000744681
internal_weight=3200 970 849 223 626 75 2230 2185 270 551 322 129 44 104 1915 564 175 81 58 85 150 56 94
internal_count=3200 970 849 223 626 75 2230 2185 270 551 322 129 44 104 1915 564 175 81 58 85 150 56 94
is_linear=0
shrinkage=0.05


Tree=28
num_leaves=24
num_cat=0
split_feature=4 0 0 0 5 5 0 5 0 5 0 0 0 5 0 9 5 5 14 14 5 9 5
split_gain=45.7303 70.1522 39.2528 50.5462 1.15371 1.13599 0.67892 0.856296 0.629065 0.813747 0.955102 0.504272 0.405277 0.998816 1.82935 1.56995 0.363462 0.351169 0.348284 0.544545 0.401194 0.326679 0.265812
threshold=1.0000000180025095e-35 6.5000000000000009 1.5000000000000002 1.0000000180025095e-35 0.62638328471186322 0.6641002099169846 6.5000000000000009 1.0407689687275135 3.5000000000000004 0.97251492819890939 4.5000000000000009 5.5000000000000009 1.5000000000000002 0.91902520044494873 1.0000000180025095e-35 33650.838829587505 0.79773170427931128 0.85250640420330903 29608.016072825212 45080.168555132354 0.87920273278234984 70013.555367351204 0.88809910615481324
decision_type=2 2 2 2 2 2 2 2 2 2 2 2 2 2 2 2 2 2 2 2 2 2 2
left_child=4 2 3 16 -1 -4 12 18 -7 10 22 -12 13 14 -6 -16 -2 -13 20 -20 -8 -21 -10
right_child=1 -3 5 -5 6 8 7 -9 9 -11 11 17 -14 -15 15 -17 -18 -19 19 21 -22 -23 -24
leaf_value=-0.032034256302395654 -0.0034573829794000152 -0.11695921232620127 -0.036013441113618642 -0.11743880822728213 0.49263130136082439 0.2210064361676809 -0.0038420194495379918 0.060173483177311284 -0.012021728799567253 0.046269562082277227 0.6468159572513259 -0.0098920213876401344 0.45800723992345138 0.16649103326519421 -0.027276032398627498 -0.0011802473405168547 0.27453114472399726 0.012296720066288513 -0.014488813324477851 0.012208927612271417 0.016346473321878149 -0.004447792521852548 -0.0075892967109878005
leaf_weight=45 20 121 22 119 99 257 25 120 29 193 53 28 1351 380 24 61 84 22 25 20 42 38 22
leaf_count=45 20 121 22 119 99 257 25 120 29 193 53 28 1351 380 24 61 84 22 25 20 42 38 22
internal_value=9.37502e-05 -0.00896907 -0.00389281 -0.0219058 0.00403587 0.00252396 0.00419908 0.00185185 0.00293046 0.00154179 -0.00116883 0.00160194 0.00453003 0.00340426 0.000380435 -0.005 0.00355769 -0.002 -0.000666666 -0.00283133 0.00201493 -0.000172414 -0.00676471
internal_weight=3200 970 849 223 2230 626 2185 270 604 347 154 103 1915 564 184 85 104 50 150 83 67 58 51
internal_count=3200 970 849 223 2230 626 2185 270 604 347 154 103 1915 564 184 85 104 50 150 83 67 58 51
is_linear=0
shrinkage=0.05


Tree=29
num_leaves=24
num_cat=0
split_feature=4 0 0 0 5 5 0 5 0 5 0 0 5 0 2 0 5 14 14 5 5 5 14
split_gain=45.5727 70.1522 39.2528 50.5462 1.1472 1.13599 0.665747 0.856296 0.629065 0.630482 1.06915 0.386697 0.998816 1.82935 0.501961 0.370485 0.363462 0.348284 0.544545 0.401194 0.265812 0.249404 0.247206
threshold=1.0000000180025095e-35 6.5000000000000009 1.5000000000000002 1.0000000180025095e-35 0.62638328471186322 0.6641002099169846 6.5000000000000009 1.0407689687275135 3.5000000000000004 0.97251492819890939 4.5000000000000009 1.5000000000000002 0.91902520044494873 1.0000000180025095e-35 2032.5000000000002 5.5000000000000009 0.79773170427931128 29608.016072825212 45080.168555132354 0.87920273278234984 0.88809910615481324 0.85013764608527798 28137.597729380326
decision_type=2 2 2 2 2 2 2 2 2 2 2 2 2 2 2 2 2 2 2 2 2 2 2
left_child=4 2 3 16 -1 -4 11 17 -7 10 20 12 13 -6 -15 -12 -2 19 -19 -8 -10 -17 -11
right_child=1 -3 5 -5 6 8 7 -9 9 22 15 -13 -14 14 -16 21 -18 18 -20 -21 -22 -23 -24
leaf_value=-0.030432543487275872 -0.0032845138304300036 -0.11111125170989121 -0.034212769057937686 -0.11156686781591803 0.46799973629278324 0.20995611435929687 -0.0036499184770611088 0.057164809018445763 -0.011420642359588893 0.011549696629092698 0.61447515938875952 0.43510687792727887 0.15816648160193444 -0.0014456687874671319 -0.013960074803517936 -0.010092187135183036 0.26080458748779739 -0.013764372658253948 0.00081263401830199145 0.015529149655784245 -0.0072098318754384196 0.0055072404380958964 0.060211286441697653
leaf_weight=45 20 121 22 119 99 257 25 120 29 83 53 1351 380 51 34 27 84 25 58 42 22 23 110
leaf_count=45 20 121 22 119 99 257 25 120 29 83 53 1351 380 51 34 27 84 25 58 42 22 23 110
internal_value=7.81252e-05 -0.00896907 -0.00389281 -0.0219058 0.00401345 0.00252396 0.0041762 0.00185185 0.00293046 0.00154179 -0.000844156 0.00450392 0.00340426 0.000380435 -0.005 0.00208738 0.00355769 -0.000666666 -0.00283133 0.00201493 -0.00676471 -0.001 0.0034456
internal_weight=3200 970 849 223 2230 626 2185 270 604 347 154 1915 564 184 85 103 104 150 83 67 51 50 193
internal_count=3200 970 849 223 2230 626 2185 270 604 347 154 1915 564 184 85 103 104 150 83 67 51 50 193
is_linear=0
shrinkage=0.05


Tree=30
num_leaves=24
num_cat=0
split_feature=4 0 0 0 5 5 5 0 0 0 9 0 5 5 9 0 0 0 5 9 2 9 9
split_gain=45.9826 69.7467 38.7412 50.5462 1.13421 1.1037 0.747056 0.852917 1.21189 1.99134 1.71042 0.745064 0.68646 0.363462 0.351012 0.283112 0.595486 0.238448 0.747922 0.179736 0.349298 0.280189 0.166387
threshold=1.0000000180025095e-35 6.5000000000000009 1.5000000000000002 1.0000000180025095e-35 0.62638328471186322 0.6641002099169846 0.95167335268837305 6.5000000000000009 1.5000000000000002 1.0000000180025095e-35 33650.838829587505 3.5000000000000004 0.89145594291848762 0.79773170427931128 59776.078600167028 4.5000000000000009 5.5000000000000009 4.5000000000000009 1.0168842805319001 33650.838829587505 2032.5000000000002 76758.733981537793 29463.421513361976
decision_type=2 2 2 2 2 2 2 2 2 2 2 2 2 2 2 2 2 2 2 2 2 2 2
left_child=4 2 3 13 -1 -4 7 8 9 -6 -11 -7 15 -2 -12 -13 -17 18 -14 -9 21 -21 -5
right_child=1 -3 5 22 6 11 -8 19 -10 10 14 12 17 -15 -16 16 -18 -19 -20 20 -22 -23 -24
leaf_value=-0.02891091631291208 -0.0031202881389085233 -0.10555568912439664 -0.032502130605040813 -0.11351612969013258 0.4936428266206383 0.19945830864133202 0.15324482549343385 -0.0050024113181953468 0.26250788444828416 -0.022652159581799381 -0.0043318957081568115 -0.027026056702184043 -0.0040533699937391927 0.24776435811340752 0.011041590001623591 0.53970231104263411 -0.0062432056862308308 0.035221221600075729 0.062298624598415758 0.013067999117399623 -0.0067477295032021163 -0.00433229350857496 -0.10525702308465637
leaf_weight=45 20 121 22 20 115 257 1357 25 505 27 38 31 34 84 40 28 36 162 56 33 25 20 99
leaf_count=45 20 121 22 20 115 257 1357 25 505 27 38 31 34 84 40 28 36 162 56 33 25 20 99
internal_value=1.56252e-05 -0.00907216 -0.0040106 -0.0219058 0.00396861 0.00236422 0.00413043 0.00294686 0.00355172 0.000454546 -0.00452381 0.0027649 0.0012536 0.00355769 -0.000769231 -0.00236842 -0.00046875 0.00261905 0.000555556 -0.00131068 -0.000128205 0.00216981 -0.0441597
internal_weight=3200 970 849 223 2230 626 2185 828 725 220 105 604 347 104 78 95 64 252 90 103 78 53 119
internal_count=3200 970 849 223 2230 626 2185 828 725 220 105 604 347 104 78 95 64 252 90 103 78 53 119
is_linear=0
shrinkage=0.05


Tree=31
num_leaves=24
num_cat=0
split_feature=4 0 0 0 5 0 5 5 0 5 0 9 14 3 9 0 5 0 0 5 14 14 9
split_gain=45.3053 69.9493 38.9966 50.5462 1.11979 1.07884 1.5694 0.793278 0.74397 1.4184 2.68484 1.92054 0.924283 0.694927 0.859524 0.685838 0.576618 0.78741 0.566667 0.363462 0.304328 0.225 0.189394
threshold=1.0000000180025095e-35 6.5000000000000009 1.5000000000000002 1.0000000180025095e-35 0.6641002099169846 6.5000000000000009 0.77788610054418517 1.0407689687275135 1.5000000000000002 0.95167335268837305 1.0000000180025095e-35 60277.460474291373 49976.32584920826 1.0000000180025095e-35 43353.747382858528 3.5000000000000004 1.0230214602660179 4.5000000000000009 5.5000000000000009 0.79773170427931128 22933.201999615503 50663.257396250112 23854.234287820607
decision_type=2 2 2 2 2 2 2 2 2 2 2 2 2 2 2 2 2 2 2 2 2 2 2
left_child=5 2 3 19 -4 8 -7 13 9 10 -1 12 20 -8 -15 -6 17 22 -19 -2 -12 -20 -17
right_child=1 -3 4 -5 15 6 7 -9 -10 -11 11 -13 -14 14 -16 16 -18 18 21 -21 -22 -23 -24
leaf_value=0.41991760817476287 -0.0029642737319630639 -0.10027790466817682 -0.030877024074788786 -0.10072567327088931 0.18948539320926538 -0.050079701742998251 0.005305697585193842 0.046644327292851777 0.38536681607890366 0.17633507065653214 -0.0048814290902035986 0.010241580944109164 -0.030873317477202639 0.005785990372475955 -0.0098436979776192132 -0.0068831424780379097 0.061878281759656373 0.56251027596486514 0.00095370637875381511 0.23537614020773714 -0.016738615596665948 -0.0044244915088173659 -0.0034239178198642913
leaf_weight=119 20 121 22 119 257 20 86 120 1382 344 29 42 20 20 28 22 153 68 36 84 20 24 44
leaf_count=119 20 121 22 119 257 20 86 120 1382 344 29 42 20 20 28 22 153 68 36 84 20 24 44
internal_value=1.86265e-10 -0.00902062 -0.00395171 -0.0219058 0.00244409 0.00392377 0.000985402 0.00204724 0.00433538 0.0028223 -0.000217391 -0.00581081 -0.010942 -0.000597015 -0.00541667 0.00284768 0.00139769 -0.000412371 0.001875 0.00355769 -0.0072449 -0.00166667 -0.00484848
internal_weight=3200 970 849 223 626 2230 274 254 1956 574 230 111 69 134 48 604 347 194 128 104 49 60 66
internal_count=3200 970 849 223 626 2230 274 254 1956 574 230 111 69 134 48 604 347 194 128 104 49 60 66
is_linear=0
shrinkage=0.05


Tree=32
num_leaves=24
num_cat=0
split_feature=4 9 5 5 9 9 5 1 5 9 9 14 5 9 9 14 5 3 5 5 5 9 3
split_gain=45.7774 2.72165 1.85873 1.26527 1.32904 0.87838 0.841687 0.792543 1.68135 1.14203 1.04269 0.81 0.767769 1.10141 0.70128 0.613523 0.765127 0.545455 0.535868 0.505868 1.82043 0.670654 0.618303
threshold=1.0000000180025095e-35 7976.1115551496705 1.1844277115722703 0.64085307532971936 26561.902862740313 139363.88937513254 0.62638328471186322 1.0000000180025095e-35 0.9742539713539845 54071.328489639527 89345.827712806742 42622.485139633092 0.82642697720511971 38682.083420201299 110950.78667934435 30502.825107287932 0.93049508535914782 1.0000000180025095e-35 0.95167335268837305 1.0581221333793409 1.1109203529368898 52340.370531419692 1.0000000180025095e-35
decision_type=2 2 2 2 2 2 2 2 2 2 2 2 2 2 2 2 2 2 2 2 2 2 2
left_child=6 -2 3 -3 15 7 -1 8 9 11 17 -6 13 -9 19 -5 -17 -10 -8 22 21 -21 -14
right_child=1 2 -4 4 5 -7 18 12 10 -11 -12 -13 14 -15 -16 16 -18 -19 -20 20 -22 -23 -24
leaf_value=-0.025961617885205963 0.042064134995295648 -0.092667781940587987 -0.090651837144894706 -0.088387322371892965 -0.090998789367492547 -0.090171518648823529 0.027534843120354469 -0.093221730986003115 -0.091912940294927456 -0.091734110498864721 -0.088373118319589328 -0.097333051790434694 -0.090647477422038575 -0.091176826374940359 -0.0149240937160325 -0.0909762167706758 0.044006217019826772 -0.091077539327048693 0.14153517645152844 -0.091865352325585542 -0.089754786974025627 -0.092035218617859224 -0.091000256195564844
leaf_weight=45 40 22 124 102 25 21 828 21 66 67 23 20 124 62 27 29 24 22 1357 33 51 24 43
leaf_count=45 40 22 124 102 25 21 828 21 66 67 23 20 124 62 27 29 24 22 1357 33 51 24 43
internal_value=4.68752e-05 -0.00902062 -0.00956989 -0.0104466 -0.0101148 -0.0111367 0.00399103 -0.0107895 -0.0131614 -0.00883929 -0.0175225 -0.015 -0.00941558 -0.0136747 -0.00824503 -0.00596774 -0.00160377 -0.02 0.00413043 -0.009 -0.0116667 -0.017807 -0.00727545
internal_weight=3200 970 930 806 784 629 2230 608 223 112 111 45 385 83 302 155 53 88 2185 275 108 57 167
internal_count=3200 970 930 806 784 629 2230 608 223 112 111 45 385 83 302 155 53 88 2185 275 108 57 167
is_linear=0
shrinkage=0.05


Tree=33
num_leaves=24
num_cat=0
split_feature=0 0 0 5 5 5 14 14 14 5 9 5 3 5 14 9 5 9 9 3 5 5 9
split_gain=32.8341 17.1244 25.817 3.12918 2.98012 2.0157 1.091 1.08143 1.12708 1.24534 0.619038 0.606636 0.432007 0.408678 0.401346 0.628399 0.606188 1.46233 0.896243 0.795564 0.518571 0.406349 0.379002
threshold=6.5000000000000009 1.5000000000000002 1.0000000180025095e-35 1.1079439466420364 0.7234857934403881 1.1844277115722703 16914.633366696104 1027.2329608285802 13437.426111195733 0.77788610054418517 20281.868311528979 1.1475644911162104 1.0000000180025095e-35 0.8059040640304328 129046.91055735455 100318.41913736083 0.85900367092720786 40013.561130474824 46205.622142632747 1.0000000180025095e-35 1.0660229925427938 0.99359874653726477 31175.651318285625
decision_type=2 2 2 2 2 2 2 2 2 2 2 2 2 2 2 2 2 2 2 2 2 2 2
left_child=1 2 -1 7 -2 6 10 -4 -9 -10 -6 -5 -12 -3 15 16 -8 21 -19 20 -20 -18 -11
right_child=4 13 3 11 5 -7 14 8 9 22 12 -13 -14 -15 -16 -17 17 18 19 -21 -22 -23 -24
leaf_value=0.28670415453653902 -0.090300248153242071 0.038252659454092834 -0.084180438987711381 0.19331478897510113 -0.099574750165477066 -0.086393216851747862 -0.086669883161964251 -0.086827161757461122 -0.086704645910298278 -0.087641554435311145 -0.083512653000212655 -0.086293102385177248 -0.086569754916635322 0.16900253695357323 -0.084496993566668552 -0.085008514152952352 -0.00032943137195974852 -0.087408129406210164 -0.087887484031347995 -0.087409060479739314 -0.086199224755403217 -0.087623114976112026 -0.087244593682109253
leaf_weight=397 22 302 30 20 21 57 33 31 34 29 41 73 20 1706 20 27 21 20 35 29 25 24 183
leaf_count=397 22 302 30 20 21 57 33 31 34 29 41 73 20 1706 20 27 21 20 35 29 25 24 183
internal_value=1.56252e-05 0.00191622 -0.00428482 -0.01325 -0.013481 -0.0124263 -0.0139873 -0.015684 -0.0166606 -0.0155285 -0.00902439 -0.00521505 -0.00647541 0.00437749 -0.0157265 -0.0150935 -0.016123 -0.0148052 -0.0179358 -0.0157865 -0.0125 -0.00722222 -0.0141038
internal_weight=3200 2805 797 400 395 373 316 307 277 246 82 93 61 2008 234 214 187 154 109 89 60 45 212
internal_count=3200 2805 797 400 395 373 316 307 277 246 82 93 61 2008 234 214 187 154 109 89 60 45 212
is_linear=0
shrinkage=0.05


Tree=34
num_leaves=24
num_cat=0
split_feature=4 0 0 0 0 5 0 0 0 5 14 5 5 5 0 0 9 3 14 9 5 9 14
split_gain=49.2803 68.738 38.4376 49.5327 1.24981 1.37059 1.47133 1.24795 1.12647 0.996247 0.812979 0.646154 0.325038 0.278473 0.769931 1.42639 1.22651 0.241675 0.375092 0.234602 0.170068 0.166387 0.149393
threshold=1.0000000180025095e-35 6.5000000000000009 1.5000000000000002 1.0000000180025095e-35 3.5000000000000004 1.0230214602660179 4.5000000000000009 5.5000000000000009 6.5000000000000009 1.0407689687275135 26308.611698708122 0.79773170427931128 0.87339217932016089 0.87497822591249685 1.5000000000000002 1.0000000180025095e-35 60277.460474291373 1.0000000180025095e-35 63379.51626803432 52633.312763159171 0.88809910615481324 29463.421513361976 28137.597729380326
decision_type=2 2 2 2 2 2 2 2 2 2 2 2 2 2 2 2 2 2 2 2 2 2 2
left_child=8 2 3 11 -4 6 19 -8 13 10 -10 -2 -9 14 15 -1 -17 18 -12 20 -6 -5 -7
right_child=1 -3 4 21 5 22 7 12 9 -11 17 -13 -14 -15 -16 16 -18 -19 -20 -21 -22 -23 -24
leaf_value=0.34269673566577064 -0.012492950967334514 -0.086529576408113706 0.16166665709080996 -0.094009337960063083 -0.005178438973723656 0.048999796891886369 0.53342575272938653 -0.01332067723828529 0.0089763064975218205 0.041556033661488384 -0.030046299852605832 0.21384879053435074 0.0026366265684230747 0.32049443809795625 0.18355315716806886 -0.028759343370274599 0.01080955680626039 -0.0094852233981814089 0.0066938953612348771 -0.0070567374654165269 -0.010145507807546104 -0.086407429589433468 0.061442094759942889
leaf_weight=79 20 121 268 20 21 63 72 35 57 120 26 84 27 1474 338 38 27 41 30 22 28 99 90
leaf_count=79 20 121 268 20 21 63 72 35 57 120 26 84 27 1474 338 38 27 41 30 22 28 99 90
internal_value=7.81252e-05 -0.0093299 -0.00430506 -0.02213 0.00204473 0.000111732 -0.00256098 0.000522388 0.0041704 0.00116788 -0.00149351 0.00307692 -0.00467742 0.004591 0.00354772 0.000486111 -0.005 -0.00427835 -0.00214286 -0.00838028 -0.0103061 -0.0441597 0.00369281
internal_weight=3200 970 849 223 626 358 205 134 2230 274 154 104 62 1956 482 144 65 97 56 71 49 119 153
internal_count=3200 970 849 223 626 358 205 134 2230 274 154 104 62 1956 482 144 65 97 56 71 49 119 153
is_linear=0
shrinkage=0.05


Tree=35
num_leaves=24
num_cat=0
split_feature=4 0 0 0 0 5 0 0 0 5 0 5 0 9 9 9 12 5 5 2 9 5 9
split_gain=46.9675 68.9392 37.7279 50.5462 1.24981 1.37059 1.47133 1.24795 0.933625 0.996247 0.86994 1.38408 2.75702 1.06641 0.787824 0.516546 0.410116 0.363462 0.325038 0.297718 0.234602 0.170068 0.166387
threshold=1.0000000180025095e-35 6.5000000000000009 1.5000000000000002 1.0000000180025095e-35 3.5000000000000004 1.0230214602660179 4.5000000000000009 5.5000000000000009 6.5000000000000009 1.0407689687275135 1.5000000000000002 0.97697385171132567 1.0000000180025095e-35 60277.460474291373 47729.342487735128 29162.615900621426 1.0000000180025095e-35 0.79773170427931128 0.87339217932016089 2028.0000000000002 52633.312763159171 0.88809910615481324 29463.421513361976
decision_type=2 2 2 2 2 2 2 2 2 2 2 2 2 2 2 2 2 2 2 2 2 2 2
left_child=8 2 3 17 -4 6 20 -8 10 16 11 12 -1 14 15 -14 19 -2 -9 -10 21 -6 -5
right_child=1 -3 4 22 5 -7 7 18 9 -11 -12 -13 13 -15 -16 -17 -18 -19 -20 -21 -22 -23 -24
leaf_value=0.39410399341195557 -0.01186830341896776 -0.08220309758770801 0.15358332423626944 -0.089308871062059925 -0.0049195170250374591 0.052201839151782517 0.50675446509291733 -0.012654643376371028 0.0021677177719887325 0.039478231978413998 0.34930297081664219 0.16744240674447761 -0.024093709939858876 0.009470028438569162 -0.013490090243583046 -0.012262090798325614 0.014502598107539301 0.20315635100763327 0.0025047952400019356 -0.0056865596119318436 -0.0067039005921456707 -0.0096382324171687683 -0.082087058109961794
leaf_weight=130 20 121 268 20 21 153 72 35 39 120 1382 319 24 46 20 35 21 84 27 94 22 28 99
leaf_count=130 20 121 268 20 21 153 72 35 39 120 1382 319 24 46 20 35 21 84 27 94 22 28 99
internal_value=-9.37498e-05 -0.00927835 -0.00424617 -0.0219058 0.00204473 0.000111732 -0.00256098 0.000522388 0.00390135 0.00116788 0.00428425 0.00264808 -9.8039e-05 -0.0054 -0.00892405 -0.00601695 -0.00149351 0.00355769 -0.00467742 -0.0025188 -0.00838028 -0.0103061 -0.0441597
internal_weight=3200 970 849 223 626 358 205 134 2230 274 1956 574 255 125 79 59 154 104 62 133 71 49 119
internal_count=3200 970 849 223 626 358 205 134 2230 274 1956 574 255 125 79 59 154 104 62 133 71 49 119
is_linear=0
shrinkage=0.05


Tree=36
num_leaves=24
num_cat=0
split_feature=4 0 0 0 0 5 0 0 0 5 0 0 5 9 9 9 12 5 5 2 1 9 3
split_gain=46.4418 69.1406 37.98 50.5462 1.17369 1.26577 1.24776 1.24795 0.918372 0.996247 0.84297 1.32427 2.43133 0.930105 0.482128 0.516546 0.410116 0.363462 0.325038 0.297718 0.277529 0.166387 0.157885
threshold=1.0000000180025095e-35 6.5000000000000009 1.5000000000000002 1.0000000180025095e-35 3.5000000000000004 1.0230214602660179 4.5000000000000009 5.5000000000000009 6.5000000000000009 1.0407689687275135 1.5000000000000002 1.0000000180025095e-35 0.97697385171132567 60277.460474291373 47729.342487735128 29162.615900621426 1.0000000180025095e-35 0.79773170427931128 0.87339217932016089 2028.0000000000002 1.0000000180025095e-35 29463.421513361976 1.0000000180025095e-35
decision_type=2 2 2 2 2 2 2 2 2 2 2 2 2 2 2 2 2 2 2 2 2 2 2
left_child=8 2 3 17 -4 6 20 -8 10 16 11 -1 13 14 15 -13 19 -2 -9 -10 -6 -5 -21
right_child=1 -3 4 21 5 -7 7 18 9 -11 -12 12 -14 -15 -16 -17 -18 -19 -20 22 -22 -23 -24
leaf_value=0.51054086000518106 -0.011274888248019364 -0.078092942708322621 0.14590415802445597 -0.084843427508956931 -0.014647340569451318 0.049591747194193368 0.48141674183827138 -0.012021911207552494 0.0020593318833892964 0.037504320379493292 0.3318378222758101 -0.022889024442865946 0.10584806593527296 0.00899652701664066 -0.012815585731403926 -0.011648986258409271 0.013777468202162357 0.19299853345725168 0.0023795554780018397 -0.0026024794000179051 -0.0064087550063035561 -0.077982705204463709 -0.0085886020762685512
leaf_weight=293 20 121 268 20 27 153 72 35 39 120 1382 24 156 46 20 35 21 84 27 60 44 99 34
leaf_count=293 20 121 268 20 27 153 72 35 39 120 1382 24 156 46 20 35 21 84 27 60 44 99 34
internal_value=-9.37498e-05 -0.0092268 -0.00418728 -0.0219058 0.0021246 0.000251397 -0.00231707 0.000522388 0.00387892 0.00116788 0.00425869 0.00264808 0.00019573 -0.005 -0.00829114 -0.00601695 -0.00149351 0.00355769 -0.00467742 -0.0025188 -0.00767606 -0.0441597 -0.00404255
internal_weight=3200 970 849 223 626 358 205 134 2230 274 1956 574 281 125 79 59 154 104 62 133 71 119 94
internal_count=3200 970 849 223 626 358 205 134 2230 274 1956 574 281 125 79 59 154 104 62 133 71 119 94
is_linear=0
shrinkage=0.05


Tree=37
num_leaves=24
num_cat=0
split_feature=4 9 9 5 14 9 5 9 9 14 14 14 2 5 5 14 5 5 5 9 14 5 14
split_gain=46.283 2.38615 1.44359 1.30463 1.49713 1.05862 1.28346 1.00175 1.46579 1.18982 1.01211 1.60565 0.954545 0.859606 0.821232 0.806601 0.7299 0.69985 1.10837 1.49282 0.970374 0.754704 0.606773
threshold=1.0000000180025095e-35 36743.461334297892 6678.3990766439647 0.85598125438276673 13152.116286833398 144712.96072021141 1.2463007693610029 57573.520787453483 47921.525774488982 41372.495196902099 19847.903178837794 66976.985041961481 2032.5000000000002 0.9981086715313261 0.80229665151842899 25716.187117558631 0.7234857934403881 0.9742539713539845 1.1201071056310488 89345.827712806742 49120.442393241276 1.044047398982596 32429.008841743827
decision_type=2 2 2 2 2 2 2 2 2 2 2 2 2 2 2 2 2 2 2 2 2 2 2
left_child=13 2 -2 14 12 6 7 8 9 15 -10 -12 -5 -1 -4 -3 -9 -18 19 20 -19 -22 -6
right_child=1 5 3 4 22 -7 -8 16 10 -11 11 -13 -14 -15 -16 -17 17 18 -20 -21 21 -23 -24
leaf_value=0.029547630901427258 0.09669757008361296 -0.069912183015885962 -0.069816818811403156 -0.07008117628559081 -0.068443431178978761 -0.069003262707641191 0.042756480944751832 -0.070434166504011561 -0.069978742685813597 -0.0622472116245818 -0.071018639647931189 -0.068955758733618616 -0.056737091901447448 0.15054599975197805 -0.069647453518733013 -0.070619810917367576 -0.069898351956413737 -0.070042491494662282 -0.06979236163956648 -0.069806953681655473 -0.071228370517430264 -0.069860648954416557 0.014458372045278179
leaf_weight=1098 35 55 53 56 106 20 28 27 21 52 47 20 21 1132 26 54 117 23 44 47 21 20 77
leaf_count=1098 35 55 53 56 106 20 28 27 21 52 47 20 21 1132 26 54 117 23 44 47 21 20 77
internal_value=-0.000109375 -0.0092268 -0.00609626 -0.00709439 -0.00538462 -0.0111913 -0.0107986 -0.0113321 -0.0136747 -0.0108385 -0.0188636 -0.0218657 -0.0112338 0.0038565 -0.0127215 -0.0138073 -0.00938127 -0.00860294 -0.0108065 -0.0134685 -0.0184375 -0.0230488 -0.0029235
internal_weight=3200 970 374 339 260 596 576 548 249 161 88 67 77 2230 79 109 299 272 155 111 64 41 183
internal_count=3200 970 374 339 260 596 576 548 249 161 88 67 77 2230 79 109 299 272 155 111 64 41 183
is_linear=0
shrinkage=0.05


Tree=38
num_leaves=24
num_cat=0
split_feature=4 0 0 0 0 5 0 0 5 9 5 9 5 9 0 14 3 5 0 5 5 0 9
split_gain=42.8447 70.5589 39.7679 50.5462 1.34759 1.19812 0.948152 1.52773 2.47281 1.06641 0.802606 0.787824 0.549299 0.516546 0.490842 0.421066 0.512942 0.366622 0.647503 0.4224 0.363462 0.334058 0.222727
threshold=1.0000000180025095e-35 6.5000000000000009 1.5000000000000002 1.0000000180025095e-35 6.5000000000000009 1.069209460861025 1.5000000000000002 1.0000000180025095e-35 0.97697385171132567 60277.460474291373 0.70445260993013836 47729.342487735128 0.77788610054418517 29162.615900621426 3.5000000000000004 29608.016072825212 1.0000000180025095e-35 1.0230214602660179 4.5000000000000009 0.88809910615481324 0.79773170427931128 5.5000000000000009 26561.902862740313
decision_type=2 2 2 2 2 2 2 2 2 2 2 2 2 2 2 2 2 2 2 2 2 2 2
left_child=4 2 3 20 6 12 7 -1 9 11 -4 13 -6 -9 -12 22 -17 18 19 -16 -2 -20 -14
right_child=1 -3 10 -5 5 -7 -8 8 -10 -11 14 -13 15 -15 17 16 -18 -19 21 -21 -22 -23 -24
leaf_value=0.48353643545985064 -0.007565240528340799 -0.071055000070797222 -0.014662432696338516 -0.074149533325663985 -0.041979110896419813 0.038889249532470777 0.31376854961694839 -0.023221954765794015 0.094773109177844247 0.0070693191207372667 0.16767812830877538 -0.013652187989905099 -0.0021763084180027848 -0.012543918490560028 0.0014224618149657109 0.0014499494867452039 -0.0096365535175264843 0.050079567274786657 0.46086501436952815 -0.00390140785532725 0.18681255245063672 0.00075964544089769832 0.0073110964441373306
leaf_weight=293 20 121 37 119 20 108 1382 24 156 46 252 20 20 35 26 48 34 153 64 37 84 57 44
leaf_count=293 20 121 37 119 20 108 1382 24 156 46 252 20 20 35 26 48 34 153 64 37 84 57 44
internal_value=-9.37498e-05 -0.00886598 -0.00377503 -0.0219058 0.00372197 0.000437956 0.004182 0.00247387 -0.000160142 -0.0054 0.00268371 -0.00892405 -0.00222892 -0.00601695 0.00313243 -0.00116438 -0.00353659 0.00188427 0.000380435 -0.00373016 0.00355769 0.00252066 0.001875
internal_weight=3200 970 849 223 2230 274 1956 574 281 125 626 79 166 59 589 146 82 337 184 63 104 121 64
internal_count=3200 970 849 223 2230 274 1956 574 281 125 626 79 166 59 589 146 82 337 184 63 104 121 64
is_linear=0
shrinkage=0.05


Tree=39
num_leaves=24
num_cat=0
split_feature=4 0 0 0 0 5 0 0 5 9 5 9 14 9 0 5 0 5 5 0 9 9 9
split_gain=42.388 70.5589 39.7679 50.5462 1.44381 1.03976 0.892244 1.52773 2.47281 1.06641 0.802606 0.787824 0.634339 0.516546 0.490842 0.366622 0.647503 0.4224 0.363462 0.334058 0.264771 0.368561 0.215745
threshold=1.0000000180025095e-35 6.5000000000000009 1.5000000000000002 1.0000000180025095e-35 6.5000000000000009 1.069209460861025 1.5000000000000002 1.0000000180025095e-35 0.97697385171132567 60277.460474291373 0.70445260993013836 47729.342487735128 26308.611698708122 29162.615900621426 3.5000000000000004 1.0230214602660179 4.5000000000000009 0.88809910615481324 0.79773170427931128 5.5000000000000009 46554.133783376456 94913.24722264774 26218.416347763039
decision_type=2 2 2 2 2 2 2 2 2 2 2 2 2 2 2 2 2 2 2 2 2 2 2
left_child=4 2 3 18 6 12 7 -1 9 11 -4 13 22 -9 -12 16 17 -16 -2 -18 -14 -22 -6
right_child=1 -3 10 -5 5 -7 -8 8 -10 -11 14 -13 20 -15 15 -17 19 -19 -20 -21 21 -23 -24
leaf_value=0.45935961368685813 -0.0071869785019238012 -0.067502250067257338 -0.013929311061521579 -0.070442056659380789 -0.0020674929971026524 0.03694478705584725 0.29808012213610091 -0.022060857027504276 0.090034453718952065 0.0067158531647003973 0.15929422189333661 -0.01296957859040985 -0.019694869067126794 -0.011916722566031983 0.0013513387242173845 0.047575588911047288 0.43782176365105174 -0.003706337462560889 0.17747192482810492 0.00072166316885281974 0.0010126879227913142 -0.0070659757087389117 0.014173517150599722
leaf_weight=293 20 121 37 119 20 108 1382 24 156 46 252 20 34 35 26 153 64 37 84 57 47 23 42
leaf_count=293 20 121 37 119 20 108 1382 24 156 46 252 20 34 35 26 153 64 37 84 57 47 23 42
internal_value=-0.000140625 -0.00886598 -0.00377503 -0.0219058 0.00365471 0.000255475 0.00413088 0.00247387 -0.000160142 -0.0054 0.00268371 -0.00892405 -0.00222892 -0.00601695 0.00313243 0.00188427 0.000380435 -0.00373016 0.00355769 0.00252066 -0.00461538 -0.00285714 0.00177419
internal_weight=3200 970 849 223 2230 274 1956 574 281 125 626 79 166 59 589 337 184 63 104 121 104 70 62
internal_count=3200 970 849 223 2230 274 1956 574 281 125 626 79 166 59 589 337 184 63 104 121 104 70 62
is_linear=0
shrinkage=0.05


Tree=40
num_leaves=24
num_cat=0
split_feature=4 0 0 0 0 5 0 0 5 9 0 5 0 0 14 9 9 5 5 9 5 9 2
split_gain=42.6922 70.5589 39.7679 50.5462 1.32925 0.942762 0.827195 1.42418 2.26766 0.930105 0.707788 0.613623 0.566939 0.808535 0.542471 0.482128 0.516546 0.363462 0.279496 0.215745 0.201852 0.280822 0.186855
threshold=1.0000000180025095e-35 6.5000000000000009 1.5000000000000002 1.0000000180025095e-35 6.5000000000000009 1.069209460861025 1.5000000000000002 1.0000000180025095e-35 0.97697385171132567 60277.460474291373 3.5000000000000004 1.0295092369820498 4.5000000000000009 5.5000000000000009 26308.611698708122 47729.342487735128 29162.615900621426 0.79773170427931128 0.88809910615481324 26218.416347763039 0.69457110385268972 44728.741984705419 2028.0000000000002
decision_type=2 2 2 2 2 2 2 2 2 2 2 2 2 2 2 2 2 2 2 2 2 2 2
left_child=4 2 3 17 6 14 7 -1 9 15 -4 12 18 -14 19 16 -9 -2 -12 -6 21 -8 -16
right_child=1 -3 10 -5 5 -7 20 8 -10 -11 11 -13 13 -15 22 -17 -18 -19 -20 -21 -22 -23 -24
leaf_value=0.43639163300251527 -0.0068276295768276082 -0.064127137563894474 0.12939256034891833 -0.066919953826411749 -0.0019641183472475046 0.035097547703054843 0.080859440919618261 -0.02095781417612904 0.085532731033004405 0.0063800605064654181 -0.011340221408270929 0.050921252240629628 0.41590607577699323 -0.0032340480140279474 -0.0010180928263102025 -0.012321099660889293 -0.01132088643773042 0.16859832858669968 -0.0035210205894328724 0.013464841293069761 0.3190152404790757 -0.013326345189662825 -0.0084963778163195947
leaf_weight=293 20 121 268 119 20 108 41 24 156 46 34 150 72 65 27 20 35 84 37 42 1309 32 77
leaf_count=293 20 121 268 119 20 108 41 24 156 46 34 150 72 65 27 20 35 84 37 42 1309 32 77
internal_value=-0.000109375 -0.00886598 -0.00377503 -0.0219058 0.00369955 0.000437956 0.00415644 0.00256098 1.77938e-05 -0.005 0.00268371 0.00122905 -0.000528846 0.00135037 -0.00192771 -0.00829114 -0.00601695 0.00355769 -0.00415493 0.00177419 0.0048191 0.00226027 -0.00413462
internal_weight=3200 970 849 223 2230 274 1956 574 281 125 626 358 208 137 166 79 59 104 71 62 1382 73 104
internal_count=3200 970 849 223 2230 274 1956 574 281 125 626 358 208 137 166 79 59 104 71 62 1382 73 104
is_linear=0
shrinkage=0.05


Tree=41
num_leaves=24
num_cat=0
split_feature=4 0 0 0 5 0 0 5 5 0 0 0 0 0 5 5 5 5 9 9 9 3 5
split_gain=42.0849 70.5589 39.7679 50.5462 1.43925 1.04485 0.707788 0.697987 0.613623 0.597768 0.566939 0.808535 0.531116 0.858624 1.40892 0.95438 0.363462 0.349874 0.414461 0.461277 0.289882 0.30323 0.279496
threshold=1.0000000180025095e-35 6.5000000000000009 1.5000000000000002 1.0000000180025095e-35 0.7234857934403881 6.5000000000000009 3.5000000000000004 1.069209460861025 1.0295092369820498 5.5000000000000009 4.5000000000000009 5.5000000000000009 1.5000000000000002 1.0000000180025095e-35 0.97697385171132567 0.91131576306078255 0.79773170427931128 0.80799379639382607 85976.227144999633 25071.130192709057 40013.561130474824 1.0000000180025095e-35 0.88809910615481324
decision_type=2 2 2 2 2 2 2 2 2 2 2 2 2 2 2 2 2 2 2 2 2 2 2
left_child=4 2 3 16 9 12 -4 17 10 -1 22 -12 13 -6 15 -15 -2 -7 19 -19 -21 -22 -8
right_child=1 -3 6 -5 5 7 8 -9 -10 -11 11 -13 -14 14 -16 -17 -18 18 -20 20 21 -23 -24
leaf_value=0.0056100173755034332 -0.0064862480979862346 -0.060920780685699755 0.1229229323314724 -0.063573956135091161 0.52126627344220522 0.012498536613318435 -0.010773210337857379 0.033342670317902105 0.048375189628598179 -0.033004685869354802 0.39511077198814371 -0.0030723456133265781 0.32383918143612722 0.00046910863843221176 0.081256094481354124 -0.012896076743436138 0.16016841215736466 -0.0051852895902388847 -0.0052753774259576931 0.021446216266389467 0.0077804165836157903 -0.0041844590674347754 -0.0033449695599612039
leaf_weight=112 20 121 268 119 276 20 34 108 150 33 72 65 1284 65 156 42 84 20 28 29 33 24 37
leaf_count=112 20 121 268 119 276 20 34 108 150 33 72 65 1284 65 156 42 84 20 28 29 33 24 37
internal_value=-0.000171875 -0.00886598 -0.00377503 -0.0219058 0.00360987 0.00394484 0.00268371 0.000992367 0.00122905 -0.0012069 -0.000528846 0.00135037 0.00436917 0.00305195 0.0010076 -0.00341121 0.00355769 -0.00116883 -0.00208955 -0.000660377 0.000930233 -0.00114035 -0.00415493
internal_weight=3200 970 849 223 2230 2085 626 262 358 145 208 137 1823 539 263 107 104 154 134 106 86 57 71
internal_count=3200 970 849 223 2230 2085 626 262 358 145 208 137 1823 539 263 107 104 154 134 106 86 57 71
is_linear=0
shrinkage=0.05


Tree=42
num_leaves=24
num_cat=0
split_feature=4 9 5 5 1 5 9 9 5 5 5 9 3 5 5 1 14 9 5 5 9 3 9
split_gain=41.9338 2.24671 1.7051 1.42589 1.17032 1.21549 1.33455 0.989027 0.96 1.3492 1.39612 0.777517 0.586667 0.569673 1.41105 0.899232 1.27505 0.803604 0.62341 0.923049 0.53017 0.577979 1.04058
threshold=1.0000000180025095e-35 6678.3990766439647 1.1844277115722703 0.7234857934403881 1.0000000180025095e-35 0.9981086715313261 89345.827712806742 127165.90873899132 0.7234857934403881 0.8171055759366409 0.87497822591249685 67212.836114304431 1.0000000180025095e-35 1.1079439466420364 1.0799996144149753 1.5000000000000002 26486.958992110656 30065.605245205828 0.81129936193001229 0.75321958696535429 47921.525774488982 1.0000000180025095e-35 59283.469506051282
decision_type=2 2 2 2 2 2 2 2 2 2 2 2 2 2 2 2 2 2 2 2 2 2 2
left_child=3 -2 4 -1 5 8 11 13 -3 -10 -11 -7 -12 14 15 18 17 -17 19 -6 -20 22 -22
right_child=1 2 -4 -5 7 6 -8 -9 9 10 12 -13 -14 -15 -16 16 -18 -19 20 -21 21 -23 -24
leaf_value=-0.0032323687556929607 0.099867347675872783 -0.055187420578295648 -0.052569580401018168 0.068267621092521755 -0.054015681756294065 -0.05362014765543123 -0.051178914374308562 -0.052474039637373619 0.011923859984348577 -0.057521681987305617 -0.051006502286316605 -0.053748020647259413 -0.053407659897858333 -0.051888579116866278 -0.055186893885241887 -0.051973544876277214 -0.053596843497773085 -0.050248399758166008 -0.051385072759477381 -0.055090021726469977 -0.053401004992901728 -0.053787835062876904 -0.050511738171815916
leaf_weight=145 35 25 124 2085 50 66 20 34 33 27 55 29 20 67 42 47 24 32 115 32 20 26 47
leaf_count=145 35 25 124 2085 50 66 20 34 33 27 55 29 20 67 42 47 24 32 115 32 20 26 47
internal_value=-0.0001875 -0.00886598 -0.00933155 0.00358744 -0.0101665 -0.0128182 -0.0167391 -0.00880597 -0.01 -0.00833333 -0.0111765 -0.0192105 -0.00766667 -0.00824701 -0.00890805 -0.0079771 -0.0119903 -0.00892405 -0.00655172 -0.0102439 -0.00509615 -0.00790323 -0.00544776
internal_weight=3200 970 935 2230 811 275 115 536 160 135 102 95 75 502 435 393 103 79 290 82 208 93 67
internal_count=3200 970 935 2230 811 275 115 536 160 135 102 95 75 502 435 393 103 79 290 82 208 93 67
is_linear=0
shrinkage=0.05


Tree=43
num_leaves=24
num_cat=0
split_feature=4 0 0 0 0 5 0 0 5 9 2 5 5 5 0 5 5 5 5 9 9 9 14
split_gain=37.8997 72.1974 41.8615 50.5462 1.86185 1.19023 0.85993 1.74571 2.24865 1.24778 0.723508 0.868116 0.676595 0.586111 0.436782 0.457764 0.428982 0.426055 0.363462 0.355595 0.23 0.342146 0.202542
threshold=1.0000000180025095e-35 6.5000000000000009 1.5000000000000002 1.0000000180025095e-35 6.5000000000000009 1.069209460861025 1.5000000000000002 1.0000000180025095e-35 1.0295092369820498 60277.460474291373 2032.5000000000002 0.95586954149312564 0.7234857934403881 0.71763201185054715 3.5000000000000004 0.67493775793654576 0.77788610054418517 0.86511218695917946 0.79773170427931128 53182.767947810804 85976.227144999633 22809.012146607525 28137.597729380326
decision_type=2 2 2 2 2 2 2 2 2 2 2 2 2 2 2 2 2 2 2 2 2 2 2
left_child=4 2 3 18 6 16 7 -1 9 10 11 17 19 14 -8 -16 -6 -9 -2 -4 21 -18 -14
right_child=1 -3 12 -5 5 -7 13 8 -10 -11 -12 -13 22 -15 15 -17 20 -19 -20 -21 -22 -23 -24
leaf_value=0.38698857977847401 -0.0034611516052722707 -0.055115396936278052 0.0064788843575699518 -0.058458480060986785 -0.036658740276174086 0.028262155747380915 0.29294744550012952 -0.023534171365799675 0.1262034530598061 0.0047504532245274504 -0.020181362879899235 0.014901686472406346 0.025865852299961901 0.30353585949391432 0.019806178679540633 -0.013508492525062081 -0.0081844630138806999 -0.015822371041592075 0.15471454205172072 -0.0085887488690103344 -0.0071344480523632212 0.0010167476554242619 0.036224535238327298
leaf_weight=293 20 121 27 119 20 108 38 22 122 57 35 24 235 1286 33 25 21 21 84 20 32 93 344
leaf_count=293 20 121 27 119 20 108 38 22 122 57 35 24 235 1286 33 25 21 21 84 20 32 93 344
internal_value=-0.000203125 -0.00845361 -0.00330389 -0.0219058 0.00338565 -0.000474452 0.00392638 0.00229965 -0.000516014 -0.00443396 -0.0077451 -0.00470149 0.00332268 0.00460203 0.000833334 -0.00189655 -0.00313253 -0.00895349 0.00355769 -0.00244681 -0.00219178 -0.00114035 0.00379102
internal_weight=3200 970 849 223 2230 274 1956 574 281 159 102 67 626 1382 96 58 166 43 104 47 146 114 579
internal_count=3200 970 849 223 2230 274 1956 574 281 159 102 67 626 1382 96 58 166 43 104 47 146 114 579
is_linear=0
shrinkage=0.05


Tree=44
num_leaves=24
num_cat=0
split_feature=4 0 0 0 0 5 5 0 0 5 9 5 5 9 9 1 9 0 0 9 2 5 0
split_gain=39.0418 71.5807 41.0701 50.5462 1.71065 1.08628 0.870915 0.703289 1.08927 1.85979 0.721968 0.621562 0.363462 0.355595 0.299838 0.29893 0.291035 0.307301 0.430384 0.290131 0.3021 0.345967 0.280637
threshold=1.0000000180025095e-35 6.5000000000000009 1.5000000000000002 1.0000000180025095e-35 6.5000000000000009 1.069209460861025 0.77788610054418517 1.5000000000000002 1.0000000180025095e-35 0.97697385171132567 60277.460474291373 0.7234857934403881 0.79773170427931128 53182.767947810804 42584.733088647845 1.5000000000000002 44728.741984705419 3.5000000000000004 4.5000000000000009 94913.24722264774 2028.0000000000002 0.83918073007734006 3.5000000000000004
decision_type=2 2 2 2 2 2 2 2 2 2 2 2 2 2 2 2 2 2 2 2 2 2 2
left_child=4 2 3 12 6 19 15 8 -8 10 14 13 -2 -4 -10 16 -1 -18 -19 20 -6 -22 -13
right_child=1 -3 11 -5 5 -7 7 -9 9 -11 -12 22 -14 -15 -16 -17 17 18 -20 -21 21 -23 -24
leaf_value=0.069349173109701803 -0.003288094025008668 -0.05235962708946415 0.0061549401396914609 -0.055535556057937446 0.005244318872438143 0.026849047960011863 0.53241042733198918 0.32869908371900525 -0.011845355662536238 0.067469736049670159 0.0065036713597772149 0.14007741371428795 0.14697881494913465 -0.0081593114255598381 -0.014873535455814078 -0.012529856633034875 0.024683053092871027 -0.013000501265896742 0.032698387788756327 -0.0066782506457432646 -0.035514701501427284 -0.0047524625480227217 0.0092939814920721276
leaf_weight=72 20 121 27 119 43 108 262 1220 37 156 34 249 84 20 22 37 63 24 29 23 26 74 330
leaf_count=72 20 121 27 119 43 108 262 1220 37 156 34 249 84 20 22 37 63 24 29 23 26 74 330
internal_value=-0.000234375 -0.00860825 -0.00348057 -0.0219058 0.00340807 -0.000291971 0.00392638 0.00430676 0.00274951 0.000381526 -0.00521505 0.00308307 0.00355769 -0.00244681 -0.00855932 0.001 0.00180851 0.000258621 -0.00254717 -0.00283133 -0.00199301 -0.0035 0.00353195
internal_weight=3200 970 849 223 2230 274 1956 1731 511 249 93 626 104 47 59 225 188 116 53 166 143 100 579
internal_count=3200 970 849 223 2230 274 1956 1731 511 249 93 626 104 47 59 225 188 116 53 166 143 100 579
is_linear=0
shrinkage=0.05


Tree=45
num_leaves=24
num_cat=0
split_feature=4 0 0 0 0 0 0 5 9 5 2 5 5 5 0 5 14 9 9 5 0 9 9
split_gain=39.4212 71.1711 40.5467 50.5462 1.5069 0.870983 1.86016 2.40809 1.02202 0.756714 0.723508 0.868116 0.627906 0.58617 0.427844 0.426055 0.419406 0.381303 0.450185 0.363462 0.362345 0.368754 0.355595
threshold=1.0000000180025095e-35 6.5000000000000009 1.5000000000000002 1.0000000180025095e-35 6.5000000000000009 1.5000000000000002 1.0000000180025095e-35 1.0295092369820498 60277.460474291373 1.069209460861025 2032.5000000000002 0.95586954149312564 0.77788610054418517 0.7234857934403881 3.5000000000000004 0.86511218695917946 27727.346541253388 46554.133783376456 94913.24722264774 0.79773170427931128 3.5000000000000004 30065.605245205828 53182.767947810804
decision_type=2 2 2 2 2 2 2 2 2 2 2 2 2 2 2 2 2 2 2 2 2 2 2
left_child=4 2 3 19 5 6 -1 8 10 16 11 15 14 22 -7 -8 -6 -18 -19 -2 -15 -22 -4
right_child=1 -3 13 -5 9 12 7 -9 -10 -11 -12 -13 -14 20 -16 -17 17 18 -20 -21 21 -23 -24
leaf_value=0.36056950308247587 -0.0031236893237581924 -0.049741645734990937 0.0058471931327068937 -0.052758778255040578 0.0013020597627370397 0.28642106537996387 -0.021917034572711602 0.11651979360433234 0.0038241594365006071 0.025506595562011292 -0.018559491925396437 0.010783115346302538 0.31226412953305499 0.13307354302857358 -0.00022856377878810748 -0.014287575716721922 -0.028173336498751568 0.0012757131555226403 -0.0063443381134561027 0.13962987420167802 -6.1603643905457958e-07 0.022537926976239093 -0.007751345854281836
leaf_weight=293 20 121 27 119 70 59 22 122 57 108 35 24 1220 249 103 21 28 45 23 84 107 223 20
leaf_count=293 20 121 27 119 70 59 22 122 57 108 35 24 1220 249 103 21 28 45 23 84 107 223 20
internal_value=-0.000296875 -0.00871134 -0.00359835 -0.0219058 0.00336323 0.00384969 0.00221254 -0.00069395 -0.00474843 -0.000109489 -0.0077451 -0.00470149 0.00452967 0.00292332 0.00160494 -0.00895349 -0.00222892 -0.004375 -0.00235294 0.00355769 0.00335924 0.00227273 -0.00244681
internal_weight=3200 970 849 223 2230 1956 574 281 159 274 102 67 1382 626 162 43 166 96 68 104 579 330 47
internal_count=3200 970 849 223 2230 1956 574 281 159 274 102 67 1382 626 162 43 166 96 68 104 579 330 47
is_linear=0
shrinkage=0.05


Tree=46
num_leaves=24
num_cat=0
split_feature=4 0 0 0 0 5 5 0 0 5 9 2 0 5 5 14 9 9 5 5 0 0 1
split_gain=40.245 70.7627 40.0266 50.5462 1.52643 0.840751 0.756714 0.739955 1.18605 1.8603 0.694815 0.823123 0.650797 0.610813 0.543311 0.419406 0.381303 0.450185 0.363462 0.343516 0.437008 0.421505 0.29893
threshold=1.0000000180025095e-35 6.5000000000000009 1.5000000000000002 1.0000000180025095e-35 6.5000000000000009 0.77788610054418517 1.069209460861025 1.5000000000000002 1.0000000180025095e-35 1.0295092369820498 53182.767947810804 2032.5000000000002 3.5000000000000004 0.70445260993013836 0.95586954149312564 27727.346541253388 46554.133783376456 94913.24722264774 0.79773170427931128 1.0295092369820498 4.5000000000000009 5.5000000000000009 1.5000000000000002
decision_type=2 2 2 2 2 2 2 2 2 2 2 2 2 2 2 2 2 2 2 2 2 2 2
left_child=4 2 3 18 5 22 15 8 -7 10 11 14 -4 -14 -10 -6 -17 -18 -2 20 -15 -22 -1
right_child=1 -3 12 -5 6 7 -8 -9 9 -11 -12 -13 13 19 -16 16 17 -19 -20 -21 21 -23 -24
leaf_value=0.01027783129190063 -0.0029675048575703114 -0.047254563448241388 0.10812759954120608 -0.050120839342288538 0.0012369567746001906 0.48776143081126588 0.024231265783910775 0.29665092305640223 -0.012784611762393434 0.11069380392411571 -0.00033714984293194166 -0.032016905788416587 -0.01136777882707718 -0.0028145159515266314 0.0083813581811511741 -0.026764669673814002 0.001211927497746546 -0.006027121207783313 0.13264838049159414 0.045151441916540358 0.37486449459349253 -0.00046043246485663017 -0.01189193561244384
leaf_weight=188 20 121 268 119 70 262 108 1220 26 122 59 22 21 63 20 28 45 23 84 150 64 60 37
leaf_count=188 20 121 268 119 70 262 108 1220 26 122 59 22 21 63 20 28 45 23 84 150 64 60 37
internal_value=-0.0003125 -0.00881443 -0.00371614 -0.0219058 0.00338565 0.00387526 -0.000109489 0.00424899 0.00265166 0.000180723 -0.00405512 -0.0075 0.00276358 0.00136872 -0.00369565 -0.00222892 -0.004375 -0.00235294 0.00355769 0.00188427 0.000454546 0.00217742 0.001
internal_weight=3200 970 849 223 2230 1956 274 1731 511 249 127 68 626 358 46 166 96 68 104 337 187 124 225
internal_count=3200 970 849 223 2230 1956 274 1731 511 249 127 68 626 358 46 166 96 68 104 337 187 124 225
is_linear=0
shrinkage=0.05


Tree=47
num_leaves=24
num_cat=0
split_feature=4 0 0 0 0 0 0 0 14 9 9 9 3 9 0 0 9 2 9 9 14 2 14
split_gain=41.9634 69.7467 40.7071 48.5296 1.52643 0.860543 0.719993 1.6349 0.38003 0.433855 0.661818 0.369345 0.493867 0.322293 0.235764 0.634157 0.203175 0.245878 0.192166 0.176444 0.338462 0.17524 0.172152
threshold=1.0000000180025095e-35 6.5000000000000009 1.5000000000000002 1.0000000180025095e-35 6.5000000000000009 5.5000000000000009 1.5000000000000002 1.0000000180025095e-35 96251.407595533761 60277.460474291373 49340.961354098399 17861.08889033812 1.0000000180025095e-35 105004.40418969888 3.5000000000000004 4.5000000000000009 24725.498432890188 2032.5000000000002 43008.245330171703 32832.588455659243 18807.802482963463 2032.5000000000002 26308.611698708122
decision_type=2 2 2 2 2 2 2 2 2 2 2 2 2 2 2 2 2 2 2 2 2 2 2
left_child=4 2 3 21 6 14 7 -1 9 10 18 -7 -13 22 -4 16 -16 -18 19 20 -9 -2 -6
right_child=1 -3 5 -5 13 11 -8 8 -10 -11 -12 12 -14 -15 15 -17 17 -19 -20 -21 -22 -23 -24
leaf_value=0.33796504282697465 0.073768949783944049 -0.044891835275829323 0.1027212195641458 -0.047614797375174114 0.005483674302980187 -0.0016228441858361861 0.20550731471167302 -0.0080776981747171378 -0.017433574638242289 0.046600013352761781 -0.011283220365856219 0.0063087161036169993 -0.0091897365504705238 -0.0050294400156212921 -0.0035672341867628052 0.37980587371465613 -0.00057623637946680329 0.029461836720102254 0.0082539548713626461 -0.010122350106350887 0.033421738549569112 0.068370620671984808 -0.0034213387755156924
leaf_weight=293 64 121 268 119 102 20 1382 45 34 72 32 63 36 30 36 113 62 28 20 45 33 40 142
leaf_count=293 64 121 268 119 102 20 1382 45 34 72 32 63 36 30 36 113 62 28 20 45 33 40 142
internal_value=-0.000390625 -0.00907216 -0.0040106 -0.0223543 0.00338565 0.00252396 0.00387526 0.00238676 -0.000338078 0.00034413 -0.001 -0.00130252 -5.05049e-05 -0.000109489 0.00342209 0.00228033 -0.00015873 0.00111111 0.000454546 -0.000284553 0.00115385 0.00259615 0.000491803
internal_weight=3200 970 849 223 2230 626 1956 574 281 247 175 119 99 274 507 239 126 90 143 123 78 104 244
internal_count=3200 970 849 223 2230 626 1956 574 281 247 175 119 99 274 507 239 126 90 143 123 78 104 244
is_linear=0
shrinkage=0.05


Tree=48
num_leaves=24
num_cat=0
split_feature=4 0 0 0 5 5 0 5 0 0 0 0 5 1 2 5 5 9 3 14 0 5 0
split_gain=41.9027 69.3423 41.1808 47.5367 1.45264 0.875871 0.824993 0.71267 0.670675 0.599 0.738852 1.71787 0.676934 0.581755 0.517911 0.457474 0.428349 0.369345 0.493867 0.366667 0.268774 0.241071 0.236614
threshold=1.0000000180025095e-35 6.5000000000000009 1.5000000000000002 1.0000000180025095e-35 0.95731452100492431 0.68410257159097154 5.5000000000000009 0.91315938419649056 6.5000000000000009 5.5000000000000009 1.5000000000000002 1.0000000180025095e-35 0.91131576306078255 1.0000000180025095e-35 2032.5000000000002 0.76370294337030165 1.069209460861025 17861.08889033812 1.0000000180025095e-35 27727.346541253388 3.5000000000000004 0.84148837644085916 3.5000000000000004
decision_type=2 2 2 2 2 2 2 2 2 2 2 2 2 2 2 2 2 2 2 2 2 2 2
left_child=4 2 3 7 5 13 15 -2 -6 10 11 -7 14 -1 21 -4 19 -8 -19 -10 -15 -13 -17
right_child=1 -3 6 -5 8 9 17 -9 16 -11 -12 12 -14 20 -16 22 -18 18 -20 -21 -22 -23 -24
leaf_value=0.025480950026245421 -0.0051882109189169395 -0.042647243512037858 -0.0036455615527818371 -0.045234057506415404 0.2714160874379678 0.21416074183868475 -0.0015417019765443349 0.18300366186813255 0.030577181176428471 -0.0013177109932708559 0.15135581913819701 0.0063989565879734077 -0.011681391815464581 -0.010994565948347289 -0.0075550829199194681 0.15534030933538145 0.023057194308305429 0.0059932802984361908 -0.0087302497229469755 -0.007691850738238748 -0.031420032657255757 -0.0266273902927259 0.02701892071235942
leaf_weight=34 34 121 61 119 1167 111 20 70 22 192 403 27 34 26 25 229 108 63 36 33 27 21 217
leaf_count=34 34 121 61 119 1167 111 20 70 22 192 403 27 34 26 25 229 108 63 36 33 27 21 217
internal_value=-0.0005 -0.00917526 -0.00412839 -0.0225785 0.00327354 0.00172222 0.00244409 0.00211538 0.00432331 0.00223247 0.00298712 0.000642202 -0.0038785 -0.00304598 -0.00116438 0.00332347 0.00131902 -0.00130252 -5.05049e-05 -0.00227273 -0.00632075 0.001875 0.00387892
internal_weight=3200 970 849 223 2230 900 626 104 1330 813 621 218 107 87 73 507 163 119 99 55 53 48 446
internal_count=3200 970 849 223 2230 900 626 104 1330 813 621 218 107 87 73 507 163 119 99 55 53 48 446
is_linear=0
shrinkage=0.05


Tree=49
num_leaves=24
num_cat=0
split_feature=0 0 0 5 5 5 5 9 9 14 9 5 0 5 5 5 14 5 9 9 14 9 14
split_gain=31.5026 16.7518 25.8035 3.63492 2.71204 1.65778 1.19257 0.888885 2.3574 0.864324 1.20614 0.676407 0.668353 0.662415 0.606636 0.569074 0.635103 0.545819 1.12733 0.997765 0.508605 0.810869 0.687651
threshold=6.5000000000000009 1.5000000000000002 1.0000000180025095e-35 1.1079439466420364 1.1844277115722703 0.76776440733639562 0.7234857934403881 53587.573669308527 49025.587600483726 16013.768421244518 20807.774163265447 1.0799996144149753 3.5000000000000004 0.69457110385268972 1.1475644911162104 0.99359874653726477 37874.887825184371 0.99051961926359133 86805.808065726014 102496.77759756435 114847.68209010507 97470.688934264224 60094.682628214316
decision_type=2 2 2 2 2 2 2 2 2 2 2 2 2 2 2 2 2 2 2 2 2 2 2
left_child=1 2 13 7 6 12 -2 8 11 10 -8 15 -3 -1 -5 16 -4 19 -19 -9 21 22 -11
right_child=4 5 3 14 -6 -7 9 17 -10 20 -12 -13 -14 -15 -16 -17 -18 18 -20 -21 -22 -23 -24
leaf_value=-0.0055733535654994212 -0.039432752186422865 0.043958894325693984 -0.034156334977707453 0.088494159153245502 -0.036512528648039916 0.10053625991374933 -0.047305066573563724 -0.033958759926722072 -0.063473761646028318 -0.036653154018866617 -0.034490173063927106 -0.037365025104605466 -0.010742529168184007 0.19167547982483427 -0.034257751570927794 -0.035038079751274237 -0.046520010615285434 -0.035479339414279797 -0.034405302876626964 -0.036504997473106086 -0.034895785973553001 -0.034000421184462996 -0.036249396986381424
leaf_weight=21 22 92 72 20 57 1787 22 60 20 137 54 22 129 376 73 35 25 25 21 27 25 25 53
leaf_count=21 22 92 72 20 57 1787 22 60 20 137 54 22 129 376 73 35 25 25 21 27 25 25 53
internal_value=-0.000640625 0.00122103 -0.00491217 -0.013875 -0.0138608 0.00365538 -0.0155621 -0.0164984 -0.0188506 -0.0147785 -0.0101316 -0.0167532 -0.000429864 0.00411839 -0.00521505 -0.0181061 -0.016134 -0.0134211 -0.0178261 -0.011092 -0.01625 -0.0154651 -0.0165789
internal_weight=3200 2805 797 400 395 2008 338 307 174 316 76 154 221 397 93 132 97 133 46 87 240 215 190
internal_count=3200 2805 797 400 395 2008 338 307 174 316 76 154 221 397 93 132 97 133 46 87 240 215 190
is_linear=0
shrinkage=0.05


Tree=50
num_leaves=24
num_cat=0
split_feature=4 9 5 1 5 14 14 5 5 9 9 9 9 5 3 1 14 14 9 5 14 5 9
split_gain=44.2118 2.25802 2.31124 1.25859 1.23285 1.06614 1.24444 0.937508 1.19254 1.20328 0.836981 1.06336 1.23504 0.878854 0.804169 0.776725 1.65944 0.820784 1.25022 0.777369 1.25185 0.776699 0.603948
threshold=1.0000000180025095e-35 4613.3466537734121 1.1844277115722703 1.0000000180025095e-35 0.7234857934403881 77438.261590318682 96251.407595533761 1.1079439466420364 1.0799996144149753 134942.55005501499 43008.245330171703 56839.916325280683 67212.836114304431 0.93988102577674026 1.0000000180025095e-35 1.5000000000000002 26486.958992110656 13437.426111195733 15135.933656478965 0.90712176661480692 52913.726369260075 1.0392776652819877 54424.705973765835
decision_type=2 2 2 2 2 2 2 2 2 2 2 2 2 2 2 2 2 2 2 2 2 2 2
left_child=4 -2 3 5 -1 10 -7 8 9 15 14 13 -13 -12 -3 19 17 18 -17 20 -5 -6 -9
right_child=1 2 -4 7 21 6 -8 22 -10 -11 11 12 -14 -15 -16 16 -18 -19 -20 -21 -22 -23 -24
leaf_value=-0.0089736545019804895 0.15588439610080534 -0.033490156963724163 -0.03278615163772463 -0.034078090404964338 0.028808700046440823 -0.031875175173948063 -0.035080777275315257 -0.034187445040168622 -0.035466358895285093 -0.03327853694123184 -0.033267530030416104 -0.036132732797365223 -0.03499842348816417 -0.035073550789111459 -0.034333819993100125 -0.027168381329997549 -0.034460943740521326 -0.031784820779585769 -0.038143136575196551 -0.032636969149582459 -0.033515385044090747 0.12971416278110279 0.037404723241617095
leaf_weight=145 26 63 127 90 1146 36 20 49 43 21 23 25 65 24 20 20 24 39 22 157 54 939 22
leaf_count=145 26 63 127 90 1146 36 20 49 43 21 23 25 65 24 20 20 24 39 22 157 54 939 22
internal_value=-0.000625 -0.00953608 -0.00993644 -0.0109119 0.00325112 -0.0136594 -0.0075 -0.00951017 -0.0103191 -0.00951991 -0.0152273 -0.0176277 -0.0144444 -0.0237234 -0.0112651 -0.00891626 -0.012619 -0.00919753 -0.0140476 -0.00762458 -0.0102778 0.00356115 -0.00415493
internal_weight=3200 970 944 817 2230 276 56 541 470 427 220 137 90 47 83 406 105 81 42 301 144 2085 71
internal_count=3200 970 944 817 2230 276 56 541 470 427 220 137 90 47 83 406 105 81 42 301 144 2085 71
is_linear=0
shrinkage=0.05


Tree=51
num_leaves=24
num_cat=0
split_feature=4 0 0 0 0 5 0 5 0 0 5 0 0 5 5 5 9 3 14 9 5 0 9
split_gain=42.6294 68.1364 39.6185 47.5367 1.91143 1.09832 0.982042 0.78018 1.1844 0.978327 0.773787 0.733944 1.39196 2.02854 1.01052 0.71267 0.565993 0.506316 0.475666 0.444181 0.384743 0.344552 0.386135
threshold=1.0000000180025095e-35 6.5000000000000009 1.5000000000000002 1.0000000180025095e-35 6.5000000000000009 0.77788610054418517 3.5000000000000004 1.0295092369820498 4.5000000000000009 5.5000000000000009 1.1844277115722703 1.5000000000000002 1.0000000180025095e-35 1.0392776652819877 0.99359874653726477 0.91315938419649056 30649.342567377967 1.0000000180025095e-35 27727.346541253388 24370.27071413774 0.75573630341626097 3.5000000000000004 34611.944731937627
decision_type=2 2 2 2 2 2 2 2 2 2 2 2 2 2 2 2 2 2 2 2 2 2 2
left_child=4 2 3 15 5 21 20 8 -8 -10 18 12 -7 14 16 -2 -14 -18 19 -6 -4 -1 -23
right_child=1 -3 6 -5 10 11 7 -9 9 -11 -12 -13 13 -15 -16 -17 17 -19 -20 -21 -22 22 -24
leaf_value=0.0080229577928612079 -0.0092213782562886974 -0.036929093575749944 0.0025228865940550046 -0.039493243545884682 -0.0061758122722780145 0.42474286104385578 -0.0077068166898548902 0.036225641970078271 0.33337050870630286 -0.0034608207180018059 0.088039206323300645 0.25586587500253566 -0.011973962543344676 0.1004535197620961 -0.02093472594973407 0.16587421032997893 0.0038152417007652458 -0.011725149893822034 -0.004332164779923168 0.0068295004950018681 0.14093020139695464 0.063186589239355481 -0.019497734309163448
leaf_weight=122 34 121 36 119 25 262 71 150 72 65 47 1220 20 117 24 70 62 26 134 68 232 28 75
leaf_count=122 34 121 36 119 25 262 71 150 72 65 47 1220 20 117 24 70 62 26 134 68 232 28 75
internal_value=-0.000734375 -0.00948454 -0.00448174 -0.0225785 0.00307175 0.00361963 0.00196486 0.000251397 -0.00173077 0.000985402 -0.000839416 0.00404679 0.00245597 -0.000220883 -0.0044697 0.00211538 -0.00240741 -0.000681818 -0.00204846 0.000698925 0.00425373 0.000333334 -0.00179612
internal_weight=3200 970 849 223 2230 1956 626 358 208 137 274 1731 511 249 132 104 108 88 227 93 268 225 103
internal_count=3200 970 849 223 2230 1956 626 358 208 137 274 1731 511 249 132 104 108 88 227 93 268 225 103
is_linear=0
shrinkage=0.05


Tree=52
num_leaves=24
num_cat=0
split_feature=4 0 0 0 0 5 0 5 0 0 5 5 0 0 5 2 9 14 14 5 5 9 0
split_gain=43.1331 67.9364 39.3611 47.5367 1.75819 0.954802 0.892621 0.78018 1.1844 0.978327 0.726181 0.71267 0.707533 1.39196 1.68296 0.691968 0.684889 1.362 0.661681 0.355609 0.355471 0.323462 0.264638
threshold=1.0000000180025095e-35 6.5000000000000009 1.5000000000000002 1.0000000180025095e-35 6.5000000000000009 0.77788610054418517 3.5000000000000004 1.0295092369820498 4.5000000000000009 5.5000000000000009 1.1844277115722703 0.91315938419649056 1.5000000000000002 1.0000000180025095e-35 1.0392776652819877 2028.0000000000002 53182.767947810804 41372.495196902099 29608.016072825212 0.90950991201765119 0.75573630341626097 58349.056277732707 3.5000000000000004
decision_type=2 2 2 2 2 2 2 2 2 2 2 2 2 2 2 2 2 2 2 2 2 2 2
left_child=4 2 3 11 5 22 20 8 -8 -10 15 -2 13 -7 16 -6 17 -15 -17 -20 -4 -11 -1
right_child=1 -3 6 -5 10 12 7 -9 9 21 -12 -13 -14 14 -16 18 -18 -19 19 -21 -22 -23 -24
leaf_value=0.0076218099032181802 -0.0087603093434742638 -0.035082638896962448 0.0023967422643522114 -0.037518581368590445 0.0056715973838263574 0.40350571799166296 -0.0073214758553621813 0.034414359871574332 0.31670198327098775 -0.0053823733637301321 0.083637246007135652 0.15758049981348002 0.24307258125240894 -0.0071829085340384628 0.095430843773991372 0.0007392863931085903 -0.0005604766692231519 -0.054741470424102871 -0.0037249465871261045 -0.0093260569362301534 0.13388369132710687 0.0028059823044579175 -0.010464287423338747
leaf_weight=122 34 121 36 119 72 262 71 150 72 40 47 70 1220 51 117 63 59 22 34 58 232 25 103
leaf_count=122 34 121 36 119 72 262 71 150 72 40 47 70 1220 51 117 63 59 22 34 58 232 25 103
internal_value=-0.000734375 -0.00953608 -0.00454064 -0.0225785 0.00309417 0.00361963 0.00188498 0.000251397 -0.00173077 0.000985402 -0.000656934 0.00211538 0.00401791 0.00245597 -0.000220883 -0.00182819 -0.00409091 -0.00732877 -0.00370968 -0.00641304 0.00406716 -0.00346154 0.000555556
internal_weight=3200 970 849 223 2230 1956 626 358 208 137 274 104 1731 511 249 227 132 73 155 92 268 65 225
internal_count=3200 970 849 223 2230 1956 626 358 208 137 274 104 1731 511 249 227 132 73 155 92 268 65 225
is_linear=0
shrinkage=0.05


Tree=53
num_leaves=24
num_cat=0
split_feature=4 0 0 0 0 5 0 5 0 0 5 5 0 0 5 9 14 2 14 9 5 0 5
split_gain=42.2191 67.9364 39.3611 47.5367 1.63434 1.30524 0.892621 0.78018 1.1844 0.978327 0.726181 0.71267 0.665573 1.42057 1.775 0.642857 1.32545 0.475032 0.557964 0.472009 0.378237 0.516071 0.355471
threshold=1.0000000180025095e-35 6.5000000000000009 1.5000000000000002 1.0000000180025095e-35 6.5000000000000009 0.78607608646947869 3.5000000000000004 1.0295092369820498 4.5000000000000009 5.5000000000000009 1.1844277115722703 0.91315938419649056 1.5000000000000002 1.0000000180025095e-35 1.0392776652819877 53182.767947810804 41372.495196902099 2028.0000000000002 29608.016072825212 33441.58909643611 0.86511218695917946 5.5000000000000009 0.75573630341626097
decision_type=2 2 2 2 2 2 2 2 2 2 2 2 2 2 2 2 2 2 2 2 2 2 2
left_child=4 2 3 11 5 -1 22 8 -8 -10 17 -2 13 -7 15 16 -15 19 -19 -6 21 -14 -4
right_child=1 -3 6 -5 10 12 7 -9 9 -11 -12 -13 20 14 -16 -17 -18 18 -20 -21 -22 -23 -24
leaf_value=0.00022421028612935705 -0.0083222938763004989 -0.033328506952114326 0.002276905151134598 -0.035642652300160921 -0.0047468757548104965 0.39294728386289501 -0.0069554020625941073 0.032693641877995616 0.30086688410743834 -0.0031912400645741044 0.079455383706778848 0.14970147482280599 0.10142472731276389 -0.0068464981750298182 0.090659301585291896 -0.0035581668832937552 -0.0520043969028978 0.00070232207345319547 -0.0086442578986121628 0.0083935289977380804 0.29638307489031179 -0.015645203887743087 0.12718950676075155
leaf_weight=241 34 121 36 119 20 260 71 150 72 65 47 70 112 50 117 56 22 63 92 52 1070 28 232
leaf_count=241 34 121 36 119 20 260 71 150 72 65 47 70 112 50 117 56 22 63 92 52 1070 28 232
internal_value=-0.000828125 -0.00953608 -0.00454064 -0.0225785 0.00295964 0.00346626 0.00188498 0.000251397 -0.00173077 0.000985402 -0.000656934 0.00211538 0.00395044 0.00242574 -0.000306122 -0.004375 -0.0075 -0.00182819 -0.0033871 0.00152778 0.00458678 0.00214286 0.00406716
internal_weight=3200 970 849 223 2230 1956 626 358 208 137 274 104 1715 505 245 128 72 227 155 72 1210 140 268
internal_count=3200 970 849 223 2230 1956 626 358 208 137 274 104 1715 505 245 128 72 227 155 72 1210 140 268
is_linear=0
shrinkage=0.05


Tree=54
num_leaves=24
num_cat=0
split_feature=4 0 0 0 0 5 0 0 5 5 5 2 0 0 5 3 14 14 14 0 0 14 5
split_gain=42.5227 67.9364 39.3611 47.5367 1.51231 1.38895 0.764941 0.733884 0.71267 0.680086 0.635935 0.618755 0.605706 0.921619 1.62774 0.840843 0.557964 0.519813 1.65859 0.515305 1.70551 0.425902 0.411544
threshold=1.0000000180025095e-35 6.5000000000000009 1.5000000000000002 1.0000000180025095e-35 6.5000000000000009 0.87497822591249685 5.5000000000000009 5.5000000000000009 0.91315938419649056 1.1844277115722703 1.0144370916682817 2028.0000000000002 1.5000000000000002 1.0000000180025095e-35 1.0295092369820498 1.0000000180025095e-35 29608.016072825212 44144.117302128616 20169.293801005602 4.5000000000000009 3.5000000000000004 54005.234647267505 0.76370294337030165
decision_type=2 2 2 2 2 2 2 2 2 2 2 2 2 2 2 2 2 2 2 2 2 2 2
left_child=4 2 3 8 5 7 10 -1 -2 11 19 -6 13 -7 15 21 -13 18 -9 20 22 -15 -4
right_child=1 -3 6 -5 9 12 -8 17 -10 -11 -12 16 -14 14 -16 -17 -18 -19 -20 -21 -22 -23 -24
leaf_value=0.024547590023851026 -0.0079061791824854601 -0.031662081604508611 -0.0047402460443322185 -0.033860519685152878 0.0049683410647481862 0.63916515263931872 -0.0030140542444926713 0.063302210207462448 0.14221640108166572 0.075482614521439881 0.064029077440493701 0.00066720596978055667 0.29783813781529495 -0.0046084185318295964 0.075651282226553318 -0.017367477547116334 -0.0082120450036815128 0.033733227215815981 -0.036001427573528026 0.28471968980962509 -0.0066572100940992668 0.014823584233759651 0.084264114123449863
leaf_weight=412 34 121 39 119 72 214 119 21 70 47 218 63 1044 39 122 35 92 29 20 68 70 20 112
leaf_count=412 34 121 39 119 72 214 119 21 70 47 218 63 1044 39 122 35 92 29 20 68 70 20 112
internal_value=-0.000796875 -0.00953608 -0.00454064 -0.0225785 0.00300448 0.00349182 0.00188498 0.00116183 0.00211538 -0.000474452 0.00273176 -0.00160793 0.00425373 0.00267442 0.000370371 -0.00457447 -0.0033871 -0.00357143 -0.00719512 0.00119377 2.26246e-05 -0.000932203 0.00301325
internal_weight=3200 970 849 223 2230 1956 626 482 104 274 507 227 1474 430 216 94 155 70 41 289 221 59 151
internal_count=3200 970 849 223 2230 1956 626 482 104 274 507 227 1474 430 216 94 155 70 41 289 221 59 151
is_linear=0
shrinkage=0.05


Tree=55
num_leaves=24
num_cat=0
split_feature=4 0 0 0 5 0 0 0 0 0 5 5 5 0 0 0 0 5 14 5 5 5 14
split_gain=42.0678 67.9364 39.3611 47.5367 1.55275 0.975782 0.849196 0.867691 2.29428 0.764941 0.71267 0.705776 0.635935 0.515305 1.70551 0.424177 0.640288 0.594514 0.432143 0.411544 0.379545 0.66 0.369966
threshold=1.0000000180025095e-35 6.5000000000000009 1.5000000000000002 1.0000000180025095e-35 0.95731452100492431 6.5000000000000009 5.5000000000000009 1.5000000000000002 1.0000000180025095e-35 5.5000000000000009 0.91315938419649056 1.1109203529368898 1.0144370916682817 4.5000000000000009 3.5000000000000004 3.5000000000000004 4.5000000000000009 0.78607608646947869 44602.78450937353 0.76370294337030165 0.91131576306078255 0.77788610054418517 16772.254751816636
decision_type=2 2 2 2 2 2 2 2 2 2 2 2 2 2 2 2 2 2 2 2 2 2 2
left_child=4 2 3 10 6 -6 7 8 -1 12 -2 22 13 14 19 -9 17 18 -17 -4 21 -10 -7
right_child=1 -3 9 -5 5 11 -8 15 20 -11 -12 -13 -14 -15 -16 16 -18 -19 -20 -21 -22 -23 -24
leaf_value=0.12972519614293651 -0.0075108702233612256 -0.030078977524283179 -0.0045032337421156412 -0.032167493700895229 0.21426007686181997 0.016097385146967808 -0.0038503617200142388 0.35126183459656901 -0.011032148020229955 -0.0028633515322680691 0.13510558102758247 0.036482973550775184 0.060827623568468971 0.27048370531914395 -0.0063243495893943102 0.06290170367844293 0.79956414207794513 0.047541351095545956 -0.021105047871123737 0.080050908417277383 -0.007231829410503131 0.00043521794111184113 -0.0058939612067175143
leaf_weight=120 34 121 39 119 1167 22 209 225 32 119 70 80 218 68 70 21 98 86 24 112 34 51 61
leaf_count=120 34 121 39 119 1167 22 209 225 32 119 70 80 218 68 70 21 98 86 24 112 34 51 61
internal_value=-0.00084375 -0.00953608 -0.00454064 -0.0225785 0.00293722 0.00402256 0.00133333 0.002178 -0.000274261 0.00188498 0.00211538 0.000398773 0.00273176 0.00119377 2.26246e-05 0.00345815 0.00194323 -0.000343511 -0.005 0.00301325 -0.00525641 -0.00343373 -0.00283133
internal_weight=3200 970 849 223 2230 1330 900 691 237 626 104 163 507 289 221 454 229 131 45 151 117 83 83
internal_count=3200 970 849 223 2230 1330 900 691 237 626 104 163 507 289 221 454 229 131 45 151 117 83 83
is_linear=0
shrinkage=0.05


Tree=56
num_leaves=24
num_cat=0
split_feature=4 0 0 0 5 0 0 0 0 9 0 5 5 14 5 0 0 14 0 0 5 14 5
split_gain=41.1652 67.9364 39.3611 47.5367 1.50774 0.896478 0.782967 1.07496 1.92213 1.24568 0.764941 0.71267 0.635935 0.614664 0.559287 0.515305 1.70551 0.49653 0.424177 0.640288 0.594514 0.432143 0.411544
threshold=1.0000000180025095e-35 6.5000000000000009 1.5000000000000002 1.0000000180025095e-35 0.95731452100492431 6.5000000000000009 5.5000000000000009 1.5000000000000002 1.0000000180025095e-35 60277.460474291373 5.5000000000000009 0.91315938419649056 1.0144370916682817 51104.337209324127 1.1844277115722703 4.5000000000000009 3.5000000000000004 79433.555948029665 3.5000000000000004 4.5000000000000009 0.78607608646947869 44602.78450937353 0.76370294337030165
decision_type=2 2 2 2 2 2 2 2 2 2 2 2 2 2 2 2 2 2 2 2 2 2 2
left_child=4 2 3 11 6 -6 7 8 -1 13 12 -2 15 -10 17 16 22 -7 -9 20 21 -20 -4
right_child=1 -3 10 -5 5 14 -8 18 9 -11 -12 -13 -14 -15 -16 -17 -18 -19 19 -21 -22 -23 -24
leaf_value=0.12323893633578974 -0.007135326712193202 -0.028575028648069024 -0.0042780720550098673 -0.030559119015850469 0.20354707301872899 0.00097548308653860405 -0.0036578436340135461 0.33369874286674051 -0.0060849438585842139 0.00300294671451053 -0.0027201839556546792 0.12835030197620342 0.057786242390045497 -0.023066771104892674 0.069884335117829141 0.25695952005318673 -0.0060081321099245619 -0.014761072774135339 0.059756618494520845 0.75958593497404792 0.045164283540768645 -0.020049795477567522 0.076048362996413515
leaf_weight=120 34 121 39 119 1167 93 209 225 53 43 119 70 218 21 47 68 70 23 21 98 86 24 112
leaf_count=120 34 121 39 119 1167 93 209 225 53 43 119 70 218 21 47 68 70 23 21 98 86 24 112
internal_value=-0.0009375 -0.00953608 -0.00454064 -0.0225785 0.00280269 0.00387218 0.00122222 0.00203329 -0.000696202 -0.00525641 0.00188498 0.00211538 0.00273176 -0.00918919 0.000398773 0.00119377 2.26246e-05 -0.00146552 0.00345815 0.00194323 -0.000343511 -0.005 0.00301325
internal_weight=3200 970 849 223 2230 1330 900 691 237 117 626 104 507 74 163 289 221 116 454 229 131 45 151
internal_count=3200 970 849 223 2230 1330 900 691 237 117 626 104 507 74 163 289 221 116 454 229 131 45 151
is_linear=0
shrinkage=0.05


Tree=57
num_leaves=24
num_cat=0
split_feature=0 0 0 5 5 5 14 0 5 9 9 5 5 2 9 9 5 1 5 5 5 9 14
split_gain=30.4761 17.1078 26.8847 4.03518 2.78053 1.52359 1.36397 1.17536 1.029 0.872607 2.05016 1.27205 1.23821 0.818018 0.799061 0.685801 0.628475 0.59045 0.576889 0.567868 0.546104 0.524987 0.48
threshold=6.5000000000000009 1.5000000000000002 1.0000000180025095e-35 1.1142091480819183 1.1844277115722703 0.91131576306078255 28137.597729380326 3.5000000000000004 0.69457110385268972 31939.943116517414 56149.119421051837 1.0467413568464441 1.0392776652819877 2032.5000000000002 20807.774163265447 37224.022282519152 0.92299584235516574 1.0000000180025095e-35 1.1687916513517889 0.90257202809536718 1.0751101597699455 44092.706470907309 16914.633366696104
decision_type=2 2 2 2 2 2 2 2 2 2 2 2 2 2 2 2 2 2 2 2 2 2 2
left_child=1 2 8 9 6 7 14 -3 -1 12 11 17 19 16 -2 20 -12 -11 -5 -4 -16 -19 -17
right_child=4 5 3 18 -6 -7 -8 -9 -10 10 13 -13 -14 -15 15 22 -18 21 -20 -21 -22 -23 -24
leaf_value=-0.0067924864380436451 -0.036605851458046547 0.074181739024156465 -0.019104973215546224 0.055499490491344741 -0.023264778273667321 0.12142385251339943 -0.023769127923106134 -0.0012888973207553127 0.1479785494322152 -0.048590950071649701 -0.02030407466982756 -0.023515176366975189 -0.0068021682588137629 -0.023307569129242305 -0.021042855707970414 -0.021550770667995031 -0.022444110195836954 -0.024074557044076655 -0.020421353213251267 -0.021913432876292868 -0.022210390020242662 -0.020600682605959139 -0.025160890513795359
leaf_weight=21 29 260 20 26 57 1378 204 370 376 28 32 20 21 42 35 30 53 41 63 31 20 23 20
leaf_count=21 29 260 20 26 57 1378 204 370 376 28 32 20 21 42 35 30 53 41 63 31 20 23 20
internal_value=-0.000984375 0.000846702 -0.00535132 -0.0145 -0.0139873 0.00330677 -0.0157101 0.00126984 0.0038665 -0.0171865 -0.0186402 -0.0235714 -0.0123611 -0.0142913 -0.011791 -0.0097619 -0.0114706 -0.021087 -0.00511236 -0.0165686 -0.00590909 -0.0184375 -0.014
internal_weight=3200 2805 797 400 395 2008 338 630 397 311 239 112 72 127 134 105 85 92 89 51 55 64 50
internal_count=3200 2805 797 400 395 2008 338 630 397 311 239 112 72 127 134 105 85 92 89 51 55 64 50
is_linear=0
shrinkage=0.05


Tree=58
num_leaves=24
num_cat=0
split_feature=4 0 0 0 5 0 0 0 0 5 5 5 5 9 0 0 5 9 0 5 14 14 0
split_gain=44.4278 66.3473 37.3318 47.5367 1.44244 1.05121 0.775607 1.32805 2.47161 1.45691 0.72917 0.71267 0.542054 0.525 0.511425 0.91644 1.11803 0.473457 0.399515 0.416667 0.397727 0.785714 0.39596
threshold=1.0000000180025095e-35 6.5000000000000009 1.5000000000000002 1.0000000180025095e-35 1.0392776652819877 5.5000000000000009 5.5000000000000009 1.5000000000000002 1.0000000180025095e-35 0.99359874653726477 0.83355863158709254 0.91315938419649056 0.95922887924388489 24123.965978413027 3.5000000000000004 4.5000000000000009 1.0628130287635416 17861.08889033812 6.5000000000000009 1.1109203529368898 18054.123634583786 30870.789428634398 4.5000000000000009
decision_type=2 2 2 2 2 2 2 2 2 2 2 2 2 2 2 2 2 2 2 2 2 2 2
left_child=4 2 3 11 6 10 7 8 -1 13 22 -2 -8 -10 -12 16 -16 -7 -6 -20 -15 -22 -4
right_child=1 -3 5 -5 18 17 12 -9 9 -11 14 -13 -14 20 15 -17 -18 -19 19 -21 21 -23 -24
leaf_value=0.14986759762967131 -0.011855921929606047 -0.025957820843885038 -0.0063034479631789769 -0.027865140003447711 0.29337634818259301 -0.015063634629649065 -0.0026004372492679328 0.12304710162744775 -0.017826520269710371 -0.037766386580828856 0.17417053948025654 0.11453385940578248 0.020280602705838643 0.0031210581628720291 -0.0098984929313872105 0.33943265434262254 0.0185498526486719 -0.0016572650452001533 -0.0036706053994580651 0.03443896720545362 -0.018096086691088292 1.8735745973061381e-05 0.17082027870320907
leaf_weight=172 34 121 90 119 819 20 213 638 20 24 202 70 104 21 56 93 46 99 40 80 22 77 20
leaf_count=172 34 121 90 119 819 20 213 638 20 24 202 70 104 21 56 93 46 99 40 80 22 77 20
internal_value=-0.00101562 -0.00994845 -0.00501178 -0.0225785 0.00286996 0.00124601 0.00178544 0.0024846 -5.95236e-05 -0.00445122 0.00223866 0.00211538 -0.000362776 -0.0025 0.00323678 0.00141026 -0.00186274 -0.00298319 0.00436102 0.00166667 -0.00125 -0.00257576 -0.00136364
internal_weight=3200 970 849 223 2230 626 1291 974 336 164 507 104 317 140 397 195 102 119 939 120 120 99 110
internal_count=3200 970 849 223 2230 626 1291 974 336 164 507 104 317 140 397 195 102 119 939 120 120 99 110
is_linear=0
shrinkage=0.05


Tree=59
num_leaves=24
num_cat=0
split_feature=4 0 0 0 5 0 5 0 0 0 5 5 5 9 0 9 0 5 0 0 5 5 0
split_gain=43.4542 66.5449 37.5825 47.5367 1.4101 1.09129 0.769641 0.720682 1.22302 2.47161 1.45691 0.71267 0.542054 0.525 0.496792 0.473457 0.464482 0.766576 0.440974 0.790196 0.936305 0.434589 0.39596
threshold=1.0000000180025095e-35 6.5000000000000009 1.5000000000000002 1.0000000180025095e-35 1.0392776652819877 5.5000000000000009 0.83355863158709254 5.5000000000000009 1.5000000000000002 1.0000000180025095e-35 0.99359874653726477 0.91315938419649056 0.95922887924388489 24123.965978413027 6.5000000000000009 17861.08889033812 3.5000000000000004 0.71021544612840093 3.5000000000000004 4.5000000000000009 1.0628130287635416 1.1844277115722703 4.5000000000000009
decision_type=2 2 2 2 2 2 2 2 2 2 2 2 2 2 2 2 2 2 2 2 2 2 2
left_child=4 2 3 11 7 6 22 8 9 -1 13 -2 -9 -11 -6 -7 -10 -18 -8 20 -20 -16 -4
right_child=1 -3 5 -5 14 15 18 12 16 10 -12 -13 -14 -15 21 -17 17 -19 19 -21 -22 -23 -24
leaf_value=0.14237421774818768 -0.011263125833125782 -0.024659929801690784 -0.0059882755650200112 -0.026471883003275323 0.27870753077346333 -0.014310452898166577 0.16546201250624365 -0.0024704153868045742 0.35014729751746754 -0.016935194256224809 -0.035878067251787486 0.10880716643549337 0.01926657257054671 -0.0011911992708509187 -0.0012145169076877179 -0.0015744017929401628 -0.024037134893492382 0.077838280940234567 -0.0094035682848178162 0.3224610216254914 0.017622360016238309 0.065831408915348402 0.16227926476804855
leaf_weight=172 34 121 90 119 819 20 202 213 323 20 24 70 104 120 73 99 37 278 56 93 46 47 20
leaf_count=172 34 121 90 119 819 20 202 213 323 20 24 70 104 120 73 99 37 278 56 93 46 47 20
internal_value=-0.0010625 -0.00989691 -0.00495289 -0.0225785 0.00278027 0.00132588 0.00233728 0.00170798 0.00238193 -5.95236e-05 -0.00445122 0.00211538 -0.000362776 -0.0025 0.00425453 -0.00298319 0.00366771 0.00230159 0.00336272 0.00166667 -0.00137255 0.00125 -0.00136364
internal_weight=3200 970 849 223 2230 626 507 1291 974 336 164 104 317 140 939 119 638 315 397 195 102 120 110
internal_count=3200 970 849 223 2230 626 507 1291 974 336 164 104 317 140 939 119 638 315 397 195 102 120 110
is_linear=0
shrinkage=0.05


Tree=60
num_leaves=24
num_cat=0
split_feature=4 0 0 0 5 0 0 0 0 5 0 5 5 9 0 0 5 0 5 9 5 14 14
split_gain=42.9486 66.7428 35.9396 47.6613 1.45332 1.05121 0.850663 0.924307 2.47161 1.45691 0.81071 0.968524 0.72917 0.525 0.511425 0.91644 0.838995 0.496792 0.494909 0.473457 0.434589 0.397727 0.785714
threshold=1.0000000180025095e-35 6.5000000000000009 1.5000000000000002 1.0000000180025095e-35 1.0392776652819877 5.5000000000000009 6.5000000000000009 1.5000000000000002 1.0000000180025095e-35 0.99359874653726477 3.5000000000000004 0.86511218695917946 0.83355863158709254 24123.965978413027 3.5000000000000004 4.5000000000000009 1.1201071056310488 6.5000000000000009 0.91315938419649056 17861.08889033812 1.1844277115722703 18054.123634583786 30870.789428634398
decision_type=2 2 2 2 2 2 2 2 2 2 2 2 2 2 2 2 2 2 2 2 2 2 2
left_child=4 2 3 18 6 12 7 8 -1 13 -9 -12 -4 -10 -14 16 -16 -6 -2 -7 -19 -15 -23
right_child=1 -3 5 -5 17 19 -8 10 9 -11 11 -13 14 21 15 -17 -18 20 -20 -21 -22 22 -24
leaf_value=0.13525550686077834 -0.010699969541469515 -0.023426933311606248 -0.0013286284749651992 -0.025148288853111558 0.26477215423479017 -0.013594930253258225 -0.0012649724162461799 0.33263993264159419 -0.016088434543413545 -0.034084163889198153 -0.0092926897743245418 0.088679209603329812 0.15718891188093151 0.0030245652182710613 -0.0087389790675589264 0.30633797054421674 0.021456471282406873 -0.0011537910623033493 0.10336680811371871 -0.0014956817032931629 0.062539838469580958 -0.017131722392991339 7.7358922217116163e-05
leaf_weight=172 34 121 110 119 819 20 154 323 20 24 192 286 202 21 71 93 31 73 70 99 47 22 77
leaf_count=172 34 121 110 119 819 20 154 323 20 24 192 286 202 21 71 93 31 73 70 99 47 22 77
internal_value=-0.0010625 -0.00984536 -0.00489399 -0.02213 0.00275785 0.00124601 0.00166925 0.0021416 -5.95236e-05 -0.00445122 0.00306492 0.00175732 0.00223866 -0.0025 0.00323678 0.00141026 -0.00186274 0.00425453 0.00259615 -0.00298319 0.00125 -0.00125 -0.00257576
internal_weight=3200 970 849 223 2230 626 1291 1137 336 164 801 478 507 140 397 195 102 939 104 119 120 120 99
internal_count=3200 970 849 223 2230 626 1291 1137 336 164 801 478 507 140 397 195 102 939 104 119 120 120 99
is_linear=0
shrinkage=0.05


Tree=61
num_leaves=24
num_cat=0
split_feature=4 0 0 0 0 0 0 0 9 9 14 14 3 9 9 0 0 0 9 14 9 2 9
split_gain=42.1426 66.941 35.2535 46.8008 1.25171 1.05121 1.0441 2.37036 0.665546 0.608354 0.628827 0.591947 0.541353 0.513315 0.473457 0.461069 0.443497 1.42356 0.297544 0.657027 0.361361 0.288785 0.561196
threshold=1.0000000180025095e-35 6.5000000000000009 1.5000000000000002 1.0000000180025095e-35 6.5000000000000009 5.5000000000000009 1.5000000000000002 1.0000000180025095e-35 29463.421513361976 62693.97518370828 41372.495196902099 30502.825107287932 1.0000000180025095e-35 45088.765049213318 17861.08889033812 3.5000000000000004 4.5000000000000009 3.5000000000000004 35540.423942710266 20437.714070413018 24123.965978413027 2028.0000000000002 39606.007584924839
decision_type=2 2 2 2 2 2 2 2 2 2 2 2 2 2 2 2 2 2 2 2 2 2 2
left_child=4 2 3 -2 6 16 7 -1 -5 10 11 18 -11 -12 -7 -8 17 -4 20 -20 -9 -6 -23
right_child=1 -3 5 8 21 14 15 9 -10 12 13 -13 -14 -15 -16 -17 -18 -19 19 -21 -22 22 -24
leaf_value=0.22322168613555596 0.044365202233308199 -0.022255586646025935 0.067818942377824959 -0.027877901599512117 0.0061599208138495877 -0.012915183740595288 0.38043480955386322 -0.0050179080840680006 -0.023242328877020619 0.012110465210161554 -0.027802141574467799 0.038511376962296964 -0.024555504647251255 -0.0030700899773821386 -0.0014208976181285043 0.081942091025566433 0.23702434501128564 -0.0057850489305605766 -0.00085146498434166776 -0.055503725675681383 0.0098902574054639102 0.0098334205458759025 -0.0030582585606264471
leaf_weight=293 104 121 268 20 83 20 551 37 99 70 28 26 25 25 99 831 113 126 20 23 27 77 114
leaf_count=293 104 121 268 20 83 20 551 37 99 70 28 26 25 25 99 831 113 126 20 23 27 77 114
internal_value=-0.00109375 -0.00979381 -0.0048351 -0.0219058 0.00269058 0.00124601 0.00313395 0.00134146 -0.0433193 -0.0019395 -0.00360215 -0.00176692 0.00131579 -0.00820755 -0.00298319 0.00387844 0.00223866 0.0014467 -0.00341121 -0.00662791 -0.00125 -0.000474452 -0.0015445
internal_weight=3200 970 849 223 2230 626 1956 574 119 281 186 133 95 53 119 1382 507 394 107 43 64 274 191
internal_count=3200 970 849 223 2230 626 1956 574 119 281 186 133 95 53 119 1382 507 394 107 43 64 274 191
is_linear=0
shrinkage=0.05


Tree=62
num_leaves=24
num_cat=0
split_feature=4 0 0 0 14 5 0 0 0 0 5 0 5 5 5 5 0 0 5 14 0 5 3
split_gain=41.4046 67.5374 34.14 43.3185 1.54824 1.23162 1.22039 1.09326 2.64727 1.09129 0.924855 1.15385 0.808981 1.12 0.769641 0.71267 0.440974 0.790196 0.936305 0.47619 0.39596 0.372529 0.350317
threshold=1.0000000180025095e-35 6.5000000000000009 1.5000000000000002 1.0000000180025095e-35 11606.278108776578 1.1109203529368898 6.5000000000000009 1.5000000000000002 1.0000000180025095e-35 5.5000000000000009 0.86511218695917946 3.5000000000000004 0.99359874653726477 1.0615200632769528 0.83355863158709254 0.91315938419649056 3.5000000000000004 4.5000000000000009 1.0628130287635416 26632.198794214808 4.5000000000000009 1.0318533198542548 1.0000000180025095e-35
decision_type=2 2 2 2 2 2 2 2 2 2 2 2 2 2 2 2 2 2 2 2 2 2 2
left_child=5 2 3 15 -5 6 7 8 -1 14 11 -9 22 -14 20 -2 -16 18 19 -18 -4 -11 -10
right_child=1 -3 9 4 -6 -7 -8 10 12 21 -12 -13 13 -15 16 -17 17 -19 -20 -21 -22 -23 -24
leaf_value=0.13469797964292041 -0.012383231176061431 -0.02114280731372464 -0.0057011973849653468 -0.016857989733515457 -0.022962084389188356 0.13263849077028311 -0.0019037559633441675 0.19196870303691718 0.00037506130051776789 -0.0023119484644359856 0.16897678744074757 -0.012925159836886741 -0.036906040206447978 -0.0082069494436847034 0.14593851916799352 0.095980207596367328 0.001466364780731845 0.27916985476644163 0.015957670897834036 -0.0082460706173004238 0.14238051570283011 0.026226871270207192 -0.0073676748372155515
leaf_weight=214 34 121 90 25 94 602 194 120 102 67 699 192 33 36 202 70 21 93 46 35 20 52 38
leaf_count=214 34 121 90 25 94 602 194 120 102 67 699 192 33 36 202 70 21 93 46 35 20 52 38
internal_value=-0.00101562 -0.00963917 -0.00465842 -0.0214574 -0.0420588 0.00273543 0.00202088 0.00252441 0.000390071 0.00132588 0.00341741 0.00115385 -0.00361244 -0.00804348 0.00233728 0.00211538 0.00336272 0.00166667 -0.00137255 -0.00571429 -0.00136364 -0.00298319 -0.00142857
internal_weight=3200 970 849 223 119 2230 1628 1434 423 626 1011 312 209 69 507 104 397 195 102 56 110 119 140
internal_count=3200 970 849 223 119 2230 1628 1434 423 626 1011 312 209 69 507 104 397 195 102 56 110 119 140
is_linear=0
shrinkage=0.05


Tree=63
num_leaves=24
num_cat=0
split_feature=4 9 5 5 9 5 9 1 14 14 9 5 9 1 5 5 5 3 9 5 5 5 9
split_gain=40.7176 3.31262 2.15441 1.33094 1.09371 0.789573 0.783352 0.963688 1.05677 1.00087 0.789376 0.891602 0.961865 0.998407 0.698643 0.685408 0.908693 0.602551 0.669389 0.640093 0.546587 0.729793 0.643434
threshold=1.0000000180025095e-35 29463.421513361976 1.1201071056310488 0.7234857934403881 4613.3466537734121 1.1109203529368898 139363.88937513254 1.0000000180025095e-35 80783.928975064089 93701.059525829041 34023.85730484574 1.071550333734905 37668.353355719097 1.5000000000000002 1.1844277115722703 1.1419130877912611 1.1791299085562905 1.0000000180025095e-35 36743.461334297892 1.2463007693610029 0.93988102577674026 0.87920273278234984 56839.916325280683
decision_type=2 2 2 2 2 2 2 2 2 2 2 2 2 2 2 2 2 2 2 2 2 2 2
left_child=3 4 6 -1 -2 -5 7 8 20 -10 -9 12 -12 -14 -6 -4 -17 18 -18 -20 21 -3 -22
right_child=1 2 15 5 14 -7 -8 10 9 -11 11 -13 13 -15 -16 16 17 -19 19 -21 22 -23 -24
leaf_value=-0.015199527843728761 0.14071708461218135 -0.016104441741051502 0.017045173035826526 0.024617045947629156 -0.015951997344267912 0.12600656623176895 -0.014484217847533088 -0.017864034900250729 0.0026731063146902888 -0.015741938311162353 0.019224786999556015 -0.015877911693172288 -0.014352951558155944 -0.015974168182486627 0.0087782546171080687 -0.016214896228401585 0.13245201359574135 -0.021552151679193669 -0.015414311954349162 0.053615428441073698 -0.018053731210069836 -0.001316710560200357 -0.015189661631341445
leaf_weight=145 26 59 20 1483 201 602 20 35 20 22 24 50 188 33 35 40 21 24 29 23 33 22 45
leaf_count=145 26 59 20 1483 201 602 20 35 20 22 24 50 188 33 35 40 21 24 29 23 33 22 45
internal_value=-0.000984375 -0.00953608 -0.0113136 0.00273543 -0.00473282 0.00305755 -0.0127858 -0.01242 -0.0151493 -0.00809524 -0.0107576 -0.00991525 -0.00867347 -0.00970588 -0.00580508 -0.0061465 -0.00740876 -0.00479381 -0.00253425 -0.00557692 -0.0170126 -0.0141358 -0.02
internal_weight=3200 970 708 2230 262 2085 551 531 201 42 330 295 245 221 236 157 137 97 73 52 159 81 78
internal_count=3200 970 708 2230 262 2085 551 531 201 42 330 295 245 221 236 157 137 97 73 52 159 81 78
is_linear=0
shrinkage=0.05


Tree=64
num_leaves=24
num_cat=0
split_feature=4 0 0 0 9 0 5 0 0 5 3 9 0 5 5 5 14 14 2 9 3 5 9
split_gain=38.1992 68.738 32.8546 39.183 5.03319 1.44061 1.29041 1.12069 2.29647 1.28102 0.819712 0.847115 0.808231 0.773787 0.615272 0.601955 0.575355 0.714105 0.539435 0.615064 0.668643 0.515341 0.472009
threshold=1.0000000180025095e-35 6.5000000000000009 1.5000000000000002 1.0000000180025095e-35 29463.421513361976 6.5000000000000009 0.78607608646947869 1.5000000000000002 1.0000000180025095e-35 1.1271418355183351 1.0000000180025095e-35 56149.119421051837 5.5000000000000009 1.1844277115722703 0.81383194378367973 0.91315938419649056 39867.963011905296 22933.201999615503 2028.0000000000002 43353.747382858528 1.0000000180025095e-35 1.0417783304233958 33441.58909643611
decision_type=2 2 2 2 2 2 2 2 2 2 2 2 2 2 2 2 2 2 2 2 2 2 2
left_child=5 2 3 15 -5 6 -1 8 -8 10 11 16 14 18 -4 -2 17 -10 22 -20 21 -21 -7
right_child=1 -3 12 4 -6 13 7 -9 9 -11 -12 -13 -14 -15 -16 -17 -18 -19 19 20 -22 -23 -24
leaf_value=-0.00055950034446364228 -0.010985119887255495 -0.019291771362717414 -0.0039118768933902592 -0.024812986701009999 -0.020593726932389554 -0.0043811579353731636 0.2858003661876965 0.17002412606495357 -0.021390274842937099 0.11017130075217643 -0.016771234501545947 0.0056106135495212015 -0.0014305213760077214 0.046375673086083785 0.036033598396271925 0.09190684001516683 -0.050687125188761561 0.016700071366098374 -0.00038772205359231262 0.0024469166640929824 -0.0088089562361459602 -0.0076596295616882292 0.008039492949137899
leaf_weight=241 34 121 98 20 99 20 260 1210 26 63 57 52 119 47 409 70 20 27 68 39 28 20 52
leaf_count=241 34 121 98 20 99 20 260 1210 26 63 57 52 119 47 409 70 20 27 68 39 28 20 52
internal_value=-0.00104687 -0.0093299 -0.00430506 -0.0207848 -0.0403782 0.00255605 0.0030317 0.00351312 0.00153465 -0.00193878 -0.00406593 -0.0018 0.0015655 -0.000839416 0.0024359 0.00163462 -0.00527397 -0.00254717 -0.00204846 -0.00370968 -0.00649425 -0.00347458 0.00152778
internal_weight=3200 970 849 223 119 2230 1956 1715 505 245 182 125 626 274 507 104 73 53 227 155 87 59 72
internal_count=3200 970 849 223 119 2230 1956 1715 505 245 182 125 626 274 507 104 73 53 227 155 87 59 72
is_linear=0
shrinkage=0.05


Tree=65
num_leaves=24
num_cat=0
split_feature=4 0 0 0 9 0 5 0 0 5 0 5 5 3 14 5 0 0 5 2 9 9 0
split_gain=38.1561 68.9392 30.453 38.5152 7.02983 1.32618 1.30974 1.04295 2.15964 1.19735 0.740098 0.726181 0.699851 0.632995 0.558968 0.560319 0.514107 0.930285 0.859406 0.475032 0.531278 0.472009 0.45973
threshold=1.0000000180025095e-35 6.5000000000000009 1.5000000000000002 1.0000000180025095e-35 29463.421513361976 6.5000000000000009 0.78607608646947869 1.5000000000000002 1.0000000180025095e-35 1.1271418355183351 5.5000000000000009 1.1844277115722703 0.83918073007734006 1.0000000180025095e-35 22933.201999615503 0.99448579556082628 3.5000000000000004 4.5000000000000009 1.1201071056310488 2028.0000000000002 37224.022282519152 33441.58909643611 2.5000000000000004
decision_type=2 2 2 2 2 2 2 2 2 2 2 2 2 2 2 2 2 2 2 2 2 2 2
left_child=5 2 3 -2 -5 6 -1 8 -8 13 12 19 22 14 -10 -16 -14 18 -18 21 -21 -7 -4
right_child=1 -3 10 4 -6 11 7 -9 9 -11 -12 -13 16 -15 15 -17 17 -19 -20 20 -22 -23 -24
leaf_value=-0.00053152532724037274 0.037547442192221274 -0.018327182794581544 -0.0095968422798904524 -0.023572337365959498 -0.019564040585770076 -0.0041621000386044818 0.2715103478783118 0.16152291976170596 -0.024099086895344971 0.10466273571456752 -0.0013589953072073474 0.044056889431779586 0.15672505267299708 -0.015932672776468575 0.0058560613939067311 -0.013624483567504382 -0.0086514316671557328 0.26414332015503555 0.01763442395077584 0.00099948953392820037 -0.0067482272071822409 0.0076375183016810164 0.0084772053173122544
leaf_weight=241 104 121 37 20 99 20 260 1210 32 63 119 47 201 57 57 36 70 93 31 49 106 52 75
leaf_count=241 104 121 37 20 99 20 260 1210 32 63 119 47 201 57 57 36 70 93 31 49 106 52 75
internal_value=-0.001 -0.00927835 -0.00424617 -0.0201121 -0.0395378 0.0026009 0.00305726 0.00354227 0.00163366 -0.00173469 0.00140575 -0.000656934 0.00223866 -0.00379121 -0.0018 0.000161291 0.00322785 0.00139175 -0.00193069 -0.00182819 -0.0033871 0.00152778 -0.00125
internal_weight=3200 970 849 223 119 2230 1956 1715 505 245 626 274 507 182 125 93 395 194 101 227 155 72 112
internal_count=3200 970 849 223 119 2230 1956 1715 505 245 626 274 507 182 125 93 395 194 101 227 155 72 112
is_linear=0
shrinkage=0.05


Tree=66
num_leaves=24
num_cat=0
split_feature=4 0 0 0 14 0 5 0 0 5 0 5 5 5 5 5 5 0 0 5 2 0 5
split_gain=38.6328 68.738 31.0909 37.6312 2.70178 1.3445 1.32921 0.770739 1.77435 0.963283 0.740098 0.726181 0.699851 0.696429 1.00979 0.601955 0.535192 0.514107 0.930285 0.859406 0.475032 0.45973 0.396891
threshold=1.0000000180025095e-35 6.5000000000000009 1.5000000000000002 1.0000000180025095e-35 25716.187117558631 6.5000000000000009 0.78607608646947869 1.5000000000000002 1.0000000180025095e-35 1.1271418355183351 5.5000000000000009 1.1844277115722703 0.83918073007734006 0.99359874653726477 1.0615200632769528 0.91315938419649056 1.0168842805319001 3.5000000000000004 4.5000000000000009 1.1201071056310488 2028.0000000000002 2.5000000000000004 0.95922887924388489
decision_type=2 2 2 2 2 2 2 2 2 2 2 2 2 2 2 2 2 2 2 2 2 2 2
left_child=5 2 3 15 16 6 -1 8 -8 13 12 20 21 -10 -15 -2 -5 -14 19 -19 -7 -4 -9
right_child=1 -3 10 4 -6 11 7 22 9 -11 -12 -13 17 14 -16 -17 -18 18 -20 -21 -22 -23 -24
leaf_value=-0.00050494906087837318 -0.012313236002503752 -0.017410823654852466 -0.009117000165895929 -0.010783405746261347 -0.01914630845078874 0.0029912421830484417 0.25793483048439619 0.055105672782027354 -0.0001754233450630766 0.099429598928839236 -0.0012910455418469941 0.041854044960190628 0.14888880003934726 -0.035959720272280227 -0.0075209077959037685 0.085434125904797473 -0.021299053004292336 -0.008218860083797944 0.25093615414728382 0.016752702753237043 -0.005253940108861703 0.0080533450514466264 0.27292016002895952
leaf_weight=241 34 121 37 20 78 72 260 388 104 63 119 47 201 33 45 70 21 70 93 31 155 75 822
leaf_count=241 34 121 37 20 78 72 260 388 104 63 119 47 201 33 45 70 21 70 93 31 155 75 822
internal_value=-0.001 -0.0093299 -0.00430506 -0.0203363 -0.0395378 0.00262332 0.00308282 0.00357143 0.00193069 -0.00112245 0.00140575 -0.000656934 0.00223866 -0.00296703 -0.00653846 0.00163462 -0.0291463 0.00322785 0.00139175 -0.00193069 -0.00182819 -0.00125 0.0042562
internal_weight=3200 970 849 223 119 2230 1956 1715 505 245 626 274 507 182 78 104 41 395 194 101 227 112 1210
internal_count=3200 970 849 223 119 2230 1956 1715 505 245 626 274 507 182 78 104 41 395 194 101 227 112 1210
is_linear=0
shrinkage=0.05


Tree=67
num_leaves=24
num_cat=0
split_feature=0 0 0 5 5 9 5 5 9 5 14 5 0 5 5 3 9 5 5 14 9 5 9
split_gain=30.7772 13.2492 21.6707 3.61564 2.84986 1.9555 2.45257 1.81649 1.55303 1.32469 1.26005 1.04868 1.00748 1.06891 0.878438 2.09708 1.2765 0.865217 1.60248 1.00301 0.9029 1.17338 1.17056
threshold=6.5000000000000009 1.5000000000000002 1.0000000180025095e-35 1.1142091480819183 1.1844277115722703 31939.943116517414 0.99051961926359133 0.87497822591249685 81966.470281682457 1.1453629183587577 24773.683318791114 0.7234857934403881 5.5000000000000009 0.84443589120776641 0.85250640420330903 1.0000000180025095e-35 53587.573669308527 1.069209460861025 1.0230214602660179 61009.010309907906 60277.460474291373 0.85900367092720786 88738.823901791926
decision_type=2 2 2 2 2 2 2 2 2 2 2 2 2 2 2 2 2 2 2 2 2 2 2
left_child=1 2 11 5 9 -4 14 12 -8 10 -2 -1 -3 -14 16 -16 -7 18 20 -19 21 -12 -22
right_child=4 7 3 -5 -6 6 8 -9 -10 -11 17 -13 13 -15 15 -17 -18 19 -20 -21 22 -23 -24
leaf_value=-0.015689985624254943 -0.01240074211201486 0.020226227396866095 -0.013412051877249124 -0.0096809188069030879 -0.012707180975812294 -0.02092545956500624 -0.028782330364069658 0.081666748320512683 -0.025431740256500347 -0.018371079812584894 -0.021446304420027134 0.10697098226126567 -0.0026747580675752069 -0.038168943154850039 -0.010334066017616668 -0.012305685625242088 -0.010753295264464644 -0.005360457067515186 -0.015704992375008657 -0.012343629202869763 -0.012771780046733062 -0.012826939866143548 -0.012098660086322419
leaf_weight=28 101 402 72 89 57 29 59 1500 26 27 28 369 81 25 59 28 38 23 22 21 35 39 42
leaf_count=28 101 402 72 89 57 29 59 1500 26 27 28 369 81 25 59 28 38 23 22 21 35 39 42
internal_value=-0.00104687 0.000793227 -0.00466123 -0.012875 -0.0141139 -0.015418 -0.0175941 0.00295817 -0.0244118 -0.015858 -0.0149357 0.00361461 0.000374016 -0.00396226 -0.0138312 -0.0105172 -0.0181343 -0.0171429 -0.0187952 -0.0109091 -0.016875 -0.0211194 -0.0131818
internal_weight=3200 2805 797 400 395 311 239 2008 85 338 311 397 508 106 154 87 67 210 166 44 144 67 77
internal_count=3200 2805 797 400 395 311 239 2008 85 338 311 397 508 106 154 87 67 210 166 44 144 67 77
is_linear=0
shrinkage=0.05


Tree=68
num_leaves=24
num_cat=0
split_feature=4 0 0 0 9 0 0 0 0 0 0 0 14 14 14 14 9 2 9 9 9 14 2
split_gain=39.3021 68.3366 28.9335 37.7421 8.15294 1.19907 0.786274 1.05326 1.04781 0.607577 1.65281 0.692803 0.352224 0.412435 0.666959 0.422053 0.320962 0.288785 0.561196 0.514668 0.312839 0.281104 0.280972
threshold=1.0000000180025095e-35 6.5000000000000009 1.5000000000000002 1.0000000180025095e-35 29463.421513361976 6.5000000000000009 3.5000000000000004 4.5000000000000009 5.5000000000000009 1.5000000000000002 1.0000000180025095e-35 3.5000000000000004 88541.697305142399 62964.289236725694 51104.337209324127 29021.128655304707 17861.08889033812 2028.0000000000002 39606.007584924839 31644.384914718637 63819.959179999823 29608.016072825212 2032.5000000000002
decision_type=2 2 2 2 2 2 2 2 2 2 2 2 2 2 2 2 2 2 2 2 2 2 2
left_child=5 2 3 -2 -5 9 -4 -8 -9 10 -1 -11 13 14 15 -12 -10 19 -19 -7 21 -20 -22
right_child=1 -3 6 4 -6 17 7 8 16 11 12 -13 -14 -15 -16 -17 -18 18 20 -21 22 -23 -24
leaf_value=0.1655338173029462 0.028280482616932182 -0.015923101011455724 0.052437777379209786 -0.020836829966751926 -0.017144477193596984 -0.0034643411406868811 -0.0089599042743885981 0.20583778972076475 -0.016662477554634954 0.34054326377808103 -0.0052434766801369714 0.057288072915613553 -0.011957378976119001 0.013132373814742637 -0.026984476089653455 0.02206916120431757 -0.001081302912462157 0.0068914548942966558 -0.0023291836344513004 0.0083232443691713346 0.0037945844071904187 -0.013394903728173127 -0.0065608178017016894
leaf_weight=293 104 121 268 20 99 20 126 113 20 551 110 831 38 46 20 67 99 77 20 63 39 26 29
leaf_count=293 104 121 268 20 99 20 126 113 20 551 110 831 38 46 20 67 99 77 20 63 39 26 29
internal_value=-0.00103125 -0.00943299 -0.00442285 -0.0198879 -0.0391176 0.00262332 0.00108626 -0.000446927 0.00155172 0.00305726 0.0016899 0.00362518 -0.00104982 -0.000349794 -0.00134518 -0.000367231 -0.00172269 -0.000474452 -0.0015445 0.00198795 -0.00377193 -0.00695652 -0.00161765
internal_weight=3200 970 849 223 119 2230 626 358 232 1956 574 1382 281 243 197 177 119 274 191 83 114 46 68
internal_count=3200 970 849 223 119 2230 626 358 232 1956 574 1382 281 243 197 177 119 274 191 83 114 46 68
is_linear=0
shrinkage=0.05


Tree=69
num_leaves=24
num_cat=0
split_feature=4 0 0 0 9 5 0 5 0 0 5 0 0 5 0 5 5 5 5 5 0 14 14
split_gain=37.9545 68.5372 29.1542 36.1108 7.91934 1.49328 0.94914 1.25282 0.868944 1.52241 0.734452 0.726143 0.911198 1.25347 1.04781 0.840796 0.6145 0.940649 1.00979 0.601955 0.582314 0.566025 0.709156
threshold=1.0000000180025095e-35 6.5000000000000009 1.5000000000000002 1.0000000180025095e-35 29463.421513361976 0.73493166520396247 5.5000000000000009 0.96518830504543096 1.5000000000000002 1.0000000180025095e-35 0.94972049496089539 3.5000000000000004 4.5000000000000009 1.1201071056310488 5.5000000000000009 0.83918073007734006 1.1271418355183351 0.99359874653726477 1.0615200632769528 0.91315938419649056 6.5000000000000009 44144.117302128616 31832.863780073301
decision_type=2 2 2 2 2 2 2 2 2 2 2 2 2 2 2 2 2 2 2 2 2 2 2
left_child=5 2 3 19 -5 -1 8 10 9 -7 21 15 13 -13 -14 -4 17 -11 -19 -2 -9 22 -8
right_child=1 -3 11 4 -6 6 7 20 -10 16 -12 12 14 -15 -16 -17 -18 18 -20 -21 -22 -23 -24
leaf_value=-0.012358120161347672 -0.01662023262642013 -0.015126945960882938 -0.0064731455305232334 -0.019794988468414331 -0.016287253333917135 0.22254370897586689 -0.0024566392516972104 0.13593044358137796 0.19744275951118767 0.00030512308817250204 -0.0023492739867662302 -0.011677646081415305 0.19554590023472654 0.012279725413268898 -0.0046955219574430895 0.13473913375239374 0.093838706862526572 -0.032460443906455909 -0.0058374141033211016 0.074399846365647698 0.0023000310481029779 0.0056749787718929122 -0.045380932246881778
leaf_weight=160 34 121 67 20 99 271 79 181 1013 122 22 95 113 31 119 201 63 33 45 70 158 62 21
leaf_count=160 34 121 67 20 99 271 79 181 1013 122 22 95 113 31 119 201 63 33 45 70 158 62 21
internal_value=-0.001125 -0.00938144 -0.00436396 -0.0198879 -0.0386975 0.00246637 0.00282609 0.000984704 0.00344861 0.00181648 -0.00233696 0.00116613 -0.000307262 -0.00373016 0.00155172 0.00313433 -0.000893536 -0.00225 -0.00653846 0.00163462 0.00278761 -0.00117284 -0.0035
internal_weight=3200 970 849 223 119 2230 2070 523 1547 534 184 626 358 126 232 268 263 200 78 104 339 162 100
internal_count=3200 970 849 223 119 2230 2070 523 1547 534 184 626 358 126 232 268 263 200 78 104 339 162 100
is_linear=0
shrinkage=0.05


Tree=70
num_leaves=24
num_cat=0
split_feature=4 0 0 0 9 5 0 0 0 5 5 0 0 5 5 5 5 3 0 9 0 14 14
split_gain=36.8708 68.9392 29.5983 36.1108 7.91934 1.75148 1.24723 0.877968 0.734502 0.695702 0.673641 0.635719 1.44003 0.62749 0.727612 0.891423 0.601955 0.581275 0.569147 1.06806 0.866978 0.623077 1.55741
threshold=1.0000000180025095e-35 6.5000000000000009 1.5000000000000002 1.0000000180025095e-35 29463.421513361976 0.87497822591249685 6.5000000000000009 3.5000000000000004 1.5000000000000002 1.1844277115722703 1.0768515561198984 1.5000000000000002 1.0000000180025095e-35 1.1271418355183351 0.99359874653726477 1.0344057448195654 0.91315938419649056 1.0000000180025095e-35 4.5000000000000009 44728.741984705419 5.5000000000000009 20169.293801005602 44144.117302128616
decision_type=2 2 2 2 2 2 2 2 2 2 2 2 2 2 2 2 2 2 2 2 2 2 2
left_child=5 2 3 16 -5 7 11 8 -1 -8 -4 12 -7 14 17 -16 -2 -14 19 -9 -20 -22 -23
right_child=1 -3 10 4 -6 6 9 18 -10 -11 -12 -13 13 -15 15 -17 -18 -19 20 -21 21 22 -24
leaf_value=-0.0012480384227664934 -0.015789220995099145 -0.014370598662838791 0.00099883359895278816 -0.018805239044993614 -0.01547289066722128 0.4784826997046932 -0.0021460489592848879 0.028379252866060623 0.17160527706180173 0.040030033589078758 0.042803173674912674 0.18985196099475063 0.010914971589341375 0.089146771519400203 -0.027246171650286574 -0.010159698889139538 0.07067985404736532 -0.0088953515940920214 0.60271094132781455 -0.041999749399960054 0.0038737833872028588 -0.047478942425930287 0.0036666916350619333
leaf_weight=144 34 121 428 20 99 214 167 42 131 47 198 1044 51 63 20 58 70 24 51 44 40 36 54
leaf_count=144 34 121 428 20 99 214 167 42 131 47 198 1044 51 63 20 58 70 24 51 44 40 36 54
internal_value=-0.00114062 -0.00927835 -0.00424617 -0.0198879 -0.0386975 0.0023991 0.00319313 -7.38006e-05 0.00190909 -0.000373832 0.00132588 0.00371099 0.00209302 -0.000787037 -0.00251634 -0.00589744 0.00163462 0.001 -0.0021161 -0.00546512 -0.000524862 -0.00269231 -0.005
internal_weight=3200 970 849 223 119 2230 1688 542 275 214 626 1474 430 216 153 78 104 75 267 86 181 130 90
internal_count=3200 970 849 223 119 2230 1688 542 275 214 626 1474 430 216 153 78 104 75 267 86 181 130 90
is_linear=0
shrinkage=0.05


Tree=71
num_leaves=24
num_cat=0
split_feature=4 0 0 0 9 5 0 9 0 0 0 5 0 0 0 5 1 0 0 0 5 5 5
split_gain=35.8029 69.3423 27.5357 35.4698 8.86183 1.78195 1.40962 0.703839 0.978692 0.965588 0.703707 0.678865 0.813454 1.00908 1.22853 0.772767 0.646845 0.632045 0.729011 1.29992 0.931116 0.62439 0.560648
threshold=1.0000000180025095e-35 6.5000000000000009 1.5000000000000002 1.0000000180025095e-35 29463.421513361976 0.96518830504543096 3.5000000000000004 44092.706470907309 4.5000000000000009 5.5000000000000009 1.5000000000000002 1.1705535533486953 3.5000000000000004 4.5000000000000009 5.5000000000000009 0.83918073007734006 1.0000000180025095e-35 6.5000000000000009 1.5000000000000002 1.0000000180025095e-35 1.1109203529368898 0.73493166520396247 0.89549487040762188
decision_type=2 2 2 2 2 2 2 2 2 2 2 2 2 2 2 2 2 2 2 2 2 2 2
left_child=5 2 3 -2 -5 6 10 -8 -9 -10 21 12 15 -14 -15 -4 -11 18 19 -7 -21 -1 -18
right_child=1 -3 11 4 -6 17 7 8 9 16 -12 -13 13 14 -16 -17 22 -19 -20 20 -22 -23 -24
leaf_value=-0.011677812272216535 0.021004059848030318 -0.013652068729696851 -0.0061994299339446501 -0.017864977092743935 -0.014699246133860214 0.55301523397435115 0.0024892260517108376 -0.034547157129410248 0.70950408911996043 0.012997303097502072 0.20693594120231484 0.09581146122304128 -0.01055072403040045 0.16461419160059396 -0.0048974055695899547 0.099149959788985456 -0.023099098014157188 0.0022923319436620611 0.24468024997843685 -0.021487567754378184 0.067980931297740355 0.0027915280048601146 -0.011425083026180356
leaf_weight=40 104 121 67 20 99 170 222 73 47 49 230 101 103 95 101 159 47 158 808 87 72 205 22
leaf_count=40 104 121 67 20 99 170 222 73 47 49 230 101 103 95 101 159 47 158 808 87 72 205 22
internal_value=-0.00115625 -0.00917526 -0.00412839 -0.0192152 -0.0378571 0.00233184 0.000668449 -0.00130435 -0.00319328 -0.00106061 0.00257895 0.00124601 0.00052381 -0.00118729 0.000918368 0.00278761 -0.00347458 0.00353282 0.00394459 0.00196049 -0.00128931 0.000714286 -0.0065942
internal_weight=3200 970 849 223 119 2230 935 460 238 165 475 626 525 299 196 226 118 1295 1137 329 159 245 69
internal_count=3200 970 849 223 119 2230 935 460 238 165 475 626 525 299 196 226 118 1295 1137 329 159 245 69
is_linear=0
shrinkage=0.05


Tree=72
num_leaves=24
num_cat=0
split_feature=4 0 0 0 9 5 0 0 0 0 0 5 5 5 0 14 0 0 5 5 0 0 0
split_gain=36.6304 68.738 27.7095 34.6217 8.86183 1.67631 1.24305 0.936958 0.649549 0.911198 1.04781 0.833093 0.777363 0.601955 0.596744 0.653065 0.624675 0.989584 1.14368 0.581841 0.554108 0.549427 0.506526
threshold=1.0000000180025095e-35 6.5000000000000009 1.5000000000000002 1.0000000180025095e-35 29463.421513361976 1.0032139549102579 3.5000000000000004 1.5000000000000002 3.5000000000000004 4.5000000000000009 5.5000000000000009 1.1201071056310488 0.83918073007734006 0.91315938419649056 6.5000000000000009 79433.555948029665 1.5000000000000002 1.0000000180025095e-35 1.0615200632769528 0.73493166520396247 2.5000000000000004 1.0000000180025095e-35 4.5000000000000009
decision_type=2 2 2 2 2 2 2 2 2 2 2 2 2 2 2 2 2 2 2 2 2 2 2
left_child=5 2 3 13 -5 6 7 19 12 11 -11 -10 20 -2 16 -16 17 -7 -19 -1 -4 -21 -8
right_child=1 -3 8 4 -6 14 22 -9 9 10 -12 -13 -14 -15 15 -17 -18 18 -20 21 -22 -23 -24
leaf_value=-0.011093921658605718 -0.016049962937745743 -0.01296946529321201 -0.011710663303129178 -0.016971728238106738 -0.013964283827167204 0.56129195507951779 -0.023283724622185999 0.21338613017777341 -0.010616169255772179 0.17748795396301281 -0.0042658172610390904 0.0074687741739385477 0.12299473739537717 0.066095658352595413 0.011469485410317927 -0.013577917074146646 0.28271459264985238 -0.026572363825111661 0.022209514297505631 0.076963316482017374 0.028174709248111565 -0.0008607802930100585 0.00070296309630050189
leaf_weight=40 34 121 37 20 99 144 160 280 95 113 119 31 201 70 110 26 693 26 108 127 30 129 387
leaf_count=40 34 121 37 20 99 144 160 280 95 113 119 31 201 70 110 26 693 26 108 127 30 129 387
internal_value=-0.00121875 -0.0093299 -0.00430506 -0.0194395 -0.0378571 0.00230942 0.000948353 0.00256944 0.00108626 -0.000307262 0.00155172 -0.00373016 0.00294776 0.00163462 0.00369015 0.000588235 0.00412461 0.0021223 -0.000970149 0.000608108 -0.00171642 0.00148438 -0.000758684
internal_weight=3200 970 849 223 119 2230 1123 576 626 358 232 126 268 104 1107 136 971 278 134 296 67 256 547
internal_count=3200 970 849 223 119 2230 1123 576 626 358 232 126 268 104 1107 136 971 278 134 296 67 256 547
is_linear=0
shrinkage=0.05


Tree=73
num_leaves=24
num_cat=0
split_feature=4 0 0 0 9 5 0 0 0 0 0 5 5 0 14 5 0 0 0 0 9 5 0
split_gain=35.8029 69.3423 25.9231 32.4468 8.14118 1.73199 1.24305 0.936958 0.649549 0.911198 1.04781 0.833093 0.777363 0.614249 0.653065 0.581841 0.554108 0.549427 0.506526 1.49562 0.509783 0.879545 0.447162
threshold=1.0000000180025095e-35 6.5000000000000009 1.5000000000000002 1.0000000180025095e-35 29463.421513361976 1.0032139549102579 3.5000000000000004 1.5000000000000002 3.5000000000000004 4.5000000000000009 5.5000000000000009 1.1201071056310488 0.83918073007734006 6.5000000000000009 79433.555948029665 0.73493166520396247 2.5000000000000004 1.0000000180025095e-35 4.5000000000000009 5.5000000000000009 44728.741984705419 0.94504317227432166 1.5000000000000002
decision_type=2 2 2 2 2 2 2 2 2 2 2 2 2 2 2 2 2 2 2 2 2 2 2
left_child=5 2 3 -2 -5 6 7 15 12 11 -11 -10 16 22 -15 -1 -4 -17 20 -20 -8 -22 -7
right_child=1 -3 8 4 -6 13 18 -9 9 10 -12 -13 -14 14 -16 17 -18 -19 19 -21 21 -23 -24
leaf_value=-0.010539225575675413 0.016649073937999002 -0.012320992028551411 -0.011125130137972703 -0.016123141826201403 -0.013266069635808845 0.046977043614883855 0.00064161192595955235 0.20271682366888469 -0.010085360792983545 0.16861355626486219 -0.0040525263979871171 0.0070953354652416208 0.11684500052560831 0.010896011139802021 -0.012899021220439339 0.073115150657916628 0.026765973785706013 -0.00081774127835955522 0.67139598985169335 -0.0035548666801589277 -0.03225635657490545 0.023814755326942105 0.26857886301735973
leaf_weight=40 104 121 37 20 99 278 77 280 95 113 119 31 201 110 26 127 30 129 115 272 61 22 693
leaf_count=40 104 121 37 20 99 278 77 280 95 113 119 31 201 110 26 127 30 129 115 272 61 22 693
internal_value=-0.00115625 -0.00917526 -0.00412839 -0.0187668 -0.0365966 0.00233184 0.000948353 0.00256944 0.00108626 -0.000307262 0.00155172 -0.00373016 0.00294776 0.00373532 0.000588235 0.000608108 -0.00171642 0.00148438 -0.000758684 0.000219638 -0.003125 -0.00584337 0.00417611
internal_weight=3200 970 849 223 119 2230 1123 576 626 358 232 126 268 1107 136 296 67 256 547 387 160 83 971
internal_count=3200 970 849 223 119 2230 1123 576 626 358 232 126 268 1107 136 296 67 256 547 387 160 83 971
is_linear=0
shrinkage=0.05


Tree=74
num_leaves=24
num_cat=0
split_feature=4 0 0 0 14 5 0 0 0 0 0 5 5 0 0 0 5 5 14 0 5 0 5
split_gain=34.9294 69.5444 25.3409 30.2431 3.30207 1.74421 1.0643 0.762781 0.853878 1.50749 0.84143 1.3926 0.794695 0.649549 0.911198 1.04781 0.833093 0.777363 0.605413 0.554108 0.548252 0.511426 0.53653
threshold=1.0000000180025095e-35 6.5000000000000009 1.5000000000000002 1.0000000180025095e-35 25716.187117558631 1.0392776652819877 5.5000000000000009 1.5000000000000002 3.5000000000000004 4.5000000000000009 1.0000000180025095e-35 0.99359874653726477 0.84795607384656957 3.5000000000000004 4.5000000000000009 5.5000000000000009 1.1201071056310488 0.83918073007734006 41714.371761912342 2.5000000000000004 1.0144370916682817 6.5000000000000009 1.1844277115722703
decision_type=2 2 2 2 2 2 2 2 2 2 2 2 2 2 2 2 2 2 2 2 2 2 2
left_child=5 2 3 20 -5 6 7 10 -9 -10 12 -12 -1 17 16 -16 -15 19 -6 -4 -2 -7 -23
right_child=1 -3 13 4 18 21 -8 8 9 -11 11 -13 -14 14 15 -17 -18 -19 -20 -21 -22 22 -24
leaf_value=-0.0031532957114407626 -0.0037982442915781901 -0.011704942427123839 -0.010568873631074047 -0.007385607715309786 -0.0069108636819729527 0.19267847172549879 -0.0026762898975158413 0.21898274215615177 -0.016379072093195491 0.66518660590532641 -9.3210453026134168e-05 -0.022419819278625724 0.20781356616043123 -0.0095810927533343873 0.16018287845161905 -0.0038499000780878043 0.0067405686919795706 0.11100275049932794 -0.018797735249666051 0.025427675096420729 0.098876985694412292 -0.0034916866978889011 0.038260913697672955
leaf_weight=64 55 121 37 41 27 819 317 323 179 136 140 24 108 95 113 119 31 201 51 30 49 73 47
leaf_count=64 55 121 37 41 27 819 317 323 179 136 140 24 108 95 113 119 31 201 51 30 49 73 47
internal_value=-0.00120312 -0.00912371 -0.00406949 -0.0185426 -0.0357563 0.00224215 0.00104957 0.00186858 0.00288401 0.00103175 -5.95236e-05 -0.00262195 0.00238372 0.00108626 -0.000307262 0.00155172 -0.00373016 0.00294776 -0.0417949 -0.00171642 0.00115385 0.00388179 0.000833334
internal_weight=3200 970 849 223 119 2230 1291 974 638 315 336 164 172 626 358 232 126 268 78 67 104 939 120
internal_count=3200 970 849 223 119 2230 1291 974 638 315 336 164 172 626 358 232 126 268 78 67 104 939 120
is_linear=0
shrinkage=0.05


Tree=75
num_leaves=24
num_cat=0
split_feature=4 0 0 0 9 5 0 0 0 5 0 0 5 14 0 5 5 5 14 9 0 0 0
split_gain=33.4439 70.1522 25.1747 29.5585 7.45109 1.55301 1.00018 0.950441 0.827315 1.60244 0.777266 1.39509 0.696765 0.633535 0.598028 0.555627 0.548252 0.52189 0.499221 0.429762 0.410212 0.856122 0.962963
threshold=1.0000000180025095e-35 6.5000000000000009 1.5000000000000002 1.0000000180025095e-35 29463.421513361976 1.0407689687275135 5.5000000000000009 1.5000000000000002 1.0000000180025095e-35 0.99359874653726477 3.5000000000000004 4.5000000000000009 0.84795607384656957 41714.371761912342 6.5000000000000009 0.7234857934403881 1.0144370916682817 1.1502527327609748 29021.128655304707 24123.965978413027 3.5000000000000004 4.5000000000000009 5.5000000000000009
decision_type=2 2 2 2 2 2 2 2 2 2 2 2 2 2 2 2 2 2 2 2 2 2 2
left_child=5 2 3 16 -5 6 7 8 12 19 -9 15 -1 18 -7 -12 -2 20 -6 -10 -4 -22 -23
right_child=1 -3 17 4 13 14 -8 10 9 -11 11 -13 -14 -15 -16 -17 -18 -19 -20 -21 21 22 -24
leaf_value=-0.0029956309258686534 -0.0036083320769992894 -0.011119695305767648 0.0269810519559254 -0.014890643727609188 -0.0072251504885670267 0.1894844027195845 -0.0019818091510703873 0.20803360504834423 -0.010634040550821823 -0.020641231229021881 -0.024708016155905413 0.63313611764979782 0.19841057668290674 -0.013863415828655924 0.0018638359743533462 -0.0013560356903891558 0.0939331364096916 0.087480127794970317 -0.0058210629968554785 0.00063912599201253694 -0.0088207737687249349 0.12962351790902329 -0.0038967264458788838
leaf_weight=64 55 121 214 20 28 811 321 323 20 26 26 137 109 49 120 153 49 122 22 120 101 91 98
leaf_count=64 55 121 214 20 28 811 321 323 20 26 26 137 109 49 120 153 49 122 22 120 101 91 98
internal_value=-0.00121875 -0.00896907 -0.00389281 -0.0183184 -0.0353361 0.00215247 0.00103541 0.00183027 -0.000309734 -0.00283133 0.00296557 0.00120253 0.00210983 -0.0409596 0.00371106 -0.00170391 0.00115385 0.00124601 -0.037 -0.000714286 0.000535714 -0.000689655 0.0012963
internal_weight=3200 970 849 223 119 2230 1299 978 339 166 639 316 173 99 931 179 104 626 50 140 504 290 189
internal_count=3200 970 849 223 119 2230 1299 978 339 166 639 316 173 99 931 179 104 626 50 140 504 290 189
is_linear=0
shrinkage=0.05


Tree=76
num_leaves=24
num_cat=0
split_feature=4 0 0 0 9 5 0 0 0 5 5 9 14 5 0 0 5 5 0 9 5 9 9
split_gain=31.0097 70.1488 22.0234 25.6153 7.43984 1.36898 0.98317 1.66954 1.71918 1.2026 0.823484 0.770292 0.907441 0.62405 0.557224 1.02422 0.955318 0.548252 0.448077 0.429762 0.421021 0.407496 0.700579
threshold=1.0000000180025095e-35 6.5000000000000009 1.5000000000000002 1.0000000180025095e-35 29463.421513361976 1.1234451183816214 5.5000000000000009 1.5000000000000002 1.0000000180025095e-35 0.99359874653726477 0.84795607384656957 76758.733981537793 38885.816399502139 0.96518830504543096 3.5000000000000004 4.5000000000000009 1.0049845388926539 1.0144370916682817 6.5000000000000009 24123.965978413027 1.0768515561198984 55269.497396888983 44728.741984705419
decision_type=2 2 2 2 2 2 2 2 2 2 2 2 2 2 2 2 2 2 2 2 2 2 2
left_child=5 2 3 17 -5 6 7 8 10 19 -1 12 -11 -8 -9 16 -16 -2 -15 -10 -4 22 -6
right_child=1 -3 20 4 21 -7 13 14 9 11 -12 -13 -14 18 15 -17 -18 -19 -20 -21 -22 -23 -24
leaf_value=-0.002845849379575327 -0.0034279154731493237 -0.010563710540479266 0.0014276543395435003 -0.01414611154122873 -0.007127420159091586 0.10615899222051087 -0.0048607924553955 0.22392843162293541 -0.010102338523280768 -0.032840404292512816 0.26137512309507971 0.0043571482143155097 -0.038279075120397778 0.059135915363992098 -0.018394857823949222 0.63640154771864266 0.12825483503140611 0.089236479589206996 -0.0020598871695804901 0.00060716969241189297 0.040566355964565426 -0.011568051010184675 -0.0057375438047407024
leaf_weight=64 55 121 428 20 31 538 221 419 20 38 159 20 20 120 161 178 66 49 86 120 198 47 21
leaf_count=64 55 121 428 20 31 538 221 419 20 38 159 20 20 120 161 178 66 49 86 120 198 47 21
internal_value=-0.00109375 -0.0085567 -0.00348057 -0.0169731 -0.0328151 0.00215247 0.0014539 0.00215415 -0.000328798 -0.00348624 0.00275785 -0.00846154 -0.0113793 -0.000620609 0.00348301 0.00216049 -6.60791e-05 0.00115385 0.00135922 -0.000714286 0.00132588 -0.0384343 -0.0353846
internal_weight=3200 970 849 223 119 2230 1692 1265 441 218 223 78 58 427 824 405 227 104 206 140 626 99 52
internal_count=3200 970 849 223 119 2230 1692 1265 441 218 223 78 58 427 824 405 227 104 206 140 626 99 52
is_linear=0
shrinkage=0.05


Tree=77
num_leaves=24
num_cat=0
split_feature=4 0 0 0 9 0 0 0 5 5 5 5 5 0 0 0 5 14 5 14 0 0 5
split_gain=30.5443 70.5555 19.5535 23.1433 6.56793 1.41485 1.164 1.17285 0.928695 0.888074 0.699474 0.765576 0.637328 0.632627 1.07161 0.628282 0.548252 0.530765 0.679042 0.482768 0.476914 1.06599 0.932062
threshold=1.0000000180025095e-35 6.5000000000000009 1.5000000000000002 1.0000000180025095e-35 29463.421513361976 5.5000000000000009 1.5000000000000002 1.0000000180025095e-35 0.84795607384656957 0.96518830504543096 1.1271418355183351 0.99359874653726477 0.92526675039164952 3.5000000000000004 4.5000000000000009 6.5000000000000009 1.0144370916682817 32570.154482153714 0.98048383727406008 79433.555948029665 3.5000000000000004 4.5000000000000009 0.84148837644085916
decision_type=2 2 2 2 2 2 2 2 2 2 2 2 2 2 2 2 2 2 2 2 2 2 2
left_child=5 2 3 16 -5 6 7 8 -1 -7 11 -9 13 -8 -15 -11 -2 -6 -19 -17 22 -22 -4
right_child=1 -3 20 4 17 9 12 10 -10 15 -12 -13 -14 14 -16 19 -18 18 -20 -21 21 -23 -24
leaf_value=-0.002703556910596561 -0.0032565196994918224 -0.010035525013455303 -0.0055607581815294233 -0.013438805964167293 -0.0062849818424639981 -0.0046177528326256856 0.12001305179334898 -8.7353288886594512e-05 0.29512251949120821 0.081554477951413545 0.05341496514964398 -0.028410653816674843 0.25582283629047753 -0.020073352918960799 0.45824145586774767 0.0041323935184741046 0.084774655609746633 -0.011134520375564005 -0.01118068116173053 -0.013678129009776408 -0.0065543576058940088 0.011406042331692668 0.10565581474918517
leaf_weight=64 55 121 69 20 38 221 189 140 229 181 63 78 724 114 69 127 49 27 34 31 126 232 199
leaf_count=64 55 121 69 20 38 221 189 140 229 181 63 78 724 114 69 127 49 27 34 31 126 232 199
internal_value=-0.00104687 -0.00845361 -0.00336278 -0.0160762 -0.0311345 0.00217489 0.00290419 0.00108014 0.00329352 1.86265e-10 -0.00122776 -0.00256881 0.00385949 0.00217742 8.19674e-05 0.00160767 0.00115385 -0.0364141 -0.0335246 -0.000696202 0.00116613 -2.79328e-05 0.00276119
internal_weight=3200 970 849 223 119 2230 1670 574 293 560 281 218 1096 372 183 339 104 99 61 158 626 358 268
internal_count=3200 970 849 223 119 2230 1670 574 293 560 281 218 1096 372 183 339 104 99 61 158 626 358 268
is_linear=0
shrinkage=0.05


Tree=78
num_leaves=24
num_cat=0
split_feature=0 4 4 0 0 9 5 14 9 0 14 14 0 5 0 0 5 5 0 0 3 5 9
split_gain=29.8131 62.3766 7.78096 16.7564 20.2297 5.55443 1.50023 0.887771 0.919138 0.637123 0.674865 2.0964 0.577223 0.932062 0.911198 1.04781 0.548252 0.526832 0.493525 1.50613 0.862361 0.615385 0.626831
threshold=6.5000000000000009 1.0000000180025095e-35 1.0000000180025095e-35 1.5000000000000002 1.0000000180025095e-35 29463.421513361976 0.87497822591249685 29021.128655304707 93463.527814893299 5.5000000000000009 44144.117302128616 20169.293801005602 3.5000000000000004 0.84148837644085916 4.5000000000000009 5.5000000000000009 1.0144370916682817 1.1296978499445496 1.5000000000000002 1.0000000180025095e-35 1.0000000180025095e-35 0.99570643099281042 41317.917399757142
decision_type=2 2 2 2 2 2 2 2 2 2 2 2 2 2 2 2 2 2 2 2 2 2 2
left_child=2 -2 6 4 16 -6 9 -7 -9 -1 11 -11 13 -5 -14 -16 -4 18 19 -8 21 -21 -23
right_child=1 -3 3 12 5 7 17 8 -10 10 -12 -13 14 -15 15 -17 -18 -19 -20 20 -22 22 -24
leaf_value=0.0041490486933737523 -0.00049582376559372486 -0.0095337487627825367 -0.0030936937145172225 -0.0052827202724528783 -0.012766865665958927 -0.0059712413215062413 0.33529313754780199 -0.0064568000245697052 -0.017876743499941106 0.055851199151077238 0.026543971509871995 -0.055237633798547847 -0.0062266397255992777 0.10037302401172597 0.1450508738000251 -0.0041042535854513406 0.080535922829259365 0.26229077644403137 0.086935145361969127 0.0067876072121728585 -0.014630690562979094 -0.051595902197059652 0.0032367164518646847
leaf_weight=412 274 121 55 69 20 28 146 51 20 21 29 20 126 199 113 119 49 445 728 52 51 24 28
leaf_count=412 274 121 55 69 20 28 146 51 20 21 29 20 126 199 113 119 49 445 728 52 51 24 28
internal_value=-0.001 -0.0138608 0.000811052 -0.0031861 -0.0149552 -0.0290336 0.00254601 -0.0338889 -0.0309155 0.000124482 -0.00428571 -0.00841463 0.00100639 0.00276119 -0.000307262 0.00155172 0.00115385 0.00333786 0.00271623 0.00101329 -0.00241935 0.000192308 -0.00365385
internal_weight=3200 395 2805 849 223 119 1956 99 71 482 70 41 626 268 358 232 104 1474 1029 301 155 104 52
internal_count=3200 395 2805 849 223 119 1956 99 71 482 70 41 626 268 358 232 104 1474 1029 301 155 104 52
is_linear=0
shrinkage=0.05


Tree=79
num_leaves=24
num_cat=0
split_feature=0 4 4 0 0 9 14 5 0 2 2 2 0 5 0 0 0 0 5 0 0 0 5
split_gain=29.3655 60.0076 6.34569 12.2357 16.0476 3.94405 1.37881 1.31735 0.938073 0.893777 0.82368 0.700417 0.630965 0.932062 0.838356 0.91442 0.590828 1.0509 0.879009 0.539821 1.08525 1.0646 0.528484
threshold=6.5000000000000009 1.0000000180025095e-35 1.0000000180025095e-35 1.5000000000000002 1.0000000180025095e-35 29463.421513361976 27727.346541253388 1.0216140620587684 5.5000000000000009 2028.0000000000002 2032.5000000000002 2032.5000000000002 3.5000000000000004 0.84148837644085916 4.5000000000000009 5.5000000000000009 1.5000000000000002 1.0000000180025095e-35 1.1384138821861114 4.5000000000000009 3.5000000000000004 1.5000000000000002 0.73493166520396247
decision_type=2 2 2 2 2 2 2 2 2 2 2 2 2 2 2 2 2 2 2 2 2 2 2
left_child=2 -2 7 4 -4 -6 -7 8 19 -8 -11 -10 13 -5 -14 -16 17 -9 -19 20 21 22 -1
right_child=1 -3 3 12 5 6 9 16 11 10 -12 -13 14 -15 15 -17 -18 18 -20 -21 -22 -23 -24
leaf_value=-0.0094630734971588547 -0.00047103257731405341 -0.0090570613246434093 0.010216627277375991 -0.0050185842588301608 -0.012128522382660982 -0.0058118946680101643 -0.0051671812568349412 0.4939330471675818 -0.026041532766335564 -0.01710574813146359 -0.0055669437240853928 0.0073052148360212054 -0.0059153077393193495 0.09535437281113962 0.1377983301100239 -0.0038990409061787808 0.23410898355909071 -0.025559675440874272 0.052199241467081603 0.52982058414765787 -0.017196621556703692 0.16947274852970817 0.0015509857339053319
leaf_weight=40 274 121 104 69 20 26 24 135 96 20 29 54 126 199 113 119 632 69 57 124 169 307 273
leaf_count=40 274 121 104 69 20 26 24 135 96 20 29 54 126 199 113 119 632 69 57 124 169 307 273
internal_value=-0.00084375 -0.0136076 0.000953654 -0.00265607 -0.012713 -0.0252521 -0.0293434 0.00252045 0.00133114 -0.0258219 -0.0296939 -0.00233333 0.000926518 0.00276119 -0.000446927 0.00133621 0.00393617 0.00193487 -0.00134921 0.00193319 0.0014512 0.00241935 0.000367412
internal_weight=3200 395 2805 849 223 119 99 1956 1063 73 49 150 626 268 358 232 893 261 126 913 789 620 313
internal_count=3200 395 2805 849 223 119 99 1956 1063 73 49 150 626 268 358 232 893 261 126 913 789 620 313
is_linear=0
shrinkage=0.05


end of trees

feature_importances:
type_idx=621
scale=565
min_habitat_m=287
min_water_m=176
buffer=75
country_idx=43
horizon_year=38
cooling=33
water_hits=2

parameters:
[boosting: gbdt]
[objective: quantile]
[metric: quantile]
[tree_learner: serial]
[device_type: cpu]
[data_sample_strategy: bagging]
[data: ]
[valid: ]
[num_iterations: 80]
[learning_rate: 0.05]
[num_leaves: 24]
[num_threads: 0]
[seed: 7]
[deterministic: 0]
[force_col_wise: 0]
[force_row_wise: 0]
[histogram_pool_size: -1]
[max_depth: -1]
[min_data_in_leaf: 20]
[min_sum_hessian_in_leaf: 0.001]
[bagging_fraction: 1]
[pos_bagging_fraction: 1]
[neg_bagging_fraction: 1]
[bagging_freq: 0]
[bagging_seed: 17422]
[bagging_by_query: 0]
[feature_fraction: 0.9]
[feature_fraction_bynode: 1]
[feature_fraction_seed: 7040]
[extra_trees: 0]
[extra_seed: 6516]
[early_stopping_round: 0]
[early_stopping_min_delta: 0]
[first_metric_only: 0]
[max_delta_step: 0]
[lambda_l1: 0]
[lambda_l2: 0]
[linear_lambda: 0]
[min_gain_to_split: 0]
[drop_rate: 0.1]
[max_drop: 50]
[skip_drop: 0.5]
[xgboost_dart_mode: 0]
[uniform_drop: 0]
[drop_seed: 15215]
[top_rate: 0.2]
[other_rate: 0.1]
[min_data_per_group: 100]
[max_cat_threshold: 32]
[cat_l2: 10]
[cat_smooth: 10]
[max_cat_to_onehot: 4]
[top_k: 20]
[monotone_constraints: ]
[monotone_constraints_method: basic]
[monotone_penalty: 0]
[feature_contri: ]
[forcedsplits_filename: ]
[refit_decay_rate: 0.9]
[cegb_tradeoff: 1]
[cegb_penalty_split: 0]
[cegb_penalty_feature_lazy: ]
[cegb_penalty_feature_coupled: ]
[path_smooth: 0]
[interaction_constraints: ]
[verbosity: -1]
[saved_feature_importance_type: 0]
[use_quantized_grad: 0]
[num_grad_quant_bins: 4]
[quant_train_renew_leaf: 0]
[stochastic_rounding: 1]
[linear_tree: 0]
[max_bin: 255]
[max_bin_by_feature: ]
[min_data_in_bin: 3]
[bin_construct_sample_cnt: 200000]
[data_random_seed: 61]
[is_enable_sparse: 1]
[enable_bundle: 1]
[use_missing: 1]
[zero_as_missing: 0]
[feature_pre_filter: 1]
[pre_partition: 0]
[two_round: 0]
[header: 0]
[label_column: ]
[weight_column: ]
[group_column: ]
[ignore_column: ]
[categorical_feature: ]
[forcedbins_filename: ]
[precise_float_parser: 0]
[parser_config_file: ]
[objective_seed: 15521]
[num_class: 1]
[is_unbalance: 0]
[scale_pos_weight: 1]
[sigmoid: 1]
[boost_from_average: 1]
[reg_sqrt: 0]
[alpha: 0.1]
[fair_c: 1]
[poisson_max_delta_step: 0.7]
[tweedie_variance_power: 1.5]
[lambdarank_truncation_level: 30]
[lambdarank_norm: 1]
[label_gain: ]
[lambdarank_position_bias_regularization: 0]
[eval_at: ]
[multi_error_top_k: 1]
[auc_mu_weights: ]
[num_machines: 1]
[local_listen_port: 12400]
[time_out: 120]
[machine_list_filename: ]
[machines: ]
[gpu_platform_id: -1]
[gpu_device_id: -1]
[gpu_device_id_list: ]
[gpu_use_dp: 0]
[num_gpu: 1]

end of parameters

pandas_categorical:null
