tree
version=v4
num_class=1
num_tree_per_iteration=1
label_index=0
max_feature_idx=33
objective=quantile
feature_names=type_idx country_idx horizon_year cooling buffer scale nearby_500m nearby_2km nearby_highway_2km min_habitat_m habitat_hits habitat_proximity water_hits water_overlap min_water_m min_road_km snow_mm precip_mm gbif_myotis_myotis gbif_meles_meles gbif_castor_fiber gbif_alcedo_atthis gbif_bombina_variegata gbif_alauda_arvensis gbif_podiceps_cristatus gbif_acrocephalus_scirpaceus gbif_lutra_lutra gbif_ciconia_ciconia gbif_cervus_elaphus gbif_count_500m gbif_count_2km gbif_suitability roadkill_intensity_2km roadkill_count_2km
feature_infos=[0:7] [0:2] [2026:2035] [0:1] [0:1] [0.5:1.6744926934588471] none none none [0:181965.11649798346] [0:3] [0:1] [0:3] [0:1] [0:191884.56234530636] none none none none none none none none none none none none none none none none none none none
tree_sizes=2065 2162 2161 2164 2169 2172 2178 2171 2170 2182 2187 2192 2181 2182 2202 2194 2202 2200 2193 2181 2178 2206 2196 2197 2201 2192 2188 2189 2195 2207 2197 2200 2203 2200 2211 2209 2218 2214 2223 2218 2211 2223 2202 2218 2219 2236 2221 2221 2226 2215 2222 2215 2214 2202 2220 2235 2240 2221 2218 2221 2226 2235 2233 2205 2221 2233 2232 2217 2225 2226 2215 2231 2239 2223 2210 2225 2228 2224 2222 2209

Tree=0
num_leaves=24
num_cat=0
split_feature=0 5 0 0 5 0 5 0 0 0 0 5 0 0 0 5 14 0 0 9 9 9 0
split_gain=110.386 49.5491 39.3077 86.6457 12.7194 9.70224 7.79604 6.66695 10.6609 3.50512 4.03699 3.67951 3.37132 7.29106 3.17386 3.00876 2.01875 2.09785 5.38555 1.16883 1.13813 1.33454 1.09753
threshold=6.5000000000000009 0.80229665151842899 1.5000000000000002 1.0000000180025095e-35 0.91580211169285297 5.5000000000000009 1.2414035514114392 4.5000000000000009 5.5000000000000009 5.5000000000000009 4.5000000000000009 0.6641002099169846 3.5000000000000004 4.5000000000000009 3.5000000000000004 1.2567562905963598 16553.249132898152 1.0000000180025095e-35 1.5000000000000002 14725.711979339181 6215.3204271137865 13822.691992603677 3.5000000000000004
decision_type=2 2 2 2 2 2 2 2 2 2 2 2 2 2 2 2 2 2 2 2 2 2 2
left_child=1 9 3 -3 5 12 19 15 -9 10 11 -1 -4 -14 16 20 -13 -18 -19 -5 -6 -22 -17
right_child=-2 2 4 6 7 -7 -8 8 -10 -11 -12 14 13 -15 -16 22 17 18 -20 -21 21 -23 -24
leaf_value=30.994342708587645 30.597656202316283 32.361618137359621 32.105809211730957 31.287343883514403 32.933026504516604 31.529376220703124 31.662598991394042 33.092885208129886 31.88717861175537 31.270311260223387 31.817445278167725 30.978905773162843 31.573421812057497 32.483418178558352 31.381450796127318 33.195352935791014 31.745504760742186 30.905073499679567 31.620155000686644 31.162244272232055 31.533731746673585 32.087512588500978 32.381161499023435
leaf_weight=70 395 340 143 20 25 72 35 273 276 57 44 38 78 58 50 63 39 32 78 288 41 659 26
leaf_count=70 395 340 143 20 25 72 35 273 276 57 44 38 78 58 50 63 39 32 78 288 41 659 26
internal_value=31.6429 31.6464 31.6492 31.639 31.6532 31.6447 31.6213 31.6554 31.6596 31.6303 31.6322 31.6301 31.6489 31.6433 31.6331 31.6525 31.6361 31.6387 31.6352 31.6187 31.6515 31.6511 31.6612
internal_weight=3200 2805 2397 683 1714 351 343 1363 549 408 351 307 279 136 237 814 187 149 110 308 725 700 89
internal_count=3200 2805 2397 683 1714 351 343 1363 549 408 351 307 279 136 237 814 187 149 110 308 725 700 89
is_linear=0
shrinkage=1


Tree=1
num_leaves=24
num_cat=0
split_feature=4 5 5 5 5 11 9 5 9 9 14 9 5 5 9 14 9 9 14 9 14 9 14
split_gain=225.884 33.3962 8.50556 5.65654 3.61111 1.89951 1.68177 1.55089 1.62807 2.3452 1.55023 1.39062 1.33474 1.33061 1.28826 1.12 1.60714 1.10848 1.03111 1.1139 1.0125 2.59358 2.00057
threshold=1.0000000180025095e-35 0.81129936193001229 1.0032139549102579 1.3139262358533974 0.7234857934403881 0.26505544460844604 10339.972359933383 1.2318911036196878 29463.421513361976 31175.651318285625 3317.7473225239532 102496.77759756435 1.0091626165117489 0.90257202809536718 43353.747382858528 82708.367267619833 18806.87290262627 30649.342567377967 446.73387348279363 39606.007584924839 47413.471009646826 85976.227144999633 23643.978023400861
decision_type=2 2 2 2 2 2 2 2 2 2 2 2 2 2 2 2 2 2 2 2 2 2 2
left_child=1 4 6 5 11 13 -3 8 -4 -10 17 -1 -11 -2 -9 16 -6 -8 -14 -20 21 22 -21
right_child=3 2 7 -5 15 -7 10 14 9 12 -12 -13 18 -15 -16 -17 -18 -19 19 20 -22 -23 -24
leaf_value=-0.28403710842132562 -0.93916141510009765 0.72992835044860849 0.85258179426193237 0.043171823024749756 0.099440600872039833 -0.25973146677017217 -0.07530542373657223 0.914879689216614 -0.17900178194046018 0.67659570693969728 0.25763621330261233 -0.013123787641525199 0.30990208625793464 -0.8154440760612488 1.3339031982421876 0.16545619487762445 -0.1074939095973968 0.27533781051635736 0.83403263807296746 0.81862039089202876 0.58881988048553457 -0.089651367664337123 0.32333700180053704
leaf_weight=125 296 31 250 28 28 26 25 108 27 27 708 20 29 620 105 35 112 39 114 48 289 23 87
leaf_count=125 296 31 250 28 28 26 25 108 27 27 708 20 29 620 105 35 112 39 114 48 289 23 87
internal_value=-0.00021875 0.0085426 0.0110471 -0.0203608 -0.00640625 -0.0210191 0.00712951 0.0138889 0.0129754 0.011646 0.00667098 -0.0122414 0.0122771 -0.0213974 0.017723 -0.00157143 -0.00357143 -0.00078125 0.0117797 0.0122549 0.0111298 0.00791139 0.0105556
internal_weight=3200 2230 1910 970 320 942 803 1107 894 644 772 145 617 916 213 175 140 64 590 561 447 158 135
internal_count=3200 2230 1910 970 320 942 803 1107 894 644 772 145 617 916 213 175 140 64 590 561 447 158 135
is_linear=0
shrinkage=0.05


Tree=2
num_leaves=24
num_cat=0
split_feature=4 0 0 0 5 0 5 0 0 5 5 0 5 5 5 0 0 0 0 5 0 14 5
split_gain=212.325 134.952 44.4833 113.982 45.4307 13.1559 7.1465 6.85908 34.7524 12.8668 6.21821 6.65389 5.30453 4.90596 4.55392 4.08224 15.1154 2.4907 6.10204 1.23107 1.3232 1.02904 0.962215
threshold=1.0000000180025095e-35 6.5000000000000009 1.5000000000000002 1.0000000180025095e-35 0.83355863158709254 3.5000000000000004 0.68410257159097154 4.5000000000000009 5.5000000000000009 0.9289115094026722 0.93049508535914782 3.5000000000000004 1.2318911036196878 1.2567562905963598 0.74913494031657268 5.5000000000000009 4.5000000000000009 5.5000000000000009 4.5000000000000009 1.0049845388926539 3.5000000000000004 14787.424755897055 0.85013764608527798
decision_type=2 2 2 2 2 2 2 2 2 2 2 2 2 2 2 2 2 2 2 2 2 2 2
left_child=1 2 3 14 5 6 -4 12 9 22 11 -6 -2 -5 -1 16 -7 18 -13 20 -12 -22 -9
right_child=7 -3 4 13 10 15 -8 8 -10 -11 19 17 -14 -15 -16 -17 -18 -19 -20 -21 21 -23 -24
leaf_value=0.02195461949706088 -0.60711131000518803 -0.94624000072479242 -0.076004035711288331 -0.41631788587570179 0.5247535634040833 -0.2058848922550677 0.28071364641189583 -0.22065651798248301 -1.4253932031765579 0.3421114867925642 0.72624715805053719 -0.0007774412631988526 -0.15982280611991886 0.00041063880920404476 0.78286517858505256 -0.2511946146786212 0.55076584792137151 -0.046111886501312149 1.0340698313713073 0.90425855314731596 0.10659128427505493 0.24375088930129998 -0.050217465400695896
leaf_weight=24 565 274 26 257 99 66 67 21 240 69 94 52 52 24 269 50 31 39 46 684 23 105 23
leaf_count=24 565 274 26 257 99 66 67 21 240 69 94 52 52 24 269 50 31 39 46 684 23 105 23
internal_value=-0.000265625 0.0082287 0.0128323 0.0011324 0.0176918 -0.00208333 0.0126344 -0.0197938 -0.0142351 0.00862832 0.0218476 0.0146186 -0.0229741 -0.0216192 0.0229522 -0.0113946 -0.00541237 0.00748175 0.0117347 0.0237307 0.0204955 0.0171875 -0.0125
internal_weight=3200 2230 1956 574 1382 240 93 970 353 113 1142 236 617 281 293 147 97 137 98 906 222 128 44
internal_count=3200 2230 1956 574 1382 240 93 970 353 113 1142 236 617 281 293 147 97 137 98 906 222 128 44
is_linear=0
shrinkage=0.05


Tree=3
num_leaves=24
num_cat=0
split_feature=4 5 5 5 5 9 5 14 9 14 5 1 5 14 9 5 9 5 9 9 5 14 9
split_gain=210.629 32.2043 8.945 5.59055 2.74184 1.86101 1.81896 1.65222 1.6244 1.25562 1.10958 1.08812 1.40543 1.07938 1.40833 1.05164 1.44922 1.08614 0.964319 1.15351 0.904712 0.934553 0.870354
threshold=1.0000000180025095e-35 0.80229665151842899 1.0032139549102579 1.1989917068525389 0.7234857934403881 10339.972359933383 1.3139262358533974 3317.7473225239532 3686.8949695213191 53708.588588725965 0.90257202809536718 1.5000000000000002 0.62638328471186322 87556.054402338064 18806.87290262627 1.2318911036196878 27229.389919486221 1.0091626165117489 18404.674544820617 13541.841930171619 1.2186379447083537 446.73387348279363 40262.117122566422
decision_type=2 2 2 2 2 2 2 2 2 2 2 2 2 2 2 2 2 2 2 2 2 2 2
left_child=1 4 5 8 11 -3 9 -7 -2 -5 -10 12 -1 14 -6 16 -4 -18 19 -9 21 -19 -17
right_child=3 2 15 6 13 7 -8 18 10 -11 -12 -13 -14 -15 -16 22 17 20 -20 -21 -22 -23 -24
leaf_value=-0.36248862253427494 -0.22663863617386665 0.67939625060558306 0.76276015166640299 -0.73292202992849065 0.087508058471232622 -0.022806213753670423 0.049004372179508239 0.084232107043266072 -0.86170996207203709 -0.43406186515297751 -0.73942337079457943 -0.29348481944650401 -0.17487491420358411 0.21945673763752005 -0.0977499352440237 0.82889269344210659 0.60582390987873047 0.28696867911219609 0.20951197218894946 0.37062659800052633 0.29065714274048793 0.53707051410377005 1.1993733836829663
leaf_weight=37 24 31 225 57 24 66 28 21 296 26 539 27 81 27 96 96 27 32 676 37 26 584 117
leaf_count=37 24 31 225 57 24 66 28 21 296 26 539 27 81 27 96 96 27 32 676 37 26 584 117
internal_value=-0.00034375 0.00811659 0.0104489 -0.0197938 -0.00736301 0.00652828 -0.00923423 0.0060625 -0.0211583 -0.0129518 -0.0215269 -0.0122414 -0.0101695 -0.00255102 -0.00458333 0.0133921 0.0126398 0.0114723 0.00674387 0.012931 0.0110592 0.0114448 0.0165493
internal_weight=3200 2230 1938 970 292 831 111 800 859 83 835 145 118 147 120 1107 894 669 734 58 642 616 213
internal_count=3200 2230 1938 970 292 831 111 800 859 83 835 145 118 147 120 1107 894 669 734 58 642 616 213
is_linear=0
shrinkage=0.05


Tree=4
num_leaves=24
num_cat=0
split_feature=4 0 0 0 5 0 5 5 0 0 5 5 0 0 0 5 0 5 0 0 5 5 0
split_gain=194.444 131.84 43.8308 117.651 40.5373 13.0001 6.28422 6.2715 6.57045 29.0986 10.3654 5.83425 7.8208 3.86041 12.9638 3.69007 3.42335 3.19489 3.11757 7.77614 1.62523 1.41359 2.15111
threshold=1.0000000180025095e-35 6.5000000000000009 1.5000000000000002 1.0000000180025095e-35 0.83355863158709254 3.5000000000000004 0.68410257159097154 1.1868812869523457 4.5000000000000009 5.5000000000000009 0.9271021753105757 0.94318421421667897 3.5000000000000004 5.5000000000000009 4.5000000000000009 0.74913494031657268 5.5000000000000009 1.2707031396532262 4.5000000000000009 5.5000000000000009 0.77541647292177396 1.0407689687275135 5.5000000000000009
decision_type=2 2 2 2 2 2 2 2 2 2 2 2 2 2 2 2 2 2 2 2 2 2 2
left_child=1 2 3 15 5 6 -4 8 -2 10 -10 12 -6 14 20 -1 -9 -5 -14 -20 -7 22 -13
right_child=7 -3 4 17 11 13 -8 16 9 -11 -12 21 18 -15 -16 -17 -18 -19 19 -21 -22 -23 -24
leaf_value=0.034290976940654264 -0.54171527287616861 -0.92176758795134717 -0.060494840584471632 -0.41069791400782751 0.50968306692838683 -0.25421788875140239 0.25785784199409195 -0.099976549305710982 -0.077693432131307291 -1.3659173206235189 0.28627021758934479 0.67366417667269696 -0.015223861670494188 -0.23657794993732112 0.5319713012354822 0.73287705835103978 -0.76127426188619818 -0.057125902708471094 0.9791579063773157 -0.038983285820484076 -0.060521280970312577 0.91933403072498732 0.13409605463743191
leaf_weight=24 534 274 26 260 114 40 67 99 42 215 55 225 55 50 31 269 25 21 55 42 26 576 75
leaf_count=24 534 274 26 260 114 40 67 99 42 215 55 225 55 50 31 269 25 21 55 42 26 576 75
internal_value=-0.00028125 0.00784753 0.0123978 0.000783972 0.0172214 -0.00145833 0.013172 -0.0189691 -0.0205083 -0.0147436 0.00798969 0.0211471 0.0146617 -0.0107143 -0.00489691 0.0229522 -0.00846774 -0.022331 0.00723684 0.0126289 -0.0174242 0.0231164 0.0203333
internal_weight=3200 2230 1956 574 1382 240 93 970 846 312 97 1142 266 147 97 293 124 281 152 97 66 876 300
internal_count=3200 2230 1956 574 1382 240 93 970 846 312 97 1142 266 147 97 293 124 281 152 97 66 876 300
is_linear=0
shrinkage=0.05


Tree=5
num_leaves=24
num_cat=0
split_feature=4 0 0 0 5 0 5 5 0 0 5 5 0 5 0 0 0 0 0 5 5 5 5
split_gain=188.989 130.026 41.9226 115.847 38.9823 12.0622 6.08816 5.96453 5.82349 28.1964 10.0932 5.72552 9.05727 4.47974 3.42335 3.42218 12.9638 3.16421 7.51194 3.13457 2.7242 2.32259 1.62523
threshold=1.0000000180025095e-35 6.5000000000000009 1.5000000000000002 1.0000000180025095e-35 0.83355863158709254 3.5000000000000004 1.1868812869523457 0.68410257159097154 4.5000000000000009 5.5000000000000009 0.9289115094026722 1.0407689687275135 3.5000000000000004 0.74913494031657268 5.5000000000000009 5.5000000000000009 4.5000000000000009 4.5000000000000009 5.5000000000000009 1.2707031396532262 0.94741581648001161 0.94504317227432166 0.77541647292177396
decision_type=2 2 2 2 2 2 2 2 2 2 2 2 2 2 2 2 2 2 2 2 2 2 2
left_child=1 2 3 13 5 7 8 -4 -2 10 -10 12 -6 -1 -8 16 22 21 -19 -5 -20 -14 -7
right_child=6 -3 4 19 11 15 14 -9 9 -11 -12 -13 17 -15 -16 -17 -18 18 20 -21 -22 -23 -24
leaf_value=0.032576428093621601 -0.51462950923236028 -0.8756792085537799 -0.057470098555248053 -0.39016301830743622 0.56518583415560431 -0.2415069943138323 -0.094977721840425397 0.24496494989438738 -0.056738856131434902 -1.2976214545923428 0.2777909047079245 0.87336732918873783 -0.014462668586969585 0.69623320543348799 -0.72321054879188829 -0.22474905244045509 0.50537273617370815 1.0670293999153377 -0.037034121529459799 -0.054269607573047551 0.1273912519055603 0.10300028820186853 -0.057495216921796911
leaf_weight=24 534 274 26 260 230 40 99 67 44 215 53 576 55 269 25 50 31 106 42 21 75 58 26
leaf_count=24 534 274 26 260 230 40 99 67 44 215 53 576 55 269 25 50 31 106 42 21 75 58 26
internal_value=-0.000390625 0.00762332 0.0121421 0.000783972 0.0168596 -0.00145833 -0.0188144 0.0126344 -0.020331 -0.0149038 0.00747423 0.0207093 0.0171378 0.0227816 -0.00846774 -0.0103741 -0.00489691 0.0119048 0.0153587 -0.022153 0.00662393 0.0050885 -0.0174242
internal_weight=3200 2230 1956 574 1382 240 970 93 846 312 97 1142 566 293 124 147 97 336 223 281 117 113 66
internal_count=3200 2230 1956 574 1382 240 970 93 846 312 97 1142 566 293 124 147 97 336 223 281 117 113 66
is_linear=0
shrinkage=0.05


Tree=6
num_leaves=24
num_cat=0
split_feature=4 0 0 0 0 0 0 0 0 11 9 9 9 14 14 9 9 0 14 9 9 0 0
split_gain=178.064 128.764 39.3562 110.481 14.0778 7.26613 14.9998 5.90561 35.9143 2.55279 1.88312 1.84176 1.52186 1.45241 1.33599 1.05326 1.04464 0.810378 0.788115 0.711111 0.628912 0.519464 0.79962
threshold=1.0000000180025095e-35 6.5000000000000009 1.5000000000000002 1.0000000180025095e-35 3.5000000000000004 4.5000000000000009 5.5000000000000009 5.5000000000000009 4.5000000000000009 0.044665920879483081 35540.423942710266 10339.972359933383 38374.317052254228 47050.539155846884 62601.16282360068 101536.44642296624 14725.711979339181 3.5000000000000004 43518.756093386022 46205.622142632747 85577.895069765436 1.5000000000000002 1.0000000180025095e-35
decision_type=2 2 2 2 2 2 2 2 2 2 2 2 2 2 2 2 2 2 2 2 2 2 2
left_child=1 2 3 -1 -4 10 -7 8 9 17 18 -8 -12 19 -15 -13 -5 21 -6 -14 -16 22 -2
right_child=7 -3 4 16 5 6 11 -9 -10 -11 12 15 13 14 20 -17 -18 -19 -20 -21 -22 -23 -24
leaf_value=0.62387653173407931 -0.28055163749701856 -0.83189524812609084 0.63402930731425045 -0.27099696158553765 0.11423734108472949 1.2756162232110704 0.3403637679056335 -1.1937378893007893 0.19279044333483278 -0.09589973815925 -0.03524088984347884 0.081919663878387006 0.047647213688729199 -0.077541686352267908 0.11541638249538835 0.090827880659352905 -0.34599014898713049 -0.83911621459967967 0.12197356716657773 0.10721011892820496 0.0042934882082789729 -0.27489670562805762 -1.3969389511199999
leaf_weight=293 98 274 551 21 73 262 20 240 113 21 20 228 24 25 35 38 260 119 21 36 49 262 117
leaf_count=293 98 274 551 21 73 262 20 240 113 21 20 228 24 25 35 38 260 119 21 36 49 262 117
internal_value=-0.0003125 0.00746637 0.0119632 0.000958188 0.016534 0.0124248 0.0157847 -0.0181959 -0.0159589 -0.020705 0.00591873 0.00786713 0.00304233 0.0045858 0.00114679 0.00676692 -0.0214413 -0.0213087 0.0117021 0.0108333 0.00416667 -0.0203878 -0.0222093
internal_weight=3200 2230 1956 574 1382 831 548 970 730 617 283 286 189 169 109 266 281 596 94 60 84 477 215
internal_count=3200 2230 1956 574 1382 831 548 970 730 617 283 286 189 169 109 266 281 596 94 60 84 477 215
is_linear=0
shrinkage=0.05


Tree=7
num_leaves=24
num_cat=0
split_feature=0 5 0 0 5 0 0 0 5 0 0 0 5 5 0 0 5 5 0 0 0 5 14
split_gain=106.791 48.9686 33.4166 81.7835 9.99466 7.27286 10.5096 8.90422 5.31386 5.95743 6.06284 4.848 3.88354 2.76795 2.44111 4.41292 2.33402 1.97398 1.59114 5.467 2.15414 1.39634 1.64533
threshold=6.5000000000000009 0.84443589120776641 1.5000000000000002 1.0000000180025095e-35 1.0847078486973174 5.5000000000000009 4.5000000000000009 3.5000000000000004 0.75321958696535429 1.0000000180025095e-35 1.5000000000000002 5.5000000000000009 1.1109203529368898 0.94741581648001161 4.5000000000000009 3.5000000000000004 0.89960535725108992 0.80229665151842899 4.5000000000000009 5.5000000000000009 3.5000000000000004 1.2146241262485249 26308.611698708122
decision_type=2 2 2 2 2 2 2 2 2 2 2 2 2 2 2 2 2 2 2 2 2 2 2
left_child=1 8 3 -3 5 6 7 -4 -1 -10 -11 14 -5 -7 15 17 -9 -12 20 -20 21 22 -6
right_child=-2 2 4 12 18 13 -8 16 9 10 11 -13 -14 -15 -16 -17 -18 -19 19 -21 -22 -23 -24
leaf_value=-0.33476268326935643 -0.83954161677163952 0.55947283370520651 0.41647823634815107 -0.43382527878979182 0.60607170228531082 -0.10634730924566115 0.80995245738015675 -0.061677333024259977 0.15591559935236107 -0.59335661682233554 -0.12597745818381531 -0.1679261234519947 -0.14027164618821786 0.028708543030425561 0.43437290928794497 -0.14252608062584482 0.004078813797865166 0.26004552003936771 1.4779624865739565 0.21209721997399475 0.16173310515539241 1.1142642317813398 0.76195961956304936
leaf_weight=260 395 311 392 230 58 59 185 42 44 46 47 42 91 141 30 50 159 46 136 124 116 90 106
leaf_count=260 395 311 392 230 58 59 185 42 44 46 47 42 91 141 30 50 159 46 136 124 116 90 106
internal_value=-0.00040625 0.00302139 0.00633929 -0.0034019 0.0101679 0.00700409 0.00919023 0.00594435 -0.0101327 -0.00565574 -0.0085249 -0.005 -0.0211059 -0.0015 -0.00130058 -0.00402098 -0.00261194 0.00241935 0.0150794 0.0180769 0.012973 0.0155512 0.0128049
internal_weight=3200 2805 2240 632 1608 978 778 593 565 305 261 215 321 200 173 143 201 93 630 260 370 254 164
internal_count=3200 2805 2240 632 1608 978 778 593 565 305 261 215 321 200 173 143 201 93 630 260 370 254 164
is_linear=0
shrinkage=0.05


Tree=8
num_leaves=24
num_cat=0
split_feature=4 0 5 0 0 0 5 5 0 0 5 0 0 0 5 0 0 5 0 0 5 0 0
split_gain=188.827 127.866 38.8 40.2137 96.5489 8.70669 13.5151 6.63969 5.00942 10.7396 4.88547 4.28976 5.0601 5.16621 4.21148 4.20377 18.1636 8.0702 3.41386 6.97233 3.40486 2.86171 7.76261
threshold=1.0000000180025095e-35 6.5000000000000009 0.78607608646947869 1.5000000000000002 1.0000000180025095e-35 3.5000000000000004 0.91315938419649056 1.13588926251181 5.5000000000000009 4.5000000000000009 1.1319544885206194 5.5000000000000009 4.5000000000000009 3.5000000000000004 1.0847078486973174 4.5000000000000009 5.5000000000000009 0.95731452100492431 1.5000000000000002 1.0000000180025095e-35 0.68410257159097154 5.5000000000000009 4.5000000000000009
decision_type=2 2 2 2 2 2 2 2 2 2 2 2 2 2 2 2 2 2 2 2 2 2 2
left_child=1 2 11 4 -4 -5 21 15 9 -9 -6 12 13 18 -8 -2 17 -17 19 -1 -20 22 -7
right_child=7 -3 3 5 10 6 14 8 -10 -11 -12 -13 -14 -15 -16 16 -18 -19 20 -21 -22 -23 -24
leaf_value=0.10149208293310288 -0.50569948225944616 -0.74832340488120419 0.6057954157354154 0.64798618163132715 -0.33197610794496413 -0.029136818941449063 0.18116817070698232 -0.14547133896208103 -0.94728441496705718 0.4922472578989634 -0.069159841921123372 -0.23726494683917176 0.36676011785797158 -0.20573414461695841 0.50680870292875768 -0.083992856641398647 -1.092073913997168 0.20148634224697251 -0.069559924829730238 -0.59393583735947031 0.100837695481321 -0.066586469967460191 0.67615660453749737
leaf_weight=33 489 274 260 487 185 58 311 128 48 23 60 38 25 45 270 52 192 38 26 36 38 47 37
leaf_count=33 489 274 260 487 185 58 311 128 48 23 60 38 25 45 270 52 192 38 26 36 38 47 37
internal_value=-0.00065625 0.00735426 0.0118354 0.0144752 0.00262376 0.0194215 0.0159405 -0.0190722 -0.0109296 -0.00645695 -0.019898 -0.00695021 -0.00406404 -0.00702247 0.0193201 -0.0211738 -0.0163121 0.00222222 -0.00206767 -0.00978261 0.00625 0.00211268 0.00710526
internal_weight=3200 2230 1956 1715 505 1210 723 970 199 151 245 241 203 178 581 771 282 90 133 69 64 142 95
internal_count=3200 2230 1956 1715 505 1210 723 970 199 151 245 241 203 178 581 771 282 90 133 69 64 142 95
is_linear=0
shrinkage=0.05


Tree=9
num_leaves=24
num_cat=0
split_feature=4 0 5 0 0 0 5 5 0 0 0 0 0 5 0 0 5 0 0 0 0 5 0
split_gain=180.339 125.547 39.2837 38.0475 89.4256 7.55589 8.73835 6.95857 6.09682 5.35857 6.17832 7.08039 10.3795 5.05552 4.63287 10.5147 4.42934 3.5987 9.05022 3.48248 17.4298 6.90586 2.41429
threshold=1.0000000180025095e-35 6.5000000000000009 0.83355863158709254 1.5000000000000002 1.0000000180025095e-35 3.5000000000000004 1.044047398982596 1.13588926251181 5.5000000000000009 4.5000000000000009 3.5000000000000004 1.5000000000000002 1.0000000180025095e-35 0.68410257159097154 5.5000000000000009 4.5000000000000009 1.1319544885206194 4.5000000000000009 5.5000000000000009 4.5000000000000009 5.5000000000000009 0.96142143104897726 3.5000000000000004
decision_type=2 2 2 2 2 2 2 2 2 2 2 2 2 2 2 2 2 2 2 2 2 2 2
left_child=1 2 8 4 -4 -5 17 19 9 10 11 12 -1 -13 15 22 -6 -7 -19 -2 21 -21 -9
right_child=7 -3 3 5 16 6 -8 14 -10 -11 -12 13 -14 -15 -16 -17 -18 18 -20 20 -22 -23 -24
leaf_value=0.10341045276973536 -0.48041450814647391 -0.710907234637144 0.6380621278026084 0.64155781126762579 -0.29859185802116656 0.037926990804556485 0.43060234282337062 -0.095134497200778337 -0.19071671631973006 0.41472341647503796 -0.14492376662156267 -0.066081928588243785 -0.5447094977856195 0.18168797280146337 -0.89992019421870428 0.46763489500401506 -0.065701849825067174 0.90344039512419738 0.040360895269174704 -0.076250449066436771 -1.0374702182973097 0.19374536302267203 -0.71674291569705084
leaf_weight=55 489 274 238 458 173 117 340 101 50 31 66 26 48 67 48 23 60 107 120 53 192 37 27
leaf_count=55 489 274 238 458 173 117 340 101 50 31 66 26 48 67 48 23 60 107 120 53 192 37 27
internal_value=-0.000765625 0.00706278 0.0115031 0.0147706 0.00281316 0.0197023 0.0163743 -0.0187629 -0.00386297 -0.00110922 -0.00343511 0.00102041 -0.00800971 0.0110215 -0.0104271 -0.00612583 -0.019206 0.0107558 0.0144273 -0.0209144 -0.0164894 0.00166667 -0.0117188
internal_weight=3200 2230 1956 1613 471 1142 684 970 343 293 262 196 103 93 199 151 233 344 227 771 282 90 128
internal_count=3200 2230 1956 1613 471 1142 684 970 343 293 262 196 103 93 199 151 233 344 227 771 282 90 128
is_linear=0
shrinkage=0.05


Tree=10
num_leaves=24
num_cat=0
split_feature=4 0 0 0 0 0 0 0 0 11 9 9 9 14 14 14 9 9 0 3 9 9 9
split_gain=175.704 124.13 34.7461 95.2479 16.377 8.43368 17.9538 4.87728 27.1908 2.55279 2.30814 1.3466 1.44155 2.05053 1.18208 0.998183 0.982093 0.856461 0.810378 0.788304 0.853811 0.756019 0.56391
threshold=1.0000000180025095e-35 6.5000000000000009 1.5000000000000002 1.0000000180025095e-35 3.5000000000000004 4.5000000000000009 5.5000000000000009 5.5000000000000009 4.5000000000000009 0.044665920879483081 10339.972359933383 35540.423942710266 40013.561130474824 44602.78450937353 26632.198794214808 62601.16282360068 30065.605245205828 47729.342487735128 3.5000000000000004 1.0000000180025095e-35 78689.615312106165 14725.711979339181 101536.44642296624
decision_type=2 2 2 2 2 2 2 2 2 2 2 2 2 2 2 2 2 2 2 2 2 2 2
left_child=1 2 3 -1 -4 11 -7 8 9 18 -8 16 -13 -14 -10 -15 -6 -16 -2 20 -17 -5 -12
right_child=7 -3 4 21 5 6 10 -9 14 -11 22 12 13 15 17 19 -18 -19 -20 -21 -22 -23 -24
leaf_value=0.50251618628521411 -0.31866513768930194 -0.67536187290528682 0.51702673048618308 -0.22914896356489045 0.068770079914680524 1.1053289230044872 0.2692263388129334 -0.9855967073824442 0.19285964440317596 -0.069772693416251919 0.057430474857465885 -0.04487681672178763 0.065450415369162768 -0.063035998084481903 -0.036294756752439032 0.070013675226151054 0.14904630524014575 0.12752085370858968 -0.74784139130610672 0.083203176409137047 -0.016029623685345308 -0.27799355630976202 0.072057734615427013
leaf_weight=293 477 274 551 21 68 262 20 240 38 21 228 30 50 25 31 20 26 44 119 26 38 260 38
leaf_count=293 477 274 551 21 68 262 20 240 38 21 228 30 50 25 31 20 26 44 119 26 38 260 38
internal_value=-0.00084375 0.00688341 0.0112986 0.000958188 0.0155933 0.0111613 0.014781 -0.0186082 -0.0165753 -0.020705 0.00611888 0.00415194 0.00171958 0.00361635 0.00597345 -0.000229358 0.00904255 0.00233333 -0.0213087 0.00238095 -0.000862069 -0.0198399 0.00488722
internal_weight=3200 2230 1956 574 1382 831 548 970 730 617 286 283 189 159 113 109 94 75 596 84 58 281 266
internal_count=3200 2230 1956 574 1382 831 548 970 730 617 286 283 189 159 113 109 94 75 596 84 58 281 266
is_linear=0
shrinkage=0.05


Tree=11
num_leaves=24
num_cat=0
split_feature=4 0 5 0 0 0 5 5 0 0 5 5 5 5 0 0 0 0 0 0 11 5 0
split_gain=164.248 121.146 44.4035 36.3149 81.4909 11.3212 11.326 8.57955 7.01754 14.7011 5.13244 4.83517 3.88396 3.51076 3.96656 4.94369 4.34757 3.63268 5.68089 3.45327 2.73266 2.58973 2.48525
threshold=1.0000000180025095e-35 6.5000000000000009 0.78607608646947869 1.5000000000000002 1.0000000180025095e-35 3.5000000000000004 0.91315938419649056 1.0768515561198984 5.5000000000000009 4.5000000000000009 1.0628130287635416 1.0871421772174437 0.85380591520152427 0.62638328471186322 5.5000000000000009 4.5000000000000009 3.5000000000000004 1.5000000000000002 1.0000000180025095e-35 3.5000000000000004 0.19463172378607335 1.2186379447083537 4.5000000000000009
decision_type=2 2 2 2 2 2 2 2 2 2 2 2 2 2 2 2 2 2 2 2 2 2 2
left_child=1 2 13 4 12 -5 -7 20 9 19 -6 -8 -4 -1 15 16 17 18 -15 21 22 -9 -2
right_child=7 -3 3 5 10 6 11 8 -10 -11 -12 -13 -14 14 -16 -17 -18 -19 -20 -21 -22 -23 -24
leaf_value=-0.32733838043349234 -0.45035515545327709 -0.64159377926002237 0.094540929220432807 0.55765764546207064 -0.31609127113121033 0.014143076131758648 0.15730096891534801 -0.10755164319893007 -0.79952176574261147 0.37287136483239891 -0.071537496910579534 0.4959998712244385 0.60647565576005613 0.073114120816987871 -0.20174448491764041 0.3509574281250018 -0.17010899539017307 0.041177663024703298 -0.51149564952158277 -0.65071739973221165 -0.15541974695360797 0.031025225369926801 -0.53589753346305058
leaf_weight=41 408 274 35 487 138 142 318 110 76 34 107 263 225 29 34 20 38 49 30 41 21 43 237
leaf_count=41 408 274 35 487 138 142 318 110 76 34 107 263 225 29 34 20 38 49 30 41 21 43 237
internal_value=-0.00096875 0.00650224 0.010864 0.013688 0.00242574 0.0183884 0.0144191 -0.0181443 -0.0111842 -0.00679825 -0.0182653 0.0175129 0.0219231 -0.00923237 -0.0065 -0.00331325 -0.00650685 -0.00138889 -0.00974576 -0.0121134 -0.0213213 -0.00866013 -0.0218992
internal_weight=3200 2230 1956 1715 505 1210 723 970 304 228 245 581 260 241 200 166 146 108 59 194 666 153 645
internal_count=3200 2230 1956 1715 505 1210 723 970 304 228 245 581 260 241 200 166 146 108 59 194 666 153 645
is_linear=0
shrinkage=0.05


Tree=12
num_leaves=24
num_cat=0
split_feature=4 5 5 5 5 11 9 14 5 5 2 5 3 5 5 9 5 9 5 5 5 14 9
split_gain=157.887 35.2591 9.02545 8.46966 5.15047 3.30216 3.28046 2.43787 2.09451 1.97798 1.73815 1.88861 1.70677 1.62286 1.49647 1.49868 1.18542 1.17687 1.18991 1.09678 1.07699 0.989238 1.33138
threshold=1.0000000180025095e-35 0.91131576306078255 0.7234857934403881 1.1271418355183351 1.1220565289214759 0.19463172378607335 10864.541113782505 1402.6735795699062 0.81129936193001229 1.0032139549102579 2032.5000000000002 0.91902520044494873 1.0000000180025095e-35 0.89960535725108992 1.3139262358533974 18806.87290262627 0.54576143745242633 29714.669287288703 1.0091626165117489 0.96142143104897726 0.98408225929660487 83413.98925132156 42584.733088647845
decision_type=2 2 2 2 2 2 2 2 2 2 2 2 2 2 2 2 2 2 2 2 2 2 2
left_child=1 2 16 5 6 13 -3 12 21 10 11 -9 -8 -2 15 -5 -1 -11 -19 -12 -21 22 -4
right_child=3 4 8 14 -6 -7 7 9 -10 17 19 -13 -14 -15 -16 -17 -18 18 -20 20 -22 -23 -24
leaf_value=-0.36944105929183957 -0.51045461796124292 0.56953037796532546 -0.019961204655111864 0.0055060209841332865 0.64971287895996765 -0.036033517015140147 0.15548801304068577 0.40309457880209121 0.036106800000579753 0.42550743106345518 0.16498168300849053 0.069492976546553106 -0.1620680892776182 -0.37771842508009484 0.054756936492914493 -0.36419936919653645 -0.18420849180675791 0.3272672636444387 0.17903034047755215 0.51652306109249757 0.2610154029419624 0.055820261125638031 -0.10525330188312375
leaf_weight=22 294 49 82 28 548 24 54 21 356 95 69 246 21 443 28 153 123 27 362 26 36 34 59
leaf_count=22 294 49 82 28 548 24 54 21 356 95 69 246 21 443 28 153 123 27 362 26 36 34 59
internal_value=-0.00104688 0.00627803 -0.00325444 -0.0178866 0.0104247 -0.0203351 0.0083002 0.00765413 -0.000235405 0.00839002 0.00577889 0.00346442 -0.001 -0.0209294 -0.00897129 -0.0106354 -0.0143103 0.0105372 0.00931877 0.0104962 0.0153226 -0.00471429 -0.00656028
internal_weight=3200 2230 676 970 1554 761 1006 957 531 882 398 267 75 737 209 181 145 484 389 131 62 175 141
internal_count=3200 2230 676 970 1554 761 1006 957 531 882 398 267 75 737 209 181 145 484 389 131 62 175 141
is_linear=0
shrinkage=0.05


Tree=13
num_leaves=24
num_cat=0
split_feature=4 0 0 0 0 0 0 0 0 9 11 0 9 9 14 14 0 0 14 1 2 14 14
split_gain=148.768 118.715 32.389 88.1371 16.5402 8.66963 18.5243 6.82627 31.7769 2.6132 2.15878 1.55755 1.34453 1.15404 1.70357 1.1327 1.11887 1.42155 0.902099 0.894089 0.8067 0.80028 0.927079
threshold=1.0000000180025095e-35 6.5000000000000009 1.5000000000000002 1.0000000180025095e-35 3.5000000000000004 4.5000000000000009 5.5000000000000009 5.5000000000000009 4.5000000000000009 10339.972359933383 0.044665920879483081 3.5000000000000004 35540.423942710266 40013.561130474824 44602.78450937353 14787.424755897055 1.5000000000000002 1.0000000180025095e-35 26632.198794214808 1.0000000180025095e-35 2028.0000000000002 62601.16282360068 100994.72393987076
decision_type=2 2 2 2 2 2 2 2 2 2 2 2 2 2 2 2 2 2 2 2 2 2 2
left_child=1 2 3 -1 -4 12 -7 8 10 -8 11 16 15 -14 19 -6 17 -2 -10 -15 -20 -16 -23
right_child=7 -3 4 -5 5 6 9 -9 18 -11 -12 -13 13 14 21 -17 -18 -19 20 -21 -22 22 -24
leaf_value=0.438817510032526 -0.19642514968235708 -0.61978493957771219 0.44628387395725294 -0.25129940472082934 0.032585873149960067 1.0257380868113126 0.2109559819705254 -0.90537173662849568 0.19861511348921523 0.038293661970235961 -0.042020555331488123 -0.66821708601285756 -0.053656992634900383 0.078544656518141673 -0.074240315238182572 0.079027288448031821 -0.18889420557760683 -1.1996158451596839 0.15339816554958166 0.031394323741645989 0.045248296274453641 0.053926879091269697 -0.017021727416613786
leaf_weight=293 98 274 551 281 38 262 20 240 38 266 21 119 30 21 25 56 262 117 23 29 52 47 37
leaf_count=293 98 274 551 281 38 262 20 240 38 266 21 119 30 21 25 56 262 117 23 29 52 47 37
internal_value=-0.000921875 0.00618834 0.0105061 0.000522648 0.0146527 0.0101986 0.0138686 -0.017268 -0.014863 0.00506993 -0.0193274 -0.0198826 0.00309187 0.000661376 0.00235849 0.00797872 -0.0186059 -0.0212791 0.00951327 0.01 0.00633333 -0.00114679 0.00119048
internal_weight=3200 2230 1956 574 1382 831 548 970 730 286 617 596 283 189 159 94 477 215 113 50 75 109 84
internal_count=3200 2230 1956 574 1382 831 548 970 730 286 617 596 283 189 159 94 477 215 113 50 75 109 84
is_linear=0
shrinkage=0.05


Tree=14
num_leaves=24
num_cat=0
split_feature=4 0 5 0 0 5 5 0 0 0 5 0 5 0 0 0 0 0 5 0 0 0 0
split_gain=143.888 116.139 46.9458 30.989 75.4595 9.99552 9.92173 8.68531 12.8499 6.27147 6.05789 4.80833 4.24974 4.04745 9.56322 7.15414 3.37938 15.4441 5.24382 2.88805 7.95353 2.51683 2.29722
threshold=1.0000000180025095e-35 6.5000000000000009 0.87497822591249685 1.5000000000000002 1.0000000180025095e-35 1.0768515561198984 0.76370294337030165 5.5000000000000009 4.5000000000000009 3.5000000000000004 1.0847078486973174 3.5000000000000004 1.0628130287635416 1.5000000000000002 1.0000000180025095e-35 3.5000000000000004 4.5000000000000009 5.5000000000000009 0.93286055281157088 4.5000000000000009 5.5000000000000009 1.0000000180025095e-35 5.5000000000000009
decision_type=2 2 2 2 2 2 2 2 2 2 2 2 2 2 2 2 2 2 2 2 2 2 2
left_child=1 2 6 4 -4 16 21 8 11 -5 19 -7 -6 14 -8 -15 -2 18 -18 -11 -21 -1 -17
right_child=5 -3 3 9 12 7 13 -9 -10 10 -12 -13 -14 15 -16 22 17 -19 -20 20 -22 -23 -24
leaf_value=0.00033796990054941746 -0.38660958216721469 -0.58879569259882658 0.56175790915224633 0.55016485954267191 -0.26931791003366695 -0.057468429296264036 0.086591852768766492 -0.69572914576714029 0.35661341853302525 0.042151902270258113 0.39924361144762077 -0.57192483844770514 -0.078794253413450477 0.18046521278708774 -0.40370671876880504 0.051075903483150498 -0.040514790984203769 -0.86010314979707092 0.18152688738698616 0.83492438309668171 0.04898476500950899 -0.16902300269530299 -0.082081266841517758
leaf_weight=31 423 274 214 420 109 153 48 76 34 120 270 41 107 82 39 81 46 164 33 107 127 161 40
leaf_count=31 423 274 214 420 109 153 48 76 34 120 270 41 107 82 39 81 46 164 33 107 127 161 40
internal_value=-0.00114062 0.00585202 0.0101227 0.0145522 0.00325581 -0.0172165 -0.00342324 -0.00970395 -0.00482456 0.019205 0.0160256 -0.00979381 -0.0175926 0.00241379 -0.0066092 0.00628079 -0.0206456 -0.0159465 0.00221519 0.0117232 0.0149573 -0.0122396 -0.00144628
internal_weight=3200 2230 1956 1474 430 970 482 304 228 1044 624 194 216 290 87 203 666 243 79 354 234 192 121
internal_count=3200 2230 1956 1474 430 970 482 304 228 1044 624 194 216 290 87 203 666 243 79 354 234 192 121
is_linear=0
shrinkage=0.05


Tree=15
num_leaves=24
num_cat=0
split_feature=4 0 5 0 0 5 5 0 0 0 5 5 0 0 0 0 0 0 0 0 0 0 5
split_gain=141.133 115.627 43.6 29.6999 73.7932 10.0217 9.03551 8.88158 12.6519 6.85871 5.90292 4.5376 4.21932 3.82529 7.20825 3.91526 9.29203 11.6909 3.44901 8.67844 3.16687 15.4441 5.07805
threshold=1.0000000180025095e-35 6.5000000000000009 0.87497822591249685 1.5000000000000002 1.0000000180025095e-35 1.0768515561198984 0.7234857934403881 5.5000000000000009 4.5000000000000009 3.5000000000000004 1.1296978499445496 1.0628130287635416 3.5000000000000004 5.5000000000000009 4.5000000000000009 3.5000000000000004 1.5000000000000002 1.0000000180025095e-35 4.5000000000000009 5.5000000000000009 4.5000000000000009 5.5000000000000009 0.9289115094026722
decision_type=2 2 2 2 2 2 2 2 2 2 2 2 2 2 2 2 2 2 2 2 2 2 2
left_child=1 2 6 4 -4 20 -1 8 12 -5 18 -6 -7 14 15 16 17 -8 -11 -20 -2 22 -22
right_child=5 -3 3 9 11 7 13 -9 -10 10 -12 -13 -14 -15 -16 -17 -18 -19 19 -21 21 -23 -24
leaf_value=-0.17873244553598264 -0.36727910305885403 -0.55935590796888535 0.53367001369463396 0.52265661656553852 -0.25585201453198358 -0.054595007831450819 0.086970701578997389 -0.66094268847878335 0.33878274760637411 0.047605774111912781 0.52642057854794277 -0.074854540742778045 -0.54332859652531984 -0.080408874125762794 0.42520336847111118 -0.052981837599864794 0.15927812047497306 -0.39167892089381556 0.84424168927315901 0.050512904697188082 -0.047118809792995278 -0.81709799230721747 0.17245054301763682
leaf_weight=133 423 274 214 420 109 153 62 76 34 145 190 107 41 49 38 60 93 47 131 158 44 164 35
leaf_count=133 423 274 214 420 109 153 62 76 34 145 190 107 41 49 38 60 93 47 131 158 44 164 35
internal_value=-0.00114062 0.00578475 0.010046 0.0143148 0.00325581 -0.0170619 -0.0030083 -0.00953947 -0.00460526 0.0188697 0.0155449 -0.0173611 -0.00953608 0.00121777 0.00333333 0.000381679 0.00371287 -0.00619266 0.0123272 0.0154844 -0.0204955 -0.0159465 0.00221519
internal_weight=3200 2230 1956 1474 430 970 482 304 228 1044 624 216 194 349 300 262 202 109 434 289 666 243 79
internal_count=3200 2230 1956 1474 430 970 482 304 228 1044 624 216 194 349 300 262 202 109 434 289 666 243 79
is_linear=0
shrinkage=0.05


Tree=16
num_leaves=24
num_cat=0
split_feature=4 0 0 0 0 0 0 0 0 9 11 0 0 0 9 9 14 1 14 9 14 14 14
split_gain=134.809 114.437 29.9844 81.2706 15.5593 11.0823 19.2348 7.92549 25.5386 2.72077 2.48994 2.35453 1.18008 2.68761 1.065 1.10479 1.05629 1.42917 1.03737 0.963793 0.700492 0.741026 0.737694
threshold=1.0000000180025095e-35 6.5000000000000009 1.5000000000000002 1.0000000180025095e-35 3.5000000000000004 4.5000000000000009 5.5000000000000009 5.5000000000000009 4.5000000000000009 11428.034725753316 0.044665920879483081 3.5000000000000004 1.5000000000000002 1.0000000180025095e-35 35540.423942710266 40833.662568700725 44602.78450937353 1.0000000180025095e-35 26632.198794214808 47729.342487735128 17626.349533162367 8871.4028996750731 22461.179490210492
decision_type=2 2 2 2 2 2 2 2 2 2 2 2 2 2 2 2 2 2 2 2 2 2 2
left_child=1 2 3 -1 -4 14 -7 8 10 -8 11 12 13 -2 -6 -16 17 -17 -10 -20 21 -14 -22
right_child=7 -3 4 -5 5 6 9 -9 18 -11 -12 -13 20 -15 15 16 -18 -19 19 -21 22 -23 -24
leaf_value=0.37387527910562501 -0.15510520023972785 -0.53138811257044105 0.38026112445935073 -0.22390467597461666 0.045835414720564495 0.90094915779993434 0.14535571270588951 -0.77624309269185654 0.1850060812944655 0.022339007899221299 -0.017516125857200748 -0.59246099171258226 -0.15051689613568958 -1.1019406186403962 -0.048826014052578692 0.061219006514476787 -0.016657661580604711 0.0045844822093298989 -0.0075304478116347447 0.15123820736637336 -0.10196161746828487 -0.048836220116559304 -0.15727220276340415
leaf_weight=293 98 274 551 281 94 262 24 240 38 262 21 119 39 117 34 20 107 28 31 44 22 26 175
leaf_count=293 98 274 551 281 94 262 24 240 38 262 21 119 39 117 34 20 107 28 31 44 22 26 175
internal_value=-0.00114062 0.0056278 0.00986708 0.000261324 0.0138567 0.0095367 0.0136861 -0.016701 -0.0141096 0.00472028 -0.0181118 -0.0187081 -0.0171384 -0.0198837 0.00150177 -0.000661376 0.00112903 0.00729167 0.00774336 0.00433333 -0.0148855 -0.0103846 -0.0163706
internal_weight=3200 2230 1956 574 1382 831 548 970 730 286 617 596 477 215 283 189 155 48 113 75 262 65 197
internal_count=3200 2230 1956 574 1382 831 548 970 730 286 617 596 477 215 283 189 155 48 113 75 262 65 197
is_linear=0
shrinkage=0.05


Tree=17
num_leaves=24
num_cat=0
split_feature=4 0 5 0 0 5 0 0 0 5 5 0 0 0 5 5 0 0 5 5 10 0 0
split_gain=129.662 112.747 44.6931 30.5127 71.313 10.9225 10.3213 13.5499 9.32603 6.2002 5.97076 5.27809 5.2413 13.2856 5.19179 4.16206 3.71845 5.40966 3.5246 2.40115 2.08298 1.98871 9.30734
threshold=1.0000000180025095e-35 6.5000000000000009 0.83355863158709254 1.5000000000000002 1.0000000180025095e-35 1.038126752772407 5.5000000000000009 4.5000000000000009 3.5000000000000004 0.7234857934403881 1.1656753941135316 3.5000000000000004 4.5000000000000009 5.5000000000000009 1.0467413568464441 0.91580211169285297 1.5000000000000002 1.0000000180025095e-35 0.94972049496089539 0.94741581648001161 1.0000000180025095e-35 4.5000000000000009 5.5000000000000009
decision_type=2 2 2 2 2 2 2 2 2 2 2 2 2 2 2 2 2 2 2 2 2 2 2
left_child=1 2 9 4 15 20 7 11 -5 -1 12 16 18 -14 -6 -4 17 -7 -10 -15 21 -2 -23
right_child=5 -3 3 8 14 6 -8 -9 10 -11 -12 -13 13 19 -16 -17 -18 -19 -20 -21 -22 22 -24
leaf_value=-0.17380793602823472 -0.35665416298700348 -0.50481870694191899 0.083439522470051139 0.44638475247798015 -0.24212210436939935 -0.01212783431699478 -0.77287711060981867 0.30957260143085713 -0.029528560569696084 -0.011887219217795675 0.5098237805606417 -0.49491910155000468 0.75698214691950416 -0.050991349021172999 -0.063624281149755643 0.52788911832017937 0.00051810138603585192 -1.0967544475234061 0.062853588822365941 0.070706882528874901 -0.13465851047606048 -0.013279423526675417 -0.75369798963780998
leaf_weight=133 351 274 43 458 119 43 99 41 61 210 143 51 171 42 114 195 109 48 119 148 20 69 139
leaf_count=133 351 274 43 458 119 43 99 41 61 210 143 51 171 42 114 195 109 48 119 148 20 69 139
internal_value=-0.00123438 0.00540359 0.00961145 0.0130967 0.00238854 -0.0164948 -0.0100384 -0.00530822 0.0175131 -0.00677843 0.0138158 -0.00966135 0.011414 0.0148892 -0.0172747 0.0216387 -0.006 -0.0134615 0.00444444 0.00578947 -0.0208549 -0.0214222 -0.0175481
internal_weight=3200 2230 1956 1613 471 970 391 292 1142 343 684 251 541 361 233 238 200 91 180 190 579 559 208
internal_count=3200 2230 1956 1613 471 970 391 292 1142 343 684 251 541 361 233 238 200 91 180 190 579 559 208
is_linear=0
shrinkage=0.05


Tree=18
num_leaves=24
num_cat=0
split_feature=4 5 5 5 5 2 5 9 5 5 9 9 14 5 14 5 9 14 5 9 14 9 9
split_gain=125.319 37.2532 10.4689 9.47324 4.23183 2.77827 2.56743 2.51949 2.20901 1.85673 1.44026 2.07219 1.36376 1.3113 1.15808 1.10655 1.38009 1.17009 1.01086 0.950214 0.8495 1.14765 1.41598
threshold=1.0000000180025095e-35 0.91580211169285297 0.96142143104897726 0.7234857934403881 1.0032139549102579 2032.5000000000002 1.1220565289214759 15135.933656478965 1.2318911036196878 0.81129936193001229 29463.421513361976 31175.651318285625 14563.991544261926 0.62638328471186322 76371.433228275593 1.3139262358533974 18806.87290262627 86855.933438378721 0.97251492819890939 33650.838829587505 120900.91449326659 66444.834771213456 56839.916325280683
decision_type=2 2 2 2 2 2 2 2 2 2 2 2 2 2 2 2 2 2 2 2 2 2 2
left_child=1 3 -2 13 5 7 -4 -3 10 -5 12 -12 -6 -1 -9 16 -8 -18 -16 -13 21 22 -11
right_child=2 4 6 9 8 -7 15 14 -10 20 11 19 -14 -15 18 -17 17 -19 -20 -21 -22 -23 -24
leaf_value=-0.33107660800093086 -0.32882466061229287 0.39667527751193571 -0.21813524990969269 -0.062774792142647945 0.29818259397723423 0.19019547066931219 0.010153836981850618 -0.028133763752365051 0.56650879841949586 0.010068646862326603 -0.034181269324284357 0.42288319349487741 0.43819823359831606 -0.1495737891713497 0.17999065557735358 0.075354923804505883 -0.19933818811554538 -0.023618373374714532 -0.0022090615931674054 0.17716441473607425 -0.085634659151160974 0.057393638907477222 -0.26691325008548045
leaf_weight=45 422 23 328 175 124 141 31 194 213 213 27 34 126 100 44 28 139 22 27 583 31 104 26
leaf_count=45 422 23 328 175 124 141 31 194 213 213 27 34 126 100 44 28 139 22 27 583 31 104 26
internal_value=-0.00123438 0.00529148 -0.0162371 -0.00432277 0.00963542 0.00541958 -0.0116788 0.00260417 0.0112692 -0.00132058 0.010179 0.00892857 0.0134 -0.0156897 0.00122642 -0.0075 -0.00885417 -0.0107143 0.00669014 0.00952188 0.000668449 0.00138484 -0.000523013
internal_weight=3200 2230 970 694 1536 429 548 288 1107 549 894 644 250 145 265 220 192 161 71 617 374 343 239
internal_count=3200 2230 970 694 1536 429 548 288 1107 549 894 644 250 145 265 220 192 161 71 617 374 343 239
is_linear=0
shrinkage=0.05


Tree=19
num_leaves=24
num_cat=0
split_feature=4 0 5 0 0 0 0 5 0 5 5 0 5 0 0 5 0 0 0 0 0 0 0
split_gain=118.12 111.071 38.458 26.5598 68.0963 10.0173 25.5995 10.1948 9.03632 8.09905 8.01018 5.81438 4.47886 4.46824 5.18072 3.59966 3.41739 11.7844 3.34834 11.6909 5.29219 2.9088 8.80055
threshold=1.0000000180025095e-35 6.5000000000000009 0.87497822591249685 1.5000000000000002 1.0000000180025095e-35 5.5000000000000009 4.5000000000000009 1.0522115554879969 5.5000000000000009 0.9271021753105757 0.7234857934403881 3.5000000000000004 1.0467413568464441 1.5000000000000002 1.0000000180025095e-35 1.1989917068525389 3.5000000000000004 4.5000000000000009 1.5000000000000002 1.0000000180025095e-35 3.5000000000000004 4.5000000000000009 5.5000000000000009
decision_type=2 2 2 2 2 2 2 2 2 2 2 2 2 2 2 2 2 2 2 2 2 2 2
left_child=1 2 10 4 -4 6 7 -2 16 -8 -1 13 -6 14 -9 -10 -5 -18 19 -12 -20 -22 -23
right_child=5 -3 3 8 12 -7 9 11 15 -11 18 -13 -14 -15 -16 -17 17 -19 20 -21 21 22 -24
leaf_value=-0.15763884976825546 -0.314650101446032 -0.48645353396046231 0.4551152954707231 0.44907893254498765 -0.22448153378919322 -0.69878079252380221 -0.035875972375025357 0.011008610046951263 0.03695705135286325 0.22292345636319624 0.06345724859546778 -0.4618482078501937 -0.075911659941408693 0.011853995555215314 -1.0332960488366552 0.24792239205285541 0.05563344322890558 0.91313485123069182 0.12060669701320528 -0.35527882870165617 -0.048228110673634639 0.3409838584635777 -0.077646787033265066
leaf_weight=133 387 274 214 420 102 240 42 40 173 71 62 48 114 99 43 43 197 211 93 47 60 38 49
leaf_count=133 387 274 214 420 102 240 42 40 173 71 62 48 114 99 43 43 197 211 93 47 60 38 49
internal_value=-0.00115625 0.00517937 0.00935583 0.013365 0.00290698 -0.0157216 -0.0128082 -0.0168152 0.0176724 0.0090708 -0.00290456 -0.00847826 -0.0168981 -0.0043956 -0.0129518 0.00856481 0.0200483 0.0167892 0.0010745 -0.00619266 0.004375 -0.00153061 0.00431034
internal_weight=3200 2230 1956 1474 430 970 730 617 1044 113 482 230 216 182 83 216 828 408 349 109 240 147 87
internal_count=3200 2230 1956 1474 430 970 730 617 1044 113 482 230 216 182 83 216 828 408 349 109 240 147 87
is_linear=0
shrinkage=0.05


Tree=20
num_leaves=24
num_cat=0
split_feature=4 0 0 0 0 0 0 0 0 0 0 0 9 14 14 14 2 9 14 9 9 9 14
split_gain=114.948 109.738 27.2145 77.5966 15.115 10.2518 22.2873 9.77446 22.1403 3.46766 2.89758 4.02277 2.60879 1.03737 1.01507 1.11761 1.38857 0.973437 1.32184 0.711396 0.921969 0.704448 0.680362
threshold=1.0000000180025095e-35 6.5000000000000009 1.5000000000000002 1.0000000180025095e-35 3.5000000000000004 5.5000000000000009 4.5000000000000009 4.5000000000000009 5.5000000000000009 3.5000000000000004 1.5000000000000002 1.0000000180025095e-35 11428.034725753316 26632.198794214808 34202.817207622895 14787.424755897055 2028.0000000000002 95672.898051363154 90707.248690331311 30396.011458456163 40833.662568700725 22809.012146607525 17626.349533162367
decision_type=2 2 2 2 2 2 2 2 2 2 2 2 2 2 2 2 2 2 2 2 2 2 2
left_child=1 2 3 -1 -4 6 9 14 -9 10 11 -2 -10 -8 15 16 -6 18 22 -16 -21 -14 -12
right_child=5 -3 4 -5 7 -7 13 8 12 -11 17 -13 21 -15 19 -17 -18 -19 -20 20 -22 -23 -24
leaf_value=0.29717307372399449 -0.11034332141733599 -0.46213085726243924 0.31531337402065207 -0.20075878185129384 -0.065835197876265114 -0.66384175289761205 0.17138611772218351 0.76192830290064328 0.13232962253434694 -0.51192697240908014 -0.077553677800027476 -0.98163124639482247 -0.023983929732905196 0.065016594598186123 0.025579667801338427 0.065350133990199843 0.016960883242436966 -0.12877366908450086 0.02017814695400251 -0.033274372077546133 -0.012848289676977133 0.017593423054233528 -0.11019882816051947
leaf_weight=293 104 274 551 281 25 240 38 262 24 126 69 119 33 75 20 56 35 38 20 28 119 229 141
leaf_count=293 104 274 551 281 25 240 38 262 24 126 69 119 33 75 20 56 35 38 20 28 119 229 141
internal_value=-0.00125 0.005 0.00915133 0 0.0129522 -0.0156186 -0.0126712 0.00869434 0.0125912 -0.01641 -0.0145112 -0.018722 0.00297203 0.00774336 0.00114841 0.00474138 0 -0.0110075 -0.00978261 -0.00134731 -0.00255102 0.00152672 -0.0109524
internal_weight=3200 2230 1956 574 1382 970 730 831 548 617 491 223 286 113 283 116 60 268 230 167 147 262 210
internal_count=3200 2230 1956 574 1382 970 730 831 548 617 491 223 286 113 283 116 60 268 230 167 147 262 210
is_linear=0
shrinkage=0.05


Tree=21
num_leaves=24
num_cat=0
split_feature=0 5 0 0 0 0 0 5 5 0 0 0 0 0 5 5 5 9 5 0 14 9 0
split_gain=98.5917 55.0114 21.5446 66.5925 13.7579 15.2335 18.2665 10.3411 4.69236 3.64762 10.3744 3.97146 3.81315 5.66107 3.48158 3.21905 2.19416 1.70253 1.50951 1.41025 1.3545 1.27472 0.958647
threshold=6.5000000000000009 0.89960535725108992 1.5000000000000002 1.0000000180025095e-35 5.5000000000000009 4.5000000000000009 3.5000000000000004 0.76776440733639562 0.98761114069339129 1.5000000000000002 1.0000000180025095e-35 5.5000000000000009 4.5000000000000009 3.5000000000000004 1.1989917068525389 1.0467413568464441 0.99051961926359133 11428.034725753316 1.2970848416299134 1.0000000180025095e-35 37874.887825184371 90697.026570036673 1.5000000000000002
decision_type=2 2 2 2 2 2 2 2 2 2 2 2 2 2 2 2 2 2 2 2 2 2 2
left_child=1 7 3 16 5 6 8 19 -4 10 -9 12 13 21 17 -5 -3 -6 -17 20 -1 -11 -21
right_child=-2 2 4 15 14 -7 -8 9 -10 11 -12 -13 -14 -15 -16 18 -18 -19 -20 22 -22 -23 -24
leaf_value=-0.17082996682445392 -0.47903272446362188 0.15721170480051594 0.12307299930390947 -0.27402325894292473 0.07706569983630765 0.64452139915639417 -0.025593499464737237 0.013175061523811494 0.35808873315389678 0.022941825384437477 -0.33318027455567062 -0.10653882988975988 0.18539538187584201 -0.083779847944434327 0.15525241928914149 -0.16114124696519971 0.3888352614850728 -0.035638144334493305 -0.020282423380435333 -0.50556824108909593 -0.015093425107685122 0.054013197050369756 -0.16493307082239658
leaf_weight=21 395 68 161 132 21 280 275 75 417 120 71 72 63 85 57 138 206 207 21 38 27 29 221
leaf_count=21 395 68 161 132 21 280 275 75 417 120 71 72 63 85 57 138 206 207 21 38 27 29 221
internal_value=-0.00135938 0.00193405 0.00644226 -0.00181416 0.00973202 0.0122021 0.00888042 -0.00894161 0.0139273 -0.00461165 -0.0113014 -0.00196477 0.000589226 -0.00235043 -8.77193e-05 -0.0184708 0.0158759 -0.00285088 -0.0136792 -0.0162052 -0.00833333 0.00352349 -0.0176641
internal_weight=3200 2805 1983 565 1418 1133 853 822 578 515 146 369 297 234 285 291 274 228 159 307 48 149 259
internal_count=3200 2805 1983 565 1418 1133 853 822 578 515 146 369 297 234 285 291 274 228 159 307 48 149 259
is_linear=0
shrinkage=0.05


Tree=22
num_leaves=24
num_cat=0
split_feature=4 0 5 0 0 5 0 0 5 0 0 0 0 0 5 5 5 0 0 0 0 0 0
split_gain=121.254 107.567 39.5079 16.5079 55.2891 11.022 10.105 15.6557 9.47326 9.81083 18.4029 7.25111 6.38498 4.59643 4.12007 3.68099 3.38183 2.89596 8.1994 2.4696 8.93626 2.13096 1.89054
threshold=1.0000000180025095e-35 6.5000000000000009 0.92065741668095546 1.5000000000000002 1.0000000180025095e-35 0.76370294337030165 1.5000000000000002 1.0000000180025095e-35 0.96142143104897726 5.5000000000000009 4.5000000000000009 5.5000000000000009 3.5000000000000004 3.5000000000000004 1.0467413568464441 1.1234451183816214 1.1989917068525389 4.5000000000000009 3.5000000000000004 4.5000000000000009 5.5000000000000009 1.0000000180025095e-35 1.5000000000000002
decision_type=2 2 2 2 2 2 2 2 2 2 2 2 2 2 2 2 2 2 2 2 2 2 2
left_child=1 2 5 4 -4 21 7 -7 -2 10 13 17 -8 15 -6 22 -13 18 -5 -14 -21 -1 -10
right_child=8 -3 3 11 14 6 12 -9 9 -11 -12 16 19 -15 -16 -17 -18 -19 -20 20 -22 -23 -24
leaf_value=0.0095861169860954835 -0.27264870633939842 -0.41507267817613613 0.45047382706827932 0.44624141819553742 -0.16760407753596668 0.064579937772876406 0.12422080810392498 -0.27580879844281031 -0.90159498156838491 -0.63124372908959125 0.22992853836704744 0.041929229163228145 -0.032216930585540031 -0.42557370803139549 -0.054021075503513497 -0.027572915177888381 0.22688398033304369 0.86057540406806687 0.060934190656587721 0.30853197561700657 -0.050372406403190344 -0.13348882942151691 -0.04911972901066735
leaf_weight=31 422 274 188 368 72 74 134 69 88 137 60 158 71 73 114 114 43 196 175 47 55 161 76
leaf_count=31 422 274 188 368 72 74 134 69 88 137 60 158 71 73 114 114 43 196 175 47 55 161 76
internal_value=-0.00153125 0.00488789 0.00899796 0.013965 0.00508021 -0.00116822 0.00311111 -0.00786713 -0.0162887 -0.0119526 -0.00809002 0.0175 0.00822476 -0.0124644 -0.0142473 -0.00953237 0.0090796 0.0197903 0.0179098 0.00187861 0.00686275 -0.0111979 -0.0143293
internal_weight=3200 2230 1956 1314 374 642 450 143 970 548 411 940 307 351 186 278 201 739 543 173 102 192 164
internal_count=3200 2230 1956 1314 374 642 450 143 970 548 411 940 307 351 186 278 201 739 543 173 102 192 164
is_linear=0
shrinkage=0.05


Tree=23
num_leaves=24
num_cat=0
split_feature=4 0 5 0 0 5 5 0 0 0 0 0 0 0 5 0 0 0 0 5 0 0 0
split_gain=114.498 105.255 38.1294 15.533 53.7618 10.457 10.2523 10.2798 16.2232 9.90148 15.6557 7.03983 5.93431 5.45405 4.36003 3.36487 8.2343 3.08981 6.82327 2.90283 2.6244 8.52853 2.03951
threshold=1.0000000180025095e-35 6.5000000000000009 0.92065741668095546 1.5000000000000002 1.0000000180025095e-35 0.76370294337030165 0.96142143104897726 5.5000000000000009 4.5000000000000009 1.5000000000000002 1.0000000180025095e-35 5.5000000000000009 5.5000000000000009 3.5000000000000004 1.0467413568464441 4.5000000000000009 3.5000000000000004 4.5000000000000009 3.5000000000000004 1.1989917068525389 1.5000000000000002 1.0000000180025095e-35 1.0000000180025095e-35
decision_type=2 2 2 2 2 2 2 2 2 2 2 2 2 2 2 2 2 2 2 2 2 2 2
left_child=1 2 5 4 -4 22 -2 8 13 10 -7 15 17 20 -6 16 -5 18 -11 -13 21 -8 -1
right_child=6 -3 3 11 14 9 7 -9 -10 12 -12 19 -14 -15 -16 -17 -18 -19 -20 -21 -22 -23 -24
leaf_value=0.0091068111367906823 -0.25901627102242847 -0.39431904426732922 0.4279501357148654 0.42392934728576037 -0.15922387365916837 0.06135094088423259 0.0022366789497302976 -0.59968154263511164 0.21843211144869504 0.11800976769872858 -0.26201835852066985 0.039832767705066635 -0.047853786083030772 -0.40429502262982564 -0.051320021728337828 0.81754663386466364 0.057887481123758279 0.29310537683615617 -0.030606084056262972 0.21553978131639157 -0.020821020239421808 -0.89276891775951883 -0.12681438795044109
leaf_weight=31 422 274 188 368 72 74 61 137 60 134 69 158 55 73 114 196 175 47 71 43 145 72 161
leaf_count=31 422 274 188 368 72 74 61 137 60 134 69 158 55 73 114 196 175 47 71 43 145 72 161
internal_value=-0.00148438 0.00475336 0.00881902 0.0136986 0.00508021 -0.00116822 -0.0158247 -0.0113139 -0.0073601 0.003 -0.00786713 0.0171277 0.00806189 -0.0114672 -0.0139785 0.0193843 0.0173573 0.0113095 0.00865854 0.00883085 -0.00827338 -0.0133459 -0.0109375
internal_weight=3200 2230 1956 1314 374 642 970 548 411 450 143 940 307 351 186 739 543 252 205 201 278 133 192
internal_count=3200 2230 1956 1314 374 642 970 548 411 450 143 940 307 351 186 739 543 252 205 201 278 133 192
is_linear=0
shrinkage=0.05


Tree=24
num_leaves=24
num_cat=0
split_feature=4 0 5 0 0 5 0 0 5 0 0 0 0 0 0 0 5 0 0 5 5 0 0
split_gain=105.694 103.152 38.7545 12.6189 45.4772 11.6388 14.3856 19.5658 10.5092 8.2881 16.6629 6.39735 5.62958 5.19872 4.76092 8.02728 3.54656 3.05463 8.53623 2.63647 2.15244 2.08869 6.41581
threshold=1.0000000180025095e-35 6.5000000000000009 0.96142143104897726 1.5000000000000002 1.0000000180025095e-35 0.76776440733639562 1.5000000000000002 1.0000000180025095e-35 0.95167335268837305 5.5000000000000009 4.5000000000000009 5.5000000000000009 3.5000000000000004 5.5000000000000009 4.5000000000000009 3.5000000000000004 1.0467413568464441 1.5000000000000002 1.0000000180025095e-35 1.1989917068525389 1.0581221333793409 4.5000000000000009 3.5000000000000004
decision_type=2 2 2 2 2 2 2 2 2 2 2 2 2 2 2 2 2 2 2 2 2 2 2
left_child=1 2 5 4 -4 -1 7 -7 -2 10 12 21 17 14 15 -8 -6 18 -10 -13 -19 22 -5
right_child=8 -3 3 11 16 6 13 -9 9 -11 -12 19 -14 -15 -16 -17 -18 20 -20 -21 -22 -23 -24
leaf_value=-0.10602060193377803 -0.25051152836147761 -0.37460309205396269 0.42794803044451141 0.44487715292857932 -0.13407553621857302 0.084709355557003194 0.12484245380671979 -0.24501597223260438 -0.0019866630990286183 -0.22029317841156432 0.20204388054529085 0.043286179150453921 -0.39008804750696147 -0.038612594307517872 0.31869505305476054 -0.025355744238759838 -0.048754020641920984 -0.058610273652264233 -0.84887331369782904 0.20476279225057184 0.0023213893242311381 0.85702666047489284 0.063587601627964757
leaf_weight=199 401 274 172 323 49 90 177 92 62 141 63 141 76 69 79 98 114 55 76 43 96 162 148
leaf_count=199 401 274 172 323 49 90 177 92 62 141 63 141 76 69 79 98 114 55 76 43 96 162 148
internal_value=-0.00153125 0.00446188 0.00848671 0.0143663 0.00619403 6.21891e-05 0.0035124 -0.00824176 -0.0153093 -0.0109402 -0.00747664 0.0177173 -0.0115753 0.00856974 0.0110169 0.00790909 -0.0127301 -0.008391 -0.0137681 0.00951087 -0.00347682 0.0201027 0.0184183
internal_weight=3200 2230 1956 1152 335 804 605 182 970 569 428 817 365 423 354 275 163 289 138 184 151 633 471
internal_count=3200 2230 1956 1152 335 804 605 182 970 569 428 817 365 423 354 275 163 289 138 184 151 633 471
is_linear=0
shrinkage=0.05


Tree=25
num_leaves=24
num_cat=0
split_feature=4 0 5 0 0 5 5 0 0 0 0 0 0 0 0 0 5 5 0 0 9 5 5
split_gain=97.6341 101.708 36.9031 13.6305 47.5188 10.5032 9.73955 9.6345 17.2808 8.21123 8.16507 19.6223 5.5111 4.84691 4.40345 6.83836 3.87541 3.68774 3.3235 6.71404 3.17603 2.38315 2.21688
threshold=1.0000000180025095e-35 6.5000000000000009 0.9289115094026722 1.5000000000000002 1.0000000180025095e-35 0.8773188062680034 0.7234857934403881 1.5000000000000002 1.0000000180025095e-35 5.5000000000000009 5.5000000000000009 4.5000000000000009 3.5000000000000004 5.5000000000000009 4.5000000000000009 3.5000000000000004 1.1234451183816214 1.0467413568464441 4.5000000000000009 3.5000000000000004 17603.985587388015 1.1989917068525389 1.0230214602660179
decision_type=2 2 2 2 2 2 2 2 2 2 2 2 2 2 2 2 2 2 2 2 2 2 2
left_child=1 2 6 4 -4 -2 -1 8 -8 18 11 12 16 14 15 -9 20 -6 19 22 -7 -11 -5
right_child=5 -3 3 9 17 10 7 13 -10 21 -12 -13 -14 -15 -16 -17 -18 -19 -20 -21 -22 -23 -24
leaf_value=-0.13117006292719857 -0.26283295197260692 -0.35587293745126458 0.38948151013878096 0.20922217797183756 -0.1410166005117853 0.0097188215911765859 0.054326998401237253 0.093266241243807363 -0.24184198760001721 0.037724289698739893 -0.55932923479565522 0.13828544913510205 -0.40370882034142896 -0.048463451531360495 0.27046495164280415 -0.031341881516928093 -0.025269287873234438 -0.046316319609824852 0.7667486368450448 0.054956782855475339 -0.11158879323623633 0.19452465263804336 0.50603511097695419
leaf_weight=133 269 274 187 117 69 27 89 154 80 158 168 84 94 64 61 92 114 114 188 165 214 43 242
leaf_count=133 269 274 187 117 69 27 89 154 80 158 168 84 94 64 61 92 114 114 188 165 214 43 242
internal_value=-0.0015 0.00426009 0.00825665 0.0132307 0.00513514 -0.0147423 -0.00122585 0.00175926 -0.00813609 0.0165115 -0.0115193 -0.00848968 -0.0126392 0.00626685 0.00887622 0.00589431 -0.00978873 -0.0129781 0.0190309 0.0169847 -0.0133817 0.00758706 0.0208217
internal_weight=3200 2230 1956 1283 370 970 673 540 169 913 701 533 449 371 307 246 355 183 712 524 241 201 359
internal_count=3200 2230 1956 1283 370 970 673 540 169 913 701 533 449 371 307 246 355 183 712 524 241 201 359
is_linear=0
shrinkage=0.05


Tree=26
num_leaves=24
num_cat=0
split_feature=0 4 5 0 0 5 5 0 0 0 0 0 0 0 0 0 5 0 0 0 0 5 5
split_gain=95.2995 98.9294 35.5073 13.2304 44.3669 12.6516 8.50233 8.92752 16.0417 7.37715 7.29608 6.89463 5.97704 4.57741 4.45089 7.81754 3.71649 3.42162 8.52853 3.03217 6.14037 2.44432 2.38315
threshold=6.5000000000000009 1.0000000180025095e-35 0.92065741668095546 1.5000000000000002 1.0000000180025095e-35 0.96142143104897726 0.7234857934403881 1.5000000000000002 1.0000000180025095e-35 4.5000000000000009 5.5000000000000009 5.5000000000000009 3.5000000000000004 5.5000000000000009 4.5000000000000009 3.5000000000000004 1.0467413568464441 1.5000000000000002 1.0000000180025095e-35 4.5000000000000009 3.5000000000000004 1.1580801999606674 1.1989917068525389
decision_type=2 2 2 2 2 2 2 2 2 2 2 2 2 2 2 2 2 2 2 2 2 2 2
left_child=1 2 6 4 -4 -3 -1 8 -8 12 -11 14 17 19 15 -5 -6 18 -7 20 -9 -17 -13
right_child=-2 5 3 11 16 9 7 13 -10 10 -12 22 -14 -15 -16 21 -18 -19 -20 -21 -22 -23 -24
leaf_value=-0.12461155978083874 -0.37808770064300606 -0.18168116837666212 0.36568115189995754 0.36764203701723841 -0.13750807313969188 0.0078036178190069808 0.051331576142109016 0.088113867487718531 -0.2299124844981657 0.19049403939224074 -0.027555141688311524 0.035838075213803049 -0.34439042810591491 -0.046040278954792416 0.69548053730543347 0.020971654675909692 -0.044000503629333568 -0.016603184280623042 -0.80010736652483949 0.2569417040606638 -0.029774787441081776 0.22933679655970673 0.18479842000614113
leaf_weight=133 395 370 188 368 72 61 88 145 77 60 68 158 73 64 196 134 114 145 72 53 82 41 43
leaf_count=133 395 370 188 368 72 61 88 145 77 60 68 158 73 64 196 134 114 145 72 53 82 41 43
internal_value=-0.0015 0.00173797 0.00792434 0.0126332 0.00467914 -0.0125147 -0.0017134 0.0012279 -0.00833333 -0.00715031 0.003125 0.0157979 -0.0108974 0.00581395 0.0180311 0.0156998 -0.0126344 -0.00755396 -0.0133459 0.00857143 0.00605727 0.007 0.00758706
internal_weight=3200 2805 1956 1314 374 849 642 509 165 479 128 940 351 344 739 543 186 278 133 280 227 175 201
internal_count=3200 2805 1956 1314 374 849 642 509 165 479 128 940 351 344 739 543 186 278 133 280 227 175 201
is_linear=0
shrinkage=0.05


Tree=27
num_leaves=24
num_cat=0
split_feature=0 4 5 5 0 0 5 0 0 0 0 0 0 0 0 0 0 0 0 0 5 5 5
split_gain=93.7256 92.9762 33.7705 12.1798 11.7901 41.2939 8.45699 9.10118 16.0236 8.11209 8.86641 7.00378 6.33813 4.04887 7.00549 4.01038 8.32131 3.97222 3.70969 5.68678 3.40526 3.25521 2.49811
threshold=6.5000000000000009 1.0000000180025095e-35 0.9289115094026722 0.8773188062680034 1.5000000000000002 1.0000000180025095e-35 0.7234857934403881 1.5000000000000002 1.0000000180025095e-35 4.5000000000000009 5.5000000000000009 5.5000000000000009 3.5000000000000004 4.5000000000000009 3.5000000000000004 1.5000000000000002 1.0000000180025095e-35 5.5000000000000009 4.5000000000000009 3.5000000000000004 1.0467413568464441 1.0581221333793409 1.1989917068525389
decision_type=2 2 2 2 2 2 2 2 2 2 2 2 2 2 2 2 2 2 2 2 2 2 2
left_child=1 2 6 -3 5 -4 -1 8 -8 12 -11 13 15 14 -6 16 -5 18 19 -9 -7 -17 -13
right_child=-2 3 4 9 11 20 7 17 -10 10 -12 22 -14 -15 -16 21 -18 -19 -20 -21 -22 -23 -24
leaf_value=-0.11838098179179682 -0.3591833156108557 -0.22382647012095591 0.3517233770368442 -0.013790132232031561 0.35657143482308629 -0.12709036682921138 0.049044069674069851 0.082862995744000939 -0.21825426399510806 0.12184647470873476 -0.037994357677759896 0.034046171453112888 -0.36630385791906184 0.69363717813752079 0.05116036097890593 -0.051670797766781719 -0.76204048487991738 -0.04373826500705285 0.24409461885763051 -0.028286048069027726 -0.041800478447866857 0.0086149187338626209 0.1755584990058342
leaf_weight=133 395 233 187 75 359 69 89 154 80 84 83 158 94 188 165 96 88 64 61 92 114 96 43
leaf_count=133 395 233 187 75 359 69 89 154 80 84 83 158 94 188 165 96 88 64 61 92 114 96 43
internal_value=-0.0014375 0.00177362 0.00777096 -0.0120436 0.0125292 0.005 -0.00130015 0.00148148 -0.00813609 -0.00836039 0.0010479 0.0155805 -0.0118597 0.0179073 0.0156489 -0.00880282 -0.0145706 0.00586253 0.00822476 0.0054878 -0.0118852 -0.00390625 0.00733831
internal_weight=3200 2805 1956 849 1283 370 673 540 169 616 167 913 449 712 524 355 163 371 307 246 183 192 201
internal_count=3200 2805 1956 849 1283 370 673 540 169 616 167 913 449 712 524 355 163 371 307 246 183 192 201
is_linear=0
shrinkage=0.05


Tree=28
num_leaves=24
num_cat=0
split_feature=0 4 5 0 0 5 0 0 0 5 0 0 5 0 0 5 0 0 0 5 5 0 0
split_gain=92.4327 89.9046 33.5758 16.4249 46.3183 12.1212 6.63893 6.0885 6.25995 5.63282 5.22305 8.87205 4.80508 4.21978 6.8 3.96887 3.87908 3.16677 10.0426 2.98553 2.82692 2.65744 6.95313
threshold=6.5000000000000009 1.0000000180025095e-35 0.87497822591249685 1.5000000000000002 1.0000000180025095e-35 1.0318533198542548 5.5000000000000009 4.5000000000000009 3.5000000000000004 0.7234857934403881 4.5000000000000009 3.5000000000000004 1.0467413568464441 1.5000000000000002 1.0000000180025095e-35 0.84795607384656957 5.5000000000000009 1.5000000000000002 1.0000000180025095e-35 1.0467413568464441 1.1341559608270042 4.5000000000000009 5.5000000000000009
decision_type=2 2 2 2 2 2 2 2 2 2 2 2 2 2 2 2 2 2 2 2 2 2 2
left_child=1 2 9 4 -4 15 10 8 13 -1 11 19 -6 14 -7 -3 -9 18 -11 -5 -18 -17 -23
right_child=-2 5 3 6 12 7 -8 16 -10 17 -12 -13 -14 -15 -16 21 20 -19 -20 -21 -22 22 -24
leaf_value=-0.1124619327022069 -0.34122414983031285 -0.21560186505871931 0.29230447544661048 0.15267181819809111 -0.13708975868819237 0.0094174719791389819 0.057391767480019777 0.19562083905932612 -0.29912226392327174 0.037073612662468849 0.5626048710315239 0.043486876160616465 -0.039710454525473442 0.0019960192196665006 -0.70660156954352726 -0.16862022810757582 0.020649880972011481 0.021054674512008556 -0.23717534118175632 0.4624995221417077 -0.032617944171480853 0.025554940953456919 -0.099341902198300691
leaf_weight=133 395 196 214 197 102 45 216 41 53 62 211 197 114 112 51 209 27 240 47 223 25 52 38
leaf_count=133 395 196 214 197 102 45 216 41 53 62 211 197 114 112 51 209 27 240 47 223 25 52 38
internal_value=-0.00146875 0.00172014 0.00761759 0.0113636 0.00313953 -0.0118669 0.014751 -0.00480226 -0.00871648 -0.00383817 0.0167874 0.0144652 -0.0131944 -0.00480769 -0.0125 -0.0169192 0.0061828 -0.000501433 -0.00756881 0.0185714 -0.00288462 -0.0132943 -0.00611111
internal_weight=3200 2805 1956 1474 430 849 1044 354 261 482 828 617 216 208 96 495 93 349 109 420 52 299 90
internal_count=3200 2805 1956 1474 430 849 1044 354 261 482 828 617 216 208 96 495 93 349 109 420 52 299 90
is_linear=0
shrinkage=0.05


Tree=29
num_leaves=24
num_cat=0
split_feature=0 4 5 0 0 5 5 0 0 0 0 0 0 0 0 0 0 0 5 5 0 0 5
split_gain=90.7819 85.3386 33.5726 13.8196 33.5564 14.242 11.3216 7.33538 7.54031 6.71026 5.27268 5.26192 8.67462 4.887 20.0321 5.40969 4.17301 8.818 2.40015 2.30112 2.12455 4.29708 2.06789
threshold=6.5000000000000009 1.0000000180025095e-35 1.0482500543113968 1.5000000000000002 1.0000000180025095e-35 0.76370294337030165 0.8773188062680034 4.5000000000000009 5.5000000000000009 3.5000000000000004 5.5000000000000009 4.5000000000000009 3.5000000000000004 1.5000000000000002 1.0000000180025095e-35 5.5000000000000009 1.5000000000000002 1.0000000180025095e-35 1.0318533198542548 0.91580211169285297 4.5000000000000009 5.5000000000000009 1.0318533198542548
decision_type=2 2 2 2 2 2 2 2 2 2 2 2 2 2 2 2 2 2 2 2 2 2 2
left_child=1 2 3 4 19 -5 20 9 -9 16 11 12 -7 14 -4 -15 17 -8 -18 -1 -3 -22 -10
right_child=-2 6 13 5 -6 10 7 8 22 -11 -12 -13 -14 15 -16 -17 18 -19 -20 -21 21 -23 -24
leaf_value=0.035219932029345459 -0.32416294233879717 -0.24543963166005478 0.43850998636022287 -0.069134100530179057 -0.18560006751338776 0.12383935606240613 -0.013145862119832508 0.11022475647297868 -0.091055747508904439 -0.33465509971551699 -0.0013806469985273573 0.26038261225607101 -0.0054022306612537818 0.44295929023491215 -0.037018512672275072 0.072081994715605544 -0.040656246473063901 -0.71550744923054266 0.0018962182586831134 0.10192724904118614 0.010450585244670841 -0.14966471261857156 -0.0079243792590319995
leaf_weight=98 395 168 115 135 170 281 75 84 31 94 140 122 149 439 111 116 80 88 112 80 29 36 52
leaf_count=98 395 168 115 135 170 281 75 84 31 94 140 122 149 439 111 116 80 88 112 80 29 36 52
internal_value=-0.00167188 0.00148841 0.00723415 0.00189362 -0.00646552 0.00541112 -0.0117491 -0.00819805 0.000748503 -0.0115256 0.00830925 0.0105072 0.00790698 0.0152689 0.0090708 0.0177928 -0.00838028 -0.0142638 -0.00338542 0.00870787 -0.0211373 -0.0134615 -0.00993976
internal_weight=3200 2805 1956 1175 348 827 849 616 167 449 692 552 430 781 226 555 355 163 192 178 233 65 83
internal_count=3200 2805 1956 1175 348 827 849 616 167 449 692 552 430 781 226 555 355 163 192 178 233 65 83
is_linear=0
shrinkage=0.05


Tree=30
num_leaves=24
num_cat=0
split_feature=0 4 5 5 5 0 0 5 0 0 0 0 0 0 0 0 0 0 0 0 0 0 0
split_gain=88.1467 80.5804 31.6366 11.068 9.22359 9.19485 21.5948 10.0621 6.62093 6.39617 4.40365 3.95846 8.62436 3.62904 16.6844 4.06497 3.29805 3.12689 10.7869 3.12567 4.81967 4.39993 2.54357
threshold=6.5000000000000009 1.0000000180025095e-35 0.96825008815090075 0.96518830504543096 1.1220565289214759 1.5000000000000002 1.0000000180025095e-35 0.73124667939799026 4.5000000000000009 3.5000000000000004 5.5000000000000009 1.5000000000000002 1.0000000180025095e-35 1.5000000000000002 1.0000000180025095e-35 5.5000000000000009 3.5000000000000004 1.5000000000000002 1.0000000180025095e-35 5.5000000000000009 4.5000000000000009 3.5000000000000004 4.5000000000000009
decision_type=2 2 2 2 2 2 2 2 2 2 2 2 2 2 2 2 2 2 2 2 2 2 2
left_child=1 2 5 -3 13 6 -1 16 9 11 -10 12 -5 14 -4 22 -7 18 -6 20 21 -9 -15
right_child=-2 3 4 8 17 7 -8 19 10 -11 -12 -13 -14 15 -16 -17 -18 -19 -20 -21 -22 -23 -24
leaf_value=0.040230455754037921 -0.30795479522185726 -0.15030536579798054 0.16907798733150409 0.0086287974475883541 0.49627404955903814 0.01323437560036176 -0.19678798580307844 0.07329844618520838 0.16590110423728641 -0.27716684562272675 -0.018040077885116104 -0.0036041640595965599 -0.67699086697890498 0.13865548605626329 -0.10460135717767188 0.016854149968646405 -0.10931168735699402 0.45584470464857535 -0.019282377740054282 -0.031950521550331068 0.21943675090269751 -0.024120478982698049 0.45400568660965174
leaf_weight=125 395 378 96 60 72 38 122 195 59 71 67 144 70 271 95 116 63 340 64 86 90 109 74
leaf_count=125 395 378 96 60 72 38 122 195 59 71 67 144 70 271 95 116 63 340 64 86 90 109 74
internal_value=-0.002 0.00111408 0.00669734 -0.0117491 0.0121454 -0.000724638 -0.00880567 0.00271084 -0.00663482 -0.0102174 0.0031746 -0.00675182 -0.0130769 0.00828221 0.00248691 0.0106833 -0.0116337 0.017437 0.0110294 0.00572917 0.00761421 0.00460526 0.0134058
internal_weight=3200 2805 1956 849 1128 828 247 581 471 345 126 274 130 652 191 461 101 476 136 480 394 304 345
internal_count=3200 2805 1956 849 1128 828 247 581 471 345 126 274 130 652 191 461 101 476 136 480 394 304 345
is_linear=0
shrinkage=0.05


Tree=31
num_leaves=24
num_cat=0
split_feature=0 4 5 5 0 0 5 5 0 0 0 0 0 0 0 0 5 0 0 0 0 0 0
split_gain=88.1467 76.2141 28.3594 11.3303 10.2329 19.8639 9.97143 8.58324 7.59385 7.67641 7.20047 5.17643 8.75172 3.57294 14.9611 3.74484 3.29063 3.02334 2.60891 4.58196 3.77982 2.54202 10.7869
threshold=6.5000000000000009 1.0000000180025095e-35 0.96825008815090075 0.84795607384656957 1.5000000000000002 1.0000000180025095e-35 0.73124667939799026 1.1220565289214759 4.5000000000000009 5.5000000000000009 3.5000000000000004 1.5000000000000002 1.0000000180025095e-35 1.5000000000000002 1.0000000180025095e-35 5.5000000000000009 0.98940698676654726 3.5000000000000004 5.5000000000000009 4.5000000000000009 3.5000000000000004 1.5000000000000002 1.0000000180025095e-35
decision_type=2 2 2 2 2 2 2 2 2 2 2 2 2 2 2 2 2 2 2 2 2 2 2
left_child=1 2 4 -3 5 -1 17 13 10 -10 11 12 -5 14 -4 -15 -11 -6 19 20 -8 22 -9
right_child=-2 3 7 8 6 -7 18 21 9 16 -12 -13 -14 15 -16 -17 -18 -19 -20 -21 -22 -23 -24
leaf_value=0.038218932966336189 -0.29255705546076438 -0.18871158620365291 0.16062408796492883 -0.015691992774366084 0.012572656820343654 -0.18694858651292456 0.069633523875948108 0.47146034708108608 0.074266009482552423 -0.089015538495879162 -0.31129328092219333 -0.020127497620621784 -0.64670691585560069 0.16483680667035047 -0.099371289318788317 0.016011442470214198 -0.011475907122794161 -0.10384610298914439 -0.030352995472814472 0.20846491335756279 -0.022914455033563111 0.4330524694161465 -0.01831825885305154
leaf_weight=125 395 196 96 80 38 122 195 72 93 26 100 196 94 345 95 116 64 63 86 90 109 340 64
leaf_count=125 395 196 96 80 38 122 195 72 93 26 100 196 94 345 95 116 64 63 86 90 109 340 64
internal_value=-0.002 0.00111408 0.00654397 -0.0113958 -0.000483092 -0.0090081 0.00314114 0.0117021 -0.00823124 0.000409836 -0.0115957 -0.00837838 -0.0146552 0.00797546 0.00222513 0.0103579 -0.01 -0.0111386 0.00614583 0.00786802 0.00493421 0.0168067 0.0110294
internal_weight=3200 2805 1956 849 828 247 581 1128 653 183 470 370 174 652 191 461 90 101 480 394 304 476 136
internal_count=3200 2805 1956 849 828 247 581 1128 653 183 470 370 174 652 191 461 90 101 480 394 304 476 136
is_linear=0
shrinkage=0.05


Tree=32
num_leaves=24
num_cat=0
split_feature=4 5 5 5 10 11 5 5 9 9 1 2 9 5 5 5 9 14 14 5 14 14 1
split_gain=66.2141 23.5644 9.14471 9.10033 5.58133 4.97257 4.18272 3.0069 1.39649 2.04035 1.22265 1.5413 1.14915 1.22466 1.14481 1.49191 1.40495 1.50677 1.43027 1.36626 1.05841 1.75374 1.62256
threshold=1.0000000180025095e-35 0.89960535725108992 1.1341559608270042 0.8773188062680034 1.0000000180025095e-35 0.22200725691921142 0.65310525781714035 1.0318533198542548 29162.615900621426 31175.651318285625 1.0000000180025095e-35 2028.0000000000002 33650.838829587505 1.0467413568464441 1.2318911036196878 1.1419130877912611 21183.803941201466 61873.267426970102 6549.9258968885997 1.1562379710581812 86855.933438378721 64825.168759174216 1.0000000180025095e-35
decision_type=2 2 2 2 2 2 2 2 2 2 2 2 2 2 2 2 2 2 2 2 2 2 2
left_child=1 6 5 -2 7 8 -1 -5 -3 -10 11 -9 -11 -14 15 -4 18 19 -17 -18 21 22 -15
right_child=3 2 14 4 -6 -7 -8 10 9 12 -12 -13 13 20 -16 16 17 -19 -20 -21 -22 -23 -24
leaf_value=-0.18107650259340816 -0.19508234309906847 0.057047810675731371 0.42363854678671875 -0.10674833547122003 0.1930390915413657 0.54613721542013671 -0.042898201129969497 -0.044149788678186044 -0.075277467273639334 0.095742212073747279 -0.061155796207989166 -0.18713683702203232 0.0014670252339787028 -0.015603520264673777 0.35590798387745509 0.23103655848434457 -0.074449723239112586 0.28678894526018811 0.45930457848352352 0.10687224365866257 -0.0040869346015483645 0.093582547057934395 0.10199429688578086
leaf_weight=63 269 252 25 285 23 30 567 37 34 41 262 94 481 57 213 21 21 68 28 118 63 48 100
leaf_count=63 269 252 25 285 23 30 567 37 34 41 262 94 481 57 213 21 21 68 28 118 63 48 100
internal_value=-0.0021875 0.00255605 0.00578125 -0.0130928 -0.0100927 0.00325497 -0.00563492 -0.0109145 0.00269517 0.00169903 -0.00807888 -0.0120229 0.00221519 0.00176903 0.0114372 0.00934164 0.00820313 0.00640097 0.0158163 0.00341727 0.00447761 0.00621951 0.00366242
internal_weight=3200 2230 1600 970 701 1106 630 678 1076 824 393 131 790 749 494 281 256 207 49 139 268 205 157
internal_count=3200 2230 1600 970 701 1106 630 678 1076 824 393 131 790 749 494 281 256 207 49 139 268 205 157
is_linear=0
shrinkage=0.05


Tree=33
num_leaves=24
num_cat=0
split_feature=0 5 0 0 0 0 0 5 0 0 5 5 0 0 5 0 9 5 14 14 5 5 5
split_gain=87.7734 36.9008 13.2652 47.0173 6.78966 18.8534 18.9499 5.578 3.66087 9.70975 3.64138 3.5769 2.99142 6.24774 2.29001 2.17659 1.67862 1.60318 1.5753 2.77677 1.54197 1.47966 1.4583
threshold=6.5000000000000009 0.89960535725108992 1.5000000000000002 1.0000000180025095e-35 3.5000000000000004 4.5000000000000009 5.5000000000000009 0.74913494031657268 1.5000000000000002 1.0000000180025095e-35 1.0361395693305118 1.2117169584834451 5.5000000000000009 4.5000000000000009 1.0628130287635416 3.5000000000000004 9570.5043563266754 1.0230214602660179 10599.099790861763 23822.300640224948 1.1220565289214759 0.94741581648001161 0.60007558834841868
decision_type=2 2 2 2 2 2 2 2 2 2 2 2 2 2 2 2 2 2 2 2 2 2 2
left_child=1 7 3 10 11 -6 20 22 9 -9 -3 17 13 15 -5 -10 -2 18 -4 -20 -7 -8 -1
right_child=16 2 4 14 5 6 21 8 12 -11 -12 -13 -14 -15 -16 -17 -18 -19 19 -21 -22 -23 -24
leaf_value=-0.29377712102598608 -0.1751887133888487 0.046494449582707459 -0.014581824223160745 -0.1669182365141616 -0.067037128400208701 0.21761261394545653 -0.051381810539614041 0.0022342422866426406 -0.0059498446669056905 -0.2309437956377261 0.25935188069049747 0.46417666287365195 -0.053465231934463023 0.13703097900696548 -0.11355579586867065 -0.066014103463782184 -0.28092286053509546 0.14222730896852695 0.12631802452805641 0.052669862354279222 0.64429637871092993 0.0079702726023601397 -0.12331156981475147
leaf_weight=35 20 104 27 145 275 172 20 83 167 77 170 91 83 72 146 92 375 263 44 153 108 265 213
leaf_count=35 20 104 27 145 275 172 20 83 167 77 170 91 83 72 146 92 375 263 44 153 108 265 213
internal_value=-0.00204688 0.00106061 0.0047529 -0.00172566 0.00733427 0.00446429 0.00969027 -0.00784672 -0.00513937 -0.0115625 0.0131387 0.0115052 -0.002657 -0.000528701 -0.0157216 -0.00415058 -0.0241139 0.00980493 0.00669643 0.00824873 0.0189286 0.000614035 -0.0141129
internal_weight=3200 2805 1983 565 1418 840 565 822 574 160 274 578 414 331 291 259 395 487 224 197 280 285 248
internal_count=3200 2805 1983 565 1418 840 565 822 574 160 274 578 414 331 291 259 395 487 224 197 280 285 248
is_linear=0
shrinkage=0.05


Tree=34
num_leaves=24
num_cat=0
split_feature=0 4 5 5 5 0 0 0 0 0 0 5 0 0 0 0 0 0 0 0 0 0 0
split_gain=86.1649 74.1878 24.7378 9.36191 7.99952 6.60446 21.1796 6.27084 5.98706 4.11367 12.624 4.64144 3.99184 4.54235 6.97585 3.75727 8.07692 3.38728 2.4073 2.39392 3.16925 9.20652 2.19299
threshold=6.5000000000000009 1.0000000180025095e-35 0.89960535725108992 1.1341559608270042 0.96518830504543096 1.5000000000000002 1.0000000180025095e-35 4.5000000000000009 3.5000000000000004 1.5000000000000002 1.0000000180025095e-35 0.73124667939799026 5.5000000000000009 4.5000000000000009 3.5000000000000004 1.5000000000000002 1.0000000180025095e-35 3.5000000000000004 5.5000000000000009 5.5000000000000009 1.5000000000000002 1.0000000180025095e-35 2.5000000000000004
decision_type=2 2 2 2 2 2 2 2 2 2 2 2 2 2 2 2 2 2 2 2 2 2 2
left_child=1 2 9 5 22 6 -4 8 15 10 -1 17 13 14 -7 16 -6 -11 -9 20 21 -5 -3
right_child=-2 4 3 19 7 12 -8 18 -10 11 -12 -13 -14 -15 -16 -17 -18 -19 -20 -21 -22 -23 -24
leaf_value=0.03156966393402634 -0.26418893883788819 -0.17149431039585983 0.13530515479116653 0.4427343315873502 -0.00015622312530894078 0.15719270917343486 -0.094354291630306619 0.13013554158052329 -0.24099961997668695 0.027163427599734648 -0.18883695338759471 0.021491998176664764 0.013688244303301645 0.3525712900152641 -0.00030801048832831415 -0.013665409495382974 -0.59712264923791059 -0.089330153239427015 -0.0086275338626676575 0.055933902198798083 0.4846259527463268 -0.015779772241676326 -0.091496612841539496
leaf_weight=90 395 156 137 66 60 276 148 59 71 38 76 288 151 123 138 144 70 63 67 56 249 57 222
leaf_count=90 395 156 137 66 60 276 148 59 71 38 76 288 151 123 138 144 70 63 67 56 249 57 222
internal_value=-0.00225 0.000828877 0.00618609 0.0097252 -0.0115135 0.00701439 0.000614035 -0.00716561 -0.0106522 -0.00274775 -0.00933735 6.42674e-05 0.0096657 0.0116853 0.00917874 -0.00729927 -0.0134615 -0.00915842 0.00238095 0.0158879 0.0173387 0.0107724 -0.0169312
internal_weight=3200 2805 1956 1401 849 973 285 471 345 555 166 389 688 537 414 274 130 101 126 428 372 123 378
internal_count=3200 2805 1956 1401 849 973 285 471 345 555 166 389 688 537 414 274 130 101 126 428 372 123 378
is_linear=0
shrinkage=0.05


Tree=35
num_leaves=24
num_cat=0
split_feature=0 4 5 5 5 0 0 0 0 0 0 0 5 0 0 0 0 0 0 9 5 0 0
split_gain=84.0593 70.064 23.6392 9.56229 8.19412 6.90846 21.1637 5.93642 7.09301 4.79392 8.818 4.20619 3.5395 3.38546 10.8548 4.20054 3.06855 4.18963 6.63106 2.2556 2.17565 2.16741 2.3234
threshold=6.5000000000000009 1.0000000180025095e-35 0.87497822591249685 1.1341559608270042 0.8773188062680034 1.5000000000000002 1.0000000180025095e-35 4.5000000000000009 3.5000000000000004 1.5000000000000002 1.0000000180025095e-35 5.5000000000000009 0.62638328471186322 1.5000000000000002 1.0000000180025095e-35 5.5000000000000009 3.5000000000000004 4.5000000000000009 5.5000000000000009 9570.5043563266754 0.99570643099281042 5.5000000000000009 1.5000000000000002
decision_type=2 2 2 2 2 2 2 2 2 2 2 2 2 2 2 2 2 2 2 2 2 2 2
left_child=1 2 12 5 -3 6 -4 8 9 10 -6 -9 -1 14 -14 -15 -7 -18 -19 -2 -13 22 -5
right_child=19 4 3 21 7 16 -8 11 -10 -11 -12 20 13 15 -16 -17 17 18 -20 -21 -22 -23 -24
leaf_value=-0.20543185363495964 -0.15321983077751186 -0.14982818881830492 0.12590464073326083 0.17090396833545754 -0.014233234473548073 0.13841030569670262 -0.093008525002471754 0.079759531305636788 -0.26841716328467918 -0.012982139020613915 -0.57000772656612564 -0.070915654975982401 0.02903402325917135 0.027262674597805694 -0.20605084432567475 -0.051830865605030231 -0.0016044113411798123 0.28889048460456873 0.029166078180197098 -0.25366727056644622 -0.0071745737206035725 0.053137207088858322 0.4603946551090104
leaf_weight=41 20 233 148 123 75 298 159 84 94 192 88 20 75 241 59 66 148 133 160 375 63 56 249
leaf_count=41 20 233 148 123 75 298 159 84 94 192 88 20 75 241 59 66 148 133 160 375 63 56 249
internal_value=-0.00226562 0.000775401 0.0059816 0.00912483 -0.0112191 0.00654876 0.0002443 -0.00819805 -0.0111915 -0.00795775 -0.0142638 -0.000149701 -0.00363071 -0.00232426 -0.00895522 0.000570033 0.00916779 0.00651927 0.00998294 -0.0238608 -0.00813253 0.0154206 0.0168011
internal_weight=3200 2805 1956 1474 849 1046 307 616 449 355 163 167 482 441 134 307 739 441 293 395 83 428 372
internal_count=3200 2805 1956 1474 849 1046 307 616 449 355 163 167 482 441 134 307 739 441 293 395 83 428 372
is_linear=0
shrinkage=0.05


Tree=36
num_leaves=24
num_cat=0
split_feature=0 4 5 0 0 0 0 0 5 5 5 5 0 0 0 0 0 0 0 0 0 0 0
split_gain=81.6199 65.4528 23.2126 7.13754 7.82241 6.57512 15.1172 6.42706 6.52588 6.31363 5.78263 5.59578 5.33951 8.99233 3.38728 3.17611 13.0704 3.44195 2.91963 5.95647 2.46244 9.44796 3.39174
threshold=6.5000000000000009 1.0000000180025095e-35 0.9289115094026722 4.5000000000000009 5.5000000000000009 1.5000000000000002 1.0000000180025095e-35 3.5000000000000004 0.87920273278234984 1.1341559608270042 0.73124667939799026 0.98940698676654726 1.5000000000000002 1.0000000180025095e-35 3.5000000000000004 1.0000000180025095e-35 1.5000000000000002 5.5000000000000009 4.5000000000000009 3.5000000000000004 1.0000000180025095e-35 1.5000000000000002 5.5000000000000009
decision_type=2 2 2 2 2 2 2 2 2 2 2 2 2 2 2 2 2 2 2 2 2 2 2
left_child=1 2 5 7 -5 6 -1 8 -3 15 14 -6 13 -10 -7 -4 -17 18 19 -18 -11 -22 -23
right_child=-2 3 9 4 11 10 -8 -9 12 20 -12 -13 -14 -15 -16 16 17 -19 -20 -21 21 22 -24
leaf_value=0.031031428793832739 -0.23972637597186194 -0.15218745618625817 0.13387636566725192 0.049073315388115192 -0.090065107741622713 0.030259485695676692 -0.15807678997403604 -0.2854372416745638 -0.011233003399910313 0.41205241659120961 0.034874807414758194 -0.005802125001163283 -0.011308319863177374 -0.54150734023781932 -0.080463252147722569 -0.078359570988328825 0.16184213572416939 0.025903987440551293 0.37773360321008909 -0.0017354983352738885 -0.023535982046365513 0.43737492235355974 0.05048034673441535
leaf_weight=106 395 139 121 113 55 38 98 126 74 66 368 64 190 88 63 126 237 145 110 116 57 249 56
leaf_count=106 395 139 121 113 55 38 98 126 74 66 368 64 190 88 63 126 237 145 110 116 57 249 56
internal_value=-0.00232812 0.000668449 0.00570041 -0.0109246 -0.00344828 -0.00182021 -0.00931373 -0.0137358 -0.0111507 0.00964536 0.00143923 -0.012395 -0.00752841 -0.0141975 -0.00915842 0.00716374 0.00592643 0.00896382 0.0110691 0.00885269 0.0146028 0.0129834 0.0164754
internal_weight=3200 2805 1956 849 232 673 204 617 491 1283 469 119 352 162 101 855 734 608 463 353 428 362 305
internal_count=3200 2805 1956 849 232 673 204 617 491 1283 469 119 352 162 101 855 734 608 463 353 428 362 305
is_linear=0
shrinkage=0.05


Tree=37
num_leaves=24
num_cat=0
split_feature=4 5 11 5 5 11 5 9 5 5 14 5 5 14 9 5 1 9 3 9 14 5 14
split_gain=57.245 20.6876 5.89268 5.96598 5.10774 5.38952 4.00388 2.66435 2.48244 2.24863 1.54458 1.32445 1.15064 1.06674 1.29651 0.952381 0.927481 0.868316 0.861278 1.29389 1.33046 1.19612 1.51007
threshold=1.0000000180025095e-35 0.96142143104897726 0.044665920879483081 1.0318533198542548 1.2300515734847874 0.22200725691921142 0.62638328471186322 5306.5141991444225 0.83593506997909406 0.74913494031657268 1402.6735795699062 1.1014988717077825 1.4048979785844435 37238.526862456951 41611.014946237839 0.75573630341626097 1.0000000180025095e-35 44092.706470907309 1.0000000180025095e-35 28331.450605681934 12808.792063378731 1.1475644911162104 35077.695214157946
decision_type=2 2 2 2 2 2 2 2 2 2 2 2 2 2 2 2 2 2 2 2 2 2 2
left_child=1 6 3 9 5 10 -1 -8 13 -2 11 -3 -6 14 -9 -16 -5 -15 19 -12 -21 -20 -23
right_child=2 4 -4 16 12 -7 7 8 -10 -11 18 -13 -14 17 15 -17 -18 -19 21 20 -22 22 -24
leaf_value=-0.2372246402151042 -0.21106259829476137 -0.070752102197960423 0.13927617144988177 -0.12993286391149256 0.20544560863038655 0.49923431570948207 0.26072382190306403 -0.049154128828332061 -0.016459993793264616 -0.10955011755880371 0.11654393021515511 0.099407232826720815 0.58649337133020585 0.021088431545163201 -0.14893131332991452 -0.093178434214719996 -0.062344481097164201 -0.052176609861006008 0.0057645085409497206 -0.032331930717641559 0.050216479620502422 -0.02504994968409191 0.30425377330335412
leaf_weight=45 99 60 31 131 198 36 20 110 519 447 144 38 25 36 20 28 262 139 223 29 502 20 38
leaf_count=45 99 60 31 131 198 36 20 110 519 447 144 38 25 36 20 28 262 139 223 29 502 20 38
internal_value=-0.0024375 0.00197309 -0.0125773 -0.0132854 0.00599772 0.00458716 -0.00378953 -0.00303899 -0.00346244 -0.0166667 0.00393738 -0.00204082 0.0128924 -0.00683183 -0.00981013 -0.0166667 -0.00858779 -0.00414286 0.00455021 0.00551852 0.00437853 0.0022242 0.00862069
internal_weight=3200 2230 970 939 1313 1090 917 872 852 546 1054 98 223 333 158 48 393 175 956 675 531 281 58
internal_count=3200 2230 970 939 1313 1090 917 872 852 546 1054 98 223 333 158 48 393 175 956 675 531 281 58
is_linear=0
shrinkage=0.05


Tree=38
num_leaves=24
num_cat=0
split_feature=0 4 5 0 0 0 5 5 5 0 0 0 0 0 0 5 0 0 0 0 0 0 0
split_gain=82.4733 58.3422 21.5953 7.55248 7.86046 7.17127 6.90553 6.42876 6.07536 6.09441 8.95873 4.45625 16.6096 4.26616 12.1223 4.51297 3.53039 3.38728 2.95227 5.91787 2.79696 9.63759 3.53796
threshold=6.5000000000000009 1.0000000180025095e-35 0.89960535725108992 4.5000000000000009 5.5000000000000009 3.5000000000000004 1.1341559608270042 0.98940698676654726 0.91131576306078255 1.5000000000000002 1.0000000180025095e-35 1.5000000000000002 1.0000000180025095e-35 1.5000000000000002 1.0000000180025095e-35 0.73124667939799026 5.5000000000000009 3.5000000000000004 4.5000000000000009 3.5000000000000004 1.0000000180025095e-35 1.5000000000000002 5.5000000000000009
decision_type=2 2 2 2 2 2 2 2 2 2 2 2 2 2 2 2 2 2 2 2 2 2 2
left_child=1 2 13 5 -5 8 11 -6 -3 10 -10 12 -4 14 -1 17 18 -15 19 -13 -8 -22 -23
right_child=-2 3 6 4 7 -7 20 -9 9 -11 -12 16 -14 15 -16 -17 -18 -19 -20 -21 21 22 -24
leaf_value=0.027515095137891521 -0.22817458854986761 -0.13105803592901905 0.11390934456370944 0.052097155496649707 -0.08008434647660137 -0.26599326345815993 0.38728078551575768 -0.00070508512588878251 -0.0063739882635156959 -0.0016027655930097142 -0.50872281845954925 0.13616222702039985 -0.08143074982340695 0.034725185606664689 -0.15954837093768967 0.019903764165197124 0.0070372621006317363 -0.073982383098919871 0.29910069714274279 1.4697165640953359e-06 -0.028210501578159963 0.40323520421839376 0.042802930283863463
leaf_weight=90 395 160 137 113 55 126 66 64 70 178 83 276 148 38 76 288 151 63 123 138 57 249 56
leaf_count=90 395 160 137 113 55 126 66 64 70 178 83 276 148 38 76 288 151 63 123 138 57 249 56
internal_value=-0.00234375 0.000668449 0.00541922 -0.0102768 -0.00258621 -0.0131686 0.00872591 -0.0115546 -0.0104379 -0.006571 -0.0138889 0.00639774 0.00114035 -0.00292793 -0.00963855 -6.42674e-05 0.00857558 -0.00915842 0.0104749 0.00845411 0.0140187 0.0122928 0.0158197
internal_weight=3200 2805 1956 849 232 617 1401 119 491 331 153 973 285 555 166 389 688 101 537 414 428 362 305
internal_count=3200 2805 1956 849 232 617 1401 119 491 331 153 973 285 555 166 389 688 101 537 414 428 362 305
is_linear=0
shrinkage=0.05


Tree=39
num_leaves=24
num_cat=0
split_feature=0 4 5 0 0 5 0 5 5 0 0 5 0 0 0 0 0 0 0 0 0 0 0
split_gain=79.0982 55.1727 19.6469 7.62896 7.39139 7.28525 6.1354 5.86952 5.80382 6.00191 9.51351 3.97014 4.28479 10.5033 3.85042 15.4837 3.33402 3.07904 2.93674 9.35751 3.89878 2.772 4.9719
threshold=6.5000000000000009 1.0000000180025095e-35 0.90257202809536718 4.5000000000000009 3.5000000000000004 1.1341559608270042 5.5000000000000009 0.98940698676654726 0.87920273278234984 1.5000000000000002 1.0000000180025095e-35 0.62638328471186322 1.5000000000000002 1.0000000180025095e-35 1.5000000000000002 1.0000000180025095e-35 5.5000000000000009 5.5000000000000009 1.0000000180025095e-35 1.5000000000000002 5.5000000000000009 4.5000000000000009 3.5000000000000004
decision_type=2 2 2 2 2 2 2 2 2 2 2 2 2 2 2 2 2 2 2 2 2 2 2
left_child=1 2 11 4 8 14 -5 -8 -3 10 -10 -1 13 -13 15 -4 -14 21 -7 -20 -21 22 -16
right_child=-2 3 5 6 -6 18 7 -9 9 -11 -12 12 16 -15 17 -17 -18 -19 19 20 -22 -23 -24
leaf_value=-0.17557674718012439 -0.21676585912237423 -0.12984167663121973 0.11546350150143213 0.049492297721817208 -0.25269360028525195 0.36791674623996989 -0.076080129152771292 -0.00066983086959435676 -0.0034383399767248693 -0.0048771040777577214 -0.48351832642501069 0.026800685172704064 0.026275817601469954 -0.14485912363749395 0.13032134438018694 -0.077359212332236554 -0.04657621085172492 0.0070365203583213189 -0.026799976499252056 0.38307344400747428 0.040662783769670342 0.29501473878247214 1.3962307358283966e-06
leaf_weight=41 395 139 136 113 126 66 55 64 74 190 88 87 291 70 271 148 76 150 57 249 56 122 136
leaf_count=41 395 139 136 113 126 66 55 64 74 190 88 87 291 70 271 148 76 150 57 249 56 122 136
internal_value=-0.00240625 0.000543672 0.0051636 -0.0101001 -0.0130065 0.0083573 -0.00237069 -0.0102941 -0.0102342 -0.00681818 -0.0138889 -0.00269912 -0.00152672 -0.00843949 0.00594496 0.00105634 0.00143052 0.00798969 0.013785 0.0120166 0.0154918 0.00978261 0.00780098
internal_weight=3200 2805 1956 849 617 1391 232 119 491 352 162 565 524 157 963 284 367 679 428 362 305 529 407
internal_count=3200 2805 1956 849 617 1391 232 119 491 352 162 565 524 157 963 284 367 679 428 362 305 529 407
is_linear=0
shrinkage=0.05


Tree=40
num_leaves=24
num_cat=0
split_feature=0 4 5 5 0 0 0 0 0 5 5 5 0 0 0 0 0 0 0 5 0 5 5
split_gain=76.5001 51.9123 18.6958 7.62272 7.28418 7.18255 6.1354 5.88485 8.20973 5.86952 4.8736 3.92338 4.16732 9.4884 3.7666 15.8824 3.88183 3.86004 7.15884 3.32988 3.23731 3.09622 2.96331
threshold=6.5000000000000009 1.0000000180025095e-35 0.90257202809536718 1.1687916513517889 4.5000000000000009 3.5000000000000004 5.5000000000000009 1.5000000000000002 1.0000000180025095e-35 0.98940698676654726 0.91580211169285297 0.62638328471186322 1.5000000000000002 1.0000000180025095e-35 1.5000000000000002 1.0000000180025095e-35 5.5000000000000009 4.5000000000000009 3.5000000000000004 1.0957729233068609 5.5000000000000009 0.94741581648001161 1.044047398982596
decision_type=2 2 2 2 2 2 2 2 2 2 2 2 2 2 2 2 2 2 2 2 2 2 2
left_child=1 2 11 14 5 7 -6 8 21 -8 -9 -1 13 -13 15 22 17 18 -16 -20 -14 -3 -4
right_child=-2 4 3 -5 6 -7 9 10 -10 -11 -12 12 20 -15 16 -17 -18 -19 19 -21 -22 -23 -24
leaf_value=-0.16679790982111822 -0.20592756616625554 -0.088772077261477914 0.040274951281487503 0.2753532436624937 0.04701768283572641 -0.24005892027098935 -0.072276122695132727 -0.070052033547554779 -0.5234231126646709 -0.00063633932611466553 0.00085483090615348092 0.02546065091406895 0.024962026721396316 -0.13761616745561919 0.1376655292512643 -0.070624002137479366 0.0026231303450401813 0.31790565631609446 0.012363987412322431 -0.066013843250349785 -0.044247400309138651 0.010073518194490916 0.25110251142397966
leaf_weight=41 395 41 84 332 113 126 55 96 119 64 172 87 291 70 298 158 160 142 114 35 76 63 68
leaf_count=41 395 41 84 332 113 126 55 96 119 64 172 87 291 70 298 158 160 142 114 35 76 63 68
internal_value=-0.0025 0.00040107 0.00488241 0.00799784 -0.00992344 -0.0127634 -0.00237069 -0.0100305 -0.0160314 -0.0102941 -0.00503731 -0.00278761 -0.00162214 -0.00843949 0.0059254 0.00129032 0.00784379 0.00971986 0.00743848 -0.00151007 0.00129428 -0.00576923 0.0128289
internal_weight=3200 2805 1956 1391 849 617 232 491 223 119 268 565 524 157 1059 310 749 589 447 149 367 104 152
internal_count=3200 2805 1956 1391 849 617 232 491 223 119 268 565 524 157 1059 310 749 589 447 149 367 104 152
is_linear=0
shrinkage=0.05


Tree=41
num_leaves=24
num_cat=0
split_feature=0 4 5 5 0 0 0 5 0 0 5 0 0 0 0 0 5 5 5 5 0 0 0
split_gain=72.5597 49.0993 17.3281 8.21727 6.94737 7.51423 6.1354 5.86952 5.60785 9.05122 4.61599 4.22929 15.5269 4.01198 4.11238 7.90799 3.20513 3.1393 2.90087 2.78955 2.67852 6.08103 2.93313
threshold=6.5000000000000009 1.0000000180025095e-35 0.83593506997909406 1.1687916513517889 4.5000000000000009 3.5000000000000004 5.5000000000000009 0.98940698676654726 1.5000000000000002 1.0000000180025095e-35 0.74913494031657268 1.5000000000000002 1.0000000180025095e-35 5.5000000000000009 4.5000000000000009 3.5000000000000004 0.85380591520152427 1.0506079456439381 1.0957729233068609 0.62638328471186322 1.5000000000000002 1.0000000180025095e-35 3.5000000000000004
decision_type=2 2 2 2 2 2 2 2 2 2 2 2 2 2 2 2 2 2 2 2 2 2 2
left_child=1 2 19 11 5 8 -6 -8 9 16 -10 12 17 14 15 -13 -3 -4 -17 -1 21 -21 -22
right_child=-2 4 3 -5 6 -7 7 -9 10 -11 -12 13 -14 -15 -16 18 -18 -19 -20 20 22 -23 -24
leaf_value=-0.15845801433006237 -0.19563118785794276 -0.11589705694152244 0.030376756792595574 0.261585581479369 0.044666798693940107 -0.22805597425743987 -0.068662316560376094 -0.0006045223598089678 -0.12295758214923397 -0.49725195703143732 -0.014809550813403228 0.10637888184977129 -0.073695085666522345 0.00156554861340652 0.24512380370241119 0.0015623014678766368 -0.0021980062240934298 0.24084316094954197 -0.062713151087832139 0.0012090823724097534 0.061637904485258591 -0.18344968285796404 -0.034323147339152808
leaf_weight=41 395 24 121 332 113 126 55 64 30 119 238 361 186 189 171 146 80 65 35 53 80 42 134
leaf_count=41 395 24 121 332 113 126 55 64 30 119 238 361 186 189 171 146 80 65 35 53 80 42 134
internal_value=-0.00253125 0.000294118 0.00465235 0.00684932 -0.00974676 -0.0125203 -0.00237069 -0.0102941 -0.00972505 -0.015583 -0.00485075 0.00502355 0.000537634 0.00687361 0.00859046 0.00645756 -0.00480769 0.0107527 -0.00207182 -0.00542857 -0.00380259 -0.0107895 -0.000700935
internal_weight=3200 2805 1956 1606 849 617 232 119 491 223 268 1274 372 902 713 542 104 186 181 350 309 95 214
internal_count=3200 2805 1956 1606 849 617 232 119 491 223 268 1274 372 902 713 542 104 186 181 350 309 95 214
is_linear=0
shrinkage=0.05


Tree=42
num_leaves=24
num_cat=0
split_feature=4 5 5 11 11 5 9 5 5 5 5 9 14 14 14 14 9 5 9 14 5 9 5
split_gain=43.2959 16.6119 6.23074 6.15876 5.10636 4.80433 3.76398 3.57121 2.55883 2.3374 1.50629 1.08191 1.02075 1.01693 1.70271 3.0645 1.77331 1.54932 2.09703 1.34653 1.48074 1.23412 1.04231
threshold=1.0000000180025095e-35 0.96142143104897726 1.1705535533486953 0.044665920879483081 0.22200725691921142 1.0318533198542548 5306.5141991444225 0.81129936193001229 0.74913494031657268 1.4048979785844435 0.62638328471186322 32699.8895881305 37238.526862456951 1402.6735795699062 30502.825107287932 32429.008841743827 13541.841930171619 1.1109203529368898 44728.741984705419 85286.644700164819 1.0751101597699455 87812.851071081692 1.1475644911162104
decision_type=2 2 2 2 2 2 2 2 2 2 2 2 2 2 2 2 2 2 2 2 2 2 2
left_child=1 6 4 5 13 8 -1 10 -2 11 -8 -4 -12 -3 16 -16 -15 19 -19 21 -21 -17 -18
right_child=3 2 9 -5 -6 -7 7 -9 -10 -11 12 -13 -14 14 15 17 22 18 -20 20 -22 -23 -24
leaf_value=0.24232915702074209 -0.17781400196717209 -0.025279101485044642 0.19259778358094889 0.13333409235628846 0.44976024544328691 -0.071722275688516565 -0.19662265548283742 -0.019014245340359184 -0.092906233576377423 0.52150047607824035 -0.068627544798703075 0.11736820193797365 -0.038690766161684126 -0.018873952289802889 -0.055249391341423863 0.012334993786438986 0.05313649129770362 -0.0086189788739773118 0.16119650042649952 -0.014266583244348041 -0.058630336632485763 0.086264209830922145 -0.072963207900792609
leaf_weight=20 99 83 121 31 29 393 45 586 447 25 128 233 138 23 21 227 231 37 85 99 28 48 23
leaf_count=20 99 83 121 31 29 393 45 586 447 25 128 233 138 23 21 227 231 37 85 99 28 48 23
internal_value=-0.002625 0.00121076 0.00481721 -0.0114433 0.00262313 -0.0121672 -0.00395311 -0.00443144 -0.0152015 0.0102243 -0.00876206 0.00918079 -0.00733083 0.00196133 0.00249392 0.00087156 0.00568592 0.00162214 0.00655738 0.000124378 -0.00413386 0.00209091 0.00688976
internal_weight=3200 2230 1313 970 934 939 917 897 546 379 311 354 266 905 822 545 277 524 122 402 127 275 254
internal_count=3200 2230 1313 970 934 939 917 897 546 379 311 354 266 905 822 545 277 524 122 402 127 275 254
is_linear=0
shrinkage=0.05


Tree=43
num_leaves=24
num_cat=0
split_feature=0 4 5 0 0 0 0 5 5 0 0 0 5 5 11 5 0 0 0 0 0 0 5
split_gain=72.2211 42.4802 16.0998 7.78053 7.63808 6.62508 9.05122 5.17014 5.09369 4.74314 11.9487 4.65304 5.27167 4.14083 3.22695 3.20513 2.84226 2.43646 8.71944 2.91187 4.25293 6.16485 2.86155
threshold=6.5000000000000009 1.0000000180025095e-35 0.9289115094026722 4.5000000000000009 3.5000000000000004 1.5000000000000002 1.0000000180025095e-35 1.1687916513517889 0.74913494031657268 1.5000000000000002 1.0000000180025095e-35 5.5000000000000009 0.98940698676654726 0.73124667939799026 0.35637217371329116 0.85380591520152427 3.5000000000000004 1.0000000180025095e-35 1.5000000000000002 3.5000000000000004 4.5000000000000009 5.5000000000000009 1.0957729233068609
decision_type=2 2 2 2 2 2 2 2 2 2 2 2 2 2 2 2 2 2 2 2 2 2 2
left_child=1 2 9 4 5 6 15 14 -7 10 -1 -5 -13 16 17 -3 -11 -4 -19 -20 22 -22 -21
right_child=-2 3 7 11 -6 8 -8 -9 -10 13 -12 12 -14 -15 -16 -17 -18 18 19 20 21 -23 -24
leaf_value=0.024010495176693427 -0.18425012873863783 -0.10121150399608769 0.12366054084897585 0.047078770438062106 -0.2125374628129455 -0.10791900294341375 -0.46880324539543961 0.24096471967737046 -0.0097478186572740114 0.030761046816522877 -0.12208168630201879 -0.058852330572262981 0.0031970456434694764 0.023791049179498813 0.4618158384158248 0.0020276068187336628 -0.061272048692071659 -0.058973705574339612 0.13149131025911168 0.0024766968168229656 0.32183730153258616 0.002200600344953685 -0.060502335479141148
leaf_weight=106 395 24 136 113 126 30 119 332 238 38 98 55 64 368 26 80 63 132 255 91 126 151 34
leaf_count=106 395 24 136 113 126 30 119 332 238 38 98 55 64 368 26 80 63 132 255 91 126 151 34
internal_value=-0.00257813 0.000240642 0.00429448 -0.00909894 -0.012034 -0.00921589 -0.015583 0.00757989 -0.00391791 -0.0019688 -0.00833333 -0.0012931 -0.00819328 0.000799574 0.00570452 -0.00480769 -0.00816832 0.00521622 0.00415082 0.00650685 0.00385572 0.00731047 -0.0038
internal_weight=3200 2805 1956 849 617 491 223 1283 268 673 204 232 119 469 951 104 101 925 789 657 402 277 125
internal_count=3200 2805 1956 849 617 491 223 1283 268 673 204 232 119 469 951 104 101 925 789 657 402 277 125
is_linear=0
shrinkage=0.05


Tree=44
num_leaves=24
num_cat=0
split_feature=0 4 5 0 0 0 0 0 0 5 0 5 5 5 0 0 0 0 0 5 0 0 0
split_gain=69.9724 38.8462 14.0658 7.85815 7.8652 7.0557 9.05122 4.74314 11.9487 4.43758 4.38112 4.82736 4.14083 4.04186 4.38965 7.38935 4.88815 4.31562 12.1448 3.20513 2.84226 2.77067 5.43379
threshold=6.5000000000000009 1.0000000180025095e-35 0.9289115094026722 4.5000000000000009 3.5000000000000004 1.5000000000000002 1.0000000180025095e-35 1.5000000000000002 1.0000000180025095e-35 0.74913494031657268 5.5000000000000009 0.98940698676654726 0.73124667939799026 1.1109203529368898 1.0000000180025095e-35 1.5000000000000002 5.5000000000000009 4.5000000000000009 3.5000000000000004 0.85380591520152427 3.5000000000000004 1.5000000000000002 1.0000000180025095e-35
decision_type=2 2 2 2 2 2 2 2 2 2 2 2 2 2 2 2 2 2 2 2 2 2 2
left_child=1 2 7 4 5 6 19 8 -1 -7 -5 -12 20 21 -15 -16 17 18 -17 -3 -9 22 -4
right_child=-2 3 13 10 -6 9 -8 12 -10 -11 11 -13 -14 14 15 16 -18 -19 -20 -21 -22 -23 -24
leaf_value=0.022809970417858594 -0.17503762230170594 -0.096150928796283355 0.090190874483963776 0.044724831916158975 -0.20191058967229819 -0.10252305279624299 -0.44536308312566758 0.029222994475696762 -0.11597760198691792 -0.0092604277244102921 -0.05590971404364984 0.003037193361295998 0.022601496720523785 0.29946287375569475 -0.06780082858724637 0.29955357044489583 -0.00059571617916169832 0.60738666499569516 -0.038768195441039315 0.001926226477797055 -0.058208446257468086 0.068001933395249917 -0.053547785269709894
leaf_weight=106 395 24 108 113 126 30 119 38 98 238 55 64 368 79 72 148 73 89 61 80 63 542 111
leaf_count=106 395 24 108 113 126 30 119 38 98 238 55 64 368 79 72 148 73 89 61 80 63 542 111
internal_value=-0.00276563 8.91266e-06 0.00388548 -0.00892226 -0.011872 -0.00901222 -0.015583 -0.0019688 -0.00833333 -0.00354478 -0.00107759 -0.00777311 0.000799574 0.00695635 0.0103448 0.00840858 0.0112534 0.014094 0.0101675 -0.00480769 -0.00816832 0.00463206 -0.000114155
internal_weight=3200 2805 1956 849 617 491 223 673 204 268 232 119 469 1283 522 443 371 298 209 104 101 761 219
internal_count=3200 2805 1956 849 617 491 223 673 204 268 232 119 469 1283 522 443 371 298 209 104 101 761 219
is_linear=0
shrinkage=0.05


Tree=45
num_leaves=24
num_cat=0
split_feature=0 4 5 0 0 0 0 0 0 0 0 0 0 0 5 5 5 0 5 0 5 0 0
split_gain=65.1202 36.4637 13.3703 8.87696 12.537 7.62395 8.09564 7.01164 9.48737 6.65569 7.59189 6.35959 6.90044 9.54883 4.99069 4.52942 3.62826 3.35041 3.99741 2.6963 2.59615 2.53745 4.11379
threshold=6.5000000000000009 1.0000000180025095e-35 1.0482500543113968 1.5000000000000002 1.0000000180025095e-35 4.5000000000000009 3.5000000000000004 1.5000000000000002 1.0000000180025095e-35 1.0000000180025095e-35 1.5000000000000002 3.5000000000000004 4.5000000000000009 5.5000000000000009 0.76370294337030165 0.74913494031657268 1.1762062948085645 5.5000000000000009 0.98940698676654726 5.5000000000000009 0.85380591520152427 4.5000000000000009 3.5000000000000004
decision_type=2 2 2 2 2 2 2 2 2 2 2 2 2 2 2 2 2 2 2 2 2 2 2
left_child=1 2 3 4 -1 6 7 8 20 -4 -11 -12 -13 -14 -5 -9 -2 -7 -19 21 -3 22 -16
right_child=16 5 9 14 -6 17 -8 15 -10 10 11 12 13 -15 19 -17 -18 18 -20 -21 -22 -23 -24
leaf_value=0.021669471896965577 -0.17423814803077597 -0.09134338235646916 0.26346320696147102 -0.031702759232447877 -0.091271091329889142 0.042488590320350995 -0.19181506018868327 -0.097396900156430821 -0.42309492896938422 -0.06297632079767386 0.24333094252461296 -0.020737874357823573 0.49283929310940594 -0.00093622972023741377 0.059167512817757034 -0.0087974063381897945 -0.057062206398274556 -0.053114228341467312 0.0028853336932312072 -0.010585259351239263 0.001829915153907269 0.13070039514116338 -0.0095481808741102025
leaf_weight=178 331 24 115 135 170 113 126 30 119 111 221 97 121 116 281 238 64 55 64 140 80 122 149
leaf_count=178 331 24 115 135 170 113 126 30 119 111 221 97 121 116 281 238 64 55 64 140 80 122 149
internal_value=-0.00282813 -0.000151515 0.00360429 0.000234043 -0.00646552 -0.00880448 -0.0117099 -0.00880855 -0.0153587 0.00867478 0.00675676 0.00914414 0.00479042 0.00938819 0.0030532 -0.00335821 -0.0218354 -0.00107759 -0.00693277 0.00476879 -0.00432692 0.00634058 0.00453488
internal_weight=3200 2805 1956 1175 348 849 617 491 223 781 666 555 334 237 827 268 395 232 119 692 104 552 430
internal_count=3200 2805 1956 1175 348 849 617 491 223 781 666 555 334 237 827 268 395 232 119 692 104 552 430
is_linear=0
shrinkage=0.05


Tree=46
num_leaves=24
num_cat=0
split_feature=0 4 5 0 0 0 0 0 0 0 0 0 5 5 5 0 0 0 5 0 5 0 0
split_gain=63.8311 34.7407 12.4269 7.73788 12.0819 7.39329 8.32941 6.96771 9.10563 5.13998 6.6899 5.0947 4.6222 4.05269 4.04146 3.62957 9.42784 7.81696 3.54446 3.35041 3.99741 3.11294 6.30323
threshold=6.5000000000000009 1.0000000180025095e-35 1.0909807188221152 1.5000000000000002 1.0000000180025095e-35 4.5000000000000009 3.5000000000000004 1.5000000000000002 1.0000000180025095e-35 1.0000000180025095e-35 1.5000000000000002 5.5000000000000009 0.74913494031657268 0.93494121085454296 0.62638328471186322 3.5000000000000004 4.5000000000000009 5.5000000000000009 1.1762062948085645 5.5000000000000009 0.98940698676654726 4.5000000000000009 3.5000000000000004
decision_type=2 2 2 2 2 2 2 2 2 2 2 2 2 2 2 2 2 2 2 2 2 2 2
left_child=1 2 3 4 -1 6 7 8 -3 -4 -11 14 -9 -6 -5 -12 -17 -18 -2 -7 -21 22 -16
right_child=18 5 9 11 13 19 -8 12 -10 10 15 -13 -14 -15 21 16 17 -19 -20 20 -22 -23 -24
leaf_value=0.023442279645436062 -0.16552624062923718 -0.019332114691716563 0.25362800268778934 -0.082929183119713201 -0.1067044639111539 0.04036416080433352 -0.18222430717924915 -0.092527055148609358 -0.40194018252091501 -0.063190572510557083 0.24937338008498139 -0.020148569126599371 -0.0083575360212803321 -0.041980310205108395 0.065687323389071753 -0.032156073695649927 0.48619044853207039 0.03430051449703591 -0.054209096078360823 -0.050458516924393938 0.0027410670085696864 0.15516225386966306 -0.021747204927753928
leaf_weight=204 331 104 89 27 100 113 126 30 119 86 168 203 238 95 368 72 102 83 64 55 64 155 204
leaf_count=204 331 104 89 27 100 113 126 30 119 86 168 203 238 95 368 72 102 83 64 55 64 155 204
internal_value=-0.00289063 -0.000240642 0.00342536 0.000774336 -0.00507519 -0.00868669 -0.0115478 -0.00860489 -0.0151345 0.00941667 0.00748532 0.00321317 -0.00317164 -0.0139744 0.0051061 0.0100588 0.00632296 0.0122973 -0.0217089 -0.00107759 -0.00693277 0.00581155 0.00410839
internal_weight=3200 2805 1956 1356 399 849 617 491 223 600 511 957 268 195 754 425 257 185 395 232 119 727 572
internal_count=3200 2805 1956 1356 399 849 617 491 223 600 511 957 268 195 754 425 257 185 395 232 119 727 572
is_linear=0
shrinkage=0.05


Tree=47
num_leaves=24
num_cat=0
split_feature=0 4 0 0 0 0 11 0 0 0 0 0 0 9 9 14 14 1 1 9 14 9 2
split_gain=63.2915 33.1155 7.35437 7.01008 6.96771 9.10563 6.54596 6.15989 21.7451 7.43013 10.1865 14.3054 3.1203 2.39232 2.03306 1.9175 1.42817 1.12743 1.09896 1.09353 1.04202 1.04008 0.927284
threshold=6.5000000000000009 1.0000000180025095e-35 4.5000000000000009 3.5000000000000004 1.5000000000000002 1.0000000180025095e-35 0.22200725691921142 1.5000000000000002 1.0000000180025095e-35 5.5000000000000009 4.5000000000000009 3.5000000000000004 5.5000000000000009 12594.434387547166 15932.597226141766 17770.994919895984 18596.678536873587 1.5000000000000002 1.0000000180025095e-35 54424.705973765835 110690.26121674677 31175.651318285625 2028.0000000000002
decision_type=2 2 2 2 2 2 2 2 2 2 2 2 2 2 2 2 2 2 2 2 2 2 2
left_child=1 6 3 4 5 14 7 8 21 10 11 -9 16 -2 -3 -6 -4 -13 -18 -11 -17 -1 -12
right_child=13 2 12 -5 15 -7 -8 9 -10 19 22 17 -14 -15 -16 20 18 -19 -20 -21 -22 -23 -24
leaf_value=0.018983787276611076 -0.11779416671567802 0.054300840086310934 0.12420004966720946 -0.1731130918202867 0.012713673139940519 -0.38184317339486928 0.43019193795983668 0.097717130305063196 -0.075396773010091067 0.0035983662599491598 0.13222650872675423 -0.026840797184513401 -0.020421415050814407 -0.15021031779484645 -0.028046724060506279 -0.03844681038705975 -0.026050893019343848 0.0055268401292576826 0.050494370433882808 -0.022114038029339159 0.019327816137351839 0.10427465530506518 0.29045316894074169
leaf_weight=70 29 20 29 126 71 119 47 533 277 161 77 237 119 366 84 175 25 38 59 117 22 218 181
leaf_count=70 29 20 29 126 71 119 47 533 277 161 77 237 119 366 84 175 25 38 59 117 22 218 181
internal_value=-0.00284375 -0.000204991 -0.00845112 -0.0113047 -0.00860489 -0.0151345 0.00337423 0.00292038 -0.00146018 0.0047619 0.00666041 0.00389851 -0.000862069 -0.0215823 -0.00432692 -0.00317164 0.0050885 -0.00536364 0.00178571 -0.00251799 -0.00571066 0.00815972 0.0153101
internal_weight=3200 2805 849 617 491 223 1956 1909 565 1344 1066 808 232 395 104 268 113 275 84 278 197 288 258
internal_count=3200 2805 849 617 491 223 1956 1909 565 1344 1066 808 232 395 104 268 113 275 84 278 197 288 258
is_linear=0
shrinkage=0.05


Tree=48
num_leaves=24
num_cat=0
split_feature=0 4 5 5 0 0 0 0 0 0 5 5 0 0 0 0 0 11 5 1 0 14 5
split_gain=59.9173 33.016 13.6388 7.31598 7.03405 7.84321 7.04395 11.1931 6.29281 9.98088 5.53155 4.18265 4.13493 6.66697 4.45341 4.03224 10.7914 3.19084 3.03361 2.77209 2.4104 2.33654 2.29462
threshold=6.5000000000000009 1.0000000180025095e-35 1.0482500543113968 0.74913494031657268 4.5000000000000009 3.5000000000000004 1.5000000000000002 1.0000000180025095e-35 1.5000000000000002 1.0000000180025095e-35 0.68410257159097154 1.1762062948085645 1.0000000180025095e-35 1.5000000000000002 5.5000000000000009 4.5000000000000009 3.5000000000000004 0.22200725691921142 0.93494121085454296 1.0000000180025095e-35 5.5000000000000009 18596.678536873587 0.98940698676654726
decision_type=2 2 2 2 2 2 2 2 2 2 2 2 2 2 2 2 2 2 2 2 2 2 2
left_child=1 2 8 -3 5 6 7 -5 9 -1 -10 -2 -4 -14 15 16 -15 -12 -11 -20 21 -6 -22
right_child=11 3 12 4 20 -7 -8 -9 10 18 17 -13 13 14 -16 -17 -18 -19 19 -21 22 -23 -24
leaf_value=0.015321018164645574 -0.14973941270803301 -0.12480892831582208 0.23239491371375501 -0.0008429260722205179 0.15379314885671322 -0.16026830527345465 -0.0083895858839812664 -0.35139413686370441 -0.062666678959646574 -0.097599402065091656 0.024006138100366406 -0.044798529161679659 -0.052898137481757784 0.2154013956853966 0.00048763003497285243 0.436535461916159 -0.016751137095924306 0.36753743913638676 -0.068897750646535985 0.0016521071807234834 -0.027477684082957768 0.031577096403355757 0.0036250844106819006
leaf_weight=178 331 88 115 88 26 115 238 109 62 100 740 64 111 221 116 121 97 25 23 47 43 78 64
leaf_count=178 331 88 115 88 26 115 238 109 62 100 740 64 111 221 116 121 97 25 23 47 43 78 64
internal_value=-0.00284375 -0.000276292 0.00329755 -0.00851001 -0.00693167 -0.00990909 -0.00683908 -0.0138325 -0.000106383 -0.00574713 0.00226723 -0.0210759 0.00841869 0.00690691 0.00914414 0.0114465 0.00849057 0.00343137 -0.0144118 -0.00642857 0.000829384 0.00625 -0.00443925
internal_weight=3200 2805 1956 849 761 550 435 197 1175 348 827 395 781 666 555 439 318 765 170 70 211 104 107
internal_count=3200 2805 1956 849 761 550 435 197 1175 348 827 395 781 666 555 439 318 765 170 70 211 104 107
is_linear=0
shrinkage=0.05


Tree=49
num_leaves=24
num_cat=0
split_feature=0 5 11 5 0 0 0 0 0 0 0 5 5 0 0 0 14 5 5 2 14 14 1
split_gain=58.4676 19.0033 9.74911 8.57485 6.97129 9.89929 4.45705 13.7469 4.17611 12.2551 7.53405 4.00361 2.23191 2.13419 5.82099 4.677 2.10295 1.5553 1.48466 1.31067 1.42886 1.31242 1.24103
threshold=6.5000000000000009 1.0506079456439381 0.35637217371329116 0.76370294337030165 1.5000000000000002 1.0000000180025095e-35 1.0000000180025095e-35 1.5000000000000002 3.5000000000000004 4.5000000000000009 5.5000000000000009 1.1762062948085645 1.2117169584834451 3.5000000000000004 4.5000000000000009 5.5000000000000009 26486.958992110656 1.1955684557695698 0.93494121085454296 2032.5000000000002 95498.046038348723 26308.611698708122 1.0000000180025095e-35
decision_type=2 2 2 2 2 2 2 2 2 2 2 2 2 2 2 2 2 2 2 2 2 2 2
left_child=1 2 3 -1 5 -5 17 -8 12 -10 -11 -2 -9 16 19 -16 -6 -3 -7 20 -15 -21 -20
right_child=11 6 -4 4 13 18 7 8 9 10 -12 -13 -14 14 15 -17 -18 -19 22 21 -22 -23 -24
leaf_value=-0.07487991972478758 -0.14225244207263135 0.095317374051864689 0.28638581900140586 0.0039638873251274026 0.038107416799450712 -0.1006418975453503 -0.096898437507012242 0.08085839157487662 -0.045629073477550013 0.30875637147507984 0.0025826125523375158 -0.04255860270359571 0.23655236827434792 -0.11127974087191 0.061301375236469016 -0.017748761071763753 -0.00017340808839900746 0.36902462611593895 -0.17491588824615523 0.01900514890860219 -0.002099930618205903 -0.068022250646018287 -0.069622155138006112
leaf_weight=294 331 105 42 189 140 101 154 227 143 158 161 64 91 117 181 196 261 50 39 22 22 47 65
leaf_count=294 331 105 42 189 140 101 154 227 143 158 161 64 91 117 181 196 261 50 39 22 22 47 65
internal_value=-0.0028125 -0.000276292 -0.00355478 -0.00415173 -0.0025 -0.00812183 0.00488981 0.00358672 0.00628205 0.00324675 0.00869906 -0.0208228 0.0106918 -0.00025355 -0.00217949 0.0015252 0.00255611 0.0127419 -0.0157317 -0.00889423 -0.0116906 -0.00326087 -0.0115385
internal_weight=3200 2805 1716 1674 1380 394 1089 934 780 462 319 395 318 986 585 377 401 155 205 208 139 69 104
internal_count=3200 2805 1716 1674 1380 394 1089 934 780 462 319 395 318 986 585 377 401 155 205 208 139 69 104
is_linear=0
shrinkage=0.05


Tree=50
num_leaves=24
num_cat=0
split_feature=4 5 9 11 5 5 5 5 5 10 14 9 14 9 5 5 5 9 9 5 14 14 14
split_gain=36.0219 14.6835 7.14979 5.81618 5.00056 4.8895 3.47872 2.61246 1.76982 1.49346 1.44168 1.96284 1.29531 1.40135 1.27526 1.22965 1.15542 1.12014 1.35101 1.21551 1.10009 1.04853 1.0314
threshold=1.0000000180025095e-35 1.0909807188221152 3686.8949695213191 0.044665920879483081 0.83031990462031346 1.0295092369820498 1.3880365691873817 0.74913494031657268 0.60007558834841868 1.0000000180025095e-35 94697.061392937103 95672.898051363154 37238.526862456951 41611.014946237839 1.2146241262485249 1.2034268836810338 0.75573630341626097 45644.487880980865 66030.091633209595 1.0295092369820498 77438.261590318682 22461.179490210492 14322.210378473976
decision_type=2 2 2 2 2 2 2 2 2 2 2 2 2 2 2 2 2 2 2 2 2 2 2
left_child=1 2 -1 5 8 7 9 -2 -4 14 11 17 13 -10 15 -3 -15 22 19 -19 -13 -9 -6
right_child=3 6 4 -5 10 -7 -8 21 12 -11 -12 20 -14 16 -16 -17 -18 18 -20 -21 -22 -23 -24
leaf_value=0.37878447604905968 -0.14399830867544258 0.056405477857259717 -0.20405689810830929 0.11649807603901348 -0.016342078382912819 -0.055496440974560461 0.41628077692449494 -0.064732998455128324 -0.042476628636521602 0.38225936771012847 -0.024699298219178448 0.02720098347053064 -0.030396974285757852 -0.12945692820144253 0.11050326010882437 -0.030753958612210575 -0.033753200660167869 -0.053608094318894399 0.0038846178690716826 0.0046603509519062671 0.058880028457436853 -0.094670600672732697 0.018943110115362052
leaf_weight=31 99 388 28 31 161 399 35 126 115 23 173 48 175 23 214 29 26 154 154 54 27 315 372
leaf_count=31 99 388 28 31 161 399 35 126 115 23 173 48 175 23 214 29 26 154 154 54 27 315 372
internal_value=-0.00278125 0.000717489 -0.00199546 -0.0108247 -0.00248344 -0.0115282 0.0067852 -0.0146296 -0.00756131 0.0059633 -0.000853018 -0.000103093 -0.00656342 -0.0097561 0.00550713 0.00389688 -0.0168367 -0.00075419 -0.00290055 -0.00552885 0.00766667 -0.0129819 0.000703565
internal_weight=3200 2230 1541 970 1510 939 689 540 367 654 1143 970 339 164 631 417 49 895 362 208 75 441 533
internal_count=3200 2230 1541 970 1510 939 689 540 367 654 1143 970 339 164 631 417 49 895 362 208 75 441 533
is_linear=0
shrinkage=0.05


Tree=51
num_leaves=24
num_cat=0
split_feature=0 4 5 0 0 0 0 5 5 5 9 0 0 0 0 0 5 0 0 0 0 0 0
split_gain=58.2546 31.852 10.9392 7.42984 6.70074 5.80274 10.4487 4.81735 4.62065 3.36973 3.27737 3.01874 3.63424 5.75782 3.3721 8.04156 2.90933 2.77463 6.11257 3.02827 2.81794 2.5976 2.58578
threshold=6.5000000000000009 1.0000000180025095e-35 0.87497822591249685 4.5000000000000009 3.5000000000000004 1.5000000000000002 1.0000000180025095e-35 1.1341559608270042 0.91131576306078255 1.0318533198542548 2993.1683223832811 5.5000000000000009 4.5000000000000009 3.5000000000000004 1.5000000000000002 1.0000000180025095e-35 1.1762062948085645 1.5000000000000002 1.0000000180025095e-35 5.5000000000000009 4.5000000000000009 3.5000000000000004 1.5000000000000002
decision_type=2 2 2 2 2 2 2 2 2 2 2 2 2 2 2 2 2 2 2 2 2 2 2
left_child=1 2 17 4 5 6 -3 10 -7 -5 -4 12 13 14 15 -9 -2 18 -1 20 21 -19 -12
right_child=16 3 7 9 -6 8 -8 11 -10 -11 22 -13 -14 -15 -16 -17 -18 19 -20 -21 -22 -23 -24
leaf_value=0.0028185374531030762 -0.13445646267331243 -0.014644016917343895 0.64250741487317031 -0.01388154242931048 -0.15005298531879496 -0.041427370771218365 -0.33756156395786197 0.23002309984543923 0.0094269992820021475 0.033197690656758198 -0.0054342019267163977 -0.0148688940682014 0.4777993035982121 -0.035249200883855636 0.242877168789561 -0.054790674522873672 -0.049621656513734583 0.028031018161789947 -0.13121669773614517 -0.044465524704286531 0.12040265211780686 -0.027512862494380032 0.043295958264980255
leaf_weight=79 331 104 22 139 126 90 119 66 178 93 302 56 78 49 122 57 64 131 65 70 51 86 722
leaf_count=79 331 104 22 139 126 90 119 66 178 93 302 56 78 49 122 57 64 131 65 70 51 86 722
internal_value=-0.00271875 -0.000187166 0.00332311 -0.00827444 -0.0111426 -0.00850305 -0.0144619 0.00546133 -0.00354478 -0.000646552 0.00363289 0.00992991 0.0115591 0.00901361 0.0121429 0.00630081 -0.0206962 -0.00321577 -0.00902778 -0.000739645 0.0016791 -0.000806452 0.00322266
internal_weight=3200 2805 1956 849 617 491 223 1474 268 232 1046 428 372 294 245 123 395 482 144 338 268 217 1024
internal_count=3200 2805 1956 849 617 491 223 1474 268 232 1046 428 372 294 245 123 395 482 144 338 268 217 1024
is_linear=0
shrinkage=0.05


Tree=52
num_leaves=24
num_cat=0
split_feature=0 4 5 0 0 0 0 5 5 9 5 5 0 0 0 0 14 5 0 0 9 0 0
split_gain=54.7246 29.0767 11.0398 7.81549 5.90313 5.80274 10.4487 4.96881 4.62065 3.4559 3.07556 2.98695 2.87728 2.48545 6.11257 2.74498 2.43373 2.41094 2.12075 2.42333 2.53892 2.07426 7.31765
threshold=6.5000000000000009 1.0000000180025095e-35 0.87497822591249685 4.5000000000000009 3.5000000000000004 1.5000000000000002 1.0000000180025095e-35 1.1705535533486953 0.91131576306078255 2993.1683223832811 1.1762062948085645 1.0318533198542548 5.5000000000000009 1.5000000000000002 1.0000000180025095e-35 5.5000000000000009 37874.887825184371 0.87497822591249685 4.5000000000000009 3.5000000000000004 31175.651318285625 1.0000000180025095e-35 1.5000000000000002
decision_type=2 2 2 2 2 2 2 2 2 2 2 2 2 2 2 2 2 2 2 2 2 2 2
left_child=1 2 13 4 5 6 17 9 -7 -4 -2 12 -5 14 16 18 -1 -3 19 -15 -21 -9 -23
right_child=10 3 7 11 -6 8 -8 21 -10 -11 -12 -13 -14 15 -16 -17 -18 -19 -20 20 -22 22 -24
leaf_value=-0.040493724077350635 -0.12773363953964675 -0.070808845019095484 0.58737637167365764 0.0021052696071407694 -0.14255033605285525 -0.039356002232657519 -0.32068348575996886 0.39161108550997281 0.0089556493179020254 0.029321157354902816 -0.047140573688047832 0.031537806123920299 -0.033150323756253465 0.026629467253700412 -0.12465586284933786 -0.042242248469072236 0.03889378427875876 0.010206194066549124 0.11438251951191668 0.020014139524510633 -0.047605946743692409 -0.058619514407744336 0.1983397115317283
leaf_weight=29 331 27 23 72 126 90 119 50 178 1124 64 93 67 131 65 70 50 77 51 24 62 47 230
leaf_count=29 331 27 23 72 126 90 119 50 178 1124 64 93 67 131 65 70 50 77 51 24 62 47 230
internal_value=-0.00276563 -0.000311943 0.00304192 -0.00803887 -0.0109806 -0.00850305 -0.0144619 0.00518996 -0.00354478 0.00363993 -0.0201899 -0.000215517 -0.00485612 -0.00352697 -0.00902778 -0.00118343 0.000316456 -0.00288462 0.0011194 -0.00103687 -0.00755814 0.0106269 0.00893502
internal_weight=3200 2805 1956 849 617 491 223 1474 268 1147 395 232 139 482 144 338 79 104 268 217 86 327 277
internal_count=3200 2805 1956 849 617 491 223 1474 268 1147 395 232 139 482 144 338 79 104 268 217 86 327 277
is_linear=0
shrinkage=0.05


Tree=53
num_leaves=24
num_cat=0
split_feature=0 4 5 0 0 0 0 9 5 5 5 5 0 0 0 0 0 4 0 0 5 0 5
split_gain=51.4951 27.9734 10.2632 7.69827 5.52327 5.80274 10.4487 5.5087 4.68271 4.62065 3.38066 3.20495 2.85542 4.37229 3.25623 5.02689 11.0348 2.68293 2.67421 3.60058 2.54183 2.58672 2.41094
threshold=6.5000000000000009 1.0000000180025095e-35 1.0909807188221152 4.5000000000000009 3.5000000000000004 1.5000000000000002 1.0000000180025095e-35 3686.8949695213191 0.83031990462031346 0.91131576306078255 1.0889433893954059 1.3139262358533974 1.0000000180025095e-35 1.5000000000000002 5.5000000000000009 4.5000000000000009 3.5000000000000004 1.0000000180025095e-35 1.5000000000000002 1.0000000180025095e-35 1.0318533198542548 5.5000000000000009 0.87497822591249685
decision_type=2 2 2 2 2 2 2 2 2 2 2 2 2 2 2 2 2 2 2 2 2 2 2
left_child=1 2 7 4 5 6 22 -1 18 -7 -2 12 -4 -14 15 16 -15 -12 19 -9 21 -5 -3
right_child=10 3 11 20 -6 9 -8 8 -10 -11 17 -13 13 14 -16 -17 -18 -19 -20 -21 -22 -23 -24
leaf_value=0.46089083069179093 -0.13043442272979575 -0.067268402768140764 0.17244060659931471 0.0020000061267836599 -0.13542281925021249 -0.037388202121024609 -0.30464931147197039 -0.0088756320976877134 0.01456162197939408 0.008507866852006973 -0.029243676828649614 0.37340589406220559 -0.059212722249879057 0.16457837681356369 -0.024437256397300544 0.31327475844838076 -0.052230922252103795 -0.27589952885521402 -0.014340662527249038 -0.13580310482301991 0.02996091581772431 -0.03149280756844082 0.0096958843632217306
leaf_weight=30 272 27 80 72 126 90 119 52 998 178 90 77 73 142 70 92 66 33 228 48 93 67 77
leaf_count=30 272 27 80 72 126 90 119 52 998 178 90 77 73 142 70 92 66 33 228 48 93 67 77
internal_value=-0.00278125 -0.00040107 0.00288855 -0.00797998 -0.0108995 -0.00850305 -0.0144619 0.000479351 0 -0.00354478 -0.0196835 0.00833333 0.00693117 0.00536117 0.00756757 0.00983333 0.00552885 -0.0128049 -0.00518293 -0.012 -0.000215517 -0.0044964 -0.00288462
internal_weight=3200 2805 1956 849 617 491 223 1356 1326 268 395 600 523 443 370 300 208 123 328 100 232 139 104
internal_count=3200 2805 1956 849 617 491 223 1356 1326 268 395 600 523 443 370 300 208 123 328 100 232 139 104
is_linear=0
shrinkage=0.05


Tree=54
num_leaves=24
num_cat=0
split_feature=0 4 5 0 0 0 0 5 5 0 0 0 0 0 5 4 5 5 5 5 0 5 0
split_gain=49.2071 26.7234 9.47353 7.89328 5.61954 6.00277 10.4487 4.58982 4.52942 3.43923 6.69323 5.07223 5.17511 8.09906 3.33359 3.64585 2.93589 2.41094 2.37348 2.32897 2.31162 2.13984 2.2102
threshold=6.5000000000000009 1.0000000180025095e-35 0.90257202809536718 4.5000000000000009 3.5000000000000004 1.5000000000000002 1.0000000180025095e-35 1.3206071419525591 0.74913494031657268 5.5000000000000009 4.5000000000000009 3.5000000000000004 1.5000000000000002 1.0000000180025095e-35 0.96353742089261984 1.0000000180025095e-35 1.0862726772831024 0.87497822591249685 1.0318533198542548 1.0957729233068609 5.5000000000000009 0.60007558834841868 1.5000000000000002
decision_type=2 2 2 2 2 2 2 2 2 2 2 2 2 2 2 2 2 2 2 2 2 2 2
left_child=1 2 21 4 5 6 17 9 -7 10 11 12 13 16 -2 -16 -4 -3 20 -13 -5 -1 -23
right_child=14 3 7 18 -6 8 -8 -9 -10 -11 -12 19 -14 -15 15 -17 -18 -19 -20 -21 -22 22 -24
leaf_value=-0.1857332700415249 -0.13484402993548189 -0.063904982629733806 0.02072719209037395 0.001900005820444406 -0.12865167828770185 -0.06288542527977832 -0.28941684589837186 0.41656021448605646 -0.008132108464963218 -0.010007031893577613 0.23369284948168048 0.0040813058032545873 0.10574970479329693 -0.044920880201282647 -0.038216211320489184 -0.24891341594507305 0.16490909797443029 0.0092110901450606526 0.028462870026838075 -0.049619376139498787 -0.029918167190018788 -0.047622167329737231 0.00014778874367031848
leaf_weight=25 166 27 111 72 126 30 119 68 238 196 190 114 369 195 160 69 82 77 93 66 67 163 377
leaf_count=25 166 27 111 72 126 30 119 68 238 196 190 114 369 195 160 69 82 77 93 66 67 163 377
internal_value=-0.00278125 -0.000454545 0.00276074 -0.00786219 -0.0108185 -0.00840122 -0.0144619 0.00497843 -0.00335821 0.00432729 0.00539042 0.00365528 0.00544914 0.00141753 -0.0193038 -0.015393 0.00867876 -0.00288462 0 -0.00388889 -0.00413669 -0.00269912 -0.00203704
internal_weight=3200 2805 1956 849 617 491 223 1391 268 1323 1127 937 757 388 395 229 193 104 232 180 139 565 540
internal_count=3200 2805 1956 849 617 491 223 1391 268 1323 1127 937 757 388 395 229 193 104 232 180 139 565 540
is_linear=0
shrinkage=0.05


Tree=55
num_leaves=24
num_cat=0
split_feature=0 4 5 0 0 0 0 5 5 0 0 0 0 0 5 5 4 0 0 0 5 0 0
split_gain=46.9712 24.6786 9.35163 7.01352 5.1656 5.72297 11.3954 4.01696 3.91153 3.40129 6.19515 4.8575 4.22096 5.34807 3.32177 2.72293 3.39981 2.55484 7.50496 2.47907 2.9498 2.14854 1.98158
threshold=6.5000000000000009 1.0000000180025095e-35 0.9289115094026722 4.5000000000000009 3.5000000000000004 1.5000000000000002 1.0000000180025095e-35 1.3206071419525591 0.91131576306078255 5.5000000000000009 4.5000000000000009 3.5000000000000004 1.5000000000000002 1.0000000180025095e-35 1.0751101597699455 0.99051961926359133 1.0000000180025095e-35 1.5000000000000002 1.0000000180025095e-35 5.5000000000000009 0.98761114069339129 5.5000000000000009 4.5000000000000009
decision_type=2 2 2 2 2 2 2 2 2 2 2 2 2 2 2 2 2 2 2 2 2 2 2
left_child=1 2 17 4 5 6 -3 9 -7 10 11 12 13 14 -4 -2 -17 18 -1 -5 -21 22 -19
right_child=15 3 7 19 -6 8 -8 -9 -10 -11 -12 -13 -14 -15 -16 16 -18 21 -20 20 -22 -23 -24
leaf_value=0.013938799435491589 -0.12680451392289724 -0.0137370309121307 0.0090723104455975086 0.029079050219815984 -0.12221909437331679 -0.032374520750984459 -0.27494600360345328 0.39573220376175372 0.0084890789326547821 -0.0072964903107195058 0.24656800445041577 -0.016791586449735975 0.11098840473778573 -0.040435374882287434 0.15945665836928918 -0.035711262856559768 -0.23915695636085299 -0.0016589004827360478 -0.082359960185578632 -0.036111745283137611 0.0023659735709470556 -0.038161682212711594 0.080198180325922408
leaf_weight=106 184 104 90 113 126 90 119 68 178 191 178 160 335 173 88 150 61 310 98 54 65 85 74
leaf_count=106 184 104 90 113 126 90 119 68 178 191 178 160 335 173 88 150 61 310 98 54 65 85 74
internal_value=-0.00278125 -0.000508021 0.0025818 -0.00762662 -0.0104133 -0.00809572 -0.0140135 0.00508574 -0.00317164 0.00442387 0.00556641 0.00378251 0.00561224 0.00178063 0.00786517 -0.0189241 -0.0150474 -0.00219168 -0.00686275 -0.000215517 -0.0052521 -0.000159915 0.00143229
internal_weight=3200 2805 1956 849 617 491 223 1283 268 1215 1024 846 686 351 178 395 211 673 204 232 119 469 384
internal_count=3200 2805 1956 849 617 491 223 1283 268 1215 1024 846 686 351 178 395 211 673 204 232 119 469 384
is_linear=0
shrinkage=0.05


Tree=56
num_leaves=24
num_cat=0
split_feature=0 4 5 0 0 0 0 5 0 0 0 0 0 5 5 4 5 5 5 0 0 9 0
split_gain=45.8773 24.4694 8.47227 5.94535 4.46837 5.72297 11.3954 3.91153 3.43612 7.93734 3.92134 5.09113 6.1697 3.04646 2.8802 3.56363 2.62911 2.59521 2.4198 2.18292 6.35909 2.15766 2.03219
threshold=6.5000000000000009 1.0000000180025095e-35 0.94741581648001161 4.5000000000000009 3.5000000000000004 1.5000000000000002 1.0000000180025095e-35 0.91131576306078255 5.5000000000000009 4.5000000000000009 3.5000000000000004 1.5000000000000002 1.0000000180025095e-35 1.0751101597699455 0.99051961926359133 1.0000000180025095e-35 1.0318533198542548 1.1580801999606674 0.60007558834841868 1.5000000000000002 1.0000000180025095e-35 54424.705973765835 5.5000000000000009
decision_type=2 2 2 2 2 2 2 2 2 2 2 2 2 2 2 2 2 2 2 2 2 2 2
left_child=1 2 18 4 5 6 -3 -7 9 10 11 12 13 -4 -2 -16 -5 -13 -1 20 -20 -10 -21
right_child=14 3 8 16 -6 7 -8 -9 21 -11 -12 17 -14 -15 15 -17 -18 -19 19 22 -22 -23 -24
leaf_value=-0.17827385542035368 -0.12046428822675237 -0.013050179366524084 0.0073503160989361049 -0.0085776990606567516 -0.11610813965465093 -0.030755794713435237 -0.26119870342328061 0.0080646249860220291 0.038614762933795177 0.25924007552673489 -0.0089417086761965688 0.082548806801352737 -0.040653067447104264 0.16990862373690627 -0.033925699713731786 -0.22719910854281034 0.026770053741587942 0.21015771393681054 0.014893318150422274 0.017454245742782603 -0.075306305205499691 -0.020011225674315725 -0.033512410374225698
leaf_weight=25 184 104 79 139 126 90 119 178 106 169 158 235 173 97 150 61 93 104 115 413 106 88 88
leaf_count=25 184 104 79 139 126 90 119 178 106 169 158 235 173 97 150 61 93 104 115 413 106 88 88
internal_value=-0.00284375 -0.000597148 0.00247955 -0.00768551 -0.0102512 -0.00809572 -0.0140135 -0.00317164 0.00506617 0.00623153 0.00425532 0.00588663 0.00164756 0.00823864 -0.0187975 -0.0148104 -0.000862069 0.0102507 -0.00170683 -0.00117729 -0.00531674 -0.00103093 0.000648703
internal_weight=3200 2805 1956 849 617 491 223 268 1209 1015 846 688 349 176 395 211 232 339 747 722 221 194 501
internal_count=3200 2805 1956 849 617 491 223 268 1209 1015 846 688 349 176 395 211 232 339 747 722 221 194 501
is_linear=0
shrinkage=0.05


Tree=57
num_leaves=24
num_cat=0
split_feature=0 5 11 5 0 0 5 0 0 0 0 0 5 0 0 0 5 1 5 5 14 5 14
split_gain=43.0985 13.2137 8.21994 8.33383 4.48538 9.89658 3.24867 2.50781 10.7017 3.12972 6.53848 8.63159 2.50106 2.47976 5.07667 3.3692 2.14064 1.843 1.76095 1.53883 1.47637 1.34362 1.33497
threshold=6.5000000000000009 0.76370294337030165 0.25997566937636585 1.0909807188221152 1.5000000000000002 1.0000000180025095e-35 0.95586954149312564 1.0000000180025095e-35 1.5000000000000002 5.5000000000000009 4.5000000000000009 3.5000000000000004 1.1271418355183351 3.5000000000000004 4.5000000000000009 5.5000000000000009 1.2639126624725134 1.5000000000000002 1.1955684557695698 1.0230214602660179 62601.16282360068 1.1955684557695698 5852.0679260692568
decision_type=2 2 2 2 2 2 2 2 2 2 2 2 2 2 2 2 2 2 2 2 2 2 2
left_child=1 -1 3 4 5 -3 -2 18 -9 10 11 16 -11 17 -15 22 -10 19 -5 -6 -13 -8 -16
right_child=6 2 -4 7 13 -7 21 8 9 12 -12 20 -14 14 15 -17 -18 -19 -20 -21 -22 -23 -24
leaf_value=-0.059301300696153539 -0.11671250909150964 0.0051310887373055896 0.24804000080364191 0.051034709236236431 -0.0013325031989320558 -0.082341820547966654 -0.079439638128542267 -0.096372059686953726 0.063161884647350425 0.03422760089990131 0.24535061422636453 -0.041795844974118881 -0.02328164517068352 -0.047217556517345299 0.11461185366961875 -0.0062585117514569084 0.19810171374633967 0.034791736206522116 0.28416220367095912 0.029630113393981007 0.00013792724505741206 -0.030098760838664876 0.034648250099789384
leaf_weight=296 161 223 65 70 302 244 183 112 183 33 131 73 81 240 24 238 59 85 50 81 33 51 182
leaf_count=296 161 223 65 70 302 244 183 112 183 33 131 73 81 240 24 238 59 85 50 81 33 51 182
internal_value=-0.00282813 -0.000650624 0.000528099 6.13748e-05 -0.00202285 -0.00615632 -0.0182911 0.00415152 0.00301418 0.0056914 0.00746347 0.00387931 -0.00175439 -0.000347222 -0.00226608 0.000900901 0.00909091 0.00245726 0.0108333 0.000979112 -0.00801887 -0.0145299 0.00558252
internal_weight=3200 2805 2509 2444 1619 467 395 825 705 593 479 348 114 1152 684 444 242 468 120 383 106 234 206
internal_count=3200 2805 2509 2444 1619 467 395 825 705 593 479 348 114 1152 684 444 242 468 120 383 106 234 206
is_linear=0
shrinkage=0.05


Tree=58
num_leaves=24
num_cat=0
split_feature=0 4 5 0 5 5 4 9 5 0 0 0 14 5 0 0 5 0 0 0 5 5 5
split_gain=41.5959 24.6411 8.44407 6.11688 4.16304 3.87834 5.12378 3.47721 3.63354 3.23053 10.0803 6.58417 2.64297 2.55345 2.16476 6.33091 2.4999 2.44267 3.89736 6.24063 2.60829 2.23451 2.11759
threshold=6.5000000000000009 1.0000000180025095e-35 0.87497822591249685 4.5000000000000009 0.87497822591249685 0.95586954149312564 1.0000000180025095e-35 2993.1683223832811 1.3045710058769706 1.0000000180025095e-35 1.5000000000000002 3.5000000000000004 3566.5872263559145 1.0642067587016844 5.5000000000000009 4.5000000000000009 1.1079439466420364 3.5000000000000004 1.5000000000000002 1.0000000180025095e-35 1.13588926251181 1.0751101597699455 1.1029624814991419
decision_type=2 2 2 2 2 2 2 2 2 2 2 2 2 2 2 2 2 2 2 2 2 2 2
left_child=1 2 -1 4 12 -2 -7 -4 14 -6 -11 -12 -3 -13 15 17 -17 18 19 21 -20 -9 -19
right_child=5 3 7 -5 9 6 -8 8 -10 10 11 13 -14 -15 -16 16 -18 22 20 -21 -22 -23 -24
leaf_value=-0.014762247580879163 -0.11087688363693414 0.00032125890263552393 0.49753379028981864 -0.0023665422969172847 0.0098333417148751337 -0.028942532432723624 -0.21297260723357173 0.013150753074119947 0.28732959273640762 -0.17717981123950111 0.0023367841402379243 -0.13692292415161972 -0.12308100151430655 -0.015028715167595097 -0.0060613481802496601 0.082747789601555516 0.3084769617685158 0.0010643652417925864 0.043899306523094955 -0.038108095245263846 0.14729305143637869 0.13764364350858732 -0.049084472112740946
leaf_weight=482 161 20 25 232 77 164 70 116 84 88 192 53 143 44 198 117 80 128 294 198 90 86 58
leaf_count=482 161 20 25 232 77 164 70 116 84 88 192 53 143 44 198 117 80 128 294 198 90 86 58
internal_value=-0.00259375 -0.000454545 0.00263292 -0.00756773 -0.0101702 -0.0177848 -0.0136752 0.00451153 0.00419255 -0.00770925 -0.00961538 -0.00510381 -0.0170245 -0.0157216 0.00357143 0.0043916 0.0125635 0.00273196 0.00395408 0.0005 0.00755208 0.00668317 -0.00241935
internal_weight=3200 2805 1956 849 617 395 234 1474 1449 454 377 289 163 97 1365 1167 197 970 784 400 384 202 186
internal_count=3200 2805 1956 849 617 395 234 1474 1449 454 377 289 163 97 1365 1167 197 970 784 400 384 202 186
is_linear=0
shrinkage=0.05


Tree=59
num_leaves=24
num_cat=0
split_feature=0 4 5 0 4 5 9 0 0 0 5 5 5 0 0 0 0 0 5 0 5 9 5
split_gain=39.969 22.8339 7.27646 5.80857 3.89172 4.75094 3.60597 3.59417 5.92163 11.3954 3.32366 3.06286 2.97511 2.68178 4.83045 4.79459 3.00385 6.80279 2.0955 2.0729 2.35122 1.86085 1.76027
threshold=6.5000000000000009 1.0000000180025095e-35 0.87497822591249685 4.5000000000000009 1.0000000180025095e-35 0.95586954149312564 2993.1683223832811 3.5000000000000004 1.5000000000000002 1.0000000180025095e-35 0.78373573599831148 1.0642067587016844 1.0909807188221152 5.5000000000000009 4.5000000000000009 3.5000000000000004 1.5000000000000002 1.0000000180025095e-35 0.60007558834841868 5.5000000000000009 0.98761114069339129 99455.544689138376 0.84148837644085916
decision_type=2 2 2 2 2 2 2 2 2 2 2 2 2 2 2 2 2 2 2 2 2 2 2
left_child=1 2 18 7 5 -2 -4 8 9 22 -10 -9 -8 14 15 16 17 -14 -1 -5 -21 -12 -3
right_child=4 3 6 19 -6 -7 12 11 10 -11 21 -13 13 -15 -16 -17 -18 -19 -20 20 -22 -23 -24
leaf_value=-0.16565698523548456 -0.074993351292837268 -0.050251257873791394 0.47265710077532752 0.026439897271714408 -0.22215194285986095 -0.027495405811087406 0.01422448399848193 -0.16915558051889798 -0.037013506617506485 -0.23446117470579383 0.0061433251734664303 -0.014277279409215327 0.13720706453782389 -0.019882506515958201 0.30827927454949489 -0.035678042416670053 0.154968910249562 -0.046111678216598229 -0.010070935962121297 -0.033446020363529172 0.0021915815787003192 -0.051517414716972625 0.0093416746291314478
leaf_weight=25 110 23 25 113 121 164 855 82 46 119 194 44 88 82 102 70 167 85 457 54 65 28 81
leaf_count=25 110 23 25 113 121 164 855 82 46 119 194 44 88 82 102 70 167 85 457 54 65 28 81
internal_value=-0.00264063 -0.000543672 0.00242843 -0.00739105 -0.0175316 -0.0142336 0.00417232 -0.00992707 -0.00799389 -0.0140135 -0.00298507 -0.0174603 0.00384748 0.00656566 0.00791016 0.0054878 0.00794118 0.0033237 -0.00290456 -0.000646552 -0.0052521 -0.00045045 -0.00192308
internal_weight=3200 2805 1956 849 395 274 1474 617 491 223 268 126 1449 594 512 410 340 173 482 232 119 222 104
internal_count=3200 2805 1956 849 395 274 1474 617 491 223 268 126 1449 594 512 410 340 173 482 232 119 222 104
is_linear=0
shrinkage=0.05


Tree=60
num_leaves=24
num_cat=0
split_feature=0 4 5 0 4 5 9 0 0 0 5 5 5 0 0 0 0 0 5 5 9 5 0
split_gain=38.3745 22.6327 7.00011 5.54193 4.16004 4.69303 3.65814 3.59417 5.92163 11.3954 3.32366 3.09417 3.06286 2.62827 3.99431 3.80079 3.19139 6.4186 2.21262 2.0955 1.86085 1.76027 1.7473
threshold=6.5000000000000009 1.0000000180025095e-35 0.87497822591249685 4.5000000000000009 1.0000000180025095e-35 0.91580211169285297 2993.1683223832811 3.5000000000000004 1.5000000000000002 1.0000000180025095e-35 0.78373573599831148 1.0909807188221152 1.0642067587016844 5.5000000000000009 4.5000000000000009 3.5000000000000004 1.5000000000000002 1.0000000180025095e-35 1.0318533198542548 0.60007558834841868 99455.544689138376 0.84148837644085916 1.5000000000000002
decision_type=2 2 2 2 2 2 2 2 2 2 2 2 2 2 2 2 2 2 2 2 2 2 2
left_child=1 2 19 7 5 -2 -4 8 9 21 -10 -8 -9 14 15 16 17 -13 -5 -1 -12 -3 -21
right_child=4 3 6 18 -6 -7 11 12 10 -11 20 13 -14 -15 -16 -17 -18 -19 -20 22 -22 -23 -24
leaf_value=-0.15737413597371025 -0.080590457620853956 -0.047738694980101748 0.44902424573656108 -0.0078400696676871103 -0.21104434571686792 -0.029656718358242351 0.013513259798557798 -0.16069780149295304 -0.035162831286631224 -0.22273811597050416 0.0058361589147931884 0.13034671131093259 -0.013563415438754545 -0.018888381190160432 0.29286531082202033 -0.033894140295836553 0.14722046473708375 -0.043806094305768366 0.025638098131431877 -0.036665922374453701 -0.048941543981124006 0.0088745908976749274 -0.0032582628661485206
leaf_weight=25 83 23 25 139 121 191 855 82 46 119 194 88 44 82 102 70 167 85 93 140 28 81 317
leaf_count=25 83 23 25 139 121 191 855 82 46 119 194 88 44 82 102 70 167 85 93 140 28 81 317
internal_value=-0.0026875 -0.000632799 0.00232618 -0.00744994 -0.0172785 -0.0138686 0.00403664 -0.00992707 -0.00799389 -0.0140135 -0.00298507 0.00370945 -0.0174603 0.00648148 0.0078125 0.00560976 0.00779412 0.00303468 -0.000862069 -0.00290456 -0.00045045 -0.00192308 -0.00213348
internal_weight=3200 2805 1956 849 395 274 1474 617 491 223 268 1449 126 594 512 410 340 173 232 482 222 104 457
internal_count=3200 2805 1956 849 395 274 1474 617 491 223 268 1449 126 594 512 410 340 173 232 482 222 104 457
is_linear=0
shrinkage=0.05


Tree=61
num_leaves=24
num_cat=0
split_feature=0 4 0 0 9 4 0 0 0 0 0 11 0 0 9 0 9 9 9 9 1 14 9
split_gain=37.7931 21.8574 5.04395 11.8842 4.99901 4.29755 3.61528 8.38095 3.46443 6.8223 9.60446 3.31618 1.92926 8.3097 1.68147 1.55953 1.66742 1.48834 1.46865 1.67658 1.76326 1.41549 1.40565
threshold=6.5000000000000009 1.0000000180025095e-35 1.5000000000000002 1.0000000180025095e-35 2993.1683223832811 1.0000000180025095e-35 5.5000000000000009 4.5000000000000009 3.5000000000000004 1.5000000000000002 1.0000000180025095e-35 0.26505544460844604 4.5000000000000009 3.5000000000000004 99455.544689138376 5.5000000000000009 34764.463601322765 17271.768268734169 31410.170769519074 120241.47313665056 1.5000000000000002 46661.13348954227 54424.705973765835
decision_type=2 2 2 2 2 2 2 2 2 2 2 2 2 2 2 2 2 2 2 2 2 2 2
left_child=1 4 3 17 -1 -2 7 8 9 10 18 12 13 14 -4 -14 -17 -3 -6 20 -20 -9 -8
right_child=5 2 11 -5 6 -7 22 21 -10 -11 -12 -13 15 -15 -16 16 -18 -19 19 -21 -22 -23 -24
leaf_value=0.45461014360996849 -0.046739024429060819 0.044941612245946241 -0.0088108077854233361 -0.21160121017197897 -0.0037229370103965213 -0.20049212843102451 -0.0039274677333631658 0.15162322316957244 -0.016598466556360946 0.063782251313097046 -0.046326317157465449 0.16036059572771466 0.020647673473489281 -0.097728159350857491 -0.043662448169023364 -0.027656588019793385 -0.0023178002695439129 -0.022070658052179584 0.10180655895113802 -0.032956998806483999 -0.033627991576024474 0.13240249764967676 -0.022228473936549521
leaf_weight=32 274 23 228 119 73 121 164 157 277 540 278 20 108 120 34 47 69 81 169 25 22 102 117
leaf_count=32 274 23 228 119 73 121 164 157 277 540 278 20 108 120 34 47 69 81 169 25 22 102 117
internal_value=-0.00267188 -0.000632799 -0.00733216 -0.0137892 0.00227505 -0.0171519 0.00194906 0.0028454 0.00130058 0.00255194 -0.00127866 -0.00503195 -0.00569307 -0.0078534 -0.0028626 -0.00200893 -0.00603448 -0.00144231 0.00510381 0.00717593 0.00876963 0.0111004 -0.00329181
internal_weight=3200 2805 849 223 1956 395 1924 1643 1384 1107 567 626 606 382 262 224 116 104 289 216 191 259 281
internal_count=3200 2805 849 223 1956 395 1924 1643 1384 1107 567 626 606 382 262 224 116 104 289 216 191 259 281
is_linear=0
shrinkage=0.05


Tree=62
num_leaves=24
num_cat=0
split_feature=0 4 5 0 0 5 4 5 0 0 11 5 0 0 0 5 14 5 5 0 0 0 0
split_gain=36.8849 19.9444 6.72292 5.61111 11.8842 5.05317 4.57928 4.23258 3.82685 3.62459 3.56969 3.11717 2.52934 3.26669 5.66322 2.43787 1.99339 1.8206 1.62738 1.51016 2.78924 1.4953 1.49326
threshold=6.5000000000000009 1.0000000180025095e-35 1.0482500543113968 1.5000000000000002 1.0000000180025095e-35 1.0581221333793409 1.0000000180025095e-35 0.95586954149312564 5.5000000000000009 4.5000000000000009 0.48545083589073257 0.78373573599831148 3.5000000000000004 1.5000000000000002 1.0000000180025095e-35 0.7234857934403881 22933.201999615503 0.79773170427931128 1.2639126624725134 3.5000000000000004 4.5000000000000009 1.5000000000000002 4.5000000000000009
decision_type=2 2 2 2 2 2 2 2 2 2 2 2 2 2 2 2 2 2 2 2 2 2 2
left_child=1 2 10 4 17 15 7 -2 9 12 11 -1 13 14 -4 -5 19 -3 -15 -17 -21 -13 -18
right_child=6 3 8 5 -6 -7 -8 -9 -10 -11 -12 21 -14 18 -16 16 22 -19 -20 20 -22 -23 -24
leaf_value=-0.031803065351587813 -0.064877209625699678 -0.058674669919530499 0.13365311072817293 -0.084508635096850249 -0.20102114966338 0.0041968243424854281 -0.19046752200947328 -0.022300848381167884 -0.01379612931700951 0.25676968960330665 0.55694290372342936 -0.012301078154677826 -0.0079893303246791458 0.099732999995276475 -0.032891224217727104 0.0097078001985167368 -0.066290146231375774 0.0052132272246650409 0.24828611745845991 -0.1303964755533599 0.0084979078303971008 0.016686913718521979 -0.0081146288289541957
leaf_weight=229 110 20 115 47 119 225 121 164 116 121 21 280 97 174 111 51 151 84 47 22 37 645 93
leaf_count=229 110 20 115 47 119 225 121 164 116 121 21 280 97 174 111 51 151 84 47 22 37 645 93
internal_value=-0.00259375 -0.000579323 0.00219836 -0.0069788 -0.0137892 -0.00455272 -0.0168987 -0.0133212 0.00579385 0.00725564 -0.000191489 -0.000563258 0.00551471 0.00710291 0.00287611 -0.00791771 -0.00649718 -0.00144231 0.0114253 -0.000909091 -0.00635593 0.00072973 -0.00901639
internal_weight=3200 2805 1956 849 223 626 395 274 781 665 1175 1154 544 447 226 401 354 104 221 110 59 925 244
internal_count=3200 2805 1956 849 223 626 395 274 781 665 1175 1154 544 447 226 401 354 104 221 110 59 925 244
is_linear=0
shrinkage=0.05


Tree=63
num_leaves=24
num_cat=0
split_feature=4 5 11 11 5 5 5 5 5 14 9 9 14 14 9 9 5 5 9 9 9 14 14
split_gain=23.9346 9.65637 4.53894 4.12405 3.54956 3.268 2.34017 1.9681 1.45964 1.61107 1.42078 1.45287 1.35577 1.34852 2.03732 1.25865 1.60809 1.19985 1.19842 1.30133 1.16282 1.26523 1.09356
threshold=1.0000000180025095e-35 0.95922887924388489 0.22200725691921142 0.044665920879483081 1.0547416650475265 1.4048979785844435 0.60007558834841868 0.74913494031657268 1.2146241262485249 14563.991544261926 5306.5141991444225 21452.479446433292 119470.08288570202 25115.914524956814 48228.296339233464 34611.944731937627 1.1319544885206194 1.0506079456439381 118818.12464765423 92201.690448272129 18806.87290262627 23822.300640224948 6265.2176557564553
decision_type=2 2 2 2 2 2 2 2 2 2 2 2 2 2 2 2 2 2 2 2 2 2 2
left_child=1 6 5 4 7 8 -1 -2 9 15 -8 22 -13 14 -11 -3 -17 -15 19 -9 -10 -22 -12
right_child=3 2 -4 -5 -6 -7 10 18 20 13 11 12 -14 17 -16 16 -18 -19 -20 -21 21 -23 -24
leaf_value=-0.15326203663775484 -0.10810604774164592 0.00312619996728003 0.25974656522291756 0.10619523385941605 -0.032886015474216011 0.36384266273698868 0.14392443311495368 -0.064977429558967445 -0.017048077889448621 0.05466767069503975 -0.026961975499688685 -0.01398901953037175 -0.033355579847244424 -0.0042565387505725033 -0.012005711572378354 -0.013888784870976424 -0.067912541106948429 0.02378589699730034 -0.10404287063581635 -0.017152406342815497 0.11145571758194617 0.042954839739496369 -0.037727429071055779
leaf_weight=28 99 143 39 31 343 24 20 421 30 109 37 691 65 283 22 48 20 405 41 35 66 131 69
leaf_count=28 99 143 39 31 343 24 20 421 30 109 37 691 65 283 22 48 20 405 41 35 66 131 69
internal_value=-0.00251563 0.000336323 0.00306818 -0.00907216 -0.00966454 0.0025566 -0.00362637 -0.0119966 0.00220764 0.00140777 -0.0031746 -0.00348028 -0.00271164 0.00241148 0.00706107 -0.00248815 -0.00808824 0.00152616 -0.0107143 -0.00997807 0.005837 0.0072335 -0.00896226
internal_weight=3200 2230 1320 970 939 1281 910 596 1257 1030 882 862 756 819 131 211 68 688 497 456 227 197 106
internal_count=3200 2230 1320 970 939 1281 910 596 1257 1030 882 862 756 819 131 211 68 688 497 456 227 197 106
is_linear=0
shrinkage=0.05


Tree=64
num_leaves=24
num_cat=0
split_feature=0 4 0 0 5 4 5 5 9 5 5 5 5 0 0 0 0 0 0 0 5 5 5
split_gain=38.0216 16.5217 6.64384 12.3832 6.39408 4.57928 4.1019 4.09203 2.99787 2.86543 2.58013 2.12646 1.95201 1.81543 8.58667 1.69336 5.28593 2.8861 2.67692 4.60888 2.04559 1.93761 1.77778
threshold=6.5000000000000009 1.0000000180025095e-35 1.5000000000000002 1.0000000180025095e-35 0.87497822591249685 1.0000000180025095e-35 1.0581221333793409 0.91580211169285297 2993.1683223832811 1.3045710058769706 0.7234857934403881 0.60007558834841868 0.79773170427931128 4.5000000000000009 3.5000000000000004 1.5000000000000002 1.0000000180025095e-35 5.5000000000000009 4.5000000000000009 3.5000000000000004 1.2034268836810338 1.0751101597699455 1.0909807188221152
decision_type=2 2 2 2 2 2 2 2 2 2 2 2 2 2 2 2 2 2 2 2 2 2 2
left_child=1 4 3 12 11 7 10 -2 -6 15 -4 -1 -3 14 -12 16 21 18 19 20 -17 -10 -20
right_child=5 2 6 -5 8 -7 -8 -9 9 -11 13 -13 -14 -15 -16 17 -18 -19 22 -21 -22 -23 -24
leaf_value=-0.14494268034402255 -0.070280672060554661 -0.050437213464117475 -0.074877900954925455 -0.18932579140650019 0.39700356073446202 -0.1761575927007146 0.005631283899071882 -0.024977717706838921 0.0085668118222493213 0.23208028834976491 -0.005161714835537623 -0.0097422213687591974 0.0067831670502040533 -0.00065913073188239579 -0.12790550611095705 0.045597583595857395 -0.030114943420547303 -0.0048115495900267653 0.06802549562783558 -0.014489417847561371 0.14170637957054347 0.10855402577493543 0.19033066836863244
leaf_weight=25 83 20 47 119 25 121 225 191 116 84 153 457 84 130 71 340 198 198 106 186 44 86 91
leaf_count=25 83 20 47 119 25 121 225 191 116 84 153 457 84 130 71 340 198 198 106 186 44 86 91
internal_value=-0.002375 -0.000329768 -0.0061543 -0.013565 0.00219836 -0.0168987 -0.00351438 -0.0133212 0.00383311 0.00353692 -0.00654613 -0.00280083 -0.000961538 -0.00508475 -0.0078125 0.00298535 0.00025 0.00411917 0.00550847 0.00377193 0.00690104 0.00594059 0.010533
internal_weight=3200 2805 849 223 1956 395 626 274 1474 1449 401 482 104 354 224 1365 400 965 767 570 384 202 197
internal_count=3200 2805 849 223 1956 395 626 274 1474 1449 401 482 104 354 224 1365 400 965 767 570 384 202 197
is_linear=0
shrinkage=0.05


Tree=65
num_leaves=24
num_cat=0
split_feature=0 4 0 0 5 4 5 5 9 5 5 5 5 0 0 0 0 0 0 0 5 5 5
split_gain=36.3069 15.4961 6.74986 12.3832 5.88167 4.86996 3.98153 3.88507 3.0934 2.87512 2.15863 2.12646 1.95201 1.81543 8.58667 1.48081 5.13486 2.54373 2.67509 4.22296 2.14664 1.89241 1.79248
threshold=6.5000000000000009 1.0000000180025095e-35 1.5000000000000002 1.0000000180025095e-35 0.87497822591249685 1.0000000180025095e-35 1.0581221333793409 0.91580211169285297 2993.1683223832811 1.3139262358533974 0.7234857934403881 0.60007558834841868 0.79773170427931128 4.5000000000000009 3.5000000000000004 1.5000000000000002 1.0000000180025095e-35 5.5000000000000009 4.5000000000000009 3.5000000000000004 1.1079439466420364 1.1955684557695698 1.0230214602660179
decision_type=2 2 2 2 2 2 2 2 2 2 2 2 2 2 2 2 2 2 2 2 2 2 2
left_child=1 4 3 12 11 7 10 -2 -6 15 -4 -1 -3 14 -12 16 21 18 19 22 -20 -10 -17
right_child=5 2 6 -5 8 -7 -8 -9 9 -11 13 -13 -14 -15 -16 17 -18 -19 20 -21 -22 -23 -24
leaf_value=-0.13769554632682138 -0.066766638457526908 -0.047915352790911574 -0.071134005907179262 -0.17985950183617519 0.37715338269773896 -0.16734971306567886 0.0053497197041183497 -0.023728831821496946 0.038054951445918306 0.26570745378538091 -0.0049036290937607419 -0.0092551103003211573 0.0064440086976937927 -0.00062617419528825384 -0.12151023080540915 0.015041593024029432 -0.02831930434879535 -0.0045709721105255952 0.062181223134545154 -0.015487357886822296 0.23054274321145274 0.28535759755792917 0.089871246599515869
leaf_weight=25 83 20 47 119 25 121 225 191 175 77 153 457 84 130 71 174 200 198 117 187 81 28 212
leaf_count=25 83 20 47 119 25 121 225 191 175 77 153 457 84 130 71 174 200 198 117 187 81 28 212
internal_value=-0.00245313 -0.000454545 -0.00609541 -0.013565 0.00199387 -0.0166456 -0.0034345 -0.0129562 0.00356174 0.00326087 -0.00642145 -0.00280083 -0.000961538 -0.00508475 -0.0078125 0.00273324 0.000186104 0.00379257 0.00509079 0.00335951 0.010101 0.00578818 0.00634715
internal_weight=3200 2805 849 223 1956 395 626 274 1474 1449 401 482 104 354 224 1372 403 969 771 573 198 203 386
internal_count=3200 2805 849 223 1956 395 626 274 1474 1449 401 482 104 354 224 1372 403 969 771 573 198 203 386
is_linear=0
shrinkage=0.05


Tree=66
num_leaves=24
num_cat=0
split_feature=0 4 0 0 4 5 5 11 5 0 0 5 0 0 0 0 0 5 5 14 0 0 0
split_gain=34.78 15.6926 6.74986 12.3832 5.32275 5.30057 3.83793 3.52478 3.34445 3.16058 3.86779 2.29232 2.06127 7.85818 2.02132 3.60315 6.01313 1.95201 1.49026 1.39397 1.28968 3.31678 1.51909
threshold=6.5000000000000009 1.0000000180025095e-35 1.5000000000000002 1.0000000180025095e-35 1.0000000180025095e-35 1.0506079456439381 0.91580211169285297 0.48545083589073257 1.0581221333793409 5.5000000000000009 4.5000000000000009 0.78373573599831148 4.5000000000000009 3.5000000000000004 3.5000000000000004 1.5000000000000002 1.0000000180025095e-35 0.79773170427931128 1.2034268836810338 23272.724843180313 1.5000000000000002 1.0000000180025095e-35 3.5000000000000004
decision_type=2 2 2 2 2 2 2 2 2 2 2 2 2 2 2 2 2 2 2 2 2 2 2
left_child=1 5 3 17 6 7 -2 11 12 10 14 20 13 19 15 16 -7 -3 -17 -4 21 -1 -22
right_child=4 2 8 -5 -6 9 -8 -9 -10 -11 -12 -13 -14 -15 -16 18 -18 -19 -20 -21 22 -23 -24
leaf_value=0.012040825932221111 -0.063428306534650591 -0.045519585151365942 0.011945085485617303 -0.17086652674436642 -0.15898222741239493 0.11845071148085609 -0.022542390230422083 0.4774005831045024 0.0050822337189124767 -0.016129706848850844 0.22273122454577249 0.0047172513886714288 -0.0026591149939736883 -0.13126492968434628 -0.0072803198715913455 0.085100971578866702 -0.038549071238038836 0.006121808262809037 0.19241021599781122 -0.020866482622049976 0.0087358683365899026 -0.16867634370535889 -0.02726005491999528
leaf_weight=31 83 20 56 119 121 115 191 21 225 115 121 931 149 80 95 146 111 84 72 116 61 33 104
leaf_count=31 83 20 56 119 121 115 191 21 225 115 121 931 149 80 95 146 111 84 72 116 61 33 104
internal_value=-0.002375 -0.000418895 -0.00609541 -0.013565 -0.0162658 0.00204499 -0.0124088 -6.35055e-05 -0.0034345 0.00525806 0.00659091 -0.000431034 -0.00617207 -0.00892857 0.00477737 0.00619369 0.00176991 -0.000961538 0.0107798 -0.00290698 -0.00491266 -0.0109375 -0.00257576
internal_weight=3200 2805 849 223 395 1956 274 1181 626 775 660 1160 401 252 539 444 226 104 218 172 229 64 165
internal_count=3200 2805 849 223 395 1956 274 1181 626 775 660 1160 401 252 539 444 226 104 218 172 229 64 165
is_linear=0
shrinkage=0.05


Tree=67
num_leaves=24
num_cat=0
split_feature=0 0 0 5 11 5 5 0 0 0 5 5 5 3 5 5 9 14 0 0 1 5 9
split_gain=34.5457 8.58103 19.3575 6.15598 4.09622 3.31716 2.9872 2.75872 3.47387 4.1089 2.44898 2.237 1.78467 1.48306 1.37664 1.34055 1.30766 2.20553 1.29597 4.56633 1.82975 1.28106 1.71905
threshold=6.5000000000000009 1.5000000000000002 1.0000000180025095e-35 1.0506079456439381 0.33248195188275814 1.1955684557695698 0.91580211169285297 5.5000000000000009 4.5000000000000009 3.5000000000000004 0.76370294337030165 0.78373573599831148 1.2639126624725134 1.0000000180025095e-35 0.74913494031657268 0.65310525781714035 124009.59858374218 64825.168759174216 3.5000000000000004 4.5000000000000009 1.5000000000000002 1.1271418355183351 54424.705973765835
decision_type=2 2 2 2 2 2 2 2 2 2 2 2 2 2 2 2 2 2 2 2 2 2 2
left_child=1 2 5 4 10 14 -2 8 9 12 13 -4 -5 15 -1 -3 17 -16 20 -20 -12 -9 -23
right_child=6 3 11 7 -6 -7 -8 21 -10 -11 18 -13 -14 -15 16 -17 -18 -19 19 -21 -22 22 -24
leaf_value=-0.032333204343248843 -0.097971405956734259 -0.12733303807980825 -0.20127706426298034 0.041635035599708381 0.12452298252018085 0.2140204676396513 -0.053068748082448727 0.025103380928818808 0.14052645539346856 -0.0089179704265456294 0.0031100681321282412 -0.058793509007067257 0.15029160576571743 0.00018559963014386227 0.0022710689336378209 -0.017065289943769279 -0.054744925056633156 0.073163155724132165 -0.043083985272630534 0.0048037999695464961 0.032619489601427354 -0.0019663188257459832 -0.049603499918978861
leaf_weight=40 126 42 47 258 34 50 269 77 158 143 329 353 60 64 211 103 20 76 207 377 72 60 24
leaf_count=40 126 42 47 258 34 50 269 77 158 143 329 353 60 64 211 103 20 76 207 377 72 60 24
internal_value=-0.00242188 -0.000472371 -0.00486198 0.00126992 -0.000936482 0.0029597 -0.0162658 0.00474359 0.0062601 0.00406725 -0.00142379 -0.012625 0.0072327 -0.00633971 0.00122478 -0.00913793 0.00236156 0.003223 -0.000380711 -0.00188356 0.00180798 -0.00108696 -0.00535714
internal_weight=3200 2805 797 2008 1228 397 395 780 619 461 1194 400 318 209 347 145 307 287 985 584 401 161 84
internal_count=3200 2805 797 2008 1228 397 395 780 619 461 1194 400 318 209 347 145 307 287 985 584 401 161 84
is_linear=0
shrinkage=0.05


Tree=68
num_leaves=24
num_cat=0
split_feature=0 4 4 0 0 9 0 0 0 0 0 0 0 2 1 9 9 14 14 9 9 14 14
split_gain=30.7781 15.0775 6.45751 6.45438 11.0366 3.67593 2.61865 7.39979 4.46696 4.01925 5.21832 2.45568 6.88371 1.67271 1.28824 1.42299 1.74003 1.35266 1.2151 1.19844 1.15414 1.7407 1.15254
threshold=6.5000000000000009 1.0000000180025095e-35 1.0000000180025095e-35 1.5000000000000002 1.0000000180025095e-35 2993.1683223832811 1.5000000000000002 1.0000000180025095e-35 5.5000000000000009 4.5000000000000009 3.5000000000000004 4.5000000000000009 3.5000000000000004 2028.0000000000002 1.5000000000000002 25071.130192709057 120241.47313665056 14322.210378473976 10128.433353711387 54424.705973765835 19556.42971141075 5852.0679260692568 31380.792413476946
decision_type=2 2 2 2 2 2 2 2 2 2 2 2 2 2 2 2 2 2 2 2 2 2 2
left_child=1 5 -2 4 -3 -1 7 14 9 10 20 12 18 -11 15 -7 17 -17 -5 -10 21 -8 -12
right_child=2 3 -4 11 -6 6 8 -9 19 13 22 -13 -14 -15 -16 16 -18 -19 -20 -21 -22 -23 -24
leaf_value=0.37457887267019196 -0.03369774468260469 -0.0091246565215804768 -0.14613454574393844 0.012380003884229752 -0.15938352495679475 -0.019793498623403849 0.085387893784969304 -0.036230943029028143 -0.00067157765908794082 0.035859193532737879 0.0026232889158052334 0.0014482707503764127 -0.065621395294821611 0.14211305853491593 -0.0070008496180323128 -0.0017795179622318359 -0.030310972500907599 0.090005178160648042 -0.011633253969812074 -0.02480751541647841 0.056380511980682793 -0.028506410836494925 -0.024925475473896522
leaf_weight=32 274 104 121 43 119 33 25 278 164 77 103 232 126 182 46 29 25 156 225 117 458 57 174
leaf_count=32 274 104 121 43 119 33 25 278 164 77 103 232 126 182 46 29 25 156 225 117 458 57 174
internal_value=-0.0023125 -0.000472371 -0.0153797 -0.00603651 -0.0133408 0.00194274 0.0016632 -0.00119048 0.00285556 0.00432156 0.00260098 -0.0034345 -0.00583756 0.00974903 0.00441176 0.0058642 0.00738095 0.00905405 -0.00130597 -0.00275801 0.00546296 0 -0.00297834
internal_weight=3200 2805 395 849 223 1956 1924 567 1357 1076 817 626 394 259 289 243 210 185 268 281 540 82 277
internal_count=3200 2805 395 849 223 1956 1924 567 1357 1076 817 626 394 259 289 243 210 185 268 281 540 82 277
is_linear=0
shrinkage=0.05


Tree=69
num_leaves=24
num_cat=0
split_feature=0 4 4 0 0 5 5 5 9 0 0 5 0 0 5 5 0 0 0 5 14 5 2
split_gain=29.5898 13.0782 6.97737 5.72394 9.43552 4.95435 4.43908 3.83736 2.51033 2.47053 3.28487 2.02299 1.95249 7.34886 1.8206 1.76774 1.74798 2.43879 4.48738 1.59178 1.39397 1.38914 1.25072
threshold=6.5000000000000009 1.0000000180025095e-35 1.0000000180025095e-35 1.5000000000000002 1.0000000180025095e-35 0.91580211169285297 1.0506079456439381 1.0581221333793409 2993.1683223832811 5.5000000000000009 4.5000000000000009 0.78373573599831148 4.5000000000000009 3.5000000000000004 0.79773170427931128 1.1955684557695698 3.5000000000000004 1.5000000000000002 1.0000000180025095e-35 1.2639126624725134 23272.724843180313 1.1955684557695698 2032.5000000000002
decision_type=2 2 2 2 2 2 2 2 2 2 2 2 2 2 2 2 2 2 2 2 2 2 2
left_child=1 6 5 4 14 -2 8 12 -1 10 16 -10 13 20 -3 22 17 18 21 -19 -5 -8 -7
right_child=2 3 -4 7 -6 15 9 -9 11 -11 -12 -13 -14 -15 -16 -17 -18 19 -20 -21 -22 -23 -24
leaf_value=0.43701953058757986 -0.0536734336759511 -0.040610419832721602 -0.13882781845674153 0.010832275282368542 -0.15141434870895498 -0.013628711697689777 0.071450757643467006 0.0081907967327274466 -0.021432793221248938 -0.01350397929208782 0.20277538087217339 0.0032105216122849003 -0.0024912375308879576 -0.12269927118989479 0.0023293903526599991 0.002643469268948451 -0.0052241315829896001 0.078340377920007503 -0.031870395074332335 0.18888056580459428 -0.018905974186113728 0.30696227429786449 -0.043398430214653776
leaf_weight=20 83 20 121 56 119 103 78 225 230 115 121 931 149 80 84 41 95 171 111 47 116 37 47
leaf_count=20 83 20 121 56 119 103 78 225 230 115 121 931 149 80 84 41 95 171 111 47 116 37 47
internal_value=-0.0021875 -0.000383244 -0.015 -0.00556537 -0.0124439 -0.0105839 0.00186605 -0.00311502 -6.35055e-05 0.00480645 0.00598485 -0.000366064 -0.00604738 -0.00873016 -0.00144231 -0.00615183 0.00431354 0.00563063 0.00199115 0.00940367 -0.00290698 0.00891304 -0.00866667
internal_weight=3200 2805 395 849 223 274 1956 626 1181 775 660 1161 401 252 104 191 539 444 226 218 172 115 150
internal_count=3200 2805 395 849 223 274 1956 626 1181 775 660 1161 401 252 104 191 539 444 226 218 172 115 150
is_linear=0
shrinkage=0.05


Tree=70
num_leaves=24
num_cat=0
split_feature=0 4 4 0 0 5 5 5 5 5 5 14 14 9 0 0 0 5 5 9 14 0 0
split_gain=28.3613 11.9423 7.33513 5.2806 8.68201 4.76031 4.53831 3.72096 2.18814 2.00663 1.94336 2.34303 2.12606 1.94914 1.93931 3.02131 2.78652 1.8206 1.49276 1.60952 1.36684 1.33998 2.249
threshold=6.5000000000000009 1.0000000180025095e-35 1.0000000180025095e-35 1.5000000000000002 1.0000000180025095e-35 0.96987143045629454 1.0909807188221152 1.0581221333793409 0.78373573599831148 1.3442651910556107 0.74310997185998173 22933.201999615503 58536.387180001017 115825.97079138122 5.5000000000000009 4.5000000000000009 3.5000000000000004 0.79773170427931128 1.1453629183587577 38374.317052254228 16553.249132898152 4.5000000000000009 3.5000000000000004
decision_type=2 2 2 2 2 2 2 2 2 2 2 2 2 2 2 2 2 2 2 2 2 2 2
left_child=1 6 5 4 17 -2 8 10 -1 14 -5 20 21 -14 15 16 -8 -3 -16 -20 -12 22 -13
right_child=2 3 -4 7 -6 -7 9 -9 -10 -11 11 12 13 -15 18 -17 -18 -19 19 -21 -22 -23 -24
leaf_value=-0.020361153560186376 -0.043263668342905875 -0.038579898841085571 -0.13188642753390445 -0.057750982370321946 -0.14384363127350724 -0.013230293587628152 0.062434769722873984 0.0077812568960911044 0.0048732829954095894 0.31013859546392875 -0.0069200121484430891 -0.029006085088491763 0.0037713970946896326 -0.033734345133773137 0.040712982175661244 0.13387969182231174 -0.031540616163027481 0.0022129208350269991 0.037314283883221576 -0.077646592955274235 0.020002836002695104 -0.025925130177911582 -0.095299703212020859
leaf_weight=232 118 20 121 57 119 156 308 225 1124 53 76 48 75 29 29 93 69 84 20 28 31 50 35
leaf_count=232 118 20 121 57 119 156 308 225 1124 53 76 48 75 29 29 93 69 84 20 28 31 50 35
internal_value=-0.00220312 -0.00043672 -0.0147468 -0.00538869 -0.0119955 -0.010219 0.00171268 -0.00303514 0.000110619 0.00533333 -0.00592269 -0.00450581 -0.00727848 -0.00192308 0.00443327 0.0056383 0.00364721 -0.00144231 -0.00292208 -0.00833333 0.00163551 -0.0114662 -0.0153614
internal_weight=3200 2805 395 849 223 274 1956 626 1356 600 401 344 237 104 547 470 377 104 77 48 107 133 83
internal_count=3200 2805 395 849 223 274 1956 626 1356 600 401 344 237 104 547 470 377 104 77 48 107 133 83
is_linear=0
shrinkage=0.05


Tree=71
num_leaves=24
num_cat=0
split_feature=0 4 4 5 0 5 5 0 0 0 5 5 0 0 0 0 5 0 0 5 0 0 0
split_gain=26.458 10.9152 8.07747 5.3224 4.9573 3.97759 3.75922 4.34607 3.47612 5.50721 2.36908 2.29905 2.27232 2.18082 1.91383 3.2321 3.08974 1.70645 3.40791 2.62369 1.42225 1.41764 1.39988
threshold=6.5000000000000009 1.0000000180025095e-35 1.0000000180025095e-35 1.0799996144149753 4.5000000000000009 1.0506079456439381 1.0144370916682817 3.5000000000000004 1.5000000000000002 1.0000000180025095e-35 1.3442651910556107 0.85598125438276673 5.5000000000000009 4.5000000000000009 1.5000000000000002 1.0000000180025095e-35 0.78373573599831148 1.5000000000000002 1.0000000180025095e-35 1.0768515561198984 3.5000000000000004 5.5000000000000009 1.5000000000000002
decision_type=2 2 2 2 2 2 2 2 2 2 2 2 2 2 2 2 2 2 2 2 2 2 2
left_child=1 5 3 11 6 14 7 8 9 -3 12 -2 13 20 15 -1 -17 18 -8 -20 22 -6 -7
right_child=2 4 -4 -5 21 10 17 -9 -10 -11 -12 -13 -14 -15 -16 16 -18 -19 19 -21 -22 -23 -24
leaf_value=0.004121860338196193 -0.060823514290902825 -0.012832613360144407 -0.12529210615720923 -0.00029600349707301635 0.034271913339926921 0.021690795223385708 0.0061136980473673226 -0.12166435309519721 -0.0074909126428499562 -0.30294229295764241 0.29463166569073246 -0.024832221407604216 -0.014906479967191544 0.1270579866416881 0.0059508108775590436 -0.14627742881641873 -0.020820592645936921 -5.0814793943132488e-05 -0.013996178688562953 -0.12529457184841053 -0.0099571181012349189 -0.0052547315448403971 0.079744806139579086
leaf_weight=178 48 55 121 96 113 212 49 70 151 61 53 130 109 112 833 33 137 173 23 35 92 119 197
leaf_count=178 48 55 121 96 113 212 49 70 151 61 53 130 109 112 833 33 137 173 23 35 92 119 197
internal_value=-0.002125 -0.000418895 -0.0142405 -0.00948905 -0.00515312 0.00163599 -0.00749595 -0.0110534 -0.00814607 -0.0146552 0.00441935 -0.0146067 0.00367036 0.00485318 -0.000190517 -0.0033046 -0.00823529 -0.00321429 -0.00817757 -0.0163793 0.00344311 0.00107759 0.0047066
internal_weight=3200 2805 395 274 849 1956 617 337 267 116 775 178 722 613 1181 348 170 280 107 58 501 232 409
internal_count=3200 2805 395 274 849 1956 617 337 267 116 775 178 722 613 1181 348 170 280 107 58 501 232 409
is_linear=0
shrinkage=0.05


Tree=72
num_leaves=24
num_cat=0
split_feature=0 4 4 5 0 0 5 5 5 5 0 0 5 5 0 0 5 9 9 14 14 9 9
split_gain=26.1857 11.1306 8.07747 5.3224 4.76528 8.7353 3.75804 3.51989 2.42938 2.29905 2.17868 2.29508 1.78718 1.78479 1.64068 2.95 2.33218 1.5313 1.57021 1.40922 1.84506 1.65926 1.35671
threshold=6.5000000000000009 1.0000000180025095e-35 1.0000000180025095e-35 1.0799996144149753 1.5000000000000002 1.0000000180025095e-35 1.0506079456439381 1.0168842805319001 1.3442651910556107 0.85598125438276673 5.5000000000000009 4.5000000000000009 0.74310997185998173 0.54576143745242633 1.5000000000000002 1.0000000180025095e-35 0.75321958696535429 45644.487880980865 61055.957204231592 22933.201999615503 58536.387180001017 115825.97079138122 57573.520787453483
decision_type=2 2 2 2 2 2 2 2 2 2 2 2 2 2 2 2 2 2 2 2 2 2 2
left_child=1 6 3 9 5 -3 13 12 10 -2 11 -8 -6 -1 15 -15 -17 -16 22 -14 -21 -22 -19
right_child=2 4 -4 -5 7 -7 8 -9 -10 -11 -12 -13 19 14 17 16 -18 18 -20 20 21 -23 -24
leaf_value=-0.1269265764940431 -0.057782338576357707 -0.0040672770938037671 -0.11902750084934877 -0.00028120332221934777 -0.054600696674563846 -0.13038672111741134 0.028349788795924626 0.0039316108377498438 0.27990008240619596 -0.023590610337224052 -0.014161155968831808 0.12070508730960371 0.0024775999539815353 0.004631227748746092 0.021885302171802224 -0.15763194487794596 -0.019779563013640103 -0.028509441111872393 0.0050108562598747859 -0.039342601973538296 0.0018692315729587961 -0.031784891299842501 -0.028111392566036477
leaf_weight=20 48 104 121 96 57 119 501 277 53 130 109 112 86 176 421 22 147 106 269 116 63 27 20
leaf_count=20 48 104 121 96 57 119 501 277 53 130 109 112 86 176 421 22 147 106 269 116 63 27 20
internal_value=-0.0021875 -0.000490196 -0.0142405 -0.00948905 -0.00527091 -0.0115471 0.00158487 -0.00303514 0.00429032 -0.0146067 0.00353186 0.00469005 -0.00637536 -0.000190517 6.45995e-05 -0.00282609 -0.00754438 0.00128676 -0.000949367 -0.00479452 -0.00703883 -0.00166667 -0.00555556
internal_weight=3200 2805 395 274 849 223 1956 626 775 178 722 613 349 1181 1161 345 169 816 395 292 206 90 126
internal_count=3200 2805 395 274 849 223 1956 626 775 178 722 613 349 1181 1161 345 169 816 395 292 206 90 126
is_linear=0
shrinkage=0.05


Tree=73
num_leaves=24
num_cat=0
split_feature=0 4 4 5 0 0 5 5 0 0 5 5 3 5 0 0 0 5 5 0 5 5 5
split_gain=25.5715 9.90345 8.26865 5.27635 5.12972 8.7353 3.64726 3.07743 2.27378 2.54231 2.26708 1.90411 1.92625 1.64577 1.53061 1.48085 7.0356 1.48215 1.43253 1.41582 1.33358 2.82609 1.31868
threshold=6.5000000000000009 1.0000000180025095e-35 1.0000000180025095e-35 0.88505281089158216 1.5000000000000002 1.0000000180025095e-35 1.0506079456439381 0.98761114069339129 5.5000000000000009 4.5000000000000009 1.1119293802284103 0.68410257159097154 1.0000000180025095e-35 1.3139262358533974 3.5000000000000004 4.5000000000000009 3.5000000000000004 0.74310997185998173 1.1029624814991419 1.5000000000000002 1.044047398982596 1.1014988717077825 0.79773170427931128
decision_type=2 2 2 2 2 2 2 2 2 2 2 2 2 2 2 2 2 2 2 2 2 2 2
left_child=1 6 3 -2 5 22 11 15 9 13 -5 12 -1 14 -8 16 17 -6 -16 -15 -7 -22 -3
right_child=2 4 -4 10 7 20 8 -9 -10 -11 -12 -13 -14 19 18 -17 -18 -19 -20 -21 21 -23 -24
leaf_value=-0.043945686295140444 -0.04997518644714876 -0.035805909376333926 -0.11307612580688134 -0.017992568556707545 -0.032613832626777216 -0.21586030717882188 0.053267950238488564 0.0011129833296660509 -0.012033265439592711 0.17355447353988468 0.00040777803597134014 0.0012659881170038467 0.0083968178782079413 0.026016965855145281 0.01026974907310816 -0.0029512338037674724 -0.13399018894083109 -0.00016510941326473017 -0.038637913449404593 0.24542530443187688 -0.00086197628119100427 -0.1232580201305348 0.0029472693159728891
leaf_weight=57 64 20 121 132 26 73 396 312 115 121 78 1100 24 22 29 116 59 113 60 32 20 26 84
leaf_count=57 64 20 121 132 26 73 396 312 115 121 78 1100 24 22 29 116 59 113 60 32 20 26 84
internal_value=-0.00220312 -0.000525847 -0.0141139 -0.00930657 -0.00503534 -0.0115471 0.00143149 -0.00271565 0.00409677 0.00522727 -0.00547619 -0.000317528 -0.00771605 0.00375696 0.00283505 -0.00621019 -0.00883838 -0.00269784 -0.00308989 0.012037 -0.0207983 -0.0141304 -0.000961538
internal_weight=3200 2805 395 274 849 223 1956 626 775 660 210 1181 81 539 485 314 198 139 89 54 119 46 104
internal_count=3200 2805 395 274 849 223 1956 626 775 660 210 1181 81 539 485 314 198 139 89 54 119 46 104
is_linear=0
shrinkage=0.05


Tree=74
num_leaves=24
num_cat=0
split_feature=0 4 4 5 0 0 5 5 5 5 5 5 5 0 0 5 0 5 0 0 5 10 5
split_gain=24.0319 8.9928 8.85559 5.746 4.7105 8.01088 3.33731 2.93924 2.41452 1.97408 1.78992 4.2 1.51409 1.37759 7.28337 1.31868 1.30532 2.09281 1.25988 1.92098 1.6036 1.27997 1.23097
threshold=6.5000000000000009 1.0000000180025095e-35 1.0000000180025095e-35 0.88505281089158216 1.5000000000000002 1.0000000180025095e-35 1.3442651910556107 0.98761114069339129 0.9289115094026722 1.0799996144149753 1.038126752772407 1.0909807188221152 0.54576143745242633 4.5000000000000009 3.5000000000000004 0.79773170427931128 5.5000000000000009 0.91315938419649056 5.5000000000000009 4.5000000000000009 0.98940698676654726 1.0000000180025095e-35 1.2318911036196878
decision_type=2 2 2 2 2 2 2 2 2 2 2 2 2 2 2 2 2 2 2 2 2 2 2
left_child=1 6 3 -2 5 15 8 13 12 -5 -7 -12 -1 14 -6 -3 17 -15 19 21 -21 -10 -20
right_child=2 4 -4 9 7 10 -8 -9 18 -11 11 -13 -14 16 -16 -17 -18 -19 22 20 -22 -23 -24
leaf_value=-0.11838296335458401 -0.047476427124791304 -0.034015613907517304 -0.10742231951653727 -0.018665355359852944 -0.0068570397509448711 -0.2062718034016689 0.2536338130642925 0.001057334163182766 0.012603048373059346 0.00013450594712818286 0.007528608711555607 -0.11606942102286005 -0.0042527259594562494 0.03225583328320001 -0.1272906794937895 0.002799905850174156 -0.022802543520106112 -0.022009965262022747 0.00083600893240323162 -0.0085210811740800817 0.10599210926712939 0.23164697081507876 -0.049655802529047402
leaf_weight=20 64 20 121 114 139 71 53 312 828 96 20 28 653 38 59 84 54 24 169 33 146 28 26
leaf_count=20 64 20 121 114 139 71 53 312 828 96 20 28 653 38 59 84 54 24 169 33 146 28 26
internal_value=-0.0021875 -0.000561497 -0.0137342 -0.00875912 -0.00485866 -0.0110987 0.00130368 -0.00263578 0.000959012 -0.0047619 -0.019958 -0.0125 -0.00144874 -0.00605096 -0.00858586 -0.000961538 -0.00172414 0.00322581 0.00227642 0.00297101 0.00768156 0.00198598 -0.00141026
internal_weight=3200 2805 395 274 849 223 1956 626 1903 210 119 48 673 314 198 104 116 62 1230 1035 179 856 195
internal_count=3200 2805 395 274 849 223 1956 626 1903 210 119 48 673 314 198 104 116 62 1230 1035 179 856 195
is_linear=0
shrinkage=0.05


Tree=75
num_leaves=24
num_cat=0
split_feature=0 4 4 5 0 0 5 11 5 5 5 5 0 0 0 0 0 0 0 5 5 5 14
split_gain=23.5014 9.25807 7.99105 6.07023 4.90749 8.42149 2.84789 2.45519 2.40112 2.20807 1.78992 4.2 1.73075 8.39127 1.70069 6.32879 2.64577 2.38277 2.55267 2.26715 1.63423 1.42596 1.34079
threshold=6.5000000000000009 1.0000000180025095e-35 1.0000000180025095e-35 0.88505281089158216 1.5000000000000002 1.0000000180025095e-35 1.3442651910556107 0.26505544460844604 1.0581221333793409 0.65310525781714035 1.038126752772407 1.0909807188221152 3.5000000000000004 4.5000000000000009 1.5000000000000002 1.0000000180025095e-35 5.5000000000000009 4.5000000000000009 3.5000000000000004 1.1955684557695698 1.0799996144149753 0.77541647292177396 25115.914524956814
decision_type=2 2 2 2 2 2 2 2 2 2 2 2 2 2 2 2 2 2 2 2 2 2 2
left_child=2 3 6 -2 5 -4 9 8 12 -1 -7 -12 -6 -14 15 19 17 18 -16 -11 -5 -17 -18
right_child=1 -3 4 20 7 10 -8 -9 -10 14 11 -13 13 -15 16 21 22 -19 -20 -21 -22 -23 -24
leaf_value=-0.053821394283886728 -0.045102605768551698 -0.1020512035407104 -0.0013664215891132871 -0.017732087591860336 -0.0063186285619439182 -0.19595821323158547 0.24095212241107797 0.14399879867287019 0.0038538507959256841 0.013258904826610874 0.007152178275977826 -0.11026594997171704 -0.098871151925457576 -0.0017452640122984865 0.040483910341017906 -0.12366419443708772 0.011542103048112651 0.078594572450780484 -0.010675476181674172 0.25784345689007504 0.00012778064977179149 -0.024447419794340244 -0.0206778132701281
leaf_weight=58 64 121 104 114 167 71 53 20 220 250 20 28 75 144 511 23 98 246 270 31 96 243 173
leaf_count=58 64 121 104 114 167 71 53 20 220 250 20 28 75 144 511 23 98 246 270 31 96 243 173
internal_value=-0.0020625 -0.013481 -0.000454545 -0.00839416 -0.0045053 -0.0108744 0.00130368 -0.00223642 -0.00280528 0.000985286 -0.019958 -0.0125 -0.00518135 -0.00810502 0.00128726 -0.00105119 0.00227273 0.00343233 0.00208067 0.00418149 -0.00428571 -0.00657895 -0.00212177
internal_weight=3200 395 2805 274 849 223 1956 626 606 1903 119 48 386 219 1845 547 1298 1027 781 281 210 266 271
internal_count=3200 395 2805 274 849 223 1956 626 606 1903 119 48 386 219 1845 547 1298 1027 781 281 210 266 271
is_linear=0
shrinkage=0.05


Tree=76
num_leaves=24
num_cat=0
split_feature=0 4 4 5 0 0 0 0 0 5 5 5 5 0 0 5 5 5 0 0 5 9 5
split_gain=23.1106 9.46266 7.60152 6.10389 4.41119 7.71049 2.47356 6.34907 3.42344 4.37446 2.39103 2.35294 4.48448 1.91268 2.67409 1.90869 1.87474 1.61393 1.55389 6.53424 1.19347 1.29514 1.3225
threshold=6.5000000000000009 1.0000000180025095e-35 1.0000000180025095e-35 0.87339217932016089 1.5000000000000002 1.0000000180025095e-35 1.5000000000000002 1.0000000180025095e-35 5.5000000000000009 1.2517075098283645 1.0581221333793409 1.0361395693305118 1.0889433893954059 4.5000000000000009 3.5000000000000004 0.75321958696535429 1.1955684557695698 1.0799996144149753 4.5000000000000009 3.5000000000000004 0.73124667939799026 57573.520787453483 1.1271418355183351
decision_type=2 2 2 2 2 2 2 2 2 2 2 2 2 2 2 2 2 2 2 2 2 2 2
left_child=2 3 6 -2 5 -4 7 16 9 13 18 -7 -13 14 -8 -9 -1 -5 19 -6 -10 -22 -23
right_child=1 -3 4 17 10 11 8 15 20 -11 -12 12 -14 -15 -16 -17 -18 -19 -20 -21 21 22 -24
leaf_value=0.01107833786696606 -0.042934616496729833 -0.096948643363674883 -0.0012981005096575516 -0.017063931304803149 -0.0056633871505279215 -0.18784354276641585 0.025965746130634671 -0.15787913622482411 -0.032778093197731908 0.14916785733982393 0.0068969458346574974 0.0075823111765632853 -0.10433631930298917 0.070419226411985753 -0.011665414903638018 -0.025692758296368547 0.25584902448302888 0.00012139161728317305 -0.0015904161061490287 -0.0929564687257841 0.010996947136926139 -0.008400054930205415 -0.039149900237237037
leaf_weight=256 59 121 104 119 172 70 497 23 22 92 225 20 29 242 265 258 37 96 149 80 164 80 20
leaf_count=256 59 121 104 119 172 70 497 23 22 92 225 20 29 242 265 258 37 96 149 80 164 80 20
internal_value=-0.00203125 -0.0133544 -0.00043672 -0.00821168 -0.00438751 -0.010426 0.00127812 -0.00148084 0.00242402 0.00369526 -0.00223642 -0.0191176 -0.0107143 0.00273904 0.00150919 -0.00685053 0.00366894 -0.00430233 -0.00455112 -0.00694444 -0.00244755 -0.00151515 -0.006
internal_weight=3200 395 2805 274 849 223 1956 574 1382 1096 626 119 49 1004 762 281 293 215 401 252 286 264 100
internal_count=3200 395 2805 274 849 223 1956 574 1382 1096 626 119 49 1004 762 281 293 215 401 252 286 264 100
is_linear=0
shrinkage=0.05


Tree=77
num_leaves=24
num_cat=0
split_feature=0 4 5 5 4 0 0 0 11 0 0 14 9 5 9 0 5 9 14 14 5 5 9
split_gain=22.9832 9.46266 6.10389 5.94538 4.83119 2.96363 3.63814 3.8048 2.8427 1.75033 3.36111 1.69822 1.83533 1.61393 1.50767 1.26997 1.62329 1.25612 1.22909 1.5632 1.7406 1.94535 1.48742
threshold=6.5000000000000009 1.0000000180025095e-35 0.87339217932016089 0.96353742089261984 1.0000000180025095e-35 4.5000000000000009 3.5000000000000004 2.5000000000000004 0.22200725691921142 1.0000000180025095e-35 1.5000000000000002 15202.845436019359 141904.51269624764 1.0799996144149753 39775.067739720187 5.5000000000000009 0.87920273278234984 10339.972359933383 24483.676807617769 100994.72393987076 1.0274009525581516 1.0049845388926539 48228.296339233464
decision_type=2 2 2 2 2 2 2 2 2 2 2 2 2 2 2 2 2 2 2 2 2 2 2
left_child=3 2 -2 4 -1 6 7 9 11 14 -11 -5 17 -4 -6 16 -7 -13 22 20 21 -20 -19
right_child=1 -3 13 8 5 15 -8 -9 -10 10 -12 12 -14 -15 -16 -17 -18 18 19 -21 -22 -23 -24
leaf_value=-0.0033421819897694327 -0.040787885671893336 -0.092101211195491139 -0.016210734739563026 -0.0069321173408141597 0.013685762880085229 0.028392649446366748 -0.12322123339971808 0.01577037288826677 0.21249026241427238 -0.26442683587271182 -0.017169095202315354 -0.023443991027239621 -0.035824018674666024 0.00011532203641899663 -0.03118086752910525 -0.025109061793666232 -0.012863355152831525 0.034562047583310294 0.0023733530944408444 0.028877554683526797 0.0092343007178502749 -0.044053913274309409 -0.018752095227681665
leaf_weight=810 59 121 119 337 23 31 54 61 45 49 63 27 35 96 21 51 23 170 133 123 651 69 29
leaf_count=810 59 121 119 337 23 31 54 61 45 49 63 27 35 96 21 51 23 170 133 123 651 69 29
internal_value=-0.0020625 -0.0133544 -0.00821168 -0.000472371 -0.00316189 -0.00784574 -0.0106089 -0.00771889 0.00149784 -0.011859 -0.0151786 0.00114358 0.00200081 -0.00430233 -0.00340909 -0.000714286 0.00462963 0.00232945 0.00257447 0.00184426 0.00108441 -0.0029703 0.00615578
internal_weight=3200 395 274 2805 1186 376 271 217 1619 156 112 1574 1237 215 44 105 54 1202 1175 976 853 202 199
internal_count=3200 395 274 2805 1186 376 271 217 1619 156 112 1574 1237 215 44 105 54 1202 1175 976 853 202 199
is_linear=0
shrinkage=0.05


Tree=78
num_leaves=24
num_cat=0
split_feature=0 4 4 5 5 5 0 0 5 0 0 5 0 0 0 5 0 0 5 5 5 9 5
split_gain=22.3452 9.66949 6.4034 6.26127 4.60304 2.59412 2.36025 7.34636 2.33961 1.53947 5.3841 1.46205 1.43268 2.55335 2.25019 1.82497 1.65418 2.93577 1.64103 1.54344 1.37879 1.21112 1.40192
threshold=6.5000000000000009 1.0000000180025095e-35 1.0000000180025095e-35 0.87339217932016089 1.0295092369820498 0.65310525781714035 1.5000000000000002 1.0000000180025095e-35 0.97697385171132567 3.5000000000000004 4.5000000000000009 1.0799996144149753 1.5000000000000002 1.0000000180025095e-35 5.5000000000000009 1.0751101597699455 4.5000000000000009 3.5000000000000004 1.1656753941135316 1.227147445777961 1.1029624814991419 57573.520787453483 1.1271418355183351
decision_type=2 2 2 2 2 2 2 2 2 2 2 2 2 2 2 2 2 2 2 2 2 2 2
left_child=2 3 8 -2 5 -4 7 -7 -1 -8 -11 -5 13 15 16 -10 17 -14 -15 -18 -19 -16 -23
right_child=1 -3 4 11 -6 6 9 -9 12 10 -12 -13 14 18 21 -17 19 20 -20 -21 -22 22 -24
leaf_value=-0.003064619858911044 -0.038748491388298681 -0.087496150635716585 -0.16760452647380958 -0.015400198002584898 0.00036544670951947308 0.00019776664624293616 -0.0012066086685145194 -0.16354678363804981 -0.016913038089118083 -0.083142189016474258 -0.0010615371277600261 0.00010955593459804902 0.06212548912496612 -0.014204858596379301 0.02815279829190729 0.096624005218041029 0.071992857641207317 0.0087725856819577796 -0.046208003647844012 0.42216160036498285 -0.030182212776993469 -0.0059831038849706532 -0.037654120261267826
leaf_weight=863 59 121 25 119 360 54 147 63 66 66 134 96 304 108 99 97 131 77 48 25 66 52 20
leaf_count=863 59 121 25 119 360 54 147 63 66 66 134 96 304 108 99 97 131 77 48 25 66 52 20
internal_value=-0.00209375 -0.0132278 -0.000525847 -0.0080292 -0.00415194 -0.00731084 -0.00646552 -0.0126068 0.00104806 -0.00439481 -0.00725 -0.00406977 0.00258463 -0.00023511 0.00374677 0.0041411 0.00518242 0.00363535 -0.00480769 0.00961538 -0.00227273 -0.00131579 -0.00625
internal_weight=3200 395 2805 274 849 489 464 117 1956 347 200 215 1093 319 774 163 603 447 156 156 143 171 72
internal_count=3200 395 2805 274 849 489 464 117 1956 347 200 215 1093 319 774 163 603 447 156 156 143 171 72
is_linear=0
shrinkage=0.05


Tree=79
num_leaves=24
num_cat=0
split_feature=0 4 5 5 4 10 0 0 9 9 14 9 9 0 0 2 5 9 9 14 5 9 9
split_gain=22.2762 9.87856 6.42065 5.80981 5.0067 2.35679 2.02543 4.78983 2.18224 1.68501 1.56826 1.83045 1.49281 1.44298 4.74817 1.55018 1.33135 1.83854 1.3417 1.21697 1.5474 1.27748 1.14512
threshold=6.5000000000000009 1.0000000180025095e-35 0.87339217932016089 0.96353742089261984 1.0000000180025095e-35 1.0000000180025095e-35 1.5000000000000002 1.0000000180025095e-35 30649.342567377967 12889.997113916506 15202.845436019359 141904.51269624764 115825.97079138122 4.5000000000000009 3.5000000000000004 2032.5000000000002 1.1955684557695698 29714.669287288703 34611.944731937627 5418.2681822640598 1.1989917068525389 20281.868311528979 39775.067739720187
decision_type=2 2 2 2 2 2 2 2 2 2 2 2 2 2 2 2 2 2 2 2 2 2 2
left_child=3 2 -2 4 -1 10 7 22 9 -8 19 -12 13 14 -10 -15 17 -4 -18 -5 21 -21 -6
right_child=1 -3 16 5 6 -7 8 -9 12 -11 11 -13 -14 15 -16 -17 18 -19 -20 20 -22 -23 -24
leaf_value=-0.0030218418973353423 -0.036811066818883735 -0.083121343103930767 -0.046558392164800823 0.00048450437841545129 0.012991586403768808 0.18932379440374919 -0.0027125592732017978 -0.24302815489717375 0.0026242066293436397 -0.04682357327206859 0.008333956397859766 -0.03405109007640874 -0.042608714144677422 0.029171451054608791 -0.1033200168724366 -0.013623431136868015 -0.024119145416131894 -0.006778654125522721 0.012511549159831237 0.0055193729055449843 0.037449797572256929 -0.023631410935240404 -0.029631712484962061
leaf_weight=810 59 121 34 171 23 56 26 49 85 58 1199 35 24 39 30 21 20 140 21 29 45 84 21
leaf_count=810 59 121 34 171 23 56 26 49 85 58 1199 35 24 39 30 21 20 140 21 29 45 84 21
internal_value=-0.00198438 -0.0131013 -0.00784672 -0.000418895 -0.00307757 0.00152872 -0.00784574 -0.0142473 -0.00574205 -0.0125 0.00116763 0.00198541 -0.00288945 -0.00128571 -0.00456522 0.005 -0.00383721 -0.00574713 0.00426829 -0.0018997 -0.00506329 -0.00818584 -0.00227273
internal_weight=3200 395 274 2805 1186 1619 376 93 283 84 1563 1234 199 175 115 60 215 174 41 329 158 113 44
internal_count=3200 395 274 2805 1186 1619 376 93 283 84 1563 1234 199 175 115 60 215 174 41 329 158 113 44
is_linear=0
shrinkage=0.05


end of trees

feature_importances:
type_idx=915
scale=534
min_habitat_m=138
buffer=97
min_water_m=96
habitat_proximity=26
country_idx=14
horizon_year=10
cooling=5
habitat_hits=5

parameters:
[boosting: gbdt]
[objective: quantile]
[metric: quantile]
[tree_learner: serial]
[device_type: cpu]
[data_sample_strategy: bagging]
[data: ]
[valid: ]
[num_iterations: 80]
[learning_rate: 0.05]
[num_leaves: 24]
[num_threads: 0]
[seed: 7]
[deterministic: 0]
[force_col_wise: 0]
[force_row_wise: 0]
[histogram_pool_size: -1]
[max_depth: -1]
[min_data_in_leaf: 20]
[min_sum_hessian_in_leaf: 0.001]
[bagging_fraction: 1]
[pos_bagging_fraction: 1]
[neg_bagging_fraction: 1]
[bagging_freq: 0]
[bagging_seed: 17422]
[bagging_by_query: 0]
[feature_fraction: 0.9]
[feature_fraction_bynode: 1]
[feature_fraction_seed: 7040]
[extra_trees: 0]
[extra_seed: 6516]
[early_stopping_round: 0]
[early_stopping_min_delta: 0]
[first_metric_only: 0]
[max_delta_step: 0]
[lambda_l1: 0]
[lambda_l2: 0]
[linear_lambda: 0]
[min_gain_to_split: 0]
[drop_rate: 0.1]
[max_drop: 50]
[skip_drop: 0.5]
[xgboost_dart_mode: 0]
[uniform_drop: 0]
[drop_seed: 15215]
[top_rate: 0.2]
[other_rate: 0.1]
[min_data_per_group: 100]
[max_cat_threshold: 32]
[cat_l2: 10]
[cat_smooth: 10]
[max_cat_to_onehot: 4]
[top_k: 20]
[monotone_constraints: ]
[monotone_constraints_method: basic]
[monotone_penalty: 0]
[feature_contri: ]
[forcedsplits_filename: ]
[refit_decay_rate: 0.9]
[cegb_tradeoff: 1]
[cegb_penalty_split: 0]
[cegb_penalty_feature_lazy: ]
[cegb_penalty_feature_coupled: ]
[path_smooth: 0]
[interaction_constraints: ]
[verbosity: -1]
[saved_feature_importance_type: 0]
[use_quantized_grad: 0]
[num_grad_quant_bins: 4]
[quant_train_renew_leaf: 0]
[stochastic_rounding: 1]
[linear_tree: 0]
[max_bin: 255]
[max_bin_by_feature: ]
[min_data_in_bin: 3]
[bin_construct_sample_cnt: 200000]
[data_random_seed: 61]
[is_enable_sparse: 1]
[enable_bundle: 1]
[use_missing: 1]
[zero_as_missing: 0]
[feature_pre_filter: 1]
[pre_partition: 0]
[two_round: 0]
[header: 0]
[label_column: ]
[weight_column: ]
[group_column: ]
[ignore_column: ]
[categorical_feature: ]
[forcedbins_filename: ]
[precise_float_parser: 0]
[parser_config_file: ]
[objective_seed: 15521]
[num_class: 1]
[is_unbalance: 0]
[scale_pos_weight: 1]
[sigmoid: 1]
[boost_from_average: 1]
[reg_sqrt: 0]
[alpha: 0.5]
[fair_c: 1]
[poisson_max_delta_step: 0.7]
[tweedie_variance_power: 1.5]
[lambdarank_truncation_level: 30]
[lambdarank_norm: 1]
[label_gain: ]
[lambdarank_position_bias_regularization: 0]
[eval_at: ]
[multi_error_top_k: 1]
[auc_mu_weights: ]
[num_machines: 1]
[local_listen_port: 12400]
[time_out: 120]
[machine_list_filename: ]
[machines: ]
[gpu_platform_id: -1]
[gpu_device_id: -1]
[gpu_device_id_list: ]
[gpu_use_dp: 0]
[num_gpu: 1]

end of parameters

pandas_categorical:null
