tree
version=v4
num_class=1
num_tree_per_iteration=1
label_index=0
max_feature_idx=37
objective=quantile
feature_names=type_idx country_idx horizon_year cooling buffer scale nearby_500m nearby_2km nearby_highway_2km min_habitat_m habitat_hits habitat_proximity water_hits water_overlap min_water_m min_road_km snow_mm precip_mm has_gbif has_roadkill has_osm_roads has_open_meteo gbif_myotis_myotis gbif_meles_meles gbif_castor_fiber gbif_alcedo_atthis gbif_bombina_variegata gbif_alauda_arvensis gbif_podiceps_cristatus gbif_acrocephalus_scirpaceus gbif_lutra_lutra gbif_ciconia_ciconia gbif_cervus_elaphus gbif_count_500m gbif_count_2km gbif_suitability roadkill_intensity_2km roadkill_count_2km
feature_infos=-1:6:5:2:4:0:7:3:1 -1:0:1:2 [2026:2040] [0:1] [0:1] [0.40000000000000002:2] [0:3] [0:3] [0:3] [0:125011.43205326654] [0:6] [0:3] [0:5] [0:1] [44.225848332120513:209444.01326761045] [0.16774822241364587:228.22479370757517] [0:4.4129166666666659] [0:89.364999999999995] [0:1] [0:1] [0:1] [0:1] none none none none none none none none none [0:1.0918136539803009] none none [0:37] [0:3.2117718603482626] [0:17.727708328222089] [0:15]
tree_sizes=2062 2169 2186 2146 2141 2144 2161 2140 2157 2165 2117 2142 2175 2152 2168 2146 2155 2203 2184 2171 2206 2212 2198 2174 2205 2177 2229 2171 2165 2195 2197 2218 2201 2228 2208 2198 2199 2201 2236 2212 2205 2220 2189 2187 2230 2197 2200 2209 2222 2212 2195 2179 2232 2214 2235 2216 2227 2213 2224 2247 2178 2213 2235 2220 2239 2220 2220 2225 2239 2215 2246 2216 2226 2226 2235 2244 2239 2197 2228 2189 2214 2237 2232 2249 2230 2211 2228 2231 2211 2241 2223 2214 2219 2207 2233 2216 2235 2241 2224 2200 2247 2242 2257 2209 2221 2231 2225 2221 2239 2239 2214 2264 2237 2238 2227 2234 2269 2257 2249 2238

Tree=0
num_leaves=24
num_cat=3
split_feature=9 5 4 0 0 5 4 0 5 8 8 8 5 5 11 6 5 5 2 5 5 5 7
split_gain=49.1279 50.574 22.1884 9.93719 8.12201 9.93685 10.7941 7.92332 18.2354 5.8457 3.9675 3.69581 4.21321 3.37134 3.05646 2.73028 2.54675 2.22206 1.18049 1.16729 0.993005 0.974296 1.09716
threshold=455.53286219347382 1.1313192132347927 1.0000000180025095e-35 0 1 0.88677049098292526 1.0000000180025095e-35 2 1.3153449239505515 1.0000000180025095e-35 1.5000000000000002 1.0000000180025095e-35 1.0687437210359148 1.304185265331794 1.0122700898015295 1.0000000180025095e-35 0.72497800467145923 1.4308953954205845 2031.5000000000002 1.7087207497092562 1.5137990806277084 1.1672731239108303 1.0000000180025095e-35
decision_type=2 2 2 1 1 2 2 1 2 2 2 2 2 2 2 2 2 2 2 2 2 2 2
left_child=1 4 3 9 5 15 11 8 10 13 21 12 14 -3 -7 -1 -17 18 -4 -9 -10 -2 -23
right_child=7 2 17 -5 -6 6 -8 19 20 -11 -12 -13 -14 -15 -16 16 -18 -19 -20 -21 -22 22 -24
leaf_value=79.799871825172431 79.749080372927622 80.504442748223852 80.439177694484812 83.360552801084125 79.743253265359996 80.480948767511478 79.832428692603202 79.128692947161468 80.959647291711093 81.486049993122066 81.169082279382522 82.152347952718259 81.545519026821779 81.183475106115296 80.955823784103629 79.567249991674544 80.759208406675683 81.557176463004367 80.038606041188444 80.467143542443267 82.321004062924743 80.025341373415273 80.512024813130807
leaf_weight=186 254 44 31 137 429 62 69 2545 39 42 20 37 23 41 25 21 25 20 60 20 23 26 20
leaf_count=186 254 44 31 137 429 62 69 2545 39 42 20 37 23 41 25 21 25 20 60 20 23 26 20
internal_value=80.2056 80.2139 80.2293 80.2372 80.2073 80.212 80.2198 80.2021 80.2088 80.2222 80.2041 80.2275 80.2229 80.2159 80.2179 80.2049 80.2158 80.2105 80.2072 80.2011 80.2337 80.2026 80.2093
internal_weight=4199 1252 375 264 877 448 216 2947 382 127 320 147 110 85 87 232 46 111 91 2565 62 300 46
internal_count=4199 1252 375 264 877 448 216 2947 382 127 320 147 110 85 87 232 46 111 91 2565 62 300 46
cat_boundaries=0 1 2 3
cat_threshold=210 45 32
is_linear=0
shrinkage=1


Tree=1
num_leaves=24
num_cat=0
split_feature=11 4 8 11 14 15 8 10 14 4 15 8 11 15 8 10 16 14 14 36 7 15 14
split_gain=43.9429 20.0375 9.16299 6.02966 2.29932 1.9423 2.43821 1.86534 1.38131 1.2801 1.19407 1.18258 1.09911 1.32055 1.08073 1.01672 1.00962 0.86805 0.836322 1.00173 0.801815 0.743517 1.0332
threshold=0.50335885218050369 1.0000000180025095e-35 1.0000000180025095e-35 1.99383156967974 23020.48650124203 149.65648339621836 1.5000000000000002 2.5000000000000004 21987.919908185151 1.0000000180025095e-35 20.247816125716216 1.0000000180025095e-35 0.95863610467927207 115.57349829163006 1.0000000180025095e-35 1.5000000000000002 1.4758333333333338 20517.70875164316 55469.806162322922 0.018141268173406836 2.5000000000000004 58.568473776007473 68481.894462698969
decision_type=2 2 2 2 2 2 2 2 2 2 2 2 2 2 2 2 2 2 2 2 2 2 2
left_child=9 2 3 7 -5 6 12 10 -9 11 -2 -1 -4 18 -3 -13 -8 -12 19 20 -14 -19 -23
right_child=1 14 5 4 -6 -7 16 8 -10 -11 17 15 13 -15 -16 -17 -18 21 -20 -21 -22 22 -24
leaf_value=-0.63482944438239675 0.95542024462468422 -0.63169002541181896 0.023519887548773256 2.1659176067419956 1.4997445217605128 1.8358540565354269 2.8573715028985469 0.086521761730880997 1.617012035970756 -2.017112129980331 0.072456963059212148 -0.23154799079105928 1.6749041385663845 0.78584228107130949 0.18919024076478086 0.63245460889584193 3.9567471704573474 0.77700080960461482 1.4200939878137797 3.3000362102422311 0.58603359531786392 -0.12681877015063814 0.92311068283693742
leaf_weight=1507 48 287 20 24 25 23 26 21 46 919 79 498 38 25 95 43 23 127 43 23 20 40 199
leaf_count=1507 48 287 20 24 25 23 26 21 46 919 79 498 38 25 95 43 23 127 43 23 20 40 199
internal_value=-0.000153609 0.00778409 0.0120588 0.0087931 0.0256122 0.0203112 0.0188532 0.00732143 0.0151493 -0.00344961 0.00625761 -0.00275391 0.0160059 0.0174832 -0.00172775 -0.000748615 0.0286735 0.00544944 0.0195968 0.0166049 0.0131034 0.00647541 0.00483263
internal_weight=4199 1232 850 609 49 241 218 560 67 2967 493 2048 169 149 382 541 49 445 124 81 58 366 239
internal_count=4199 1232 850 609 49 241 218 560 67 2967 493 2048 169 149 382 541 49 445 124 81 58 366 239
is_linear=0
shrinkage=0.05


Tree=2
num_leaves=24
num_cat=1
split_feature=9 5 4 5 5 4 7 11 4 6 11 5 5 5 16 5 6 5 1 5 5 6 4
split_gain=39.5117 46.6065 18.277 6.61618 5.87936 5.90898 4.25461 4.17027 3.71435 2.09394 2.90329 3.2086 1.79931 1.51232 1.31388 1.15802 0.906669 0.946859 1.30645 0.875049 0.865861 0.999845 1.52197
threshold=455.53286219347382 1.1313192132347927 1.0000000180025095e-35 1.3834267317466862 0.93269690608366818 1.0000000180025095e-35 2.5000000000000004 1.2557254659792982 1.0000000180025095e-35 1.0000000180025095e-35 1.0225362393198623 1.2782222241056231 1.3618862516084771 1.4971340844100429 1.756416666666667 1.0632720573186565 1.0000000180025095e-35 0.71283530371631154 0 1.0921227308458137 1.187739437534997 1.0000000180025095e-35 1.0000000180025095e-35
decision_type=2 2 2 2 2 2 2 2 2 2 2 2 2 2 2 2 2 2 1 2 2 2 2
left_child=1 4 9 20 16 6 7 15 13 10 11 -3 -4 -5 -13 -6 -1 -18 -19 -17 -2 -22 -23
right_child=3 2 12 8 5 -7 -8 -9 -10 -11 -12 14 -14 -15 -16 19 17 18 -20 -21 21 22 -24
leaf_value=-0.52046169061484071 -1.1302264661410326 0.94500486233093151 0.056285411184579685 0.30473081920541417 0.22230257571640274 -0.71084435348150043 1.4054534901121765 0.74028320973639739 -1.2537946100856576 3.1191703612590427 2.3976074114567791 2.1928890094209561 1.1981114405923952 1.084136755543019 1.8897384008005293 0.6549941354631974 -0.7885713705077676 -0.14667166596532158 0.35237656868768241 0.53370994904984248 -0.40713896351658385 0.21395530753335176 -1.1383104570494276
leaf_weight=419 2173 76 78 102 131 114 40 21 75 43 66 48 33 75 31 30 33 31 31 27 426 55 41
leaf_count=419 2173 76 78 102 131 114 40 21 75 43 66 48 33 75 31 30 33 31 31 27 426 55 41
internal_value=-0.000260778 0.00718051 0.0219333 -0.00342213 0.000872291 0.0057438 0.0100602 0.00720096 0.0043254 0.0290909 0.0271267 0.0233871 0.00490991 0.00827683 0.030443 0.00484042 -0.00256809 0.0018421 0.00548387 0.0107895 -0.00414657 -0.00231801 0.00229167
internal_weight=4199 1252 375 2947 877 363 249 209 252 264 221 155 111 177 79 188 514 95 62 57 2695 522 96
internal_count=4199 1252 375 2947 877 363 249 209 252 264 221 155 111 177 79 188 514 95 62 57 2695 522 96
cat_boundaries=0 1
cat_threshold=2
is_linear=0
shrinkage=0.05


Tree=3
num_leaves=24
num_cat=4
split_feature=11 5 0 4 0 0 5 4 5 5 0 4 7 5 5 4 11 5 5 4 7 15 5
split_gain=34.9818 40.4684 17.6434 16.0579 7.92388 7.36656 16.1226 6.24833 7.66006 2.81933 4.34674 3.39472 3.23812 2.06803 1.97486 1.93488 1.81118 1.81459 1.74991 1.73557 2.08621 1.64476 1.4198
threshold=0.50335885218050369 1.1313192132347927 0 1.0000000180025095e-35 1 2 1.3153449239505515 1.0000000180025095e-35 0.71283530371631154 0.93269690608366818 3 1.0000000180025095e-35 1.5000000000000002 0.9106620114836339 1.2758260264362959 1.0000000180025095e-35 1.0506198847942112 1.2892373734878864 1.0816180947461709 1.0000000180025095e-35 1.0000000180025095e-35 83.960794186019541 1.5137990806277084
decision_type=2 2 1 2 1 1 2 2 2 2 1 2 2 2 2 2 2 2 2 2 2 2 2
left_child=5 4 15 -4 7 6 18 8 -2 -6 11 12 21 -10 -5 16 17 -3 -1 20 -20 -11 -8
right_child=1 2 3 14 9 -7 22 -9 13 10 -12 -13 -14 -15 -16 -17 -18 -19 19 -21 -22 -23 -24
leaf_value=-0.53974951603981958 -0.63726995340432901 -0.21752118853849434 2.5936878752452643 0.083245069751859552 -0.56229533903700812 -0.95349687235290725 0.73283103697325991 -0.38803586031598647 0.44581175674599244 0.54518836342531785 -0.25369815052114075 -0.62407491538320059 1.3016406883676952 1.2855586452821228 1.1708172113962003 -0.60397511059315157 0.78317586414590923 1.0558691369493312 -0.036121681938478034 -1.1571901758095824 0.61837294902185602 -0.061660601033087806 1.9831168476969574
leaf_weight=231 20 35 167 38 433 2585 39 36 27 40 185 41 28 30 32 39 21 34 29 31 29 26 23
leaf_count=231 20 35 167 38 433 2585 39 36 27 40 185 41 28 30 32 39 21 34 29 31 29 26 23
internal_value=-0.000475114 0.00660714 0.0205464 0.0281984 0.000715934 -0.00341591 0.00303571 0.0124797 0.0216234 -0.00119921 0.00234375 0.0087931 0.0146808 0.0309649 0.00928571 0.0039928 0.00833333 0.00442029 -0.00140625 0.00455056 0.00965517 0.00863636 0.0264516
internal_weight=4199 1232 366 237 866 2967 382 113 77 753 320 135 94 57 70 129 90 69 320 89 58 66 62
internal_count=4199 1232 366 237 866 2967 382 113 77 753 320 135 94 57 70 129 90 69 320 89 58 66 62
cat_boundaries=0 1 2 3 4
cat_threshold=194 32 32 13
is_linear=0
shrinkage=0.05


Tree=4
num_leaves=24
num_cat=4
split_feature=9 5 0 0 5 0 5 8 14 0 5 8 5 11 8 5 11 5 15 15 5 8 5
split_gain=31.93 35.4824 16.6815 7.34773 16.0277 7.336 4.59821 3.86696 3.5032 2.8382 4.66933 5.40088 2.71739 2.81747 2.60873 2.31704 1.86269 1.4198 1.3505 1.58889 1.31022 1.82713 1.17721
threshold=357.03948594057988 1.1313192132347927 0 1 1.3153449239505515 2 0.71283530371631154 1.5000000000000002 35506.820326091758 3 0.88677049098292526 1.0000000180025095e-35 1.2758260264362959 1.0350630057306958 1.0000000180025095e-35 0.91917282543764645 1.204791514178712 1.5137990806277084 27.999079570150631 46.442013793119592 1.2892373734878864 1.0000000180025095e-35 1.0719064968597067
decision_type=2 2 1 1 2 1 2 2 2 1 2 2 2 2 2 2 2 2 2 2 2 2 2
left_child=1 5 14 4 7 6 -1 22 -8 -7 -11 16 13 -4 -3 -10 -12 -6 -14 -20 -5 -22 -2
right_child=3 2 12 20 17 9 8 -9 15 10 11 -13 18 -15 -16 -17 -18 -19 19 -21 21 -23 -24
leaf_value=-0.63225378869604631 -0.62563956155514411 -0.17231722832665738 1.1431604097822463 -1.1311983044892642 0.69618948512459655 -0.49524492233079132 0.55629151291433876 0.95825000549187878 0.47904824569944698 -0.48347858337176358 0.017982178666381226 0.94992979092950403 2.4816944245168093 1.7776218439349518 0.74401694517593742 1.2073735374628098 0.67795562964930178 1.8839610053121092 2.4489510633658114 2.7333334037220087 -0.29309064494117926 0.16104366736744286 0.032728687566292235
leaf_weight=26 211 92 78 2193 39 417 34 20 25 165 103 36 34 37 41 24 20 23 26 55 301 106 93
leaf_count=26 211 92 78 2193 39 417 34 20 25 165 103 36 34 37 41 24 20 23 26 55 301 106 93
internal_value=-0.00054656 0.00629431 0.0193802 -0.00332552 0.00308081 0.000705881 0.0122269 -0.0012963 0.0190964 -0.00113848 0.00233533 0.00852201 0.0270833 0.0228261 0.00374126 0.0276531 0.00353658 0.0264516 0.0336957 0.0301852 -0.00427203 -0.00168305 -0.00269737
internal_weight=4199 1213 363 2986 386 850 109 324 83 741 324 159 230 115 133 49 123 62 115 81 2600 407 304
internal_count=4199 1213 363 2986 386 850 109 324 83 741 324 159 230 115 133 49 123 62 115 81 2600 407 304
cat_boundaries=0 1 2 3 4
cat_threshold=146 32 32 210
is_linear=0
shrinkage=0.05


Tree=5
num_leaves=24
num_cat=4
split_feature=9 5 4 0 0 5 0 4 5 8 8 5 11 5 5 8 5 8 11 5 0 8 5
split_gain=30.2011 30.3049 16.7203 15.5111 6.73486 13.1923 6.10176 4.79575 6.43327 4.52373 3.81112 2.93192 3.33402 2.48506 2.3512 1.96065 1.49142 1.43923 1.38528 1.37657 1.91244 3.32727 1.28532
threshold=357.03948594057988 1.1313192132347927 1.0000000180025095e-35 0 1 1.3153449239505515 2 1.0000000180025095e-35 0.71283530371631154 1.0000000180025095e-35 1.5000000000000002 0.97864785621514683 1.5806033704343603 0.95604214863564396 1.2141818954864803 1.0000000180025095e-35 1.5137990806277084 1.5000000000000002 1.0002257201636719 1.2892373734878864 3 1.0000000180025095e-35 1.0658108544522935
decision_type=2 2 2 1 1 2 1 2 2 2 2 2 2 2 2 2 2 2 2 2 1 2 2
left_child=1 6 3 14 5 10 7 8 -1 -5 22 17 15 -10 18 -13 -7 -8 -3 -6 21 -21 -2
right_child=4 2 -4 9 19 16 11 -9 13 -11 -12 12 -14 -15 -16 -17 -18 -19 -20 20 -22 -23 -24
leaf_value=-0.57379376629931023 -0.6509306201874836 1.1189018403383868 0.114546598993247 0.3329788263968842 -1.074638389264801 0.66138001086836695 -0.48312691540459807 -0.37812956502069822 0.6124193954404773 0.82385049659532295 0.91033750521728496 -0.098256628622365755 0.65378770141240561 1.202247326480073 2.7750547063873512 0.69676850100612531 1.7897629550465035 0.2318222970951993 1.926843646796063 -0.070822517661615375 -0.80133164144961655 0.65557203815978515 0.03002253049943528
leaf_weight=20 207 20 107 83 2193 39 459 33 33 42 20 168 25 23 89 48 23 41 22 121 247 39 97
leaf_count=20 207 20 107 83 2193 39 459 33 33 42 20 168 25 23 89 48 23 41 22 121 247 39 97
internal_value=-0.000606098 0.00604699 0.0181405 0.0250781 -0.00330878 0.00282828 0.000882352 0.0113866 0.0193421 0.00944444 -0.00114198 -0.000805594 0.00371369 0.0280357 0.0364894 0.00171296 0.0240323 -0.003 0.0295238 -0.00421456 -0.0015602 0.00264706 -0.0025329
internal_weight=4199 1213 363 256 2986 386 850 109 76 125 324 741 241 56 131 216 62 500 42 2600 407 160 304
internal_count=4199 1213 363 256 2986 386 850 109 76 125 324 741 241 56 131 216 62 500 42 2600 407 160 304
cat_boundaries=0 1 2 3 4
cat_threshold=45 32 32 13
is_linear=0
shrinkage=0.05


Tree=6
num_leaves=24
num_cat=3
split_feature=9 5 0 4 0 5 0 5 8 5 8 4 11 5 11 8 5 4 6 5 4 5 5
split_gain=25.9466 26.4752 19.5541 18.4051 5.94987 11.7079 3.75507 4.30936 3.9891 3.22178 3.01235 3.00362 3.20325 2.19791 1.87091 1.73233 1.62386 1.55217 1.53063 1.28532 1.30142 1.19465 1.1297
threshold=357.03948594057988 1.0632720573186565 0 1.0000000180025095e-35 1 1.3153449239505515 2 0.91337345033287376 1.0000000180025095e-35 1.2141818954864803 1.5000000000000002 1.0000000180025095e-35 1.0506198847942112 1.4070340389700129 1.0002257201636719 1.0000000180025095e-35 1.7087207497092562 1.0000000180025095e-35 1.0000000180025095e-35 1.0658108544522935 1.0000000180025095e-35 0.99752892928850623 0.72497800467145923
decision_type=2 2 1 2 1 2 1 2 2 2 2 2 2 2 2 2 2 2 2 2 2 2 2
left_child=1 6 3 9 5 10 7 18 17 14 19 12 13 -4 -3 -5 -6 21 -1 -2 -21 -9 -20
right_child=4 2 11 15 16 -7 -8 8 -10 -11 -12 -13 -14 -15 -16 -17 -18 -19 22 20 -22 -23 -24
leaf_value=-0.22406267512632258 -0.61838408917810961 1.0529087262866921 0.086641726463147592 0.022412329868226024 -0.83639229299554185 1.0343875289313889 -0.64510312061825059 0.090084491956147483 1.3526178251555945 2.6363019710679838 0.86482062995642073 -0.82557493867992737 0.92253444487464076 0.89942726553106622 1.8091022992039267 1.3504813707017338 0.29185268009972987 -0.74560982580952251 -0.44385999665166004 0.12762593639204919 -1.1059420256970474 0.4513418205780127 0.25789380491201674
leaf_weight=196 207 42 113 56 2580 62 359 41 33 89 20 70 32 21 33 20 20 27 20 59 38 30 31
leaf_count=196 207 42 113 56 2580 62 359 41 33 89 20 70 32 21 33 20 20 27 20 59 38 30 31
internal_value=-0.000820435 0.00534625 0.0145378 0.0242 -0.00332552 0.00244949 -0.000590232 0.00286082 0.0102672 0.0346341 -0.0012963 0.00353658 0.0073494 0.00395522 0.027 0.00486842 -0.00417625 0.00520408 -0.000951418 -0.0025329 0.00221649 0.00908451 0.0067647
internal_weight=4199 1213 476 240 2986 386 737 378 131 164 324 236 166 134 75 76 2600 98 247 304 97 71 51
internal_count=4199 1213 476 240 2986 386 737 378 131 164 324 236 166 134 75 76 2600 98 247 304 97 71 51
cat_boundaries=0 1 2 3
cat_threshold=45 32 45
is_linear=0
shrinkage=0.05


Tree=7
num_leaves=24
num_cat=4
split_feature=11 5 4 0 5 0 4 0 4 5 11 5 8 8 5 0 5 8 5 5 7 5 5
split_gain=23.675 23.0188 13.9183 11.0766 5.70061 5.58177 7.3392 5.36238 4.42486 5.90843 2.84956 2.88797 2.40726 2.40391 2.16402 1.83913 3.11125 3.63766 2.16785 1.6 1.56379 1.24015 1.1542
threshold=0.59549417801071247 1.1498103798023716 1.0000000180025095e-35 0 1.4158576102881872 1 1.0000000180025095e-35 2 1.0000000180025095e-35 0.95718907554605426 1.99383156967974 0.96426533895968825 1.5000000000000002 1.0000000180025095e-35 1.2837255376576799 3 1.0719064968597067 1.0000000180025095e-35 1.3153449239505515 0.8683379809646673 1.5000000000000002 1.4158576102881872 1.0154938974775825
decision_type=2 2 2 1 2 1 2 1 2 2 2 2 2 2 2 1 2 2 2 2 2 2 2
left_child=4 7 3 14 15 6 -6 8 9 20 12 -12 22 -5 -3 16 -1 18 -18 -14 -2 -4 -9
right_child=1 2 21 13 5 -7 -8 10 -10 -11 11 -13 19 -15 -16 -17 17 -19 -20 -21 -22 -23 -24
leaf_value=-0.48186679992877074 0.09503787062667135 1.491904926722861 -0.09921473019742881 0.37035838974643964 1.0429886827619772 -0.518708052501338 -1.1598047076540798 -0.40667717638028195 -0.40622502040737241 1.2864064995871864 0.0087821432426441505 0.66023825675741521 -0.081102870551546372 0.74328121986679041 2.6013257383721973 -0.87581604774123112 -0.10953079777251987 0.74627528858155678 0.38442555614196938 0.53370117050046229 0.66197325091393289 0.9491888514218918 0.070567977555620984
leaf_weight=227 32 56 82 75 71 106 37 467 35 26 43 26 20 41 61 2439 76 25 22 20 21 21 170
leaf_count=227 32 56 82 75 71 106 37 467 35 26 43 26 20 41 61 2439 76 25 22 20 21 21 170
internal_value=-0.000915695 0.00503344 0.016131 0.022897 -0.00328505 0.00457944 0.0119492 0.000697673 0.0103226 0.0177848 -0.000899472 0.00876811 -0.00189808 0.00888889 0.033189 -0.00388849 -0.000416668 0.00597561 0.00163265 0.01 0.00820755 0.000825242 -0.00264521
internal_weight=4199 1196 336 233 3003 214 108 860 114 79 746 69 677 116 117 2789 350 123 98 40 53 103 637
internal_count=4199 1196 336 233 3003 214 108 860 114 79 746 69 677 116 117 2789 350 123 98 40 53 103 637
cat_boundaries=0 1 2 3 4
cat_threshold=45 45 32 32
is_linear=0
shrinkage=0.05


Tree=8
num_leaves=24
num_cat=5
split_feature=9 0 4 11 8 0 4 36 8 4 0 2 8 8 8 16 1 11 11 8 0 4 2
split_gain=22.2472 15.3164 13.254 7.22089 7.45557 5.10765 3.7128 2.44749 2.01219 1.62984 1.58859 2.10464 1.40527 1.39867 1.35122 1.24103 1.07479 1.00626 0.961464 0.936009 1.56013 1.55906 0.936305
threshold=455.53286219347382 0 1.0000000180025095e-35 1.99383156967974 1.0000000180025095e-35 1 1.0000000180025095e-35 0.61765480310855181 1.0000000180025095e-35 1.0000000180025095e-35 2 2036.5000000000002 1.0000000180025095e-35 1.5000000000000002 1.0000000180025095e-35 1.4758333333333338 3 1.0475734781220603 1.99383156967974 1.0000000180025095e-35 4 1.0000000180025095e-35 2036.5000000000002
decision_type=2 1 2 2 2 1 2 2 2 2 1 2 2 2 2 2 1 2 2 2 1 2 2
left_child=1 2 3 4 7 6 14 10 18 17 11 15 -4 16 -2 -1 -6 -10 -3 -7 21 22 -21
right_child=5 8 12 -5 13 19 -8 -9 9 -11 -12 -13 -14 -15 -16 -17 -18 -19 -20 20 -22 -23 -24
leaf_value=0.11976177427933131 0.11784079321276622 -0.4844628913177218 -0.29154755115464454 2.2757296692670357 2.4124165260010519 -0.8966452853878526 -1.161634283978638 1.9767664784739982 0.073733745748971 -0.82930559751292354 0.11308168122778461 1.0717881152207909 0.24399332748973165 2.8842283499241343 0.78020827786812585 0.93255153316434913 1.0254956423536985 0.5276976792327549 0.42715505624318273 0.081026651343181474 -0.92864738583734019 -1.4017284611281142 0.29820154925471698
leaf_weight=39 195 404 150 33 21 1876 125 24 90 43 132 32 52 27 62 65 66 39 35 138 408 92 51
leaf_count=39 195 404 150 33 21 1876 125 24 90 43 132 32 52 27 62 65 66 39 35 138 408 92 51
internal_value=-0.000999049 0.00458466 0.00990015 0.0149317 0.0131034 -0.00337123 0.0020153 0.00886986 -0.00113527 0.00343023 0.0075 0.0110959 -0.000544556 0.0239474 0.00550584 0.00846154 0.0208621 0.00624031 -0.00294989 -0.00416505 -0.00260523 0.000326459 0.00293651
internal_weight=4199 1252 641 439 406 2947 382 292 611 172 268 136 202 114 257 104 87 129 439 2565 689 281 189
internal_count=4199 1252 641 439 406 2947 382 292 611 172 268 136 202 114 257 104 87 129 439 2565 689 281 189
cat_boundaries=0 1 2 3 4 5
cat_threshold=45 32 40 4 13
is_linear=0
shrinkage=0.05


Tree=9
num_leaves=24
num_cat=4
split_feature=11 0 4 8 0 11 4 36 8 4 0 2 7 8 8 0 4 2 9 16 16 10 14
split_gain=19.2839 13.4639 11.0827 5.71943 4.36098 4.15468 3.39482 2.69954 1.8262 1.43391 1.29326 1.63665 1.2624 1.12621 1.01026 1.92849 1.26875 1.01404 0.942157 0.922777 0.91726 0.8678 1.05834
threshold=0.59549417801071247 0 1.0000000180025095e-35 1.0000000180025095e-35 1 1.8148800450007452 1.0000000180025095e-35 0.61765480310855181 1.0000000180025095e-35 1.0000000180025095e-35 2 2036.5000000000002 2.5000000000000004 1.5000000000000002 1.0000000180025095e-35 3 1.0000000180025095e-35 2036.5000000000002 8356.4248115679093 1.4758333333333338 2.1729166666666671 1.5000000000000002 141744.59562036514
decision_type=2 1 2 2 1 2 2 2 2 2 1 2 2 2 2 1 2 2 2 2 2 2 2
left_child=4 2 3 5 6 7 12 10 -3 -10 11 19 -1 -5 -6 16 17 -16 -19 -2 -12 22 -21
right_child=1 8 -4 13 14 -7 -8 -9 9 -11 20 -13 -14 -15 15 -17 -18 18 -20 21 -22 -23 -24
leaf_value=0.13960721584313407 0.1667999645371685 -0.36415718967007499 -0.10152691390747196 1.7505656404483549 -0.84585126967192292 1.3234415034115043 -1.1041849721969346 1.8954756512567981 0.42899302592321659 -0.72448261253187241 0.047295637030871501 0.98751849408482451 0.89699024261406723 3.3853030800985402 0.069508761685504641 -0.89897111555187337 -1.2715870125877275 0.62931980770741902 0.16638685438029588 -0.015897011393420358 0.10709673300038447 1.3138513414510671 0.88780129545040687
leaf_weight=222 36 422 194 83 1906 28 126 21 124 40 92 30 38 28 145 416 96 20 34 21 33 22 22
leaf_count=222 36 422 194 83 1906 28 126 21 124 40 92 30 38 28 145 416 96 20 34 21 33 22 22
internal_value=-0.00113003 0.00423913 0.00935484 0.0141106 -0.0032684 0.0105738 0.00169192 0.00871841 -0.00122483 0.00323171 0.00730469 0.0106028 0.005 0.0238288 -0.00399125 -0.00239803 0.000737704 0.0030402 0.00888889 0.00836634 0.00277778 0.0119231 0.0077907
internal_weight=4199 1196 610 416 3003 305 386 277 586 164 256 131 260 111 2617 711 295 199 54 101 125 65 43
internal_count=4199 1196 610 416 3003 305 386 277 586 164 256 131 260 111 2617 711 295 199 54 101 125 65 43
cat_boundaries=0 1 2 3 4
cat_threshold=45 32 40 13
is_linear=0
shrinkage=0.05


Tree=10
num_leaves=24
num_cat=5
split_feature=5 9 11 5 0 0 11 8 5 7 8 5 0 2 2 15 15 11 16 1 1 8 5
split_gain=19.9242 20.0096 8.18527 10.0473 7.2178 6.42261 3.78438 2.59752 2.92023 2.05214 1.87879 1.79852 1.45597 1.35911 1.33333 1.24391 1.19454 1.17187 1.12756 0.844128 0.842305 0.831197 1.24006
threshold=1.2758260264362959 609.11502569308516 0.59549417801071247 1.0154938974775825 0 1 1.0855271973187917 1.0000000180025095e-35 1.5531047480642555 1.5000000000000002 1.0000000180025095e-35 1.395838970718613 2 2028.5000000000002 2032.5000000000002 22.107445330116295 8.1368162454702233 1.0584402953290251 1.4758333333333338 3 4 1.5000000000000002 1.1016024789624379
decision_type=2 2 2 2 1 1 2 2 2 2 2 2 1 2 2 2 2 2 2 1 1 2 2
left_child=2 7 21 16 6 11 9 8 17 -5 15 14 13 -7 -3 -6 -4 19 -13 -2 -9 -1 -23
right_child=1 5 3 4 10 12 -8 20 -10 -11 -12 18 -14 -15 -16 -17 -18 -19 -20 -21 -22 22 -24
leaf_value=-0.75297382444720995 0.95226977465579832 0.53904458004790856 0.3337013126034114 0.4508111212298011 0.57397933010789692 0.46214666322019371 1.4787010782143319 1.7481300289449213 1.4206511616023576 0.89705636254714016 0.40910815200812334 0.59131311601365799 -0.62107381190617661 -0.023281280560131928 -0.021088902280540806 -0.30112782455742315 -0.23766827653776612 1.4179676975423685 0.95167306912345018 0.53390907851118108 2.6327775824822361 -0.27234011371530731 0.39304713937484131
leaf_weight=2316 25 20 22 81 26 29 31 24 26 39 72 20 268 85 30 133 618 33 44 51 33 136 37
leaf_count=2316 25 20 22 81 26 29 31 24 26 39 72 20 268 85 30 133 618 33 44 51 33 136 37
internal_value=-0.00122529 0.00655523 -0.00274993 0.00101761 0.00743455 0.00125 0.0154969 0.0202604 0.0164815 0.0125 0.00143153 0.011129 -0.00193878 0.00266129 0.005 -0.00154088 -0.0028125 0.0128899 0.0176562 0.00947368 0.0292105 -0.00429691 -0.000953758
internal_weight=4199 688 3511 1022 382 496 151 192 135 120 231 114 382 114 50 159 640 109 64 76 57 2489 173
internal_count=4199 688 3511 1022 382 496 151 192 135 120 231 114 382 114 50 159 640 109 64 76 57 2489 173
cat_boundaries=0 1 2 3 4 5
cat_threshold=37 33 12 1 2
is_linear=0
shrinkage=0.05


Tree=11
num_leaves=24
num_cat=4
split_feature=5 9 4 0 0 4 11 5 5 8 5 4 11 5 0 8 4 5 8 1 5 15 5
split_gain=16.9964 21.9032 11.53 10.8998 6.08712 4.91792 3.50266 4.07149 3.41022 2.83 3.6 2.75178 2.22609 1.96281 1.83976 3.44409 4.23878 1.8006 1.79886 1.63331 1.36874 1.15445 1.04077
threshold=1.1606751215755724 609.11502569308516 1.0000000180025095e-35 0 1 1.0000000180025095e-35 0.84981366467332753 1.0264471337233452 1.4158576102881872 1.0000000180025095e-35 1.304185265331794 1.0000000180025095e-35 1.0506198847942112 1.4308953954205845 2 1.0000000180025095e-35 1.0000000180025095e-35 1.2286516858134353 1.0000000180025095e-35 3 1.4590833241574643 8.1368162454702233 1.4070340389700129
decision_type=2 2 2 1 1 2 2 2 2 2 2 2 2 2 1 2 2 2 2 1 2 2 2
left_child=6 2 3 9 5 8 -1 21 -3 10 -2 18 22 -4 15 20 17 -17 19 -9 -6 -8 -5
right_child=1 4 13 12 14 -7 7 11 -10 -11 -12 -13 -14 -15 -16 16 -18 -19 -20 -21 -22 -23 -24
leaf_value=-0.80633536769079306 0.62110972706213685 0.35458273030740189 -0.14886851362444187 0.043774378317645815 -0.16758206964572195 -0.85864293192588281 0.31701624697324093 0.51496018787591313 1.3944176067938052 3.1491992963382818 1.6120183910088881 -0.30676179407926468 0.86682867619696735 0.79221336929261654 -0.76498703932580847 0.15177948398635896 -1.1366176803218726 0.92202931428213997 0.8871192730014722 0.014408303542036233 0.23276459167487334 -0.20437951882662941 0.80156606687096932
leaf_weight=2172 45 49 92 70 172 34 22 39 25 37 45 60 23 20 453 20 30 28 35 64 35 607 22
leaf_count=2172 45 49 92 70 172 34 22 39 25 37 45 60 23 20 453 20 30 28 35 64 35 607 22
internal_value=-0.00140391 0.003625 0.0140678 0.0202066 -0.000744682 0.00983051 -0.00341614 -0.000646918 0.017973 0.0296715 0.0272222 0.00560606 0.0066 0.00080357 -0.00239305 0.000762711 0.00974359 0.0189583 0.00949275 0.00616505 -0.00258454 -0.00261526 0.00369565
internal_weight=4199 1200 354 242 846 108 2999 827 74 127 90 198 115 112 738 285 78 48 138 103 207 629 92
internal_count=4199 1200 354 242 846 108 2999 827 74 127 90 198 115 112 738 285 78 48 138 103 207 629 92
cat_boundaries=0 1 2 3 4
cat_threshold=45 32 13 2
is_linear=0
shrinkage=0.05


Tree=12
num_leaves=24
num_cat=0
split_feature=5 9 4 11 5 5 4 8 5 11 4 11 8 11 8 4 14 2 9 5 5 5 8
split_gain=14.9688 19.8487 10.1891 3.14273 3.4092 3.11714 3.34205 3.09518 3.11173 3.13488 2.70404 2.5352 1.71703 1.33764 1.30412 1.69341 1.60944 1.17687 1.13932 1.65472 0.93561 0.918604 0.909636
threshold=1.1606751215755724 417.8489442808596 1.0000000180025095e-35 0.59549417801071247 0.96426533895968825 1.4368553152526682 1.0000000180025095e-35 1.0000000180025095e-35 1.4854173152328105 1.2446834712059835 1.0000000180025095e-35 1.99383156967974 1.0000000180025095e-35 1.0248478723297374 1.0000000180025095e-35 1.0000000180025095e-35 59653.752615219921 2031.5000000000002 26496.096493499663 1.5720523221415739 1.2601101320002142 1.4308953954205845 1.5000000000000002
decision_type=2 2 2 2 2 2 2 2 2 2 2 2 2 2 2 2 2 2 2 2 2 2 2
left_child=3 2 7 22 -5 14 18 8 9 -2 11 12 -6 20 -3 16 17 -16 19 -7 -9 -4 -1
right_child=1 5 21 4 10 6 -8 13 -10 -11 -12 -13 -14 -15 15 -17 -18 -19 -20 -21 -22 -23 -24
leaf_value=-0.8398310436818136 0.47900677200326292 -0.25559285262172088 -0.10686922234408931 -0.25878973296773361 0.052853792062720277 0.052221689527361392 -1.1602208827018206 0.80425343583316422 1.362827158536712 1.3295869364287403 -0.55879620164558919 1.2583840577203662 0.75593508947925414 2.221619772504702 0.21976128263882835 -1.1010458434690731 -0.017587610048027488 0.34925430169125182 0.50883722850259427 1.0035561869634699 2.0875897079213188 0.75260270082798597 -0.039108165245503312
leaf_weight=1976 105 506 82 549 159 51 56 20 32 22 94 22 48 22 25 67 59 31 36 35 31 20 151
leaf_count=1976 105 506 82 549 159 51 56 20 32 22 94 22 48 22 25 67 59 31 36 35 31 20 151
internal_value=-0.00151108 0.00320833 0.0135629 -0.00339947 -0.000871561 -0.000785221 0.00511236 0.0193534 0.0154403 0.0119291 0.00320433 0.00613537 0.00442029 0.0278767 -0.00231105 0.00131868 0.005 0.0110714 0.0097541 0.00662791 0.0234314 0.000392156 -0.00443583
internal_weight=4199 1200 334 2999 872 866 178 232 159 127 323 229 207 73 688 182 115 56 122 86 51 102 2127
internal_count=4199 1200 334 2999 872 866 178 232 159 127 323 229 207 73 688 182 115 56 122 86 51 102 2127
is_linear=0
shrinkage=0.05


Tree=13
num_leaves=24
num_cat=4
split_feature=5 0 4 11 5 0 4 9 9 5 4 7 5 11 7 15 0 5 7 4 15 9 0
split_gain=14.9951 14.9811 9.76768 6.2791 6.77962 6.43122 6.6798 6.10896 4.66689 3.26292 2.93743 2.75379 2.24458 2.11766 1.55769 1.16215 1.14764 1.91862 2.61956 3.22804 1.37772 1.10769 0.73925
threshold=1.2892373734878864 0 1.0000000180025095e-35 0.59549417801071247 1.0154938974775825 1 1.0000000180025095e-35 129.36621638480577 786.95866832995739 1.4308953954205845 1.0000000180025095e-35 1.5000000000000002 1.4971340844100429 1.1213541216814538 1.0000000180025095e-35 8.1368162454702233 2 1.040856504656215 1.5000000000000002 1.0000000180025095e-35 62.611445923663403 3682.7909514043681 3
decision_type=2 1 2 2 2 1 2 2 2 2 2 2 2 2 2 2 1 2 2 2 2 2 1
left_child=3 2 8 16 15 6 11 10 -2 -10 12 -6 14 -7 -3 -5 17 -1 -19 20 -20 -4 -9
right_child=1 7 21 4 5 13 -8 22 9 -11 -12 -13 -14 -15 -16 -17 -18 18 19 -21 -22 -23 -24
leaf_value=-0.59699389718539553 2.0907432022598598 0.74476389543286015 0.97896121236884481 0.31410492127296541 0.75954876428034179 -0.088381624931306746 -0.023463030100314853 0.0029417388104976592 0.37514470228029922 1.1459439949733001 -0.038799521944144544 2.626827214767804 1.3531744867591962 0.3329911574698412 1.1967032297914251 -0.20469744020729155 -0.90185960703466472 -0.13596797080621306 0.70180403255271839 -0.80698807478462453 0.11799484070880284 -0.90224931499784877 -0.52143090539246073
leaf_weight=409 45 26 20 22 61 215 49 112 39 34 30 28 21 40 26 618 1883 160 25 26 23 32 255
leaf_count=409 45 26 20 22 61 215 49 112 39 34 30 28 21 40 26 618 1883 160 25 26 23 32 255
internal_value=-0.00149917 0.00554687 0.0177778 -0.00276623 0.000517908 0.00568702 0.0139189 0.000729165 0.0267797 0.0189726 0.0115049 0.0230899 0.0169178 0.000660376 0.0113462 -0.00265625 -0.00410926 -0.00216692 0.00141026 0.00918919 0.016875 0.00076923 -0.00227521
internal_weight=4199 640 170 3559 1033 393 138 470 118 73 103 89 73 255 52 640 2526 643 234 74 48 52 367
internal_count=4199 640 170 3559 1033 393 138 470 118 73 103 89 73 255 52 640 2526 643 234 74 48 52 367
cat_boundaries=0 1 2 3 4
cat_threshold=40 44 36 5
is_linear=0
shrinkage=0.05


Tree=14
num_leaves=24
num_cat=3
split_feature=5 9 0 0 5 8 9 0 5 8 8 5 15 14 2 8 5 5 9 8 14 14 15
split_gain=13.1051 15.8232 8.38285 5.42087 4.79517 3.37832 2.89753 3.04999 4.24043 2.36742 2.09968 1.72521 1.65654 1.53628 1.33333 1.26977 2.81098 0.994531 0.936225 0.913992 0.767017 1.414 0.752024
threshold=1.1606751215755724 151.1411947353445 0 1 1.4368553152526682 1.0000000180025095e-35 526.9034872626363 2 0.94147667905431387 1.0000000180025095e-35 1.0000000180025095e-35 1.3572596427166561 24.812388260590357 38544.953812751373 2032.5000000000002 1.5000000000000002 1.0871140789853733 1.2252164419808278 3046.0774112961449 1.5000000000000002 70699.343738724943 121568.2744900103 25.656833035084436
decision_type=2 2 1 1 2 2 2 1 2 2 2 2 2 2 2 2 2 2 2 2 2 2 2
left_child=6 2 -2 5 10 11 7 8 12 -10 22 -3 -1 -7 -12 -8 -17 -15 -13 -9 -20 -22 -4
right_child=1 3 4 -5 -6 13 15 19 9 -11 14 18 -14 17 -16 16 -18 -19 20 -21 21 -23 -24
leaf_value=0.52729897766915412 0.13380047484410551 -0.064130757045239392 0.70972994527509581 -0.68032146448793085 1.75041860171424 0.70923113163501472 -0.77702173110268191 -0.26415679903955097 0.35452777869242286 1.537494966155208 2.1732972655632614 0.34610584212620665 -0.10513307350019258 -0.0056549721463938392 0.93825125458295278 -0.25967250163851563 0.50386665942238307 0.82953336911627096 -0.058365848902058426 0.28544768691002592 0.47489238798648831 -0.037091845211159769 0.7090139476303533
leaf_weight=26 115 200 33 471 40 21 1917 648 66 22 24 26 129 27 24 128 20 55 36 43 31 27 70
leaf_count=26 115 200 33 471 40 21 1917 648 66 22 24 26 129 27 24 128 20 55 36 43 31 27 70
internal_value=-0.00158252 0.00283333 0.0126471 -0.000525728 0.0186318 0.00354503 -0.00334945 -0.00103855 0.00369565 0.0126136 0.0155298 0.00109375 -0.00112903 0.0115049 0.0241667 -0.00439467 6.75664e-05 0.00841463 0.00583333 -0.00271755 0.00351064 0.00706896 0.0115049
internal_weight=4199 1200 306 894 191 423 2999 934 243 88 151 320 155 103 48 2065 148 82 120 691 94 58 103
internal_count=4199 1200 306 894 191 423 2999 934 243 88 151 320 155 103 48 2065 148 82 120 691 94 58 103
cat_boundaries=0 1 2 3
cat_threshold=146 45 40
is_linear=0
shrinkage=0.05


Tree=15
num_leaves=24
num_cat=3
split_feature=5 9 11 5 0 4 8 11 4 11 1 0 8 5 4 5 2 5 9 2 11 15 5
split_gain=11.7615 9.04259 8.23059 7.52049 8.46749 9.53471 5.33042 3.68687 2.59957 1.95561 1.77085 1.69202 2.76412 2.11463 1.79268 1.66469 1.30516 0.984573 1.08779 0.97156 0.869718 0.673096 1.49104
threshold=1.4308953954205845 70.861480953857779 0.45809776875297853 0.96426533895968825 0 1.0000000180025095e-35 1.0000000180025095e-35 1.5806033704343603 1.0000000180025095e-35 1.0972505494596578 1 2 1.5000000000000002 1.0658108544522935 1.0000000180025095e-35 1.2892373734878864 2034.5000000000002 1.5720523221415739 26496.096493499663 2032.5000000000002 1.0036184243346653 20.247816125716216 0.8306467510427672
decision_type=2 2 2 2 1 2 2 2 2 2 1 1 2 2 2 2 2 2 2 2 2 2 2
left_child=2 20 11 21 5 6 7 15 17 -6 -8 12 13 -1 -15 -5 -11 18 -3 -19 -2 22 -4
right_child=1 8 3 4 9 -7 10 -9 -10 16 -12 -13 -14 14 -16 -17 -18 19 -20 -21 -22 -23 -24
leaf_value=-0.4099454732319856 1.851397088848534 0.04655374679228496 -1.3474016792024679 0.1795857859597613 -0.24041808818861354 -0.082155893784881667 1.7481290044547606 1.0621039503040242 -0.98307288548637395 0.34992850605082548 2.1271424308811815 -0.63711230178867484 0.66910603386703849 0.3275824910745711 -0.84165064450098959 0.68535365572311469 -0.10109941446178256 0.4573722388759649 0.35445614672870579 0.86337862170875335 1.0585763913935236 -0.27490383815805863 0.24389969152546823
leaf_weight=205 33 62 37 110 253 91 22 22 61 31 31 2417 20 82 41 20 25 29 25 21 25 506 30
leaf_count=205 33 62 37 110 253 91 22 22 61 31 31 2417 20 82 41 20 25 29 25 21 25 506 30
internal_value=-0.0017135 0.00867187 -0.00238778 0.00111205 0.005 0.0108497 0.0171951 0.0124342 0.00358586 -0.000924766 0.0308491 -0.00387884 -0.000530727 -0.00164634 0.00353658 0.00923077 0.0075 0.00740876 0.0041954 0.013 0.0260345 -0.00299302 0.00171642
internal_weight=4199 256 3943 1178 605 296 205 152 198 309 53 2765 348 328 123 130 56 137 87 50 58 573 67
internal_count=4199 256 3943 1178 605 296 205 152 198 309 53 2765 348 328 123 130 56 137 87 50 58 573 67
cat_boundaries=0 1 2 3
cat_threshold=45 2 32
is_linear=0
shrinkage=0.05


Tree=16
num_leaves=24
num_cat=4
split_feature=5 9 4 11 5 0 4 0 4 5 5 15 11 11 8 0 5 4 8 15 0 15 8
split_gain=11.9475 11.4053 5.97405 5.10086 4.56908 5.02012 4.95629 4.45135 4.37607 3.10773 2.05539 1.56746 1.53751 1.52473 1.50103 2.8131 4.07873 4.39847 2.64143 1.73346 1.15022 1.77211 1.09988
threshold=1.304185265331794 1.0000000180025095e-35 1.0000000180025095e-35 0.88254611328137822 1.0264471337233452 0 1.0000000180025095e-35 1 1.0000000180025095e-35 1.4308953954205845 1.4368553152526682 43.287282928919502 1.0350630057306958 1.5806033704343603 1.0000000180025095e-35 2 0.91683600554281697 1.0000000180025095e-35 1.5000000000000002 54.715796972461256 3 24.812388260590357 1.5000000000000002
decision_type=2 2 2 2 2 1 2 1 2 2 2 2 2 2 2 1 2 2 2 2 1 2 2
left_child=3 2 10 14 20 6 11 8 9 -3 12 -6 -2 -7 -1 16 -16 18 19 -18 21 -5 -9
right_child=1 7 -4 4 5 13 -8 22 -10 -11 -12 -13 -14 -15 15 -17 17 -19 -20 -21 -22 -23 -24
leaf_value=-0.62287358411078153 0.71585256861740509 0.36293802829187477 0.18557701671349031 0.56739795416312322 1.3890165661596008 -0.063557152125933422 -0.032096580068814766 -0.13357192084931352 -0.70581335694836889 1.1562580323068121 1.7268043518696261 0.55139806182357398 1.5582884032382593 0.5116602877873504 -0.49472762493385664 -0.49422261194522249 0.53544284158222644 -0.91226975375745134 0.70637135114025318 0.036802373182892222 -0.33379560704906186 -0.037564105335032599 0.44670297951097671
leaf_weight=1915 39 43 36 28 34 209 43 323 39 35 36 48 20 23 80 526 23 33 20 27 462 136 21
leaf_count=1915 39 43 36 28 34 209 43 323 39 35 36 48 20 23 80 526 23 33 20 27 462 136 21
internal_value=-0.0017016 0.00488176 0.0179008 -0.00278209 0.000289928 0.00480392 0.0124074 0.00118221 0.00917323 0.0167949 0.0244737 0.0206098 0.0187288 0.000165288 -0.00393293 -0.00196756 0.00329015 0.0100485 0.0171429 0.011 -0.00228435 0.00132184 -0.00175141
internal_weight=4199 592 131 3607 983 357 125 461 117 78 95 82 59 232 2624 709 183 103 70 50 626 164 344
internal_count=4199 592 131 3607 983 357 125 461 117 78 95 82 59 232 2624 709 183 103 70 50 626 164 344
cat_boundaries=0 1 2 3 4
cat_threshold=44 40 36 40
is_linear=0
shrinkage=0.05


Tree=17
num_leaves=24
num_cat=0
split_feature=5 9 11 5 4 4 11 4 5 8 8 15 5 8 4 15 2 2 36 6 15 5 6
split_gain=11.3407 9.01516 5.81158 4.87813 5.32033 4.56631 4.00368 2.38083 2.07977 2.06383 1.81256 1.47514 1.36753 2.44057 2.75039 1.86773 1.17467 1.16932 0.951197 0.882287 0.864353 0.736719 0.627157
threshold=1.3572596427166561 70.861480953857779 0.59549417801071247 1.0154938974775825 1.0000000180025095e-35 1.0000000180025095e-35 1.5806033704343603 1.0000000180025095e-35 1.4368553152526682 1.0000000180025095e-35 1.0000000180025095e-35 26.190656645233041 1.0969306560913907 1.0000000180025095e-35 1.0000000180025095e-35 46.442013793119592 2031.5000000000002 2032.5000000000002 1.8928547901726123 1.0000000180025095e-35 21.585421683098385 1.5137990806277084 1.0000000180025095e-35
decision_type=2 2 2 2 2 2 2 2 2 2 2 2 2 2 2 2 2 2 2 2 2 2 2
left_child=2 5 12 18 6 8 9 10 -2 20 21 -11 -1 -14 15 16 -15 -13 22 -17 -5 -3 -4
right_child=1 7 3 4 -6 -7 -8 -9 -10 11 -12 17 13 14 -16 19 -18 -19 -20 -21 -22 -23 -24
leaf_value=-0.74277318582263929 0.71417796072374495 0.010385367563290395 -0.25378299400081644 0.32627552111846492 -0.22886432452493552 0.39024447868805512 1.3527859017061008 -0.94074493747977783 1.6102642426665126 1.0593903057407166 0.82821299272363413 0.55320897200382257 -0.2385064107667772 0.33607936828339746 -0.95774696135814941 -0.029132410287590144 0.50547826227441117 0.030548536735388005 0.62287030433653945 0.36669269578593822 0.085863942263380982 0.22058063832756761 0.0081543205916703547
leaf_weight=1876 34 124 502 27 139 28 34 98 37 25 53 26 604 21 74 47 23 30 24 37 164 58 114
leaf_count=1876 34 124 502 27 139 28 34 98 37 25 53 26 604 21 74 47 23 30 24 37 164 58 114
internal_value=-0.00167778 0.00599537 -0.00255774 0.000529953 0.00455056 0.0192424 0.00823529 0.00205706 0.0259859 0.00621323 0.00478723 0.0129012 -0.00380686 -0.00208437 0.00267327 0.00710937 0.0154545 0.00839286 -0.00226563 0.00273809 0.00337696 0.00241758 -0.00264611
internal_weight=4199 432 3767 1085 445 99 306 333 71 272 235 81 2682 806 202 128 44 56 640 84 191 182 616
internal_count=4199 432 3767 1085 445 99 306 333 71 272 235 81 2682 806 202 128 44 56 640 84 191 182 616
is_linear=0
shrinkage=0.05


Tree=18
num_leaves=24
num_cat=2
split_feature=0 5 4 9 11 9 5 4 5 5 15 14 5 9 0 5 4 7 9 5 4 7 5
split_gain=10.0397 12.474 7.81956 4.70555 4.42889 4.1158 4.60147 5.97697 4.09136 3.84375 3.3326 2.87717 2.47698 2.3076 1.5896 2.59649 3.03176 4.96829 1.8992 1.29945 1.49674 1.64756 0.925515
threshold=0 1.2892373734878864 1.0000000180025095e-35 70.861480953857779 1.5806033704343603 1460.1975436730629 0.88677049098292526 1.0000000180025095e-35 1.0392119347815225 1.4308953954205845 33.18665690317966 38544.953812751373 1.5720523221415739 2049.9596770067506 1 0.92432712047662835 1.0000000180025095e-35 1.5000000000000002 129.36621638480577 1.0658108544522935 1.0000000180025095e-35 1.5000000000000002 1.2716120369759094
decision_type=1 2 2 2 2 2 2 2 2 2 2 2 2 2 1 2 2 2 2 2 2 2 2
left_child=1 5 3 -3 12 6 -1 10 -6 -5 -8 -12 14 -14 15 -2 17 22 -19 -7 21 -21 -17
right_child=4 2 -4 9 8 19 7 -9 -10 -11 11 -13 13 -15 -16 16 -18 18 -20 20 -22 -23 -24
leaf_value=-0.12679123420377567 -0.76242887145243587 1.8018125528795963 -0.11759876954650168 0.33859088031083501 -0.020590163616402174 -0.43808060813663946 1.8836948175659503 -0.095428241558309299 1.0944224622189289 1.0570344810552899 -0.055330168407320607 0.45705808485261834 0.84472002869867535 -0.061809482550016726 -0.77369822584588244 -0.10079661162975273 -0.78009775836562256 0.75142239689450918 0.11088482358170922 -0.0069480337749716903 -1.060141216325422 0.30337081025590562 0.11143308146550471
leaf_weight=151 411 37 52 46 62 368 41 69 41 35 22 59 23 45 1975 220 191 32 89 74 64 35 57
leaf_count=151 411 37 52 46 62 368 41 69 41 35 22 59 23 45 1975 220 191 32 89 74 64 35 57
internal_value=-0.00164206 0.00257291 0.015 0.0221186 -0.00305133 0.000209512 0.00450292 0.00965968 0.00713592 0.0153704 0.0163115 0.0104321 -0.00340618 0.00602941 -0.00362185 -0.00193069 0.000178267 0.00266332 0.0111157 -0.00250462 0.00106936 0.00463303 -0.00102888
internal_weight=4199 1053 170 118 3146 883 342 191 103 81 122 81 3043 68 2975 1000 589 398 121 541 173 109 277
internal_count=4199 1053 170 118 3146 883 342 191 103 81 122 81 3043 68 2975 1000 589 398 121 541 173 109 277
cat_boundaries=0 1 2
cat_threshold=40 5
is_linear=0
shrinkage=0.05


Tree=19
num_leaves=24
num_cat=2
split_feature=5 9 0 4 0 9 5 4 9 5 8 8 14 7 9 15 4 15 6 14 14 5 36
split_gain=9.03395 9.72226 3.84418 3.71488 3.57412 3.27814 4.11008 2.50218 2.16704 1.93738 2.00107 1.90019 1.7126 1.61333 2.08333 1.57117 1.48687 1.34407 1.20417 1.13041 0.857143 0.814881 0.802404
threshold=1.304185265331794 749.72640392734081 0 1.0000000180025095e-35 1 1.0000000180025095e-35 1.0264471337233452 1.0000000180025095e-35 560.01526112040051 1.0503106425183286 1.0000000180025095e-35 1.5000000000000002 24546.620459988368 1.0000000180025095e-35 13483.581794243801 114.07011094534455 1.0000000180025095e-35 75.269176838389953 1.0000000180025095e-35 78024.023601291337 41184.994619061887 1.4308953954205845 2.0829400021225983
decision_type=2 2 1 2 1 2 2 2 2 2 2 2 2 2 2 2 2 2 2 2 2 2 2
left_child=2 3 5 12 7 6 18 13 9 22 -11 -7 -2 14 -3 19 17 -12 -1 20 -14 -5 -4
right_child=1 4 8 21 -6 11 -8 -9 -10 10 16 -13 15 -15 -16 -17 -18 -19 -20 -21 -22 -23 -24
leaf_value=-0.038659527991847159 1.3863112202949495 -0.03020425465509612 -0.25731967238231057 -0.17627584374000441 -0.18046723061650347 -0.083176867097014773 0.70372740788938959 -0.76088348999052879 -0.5999961626912359 -0.036685832298810644 0.62355894672831158 0.52831780883393142 0.35187062430112492 0.99866724675142382 0.36400371198543707 0.83605427307253566 -0.066858546994201976 0.030866731045293708 0.37195236561119593 0.26952109240346611 1.089223984769754 0.46302258434725285 1.6682607864298615
leaf_weight=60 31 24 636 28 323 318 42 26 2167 221 43 22 21 27 24 22 30 26 20 25 21 20 22
leaf_count=60 31 24 636 28 323 318 42 26 2167 221 43 22 21 27 24 22 30 26 20 25 21 20 22
internal_value=-0.0018564 0.00386824 -0.00279595 0.0140476 -0.000165096 0.00146186 0.00852459 0.00761261 -0.00341522 -0.00147239 0.00171875 -0.00102941 0.01875 0.013 0.0075 0.0152247 0.00762626 0.0116667 0.001875 0.0114179 0.0164286 0.00229167 -0.00302432
internal_weight=4199 592 3607 168 424 462 122 101 3145 978 320 340 120 75 48 89 99 69 80 67 42 48 658
internal_count=4199 592 3607 168 424 462 122 101 3145 978 320 340 120 75 48 89 99 69 80 67 42 48 658
cat_boundaries=0 1 2
cat_threshold=32 33
is_linear=0
shrinkage=0.05


Tree=20
num_leaves=24
num_cat=0
split_feature=11 5 4 5 11 5 4 8 4 8 5 4 7 5 14 2 8 6 6 5 2 2 16
split_gain=8.20681 9.72739 3.64257 3.08281 3.47223 3.06614 2.14989 2.02613 1.78267 1.75584 2.45429 2.74413 1.34745 1.24363 0.984309 0.825234 0.783135 0.757048 0.719747 0.693946 0.664866 0.62898 0.537147
threshold=0.73629510341212356 1.2837255376576799 1.0000000180025095e-35 0.96426533895968825 1.5806033704343603 1.4590833241574643 1.0000000180025095e-35 1.0000000180025095e-35 1.0000000180025095e-35 1.0000000180025095e-35 1.040856504656215 1.0000000180025095e-35 1.0000000180025095e-35 1.1246321737264284 59653.752615219921 2032.5000000000002 1.0000000180025095e-35 1.0000000180025095e-35 1.0000000180025095e-35 0.82727239353578796 2036.5000000000002 2035.5000000000002 1.756416666666667
decision_type=2 2 2 2 2 2 2 2 2 2 2 2 2 2 2 2 2 2 2 2 2 2 2
left_child=5 3 12 18 6 9 7 -5 16 -1 -11 14 -3 -6 17 -9 21 22 -2 -20 -17 -7 -12
right_child=1 2 -4 4 13 8 -8 15 -10 10 11 -13 -14 -15 -16 20 -18 -19 19 -21 -22 -23 -24
leaf_value=-0.47336857810847283 -0.28538735269362248 0.48140692892263665 -0.0010541529300054275 0.016889570295519338 0.090157158578580379 0.13586577040094044 -0.36977989502356162 0.52546642482669936 -0.81251917221534731 -0.46702087827504962 0.0005798249426942182 -0.88263693511268126 1.4268694789205498 1.2190313203327281 0.041136841616415266 -0.046501254871551198 0.86227913723554916 0.43164541839141246 -0.181275685519285 0.10661997795596011 0.91261127029471467 0.14782643975880469 0.50742916738545707
leaf_weight=2104 435 63 44 208 29 57 134 35 52 458 34 110 57 20 103 21 25 46 50 48 20 24 22
leaf_count=2104 435 63 44 208 29 57 134 35 52 458 34 110 57 20 103 21 25 46 50 48 20 24 22
internal_value=-0.0018683 0.00170103 0.0129878 -0.000150001 0.00281584 -0.00323723 0.00133971 0.00380282 0.0035443 -0.00360966 -0.0015718 0.0018254 0.0175 0.0154082 0.0052439 0.0107895 0.00726415 0.00872549 -0.00274859 0.00112245 0.00597561 0.00487654 0.00482143
internal_weight=4199 1164 164 1000 467 3035 418 284 158 2877 773 315 120 49 205 76 106 102 533 98 41 81 56
internal_count=4199 1164 164 1000 467 3035 418 284 158 2877 773 315 120 49 205 76 106 102 533 98 41 81 56
is_linear=0
shrinkage=0.05


Tree=21
num_leaves=24
num_cat=1
split_feature=0 5 4 9 8 5 11 36 5 11 15 8 5 9 5 4 5 5 9 15 8 5 5
split_gain=8.71459 9.68818 11.0154 10.9781 6.66993 3.23788 3.40379 2.77655 2.17684 1.8539 1.60516 1.74233 1.48068 1.29363 1.38088 1.31864 1.28609 1.07886 1.07769 0.794394 0.734376 0.612245 0.608981
threshold=0 0.98074084135780404 1.0000000180025095e-35 1614.1828285368777 1.0000000180025095e-35 1.3834267317466862 1.1375124608269653 0.38768836376137489 1.4590833241574643 1.0374142026402977 123.43901836151963 1.0000000180025095e-35 1.0816180947461709 560.01526112040051 0.82727239353578796 1.0000000180025095e-35 1.1625859542886614 1.7087207497092562 394.05334507355502 34.273571883916226 1.0000000180025095e-35 1.2837255376576799 1.0503106425183286
decision_type=1 2 2 2 2 2 2 2 2 2 2 2 2 2 2 2 2 2 2 2 2 2 2
left_child=1 13 3 5 8 6 7 10 -5 17 11 -3 -6 14 -1 19 -11 22 21 -16 -18 -4 -2
right_child=9 2 18 4 12 -7 -8 -9 -10 16 -12 -13 -14 -15 15 -17 20 -19 -20 -21 -22 -23 -24
leaf_value=-0.33270131555434801 -0.89988052686065378 0.086321107442614245 -0.061734029845742035 -0.034172928838065608 0.1044860128657632 1.4925466057870438 1.7320995938485275 2.6680092555019885 0.25010669200002922 -0.094378844286777341 0.43512624817281753 0.79058346204688068 0.47989138292679834 -0.61526458416990082 0.45322213932420985 -0.58148559893409291 0.42000742665064089 0.23076148457042991 -0.81808444326526664 0.067808982087969413 0.84846306155765649 0.70313967580892156 -0.26805966714428364
leaf_weight=142 1363 81 49 240 20 32 22 22 28 146 22 31 54 491 22 40 37 20 215 59 20 21 1022
leaf_count=142 1363 81 49 240 20 32 22 22 28 146 22 31 54 491 22 40 37 20 215 59 20 21 1022
internal_value=-0.00189212 0.00102748 0.00473716 0.00885869 0.00333333 0.0178571 0.0152247 0.0126282 -0.000335822 -0.0036631 0.00992537 0.0075 0.0166216 -0.00307692 -0.000247149 0.00367768 0.000911329 -0.00406445 -0.00324562 0.00734568 0.0072807 0.00214286 -0.00416143
internal_weight=4199 1591 837 552 342 210 178 156 268 2608 134 112 74 754 263 121 203 2405 285 81 57 70 2385
internal_count=4199 1591 837 552 342 210 178 156 268 2608 134 112 74 754 263 121 203 2405 285 81 57 70 2385
cat_boundaries=0 1
cat_threshold=44
is_linear=0
shrinkage=0.05


Tree=22
num_leaves=24
num_cat=4
split_feature=0 9 4 8 8 4 11 15 6 14 15 11 0 10 8 0 4 36 15 8 8 15 1
split_gain=7.73146 7.81696 5.30539 4.34397 2.89309 3.55726 2.46838 1.64402 1.43947 1.68295 1.18369 0.957831 1.13911 2.29464 0.91561 0.834745 1.04836 0.827062 0.777351 0.680508 0.660474 0.782997 0.623025
threshold=0 394.05334507355502 1.0000000180025095e-35 1.0000000180025095e-35 1.0000000180025095e-35 1.0000000180025095e-35 1.0584402953290251 49.752778293404454 1.0000000180025095e-35 37301.303167889149 25.012291305676673 0.92975506139665243 1 2.5000000000000004 1.0000000180025095e-35 2 1.0000000180025095e-35 0.38768836376137489 55.229490791365357 1.0000000180025095e-35 1.5000000000000002 27.163797107848534 3
decision_type=1 2 2 2 2 2 2 2 2 2 2 2 1 2 2 1 2 2 2 2 2 2 1
left_child=1 2 3 6 15 8 -1 22 20 -10 -8 -2 13 19 -4 16 -3 -17 -12 -13 21 -6 -5
right_child=11 4 14 7 5 -7 10 -9 9 -11 18 12 -14 -15 -16 17 -18 -19 -20 -21 -22 -23 -24
leaf_value=0.1119790018117639 -0.85539276384623253 0.057616247800647717 -0.30297199725452045 0.74889997769890404 0.11811386476234526 -0.79346673582491489 0.60877094580727609 0.89990674685118577 0.39705983930686117 0.18025791245133102 0.013799640261612218 -0.27747293105276122 -0.90383385834769003 0.50414905486127259 0.11180955974362577 -0.33253351647215412 -0.77781108681620825 0.13249334575000696 0.079367923336053844 0.16708504966440574 0.56335488560725622 -0.033750185653655979 1.6014173383436696
leaf_weight=240 1547 196 145 23 38 124 29 63 33 67 23 191 261 22 51 787 96 25 20 70 28 91 29
leaf_count=240 1547 196 145 23 38 124 29 63 33 67 23 191 261 22 51 787 96 25 20 70 28 91 29
internal_value=-0.00197547 0.00016997 0.00487159 0.00799766 -0.00180135 0.00195538 0.0049359 0.0163043 0.00531128 0.01 0.0130556 -0.00411947 -0.00233456 -5.11957e-05 -0.00193878 -0.00309783 -0.000695365 -0.00390511 0.0077907 -0.00136015 0.00232484 0.000813952 0.0228846
internal_weight=4199 2108 623 427 1485 381 312 115 257 100 72 2091 544 283 196 1104 292 812 43 261 157 129 52
internal_count=4199 2108 623 427 1485 381 312 115 257 100 72 2091 544 283 196 1104 292 812 43 261 157 129 52
cat_boundaries=0 1 2 3 4
cat_threshold=45 80 32 2
is_linear=0
shrinkage=0.05


Tree=23
num_leaves=24
num_cat=3
split_feature=5 0 9 4 0 5 8 4 15 5 4 11 4 7 36 5 5 9 0 8 15 11 11
split_gain=7.88687 7.03002 8.02855 3.4381 3.42413 4.35368 7.02467 5.05157 3.02846 2.52255 2.51429 1.83055 2.10883 1.43504 0.96849 0.960302 0.927809 0.917089 0.867686 1.63153 0.867594 0.866182 0.792633
threshold=1.304185265331794 0 394.05334507355502 1.0000000180025095e-35 1 0.95718907554605426 1.0000000180025095e-35 1.0000000180025095e-35 64.699785586228529 1.449774343129308 1.0000000180025095e-35 0.17536905042250076 1.0000000180025095e-35 2.5000000000000004 1.8928547901726123 1.0871140789853733 1.0921227308458137 8149.6695448327418 2 1.0000000180025095e-35 109.53236647371311 1.5806033704343603 1.2557254659792982
decision_type=2 1 2 2 1 2 2 2 2 2 2 2 2 2 2 2 2 2 1 2 2 2 2
left_child=4 2 10 9 5 14 11 8 13 -4 -2 -7 22 16 21 -10 -8 -11 19 -3 -17 -1 -13
right_child=1 18 3 -5 -6 6 7 -9 15 17 -12 12 -14 -15 -16 20 -18 -19 -20 -21 -22 -23 -24
leaf_value=-0.39684576719298592 1.4136074259078706 -0.28652275686116802 0.043761817285425088 -0.67092402864606027 -0.70873899251459616 -0.12404907417175864 0.32773008055950453 -0.22101390343183791 -0.066369170219380325 0.26106903279432192 0.65181119785027464 0.10758160037549754 -0.26857347964338601 0.68290498950845002 0.56354424611298837 0.12239088295120414 0.32684962075296464 0.84242648807740916 -1.1628039970145994 0.2218177556420754 0.35379057973806444 0.08542801302753994 0.52797269235995159
leaf_weight=886 55 117 82 70 1786 438 29 71 22 27 22 129 79 35 21 20 24 31 145 43 23 24 20
leaf_count=886 55 117 82 70 1786 438 29 71 22 27 22 129 79 35 21 20 24 31 145 43 23 24 20
internal_value=-0.00198738 0.00336149 0.00880471 0.00404762 -0.00286526 -0.00131349 0.00117977 0.00883928 0.0139542 0.00857143 0.0229221 -0.0013964 0.00223684 0.02 -0.00371106 0.00576923 0.0148113 0.0165517 -0.00198413 0.000588234 0.0101163 -0.00395605 0.00573825
internal_weight=4199 592 287 210 3607 1821 890 224 153 140 77 666 228 88 931 65 53 58 305 160 43 910 149
internal_count=4199 592 287 210 3607 1821 890 224 153 140 77 666 228 88 931 65 53 58 305 160 43 910 149
cat_boundaries=0 1 2 3
cat_threshold=45 45 80
is_linear=0
shrinkage=0.05


Tree=24
num_leaves=24
num_cat=1
split_feature=5 0 4 8 9 14 4 5 11 5 11 5 11 8 5 8 2 15 11 5 9 15 15
split_gain=6.67875 7.70436 7.85977 5.88819 3.11966 2.15142 2.04112 1.9549 1.54106 1.53233 1.32464 2.18414 1.29969 1.08791 1.06468 1.62273 1.49767 0.932696 0.892207 0.848169 0.846561 0.554805 0.5596
threshold=1.0658108544522935 0 1.0000000180025095e-35 1.0000000180025095e-35 129.36621638480577 41755.223369337727 1.0000000180025095e-35 1.4158576102881872 0.17536905042250076 1.2252164419808278 1.0506198847942112 1.3869806392842978 0.92975506139665243 1.5000000000000002 0.81306325873261354 1.0000000180025095e-35 2028.5000000000002 97.533064151323813 1.5806033704343603 1.2601101320002142 417.8489442808596 26.190656645233041 132.58468279405687
decision_type=2 1 2 2 2 2 2 2 2 2 2 2 2 2 2 2 2 2 2 2 2 2 2
left_child=12 2 3 7 6 -5 10 8 -2 -7 11 21 -1 -6 -14 18 -17 -18 -16 -15 -4 -3 -23
right_child=1 4 20 5 13 9 -8 -9 -10 -11 -12 -13 14 19 15 16 17 -19 -20 -21 -22 22 -24
leaf_value=-0.6218687489764031 0.021690690979229304 0.18514980404087861 0.074479877438682382 1.0423283045477931 -0.37231428811889394 0.1251100278506839 -0.37525158560715988 0.38579140385764593 0.34479645462843911 0.85831883153207267 0.53580757148953906 0.3240680982149487 -0.55865364546458018 -0.11367832576198041 -0.14482014610014071 -0.12848187648739792 0.57774866161392291 0.14178627876063787 0.06363838586589006 0.42565710738545548 -0.68770743630011077 -0.11170184440470413 0.21437233017014679
leaf_weight=1786 175 31 56 37 763 32 87 63 91 30 37 22 282 35 282 24 42 23 32 23 160 60 26
leaf_count=1786 175 31 56 37 763 32 87 63 91 30 37 22 282 35 282 24 42 23 32 23 160 60 26
internal_value=-0.00211836 0.000266203 0.00455657 0.0085514 -0.00230347 0.0192424 0.00241445 0.00533435 0.00345865 0.0135484 0.00551136 0.00327338 -0.00378592 -0.00384288 -0.00193431 -0.000285361 0.00567416 0.00961538 -0.00197452 0.00275862 -0.00314815 0.000555554 -0.00151163
internal_weight=4199 1728 644 428 1084 99 263 329 266 62 176 139 2471 821 685 403 89 65 314 58 216 117 86
internal_count=4199 1728 644 428 1084 99 263 329 266 62 176 139 2471 821 685 403 89 65 314 58 216 117 86
cat_boundaries=0 1
cat_threshold=41
is_linear=0
shrinkage=0.05


Tree=25
num_leaves=24
num_cat=3
split_feature=0 4 5 5 11 8 9 11 10 1 6 8 5 0 4 2 15 5 9 9 9 5 5
split_gain=6.27112 4.91829 5.41075 3.51924 3.32453 3.26439 2.54573 2.2722 1.38057 1.27813 1.13006 1.07286 1.72231 2.21893 2.13461 1.2451 1.47659 0.93838 1.0562 0.989337 0.758026 0.728455 0.682801
threshold=0 1.0000000180025095e-35 0.8899652155658534 1.3572596427166561 0.53811914929932148 1.0000000180025095e-35 94.441341575564124 1.5806033704343603 2.5000000000000004 1 1.0000000180025095e-35 1.0000000180025095e-35 0.98074084135780404 2 1.0000000180025095e-35 2036.5000000000002 75.269176838389953 1.0039509067790955 8149.6695448327418 40686.705880744223 1.0000000180025095e-35 1.1268342952933712 1.2070788346600592
decision_type=1 2 2 2 2 2 2 2 2 1 2 2 2 1 2 2 2 2 2 2 2 2 2
left_child=1 2 20 7 -5 6 21 11 -9 -7 -6 -2 -13 14 15 22 -17 -8 -19 -20 -1 -4 -14
right_child=3 -3 5 4 10 9 17 8 -10 -11 -12 12 13 -15 -16 16 -18 18 19 -21 -22 -23 -24
leaf_value=0.024009159899936551 -0.44080886666159502 -0.49052185739095794 0.2625093476474416 -0.052308005428014052 0.3045439388866944 1.2689031813912961 -0.26131093665548061 0.026726081844255796 0.6630502007079685 0.51979048585570653 0.9583986101735591 -0.40514610130436657 0.18485702688739608 -0.33828964828128899 -0.56575043463881292 0.57302731450132527 0.21059901110413343 0.025346803194297985 0.27510668756982437 0.01909459772528203 -0.39822308795214845 0.98284027824963938 -0.022445277722678861
leaf_weight=40 2329 175 21 269 81 21 24 75 27 37 20 437 80 192 71 21 24 48 44 23 94 20 26
leaf_count=40 2329 175 21 269 81 21 24 75 27 37 20 437 80 192 71 21 24 48 44 23 94 20 26
internal_value=-0.00224935 0.00271993 0.0060215 -0.0029929 0.00162162 0.0105462 0.00722222 -0.00352224 0.00382353 0.0208621 0.00935643 -0.00375786 -0.00223854 7.24626e-05 0.00340517 0.00692053 0.0138889 0.0039928 0.00586956 0.00992537 -0.00201493 0.0181707 0.00396226
internal_weight=4199 547 372 3652 370 238 180 3282 102 58 101 3180 851 414 222 151 45 139 115 67 134 41 106
internal_count=4199 547 372 3652 370 238 180 3282 102 58 101 3180 851 414 222 151 45 139 115 67 134 41 106
cat_boundaries=0 1 2 3
cat_threshold=32 2 29
is_linear=0
shrinkage=0.05


Tree=26
num_leaves=24
num_cat=1
split_feature=0 5 9 11 5 4 11 4 8 5 4 7 8 11 36 10 8 7 14 14 5 2 15
split_gain=5.80757 7.62162 4.64583 3.32732 2.51307 2.99611 2.47149 2.19658 2.07949 1.89966 2.40264 3.08978 1.40304 1.21147 1.17736 1.07759 1.10201 0.901536 0.80617 0.794595 0.591589 0.572109 0.765071
threshold=0 1.3071767882018717 129.36621638480577 0.98644310309661665 0.82727239353578796 1.0000000180025095e-35 1.8148800450007452 1.0000000180025095e-35 1.0000000180025095e-35 0.98074084135780404 1.0000000180025095e-35 1.5000000000000002 1.0000000180025095e-35 0.17536905042250076 0.19873950232884599 2.5000000000000004 1.0000000180025095e-35 1.0000000180025095e-35 59013.550843035846 42808.830599797126 1.6631307399525419 2028.5000000000002 146.62274875767082
decision_type=1 2 2 2 2 2 2 2 2 2 2 2 2 2 2 2 2 2 2 2 2 2 2
left_child=1 3 17 9 -5 6 14 8 -4 -1 11 13 -13 -11 19 20 -17 -3 -14 -6 -2 -21 -23
right_child=15 2 7 4 5 -7 -8 -9 -10 10 -12 12 18 -15 -16 16 -18 -19 -20 21 -22 22 -24
leaf_value=-0.54910732845896049 -0.58269061737739247 0.65658900483295779 0.093913620695192268 -0.28212760854233776 -0.018249641741151824 -0.11363129980251581 0.88576619153831926 -0.5495615277553525 0.7004137455094408 -0.047811773401675584 -0.68981573915901562 0.012782579062861996 0.37918935368004925 0.16162236585332063 2.7602473569307904 -0.47568791623060963 0.17341956223147564 1.5071144176490223 0.11647007712628402 0.0091867155580993235 0.20025957093021143 0.19679414820535332 0.48930598662697511
leaf_weight=719 1983 29 119 150 60 111 23 69 23 248 216 48 41 31 20 58 27 38 38 27 23 78 20
leaf_count=719 1983 29 119 150 60 111 23 69 23 248 216 48 41 31 20 58 27 38 38 27 23 78 20
internal_value=-0.00216599 -0.000302173 0.00741007 -0.00147541 0.00205521 0.00443953 0.0077193 0.00376777 0.00732394 -0.00276286 -0.000739551 0.00152709 0.00799212 -0.00141577 0.00597561 -0.00402428 0.00147059 0.0188806 0.0120886 0.00472973 -0.00427717 0.007 0.00877551
internal_weight=4199 2108 278 1830 489 339 228 211 142 1341 622 406 127 279 205 2091 85 67 79 185 2006 125 98
internal_count=4199 2108 278 1830 489 339 228 211 142 1341 622 406 127 279 205 2091 85 67 79 185 2006 125 98
cat_boundaries=0 1
cat_threshold=45
is_linear=0
shrinkage=0.05


Tree=27
num_leaves=24
num_cat=3
split_feature=5 9 0 4 0 4 11 5 5 11 4 0 5 7 7 15 2 15 2 14 14 5 9
split_gain=5.97519 6.17833 3.76651 3.69144 3.4956 3.46432 3.00741 2.84063 2.22477 1.56295 1.16819 1.4896 1.63713 1.40974 1.16492 0.876018 0.787267 0.762905 0.75 0.737673 1.13867 0.629365 0.515939
threshold=1.1016024789624379 151.1411947353445 0 1.0000000180025095e-35 1 1.0000000180025095e-35 1.1375124608269653 1.4590833241574643 1.3771122059273162 0.52641122287246378 1.0000000180025095e-35 2 0.71283530371631154 1.5000000000000002 1.5000000000000002 28.411726000518211 2029.5000000000002 24.812388260590357 2034.5000000000002 152534.41816955732 46234.081037188625 0.96614232066531724 40686.705880744223
decision_type=2 2 1 2 1 2 2 2 2 2 2 1 2 2 2 2 2 2 2 2 2 2 2
left_child=9 3 5 4 6 7 8 14 19 -1 11 12 -11 17 22 -6 -15 -14 -18 20 -2 -19 -3
right_child=1 2 -4 -5 15 -7 -8 -9 -10 10 -12 -13 13 16 -16 -17 18 21 -20 -21 -22 -23 -24
leaf_value=-0.52830633389667681 0.57975864800346832 0.053412380839063446 -0.28964940214714174 -0.066020357893284962 0.39627310584990294 -0.52876796844724883 1.2872415286718852 0.65554635208684597 1.8423575513259314 -0.62510505212422274 -0.7199428188082706 -0.12330806090049673 0.36469748367121563 0.0082491173187426003 0.27341536899322599 -0.028415821345047831 1.1162380672335572 -0.12003634227244125 0.06215540338386201 0.43959352569279697 -0.0306216641231782 0.068403710646757779 -0.080849885083364506
leaf_weight=1869 37 134 723 122 45 143 21 42 20 60 247 295 24 21 68 85 24 65 24 20 32 50 28
leaf_count=1869 37 134 723 122 45 143 21 42 20 60 247 295 24 21 68 85 24 65 24 20 32 50 28
internal_value=-0.00214218 0.000361841 -0.00148506 0.00586387 0.00923077 0.00229412 0.0146429 0.00566176 0.0124312 -0.0035629 -0.0017284 -0.000470694 0.00219424 0.004375 0.00347826 0.0025 0.0102174 0.00147482 0.01375 0.00904494 0.0065942 -0.000217392 0.00117284
internal_weight=4199 1520 1138 382 260 415 130 272 109 2679 810 563 268 208 230 130 69 139 48 89 69 115 162
internal_count=4199 1520 1138 382 260 415 130 272 109 2679 810 563 268 208 230 130 69 139 48 89 69 115 162
cat_boundaries=0 1 2 3
cat_threshold=41 116 57
is_linear=0
shrinkage=0.05


Tree=28
num_leaves=24
num_cat=5
split_feature=0 8 11 11 8 1 8 0 11 1 6 14 11 14 14 0 15 14 36 15 10 14 9
split_gain=6.29054 4.12982 2.39422 2.06085 2.00238 2.23934 1.43252 1.84251 2.2327 1.25952 0.953834 1.08747 0.952351 0.913039 1.94004 0.797291 0.74922 0.644128 0.571702 0.562064 0.653956 0.486111 0.475955
threshold=0 1.0000000180025095e-35 0.053761803535250861 0.17536905042250076 1.5000000000000002 1 1.0000000180025095e-35 2 0.56798347320361853 3 1.0000000180025095e-35 56028.964613200696 1.99383156967974 59013.550843035846 31746.985827870991 4 31.635187667559883 24546.620459988368 1.5305741957788654 155.12674689967074 1.5000000000000002 135965.62034304874 41527.489254423395
decision_type=1 2 2 2 2 1 2 1 2 1 2 2 2 2 2 1 2 2 2 2 2 2 2
left_child=1 3 10 15 5 -4 12 8 -8 -6 -3 16 -2 14 -10 -1 -12 -14 19 20 -5 -15 -13
right_child=6 2 4 18 9 -7 7 -9 13 -11 11 22 17 21 -16 -17 -18 -19 -20 -21 -22 -23 -24
leaf_value=-0.041900246136657146 -0.48588830082501872 -0.020280648547330651 1.624794824624711 -0.043104480605826473 1.2337679329930924 0.15563511244160547 -0.16026664487712972 -1.1018808355009146 0.14110759052255786 1.5840356148397958 0.05914503072631673 -0.098314379616409112 0.66453725971803379 -0.03715868437543169 0.40334448263916517 -0.29715807100303659 0.25928077280149459 -0.21977786403660227 2.1356903965839495 0.25790809541142673 0.049852223908790849 0.085818279530253561 0.018655770236958413
leaf_weight=271 1856 142 28 185 20 92 292 289 46 28 21 46 21 36 25 494 22 23 20 21 181 20 20
leaf_count=271 1856 142 28 185 20 92 292 289 46 28 21 46 21 36 25 494 22 23 20 21 181 20 20
internal_value=-0.00208264 0.000402872 0.00466587 -0.00111775 0.00928571 0.00583333 -0.00358671 -0.00168079 0.000477854 0.0179167 0.0015737 0.00509174 -0.00431579 0.00602362 0.00978873 -0.00264706 0.0112791 0.00295454 0.00175676 0.00133075 0.000874316 0.00125 0.0010606
internal_weight=4199 1591 419 1172 168 120 2608 708 419 48 251 109 1900 127 71 765 43 44 407 387 366 56 66
internal_count=4199 1591 419 1172 168 120 2608 708 419 48 251 109 1900 127 71 765 43 44 407 387 366 56 66
cat_boundaries=0 1 2 3 4 5
cat_threshold=44 4 81 2 32
is_linear=0
shrinkage=0.05


Tree=29
num_leaves=24
num_cat=0
split_feature=5 4 8 11 5 5 11 5 9 9 14 14 7 5 11 14 2 14 14 14 9 5 5
split_gain=6.26309 5.77061 5.69416 3.93221 2.52542 1.77902 2.11194 1.48918 1.09145 0.885422 0.827755 0.743964 0.658107 0.636489 0.517558 0.517107 0.600484 0.592818 0.895268 0.728845 0.503156 0.789341 0.438772
threshold=0.98074084135780404 1.0000000180025095e-35 1.5000000000000002 0.17536905042250076 1.2601101320002142 1.5137990806277084 1.2557254659792982 1.449774343129308 786.95866832995739 2519.095260331977 23776.626830658763 113762.42999044863 1.5000000000000002 1.6631307399525419 0.9984092495684993 170293.886613877 2039.5000000000002 56028.964613200696 36433.74504910368 7639.0746366610892 394.05334507355502 1.4308953954205845 0.71283530371631154
decision_type=2 2 2 2 2 2 2 2 2 2 2 2 2 2 2 2 2 2 2 2 2 2 2
left_child=14 2 3 7 9 6 8 12 15 -4 -8 13 -2 -9 -1 16 17 18 19 -5 21 -3 -16
right_child=1 20 4 5 -6 -7 10 11 -10 -11 -12 -13 -14 -15 22 -17 -18 -19 -20 -21 -22 -23 -24
leaf_value=-0.67872021551620432 -0.1148040800261196 -0.18693210073671648 1.0781178593577567 0.30549569737808668 1.3797705417957782 0.56842680440828708 0.8208577879472192 -0.031592070661794709 0.14898473897933645 0.10306603831771177 0.15872205814191834 0.16846207757453288 0.015332827315054927 0.24588553025782112 -0.86558658173355052 0.22470341031399399 0.13609544739042195 -0.041017072479530882 0.19177932187889399 -0.027704804196066437 -0.84758869174499774 0.1780779399299629 -0.062018599900029725
leaf_weight=1421 642 174 21 23 27 31 24 63 22 40 25 23 229 20 166 31 26 123 61 108 507 20 372
leaf_count=1421 642 174 21 23 27 31 24 63 22 40 25 23 229 20 166 31 26 123 61 108 507 20 372
internal_value=-0.00211836 -0.000312501 0.00140026 0.000651274 0.01375 0.00438818 0.00357788 -0.00116172 0.0023604 0.00811475 0.0133673 0.00443396 -0.00184271 0.00222891 -0.00418326 0.00172043 0.00115836 0.000555554 0.00229167 -3.81691e-05 -0.00407275 -0.00190722 -0.00286245
internal_weight=4199 2240 1539 1451 88 474 443 977 394 61 49 106 871 83 1959 372 341 315 192 131 701 194 538
internal_count=4199 2240 1539 1451 88 474 443 977 394 61 49 106 871 83 1959 372 341 315 192 131 701 194 538
is_linear=0
shrinkage=0.05


Tree=30
num_leaves=24
num_cat=0
split_feature=5 9 5 11 4 15 8 5 4 8 9 7 8 4 14 2 14 15 5 36 19 5 5
split_gain=5.87904 4.5792 3.21981 2.66281 1.98188 1.67204 1.54059 1.40403 1.7782 1.60499 1.29318 1.03663 0.951186 0.997501 1.0077 0.910173 1.01049 0.816071 0.75 0.646842 0.583346 0.540806 0.460395
threshold=1.1606751215755724 129.36621638480577 1.5720523221415739 1.4615161420538951 1.0000000180025095e-35 145.1811954609453 1.0000000180025095e-35 0.88415018194986472 1.0000000180025095e-35 1.5000000000000002 891.54889113735419 2.5000000000000004 1.0000000180025095e-35 1.0000000180025095e-35 56028.964613200696 2033.5000000000002 62457.191132181797 15.976611032343117 0.98074084135780404 0.06365918133497446 1.0000000180025095e-35 1.2892373734878864 0.9444895548775013
decision_type=2 2 2 2 2 2 2 2 2 2 2 2 2 2 2 2 2 2 2 2 2 2 2
left_child=7 2 3 5 6 12 19 -1 9 10 17 -11 -2 14 -14 21 -17 -9 -13 -3 -19 -8 -22
right_child=1 4 -4 -5 -6 -7 15 8 -10 11 -12 18 13 -15 -16 16 -18 20 -20 -21 22 -23 -24
leaf_value=-0.68015952670559843 -0.044455798467024132 -0.034122797684045129 1.4734629288731653 0.84510418714700786 -0.71299169887410097 0.4195129013745339 -0.072066198376380827 1.7412971106848063 -0.72688230846760415 -0.10130292383910078 -0.20229295468469896 0.14420691613162581 0.99697586295346352 -0.096311424257556733 0.15206619558073539 0.27900964083191626 0.30839891408660569 0.053414460328235484 0.26221383738535337 0.13110079565294847 0.020036590090377854 0.2879236998538221 -0.024050724987752958
leaf_weight=1405 143 442 22 39 282 29 41 29 501 23 673 20 25 22 21 31 35 30 30 25 61 43 227
leaf_count=1405 143 442 22 39 282 29 41 29 501 23 673 20 25 22 21 31 35 30 30 25 61 43 227
internal_value=-0.00216599 0.000791665 0.00612957 0.00467742 -0.000995552 0.00270833 0.000591571 -0.00334945 -0.00233375 -0.00120311 -0.00171569 0.0059589 0.00116114 0.00602941 0.0102174 0.005 0.00939394 0.000763688 0.01 -0.000824412 3.14453e-05 0.00154762 -0.000659723
internal_weight=4199 1200 301 279 899 240 617 2999 1594 1093 1020 73 211 68 46 150 66 347 50 467 318 84 288
internal_count=4199 1200 301 279 899 240 617 2999 1594 1093 1020 73 211 68 46 150 66 347 50 467 318 84 288
is_linear=0
shrinkage=0.05


Tree=31
num_leaves=24
num_cat=2
split_feature=0 5 5 9 5 0 11 8 9 17 9 14 8 6 11 11 9 15 5 7 16 6 15
split_gain=5.99863 5.24974 2.90001 2.24757 1.989 2.67638 2.01459 1.33974 1.09274 1.47626 0.833645 0.758555 0.951084 0.673407 0.627161 0.621337 0.669087 0.609376 0.590144 0.589898 1.03115 0.552273 0.483503
threshold=0 1.4308953954205845 0.8453298642714665 1460.1975436730629 1.1577527833144476 1 1.0265675147737674 1.0000000180025095e-35 749.72640392734081 74.884166666666673 70.861480953857779 52859.402025917014 1.0000000180025095e-35 1.0000000180025095e-35 1.0122700898015295 0.78085163771579114 94.441341575564124 136.14599767670714 1.1016024789624379 1.5000000000000002 1.0000000180025095e-35 1.0000000180025095e-35 84.451189777756809
decision_type=1 2 2 2 2 1 2 2 2 2 2 2 2 2 2 2 2 2 2 2 2 2 2
left_child=1 2 -1 7 15 6 13 14 -3 -10 -7 12 -5 -6 17 -2 19 -4 -9 -17 -21 -14 -15
right_child=4 8 3 11 5 10 -8 18 9 -11 -12 -13 21 22 -16 16 -18 -19 -20 20 -22 -23 -24
leaf_value=-0.46355271442601498 -0.53375651079663722 1.169570880591875 0.0009199098941558003 -0.026851165857376066 0.0003376064853166494 0.0017361272641722575 0.90516779377122247 0.42712768401507556 0.018337219331382614 0.65273798150833118 -0.39149845367700403 -0.063707944912193226 0.050829458987173462 0.064532187535164917 0.28548150090158275 -0.21526183726389508 0.025628084672260756 0.2080720377935763 1.3882264660376098 0.33010327175823601 -0.073298181143160987 0.23880767604017322 0.24164190895768162
leaf_weight=299 1604 21 133 103 207 146 30 43 31 22 484 266 20 23 44 414 24 20 27 26 164 24 24
leaf_count=299 1604 21 133 103 207 146 30 43 31 22 484 266 20 23 44 414 24 20 27 26 164 24 24
internal_value=-0.00220172 0.00106773 0.000107251 0.00191176 -0.00328897 -0.00133479 0.00265306 0.00548689 0.0139189 0.0100943 -0.003125 -0.000399517 0.00248299 0.00129921 0.00337563 -0.00410394 -0.0027707 0.00186274 0.0114286 -0.00309603 -0.000789475 0.00863636 0.00670213
internal_weight=4199 1053 979 680 3146 914 284 267 74 53 630 413 147 254 197 2232 628 153 70 604 190 44 47
internal_count=4199 1053 979 680 3146 914 284 267 74 53 630 413 147 254 197 2232 628 153 70 604 190 44 47
cat_boundaries=0 1 2
cat_threshold=40 5
is_linear=0
shrinkage=0.05


Tree=32
num_leaves=24
num_cat=4
split_feature=0 5 4 5 0 4 8 36 8 8 5 11 0 4 4 11 11 14 8 5 8 1 11
split_gain=5.72775 4.10955 4.25709 2.72452 3.54874 3.34229 3.80174 2.7188 2.04326 1.43883 1.40834 1.05332 1.52852 1.74038 0.957584 0.811697 0.767274 0.756939 1.16304 0.75188 0.712618 0.670439 0.745153
threshold=0 0.99972858438040657 1.0000000180025095e-35 0.98074084135780404 1 1.0000000180025095e-35 1.5000000000000002 0.61765480310855181 1.0000000180025095e-35 1.0000000180025095e-35 1.4217699221021534 0.3228640705587405 2 1.0000000180025095e-35 1.0000000180025095e-35 0.010915052313140678 0.79661302075432383 25168.510525336853 1.0000000180025095e-35 0.78493427256843895 1.0000000180025095e-35 3 0.9984092495684993
decision_type=1 2 2 2 1 2 2 2 2 2 2 2 1 2 2 2 2 2 2 2 2 1 2
left_child=1 9 8 -2 5 6 7 10 21 -1 20 -6 13 17 19 -12 -4 -13 -19 -11 -5 -3 -23
right_child=3 2 16 4 11 -7 -8 -9 -10 14 15 12 -14 -15 -16 -17 -18 18 -20 -21 -22 22 -24
leaf_value=-0.20807353421351804 -0.50025134461847043 0.0016552818361554866 -0.35362011601500082 -0.0044587602364016777 -0.50965988824053743 -0.44318672613027277 0.93191013842098835 1.9994130050887458 0.97676619275050713 -0.062271083982326461 0.031041371544893309 0.46118764640940824 -0.59979315110097642 -0.56882399379234061 -0.63970228539126661 0.41685222696349999 0.23513129376435882 -0.027574106352882485 0.14365793665966897 0.22566504736719994 0.085302134268425797 0.14208536060601751 0.69580458639665654
leaf_weight=186 1705 20 72 338 795 272 26 26 40 21 34 36 162 57 22 24 22 55 32 36 90 101 27
leaf_count=186 1705 20 72 338 795 272 26 26 40 21 34 36 162 57 22 24 22 55 32 36 90 101 27
internal_value=-0.00211836 0.00263016 0.00687943 -0.00282906 -0.00155881 0.000975609 0.00327137 0.00232422 0.0112234 -0.00179245 0.00148148 -0.00334351 -0.00105263 0.00210526 0.00386076 0.0087931 -0.00180851 0.0055691 0.00304598 0.0072807 0.000490653 0.00851351 0.00984375
internal_weight=4199 547 282 3652 1947 810 538 512 188 265 486 1137 342 180 79 58 94 123 87 57 428 148 128
internal_count=4199 547 282 3652 1947 810 538 512 188 265 486 1137 342 180 79 58 94 123 87 57 428 148 128
cat_boundaries=0 1 2 3 4
cat_threshold=32 13 80 4
is_linear=0
shrinkage=0.05


Tree=33
num_leaves=24
num_cat=2
split_feature=0 5 9 5 4 8 4 9 8 6 9 8 19 5 0 8 5 9 5 2 5 9 5
split_gain=5.65986 5.94811 3.59091 3.23185 4.04295 3.89532 2.09721 1.58766 1.238 1.21743 1.18015 1.13623 1.08923 1.00132 1.03162 0.82036 1.12667 0.828769 0.657177 0.596099 0.588919 0.568753 0.580185
threshold=0 1.3071767882018717 394.05334507355502 0.84175118767219159 1.0000000180025095e-35 1.0000000180025095e-35 1.0000000180025095e-35 891.54889113735419 1.0000000180025095e-35 1.0000000180025095e-35 1673.190932123736 1.0000000180025095e-35 1.0000000180025095e-35 1.0039509067790955 1 1.5000000000000002 1.2758260264362959 1.0000000180025095e-35 1.4308953954205845 2034.5000000000002 1.6631307399525419 891.54889113735419 1.1606751215755724
decision_type=1 2 2 2 2 2 2 2 2 2 2 2 2 2 1 2 2 2 2 2 2 2 2
left_child=1 3 8 -1 5 7 11 12 18 10 19 -4 -5 -9 -15 20 17 -17 -3 -7 21 22 -2
right_child=15 2 6 4 -6 9 -8 13 -10 -11 -12 -13 -14 14 -16 16 -18 -19 -20 -21 -22 -23 -24
leaf_value=-0.51130163707061849 -0.35212431103423369 0.23265326717742774 0.058199257858097743 0.17419371246463178 -0.45244987918929036 0.67044976220873054 -0.43806062102676901 -0.28346010131779437 1.6478014313746643 0.2131795443951329 0.026168634913551671 0.55616126141241451 0.043548034371358263 0.058946082051590666 -0.083269875121663894 0.16947982080620283 0.42641812161452447 -0.28105076990145278 0.6017918357859855 0.39164439462646822 0.033064131960204378 -0.70681787868476653 -0.030569438339351343
leaf_weight=620 473 24 115 24 407 27 66 144 25 88 70 23 182 121 127 22 24 91 25 20 23 1285 173
leaf_count=620 473 24 115 24 407 27 66 144 25 88 70 23 182 121 127 22 24 91 25 20 23 1285 173
internal_value=-0.00214218 -0.000302173 0.00651079 -0.0013388 0.000165288 0.00222291 0.00308823 0.000183945 0.0159459 0.00817073 0.00482906 0.0065942 0.00373786 -0.00168367 0.000241934 -0.00397668 -0.000255476 -0.00234513 0.0113265 0.0109574 -0.00425793 -0.00435267 -0.00314242
internal_weight=4199 2108 278 1830 1210 803 204 598 74 205 117 138 206 392 248 2091 137 113 49 47 1954 1931 646
internal_count=4199 2108 278 1830 1210 803 204 598 74 205 117 138 206 392 248 2091 137 113 49 47 1954 1931 646
cat_boundaries=0 1 2
cat_threshold=45 33
is_linear=0
shrinkage=0.05


Tree=34
num_leaves=24
num_cat=3
split_feature=0 4 8 9 0 8 11 2 4 36 14 9 15 0 4 36 2 14 15 8 15 36 9
split_gain=5.62353 3.21273 3.19344 3.03549 2.49716 3.00951 1.73274 1.16878 1.09476 1.10619 1.01611 0.860094 1.65994 0.846847 1.10808 0.962529 0.839963 1.01102 0.916122 0.785461 0.613567 0.84754 0.527692
threshold=0 1.0000000180025095e-35 1.5000000000000002 394.05334507355502 1 1.0000000180025095e-35 1.5996089779547213 2036.5000000000002 1.0000000180025095e-35 1.3775649614340357 28933.703654352354 48337.525051192475 83.960794186019541 2 1.0000000180025095e-35 0.29036923991959079 2033.5000000000002 141744.59562036514 121.53331608527039 1.0000000180025095e-35 50.088571606573716 0.40080899483481908 151.1411947353445
decision_type=1 2 2 2 1 2 2 2 2 2 2 2 2 1 2 2 2 2 2 2 2 2 2
left_child=1 2 11 4 -2 8 7 -7 9 -6 -9 12 20 14 15 19 18 -18 -14 -5 21 -1 -3
right_child=3 22 -4 13 5 6 -8 10 -10 -11 -12 -13 16 -15 -16 -17 17 -19 -20 -21 -22 -23 -24
leaf_value=0.14260026637782677 -0.76129902899213642 0.013771799462375542 1.0013901173069142 -0.14733433505683444 -0.0035889347906942538 0.022540329803832762 1.2280419038958275 0.035048574661502449 -0.55701142617855381 1.0847369144550967 0.34315213054592208 -0.075313172585261504 0.45536190054553138 -0.63424229775257412 -0.96391153505403782 0.059671229664299191 -0.060038340484981648 0.34903984973212387 0.17714694099511247 0.041743530043294952 -0.077028153875612543 -0.13917490947558442 -0.40784287575355949
leaf_weight=127 290 45 23 532 360 135 20 21 184 21 33 34 27 1488 351 28 31 21 24 189 63 22 130
leaf_count=127 290 45 23 532 360 135 20 21 184 21 33 34 27 1488 351 28 31 21 24 189 63 22 130
internal_value=-0.00216599 0.00254039 0.00521505 -0.00287002 -0.0006297 0.000867346 0.00600478 0.00452381 -0.0010177 0.00051181 0.0107407 0.00402579 0.00484127 -0.00380217 -0.00265766 -0.00159546 0.0100485 0.00557692 0.0146078 -0.00194868 0.00231132 0.0040604 -0.003
internal_weight=4199 547 372 3652 1064 774 209 189 565 381 54 349 315 2588 1100 749 103 52 51 721 212 149 175
internal_count=4199 547 372 3652 1064 774 209 189 565 381 54 349 315 2588 1100 749 103 52 51 721 212 149 175
cat_boundaries=0 1 2 3
cat_threshold=32 130 13
is_linear=0
shrinkage=0.05


Tree=35
num_leaves=24
num_cat=4
split_feature=0 8 0 36 11 8 8 9 8 9 14 0 17 9 0 8 11 15 36 14 11 11 9
split_gain=4.67598 2.80963 1.80954 2.36476 1.5212 0.965378 0.949168 0.829612 0.732092 0.876074 0.761552 0.725997 0.631704 0.588505 0.690743 0.600659 0.538535 0.617398 0.739053 0.535714 0.528602 0.489673 0.471688
threshold=0 1.0000000180025095e-35 1 0.30324756343869536 0.17536905042250076 1.5000000000000002 1.5000000000000002 1.0000000180025095e-35 1.5000000000000002 1533.5404382885574 51381.780718460745 2 73.879583333333343 891.54889113735419 3 1.0000000180025095e-35 1.4615161420538951 147.82619783045143 1.1741463597473172 40285.991570939485 0.84981366467332753 1.99383156967974 865.48227627154677
decision_type=1 2 1 2 2 2 2 2 2 2 2 1 2 2 1 2 2 2 2 2 2 2 2
left_child=1 4 6 8 -1 13 12 -7 -4 10 -10 16 19 14 15 21 17 18 20 -3 -6 -2 -14
right_child=5 2 3 -5 11 7 -8 -9 9 -11 -12 -13 22 -15 -16 -17 -18 -19 -20 -21 -22 -23 -24
leaf_value=-0.13216334623463583 -0.16469452114828564 0.14150645857988212 -0.022939233648555438 2.1489177569125655 0.049509244622079736 0.53367166478177486 0.88771928649090026 -0.17486561710516166 0.18170684445148241 -0.031277861267458955 0.33966097546508389 -0.024170553174053189 0.35917321532645935 -0.6284273031494978 -0.78028823753058263 0.028758407299075878 0.192140546312835 0.16570686201494261 2.0542367705922753 -0.11913679985932579 -0.058149743092615315 0.33477347168423166 0.17591950704981191
leaf_weight=1036 242 20 291 20 47 27 32 110 21 56 22 253 23 1302 309 81 29 20 20 28 156 20 34
leaf_count=1036 242 20 291 20 47 27 32 110 21 56 22 253 23 1302 309 81 29 20 20 28 156 20 34
internal_value=-0.00226125 -0.000585459 0.00249543 0.000714285 -0.0016688 -0.00392908 0.0072449 0.000109488 -0.000128206 0.00358586 0.00895349 0.000523808 0.00547619 -0.00423235 -0.00300614 -0.00131728 0.0022695 0.00158436 0.000829595 0.00125 -7.38928e-05 -0.00251909 0.00903509
internal_weight=4199 2108 547 410 1561 2091 137 137 390 99 43 525 105 1954 652 343 272 243 223 48 203 262 57
internal_count=4199 2108 547 410 1561 2091 137 137 390 99 43 525 105 1954 652 343 272 243 223 48 203 262 57
cat_boundaries=0 1 2 3 4
cat_threshold=45 32 40 80
is_linear=0
shrinkage=0.05


Tree=36
num_leaves=24
num_cat=3
split_feature=5 0 4 8 5 0 9 11 8 16 14 4 11 4 5 0 8 10 36 2 5 14 2
split_gain=4.69214 5.40706 5.16268 3.54546 1.74243 1.54388 1.40542 1.18025 1.0904 0.968756 0.993149 0.912698 0.868572 0.854637 1.11691 1.29596 1.3043 0.851014 0.843607 0.72491 0.713807 1.34127 0.685714
threshold=1.0294041024118206 0 1.0000000180025095e-35 1.5000000000000002 1.4070340389700129 1 357.03948594057988 1.99383156967974 1.5000000000000002 1.756416666666667 76107.804796476528 1.0000000180025095e-35 0.52641122287246378 1.0000000180025095e-35 0.71283530371631154 2 1.0000000180025095e-35 1.5000000000000002 0.29036923991959079 2031.5000000000002 0.92432712047662835 40285.991570939485 2031.5000000000002
decision_type=2 1 2 2 2 1 2 2 2 2 2 2 2 2 2 1 2 2 2 2 2 2 2
left_child=12 2 3 4 5 9 -4 8 -3 10 -2 -10 -1 14 -14 -16 20 -6 19 -7 -17 -22 -18
right_child=1 7 6 -5 17 18 -8 -9 11 -11 -12 -13 13 -15 15 16 22 -19 -20 -21 21 -23 -24
leaf_value=-0.50171044745802618 0.40839550422287679 -0.27750440734089082 0.064230841744480058 1.274898716414453 0.22138726026604383 -0.042189506685190559 -0.47887285372310595 0.24408958618977752 0.20015921245471407 0.027322149779089019 0.15195370791179544 -0.67446919793510474 -0.64537547583178612 -0.74114875264134406 -0.22134670372516468 -0.067315355426465801 0.015650085780237535 0.65516136613457976 0.93191513306617757 0.042007178162544526 -0.10566794889413944 0.082987102669940985 0.45932872002031361
leaf_weight=1568 39 886 85 36 80 139 249 23 40 49 42 23 135 210 113 95 21 21 23 217 25 45 35
leaf_count=1568 39 886 85 36 80 139 249 23 40 49 42 23 135 210 113 95 21 21 23 217 25 45 35
internal_value=-0.00228507 -0.000491804 0.00212121 0.00475232 0.00385246 0.00266208 -0.00290419 -0.00311609 -0.00341939 0.00714286 0.0110494 0.00293651 -0.0038429 -0.00234904 -0.00116205 0.00038922 0.00257576 0.00985148 0.000912595 0.000337077 0.000454544 0.00428571 0.00928571
internal_weight=4199 1952 980 646 610 509 334 972 949 130 81 63 2247 679 469 334 221 101 379 356 165 70 56
internal_count=4199 1952 980 646 610 509 334 972 949 130 81 63 2247 679 469 334 221 101 379 356 165 70 56
cat_boundaries=0 1 2 3
cat_threshold=45 32 131
is_linear=0
shrinkage=0.05


Tree=37
num_leaves=24
num_cat=3
split_feature=5 0 4 11 5 7 4 8 9 5 15 5 7 8 0 0 6 4 5 9 11 9 7
split_gain=4.57764 4.13413 3.95096 2.1364 2.10787 1.98119 1.77759 2.01971 1.3477 1.12759 1.10087 1.09368 1.07758 1.05822 1.0548 0.913642 1.48615 1.39747 1.40869 0.745621 0.721333 0.697696 0.696882
threshold=1.0294041024118206 0 1.0000000180025095e-35 0.15630645088281353 1.4590833241574643 1.0000000180025095e-35 1.0000000180025095e-35 1.0000000180025095e-35 357.03948594057988 1.2286516858134353 44.53170661205376 1.3869806392842978 1.5000000000000002 1.5000000000000002 1 2 1.0000000180025095e-35 1.0000000180025095e-35 0.85301416984164968 1.0000000180025095e-35 1.0215050346234318 8356.4248115679093 1.5000000000000002
decision_type=2 1 2 2 2 2 2 2 2 2 2 2 2 2 1 1 2 2 2 2 2 2 2
left_child=15 2 4 13 12 -6 7 11 22 10 -9 -5 14 -3 -2 16 -1 18 -18 -14 -17 -21 -4
right_child=1 3 8 6 5 -7 -8 9 -10 -11 -12 -13 19 -15 -16 20 17 -19 -20 21 -22 -23 -24
leaf_value=-0.1750033853057156 0.27644278223306085 -0.27901053979467277 -0.1233937444832069 -0.030330718515647299 0.10384110539017764 1.0839316631133773 -0.47853378198892271 -0.059403160359409214 -0.39171916625598258 0.35894394710868727 0.15517877502788854 0.041539573303323155 0.91981204472204081 0.071499361162063915 -0.00043455562634201763 -0.50314830109322761 -0.004653732615274327 -0.5958523978114918 0.20576986267875302 0.021608405328257242 -0.084491140793626907 0.10792045150265417 0.23083058332097603
leaf_weight=435 103 777 41 155 38 23 122 24 186 35 23 28 34 57 193 1539 44 37 37 43 155 48 22
leaf_count=435 103 777 41 155 38 23 122 24 186 35 23 28 34 57 193 1539 44 37 37 43 155 48 22
internal_value=-0.00223744 -0.00046619 0.00248988 -0.00223802 0.00516597 0.0138525 0.000813952 0.00311321 -0.00259036 0.00963415 0.00457447 0.000191256 0.00390736 -0.00368106 0.00226351 -0.00377615 -0.00189165 0.00305085 0.00672839 0.0078 -0.00435446 0.00543956 0.00373016
internal_weight=4199 1952 731 1221 482 61 387 265 249 82 47 183 421 834 296 2247 553 118 81 125 1694 91 63
internal_count=4199 1952 731 1221 482 61 387 265 249 82 47 183 421 834 296 2247 553 118 81 125 1694 91 63
cat_boundaries=0 1 2 3
cat_threshold=41 32 40
is_linear=0
shrinkage=0.05


Tree=38
num_leaves=24
num_cat=0
split_feature=5 8 11 5 5 4 8 11 11 4 8 4 5 11 5 2 5 3 7 8 15 15 8
split_gain=4.32815 4.165 2.34428 2.02644 1.38255 1.76988 1.6671 1.28009 1.12208 0.82009 0.751914 0.76682 1.09946 0.725372 0.667564 0.999125 0.666831 1.24526 0.585675 0.747636 0.647356 0.477798 0.490854
threshold=1.2553521696088608 1.5000000000000002 0.63658787059673194 1.7087207497092562 0.71283530371631154 1.0000000180025095e-35 1.5000000000000002 0.17536905042250076 0.020164863173175854 1.0000000180025095e-35 1.0000000180025095e-35 1.0000000180025095e-35 0.81306325873261354 1.8148800450007452 1.4217699221021534 2033.5000000000002 1.3572596427166561 1.0000000180025095e-35 2.5000000000000004 1.5000000000000002 64.699785586228529 156.2921917089777 1.0000000180025095e-35
decision_type=2 2 2 2 2 2 2 2 2 2 2 2 2 2 2 2 2 2 2 2 2 2 2
left_child=2 3 10 7 -4 6 13 9 -3 -2 -1 12 -12 21 16 -16 17 -9 -14 -20 -21 22 -6
right_child=1 8 4 -5 5 -7 -8 14 -10 -11 11 -13 18 -15 15 -17 -18 -19 19 20 -22 -23 -24
leaf_value=-0.35883659379919441 -0.0076050057067346636 0.20968947099182672 -0.66932970613798848 0.42403764020279011 -0.017692328644440907 -0.37240543289756595 0.74423242701627956 -0.0031906908558999082 1.6594275759060935 -0.53160762689131025 -0.5407305314277937 -0.75067702179327966 -0.014969335667175045 0.17103754211454558 0.28594501008618911 -0.025489004159580581 -0.031131621637695672 0.20980669970071131 -0.0076435703274551278 0.12519735260798867 -0.00011271185829010988 0.09498370868273652 0.034191516931908195
leaf_weight=1771 330 22 177 31 359 265 31 70 20 158 140 202 177 41 37 29 46 25 85 33 25 25 100
leaf_count=1771 330 22 177 31 359 265 31 70 20 158 140 202 177 41 37 29 46 25 85 33 25 25 100
internal_value=-0.00227316 0.00111979 -0.00303264 0.000234159 -0.000991985 -0.000127894 0.00147482 -0.000323742 0.0164286 -0.00172131 -0.00386971 -0.00243203 -0.00130435 0.000809523 0.00297101 0.00712121 0.00102837 0.00342105 0.000312499 0.00269231 0.00706896 0.000268594 -9.80404e-05
internal_weight=4199 768 3431 726 998 821 556 695 42 488 2433 662 460 525 207 66 141 95 320 143 58 484 459
internal_count=4199 768 3431 726 998 821 556 695 42 488 2433 662 460 525 207 66 141 95 320 143 58 484 459
is_linear=0
shrinkage=0.05


Tree=39
num_leaves=24
num_cat=2
split_feature=0 5 4 8 9 5 5 0 36 9 5 4 16 8 5 5 9 14 2 5 7 16 9
split_gain=4.74293 5.07826 4.94514 5.18776 1.20266 1.18528 1.08028 0.97625 1.10651 0.859632 0.922616 0.877193 0.913035 0.809904 1.12667 0.683867 0.675352 0.832363 0.666923 0.645838 0.586957 0.572841 0.571401
threshold=0 0.98074084135780404 1.0000000180025095e-35 1.5000000000000002 357.03948594057988 1.1393490278976233 1.4070340389700129 1 0.61765480310855181 526.9034872626363 0.71283530371631154 1.0000000180025095e-35 1.4758333333333338 1.5000000000000002 1.2758260264362959 1.2758260264362959 129.36621638480577 95974.252668371584 2038.5000000000002 1.6204724967474646 1.5000000000000002 2.1729166666666671 891.54889113735419
decision_type=1 2 2 2 2 2 2 1 2 2 2 2 2 2 2 2 2 2 2 2 2 2 2
left_child=1 9 3 6 15 -5 7 18 -9 10 -1 12 -12 19 -15 20 -8 -18 21 22 -4 -3 -2
right_child=13 2 4 5 -6 -7 16 8 -10 -11 11 -13 -14 14 -16 -17 17 -19 -20 -21 -22 -23 -24
leaf_value=-0.55482387695461877 -0.16460219342981564 0.19564590137498294 -0.20745947564971889 0.18160218437830944 -0.43377031054210474 1.4734566531500226 0.59253642633920289 0.0074913760778486859 2.0941107490974131 -0.35727200448572671 -0.0054887379995545386 -0.4287049034180031 0.12096399577352289 -0.15203653603655926 0.37930086086951814 0.21843878635559985 0.01487514625601649 0.31268799268062553 -0.014219109290025164 0.028821245198232721 0.099037661716088715 0.077720547436646276 -0.5738040559127342
leaf_weight=103 643 94 46 22 275 20 25 421 20 674 62 76 90 113 24 25 51 25 20 32 23 36 1279
leaf_count=103 643 94 46 22 275 20 25 421 20 674 62 76 90 113 24 25 51 25 20 32 23 36 1279
internal_value=-0.00227316 -0.000585459 0.00175431 0.00412806 -0.00296748 0.0211905 0.00309248 0.0022758 0.000986695 -0.00315921 -0.00107251 0.000701753 0.00289474 -0.00395288 -0.000255476 0.00191489 0.00787129 0.00552631 0.005625 -0.00423235 -0.000652175 0.00730769 -0.00434964
internal_weight=4199 2108 1103 734 369 42 692 591 441 1005 331 228 152 2091 137 94 101 76 150 1954 69 130 1922
internal_count=4199 2108 1103 734 369 42 692 591 441 1005 331 228 152 2091 137 94 101 76 150 1954 69 130 1922
cat_boundaries=0 1 2
cat_threshold=45 32
is_linear=0
shrinkage=0.05


Tree=40
num_leaves=24
num_cat=3
split_feature=0 5 4 5 0 4 8 5 9 9 15 8 15 3 0 8 9 15 5 15 15 15 5
split_gain=4.07928 2.3754 2.76131 2.3175 2.81597 3.25938 3.74522 2.46022 1.46089 1.18662 1.06084 1.02302 1.46626 0.98416 0.861904 0.797114 0.868602 0.721701 0.888231 0.654153 0.84001 0.642857 0.620861
threshold=0 0.89919980469317551 1.0000000180025095e-35 0.98074084135780404 1 1.0000000180025095e-35 1.0000000180025095e-35 1.4590833241574643 394.05334507355502 1673.190932123736 69.413822433204857 1.0000000180025095e-35 47.987488592806073 1.0000000180025095e-35 2 1.0000000180025095e-35 994.3836610211581 18.577992380300092 1.3869806392842978 93.947874581071915 43.085257941319178 25.656833035084436 1.1016024789624379
decision_type=1 2 2 2 1 2 2 2 2 2 2 2 2 2 1 2 2 2 2 2 2 2 2
left_child=1 15 11 -2 -5 6 8 9 17 10 13 19 -13 -8 22 -1 -17 -6 -19 20 21 -3 -10
right_child=3 2 -4 4 5 -7 7 -9 14 -11 -12 12 -14 -15 -16 16 -18 18 -20 -21 -22 -23 -24
leaf_value=-0.21926334533622394 -0.41782795389697808 0.023824326468942225 -0.15962220243111619 -0.91192228558812938 0.41002254236035074 -0.46913568934082878 0.58031698759429295 0.39491432535374515 -0.22373076804253531 0.020453704776740314 0.006043870288096863 0.082076193125944663 0.73235489650363561 0.13706393595849165 -0.26834068695976371 0.088147232579557394 -0.26709318445939306 0.0010844994135547502 0.18348635027189325 0.2394455076134647 -0.045873836689237731 0.34552882260134066 0.014185668796962701
leaf_weight=141 1705 42 118 544 21 438 43 22 85 139 31 32 26 22 228 24 29 149 26 66 48 21 199
leaf_count=141 1705 42 118 544 21 438 43 22 85 139 31 32 26 22 228 24 29 149 26 66 48 21 199
internal_value=-0.00228507 0.00173249 0.0042068 -0.00288367 -0.00171289 -0.000506017 0.00111399 0.00628405 -0.000762713 0.00478723 0.0090625 0.00734042 0.0131034 0.0126923 -0.00216797 -0.00268041 0.00254717 0.00290816 0.00185714 0.00545198 0.00310811 0.00690476 -0.000238096
internal_weight=4199 547 353 3652 1947 1403 965 257 708 235 96 235 58 65 512 194 53 196 175 177 111 63 284
internal_count=4199 547 353 3652 1947 1403 965 257 708 235 96 235 58 65 512 194 53 196 175 177 111 63 284
cat_boundaries=0 1 2 3
cat_threshold=32 130 13
is_linear=0
shrinkage=0.05


Tree=41
num_leaves=24
num_cat=2
split_feature=0 5 4 8 11 5 0 5 2 11 8 5 36 7 16 2 2 8 5 11 5 14 2
split_gain=4.28394 4.13823 4.84005 3.46246 1.72204 1.67642 1.32148 1.21108 1.11354 1.09087 1.06263 0.873606 0.871983 0.836167 0.957562 0.763873 0.909933 0.646558 0.868093 0.543856 1.31389 0.854194 0.969699
threshold=0 0.81306325873261354 1.0000000180025095e-35 1.0000000180025095e-35 1.99383156967974 1.4217699221021534 1 0.96426533895968825 2028.5000000000002 0.53811914929932148 1.0000000180025095e-35 1.6631307399525419 0.67164046530602595 1.5000000000000002 3.485125 2031.5000000000002 2028.5000000000002 1.5000000000000002 1.2758260264362959 0.4655080855382781 1.1016024789624379 21987.919908185151 2029.5000000000002
decision_type=1 2 2 2 2 2 1 2 2 2 2 2 2 2 2 2 2 2 2 2 2 2 2
left_child=1 -1 3 6 11 8 15 -6 -5 -4 -11 17 19 -10 -15 16 -3 -2 -19 20 -8 -21 -23
right_child=4 2 9 5 7 -7 12 -9 13 10 -12 -13 -14 14 -16 -17 -18 18 -20 21 -22 22 -24
leaf_value=-0.48832353607580981 -0.41921645348164366 0.1401028236954317 -0.48196661741019486 -0.043853862647228507 -0.35816618294447983 0.6814596890884913 -0.25478770470994871 0.28633002533551932 0.04183399304209464 -0.15095342577899329 0.12253932996933906 0.076025974101317853 1.1808968836035554 0.21574945444718266 -0.0037061165972424935 0.040543690193951681 0.19156651486913798 -0.14576753535727879 0.34087518788517396 -0.055302436237581465 0.013872762598636901 -0.020374534458759933 0.069818350115881181
leaf_weight=546 1881 39 367 51 26 21 199 30 47 109 41 24 20 122 20 121 44 107 23 37 190 35 99
leaf_count=546 1881 39 367 51 26 21 199 30 47 109 41 24 20 122 20 121 44 107 23 37 190 35 99
internal_value=-0.00221362 -0.000609066 0.000697822 0.0026555 -0.00381009 0.00764368 0.000994897 0.00482143 0.00645833 -0.00325919 0.000333332 -0.00406634 -0.000254238 0.00822751 0.0101408 0.00434579 0.00825301 -0.00417951 -0.000769232 -0.000625001 -0.0016581 0.00172515 0.00358209
internal_weight=4199 2108 1562 1045 2091 261 784 56 240 517 150 2035 580 189 142 204 83 2011 130 560 389 171 134
internal_count=4199 2108 1562 1045 2091 261 784 56 240 517 150 2035 580 189 142 204 83 2011 130 560 389 171 134
cat_boundaries=0 1 2
cat_threshold=45 32
is_linear=0
shrinkage=0.05


Tree=42
num_leaves=24
num_cat=4
split_feature=11 0 4 0 4 6 2 7 2 11 15 15 16 14 14 14 15 9 11 15 0 7 0
split_gain=3.93814 2.31551 2.26765 1.78573 2.20083 1.54846 1.36551 1.41859 1.01315 0.840945 0.809545 0.78305 0.780032 0.895105 0.766273 0.827734 0.854398 0.74681 0.741737 0.620606 0.556171 0.574096 0.408177
threshold=0.45410390157505442 0 1.0000000180025095e-35 1 1.0000000180025095e-35 1.0000000180025095e-35 2028.5000000000002 1.5000000000000002 2038.5000000000002 1.4359312052522233 144.26040864886542 12.915267047521494 1.756416666666667 82905.803049356924 118509.14666601906 41755.223369337727 68.588865131656689 7371.5773109965767 1.99383156967974 25.012291305676673 2 1.5000000000000002 3
decision_type=2 1 2 1 2 2 2 2 2 2 2 2 2 2 2 2 2 2 2 2 1 2 1
left_child=3 18 6 4 5 22 -3 11 12 10 14 -8 13 17 15 19 -17 -7 -2 -9 21 -4 -1
right_child=1 2 20 -5 -6 8 7 9 -10 -11 -12 -13 -14 -15 -16 16 -18 -19 -20 -21 -22 -23 -24
leaf_value=0.010564327401648182 -0.6944404941511666 -0.018160396998558159 -0.17381988674498294 -0.47396265582554253 -0.55877976842107724 0.052591675208887627 0.55978143690026283 0.44187005576051874 0.17251575325000287 1.1096308651376521 0.19250195350408003 0.030117234404449023 -0.056774555248733032 -0.026793030071012136 -0.017819342383677578 0.17737077156945946 0.58011284010187714 0.18874640066079779 0.013245752158474074 -0.0053779008837473285 -0.33693848504992552 0.096527514251826152 -0.073789118316631083
leaf_weight=200 267 140 66 1480 470 21 21 25 21 20 22 328 56 36 31 20 23 31 28 30 194 37 632
leaf_count=200 267 140 66 1480 470 21 21 25 21 20 22 328 56 36 31 20 23 31 28 30 194 37 632
internal_value=-0.00223744 0.00011182 0.00130817 -0.00323549 -0.00195328 -0.000636912 0.00295454 0.00413461 0.00378788 0.0078655 0.0065894 0.00230659 0.00229167 0.00522727 0.00507752 0.0072449 0.0124419 0.00942308 -0.00368853 0.00318182 -0.0023064 0.000752211 -0.00151442
internal_weight=4199 1252 957 2947 1467 997 660 520 165 171 151 349 144 88 129 98 43 52 295 55 297 103 832
internal_count=4199 1252 957 2947 1467 997 660 520 165 171 151 349 144 88 129 98 43 52 295 55 297 103 832
cat_boundaries=0 1 2 3 4
cat_threshold=130 45 40 32
is_linear=0
shrinkage=0.05


Tree=43
num_leaves=24
num_cat=5
split_feature=5 11 0 4 8 5 11 9 5 0 8 5 2 9 5 1 5 5 1 9 4 8 0
split_gain=4.18506 4.81512 3.09446 3.54252 3.03961 2.85287 1.28342 1.27553 1.31546 1.29645 1.13935 1.28979 1.22499 0.789741 0.738036 0.681784 0.658575 0.819528 0.876217 0.652808 0.64989 0.646115 0.579539
threshold=1.0794653556291733 1.6473784493070733 0 1.0000000180025095e-35 1.0000000180025095e-35 1.4971340844100429 0.63658787059673194 891.54889113735419 1.4308953954205845 1 1.0000000180025095e-35 0.71283530371631154 2028.5000000000002 28341.279700853782 1.1374106219301641 2 1.304185265331794 1.1153207202073521 3 417.8489442808596 1.0000000180025095e-35 1.0000000180025095e-35 4
decision_type=2 2 1 2 2 2 2 2 2 1 2 2 2 2 2 1 2 2 1 2 2 2 1
left_child=6 2 -2 4 7 13 -1 8 14 -9 22 -12 -13 16 -4 -11 17 -6 -19 21 -14 -5 -8
right_child=1 -3 3 19 5 -7 10 9 -10 15 11 12 20 -15 -16 -17 -18 18 -20 -21 -22 -23 -24
leaf_value=-0.34915403478408696 -0.84842516669108636 0.55762444241603004 0.29831034188917283 -0.10804944420084775 0.071407609413706746 0.62275106446781547 -0.0060543910321274224 -0.19336649313917492 0.45062085663150575 -0.071515709546529374 -0.42063909312558478 -0.091614783552644685 0.18483176019500275 -0.0066745125362239997 0.00092933241308897074 0.038492837087688747 0.40396924300227194 0.13270019942970004 0.036136365851662605 -0.43139948280552398 -0.28171095185291123 0.11434919169165469 -0.16382594694179106
leaf_weight=1804 382 46 33 74 21 22 157 169 33 37 54 29 79 31 108 240 40 20 78 289 29 25 399
leaf_count=1804 382 46 33 74 21 22 157 169 33 37 54 29 79 31 108 240 40 20 78 289 29 25 399
internal_value=-0.00226125 -0.000297331 -0.000755307 0.000487804 0.00233173 0.0075 -0.00352999 0.000564515 0.0041954 -0.000852019 -0.00178715 0.0015445 0.00412409 0.00552631 0.0020922 0.00127178 0.00694968 0.00508403 0.00316326 -0.00345361 0.00657407 5.05039e-05 -0.00293166
internal_weight=4199 1648 1602 1220 832 212 2551 620 174 446 747 191 137 190 141 277 159 119 98 388 108 99 556
internal_count=4199 1648 1602 1220 832 212 2551 620 174 446 747 191 137 190 141 277 159 119 98 388 108 99 556
cat_boundaries=0 1 2 3 4 5
cat_threshold=130 80 4 4 12
is_linear=0
shrinkage=0.05


Tree=44
num_leaves=24
num_cat=2
split_feature=0 5 4 0 5 11 4 8 8 9 5 15 5 4 8 2 9 8 15 15 15 2 2
split_gain=4.29052 2.17245 2.84709 1.97983 2.46653 2.11104 2.22497 2.02319 1.34769 1.14647 1.13549 1.00092 0.899235 1.1534 0.963424 1.49308 0.72864 0.887259 0.699988 0.853838 1.01731 0.803911 0.699341
threshold=0 0.78493427256843895 1.0000000180025095e-35 1 1.0794653556291733 1.6473784493070733 1.0000000180025095e-35 1.0000000180025095e-35 1.0000000180025095e-35 357.03948594057988 1.4590833241574643 31.635187667559883 0.79910182006429553 1.0000000180025095e-35 1.0000000180025095e-35 2034.5000000000002 11537.193013450045 1.5000000000000002 83.960794186019541 43.085257941319178 28.411726000518211 2037.5000000000002 2032.5000000000002
decision_type=1 2 2 1 2 2 2 2 2 2 2 2 2 2 2 2 2 2 2 2 2 2 2
left_child=1 -1 8 -2 9 6 7 -6 18 12 16 -10 -5 14 -14 -16 17 22 19 20 -3 -20 -9
right_child=3 2 -4 4 5 -7 -8 10 11 -11 -12 -13 13 -15 15 -17 -18 -19 21 -21 -22 -23 -24
leaf_value=-0.37145675436569031 -0.93811241152691771 0.012101399052649247 -0.13037377219137428 -0.37765987356621861 -0.0078229163442985177 0.71590044094705962 -0.42504045622881503 -0.029944582105402032 0.049544758097978106 -0.32341581042065443 0.36478487042867225 0.53010575369091317 0.0031573363687477083 -0.4298802700798251 -0.0061120051482703207 0.12153365955191647 -0.0024612109273656844 0.28957683754463137 0.23540298250472921 -0.046297988118846098 0.19375962409554759 -0.025778166740779242 0.25437264160176937
leaf_weight=118 1012 52 144 180 507 27 323 37 30 1120 21 46 164 90 23 25 56 22 64 51 20 22 45
leaf_count=118 1012 52 144 180 507 27 323 37 30 1120 21 46 164 90 23 25 56 22 64 51 20 22 45
internal_value=-0.00229698 0.00182226 0.00350816 -0.00291098 -0.00216981 -0.000279385 -0.000647875 0.000959301 0.00640351 -0.00340824 0.00549724 0.0121053 -0.0013693 0.000298012 0.00231132 0.00854167 0.0040625 0.00653846 0.00433014 0.00191057 0.00541667 0.0077907 0.00414634
internal_weight=4199 547 429 3652 2640 1038 1011 688 285 1602 181 76 482 302 212 48 160 104 209 123 72 86 82
internal_count=4199 547 429 3652 2640 1038 1011 688 285 1602 181 76 482 302 212 48 160 104 209 123 72 86 82
cat_boundaries=0 1 2
cat_threshold=32 130
is_linear=0
shrinkage=0.05


Tree=45
num_leaves=24
num_cat=3
split_feature=0 8 11 5 16 8 0 36 5 4 5 4 7 1 11 6 5 2 9 15 5 11 5
split_gain=3.61118 2.56126 2.5612 2.31619 2.31282 2.22615 1.59515 2.61506 1.51089 1.86195 1.40657 1.26608 1.1225 1.10999 1.75824 0.947334 0.608479 0.576069 0.71785 0.761538 0.568162 0.790661 0.49
threshold=0 1.0000000180025095e-35 1.9004529374725407 1.236240609701037 1.4758333333333338 2.5000000000000004 1 1.5305741957788654 0.87316366926095168 1.0000000180025095e-35 1.0039509067790955 1.0000000180025095e-35 1.5000000000000002 2 0.33026535812080277 1.0000000180025095e-35 1.6204724967474646 2038.5000000000002 7371.5773109965767 98.91055636898183 1.2553521696088608 0.7060775534999838 1.1415607775418246
decision_type=1 2 2 2 2 2 1 2 2 2 2 2 2 1 2 2 2 2 2 2 2 2 2
left_child=1 10 5 13 -4 6 7 8 -2 12 -1 -12 20 -3 15 -15 -8 18 -14 -20 21 -10 -21
right_child=2 3 4 -5 -6 -7 16 -9 9 -11 11 -13 17 14 -16 -17 -18 -19 19 22 -22 -23 -24
leaf_value=-0.10914559354173176 -0.40378320316744071 -0.12992809948762174 0.027202915521670801 0.6526634863616525 0.65399605457226118 0.3010926707910544 -0.35643736434810369 3.8371686321918528 -0.099699871179756039 -0.39727838891785283 0.17483341225043916 -0.13167218281605927 -0.0099235085308539174 -0.054183731011136244 0.26629220965780176 0.15605134871252047 0.063916053081776322 0.090924305762062313 0.12733319671500373 -0.082390212888594688 0.028794026464058445 0.029336539363220716 0.15396425551581883
leaf_weight=188 499 24 77 22 23 23 1986 32 251 323 146 76 83 32 26 33 33 30 33 25 111 103 20
leaf_count=188 499 24 77 22 23 23 1986 32 251 323 146 76 83 32 26 33 33 30 33 25 111 103 20
internal_value=-0.00232079 0.00146319 -0.00288367 0.00740876 0.005 -0.00311374 -0.00321479 -0.00194079 -0.00225981 -0.00111849 -0.000487806 0.00220721 0.000411584 0.00456522 0.00708791 0.00269231 -0.00413751 0.00363874 0.00245341 0.00589743 -0.00091398 -0.00189266 0.00166667
internal_weight=4199 547 3652 137 100 3552 3529 1510 1478 979 410 222 656 115 91 65 2019 191 161 78 465 354 45
internal_count=4199 547 3652 137 100 3552 3529 1510 1478 979 410 222 656 115 91 65 2019 191 161 78 465 354 45
cat_boundaries=0 1 2 3
cat_threshold=32 13 4
is_linear=0
shrinkage=0.05


Tree=46
num_leaves=24
num_cat=4
split_feature=4 5 0 8 9 0 6 5 6 5 5 36 20 0 15 0 16 15 15 15 9 15 2
split_gain=3.54655 3.88808 4.67022 4.79337 2.01544 1.99261 1.6391 1.54208 1.37807 0.948634 0.775127 0.728524 0.711148 0.687773 0.677457 0.624867 1.01732 1.09717 0.802914 0.645585 0.860726 0.698561 0.627238
threshold=1.0000000180025095e-35 0.86354054545950343 0 1.5000000000000002 1031.6042420655997 1 1.0000000180025095e-35 1.2601101320002142 1.0000000180025095e-35 1.5137990806277084 1.2485015017600369 1.3775649614340357 1.0000000180025095e-35 2 61.954621471257603 3 1.4758333333333338 147.82619783045143 54.715796972461256 24.812388260590357 1.0000000180025095e-35 50.690145754462016 2029.5000000000002
decision_type=2 2 1 2 2 1 2 2 2 2 2 2 2 1 2 1 2 2 2 2 2 2 2
left_child=1 -1 -3 4 11 6 10 8 -5 13 12 15 -6 -7 -12 16 18 -18 -4 -17 22 -22 -21
right_child=-2 2 3 7 5 9 -8 -9 -10 -11 14 -13 -14 -15 -16 19 17 -19 -20 20 21 -23 -24
leaf_value=-0.37846094965928195 -0.49742561291833098 -0.62112992156174562 0.49695005718029739 0.017229321375681266 0.082361493241568329 -0.0088358534468096894 0.18931402604048211 0.96648242812976626 0.3144228925845961 0.063341056404062179 -0.05647906426067021 1.2895102849906168 -0.046821361554230126 -0.19086595618213431 0.23956360911320509 -0.015902040072735709 -0.00010898482359796916 0.1788815312351888 0.011626306827553803 -0.057864403758323885 0.037687642572128657 0.0077431409118539256 0.052280682293163273
leaf_weight=913 1301 483 30 31 24 286 41 20 36 31 31 32 154 317 45 48 80 23 22 50 23 31 147
leaf_count=913 1301 483 30 31 24 286 41 20 36 31 31 32 154 317 45 48 80 23 22 50 23 31 147
internal_value=-0.0021779 -0.00120428 3.77822e-05 0.00141534 0.00072438 -0.000640475 0.00270492 0.0128161 0.0091791 -0.00220497 0.00129921 0.00333333 -0.000505619 -0.00267828 0.00552631 0.00281938 0.00530303 0.00276699 0.0113462 0.00131068 0.00237052 0.00796296 0.000837562
internal_weight=4199 2898 1985 1502 1415 929 295 87 67 634 254 486 178 603 76 454 155 103 52 299 251 54 197
internal_count=4199 2898 1985 1502 1415 929 295 87 67 634 254 486 178 603 76 454 155 103 52 299 251 54 197
cat_boundaries=0 1 2 3 4
cat_threshold=130 33 12 48
is_linear=0
shrinkage=0.05


Tree=47
num_leaves=24
num_cat=3
split_feature=0 9 8 9 5 8 11 5 5 4 0 8 9 11 5 15 5 4 4 2 0 15 5
split_gain=3.45529 2.34989 1.96849 1.70189 1.63786 2.36299 1.73602 1.33486 1.01262 1.3355 1.82698 1.15067 1.13416 0.970385 1.11111 0.900035 0.894604 0.840278 0.81721 0.84428 0.799917 0.581731 0.576323
threshold=0 394.05334507355502 1.0000000180025095e-35 70.861480953857779 1.0503106425183286 1.5000000000000002 1.6473784493070733 0.94147667905431387 1.0794653556291733 1.0000000180025095e-35 1 1.0000000180025095e-35 4608.467562240955 0.79661302075432383 1.1057560744425055 93.947874581071915 0.81306325873261354 1.0000000180025095e-35 1.0000000180025095e-35 2033.5000000000002 2 149.65648339621836 0.72126337994860246
decision_type=1 2 2 2 2 2 2 2 2 2 1 2 2 2 2 2 2 2 2 2 1 2 2
left_child=2 4 7 -4 22 6 20 -1 -3 10 -10 -12 -13 15 -15 -9 -5 -17 19 -18 21 -6 -2
right_child=1 8 3 16 5 -7 -8 13 9 -11 11 12 -14 14 -16 17 18 -19 -20 -21 -22 -23 -24
leaf_value=-0.14647457079852313 -0.72483765925190702 -0.37024665990883382 0.56584438436310691 -0.27157886753951704 0.0050449023936463815 0.94554239853654798 0.21617876389144391 -0.045004032398459112 -0.25976982964302525 -0.72446265142601785 -0.0049862994510768074 0.28542820417228726 0.045057373898120423 -0.018275097393029349 0.44133125903682047 0.16439286293847735 0.29142886060161471 -0.17542739170274174 -0.068763452687578358 0.078159810178781444 -0.17353429540207391 0.10842883643298717 -0.029828621452746507
leaf_weight=150 164 1549 39 25 208 26 38 128 301 335 306 25 72 24 36 48 23 24 26 24 138 26 464
leaf_count=150 164 1549 39 25 208 26 38 128 301 335 306 25 72 24 36 48 23 24 26 24 138 26 464
internal_value=-0.00223744 -0.0027881 0.00146319 0.00667883 -0.00081767 0.0015367 0.000609755 -0.000243904 -0.00360897 -0.00240135 -0.00116477 0.00105327 0.00582474 0.00192308 0.0075 0.000249999 0.00316326 0.00472222 0.0059589 0.00989362 -0.000430109 0.00135246 -0.00245223
internal_weight=4199 3652 547 137 1064 436 410 410 2588 1039 704 403 97 260 60 200 98 72 73 47 372 234 628
internal_count=4199 3652 547 137 1064 436 410 410 2588 1039 704 403 97 260 60 200 98 72 73 47 372 234 628
cat_boundaries=0 1 2 3
cat_threshold=32 146 89
is_linear=0
shrinkage=0.05


Tree=48
num_leaves=24
num_cat=1
split_feature=0 5 4 8 11 9 9 5 5 5 10 5 14 6 15 14 5 15 4 19 8 9 16
split_gain=3.1521 3.53341 3.5303 2.36835 1.65604 1.3936 1.21662 1.22789 1.21108 1.1252 1.08129 0.912923 0.87716 1.66511 1.27392 1.08543 0.976795 0.753463 0.641026 0.557199 0.535769 0.804464 0.557259
threshold=0 0.81306325873261354 1.0000000180025095e-35 1.0000000180025095e-35 1.99383156967974 891.54889113735419 394.05334507355502 1.1742771550500766 0.96426533895968825 1.1393490278976233 1.5000000000000002 1.4971340844100429 93013.751645867465 1.0000000180025095e-35 31.635187667559883 49735.567852098255 1.0758755085164153 68.033336041550726 1.0000000180025095e-35 1.0000000180025095e-35 1.0000000180025095e-35 202.18557157653274 3.485125
decision_type=1 2 2 2 2 2 2 2 2 2 2 2 2 2 2 2 2 2 2 2 2 2 2
left_child=1 -1 3 5 11 19 7 -4 -6 -7 -9 20 13 15 -15 -5 -16 -17 -13 -3 -2 22 -22
right_child=4 2 6 12 8 9 -8 10 -10 -11 -12 18 -14 14 16 17 -18 -19 -20 -21 21 -23 -24
leaf_value=-0.40340289243288696 -0.43214634051051093 0.1666260311605724 -0.16760807410143086 0.022776309052233747 -0.29712200321566734 -0.080239392616057392 -0.34845390495055795 -0.012629654937438343 0.20948995750051172 0.02497147705469906 0.33252352630145715 0.045728892696352177 0.047285657794769509 0.18433731552880553 0.27874703835008557 0.16055897495048108 0.30961054237635538 0.24463895756212578 -1.0130733392978861 0.059607818267274362 -0.0086075799900315001 -0.18205195754302989 0.076386828171006393
leaf_weight=546 1422 30 98 67 26 303 370 23 30 219 26 52 81 28 20 20 23 22 26 232 110 401 24
leaf_count=546 1422 30 98 67 26 303 370 23 30 219 26 52 81 28 20 20 23 22 26 232 110 401 24
internal_value=-0.00227316 -0.000892352 0.000313699 0.00198564 -0.0036435 0.000612244 -0.00306577 0.000782312 0.00482143 -0.000881227 0.0072449 -0.00389435 0.00611111 0.00805555 0.0140141 0.00417431 0.0194186 0.0104762 0.00141026 0.00358779 -0.00410578 -0.00275701 0.000597014
internal_weight=4199 2108 1562 1045 2091 784 517 147 56 522 49 2035 261 180 71 109 43 42 78 262 1957 535 134
internal_count=4199 2108 1562 1045 2091 784 517 147 56 522 49 2035 261 180 71 109 43 42 78 262 1957 535 134
cat_boundaries=0 1
cat_threshold=45
is_linear=0
shrinkage=0.05


Tree=49
num_leaves=24
num_cat=3
split_feature=11 8 5 5 4 5 11 0 4 0 4 5 6 14 5 8 5 15 5 14 36 36 0
split_gain=3.51245 2.2287 1.85814 1.73683 1.65552 1.72842 1.77363 1.887 1.1605 0.976301 1.17686 1.63093 1.51726 0.879718 1.06701 0.707602 0.565317 0.543728 0.525 0.5 0.445462 0.698409 0.70667
threshold=0.4655080855382781 1.5000000000000002 1.0392119347815225 1.3730171506729645 1.0000000180025095e-35 0.71283530371631154 1.8148800450007452 0 1.0000000180025095e-35 1 1.0000000180025095e-35 0.79218722710116374 1.0000000180025095e-35 82210.281270887281 1.1057560744425055 1.0000000180025095e-35 1.1742771550500766 64.699785586228529 1.1704710721111968 40285.991570939485 1.1525253873296164 0.018141268173406836 2
decision_type=2 2 2 2 2 2 2 1 2 1 2 2 2 2 2 2 2 2 2 2 2 2 1
left_child=3 4 19 9 5 -2 7 -7 15 10 11 -1 -13 14 -14 -5 -6 -18 -8 -3 21 22 -9
right_child=1 2 -4 8 16 6 18 20 -10 -11 -12 12 13 -15 -16 -17 17 -19 -20 -21 -22 -23 -24
leaf_value=-0.51496678741200164 -0.44660258277204462 -0.095851637329564032 1.0662638818683137 0.014376874770132098 -0.40029502422683683 -0.38042741085067638 0.10609199695463443 -0.0026870868889466073 -0.28178388885464728 -0.44186602137914788 -0.50148219224864909 -0.011010951591974778 0.17512602871088123 -0.0015996299811390038 0.0022692321716501654 0.27815747578989097 -0.071418095597733933 0.14532269108174523 0.39356589392687902 0.056007484129123708 0.92594679826804538 -0.10312689162848204 0.065990490121590542
leaf_weight=253 131 25 31 151 265 142 35 142 84 1336 429 540 44 45 27 46 55 36 21 25 35 33 268
leaf_count=253 131 25 31 151 265 142 35 142 84 1336 429 540 44 45 27 46 55 36 21 25 35 33 268
internal_value=-0.00228507 -5.62713e-05 0.00796296 -0.00322335 -0.000614791 0.000638165 0.0016568 0.000887096 0.000516013 -0.00361631 -0.00258902 -0.00158966 -0.000274391 0.00491379 0.00838028 0.00261421 -0.00345506 -5.49462e-05 0.0101786 0.002 0.00237705 0.00199774 0.00256097
internal_weight=4199 1244 81 2955 1163 807 676 620 281 2674 1338 909 656 116 71 197 356 91 56 50 478 443 410
internal_count=4199 1244 81 2955 1163 807 676 620 281 2674 1338 909 656 116 71 197 356 91 56 50 478 443 410
cat_boundaries=0 1 2 3
cat_threshold=130 45 9
is_linear=0
shrinkage=0.05


Tree=50
num_leaves=24
num_cat=3
split_feature=0 9 4 0 8 5 11 5 5 5 14 7 5 4 16 14 16 2 7 0 7 5 14
split_gain=3.82682 2.2011 2.1285 2.37037 2.8348 2.06354 1.9476 1.58793 1.40056 1.31749 1.15897 1.73909 1.09633 1.03105 0.914489 1.30613 0.898574 0.72322 1.36169 0.586532 0.785468 0.538452 0.4992
threshold=0 151.1411947353445 1.0000000180025095e-35 1 1.5000000000000002 0.82727239353578796 0.13921898157524742 1.304185265331794 0.73459936002505744 1.3771122059273162 42808.830599797126 1.5000000000000002 0.89919980469317551 1.0000000180025095e-35 1.756416666666667 56776.803500960617 1.4758333333333338 2034.5000000000002 1.5000000000000002 2 1.5000000000000002 0.96190403407743663 139348.44037165164
decision_type=1 2 2 1 2 2 2 2 2 2 2 2 2 2 2 2 2 2 2 1 2 2 2
left_child=1 7 3 -2 5 -5 9 10 -6 19 -1 22 -3 -14 15 -11 -10 -8 -19 20 -7 -22 -12
right_child=2 12 -4 4 8 6 17 -9 16 14 11 -13 13 -15 -16 -17 -18 18 -20 -21 21 -23 -24
leaf_value=-0.031420544467528538 -0.69522764028029804 -0.25762840372514656 -0.5977736987958161 -0.41787749620574499 -0.33951775989959998 -0.076245582140326812 0.0080768437702643837 1.0721411020453613 0.2420514428831213 0.10931682374412617 0.19403628143298246 0.2541130144869293 0.095511776584590924 -0.094940236433568498 -0.047229174759722423 0.012134545103170398 0.10306437200102143 0.030024609858474202 0.13453819613804252 -0.17400661754597321 -0.24595149544023789 0.090602781981646813 -0.059941492385366661
leaf_weight=56 693 136 1126 474 20 305 253 20 30 20 23 27 175 89 42 48 55 132 43 300 31 80 21
leaf_count=56 693 136 1126 474 20 305 253 20 30 20 23 27 175 89 42 48 55 132 43 300 31 80 21
internal_value=-0.00224935 0.00164273 -0.00282906 -0.00203088 -0.0010662 -0.00155671 -0.000494419 0.00690476 0.00690476 -0.00191283 0.00484252 0.00908451 -0.000250001 0.00162879 0.00318182 0.0067647 0.00970588 0.00224299 0.00471428 -0.00269553 -0.0013615 0.00220721 0.00295454
internal_weight=4199 547 3652 2526 1833 1728 1254 147 105 826 127 71 400 264 110 68 85 428 175 716 416 111 44
internal_count=4199 547 3652 2526 1833 1728 1254 147 105 826 127 71 400 264 110 68 85 428 175 716 416 111 44
cat_boundaries=0 1 2 3
cat_threshold=32 130 13
is_linear=0
shrinkage=0.05


Tree=51
num_leaves=24
num_cat=4
split_feature=0 5 4 9 5 11 11 6 5 14 0 36 5 5 9 16 14 7 1 9 15 1 16
split_gain=3.09244 3.08547 3.03069 1.78736 1.55234 1.51751 1.46634 1.44764 1.1789 1.14589 1.02919 1.29527 0.93981 1.6563 1.09173 0.859649 0.835775 0.906869 0.829236 1.01145 0.99824 0.836714 0.761905
threshold=0 0.78493427256843895 1.0000000180025095e-35 1399.7409091054508 1.2485015017600369 1.3897941766162101 1.99383156967974 1.0000000180025095e-35 1.1057560744425055 82210.281270887281 1 0.67164046530602595 0.8562717732649815 1.1118254632596161 786.95866832995739 2.1729166666666671 42329.589652221854 1.5000000000000002 2 21215.587357742115 68.033336041550726 3 1.4758333333333338
decision_type=1 2 2 2 2 2 2 2 2 2 1 2 2 2 2 2 2 2 1 2 2 1 2
left_child=6 -2 3 10 7 -4 -1 -5 9 22 12 -12 -3 16 15 -15 -14 -18 -6 20 21 -20 -9
right_child=1 2 5 4 18 -7 -8 8 -10 -11 11 -13 13 14 -16 -17 17 -19 19 -21 -22 -23 -24
leaf_value=-0.39203800856258825 -0.48176160841581084 0.081585340605593054 -0.24952045151833266 -0.077002031204751034 -0.072129269528069209 0.026619825741885036 0.078315312232956957 0.12500416278254656 -0.035181328786399818 -0.023247592336326048 -0.0099428023168805328 4.7362195834470295 -0.027247629844871914 0.54250384404317831 0.072915002583211472 0.03794944061508259 0.028848754844562341 0.16409273193129223 0.048458706896721784 -0.0047331580000677092 0.089026473237568515 0.32082286542927196 0.11305443579022852
leaf_weight=1497 599 33 626 556 26 25 37 21 30 39 183 20 84 76 21 38 50 22 29 72 66 22 27
leaf_count=1497 599 33 626 556 26 25 37 21 30 39 183 20 84 76 21 38 50 22 29 72 66 22 27
internal_value=-0.00221362 -0.00116823 -0.000256536 0.0010424 -0.000326578 -0.00307988 -0.00399612 -0.00150817 0.00354701 0.00649425 0.00334914 0.00039906 0.00502994 0.00427835 0.00833333 0.00640351 0.00076923 0.00472222 0.00337209 0.00452381 0.00739316 0.0126471 0.0116667
internal_weight=4199 2665 2066 1415 888 651 1534 673 117 87 527 203 324 291 135 114 156 72 215 189 117 51 48
internal_count=4199 2665 2066 1415 888 651 1534 673 117 87 527 203 324 291 135 114 156 72 215 189 117 51 48
cat_boundaries=0 1 2 3 4
cat_threshold=146 100 4 1
is_linear=0
shrinkage=0.05


Tree=52
num_leaves=24
num_cat=4
split_feature=8 5 11 0 5 4 5 11 15 15 5 0 4 0 14 3 9 5 11 4 0 5 9
split_gain=3.31951 3.61813 2.57864 2.02232 1.82687 1.97143 1.65312 2.83011 1.44216 1.75172 1.34153 1.31426 0.853646 0.877686 0.940638 0.821943 0.747253 0.717949 0.617376 0.621779 0.725684 0.74086 0.941379
threshold=1.0000000180025095e-35 1.5720523221415739 1.99383156967974 0 0.78493427256843895 1.0000000180025095e-35 1.0658108544522935 1.3897941766162101 64.699785586228529 47.987488592806073 1.2892373734878864 1 1.0000000180025095e-35 2 7070.3627258293573 1.0000000180025095e-35 394.05334507355502 1.0205400194928897 0.36632641747065203 1.0000000180025095e-35 3 0.69592446294074228 151.1411947353445
decision_type=2 2 2 1 2 2 2 2 2 2 2 1 2 1 2 2 2 2 2 2 1 2 2
left_child=6 2 3 -2 -5 8 18 11 9 10 15 -8 13 -13 -15 -6 -7 -11 -1 20 -20 -22 -23
right_child=1 -3 -4 4 5 16 7 -9 -10 17 -12 12 -14 14 -16 -17 -18 -19 19 -21 21 22 -24
leaf_value=-0.36763508586124005 -0.68383817577069905 0.39821442150780756 0.89029821155565492 -0.27201157752395938 -0.0045436906919625597 0.069011127653532109 0.045691446806387509 0.3050581657501214 0.01397899377755798 0.10478926234608182 0.21794756405219334 -0.50499531093172789 -0.63242058053681616 0.032813354481758941 -0.010664622713142783 0.1240208191323198 -0.2028271255227618 0.14615257883759619 -0.28020010202139395 -0.55686666433936249 -0.57672825609032019 0.0042433909548360883 0.056962469910601991
leaf_weight=1222 272 25 32 188 104 49 178 39 186 28 29 196 322 20 507 42 146 26 153 187 53 174 21
leaf_count=1222 272 25 32 188 104 49 178 39 186 28 29 196 322 20 507 42 146 26 153 187 53 174 21
internal_value=-0.00213027 0.000190771 -0.000235936 -0.000654207 0.000631187 0.00196721 -0.00298177 -0.00159271 0.00391566 0.00657205 0.00414286 -0.00201554 -0.00267773 -0.00174966 -0.000623837 0.00219178 -0.00217949 0.0144444 -0.00395028 -0.00261905 -0.00150873 0.000232557 0.00166667
internal_weight=4199 1127 1102 1070 798 610 3072 1262 415 229 175 1223 1045 723 527 146 195 54 1810 588 401 248 195
internal_count=4199 1127 1102 1070 798 610 3072 1262 415 229 175 1223 1045 723 527 146 195 54 1810 588 401 248 195
cat_boundaries=0 1 2 3 4
cat_threshold=130 32 130 194
is_linear=0
shrinkage=0.05


Tree=53
num_leaves=24
num_cat=4
split_feature=0 11 5 5 11 1 0 9 8 4 8 5 0 8 8 4 5 5 16 5 4 14 5
split_gain=2.9434 2.02651 1.5343 1.33287 1.37426 1.52619 1.19649 1.07708 1.27566 1.02658 1.49814 1.27378 1.27156 1.75808 0.849505 0.843215 0.814284 0.779844 0.884344 0.70028 0.698817 0.696001 0.583942
threshold=0 0.4655080855382781 1.4854173152328105 0.72126337994860246 1.5806033704343603 1 2 151.1411947353445 1.0000000180025095e-35 1.0000000180025095e-35 1.5000000000000002 1.2416095059357677 3 1.0000000180025095e-35 1.0000000180025095e-35 1.0000000180025095e-35 0.79218722710116374 0.87316366926095168 1.4758333333333338 1.1057560744425055 1.0000000180025095e-35 19750.088561872057 1.0871140789853733
decision_type=1 2 2 2 2 1 1 2 2 2 2 2 1 2 2 2 2 2 2 2 2 2 2
left_child=2 9 7 -3 6 -6 -5 8 19 10 11 -2 13 -13 15 -8 -9 -12 -19 -1 22 -14 -18
right_child=1 3 -4 4 5 -7 14 16 -10 -11 17 12 21 -15 -16 -17 20 18 -20 -21 -22 -23 -24
leaf_value=-0.031880529690580396 -0.21603565163538938 -0.56905834392027654 0.58036372147546855 -0.38723402623543979 0.37939204459107517 0.040433261782040181 0.0072492048209478925 -0.51580587633780117 0.3232892229516896 -0.74790808237307171 -0.26551789872118342 0.0097443339508507618 0.047618000094438478 0.28949619389844844 0.07076558338905474 -0.31122491226754417 0.088197662288958589 0.20830475424991235 0.018635262642295838 0.27001901746005286 -0.12389262686495955 -0.055038675597987724 -0.0036919588695713879
leaf_weight=70 1328 169 33 218 23 72 296 90 38 793 41 90 24 20 159 142 95 20 47 32 98 210 91
leaf_count=70 1328 169 33 218 23 72 296 90 38 793 41 90 24 20 159 142 95 20 47 32 98 210 91
internal_value=-0.00222553 -0.00273348 0.00119389 -0.000922151 -0.000164836 0.00552631 -0.000828222 0.000544746 0.00428571 -0.00350369 -0.00283708 -0.00320574 -0.000494187 0.00375 0.0003542 -0.000776257 -0.000855616 0.00287037 0.00619403 0.00137255 0.000457745 -0.00254098 0.00225806
internal_weight=4199 3652 547 1079 910 95 815 514 140 2573 1780 1672 344 110 597 438 374 108 67 102 284 234 186
internal_count=4199 3652 547 1079 910 95 815 514 140 2573 1780 1672 344 110 597 438 374 108 67 102 284 234 186
cat_boundaries=0 1 2 3 4
cat_threshold=32 4 130 65
is_linear=0
shrinkage=0.05


Tree=54
num_leaves=24
num_cat=2
split_feature=0 8 5 5 5 4 4 0 14 8 15 15 14 5 9 11 11 14 15 11 9 4 5
split_gain=3.40187 3.83707 4.15061 2.19563 1.90306 1.86162 1.70864 1.10084 0.966667 1.9057 0.949605 0.872623 0.847451 0.768587 0.645379 0.60241 0.597744 0.583177 0.576349 0.525001 0.504443 0.492381 0.697355
threshold=0 1.0000000180025095e-35 1.5720523221415739 0.76343305541321171 0.938622391824802 1.0000000180025095e-35 1.0000000180025095e-35 1 86445.366152121409 1.5000000000000002 49.752778293404454 93.947874581071915 6646.2966507334504 1.2070788346600592 891.54889113735419 1.2557254659792982 0.36632641747065203 120289.32727468843 73.532143063359925 1.1643012449630146 1.0000000180025095e-35 1.0000000180025095e-35 0.72126337994860246
decision_type=1 2 2 2 2 2 2 1 2 2 2 2 2 2 2 2 2 2 2 2 2 2 2
left_child=-1 4 3 -3 16 7 8 11 9 -5 -11 14 -9 20 -6 -14 -2 -13 -15 -7 -8 22 -18
right_child=1 2 -4 6 5 19 13 12 -10 10 -12 17 15 18 -16 -17 21 -19 -20 -21 -22 -23 -24
leaf_value=-0.70928498163154019 -0.43330073822245097 -0.27188094503960902 0.40939126066249437 0.067734160535471599 0.30588818076012975 -0.31264606575385501 0.045927777537450927 0.023581675497077237 0.01187280862007427 0.14070706060116459 0.40634462291229023 0.25025372465327717 -0.021629184047894975 -0.13605105582666899 -0.012334262859865592 0.1041627338012987 -0.44679542754585527 0.045172087541397177 0.13623953721515825 0.019656533145070695 -0.31528959645502741 -0.70797229286484697 0.0073988077957839156
leaf_weight=1012 639 177 21 221 34 413 37 33 145 36 33 26 742 29 73 20 81 37 30 24 109 106 121
leaf_count=1012 639 177 21 221 34 413 37 33 145 36 33 26 742 29 73 20 81 37 30 24 109 106 121
internal_value=-0.00209455 -0.00127776 0.00162291 0.00105875 -0.00231801 -0.00114836 0.00242187 7.7719e-05 0.0041954 0.00586207 0.0131159 0.00361111 -0.000714287 -0.00134146 0.00107477 -0.00106299 -0.00404963 0.00849206 0.00347458 -0.00385584 -0.00328767 -0.00224026 -0.00079208
internal_weight=4199 3187 838 817 2349 1402 640 965 435 290 69 170 795 205 107 762 947 63 59 437 146 308 202
internal_count=4199 3187 838 817 2349 1402 640 965 435 290 69 170 795 205 107 762 947 63 59 437 146 308 202
cat_boundaries=0 1 2
cat_threshold=130 32
is_linear=0
shrinkage=0.05


Tree=55
num_leaves=24
num_cat=2
split_feature=5 11 0 0 4 5 5 15 11 6 16 14 6 11 9 15 14 2 11 2 15 15 4
split_gain=2.88206 2.29295 1.92938 1.70014 1.85558 1.85737 1.26725 1.49333 1.0508 1.18497 1.34011 1.67709 0.862439 0.79955 0.774243 0.843956 0.695816 0.650047 0.616879 1.0584 0.500595 0.482096 0.458788
threshold=1.1776060574645986 1.99383156967974 0 1 1.0000000180025095e-35 0.76343305541321171 1.5720523221415739 48.890295924035421 1.0215050346234318 1.0000000180025095e-35 1.756416666666667 82905.803049356924 1.5000000000000002 1.4359312052522233 176.74219751136937 114.07011094534455 6646.2966507334504 2032.5000000000002 0.12395554716512047 2031.5000000000002 31.635187667559883 72.995977648302684 1.0000000180025095e-35
decision_type=2 2 1 1 2 2 2 2 2 2 2 2 2 2 2 2 2 2 2 2 2 2 2
left_child=3 2 14 4 5 -1 12 -8 9 18 11 -11 16 -5 15 -2 -4 -15 -7 -20 -10 -21 -18
right_child=1 -3 6 13 -6 8 7 -9 20 10 -12 -13 -14 17 -16 -17 22 -19 19 21 -22 -23 -24
leaf_value=-0.37982635165059037 -0.082850345162942179 0.7651694396862263 0.018948853704992035 -0.25670303164406078 -0.33349389942437302 -0.042891279126926363 -0.01557909431962276 0.68474387111359569 0.25074078383214682 0.22611869163737228 -0.020039006205103339 0.021695935060786806 0.02608776285805994 -0.10554660640168539 -0.22411715592001868 0.064418653926763783 0.0086803038981370321 0.082231177203029263 0.12599314973376458 -0.020720437916688157 0.16573114758140653 0.04485683256875788 -0.11302152316272279
leaf_weight=225 84 29 21 1830 365 306 25 35 20 33 37 40 23 34 315 20 383 36 43 48 28 34 185
leaf_count=225 84 29 21 1830 365 306 25 35 20 33 37 40 23 34 315 20 383 36 43 48 28 34 185
internal_value=-0.00208264 8.92845e-05 -0.000279561 -0.00287269 -0.00134146 -2.45712e-05 0.0013783 0.00833333 0.00145161 0.00082255 0.00545454 0.00938356 0.000718953 -0.00379581 -0.0029021 0.00076923 0.000348046 0.00142857 -0.00035963 0.0026 0.00854167 -0.000731709 1.76044e-05
internal_weight=4199 1120 1091 3079 1179 814 672 60 589 541 110 73 612 1900 419 104 589 70 431 125 48 82 568
internal_count=4199 1120 1091 3079 1179 814 672 60 589 541 110 73 612 1900 419 104 589 70 431 125 48 82 568
cat_boundaries=0 1 2
cat_threshold=146 44
is_linear=0
shrinkage=0.05


Tree=56
num_leaves=24
num_cat=2
split_feature=5 0 8 5 9 9 15 15 5 10 0 15 14 14 6 5 5 6 15 11 5 8 2
split_gain=3.20355 3.62513 3.51392 2.03593 1.4357 0.858705 0.937447 1.01755 0.981865 0.78 0.739455 0.671943 0.929553 0.867806 0.664192 0.872727 0.763636 0.616315 0.598578 0.567213 0.526915 0.547085 0.50982
threshold=0.89631661730230283 0 1.0000000180025095e-35 1.5720523221415739 891.54889113735419 1031.6042420655997 44.53170661205376 103.24777156469699 1.2286516858134353 1.5000000000000002 1 89.527402216540096 120289.32727468843 107755.81798655073 1.0000000180025095e-35 0.97590027831923531 1.2553521696088608 1.0000000180025095e-35 155.12674689967074 0.50335885218050369 0.69592446294074228 1.0000000180025095e-35 2033.5000000000002
decision_type=2 1 2 2 2 2 2 2 2 2 1 2 2 2 2 2 2 2 2 2 2 2 2
left_child=19 -2 4 5 18 6 8 9 -4 -8 11 22 13 -13 -7 -16 -17 -9 -3 -1 -21 -22 -6
right_child=1 2 3 -5 10 14 7 17 -10 -11 -12 12 -14 -15 15 16 -18 -19 -20 20 21 -23 -24
leaf_value=-0.41980064923964522 -0.55897318622774228 0.0086848272813193628 -0.017689755991828114 0.35468450407369012 -0.091006825857532309 -0.0024146293339661644 0.34909212640040233 0.12922765257633537 0.21338176062658462 0.87982361754572003 -0.15007149639776537 0.072015917397374049 -0.07839229168302389 0.2318217663668346 0.086637364079676524 -0.0043873845853567373 0.163624265591058 -0.069335936397936546 0.082118191088421721 -0.50431874580374536 -0.085884736102559173 0.018993225025612532 0.0082632712222601695
leaf_weight=1026 668 477 60 21 108 190 26 25 27 24 680 57 67 20 22 77 33 21 21 163 212 72 102
leaf_count=1026 668 477 60 21 108 190 26 25 27 24 680 57 67 20 22 77 33 21 21 163 212 72 102
internal_value=-0.00203501 -0.00101981 2.90124e-05 0.00355513 -0.00118146 0.00292079 0.00565574 0.0090625 0.00189655 0.014 -0.00224371 -0.000329671 0.00229167 0.00603896 0.00136646 0.00409091 0.00227273 0.00369565 0.0010241 -0.00391378 -0.00242729 -0.00112676 -0.00214286
internal_weight=4199 2726 2058 526 1532 505 183 96 87 50 1034 354 144 77 322 132 110 46 498 1473 447 284 210
internal_count=4199 2726 2058 526 1532 505 183 96 87 50 1034 354 144 77 322 132 110 46 498 1473 447 284 210
cat_boundaries=0 1 2
cat_threshold=130 33
is_linear=0
shrinkage=0.05


Tree=57
num_leaves=24
num_cat=3
split_feature=4 5 0 8 11 5 11 5 0 5 10 6 14 11 14 5 5 14 0 2 5 19 11
split_gain=3.13768 3.20141 3.83738 3.0414 1.9385 1.60557 1.59152 1.20343 1.16415 0.699975 0.927706 0.920042 0.697782 1.05836 0.695402 0.693435 0.622288 0.620482 0.624971 1.46748 1.19008 0.651974 0.590126
threshold=1.0000000180025095e-35 0.76343305541321171 0 1.0000000180025095e-35 0.17536905042250076 1.3375357467376412 1.5806033704343603 1.0039509067790955 1 0.98375327317343808 1.5000000000000002 1.0000000180025095e-35 84505.910569295273 0.079793405386055741 93498.908367756827 1.0367651859622036 1.395838970718613 6075.6382742545966 2 2035.5000000000002 1.1204980527582669 1.0000000180025095e-35 0.013361255349760497
decision_type=2 2 1 2 2 2 2 2 1 2 2 2 2 2 2 2 2 2 1 2 2 2 2
left_child=1 -1 6 4 7 9 -3 -4 15 10 11 22 13 -7 -13 -9 -10 -6 19 20 -19 -20 -5
right_child=-2 2 3 5 17 12 -8 8 16 -11 -12 14 -14 -15 -16 -17 -18 18 21 -21 -22 -23 -24
leaf_value=-0.43004765005494705 -0.37981962018344384 -0.52933870887655243 -0.18482840745552173 -0.089378203478692353 0.23529668449755842 0.28348036980737928 0.053124052283963774 0.11429370338988767 -0.15245786805921341 0.023469417799597998 0.14798723998992211 0.13453165440364159 0.14855577266017758 0.47817290707833782 0.026263016510473598 0.013315724527448012 0.0149249835149957 0.019246722831779257 0.047785597306769914 -0.04223800360910062 0.37140508641699932 -0.002068124693453965 0.052615983441693492
leaf_weight=582 1301 547 323 40 27 21 20 27 239 236 29 25 21 20 29 236 54 46 33 41 36 238 28
leaf_count=582 1301 547 323 40 27 21 20 27 239 236 29 25 21 20 29 236 54 46 33 41 36 238 28
internal_value=-0.00199929 -0.00108351 -0.000250433 0.000912449 -0.000307693 0.00446548 -0.00378683 -0.00164391 -0.000233814 0.00326873 0.00592715 0.00401639 0.0119355 0.0157317 0.00888889 0.00214286 -0.00235974 0.00248218 0.00197969 0.00477443 0.00902439 0.000516013 0.000147058
internal_weight=4199 2898 2316 1749 1300 449 567 879 556 387 151 122 62 41 54 263 293 421 394 123 82 271 68
internal_count=4199 2898 2316 1749 1300 449 567 879 556 387 151 122 62 41 54 263 293 421 394 123 82 271 68
cat_boundaries=0 1 2 3
cat_threshold=130 41 48
is_linear=0
shrinkage=0.05


Tree=58
num_leaves=24
num_cat=2
split_feature=0 5 8 4 5 36 9 4 5 0 5 2 6 14 14 6 9 9 9 10 9 5 4
split_gain=3.49458 3.2038 2.36056 1.76263 1.66701 1.23187 1.01063 1.07652 1.5366 0.982924 0.893262 0.724687 0.692464 0.611007 1.06818 0.671456 0.70001 0.694444 0.572886 0.572095 0.586441 1.0846 0.550267
threshold=0 0.77176796094750444 1.0000000180025095e-35 1.0000000180025095e-35 1.4590833241574643 0.68906349509099496 202.18557157653274 1.0000000180025095e-35 1.1498103798023716 1 1.2141818954864803 2034.5000000000002 1.5000000000000002 41755.223369337727 86445.366152121409 1.0000000180025095e-35 2446.258549603634 19107.502552757313 8030.0141302773727 1.5000000000000002 151.1411947353445 1.0227623270571322 1.0000000180025095e-35
decision_type=1 2 2 2 2 2 2 2 2 1 2 2 2 2 2 2 2 2 2 2 2 2 2
left_child=1 -1 3 9 5 13 7 8 -2 -3 -10 -12 -8 18 15 16 -15 -18 -4 -5 21 -21 -14
right_child=6 2 4 19 -6 -7 12 -9 10 -11 11 -13 22 14 -16 -17 17 -19 -20 20 -22 -23 -24
leaf_value=-0.35533952172537892 -0.080535565157767774 0.059292020464219677 -0.0307748147429617 -0.36215394123517486 0.36775649604828192 1.7337239141374736 -0.32091663511233509 -0.70987879445351976 0.19920288894888685 -0.0040678126837830073 -0.0088964102690747265 0.29906098960727096 0.06731570331501531 0.082817972486006405 0.013879219060322891 0.23471948928622194 -0.10761441069437301 0.030971098116103934 0.056614902491013142 -0.21669431066668407 -0.12109423884233779 0.066835024676667229 -1.1160249001304339
leaf_weight=446 287 214 89 316 23 20 1464 171 25 618 60 29 34 29 146 40 25 20 36 22 33 31 21
leaf_count=446 287 214 89 316 23 20 1464 171 25 618 60 29 34 29 146 40 25 20 36 22 33 31 21
internal_value=-0.00201119 -0.000561852 0.000445245 -0.000664507 0.00364486 0.00290123 -0.00345312 -0.00167832 -0.000261847 0.000649037 0.00464912 0.00230337 -0.00414417 0.00227273 0.00365384 0.0072807 0.00445946 0.000555554 -0.000600001 -0.00338309 0.000232557 0.00349056 0.00136364
internal_weight=4199 2108 1662 1234 428 405 2091 572 401 832 114 89 1519 385 260 114 74 45 125 402 86 53 55
internal_count=4199 2108 1662 1234 428 405 2091 572 401 832 114 89 1519 385 260 114 74 45 125 402 86 53 55
cat_boundaries=0 1 2
cat_threshold=45 32
is_linear=0
shrinkage=0.05


Tree=59
num_leaves=24
num_cat=0
split_feature=5 11 8 15 5 4 11 4 5 8 14 9 14 5 5 6 5 4 15 14 14 4 5
split_gain=2.9001 2.17201 1.81676 1.41183 1.35404 1.23731 1.14434 1.22938 1.68053 1.3149 0.743756 0.910599 0.64851 0.613306 0.59918 0.530309 0.556481 0.742158 0.602847 0.500702 0.887756 0.486583 0.751149
threshold=1.0154938974775825 1.2557254659792982 1.0000000180025095e-35 55.229490791365357 1.5720523221415739 1.0000000180025095e-35 0.089504451277404307 1.0000000180025095e-35 0.71283530371631154 1.0000000180025095e-35 91955.043918078358 24808.807014954698 23323.627465377227 1.3730171506729645 0.79910182006429553 1.0000000180025095e-35 0.77997184135372333 1.0000000180025095e-35 58.083230587519203 80922.769451986052 118509.14666601906 1.0000000180025095e-35 1.236240609701037
decision_type=2 2 2 2 2 2 2 2 2 2 2 2 2 2 2 2 2 2 2 2 2 2 2
left_child=6 2 5 12 10 13 15 8 -8 -10 11 21 -3 -2 -11 -1 -17 18 -18 -15 -21 22 -4
right_child=1 3 4 -5 -6 -7 7 -9 9 14 -12 -13 -14 19 -16 16 17 -19 -20 20 -22 -23 -24
leaf_value=-0.33495807783033055 -0.043719408796880299 0.2908993128276785 0.0083423083926319596 0.74092250579585894 0.26387353047300827 -0.33456005847057257 -0.30109756381816249 -0.46295103363107715 -0.012819580240697735 0.15465405621519898 -0.01398102858339585 0.092250163638270419 -0.077453359302321667 -0.0080310362684527983 0.057773765276649791 -0.43235425465808652 0.082933520239914127 -0.49886361836465032 -0.0062481265376095876 0.20766367419177278 -0.013991177777392755 -0.094745783646736498 0.1966359278779311
leaf_weight=1085 799 30 131 21 25 446 180 257 289 25 165 28 23 111 77 98 36 53 67 40 43 95 75
leaf_count=1085 799 30 131 21 25 446 180 257 289 25 165 28 23 111 77 98 36 53 67 40 43 95 75
internal_value=-0.00192784 -0.000570867 -0.000888663 0.00783784 0.0016474 -0.00180334 -0.00320028 -0.00173913 -0.000446586 0.00139386 0.00107287 0.00244681 0.00349056 -0.000820746 0.00627451 -0.00410381 -0.00204725 -0.000192309 0.00228155 0.00170103 0.00463855 0.00164452 0.00300971
internal_weight=4199 2032 1958 74 519 1439 2167 828 571 391 494 329 53 993 102 1339 254 156 103 194 83 301 206
internal_count=4199 2032 1958 74 519 1439 2167 828 571 391 494 329 53 993 102 1339 254 156 103 194 83 301 206
is_linear=0
shrinkage=0.05


Tree=60
num_leaves=24
num_cat=4
split_feature=0 5 4 8 0 14 5 2 9 7 5 5 1 9 5 0 7 5 6 14 5 2 2
split_gain=3.26492 3.32917 3.26346 3.40967 1.20586 1.00335 0.91746 0.88658 0.796013 0.862871 0.851302 0.761905 0.724695 0.653732 0.985349 1.12523 0.917006 0.763148 0.725065 0.653656 0.564934 0.503325 0.5099
threshold=0 0.84175118767219159 1.0000000180025095e-35 1.5000000000000002 1 2748.6310034342155 1.2601101320002142 2034.5000000000002 699.660860143631 1.5000000000000002 1.0566613915605825 1.084337575140127 2 1031.6042420655997 1.3771122059273162 3 1.5000000000000002 0.96190403407743663 1.0000000180025095e-35 46234.081037188625 1.4158576102881872 2035.5000000000002 2028.5000000000002
decision_type=1 2 2 2 1 2 2 2 2 2 2 2 1 2 2 1 2 2 2 2 2 2 2
left_child=-1 -2 3 4 12 -6 7 11 9 -4 -11 -5 -3 -7 15 16 -15 -18 -19 -12 -16 22 -14
right_child=1 2 8 6 5 13 -8 -9 -10 10 19 -13 21 14 20 -17 17 18 -20 -21 -22 -23 -24
leaf_value=-0.61612211178696707 -0.27898503992183121 -0.040877117380928175 -0.11799496048132363 0.24596542115674122 0.22336967877632619 0.017982785832177675 0.6347481617844466 -0.02406373012304704 -0.33265256058155329 -0.086429795920001468 0.048887934007033007 0.045435721689527253 0.043281243480541923 -0.022521219042300745 0.043349723078537038 -0.12251083982493301 -0.12780338028643934 0.096016681147984687 0.10080014564888294 0.19074534787035224 0.013996262407813346 0.05915391814883502 0.13272457571287094
leaf_weight=1012 917 39 158 27 23 404 20 22 475 36 22 21 37 289 23 289 28 51 28 24 86 69 99
leaf_count=1012 917 39 158 27 23 404 20 22 475 36 22 21 37 289 23 289 28 51 28 24 86 69 99
internal_value=-0.00199929 -0.00119956 -0.000176213 0.00110932 0.000529009 -0.000125915 0.0105556 0.00785714 -0.00297203 -0.000625001 0.00353658 0.0116667 0.00366142 -0.000325544 -0.00115869 -0.00186132 -7.38928e-05 0.0038785 0.0063924 0.00804348 0.00325688 0.005 0.0067647
internal_weight=4199 3187 2270 1555 1465 1221 90 70 715 240 82 48 244 1198 794 685 396 107 79 46 109 205 136
internal_count=4199 3187 2270 1555 1465 1221 90 70 715 240 82 48 244 1198 794 685 396 107 79 46 109 205 136
cat_boundaries=0 1 2 3 4
cat_threshold=130 32 4 13
is_linear=0
shrinkage=0.05


Tree=61
num_leaves=24
num_cat=3
split_feature=0 4 0 5 8 5 14 14 7 14 9 5 11 11 5 0 5 7 9 5 6 15 4
split_gain=3.33358 2.00317 2.09431 2.50266 2.0829 1.86071 1.2645 1.24153 1.02992 2.0817 1.93458 1.18259 0.952299 0.74152 1.1104 0.765164 0.758933 0.722101 0.69404 0.6456 0.616174 0.603895 0.549706
threshold=0 1.0000000180025095e-35 1 0.75606233012901958 1.5000000000000002 1.4854173152328105 45557.650428587818 6075.6382742545966 1.5000000000000002 42045.363670888539 1052.2011204692233 0.95417278502810365 1.6473784493070733 0.22624289212135465 1.3771122059273162 2 0.94147667905431387 1.5000000000000002 2706.07962273466 1.4158576102881872 1.0000000180025095e-35 16.739083551532328 1.0000000180025095e-35
decision_type=1 2 1 2 2 2 2 2 2 2 2 2 2 2 2 1 2 2 2 2 2 2 2
left_child=5 2 12 -4 7 8 -6 -5 11 -10 -11 -1 -2 14 15 16 18 -18 -9 -16 -19 -15 -13
right_child=1 -3 3 4 6 -7 -8 13 9 10 -12 22 -14 21 19 -17 17 20 -20 -21 -22 -23 -24
leaf_value=-0.081715185868847393 -0.51550031170849064 -0.44576900484782062 -0.34153355681559522 0.11239562113553761 0.11181905750115236 0.52407702520364829 0.11628212230128275 0.033271814565153157 -0.047181197406346742 0.2705063087243415 0.036565437007772171 0.11900257646431843 0.061833337592859167 0.55543402772148853 0.041959345753273487 -0.12596758429618218 -0.006177812441050568 0.080586790492270632 -0.15578818236850936 0.013077599394163275 0.0952372880405781 0.0036270323489341477 -0.10595972821566889
leaf_weight=149 670 1126 361 54 35 33 47 20 73 34 63 131 23 37 22 344 237 54 131 87 29 375 64
leaf_count=149 670 1126 361 54 35 33 47 20 73 34 63 131 23 37 22 344 237 54 131 87 29 375 64
internal_value=-0.00198738 -0.00252867 -0.00175376 -0.00084916 6.11401e-05 0.00164273 0.00780488 -0.000395685 0.000933851 0.00411765 0.00891752 -0.000639536 -0.00407539 -0.000696109 -0.00148269 -0.00211657 -0.000738047 0.000624999 -0.0036755 0.00325688 0.00463855 0.00106796 0.00192308
internal_weight=4199 3652 2526 1833 1472 547 82 1390 514 170 97 344 693 1336 924 815 471 320 151 109 83 412 195
internal_count=4199 3652 2526 1833 1472 547 82 1390 514 170 97 344 693 1336 924 815 471 320 151 109 83 412 195
cat_boundaries=0 1 2 3
cat_threshold=32 130 13
is_linear=0
shrinkage=0.05


Tree=62
num_leaves=24
num_cat=2
split_feature=0 5 8 5 4 11 11 5 4 14 6 5 15 17 10 5 5 14 9 9 5 0 14
split_gain=3.10443 2.93789 3.04933 1.70692 1.60755 1.40701 1.11666 1.05427 0.733272 0.755245 0.980798 1.64378 1.00646 1.01274 0.650624 0.745356 0.640288 0.565385 0.816667 0.543233 0.530751 0.740428 0.730372
threshold=0 0.75151658956402845 1.0000000180025095e-35 1.5720523221415739 1.0000000180025095e-35 1.3593837631777503 0.21267961278353706 0.94803883727286387 1.0000000180025095e-35 92463.070426911567 1.0000000180025095e-35 0.91683600554281697 33.762863021435827 74.884166666666673 1.5000000000000002 1.0816180947461709 1.0566613915605825 34911.559038450992 786.95866832995739 151.1411947353445 1.3730171506729645 1 80922.769451986052
decision_type=1 2 2 2 2 2 2 2 2 2 2 2 2 2 2 2 2 2 2 2 2 1 2
left_child=-1 -2 4 5 6 8 7 -3 9 10 -4 -12 -13 -14 -6 -16 -10 -18 -19 -17 21 -9 -22
right_child=1 2 3 -5 14 -7 -8 20 16 -11 11 12 13 -15 15 19 17 18 -20 -21 22 -23 -24
leaf_value=-0.5595409906121942 -0.39539694675727871 -0.19512185800395979 0.018885882149729125 0.23325354310646854 -0.4418460316788646 0.8499795044143339 0.019330343655129072 -0.17911396613457925 -0.30748035509389615 -0.0013098340853879827 0.12271581908739436 -0.011074069521507015 0.25609048734003997 0.012702979941783953 -0.23757823792134089 0.061190641487911923 -0.11472004471127768 0.24197409604353082 0.0052394269352823422 -0.060341394905751328 -0.010980125323251518 0.0064876224546105274 0.066555849784246154
leaf_weight=1012 593 259 178 21 482 20 417 192 95 132 25 35 30 29 61 36 24 20 60 21 70 338 49
leaf_count=1012 593 259 178 21 482 20 417 192 95 132 25 35 30 29 61 36 24 20 60 21 70 338 49
internal_value=-0.00201119 -0.00123084 -0.000508868 0.0023991 -0.00151948 0.00194444 -0.000547171 -0.00153084 0.00152866 0.00269231 0.00409091 0.00760504 0.00457447 0.00855932 -0.00366667 -0.000338984 -0.000979901 0.00173077 0.00375 0.00377193 -0.000454547 -0.00113208 0.00256302
internal_weight=4199 3187 2594 669 1925 648 1325 908 628 429 297 119 94 59 600 118 199 104 80 57 649 530 119
internal_count=4199 3187 2594 669 1925 648 1325 908 628 429 297 119 94 59 600 118 199 104 80 57 649 530 119
cat_boundaries=0 1 2
cat_threshold=130 80
is_linear=0
shrinkage=0.05


Tree=63
num_leaves=24
num_cat=3
split_feature=0 5 8 11 5 5 11 36 5 4 7 17 5 4 0 2 14 1 14 14 5 15 9
split_gain=2.83446 2.18062 1.97812 1.57596 1.44892 1.36029 1.23613 0.907037 0.839042 0.949035 0.961995 1.03967 0.821032 1.09169 0.786096 0.924916 1.24738 1.01085 0.674508 0.629309 0.543396 0.968364 0.507334
threshold=0 0.69157279007383188 1.0000000180025095e-35 1.6473784493070733 0.96426533895968825 1.4590833241574643 0.062505739004126093 0.74367264161444702 1.0658108544522935 1.0000000180025095e-35 2.5000000000000004 71.457916666666691 0.94803883727286387 1.0000000180025095e-35 1 2036.5000000000002 33989.28466491944 2 45088.504878155632 6075.6382742545966 1.0367651859622036 107.89774058499778 151.1411947353445
decision_type=1 2 2 2 2 2 2 2 2 2 2 2 2 2 1 2 2 1 2 2 2 2 2
left_child=1 -1 6 8 -5 7 12 14 -2 10 22 -12 -3 18 15 16 -4 -18 -14 -8 21 -20 -10
right_child=3 2 5 4 -6 -7 19 -9 9 -11 11 -13 13 -15 -16 -17 17 -19 20 -21 -22 -23 -24
leaf_value=-0.44724244581211692 -0.38689611781207622 -0.2006593755302164 -0.03460801188512027 -0.047219903419931236 0.20764797521841044 0.33217197156381734 0.058925463202175066 1.6545620723089929 0.013124726161382237 -0.82861772440538484 0.19065720601733846 -0.010323189075331552 -0.043093904345637563 -0.3612329044208647 0.00096224537128417476 -0.015423582686432775 0.26965678615585781 0.21195098757774417 -0.0076567638195516492 0.004707937889049725 0.016516115471807057 0.08274269815780505 -0.10412707527648145
leaf_weight=282 1185 278 20 31 33 23 37 20 113 246 32 65 114 192 321 24 27 32 29 473 212 24 386
leaf_count=282 1185 278 20 31 33 23 37 20 113 246 32 65 114 192 321 24 27 32 29 473 212 24 386
internal_value=-0.00203501 -0.000727102 -9.85773e-05 -0.00333413 0.004375 0.00270878 -0.00106328 0.00209459 -0.00359398 -0.00238717 -0.00130873 0.00324742 -0.00223204 -0.00114711 0.00160377 0.00517699 0.00829114 0.0119492 0.00040897 0.000882352 0.00179245 0.00632075 -0.00219439
internal_weight=4199 2108 1826 2091 64 467 1359 444 2027 842 596 97 849 571 424 103 79 59 379 510 265 53 499
internal_count=4199 2108 1826 2091 64 467 1359 444 2027 842 596 97 849 571 424 103 79 59 379 510 265 53 499
cat_boundaries=0 1 2 3
cat_threshold=45 32 2
is_linear=0
shrinkage=0.05


Tree=64
num_leaves=24
num_cat=3
split_feature=5 0 8 11 5 4 10 5 11 4 5 15 15 9 0 16 7 11 6 0 11 5 5
split_gain=2.83222 2.62945 2.37784 1.78867 1.66064 1.38432 0.86008 0.678926 0.671527 0.914819 1.00524 0.811006 1.06249 0.609378 0.687278 0.605961 0.589917 0.563106 0.558699 0.536276 0.846699 0.811695 0.721199
threshold=0.88037162294841587 0 1.0000000180025095e-35 1.6473784493070733 1.5720523221415739 1.0000000180025095e-35 1.5000000000000002 1.3730171506729645 0.53811914929932148 1.0000000180025095e-35 0.98074084135780404 38.355267274579568 104.01658257979909 1375.1707708702409 1 2.1729166666666671 2.5000000000000004 0.9984092495684993 1.0000000180025095e-35 2 0.89692947482556529 1.1204980527582669 0.9728502460798758
decision_type=2 1 2 2 2 2 2 2 2 2 2 2 2 2 1 2 2 2 2 1 2 2 2
left_child=16 3 5 -2 8 7 -7 13 9 10 -4 18 -13 15 -15 19 -1 -18 -10 21 -21 22 -3
right_child=1 2 4 -5 -6 6 -8 -9 11 -11 -12 12 -14 14 -16 -17 17 -19 -20 20 -22 -23 -24
leaf_value=-0.35014104558178327 -0.46422491357588758 0.089094338237990789 0.059672535586914988 0.069225054752890092 0.20498227777513509 -0.37623182829534807 0.015815073057097919 0.037219764955585682 0.2044224246852426 -0.07523425382754069 0.0089088655473135454 0.40645812072580156 0.014545960471525152 -0.18281216666398026 -0.0024737100830643489 -0.02069134888478389 -0.11416143017961421 0.13975643523591794 -0.071614797283790749 0.047405225142755233 -0.056340398797175742 0.25401803130253386 -0.034114164657406597
leaf_weight=1132 656 27 45 24 21 403 92 160 37 124 195 51 43 213 376 116 186 70 27 22 92 46 41
leaf_count=1132 656 27 45 24 21 403 92 160 37 124 195 51 43 213 376 116 186 70 27 22 92 46 41
internal_value=-0.00199929 -0.0010868 -0.000212519 -0.00376812 0.00264272 -0.00119018 -0.00338384 -0.000196708 0.00208812 0.000906592 0.00270833 0.00481013 0.00776596 -0.000712756 -0.00168931 0.000959301 -0.00384726 -0.00167969 0.000468749 0.00245614 -0.000161291 0.00467742 0.00161765
internal_weight=4199 2811 2131 680 543 1588 495 1093 522 364 240 158 94 933 589 344 1388 256 64 228 114 114 68
internal_count=4199 2811 2131 680 543 1588 495 1093 522 364 240 158 94 933 589 344 1388 256 64 228 114 114 68
cat_boundaries=0 1 2 3
cat_threshold=130 80 52
is_linear=0
shrinkage=0.05


Tree=65
num_leaves=24
num_cat=2
split_feature=11 0 0 5 5 4 6 4 5 14 7 14 14 2 8 5 5 14 16 4 7 5 15
split_gain=3.03829 1.8453 1.67084 1.84169 1.46351 1.26377 1.24784 1.4222 1.43714 1.2412 2.38488 1.05931 1.04489 0.830877 0.822895 0.764861 0.611417 0.60203 0.909551 0.577106 0.600548 0.536305 0.525745
threshold=0.45410390157505442 0 1 1.2070788346600592 0.71654816570429147 1.0000000180025095e-35 1.0000000180025095e-35 1.0000000180025095e-35 0.74651220879099955 42045.363670888539 1.5000000000000002 6075.6382742545966 73340.87637871709 2032.5000000000002 1.0000000180025095e-35 1.232385959691737 1.2892373734878864 92463.070426911567 1.756416666666667 1.0000000180025095e-35 1.5000000000000002 1.6204724967474646 62.611445923663403
decision_type=2 1 1 2 2 2 2 2 2 2 2 2 2 2 2 2 2 2 2 2 2 2 2
left_child=2 9 -1 6 -3 11 -4 8 -8 13 12 -6 -11 -2 -13 -7 -17 18 -10 21 -21 -5 -16
right_child=1 4 3 19 5 15 7 -9 17 10 -12 14 -14 -15 22 16 -18 -19 -20 20 -22 -23 -24
leaf_value=-0.64820421757837732 0.12389188003726755 -0.3412398214926316 -0.14912624857121934 0.0064006325817098269 0.1869182271258856 -0.21950475912077963 -0.2402396482047966 -0.31030499484433127 0.10064890353101962 0.14007513536787558 0.46482234873682704 -0.0013028354219011891 -0.024558096423425199 -0.1050232213739226 0.059081270133402891 0.034515467631824261 -0.035206677302850785 0.0011568666398937963 0.00036593450113995424 -0.17191742153329714 0.073421030563219955 0.28747228932828145 0.17039343620009265
leaf_weight=717 38 165 1395 341 43 231 47 110 63 21 35 427 37 37 87 21 40 52 29 112 55 26 70
leaf_count=717 38 165 1395 341 43 231 47 110 63 21 35 427 37 37 87 21 40 52 29 112 55 26 70
internal_value=-0.00195166 0.00011182 -0.0028283 -0.00212054 -0.000658136 0.000114253 -0.00293632 -1.66125e-05 0.00259162 0.00483146 0.00897849 0.00137958 0.00275862 0.000333332 0.000821917 -0.00260274 0.00237705 0.00506944 0.0075 0.00043071 -0.00200599 0.00153951 0.0039172
internal_weight=4199 1252 2947 2230 1084 919 1696 301 191 168 93 627 58 75 584 292 61 144 92 534 167 367 157
internal_count=4199 1252 2947 2230 1084 919 1696 301 191 168 93 627 58 75 584 292 61 144 92 534 167 367 157
cat_boundaries=0 1 2
cat_threshold=32 130
is_linear=0
shrinkage=0.05


Tree=66
num_leaves=24
num_cat=3
split_feature=0 5 4 8 15 0 7 14 11 14 16 14 0 16 9 5 4 8 14 14 6 7 9
split_gain=2.75912 2.85815 2.40906 1.81585 1.143 0.95248 0.992647 1.49129 0.813384 0.800611 0.747549 0.738054 0.792619 0.763011 0.688212 0.754188 0.766174 1.07606 0.629443 1.2857 0.960189 0.597317 0.753429
threshold=0 0.84175118767219159 1.0000000180025095e-35 1.5000000000000002 50.088571606573716 1 1.5000000000000002 62457.191132181797 1.1643012449630146 100102.98219758781 2.1729166666666671 2259.3593459485278 2 1.756416666666667 176.74219751136937 0.9728502460798758 1.0000000180025095e-35 1.0000000180025095e-35 127877.92950989387 108912.87074516712 1.0000000180025095e-35 2.5000000000000004 129.36621638480577
decision_type=1 2 2 2 2 1 2 2 2 2 2 2 1 2 2 2 2 2 2 2 2 2 2
left_child=14 21 3 11 -5 6 10 -8 -7 -6 -4 -3 13 18 15 -1 17 -17 19 20 -13 -2 -23
right_child=1 2 5 4 9 8 7 -9 -10 -11 -12 12 -14 -15 -16 16 -18 -19 -20 -21 -22 22 -24
leaf_value=-0.58399729962820479 -0.3032969269598067 0.1212033352669819 -0.1056929244567846 0.024211909228843913 0.55906783113594771 -0.26790361335207685 -0.041063469712704963 0.23208435362729044 0.030148509788320416 0.084317824333280889 0.05579834706442495 0.026931133732132347 -0.0081198322237632427 -0.0032429951816112523 -0.60647288765201512 -0.0082298325874533129 -0.92821432220650824 0.23838908002120879 -0.016695341860294689 0.18825719981975061 0.082315877753752931 0.13011572295704721 -0.077731589021089426
leaf_weight=121 749 20 61 35 31 546 27 24 33 24 24 165 976 179 740 76 47 28 68 31 26 39 129
leaf_count=121 749 20 61 35 31 546 27 24 33 24 24 165 976 179 740 76 47 28 68 31 26 39 129
internal_value=-0.00190403 -0.00116828 -0.000220266 0.000884243 0.00777778 -0.00262238 0.00116438 0.0067647 -0.00347199 0.0122727 -0.00205882 0.00046075 0.000328719 0.00199374 -0.0041683 -0.00205882 0.000298012 0.00269231 0.00362069 0.00490991 0.00337696 -0.00352781 -0.000833335
internal_weight=4199 3187 2270 1555 90 715 136 51 579 55 85 1465 1445 469 1012 272 151 104 290 222 191 917 168
internal_count=4199 3187 2270 1555 90 715 136 51 579 55 85 1465 1445 469 1012 272 151 104 290 222 191 917 168
cat_boundaries=0 1 2 3
cat_threshold=130 32 33
is_linear=0
shrinkage=0.05


Tree=67
num_leaves=24
num_cat=4
split_feature=11 8 0 5 4 8 11 0 5 4 11 5 5 11 0 5 0 6 16 5 7 5 11
split_gain=2.96779 2.46611 1.7807 1.87839 2.05267 1.79738 1.38535 1.31486 1.20317 1.18331 0.919488 0.814423 0.765794 0.710697 0.656704 0.643789 0.635592 0.632573 0.712955 0.600051 0.581491 0.581335 0.557428
threshold=0.4655080855382781 1.5000000000000002 0 0.77997184135372333 1.0000000180025095e-35 1.0000000180025095e-35 1.0795095145172515 1 1.0154938974775825 1.0000000180025095e-35 1.288269968247705 0.64827296193767847 1.1849080813926278 0.1495980813870961 2 1.0392119347815225 3 1.0000000180025095e-35 1.4758333333333338 0.95604214863564396 1.5000000000000002 1.4368553152526682 1.0016378065653475
decision_type=2 2 1 2 2 2 2 1 2 2 2 2 2 2 1 2 1 2 2 2 2 2 2
left_child=2 7 -1 -4 5 12 15 -2 9 11 20 -9 16 17 -13 -3 -5 21 -19 -20 -10 -7 -22
right_child=1 6 3 4 -6 13 -8 8 10 -11 -12 14 -14 -15 -16 -17 -18 18 19 -21 22 -23 -24
leaf_value=-0.5852435794230183 -0.6562069827146747 -0.020236140023447247 -0.36006830111276755 -0.19104428448656907 -0.29441853538966051 0.0080926885917736637 0.71090367226072737 -0.35655767424935642 0.00012435740053112209 -0.37337228441673243 0.20373068070187006 0.040389046855206251 0.0026209037761239892 -0.011263133309909419 -0.0042693124378070536 0.70512803843996064 -0.0029218615157724612 0.10763167030909226 0.099081501776294961 0.0068605721488539332 0.1681877954746889 0.15295362850643518 -0.036907122120676747
leaf_weight=719 148 36 487 316 549 144 20 79 299 161 58 132 312 24 159 25 275 37 22 50 96 20 31
leaf_count=719 148 36 487 316 549 144 20 79 299 161 58 132 312 24 159 25 275 37 22 50 96 20 31
internal_value=-0.00190403 0.000144693 -0.0027665 -0.00203918 -0.00128359 -0.000125001 0.00858025 -0.000442821 0.000219511 -0.00142185 0.00202479 0.000135134 -0.00123477 0.00324916 0.00135739 0.00483606 -0.00229273 0.00397436 0.0069266 0.00402778 0.00122066 0.00201219 0.00405512
internal_weight=4199 1244 2955 2236 1749 1200 81 1163 1015 531 484 370 903 297 291 61 591 273 109 72 426 164 127
internal_count=4199 1244 2955 2236 1749 1200 81 1163 1015 531 484 370 903 297 291 61 591 273 109 72 426 164 127
cat_boundaries=0 1 2 3 4
cat_threshold=130 128 37 84
is_linear=0
shrinkage=0.05


Tree=68
num_leaves=24
num_cat=0
split_feature=5 4 11 5 11 4 5 34 14 15 2 7 5 7 9 9 6 5 9 14 9 5 5
split_gain=2.25076 1.52715 1.34418 1.02981 0.812432 0.808462 0.971434 0.701654 0.649139 0.704722 0.887158 0.555452 0.600569 0.548256 0.509445 1.12322 0.508831 0.606975 0.718669 0.563255 0.473588 0.522747 0.753908
threshold=0.9297071399625868 1.0000000180025095e-35 1.99383156967974 1.6204724967474646 0.36632641747065203 1.0000000180025095e-35 0.64827296193767847 1.0000000180025095e-35 38544.953812751373 46.442013793119592 2036.5000000000002 1.5000000000000002 1.3730171506729645 2.5000000000000004 8149.6695448327418 30029.915240155937 1.0000000180025095e-35 0.74252791977159271 11438.948478213466 37301.303167889149 699.660860143631 1.236240609701037 1.3207557252961468
decision_type=2 2 2 2 2 2 2 2 2 2 2 2 2 2 2 2 2 2 2 2 2 2 2
left_child=4 2 3 7 16 6 -6 11 9 10 -8 12 -2 -10 -14 -16 -1 -18 19 -19 21 -3 -23
right_child=1 20 -4 -5 5 -7 8 -9 13 -11 -12 -13 14 -15 15 -17 17 18 -20 -21 -22 22 -24
leaf_value=-0.31608000297175709 -0.044203577091889684 -0.062691829124072104 0.27610269720775066 0.49827320911884621 -0.43114441982362761 -0.45596828257502975 -0.026432274709658522 0.081106321402682577 -0.032963797069777118 0.055156305311501466 0.098494443399927953 0.0060135090717604086 -0.018081763538218724 0.1354927251487793 0.059490171447595455 -0.03312588320424921 -0.36910680290445719 -0.25700309921225267 -0.14992431389408711 0.069360198490659178 -0.3037768184803849 0.035616669176862611 -0.025543287851121955
leaf_weight=913 964 179 45 46 105 164 58 23 111 24 28 507 87 38 34 32 93 20 62 39 554 29 44
leaf_count=913 964 179 45 46 105 164 58 23 111 24 28 507 87 38 34 32 93 20 62 39 554 29 44
internal_value=-0.00196356 -0.00102988 -0.000195628 -0.000422328 -0.00339879 -0.0017803 -0.000467034 -0.000628416 0.0011776 0.00409091 0.00197674 -0.000751233 -0.00137422 -0.000973156 0.00153595 0.00484848 -0.00415706 -0.00196262 0.0003719 0.00432203 -0.00282879 -0.00103175 0.00253425
internal_weight=4199 2544 1738 1693 1655 528 364 1647 259 110 86 1624 1117 149 153 66 1127 214 121 59 806 252 73
internal_count=4199 2544 1738 1693 1655 528 364 1647 259 110 86 1624 1117 149 153 66 1127 214 121 59 806 252 73
is_linear=0
shrinkage=0.05


Tree=69
num_leaves=24
num_cat=3
split_feature=0 36 5 0 5 9 19 2 5 5 6 11 7 5 0 2 15 9 5 6 15 5 5
split_gain=3.43875 2.40917 2.39811 1.48194 1.11887 1.07975 0.81355 0.968745 1.03052 0.724679 0.679737 0.623411 0.620038 0.745752 0.583238 0.866162 1.16667 0.545757 0.51952 0.508251 1.06252 1.07023 0.747172
threshold=0 3.9094421926638834 0.77176796094750444 1 1.4854173152328105 394.05334507355502 1.0000000180025095e-35 2036.5000000000002 1.1080825569437391 1.0205400194928897 1.5000000000000002 1.0215050346234318 1.5000000000000002 1.0154938974775825 2 2030.5000000000002 44.53170661205376 41527.489254423395 1.3771122059273162 1.0000000180025095e-35 36.108001881607926 1.2393793021592654 1.2553521696088608
decision_type=1 2 2 1 2 2 2 2 2 2 2 2 2 2 1 2 2 2 2 2 2 2 2
left_child=1 2 -1 4 11 9 7 -5 -9 -2 18 -4 -8 -14 15 16 -11 19 -7 22 -21 -22 -15
right_child=5 -3 3 6 -6 10 12 8 -10 14 -12 -13 13 17 -16 -17 -18 -19 -20 20 21 -23 -24
leaf_value=-0.22421162223512284 -0.16497286463934707 4.3646855159496729 0.022808403433053185 0.0019553737534145688 0.46094741455296318 -0.30126591415735438 -0.040201294208287587 0.068136609368763576 0.029269637688627732 -0.030455352322753565 0.0043370438905588693 0.17255705249190012 -0.017151075796008244 0.082137602154127742 -0.093795660856975799 -0.015198758621304998 0.33656235356135555 -0.098964023818359864 -0.043324627102579838 -0.06928869834989819 0.065201401931463066 0.50808322137588857 -0.072981290767027085
leaf_weight=441 322 21 374 104 33 1300 719 20 22 24 54 28 141 76 137 88 32 32 134 20 26 20 31
leaf_count=441 322 21 374 104 33 1300 719 20 22 24 54 28 141 76 137 88 32 32 134 20 26 20 31
internal_value=-0.0018564 -0.000420209 -0.00059176 0.00028554 0.00275281 -0.00328653 -0.000618347 0.00287671 0.00928571 -0.00151741 -0.00402554 0.00208955 -0.00110329 0.000635837 0.000338077 0.00246753 0.0075 0.00256097 -0.00423292 0.00367052 0.00712121 0.0113043 0.00154205
internal_weight=4199 2108 2087 1646 435 2091 1211 146 42 603 1488 402 1065 346 281 144 56 205 1434 173 66 46 107
internal_count=4199 2108 2087 1646 435 2091 1211 146 42 603 1488 402 1065 346 281 144 56 205 1434 173 66 46 107
cat_boundaries=0 1 2 3
cat_threshold=45 32 18
is_linear=0
shrinkage=0.05


Tree=70
num_leaves=24
num_cat=1
split_feature=0 5 8 4 14 9 6 14 14 5 9 14 9 5 4 7 14 9 5 8 15 14 14
split_gain=3.06343 2.7292 2.88551 1.61709 0.99631 0.867294 0.811036 0.750046 0.775165 1.14333 0.816667 0.833333 0.693285 0.669545 0.776316 0.617294 0.608091 0.57554 0.653741 0.67566 0.601186 0.560641 0.553687
threshold=0 0.84175118767219159 1.0000000180025095e-35 1.0000000180025095e-35 28933.703654352354 1.0000000180025095e-35 1.5000000000000002 86445.366152121409 50842.525539355331 0.99972858438040657 21886.336938882338 71939.340859058619 1399.7409091054508 0.64827296193767847 1.0000000180025095e-35 2.5000000000000004 6075.6382742545966 291.85099732180862 0.9728502460798758 1.0000000180025095e-35 49.275676341764047 31346.425854967394 24546.620459988368
decision_type=1 2 2 2 2 2 2 2 2 2 2 2 2 2 2 2 2 2 2 2 2 2 2
left_child=17 5 3 12 -4 13 7 8 21 -10 11 -11 16 -2 22 -9 -3 18 -1 -20 -21 -6 -15
right_child=1 2 4 -5 6 -7 -8 15 9 10 -12 -13 -14 14 -16 -17 -18 -19 19 20 -22 -23 -24
leaf_value=-0.51633931043839409 -0.37780258799167044 0.11869112485703455 -0.009230061261586325 -0.19509117234539114 1.1327110917955305 -0.27292181287867634 0.099283969757453822 -0.02587055410276691 -0.013199682945247683 0.22858469644804363 0.10776370186634979 0.0027736252789084983 -0.027347180040094184 0.16197073264139472 -0.48561548437494734 0.091050279871387585 0.015986056152764921 -0.53204209001409086 -0.03297185915480063 -0.13141159044039283 0.17079350367802956 0.00077663929819517979 0.017737851777189794
leaf_weight=127 82 30 126 526 20 682 50 96 25 40 20 20 737 27 49 90 395 730 110 23 22 95 77
leaf_count=127 82 30 126 526 20 682 50 96 25 40 20 20 737 27 49 90 395 730 110 23 22 95 77
internal_value=-0.00183258 -0.00105881 -0.00013216 -0.00117891 0.00290378 -0.00336423 0.00399123 0.00325123 0.00522727 0.00833333 0.01125 0.00833333 -0.000137695 -0.000744682 0.00120915 0.000913977 0.00147059 -0.00421722 -0.00234043 -0.000161292 0.005 0.0023913 0.00365384
internal_weight=4199 3187 2270 1688 582 917 456 406 220 105 80 60 1162 235 153 186 425 1012 282 155 45 115 104
internal_count=4199 3187 2270 1688 582 917 456 406 220 105 80 60 1162 235 153 186 425 1012 282 155 45 115 104
cat_boundaries=0 1
cat_threshold=130
is_linear=0
shrinkage=0.05


Tree=71
num_leaves=24
num_cat=3
split_feature=0 5 0 8 5 9 7 36 11 17 15 15 36 15 17 8 11 2 19 2 8 1 5
split_gain=3.37907 2.03901 2.0011 2.16049 1.3978 0.916709 0.826997 0.760381 0.892861 1.1522 0.735301 1.88318 0.717723 0.691026 0.68585 0.667041 0.590443 0.620685 1.10606 0.576261 0.526093 0.597931 0.519443
threshold=0 0.86354054545950343 1 1.0000000180025095e-35 0.99972858438040657 291.85099732180862 2.5000000000000004 0.5658984978899283 0.11609778888688695 73.879583333333343 92.339236490702334 112.56469782915184 0.23011400373765206 132.58468279405687 73.879583333333343 1.5000000000000002 0.4655080855382781 2033.5000000000002 1.0000000180025095e-35 2027.5000000000002 1.0000000180025095e-35 2 1.084337575140127
decision_type=1 2 1 2 2 2 2 2 2 2 2 2 2 2 2 2 2 2 2 2 2 1 2
left_child=4 -2 5 16 6 20 19 8 10 -10 -6 -12 15 -13 -8 -5 -4 -18 -19 -1 -3 -22 -17
right_child=1 2 3 12 7 -7 14 -9 9 -11 11 13 -14 -15 -16 22 17 18 -20 -21 21 -23 -24
leaf_value=0.020507988366405727 -0.25851246520312399 -0.088805264810780396 -0.074715845764710687 0.0020391477635640812 0.00083769487472181651 -0.44476282647108212 -0.052469497366004841 -0.16735614086319156 0.44720181960534638 0.10584693674852902 0.22910229533420343 -0.031530321311680237 0.90696977498384579 0.092427341631063656 0.16436416991060082 0.055438326617258386 -0.02399447184332083 0.11015450576664838 0.0040801497478523225 -0.036871772656127171 -0.056083960534189216 0.13686200455023892 0.048917915476681742
leaf_weight=33 1144 139 945 339 108 509 24 20 32 47 23 22 26 30 25 50 207 23 159 183 29 25 57
leaf_count=33 1144 139 945 339 108 509 24 20 32 47 23 22 26 30 25 50 207 23 159 183 29 25 57
internal_value=-0.00173732 -0.00228291 -0.00149123 -0.000594715 0.00191203 -0.00373596 -0.000660379 0.00439716 0.0051145 0.00955696 0.00319672 0.007 0.00230932 0.00173077 0.00520408 0.00183856 -0.00162669 1.28523e-05 0.00214286 -0.00199074 -0.000854923 0.00333333 0.00528037
internal_weight=4199 3652 2508 1806 547 702 265 282 262 79 183 75 472 52 49 446 1334 389 182 216 193 54 107
internal_count=4199 3652 2508 1806 547 702 265 282 262 79 183 75 472 52 49 446 1334 389 182 216 193 54 107
cat_boundaries=0 1 2 3
cat_threshold=32 130 2
is_linear=0
shrinkage=0.05


Tree=72
num_leaves=24
num_cat=3
split_feature=0 5 8 4 4 9 0 5 6 14 14 11 5 5 5 14 5 14 9 5 1 14 3
split_gain=3.73222 2.02963 1.88164 1.43285 1.09149 1.24798 1.016 1.31451 0.792491 0.772301 1.04413 1.45191 1.10107 1.19 0.754037 0.964934 0.704773 0.63944 0.580363 1.20441 0.900486 0.579649 0.575514
threshold=0 0.68614658175646159 1.0000000180025095e-35 1.0000000180025095e-35 1.0000000180025095e-35 891.54889113735419 1 1.0205400194928897 1.5000000000000002 137152.44201188805 23020.48650124203 0.0011970769294041516 1.3071767882018717 0.81700912784608037 1.232385959691737 32201.375271826666 1.3771122059273162 62457.191132181797 638.36927651137228 0.94803883727286387 2 110052.16701086449 1.0000000180025095e-35
decision_type=1 2 2 2 2 2 1 2 2 2 2 2 2 2 2 2 2 2 2 2 1 2 2
left_child=1 -1 3 18 5 6 -2 -8 16 10 -4 -12 13 -13 -5 -16 -7 -15 -3 -20 21 -21 -18
right_child=4 2 9 14 -6 8 7 -9 -10 -11 11 12 -14 17 15 -17 22 -19 19 20 -22 -23 -24
leaf_value=-0.34206576008041018 -0.48103271516465773 0.051769206458783357 -0.011302231434418681 -0.24916635337386414 -0.89444293986977963 -0.21059277803941631 -0.016348496039036913 0.08413981029908485 0.033894404431885794 -0.011703612606102105 0.017873498721700031 0.1531336690378948 0.61038015035978899 0.061596954530146977 0.040985637289904821 -0.018635238934851219 0.039452649724519367 0.18100462860319985 -0.10534188751801393 0.018179160158938275 -0.013008336415313371 0.075048958331550217 -0.089262409039616658
leaf_weight=274 119 292 79 335 627 857 192 169 33 74 184 22 20 55 30 74 61 37 215 167 206 44 33
leaf_count=274 119 292 79 335 627 857 192 169 33 74 184 22 20 55 30 74 61 37 215 167 206 44 33
internal_value=-0.00174923 -0.000254959 0.00034351 -0.000597947 -0.00323894 -0.00250683 -0.000416668 0.000929918 -0.00352642 0.00306794 0.00394206 0.00522012 0.0091791 0.0072807 -0.00294989 0.00076923 -0.00379075 0.00478261 0.000519479 -0.00033228 0.00123501 0.0035308 0.000319148
internal_weight=4199 2108 1834 1363 2091 1464 480 361 984 471 397 318 134 114 439 104 951 92 924 632 417 211 94
internal_count=4199 2108 1834 1363 2091 1464 480 361 984 471 397 318 134 114 439 104 951 92 924 632 417 211 94
cat_boundaries=0 1 2 3
cat_threshold=45 128 1
is_linear=0
shrinkage=0.05


Tree=73
num_leaves=24
num_cat=3
split_feature=0 4 4 11 34 8 8 0 36 14 14 7 8 9 0 11 9 9 9 14 9 9 15
split_gain=2.99584 1.37071 1.21438 1.70879 1.18697 1.1481 1.1203 1.24463 0.957823 0.774055 1.7047 0.73776 0.689691 0.532636 0.532501 0.557735 0.490809 0.4 0.373335 0.407867 0.357385 0.295093 0.354718
threshold=0 1.0000000180025095e-35 1.0000000180025095e-35 1.6473784493070733 1.0000000180025095e-35 1.5000000000000002 1.0000000180025095e-35 1 1.1525253873296164 82905.803049356924 41755.223369337727 1.5000000000000002 1.5000000000000002 560.01526112040051 2 1.041544165322313 176.74219751136937 31.520653186837865 891.54889113735419 152534.41816955732 34742.075365666293 48337.525051192475 24.812388260590357
decision_type=1 2 2 2 2 2 2 1 2 2 2 2 2 2 1 2 2 2 2 2 2 2 2
left_child=1 4 3 6 5 8 18 12 14 10 -7 -3 -8 -13 15 21 -9 -10 19 -2 -15 22 -1
right_child=2 11 -4 -5 -6 9 7 16 17 -11 -12 13 -14 20 -16 -17 -18 -19 -20 -21 -22 -23 -24
leaf_value=-0.092123662948312868 -0.092047245905602829 -0.18188524545780549 -0.84972079287629088 0.1269261754274455 0.10859562952260922 0.036149316688119944 0.0082363249910774473 0.11304187163817364 1.7005866029056911 -0.027433112122441573 0.1615938663575758 0.040135393032555346 0.035352120048241745 -0.067654234064977323 -0.013342552202574746 0.15974011009484435 -0.27946905300938052 0.20594642096640961 -0.23166417373714179 0.042597405521165178 0.0088923481320060168 -0.065912236506715502 0.023454594336360546
leaf_weight=20 270 426 627 45 20 31 161 37 20 26 25 79 42 128 964 21 151 20 719 39 41 34 253
leaf_count=20 270 426 627 45 20 31 161 37 20 26 25 79 42 128 964 21 151 20 719 39 41 34 253
internal_value=-0.00180877 -0.000467423 -0.00314374 -0.00237022 0.000404462 0.000233379 -0.00267442 -0.000396421 -0.000120121 0.00597561 0.00928571 -0.00232938 0.00227699 -0.000161292 -0.000356038 0.00136095 -0.00323232 0.0075 -0.00354086 -0.00208738 -0.00174556 0.000863191 0.00141026
internal_weight=4199 2108 2091 1464 1434 1414 1419 391 1332 82 56 674 203 248 1292 328 188 40 1028 309 169 307 273
internal_count=4199 2108 2091 1464 1434 1414 1419 391 1332 82 56 674 203 248 1292 328 188 40 1028 309 169 307 273
cat_boundaries=0 1 2 3
cat_threshold=45 80 32
is_linear=0
shrinkage=0.05


Tree=74
num_leaves=24
num_cat=2
split_feature=0 5 4 34 8 0 5 7 11 9 5 4 14 9 5 4 8 5 15 14 9 5 16
split_gain=2.93341 2.53108 1.74561 2.24611 1.52705 1.51275 1.77521 1.22042 1.10353 0.696499 0.676082 0.909369 0.970576 0.6478 0.61135 0.675062 1.03772 0.519393 0.496517 0.801995 0.464148 0.440434 0.982536
threshold=0 0.84175118767219159 1.0000000180025095e-35 1.0000000180025095e-35 1.5000000000000002 1 1.040856504656215 1.5000000000000002 1.1643012449630146 581.24256917423725 0.64337206274225478 1.0000000180025095e-35 13749.0375045001 560.01526112040051 0.9728502460798758 1.0000000180025095e-35 1.0000000180025095e-35 1.2416095059357677 50.088571606573716 86975.927684141003 319.99629709843435 1.2553521696088608 2.1729166666666671
decision_type=1 2 2 2 2 1 2 2 2 2 2 2 2 2 2 2 2 2 2 2 2 2 2
left_child=13 9 3 4 21 6 -4 17 20 10 -2 12 -12 14 -1 16 -16 -8 -6 -20 -7 -3 -23
right_child=1 2 5 -5 18 8 7 -9 -10 -11 11 -13 -14 -15 15 -17 -18 -19 19 -21 -22 22 -24
leaf_value=-0.42238372419830617 -0.4124584953669273 -0.0025451060097943078 -0.11398993088509268 0.08363028963218376 0.026980047924984554 -0.034128465106771193 -0.16682410355681629 0.20571775389440694 0.033796997159284435 -0.24782293473160816 0.19444100056153935 -0.43855661640174182 0.0052925466367962498 -0.47199002142633378 -0.008501333275215104 -0.8026480824817338 0.16576595048907719 0.014916444493438638 0.45693725075206637 0.074260184537547028 -0.34135112821724656 0.05466311065137533 -0.025506638624474699
leaf_weight=136 99 1068 56 20 34 133 29 29 33 631 23 64 100 713 84 49 30 22 29 24 413 270 110
leaf_count=136 99 1068 56 20 34 133 29 29 33 631 23 64 100 713 84 49 30 22 29 24 413 270 110
internal_value=-0.00173732 -0.000980608 -8.81069e-05 0.000852089 0.000635178 -0.00213287 0.00253425 0.0075 -0.00321732 -0.00320066 -0.00115385 0.000614972 0.00313008 -0.00407045 -0.00215719 -9.20257e-05 0.00201754 0.00284314 0.00706896 0.0100943 -0.00380953 0.000248618 0.00171053
internal_weight=4199 3187 2270 1555 1535 715 136 80 579 917 286 187 123 1012 299 163 114 51 87 53 546 1448 380
internal_count=4199 3187 2270 1555 1535 715 136 80 579 917 286 187 123 1012 299 163 114 51 87 53 546 1448 380
cat_boundaries=0 1 2
cat_threshold=130 32
is_linear=0
shrinkage=0.05


Tree=75
num_leaves=24
num_cat=3
split_feature=0 8 34 11 14 14 14 4 8 0 4 11 0 2 9 9 9 6 14 2 9 2 14
split_gain=3.21462 1.33136 1.20144 1.18713 0.929035 1.43453 2.15694 0.883936 0.965606 0.938597 0.795797 0.686905 0.78411 0.625061 0.498668 0.441527 0.391503 0.617622 0.416533 0.443092 0.908864 0.583333 0.412668
threshold=0 1.5000000000000002 1.0000000180025095e-35 1.6473784493070733 15617.993554179864 85397.114327618969 55469.806162322922 1.0000000180025095e-35 1.0000000180025095e-35 1 1.0000000180025095e-35 1.1643012449630146 2 2032.5000000000002 891.54889113735419 176.74219751136937 3046.0774112961449 1.0000000180025095e-35 85397.114327618969 2034.5000000000002 58109.353663799913 2037.5000000000002 142937.22037942099
decision_type=1 2 2 2 2 2 2 2 2 1 2 2 1 2 2 2 2 2 2 2 2 2 2
left_child=1 2 10 7 -3 6 -6 8 14 -10 16 12 -12 -5 -2 -11 22 18 -18 -20 21 -21 -1
right_child=3 4 -4 13 5 -7 -8 -9 9 15 11 -13 -14 -15 -16 -17 17 -19 19 20 -22 -23 -24
leaf_value=0.02179739829945735 -0.050846248990776943 -0.16404403908662346 0.09972264500526036 -0.05806457655945544 0.060273302043234847 -0.025300089631680168 0.12931235064066851 -0.83282086512072628 0.0096523126322967598 0.099101480531811212 0.0036819129292473222 0.021798429265438915 -0.22671252806640002 0.21718997971690995 -0.22024185746602387 -0.24189609928759476 -0.058164226394739373 0.043272999146402744 -0.042599046262558816 0.21425055253060768 -0.084188031124619034 0.0004882373134549781 -0.029863745981147008
leaf_weight=540 309 22 27 30 47 46 23 608 203 37 158 38 415 34 719 151 358 105 159 27 26 36 81
leaf_count=540 309 22 27 30 47 46 23 608 203 37 158 38 415 34 719 151 358 105 159 27 26 36 81
internal_value=-0.0017135 -0.00032578 -0.0006599 -0.00309615 0.00442029 0.0062069 0.0107143 -0.00332265 -0.00263918 -0.000524298 -0.000805457 -0.00229951 -0.00273124 0.00359375 -0.00344358 -0.0029798 -0.000120121 -0.000921239 -0.00153465 4.03214e-05 0.00286517 0.00611111 0.0007971
internal_weight=4199 2108 1970 2091 138 116 70 2027 1419 391 1943 611 573 64 1028 188 1332 711 606 248 89 63 621
internal_count=4199 2108 1970 2091 138 116 70 2027 1419 391 1943 611 573 64 1028 188 1332 711 606 248 89 63 621
cat_boundaries=0 1 2 3
cat_threshold=45 80 32
is_linear=0
shrinkage=0.05


Tree=76
num_leaves=24
num_cat=2
split_feature=0 5 7 5 4 0 11 8 16 4 6 5 14 11 9 4 5 2 5 3 2 2 15
split_gain=3.27036 1.81485 1.49053 1.31754 1.4741 1.52748 1.40762 1.30249 1.34593 1.02107 1.14187 1.01293 0.938915 0.895491 0.761905 0.779936 0.722163 0.81552 0.636253 0.654971 0.634921 1.57357 0.628882
threshold=0 0.938622391824802 2.5000000000000004 1.0205400194928897 1.0000000180025095e-35 1 0.17536905042250076 1.0000000180025095e-35 1.4758333333333338 1.0000000180025095e-35 1.0000000180025095e-35 1.5935673327094293 112889.48693964437 1.0215050346234318 2180.1414509187912 1.0000000180025095e-35 0.60620533040346569 2036.5000000000002 1.3771122059273162 1.0000000180025095e-35 2030.5000000000002 2028.5000000000002 26.190656645233041
decision_type=1 2 2 2 2 1 2 2 2 2 2 2 2 2 2 2 2 2 2 2 2 2 2
left_child=1 2 14 -2 5 -5 7 18 -9 10 -4 13 -12 -3 15 16 -1 -18 -7 -20 21 -8 -22
right_child=3 11 9 4 -6 6 20 8 -10 -11 12 -13 -14 -15 -16 -17 17 -19 19 -21 22 -23 -24
leaf_value=-0.45703535479549817 -0.30329841203061414 0.0010904665911529957 -0.0035496754110715409 -0.68765193883552433 -0.53479455949112775 -0.11475186548288681 0.020052969677175965 0.066247523187397711 -0.0072202869112264409 -0.28334148534190051 0.1329429930183936 0.46127890916039438 -0.00038149162995937267 0.13908629383132684 -0.20040398965563797 -0.3730986416164726 0.001537838581618603 0.067487279804856401 0.045609747436440327 -0.090557017306171467 0.063373486463547027 0.45629214198960694 -0.0044403428021428538
leaf_weight=46 1091 1097 53 161 287 226 40 36 65 57 35 40 22 104 400 92 120 42 36 21 36 23 69
leaf_count=46 1091 1097 53 161 287 226 40 36 65 57 35 40 22 104 400 92 120 42 36 21 36 23 69
internal_value=-0.0017016 -0.000302173 -0.00205882 -0.00309615 -0.0018 -0.000582049 0.000693949 -0.000963543 0.00391089 0.00218563 0.005 0.000922642 0.00991228 0.000661947 -0.00307143 -0.00116667 0.000528845 0.00209876 -0.00270318 0.00201754 0.00452381 0.00849206 0.00214286
internal_weight=4199 2108 867 2091 1000 713 552 384 101 167 110 1241 57 1201 700 300 208 162 283 57 168 63 105
internal_count=4199 2108 867 2091 1000 713 552 384 101 167 110 1241 57 1201 700 300 208 162 283 57 168 63 105
cat_boundaries=0 1 2
cat_threshold=45 128
is_linear=0
shrinkage=0.05


Tree=77
num_leaves=24
num_cat=5
split_feature=0 8 5 4 5 0 11 4 11 5 14 5 5 0 7 16 5 15 1 11 14 0 5
split_gain=3.05303 3.31669 2.27895 1.34796 1.16162 1.23293 1.10962 1.03688 0.94073 0.90121 0.743345 0.626958 0.708176 0.511517 0.634342 0.619267 0.508736 0.760816 1.04786 1.66419 0.876152 0.525031 0.539718
threshold=0 1.5000000000000002 0.84175118767219159 1.0000000180025095e-35 1.2070788346600592 1 0.9984092495684993 1.0000000180025095e-35 1.6473784493070733 0.96426533895968825 2259.3593459485278 1.084337575140127 0.87316366926095168 2 1.5000000000000002 2.1729166666666671 1.2485015017600369 63.018471646829688 3 0.51719316083448497 35506.820326091758 4 0.98375327317343808
decision_type=1 2 2 2 2 1 2 2 2 2 2 2 2 1 2 2 2 2 1 2 2 1 2
left_child=8 2 -2 10 -5 -6 7 11 -1 -8 -4 12 -3 15 16 -12 21 18 -18 20 -20 22 -15
right_child=1 6 3 4 5 -7 9 -9 -10 -11 13 -13 -14 14 -16 -17 17 -19 19 -21 -22 -23 -24
leaf_value=-0.34527120920581339 -0.18101391025365701 0.019224526619134898 0.080594430961904495 -0.19073338561526856 0.051177840234065769 -0.19746882566988644 0.1154391416573835 -0.076598440836432871 0.050250247275510487 0.7424430952908041 0.081354606417624306 -0.00334567138750177 0.051506737462484686 0.028648198912620583 0.02469159393388869 -0.028521491102064214 -0.026414557953165503 -0.017434569189875754 0.042059802333579754 -0.057627077195351463 0.20799897692165403 -0.08645642230723069 -0.018285109424456669
leaf_weight=980 854 32 20 444 109 111 32 56 32 23 179 34 27 130 317 63 33 119 25 27 31 267 254
leaf_count=980 854 32 20 444 109 111 32 56 32 23 179 34 27 130 317 63 33 119 25 27 31 267 254
internal_value=-0.00164206 -0.00087113 -0.00129568 -0.000420386 -0.00228916 0.000681817 0.00529412 0.00305369 -0.00402153 0.0113636 0.00042662 0.00629032 0.00940678 0.000294116 -0.000136028 0.00234127 -0.000823929 0.00117021 0.00405172 0.00704819 0.0119643 -0.00154378 -0.00030457
internal_weight=4199 3187 2983 2129 664 220 204 149 1012 55 1465 93 59 1445 1203 242 886 235 116 83 56 651 384
internal_count=4199 3187 2983 2129 664 220 204 149 1012 55 1465 93 59 1445 1203 242 886 235 116 83 56 651 384
cat_boundaries=0 1 2 3 4 5
cat_threshold=130 41 32 4 13
is_linear=0
shrinkage=0.05


Tree=78
num_leaves=24
num_cat=3
split_feature=8 0 0 5 8 5 14 9 9 5 4 4 5 11 5 9 4 2 5 5 6 0 5
split_gain=2.86796 1.94074 1.73959 1.36236 1.31536 0.939898 0.96301 1.50813 0.889848 0.891268 1.23934 0.806977 1.24062 0.779819 0.77892 1.10592 1.25007 0.775612 0.731863 0.621722 0.568182 0.486136 0.947469
threshold=1.0000000180025095e-35 0 1 0.77176796094750444 1.5000000000000002 0.64827296193767847 115053.27111198664 1.0000000180025095e-35 1158.0435319263895 0.89631661730230283 1.0000000180025095e-35 1.0000000180025095e-35 1.4854173152328105 1.1643012449630146 1.0062036727854309 891.54889113735419 1.0000000180025095e-35 2034.5000000000002 0.71283530371631154 1.084337575140127 1.0000000180025095e-35 2 1.1016024789624379
decision_type=2 1 1 2 2 2 2 2 2 2 2 2 2 2 2 2 2 2 2 2 2 1 2
left_child=1 3 8 -1 18 -6 7 -7 9 -2 -11 -5 13 21 -3 16 -16 19 -4 20 -9 22 -13
right_child=2 14 4 11 5 6 -8 17 -10 10 -12 12 -14 -15 15 -17 -18 -19 -20 -21 -22 -23 -24
leaf_value=-0.26592377482497842 -0.30707491135343407 -0.37717236727599235 -0.16950155342947318 0.0053531497200768972 -0.51604952557335249 0.34387662704992039 -0.032974143299716548 0.021265143095520665 -0.27776875345149205 0.12738814318598585 -0.64023631281267379 -0.18784430084346296 0.049555933146841404 0.024044576605117711 0.018243891136820952 -0.15445074017451543 -0.27070537277233186 -0.032088738095545001 0.007511201671470698 0.013926789361164996 0.063543348178945844 -0.29218490755890725 0.077025337474171285
leaf_weight=327 37 761 106 832 20 36 42 22 191 40 21 62 20 22 158 519 73 35 528 27 22 255 43
leaf_count=327 37 761 106 832 20 36 42 22 191 40 21 62 20 22 158 519 73 35 528 27 22 255 43
internal_value=-0.00152298 -0.00231445 0.000634426 -0.00105347 0.00178066 0.00529412 0.00641304 0.00838028 -0.00265886 0.00112245 0.00483606 -0.000299839 -0.0021393 -0.00277487 -0.00358646 -0.00246667 0.000411254 0.00537736 0.000678232 0.00838028 0.0120455 -0.00333333 -0.000217392
internal_weight=4199 3072 1127 1561 838 204 184 142 289 98 61 1234 402 382 1511 750 231 106 634 71 44 360 105
internal_count=4199 3072 1127 1561 838 204 184 142 289 98 61 1234 402 382 1511 750 231 106 634 71 44 360 105
cat_boundaries=0 1 2 3
cat_threshold=45 130 32
is_linear=0
shrinkage=0.05


Tree=79
num_leaves=24
num_cat=5
split_feature=0 8 5 4 9 11 5 0 5 15 4 5 8 0 5 7 9 11 15 1 5 6 1
split_gain=2.73722 2.68758 2.03048 1.67871 1.5823 1.11683 1.1036 1.0832 1.86706 1.25108 0.998968 0.95252 1.0082 0.840302 0.683775 1.07781 1.31183 0.676379 0.648649 0.824176 0.598381 0.597948 0.544639
threshold=0 1.5000000000000002 1.1374106219301641 1.0000000180025095e-35 1052.2011204692233 0.33026535812080277 0.60620533040346569 1 0.98074084135780404 61.954621471257603 1.0000000180025095e-35 0.77176796094750444 1.0000000180025095e-35 2 0.98854811158597589 1.0000000180025095e-35 94.441341575564124 1.288269968247705 50.088571606573716 3 0.80526734759815788 1.5000000000000002 4
decision_type=1 2 2 2 2 2 2 1 2 2 2 2 2 1 2 2 2 2 2 1 2 2 1
left_child=5 2 3 4 6 -1 -2 8 -7 -10 18 -6 13 22 15 -8 20 21 19 -3 -17 -4 -13
right_child=1 10 17 -5 11 7 14 -9 9 -11 -12 12 -14 -15 -16 16 -18 -19 -20 -21 -22 -23 -24
leaf_value=-0.41259362016894285 -0.43322432039373188 -0.01940897075317894 0.0018275896818673986 -0.30600499247296042 -0.24329409916520059 -0.21227150650099078 0.021768948189909071 -0.47805119771947907 0.012699810296479777 0.12439736592589908 -0.0039225566607435708 0.037717995385894744 0.01087274206173406 -0.14374824258295041 -0.0071485078653853121 0.041978056419533484 0.03158276517485898 0.20634236551750981 0.11678093363136731 0.052811786040703856 0.0094096537134527435 0.04562442156083326 -0.021083228716439306
leaf_weight=706 63 26 883 619 293 64 165 165 44 33 76 88 120 336 142 44 28 36 74 28 59 33 74
leaf_count=706 63 26 883 619 293 64 165 165 44 33 76 88 120 336 142 44 28 36 74 28 59 33 74
internal_value=-0.00147535 -0.000746013 -0.00112806 -0.00202117 -0.00106941 -0.00372799 0.00118762 -0.00124183 0.00195364 0.00733766 0.00480392 -0.00231065 -0.00119741 -0.00218876 0.00207762 0.00344594 0.00683206 0.00077731 0.0075 0.00333333 0.0042233 0.000513099 0.000813952
internal_weight=4199 3187 2983 2031 1412 1012 501 306 141 77 204 911 618 498 438 296 131 952 128 54 103 916 162
internal_count=4199 3187 2983 2031 1412 1012 501 306 141 77 204 911 618 498 438 296 131 952 128 54 103 916 162
cat_boundaries=0 1 2 3 4 5
cat_threshold=130 2 33 2 1
is_linear=0
shrinkage=0.05


Tree=80
num_leaves=24
num_cat=4
split_feature=0 8 5 5 11 11 4 8 5 4 0 4 9 15 15 9 16 5 15 1 9 0 5
split_gain=2.73979 2.53009 2.05326 1.19393 0.997364 0.886442 0.8483 1.00711 0.937524 0.772531 0.722119 0.920232 0.862694 0.638175 0.836894 0.614592 0.611266 0.572217 0.518116 0.809502 0.506509 0.815443 1.41723
threshold=0 1.0000000180025095e-35 1.1016024789624379 0.61287064589900508 0.36632641747065203 1.6473784493070733 1.0000000180025095e-35 1.5000000000000002 1.0566613915605825 1.0000000180025095e-35 1 1.0000000180025095e-35 1460.1975436730629 54.715796972461256 118.52163910420488 70.861480953857779 2.1729166666666671 0.95125794861024027 73.532143063359925 2 1158.0435319263895 3 1.0471804065065857
decision_type=1 2 2 2 2 2 2 2 2 2 1 2 2 2 2 2 2 2 2 1 2 1 2
left_child=5 2 4 -3 -2 20 7 -5 -8 -6 12 16 -4 17 -15 -13 -12 -9 -10 -20 21 22 -1
right_child=1 3 10 6 9 -7 8 13 18 -11 11 15 -14 14 -16 -17 -18 -19 19 -21 -22 -23 -24
leaf_value=-0.16645078827565984 -0.15315485727488137 -0.44309603465247244 0.13932978557352235 0.010647369015599218 0.0053785661801622909 0.04714261425039748 -0.21936920587572986 0.058984657256179351 -0.0096996958680879448 -0.15436137464646327 0.02152809618384488 0.013495882029008144 0.0010783881710247382 0.19155142273228956 0.0012217510594864978 -0.34816900136520629 -0.024702038351857882 -0.0054110341698890684 0.071186420486776439 0.23397104863963927 -0.39320860718277806 -0.57289761703243491 0.05931368894018705
leaf_weight=84 1005 64 61 418 328 32 124 21 56 160 357 54 99 47 21 160 125 29 37 21 672 161 63
leaf_count=84 1005 64 61 418 328 32 124 21 56 160 357 54 99 47 21 160 125 29 37 21 672 161 63
internal_value=-0.00152298 -0.000792932 -0.00163687 0.00156324 -0.0027562 -0.00377691 0.00210594 0.00320895 -0.000378152 -0.000901641 0.000315419 -0.000396602 0.00323529 0.00728813 0.0104412 -0.00313084 0.000809127 0.003 0.00289474 0.0062069 -0.00408163 -0.0024026 0.000414012
internal_weight=4199 3187 2349 838 1493 1012 774 536 238 488 856 696 160 118 68 214 482 50 114 58 980 308 147
internal_count=4199 3187 2349 838 1493 1012 774 536 238 488 856 696 160 118 68 214 482 50 114 58 980 308 147
cat_boundaries=0 1 2 3 4
cat_threshold=130 32 1 2
is_linear=0
shrinkage=0.05


Tree=81
num_leaves=24
num_cat=2
split_feature=0 5 11 5 4 0 7 16 11 8 2 11 4 11 2 5 14 5 4 14 14 5 10
split_gain=2.78812 1.87225 1.6818 1.29113 1.46335 1.49666 1.41348 1.59514 1.31078 1.21988 1.05153 0.96462 0.936981 0.84 1.12007 0.750402 0.733276 0.725341 1.21519 0.714188 0.690483 1.41331 0.976449
threshold=0 0.68614658175646159 1.6473784493070733 1.0205400194928897 1.0000000180025095e-35 1 2.5000000000000004 1.4758333333333338 0.33026535812080277 1.0000000180025095e-35 2032.5000000000002 0.30028405860890894 1.0000000180025095e-35 1.0248478723297374 2030.5000000000002 0.94803883727286387 35506.820326091758 0.82555440180009632 1.0000000180025095e-35 28933.703654352354 86445.366152121409 1.2070788346600592 1.0000000180025095e-35
decision_type=1 2 2 2 2 1 2 2 2 2 2 2 2 2 2 2 2 2 2 2 2 2 2
left_child=1 -1 3 -2 5 -5 8 -8 -7 11 -4 12 15 14 -10 -3 -17 18 -11 -19 21 -21 -23
right_child=2 9 10 4 -6 6 7 -9 13 17 -12 -13 -14 -15 -16 16 -18 19 -20 20 -22 22 -24
leaf_value=-0.27692874110600368 -0.27129213681398567 -0.066424099265090089 -0.082562803008609215 -0.59921350500863158 -0.52057462560634771 -0.042242567767587294 0.2146995374774445 0.014505836005682391 0.19176228612305254 0.04238550845295283 0.19234427998610179 0.024514934565023662 -0.29494017571707165 -0.12182596681957525 0.0079405063050698426 -0.023219733667664312 0.034840074383440826 -0.026370679697544253 -0.31381910303416305 0.019956765757715052 0.010195175726925323 0.078591826346793542 1.0012460111134478
leaf_weight=274 1054 213 30 155 279 332 28 58 36 57 34 437 296 21 64 105 312 81 23 120 144 24 22
leaf_count=274 1054 213 30 155 279 332 28 58 36 57 34 437 296 21 64 105 312 81 23 120 144 24 22
internal_value=-0.00152298 -0.000231352 -0.00281057 -0.00307598 -0.00176259 -0.000533142 0.000737704 0.00662791 -0.00036424 0.00034351 0.00515625 -0.000414528 -0.00132829 0.00409091 0.006 -0.000238096 0.000995203 0.00253715 0.006875 0.00164962 0.00274193 0.00493976 0.0123913
internal_weight=4199 2108 2091 2027 973 694 539 86 453 1834 64 1363 926 121 100 630 417 471 80 391 310 166 46
internal_count=4199 2108 2091 2027 973 694 539 86 453 1834 64 1363 926 121 100 630 417 471 80 391 310 166 46
cat_boundaries=0 1 2
cat_threshold=45 128
is_linear=0
shrinkage=0.05


Tree=82
num_leaves=24
num_cat=0
split_feature=11 8 5 5 14 34 16 5 8 5 11 2 5 7 6 5 9 15 2 5 9 9 14
split_gain=2.40058 1.44628 1.35083 1.01598 0.875025 0.754254 0.732462 0.687064 0.627587 0.818435 0.709674 0.85412 0.603514 0.594648 0.549658 0.527698 1.05913 0.530097 0.725045 0.469444 0.459548 0.50643 0.458033
threshold=0.30028405860890894 1.5000000000000002 0.86354054545950343 0.60620533040346569 57546.577040970296 1.0000000180025095e-35 1.756416666666667 1.3730171506729645 1.0000000180025095e-35 1.4854173152328105 1.5806033704343603 2034.5000000000002 1.3869806392842978 2.5000000000000004 1.0000000180025095e-35 1.0062036727854309 94.441341575564124 38.355267274579568 2033.5000000000002 0.72126337994860246 494.282496821179 560.01526112040051 151498.38975148505
decision_type=2 2 2 2 2 2 2 2 2 2 2 2 2 2 2 2 2 2 2 2 2 2 2
left_child=2 3 13 -2 6 7 -3 14 9 10 20 -12 -9 -1 -4 16 -10 -17 -19 -15 22 -22 -5
right_child=1 4 5 8 -6 -7 -8 12 15 -11 11 -13 -14 19 -16 17 -18 18 -20 -21 21 -23 -24
leaf_value=-0.28296577138103624 -0.45162722856999882 -0.07685844320901912 -0.085039231767986737 -0.033098584068208127 0.50489692983152634 0.068468300610103713 0.20006519896191116 0.08630839550392963 0.0074782987941846403 0.13253185576394941 -0.023890013102553259 0.2098652626004136 -0.0071081083944910337 -0.33999655100067594 -0.002039246039465216 -0.048140817425019911 0.04856980878485679 0.23781878116331284 -0.010260950988349163 0.0086547552269599648 0.083950455353523523 -0.069905921675868107 0.011585219686002401
leaf_weight=716 104 34 1391 620 34 32 20 34 81 45 52 29 237 72 292 68 23 44 35 90 21 26 99
leaf_count=716 104 34 1391 620 34 32 20 34 81 45 52 29 237 72 292 68 23 44 35 90 21 26 99
internal_value=-0.00158252 0.000168538 -0.00239874 -0.000268646 0.00636364 -0.00167674 0.00240741 -0.00180143 0.000161854 -0.000459642 -0.000808738 0.00364197 0.000535054 -0.00403189 -0.00217766 0.00237052 0.00509615 0.000442176 0.00322785 -0.0012963 -0.00127937 0.00351064 -0.00159249
internal_weight=4199 1335 2864 1247 88 1986 54 1954 1143 892 847 81 271 878 1683 251 104 147 79 162 766 47 719
internal_count=4199 1335 2864 1247 88 1986 54 1954 1143 892 847 81 271 878 1683 251 104 147 79 162 766 47 719
is_linear=0
shrinkage=0.05


Tree=83
num_leaves=24
num_cat=2
split_feature=0 5 4 4 11 8 11 5 5 5 5 8 14 15 11 11 2 11 15 11 5 5 0
split_gain=3.10615 1.79803 1.57943 1.46819 2.06462 1.25717 1.16458 1.12562 1.11593 0.953726 0.979664 0.798341 0.725098 1.39469 0.667137 0.745393 0.640212 0.630799 0.857143 0.604284 0.640738 0.559648 0.552757
threshold=0 0.64337206274225478 1.0000000180025095e-35 1.0000000180025095e-35 1.99383156967974 1.0000000180025095e-35 0.20285686946586065 1.1742771550500766 1.0471804065065857 0.69592446294074228 1.0062036727854309 1.5000000000000002 82905.803049356924 54.104991964674745 0.17536905042250076 0.79661302075432383 2030.5000000000002 0.9984092495684993 64.699785586228529 0.33026535812080277 0.938622391824802 0.91337345033287376 1
decision_type=1 2 2 2 2 2 2 2 2 2 2 2 2 2 2 2 2 2 2 2 2 2 1
left_child=1 -1 11 4 5 8 21 19 -2 -8 -11 -3 13 -13 22 -16 -12 -9 -19 -4 -21 -7 -10
right_child=3 2 7 -5 -6 6 9 17 14 10 16 12 -14 -15 15 -17 -18 18 -20 20 -22 -23 -24
leaf_value=-0.38720713461990208 -0.25317313482067755 0.0066433760433083 -0.30289728095922452 -0.68449430715862913 0.12807903434329937 -0.20027728939760936 -0.33464382457654485 -0.0027348601392325521 -0.0076454768050414406 0.051119866018834163 0.2755784226241953 0.032596137884941472 -0.015239356441864974 0.29537889089986935 0.047364349895046898 -0.0054186497882663153 -0.021640578391602307 -0.0067548728174241061 0.20938374683495906 -0.13202965723275351 0.03359466979832107 -0.00065454105623724708 -0.30257458885306265
leaf_weight=212 569 1205 287 627 38 91 24 142 181 41 27 31 24 20 24 104 36 21 21 76 69 176 153
leaf_count=212 569 1205 287 627 38 91 24 142 181 41 27 31 24 20 24 104 36 21 21 76 69 176 153
internal_value=-0.00152298 -0.00016053 0.000327003 -0.00288196 -0.00202869 -0.0023352 6.32899e-05 -0.00175325 -0.00325412 0.00398437 0.00605769 0.00132812 0.00633333 0.00970588 -0.00142857 0.00164062 0.00214286 0.00152174 0.00690476 -0.00314815 -0.000517243 -0.00181648 -0.00260479
internal_weight=4199 2108 1896 2091 1464 1426 395 616 1031 128 104 1280 75 51 462 128 63 184 42 432 145 267 334
internal_count=4199 2108 1896 2091 1464 1426 395 616 1031 128 104 1280 75 51 462 128 63 184 42 432 145 267 334
cat_boundaries=0 1 2
cat_threshold=45 80
is_linear=0
shrinkage=0.05


Tree=84
num_leaves=24
num_cat=3
split_feature=0 5 9 8 4 4 0 7 5 0 5 5 5 6 5 7 5 5 9 15 36 2 7
split_gain=2.99852 1.81761 1.56109 1.57531 1.26692 1.23969 1.13841 1.3504 1.09642 1.0742 0.93218 0.857114 0.963105 0.841998 1.31845 0.834834 0.783506 0.72803 0.72467 0.751111 0.709628 0.695119 0.691939
threshold=0 0.64337206274225478 891.54889113735419 1.5000000000000002 1.0000000180025095e-35 1.0000000180025095e-35 1 1.0000000180025095e-35 0.99752892928850623 2 1.0471804065065857 0.8562717732649815 1.2179910055458631 1.0000000180025095e-35 0.88415018194986472 1.5000000000000002 1.3771122059273162 1.3834267317466862 70.861480953857779 73.532143063359925 1.2358611676529414 2037.5000000000002 2.5000000000000004
decision_type=1 2 2 2 2 2 1 2 2 1 2 2 2 2 2 2 2 2 2 2 2 2 2
left_child=1 -1 3 5 13 6 -2 10 -6 15 -8 -9 -13 20 22 17 -4 -10 19 -11 -3 -16 -15
right_child=2 4 16 -5 8 -7 7 11 9 18 -12 12 -14 14 21 -17 -18 -19 -20 -21 -22 -23 -24
leaf_value=-0.36784677788890713 -0.41291253574327103 0.0039742504430186256 -0.19246659906940516 0.096082181515817267 -0.26206013594587546 -0.36197917448227951 -0.13828927631416002 -0.14803139621846725 -0.021491005910453394 -0.0074041218893979056 0.042496938304118041 0.074541035595558344 -0.0067318317951687752 0.0047807988566307344 -0.014542018259549448 0.10382854897491714 -0.0073702221637971608 0.10049786897085067 -0.14893900679306338 0.1867161881366419 2.9703744723561232 0.081446702087022982 0.13722518423778124
leaf_weight=212 112 1041 1265 40 255 200 105 41 98 25 78 84 32 28 111 69 134 22 127 20 25 36 39
leaf_count=212 112 1041 1265 40 255 200 105 41 98 25 78 84 32 28 111 69 134 22 127 20 25 36 39
internal_value=-0.00147535 -0.000136923 -0.00281057 -0.000881504 0.000353374 -0.00147239 -2.21251e-05 0.00142857 -0.00150974 0.000263157 -0.00144809 0.00487261 0.00706896 0.00125 0.00411215 0.00278894 -0.00378485 0.000416665 -0.00252747 0.00277778 0.000675421 0.00146258 0.00992537
internal_weight=4199 2108 2091 692 1896 652 452 340 616 361 183 157 116 1280 214 189 1399 120 172 45 1066 147 67
internal_count=4199 2108 2091 692 1896 652 452 340 616 361 183 157 116 1280 214 189 1399 120 172 45 1066 147 67
cat_boundaries=0 1 2 3
cat_threshold=45 128 40
is_linear=0
shrinkage=0.05


Tree=85
num_leaves=24
num_cat=4
split_feature=0 4 5 7 5 9 6 5 0 5 15 0 5 14 15 0 9 2 15 5 2 17 14
split_gain=3.01145 2.28793 2.22771 1.47139 1.01861 0.827688 0.777551 1.87546 0.759312 1.36584 1.29442 0.687196 1.3898 0.669414 1.38333 1.06362 1.01664 0.951713 0.847971 0.666084 0.663792 0.631138 0.590393
threshold=0 1.0000000180025095e-35 0.71283530371631154 1.5000000000000002 1.2070788346600592 560.01526112040051 1.0000000180025095e-35 1.3153449239505515 1 0.98074084135780404 61.954621471257603 2 1.2070788346600592 41755.223369337727 120.08879158805752 3 19107.502552757313 2028.5000000000002 75.935592130221409 1.4971340844100429 2037.5000000000002 82.258750000000006 65164.141494912372
decision_type=1 2 2 2 2 2 2 2 1 2 2 1 2 2 2 1 2 2 2 2 2 2 2
left_child=5 2 -2 11 -3 8 19 -8 9 -1 -11 12 -4 21 15 17 18 -15 -17 -6 -14 -5 -19
right_child=1 4 3 13 6 -7 7 -9 -10 10 -12 -13 20 14 -16 16 -18 22 -20 -21 -22 -23 -24
leaf_value=-0.17726132647337969 -0.19811128026293753 -0.2313894791036662 -0.093485016722347949 -0.0030554228751883596 -0.047078271062836304 -0.33166777432637762 0.20829051787772346 -0.039610572504536951 -0.39368680591803351 -0.006883628989385434 0.082590319602850293 0.0056046695233646802 0.0095887118850201195 -0.003063356080431975 0.00070428785787497175 0.0090345488958727665 -0.095378696632246671 0.14230765551330479 0.096179322544775805 0.028383990912960906 0.054516654105993094 0.08428143581767053 0.10597477291995233
leaf_weight=63 340 751 309 182 151 713 24 28 162 41 33 830 118 24 130 51 33 41 42 28 23 22 60
leaf_count=63 340 751 309 182 151 713 24 28 162 41 33 830 118 24 130 51 33 41 42 28 23 22 60
internal_value=-0.00146344 -0.000699094 0.000192743 0.000871312 -0.00270876 -0.00382583 0.000194804 0.00557692 -0.00165552 0.00112245 0.00581081 -7.81262e-05 -0.00163044 0.00294872 0.00418635 0.00635458 0.00235294 0.00944444 0.00521505 -0.00136872 0.00244681 0.000637254 0.0123267
internal_weight=4199 3187 2205 1865 982 1012 231 52 299 137 74 1280 450 585 381 251 126 125 93 179 141 204 101
internal_count=4199 3187 2205 1865 982 1012 231 52 299 137 74 1280 450 585 381 251 126 125 93 179 141 204 101
cat_boundaries=0 1 2 3 4
cat_threshold=130 2 80 49
is_linear=0
shrinkage=0.05


Tree=86
num_leaves=24
num_cat=4
split_feature=0 5 4 8 0 5 7 34 9 6 2 0 5 11 0 5 2 5 9 5 7 5 9
split_gain=2.73722 1.98439 1.93025 1.54614 1.2256 1.38284 0.961886 0.941708 0.864774 1.33086 0.727441 1.13309 0.779679 0.725011 0.729934 1.29065 1.01213 0.714099 0.708473 0.662486 0.633783 0.692962 0.586411
threshold=0 0.64337206274225478 1.0000000180025095e-35 1.5000000000000002 1 1.040856504656215 1.5000000000000002 1.0000000180025095e-35 70.861480953857779 1.0000000180025095e-35 2037.5000000000002 2 0.84175118767219159 0.33026535812080277 3 0.98074084135780404 2030.5000000000002 1.3834267317466862 7833.532896451964 0.77583830786226704 1.5000000000000002 1.1943901211755916 4037.04472413953
decision_type=1 2 2 2 1 2 2 2 2 2 2 1 2 2 1 2 2 2 2 2 2 2 2
left_child=13 -2 3 7 5 -4 17 10 9 -6 11 -3 -13 -1 15 -15 -17 -7 19 -12 -14 -22 -21
right_child=1 2 4 -5 8 6 -8 -9 -10 -11 18 12 20 14 -16 16 -18 -19 -20 22 21 -23 -24
leaf_value=-0.32267184644250402 -0.38829440952819871 0.059518335058938387 -0.22318904965485178 0.07610282540880825 -0.080879441947248443 -0.015219617916179391 0.12020329295917759 0.11185806739309 -0.33450829721161601 0.082375275557278471 0.037330449327088545 -0.083630026550522499 -0.021614332965791093 -0.1684906325270516 -0.37607015259853588 0.22987177003610249 -0.0027671937539384215 0.097449575876452574 -0.005311664631891551 0.017665254761104466 0.044710691805589113 -0.011788303912827801 0.078791547788893815
leaf_weight=706 314 239 158 117 122 85 59 28 415 34 24 264 717 64 165 32 45 22 149 165 161 82 32
leaf_count=706 314 239 158 117 122 85 59 28 415 34 24 264 717 64 165 32 45 22 149 165 161 82 32
internal_value=-0.00147535 -0.000746013 -0.000335887 0.000535894 -0.00226257 0.00023952 0.00343373 0.000185383 -0.00362306 -0.000512822 4.63709e-05 -0.000454547 -0.00106969 -0.00372799 -0.00173203 0.000960264 0.00538961 0.000607475 0.00202703 0.00382353 -0.000416668 0.00179012 0.00286802
internal_weight=4199 3187 2873 1978 895 324 166 1861 571 156 1833 1463 1224 1012 306 141 77 107 370 221 960 243 197
internal_count=4199 3187 2873 1978 895 324 166 1861 571 156 1833 1463 1224 1012 306 141 77 107 370 221 960 243 197
cat_boundaries=0 1 2 3 4
cat_threshold=130 40 32 2
is_linear=0
shrinkage=0.05


Tree=87
num_leaves=24
num_cat=0
split_feature=5 8 11 7 4 5 4 5 15 17 15 9 15 9 14 11 14 2 14 7 4 9 16
split_gain=2.12447 1.4149 1.21806 1.14312 0.984322 0.882381 0.823347 0.627301 0.580076 0.746174 0.655185 0.560936 0.495053 0.511853 0.493135 0.471099 0.374006 0.621272 0.368656 1.05997 0.514056 0.510312 0.611375
threshold=0.8453298642714665 1.0000000180025095e-35 1.6473784493070733 2.5000000000000004 1.0000000180025095e-35 0.64337206274225478 1.0000000180025095e-35 1.5531047480642555 120.91722485504575 73.879583333333343 66.903596478305033 560.01526112040051 20.247816125716216 749.72640392734081 2259.3593459485278 1.9004529374725407 10184.249640326083 2036.5000000000002 44703.318845095935 2.5000000000000004 1.0000000180025095e-35 52322.234916612608 1.4758333333333338
decision_type=2 2 2 2 2 2 2 2 2 2 2 2 2 2 2 2 2 2 2 2 2 2 2
left_child=3 4 12 15 14 -5 8 11 9 -7 -11 -6 13 -3 -2 16 17 -1 20 -20 -14 22 -21
right_child=1 2 -4 5 7 6 -8 -9 -10 10 -12 -13 18 -15 -16 -17 -18 -19 19 21 -22 -23 -24
leaf_value=-0.25692582294941385 0.026659112920633634 0.3480225064981004 0.46930683442204657 -0.41760390028665112 -0.017661009528047639 0.0063854925268072753 -0.37378221907028275 0.035660964644829589 -0.0050311564603769086 0.084971263320176571 0.12605830808680304 -0.33649362122330639 0.0035173288421358885 -0.011911976380232843 -0.013604265728234142 0.032375670569616329 -0.22708738363342801 0.036579927435429142 -0.010539442623281143 0.065428133910389735 -0.12760137619295034 -0.03515475493091294 0.024470012184399478
leaf_weight=45 21 26 23 62 209 39 43 26 30 23 21 440 166 27 1492 26 907 22 251 66 83 33 118
leaf_count=45 21 26 23 62 209 39 43 26 30 23 21 440 166 27 1492 26 907 22 251 66 83 33 118
internal_value=-0.00147535 -0.000756459 0.00105296 -0.00323481 -0.00141225 4.58704e-05 0.00205128 -0.003 0.00429203 0.00644578 0.0109091 -0.00330509 0.000714285 0.00537736 -0.000703901 -0.00395 -0.00412731 -0.000522389 0.000369594 0.00119658 -0.00118474 0.00375576 0.00478261
internal_weight=4199 2981 793 1218 2188 218 156 675 113 83 44 649 770 53 1513 1000 974 67 717 468 249 217 184
internal_count=4199 2981 793 1218 2188 218 156 675 113 83 44 649 770 53 1513 1000 974 67 717 468 249 217 184
is_linear=0
shrinkage=0.05


Tree=88
num_leaves=24
num_cat=4
split_feature=0 5 4 11 2 5 0 7 6 11 4 14 14 9 1 4 0 15 14 5 14 15 5
split_gain=3.2165 1.91713 1.49134 1.95474 1.51937 1.45553 1.68077 2.03343 1.29316 1.05898 0.907685 0.802841 1.91902 1.82847 1.02815 0.962843 0.759513 0.83079 0.698188 0.697051 1.39908 0.739647 0.616333
threshold=0 0.64337206274225478 1.0000000180025095e-35 1.6473784493070733 2032.5000000000002 0.91337345033287376 1 1.5000000000000002 1.0000000180025095e-35 0.059682259130781894 1.0000000180025095e-35 45088.504878155632 117661.17119480339 8665.3746601594012 2 1.0000000180025095e-35 3 17.682535482637871 6075.6382742545966 1.0871140789853733 108912.87074516712 57.671785690171546 1.4368553152526682
decision_type=1 2 2 2 2 2 1 2 2 2 2 2 2 2 1 2 1 2 2 2 2 2 2
left_child=1 -1 3 5 -5 -2 -7 -8 9 10 -3 -10 13 14 -13 -16 17 -11 -18 20 21 -9 -12
right_child=2 8 -4 4 -6 6 7 19 11 16 22 12 -14 -15 15 -17 18 -19 -20 -21 -22 -23 -24
leaf_value=-0.30772518676760291 -0.23970706713440493 -0.0010506852677301969 -0.6069349352777369 -0.024656605727688435 0.2808357786574795 -0.53439035962596015 -0.026272916518244694 0.028833794642592194 0.00066178775102614877 3.2840125771277595 -0.2826867156513943 0.13140803731794812 -0.016559935472839904 0.0090735720173309199 0.13754460091354243 0.17595748603204761 0.03960095791089361 0.034258304907536313 -0.014356309689985289 0.021769024491009065 0.061713041571921534 -0.0013447364614984283 0.023115238089299502
leaf_weight=212 505 658 627 23 22 218 478 32 135 31 275 26 84 57 29 22 29 261 269 131 24 31 20
leaf_count=212 505 658 627 23 22 218 478 32 135 31 275 26 84 57 29 22 29 261 269 131 24 31 20
internal_value=-0.00140391 -1.88869e-05 -0.00278677 -0.00192623 0.00833333 -0.00225159 -0.00106127 0.00016997 0.000485231 -0.00013934 -0.00116999 0.0032153 0.00509174 0.00880597 0.0138312 0.00970588 0.00152542 0.00327814 -0.000292209 0.00417431 0.00764368 0.00373016 -0.00347458
internal_weight=4199 2108 2091 1464 45 1419 914 696 1896 1543 953 353 218 134 77 51 590 292 298 218 87 63 295
internal_count=4199 2108 2091 1464 45 1419 914 696 1896 1543 953 353 218 134 77 51 590 292 298 218 87 63 295
cat_boundaries=0 1 2 3 4
cat_threshold=45 128 1 40
is_linear=0
shrinkage=0.05


Tree=89
num_leaves=24
num_cat=3
split_feature=0 7 11 4 11 6 0 14 2 11 15 19 2 14 7 14 0 14 9 15 2 16 14
split_gain=2.94786 2.0328 2.09118 1.60264 0.932162 0.839589 0.680986 0.752844 0.616927 0.580447 0.533356 0.490378 0.577054 0.473434 0.464966 0.438198 0.797665 0.593775 0.533236 1.02309 0.529205 0.534355 0.458009
threshold=0 1.5000000000000002 0.9984092495684993 1.0000000180025095e-35 1.9004529374725407 1.5000000000000002 1 5539.9792550111761 2028.5000000000002 1.6473784493070733 79.177087869923426 1.0000000180025095e-35 2036.5000000000002 85397.114327618969 1.0000000180025095e-35 45088.504878155632 2 126384.68706913943 18668.626442837773 84.451189777756809 2033.5000000000002 2.1729166666666671 29990.947335234971
decision_type=1 2 2 2 2 2 1 2 2 2 2 2 2 2 2 2 1 2 2 2 2 2 2
left_child=9 3 5 4 6 15 -2 -8 10 -1 -4 12 14 -7 -9 20 17 18 19 -17 21 -3 -23
right_child=1 2 8 -5 -6 13 7 11 -10 -11 -12 -13 -14 -15 -16 16 -18 -19 -20 -21 -22 22 -24
leaf_value=-0.23923997700467209 -0.053432535701702089 -0.028094995238921491 -0.066506974556330506 -0.18995605609029245 0.18418682481182444 0.010603849941312924 0.054789067009993191 -0.068291532697646234 0.098905931686223372 0.037436669163277286 0.085834070983170307 -0.0091852892430947346 0.033057437956354012 0.075785261865218098 0.042325994480875012 0.085880556763900662 -0.01446790811002956 -0.028079606253882131 0.11158569590358924 -0.025750062965244049 -0.082888205095452069 0.041657614284299462 -0.031334306990493548
leaf_weight=980 513 92 35 637 37 46 21 61 216 32 22 828 34 31 21 32 293 26 36 33 131 20 22
leaf_count=980 513 92 35 637 37 46 21 61 216 32 22 828 34 31 21 32 293 26 36 33 131 20 22
internal_value=-0.00143963 -0.000683454 0.00113526 -0.00156134 -0.000676569 -0.000209975 -0.000872802 -7.69243e-05 0.00489011 -0.00377691 0.000263157 -0.000286018 0.00275862 0.00474026 0.000487804 -0.000766425 0.000238094 0.00339416 0.00539604 0.00269231 -0.00235849 -0.000149255 0.00452381
internal_weight=4199 3187 1035 2152 1515 762 1478 965 273 1012 57 944 116 77 82 685 420 127 101 65 265 134 42
internal_count=4199 3187 1035 2152 1515 762 1478 965 273 1012 57 944 116 77 82 685 420 127 101 65 265 134 42
cat_boundaries=0 1 2 3
cat_threshold=130 80 33
is_linear=0
shrinkage=0.05


Tree=90
num_leaves=24
num_cat=0
split_feature=11 5 4 5 7 5 7 5 5 15 4 2 15 7 5 15 5 2 14 15 5 9 17
split_gain=2.35918 1.65087 1.37275 1.16526 0.975691 0.738398 0.600045 0.573009 0.676747 0.868718 0.524535 0.470477 0.60302 0.809566 1.02243 0.632318 1.20859 0.573716 0.44014 0.439547 0.421491 0.692952 1.30645
threshold=0.30028405860890894 0.9297071399625868 1.0000000180025095e-35 0.60620533040346569 1.0000000180025095e-35 0.70059082524422223 2.5000000000000004 1.0871140789853733 1.1393490278976233 140.63016145694462 1.0000000180025095e-35 2026.5000000000002 44.53170661205376 2.5000000000000004 1.2994426869863489 118.52163910420488 0.98661854419696859 2033.5000000000002 40751.239959659339 85.381981517116529 0.72126337994860246 25607.930157639341 74.884166666666673
decision_type=2 2 2 2 2 2 2 2 2 2 2 2 2 2 2 2 2 2 2 2 2 2 2
left_child=1 6 -3 -2 7 -6 -1 -5 19 -10 20 -7 18 14 17 16 -15 -14 -13 -9 -8 22 -22
right_child=3 2 -4 4 5 11 10 8 9 -11 -12 12 13 15 -16 -17 -18 -19 -20 -21 21 -23 -24
leaf_value=-0.20662290507796613 -0.37825215709983318 -0.0027192555403974888 -0.19461978897383891 -0.032756435579483482 0.066307772721692138 -0.05900135628637914 -0.13491011373171172 0.071761905115125146 -0.0066495378957834861 0.19927863795040227 -0.41781301775322605 0.019321652101641218 0.026866552703273802 0.10701783199605015 0.32998177493017167 0.0023830382699696439 0.22177480144376555 -0.026797347527424822 -0.048837895628219857 0.015834796640047475 -0.003040440850754068 -0.042913524564058531 0.044334315061799946
leaf_weight=915 111 1197 555 387 35 37 40 20 175 20 62 190 83 28 20 35 33 80 60 21 31 33 31
leaf_count=915 111 1197 555 387 35 37 40 20 175 20 62 190 83 28 20 35 33 80 60 21 31 33 31
internal_value=-0.00138009 -0.00218925 -0.00123288 0.000355804 0.000800652 0.00223794 -0.00369604 -0.000585876 0.00135593 0.000128204 -0.00119289 0.00180212 0.00218336 0.00378136 0.0018306 0.0075 0.0105738 0.000521471 0.000399999 0.00719512 0.000555554 0.00236842 0.00548387
internal_weight=4199 2864 1752 1335 1224 601 1112 623 236 195 197 566 529 279 183 96 61 163 250 41 135 95 62
internal_count=4199 2864 1752 1335 1224 601 1112 623 236 195 197 566 529 279 183 96 61 163 250 41 135 95 62
is_linear=0
shrinkage=0.05


Tree=91
num_leaves=24
num_cat=3
split_feature=0 5 8 4 5 9 8 5 4 0 15 14 14 5 9 14 11 15 2 0 5 14 11
split_gain=2.87944 2.03477 1.84335 1.33107 1.34252 0.692523 0.838968 1.05538 1.54275 0.655197 0.942685 1.1193 1.22799 0.91044 0.946593 0.681818 0.632919 0.589687 0.56965 0.542747 1.27492 0.5236 0.51399
threshold=0 0.68072289182799695 1.0000000180025095e-35 1.0000000180025095e-35 1.5531047480642555 1282.1821382885942 1.0000000180025095e-35 0.86008392305335724 1.0000000180025095e-35 1 85.381981517116529 119390.48173476249 101974.048433723 1.0719064968597067 526.9034872626363 76107.804796476528 1.2557254659792982 49.275676341764047 2037.5000000000002 2 1.2601101320002142 152534.41816955732 1.2301550299931512
decision_type=1 2 2 2 2 2 2 2 2 1 2 2 2 2 2 2 2 2 2 1 2 2 2
left_child=5 -2 3 9 19 6 -1 -8 17 10 22 12 15 14 -11 -12 -4 -9 21 20 -5 -15 -3
right_child=1 2 16 4 -6 -7 7 8 -10 13 11 -13 -14 18 -16 -17 -18 -19 -20 -21 -22 -23 -24
leaf_value=-0.14335357988296923 -0.24893675495158163 -0.0057461858410232762 0.01497407831907002 -0.063008899820667097 0.082861545577383747 -0.29251357033747982 -0.27012590399930198 0.049251184837080568 -0.50211843398696365 0.0027545960273474782 0.083897757289765368 0.0071725566925444481 0.19602408985907513 -0.0073324311271464092 -0.12279500294069445 -0.035529162170317569 0.44638485217927859 0.070180243933696027 0.042686871008468172 -0.21850106538497871 0.1252740327360434 0.093970956472165579 0.13908630139416353
leaf_weight=252 388 274 707 97 20 660 35 20 22 171 22 97 30 323 346 33 23 23 83 506 22 25 20
leaf_count=252 388 274 707 97 20 660 35 20 22 171 22 97 30 323 346 33 23 23 83 506 22 25 20
internal_value=-0.00132055 -0.000573977 -0.000105396 -0.00086757 -0.00275194 -0.00363014 -0.001875 0.002 0.00576923 -1.40461e-05 0.00148148 0.00434066 0.00852941 -0.000772444 -0.00219536 0.00409091 0.00205479 0.0112791 0.000916472 -0.00316 3.87586e-05 2.87344e-05 -0.000238096
internal_weight=4199 3187 2799 2069 645 1012 352 100 65 1424 476 182 85 948 517 55 730 43 431 625 119 348 294
internal_count=4199 3187 2799 2069 645 1012 352 100 65 1424 476 182 85 948 517 55 730 43 431 625 119 348 294
cat_boundaries=0 1 2 3
cat_threshold=130 33 32
is_linear=0
shrinkage=0.05


Tree=92
num_leaves=24
num_cat=3
split_feature=0 5 7 11 9 0 5 5 9 0 5 8 14 14 6 11 5 10 5 6 9 15 14
split_gain=2.7003 2.00216 1.96093 1.86816 0.938274 0.986742 1.03329 0.934735 0.766016 0.91245 1.77147 1.04664 0.704627 1.00826 1.01474 0.661733 0.646668 0.551524 0.590513 0.546992 0.513662 0.51942 0.492134
threshold=0 1.1374106219301641 2.5000000000000004 1.1643012449630146 638.36927651137228 1 1.0871140789853733 0.64337206274225478 1282.1821382885942 2 0.98074084135780404 1.0000000180025095e-35 45088.504878155632 86975.927684141003 1.0000000180025095e-35 0.73629510341212356 0.86354054545950343 2.5000000000000004 1.7087207497092562 1.5000000000000002 2761.4735077852174 118.52163910420488 28076.068466946304
decision_type=1 2 2 2 2 1 2 2 2 1 2 2 2 2 2 2 2 2 2 2 2 2 2
left_child=8 2 4 17 5 6 15 -4 9 10 -1 -12 22 14 -14 -2 -6 18 19 -3 21 -15 -9
right_child=1 3 7 -5 16 -7 -8 12 -10 -11 11 -13 13 20 -16 -17 -18 -19 -20 -21 -22 -23 -24
leaf_value=-0.14303947011464727 0.045541723240161633 0.0030386057864837243 -0.33730207994595268 0.14463637894852108 -0.19998901768877844 -0.02971190361059969 0.10549180504755924 0.023010123052700046 -0.27788789182060597 -0.34121302010754967 0.018379752189324191 0.21503607159560958 0.015706576731075787 0.084183775858498247 0.10241896901642643 -0.00058973152485814612 -0.048512565265901059 -0.14638140060499213 0.69479582128776585 0.038933010863620138 -0.01493175036386586 -0.0067423355422106777 -0.042917420300404213
leaf_weight=78 32 863 45 47 538 295 20 64 660 188 64 22 46 21 38 247 667 40 21 33 82 25 63
leaf_count=78 32 863 45 47 538 295 20 64 660 188 64 22 46 21 38 247 667 40 21 33 82 25 63
internal_value=-0.00134437 -0.000620896 -0.00147275 0.0012251 -0.00216509 -0.000538722 0.00147249 0.00177083 -0.00358121 -0.00173296 0.00103448 0.00604651 0.00266962 0.00443396 0.00869047 0.000734766 -0.00296681 0.000747125 0.000997818 0.00080357 0.00164062 0.00586956 -0.000275592
internal_weight=4199 3187 2183 1004 1799 594 299 384 1012 352 164 86 339 212 84 279 1205 957 917 896 128 46 127
internal_count=4199 3187 2183 1004 1799 594 299 384 1012 352 164 86 339 212 84 279 1205 957 917 896 128 46 127
cat_boundaries=0 1 2 3
cat_threshold=130 44 2
is_linear=0
shrinkage=0.05


Tree=93
num_leaves=24
num_cat=4
split_feature=0 5 8 5 11 11 9 0 5 14 8 9 0 2 14 7 7 0 14 15 2 5 6
split_gain=2.64272 1.91651 1.6332 1.40421 1.23059 0.942881 0.721117 0.845379 1.38474 0.66476 0.702703 1.04174 0.570398 0.872086 0.657991 1.41026 0.879058 0.563381 0.699793 0.57971 0.507883 0.934615 0.904493
threshold=0 0.64337206274225478 1.0000000180025095e-35 1.1704710721111968 0.34492690110747332 1.1643012449630146 1375.1707708702409 1 1.0205400194928897 140437.06807840019 1.5000000000000002 1.0000000180025095e-35 2 2037.5000000000002 60263.260917315893 2.5000000000000004 1.5000000000000002 3 152534.41816955732 23.880185662864822 2034.5000000000002 1.084337575140127 1.0000000180025095e-35
decision_type=1 2 2 2 2 2 2 1 2 2 2 2 1 2 2 2 2 1 2 2 2 2 2
left_child=6 -2 3 4 -3 -5 7 8 -1 10 12 -12 13 14 16 -16 -4 18 19 -6 21 22 -13
right_child=1 2 9 5 17 -7 -8 -9 -10 -11 11 20 -14 -15 15 -17 -18 -19 -20 -21 -22 -23 -24
leaf_value=-0.067304447689793101 -0.30905972192372833 -0.089694555877634155 0.17589834157425613 0.0028080607606508941 0.013904039795999468 0.12073203269621334 -0.2684785467463649 -0.32746347741383253 0.044284479486229156 -0.020444006744516203 0.24668689821664183 0.03653012018281087 0.00069118780047281456 -0.015454175901361045 0.18689360721222617 0.15013160783038737 -0.020121661435230837 0.020583511943903759 0.027309262047238082 -0.095961731285087587 -0.0081372920646363839 -0.018146485450753747 0.037371069182027421
leaf_weight=92 314 1001 22 601 23 31 649 191 80 101 41 25 338 39 30 22 42 323 23 115 43 30 23
leaf_count=92 314 1001 22 601 23 31 649 191 80 101 41 25 338 39 30 22 42 323 23 115 43 30 23
internal_value=-0.00136818 -0.000652175 -0.00024887 -0.000961267 -0.00180135 0.00101266 -0.00358121 -0.00183196 0.00076923 0.00174603 0.00232824 0.00518518 0.00138945 0.00378788 0.0062069 0.0103846 0.0028125 0.000268594 -0.00207602 -0.00355073 0.00285124 0.00525641 0.00958333
internal_weight=4199 3187 2873 2117 1485 632 1012 363 172 756 655 162 493 155 116 52 64 484 161 138 121 78 48
internal_count=4199 3187 2873 2117 1485 632 1012 363 172 756 655 162 493 155 116 52 64 484 161 138 121 78 48
cat_boundaries=0 1 2 3 4
cat_threshold=130 2 36 80
is_linear=0
shrinkage=0.05


Tree=94
num_leaves=24
num_cat=4
split_feature=0 35 4 8 9 0 2 0 9 0 4 8 7 15 7 15 15 7 9 15 11 15 9
split_gain=2.52685 1.83156 1.79045 1.46321 0.999026 1.15608 0.876682 0.832045 0.79427 0.952166 1.11105 1.35182 0.70922 0.65886 0.87438 0.611587 0.564328 0.535129 0.412926 0.406407 0.40288 0.400784 0.391751
threshold=0 0.044883526449059526 1.0000000180025095e-35 1.5000000000000002 319.99629709843435 1 2037.5000000000002 2 1375.1707708702409 3 1.0000000180025095e-35 1.0000000180025095e-35 1.5000000000000002 63.018471646829688 1.0000000180025095e-35 97.533064151323813 24.812388260590357 1.5000000000000002 43739.701289023906 114.93378014844174 1.5996089779547213 20.926395294179958 5597.0251579738779
decision_type=1 2 2 2 2 1 2 1 2 1 2 2 2 2 2 2 2 2 2 2 2 2 2
left_child=8 2 3 6 12 18 7 16 9 10 11 -1 -4 14 21 -15 -2 -9 22 -14 -11 -8 -6
right_child=1 -3 4 -5 5 -7 13 17 -10 20 -12 -13 19 15 -16 -17 -18 -19 -20 -21 -22 -23 -24
leaf_value=0.00044642240946253498 -0.041538768893386618 0.17755834763642975 -0.013016416042284824 0.041195714012792171 0.096201067622003603 -0.27231870506893346 -0.11079536789184073 -0.040195108468981715 -0.25505461940904661 -0.37535776973028079 -0.5246444590090189 0.099960470023467418 0.052933316023188792 -0.081130305479138465 0.049991368399272713 0.015227026483710089 0.042436201241139122 0.0014598939238795626 0.069602028421476156 -0.025717287576174565 0.052793549692712605 0.03050722306028705 -0.10473826652730903
leaf_weight=89 28 21 188 127 51 569 24 1017 649 171 52 31 73 52 99 142 247 355 20 21 20 97 56
leaf_count=89 28 21 188 127 51 569 24 1017 649 171 52 31 73 52 99 142 247 355 20 21 20 97 56
internal_value=-0.00136818 -0.000667815 -0.000767531 2.74211e-05 -0.00254601 -0.00356322 -0.000293548 -0.000810566 -0.00353229 -0.00169422 0.00104395 0.00375 -3.54622e-05 0.00176328 0.00363636 -0.000360826 0.00166667 -0.0013097 0.000839415 0.00351064 -0.00400498 0.000785123 -0.000327104
internal_weight=4199 3187 3166 2188 978 696 2061 1647 1012 363 172 120 282 414 220 194 275 1372 127 94 191 121 107
internal_count=4199 3187 3166 2188 978 696 2061 1647 1012 363 172 120 282 414 220 194 275 1372 127 94 191 121 107
cat_boundaries=0 1 2 3 4
cat_threshold=130 32 32 2
is_linear=0
shrinkage=0.05


Tree=95
num_leaves=24
num_cat=4
split_feature=0 5 4 8 5 0 6 36 11 4 5 9 7 0 3 1 6 2 5 5 5 2 5
split_gain=2.84103 1.66472 1.65887 1.85439 2.08845 1.28245 1.20884 1.30169 1.12384 0.740417 1.19731 0.837906 0.692013 0.645483 0.563421 0.579545 0.637121 0.561884 1.06107 0.55362 0.520488 0.94338 0.486111
threshold=0 0.60620533040346569 1.0000000180025095e-35 1.5000000000000002 1.0205400194928897 1 1.0000000180025095e-35 3.2194841001973646 0.079793405386055741 1.0000000180025095e-35 1.4368553152526682 560.01526112040051 1.5000000000000002 2 1.0000000180025095e-35 3 1.0000000180025095e-35 2036.5000000000002 1.2485015017600369 0.73058996066088322 1.187739437534997 2030.5000000000002 1.0227623270571322
decision_type=1 2 2 2 2 1 2 2 2 2 2 2 2 1 2 1 2 2 2 2 2 2 2
left_child=1 -1 3 4 -2 -6 7 9 13 19 11 22 -8 -7 15 -5 -17 -14 -19 -3 21 -10 -11
right_child=2 6 -4 14 5 8 12 -9 20 10 -12 -13 17 -15 -16 16 -18 18 -20 -21 -22 -23 -24
leaf_value=-0.314277575895971 -0.15707296352437958 -0.095763268858141251 -0.54379243010846678 -0.0025668461154101708 -0.40097208268742501 0.0062263320395708963 -0.040863105835018898 3.8081313672265034 0.050498425118921914 -0.10454957461104614 0.057024325710641116 -0.24006872802900078 0.038007077237708964 -0.077434973096238729 -0.019141724155926312 0.065114402014091008 0.089470221051400262 0.01945972229271864 0.18425683793522449 0.0026662009479046594 0.0049302577141103615 0.019026664511837401 0.054462620074484637
leaf_weight=172 698 104 627 24 151 238 62 20 28 73 26 310 210 105 26 24 20 69 20 972 96 54 70
leaf_count=172 698 104 627 24 151 238 62 20 28 73 26 310 210 105 26 24 20 69 20 972 96 54 70
internal_value=-0.00129674 4.72025e-06 -0.00259638 -0.00168716 -0.00215329 -0.000163692 0.000423553 -0.000174604 0.00102636 -0.000337622 -0.00197286 -0.00257175 0.00303324 -0.000626823 0.00510638 0.0075 0.0109091 0.0040301 0.00735955 0.000390333 0.00426966 0.00719512 0.000594404
internal_weight=4199 2108 2091 1464 1370 672 1936 1575 521 1555 479 453 361 343 94 68 44 299 89 1076 178 82 143
internal_count=4199 2108 2091 1464 1370 672 1936 1575 521 1555 479 453 361 343 94 68 44 299 89 1076 178 82 143
cat_boundaries=0 1 2 3 4
cat_threshold=45 128 80 1
is_linear=0
shrinkage=0.05


Tree=96
num_leaves=24
num_cat=2
split_feature=0 5 7 7 4 5 11 11 4 14 4 5 5 5 2 14 5 11 0 5 15 2 14
split_gain=2.54988 2.49905 1.23309 1.15656 1.12877 1.04539 0.928384 0.815069 0.886131 0.949383 0.765539 0.677409 0.65028 0.613768 0.985727 0.824503 0.906226 0.60079 0.59987 0.578457 0.625 0.539684 0.633442
threshold=0 0.9297071399625868 2.5000000000000004 1.5000000000000002 1.0000000180025095e-35 1.4971340844100429 1.1287618731047628 0.33976921189614956 1.0000000180025095e-35 8154.2033429185685 1.0000000180025095e-35 0.62209009350254196 0.79910182006429553 0.60620533040346569 2038.5000000000002 39654.038758713657 0.8453298642714665 0.11609778888688695 1 0.72126337994860246 91.045219329640332 2035.5000000000002 110052.16701086449
decision_type=1 2 2 2 2 2 2 2 2 2 2 2 2 2 2 2 2 2 1 2 2 2 2
left_child=-1 2 7 4 18 17 -5 -2 9 -9 11 -4 19 -11 15 16 -15 -6 21 -13 -21 22 -3
right_child=1 3 10 6 5 -7 -8 8 -10 13 -12 12 -14 14 -16 -17 -18 -19 -20 20 -22 -23 -24
leaf_value=-0.52133413226138914 -0.16092851813074607 0.07233991624750942 -0.28875510892200218 0.019843341418075297 -0.28448047708353713 0.022738763748348184 0.41987726366880057 0.13620334962687808 -0.29301579467161204 -0.28621826700754804 -0.26549511823092237 0.016782510672562641 2.225902217702948e-06 -0.018288322394926948 0.086101745456115861 -0.026408888602128144 0.095034392455321054 -0.006005635606490355 -0.0013961367780152575 0.042936302148713003 0.014222078978894815 -0.04849697118912813 0.095158520914121733
leaf_weight=507 827 73 25 678 271 31 33 23 125 56 83 39 73 39 22 94 29 151 898 20 20 56 26
leaf_count=507 827 73 25 678 271 31 33 23 125 56 83 39 73 39 22 94 29 151 898 20 20 56 26
internal_value=-0.00122529 -0.00075905 -0.00235593 0.000299954 -0.000484729 -0.00257175 0.00196202 -0.00302469 -0.00113402 0.000513307 0.00076923 0.00262712 0.00388158 -0.000416668 0.00097826 -0.000370372 0.00382353 -0.00322275 0.000413104 0.00702532 0.01125 0.00318182 0.00560606
internal_weight=4199 3692 1475 2217 1506 453 711 1215 388 263 260 177 152 240 184 162 68 422 1053 79 40 155 99
internal_count=4199 3692 1475 2217 1506 453 711 1215 388 263 260 177 152 240 184 162 68 422 1053 79 40 155 99
cat_boundaries=0 1 2
cat_threshold=128 32
is_linear=0
shrinkage=0.05


Tree=97
num_leaves=24
num_cat=2
split_feature=0 5 8 7 5 5 4 9 9 9 5 4 8 14 7 2 7 2 0 14 2 5 9
split_gain=2.41111 2.07017 1.03983 0.913068 0.910376 0.892682 0.842176 1.09472 0.760592 0.712673 0.786299 0.969992 0.721427 0.691032 0.630969 0.619356 0.649275 0.586957 0.560832 0.666682 0.558874 0.539238 0.53566
threshold=0 0.86354054545950343 1.5000000000000002 2.5000000000000004 1.3730171506729645 1.3869806392842978 1.0000000180025095e-35 319.99629709843435 129.36621638480577 1375.1707708702409 0.9728502460798758 1.0000000180025095e-35 1.0000000180025095e-35 10184.249640326083 2.5000000000000004 2033.5000000000002 1.5000000000000002 2036.5000000000002 1 28523.785437470815 2030.5000000000002 1.1204980527582669 1.0000000180025095e-35
decision_type=1 2 2 2 2 2 2 2 2 2 2 2 2 2 2 2 2 2 1 2 2 2 2
left_child=9 3 4 13 6 -6 -3 15 -5 10 -1 12 20 17 -9 21 -17 -2 19 -7 -12 -8 -4
right_child=1 2 22 8 5 18 7 14 -10 -11 11 -13 -14 -15 -16 16 -18 -19 -20 -21 -22 -23 -24
leaf_value=-0.20590387850789066 -0.069038040702308387 0.001370835054983815 0.29094385480633927 0.084651308711333001 0.11102235006793787 0.33178522604339034 -0.082329918032209543 -0.22878548706125446 -0.0051829945668204107 -0.23836033294488185 0.019239792133305428 -0.49548534500332064 0.094059493475581082 -0.1363748134925318 0.0087135051153883047 0.0080690568619320169 0.043780407385632394 0.10686034004673353 -0.0087176960265611652 0.011868966440493881 -0.05244116144180419 0.061055062698574525 0.011212643407759432
leaf_weight=173 46 1216 38 44 28 20 46 345 143 649 39 56 36 737 66 46 24 23 122 106 59 37 100
leaf_count=173 46 1216 38 44 28 20 46 345 143 649 39 56 36 737 66 46 24 23 122 106 59 37 100
internal_value=-0.00132055 -0.000636535 0.000218777 -0.00253273 -6.32308e-05 0.00260869 -0.000477529 -0.00207447 0.000614972 -0.00343444 -0.00169422 0.000526315 0.00283582 -0.00326303 -0.00341849 0.00153595 0.005 0.00152174 0.00165322 0.00382353 0.000612244 -0.00138554 0.00442029
internal_weight=4199 3187 2194 993 2056 276 1780 564 187 1012 363 190 134 806 411 153 70 69 248 126 98 83 138
internal_count=4199 3187 2194 993 2056 276 1780 564 187 1012 363 190 134 806 411 153 70 69 248 126 98 83 138
cat_boundaries=0 1 2
cat_threshold=130 100
is_linear=0
shrinkage=0.05


Tree=98
num_leaves=24
num_cat=3
split_feature=0 4 5 35 8 5 11 0 0 5 11 15 14 14 5 14 11 15 15 7 14 2 5
split_gain=2.54988 2.32421 2.12039 1.57731 1.45823 1.24656 1.91868 1.77768 0.887716 1.22338 1.07147 0.898976 0.97501 0.98027 1.25926 0.943316 0.834187 1.01411 2.19194 0.897615 0.648125 0.768627 0.762901
threshold=0 1.0000000180025095e-35 0.60620533040346569 0.014700295971465945 1.0000000180025095e-35 1.0566613915605825 1.1643012449630146 1 2 1.0719064968597067 0.66650134469359645 85.381981517116529 121568.2744900103 101974.048433723 1.0154938974775825 70063.329037397154 1.3897941766162101 58.083230587519203 37.689157896217381 2.5000000000000004 84505.910569295273 2035.5000000000002 1.294853711309133
decision_type=1 2 2 2 2 2 2 1 1 2 2 2 2 2 2 2 2 2 2 2 2 2 2
left_child=-1 2 -2 4 8 -3 7 20 11 10 -10 -4 13 15 -15 -13 17 18 -6 -19 22 -22 -7
right_child=1 5 3 -5 16 6 -8 -9 9 -11 -12 12 -14 14 -16 -17 -18 19 -20 -21 21 -23 -24
leaf_value=-0.48773907774482111 -0.29340738286472418 -0.2652326950219972 -0.0037102347830818491 0.22905379256160502 0.0044460615704241995 -0.052363062707837242 0.074343972178001441 -0.11465314978408646 -0.14733947266814718 0.0021762092854025403 0.0033979861988012779 0.075707683100852588 -0.0018100129205469461 0.0088862411264809243 0.18727422083100889 0.0022330922182959736 0.24125123342839935 -0.010135511580520007 0.099779505377245933 0.054239402460333846 0.039673082649528901 0.17694824267649625 0.1302890766450866
leaf_weight=507 208 649 448 25 195 56 21 318 388 425 165 20 135 24 27 68 20 168 84 150 48 20 30
leaf_count=507 208 649 448 25 195 56 21 318 388 425 165 20 135 24 27 68 20 168 84 150 48 20 30
internal_value=-0.00122529 -0.00075905 7.84302e-05 0.000508112 0.000373326 -0.00263573 -0.000740366 -0.00139831 -0.000382354 -0.00135628 -0.00292044 0.000942622 0.00321168 0.00615108 0.0116667 0.00295454 0.00245543 0.00211893 0.004319 0.000188678 0.00292683 0.0067647 0.000232557
internal_weight=4199 3692 2550 2342 2317 1142 493 472 1700 978 553 722 274 139 51 88 617 597 279 318 154 68 86
internal_count=4199 3692 2550 2342 2317 1142 493 472 1700 978 553 722 274 139 51 88 617 597 279 318 154 68 86
cat_boundaries=0 1 2 3
cat_threshold=128 40 41
is_linear=0
shrinkage=0.05


Tree=99
num_leaves=24
num_cat=5
split_feature=0 11 5 4 5 8 5 0 5 7 4 9 5 11 0 5 6 17 5 16 14 1 0
split_gain=2.40273 2.14838 1.79162 1.37161 1.19547 1.25736 1.43946 0.723765 0.91335 0.738324 0.640818 1.79614 0.852174 1.20163 0.713434 1.4117 0.630344 0.589687 0.582295 0.600843 0.954904 0.549308 0.490755
threshold=0 0.30028405860890894 0.86354054545950343 1.0000000180025095e-35 0.60620533040346569 1.5000000000000002 1.1704710721111968 1 1.2070788346600592 2.5000000000000004 1.0000000180025095e-35 494.282496821179 0.95604214863564396 1.1643012449630146 2 0.74252791977159271 1.0000000180025095e-35 73.879583333333343 1.1153207202073521 1.756416666666667 86975.927684141003 3 4
decision_type=1 2 2 2 2 2 2 1 2 2 2 2 2 2 1 2 2 2 2 2 2 1 1
left_child=-1 2 -2 16 -3 10 -7 8 9 -5 11 14 -12 -14 15 17 22 -6 19 20 -18 -20 -4
right_child=1 4 3 7 5 6 -8 -9 -10 -11 12 -13 13 -15 -16 -17 18 -19 21 -21 -22 -23 -24
leaf_value=-0.46335212385758012 -0.15142786115776402 -0.27412999334154081 -0.09196807940110116 -0.17143153253709523 0.095623738829803351 0.032494184090829902 0.82377242996181532 -0.28283754138788003 0.096001219546243799 0.048056192663536973 -0.19969843468991819 0.035984205461526093 -0.0042032173020679449 0.037457248585538387 -0.010406547240332888 0.021196148471392701 0.044486055582115984 0.018127124006066555 0.053371993853034289 -0.0025645736892303816 0.013947283272021788 -0.022226076962277769 0.00025761193544158832
leaf_weight=507 788 95 139 86 23 49 21 369 61 26 123 29 167 29 296 317 47 20 38 26 28 46 869
leaf_count=507 788 95 139 86 23 49 21 369 61 26 123 29 167 29 296 317 47 20 38 26 28 46 869
internal_value=-0.00132055 -0.0008671 -0.00169045 -0.000792508 0.00090248 0.00137802 0.00785714 -0.00287823 -8.19683e-05 -0.00276786 0.000926294 0.00178832 -0.000924766 0.00112245 0.00125 0.0027027 0.00015507 0.0112791 0.00283784 0.00539604 0.00766667 -0.000238096 -0.000337303
internal_weight=4199 3692 2523 1735 1169 1074 70 542 173 112 1004 685 319 196 656 360 1193 43 185 101 75 84 1008
internal_count=4199 3692 2523 1735 1169 1074 70 542 173 112 1004 685 319 196 656 360 1193 43 185 101 75 84 1008
cat_boundaries=0 1 2 3 4 5
cat_threshold=128 40 54 2 2
is_linear=0
shrinkage=0.05


Tree=100
num_leaves=24
num_cat=2
split_feature=0 5 4 6 11 5 0 2 8 4 5 11 5 11 2 5 5 3 36 5 15 11 11
split_gain=2.44003 1.59839 1.44488 1.58037 1.6181 1.32974 1.33955 1.11364 1.11326 0.879111 1.24177 0.771614 1.01892 0.723361 0.766714 1.20259 0.648822 0.758868 0.597996 0.724872 1.3067 0.714234 0.497559
threshold=0 0.60620533040346569 1.0000000180025095e-35 1.5000000000000002 1.6473784493070733 0.97590027831923531 1 2032.5000000000002 1.0000000180025095e-35 1.0000000180025095e-35 1.4854173152328105 0.11609778888688695 0.95604214863564396 0.079793405386055741 2030.5000000000002 1.2070788346600592 1.3771122059273162 1.0000000180025095e-35 0.68906349509099496 0.82102913517071141 107.21157695978535 0.089504451277404307 0.66650134469359645
decision_type=1 2 2 2 2 2 1 2 2 2 2 2 2 2 2 2 2 2 2 2 2 2 2
left_child=1 -1 3 4 5 -2 -7 -6 9 -3 11 -11 -13 16 15 -15 -8 -18 19 20 21 -10 -16
right_child=2 8 -4 -5 7 6 13 -9 18 10 -12 12 -14 14 22 -17 17 -19 -20 -21 -22 -23 -24
leaf_value=-0.25505372836179457 -0.15289499086645511 0.0045911593246940816 -0.48049222423265364 0.048170614586271449 -0.031401915150037991 -0.3437415917445466 -0.022612992916694531 0.20428786827572987 0.029291197547358518 -0.21839705654660291 0.073630188328809007 -0.1655325839151752 0.024503802508010736 0.051467558127165414 0.043357256068372388 0.0030980633531517104 0.058501786643902723 -0.020058419196037992 0.62558504390087732 0.015123820415644043 -0.035706987248616026 0.083949483435902639 -0.0023500224779494641
leaf_weight=172 602 970 627 43 22 183 330 22 49 284 20 61 97 35 26 36 44 27 23 372 30 30 94
leaf_count=172 602 970 627 43 22 183 330 22 49 284 20 61 97 35 26 36 44 27 23 372 30 30 94
internal_value=-0.00129674 -8.97085e-05 -0.00250119 -0.00165301 -0.00193878 -0.00224038 -0.000870969 0.0075 0.000320247 -0.000391063 -0.00218615 -0.00273756 6.32899e-05 0.000315613 0.0028534 0.00697183 -0.000885288 0.0034507 0.00234127 0.00196466 0.00555046 0.00892405 0.000416665
internal_weight=4199 2108 2091 1464 1421 1377 775 44 1936 1432 462 442 158 592 191 71 401 71 504 481 109 79 120
internal_count=4199 2108 2091 1464 1421 1377 775 44 1936 1432 462 442 158 592 191 71 401 71 504 481 109 79 120
cat_boundaries=0 1 2
cat_threshold=45 128
is_linear=0
shrinkage=0.05


Tree=101
num_leaves=24
num_cat=3
split_feature=0 4 8 5 10 5 11 5 11 15 5 0 5 9 16 5 14 11 14 14 5 0 5
split_gain=2.09443 1.62933 1.7464 1.08692 1.08365 1.03844 0.957706 0.911481 0.760422 0.719626 0.620205 0.602208 0.763643 0.630225 0.554255 0.541731 0.552995 0.532225 0.630518 0.624403 0.509515 0.801911 0.952312
threshold=0 1.0000000180025095e-35 1.5000000000000002 1.0719064968597067 1.5000000000000002 0.57324090082199908 1.1421704792590448 1.5935673327094293 0.013361255349760497 98.124676241988269 1.012892594377331 1 1.0921227308458137 19107.502552757313 2.1729166666666671 1.3771122059273162 55469.806162322922 1.0365176943378989 25168.510525336853 20517.70875164316 0.62850798343534187 2 0.96426533895968825
decision_type=1 2 2 2 2 2 2 2 2 2 2 1 2 2 2 2 2 2 2 2 2 1 2
left_child=5 2 3 8 9 -1 -3 17 -2 -4 -8 -5 -13 14 15 -14 -17 18 -7 -19 -10 22 -22
right_child=1 6 4 11 -6 7 10 -9 20 -11 -12 12 13 -15 -16 16 -18 19 -20 -21 21 -23 -24
leaf_value=-0.40420436692274153 -0.14184163067274644 -0.30514080762797674 -0.00086828824977121819 -0.29017290478839641 0.45656786544882239 -0.031107157063577081 -0.12793115794917406 0.57965581133507671 -0.2179852334517646 0.045811774542954424 0.03946579939333883 0.027448141953582653 0.011375282974684342 -0.030115524279745055 -0.014887396394625375 0.060887549397145274 0.020792412092112484 -0.007405924180365348 0.0037408575488290415 0.068207941473094877 0.086637663319228925 -0.045981009018806807 -0.015659581335700008
leaf_weight=94 578 750 69 130 20 232 22 33 77 34 21 36 217 129 115 27 35 41 1100 70 97 220 52
leaf_count=94 578 750 69 130 20 232 22 33 77 34 21 36 217 129 115 27 35 41 1100 70 97 220 52
internal_value=-0.00135628 -0.00221486 -0.00140523 -0.00181845 0.00434959 9.49355e-05 -0.00411728 0.000420053 -0.00285156 0.00228155 0.00313953 -0.00028302 0.000448153 -2.86819e-05 0.000964466 0.00216846 0.00629032 0.000232154 -4.50462e-05 0.00355856 -0.00130045 -0.000528456 0.0022327
internal_weight=4199 2629 1836 1713 123 1570 793 1476 1024 103 43 689 559 523 394 279 62 1443 1332 111 446 369 149
internal_count=4199 2629 1836 1713 123 1570 793 1476 1024 103 43 689 559 523 394 279 62 1443 1332 111 446 369 149
cat_boundaries=0 1 2 3
cat_threshold=41 128 20
is_linear=0
shrinkage=0.05


Tree=102
num_leaves=24
num_cat=2
split_feature=0 5 8 5 11 11 4 0 11 5 4 8 2 11 14 14 16 2 9 14 2 7 14
split_gain=2.24257 1.75257 1.61521 1.22299 1.38247 0.827305 0.799787 0.941078 0.757854 0.814511 1.13034 0.86909 0.852761 0.614166 0.458397 0.430662 0.724481 0.555118 0.481454 0.555696 0.427096 1.64104 0.554251
threshold=0 0.60620533040346569 1.0000000180025095e-35 1.1776060574645986 0.33976921189614956 1.1421704792590448 1.0000000180025095e-35 1 0.33026535812080277 0.86008392305335724 1.0000000180025095e-35 1.0000000180025095e-35 2030.5000000000002 1.2557254659792982 175179.0382397449 36795.514088495845 1.4758333333333338 2036.5000000000002 44521.050363582071 69590.486145191448 2034.5000000000002 1.5000000000000002 138355.03624647748
decision_type=1 2 2 2 2 2 2 1 2 2 2 2 2 2 2 2 2 2 2 2 2 2 2
left_child=8 -2 3 4 6 20 7 15 -1 -10 11 12 -11 14 -4 -3 -17 18 19 -18 -5 22 -22
right_child=1 2 13 5 -6 -7 -8 -9 9 10 -12 -13 -14 -15 -16 16 17 -19 -20 -21 21 -23 -24
leaf_value=-0.20550988590796454 -0.26672656435587533 -0.037677558035011861 0.017660839383322021 -0.0063180779879637439 0.0044000287821602943 0.086791682876667595 -0.27523565517709747 -0.097696523753097578 -0.29396647652113606 0.021249691846705256 -0.42601756625262327 0.13632260617301717 -0.054882939305526471 0.30608236654474824 -0.048144291615871949 -0.050853626335007319 0.030454848377019506 0.04303419340346451 0.060320643744293294 -0.04834295105996423 -0.01062626370071712 0.17406647415209367 0.13673777341412027
leaf_weight=706 251 81 711 352 505 33 316 369 98 39 64 38 67 24 40 98 40 48 36 53 171 35 24
leaf_count=706 251 81 711 352 505 33 316 369 98 39 64 38 67 24 40 98 40 48 36 53 171 35 24
internal_value=-0.00124911 -0.000589616 -0.000248639 -0.00095095 -0.00170117 0.000934958 -0.00274256 -0.00182759 -0.00328767 -0.00124183 0.000528845 0.00298611 0.000660376 0.00170968 0.00145805 5.46436e-05 0.000999999 0.0029096 0.00120155 -0.000698926 0.000498281 0.00217391 0.000384614
internal_weight=4199 3187 2936 2161 1546 615 1041 725 1012 306 208 144 106 775 751 356 275 177 129 93 582 230 195
internal_count=4199 3187 2936 2161 1546 615 1041 725 1012 306 208 144 106 775 751 356 275 177 129 93 582 230 195
cat_boundaries=0 1 2
cat_threshold=130 41
is_linear=0
shrinkage=0.05


Tree=103
num_leaves=24
num_cat=4
split_feature=7 0 0 11 11 6 9 1 9 2 0 16 15 6 9 15 9 9 9 17 16 15 15
split_gain=1.99276 1.36194 1.27938 1.03048 0.812648 0.725398 0.668155 0.649537 0.632325 0.586896 0.664512 0.746745 0.443791 0.479272 0.520828 0.467532 0.463371 0.438496 0.436037 0.514286 0.415313 0.906667 0.533333
threshold=1.5000000000000002 0 1 1.5183890241915792 0.89692947482556529 1.5000000000000002 1460.1975436730629 2 9439.6326153221398 2036.5000000000002 3 1.4758333333333338 33.762863021435827 1.0000000180025095e-35 14303.539581722145 96.048562507698918 18668.626442837773 61642.765448338389 6991.1919435472937 74.884166666666673 1.756416666666667 20.926395294179958 28.411726000518211
decision_type=2 1 1 2 2 2 2 1 2 2 1 2 2 2 2 2 2 2 2 2 2 2 2
left_child=1 3 -2 -1 5 12 9 -7 -9 10 11 -3 -4 16 18 -16 -14 -17 -15 -20 -11 -22 -23
right_child=2 6 4 -5 -6 7 -8 8 -10 20 -12 -13 13 14 15 17 -18 -19 19 -21 21 22 -24
leaf_value=-0.15466918650999395 -0.37124212442492882 0.18501032912398971 -0.033928463453532946 0.027076536362722482 0.054347737799619558 0.069635687152814138 -0.051787680147883389 0.042970434377589593 -0.027833427027210041 0.00013009714055940233 -0.029026647726924912 -0.0037608598198686687 -0.029506468389536456 0.016355137139342602 -0.057977723794154161 0.05273563112425287 0.015658370079346035 -0.032775539308298844 0.0040243082196548957 0.089374880759005182 -0.1107904074850858 0.11816314184181445 0.072132870986538242
leaf_weight=991 186 37 208 27 316 29 1114 30 32 104 394 65 228 71 36 38 138 25 24 21 25 20 40
leaf_count=991 186 37 208 27 316 29 1114 30 32 104 394 65 228 71 36 38 138 25 24 21 25 20 40
internal_value=-0.00127292 -0.00203585 0.000282199 -0.00349222 0.000887229 0.000113635 -0.00118574 0.00434066 0.00145161 3.64952e-05 -0.000866937 0.00258928 -0.000373892 0.000335627 0.0022093 -0.000454547 -0.000765029 0.00214286 0.00448276 0.00833333 0.00240741 0.005 0.00833333
internal_weight=4199 2817 1382 1018 1196 880 1799 91 62 685 496 102 789 581 215 99 366 63 116 45 189 85 60
internal_count=4199 2817 1382 1018 1196 880 1799 91 62 685 496 102 789 581 215 99 366 63 116 45 189 85 60
cat_boundaries=0 1 2 3 4
cat_threshold=146 128 2 32
is_linear=0
shrinkage=0.05


Tree=104
num_leaves=24
num_cat=3
split_feature=0 5 8 11 0 5 15 15 9 5 17 14 15 6 1 9 2 14 15 15 15 36 5
split_gain=2.20372 2.07287 1.92535 1.54436 1.68722 0.99486 0.681198 0.724899 0.731602 0.666252 0.637121 0.528292 0.813058 0.52118 0.916607 1.58336 0.732222 0.71402 1.29841 0.860938 0.652497 0.562572 0.478096
threshold=0 0.64337206274225478 1.0000000180025095e-35 0.21267961278353706 1 1.1393490278976233 89.527402216540096 118.52163910420488 14487.388594137918 0.92150294269003385 74.884166666666673 176195.42051675078 141.79002625970043 1.0000000180025095e-35 2 8665.3746601594012 2027.5000000000002 38805.750356553144 61.321887715127346 97.029154502048939 32.48043640372051 0.29532303690721029 1.0367651859622036
decision_type=1 2 2 2 1 2 2 2 2 2 2 2 2 2 1 2 2 2 2 2 2 2 2
left_child=-1 -2 3 4 6 -6 -3 8 -8 -9 -10 12 13 21 -15 16 -16 20 -19 -20 -18 -4 -11
right_child=1 2 11 -5 5 -7 7 9 10 22 -12 -13 -14 14 15 -17 17 18 19 -21 -22 -23 -24
leaf_value=-0.40573592659902485 -0.2468664279505125 -0.019331009441340013 -0.00016013940568497954 0.0039437778013527887 -0.14832420943647637 -0.015212741752015436 -0.0027414129124291656 -0.037535023486511374 0.074570232895548122 0.015605511849226218 0.089065279261020092 -0.04556454287192669 0.043037690471924232 -0.017369430039944216 -0.008633586895287754 -0.0025276541778928257 -0.056117706444752793 0.099622717411650352 0.015537375396243017 0.17328323009425853 0.1363903289157479 0.57562959350592191 -0.0080225489937679612
leaf_weight=507 370 303 419 796 724 423 33 38 24 31 20 41 75 60 23 107 21 30 31 30 20 23 50
leaf_count=507 370 303 419 796 724 423 33 38 24 31 20 41 75 60 23 107 21 30 31 30 20 23 50
internal_value=-0.00107049 -0.000637494 -0.00024383 -0.000966422 -0.00184083 -0.00288246 0.000599213 0.00290816 0.00668831 0.000462184 0.0109091 0.00176136 0.00203218 0.0015445 0.00307453 0.00435114 0.00758064 0.00901515 0.0114835 0.00729508 0.00353658 0.000429863 0.00302469
internal_weight=4199 3692 3322 2442 1646 1147 499 196 77 119 44 880 839 764 322 262 155 132 91 61 41 442 81
internal_count=4199 3692 3322 2442 1646 1147 499 196 77 119 44 880 839 764 322 262 155 132 91 61 41 442 81
cat_boundaries=0 1 2 3
cat_threshold=128 33 4
is_linear=0
shrinkage=0.05


Tree=105
num_leaves=24
num_cat=0
split_feature=5 9 4 4 5 9 5 6 5 2 6 14 6 5 5 7 5 5 14 7 5 14 9
split_gain=2.03015 1.22595 1.54746 1.05241 1.01743 1.25773 0.848808 0.797341 0.588885 0.57619 0.752793 0.84735 0.398821 0.67413 0.430724 0.366919 0.807018 0.826623 0.36677 0.342826 0.332223 0.307882 0.735027
threshold=0.86354054545950343 638.36927651137228 1.0000000180025095e-35 1.0000000180025095e-35 0.60620533040346569 2264.3830592864501 1.5935673327094293 1.5000000000000002 1.2070788346600592 2038.5000000000002 1.0000000180025095e-35 45088.504878155632 1.0000000180025095e-35 1.3153449239505515 1.4368553152526682 2.5000000000000004 1.3071767882018717 1.2179910055458631 62457.191132181797 2.5000000000000004 1.0017296210586071 23323.627465377227 581.24256917423725
decision_type=2 2 2 2 2 2 2 2 2 2 2 2 2 2 2 2 2 2 2 2 2 2 2
left_child=3 6 7 4 -1 9 15 -3 19 10 21 -12 14 -14 -10 -2 17 18 -17 -4 -21 22 -6
right_child=1 2 8 -5 5 -7 -8 -9 12 -11 11 -13 13 -15 -16 16 -18 -19 -20 20 -22 -23 -24
leaf_value=-0.2326196788764078 0.0038214822476784985 -0.0029266799414692309 -0.23485439909143105 -0.42328674233487756 0.067238422274130849 -0.08995369544056675 0.59085945000445983 0.023243094161912128 -0.23363999253149326 0.086325208096948935 -0.020405414355492871 0.11076056862554939 0.16515628618824404 -0.043286328365225259 0.0010125577648309428 -0.0020699358774488468 -0.13338616193451461 0.19528438778538615 0.048258088704281582 -0.18960101638138926 0.018388720520107628 -0.014106846726721613 -0.16243850377697311
leaf_weight=238 742 1327 313 390 38 395 22 43 136 30 22 25 20 31 41 55 24 21 38 36 47 145 20
leaf_count=238 742 1327 313 390 38 395 22 43 136 30 22 25 20 31 41 55 24 21 38 36 47 145 20
internal_value=-0.00105859 -0.000321134 -0.00101304 -0.00269762 -0.00176889 -0.000777779 0.00120842 -7.29939e-05 -0.00307692 0.00178571 0.000999999 0.00670213 -0.00105263 0.00284314 -0.00217514 0.000965908 0.00333333 0.00508772 0.00306451 -0.00424243 -0.00138554 -0.000320198 0.00275862
internal_weight=4199 2896 1994 1303 913 675 902 1370 624 280 250 47 228 51 177 880 138 114 93 396 83 203 58
internal_count=4199 2896 1994 1303 913 675 902 1370 624 280 250 47 228 51 177 880 138 114 93 396 83 203 58
is_linear=0
shrinkage=0.05


Tree=106
num_leaves=24
num_cat=3
split_feature=0 5 5 11 8 4 0 0 36 15 4 11 16 9 15 5 5 9 7 14 4 2 2
split_gain=2.11481 1.67064 1.4815 1.38248 0.992779 0.829033 0.894271 0.809471 1.37215 0.942872 0.923263 0.806151 0.912852 0.768815 0.631773 0.679847 0.608137 0.928397 0.704483 0.986407 0.607416 0.880412 0.782407
threshold=0 1.0205400194928897 0.60620533040346569 0.079793405386055741 1.0000000180025095e-35 1.0000000180025095e-35 1 2 1.76596611962788 21.585421683098385 1.0000000180025095e-35 1.0475734781220603 3.485125 31.520653186837865 70.302322041952422 1.1153207202073521 1.3429576197623241 5242.8019977711238 2.5000000000000004 45088.504878155632 1.0000000180025095e-35 2030.5000000000002 2036.5000000000002
decision_type=1 2 2 2 2 2 1 1 2 2 2 2 2 2 2 2 2 2 2 2 2 2 2
left_child=2 4 -1 5 -2 6 -3 9 10 -4 -9 12 -6 14 -12 -16 18 -18 -11 -20 21 -5 -22
right_child=1 3 7 20 11 -7 -8 8 -10 16 13 -13 -14 -15 15 -17 17 -19 19 -21 22 -23 -24
leaf_value=-0.20442935704448317 -0.20000737029760526 0.010181500318834609 -0.05320127741285037 0.042714288037569409 -0.10793173452270476 -0.67130619140037329 -0.095095054762867753 0.002052070195881038 3.3281769782522233 0.005454456931618926 -0.018932693169728801 0.15548297655313348 0.049598852128203856 -0.13787118607519452 0.019363656017330342 0.18936124292065118 0.19305419657302506 0.00095349970219488634 -0.011054691892826438 0.07391559994178426 -0.18975102009704237 0.0054832087009991171 0.025915319429247508
leaf_weight=172 796 256 42 91 233 179 220 956 24 321 68 30 32 332 34 20 29 36 36 38 72 146 36
leaf_count=172 796 256 42 91 233 179 220 956 24 321 68 30 32 332 34 20 29 36 36 38 72 146 36
internal_value=-0.00109431 -0.00221561 2.83274e-05 -0.000750001 -0.00357929 -0.00209924 -0.0010084 0.000423553 -0.000186982 0.00212891 -0.000390072 -0.0011017 -0.00198113 -0.0022467 0.00114754 0.00518518 0.00282609 0.00730769 0.00208861 0.00648649 0.00181159 0.00322785 -0.0012963
internal_weight=4199 2091 2108 1000 1091 655 476 1936 1434 502 1410 295 265 454 122 54 460 65 395 74 345 237 108
internal_count=4199 2091 2108 1000 1091 655 476 1936 1434 502 1410 295 265 454 122 54 460 65 395 74 345 237 108
cat_boundaries=0 1 2 3
cat_threshold=45 80 32
is_linear=0
shrinkage=0.05


Tree=107
num_leaves=24
num_cat=4
split_feature=4 5 0 0 5 8 11 5 11 0 5 14 0 5 5 9 8 5 7 15 11 5 8
split_gain=2.27995 1.90881 1.90407 1.49455 1.47355 1.25258 1.0098 1.06656 0.746683 1.28991 0.958846 0.886682 0.686246 0.839867 1.24034 0.663143 0.606376 0.604864 1.15077 0.62699 0.589033 0.616776 0.551378
threshold=1.0000000180025095e-35 0.60620533040346569 0 1 0.95718907554605426 1.0000000180025095e-35 1.1421704792590448 1.0294041024118206 0.27895657876397106 2 1.1393490278976233 25894.196276986095 3 0.86008392305335724 0.98375327317343808 494.282496821179 1.5000000000000002 0.82555440180009632 2.5000000000000004 54.104991964674745 0.47248444076332463 1.2286516858134353 1.0000000180025095e-35
decision_type=2 2 1 1 2 2 2 2 2 1 2 2 1 2 2 2 2 2 2 2 2 2 2
left_child=1 -1 20 4 -2 8 -5 -8 9 11 -11 -4 13 -7 -15 -10 -16 18 19 -14 -3 22 -22
right_child=3 2 5 6 -6 12 7 -9 15 10 -12 -13 17 14 16 -17 -18 -19 -20 -21 21 -23 -24
leaf_value=-0.21092199786583016 -0.20392886126898546 -0.59284289143723423 -0.058948738967034481 -0.20180276829655974 0.046788706017485027 -0.025275340592328367 -0.098404495529253677 0.050902597444747892 0.0097093200102241085 -0.10841467041316658 0.0036911557313455963 0.018313573835156291 0.071055051713497658 0.11105392092618578 0.011606730131355283 0.059420088541260102 0.1372657187370889 0.0011282327874806129 0.061252182699823146 -0.024828880931874651 -0.20084437610797959 0.078031052324104788 0.049138326476752509
leaf_weight=238 67 222 78 1059 108 39 41 26 502 437 259 416 27 31 89 24 20 331 49 40 55 20 21
leaf_count=238 67 222 78 1059 108 39 41 26 502 437 259 416 27 31 89 24 20 331 49 40 55 20 21
internal_value=-0.00107049 -0.000289856 9.39838e-05 -0.00280938 0.00148649 0.000590985 -0.00345951 0.00246269 -0.000104896 -0.000798321 -0.00216714 0.00115079 0.00250799 0.00505291 0.00714286 0.00146388 0.00463303 0.00134573 0.00448276 0.000223879 -0.00347561 -0.000312501 -0.00236842
internal_weight=4199 2898 2660 1301 175 2342 1126 67 1716 1190 696 494 626 179 140 526 109 447 116 67 318 96 76
internal_count=4199 2898 2660 1301 175 2342 1126 67 1716 1190 696 494 626 179 140 526 109 447 116 67 318 96 76
cat_boundaries=0 1 2 3 4
cat_threshold=128 32 41 18
is_linear=0
shrinkage=0.05


Tree=108
num_leaves=24
num_cat=3
split_feature=0 5 4 5 11 0 7 5 2 8 0 4 9 8 16 9 9 11 15 14 14 14 2
split_gain=1.98314 2.01487 1.70189 1.24473 1.3809 1.12092 0.9776 1.10616 0.831797 0.820626 0.834179 0.920049 1.63801 0.658058 0.843864 0.618566 1.50071 0.614377 0.487995 0.723766 0.48497 0.53803 0.470457
threshold=0 0.938622391824802 1.0000000180025095e-35 0.59363815052548841 1.0365176943378989 1 2.5000000000000004 0.77997184135372333 2033.5000000000002 1.0000000180025095e-35 2 1.0000000180025095e-35 94.441341575564124 1.0000000180025095e-35 3.485125 19107.502552757313 15910.228794304317 1.1421704792590448 21.585421683098385 20934.461032918207 28933.703654352354 175179.0382397449 2038.5000000000002
decision_type=1 2 2 2 2 1 2 2 2 2 1 2 2 2 2 2 2 2 2 2 2 2 2
left_child=-1 2 3 -2 5 6 22 -8 -6 10 18 15 17 -7 -15 16 -12 -13 -3 -20 -11 -22 -5
right_child=1 9 -4 4 8 13 7 -9 -10 20 11 12 -14 14 -16 -17 -18 -19 19 -21 21 -23 -24
leaf_value=-0.37252600724165935 -0.27727010169333394 -0.052487104783295817 -0.31146088228587421 -0.0062449780657081047 -0.00047194062614377562 -0.13412761030837983 0.078368759577812031 0.0073417954357974553 0.13532697397211751 -0.0035521104305810403 0.0012557745218344544 0.00080204343751210348 -0.2147999119303502 -0.0096739486472754571 0.06213305370438589 -0.057968108170866312 0.056297912556345336 0.036765914199212317 0.12777509835030881 0.021527209336900572 0.039130337179520233 -0.034864167601404226 0.049080097524104589
leaf_weight=507 186 21 457 242 32 327 21 41 31 122 705 82 304 116 20 209 30 24 25 214 411 33 39
leaf_count=507 186 21 457 242 32 327 21 41 31 122 705 82 304 116 20 209 30 24 25 214 411 33 39
internal_value=-0.00113003 -0.000718532 -0.00212302 -0.00101896 -0.000224397 -0.000781639 0.00137394 0.00709677 0.00690476 0.000252292 -0.000322182 -0.000821116 -0.00280488 -0.0023573 0.000514705 3.17785e-05 0.000714285 0.00254717 0.00222222 0.00294979 0.00189046 0.00265766 0.000160141
internal_weight=4199 3692 1512 1055 869 806 343 62 63 2180 1614 1354 410 463 136 944 735 106 260 239 566 444 281
internal_count=4199 3692 1512 1055 869 806 343 62 63 2180 1614 1354 410 463 136 944 735 106 260 239 566 444 281
cat_boundaries=0 1 2 3
cat_threshold=128 37 32
is_linear=0
shrinkage=0.05


Tree=109
num_leaves=24
num_cat=3
split_feature=5 0 4 0 5 9 4 6 9 11 8 11 11 1 6 8 5 9 5 5 5 15 15
split_gain=2.19771 1.60445 1.19119 1.13902 1.05052 0.684663 0.96887 1.15647 0.779084 0.907786 0.672622 0.630306 0.596044 0.798434 0.568136 0.538119 0.849187 1.05175 0.535554 0.818273 0.450452 0.664499 0.440781
threshold=0.9297071399625868 0 1.0000000180025095e-35 1 0.57324090082199908 31.520653186837865 1.0000000180025095e-35 1.0000000180025095e-35 6596.4681750646305 0.038806577343872946 1.5000000000000002 1.0365176943378989 0.47248444076332463 2 1.0000000180025095e-35 1.0000000180025095e-35 0.73459936002505744 581.24256917423725 1.3730171506729645 1.3869806392842978 1.3618862516084771 49.275676341764047 120.08879158805752
decision_type=2 1 2 1 2 2 2 2 2 2 2 2 2 1 2 2 2 2 2 2 2 2 2
left_child=2 12 3 4 -1 10 18 20 9 -9 -3 14 -2 -14 -6 -5 -17 -18 -7 -20 -8 -22 -16
right_child=1 5 -4 15 11 6 7 8 -10 -11 -12 -13 13 -15 22 16 17 -19 19 -21 21 -23 -24
leaf_value=-0.27486065388161851 -0.56128169881543211 0.01001950708401067 -0.32331327946350097 -0.18517640957585066 -0.0021735443339888139 0.00019304166051962052 -0.15250075916188557 0.1043073436321055 -0.013976739948733328 -0.0041388062391010836 0.37140674376660399 0.10104182398406887 0.062193962173876884 -0.14178694744258902 0.069843006654399395 -0.13626098904558348 0.124473748248995 -0.016993581314815012 0.15433975123808333 0.0096601633932885608 0.054189320928553414 -0.029792427377928032 -0.024173662019472283
leaf_weight=96 231 518 495 404 376 946 365 23 62 20 33 32 31 65 63 72 25 64 20 169 25 36 28
leaf_count=96 231 518 495 404 376 946 365 23 62 20 33 32 31 65 63 72 25 64 20 169 25 36 28
internal_value=-0.00122529 -0.000302674 -0.00264351 -0.00176724 -0.000206613 0.000186348 -0.000318128 -0.00208098 0.00261905 0.0077907 0.00171506 0.000711422 -0.00351632 -0.000312501 0.000246251 -0.00334783 -0.000962734 0.00230337 0.000506607 0.00293651 -0.00323944 0.000737704 0.00379121
internal_weight=4199 2544 1655 1160 595 2217 1666 531 105 43 551 499 327 96 467 565 161 89 1135 189 426 61 91
internal_count=4199 2544 1655 1160 595 2217 1666 531 105 43 551 499 327 96 467 565 161 89 1135 189 426 61 91
cat_boundaries=0 1 2 3
cat_threshold=128 45 1
is_linear=0
shrinkage=0.05


Tree=110
num_leaves=24
num_cat=5
split_feature=5 0 4 11 0 8 15 4 5 0 5 11 11 1 16 7 9 2 19 2 1 5 37
split_gain=2.14833 1.59 0.966902 1.48344 1.28006 1.10036 1.49113 0.829421 0.821418 0.806513 0.926937 0.732551 0.659854 0.716671 0.586675 0.485215 0.739713 0.814783 0.620347 0.509786 0.475152 0.41633 0.685705
threshold=0.86008392305335724 0 1.0000000180025095e-35 1.1421704792590448 1 1.0000000180025095e-35 96.048562507698918 1.0000000180025095e-35 1.2601101320002142 2 0.57324090082199908 0.34492690110747332 0.47248444076332463 3 2.1729166666666671 1.5000000000000002 560.01526112040051 2036.5000000000002 1.0000000180025095e-35 2035.5000000000002 4 1.3730171506729645 1.5000000000000002
decision_type=2 1 2 2 1 2 2 2 2 1 2 2 2 1 2 2 2 2 2 2 1 2 2
left_child=7 12 21 4 5 8 14 9 11 10 -1 -4 -2 -14 -7 16 17 -12 -17 -20 -10 22 -3
right_child=1 2 3 -5 -6 6 -8 -9 20 -11 15 -13 13 -15 -16 18 -18 -19 19 -21 -22 -23 -24
leaf_value=-0.26111762118753762 -0.54103888636587982 0.0011061169602109005 -0.13212456600140907 0.033420181806698694 -0.16970323720074815 -0.054489028062835836 0.14295854690182583 -0.35681421043220435 -0.0010186636420351288 -0.16910240016388192 -0.0012285048075992352 0.0096872682308416641 0.058301605081427094 -0.097754156647036766 0.053967403135447012 -0.005666355295686331 -0.071847547229751021 0.12581180559596514 0.068766000262763124 -0.0018003662473711553 0.10434635511758548 0.032174912578095675 3.3791567478376652
leaf_weight=96 257 1494 147 38 410 36 32 388 25 430 58 57 32 75 21 20 169 21 77 27 30 238 21
leaf_count=96 257 1494 147 38 410 36 32 388 25 430 58 57 32 75 21 20 169 21 77 27 30 238 21
internal_value=-0.0012372 -0.000485755 -3.71251e-05 -0.00148241 -0.0019657 0.000307261 0.00511236 -0.00293935 -0.00133205 -0.00210468 -0.000606696 -0.00279412 -0.00352941 -0.000327104 0.000263157 0.000510751 -0.00076613 0.00322785 0.00306451 0.00461538 0.00409091 0.000618938 0.00031353
internal_weight=4199 2913 2549 796 758 348 89 1286 259 898 468 204 364 107 57 372 248 79 124 104 55 1753 1515
internal_count=4199 2913 2549 796 758 348 89 1286 259 898 468 204 364 107 57 372 248 79 124 104 55 1753 1515
cat_boundaries=0 1 2 3 4 5
cat_threshold=128 41 45 1 2
is_linear=0
shrinkage=0.05


Tree=111
num_leaves=24
num_cat=2
split_feature=0 35 5 11 4 5 4 2 8 7 4 11 14 14 3 14 10 14 14 0 5 5 2
split_gain=1.83154 1.82765 1.49103 1.00243 1.04649 1.16159 0.834842 0.817718 0.927226 0.709834 0.819299 1.52446 0.703552 0.95063 0.758543 0.743578 0.658206 0.650511 0.63307 0.563351 0.628457 0.508454 0.505652
threshold=0 0.044883526449059526 0.84175118767219159 0.068786488066919671 1.0000000180025095e-35 0.9728502460798758 1.0000000180025095e-35 2030.5000000000002 1.0000000180025095e-35 2.5000000000000004 1.0000000180025095e-35 1.1421704792590448 54288.776881815364 65164.141494912372 1.0000000180025095e-35 18016.10850161799 1.0000000180025095e-35 6075.6382742545966 10184.249640326083 1 1.1912409331906684 0.59363815052548841 2028.5000000000002
decision_type=1 2 2 2 2 2 2 2 2 2 2 2 2 2 2 2 2 2 2 1 2 2 2
left_child=3 2 6 -1 5 -5 17 22 -9 10 -4 19 15 -14 16 18 -15 -2 -11 20 -12 -19 -7
right_child=1 -3 9 4 -6 7 -8 8 -10 12 11 -13 13 14 -16 -17 -18 21 -20 -21 -22 -23 -24
leaf_value=-0.18180567313269547 0.11522613705668082 0.20230379266737453 0.0011611139946566145 -0.066596570106879013 -0.49198975033931758 0.021652174674001323 -0.31088673529858019 -0.045267492424135608 0.098403650354823111 -0.011979749036031861 -0.049850457952306748 0.032755633444819007 0.090661026972460992 0.021224691685538599 -0.013067457804543714 -0.023349041276545107 0.08498194663043529 -0.2352960168762763 0.10509709099564568 -0.1363905622593175 0.13981813979813457 -0.0071500044433998045 0.087055182580532325
leaf_weight=647 27 21 1319 117 114 28 267 59 20 24 68 34 25 92 47 112 45 151 22 435 36 462 27
leaf_count=647 27 21 1319 117 114 28 267 59 20 24 68 34 25 92 47 112 45 151 22 435 36 462 27
internal_value=-0.00124911 -0.000652175 -0.000751738 -0.00309198 -0.0010274 0.000776891 -0.00246417 0.00395522 0.000696201 -6.41889e-05 -0.000454547 -0.00203316 0.00194823 0.00385167 0.00260869 -0.000569621 0.00448905 -0.00148438 0.00478261 -0.00268089 0.000701753 -0.00181892 0.00863636
internal_weight=4199 3187 3166 1012 365 251 907 134 79 2259 1892 573 367 209 184 158 137 640 46 539 104 613 55
internal_count=4199 3187 3166 1012 365 251 907 134 79 2259 1892 573 367 209 184 158 137 640 46 539 104 613 55
cat_boundaries=0 1 2
cat_threshold=130 32
is_linear=0
shrinkage=0.05


Tree=112
num_leaves=24
num_cat=4
split_feature=4 0 0 8 35 8 0 15 11 9 2 6 15 10 11 15 9 0 9 9 17 11 9
split_gain=1.8014 1.40471 1.26798 1.25631 0.712746 0.646756 0.679211 0.85273 0.63857 0.625935 0.526797 0.501135 0.486997 0.460684 0.45308 0.452239 0.428632 0.509159 0.50529 0.832661 0.40704 0.401111 0.399953
threshold=1.0000000180025095e-35 0 1 1.0000000180025095e-35 0.017271466391696414 1.0000000180025095e-35 2 104.92282162419632 0.47248444076332463 5400.860159000481 2030.5000000000002 1.0000000180025095e-35 57.671785690171546 1.0000000180025095e-35 1.1770730351437695 133.37296280316218 21886.336938882338 3 18182.084045882915 19107.502552757313 74.884166666666673 0.54903149739772039 6361.1228677896806
decision_type=2 1 1 2 2 2 1 2 2 2 2 2 2 2 2 2 2 1 2 2 2 2 2
left_child=1 8 3 9 5 16 7 22 -1 -2 -9 -10 13 -5 -4 20 18 -18 -3 -20 -14 -15 -7
right_child=2 4 14 12 -6 6 -8 10 11 -11 -12 -13 15 21 -16 -17 17 -19 19 -21 -22 -23 -24
leaf_value=-0.49694472685568675 -0.013709410994890947 -0.0050965507207862406 -0.44345858324246046 -0.078487597389382269 0.20595962321956698 0.080492506604144934 0.0031817302065892334 0.032456316518047944 -0.074087790674739043 -0.13341697435399544 0.019355092770927326 0.13181915650250081 0.020561456894562596 0.034315801828463645 0.0083204345438257568 -0.023525185581166466 -0.097566424901825488 -0.0012186444318173348 0.077274991941386206 -0.027697926390297851 0.14149835011421361 -0.087812798269850167 -0.010578207367437031
leaf_weight=240 263 1386 596 33 27 86 481 26 86 236 27 22 41 25 31 25 218 183 20 47 31 20 49
leaf_count=240 263 1386 596 33 27 86 481 26 86 236 27 22 41 25 31 25 218 183 20 47 31 20 49
internal_value=-0.00122529 -0.000531402 -0.00277095 -0.00119883 -0.000117189 -0.000204123 0.00112855 0.00358586 -0.00346369 -0.00249499 0.00915094 -0.000370372 0.00242857 -0.000512822 -0.00437206 0.00479381 -0.000685007 -0.00213217 -0.000285617 0.00395522 0.00680555 0.00277778 0.00166667
internal_weight=4199 2898 1301 674 2550 2523 669 188 348 499 53 108 175 78 627 97 1854 401 1453 67 72 45 135
internal_count=4199 2898 1301 674 2550 2523 669 188 348 499 53 108 175 78 627 97 1854 401 1453 67 72 45 135
cat_boundaries=0 1 2 3 4
cat_threshold=128 45 18 86
is_linear=0
shrinkage=0.05


Tree=113
num_leaves=24
num_cat=3
split_feature=5 0 4 0 4 9 0 6 5 5 11 14 14 14 5 9 5 5 15 15 9 5 7
split_gain=2.1163 1.8015 0.909063 0.855732 0.754476 1.72703 1.01306 1.32281 1.27675 0.676872 0.534482 0.522702 0.49408 0.802824 0.515767 1.12201 0.524743 0.48067 0.457921 0.587099 0.547973 0.464844 0.464681
threshold=0.86354054545950343 0 1.0000000180025095e-35 1 1.0000000180025095e-35 319.99629709843435 2 1.0000000180025095e-35 1.1347049787747847 0.56444565938134728 0.47248444076332463 95974.252668371584 184432.44623814969 152534.41816955732 1.6204724967474646 7262.3728707664641 0.88677049098292526 1.294853711309133 135.4327625519401 86.828601745182254 455.53286219347382 0.6732881902594493 1.5000000000000002
decision_type=2 1 2 1 2 2 1 2 2 2 2 2 2 2 2 2 2 2 2 2 2 2 2
left_child=2 10 3 9 12 -6 7 -7 -9 -1 -2 -12 13 14 16 -16 -3 -15 19 20 21 -11 -21
right_child=1 4 -4 -5 5 6 -8 8 -10 18 11 -13 -14 17 15 -17 -18 -19 -20 22 -22 -23 -24
leaf_value=-0.25853385794946754 -0.48479900339316395 0.018259101916057379 -0.31806574694929862 -0.14773765988778861 0.022875132242261953 -0.03549296308541218 -0.17627555246376717 -0.0047004135791886273 0.13576476684574054 0.1006407330162204 -0.096396298897019339 0.082864678611031722 -0.077081877393300538 0.065731082067089344 0.39212896718287871 -0.057154759946766311 0.00044807168721342861 -0.033418657680214583 -0.035104538572894743 0.010121741806784778 -0.0062538489844181852 0.016285511406366911 0.079861985782958667
leaf_weight=88 257 61 390 438 218 133 396 23 24 20 76 31 38 110 21 20 1460 28 64 55 165 57 26
leaf_count=88 257 61 390 438 218 133 396 23 24 20 76 31 38 110 21 20 1460 28 64 55 165 57 26
internal_value=-0.00117766 -0.000424725 -0.00285111 -0.00198795 5.50736e-05 -0.00122166 -0.00265625 0.000526315 0.00776596 -0.000463919 -0.0036631 -0.000794394 0.000638664 0.000764705 0.00044174 0.00597561 0.000292569 0.00442029 0.000426355 0.00119195 -4.13235e-05 0.00344156 0.00487654
internal_weight=4199 2896 1303 913 2532 794 576 180 47 475 364 107 1738 1700 1562 41 1521 138 387 323 242 77 81
internal_count=4199 2896 1303 913 2532 794 576 180 47 475 364 107 1738 1700 1562 41 1521 138 387 323 242 77 81
cat_boundaries=0 1 2 3
cat_threshold=128 45 36
is_linear=0
shrinkage=0.05


Tree=114
num_leaves=24
num_cat=4
split_feature=5 0 8 4 0 4 11 5 6 2 15 15 11 5 5 8 0 5 11 6 0 18 2
split_gain=2.16247 1.82758 0.886805 0.786117 0.867411 0.707587 1.37123 0.978822 0.676362 0.644022 0.812949 0.563333 0.534482 0.520423 0.478953 0.449524 0.424321 1.03206 0.406302 0.387019 0.554823 0.985641 0.54792
threshold=0.86008392305335724 0 1.0000000180025095e-35 1.0000000180025095e-35 1 1.0000000180025095e-35 1.0215050346234318 1.5300513205035833 1.0000000180025095e-35 2034.5000000000002 95.469103393965256 31.635187667559883 0.47248444076332463 1.2601101320002142 0.56444565938134728 1.0000000180025095e-35 2 1.2451720273098628 1.008575700215985 1.0000000180025095e-35 3 1.0000000180025095e-35 2033.5000000000002
decision_type=2 1 2 2 1 2 2 2 2 2 2 2 2 2 2 2 1 2 2 2 1 2 2
left_child=3 12 5 4 8 -3 7 16 14 10 -10 -8 -2 15 -1 -14 17 -7 -16 -4 -21 -22 -23
right_child=1 2 19 -5 -6 6 11 -9 9 -11 -12 -13 13 -15 18 -17 -18 -19 -20 20 21 22 -24
leaf_value=-0.2575613090954853 -0.46055905322350577 0.00060362032479665617 0.0094677364987457643 -0.30319128940573148 -0.14825382456979141 -0.054541216907200346 0.036159300515468749 0.01205346212344395 0.032276304424760614 -0.014705552401200989 0.10527932941237501 0.00293717181722296 -0.15585675372519706 0.071687357003788477 -0.0048992442653508703 0.073274403023169676 -0.16233110715450438 0.091040707207838675 0.084730920448878616 0.0061140665196964747 -0.016722620313094738 0.12779334396434336 0.026402724826626069
leaf_weight=74 257 1304 375 388 430 132 20 25 29 32 20 30 59 23 290 25 336 41 23 136 20 62 68
leaf_count=74 257 1304 375 388 430 132 20 25 29 32 20 30 59 23 290 25 336 41 23 136 20 62 68
internal_value=-0.00115385 -0.000399933 8.01082e-05 -0.00286159 -0.002049 -0.000471399 -0.00191781 -0.00265918 -0.000502093 0.00364197 0.0072449 0.006 -0.0036631 -0.000794394 -0.00138243 -0.00261905 -0.0031336 -0.00090164 -0.000527158 0.00165658 0.00304196 0.005 0.00692308
internal_weight=4199 2913 2549 1286 898 1888 584 534 468 81 49 50 364 107 387 84 509 173 313 661 286 150 130
internal_count=4199 2913 2549 1286 898 1888 584 534 468 81 49 50 364 107 387 84 509 173 313 661 286 150 130
cat_boundaries=0 1 2 3 4
cat_threshold=128 45 48 112
is_linear=0
shrinkage=0.05


Tree=115
num_leaves=24
num_cat=2
split_feature=0 5 11 4 15 11 4 5 2 14 15 11 11 5 11 7 8 0 15 5 5 2 2
split_gain=2.02501 1.38181 1.00408 0.883443 0.779538 0.721222 0.809696 1.04888 0.798899 0.686558 1.07302 0.676581 0.878134 0.569246 0.577738 0.63122 0.5235 0.726497 1.04684 0.492424 0.468615 0.433671 0.643809
threshold=0 0.86354054545950343 1.2557254659792982 1.0000000180025095e-35 27.493607856082857 0.36632641747065203 1.0000000180025095e-35 0.86008392305335724 2033.5000000000002 38805.750356553144 97.533064151323813 0.33976921189614956 0.73629510341212356 1.7087207497092562 1.0215050346234318 1.5000000000000002 1.0000000180025095e-35 1 112.56469782915184 1.0942162355239466 1.2716120369759094 2030.5000000000002 2029.5000000000002
decision_type=1 2 2 2 2 2 2 2 2 2 2 2 2 2 2 2 2 1 2 2 2 2 2
left_child=5 2 3 11 -4 16 7 -7 9 -9 -11 21 -13 14 -3 20 -1 18 -18 -17 -16 22 -2
right_child=1 13 4 -5 -6 6 -8 8 -10 10 -12 12 -14 -15 15 19 17 -19 -20 -21 -22 -23 -24
leaf_value=-0.21980904820229463 -0.037128887428497633 -0.0010066865889489989 0.04121749751023062 -0.27833290385625614 -0.0074121817145817118 -0.1111460402966354 -0.39317329348525865 -0.0037652697112502513 -0.04233864455069266 0.17881631466661854 0.092753999508571286 0.025869284537938193 -0.0088734341891968296 0.52183335293180011 -0.012165541098205928 0.14885691793256095 -0.022584005059872694 -0.37308760264440499 0.036995849836714022 0.2950038208936504 0.061536230610943016 -0.068708918714605535 0.040660143895175249
leaf_weight=507 150 1993 20 270 31 71 90 33 63 21 24 28 160 23 95 22 75 101 27 30 31 309 25
leaf_count=507 150 1993 20 270 31 71 90 33 63 21 24 28 160 23 95 22 75 101 27 30 31 309 25
internal_value=-0.00110622 -0.000480139 -0.00202921 -0.00239915 0.00480392 -0.00304305 -0.00102649 0.000660376 0.00315603 0.00653846 0.0105556 -0.00142857 0.00111702 0.000218777 0.000135881 0.00286517 -0.00394366 -0.00179803 0.00125 0.0075 0.00095238 -0.00241736 -0.000428573
internal_weight=4199 3187 993 942 51 1012 302 212 141 78 45 672 188 2194 2171 178 710 203 102 52 126 484 175
internal_count=4199 3187 993 942 51 1012 302 212 141 78 45 672 188 2194 2171 178 710 203 102 52 126 484 175
cat_boundaries=0 1 2
cat_threshold=130 2
is_linear=0
shrinkage=0.05


Tree=116
num_leaves=24
num_cat=1
split_feature=0 35 5 4 8 11 4 5 9 14 5 9 7 14 14 5 7 14 14 14 3 9 2
split_gain=2.12882 1.24469 1.29081 0.894529 0.965826 0.854983 0.864493 0.822972 0.619836 0.715961 0.593182 0.611259 1.02215 0.630505 0.879634 0.584725 0.562939 0.592295 1.11705 1.02792 0.581039 1.09857 0.873798
threshold=0 0.044883526449059526 0.85301416984164968 1.0000000180025095e-35 1.5000000000000002 0.33026535812080277 1.0000000180025095e-35 0.86008392305335724 31.520653186837865 39316.05765398981 0.54654052051512081 7833.532896451964 1.0000000180025095e-35 98325.613438700137 60979.503165495335 1.7087207497092562 2.5000000000000004 54288.776881815364 65164.141494912372 16434.96028759101 1.0000000180025095e-35 19107.502552757313 2033.5000000000002
decision_type=1 2 2 2 2 2 2 2 2 2 2 2 2 2 2 2 2 2 2 2 2 2 2
left_child=5 2 3 4 10 -1 7 -7 9 -9 -2 12 -12 14 -14 16 -4 19 -19 -18 21 22 -20
right_child=1 -3 15 -5 -6 6 -8 8 -10 -11 11 -13 13 -15 -16 -17 17 18 20 -21 -22 -23 -24
leaf_value=-0.1564686610953856 -0.31150360634356566 0.19350440172698646 -0.0023202072833730333 -0.24967922270680726 0.0094218829080331499 -0.10558873828180347 -0.37791153225182694 -0.067605583009570286 0.066603554025481695 0.071365259257276895 -0.014245155072834187 -0.075599434284520095 0.032721081003067684 -0.019760610302148138 0.087084496437133563 0.4957416852852104 0.050674067428681857 0.079960083188273745 0.0097921130660684787 -0.021659072159984673 -0.016137765409945558 -0.0087556281767373675 0.087586262265370071
leaf_weight=706 105 21 1839 280 39 71 91 51 27 66 165 229 72 33 23 23 39 24 29 116 44 68 38
leaf_count=706 105 21 1839 280 39 71 91 51 27 66 165 229 72 33 23 23 39 24 29 116 44 68 38
internal_value=-0.00110622 -0.000464499 -0.000546432 -0.00209302 -0.0010961 -0.00309198 -0.000915034 0.000813952 0.00298611 0.00141026 -0.00157097 -0.000881227 0.000631398 0.00398437 0.00605263 0.000112611 2.95846e-05 0.00184357 0.00362069 -0.000483872 0.00226257 0.00388889 0.00843283
internal_weight=4199 3187 3166 946 666 1012 306 215 144 117 627 522 293 128 95 2220 2197 358 203 155 179 135 67
internal_count=4199 3187 3166 946 666 1012 306 215 144 117 627 522 293 128 95 2220 2197 358 203 155 179 135 67
cat_boundaries=0 1
cat_threshold=130
is_linear=0
shrinkage=0.05


Tree=117
num_leaves=24
num_cat=1
split_feature=0 5 11 4 7 7 4 9 11 14 14 5 14 16 5 5 15 2 14 5 7 9 14
split_gain=2.01619 1.57738 0.966093 0.907408 0.818261 0.719403 0.75005 1.19711 0.648242 0.716103 0.632256 0.908888 0.614453 0.611834 0.539022 0.537441 0.629762 0.515045 0.501279 0.502326 0.503361 0.623021 0.494497
threshold=0 0.85301416984164968 1.2557254659792982 1.0000000180025095e-35 2.5000000000000004 1.5000000000000002 1.0000000180025095e-35 319.99629709843435 1.1287618731047628 51381.780718460745 65164.141494912372 1.1606751215755724 78673.014554060079 3.485125 1.0227623270571322 1.0687437210359148 19.70506439415054 2033.5000000000002 7639.0746366610892 0.7681049980012834 1.0000000180025095e-35 8356.4248115679093 18785.629984887375
decision_type=1 2 2 2 2 2 2 2 2 2 2 2 2 2 2 2 2 2 2 2 2 2 2
left_child=-1 2 3 4 18 6 -3 14 9 15 11 -11 -12 -6 -8 16 -7 -4 -2 -20 -21 -22 -16
right_child=1 5 17 -5 13 8 7 -9 -10 10 12 -13 -14 -15 22 -17 -18 -19 19 20 21 -23 -24
leaf_value=-0.29733119073143638 0.11588867279404709 0.00048087823273869167 -0.032064813909404723 -0.2869838131184958 0.0008777843145259521 0.027728118538042402 -0.069402872776989866 -0.13627835174642641 0.27552288277370518 0.056381700981804866 -0.020742702393489118 -0.0028199669726698012 0.023153904355188878 0.0094244991170160386 -0.040108645375446901 0.0033210898964252558 -0.02554331827061972 0.02359272320928954 -0.11884740352325274 -0.08479612765480786 0.047887977409306497 -0.060364758208614713 0.049783125709015733
leaf_weight=507 27 1230 25 316 104 20 45 375 35 35 58 23 343 25 22 197 120 29 412 116 30 31 74
leaf_count=507 27 1230 25 316 104 20 45 375 35 35 58 23 343 25 22 197 120 29 412 116 30 31 74
internal_value=-0.00110622 -0.000691519 -0.00226458 -0.00259661 -0.0016443 -1.35829e-05 -0.000589921 -0.00218992 0.00119735 0.000904521 0.00218954 0.00706896 0.00148379 0.00197674 0.00173759 -0.000845699 -0.00321429 0.00425926 -0.0024026 -0.00270798 -0.000480227 0.00319672 0.00385417
internal_weight=4199 3692 1115 1061 745 2577 1746 516 831 796 459 58 401 129 141 337 140 54 616 589 177 61 96
internal_count=4199 3692 1115 1061 745 2577 1746 516 831 796 459 58 401 129 141 337 140 54 616 589 177 61 96
cat_boundaries=0 1
cat_threshold=128
is_linear=0
shrinkage=0.05


Tree=118
num_leaves=24
num_cat=3
split_feature=8 0 11 4 5 5 0 18 9 14 9 5 34 5 36 15 7 36 0 15 36 5 5
split_gain=1.91623 1.94166 1.81392 1.39357 1.13751 0.979872 0.91909 0.676049 0.618387 0.919492 0.601492 0.690595 0.53886 0.480159 0.47735 1.02878 0.677134 0.459876 0.548403 0.648743 0.529443 0.607681 0.509035
threshold=1.5000000000000002 0 1.0795095145172515 1.0000000180025095e-35 0.8562717732649815 0.54654052051512081 1 1.0000000180025095e-35 1.0000000180025095e-35 52859.402025917014 1460.1975436730629 1.3771122059273162 1.0000000180025095e-35 1.4590833241574643 0.11212236513494012 26.190656645233041 1.0000000180025095e-35 3.2194841001973646 2 21.585421683098385 0.2850619798478029 0.72126337994860246 1.3730171506729645
decision_type=2 1 2 2 2 2 1 2 2 2 2 2 2 2 2 2 2 2 1 2 2 2 2
left_child=1 5 -2 4 -3 -1 8 -8 9 -6 14 -12 17 -13 15 16 -9 18 19 -7 21 -20 -21
right_child=2 3 -4 -5 6 12 7 10 -10 -11 11 13 -14 -15 -16 -17 -18 -19 20 22 -22 -23 -24
leaf_value=-0.30957139842720516 0.0057795825659085736 -0.16192450545383064 0.27130021438552537 -0.32074065432278148 -0.061075611683620468 -0.042250810976452585 -0.02134460271509743 0.061663678727707151 -0.33229743829270747 0.080595969586929855 -0.015572858209493105 0.057189002737741815 0.064413745588272717 -0.0044672552126421633 -0.013348599393034871 0.0069432109891964678 0.10527165010660228 3.2584060769477641 -0.067652015992003142 0.017684317753845085 0.033533059390332125 -0.0037852314061057623 0.12502656533803619
leaf_weight=101 255 391 20 584 31 37 89 23 172 28 349 28 24 36 47 149 27 20 158 383 47 1148 52
leaf_count=101 255 391 20 584 31 37 89 23 172 28 349 28 24 36 47 149 27 20 158 383 47 1148 52
internal_value=-0.00103477 -0.00131753 0.003 -0.00242872 -0.00156934 -0.000202021 -0.000658837 0.000211081 -0.00334025 0.000932202 0.000766311 -0.000399517 5.61786e-05 0.004375 0.00272358 0.00379397 0.01 -4.06516e-05 -0.000123289 0.0013278 -0.000634631 -0.000826954 0.00189655
internal_weight=4199 3924 275 1954 1370 1970 979 748 231 59 659 413 1869 64 246 199 50 1845 1825 472 1353 1306 435
internal_count=4199 3924 275 1954 1370 1970 979 748 231 59 659 413 1869 64 246 199 50 1845 1825 472 1353 1306 435
cat_boundaries=0 1 2 3
cat_threshold=45 128 32
is_linear=0
shrinkage=0.05


Tree=119
num_leaves=24
num_cat=4
split_feature=0 8 5 4 0 11 4 5 16 5 9 0 5 5 7 9 5 5 9 2 4 2 0
split_gain=1.83603 1.64226 1.63101 0.75423 0.792233 0.655903 1.07674 0.957738 0.616982 0.793523 0.765625 0.601984 0.585653 0.579745 0.552477 0.522348 0.590656 0.511493 0.504536 0.520838 0.478406 0.783069 0.405537
threshold=0 1.0000000180025095e-35 0.92150294269003385 1.0000000180025095e-35 1 0.58617967701632978 1.0000000180025095e-35 1.5300513205035833 3.485125 0.95604214863564396 1375.1707708702409 2 0.59363815052548841 1.2393793021592654 1.5000000000000002 394.05334507355502 1.2601101320002142 1.0566613915605825 699.660860143631 2036.5000000000002 1.0000000180025095e-35 2034.5000000000002 3
decision_type=1 2 2 2 1 2 2 2 2 2 2 1 2 2 2 2 2 2 2 2 2 2 1
left_child=15 2 3 4 -2 6 11 -8 17 10 -10 -4 -6 -11 18 16 -1 20 19 -14 21 -3 -19
right_child=1 8 5 -5 12 -7 7 -9 9 13 -12 -13 14 -15 -16 -17 -18 22 -20 -21 -22 -23 -24
leaf_value=-0.077841732057595897 -0.14160479660021424 0.012549130937812639 -0.068535884811921119 -0.30335419272878172 -0.20928286353455552 0.0083828764219181558 -0.13298311861824716 0.0043361257264401187 0.084755350940003138 -0.031254941830264234 0.00096014793724575286 0.0043409332930715245 0.0021993194871070612 0.10359928250202916 0.020472636777816012 -0.40516607700471374 0.066430671514629377 -0.0065343713923039191 -0.070892104205018541 0.075527066521554442 -0.11911511827571833 -0.011439180885645932 0.041749289713999764
leaf_weight=136 297 189 106 323 79 471 358 20 32 46 32 722 76 32 55 348 23 113 185 26 143 144 243
leaf_count=136 297 189 106 323 79 471 358 20 32 46 32 722 76 32 55 348 23 113 185 26 143 144 243
internal_value=-0.00104668 -0.000651001 -0.00128403 -0.00283862 -0.00193593 -0.000319023 -0.000936983 -0.00314815 0.00110883 0.00415493 0.00828125 7.24626e-05 -0.000475639 0.00076923 0.000409356 -0.00383946 -0.00154088 0.000588941 -0.000470384 0.00235294 -0.000483194 0.000555554 0.00202247
internal_weight=4199 3692 2718 1041 718 1677 1206 378 974 142 64 828 421 78 342 507 159 832 287 102 476 333 356
internal_count=4199 3692 2718 1041 718 1677 1206 378 974 142 64 828 421 78 342 507 159 832 287 102 476 333 356
cat_boundaries=0 1 2 3 4
cat_threshold=128 82 2 80
is_linear=0
shrinkage=0.05


end of trees

feature_importances:
scale=637
type_idx=295
buffer=259
habitat_proximity=251
min_habitat_m=229
nearby_highway_2km=227
min_water_m=202
min_road_km=179
horizon_year=121
nearby_2km=105
nearby_500m=73
snow_mm=45
roadkill_intensity_2km=39
country_idx=33
habitat_hits=19
precip_mm=13
cooling=9
has_roadkill=8
gbif_count_2km=7
gbif_suitability=5
has_gbif=2
has_osm_roads=1
roadkill_count_2km=1

parameters:
[boosting: gbdt]
[objective: quantile]
[metric: quantile]
[tree_learner: serial]
[device_type: cpu]
[data_sample_strategy: bagging]
[data: ]
[valid: ]
[num_iterations: 120]
[learning_rate: 0.05]
[num_leaves: 24]
[num_threads: 0]
[seed: 7]
[deterministic: 0]
[force_col_wise: 0]
[force_row_wise: 0]
[histogram_pool_size: -1]
[max_depth: -1]
[min_data_in_leaf: 20]
[min_sum_hessian_in_leaf: 0.001]
[bagging_fraction: 1]
[pos_bagging_fraction: 1]
[neg_bagging_fraction: 1]
[bagging_freq: 0]
[bagging_seed: 17422]
[bagging_by_query: 0]
[feature_fraction: 0.9]
[feature_fraction_bynode: 1]
[feature_fraction_seed: 7040]
[extra_trees: 0]
[extra_seed: 6516]
[early_stopping_round: 0]
[early_stopping_min_delta: 0]
[first_metric_only: 0]
[max_delta_step: 0]
[lambda_l1: 0]
[lambda_l2: 0]
[linear_lambda: 0]
[min_gain_to_split: 0]
[drop_rate: 0.1]
[max_drop: 50]
[skip_drop: 0.5]
[xgboost_dart_mode: 0]
[uniform_drop: 0]
[drop_seed: 15215]
[top_rate: 0.2]
[other_rate: 0.1]
[min_data_per_group: 100]
[max_cat_threshold: 32]
[cat_l2: 10]
[cat_smooth: 10]
[max_cat_to_onehot: 4]
[top_k: 20]
[monotone_constraints: ]
[monotone_constraints_method: basic]
[monotone_penalty: 0]
[feature_contri: ]
[forcedsplits_filename: ]
[refit_decay_rate: 0.9]
[cegb_tradeoff: 1]
[cegb_penalty_split: 0]
[cegb_penalty_feature_lazy: ]
[cegb_penalty_feature_coupled: ]
[path_smooth: 0]
[interaction_constraints: ]
[verbosity: -1]
[saved_feature_importance_type: 0]
[use_quantized_grad: 0]
[num_grad_quant_bins: 4]
[quant_train_renew_leaf: 0]
[stochastic_rounding: 1]
[linear_tree: 0]
[max_bin: 255]
[max_bin_by_feature: ]
[min_data_in_bin: 3]
[bin_construct_sample_cnt: 200000]
[data_random_seed: 61]
[is_enable_sparse: 1]
[enable_bundle: 1]
[use_missing: 1]
[zero_as_missing: 0]
[feature_pre_filter: 1]
[pre_partition: 0]
[two_round: 0]
[header: 0]
[label_column: ]
[weight_column: ]
[group_column: ]
[ignore_column: ]
[categorical_feature: 0,1]
[forcedbins_filename: ]
[precise_float_parser: 0]
[parser_config_file: ]
[objective_seed: 15521]
[num_class: 1]
[is_unbalance: 0]
[scale_pos_weight: 1]
[sigmoid: 1]
[boost_from_average: 1]
[reg_sqrt: 0]
[alpha: 0.9]
[fair_c: 1]
[poisson_max_delta_step: 0.7]
[tweedie_variance_power: 1.5]
[lambdarank_truncation_level: 30]
[lambdarank_norm: 1]
[label_gain: ]
[lambdarank_position_bias_regularization: 0]
[eval_at: ]
[multi_error_top_k: 1]
[auc_mu_weights: ]
[num_machines: 1]
[local_listen_port: 12400]
[time_out: 120]
[machine_list_filename: ]
[machines: ]
[gpu_platform_id: -1]
[gpu_device_id: -1]
[gpu_device_id_list: ]
[gpu_use_dp: 0]
[num_gpu: 1]

end of parameters

pandas_categorical:null
