tree
version=v4
num_class=1
num_tree_per_iteration=1
label_index=0
max_feature_idx=37
objective=quantile
feature_names=type_idx country_idx horizon_year cooling buffer scale nearby_500m nearby_2km nearby_highway_2km min_habitat_m habitat_hits habitat_proximity water_hits water_overlap min_water_m min_road_km snow_mm precip_mm has_gbif has_roadkill has_osm_roads has_open_meteo gbif_myotis_myotis gbif_meles_meles gbif_castor_fiber gbif_alcedo_atthis gbif_bombina_variegata gbif_alauda_arvensis gbif_podiceps_cristatus gbif_acrocephalus_scirpaceus gbif_lutra_lutra gbif_ciconia_ciconia gbif_cervus_elaphus gbif_count_500m gbif_count_2km gbif_suitability roadkill_intensity_2km roadkill_count_2km
feature_infos=-1:6:5:2:4:0:7:3:1 -1:0:1:2 [2026:2040] [0:1] [0:1] [0.40000000000000002:2] [0:3] [0:3] [0:3] [0:125011.43205326654] [0:6] [0:3] [0:5] [0:1] [44.225848332120513:209444.01326761045] [0.16774822241364587:228.22479370757517] [0:4.4129166666666659] [0:89.364999999999995] [0:1] [0:1] [0:1] [0:1] none none none none none none none none none [0:1.0918136539803009] none none [0:37] [0:3.2117718603482626] [0:17.727708328222089] [0:15]
tree_sizes=2058 2274 2234 2178 2206 2189 2214 2224 2219 2177 2220 2209 2198 2188 2200 2202 2209 2235 2185 2219 2232 2213 2193 2229 2226 2233 2240 2219 2208 2245 2247 2222 2201 2217 2230 2241 2208 2207 2248 2222 2230 2230 2232 2224 2207 2239 2234 2203 2246 2226 2217 2238 2238 2216 2227 2250 2231 2235 2243 2276 2213 2254 2221 2228 2235 2246 2229 2238 2263 2248 2236 2195 2247 2272 2235 2232 2241 2253 2206 2245 2250 2244 2272 2264 2233 2259 2253 2289 2251 2224 2296 2254 2262 2242 2272 2216 2214 2240 2253 2271 2291 2211 2277 2231 2216 2255 2237 2212 2220 2204 2213 2217 2266 2242 2241 2283 2231 2247 2229 2247

Tree=0
num_leaves=24
num_cat=1
split_feature=0 2 5 5 2 2 5 5 2 5 9 9 5 5 2 2 14 14 2 2 5 2 5
split_gain=79.1644 115.607 51.6816 13.6652 16.8273 8.5358 8.34014 3.98126 6.30395 2.85387 1.01841 1.25952 0.925105 0.635922 1.01808 0.587778 0.475682 0.469927 0.378934 0.355056 0.846774 0.135078 0.030897
threshold=0 2033.5000000000002 1.1704710721111968 0.55782275054609032 2034.5000000000002 2034.5000000000002 0.92692011529563423 0.6677617044747115 2030.5000000000002 1.2485015017600369 1190.832459645399 8485.1027934532904 1.0921227308458137 0.62850798343534187 2034.5000000000002 2037.5000000000002 68926.137849359249 30893.119705021531 2037.5000000000002 2032.5000000000002 0.95604214863564396 2032.5000000000002 0.64827296193767847
decision_type=1 2 2 2 2 2 2 2 2 2 2 2 2 2 2 2 2 2 2 2 2 2 2
left_child=1 7 5 4 21 6 -3 8 -1 15 -6 -12 -7 14 -5 -4 -14 -11 -16 -9 -21 -2 -15
right_child=3 2 9 13 10 12 -8 19 -10 17 11 -13 16 22 18 -17 -18 -19 -20 20 -22 -23 -24
leaf_value=3.2670930390097723 3.35345687927073 3.1887426379775063 3.2481844556366259 3.3685400200043589 3.2070786357768806 3.1713706924747957 3.251688084645961 3.346456866314516 3.2082402944721715 3.2515441205134912 3.2169429042070781 3.1968684090899986 3.2204451622513446 3.2707228295126449 3.2422182977535177 3.2354063774231334 3.2248517894814812 3.2630297995363811 3.255764526164306 3.2463877464248414 3.323046004772412 3.2599239088397791 3.3622567662484499
leaf_weight=41 80 24 20 73 31 250 27 457 26 29 20 28 20 32 26 25 23 59 22 20 42 23 2801
leaf_count=41 80 24 20 73 31 250 27 457 26 29 20 28 20 32 26 25 23 59 22 20 42 23 2801
internal_value=3.25319 3.24146 3.22307 3.25718 3.2439 3.21284 3.23172 3.25622 3.24475 3.24954 3.22654 3.2311 3.20955 3.25802 3.25447 3.2393 3.21633 3.25478 3.24881 3.2577 3.25415 3.25722 3.25817
internal_weight=4199 1063 477 3136 182 344 51 586 67 133 79 48 293 2954 121 45 43 88 48 519 62 103 2833
internal_count=4199 1063 477 3136 182 344 51 586 67 133 79 48 293 2954 121 45 43 88 48 519 62 103 2833
cat_boundaries=0 1
cat_threshold=72
is_linear=0
shrinkage=1


Tree=1
num_leaves=24
num_cat=1
split_feature=2 10 2 14 16 11 14 20 15 2 16 6 8 15 15 14 15 1 7 15 14 4 14
split_gain=38.6347 2.37457 2.03913 1.11896 1.27154 0.962963 0.913483 0.780034 0.724638 0.629845 0.825598 1.04644 2.21355 0.823087 0.674821 0.720399 0.688235 0.637687 1.14396 0.878312 1.62022 0.859375 0.748496
threshold=2034.5000000000002 2.5000000000000004 2032.5000000000002 33580.062064940204 1.756416666666667 0.089504451277404307 26305.939935509199 1.0000000180025095e-35 48.890295924035421 2037.5000000000002 1.4758333333333338 1.0000000180025095e-35 1.0000000180025095e-35 31.635187667559883 27.999079570150631 80922.769451986052 116.28100362387077 0 1.0000000180025095e-35 134.51858932403073 158982.04161539089 1.0000000180025095e-35 79556.969834356583
decision_type=2 2 2 2 2 2 2 2 2 2 2 2 2 2 2 2 2 1 2 2 2 2 2
left_child=2 3 -1 5 9 6 -2 -7 -8 13 -11 12 14 -5 -12 -16 -17 19 21 22 -21 -19 -15
right_child=1 -3 -4 4 -6 7 8 -9 -10 10 11 -13 -14 17 15 16 -18 18 -20 20 -22 -23 -24
leaf_value=0.16120053374211651 -0.029910978556946355 0.017805899339589665 0.012425422259556722 -0.0016651245477280166 -0.030076887141915188 -0.00029341539801897997 -0.055460688363703547 -0.039671382707706121 -0.036952087606269605 -0.020016214249584888 -0.047409412617361493 0.0091889008322960705 -0.054201623670698341 -0.051948861245853122 0.007430594484534714 -0.041615437782401767 -0.033044215290980561 -0.062576070199078807 -0.018169351988287511 -0.075046506092654952 -0.034860950475977169 -0.017553607292018582 -0.026031596850412422
leaf_weight=1975 165 96 542 41 297 22 46 194 23 216 21 35 42 69 33 39 51 44 50 21 43 20 114
leaf_count=1975 165 96 542 41 297 22 46 194 23 216 21 35 42 69 33 39 51 44 50 21 43 20 114
internal_value=0.000105978 -0.005761 0.00402662 -0.0062232 -0.00538732 -0.00833333 -0.00611111 -0.0107407 -0.010942 -0.0063826 -0.00506865 -0.00721719 -0.00870968 -0.00781094 -0.00576389 -0.00434959 -0.00666667 -0.00857341 -0.0116667 -0.00714575 -0.0121875 -0.0160937 -0.00538251
internal_weight=4199 1682 2517 1586 1136 450 234 216 69 839 437 221 186 402 144 123 90 361 114 247 64 64 183
internal_count=4199 1682 2517 1586 1136 450 234 216 69 839 437 221 186 402 144 123 90 361 114 247 64 64 183
cat_boundaries=0 1
cat_threshold=1
is_linear=0
shrinkage=0.05


Tree=2
num_leaves=24
num_cat=2
split_feature=5 5 5 5 5 9 14 15 5 36 5 34 14 14 7 14 5 1 11 5 1 9 14
split_gain=15.9497 7.53746 1.28731 1.44557 1.10529 1.05221 1.01185 1.00082 0.619582 0.867797 0.64252 0.64803 0.592097 1.28112 0.560897 0.5484 0.587639 1.32868 0.511269 0.852403 1.08671 0.470383 0.468831
threshold=0.55782275054609032 1.1606751215755724 0.64337206274225478 0.61287064589900508 0.40013708798615666 13884.561772756344 33136.586579554067 69.413822433204857 0.99399758775364122 1.9522812278682142 0.98854811158597589 1.0000000180025095e-35 60979.503165495335 23776.626830658763 1.0000000180025095e-35 10184.249640326083 1.1415607775418246 0 0.16000627909584211 0.59363815052548841 1 609.11502569308516 76593.118290734303
decision_type=2 2 2 2 2 2 2 2 2 2 2 2 2 2 2 2 2 1 2 2 1 2 2
left_child=4 2 3 18 5 6 -1 -5 9 10 11 -4 13 21 -15 -10 -17 -18 19 20 -2 -6 -14
right_child=1 -3 8 7 12 -7 -8 -9 15 -11 -12 -13 22 14 -16 16 17 -19 -20 -21 -22 -23 -24
leaf_value=-0.065000374827847082 -0.077261664465404278 0.061942270812033157 -0.010217815127605119 -0.011953947652858244 -0.045927375219749364 -0.059110706223739866 -0.09905238646405734 -0.067411123163866632 -0.017215556533409896 -0.037131034182269221 -0.022768111885092902 -0.035114714651203797 -0.084742814496540197 0.0032835040005629564 -0.043318110669737425 0.043461730304267081 -0.022198676133654088 0.093452192541029933 0.023613863717332775 0.060388660331596483 0.0010545580283630562 -0.025447735058575019 -0.058619815102414957
leaf_weight=20 21 1200 1536 36 20 21 21 32 62 27 31 26 22 24 28 809 36 53 46 27 25 21 55
leaf_count=20 21 1200 1536 36 20 21 21 32 62 27 31 26 22 24 28 809 36 53 46 27 25 21 55
internal_value=7.0255e-05 0.000815478 -0.000619805 -0.00462567 -0.0126724 -0.0183871 -0.0230488 -0.0104412 -0.000329457 -0.000925926 -0.000775267 -0.000633803 -0.0105882 -0.00790323 -0.00269231 0.000677084 0.000991091 -0.00286517 -0.00130252 -0.00390411 -0.00804348 -0.0145122 -0.0138312
internal_weight=4199 3967 2767 187 232 62 41 68 2580 1620 1593 1562 170 93 52 960 898 89 119 73 46 41 77
internal_count=4199 3967 2767 187 232 62 41 68 2580 1620 1593 1562 170 93 52 960 898 89 119 73 46 41 77
cat_boundaries=0 1 2
cat_threshold=2 2
is_linear=0
shrinkage=0.05


Tree=3
num_leaves=24
num_cat=2
split_feature=0 2 5 5 2 2 5 5 2 5 5 2 15 15 5 2 1 15 5 2 2 2 9
split_gain=82.8314 113.964 48.4198 9.74137 11.7306 8.07856 7.04029 5.40743 7.40009 2.83374 1.40422 1.21433 1.2 0.750649 0.496485 0.804408 0.480769 0.238095 0.21386 0.645027 0.135078 0.102439 0.1
threshold=0 2033.5000000000002 1.2104102448523337 0.55782275054609032 2034.5000000000002 2034.5000000000002 0.92692011529563423 0.6677617044747115 2030.5000000000002 1.0921227308458137 1.3153449239505515 2036.5000000000002 37.117408138079675 83.467243032003111 0.62850798343534187 2034.5000000000002 1 48.202401490959581 0.81700912784608037 2031.5000000000002 2032.5000000000002 2027.5000000000002 9439.6326153221398
decision_type=1 2 2 2 2 2 2 2 2 2 2 2 2 2 2 2 1 2 2 2 2 2 2
left_child=1 7 5 4 20 6 -3 8 21 -7 13 -6 -11 -4 15 -5 -13 -17 19 -9 -2 -1 -14
right_child=3 2 10 14 11 9 -8 18 -10 12 -12 16 22 -15 -16 17 -18 -19 -20 -21 -22 -23 -24
leaf_value=0.040831803674588746 0.089818568547496369 -0.059676774097417631 -0.011755725472162044 0.10152097981214568 -0.052299361398992064 -0.073456986379849043 -0.001760745596077868 0.074525524295700141 -0.042377472640727692 -0.034861802760987409 0.012134600419723961 -0.04349479800537797 -0.02075250423127642 0.0011828102581866241 0.10279693186007464 -0.0084468462834456151 -0.030585539298553496 0.00069078233366607657 0.08565048343075779 -0.0063219598199746015 0.0081622558988625107 0.00033478485603775118 -0.028357664336392759
leaf_weight=21 80 24 35 73 27 250 28 62 26 20 60 26 20 20 2833 20 26 28 430 27 23 20 20
leaf_count=21 80 24 35 73 27 250 28 62 26 20 60 26 20 20 2833 20 26 28 430 27 23 20 20
internal_value=3.45322e-05 -0.0119618 -0.0302201 0.00412587 -0.00708791 -0.0391989 -0.0209615 0.00269625 -0.0106716 -0.0422581 -0.00195652 -0.0215823 -0.0325 -0.00772727 0.00483074 0.00169422 -0.0171154 -0.00333333 0.00442197 0.00219101 0.00402913 0.00256098 -0.0275
internal_weight=4199 1063 477 3136 182 362 52 586 67 310 115 79 60 55 2954 121 52 48 519 89 103 41 40
internal_count=4199 1063 477 3136 182 362 52 586 67 310 115 79 60 55 2954 121 52 48 519 89 103 41 40
cat_boundaries=0 1 2
cat_threshold=72 1
is_linear=0
shrinkage=0.05


Tree=4
num_leaves=24
num_cat=2
split_feature=0 5 5 5 5 14 5 1 8 15 3 5 15 15 17 15 14 17 14 5 16 7 15
split_gain=78.0915 26.6479 9.65854 3.46501 2.32211 1.31805 1.15973 1.10728 1.17108 1.05091 1.02683 1.00076 0.971234 2.15763 1.68519 1.14354 1.00044 0.79271 1.01739 0.723214 0.709058 0.848084 0.689796
threshold=0 1.1625859542886614 0.55782275054609032 0.59363815052548841 1.2451720273098628 36001.235433273709 1.0017296210586071 1 1.0000000180025095e-35 109.53236647371311 1.0000000180025095e-35 1.0776903129539595 53.223471724376004 61.321887715127346 74.884166666666673 38.355267274579568 42808.830599797126 74.884166666666673 29574.092071284296 0.48900742528759283 1.0000000180025095e-35 2.5000000000000004 20.247816125716216
decision_type=1 2 2 2 2 2 2 1 2 2 2 2 2 2 2 2 2 2 2 2 2 2 2
left_child=1 3 10 5 17 -1 12 9 -9 -8 -2 -10 14 -14 15 22 -15 18 -3 -12 -18 -22 -5
right_child=2 4 -4 6 -6 -7 7 8 11 -11 19 -13 13 16 -16 -17 20 -19 -20 -21 21 -23 -24
leaf_value=-0.094327273086776006 -0.023081005430561175 -0.0047903777871154338 0.093263425841619549 -0.042294493292460815 0.016298732072034198 -0.090221936640849723 -0.026672118123437616 -0.017522026860892055 -0.019367417910234067 -0.019567167828527129 -0.049117395477283304 -0.026714774254815461 -0.015260739353590739 -0.045205564353693453 -0.046634914096021038 -0.062815360956819707 -0.045395845893411363 -0.01451538240841862 0.0061245855677942605 -0.019012683844014014 -0.052572252382487354 -0.055889261838295123 -0.050152579243128208
leaf_weight=20 118 20 2954 28 221 42 55 102 22 25 28 21 28 20 54 30 35 44 26 36 161 39 70
leaf_count=20 118 20 2954 28 221 42 55 102 22 25 28 21 28 20 54 30 35 44 26 36 161 39 70
internal_value=0.000105978 -0.0115424 0.00407819 -0.016742 0.000659164 -0.0280645 -0.0157246 -0.0127778 -0.0101724 -0.0175 -0.00708791 -0.017093 -0.0171505 -0.015318 -0.02 -0.023125 -0.0167647 -0.00611111 -0.00152174 -0.0121875 -0.0158511 -0.017 -0.0205102
internal_weight=4199 1063 3136 752 311 62 690 225 145 80 182 43 465 283 182 128 255 90 46 64 235 200 98
internal_count=4199 1063 3136 752 311 62 690 225 145 80 182 43 465 283 182 128 255 90 46 64 235 200 98
cat_boundaries=0 1 2
cat_threshold=72 2
is_linear=0
shrinkage=0.05


Tree=5
num_leaves=24
num_cat=3
split_feature=0 5 5 5 5 15 5 1 15 7 14 14 7 1 17 7 5 5 9 14 15 14 5
split_gain=74.0882 25.2414 8.60195 3.25943 1.95665 1.36679 1.23439 1.23025 1.27633 1.82024 1.11989 1.40115 1.10695 1.81702 1.225 1.00726 0.988967 0.927999 1.14706 1.17774 0.961909 0.784855 1.10785
threshold=0 1.1625859542886614 0.55782275054609032 0.59363815052548841 1.2451720273098628 44.850817809304324 0.90242540787670034 1 129.15408329566625 1.0000000180025095e-35 9745.5120249834636 20255.825890107317 2.5000000000000004 2 73.879583333333343 2.5000000000000004 1.0341220573097172 0.98854811158597589 6779.3730495023528 98325.613438700137 63.950051230600927 23776.626830658763 0.42540951297941754
decision_type=1 2 2 2 2 2 2 1 2 2 2 2 2 1 2 2 2 2 2 2 2 2 2
left_child=1 3 21 5 -3 -1 12 8 9 -8 -9 -12 -5 -14 -15 17 -11 20 -19 -20 -13 -2 -23
right_child=2 4 -4 6 -6 -7 7 10 -10 16 11 15 13 14 -16 -17 -18 18 19 -21 -22 22 -24
leaf_value=-0.087422998670259155 -0.026994420678914693 -0.0046806158839619088 0.088600254549538571 -0.052303544968573618 0.015483795468432496 -0.086164677894997321 -0.030288525389099152 -0.024539182826902151 -0.018702252693438347 -0.011444342118073486 0.0047699750528451016 -0.029929933916283 -0.011146975746760305 -0.051269103013519494 -0.058702490800077625 -0.041355267930463797 -0.0180590862631263 -0.0030861458589718921 -0.0099484755777910737 -0.023305057343896252 -0.033445902185796537 -0.04198711973668931 -0.010973645099614819
leaf_weight=24 43 90 2954 251 221 38 55 20 25 24 25 28 28 20 20 30 29 51 29 26 29 47 92
leaf_count=24 43 90 2954 251 221 38 55 20 25 24 25 28 28 20 20 30 29 51 29 26 29 47 92
internal_value=0.000129793 -0.0112162 0.00399873 -0.0162766 0.000659164 -0.0272581 -0.0152899 -0.0133288 -0.0171805 -0.019537 -0.0111765 -0.0101376 -0.0175705 -0.0119118 -0.01875 -0.0115803 -0.0129245 -0.0100307 -0.00726415 -0.0122727 -0.0151754 -0.00653846 -0.00471223
internal_weight=4199 1063 3136 752 311 62 690 371 133 108 238 218 319 68 40 193 53 163 106 55 57 182 139
internal_count=4199 1063 3136 752 311 62 690 371 133 108 238 218 319 68 40 193 53 163 106 55 57 182 139
cat_boundaries=0 1 2 3
cat_threshold=72 2 2
is_linear=0
shrinkage=0.05


Tree=6
num_leaves=24
num_cat=1
split_feature=0 2 5 5 2 2 5 5 5 5 5 2 9 14 5 15 15 2 5 16 3 14 14
split_gain=68.4243 110.236 41.7603 8.48077 12.4198 5.43225 10.151 2.95765 2.58309 2.18535 1.17769 1.95612 0.942806 1.61793 0.901863 0.834723 0.884796 0.771037 1.84143 0.666829 1.0378 0.593503 0.445323
threshold=0 2034.5000000000002 1.1704710721111968 0.58440279015043262 2034.5000000000002 2033.5000000000002 0.91917282543764645 0.98854811158597589 1.3207557252961468 0.54654052051512081 0.7082975517696023 2034.5000000000002 8485.1027934532904 29214.795635380702 1.2252164419808278 88.555641519900107 38.355267274579568 2032.5000000000002 0.9297071399625868 1.756416666666667 1.0000000180025095e-35 91192.917665729095 58352.427300423915
decision_type=1 2 2 2 2 2 2 2 2 2 2 2 2 2 2 2 2 2 2 2 2 2 2
left_child=1 5 7 4 -2 9 -7 -3 14 -1 11 -5 13 -6 -4 16 -13 -11 -19 20 21 -9 -16
right_child=3 2 8 10 12 6 -8 19 -10 17 -12 15 -14 -15 22 -17 -18 18 -20 -21 -22 -23 -24
leaf_value=-0.029020343131340616 0.051862611432164231 -0.069415294215877263 -0.01799710953643141 0.10061815157558854 -0.031781691708651208 -0.048698273340341498 0.0029996582313332231 -0.025960759553789511 0.0096721786190523407 0.062414064151984042 0.094809122795583581 -0.012519457306529562 -0.04137447000846943 -0.032327967616819657 -0.0034351282732676906 -0.01034590997398703 0.0078449590210080255 -0.013560370895007362 0.056163348008747775 -0.027375460042793606 -0.018544952239687443 -0.025553272767393942 -0.0010979192492098172
leaf_weight=25 129 188 24 142 27 23 43 32 48 493 2672 32 34 34 22 27 39 23 45 27 23 23 24
leaf_count=25 129 188 24 142 27 23 43 32 48 493 2672 32 34 34 22 27 39 23 45 27 23 23 24
internal_value=0.000153608 -0.0107502 -0.0311314 0.00387158 -0.00549107 0.00193252 -0.0116667 -0.0412457 -0.00601695 0.00346416 0.00460508 0.00125 -0.0192105 -0.0154918 -0.0121429 -0.00418367 -0.00133803 0.00410873 -0.000882353 -0.0345238 -0.0321795 -0.0359091 -0.00804348
internal_weight=4199 1063 411 3136 224 652 66 293 118 586 2912 240 95 61 70 98 71 561 68 105 78 55 46
internal_count=4199 1063 411 3136 224 652 66 293 118 586 2912 240 95 61 70 98 71 561 68 105 78 55 46
cat_boundaries=0 1
cat_threshold=72
is_linear=0
shrinkage=0.05


Tree=7
num_leaves=24
num_cat=1
split_feature=0 2 5 5 2 5 2 5 5 5 5 2 9 2 9 14 15 5 7 7 15 7 17
split_gain=66.2609 104.923 42.152 7.95846 10.0557 5.17654 2.78185 6.10718 2.48716 2.11626 1.31611 2.52313 0.81627 0.758231 0.725167 0.85247 0.674983 0.670824 0.648826 0.582512 0.638311 0.408919 0.401453
threshold=0 2034.5000000000002 1.1704710721111968 0.55782275054609032 2034.5000000000002 0.58440279015043262 2032.5000000000002 0.83593146774837945 0.9297071399625868 1.3207557252961468 0.7376789738161762 2034.5000000000002 2614.0335820877335 2036.5000000000002 27639.178599648938 99044.208716747511 79.177087869923426 0.99172057139916781 1.0000000180025095e-35 1.5000000000000002 52.485411075247264 1.0000000180025095e-35 74.884166666666673
decision_type=1 2 2 2 2 2 2 2 2 2 2 2 2 2 2 2 2 2 2 2 2 2 2
left_child=1 5 8 4 -2 -1 -7 -8 -3 16 11 -5 -13 -6 15 19 21 -9 -14 20 -10 -4 -15
right_child=3 2 9 10 13 6 7 17 14 -11 -12 12 18 22 -16 -17 -18 -19 -20 -21 -22 -23 -24
leaf_value=-0.039262216894009577 0.048096968405319525 -0.068103589396148675 -0.016366165403275273 0.098702041262515999 -0.043546926352545839 0.064988853427377868 -0.027495727318358344 -0.0043648986067590543 -0.02857871275612979 0.0091885696880997184 0.092478375989980433 0.0003802221337679185 -0.0031869174131966774 -0.028612042218806939 -0.028837480800330335 -0.026075845909394893 -0.0010791463298469649 0.02084898769995483 -0.013047659120320132 -0.030331271883242597 -0.020742461381168628 -0.0057668599064907775 -0.034778369543770553
leaf_weight=38 103 152 23 222 27 486 30 27 34 48 2592 72 41 29 27 23 23 71 27 31 26 24 23
leaf_count=38 103 152 23 222 27 486 30 27 34 48 2592 72 41 29 27 23 23 71 27 31 26 24 23
internal_value=0.000213146 -0.0105172 -0.0304015 0.00387158 -0.00626374 0.00185583 0.00296417 -0.00359375 -0.0405631 -0.00516949 0.00450914 0.00168508 -0.00357143 -0.0196835 -0.0357801 -0.0340351 -0.0107143 0.00244898 -0.0075 -0.0362088 -0.0333333 -0.0141489 -0.0161538
internal_weight=4199 1063 411 3136 182 652 614 128 293 118 2954 362 140 79 141 114 70 98 68 91 60 47 52
internal_count=4199 1063 411 3136 182 652 614 128 293 118 2954 362 140 79 141 114 70 98 68 91 60 47 52
cat_boundaries=0 1
cat_threshold=72
is_linear=0
shrinkage=0.05


Tree=8
num_leaves=24
num_cat=3
split_feature=0 2 2 2 0 2 9 2 6 15 9 4 15 2 9 15 15 15 15 16 20 1 15
split_gain=64.4204 102.273 3.76827 1.95488 3.27125 1.09347 1.04975 0.579495 0.866528 0.794493 0.738664 0.985356 0.769639 0.726556 0.844991 0.602946 0.479533 0.424747 0.411774 0.303692 0.273084 0.293236 0.340688
threshold=0 2034.5000000000002 2033.5000000000002 2034.5000000000002 1 2030.5000000000002 58109.353663799913 2036.5000000000002 1.0000000180025095e-35 83.467243032003111 5242.8019977711238 1.0000000180025095e-35 74.344162533720933 2037.5000000000002 1125.4279704449016 105.40273958101986 124.1313214903894 50.690145754462016 36.108001881607926 1.0000000180025095e-35 1.0000000180025095e-35 2 94.639674848128223
decision_type=1 2 2 2 1 2 2 2 2 2 2 2 2 2 2 2 2 2 2 2 2 1 2
left_child=1 2 5 -2 -5 -1 7 10 9 13 11 -3 -12 -9 18 -11 -17 -4 -15 -6 -7 -22 -23
right_child=3 6 17 4 19 20 -8 8 -10 15 12 -13 -14 14 -16 16 -18 -19 -20 -21 21 22 -24
leaf_value=0.10580469853942356 0.20903901043311868 -0.04268917469298425 -0.027462050396049677 0.096648600958409492 0.0081073384257854455 0.030588465462138198 -0.041788326479803795 -0.034795243174128472 -0.057569795367646906 -0.02006614352633436 -0.063951515173753234 -0.051466350974347014 -0.052086754847846466 -0.043519025802510505 -0.051848706254667025 -0.035309959798010916 -0.049444903175414771 -0.028777653425101725 -0.042704906033948123 -0.0029361988644604382 0.031281453043857085 -0.010462485121619857 0.00088774586344430868
leaf_weight=369 1865 51 30 649 83 28 27 33 39 20 20 25 31 31 59 24 29 36 22 539 23 85 81
leaf_count=369 1865 51 30 649 83 28 27 33 39 20 20 25 31 31 59 24 29 36 22 539 23 85 81
internal_value=0.000296499 -0.0102842 0.00193252 0.00390337 0.00240362 0.00320819 -0.0299148 -0.0292448 -0.0278794 -0.0266514 -0.0320079 -0.0351316 -0.0273529 -0.0287931 -0.0307143 -0.0223973 -0.0251887 -0.00939394 -0.0261321 -0.000221519 0.000391705 -0.000291005 -0.0010241
internal_weight=4199 1063 652 3136 1271 586 411 384 257 218 127 76 51 145 112 73 53 66 53 622 217 189 166
internal_count=4199 1063 652 3136 1271 586 411 384 257 218 127 76 51 145 112 73 53 66 53 622 217 189 166
cat_boundaries=0 1 2 3
cat_threshold=72 164 4
is_linear=0
shrinkage=0.05


Tree=9
num_leaves=24
num_cat=3
split_feature=0 2 2 2 0 7 1 15 16 15 9 15 9 11 3 14 14 9 2 9 2 15 15
split_gain=52.8439 84.5657 3.38007 1.95219 3.0786 1.3985 0.983226 1.39906 1.12082 0.88238 0.811677 1.06615 1.58497 0.64572 0.587979 0.487619 1.28571 0.75 0.480769 0.474194 0.448486 0.404718 0.589549
threshold=0 2034.5000000000002 2032.5000000000002 2034.5000000000002 1 1.5000000000000002 2 38.807285180331199 1.4758333333333338 48.890295924035421 32087.46360967098 91.467577018762711 291.85099732180862 0.42033147622085021 1.0000000180025095e-35 105633.79119111237 75092.999018653514 1125.4279704449016 2033.5000000000002 14017.370295984869 2030.5000000000002 106.28319997355487 127.56709435200287
decision_type=1 2 2 2 1 2 1 2 2 2 2 2 2 2 2 2 2 2 2 2 2 2 2
left_child=1 2 20 -2 -5 6 -3 8 -8 18 11 12 -9 19 15 16 17 -7 -4 -11 -1 -13 -23
right_child=3 5 9 4 -6 14 7 10 -10 13 -12 21 -14 -15 -16 -17 -18 -19 -20 -21 -22 22 -24
leaf_value=0.10051446361245238 0.19858705991146275 -0.039431555660328688 0.022285269838787466 0.091816170910489034 -0.0019842198480334756 -0.04253267550153509 -0.021209716263456926 -0.041306122659111641 -0.029534057590210362 -0.0016564467696935953 -0.061369531993398674 -0.028809771393505802 -0.051868070578363581 -0.032508519842536304 -0.05051772809786316 -0.059892899722303855 -0.039805524405297027 -0.040791196722292825 -0.02073841617330999 -0.013475903288858804 0.0013372326966565561 -0.051844580302722279 -0.038001809559431422
leaf_weight=369 1865 42 26 649 622 20 25 21 38 32 27 23 55 22 33 30 20 30 26 30 147 26 21
leaf_count=369 1865 42 26 649 622 20 25 21 38 32 27 23 55 22 33 30 20 30 26 30 147 26 21
internal_value=0.000558466 -0.00902609 0.00208589 0.0038239 0.00232494 -0.0268735 -0.0248561 -0.0236017 -0.0172222 -0.00492647 -0.0259249 -0.0244521 -0.0285526 -0.00809524 -0.0310902 -0.033 -0.0307143 -0.035 0.000192308 -0.00548387 0.00393411 -0.02 -0.0226596
internal_weight=4199 1063 652 3136 1271 411 278 236 63 136 173 146 76 84 133 100 70 50 52 62 516 70 47
internal_count=4199 1063 652 3136 1271 411 278 236 63 136 173 146 76 84 133 100 70 50 52 62 516 70 47
cat_boundaries=0 1 2 3
cat_threshold=72 164 4
is_linear=0
shrinkage=0.05


Tree=10
num_leaves=24
num_cat=1
split_feature=0 2 5 5 2 5 5 2 5 5 2 5 9 9 9 7 5 7 9 5 2 9 5
split_gain=48.828 79.8453 42.6876 9.63736 9.36951 9.22472 4.56015 1.52566 3.99758 1.43559 2.15806 0.992442 0.886229 1.60303 0.832658 0.882209 0.603191 0.688095 1.35563 0.470383 0.465434 0.441297 0.38983
threshold=0 2034.5000000000002 1.1704710721111968 0.55782275054609032 2034.5000000000002 0.9297071399625868 0.57324090082199908 2032.5000000000002 0.92692011529563423 0.7082975517696023 2034.5000000000002 1.2252164419808278 609.11502569308516 3835.9951384657606 2614.0335820877335 1.0000000180025095e-35 0.98854811158597589 2.5000000000000004 6991.1919435472937 0.77176796094750444 2032.5000000000002 865.48227627154677 0.64827296193767847
decision_type=1 2 2 2 2 2 2 2 2 2 2 2 2 2 2 2 2 2 2 2 2 2 2
left_child=1 6 5 4 20 -3 -1 -8 19 10 -5 -4 -6 -14 22 -16 -7 18 21 -9 -2 -18 -12
right_child=3 2 11 9 12 16 7 8 -10 -11 14 -13 13 -15 15 -17 17 -19 -20 -21 -22 -23 -24
leaf_value=-0.037191708562366199 0.061630748553540317 -0.06040678133287819 -0.012183428173764803 0.070416679070707838 -0.042193114812414424 -0.027050591890694517 0.056109704475673754 -0.029270483046116735 0.013837031249827745 0.08246861003380164 -0.0076343786914300996 0.0033518088763358554 -0.01565944678214581 -0.037465633572043966 -0.0027815505643067218 -0.012912457933767552 -0.015568370282691436 -0.023896658774253239 -0.019122067500816999 -0.0029570745480489049 -0.014521660161974054 -0.015659693680274478 0.012969193480112341
leaf_weight=34 80 152 24 168 24 36 490 20 87 2672 36 94 22 33 31 24 24 21 37 21 23 23 23
leaf_count=34 80 152 24 168 24 36 490 20 87 2672 36 94 22 33 31 24 24 21 37 21 23 23 23
internal_value=0.000653727 -0.00856011 -0.0259002 0.00379212 -0.00736264 -0.0361263 0.00223926 0.00322006 -0.00164062 0.00449221 0.00109929 -0.000508474 -0.0203165 -0.0168182 -0.00421053 -0.00863636 -0.0269149 -0.025 -0.0229762 -0.0145122 0.00257282 -0.0173404 -8.47456e-05
internal_weight=4199 1063 411 3136 182 293 652 618 128 2954 282 118 79 55 114 55 141 105 84 41 103 47 59
internal_count=4199 1063 411 3136 182 293 652 618 128 2954 282 118 79 55 114 55 141 105 84 41 103 47 59
cat_boundaries=0 1
cat_threshold=72
is_linear=0
shrinkage=0.05


Tree=11
num_leaves=24
num_cat=2
split_feature=0 2 5 5 5 2 5 2 5 2 5 14 5 2 4 5 5 17 2 15 8 1 5
split_gain=48.0696 73.8973 40.6669 9.88413 8.93851 8.91125 6.75149 9.94987 1.64103 1.62135 2.30476 1.60952 1.56495 2.85232 1.0109 1.10294 0.992442 0.912745 0.842354 0.802914 0.441882 0.412941 0.378025
threshold=0 2034.5000000000002 1.1704710721111968 0.59363815052548841 0.9297071399625868 2034.5000000000002 0.6732881902594493 2030.5000000000002 0.50361592300952374 2033.5000000000002 0.99172057139916781 60979.503165495335 0.74651220879099955 2034.5000000000002 1.0000000180025095e-35 1.0179578550006412 1.2252164419808278 73.879583333333343 2031.5000000000002 73.532143063359925 1.0000000180025095e-35 1 0.70059082524422223
decision_type=1 2 2 2 2 2 2 2 2 2 2 2 2 2 2 2 2 2 2 2 2 1 2
left_child=1 6 4 5 -3 18 7 -1 11 -8 -11 -7 13 -5 15 -6 -4 -17 -2 -10 22 -20 -15
right_child=3 2 16 12 14 8 9 -9 19 10 -12 -13 -14 20 -16 17 -18 -19 21 -21 -22 -23 -24
leaf_value=0.012377391948069145 0.12620640311112863 -0.057386442266234274 -0.011574256765076566 0.076248510490306509 -0.025876920766804208 -0.028075202173904901 0.052519497314615082 -0.035419339417824214 -0.015774853896397701 -0.015995247666721425 0.013268448613145641 -0.042452555781796499 0.083762832672989077 0.0002906396284094828 -0.011307564620762435 -0.015427720475258064 0.0031842184325190544 -0.018120230061303054 -0.010236219992892329 -0.0045392928114791845 -0.0074986088079298024 0.013815082546878982 -0.0037679433343910823
leaf_weight=42 89 152 24 200 34 28 517 33 30 28 32 20 2566 58 39 30 94 38 23 22 35 26 39
leaf_count=42 89 152 24 200 34 28 517 33 30 28 32 20 2566 58 39 30 94 38 23 22 35 26 39
internal_value=0.000534651 -0.00860671 -0.025292 0.00364908 -0.035273 -0.00613445 0.00177914 -0.0123333 -0.0175 0.00361352 -0.00416667 -0.0241667 0.00446515 0.00123494 -0.0262057 -0.0288235 -0.000508474 -0.0251471 0.00210145 -0.0113462 -0.0044697 -0.00316327 -0.00273196
internal_weight=4199 1063 411 3136 293 238 652 75 100 577 60 48 2898 332 141 102 118 68 138 52 132 49 97
internal_count=4199 1063 411 3136 293 238 652 75 100 577 60 48 2898 332 141 102 118 68 138 52 132 49 97
cat_boundaries=0 1 2
cat_threshold=72 2
is_linear=0
shrinkage=0.05


Tree=12
num_leaves=24
num_cat=3
split_feature=2 5 5 5 5 2 14 5 9 11 5 2 1 3 5 2 5 14 9 14 7 1 1
split_gain=29.8177 29.2321 5.03789 3.95356 2.6462 2.87953 2.5243 1.38688 0.83346 1.11029 1.31356 1.6705 0.881633 0.869638 0.775204 1.48905 0.770627 0.71749 0.820528 1.35087 0.728763 0.7 0.666667
threshold=2034.5000000000002 0.8306467510427672 1.1912409331906684 0.50361592300952374 0.56444565938134728 2031.5000000000002 60979.503165495335 0.91683600554281697 581.24256917423725 0.0083312341426707622 0.72126337994860246 2038.5000000000002 0 1.0000000180025095e-35 0.77176796094750444 2031.5000000000002 0.77997184135372333 10184.249640326083 58109.353663799913 168757.14763189407 1.0000000180025095e-35 1 2
decision_type=2 2 2 2 2 2 2 2 2 2 2 2 1 2 2 2 2 2 2 2 2 1 1
left_child=4 3 7 6 5 -1 -2 -3 -5 10 11 12 -10 16 15 -6 -12 20 -19 -20 -9 -11 -7
right_child=1 2 -4 8 14 22 -8 17 9 21 13 -13 -14 -15 -16 -17 -18 18 19 -21 -22 -23 -24
leaf_value=0.01200040403194118 -0.046407693535153435 -0.015226676919315188 0.020321721535958129 -0.031358178942683113 0.07428449159358344 -0.036151934296567684 -0.06590446897524796 -0.0096717212171277857 -0.049905424997740422 0.002977580580169008 -0.032157441406703929 -0.039097698441077459 -0.046919285044623303 -0.0079568827418475818 0.12284706457683098 -0.002740720746783506 -0.019718444865557311 -0.003850482689941754 -0.025257086763823218 0.00798802240940516 -0.0032806885344237261 -0.030734357059423435 -0.024785223960234522
leaf_weight=93 31 173 411 117 250 27 29 20 21 24 39 36 49 43 1992 128 35 564 20 22 27 21 27
leaf_count=93 31 173 411 117 250 27 29 20 21 24 39 36 49 43 1992 128 35 564 20 22 27 21 27
internal_value=0.000582282 -0.00457194 -0.000618431 -0.0155618 0.00402662 -0.00248299 -0.0275 -0.00286925 -0.0137013 -0.0121642 -0.0136099 -0.0176415 -0.0221429 -0.00995726 0.00443038 0.0023545 -0.0132432 -0.0018147 -0.00135314 -0.00809524 -0.00776596 -0.005 -0.0116667
internal_weight=4199 1682 1237 445 2517 147 60 826 385 268 223 106 70 117 2370 378 74 653 606 42 47 45 54
internal_count=4199 1682 1237 445 2517 147 60 826 385 268 223 106 70 117 2370 378 74 653 606 42 47 45 54
cat_boundaries=0 1 2 3
cat_threshold=2 2 2
is_linear=0
shrinkage=0.05


Tree=13
num_leaves=24
num_cat=3
split_feature=0 2 5 5 5 2 5 5 2 5 2 0 5 5 9 2 2 1 9 15 5 2 5
split_gain=48.3352 68.6087 42.874 7.86347 7.3881 6.19122 4.45981 3.24564 5.31688 1.2833 2.1094 3.936 1.0943 0.98699 0.880135 0.870968 0.957876 0.816807 0.816667 0.689954 0.654502 0.636958 0.519697
threshold=0 2033.5000000000002 1.0092673125895086 1.1912409331906684 0.55782275054609032 2034.5000000000002 0.91917282543764645 0.6732881902594493 2030.5000000000002 0.80864045418109476 2034.5000000000002 1 0.46620033734366129 0.71654816570429147 6991.1919435472937 2035.5000000000002 2038.5000000000002 2 10564.558614418995 54.715796972461256 0.84175118767219159 2037.5000000000002 0.88677049098292526
decision_type=1 2 2 2 2 2 2 2 2 2 2 1 2 2 2 2 2 1 2 2 2 2 2
left_child=1 7 6 15 5 -2 20 8 -1 10 -6 -12 -7 17 -8 -4 21 -13 -15 -14 -3 -17 -22
right_child=4 2 3 -5 9 12 14 -9 -10 -11 11 13 19 18 -16 16 -18 -19 -20 -21 22 -23 -24
leaf_value=0.011158502149068635 0.025111278480560835 -0.05787002060985539 -0.0074758751049968366 0.0019021600211678556 0.08134646106110717 -0.037392189799497953 -0.018630445310982773 0.044046986901968094 -0.026015171668081639 0.088589297444033877 0.061178556599564331 -0.012184380914533194 -0.017384458557775651 -0.013607432178641278 -0.026485987038301358 -0.017858302607307537 -0.015410446602273942 -0.0087609687701516569 0.001034336862814652 -0.0039246943872067652 -0.023838165316804202 -0.01489540180515871 -0.025660611693283659
leaf_weight=42 103 130 31 119 361 38 36 517 27 2357 125 21 20 30 26 36 32 30 30 21 22 25 20
leaf_count=42 103 130 31 119 361 38 36 517 27 2357 125 21 20 30 26 36 32 30 30 21 22 25 20
internal_value=0.000653727 -0.00851351 -0.022673 -0.00796296 0.00377622 -0.00598901 -0.0379487 0.00286689 -0.00731884 0.00439066 0.00231993 -0.00135593 -0.016519 -0.00780992 -0.0264516 -0.0167742 -0.0191935 -0.0136275 -0.00416667 -0.0108537 -0.042093 -0.0228689 -0.0366667
internal_weight=4199 1063 477 243 3136 182 234 586 69 2954 597 236 79 111 62 124 93 51 60 41 172 61 42
internal_count=4199 1063 477 243 3136 182 234 586 69 2954 597 236 79 111 62 124 93 51 60 41 172 61 42
cat_boundaries=0 1 2 3
cat_threshold=72 164 2
is_linear=0
shrinkage=0.05


Tree=14
num_leaves=24
num_cat=2
split_feature=0 2 5 5 0 2 5 5 5 5 2 2 15 16 14 2 2 14 2 5 14 5 2
split_gain=43.9082 63.5329 38.1037 7.82156 8.46975 13.57 7.51884 5.11143 2.82717 2.53663 4.51316 2.23737 1.43869 1.44288 1.33333 1.26042 0.914286 0.905326 1.17217 0.857143 0.782609 0.640247 1.54445
threshold=0 2033.5000000000002 1.0092673125895086 0.62850798343534187 1 2033.5000000000002 1.2104102448523337 0.82102913517071141 0.48900742528759283 0.76343305541321171 2030.5000000000002 2034.5000000000002 71.422255621652425 1.4758333333333338 87655.739213096036 2035.5000000000002 2037.5000000000002 25168.510525336853 2038.5000000000002 0.46620033734366129 92463.070426911567 0.82102913517071141 2035.5000000000002
decision_type=1 2 2 2 1 2 2 2 2 2 2 2 2 2 2 2 2 2 2 2 2 2 2
left_child=1 9 7 4 5 19 15 -3 -7 10 -1 -9 13 -13 -12 -4 -10 -17 20 -2 -19 22 -5
right_child=3 2 6 21 -6 8 -8 11 16 -11 14 12 -14 -15 -16 17 -18 18 -20 -21 -22 -23 -24
leaf_value=0.020341044457743779 -0.0086265466308488477 -0.056615174467845336 -0.0070960005430561763 0.068417480881691514 0.040130671261640986 -0.039905075573786856 0.0019407843330491643 -0.0061185789150890492 -0.020440096990042785 0.056742423368355346 -0.023300841636521751 -0.02175218051688222 -0.028170361404661167 -0.022344234488757386 -0.0023959841511975808 -0.014746423672485312 -0.011575161790559264 -0.020029725537113879 -0.013746993847134036 0.046088416531666239 -0.014973348196865889 0.085643987604708371 -0.00063785814821024588
leaf_weight=76 21 113 32 342 159 24 115 21 24 460 30 21 42 37 20 23 21 23 27 54 23 2325 166
leaf_count=76 21 113 32 342 159 24 115 21 24 460 30 21 42 37 20 23 21 23 27 54 23 2325 166
internal_value=0.00073708 -0.00800093 -0.0216247 0.00371265 -0.00391089 -0.0122078 -0.0077572 -0.0360256 -0.029058 0.00295222 -0.00333333 -0.0288843 -0.032 -0.0268966 -0.015 -0.0160937 -0.0216667 -0.0189583 -0.0162329 0.00166667 -0.021087 0.00454112 0.00293307
internal_weight=4199 1063 477 3136 303 144 243 234 69 586 126 121 100 58 50 128 45 96 73 75 46 2833 508
internal_count=4199 1063 477 3136 303 144 243 234 69 586 126 121 100 58 50 128 45 96 73 75 46 2833 508
cat_boundaries=0 1 2
cat_threshold=72 19
is_linear=0
shrinkage=0.05


Tree=15
num_leaves=24
num_cat=3
split_feature=0 2 5 5 0 2 5 5 5 2 5 2 15 5 4 9 5 2 0 5 5 15 5
split_gain=41.4883 60.8303 32.6227 7.73186 7.40458 13.1149 5.67754 4.79924 4.19997 7.66256 2.24552 1.82742 1.33771 1.06522 1.04088 1.09917 0.960648 2.0871 3.23471 0.817342 0.744065 0.580501 0.567881
threshold=0 2034.5000000000002 1.0527453708314882 0.60124670721575979 1 2033.5000000000002 1.2252164419808278 0.82102913517071141 0.83296196964687219 2030.5000000000002 0.48900742528759283 2032.5000000000002 101.55199198662889 0.70059082524422223 1.0000000180025095e-35 3046.0774112961449 0.86008392305335724 2034.5000000000002 2 0.46620033734366129 0.7376789738161762 39.711119482505694 1.1704710721111968
decision_type=1 2 2 2 1 2 2 2 2 2 2 2 2 2 2 2 2 2 1 2 2 2 2
left_child=1 8 7 4 -2 19 22 -3 9 -1 -7 13 14 -11 15 -9 17 -5 -19 -6 21 -20 -4
right_child=3 2 6 16 5 10 -8 12 -10 11 -12 -13 -14 -15 -16 -17 -18 18 20 -21 -22 -23 -24
leaf_value=0.022561973223885895 0.037990100460156884 -0.052860279052305496 -0.014282731893754345 0.096164156599951534 -0.0081952192993064166 -0.037909821795097512 0.001816774216384349 -0.021995788908422173 0.035744391683144958 -0.020869581058723975 -0.015198355846899304 -0.024291771422188264 -0.02635850175629045 -0.0035113900331652861 -0.019336633320007676 -0.020797496123480221 0.087984194509415178 0.061545923869396203 -0.012576751626224522 0.047383019896664103 -0.0019782983391035572 -0.0044896088931266403 -0.011463632785343634
leaf_weight=103 127 98 68 429 21 24 94 37 465 23 34 38 38 23 23 29 2176 140 20 46 85 34 24
leaf_count=103 127 98 68 429 21 24 94 37 465 23 34 38 38 23 23 29 2176 140 20 46 85 34 24
internal_value=0.000772803 -0.00772134 -0.0228589 0.00366497 -0.00472222 -0.0127778 -0.00736559 -0.0356667 0.00170245 -0.00462567 -0.0312069 -0.0158333 -0.029252 -0.00913043 -0.0258989 -0.0290909 0.00441054 0.00281073 -0.000555555 0.00126866 -0.00573825 -0.0107407 -0.0161957
internal_weight=4199 1063 411 3136 252 125 186 225 652 187 58 84 127 46 89 66 2884 708 279 67 139 54 92
internal_count=4199 1063 411 3136 252 125 186 225 652 187 58 84 127 46 89 66 2884 708 279 67 139 54 92
cat_boundaries=0 1 2 3
cat_threshold=72 164 164
is_linear=0
shrinkage=0.05


Tree=16
num_leaves=24
num_cat=2
split_feature=0 2 5 5 5 2 5 5 2 5 2 2 15 2 5 2 0 14 15 5 15 14 9
split_gain=39.0316 58.5554 35.5615 7.62893 6.63521 4.73378 4.39007 2.2529 3.26811 2.13843 2.58799 2.1148 1.10055 1.6865 0.770037 1.53979 1.28382 0.673807 0.888889 0.79013 0.568182 0.514265 0.920716
threshold=0 2033.5000000000002 0.98854811158597589 0.44510901738983766 1.2104102448523337 2032.5000000000002 0.81306325873261354 0.62850798343534187 2033.5000000000002 0.6732881902594493 2030.5000000000002 2034.5000000000002 71.422255621652425 2036.5000000000002 0.92432712047662835 2034.5000000000002 1 82905.803049356924 33.18665690317966 1.0658108544522935 26.740512684119718 38160.188036816093 9700.6359383483159
decision_type=1 2 2 2 2 2 2 2 2 2 2 2 2 2 2 2 1 2 2 2 2 2 2
left_child=1 9 6 5 11 -2 -3 8 -5 10 -1 -4 13 -8 15 -9 -17 18 -13 -19 -15 -10 -23
right_child=3 2 4 7 -6 -7 12 14 21 -11 -12 17 -14 20 -16 16 -18 19 -20 -21 -22 22 -24
leaf_value=0.0084554261575337155 0.029186113186407049 -0.051834651185638882 0.0043073249440060647 0.053801262496628061 0.0017529064055775063 -0.032705599992000213 -0.0053151576340510712 0.10977928759849601 -0.013071432863613534 0.038206602166993689 -0.022437448149275285 -0.018767647954177166 -0.02510898923322586 -0.019787313872873337 0.099105623404379922 0.075563025682555504 -0.0016699541297076554 -0.014300603846751881 -0.0107664911711252 -0.011938145140753025 -0.024049763248514489 0.0010591837463660833 -0.0099896348437954162
leaf_weight=42 34 105 20 118 115 43 24 545 43 517 27 36 47 22 1928 123 237 22 36 28 22 37 28
leaf_count=42 34 105 20 118 115 43 24 545 43 517 27 36 47 22 1928 123 237 22 36 28 22 37 28
internal_value=0.000844249 -0.00739515 -0.0204717 0.00364908 -0.00784047 -0.0118831 -0.0352273 0.00405198 -0.000752212 0.00312287 -0.00514493 -0.0150704 -0.0284783 -0.0244118 0.00443523 0.00323204 0.000694445 -0.017541 -0.0144444 -0.022 -0.0302273 -0.00703704 -0.00423077
internal_weight=4199 1063 477 3136 257 77 220 3059 226 586 69 142 115 68 2833 905 360 122 72 50 44 108 65
internal_count=4199 1063 477 3136 257 77 220 3059 226 586 69 142 115 68 2833 905 360 122 72 50 44 108 65
cat_boundaries=0 1 2
cat_threshold=72 36
is_linear=0
shrinkage=0.05


Tree=17
num_leaves=24
num_cat=0
split_feature=2 5 5 5 5 15 2 5 2 5 5 5 4 9 15 5 15 8 5 5 15 5 9
split_gain=22.4962 22.6904 5.70644 2.67689 2.28211 2.14966 1.3913 1.31654 1.30379 2.18626 1.18973 1.05127 0.838415 1.1616 0.99905 0.847097 0.990797 0.749251 0.877743 0.730944 0.992063 0.836408 2.205
threshold=2034.5000000000002 0.91683600554281697 0.50361592300952374 0.42540951297941754 1.1912409331906684 38.355267274579568 2030.5000000000002 0.8306467510427672 2033.5000000000002 0.62850798343534187 0.8899652155658534 1.0039509067790955 1.0000000180025095e-35 58109.353663799913 18.577992380300092 1.1080825569437391 51.145275047828697 1.0000000180025095e-35 0.99399758775364122 0.80526734759815788 70.886217027817565 0.7376789738161762 10564.558614418995
decision_type=2 2 2 2 2 2 2 2 2 2 2 2 2 2 2 2 2 2 2 2 2 2 2
left_child=3 2 5 6 12 -2 -1 19 -5 -10 -9 -11 13 14 -3 -14 -17 18 -16 21 -21 -4 -23
right_child=1 4 7 8 -6 -7 -8 10 9 11 -12 -13 15 -15 17 16 -18 -19 -20 20 -22 22 -24
leaf_value=0.0016798197479550123 -0.0433624085256481 -0.01017471305927699 -0.02808010242696184 0.089599765539910337 0.018935004210351308 -0.050759017082160178 -0.036345358763209622 -0.009740406755262259 -0.019686512100755955 -0.0029624283356164249 -0.017838520101559632 0.033444778140395676 0.0075080872668692525 -0.013848498301532437 -0.012108191890941235 -0.0072236645910668503 0.0091253497412266838 0.0047179496357489118 -0.0011498887151469856 -0.012188936104203267 -0.020756614081849954 -0.018775877816485563 0.0014412954940707459
leaf_weight=23 27 34 220 2188 411 33 23 121 20 118 52 145 148 30 77 20 31 110 203 21 24 75 45
leaf_count=23 27 34 220 2188 411 33 23 121 20 118 52 145 148 30 77 20 31 110 203 21 24 75 45
internal_value=0.000915694 -0.00356124 -0.0111812 0.00390743 0.000864662 -0.0258333 -0.00804348 -0.00960573 0.00412991 0.000936396 -0.00598266 0.00214829 -0.000972435 -0.00215859 -0.00148585 0.00173367 -0.00382353 -0.000769231 -0.00214286 -0.0112338 -0.0172222 -0.0104412 -0.00708333
internal_weight=4199 1682 618 2517 1064 60 46 558 2471 283 173 263 653 454 424 199 51 390 280 385 45 340 120
internal_count=4199 1682 618 2517 1064 60 46 558 2471 283 173 263 653 454 424 199 51 390 280 385 45 340 120
is_linear=0
shrinkage=0.05


Tree=18
num_leaves=24
num_cat=3
split_feature=0 2 5 5 5 5 2 2 5 5 15 5 2 0 5 15 2 5 16 2 2 9 0
split_gain=40.5967 50.9938 28.5 7.53937 6.52367 6.44066 9.45904 4.38113 3.74803 1.46581 1.40967 1.38244 2.4882 2.41493 1.99375 1.32105 1.20314 1.875 1.16365 0.763978 0.721741 0.825 0.666805
threshold=0 2034.5000000000002 0.99399758775364122 0.48900742528759283 1.236240609701037 0.77176796094750444 2030.5000000000002 2034.5000000000002 0.81700912784608037 0.63561259619552946 71.422255621652425 0.86008392305335724 2033.5000000000002 1 0.62850798343534187 38.355267274579568 2033.5000000000002 1.0092673125895086 1.4758333333333338 2030.5000000000002 2037.5000000000002 9145.1519655005104 2
decision_type=1 2 2 2 2 2 2 2 2 2 2 2 2 1 2 2 2 2 2 2 2 2 1
left_child=1 5 8 7 -4 6 -1 19 -3 -8 18 12 -5 14 -14 -9 -7 -18 -10 -2 -16 -22 -15
right_child=3 2 4 11 -6 16 9 15 10 -11 -12 -13 13 22 20 -17 17 -19 -20 -21 21 -23 -24
leaf_value=0.01512271097547844 0.19803326475374802 -0.04596565813462837 -0.012752375039748935 0.1009140816436311 0.0010945115317363503 0.046892845814537301 -0.028160966552081137 -0.025829632318103143 -0.017743404994034883 -0.01727094520871086 -0.023666891766431778 0.079250092786728274 -0.0098681882559106468 0.062264225536218756 0.0014384691825125237 -0.021955171263708287 -0.0058836636269147908 0.0077390066635789736 -0.018526875848279691 -0.0074274961474672012 -0.010680818787284808 0.00053629048754271999 -0.00018346294963803296
leaf_weight=80 29 95 128 459 88 455 24 22 21 39 42 2176 32 141 61 21 24 30 37 31 24 20 120
leaf_count=80 29 95 128 459 88 455 24 22 21 39 42 2176 32 141 61 21 24 30 37 31 24 20 120
internal_value=0.000868064 -0.00753495 -0.021399 0.00372854 -0.00888889 0.00108896 -0.00828671 -0.00956311 -0.0352564 -0.0227778 -0.0285 0.00419222 0.00249125 -0.00040201 -0.00554422 -0.0217442 0.00372299 -0.00333333 -0.0234483 -0.000833333 -0.00261905 -0.0075 0.00241697
internal_weight=4199 1063 411 3136 216 652 143 103 195 63 100 3033 857 398 137 43 509 54 58 60 105 44 261
internal_count=4199 1063 411 3136 216 652 143 103 195 63 100 3033 857 398 137 43 509 54 58 60 105 44 261
cat_boundaries=0 1 2 3
cat_threshold=72 3 36
is_linear=0
shrinkage=0.05


Tree=19
num_leaves=24
num_cat=2
split_feature=0 2 5 5 5 5 2 2 5 2 9 4 5 5 2 14 14 9 5 15 5 2 0
split_gain=37.8484 48.3697 32.1097 7.98252 6.51265 3.86403 4.52545 3.54891 2.8215 2.10918 1.91388 1.86121 1.37317 1.33106 1.95542 1.20333 0.745906 0.938597 0.689562 0.656338 0.639762 1.12923 0.974775
threshold=0 2033.5000000000002 0.91917282543764645 1.1672731239108303 0.48900742528759283 0.76343305541321171 2030.5000000000002 2032.5000000000002 0.74651220879099955 2034.5000000000002 17357.159624221244 1.0000000180025095e-35 1.0179578550006412 0.62850798343534187 2033.5000000000002 87655.739213096036 38160.188036816093 9700.6359383483159 1.236240609701037 44.092760030381612 0.93269690608366818 2034.5000000000002 1
decision_type=1 2 2 2 2 2 2 2 2 2 2 2 2 2 2 2 2 2 2 2 2 2 1
left_child=1 5 8 9 7 6 -1 -2 -3 -4 -10 12 -11 14 -6 -8 -16 -18 -5 -9 21 -15 -23
right_child=4 2 3 18 13 -7 15 19 10 11 -12 -13 -14 20 16 -17 17 -19 -20 -21 -22 22 -24
leaf_value=0.013786170311335442 0.030211036613433995 -0.048361090762313048 -0.0018972319222048256 -0.0088967300273926613 0.042706886714645287 0.043383121939708294 -0.023220002904509873 -0.024538150500355252 -0.020609216276362481 -0.018746269571059716 -0.016913534687245938 -0.0077405092806428965 -0.012156730904045515 0.098050330880347272 -0.011560933307983162 -0.0035233327426901656 0.0038594268882129537 -0.0063967887206063103 0.0011565197248859448 -0.020533091193548451 0.090636904306872476 0.069770797977708174 -0.00080113366238385511
leaf_weight=76 46 74 28 36 104 460 30 32 76 37 22 38 67 563 35 20 36 25 99 25 1893 128 249
leaf_count=76 46 74 28 36 104 460 30 32 76 37 22 38 67 563 35 20 36 25 99 25 1893 128 249
internal_value=0.000999048 -0.00711556 -0.0190042 -0.00926229 0.00376033 0.00244027 -0.00531746 -0.00859223 -0.0362791 -0.0164706 -0.0307143 -0.0189437 -0.0224038 0.00419222 0.00025 -0.017 -0.00489583 -0.00155738 -0.000185185 -0.0169298 0.00447053 0.00340426 0.00128647
internal_weight=4199 1063 477 305 3136 586 126 103 172 170 98 142 104 3033 200 50 96 61 135 57 2833 940 377
internal_count=4199 1063 477 305 3136 586 126 103 172 170 98 142 104 3033 200 50 96 61 135 57 2833 940 377
cat_boundaries=0 1 2
cat_threshold=72 36
is_linear=0
shrinkage=0.05


Tree=20
num_leaves=24
num_cat=0
split_feature=2 5 5 5 5 9 5 9 9 14 14 9 5 14 10 7 9 9 5 2 5 5 5
split_gain=18.7456 21.5366 4.75831 2.29968 1.96209 1.32408 1.16269 1.16256 1.19174 1.04582 3.0689 0.89544 1.34006 0.869278 1.37268 1.06375 0.833853 0.741026 0.708788 1.19844 0.648159 0.638028 0.617954
threshold=2033.5000000000002 0.91683600554281697 0.48900742528759283 0.42540951297941754 1.1912409331906684 3835.9951384657606 0.74252791977159271 10564.558614418995 8976.3250866375038 96918.718267843491 154016.62477591509 3181.0355538923268 0.82555440180009632 16434.96028759101 1.0000000180025095e-35 1.0000000180025095e-35 1031.6042420655997 12231.723693714233 0.76343305541321171 2030.5000000000002 0.79561763026696497 0.88677049098292526 0.99399758775364122
decision_type=2 2 2 2 2 2 2 2 2 2 2 2 2 2 2 2 2 2 2 2 2 2 2
left_child=3 2 5 -1 22 -2 13 8 9 11 -11 12 -8 -4 15 -15 -16 -17 19 -5 -9 -14 -3
right_child=1 4 6 18 -6 -7 7 20 -10 10 -12 -13 21 14 16 17 -18 -19 -20 -21 -22 -23 -24
leaf_value=-0.009960914924419164 -0.038307614776781101 -0.0038127458097938164 -0.014720177959987264 0.081197720153252217 0.020346310446716007 -0.049796209362951094 -0.014673524942088251 0.0041826948947163581 -0.01023546504000955 -0.018204552882579949 0.0021263660309389803 0.0008525307123592521 -0.0028068782981089907 -0.021323233962647667 -0.020400872540452517 -0.025689764270809878 0.0013371665556919095 -0.021059979574929621 0.13801251767996167 -0.0020974677130093777 -0.0073357554071387361 -0.014677322820784875 0.0022269024524241548
leaf_weight=39 34 227 43 242 489 30 53 42 20 29 22 51 59 61 73 26 31 39 1780 166 91 22 530
leaf_count=39 34 227 43 242 489 30 53 42 20 29 22 51 59 61 73 26 31 39 1780 166 91 22 530
internal_value=0.00107049 -0.00247972 -0.00932507 0.00421419 0.00150883 -0.0223437 -0.00806646 -0.00631105 -0.00828125 -0.00728814 -0.0136275 -0.00554054 -0.00768657 -0.0105678 -0.00934783 -0.0128571 -0.00509615 -0.0173077 0.0044287 0.00254902 -0.0025188 -0.00364198 -8.58651e-05
internal_weight=4199 1972 726 2227 1246 64 662 389 256 236 51 185 134 273 230 126 104 65 2188 408 133 81 757
internal_count=4199 1972 726 2227 1246 64 662 389 256 236 51 185 134 273 230 126 104 65 2188 408 133 81 757
is_linear=0
shrinkage=0.05


Tree=21
num_leaves=24
num_cat=1
split_feature=0 2 5 5 5 2 5 5 2 2 9 5 2 15 2 5 4 5 5 15 15 15 15
split_gain=35.8184 43.1104 28.1803 6.49587 5.16849 3.54891 3.5449 3.44216 4.03712 1.71368 1.38346 1.15719 1.755 0.802778 0.77751 1.47611 0.746894 1.78846 1.42952 0.736332 0.71012 0.674922 0.656338
threshold=0 2033.5000000000002 0.91917282543764645 0.48900742528759283 1.236240609701037 2032.5000000000002 0.7082975517696023 0.70059082524422223 2030.5000000000002 2034.5000000000002 17357.159624221244 0.62850798343534187 2033.5000000000002 46.442013793119592 2031.5000000000002 0.85301416984164968 1.0000000180025095e-35 1.0921227308458137 1.1080825569437391 101.55199198662889 67.513336029194775 26.740512684119718 44.092760030381612
decision_type=1 2 2 2 2 2 2 2 2 2 2 2 2 2 2 2 2 2 2 2 2 2 2
left_child=1 7 6 5 9 -2 -3 8 -1 -4 -8 12 -5 -14 -9 -16 17 19 -18 21 -6 -11 -7
right_child=3 2 4 11 20 22 10 14 -10 16 -12 -13 13 -15 15 -17 18 -19 -20 -21 -22 -23 -24
leaf_value=0.0079037000867734266 0.029001944322333779 -0.0467917875164841 -0.00036234792819581823 0.040676415764563489 -0.0019793911095570766 -0.02087887550665575 -0.020131553099280247 0.088016513016280606 -0.020655477533344565 -0.017146265002699178 -0.016581036065134072 0.047005514173244944 -0.0071319807719539639 -0.0008692212726360099 -0.01644462543149908 0.015248474866840434 -0.0024298827411283969 -0.0097162113590239501 -0.015538405007337417 -0.01967192818314778 0.0098301673487729609 -0.011369361550080758 -0.017016626165723463
leaf_weight=55 46 53 32 104 53 32 94 363 33 23 25 2833 36 60 33 102 27 47 25 23 46 29 25
leaf_count=55 46 53 32 104 53 32 94 363 33 23 25 2833 36 60 33 102 27 47 25 23 46 29 25
internal_value=0.00105859 -0.00683597 -0.0180608 0.00374444 -0.00893443 -0.00859223 -0.0342442 0.0021843 -0.00693182 -0.0134466 -0.0294538 0.00417573 0.0005 -0.004375 0.00379518 0.000555556 -0.0154023 -0.017541 -0.0103846 -0.0223333 0.000454546 -0.0190385 -0.0169298
internal_weight=4199 1063 477 3136 305 103 172 586 88 206 119 3033 200 96 498 135 174 122 52 75 99 52 57
internal_count=4199 1063 477 3136 305 103 172 586 88 206 119 3033 200 96 498 135 174 122 52 75 99 52 57
cat_boundaries=0 1
cat_threshold=72
is_linear=0
shrinkage=0.05


Tree=22
num_leaves=24
num_cat=4
split_feature=0 2 2 0 2 15 14 6 14 14 1 9 14 14 10 7 2 15 3 15 14 1 8
split_gain=31.7112 40.5026 3.71181 2.42841 4.45215 1.48572 1.29009 1.58792 1.74638 1.51273 0.966027 1.42915 0.960616 1.01458 0.960059 1.0163 0.748787 0.730716 0.704559 0.617667 0.437801 0.484332 0.436446
threshold=0 2034.5000000000002 2032.5000000000002 1 2033.5000000000002 16.739083551532328 38544.953812751373 1.0000000180025095e-35 48310.708068592714 29990.947335234971 2 1460.1975436730629 82210.281270887281 157226.55219614532 1.5000000000000002 1.5000000000000002 2030.5000000000002 105.40273958101986 1.0000000180025095e-35 115.57349829163006 43203.084249242173 3 1.0000000180025095e-35
decision_type=1 2 2 1 2 2 2 2 2 2 1 2 2 2 2 2 2 2 2 2 2 1 2
left_child=1 2 16 -2 -5 -3 9 8 -8 14 12 -12 -10 17 15 -7 -1 -14 20 -13 -4 -22 -18
right_child=3 5 18 4 -6 6 7 -9 10 -11 11 19 13 -15 -16 -17 22 -19 -20 -21 21 -23 -24
leaf_value=0.060522325021034253 0.1228032610503125 -0.019980939663307405 -0.0077564788430796857 0.13244915032799776 -0.0013839684751540632 -0.014842912252148177 -0.016446323268166408 -0.029980662021573262 -0.014842613758551268 -0.016120692025002371 -0.027601076816191839 -0.018997272154327123 -0.015628870985901783 -0.014895843360211587 -0.010771444340999865 -0.021827831726056353 0.0025270934199456419 -0.020465722829371504 -0.024063695987406 -0.026825837045344327 -0.0070993609882503642 0.003289479023519463 -0.0029247284927023248
leaf_weight=369 1592 22 33 814 730 54 27 43 40 22 20 34 32 23 21 21 110 27 35 25 39 29 37
leaf_count=369 1592 22 33 814 730 54 27 43 40 22 20 34 32 23 21 21 110 27 35 25 39 29 37
internal_value=0.00105859 -0.00636999 0.00131902 0.00358551 0.00213642 -0.0187226 -0.0180077 -0.0199077 -0.0182456 -0.0136441 -0.0166418 -0.0209494 -0.0138525 -0.0169512 -0.0163542 -0.019 0.00325581 -0.0204237 -0.00602941 -0.0170339 -0.00391089 -0.00161765 0.000238095
internal_weight=4199 1063 652 3136 1544 411 389 271 228 118 201 79 122 82 96 75 516 59 136 59 101 68 147
internal_count=4199 1063 652 3136 1544 411 389 271 228 118 201 79 122 82 96 75 516 59 136 59 101 68 147
cat_boundaries=0 1 2 3 4
cat_threshold=72 164 1 1
is_linear=0
shrinkage=0.05


Tree=23
num_leaves=24
num_cat=2
split_feature=0 2 5 5 5 5 2 5 2 5 5 0 2 5 16 4 8 15 2 10 2 5 2
split_gain=27.3991 35.8553 23.5491 6.74046 5.58632 4.95724 3.90743 3.67173 2.14618 3.78738 1.95148 3.09916 5.65844 1.52351 1.42318 1.07687 1.0464 0.98661 0.846992 0.984726 0.763978 0.656297 1.73949
threshold=0 2034.5000000000002 0.91917282543764645 0.48900742528759283 1.1672731239108303 0.58440279015043262 2034.5000000000002 0.70059082524422223 2032.5000000000002 0.92692011529563423 0.93566252435764941 1 2033.5000000000002 0.62850798343534187 1.756416666666667 1.0000000180025095e-35 1.0000000180025095e-35 38.355267274579568 2037.5000000000002 1.0000000180025095e-35 2030.5000000000002 0.75606233012901958 2030.5000000000002
decision_type=1 2 2 2 2 2 2 2 2 2 2 1 2 2 2 2 2 2 2 2 2 2 2
left_child=1 5 7 6 14 -1 20 -3 21 -10 11 -5 -13 -14 15 16 -4 -8 19 -9 -2 22 -7
right_child=3 2 4 10 -6 8 17 18 9 -11 -12 12 13 -15 -16 -17 -18 -19 -20 -21 -22 -23 -24
leaf_value=-0.021863097211204476 0.17448860894520973 -0.041703001779932879 -0.012497512906649263 0.075342262940571419 -0.00068441439268202811 0.031956646213618094 -0.019765733500848325 -0.015059241948107024 -0.01238822108754937 0.0055448735823845109 0.084299490608164551 0.055605704549544388 -0.0097535079596550289 -0.0042004389561670222 -0.014748138120090376 -0.003235816368972444 -0.0092594836961524991 -0.016420917940654003 -0.019930988203572874 -0.0154659527065148 -0.014940273858532131 0.053165178013090834 -0.013599459549683805
leaf_weight=38 29 46 49 563 120 53 22 22 41 87 1882 311 45 232 39 32 22 21 52 29 31 408 25
leaf_count=38 29 46 49 563 120 53 22 22 41 87 1882 311 45 232 39 32 22 21 52 29 31 408 25
internal_value=0.00114194 -0.00576421 -0.0173844 0.00349015 -0.00835878 0.00147239 -0.00907767 -0.033255 0.002557 -0.00320312 0.00392845 0.00230669 -0.000267558 -0.00546931 -0.0150704 -0.0119903 -0.0154225 -0.0205814 -0.0280097 -0.0234314 -0.000833333 0.00407407 -0.000128205
internal_weight=4199 1063 411 3136 262 652 103 149 614 128 3033 1151 588 277 142 103 71 43 103 51 60 486 78
internal_count=4199 1063 411 3136 262 652 103 149 614 128 3033 1151 588 277 142 103 71 43 103 51 60 486 78
cat_boundaries=0 1 2
cat_threshold=72 164
is_linear=0
shrinkage=0.05


Tree=24
num_leaves=24
num_cat=2
split_feature=0 2 5 5 5 5 2 5 2 5 5 0 2 5 15 14 9 15 8 4 5 2 5
split_gain=25.6757 33.1332 22.7381 6.72338 4.93424 4.90013 3.90743 3.83885 2.1323 3.67806 1.8729 3.174 5.82805 1.23692 1.10435 1.00169 1.25149 0.98661 0.898899 1.09104 0.898347 0.763978 0.757071
threshold=0 2034.5000000000002 0.91337345033287376 0.48900742528759283 0.54654052051512081 1.1672731239108303 2034.5000000000002 0.75992680472410246 2030.5000000000002 1.0017296210586071 0.96190403407743663 1 2033.5000000000002 0.62850798343534187 24.812388260590357 39316.05765398981 2049.9596770067506 38.355267274579568 1.0000000180025095e-35 1.0000000180025095e-35 0.7681049980012834 2030.5000000000002 1.0527453708314882
decision_type=1 2 2 2 2 2 2 2 2 2 2 1 2 2 2 2 2 2 2 2 2 2 2
left_child=1 4 7 6 -1 14 21 -3 -6 20 11 -5 -13 -14 -4 -9 -17 -8 19 22 -10 -2 -16
right_child=3 2 5 10 8 -7 17 15 9 -11 -12 12 13 -15 18 16 -18 -19 -20 -21 -22 -23 -24
leaf_value=-0.022054203131730524 0.16576417849794922 -0.036133827549226734 -0.014037369633434084 0.075712875905037613 0.082335931640201102 -0.00065019367304792433 -0.018777446825805899 -0.011473676402553611 -0.012019602355471145 0.020296648493668096 0.083213591965716621 0.059583071358012996 -0.0092658325616722711 -0.0041109319083801514 -0.013720479181011791 -0.01743232099204135 -0.016412066180589338 -0.015599872043621314 -0.0074280833341955621 -0.0059390771034401298 -0.0032826922843552328 -0.014193260165605528 -0.0083846067670808027
leaf_weight=30 29 71 20 635 351 120 22 20 49 142 1756 341 45 256 35 24 32 21 37 26 80 31 26
leaf_count=30 29 71 20 635 351 120 22 20 49 142 1756 341 45 256 35 24 32 21 37 26 80 31 26
internal_value=0.00120148 -0.00548462 -0.0166545 0.00347425 0.00147239 -0.00787879 -0.00907767 -0.032415 0.00242765 -0.000904059 0.00391197 0.00245497 -6.13495e-05 -0.00513289 -0.0140972 -0.0246053 -0.0280357 -0.0205814 -0.0123387 -0.0151149 -0.0070155 -0.000833333 -0.0187705
internal_weight=4199 1063 411 3136 652 264 103 147 622 271 3033 1277 642 301 144 76 56 43 124 87 129 60 61
internal_count=4199 1063 411 3136 652 264 103 147 622 271 3033 1277 642 301 144 76 56 43 124 87 129 60 61
cat_boundaries=0 1 2
cat_threshold=72 164
is_linear=0
shrinkage=0.05


Tree=25
num_leaves=24
num_cat=2
split_feature=0 2 5 5 5 5 5 2 2 5 5 0 2 15 5 8 8 5 2 17 14 17 15
split_gain=24.3608 30.5185 20.1849 5.7717 5.52202 4.93424 3.84216 3.22325 2.1323 3.67806 1.6223 2.87879 5.23546 1.08675 0.898347 0.806786 0.75334 0.741976 0.731989 0.674894 0.603034 0.958973 0.735225
threshold=0 2034.5000000000002 0.96190403407743663 0.48900742528759283 0.70059082524422223 0.54654052051512081 1.2252164419808278 2032.5000000000002 2030.5000000000002 1.0017296210586071 0.96190403407743663 1 2033.5000000000002 24.812388260590357 0.7681049980012834 1.0000000180025095e-35 1.0000000180025095e-35 0.62850798343534187 2032.5000000000002 74.884166666666673 64249.445123386446 74.884166666666673 96.048562507698918
decision_type=1 2 2 2 2 2 2 2 2 2 2 1 2 2 2 2 2 2 2 2 2 2 2
left_child=1 5 4 7 -3 -1 13 -2 -7 14 11 -5 -13 -4 -10 19 -6 -14 -16 -15 -19 22 -22
right_child=3 2 6 10 16 8 -8 -9 9 -11 -12 12 17 15 18 -17 -18 20 -20 -21 21 -23 -24
leaf_value=-0.020951492975144009 0.022386066291024083 -0.037811160313474895 -0.013335501151762375 0.07192723210978573 -0.016061572417359525 0.078219135058191058 0.00080578005670724337 -0.016546196946805154 -0.01141862223769758 0.019281816068984686 0.079052912367430811 0.056603917790112361 -0.0088025409335886658 -0.01075328498876571 0.002120737051477091 -0.0064523003010309278 -0.016369312794246579 -0.0017320947192190307 -0.007341644734542613 -0.0091253571285181221 -0.0095504113739204519 -0.0051668891853003298 -0.0006440110081184806
leaf_weight=30 46 46 20 635 88 351 94 57 49 142 1756 341 45 43 39 39 36 135 41 45 21 77 23
leaf_count=30 46 46 20 635 88 351 94 57 49 142 1756 341 45 43 39 39 36 135 41 45 21 77 23
internal_value=0.00130865 -0.00520503 -0.0159246 0.00352193 -0.0291176 0.00147239 -0.00661826 -0.0081068 0.00242765 -0.000904059 0.00392845 0.00257244 0.000168712 -0.0116667 -0.0070155 -0.00996063 -0.023629 -0.00463455 -0.00375 -0.0126136 -0.00359375 -0.00615702 -0.0120455
internal_weight=4199 1063 411 3136 170 652 241 103 622 271 3033 1277 642 147 129 127 124 301 80 88 256 121 44
internal_count=4199 1063 411 3136 170 652 241 103 622 271 3033 1277 642 147 129 127 124 301 80 88 256 121 44
cat_boundaries=0 1 2
cat_threshold=72 164
is_linear=0
shrinkage=0.05


Tree=26
num_leaves=24
num_cat=2
split_feature=0 2 5 5 5 5 5 2 5 0 2 2 5 7 14 5 16 4 8 15 2 9 14
split_gain=19.5772 25.1798 16.9149 5.67343 5.52344 4.24439 3.68489 3.50333 1.8209 3.2003 5.17301 1.81094 2.88029 1.32544 2.12163 1.29935 1.19611 0.728877 0.777862 0.685714 0.638244 0.595238 0.550064
threshold=0 2034.5000000000002 0.91917282543764645 0.44510901738983766 0.68614658175646159 0.54654052051512081 1.1672731239108303 2032.5000000000002 0.96190403407743663 1 2032.5000000000002 2031.5000000000002 0.92692011529563423 1.0000000180025095e-35 74569.930966300628 0.64827296193767847 1.756416666666667 1.0000000180025095e-35 1.0000000180025095e-35 74.344162533720933 2032.5000000000002 2049.9596770067506 64249.445123386446
decision_type=1 2 2 2 2 2 2 2 2 1 2 2 2 2 2 2 2 2 2 2 2 2 2
left_child=1 5 4 7 -3 -1 16 -2 9 -5 -11 -7 20 19 -15 -12 17 18 -4 -6 -13 -22 -17
right_child=3 2 6 8 13 11 -8 -9 -10 10 15 12 -14 14 -16 22 -18 -19 -20 -21 21 -23 -24
leaf_value=-0.01990391832638681 0.019160633940596961 -0.036745619393389259 -0.010973973712152869 0.065203310302813608 -0.01421140181762999 0.054405508630876925 -2.1615212470449853e-05 -0.020026388894283865 0.075100266749059286 0.097414069005084286 -0.0095231377771523018 -0.0088394803995627425 0.0092995124568302345 -0.015606123351034382 -0.014795999023271734 -0.0011204457430727508 -0.012748892731517053 -0.0023659464699828216 -0.0074953284289455318 -0.016329148058977061 -0.022634199055305462 -0.0049492322015724666 -0.0069714994036978051
leaf_weight=30 34 39 49 647 35 412 120 43 1756 304 68 39 129 32 22 150 39 32 22 21 21 21 134
leaf_count=30 34 39 49 647 35 412 120 43 1756 304 68 39 129 32 22 150 39 32 22 21 21 21 134
internal_value=0.00147535 -0.00436626 -0.0140998 0.00345836 -0.0275503 0.00170245 -0.00645038 -0.00993506 0.0038068 0.00239064 -0.000105105 0.00258842 -0.00119048 -0.0218182 -0.0274074 -0.00423295 -0.0119014 -0.00907767 -0.0119014 -0.0164286 -0.00858025 -0.0128571 -0.00274648
internal_weight=4199 1063 411 3136 149 652 262 77 3059 1303 656 622 210 110 54 352 142 103 71 56 81 42 284
internal_count=4199 1063 411 3136 149 652 262 77 3059 1303 656 622 210 110 54 352 142 103 71 56 81 42 284
cat_boundaries=0 1 2
cat_threshold=72 164
is_linear=0
shrinkage=0.05


Tree=27
num_leaves=24
num_cat=2
split_feature=0 2 5 5 5 2 5 2 2 16 0 5 2 5 5 14 5 5 14 2 5 9 20
split_gain=18.8825 22.314 18.7956 5.3447 5.13707 3.13426 3.08717 2.86705 2.54895 2.13675 1.6127 2.9886 4.50951 1.43714 1.25079 1.225 1.0669 1.03214 1.00137 0.77751 1.47611 0.680283 0.615723
threshold=0 2033.5000000000002 0.75606233012901958 1.1672731239108303 0.44510901738983766 2032.5000000000002 0.70059082524422223 2029.5000000000002 2036.5000000000002 2.1729166666666671 1 0.96190403407743663 2032.5000000000002 0.68614658175646159 0.62850798343534187 71939.340859058619 0.98854811158597589 1.1080825569437391 119390.48173476249 2031.5000000000002 0.85301416984164968 3181.0355538923268 1.0000000180025095e-35
decision_type=1 2 2 2 2 2 2 2 2 2 1 2 2 2 2 2 2 2 2 2 2 2 2
left_child=1 6 13 8 5 -2 7 -1 18 16 -6 12 -12 -3 -14 -9 -10 -18 -4 -8 -21 -7 -16
right_child=4 2 3 -5 10 21 19 15 9 -11 11 -13 14 -15 22 -17 17 -19 -20 20 -22 -23 -24
leaf_value=0.0093582838702553177 0.018202602243567102 -0.037237887259985634 -0.0037217348219663357 0.0002162435726025683 0.10921910825282984 -0.023760038830907267 0.069719885294137973 -0.018428270423117881 -0.016364317080559052 -0.010580753302217227 0.092543365554830087 0.036744898013989412 -0.0070770901795173995 -0.01588077976481023 -0.0087180402359515463 -0.0042693040260592067 -0.0066223523993825363 -0.010694200962500665 -0.0079341718379483967 -0.013537779821824967 0.012482127930615858 -0.013422828761694709 -0.0015469151251275351
leaf_weight=48 34 45 96 135 1548 23 363 20 61 30 304 855 58 33 37 20 36 20 21 33 102 20 257
leaf_count=48 34 45 96 135 1548 23 363 20 61 30 304 855 58 33 37 20 36 20 21 33 102 20 257
internal_value=0.00151107 -0.00422647 -0.0122956 -0.00790727 0.00345836 -0.00928571 0.00226962 -0.00636364 -0.0120455 -0.0164286 0.00379045 0.00256739 4.57319e-05 -0.0347436 -0.00380682 -0.01625 -0.0133761 -0.00839286 -0.00653846 0.00379518 0.000555556 -0.0182558 -0.00248299
internal_weight=4199 1063 477 399 3136 77 586 88 264 147 3059 1511 656 78 352 40 117 56 117 498 135 43 294
internal_count=4199 1063 477 399 3136 77 586 88 264 147 3059 1511 656 78 352 40 117 56 117 498 135 43 294
cat_boundaries=0 1 2
cat_threshold=72 164
is_linear=0
shrinkage=0.05


Tree=28
num_leaves=24
num_cat=3
split_feature=0 2 0 2 2 19 14 6 16 1 36 9 9 14 14 10 14 2 15 9 9 2 7
split_gain=17.087 20.3011 2.73937 3.82887 2.12944 1.38409 0.920194 0.729874 1.6294 1.40557 1.30829 1.18174 1.01717 0.954405 1.49729 1.3555 0.4955 0.47668 0.606846 0.47409 0.537186 0.466154 0.570472
threshold=0 2034.5000000000002 1 2032.5000000000002 2030.5000000000002 1.0000000180025095e-35 49238.113949496052 1.0000000180025095e-35 1.756416666666667 2 0.015975370043459728 21886.336938882338 32087.46360967098 42808.830599797126 66571.433996740641 1.5000000000000002 28523.785437470815 2034.5000000000002 25.012291305676673 15217.117856120118 5110.8852315871436 2032.5000000000002 2.5000000000000004
decision_type=1 2 1 2 2 2 2 2 2 1 2 2 2 2 2 2 2 2 2 2 2 2 2
left_child=1 4 -2 -4 -1 6 -3 9 -9 12 11 13 19 15 -15 16 -11 18 -5 20 -7 -6 -23
right_child=2 5 3 17 21 7 -8 8 -10 10 -12 -13 -14 14 -16 -17 -18 -19 -20 -21 -22 22 -24
leaf_value=0.052592627587729729 0.096695248677336421 -0.023490089243507175 0.15192112042397349 -0.00521385527492627 0.0011946858879490407 -0.0048379899666294319 -0.017963392985292349 -0.023643032316348487 -0.0020135048325282249 -0.012881140633043043 -0.0046674326402955605 -0.0076267527379218509 -0.016360146932943402 -0.01515361168037342 -0.015850896443086175 -0.005643553941607018 -0.011147819301892251 -0.001580996703643445 0.014291226286477304 0.0013935420335463864 -0.015812141990302776 -0.0095553977082590558 0.0025344611346121387
leaf_weight=369 1592 27 713 39 147 47 34 38 20 23 25 21 24 23 30 20 20 622 170 20 39 111 25
leaf_count=369 1592 27 713 39 147 47 34 38 20 23 25 21 24 23 30 20 20 622 170 20 39 111 25
internal_value=0.0015587 -0.00390028 0.00341068 0.00187902 0.00154908 -0.0126399 -0.0195902 -0.0114286 -0.0165517 -0.010411 -0.0135185 -0.015438 -0.00653846 -0.0174138 -0.0223585 -0.013254 -0.0182558 -0.000415162 0.00165072 -0.00443396 -0.00604651 -0.00171378 -0.00382353
internal_weight=4199 1063 3136 1544 652 411 61 350 58 292 162 137 130 116 53 63 43 831 209 106 86 283 136
internal_count=4199 1063 3136 1544 652 411 61 350 58 292 162 137 130 116 53 63 43 831 209 106 86 283 136
cat_boundaries=0 1 2 3
cat_threshold=72 164 1
is_linear=0
shrinkage=0.05


Tree=29
num_leaves=24
num_cat=1
split_feature=5 2 5 2 5 4 2 16 5 8 9 16 5 1 14 16 14 2 5 5 9 5 4
split_gain=13.1566 10.848 5.3255 5.21223 3.58986 1.11096 0.821737 0.755362 0.724765 0.722252 1.28621 0.819446 0.798157 0.799907 0.635904 0.730232 0.672604 0.659988 1.00595 0.633456 0.741164 0.62244 0.622239
threshold=0.76343305541321171 2031.5000000000002 0.42540951297941754 2034.5000000000002 0.98375327317343808 1.0000000180025095e-35 2033.5000000000002 2.1729166666666671 0.58440279015043262 1.0000000180025095e-35 8257.9167096019974 3.485125 0.65500856664796159 0 38544.953812751373 1.4758333333333338 154016.62477591509 2036.5000000000002 0.86354054545950343 1.1625859542886614 64262.111005197432 0.42540951297941754 1.0000000180025095e-35
decision_type=2 2 2 2 2 2 2 2 2 2 2 2 2 1 2 2 2 2 2 2 2 2 2
left_child=1 21 -3 -2 14 9 -7 8 -8 11 -11 12 13 -4 15 -5 17 18 -16 20 -6 -1 -19
right_child=3 2 5 4 19 6 7 -9 -10 10 -12 -13 -14 -15 16 -17 -18 22 -20 -21 -22 -23 -24
leaf_value=-0.0092343842098127852 0.0718643232207372 -0.026900035563185376 -0.021519911337399718 0.0047981718372527085 0.0023506204339102488 -0.0024098593691475397 -0.029424732836277941 -0.013558311792470424 -0.0087879925343506606 -0.01001802379224272 -0.011001449500579165 0.0034377426033526562 -0.0057447682226821027 -0.0045093326336471829 -0.0048953568202565155 -0.0043326524004589318 0.00084119421088084108 -0.0098752702896964754 0.0027239933964791074 0.013862872660873283 -0.0057337226672414671 0.033790485514654994 -0.0027209951851714328
leaf_weight=27 2018 52 34 57 405 26 22 31 58 55 38 24 93 67 28 93 43 117 56 463 24 300 68
leaf_count=27 2018 52 34 57 405 26 22 31 58 55 38 24 93 67 28 93 43 117 56 463 24 300 68
internal_value=0.00158252 -0.00406892 -0.0087 0.00296856 0.000568686 -0.00694196 -0.0106934 -0.0125676 -0.01 -0.00528939 -0.00897849 -0.0037156 -0.00479381 -0.00787129 -0.00300866 -0.000333333 -0.00429487 -0.00522305 -0.00154762 0.00242152 0.0010373 0.00301223 -0.00689189
internal_weight=4199 827 500 3372 1354 448 137 111 80 311 93 218 194 101 462 150 312 269 84 892 429 327 185
internal_count=4199 827 500 3372 1354 448 137 111 80 311 93 218 194 101 462 150 312 269 84 892 429 327 185
cat_boundaries=0 1
cat_threshold=2
is_linear=0
shrinkage=0.05


Tree=30
num_leaves=24
num_cat=0
split_feature=5 2 5 2 5 5 8 15 15 20 7 16 4 14 15 5 2 9 15 16 15 15 5
split_gain=12.0909 12.8831 4.84092 3.62914 2.29784 1.24147 1.16571 1.11312 1.36821 0.985868 0.922094 0.86662 0.747682 0.950085 0.699735 0.691273 0.672206 0.657653 0.63166 0.609098 0.848339 1.37573 0.873434
threshold=0.83296196964687219 2031.5000000000002 0.42540951297941754 2033.5000000000002 1.0017296210586071 0.55782275054609032 1.0000000180025095e-35 83.960794186019541 55.229490791365357 1.0000000180025095e-35 1.5000000000000002 1.756416666666667 1.0000000180025095e-35 71939.340859058619 117.80962564861379 0.42540951297941754 2038.5000000000002 8030.0141302773727 59.668990118102194 1.0000000180025095e-35 40.506207950130239 49.752778293404454 0.80201068204579806
decision_type=2 2 2 2 2 2 2 2 2 2 2 2 2 2 2 2 2 2 2 2 2 2 2
left_child=1 15 -3 -2 9 11 19 8 -8 10 -5 12 13 -4 -9 -1 -11 18 -18 -7 -21 -22 -23
right_child=3 2 5 4 -6 6 7 14 -10 16 -12 -13 -14 -15 -16 -17 17 -19 -20 20 21 22 -24
leaf_value=-0.0087726649993221557 0.11983085950758224 -0.025555033785026118 -0.0062130930123556818 -0.0010913914246093086 0.0078534640311774609 0.0016348396233078159 -0.010317128132048631 0.003001732141690654 -0.0099370657359227829 0.00085286816508009467 -0.0090352476633586039 -0.00204860490920475 -0.030333421021876895 -0.018231153489923452 -0.012139294722415485 0.038806103780288564 -0.0023588155740768991 0.0055221575074535199 -0.0097815351705920761 -0.0057146407638787441 -0.010318247496704257 -0.0061727899245146902 -0.010045844583393922
leaf_weight=27 1606 52 23 29 990 38 68 36 21 289 25 28 20 24 27 442 41 45 24 113 28 171 32
leaf_count=27 1606 52 23 29 990 38 68 36 21 289 25 28 20 24 27 442 41 45 24 113 28 171 32
internal_value=0.00149917 -0.00286956 -0.00726138 0.00314693 0.0013271 -0.00604928 -0.00511236 -0.00881579 -0.0124157 -0.00162252 -0.00796296 -0.0113158 -0.014403 -0.0109574 -0.00373016 0.00350746 -0.000764411 -0.00409091 -0.00730769 -0.00363874 -0.00430233 -0.00603896 -0.00460591
internal_weight=4199 1150 681 3049 1443 629 534 152 89 453 54 95 67 47 63 469 399 110 65 382 344 231 203
internal_count=4199 1150 681 3049 1443 629 534 152 89 453 54 95 67 47 63 469 399 110 65 382 344 231 203
is_linear=0
shrinkage=0.05


Tree=31
num_leaves=24
num_cat=3
split_feature=0 5 5 5 14 15 15 15 5 9 0 5 3 16 17 14 5 7 14 15 14 17 1
split_gain=18.8088 13.0369 4.43411 4.24113 1.85267 1.62292 1.77459 1.91755 1.59537 1.48972 1.23747 2.11494 0.913709 0.912294 0.758195 0.693879 0.636496 0.595888 1.00908 1.47093 0.642857 0.703247 0.589687
threshold=0 0.90661399244645735 0.50361592300952374 0.51653639921929895 74569.930966300628 71.878914258797877 58.083230587519203 36.108001881607926 1.236240609701037 609.11502569308516 1 0.98375327317343808 1.0000000180025095e-35 1.756416666666667 74.884166666666673 30893.119705021531 0.64827296193767847 1.5000000000000002 96918.718267843491 136.78236400570566 134911.01726225539 74.884166666666673 2
decision_type=1 2 2 2 2 2 2 2 2 2 1 2 2 2 2 2 2 2 2 2 2 2 1
left_child=1 2 -1 12 5 6 7 13 -3 -9 -5 16 14 -4 -2 -10 -12 18 -6 -20 21 -19 -14
right_child=3 8 4 10 17 -7 -8 9 15 -11 11 -13 22 -15 -16 -17 -18 20 19 -21 -22 -23 -24
leaf_value=-0.034856973528355921 0.0012745379457921539 -0.0026536089957951304 -0.0070009716167007052 0.10178143391132376 -0.0011257860721980799 -0.014333260284069661 -0.00064454739017435591 -0.011074331524986471 -0.0025103114707444238 -0.01491959220288611 -0.0069529773269145119 0.03764046936375337 -0.015652124772893555 -0.0088952863131538645 -0.0077567693454928593 0.019971216264428916 0.003167331847414081 0.0020641360024193233 -0.014620322670702311 -0.012076292108470204 0.0013955836401211364 -0.0092792929090941001 -0.0093414332757695267
leaf_weight=30 54 441 41 1526 32 36 34 26 51 28 92 815 23 36 34 184 572 22 27 34 21 20 20
leaf_count=30 54 441 41 1526 32 36 34 26 51 28 92 815 23 36 34 184 572 22 27 34 21 20 20
internal_value=0.0015468 -0.00417987 -0.0115375 0.00349015 -0.00998599 -0.0131592 -0.0110606 -0.0137023 -2.95856e-05 -0.0209259 0.00388519 0.00278375 -0.00530534 -0.00863636 -0.00238636 0.00329787 0.000707831 -0.00589744 -0.00844086 -0.0122131 -0.00214286 -0.00571429 -0.0112791
internal_weight=4199 1063 387 3136 357 201 165 131 676 54 3005 1479 131 77 88 235 664 156 93 61 63 42 43
internal_count=4199 1063 387 3136 357 201 165 131 676 54 3005 1479 131 77 88 235 664 156 93 61 63 42 43
cat_boundaries=0 1 2 3
cat_threshold=72 164 1
is_linear=0
shrinkage=0.05


Tree=32
num_leaves=24
num_cat=4
split_feature=0 2 5 5 5 0 5 5 2 5 2 5 2 6 11 2 0 5 2 14 5 1 3
split_gain=17.9716 19.1416 14.9035 4.12489 3.8762 3.46536 4.01713 2.46572 2.90187 1.73032 1.54326 1.5304 1.26316 1.24696 1.14032 1.06527 1.73307 3.03705 1.01354 0.968455 1.01185 0.630488 0.952441
threshold=0 2033.5000000000002 0.75992680472410246 0.60620533040346569 1.0179578550006412 1 0.44510901738983766 0.90661399244645735 2029.5000000000002 0.55782275054609032 2031.5000000000002 1.3153449239505515 2037.5000000000002 1.0000000180025095e-35 0.48186570102307485 2034.5000000000002 2 1.0017296210586071 2035.5000000000002 80922.769451986052 0.75606233012901958 3 1.0000000180025095e-35
decision_type=1 2 2 2 2 1 2 2 2 2 2 2 2 2 2 2 1 2 2 2 2 1 2
left_child=1 7 9 5 13 -2 -7 8 -1 -3 -8 21 -11 18 19 -5 -17 -18 -4 20 -10 -6 -23
right_child=3 2 4 15 11 6 10 -9 14 12 -12 -13 -14 -15 -16 16 17 -19 -20 -21 -22 22 -24
leaf_value=0.012896120703544515 0.016527955203264909 -0.034660873954486797 -0.002903024202285602 0.1486757889716715 -0.0035098534162142214 -0.019987269684740225 0.041789363806889912 0.04221131284644624 -0.012470741153355586 -0.016238983259830166 -0.0080780649449714598 0.0093042740732040639 -0.013987969406150448 -0.0087413811505950827 -0.0088413253897959548 0.062417349256348703 -0.0032848845898401148 0.020303642048275838 -0.012237290958594044 -0.0043865259901850091 -0.0089126407713239417 -0.0074753183615941278 -0.003967291014251766
leaf_weight=115 138 23 43 1710 84 33 34 365 20 32 60 60 25 24 39 592 253 316 91 26 21 67 28
leaf_count=115 138 23 43 1710 84 33 34 365 20 32 60 60 25 24 39 592 253 316 91 26 21 67 28
internal_value=0.00151107 -0.00408667 -0.0115618 0.00341068 -0.00759446 -0.00254717 -0.00813869 0.00192833 -0.00223982 -0.03125 -0.00351064 -0.00357741 -0.0265789 -0.0136709 -0.00820755 0.00397248 0.00280362 0.000768567 -0.011791 -0.0121642 -0.0169512 -0.00589385 -0.00868421
internal_weight=4199 1063 477 3136 397 265 127 586 221 80 94 239 57 158 106 2871 1161 569 134 67 41 179 95
internal_count=4199 1063 477 3136 397 265 127 586 221 80 94 239 57 158 106 2871 1161 569 134 67 41 179 95
cat_boundaries=0 1 2 3 4
cat_threshold=72 164 164 1
is_linear=0
shrinkage=0.05


Tree=33
num_leaves=24
num_cat=4
split_feature=0 2 5 5 5 2 0 5 5 2 2 5 19 5 2 2 0 5 16 6 1 2 14
split_gain=16.7186 17.5324 13.004 5.99028 4.33193 3.52991 4.84428 2.87127 1.73048 1.91053 1.48186 1.04151 0.951598 0.902836 0.873957 0.839703 1.51977 2.63362 0.837943 0.709481 1.11524 1.08267 0.631779
threshold=0 2032.5000000000002 0.6614825672723017 1.0503106425183286 0.69592446294074228 2031.5000000000002 1 0.44510901738983766 0.73058996066088322 2029.5000000000002 2038.5000000000002 1.3207557252961468 1.0000000180025095e-35 0.55782275054609032 2034.5000000000002 2033.5000000000002 2 1.0017296210586071 1.0000000180025095e-35 1.0000000180025095e-35 3 2036.5000000000002 100102.98219758781
decision_type=1 2 2 2 2 2 1 2 2 2 2 2 2 2 2 2 1 2 2 2 1 2 2
left_child=1 8 13 10 5 -2 7 -7 9 -1 12 14 -4 -3 -5 -6 -17 -18 -14 20 -20 -22 -9
right_child=4 2 3 11 15 6 -8 22 -10 -11 -12 -13 18 -15 -16 16 17 -19 19 -21 21 -23 -24
leaf_value=0.0054408986003028825 0.10589402865182088 -0.032485901941748552 -0.014411978957580542 0.0042520469465088112 0.2201424128185715 -0.019877204988686586 0.0057757391150124685 -0.0073891281364232052 0.027988651371405094 -0.011697949366932166 -0.01335587816251356 0.0095183063247235161 -0.0014023937851569289 -0.018250623803196486 -0.0060603262827262881 0.081085777394123357 -0.0029886887250514115 0.020471832572075105 -0.0093121951840901603 -0.0075009771323697946 -0.0079963743874689307 -0.012107153782909989 -0.0070499491533943682
leaf_weight=57 159 25 21 47 1418 25 142 82 421 38 55 62 24 26 140 647 260 372 57 25 44 21 31
leaf_count=57 159 25 21 47 1418 25 142 82 421 38 55 62 24 26 140 647 260 372 57 25 44 21 31
internal_value=0.00149917 -0.00390028 -0.0101737 -0.00770161 0.00333121 -0.00126424 -0.00464286 -0.0108784 0.00267442 -0.00342105 -0.0132186 -0.00222892 -0.0111458 -0.0342157 -0.00409091 0.00409158 0.00316263 0.00133956 -0.00991228 -0.0113265 -0.0097541 -0.0142308 -0.00827434
internal_weight=4199 1063 547 496 3136 439 280 138 516 95 247 249 192 51 187 2697 1279 632 171 147 122 65 113
internal_count=4199 1063 547 496 3136 439 280 138 516 95 247 249 192 51 187 2697 1279 632 171 147 122 65 113
cat_boundaries=0 1 2 3 4
cat_threshold=72 19 164 1
is_linear=0
shrinkage=0.05


Tree=34
num_leaves=24
num_cat=3
split_feature=0 2 2 2 0 17 3 14 19 18 17 14 1 2 7 15 14 9 15 2 9 9 14
split_gain=16.0843 14.5978 1.97418 1.97241 2.84405 1.31671 1.61346 1.08067 0.977014 1.32539 0.841205 0.79996 0.912382 1.05561 0.992152 0.770053 0.734512 0.648214 0.615526 0.411084 0.42156 1.12662 0.371212
threshold=0 2031.5000000000002 2035.5000000000002 2033.5000000000002 1 73.879583333333343 1.0000000180025095e-35 157226.55219614532 1.0000000180025095e-35 1.0000000180025095e-35 73.879583333333343 113762.42999044863 2 2038.5000000000002 1.5000000000000002 78.708619821075715 38805.750356553144 786.95866832995739 18.577992380300092 2029.5000000000002 581.24256917423725 6361.1228677896806 43736.762750001646
decision_type=1 2 2 2 1 2 2 2 2 2 2 2 1 2 2 2 2 2 2 2 2 2 2
left_child=1 19 5 -2 -5 6 15 8 10 -10 -4 12 14 16 -11 22 -14 -15 -6 -1 -21 -22 -3
right_child=3 2 7 4 18 -7 -8 -9 9 11 -12 -13 13 17 -16 -17 -18 -19 -20 20 21 -23 -24
leaf_value=0.06293173414286822 0.15079485269569537 -0.0071730003468328547 -0.013828574827438126 0.044682128083561562 0.0039838344452718943 -0.0048574504433598741 -0.011541399024815234 -0.0029373309485208245 -0.011708366438237207 -0.00014277195072428408 -0.015982190769322918 -0.012343451464836766 -0.0041267419341243896 -0.012651445228924973 -0.012426763003434675 -0.0061550539755183585 -0.0088670965569668143 -0.0076320531038294274 -0.00083942459732856765 0.022212958467273357 -0.0077420068403651803 0.013275618886028765 0.0030730116728361033
leaf_weight=309 1641 44 26 765 54 151 37 29 29 55 23 32 43 28 26 36 30 20 676 42 28 53 22
leaf_count=309 1641 44 26 765 54 151 37 29 29 55 23 32 43 28 26 36 30 20 676 42 28 53 22
internal_value=0.00163015 -0.00366729 -0.00854992 0.00342657 0.00212375 -0.00551724 -0.00902878 -0.011129 -0.0119872 -0.0107795 -0.0184694 -0.00952991 -0.00836634 -0.0111157 -0.00425926 -0.00578431 -0.00732877 -0.016875 -0.000135135 0.00337963 0.00093496 -0.00117284 -0.00257576
internal_weight=4199 1063 631 3136 1495 290 139 341 312 263 49 234 202 121 81 102 73 48 730 432 123 81 66
internal_count=4199 1063 631 3136 1495 290 139 341 312 263 49 234 202 121 81 102 73 48 730 432 123 81 66
cat_boundaries=0 1 2 3
cat_threshold=72 164 1
is_linear=0
shrinkage=0.05


Tree=35
num_leaves=24
num_cat=2
split_feature=0 2 2 0 2 18 9 2 3 14 14 9 9 9 15 15 16 14 10 7 9 9 9
split_gain=13.7644 12.8595 2.2292 3.51006 1.21643 1.02146 1.14648 0.896292 1.24767 1.00834 0.892221 1.62976 0.806471 0.751361 0.719372 0.697266 0.694444 1.52072 0.694444 0.678439 1.10037 0.632895 1.05542
threshold=0 2032.5000000000002 2031.5000000000002 1 2030.5000000000002 1.0000000180025095e-35 4205.0603686627064 2034.5000000000002 1.0000000180025095e-35 163935.68823499145 105633.79119111237 417.8489442808596 4351.7097475303253 18332.549585766861 18.577992380300092 27.999079570150631 1.4758333333333338 46697.539181274136 1.5000000000000002 2.5000000000000004 11940.117077576402 7731.3505353129776 786.95866832995739
decision_type=1 2 2 1 2 2 2 2 2 2 2 2 2 2 2 2 2 2 2 2 2 2 2
left_child=1 4 -2 -4 -1 6 -3 8 12 10 19 -12 -7 -6 -5 16 17 -16 -18 20 21 22 -9
right_child=2 5 3 14 13 7 -8 9 -10 -11 11 -13 -14 -15 15 -17 18 -19 -20 -21 -22 -23 -24
leaf_value=0.036738199637378476 0.2495430717710431 -0.0084838258170662709 0.049849219550861898 0.0041786620718797822 0.0010622515816451005 -0.0043980790298038244 -0.010917628916941591 -0.0099134901431071343 -0.028954119215564695 0.0011753876359293326 -0.0045817529054929069 -0.016593609891989592 0.0022046622582429032 -0.0049443971013790741 0.00090403947050181799 0.00028055262771310734 0.0022136142641986643 -0.022847432000975311 -0.0072121964702146118 -0.014577449314841423 -0.0015331087804638652 -0.01065735200042036 -0.0074324138014535759
leaf_weight=369 1253 37 961 67 112 47 30 80 31 24 21 35 43 35 29 693 81 25 27 44 55 34 66
leaf_count=369 1253 37 961 67 112 47 30 80 31 24 21 35 43 35 29 693 81 25 27 44 55 34 66
internal_value=0.00165397 -0.0032479 0.00331532 0.00223845 0.00238372 -0.00861974 -0.014403 -0.0078125 -0.00409091 -0.00906685 -0.00977612 -0.0155357 -0.00111111 -0.00146258 1.07298e-05 -0.000380117 -0.00333333 -0.00796296 -0.00101852 -0.00862007 -0.00755319 -0.00944444 -0.0080137
internal_weight=4199 1063 3136 1883 516 547 67 480 121 359 335 56 90 147 922 855 162 54 108 279 235 180 146
internal_count=4199 1063 3136 1883 516 547 67 480 121 359 335 56 90 147 922 855 162 54 108 279 235 180 146
cat_boundaries=0 1 2
cat_threshold=72 164
is_linear=0
shrinkage=0.05


Tree=36
num_leaves=24
num_cat=3
split_feature=5 0 0 2 2 5 5 2 2 18 14 0 2 5 9 9 5 2 14 9 14 14 5
split_gain=13.7145 8.07581 7.97809 7.75127 6.32037 5.02298 3.66109 1.69831 1.69412 1.62674 1.26491 1.13814 1.00502 1.65029 0.936144 0.876972 0.84783 1.10863 0.825 0.74417 0.745751 0.737301 0.734625
threshold=0.6614825672723017 0 1 2031.5000000000002 2031.5000000000002 1.0503106425183286 0.51653639921929895 2032.5000000000002 2027.5000000000002 1.0000000180025095e-35 78024.023601291337 2 2036.5000000000002 0.86607280868335701 1190.832459645399 20329.79595575637 0.77997184135372333 2032.5000000000002 57546.577040970296 699.660860143631 81369.621207484612 90291.631936412246 1.3153449239505515
decision_type=2 1 1 2 2 2 2 2 2 2 2 1 2 2 2 2 2 2 2 2 2 2 2
left_child=1 7 3 -2 8 9 18 -1 -3 -5 14 15 21 -14 -8 -11 17 -4 -6 -9 -21 -13 -7
right_child=2 4 16 5 6 22 10 19 -10 11 -12 12 13 -15 -16 -17 -18 -19 -20 20 -22 -23 -24
leaf_value=0.084154316673635793 0.045942636259282139 0.035224273188757059 0.086991503085467492 -0.010649648439765579 -0.027771716685252308 -0.0014498273159139197 -0.0090111594962325216 -0.0062393136046920844 -0.0087096374759179484 -0.0047831457929766071 -0.011054272378141529 -0.0058564669674574408 -0.011371348606981472 -0.009868451309663533 -0.015727751748638667 -0.014324620591025419 0.039704002605173899 -0.0021345046422781531 -0.028075322323309195 0.0035720797036053751 -0.0064593602521095615 -0.0073962418278526471 0.011942958217863689
leaf_weight=111 384 36 148 29 20 204 22 52 49 100 41 47 25 36 23 26 2468 157 24 65 27 24 81
leaf_count=111 384 36 148 29 20 204 22 52 49 100 41 47 25 36 23 26 2468 157 24 65 27 24 81
internal_value=0.00166587 -0.00638298 0.00268034 -0.00126294 -0.0132222 -0.00496503 -0.0207692 -9.43394e-05 -0.00323529 -0.00963415 -0.0147674 -0.00837209 -0.0115493 -0.0171311 -0.0205556 -0.00382353 0.00402982 0.00155738 -0.0325 -0.00368056 -0.000978261 -0.00838028 -0.000263158
internal_weight=4199 470 3729 956 215 572 130 255 85 287 86 258 132 61 45 126 2773 305 44 144 92 71 285
internal_count=4199 470 3729 956 215 572 130 255 85 287 86 258 132 61 45 126 2773 305 44 144 92 71 285
cat_boundaries=0 1 2 3
cat_threshold=166 72 8
is_linear=0
shrinkage=0.05


Tree=37
num_leaves=24
num_cat=3
split_feature=5 0 0 2 2 5 5 17 15 2 5 0 2 2 15 16 4 8 15 15 5 2 11
split_gain=12.7605 7.29655 6.74291 7.45897 5.93745 5.3346 4.6564 1.63504 1.75162 1.61456 2.6781 2.13417 1.3824 1.3767 1.01801 0.82402 0.813037 0.906452 0.794984 1.497 0.734625 0.802477 0.67945
threshold=0.6614825672723017 0 1 2031.5000000000002 2028.5000000000002 0.51653639921929895 1.0503106425183286 74.884166666666673 32.48043640372051 2033.5000000000002 0.96190403407743663 2 2036.5000000000002 2031.5000000000002 75.269176838389953 3.485125 1.0000000180025095e-35 1.0000000180025095e-35 68.033336041550726 109.53236647371311 1.3153449239505515 2035.5000000000002 0.68348674399405385
decision_type=2 1 1 2 2 2 2 2 2 2 2 1 2 2 2 2 2 2 2 2 2 2 2
left_child=1 13 3 -2 -3 14 12 8 -7 -4 11 -11 16 -1 -6 22 17 -5 -14 -20 21 -8 -15
right_child=2 4 9 6 5 7 20 -9 -10 10 -12 -13 18 15 -16 -17 -18 -19 19 -21 -22 -23 -24
leaf_value=0.12280927329430379 0.043645504446318047 0.014094845651471422 0.18280390824164289 -0.011482284729102576 -0.026716605265159184 -0.015423140745853528 0.0010098696242120664 -0.0038586554491215337 -0.014112222380164347 0.049778737685886254 0.028597374746015793 -0.0022052238943005842 -0.0078968993521646488 0.0021873504306944027 -0.022095310806832687 -0.011051636409741661 -0.0018182640733903927 -0.0029975790916160643 -0.010420039381533573 -0.010661731967156252 0.011345810306970509 -0.0047500586416063138 -0.0044851638858856646
leaf_weight=95 384 45 1461 87 32 20 90 54 41 157 833 322 76 94 23 24 45 32 21 26 81 114 42
leaf_count=95 384 45 1461 87 32 20 90 54 41 157 833 322 76 94 23 24 45 32 21 26 81 114 42
internal_value=0.00148726 -0.0062766 0.00246581 -0.00115942 -0.0127778 -0.0176471 -0.00479021 -0.0115217 -0.0171311 0.00370643 0.00244665 -0.000532359 -0.00928571 -0.000283019 -0.0304545 -0.003125 -0.00628049 -0.00844538 -0.0132927 -0.0184043 -0.000263158 -0.00186274 -0.00161765
internal_weight=4199 470 3729 956 215 170 572 115 61 2773 1312 479 287 255 55 160 164 119 123 47 285 204 136
internal_count=4199 470 3729 956 215 170 572 115 61 2773 1312 479 287 255 55 160 164 119 123 47 285 204 136
cat_boundaries=0 1 2 3
cat_threshold=166 72 132
is_linear=0
shrinkage=0.05


Tree=38
num_leaves=24
num_cat=0
split_feature=5 2 2 5 5 10 4 7 15 15 2 14 2 4 5 14 5 16 5 5 3 16 14
split_gain=11.2678 7.82561 4.6235 3.93632 2.49973 0.898599 0.75386 0.752693 0.622887 1.54927 0.622183 0.801476 0.621286 0.627346 0.612609 0.608805 0.578089 0.98135 0.801099 0.794747 0.705799 0.539811 0.770292
threshold=0.76343305541321171 2031.5000000000002 2032.5000000000002 1.0527453708314882 0.42540951297941754 2.5000000000000004 1.0000000180025095e-35 2.5000000000000004 105.82783814596763 132.58468279405687 2036.5000000000002 37301.303167889149 2030.5000000000002 1.0000000180025095e-35 0.69592446294074228 10184.249640326083 0.96426533895968825 1.756416666666667 1.0227623270571322 0.80201068204579806 1.0000000180025095e-35 1.4758333333333338 31746.985827870991
decision_type=2 2 2 2 2 2 2 2 2 2 2 2 2 2 2 2 2 2 2 2 2 2 2
left_child=1 12 -2 10 -3 6 8 14 15 -10 -4 -12 -1 -14 -8 -6 17 19 -18 -13 -21 22 -17
right_child=2 4 3 -5 5 -7 7 -9 9 -11 11 16 13 -15 -16 21 18 -19 -20 20 -22 -23 -24
leaf_value=0.027781099517539539 0.11424424189602374 -0.017896782148370493 -0.00016148001168194478 0.011123594237662689 -0.010144457181164515 0.0025209509306358506 -0.01753466887121664 -0.00095672331842852729 -0.013005964945488344 -0.0097959474269576699 0.0003810590733215365 0.00093044684607049917 0.0048696671511683637 -0.0091602827236033461 -0.0075853774239799804 -0.0082444233494821662 0.0034073042449946551 -0.0016074473648443614 -0.0074617525083597929 -0.0053192247373318501 -0.01062936160466752 -0.0027619291280042827 -0.0056134758427162992
leaf_weight=265 1582 52 409 962 20 24 65 22 33 51 130 27 41 21 41 20 65 62 26 79 30 114 58
leaf_count=265 1582 52 409 962 20 24 65 22 33 51 130 27 41 21 41 20 65 62 26 79 30 114 58
internal_value=0.00146344 -0.00376663 0.00274614 0.00100559 -0.0077 -0.00649554 -0.0070283 -0.0102344 -0.00564189 -0.00928571 -0.00152174 -0.00287589 0.00224771 -0.00225806 -0.0119811 -0.00419811 -0.00434256 -0.00585859 -0.00104396 -0.00823529 -0.0101376 -0.00333333 -0.00653846
internal_weight=4199 827 3372 1790 500 448 424 128 296 84 828 419 327 62 106 212 289 198 91 136 109 192 78
internal_count=4199 827 3372 1790 500 448 424 128 296 84 828 419 327 62 106 212 289 198 91 136 109 192 78
is_linear=0
shrinkage=0.05


Tree=39
num_leaves=24
num_cat=3
split_feature=0 5 2 5 2 5 2 0 5 2 5 5 9 5 2 5 0 9 8 15 9 9 2
split_gain=13.6777 11.3022 8.36505 6.22094 4.67427 3.80031 4.63127 5.00711 2.34221 1.78474 1.38716 1.26696 0.930394 0.800952 0.747946 1.19416 1.5456 0.654545 0.734652 0.61655 0.642995 1.10454 0.807762
threshold=0 0.90661399244645735 2028.5000000000002 0.51653639921929895 2033.5000000000002 0.87316366926095168 2031.5000000000002 1 0.46620033734366129 2037.5000000000002 1.2393793021592654 0.73058996066088322 4205.0603686627064 1.0092673125895086 2034.5000000000002 1.0566613915605825 2 2180.1414509187912 1.0000000180025095e-35 20.247816125716216 1399.7409091054508 357.03948594057988 2034.5000000000002
decision_type=1 2 2 2 2 2 2 1 2 2 2 2 2 2 2 2 1 2 2 2 2 2 2
left_child=1 2 -1 -4 -3 6 -2 -8 -9 -5 12 -11 17 -14 -7 16 -16 18 -6 -10 21 -21 -22
right_child=5 4 3 9 10 14 7 8 19 11 -12 -13 13 -15 15 -17 -18 -19 -20 20 22 -23 -24
leaf_value=0.035875319789135426 0.11008259242831119 0.034212412208960839 -0.02583350843093948 -0.009244817674816207 -0.0074735886569159572 0.17701766408900868 0.010678020457999366 -0.015920684626132907 0.00032813821176312386 -0.010957076773402226 0.0010953851119514567 -0.0094963028375147952 -0.0094215347050531171 -0.0043304953843908318 -0.0052820179571815857 0.044866722924808082 0.020916756289511635 0.0029841095875065811 0.0027621644453533225 -0.0087949842252497464 -0.011691641050246428 -0.012037104707423531 -0.00091873353680785384
leaf_weight=87 406 365 24 213 61 1261 289 30 22 20 96 43 30 75 107 517 240 20 29 63 61 23 117
leaf_count=87 406 365 24 213 61 1261 289 30 22 20 96 43 30 75 107 517 240 20 29 63 61 23 117
internal_value=0.00135628 -0.00352749 -0.0103747 -0.0143333 0.000340237 0.00301335 0.000499506 -0.00227273 -0.00650307 -0.0122101 -0.00416399 -0.0196032 -0.00639535 -0.0097619 0.00422353 0.00309028 0.000821326 -0.00318182 -0.005 -0.00531469 -0.00598485 -0.00953488 -0.00426966
internal_weight=4199 1063 387 300 676 3136 1011 605 316 276 311 63 215 105 2125 864 347 110 90 286 264 86 178
internal_count=4199 1063 387 300 676 3136 1011 605 316 276 311 63 215 105 2125 864 347 110 90 286 264 86 178
cat_boundaries=0 1 2 3
cat_threshold=72 164 3
is_linear=0
shrinkage=0.05


Tree=40
num_leaves=24
num_cat=3
split_feature=0 5 2 5 2 5 2 0 20 5 2 0 5 5 2 15 7 16 9 15 9 2 7
split_gain=12.6577 10.1276 7.65604 4.80441 4.41018 4.26892 3.87863 2.84719 1.80295 1.78964 1.18177 1.90878 3.33067 0.958696 0.903822 0.950929 2.49897 2.16248 1.3417 0.858704 0.762018 1.04145 0.909201
threshold=0 0.90661399244645735 2029.5000000000002 0.55782275054609032 2032.5000000000002 0.76343305541321171 2031.5000000000002 1 1.0000000180025095e-35 1.1672731239108303 2033.5000000000002 2 1.0566613915605825 0.60124670721575979 2037.5000000000002 82.182338216230434 1.0000000180025095e-35 1.756416666666667 581.24256917423725 54.104991964674745 699.660860143631 2034.5000000000002 1.0000000180025095e-35
decision_type=1 2 2 2 2 2 2 1 2 2 2 1 2 2 2 2 2 2 2 2 2 2 2
left_child=1 2 13 -4 -3 6 -2 -8 -9 -6 -7 -12 -13 -1 15 17 -17 -5 -19 -16 22 -22 -10
right_child=5 4 3 14 9 10 7 8 20 -11 11 12 -14 -15 19 16 -18 18 -20 -21 21 -23 -24
leaf_value=-0.0045503688131478971 0.069835031790866642 0.052953200575593044 -0.02323302211567714 -0.0028052108764066359 -0.004810218715613046 0.20571926958558795 0.013599494385326032 -0.02271022772778792 -0.014190872076884556 0.00073054359891212828 0.075584610365178356 -0.0037664667914902739 0.022729307372368571 0.044396045722384064 -0.0083361620807541423 -0.011096899661918817 -0.0061618838199401877 -0.005860862898719745 -0.011778336393719233 -0.011159690347623184 -0.011107058599567069 -0.00089750255224646947 -0.0076081216025475386
leaf_weight=23 236 319 32 60 199 1320 139 21 33 158 611 281 307 92 33 34 44 21 20 28 51 101 36
leaf_count=23 236 319 32 60 199 1320 139 21 33 158 611 281 307 92 33 34 44 21 20 28 51 101 36
internal_value=0.00145154 -0.0032479 -0.00972868 -0.0143015 0.000414201 0.00304514 -0.000672609 -0.00379265 -0.00690476 -0.00340336 0.00396784 0.00283153 0.000735786 0.00108696 -0.011875 -0.0100838 -0.0142308 -0.00688119 -0.0157317 -0.0171311 -0.00585973 -0.00388158 -0.0102174
internal_weight=4199 1063 387 272 676 3136 617 381 242 357 2519 1199 588 115 240 179 78 101 41 61 221 152 69
internal_count=4199 1063 387 272 676 3136 617 381 242 357 2519 1199 588 115 240 179 78 101 41 61 221 152 69
cat_boundaries=0 1 2 3
cat_threshold=72 36 164
is_linear=0
shrinkage=0.05


Tree=41
num_leaves=24
num_cat=3
split_feature=0 5 2 5 2 5 2 0 5 5 5 2 5 2 5 0 2 2 14 5 2 7 14
split_gain=11.497 9.54726 7.04783 4.57726 3.98138 3.71626 4.44853 2.83834 1.90094 1.1662 1.08518 0.945426 0.854366 0.804714 1.19378 1.48309 0.892169 1.47503 0.801721 0.672556 0.957367 0.624196 0.740566
threshold=0 0.90661399244645735 2030.5000000000002 0.55782275054609032 2033.5000000000002 0.84175118767219159 2031.5000000000002 1 0.42540951297941754 1.236240609701037 0.64827296193767847 2035.5000000000002 0.88677049098292526 2034.5000000000002 1.0921227308458137 2 2038.5000000000002 2037.5000000000002 21455.399751591278 0.70059082524422223 2034.5000000000002 1.0000000180025095e-35 28523.785437470815
decision_type=1 2 2 2 2 2 2 1 2 2 2 2 2 2 2 1 2 2 2 2 2 2 2
left_child=1 2 10 -4 -3 6 -2 -8 -9 11 -1 -6 19 -7 15 16 17 -15 -13 20 -5 22 -10
right_child=5 4 3 12 9 13 7 8 21 -11 -12 18 -14 14 -16 -17 -18 -19 -20 -21 -22 -23 -24
leaf_value=-0.0081437875583724745 0.091828268488412398 0.030249887672649956 -0.022097849356474766 -0.0079263050785588172 -8.020590792773581e-05 0.15054548530883091 0.011976001095839539 -0.013391303469060083 7.1420097528329329e-05 0.00081975041296124219 0.015508569370320005 -0.00052308722950414506 -0.010628552476927677 -0.0011639790295233745 0.049150730114168692 0.016600058334484399 0.0038483120005205805 -0.015628307688358732 -0.0075470565845796285 -0.0083077472177939711 -0.014860234342924184 -0.00085262735531472199 -0.0085916055501957557
leaf_weight=37 367 365 31 26 58 1325 168 29 39 99 96 29 21 64 446 328 52 26 125 148 28 161 131
leaf_count=37 367 365 31 26 58 1325 168 29 39 99 96 29 21 64 446 328 52 26 125 148 28 161 131
internal_value=0.0015587 -0.00292171 -0.00921189 -0.0140945 0.000636095 0.00307692 0.000363129 -0.00257576 -0.005 -0.0035209 0.000112782 -0.00561321 -0.0115919 0.00417448 0.00303493 0.0012766 -0.00289474 -0.00611111 -0.00766234 -0.0105941 -0.0153704 -0.00406344 -0.00617647
internal_weight=4199 1063 387 254 676 3136 895 528 360 311 133 212 223 2241 916 470 142 90 154 202 54 331 170
internal_count=4199 1063 387 254 676 3136 895 528 360 311 133 212 223 2241 916 470 142 90 154 202 54 331 170
cat_boundaries=0 1 2 3
cat_threshold=72 132 3
is_linear=0
shrinkage=0.05


Tree=42
num_leaves=24
num_cat=2
split_feature=0 2 2 0 3 2 14 14 9 4 15 17 9 2 14 14 15 15 15 15 2 15 7
split_gain=10.7297 8.05963 2.63734 3.46334 0.883452 1.4487 1.42393 1.79097 1.17374 0.931292 0.795506 0.945251 0.901365 0.778269 0.760556 0.625 0.622804 1.30516 1.13085 0.810509 0.708013 0.617522 0.559314
threshold=0 2031.5000000000002 2031.5000000000002 1 1.0000000180025095e-35 2036.5000000000002 38805.750356553144 74035.898188752253 16142.883537625179 1.0000000180025095e-35 66.063244461926928 73.879583333333343 8827.1461165644123 2028.5000000000002 26665.980208663746 14631.389398168936 117.80962564861379 146.62274875767082 52.065000166143669 39.238187837704011 2032.5000000000002 18.577992380300092 2.5000000000000004
decision_type=1 2 2 1 2 2 2 2 2 2 2 2 2 2 2 2 2 2 2 2 2 2 2
left_child=1 13 -2 -4 5 16 9 -8 -9 -7 14 -12 -13 -1 15 -6 18 -18 19 -3 -20 -5 -15
right_child=2 4 3 21 10 6 7 8 -10 -11 11 12 -14 22 -16 -17 17 -19 20 -21 -22 -23 -24
leaf_value=0.071258671416279576 0.2040543105310702 -0.0033748865514498989 0.04352954737260642 0.0049235782924655063 -0.0097477345340287059 9.1409014396141226e-05 -0.0086167349217552425 -0.0038580458377109636 -0.0071171538286702758 -0.012671078056376867 -0.01004300483408164 -0.010175122319933793 -0.0024826668928852424 0.0043037442325714083 -0.0017865854101663803 -0.0086461047291853214 -0.014180421736619528 0.002983879327114111 -0.0059568200471611845 -0.0097719794444488858 0.0014071994598870319 -0.0010920063233812814 -0.0070351120430755254
leaf_weight=238 1253 81 961 67 20 49 39 47 36 21 30 30 27 162 50 20 31 25 24 21 80 855 32
leaf_count=238 1253 81 961 67 20 49 39 47 36 21 30 30 27 162 50 20 31 25 24 21 80 855 32
internal_value=0.0015468 -0.00278192 0.00301335 0.00184015 -0.00641046 -0.00524229 -0.00854167 -0.0118033 -0.0076506 -0.00285714 -0.00940678 -0.0128161 -0.00903509 0.0024537 -0.00611111 -0.01125 -0.00282443 -0.0075 -0.0015534 -0.00529412 0.00211538 -0.000364807 0.000103093
internal_weight=4199 1063 3136 1883 631 454 192 122 83 70 177 87 57 432 90 40 262 56 206 102 104 922 194
internal_count=4199 1063 3136 1883 631 454 192 122 83 70 177 87 57 432 90 40 262 56 206 102 104 922 194
cat_boundaries=0 1 2
cat_threshold=72 164
is_linear=0
shrinkage=0.05


Tree=43
num_leaves=24
num_cat=3
split_feature=0 5 2 5 5 2 2 0 5 5 2 5 15 15 7 17 16 11 15 9 9 7 1
split_gain=10.6711 10.3358 6.57041 4.8205 3.97576 4.1964 3.09501 2.98735 2.56431 1.81572 2.0931 1.00515 0.857686 2.04532 1.02564 0.818182 0.815775 0.852184 0.774352 0.757443 1.2085 1.43199 0.935682
threshold=0 0.55782275054609032 2031.5000000000002 0.93566252435764941 0.90661399244645735 2031.5000000000002 2033.5000000000002 1 0.42540951297941754 0.80201068204579806 2028.5000000000002 1.2393793021592654 82.182338216230434 104.01658257979909 1.5000000000000002 74.884166666666673 1.0000000180025095e-35 1.0828890198602401 18.577992380300092 1399.7409091054508 319.99629709843435 1.0000000180025095e-35 2
decision_type=1 2 2 2 2 2 2 1 2 2 2 2 2 2 2 2 2 2 2 2 2 2 1
left_child=1 6 9 12 5 -2 -1 8 -7 10 -3 -5 -4 -14 -15 -12 -9 -18 -10 20 21 -20 -21
right_child=4 2 3 11 -6 7 -8 16 18 -11 15 -13 13 14 -16 -17 17 -19 19 22 -22 -23 -24
leaf_value=-0.0092815601759372989 0.088701049001635335 0.048615806791183547 -0.0083560881085740901 -0.003387044604725982 0.046515707463045598 -0.013648344555305539 -0.022004717022007309 -0.0047449089393449256 0.0035612177457284098 0.057073687720937329 -0.010935613775362028 0.0026375642720200569 -0.0095883686844511484 -0.0092067100392838174 -0.0057409953898237597 -0.00079317092254196572 0.015054041107008774 -0.010681351296061702 -0.013075194222589369 -0.0092428596549049905 -0.012603943353742236 0.0022412866313175936 0.00058301498292777181
leaf_weight=27 458 39 138 248 1999 20 23 32 22 327 22 131 21 39 26 22 276 20 41 120 30 31 87
leaf_count=27 458 39 138 248 1999 20 23 32 22 327 22 131 21 39 26 22 276 20 41 120 30 31 87
internal_value=0.00153489 -0.00278192 -0.00171273 -0.00503317 0.00299746 0.000646438 -0.025 -0.00184831 -0.0049723 0.00317073 -0.00343373 -0.00159631 -0.0108482 -0.0147674 -0.0103846 -0.0109091 0.00159763 0.00246622 -0.00406344 -0.00470874 -0.00823529 -0.00472222 -0.00297101
internal_weight=4199 1063 1013 603 3136 1137 50 679 351 410 83 379 224 86 65 44 328 296 331 309 102 72 207
internal_count=4199 1063 1013 603 3136 1137 50 679 351 410 83 379 224 86 65 44 328 296 331 309 102 72 207
cat_boundaries=0 1 2 3
cat_threshold=72 19 1
is_linear=0
shrinkage=0.05


Tree=44
num_leaves=24
num_cat=5
split_feature=5 0 2 5 2 0 5 2 0 5 5 0 9 1 9 15 15 5 18 11 2 9 15
split_gain=9.84633 10.2974 7.13895 5.52367 3.87672 3.07314 2.72898 2.01049 2.60006 2.1066 1.47479 1.21538 0.84184 0.998235 0.930079 1.71146 1.3638 1.07588 0.798501 0.869718 0.776968 0.758021 0.607572
threshold=0.93566252435764941 0 2029.5000000000002 0.53101761050589735 2031.5000000000002 1 0.42540951297941754 2034.5000000000002 2 1.0527453708314882 0.60124670721575979 3 455.53286219347382 4 42309.878281259305 82.182338216230434 118.52163910420488 0.73459936002505744 1.0000000180025095e-35 1.0828890198602401 2036.5000000000002 37610.273766468985 67.513336029194775
decision_type=2 1 2 2 2 1 2 2 1 2 2 1 2 1 2 2 2 2 2 2 2 2 2
left_child=1 2 10 -4 -3 18 -7 -2 -9 21 -1 22 13 -5 15 17 -17 -14 20 -20 -6 -10 -11
right_child=7 4 3 12 5 6 -8 8 9 11 -12 -13 14 -15 -16 16 -18 -19 19 -21 -22 -23 -24
leaf_value=-0.0044381425433339949 0.070445201954563538 0.089883465212134542 -0.020586487869970447 -0.0085220887316511899 0.026097799232240995 -0.012965927327540264 -0.0051534062743246074 0.086992711177255377 -0.0060054692353593078 -0.0043124664339061775 0.041610184277185713 0.012746537257918342 -0.0078788661523848721 -0.0011728928921597595 -0.0081882145558889279 -0.0091359908674426265 -0.0064456296411529602 -0.0075833347574777651 0.014559135654888805 -0.0098262582762518799 -0.011649458564846256 -0.011157084428075194 0.00056091484227085379
leaf_weight=23 1502 501 25 43 29 20 369 396 141 102 113 266 30 55 31 24 22 67 292 21 22 21 84
leaf_count=23 1502 501 25 43 29 20 369 396 141 102 113 266 30 55 31 24 22 67 292 21 22 21 84
internal_value=0.00152298 -0.00143154 -0.00797968 -0.0125084 0.000886076 -0.0013745 -0.0043985 0.00350717 0.00178218 -0.000288461 0.00132353 0.00146018 -0.0104412 -0.00673469 -0.0125287 -0.0142308 -0.0221739 -0.0104639 0.00192513 0.00292332 -0.00382353 -0.00518518 -0.00163265
internal_weight=4199 1687 433 297 1254 753 389 2512 1010 614 136 452 272 98 174 143 46 97 364 313 51 162 186
internal_count=4199 1687 433 297 1254 753 389 2512 1010 614 136 452 272 98 174 143 46 97 364 313 51 162 186
cat_boundaries=0 1 2 3 4 5
cat_threshold=72 164 164 72 2
is_linear=0
shrinkage=0.05


Tree=45
num_leaves=24
num_cat=2
split_feature=0 5 2 5 5 2 2 5 0 5 2 15 2 2 15 15 5 7 14 14 5 11 5
split_gain=10.4934 10.2505 7.31764 5.06323 3.82025 2.95086 2.01658 2.66918 3.51008 1.27223 1.7386 1.10225 1.49234 2.20526 1.28452 1.27599 1.05058 1.29925 0.962226 0.900743 0.853383 0.809711 0.757726
threshold=0 0.50361592300952374 2031.5000000000002 1.0367651859622036 0.61287064589900508 2030.5000000000002 2032.5000000000002 1.0566613915605825 1 0.80201068204579806 2028.5000000000002 71.878914258797877 2035.5000000000002 2032.5000000000002 140.63016145694462 58.083230587519203 0.42540951297941754 1.0000000180025095e-35 80163.209643722032 92463.070426911567 0.73459936002505744 1.0029941152829103 1.236240609701037
decision_type=1 2 2 2 2 2 2 2 1 2 2 2 2 2 2 2 2 2 2 2 2 2 2
left_child=1 -1 9 11 5 -2 -6 8 -8 10 -3 15 13 -13 19 20 17 -7 -12 -14 -4 -10 -5
right_child=4 2 3 22 6 16 7 -9 21 -11 18 12 14 -15 -16 -17 -18 -19 -20 -21 -22 -23 -24
leaf_value=-0.020199881498867922 0.081002488570385112 0.038932932229318672 -0.01118048771565062 -0.0032761915242425863 0.19487583211740037 -0.012965554660980053 0.026827399110753894 0.041572759107303493 -0.005676346054988326 0.051153035837023887 -0.0067177087805642844 -0.0085083848991628751 -0.0064985393462943771 -0.0030009533942815508 -0.0067183202926623152 0.0010027136493934983 -0.0073259282971348538 -0.0047958966990930075 -0.00070599616298058017 -0.010066960093768331 -0.0067811999024254685 0.0046074000914570886 0.0019970331704685603
leaf_weight=30 87 44 30 161 1325 23 419 699 372 327 24 23 28 53 20 32 149 22 23 23 111 40 134
leaf_count=30 87 44 30 161 1325 23 419 699 372 327 24 23 28 53 20 32 149 22 23 23 111 40 134
internal_value=0.00145154 -0.00282852 -0.00201839 -0.0054878 0.0029021 -0.00265125 0.00345884 0.00222222 0.000306859 0.00308612 -0.00214286 -0.00984375 -0.0130272 -0.00815789 -0.0182394 -0.00713873 -0.00608247 -0.0127778 -0.00882979 -0.022451 -0.0091844 -0.00293839 -0.000762712
internal_weight=4199 1063 1033 615 3136 281 2855 1530 831 418 91 320 147 76 71 173 194 45 47 51 141 412 295
internal_count=4199 1063 1033 615 3136 281 2855 1530 831 418 91 320 147 76 71 173 194 45 47 51 141 412 295
cat_boundaries=0 1 2
cat_threshold=72 164
is_linear=0
shrinkage=0.05


Tree=46
num_leaves=24
num_cat=3
split_feature=0 5 2 5 5 2 0 5 2 0 5 5 2 7 9 9 5 15 15 7 8 9 9
split_gain=8.89916 7.2245 6.6402 3.91337 3.90005 3.23604 2.00707 2.11861 1.34256 2.0273 2.71244 1.01891 1.48141 0.916095 0.885703 1.60485 1.37567 0.860648 1.20417 0.839874 0.824592 0.802778 0.776325
threshold=0 0.50361592300952374 2031.5000000000002 1.0503106425183286 0.79561763026696497 2030.5000000000002 1 0.62850798343534187 2033.5000000000002 2 1.0921227308458137 0.80201068204579806 2028.5000000000002 2.5000000000000004 15910.228794304317 26962.791929089337 0.70059082524422223 70.302322041952422 24.812388260590357 1.0000000180025095e-35 1.0000000180025095e-35 6112.4550825136303 21886.336938882338
decision_type=1 2 2 2 2 2 1 2 2 1 2 2 2 2 2 2 2 2 2 2 2 2 2
left_child=1 -1 11 14 5 -2 -7 17 -6 -10 22 12 -3 -9 16 -16 -4 18 -8 -14 -18 -20 -11
right_child=4 2 3 -5 8 6 7 13 9 10 -12 -13 19 -15 15 -17 20 -19 21 -21 -22 -23 -24
leaf_value=-0.019189887423924523 0.098736678219717086 0.036986285617852742 -0.010719114468104522 -0.0009349623188653765 0.17653697623744424 0.011204519511674803 -0.00075370038170987784 -0.0066805100485929705 0.066260304564866424 -0.0022231240790159461 0.024977148624619902 0.048595384045172683 -2.9151596373752881e-05 0.0045042695131170289 -0.015184604356717493 -0.0056867948412891037 -0.006738780005987168 -0.008822414006949636 -0.012039595322591565 -0.0075040442549937358 -8.3123798482132461e-05 -0.017074086367927604 -0.014784466089985708
leaf_weight=30 227 44 38 285 1265 173 20 148 586 240 264 327 20 41 24 58 155 55 36 27 55 24 57
leaf_count=30 227 44 38 285 1265 173 20 148 586 240 264 327 20 41 24 58 155 55 36 27 55 24 57
internal_value=0.00148726 -0.00245573 -0.00177638 -0.0050813 0.00282263 -0.00038674 -0.00264588 -0.00488024 0.00379768 0.00255885 0.000359019 0.00308612 -0.00159341 -0.00161376 -0.00878788 -0.0132927 -0.00729839 -0.00981481 -0.013125 -0.00776596 -0.00571429 -0.0166667 -0.00291246
internal_weight=4199 1063 1033 615 3136 724 497 324 2412 1147 561 418 91 189 330 82 248 135 80 47 210 60 297
internal_count=4199 1063 1033 615 3136 724 497 324 2412 1147 561 418 91 189 330 82 248 135 80 47 210 60 297
cat_boundaries=0 1 2 3
cat_threshold=72 36 164
is_linear=0
shrinkage=0.05


Tree=47
num_leaves=24
num_cat=4
split_feature=0 5 2 5 5 0 2 2 5 0 15 16 15 2 5 15 2 7 7 5 1 16 9
split_gain=8.48669 7.33733 6.76539 3.93681 3.79838 1.99538 1.86896 1.8562 2.27307 2.66453 0.861352 1.17086 0.833963 1.33701 1.39033 1.31548 1.25638 1.07862 0.771565 0.707095 0.705181 0.807692 0.729951
threshold=0 0.50361592300952374 2031.5000000000002 1.0503106425183286 0.61287064589900508 1 2030.5000000000002 2032.5000000000002 1.0566613915605825 2 70.302322041952422 2.1729166666666671 71.878914258797877 2035.5000000000002 0.96426533895968825 52.065000166143669 2032.5000000000002 1.5000000000000002 1.0000000180025095e-35 1.3207557252961468 3 1.756416666666667 2264.3830592864501
decision_type=1 2 2 2 2 1 2 2 2 1 2 2 2 2 2 2 2 2 2 2 1 2 2
left_child=1 -1 -3 12 5 -2 -7 -6 9 -9 11 -8 15 16 17 20 -14 -15 -12 -5 21 -4 -22
right_child=4 2 3 19 7 6 10 8 -10 -11 18 -13 13 14 -16 -17 -18 -19 -20 -21 22 -23 -24
leaf_value=-0.018230393052728302 0.024616273187159476 0.018288014386972022 -0.0071123103561682851 -0.00186355997464364 0.18013056946919503 0.0342676963586524 -0.01911689189396866 0.023938316361177301 0.037993094920381429 -0.0046582816069054827 -0.011356347319119629 -0.0014224614108849629 -0.0074187135470912659 -0.0078587863800538664 -0.0033354053371010516 0.00088285918119830056 -0.0037694781523457685 -0.0039655184870567165 0.0015739964544806682 0.010775068640725537 -0.00054950086970092713 -0.0076576907191784442 -0.0061094987400893844
leaf_weight=30 104 418 28 212 1325 51 53 419 699 412 31 20 23 32 20 42 57 21 22 73 41 24 42
leaf_count=30 104 418 28 212 1325 51 53 419 699 412 31 20 23 32 20 42 57 21 22 73 41 24 42
internal_value=0.00158252 -0.00226934 -0.00158277 -0.0049187 0.0028862 -0.00265125 -0.00569519 0.00344133 0.0022549 0.000487365 -0.00928571 -0.0128082 -0.00863636 -0.0113399 -0.0162329 -0.00629943 -0.006875 -0.0204717 -0.00443396 -0.000614035 -0.0087037 -0.0132692 -0.00584337
internal_weight=4199 1063 1033 615 3136 281 177 2855 1530 831 126 73 330 153 73 177 80 53 53 285 135 52 83
internal_count=4199 1063 1033 615 3136 281 177 2855 1530 831 126 73 330 153 73 177 80 53 53 285 135 52 83
cat_boundaries=0 1 2 3 4
cat_threshold=72 36 164 2
is_linear=0
shrinkage=0.05


Tree=48
num_leaves=24
num_cat=3
split_feature=0 5 2 5 5 2 0 5 4 5 2 0 5 8 14 9 2 14 15 15 15 15 15
split_gain=8.48431 7.30905 5.62061 4.81047 3.37666 2.86277 2.13839 1.38574 2.08425 1.32944 1.02714 1.8367 2.30062 0.933431 0.912631 0.837453 0.821101 0.8196 0.762501 1.27385 0.980186 0.720683 1.40352
threshold=0 0.50361592300952374 2029.5000000000002 1.0294041024118206 0.84175118767219159 2030.5000000000002 1 0.70059082524422223 1.0000000180025095e-35 0.42540951297941754 2033.5000000000002 2 1.0921227308458137 1.0000000180025095e-35 91955.043918078358 2761.4735077852174 2033.5000000000002 119390.48173476249 43.287282928919502 71.878914258797877 53.616115913572237 67.513336029194775 48.202401490959581
decision_type=1 2 2 2 2 2 1 2 2 2 2 1 2 2 2 2 2 2 2 2 2 2 2
left_child=1 -1 -3 7 5 -2 -7 8 -4 -8 -6 -12 14 -9 -13 -16 -5 18 -11 20 -20 22 -18
right_child=4 2 3 16 10 6 9 13 -10 17 11 12 -14 -15 15 -17 21 -19 19 -21 -22 -23 -24
leaf_value=-0.017318873400091885 0.1136561340936845 0.053059606209979807 -0.0097934460546461374 0.01488251749219819 0.18160618539265566 0.061610189777167659 -0.010296649900732298 -0.0064264298273681124 -0.0083782580985447049 -0.00056401869489027662 0.06932485493271405 -0.0014913454669932026 0.021828636447369848 -0.0018690054746007692 0.0044663287852197957 -0.013837135721061626 -0.0010581782996767742 0.001182025235794461 -0.0085039003941051183 -0.0039957104347253646 -0.015049061266134204 0.00075806673730578159 -0.0082755317253508653
leaf_weight=30 292 298 49 136 1164 104 38 221 24 151 556 180 264 75 23 54 94 85 44 129 52 107 29
leaf_count=30 292 298 49 136 1164 104 38 221 24 151 556 180 264 75 23 54 94 85 44 129 52 107 29
internal_value=0.00153489 -0.00231594 -0.00163117 -0.00397959 0.00283853 0.000251397 -0.00171642 -0.00800813 -0.0141781 -0.00305501 0.00388443 0.00277159 0.000574388 -0.00648649 -0.0027821 -0.00733766 8.19674e-05 -0.00237527 -0.00337766 -0.00522222 -0.00958333 -0.00173913 -0.00434959
internal_weight=4199 1063 1033 735 3136 895 603 369 73 499 2241 1077 521 296 257 77 366 461 376 225 96 230 123
internal_count=4199 1063 1033 735 3136 895 603 369 73 499 2241 1077 521 296 257 77 366 461 376 225 96 230 123
cat_boundaries=0 1 2 3
cat_threshold=72 4 164
is_linear=0
shrinkage=0.05


Tree=49
num_leaves=24
num_cat=4
split_feature=0 5 2 5 5 2 0 2 5 1 2 9 14 2 0 5 2 15 7 5 15 15 15
split_gain=8.27938 8.19552 5.01014 4.21946 3.068 2.98926 2.34897 1.52475 1.21797 1.10541 0.974141 0.910417 0.925651 0.84423 1.58261 1.73511 0.821101 0.801484 1.35813 0.865246 0.720683 1.40352 0.700036
threshold=0 0.51653639921929895 2029.5000000000002 1.0294041024118206 0.91917282543764645 2030.5000000000002 1 2034.5000000000002 0.64827296193767847 2 2034.5000000000002 12121.028991744017 64249.445123386446 2034.5000000000002 3 1.0921227308458137 2033.5000000000002 93.947874581071915 1.5000000000000002 0.7082975517696023 67.513336029194775 48.202401490959581 129.73975614796583
decision_type=1 2 2 2 2 2 1 2 2 1 2 2 2 2 1 2 2 2 2 2 2 2 2
left_child=1 -1 -3 9 5 -2 10 8 -8 -4 -7 12 -9 -6 -15 -16 -5 19 22 -11 21 -18 -19
right_child=4 2 3 16 13 6 7 11 -10 17 -12 -13 -14 14 15 -17 20 18 -20 -21 -22 -23 -24
leaf_value=-0.016128204984935442 0.11735325985830346 0.0514852442083783 -0.0064525599161554441 0.014138391617588265 0.1339454399270146 0.066613404635289059 -0.024642689293147703 -0.0003410635120606175 -0.0084425543002074419 -0.0060427415177868905 -0.00015748606181922934 0.001943940738120805 -0.008378432434671847 0.0682982819858199 -0.0055578091461631713 0.019541588487931152 -0.001005269384692934 -0.0082746929504462201 -0.0010970584979106367 -0.0015506085496144993 0.00072016340044049566 -0.0078617551390833314 -0.0081447856284749282
leaf_weight=33 381 296 137 136 1156 155 51 102 122 28 235 84 56 414 156 224 94 23 36 119 107 29 25
leaf_count=33 381 296 137 136 1156 155 51 102 122 28 235 84 56 414 156 224 94 23 36 119 107 29 25
internal_value=0.00153489 -0.00226934 -0.00150485 -0.00371935 0.00282263 0.000826307 -0.000900621 -0.00347059 -0.00713873 -0.0075 0.001875 -0.000991735 -0.00322785 0.00405128 0.00279597 0.000384616 8.19674e-05 -0.00538961 -0.00928571 -0.00316327 -0.00173913 -0.00434959 -0.0147917
internal_weight=4199 1063 1030 734 3136 1186 805 415 173 368 390 242 158 1950 794 380 366 231 84 147 230 123 48
internal_count=4199 1063 1030 734 3136 1186 805 415 173 368 390 242 158 1950 794 380 366 231 84 147 230 123 48
cat_boundaries=0 1 2 3 4
cat_threshold=72 164 2 164
is_linear=0
shrinkage=0.05


Tree=50
num_leaves=24
num_cat=3
split_feature=0 5 2 5 5 2 0 5 9 16 9 2 0 5 5 2 5 9 16 2 9 14 5
split_gain=6.96606 5.6723 4.71405 3.05115 2.81476 3.10282 2.77255 1.53937 0.821118 1.20434 1.15546 0.812738 1.1306 1.66166 0.753441 0.996923 0.748742 0.672128 0.723508 0.653385 1.12181 0.775752 1.22261
threshold=0 0.51653639921929895 2030.5000000000002 1.0367651859622036 0.96426533895968825 2030.5000000000002 1 0.42540951297941754 15910.228794304317 3.485125 26962.791929089337 2034.5000000000002 2 0.75606233012901958 0.80201068204579806 2027.5000000000002 1.236240609701037 3923.3204996074787 1.4758333333333338 2034.5000000000002 12121.028991744017 64249.445123386446 0.83891891611053782
decision_type=1 2 2 2 2 2 1 2 2 2 2 2 1 2 2 2 2 2 2 2 2 2 2
left_child=1 -1 14 8 5 -2 11 -8 9 -4 -10 -7 -13 17 15 -3 -5 18 -14 -9 21 -21 -23
right_child=4 2 3 16 -6 6 7 19 10 -11 -12 12 13 -15 -16 -17 -18 -19 -20 20 -22 22 -24
leaf_value=-0.015321794735688671 0.12940606815031538 0.035235227559047018 -0.0038659097577286162 -0.0023026009462529832 0.042487943099018786 0.069333216061779446 -0.0094870826850890853 -0.009627422312206417 -0.012821590584436668 -0.0067583144618422741 -0.0044679801807287279 0.058581323718372172 0.00058981463688776337 0.01562973660737926 0.06373904424627834 -0.010240302366903228 0.0038796226984690071 -0.0099256771099704988 -0.010729247819407478 -0.00076420924853167534 0.001846743713435345 -0.00027150510706821872 -0.0096053320814417521
leaf_weight=33 452 36 235 175 1745 174 21 188 26 30 57 105 21 114 280 39 152 26 23 116 94 31 26
leaf_count=33 452 36 235 175 1745 174 21 188 26 30 57 105 21 114 280 39 152 26 23 116 94 31 26
internal_value=0.00164206 -0.00184995 -0.00121359 -0.00366667 0.00282263 0.00115385 -0.000484558 -0.00312757 -0.00692529 -0.00556604 -0.0112651 0.00225159 0.000674741 -0.00170103 0.0034507 -0.001 -0.000198777 -0.00785714 -0.00409091 -0.00258242 -0.000992509 -0.0033815 -0.00815789
internal_weight=4199 1063 1030 675 3136 1391 939 476 348 265 83 463 289 184 355 75 327 70 44 455 267 173 57
internal_count=4199 1063 1030 675 3136 1391 939 476 348 265 83 463 289 184 355 75 327 70 44 455 267 173 57
cat_boundaries=0 1 2 3
cat_threshold=72 164 4
is_linear=0
shrinkage=0.05


Tree=51
num_leaves=24
num_cat=3
split_feature=0 2 5 5 0 5 14 5 2 15 7 15 5 15 15 9 5 2 5 1 11 9 17
split_gain=6.27093 7.67109 6.32629 3.46462 1.64106 1.28861 0.892325 0.725357 1.23451 0.721095 0.886368 0.892333 1.15413 1.09092 0.654183 0.625164 0.590891 0.750294 0.560005 0.831797 0.788359 0.557241 0.548842
threshold=0 2030.5000000000002 1.1153207202073521 0.46620033734366129 1 0.48900742528759283 19243.767816437005 0.75151658956402845 2034.5000000000002 146.62274875767082 2.5000000000000004 82.182338216230434 0.96426533895968825 57.198373584228371 33.18665690317966 18332.549585766861 1.3207557252961468 2034.5000000000002 0.59363815052548841 2 1.0029941152829103 68216.770672454659 74.884166666666673
decision_type=1 2 2 2 1 2 2 2 2 2 2 2 2 2 2 2 2 2 2 1 2 2 2
left_child=7 5 3 22 6 -2 -5 8 -1 10 11 13 -13 14 -8 -10 17 -4 19 -6 21 -20 -3
right_child=1 2 16 4 18 -7 9 -9 15 -11 -12 12 -14 -15 -16 -17 -18 -19 20 -21 -22 -23 -24
leaf_value=0.066864226940109697 -0.021158915145677255 -0.014555705022596583 0.019398502630534165 -0.00083225560056889448 -0.0084051908345145806 0.055822582815784207 -0.0048585505813317385 0.083726579131868969 -0.00030451264642057749 -0.0016194485480108597 -0.010227735730931727 -0.0056349812427622077 -0.0078604020351300038 0.00089720088313833754 -0.006502579739936374 -0.0079595460695582477 0.026744058118528272 -0.00056594378653941797 -0.00418828223045306 -0.00558507502042102 0.0030086992196943925 -0.0084196676134477826 -0.014941011925989543
leaf_weight=166 24 23 148 37 31 862 22 1303 103 25 28 33 25 33 21 20 213 223 691 32 73 42 21
leaf_count=166 24 23 148 37 31 862 22 1303 103 25 28 33 25 33 21 20 213 223 691 32 73 42 21
internal_value=0.00166587 0.000147115 -0.00179837 -0.00397098 -0.0034172 0.00392777 -0.00717949 0.00412609 0.00188581 -0.00890374 -0.0101235 -0.00843284 -0.0131034 -0.00486842 -0.0101163 -0.00191057 0.00243151 0.00122642 -0.00233788 -0.00690476 -0.00200993 -0.00250341 -0.0177273
internal_weight=4199 2607 1721 1137 1093 886 224 1592 289 187 162 134 58 76 43 123 584 371 869 63 806 733 44
internal_count=4199 2607 1721 1137 1093 886 224 1592 289 187 162 134 58 76 43 123 584 371 869 63 806 733 44
cat_boundaries=0 1 2 3
cat_threshold=164 64 2
is_linear=0
shrinkage=0.05


Tree=52
num_leaves=24
num_cat=3
split_feature=0 2 5 5 5 2 0 5 5 9 9 18 5 2 2 5 9 5 0 9 9 5 15
split_gain=6.06719 6.84719 5.49139 3.53411 1.31309 1.25432 1.24403 1.08228 0.873243 0.713777 0.826465 0.726275 0.637541 1.08732 0.626697 0.763814 0.623159 0.608903 0.606232 0.843262 0.555372 0.592661 0.474023
threshold=0 2030.5000000000002 1.1153207202073521 0.42540951297941754 0.80201068204579806 2027.5000000000002 1 0.64827296193767847 0.58440279015043262 15910.228794304317 26962.791929089337 1.0000000180025095e-35 0.75151658956402845 2034.5000000000002 2034.5000000000002 1.3246791633457937 8485.1027934532904 0.98661854419696859 2 70.861480953857779 38692.763374730326 0.87576888871408942 18.184785964276539
decision_type=1 2 2 2 2 2 1 2 2 2 2 2 2 2 2 2 2 2 1 2 2 2 2
left_child=12 4 3 -3 5 -2 22 -7 -8 11 -11 -10 13 -1 -4 18 17 -13 -16 -20 -12 -22 -5
right_child=1 2 14 6 -6 7 8 -9 9 10 20 16 -14 -15 15 -17 -18 -19 19 -21 21 -23 -24
leaf_value=0.063521015593104191 0.036370914893561278 -0.014189156691340131 0.0294683843938396 0.0038410182201278186 0.093542549895373431 -0.015702009359191582 -0.0085765003795062241 0.0029382923535051448 -0.0057005473186864872 -0.011728307615472795 0.0004392844508446566 -0.0050526548367092784 0.079540250175275509 -0.0048294885267300171 0.0079734865093216891 0.017546251236031936 0.0032627597104588138 0.00024895528165716995 -0.0075979820523518031 -0.00012389120209499571 -0.0046037349693246483 -0.0072470272264042986 -0.0044860222985226286
leaf_weight=166 82 32 233 38 686 36 26 82 36 26 23 157 1303 123 124 123 44 71 28 76 24 23 637
leaf_count=166 82 32 233 38 686 36 26 82 36 26 23 157 1303 123 124 123 44 71 28 76 24 23 637
internal_value=0.00173732 0.000242644 -0.001595 -0.00361917 0.0038149 0.00025 -0.0031448 -0.00305085 -0.00522727 -0.00477723 -0.00854167 -0.0036039 0.0041573 0.00205882 0.00234589 0.0010114 -0.00272059 -0.00377193 -0.000701754 -0.00333333 -0.00571429 -0.00882979 -0.00171533
internal_weight=4199 2607 1721 1137 886 200 1105 118 430 404 96 308 1592 289 584 351 272 228 228 104 70 47 675
internal_count=4199 2607 1721 1137 886 200 1105 118 430 404 96 308 1592 289 584 351 272 228 228 104 70 47 675
cat_boundaries=0 1 2 3
cat_threshold=164 19 19
is_linear=0
shrinkage=0.05


Tree=53
num_leaves=24
num_cat=4
split_feature=0 2 5 5 5 2 0 1 5 5 2 15 15 9 5 5 2 18 15 11 0 15 14
split_gain=5.6201 6.41304 5.10202 3.42161 1.31309 1.25432 1.20995 1.09646 1.08228 1.0508 0.896173 0.727546 0.664109 0.761098 0.715008 0.641453 1.31688 0.9692 0.622384 0.596772 0.558652 0.762738 0.760117
threshold=0 2030.5000000000002 1.0324986184915215 0.42540951297941754 0.80201068204579806 2027.5000000000002 1 2 0.64827296193767847 1.3207557252961468 2034.5000000000002 93.947874581071915 45.445502452887652 581.24256917423725 0.84976300489942436 0.8899652155658534 2034.5000000000002 1.0000000180025095e-35 112.56469782915184 1.0350630057306958 3 78.075947847518833 38805.750356553144
decision_type=1 2 2 2 2 2 1 1 2 2 2 2 2 2 2 2 2 2 2 2 1 2 2
left_child=15 4 3 -3 5 -2 19 -8 -7 10 -4 12 13 -9 -15 16 -1 -18 -13 -5 -12 22 -22
right_child=1 2 9 6 -6 8 7 11 -10 -11 20 18 -14 14 -16 -17 17 -19 -20 -21 21 -23 -24
leaf_value=0.09247863969357073 0.034552369148883197 -0.013479698856773123 0.010567774407452102 -0.0052597035217214613 0.088865422400604785 -0.014916908891231996 -0.0060721491987043331 0.0015143854809609295 0.0027913777358298804 0.024529542650800276 0.0018000945099041141 -0.0017651908447955573 0.0014891267043430541 -0.0059292486212442711 -0.00040807335984906684 0.099808033534130466 -0.012921024999112355 0.0013999345261835544 -0.007570820794842701 0.0028088521778377624 -0.0006799644246915492 5.6396273995043004e-05 -0.0083427676082159716
leaf_weight=308 82 32 219 507 686 36 132 32 82 213 149 20 52 27 23 1064 35 185 61 43 64 98 49
leaf_count=308 82 32 219 507 686 36 132 32 82 213 149 20 52 27 23 1064 35 185 61 43 64 98 49
internal_value=0.00179686 0.00035728 -0.00142069 -0.00393434 0.0038149 0.00025 -0.0033612 -0.00564426 -0.00305085 0.00152778 0.000423144 -0.00360465 -0.00134328 -0.00414634 -0.008 0.00412609 0.00272727 -0.000227273 -0.00734568 -0.00178571 -0.00111111 -0.00269231 -0.00561947
internal_weight=4199 2607 1721 929 886 200 897 347 118 792 579 215 134 82 50 1592 528 220 81 550 360 211 113
internal_count=4199 2607 1721 929 886 200 897 347 118 792 579 215 134 82 50 1592 528 220 81 550 360 211 113
cat_boundaries=0 1 2 3 4
cat_threshold=164 19 2 17
is_linear=0
shrinkage=0.05


Tree=54
num_leaves=24
num_cat=4
split_feature=0 2 5 5 0 5 1 5 2 19 9 2 5 7 11 15 11 2 36 0 15 15 9
split_gain=5.6201 5.9117 5.41415 2.31274 1.7505 1.64053 1.20889 0.954475 1.03165 0.763099 0.901304 0.584748 1.26997 0.568182 0.568182 0.5625 0.553493 0.506004 0.490057 0.456968 0.653795 0.528173 0.508129
threshold=0 2029.5000000000002 1.0324986184915215 0.42540951297941754 1 0.46620033734366129 2 1.3246791633457937 2033.5000000000002 1.0000000180025095e-35 38692.763374730326 2034.5000000000002 0.91683600554281697 1.5000000000000002 0.15630645088281353 117.12013297371742 1.0350630057306958 2030.5000000000002 0.022868551674196221 3 78.075947847518833 131.36459438466377 25607.930157639341
decision_type=1 2 2 2 1 2 1 2 2 2 2 2 2 2 2 2 2 2 2 1 2 2 2
left_child=11 5 3 -3 16 -2 13 8 -4 -8 18 -1 -13 15 -15 -6 17 -5 -11 22 -21 -22 -10
right_child=1 2 7 4 6 -7 9 -9 19 10 -12 12 -14 14 -16 -17 -18 -19 -20 20 21 -23 -24
leaf_value=0.1779271189956462 -0.019371030048477136 -0.012805713913934466 0.021372267328047655 0.021978007357103955 -0.0048595112683138915 0.066000913653290402 -0.0052880773350360193 0.024455024003777089 0.0038161630621732136 -0.00073622623764472712 -0.007748166976822732 8.4991448421790829e-05 0.049701497643473737 -0.0079268437989524522 -0.0093735374568458853 -0.0041740505632086493 0.0023399682975160543 -0.0049967183456353891 -0.0055745133915906528 -0.0023268870186642942 0.0031059166738984382 -0.0056040090620877786 -0.0091041468417145249
leaf_weight=943 20 32 214 38 80 724 27 225 145 151 28 231 418 22 22 20 45 507 28 139 77 31 32
leaf_count=943 20 32 214 38 80 724 27 225 145 151 28 231 418 22 22 20 45 507 28 139 77 31 32
internal_value=0.00179686 0.00035728 -0.001146 -0.00365 -0.00321281 0.00412634 -0.00582474 0.0017555 0.000768025 -0.00376068 -0.00272947 0.00412609 0.00299692 -0.00958333 -0.0143182 -0.0075 -0.00141667 -0.00188073 -0.00142458 -0.000660377 -0.00200389 0.000833334 0.00125668
internal_weight=4199 2607 1863 1000 968 744 378 863 638 234 207 1592 649 144 44 100 590 545 179 424 247 108 177
internal_count=4199 2607 1863 1000 968 744 378 863 638 234 207 1592 649 144 44 100 590 545 179 424 247 108 177
cat_boundaries=0 1 2 3 4
cat_threshold=164 19 2 17
is_linear=0
shrinkage=0.05


Tree=55
num_leaves=24
num_cat=2
split_feature=0 2 5 5 5 0 9 9 16 9 7 11 9 15 2 9 5 2 5 19 14 5 2
split_gain=5.50551 5.79194 5.15343 1.85572 1.64053 1.397 0.94748 1.23851 0.989349 0.91342 1.15714 0.746273 0.726331 0.692842 0.590622 0.695048 0.679545 0.584748 1.26997 0.53504 0.550425 0.851701 0.528651
threshold=0 2029.5000000000002 1.1393490278976233 0.52541672543949758 0.46620033734366129 1 15910.228794304317 26962.791929089337 1.756416666666667 6490.256532590297 1.0000000180025095e-35 0.53811914929932148 35919.399043732286 149.65648339621836 2034.5000000000002 176.74219751136937 1.3834267317466862 2034.5000000000002 0.91683600554281697 1.0000000180025095e-35 115053.27111198664 0.73058996066088322 2031.5000000000002
decision_type=1 2 2 2 2 1 2 2 2 2 2 2 2 2 2 2 2 2 2 2 2 2 2
left_child=17 4 3 9 -2 22 8 -8 19 10 -3 -10 -9 -14 -4 16 -16 -1 -19 -7 21 -21 -5
right_child=1 2 14 5 -6 6 7 12 11 -11 -12 -13 13 -15 15 -17 -18 18 -20 20 -22 -23 -24
leaf_value=0.16903076304586392 -0.018402478546053282 -0.02465090673968345 0.036235647238566759 0.0092219547278634441 0.062700867970625879 -0.00079482951140904656 -0.00926253769748339 0.0016559339988982246 -0.0054629213029992654 -0.012131794327741209 -0.0064492701315925095 -0.0039479357832238092 -0.0050599495754123933 -0.0022152610808843362 -0.0043677370089120543 0.0035996273013626312 0.023558344648925863 8.0741876000679701e-05 0.047216422761300052 -0.0054631578672056699 -0.0065335193658756759 0.00078086033833675962 -0.0036260551507152506
leaf_weight=943 20 21 258 120 724 21 29 21 59 29 24 51 37 28 65 231 23 231 418 34 59 150 603
leaf_count=943 20 21 258 120 724 21 29 21 59 29 24 51 37 28 65 231 23 231 418 34 59 150 603
internal_value=0.00182067 0.000395491 -0.00109232 -0.00285381 0.00412634 -0.00238449 -0.00441884 -0.00847826 -0.00328877 -0.0105405 -0.015 -0.00727273 -0.00546512 -0.00807692 0.00283362 0.00139498 -0.00238636 0.00412609 0.00299692 -0.00162879 -0.000967078 0.000380435 -0.000934515
internal_weight=4199 2607 1863 1286 744 1212 489 115 374 74 45 110 86 65 577 319 88 1592 649 264 243 184 723
internal_count=4199 2607 1863 1286 744 1212 489 115 374 74 45 110 86 65 577 319 88 1592 649 264 243 184 723
cat_boundaries=0 1 2
cat_threshold=164 19
is_linear=0
shrinkage=0.05


Tree=56
num_leaves=24
num_cat=3
split_feature=0 2 5 5 5 9 0 5 2 16 9 15 14 9 2 14 15 5 14 5 2 0 15
split_gain=4.60619 5.0154 4.83834 1.96599 1.78712 1.24675 1.03341 0.873302 1.0699 0.543307 1.01576 0.735414 1.16423 0.536942 0.497846 0.669035 0.942981 0.48595 0.509091 0.483702 0.481138 0.571041 0.681365
threshold=0 2029.5000000000002 1.1393490278976233 0.51653639921929895 0.51653639921929895 1031.6042420655997 1 0.75151658956402845 2032.5000000000002 1.756416666666667 59920.262568721722 97.029154502048939 52038.968929972791 581.24256917423725 2031.5000000000002 64249.445123386446 76.866571170776012 0.82555440180009632 71939.340859058619 0.93566252435764941 2034.5000000000002 2 67.513336029194775
decision_type=1 2 2 2 2 2 1 2 2 2 2 2 2 2 2 2 2 2 2 2 2 1 2
left_child=7 4 3 5 -2 -3 14 8 -1 10 -8 12 13 -11 17 -16 19 18 -5 -17 -4 22 -22
right_child=1 2 20 6 -6 -7 9 -9 -10 11 -12 -13 -14 -15 15 16 -18 -19 -20 -21 21 -23 -24
leaf_value=0.10476185621404661 -0.014776767100996777 -0.022194238780585688 0.034423864876638399 -0.013353680480972758 0.062531405215528968 -0.005734219399110699 -0.0030390439677208283 0.067436478140787418 -0.0013049223557978198 -0.0020258659537062311 -0.007252581266926213 0.00015892106101524943 -0.005261369390082136 -0.0048880344449255759 0.00016506880505011285 -0.01573171959983747 -0.004799593860081431 0.081995464811473795 0.013638475914065813 -0.001119868222424662 -0.0029279584569080991 0.028979310649857534 0.0025979653127248389
leaf_weight=126 32 24 258 35 712 42 320 1303 163 49 26 26 21 48 313 30 243 66 20 23 79 182 58
leaf_count=126 32 24 258 35 712 42 320 1303 163 49 26 26 21 48 313 30 243 66 20 23 79 182 58
internal_value=0.00189212 0.00058655 -0.000797101 -0.00250389 0.00405914 -0.0109091 -0.00204918 0.00400125 0.00153979 -0.0038 -0.00280347 -0.00645833 -0.00813559 -0.00582474 -0.000810811 -0.00140394 -0.00310811 0.00210744 -0.00136364 -0.00915094 0.00300693 0.00170846 -0.000782313
internal_weight=4199 2607 1863 1286 744 66 1220 1592 289 490 346 144 118 97 730 609 296 121 55 53 577 319 137
internal_count=4199 2607 1863 1286 744 66 1220 1592 289 490 346 144 118 97 730 609 296 121 55 53 577 319 137
cat_boundaries=0 1 2 3
cat_threshold=164 19 72
is_linear=0
shrinkage=0.05


Tree=57
num_leaves=24
num_cat=2
split_feature=0 2 5 5 5 0 5 2 11 16 15 15 5 2 15 14 14 14 11 2 11 5 14
split_gain=4.28649 4.66132 4.05585 1.783 1.7664 0.975461 0.923795 1.42631 0.909632 0.551954 0.766933 1.14589 0.75 0.715772 0.701156 1.44786 0.544862 0.979592 0.53202 0.468133 0.556244 0.50202 0.509091
threshold=0 2029.5000000000002 1.1625859542886614 0.51653639921929895 0.51653639921929895 1 0.8899652155658534 2033.5000000000002 0.1495980813870961 1.756416666666667 124.1313214903894 147.82619783045143 0.90242540787670034 2036.5000000000002 97.029154502048939 52038.968929972791 56776.803500960617 38805.750356553144 0.10002687511275371 2031.5000000000002 1.0029941152829103 0.82555440180009632 71939.340859058619
decision_type=1 2 2 2 2 1 2 2 2 2 2 2 2 2 2 2 2 2 2 2 2 2 2
left_child=6 4 3 8 -2 19 7 -1 -3 10 13 12 -12 -7 15 18 17 -15 -11 21 -21 22 -5
right_child=1 2 -4 5 -6 9 -8 -9 -10 14 11 -13 -14 16 -16 -17 -18 -19 -20 20 -22 -23 -24
leaf_value=0.11080665913723836 -0.014037928745946955 -0.0054475084291551595 0.010744844071564123 -0.012685996456924122 0.059404834954752544 0.00020326426925454139 0.085699689035387411 -0.00044549648696073723 -0.021084526841556414 -0.0048319622797956862 -0.0094692401103669485 0.0010855469891032233 -0.0078788910410644477 -0.0045680610988908269 0.00015222710856301297 -0.0072784670653296612 -0.00035501112968508019 -0.0062912071785211883 -0.0038254697880089244 -0.0038218023973716677 0.0026172548404050896 0.079648247516257056 0.012956552118362524
leaf_weight=268 32 42 518 35 712 178 1064 260 24 42 24 39 24 28 27 23 51 21 58 576 62 71 20
leaf_count=268 32 42 518 35 712 178 1064 260 24 42 24 39 24 28 27 23 51 21 58 576 62 71 20
internal_value=0.00190402 0.000643867 -0.000689748 -0.00213755 0.00399194 -0.001724 0.00393883 0.00225379 -0.0101515 -0.00338095 -0.00239726 -0.00649425 -0.0116667 -0.00111511 -0.006 -0.00760163 -0.0045 -0.00826531 -0.005 -0.000555555 -0.00111285 0.00222222 -0.00136364
internal_weight=4199 2607 1863 1345 744 1279 1592 528 66 515 365 87 48 278 150 123 100 49 100 764 638 126 55
internal_count=4199 2607 1863 1345 744 1279 1592 528 66 515 365 87 48 278 150 123 100 49 100 764 638 126 55
cat_boundaries=0 1 2
cat_threshold=164 19
is_linear=0
shrinkage=0.05


Tree=58
num_leaves=24
num_cat=3
split_feature=5 2 0 5 2 0 5 0 2 9 14 5 5 5 9 8 5 15 15 5 15 16 2
split_gain=4.41328 3.37897 3.67469 2.60739 2.00545 2.60311 1.45664 1.16436 1.08569 0.611649 0.719774 0.571453 0.504609 0.75118 1.06354 0.531342 0.446534 0.545513 1.24307 0.595181 0.491562 0.435164 0.41504
threshold=0.93566252435764941 2028.5000000000002 0 0.51653639921929895 2033.5000000000002 1 1.3246791633457937 2 2030.5000000000002 1031.6042420655997 40751.239959659339 0.46620033734366129 1.0324986184915215 0.95718907554605426 22904.713871883414 1.0000000180025095e-35 0.79218722710116374 69.413822433204857 51.145275047828697 0.74651220879099955 157.59465392935701 1.4758333333333338 2035.5000000000002
decision_type=2 2 1 2 2 1 2 1 2 2 2 2 2 2 2 2 2 2 2 2 2 2 2
left_child=1 11 22 9 -2 -6 12 -5 -9 -4 -11 -1 13 -7 15 -15 17 18 -10 21 -18 -19 -3
right_child=4 2 3 7 5 6 -8 8 16 10 -12 -13 -14 14 -16 -17 20 19 -20 -21 -22 -23 -24
leaf_value=-0.0087959690168111174 0.071555032246767625 0.041542594176219166 -0.015512898354728405 -0.0046597668409507163 0.053417307998946263 0.001729679302883163 0.01547953357105007 0.039326651905766286 -0.0042795618609150999 0.0010870259942202755 -0.0094780635272072832 0.051910021145921963 -0.00068148254063692354 -0.0038315852902715748 -0.01177088341329351 0.0060935783115290071 0.00092441094703969717 -0.0058593540407319853 -0.01336451757112779 -0.0078688830206846191 -0.0058354708535399789 0.002764815296682252 0.0013498309932474112
leaf_weight=25 1324 185 33 310 466 30 144 90 109 20 39 324 424 77 22 25 231 39 36 30 20 58 138
leaf_count=25 1324 185 33 310 466 30 144 90 109 20 39 324 424 77 22 25 231 39 36 30 20 58 138
internal_value=0.00188021 -9.78066e-05 -0.00124066 -0.00270732 0.0032086 0.00171717 -0.000191257 -0.00193391 -0.000617977 -0.0107609 -0.00771186 0.00428367 -0.00131488 -0.00376623 -0.00548387 -0.00333333 -0.00150096 -0.00290441 -0.005 -0.000511811 1.99205e-05 0.00139175 0.00334835
internal_weight=4199 1687 1338 1015 2512 1188 722 923 613 92 59 349 578 154 124 102 523 272 145 127 251 97 323
internal_count=4199 1687 1338 1015 2512 1188 722 923 613 92 59 349 578 154 124 102 523 272 145 127 251 97 323
cat_boundaries=0 1 2 3
cat_threshold=132 164 72
is_linear=0
shrinkage=0.05


Tree=59
num_leaves=24
num_cat=1
split_feature=2 5 5 2 5 5 1 5 7 36 16 34 16 9 18 15 8 7 2 14 11 2 5
split_gain=4.15484 3.36858 1.59094 1.28962 0.989474 0.966616 0.891483 0.737136 0.458401 0.400796 0.380952 0.3315 0.31517 0.325312 0.324855 0.294905 0.784149 0.311115 0.264179 0.255702 0.250216 0.228564 0.26308
threshold=2031.5000000000002 1.0324986184915215 0.80201068204579806 2027.5000000000002 0.48900742528759283 0.51653639921929895 0 1.3375357467376412 2.5000000000000004 1.7314830502684313 1.756416666666667 1.0000000180025095e-35 1.756416666666667 61642.765448338389 1.0000000180025095e-35 25.656833035084436 1.0000000180025095e-35 1.5000000000000002 2035.5000000000002 21455.399751591278 0.041895609770924748 2037.5000000000002 1.2601101320002142
decision_type=2 2 2 2 2 2 1 2 2 2 2 2 2 2 2 2 2 2 2 2 2 2 2
left_child=2 4 3 -1 6 -5 -2 12 19 11 -10 -6 13 15 20 16 -3 21 -8 -7 -14 22 -17
right_child=1 7 -4 5 9 8 18 -9 10 -11 -12 -13 14 -15 -16 17 -18 -19 -20 -21 -22 -23 -24
leaf_value=0.034694050733079983 -0.0093528172629163183 0.0051690808208955004 0.091060094378855372 -0.016496144427213529 -0.0023189751509032361 -0.0048873505936823146 -0.004595591250192925 0.030007282092738244 -0.019019622712919439 0.0050746986463818151 0.0094598861385754816 0.0044558223789214219 -0.0029610806082313946 -0.0042678906892268482 0.010128815060602184 -0.00091492646996703885 -0.0021088368029614593 0.0073492021060534464 0.00026668185209044264 0.0097507241644845116 0.006970830547388774 0.0025681598869969355 0.01475966752438373
leaf_weight=134 30 78 1285 37 1213 32 21 297 21 29 21 23 20 35 250 153 32 140 32 155 22 100 39
leaf_count=134 30 78 1285 37 1213 32 21 297 21 29 21 23 20 35 250 153 32 140 32 155 22 100 39
internal_value=0.00183258 0.000544948 0.00375371 0.001 -0.00115727 -0.00101504 -0.00644578 0.00251286 0.000196507 -0.000810276 -0.00452381 -0.000946602 0.00177791 0.00110052 0.00311644 0.00140221 -0.000909091 0.00199074 -0.00254717 0.00125668 -0.000952381 0.00106164 5.20835e-05
internal_weight=4199 2514 1685 400 1348 266 83 1166 229 1265 42 1236 869 577 292 542 110 432 53 187 42 292 192
internal_count=4199 2514 1685 400 1348 266 83 1166 229 1265 42 1236 869 577 292 542 110 432 53 187 42 292 192
cat_boundaries=0 1
cat_threshold=2
is_linear=0
shrinkage=0.05


Tree=60
num_leaves=24
num_cat=4
split_feature=0 2 2 5 0 5 5 5 7 0 2 5 9 9 5 2 9 1 2 15 5 9 16
split_gain=5.34837 3.94721 2.46176 2.75559 2.20189 1.64386 1.26899 1.07356 0.752343 0.702311 0.69415 0.91152 0.73283 0.703062 0.549818 1.55608 1.1764 0.697695 0.756582 1.11675 0.680647 0.528703 0.524516
threshold=0 2028.5000000000002 2030.5000000000002 1.0969306560913907 1 0.51653639921929895 1.4217699221021534 0.79218722710116374 2.5000000000000004 2 2034.5000000000002 0.73058996066088322 26141.819359080404 1399.7409091054508 1.1246321737264284 2034.5000000000002 70.861480953857779 3 2033.5000000000002 91.045219329640332 1.0871140789853733 319.99629709843435 1.756416666666667
decision_type=1 2 2 2 1 2 2 2 2 1 2 2 2 2 2 2 2 1 2 2 2 2 2
left_child=1 -1 -2 4 -4 -3 14 8 10 -9 12 -12 13 -6 17 -16 -17 18 19 21 -19 -7 -20
right_child=2 5 3 -5 7 6 -8 9 -10 -11 11 -13 -14 -15 15 16 -18 20 22 -21 -22 -23 -24
leaf_value=0.028240278692838062 0.18454590748268698 -0.0096989890803296647 0.020370747382604335 0.045930447722459321 -0.02091024830028005 -0.007662312778093228 0.019438739868516311 0.014339131809395592 0.004396520568693882 -0.0017708802352240046 0.0004331188965657436 -0.011863876250831761 -0.014294294746594105 0.00015779537524417386 0.011341806731036236 -0.0093499064264890193 -0.00038479096112804817 -0.0035477525467688983 -0.00043354518421402047 -0.0020701009064984627 -0.0069333369518589111 -0.019058668459499314 -0.0038771931406936105
leaf_weight=238 1038 24 441 748 50 23 52 153 54 420 116 41 29 46 120 33 85 302 61 31 26 21 47
leaf_count=238 1038 24 441 748 50 23 52 153 54 420 116 41 29 46 120 33 85 302 61 31 26 21 47
internal_value=0.00177304 -0.00129077 0.00280674 0.00183031 0.000481482 -0.00293939 -0.00255306 -0.000930359 -0.00318452 0.000375218 -0.00421986 -0.00200637 -0.007 -0.00489583 -0.00307744 -0.00109244 -0.00516949 -0.00400196 -0.00647541 -0.0103333 -0.00262195 -0.0154545 -0.0037963
internal_weight=4199 1063 3136 2098 1350 825 801 909 336 573 282 157 125 96 749 238 118 511 183 75 328 44 108
internal_count=4199 1063 3136 2098 1350 825 801 909 336 573 282 157 125 96 749 238 118 511 183 75 328 44 108
cat_boundaries=0 1 2 3 4
cat_threshold=72 132 32 2
is_linear=0
shrinkage=0.05


Tree=61
num_leaves=24
num_cat=3
split_feature=0 5 5 0 5 5 7 0 5 5 10 14 9 14 16 9 18 14 15 15 5 14 8
split_gain=5.18122 2.74019 2.40975 1.57311 1.19315 1.07112 0.92602 0.842708 0.97185 0.591254 1.32908 0.792401 0.526863 0.493765 0.466657 0.826503 1.01447 0.791828 1.12169 0.898609 0.764444 0.796569 0.747126
threshold=0 0.79561763026696497 0.51653639921929895 1 1.2451720273098628 0.42540951297941754 1.0000000180025095e-35 2 1.1577527833144476 0.73058996066088322 1.5000000000000002 68926.137849359249 8257.9167096019974 30893.119705021531 1.756416666666667 41527.489254423395 1.0000000180025095e-35 108912.87074516712 147.82619783045143 118.52163910420488 1.0392119347815225 54288.776881815364 1.0000000180025095e-35
decision_type=1 2 2 1 2 2 2 1 2 2 2 2 2 2 2 2 2 2 2 2 2 2 2
left_child=2 3 -1 -2 9 6 -5 -3 -9 10 11 12 -4 -6 17 16 -16 -11 19 -19 21 22 -18
right_child=1 7 4 5 13 -7 -8 8 -10 14 -12 -13 -14 -15 15 -17 20 18 -20 -21 -22 -23 -24
leaf_value=-0.0093193647398385239 0.055446475366627994 0.063363161195878356 -0.0044798240492805513 -0.018835829678404366 -0.0010287510587897212 -0.00065404961357245714 -0.00044866519408058234 0.0023750456628344012 0.044039316148067921 0.00061372318402036496 -0.0038043878555852218 0.0014432871437629622 -0.016751069359580047 0.01214508904301036 -0.0088498570261905905 0.0083212236732273567 -0.0041646998286260411 5.0396211677385117e-05 0.0021732271175447337 -0.0080256822754096891 0.0034092417295925881 -0.0034732447799395282 0.0057809415451524383
leaf_weight=33 134 1234 31 25 49 541 24 739 439 316 21 63 22 172 20 27 58 35 54 53 65 24 20
leaf_count=33 134 1234 31 25 49 541 24 739 439 316 21 63 22 172 20 27 58 35 54 53 65 24 20
internal_value=0.00163015 0.00264781 -0.00138397 -4.14363e-05 -0.000970874 -0.00116667 -0.00826531 0.003466 0.00243266 -0.00186032 -0.00485401 -0.00275862 -0.00726415 0.00228507 -0.00125 -0.00317757 -0.00435829 -0.000349345 -0.0034507 -0.00693182 -0.00308383 -0.00578431 -0.00333333
internal_weight=4199 3136 1063 724 1030 590 49 2412 1178 809 137 116 53 221 672 214 187 458 142 88 167 102 78
internal_count=4199 3136 1063 724 1030 590 49 2412 1178 809 137 116 53 221 672 214 187 458 142 88 167 102 78
cat_boundaries=0 1 2 3
cat_threshold=72 4 164
is_linear=0
shrinkage=0.05


Tree=62
num_leaves=24
num_cat=4
split_feature=0 2 2 5 0 5 5 0 5 5 5 2 9 9 2 1 9 5 11 11 5 14 14
split_gain=5.22201 2.97698 2.38216 2.44099 1.93049 1.67491 1.22739 1.06776 1.2285 1.01696 1.00303 0.701553 0.768437 2.14286 0.661376 0.630505 1.0795 0.847386 0.828776 1.22279 0.676225 0.824386 0.573729
threshold=0 2028.5000000000002 2031.5000000000002 0.97590027831923531 1 0.51653639921929895 1.4217699221021534 2 1.2517530936697006 0.58440279015043262 0.62209009350254196 2034.5000000000002 22378.178679275454 40202.00068132046 2027.5000000000002 3 40686.705880744223 0.98375327317343808 0.074695770682570675 1.0265675147737674 0.92150294269003385 54288.776881815364 111586.04772904881
decision_type=1 2 2 2 1 2 2 1 2 2 2 2 2 2 2 1 2 2 2 2 2 2 2
left_child=1 10 9 4 -4 -3 15 -5 11 14 -1 -9 -13 -14 -2 16 17 20 -19 -20 21 -7 -17
right_child=2 5 3 7 -6 6 -8 8 -10 -11 -12 12 13 -15 -16 22 -18 18 19 -21 -22 -23 -24
leaf_value=-0.00055467436055878217 0.080907287816699813 -0.0087480713893212502 0.052688107901940187 0.072995519878269063 -0.0030927427336813465 -0.0036542604578696501 0.017859548422939988 0.019269504037219849 0.045144989086112197 0.15592207357790272 0.045014384718833275 -0.00076397790565292136 -0.014969963842180318 0.0078415975762901029 -0.020016695585320605 -0.00032592216523694476 0.0022656250231689462 0.00058052570229160099 -0.0061248538362086852 0.0026961013121716694 -0.010379280298003122 -0.0037635868194655165 -0.005473407880375823
leaf_weight=21 30 24 144 534 714 50 52 104 162 1169 217 177 20 28 54 346 34 68 44 21 20 43 123
leaf_count=21 30 24 144 534 714 50 52 104 162 1169 217 177 20 28 54 346 34 68 44 21 20 43 123
internal_value=0.00164206 -0.00138397 0.0026637 0.00154806 -0.00041958 -0.00281818 -0.00242821 0.00319512 0.00140719 0.00436153 0.00352941 -0.000319149 -0.00188889 -0.0075 -0.000952381 -0.00294392 -0.00482143 -0.00597561 -0.00327068 -0.00730769 -0.00915929 -0.00736559 -0.00182303
internal_weight=4199 1063 3136 1883 858 825 801 1025 491 1253 238 329 225 48 84 749 280 246 133 65 113 93 469
internal_count=4199 1063 3136 1883 858 825 801 1025 491 1253 238 329 225 48 84 749 280 246 133 65 113 93 469
cat_boundaries=0 1 2 3 4
cat_threshold=72 4 164 2
is_linear=0
shrinkage=0.05


Tree=63
num_leaves=24
num_cat=3
split_feature=0 2 5 5 0 2 2 0 5 5 5 9 14 15 2 15 15 14 5 5 15 8 2
split_gain=4.9827 2.86437 2.38026 1.70625 1.66975 1.68642 1.54024 1.26103 1.52084 1.18648 1.00303 0.866729 0.789262 1.06963 0.660802 0.647104 1.04757 0.811697 0.63491 0.537572 0.849908 0.573626 0.528718
threshold=0 2028.5000000000002 0.8899652155658534 0.51653639921929895 1 2029.5000000000002 2034.5000000000002 2 1.2517530936697006 1.4217699221021534 0.62209009350254196 42309.878281259305 91955.043918078358 111.8084303743138 2034.5000000000002 69.413822433204857 53.616115913572237 49735.567852098255 0.50361592300952374 0.73058996066088322 57.198373584228371 1.5000000000000002 2038.5000000000002
decision_type=1 2 2 2 1 2 2 1 2 2 2 2 2 2 2 2 2 2 2 2 2 2 2
left_child=1 10 4 -3 -2 18 -4 -8 12 19 -1 15 -9 -14 -13 16 -7 -18 -6 20 -5 -21 -15
right_child=2 3 6 9 5 11 7 8 -10 -11 -12 14 13 22 -16 -17 17 -19 -20 21 -22 -23 -24
leaf_value=-0.00052694064253084856 0.022067246344837789 -0.0083106678198551845 0.10035838734132835 -0.0063067002352184282 -0.021082153639513296 -0.0032927081101286285 0.029024241648790274 -0.00030679883774422458 0.034411640480641895 0.016966571001792989 0.042763665482891629 -0.013447777042399868 -0.0095439618278025228 -0.014827206516720502 -0.0026495186673674747 0.0012828409699052372 -0.003587128156976897 -0.013177126198472897 0.10747181001763771 -0.002266408308268862 -0.0018233738537064221 0.0014417818740283088 0.0040468914096479522
leaf_weight=21 343 24 1225 38 20 231 429 198 110 52 217 31 38 41 33 187 34 24 171 608 65 38 21
leaf_count=21 343 24 1225 38 20 231 429 198 110 52 217 31 38 41 33 187 34 24 171 608 65 38 21
internal_value=0.00166587 -0.00129077 0.0026637 -0.00269697 0.000763501 -0.00060054 0.00366634 0.00201314 -2.39233e-05 -0.00230337 0.00352941 -0.00203704 -0.00187919 -0.0055 -0.0075 -0.00130252 -0.00278547 -0.0087931 0.00342932 -0.00281041 -0.00616505 -0.00227554 -0.00145161
internal_weight=4199 1063 3136 825 1074 731 2062 837 408 801 238 540 298 100 64 476 289 58 191 749 103 646 62
internal_count=4199 1063 3136 825 1074 731 2062 837 408 801 238 540 298 100 64 476 289 58 191 749 103 646 62
cat_boundaries=0 1 2 3
cat_threshold=72 132 164
is_linear=0
shrinkage=0.05


Tree=64
num_leaves=24
num_cat=4
split_feature=5 0 0 5 5 0 14 5 8 0 14 7 5 16 15 36 36 8 15 15 5 15 5
split_gain=4.4611 2.4922 2.49146 1.25511 1.08053 0.755743 2.2007 0.646346 1.0405 0.545522 0.549091 0.531862 0.786054 0.665803 0.6 0.528425 0.681581 0.439386 0.63017 0.66709 0.808403 0.568421 0.406347
threshold=0.8306467510427672 0 1 0.69592446294074228 1.3375357467376412 2 28933.703654352354 0.51653639921929895 1.0000000180025095e-35 3 45088.504878155632 1.5000000000000002 0.80864045418109476 1.4758333333333338 66.903596478305033 0.17289896284471593 0.022868551674196221 1.0000000180025095e-35 51.145275047828697 68.033336041550726 0.52541672543949758 105.82783814596763 0.62850798343534187
decision_type=2 1 1 2 2 1 2 2 2 1 2 2 2 2 2 2 2 2 2 2 2 2 2
left_child=2 -2 -1 5 15 17 -7 -8 22 10 -5 12 13 -12 -13 16 -3 18 -4 -20 -21 -22 -9
right_child=1 4 3 9 -6 6 7 8 -10 -11 11 14 -14 -15 -16 -17 -18 -19 19 20 21 -23 -24
leaf_value=0.049668434278368312 0.035474202579723814 0.00036424063776311136 1.4376929479480508e-05 0.0006749486685726845 0.01973046324205531 -0.0081729499747862609 -0.0027633061195417932 0.0041563298284365792 -0.0090074778045492049 0.0033416519897769901 -0.0057176107582961521 -0.011139691403633065 -0.013646104235314524 -0.001109489489645004 0.0047145207619162834 0.0060575073053753363 -0.0090339865425065613 0.0015491987623724526 -0.016960610125841456 -0.021283604271686338 0.011732064382981685 -0.0043973235613291401 -0.0016345895673143163
leaf_weight=150 1569 1151 95 107 237 48 39 42 37 190 31 20 21 70 60 81 28 78 25 29 27 30 34
leaf_count=150 1569 1151 95 107 237 48 39 42 37 190 31 20 21 70 60 81 28 78 25 29 27 30 34
internal_value=0.0015468 0.00253751 -0.00113416 -0.00204935 0.00105176 -0.0038843 -0.00619048 -0.00355263 -0.00163717 -0.000310621 -0.00158307 -0.00316832 -0.0052459 -0.00341584 1.86265e-10 0.000476191 0.000207803 -0.00197279 -0.00325243 -0.00581081 -0.00372093 -0.000263158 0.00171053
internal_weight=4199 3066 1133 983 1497 484 200 152 113 499 309 202 122 101 80 1260 1179 284 206 111 86 57 76
internal_count=4199 3066 1133 983 1497 484 200 152 113 499 309 202 122 101 80 1260 1179 284 206 111 86 57 76
cat_boundaries=0 1 2 3 4
cat_threshold=180 4 51 105
is_linear=0
shrinkage=0.05


Tree=65
num_leaves=24
num_cat=3
split_feature=2 0 5 5 5 0 2 2 11 14 0 5 5 11 5 3 16 15 15 14 18 2 5
split_gain=4.31415 3.58625 2.23253 2.14729 2.09784 2.08853 1.46553 1.30218 1.23669 0.90998 0.830004 1.3226 1.07664 0.803054 0.763665 0.911868 0.735245 0.632492 1.51553 0.613044 1.05401 0.581009 0.674844
threshold=2031.5000000000002 0 0.72126337994860246 1.3375357467376412 0.938622391824802 1 2027.5000000000002 2035.5000000000002 0.084098543311775867 42808.830599797126 2 0.53101761050589735 1.304185265331794 1.0029941152829103 1.1577527833144476 1.0000000180025095e-35 1.756416666666667 124.1313214903894 148.87710566529532 60979.503165495335 1.0000000180025095e-35 2035.5000000000002 0.89919980469317551
decision_type=2 1 2 2 2 1 2 2 2 2 1 2 2 2 2 2 2 2 2 2 2 2 2
left_child=2 4 6 10 5 -2 -1 -7 9 -9 13 -12 17 14 15 16 -3 19 -19 20 -13 22 -18
right_child=1 3 -4 -5 -6 7 -8 8 -10 -11 11 12 -14 -15 -16 -17 21 18 -20 -21 -22 -23 -24
leaf_value=0.016204820165670066 0.045956626328692907 -0.0076926985463687259 0.068366403670423515 0.015035654755612173 0.054862805334877619 0.00024209122446053758 -0.0073482014021626005 -0.02644523722214133 -0.006946320471921146 -0.0099863305737785211 -0.0079676193813253485 -0.0042184261732559347 -0.0013708062764568735 0.0051563235050805564 0.010966849971466583 0.0003500276748826517 -0.0087040955196948776 -0.0072837696222988139 0.0020948141228116523 0.00016449315584381389 -0.0018763779442732939 0.0031564360609487732 0.0078927403321793124
leaf_weight=90 128 257 1423 180 594 109 172 23 53 54 22 25 21 83 124 204 31 45 43 171 236 84 27
leaf_count=90 128 257 1423 180 594 109 172 23 53 54 22 25 21 83 124 204 31 45 43 171 236 84 27
internal_value=0.0015587 0.000246619 0.00351632 -0.001238 0.00263131 -0.000313351 -0.000725191 -0.00303213 -0.00653846 -0.0105844 -0.00191915 -0.00337696 -0.00294824 -0.000853658 -0.00139615 -0.00213101 -0.0035213 -0.0025 -0.00636364 -0.00171296 -0.00323755 -0.000633803 -0.00448276
internal_weight=4199 2514 1685 1553 961 367 262 239 130 77 1373 563 541 810 727 603 399 520 88 432 261 142 58
internal_count=4199 2514 1685 1553 961 367 262 239 130 77 1373 563 541 810 727 603 399 520 88 432 261 142 58
cat_boundaries=0 1 2 3
cat_threshold=164 4 19
is_linear=0
shrinkage=0.05


Tree=66
num_leaves=24
num_cat=3
split_feature=0 2 5 2 0 2 5 0 5 2 15 14 5 5 7 16 15 18 14 15 15 2 14
split_gain=4.30942 4.14715 2.91164 1.22809 1.26663 1.09055 1.5468 1.92515 0.878902 0.995954 0.834303 0.93301 0.800455 0.788029 0.778447 1.02653 0.967176 0.759375 0.731918 0.783261 1.26099 0.722007 0.701827
threshold=0 2028.5000000000002 1.1415607775418246 2034.5000000000002 1 2033.5000000000002 0.938622391824802 2 0.7376789738161762 2033.5000000000002 79.177087869923426 43736.762750001646 1.304185265331794 0.69157279007383188 1.0000000180025095e-35 1.4758333333333338 66.903596478305033 1.0000000180025095e-35 118509.14666601906 46.442013793119592 70.302322041952422 2029.5000000000002 17090.21370564065
decision_type=1 2 2 2 1 2 2 1 2 2 2 2 2 2 2 2 2 2 2 2 2 2 2
left_child=5 13 8 -4 10 -1 7 -7 9 14 11 12 -5 -2 15 -3 -16 -9 19 22 -21 -10 -19
right_child=1 2 3 4 -6 6 -8 17 21 -11 -12 -13 -14 -15 16 -17 -18 18 -20 20 -22 -23 -24
leaf_value=0.20586396089190451 -0.0002869194222447362 -0.019257582890563601 0.033836055959908004 0.00078646903125785593 0.019433893336687984 0.042296691586010654 0.039230329518411745 -0.014185453699400448 0.017659354088752518 -0.0015306414159319266 0.0025912467798389939 -0.0046613044879609518 -0.0071500640451667864 0.083595477595950124 -0.013612088823759272 -0.0082830569027360929 0.0040687692325325304 -0.0052464385319661282 0.0082988690511765911 -0.020163110112889238 -0.001056764350495778 -0.0028105765717624832 0.0025738596814527791
leaf_weight=827 67 31 312 32 180 110 463 32 84 189 52 25 27 504 43 50 44 20 29 26 42 967 43
leaf_count=827 67 31 312 32 180 110 463 32 84 189 52 25 27 504 43 50 44 20 29 26 42 967 43
internal_value=0.00161824 0.00035728 -0.000697446 0.00213376 -6.3291e-05 0.00365793 0.00232026 -0.000463576 -0.00196023 -0.00410364 -0.00356164 -0.00690476 -0.00347458 0.00412434 -0.00690476 -0.0104321 -0.00362069 -0.00341584 -0.0021875 -0.00377863 -0.0075 -0.00123216 0.000238095
internal_weight=4199 2607 2036 628 316 1592 765 302 1408 357 136 84 59 571 168 81 87 192 160 131 68 1051 63
internal_count=4199 2607 2036 628 316 1592 765 302 1408 357 136 84 59 571 168 81 87 192 160 131 68 1051 63
cat_boundaries=0 1 2 3
cat_threshold=164 72 4
is_linear=0
shrinkage=0.05


Tree=67
num_leaves=24
num_cat=4
split_feature=0 2 5 2 2 5 0 9 5 5 2 5 0 2 18 17 5 3 9 4 20 7 0
split_gain=3.88554 3.85671 2.91463 1.22768 1.09004 1.28546 1.72746 0.973913 0.868015 0.788029 0.747024 0.924163 0.716152 0.685802 0.652264 0.657895 0.647235 1.09707 0.619113 0.599882 1.15662 0.777857 0.56734
threshold=0 2028.5000000000002 1.0092673125895086 2032.5000000000002 2034.5000000000002 1.0154938974775825 1 5597.0251579738779 1.3375357467376412 0.69157279007383188 2034.5000000000002 0.77176796094750444 2 2026.5000000000002 1.0000000180025095e-35 74.884166666666673 0.938622391824802 1.0000000180025095e-35 4832.2387531444283 1.0000000180025095e-35 1.0000000180025095e-35 2.5000000000000004 3
decision_type=1 2 2 2 2 2 1 2 2 2 2 2 1 2 2 2 2 2 2 2 2 2 1
left_child=4 9 10 -4 -1 6 -6 -8 19 13 11 18 -13 -2 -14 -16 17 -9 -3 -5 -21 -22 -12
right_child=1 2 3 8 5 -7 7 16 -10 -11 22 12 14 -15 15 -17 -18 -19 -20 20 21 -23 -24
leaf_value=0.1306643007491701 0.026191091239583561 -0.0045004249961021351 0.041068954970193486 0.0001291899110335134 0.041814887848023861 0.062345658968396139 0.00014118672999404434 -0.0050686034776500112 0.012768150216847907 0.079415703716152614 0.0010103704809046438 0.00748189278135797 -0.011104161589416139 -0.0044919145361303333 -0.0079328307309530725 0.00031263029026090856 0.00064746806784117853 -0.017817641910965767 -0.011685774824506985 -0.0096655745966986641 0.0001752516898726594 -0.0040605313369913871 -0.002962437562845074
leaf_weight=943 28 126 308 352 122 297 140 41 161 504 221 120 20 39 76 76 28 21 104 29 126 24 293
leaf_count=943 28 126 308 352 122 297 140 41 161 504 221 120 20 39 76 76 28 21 104 29 126 24 293
internal_value=0.00168969 0.00049102 -0.00052554 0.0014 0.00362672 0.00207242 2.84093e-05 -0.0025 0.000231214 0.00412434 -0.00238417 -0.00371647 -0.00184931 -0.000970149 -0.00379121 -0.00289474 -0.00666667 -0.00951613 -0.00608696 -0.000743879 -0.00310056 -0.00133333 -0.00103113
internal_weight=4199 2607 2036 1000 1592 649 352 230 692 571 1036 522 292 67 172 152 90 62 230 531 179 150 514
internal_count=4199 2607 2036 1000 1592 649 352 230 692 571 1036 522 292 67 172 152 90 62 230 531 179 150 514
cat_boundaries=0 1 2 3 4
cat_threshold=164 4 17 18
is_linear=0
shrinkage=0.05


Tree=68
num_leaves=24
num_cat=0
split_feature=5 2 2 5 5 5 9 2 7 5 9 17 9 15 14 17 5 4 20 9 7 15 19
split_gain=3.82174 2.48495 2.11633 0.890895 0.704965 0.738189 0.877072 0.52759 0.614304 0.992644 0.823364 0.748888 0.722785 0.585366 0.475109 0.773244 0.424923 0.333323 0.660774 1.13778 0.359093 1.01868 0.448328
threshold=0.93566252435764941 2032.5000000000002 2028.5000000000002 1.3375357467376412 0.9297071399625868 0.77176796094750444 77195.788203756994 2034.5000000000002 1.0000000180025095e-35 0.52541672543949758 417.8489442808596 71.457916666666691 394.05334507355502 96.048562507698918 44703.318845095935 74.884166666666673 0.46620033734366129 1.0000000180025095e-35 1.0000000180025095e-35 4351.7097475303253 2.5000000000000004 72.995977648302684 1.0000000180025095e-35
decision_type=2 2 2 2 2 2 2 2 2 2 2 2 2 2 2 2 2 2 2 2 2 2 2
left_child=2 -2 16 17 5 7 -7 8 9 -4 -10 12 -11 14 15 -12 -1 -3 19 -19 22 -22 -20
right_child=1 3 4 -5 -6 6 -8 -9 10 11 13 -13 -14 -15 -16 -17 -18 18 20 -21 21 -23 -24
leaf_value=-0.011382886975243001 0.082710483541125104 0.001019920672274911 -0.020735351822692052 0.01837330422317281 -0.0081914334177369558 0.00074989362130202877 -0.0031980029041540434 -0.0010295945085229516 0.010458861890640084 -0.012375510349967027 0.010347910321180711 -0.0021417403962103719 -0.0025626340038014234 0.0040868030239774901 -0.013471846707237452 -0.008292210577622772 0.031680179933014391 0.0039388930038681208 -0.0047265661392883289 -0.0081162800228048483 0.0082994344985272642 -0.0087782689540996679 0.0018625567644197155
leaf_weight=25 1171 712 29 261 24 608 20 336 51 22 26 91 34 41 36 20 324 25 32 20 24 38 229
leaf_count=25 1171 712 29 261 24 608 20 336 51 22 26 91 34 41 36 20 324 25 32 20 24 38 229
internal_value=0.00165397 0.00289013 -0.000186722 0.00142058 -0.00109118 -0.000936073 0.000302548 -0.00206997 -0.00342857 -0.00551136 -0.00132184 -0.00384354 -0.00839286 -0.00353659 -0.00597561 -0.0026087 0.0032808 0.000787037 -0.000434782 -0.00611111 0.000356037 -0.00306452 0.00116858
internal_weight=4199 2512 1687 1341 1338 1314 628 686 350 176 174 147 56 123 82 46 349 1080 368 45 323 62 261
internal_count=4199 2512 1687 1341 1338 1314 628 686 350 176 174 147 56 123 82 46 349 1080 368 45 323 62 261
is_linear=0
shrinkage=0.05


Tree=69
num_leaves=24
num_cat=3
split_feature=0 2 5 2 5 0 5 2 2 0 15 14 5 2 7 16 15 2 14 9 5 14 19
split_gain=4.01927 3.37333 3.15525 1.04478 1.47502 1.92515 0.915301 0.867968 0.827064 0.765851 0.919124 0.891423 0.715792 0.983543 0.915351 1.02653 0.765625 0.722007 0.644816 0.961926 0.916926 0.615932 0.566857
threshold=0 2028.5000000000002 1.1415607775418246 2033.5000000000002 0.938622391824802 1 0.69157279007383188 2026.5000000000002 2034.5000000000002 2 67.513336029194775 42329.589652221854 0.7376789738161762 2033.5000000000002 1.0000000180025095e-35 1.4758333333333338 66.903596478305033 2029.5000000000002 122602.85106732538 17055.444815789935 0.70059082524422223 96918.718267843491 1.0000000180025095e-35
decision_type=1 2 2 2 2 1 2 2 2 1 2 2 2 2 2 2 2 2 2 2 2 2 2
left_child=3 6 12 -1 5 -5 7 -2 -4 10 11 -10 13 14 15 -3 -16 -14 19 20 -7 22 -19
right_child=1 2 8 4 -6 18 -8 -9 9 -11 -12 -13 17 -15 16 -17 -18 21 -20 -21 -22 -23 -24
leaf_value=0.18904978480303239 0.023297527680953674 -0.017941550755421011 0.031429476840102707 0.038142592339735062 0.035202082132073757 -0.0075045737017578953 0.073664819562228367 -0.0050987158815701825 -0.0022296216529081509 0.018404743140688178 0.00093668477642038384 -0.0062852259004251608 0.015444686595882249 -0.0013179256078333934 -0.011673603305984092 -0.0063792556911200964 0.0041374990904862524 -0.0067356413809452655 0.0043361501659706925 -0.013047083498491353 0.00041751277224809391 -0.0041526275636774379 -0.00020249190457978891
leaf_weight=827 28 31 312 110 463 54 504 39 58 180 58 20 84 189 43 50 44 83 29 31 78 300 584
leaf_count=827 28 31 312 110 463 54 504 39 58 180 58 20 84 189 43 50 44 83 29 31 78 300 584
internal_value=0.00159443 0.000376385 -0.000574656 0.00356429 0.0022549 -0.000463576 0.00377408 -0.00171642 0.00237261 0.00056962 -0.00219178 -0.00589744 -0.0018892 -0.00382353 -0.00660714 -0.0104321 -0.00304598 -0.00123216 -0.00341584 -0.00481595 -0.00295455 -0.00161841 -0.000772114
internal_weight=4199 2607 2036 1592 765 302 571 67 628 316 136 78 1408 357 168 81 87 1051 192 163 132 967 667
internal_count=4199 2607 2036 1592 765 302 571 67 628 316 136 78 1408 357 168 81 87 1051 192 163 132 967 667
cat_boundaries=0 1 2 3
cat_threshold=164 4 72
is_linear=0
shrinkage=0.05


Tree=70
num_leaves=24
num_cat=3
split_feature=0 5 2 0 2 5 2 5 18 9 15 15 14 15 2 2 5 14 3 5 2 9 1
split_gain=4.14732 2.6286 2.96942 2.35042 1.77943 1.73719 1.20893 0.967769 1.11338 0.996099 0.62376 2.09524 0.636364 1.01821 0.61077 0.813947 1.1129 0.659423 0.551001 0.54297 1.5372 0.788746 0.694221
threshold=0 1.0969306560913907 2030.5000000000002 1 2027.5000000000002 0.98854811158597589 2030.5000000000002 0.51653639921929895 1.0000000180025095e-35 2116.1834180581504 146.62274875767082 126.42692486186748 49238.113949496052 48.202401490959581 2030.5000000000002 2029.5000000000002 0.8683379809646673 127877.92950989387 1.0000000180025095e-35 0.61287064589900508 2034.5000000000002 16658.602543179379 2
decision_type=1 2 2 1 2 2 2 2 2 2 2 2 2 2 2 2 2 2 2 2 2 2 1
left_child=4 2 -2 -4 -1 7 -7 -6 9 -9 11 12 13 -8 15 16 -10 -16 -14 20 21 22 -5
right_child=1 -3 3 19 5 6 10 8 14 -11 -12 -13 18 -15 17 -17 -18 -19 -20 -21 -22 -23 -24
leaf_value=0.020481068172812169 0.10816911739650109 0.049850025893744765 0.053496022244228891 -0.010365740508320918 -0.0065983365543893467 0.036796673485753793 -0.00039778143720070207 -0.0017569468090919253 -0.013906994091872876 -0.016489264400801031 0.0069127563347562209 -0.011179213702667494 0.001405421955839072 -0.0047597262599971286 -0.0013631351470836882 -0.011513684025343945 0.0197052219500847 -0.0047877165454146553 -0.0013447740650970954 -0.00091842123801468022 0.00055493751890299309 -0.023837352356824541 0.0011916878263287232
leaf_weight=158 649 1137 226 28 27 113 109 20 31 27 35 27 113 45 220 23 23 51 41 968 85 20 23
leaf_count=158 649 1137 226 28 27 113 109 20 31 27 35 27 113 45 220 23 23 51 41 968 85 20 23
internal_value=0.0015468 0.00245709 0.00137319 3.70372e-05 -0.00115098 -0.00201657 3.10561e-05 -0.00436019 -0.00373418 -0.0109574 -0.00135135 -0.00201493 -0.000844156 -0.00311688 -0.00275862 -0.00668831 -0.00333333 -0.00164207 0.00142857 -0.000908289 -0.00365385 -0.00908451 -0.00578431
internal_weight=4199 3136 1999 1350 1063 905 483 422 395 47 370 335 308 154 348 77 54 271 154 1124 156 71 51
internal_count=4199 3136 1999 1350 1063 905 483 422 395 47 370 335 308 154 348 77 54 271 154 1124 156 71 51
cat_boundaries=0 1 2 3
cat_threshold=72 4 2
is_linear=0
shrinkage=0.05


Tree=71
num_leaves=24
num_cat=6
split_feature=0 2 5 2 5 0 5 5 2 2 0 5 1 5 2 0 5 3 7 9 11 1 9
split_gain=3.8338 3.23885 2.8576 1.21071 1.6497 1.83271 1.02105 0.907891 1.09566 1.07012 1.00848 0.819274 1.01023 0.791291 0.777171 0.747251 0.984615 0.69368 0.647763 0.625 0.615265 0.600047 0.554555
threshold=0 2028.5000000000002 1.2517530936697006 2033.5000000000002 1.0154938974775825 1 0.84976300489942436 0.77176796094750444 2031.5000000000002 2032.5000000000002 2 1.1204980527582669 3 0.69592446294074228 2027.5000000000002 4 0.63561259619552946 1.0000000180025095e-35 1.0000000180025095e-35 8356.4248115679093 1.0122700898015295 5 3743.3427231533219
decision_type=1 2 2 2 2 1 2 2 2 2 1 2 1 2 2 1 2 2 2 2 2 1 2
left_child=3 6 7 -1 5 -5 14 9 10 22 11 12 -9 21 -2 16 19 -15 -19 -11 -10 -7 -3
right_child=1 2 -4 4 -6 13 -8 8 20 15 -12 -13 -14 17 -16 -17 -18 18 -20 -21 -22 -23 -24
leaf_value=0.17964321662478155 0.012939637873255647 -0.0053821009902810186 0.0112235628483629 0.035175748690586671 0.058348557981171015 -0.0095465258166336723 0.099469903589024231 -0.018760218693224449 -0.0024809913621136287 -0.0085757924971435039 0.056838263124260803 0.041774683132201465 -0.0012425269213963324 0.0016846412185472894 -0.0074428878838695527 0.00046610573861306559 -0.00078367127052067541 0.0012022914933965631 -0.024005509542671374 -0.0043376030215243897 0.0010348932849912962 -0.0036858159037540072 -0.012104312733916787
leaf_weight=827 108 84 372 142 352 32 412 25 868 20 174 30 52 138 51 171 64 30 33 20 82 38 74
leaf_count=827 108 84 372 142 352 32 412 25 868 20 174 30 52 138 51 171 64 30 33 20 82 38 74
internal_value=0.0015468 0.00035728 -0.000574656 0.00347066 0.00205882 -8.47456e-05 0.00368651 -0.00146034 -0.000767668 -0.00342956 0.00197509 -0.00183761 -0.00474026 -0.00247331 0.000283019 -0.00154545 -0.00464912 -0.000970149 -0.00531746 -0.01125 -0.00157895 -0.00714286 -0.00670886
internal_weight=4199 2607 2036 1592 765 413 571 1664 1231 433 281 107 77 271 159 275 104 201 63 40 950 70 158
internal_count=4199 2607 2036 1592 765 413 571 1664 1231 433 281 107 77 271 159 275 104 201 63 40 950 70 158
cat_boundaries=0 1 2 3 4 5 6
cat_threshold=164 4 72 2 72 2
is_linear=0
shrinkage=0.05


Tree=72
num_leaves=24
num_cat=2
split_feature=0 2 5 0 2 5 5 2 2 4 2 5 15 15 15 9 5 15 17 17 9 15 8
split_gain=3.96855 2.61176 2.48102 2.2163 1.52502 1.32191 1.24017 1.32206 0.979069 1.18862 0.902698 0.88547 0.842138 0.677975 2.00263 0.746551 0.938793 0.740969 0.645747 0.578632 0.743112 0.563672 0.514276
threshold=0 2031.5000000000002 1.1016024789624379 1 2027.5000000000002 0.6677617044747115 0.98854811158597589 2030.5000000000002 2030.5000000000002 1.0000000180025095e-35 2030.5000000000002 0.89631661730230283 15.207454126178767 146.62274875767082 126.42692486186748 494.282496821179 1.1223427162988093 31.635187667559883 74.884166666666673 1.0000000180025095e-35 21215.587357742115 32.48043640372051 1.0000000180025095e-35
decision_type=1 2 2 1 2 2 2 2 2 2 2 2 2 2 2 2 2 2 2 2 2 2 2
left_child=4 5 3 -3 -1 10 8 -8 9 11 -2 18 -10 14 15 16 -9 -18 -6 20 21 -5 -17
right_child=1 2 -4 19 6 -7 7 13 12 -11 -12 -13 -14 -15 -16 22 17 -19 -20 -21 -22 -23 -24
leaf_value=0.018810032870508753 0.017013472084535682 0.046603660903654268 0.029852866347762293 -0.0066653130663938244 -0.012648563016585596 0.14634868202218129 0.03457636825950456 0.0016380256114438203 -0.0041614926227677689 -0.021837581520320858 -0.022431573562211 0.017667093886412574 -0.0016771288454641672 0.0066911680861240774 -0.010170618934341541 0.0012665578418868612 -0.0016047162913419726 -0.0083641804929509393 -0.0062775069935611773 -0.0013584918686293859 -0.012662980383530238 0.0016104351166461696 -0.00092320954334123835
leaf_weight=158 114 205 663 33 29 1114 113 32 20 21 25 23 304 35 27 160 30 28 25 884 36 62 58
leaf_count=158 114 205 663 33 29 1114 113 32 20 21 25 23 304 35 27 160 30 28 25 884 36 62 58
internal_value=0.00153489 0.0024253 0.00125597 -8.1967e-05 -0.00110438 0.00420192 -0.00190608 -0.000175983 -0.00388626 -0.00826531 -0.000395683 -0.00538961 -0.00256173 -0.00162162 -0.00231343 -0.00116883 -0.005 -0.0087931 -0.00888889 -0.00104878 -0.00416031 -0.00184211 0.000412844
internal_weight=4199 3136 1883 1220 1063 1253 905 483 422 98 139 77 324 370 335 308 90 58 54 1015 131 95 218
internal_count=4199 3136 1883 1220 1063 1253 905 483 422 98 139 77 324 370 335 308 90 58 54 1015 131 95 218
cat_boundaries=0 1 2
cat_threshold=72 4
is_linear=0
shrinkage=0.05


Tree=73
num_leaves=24
num_cat=3
split_feature=0 0 0 19 15 15 16 15 16 14 15 14 14 15 15 9 9 14 18 14 14 4 11
split_gain=4.02642 0.960874 0.525477 0.466414 0.684334 0.786445 0.7895 0.686027 0.362275 0.844362 0.732117 0.567227 0.348141 0.755552 0.897138 0.619065 0.676572 0.608952 0.479219 1.11777 0.439092 0.454838 0.418978
threshold=0 1 2 1.0000000180025095e-35 120.91722485504575 68.588865131656689 1.4758333333333338 25.012291305676673 1.0000000180025095e-35 42045.363670888539 91.749782985791924 65164.141494912372 61929.621073215065 117.12013297371742 147.82619783045143 15910.228794304317 25098.192414631474 106562.34762973191 1.0000000180025095e-35 37301.303167889149 157226.55219614532 1.0000000180025095e-35 0.074695770682570675
decision_type=1 1 1 2 2 2 2 2 2 2 2 2 2 2 2 2 2 2 2 2 2 2 2
left_child=2 3 -1 4 5 7 -7 -2 9 -5 11 -11 15 -14 17 18 -17 -15 19 -3 21 -19 -20
right_child=1 12 -4 8 -6 6 -8 -9 -10 10 -12 -13 13 14 -16 16 -18 20 22 -21 -22 -23 -24
leaf_value=0.079728709809265164 -0.011528075179641009 0.00037237540462268311 0.014463513857765023 0.012331000918124873 0.020490491436566532 0.0028813455351371776 -0.012639973257739308 0.0072130683760696229 0.0041142436958557195 -0.0046615207222797739 0.0050058716139133319 -0.016016682923923106 0.00089414793847741598 0.0031749917599320277 0.0026044612189951803 -0.011858550575666996 0.0024784750733203914 -0.005925982428186074 0.00063496708716769316 -0.0057998175708227863 0.0045587270703930293 -0.0019680564764838924 -0.0025329336850069845
leaf_weight=538 46 31 1054 57 36 20 31 60 1187 30 56 21 301 29 108 34 21 53 200 20 20 30 216
leaf_count=538 46 31 1054 57 36 20 31 60 1187 30 56 21 301 29 108 34 21 53 200 20 20 30 216
internal_value=0.00149917 0.000280856 0.00347066 0.00107465 -0.00121762 -0.00264331 -0.0077451 -0.000188679 0.00141007 -0.000792683 -0.00341121 -0.0077451 -0.000871388 9.24233e-06 -0.00208333 -0.00180077 -0.00681818 -0.00484848 -0.00120985 -0.00578431 -0.00665049 -0.00825301 -0.000649038
internal_weight=4199 2607 1592 1544 193 157 51 106 1351 164 107 51 1063 541 240 522 55 132 467 51 103 83 416
internal_count=4199 2607 1592 1544 193 157 51 106 1351 164 107 51 1063 541 240 522 55 132 467 51 103 83 416
cat_boundaries=0 1 2 3
cat_threshold=164 19 4
is_linear=0
shrinkage=0.05


Tree=74
num_leaves=24
num_cat=5
split_feature=5 2 0 2 0 5 0 5 2 4 20 0 2 15 9 2 0 7 5 16 14 10 15
split_gain=4.08567 2.46412 2.57348 1.74956 1.64303 0.971593 0.947166 0.917487 0.745898 0.731366 1.16049 0.726291 1.2309 0.973245 0.80464 0.674981 1.19534 0.957133 1.35715 0.696388 0.621646 0.694135 0.610714
threshold=1.0092673125895086 2028.5000000000002 0 2032.5000000000002 1 1.3246791633457937 2 0.77176796094750444 2027.5000000000002 1.0000000180025095e-35 1.0000000180025095e-35 3 2032.5000000000002 117.12013297371742 526.9034872626363 2034.5000000000002 4 1.0000000180025095e-35 0.52541672543949758 1.4758333333333338 100102.98219758781 1.5000000000000002 133.37296280316218
decision_type=2 2 1 2 1 2 1 2 2 2 2 1 2 2 2 2 1 2 2 2 2 2 2
left_child=1 6 -3 -2 -5 9 8 15 -1 -6 -11 12 -9 -13 -14 17 -17 18 -4 -20 21 -12 -15
right_child=3 2 7 4 5 -7 -8 11 -10 10 20 13 14 22 -16 16 -18 -19 19 -21 -22 -23 -24
leaf_value=0.0070027443452386692 0.090526838502129711 0.042678658923452628 -0.024945100252180653 0.054050621050256736 0.00013177164131894943 0.0088421511120158145 0.13039680326421674 0.046483325234739026 -0.006230080148020593 -0.00982003277617703 0.0011754859426722599 -0.001903731849795205 0.0069332202941219216 -0.014335185386306824 -0.0046268380400576849 0.0024104320453258335 -0.0041289916384459596 -0.0034743368146625802 -0.00959645666257887 -0.005238537963575287 -0.0092697448980277163 -0.0033093919118743161 -0.0034864470891580856
leaf_weight=90 968 224 26 404 350 166 325 164 33 28 81 278 113 20 245 127 151 155 45 83 42 25 56
leaf_count=90 968 224 26 404 350 166 325 164 33 28 81 278 113 20 245 127 151 155 45 83 42 25 56
internal_value=0.00145154 -8.1967e-05 -0.00095732 0.00303779 0.00166971 0.000156695 0.00321429 -0.00172098 -0.000639098 -0.000893536 -0.00352273 -0.000707762 0.000488722 -0.00241758 -0.00114525 -0.00326235 -0.00147482 -0.00487055 -0.00766234 -0.00554687 -0.00175676 0.000283019 -0.0075
internal_weight=4199 2135 1687 2064 1096 692 448 1463 123 526 176 876 522 354 358 587 278 309 154 128 148 106 76
internal_count=4199 2135 1687 2064 1096 692 448 1463 123 526 176 876 522 354 358 587 278 309 154 128 148 106 76
cat_boundaries=0 1 2 3 4 5
cat_threshold=4 164 72 178 19
is_linear=0
shrinkage=0.05


Tree=75
num_leaves=24
num_cat=5
split_feature=0 2 2 0 9 7 1 15 9 15 14 1 7 7 14 2 2 11 14 18 0 2 7
split_gain=3.63986 2.1509 2.02579 1.29218 0.599262 0.841212 0.751252 0.714706 0.51777 0.562162 0.874784 0.463634 0.468822 0.453863 0.444648 0.435484 0.61949 0.502998 0.760008 0.333101 0.317125 0.554375 0.532355
threshold=0 2032.5000000000002 2028.5000000000002 1 176.74219751136937 1.0000000180025095e-35 2 30.764671078485971 77195.788203756994 112.56469782915184 81369.621207484612 3 1.5000000000000002 2.5000000000000004 122602.85106732538 2034.5000000000002 2032.5000000000002 1.1375124608269653 58352.427300423915 1.0000000180025095e-35 4 2028.5000000000002 1.0000000180025095e-35
decision_type=1 2 2 1 2 2 1 2 2 2 2 1 2 2 2 2 2 2 2 2 1 2 2
left_child=2 20 -1 -3 5 15 7 -7 9 10 -5 12 -12 -6 -15 16 -4 18 -17 -11 -2 -22 -23
right_child=1 3 4 8 13 6 -8 -9 -10 19 11 -13 -14 14 -16 17 -18 -19 -20 -21 21 22 -24
leaf_value=0.019745445294550149 0.20875049342775173 0.046378393487000319 -0.0053433741489226083 0.00063349031142443226 -0.00023430868709741317 -0.0045244367808163939 0.004384054087685418 -0.0003665663678415236 -0.011530314324555476 -0.0052640089886108812 -0.0048749618534338337 0.00057132491512218127 -0.013954393865231613 -0.0026257709879978983 -0.01479054185807261 -0.006691880354089047 -0.0096772697595444573 0.001434039727920274 0.0030669619444451549 0.0090282233631592424 0.15692466563399846 -0.0017817477506102575 0.023827393831306651
leaf_weight=352 746 287 64 689 728 20 94 48 26 27 75 55 33 123 29 36 29 25 32 201 219 139 122
leaf_count=352 746 287 64 689 728 20 94 48 26 27 75 55 33 123 29 36 29 25 32 201 219 139 122
internal_value=0.00142772 0.00256561 -0.000471698 0.00123116 -0.00143322 -0.00318965 -0.000555555 -0.00455882 0.000430108 0.000601852 1.17373e-05 -0.00328221 -0.00518518 -0.000738636 -0.00322368 -0.00548387 -0.00790323 -0.00306452 -0.00529412 0.00280702 0.00410277 0.00285714 0.00136015
internal_weight=4199 2619 1580 1393 1228 348 162 68 1106 1080 852 163 108 880 152 186 93 93 68 228 1226 480 261
internal_count=4199 2619 1580 1393 1228 348 162 68 1106 1080 852 163 108 880 152 186 93 93 68 228 1226 480 261
cat_boundaries=0 1 2 3 4 5
cat_threshold=73 4 2 1 164
is_linear=0
shrinkage=0.05


Tree=76
num_leaves=24
num_cat=4
split_feature=5 2 0 0 2 5 1 5 2 9 0 2 5 7 2 17 4 17 9 11 17 9 9
split_gain=4.06738 2.31905 2.16116 2.07668 1.78103 1.25491 1.232 0.967324 0.952674 0.489292 0.555532 0.538244 0.750548 0.56955 0.577423 1.17729 0.487068 0.80483 0.911774 0.80364 0.486397 0.675 0.647265
threshold=0.93566252435764941 2032.5000000000002 0 1 2027.5000000000002 0.46620033734366129 2 1.3375357467376412 2033.5000000000002 59920.262568721722 3 2031.5000000000002 0.88415018194986472 1.0000000180025095e-35 2034.5000000000002 74.884166666666673 1.0000000180025095e-35 74.884166666666673 25098.192414631474 0.056996775146152749 74.884166666666673 749.72640392734081 4351.7097475303253
decision_type=2 2 1 1 2 2 1 2 2 2 1 2 2 2 2 2 2 2 2 2 2 2 2
left_child=3 -2 -3 8 -5 6 -6 16 -1 10 -7 12 20 14 15 -13 -4 18 -18 -19 21 -12 -22
right_child=1 2 7 4 5 9 -8 -9 -10 -11 11 13 -14 -15 -16 -17 17 19 -20 -21 22 -23 -24
leaf_value=0.07873912891403119 0.067604710747006233 0.029954491432679555 -0.00018696786520084089 0.022163840086426037 -0.010443955629359986 -0.0002235332754268678 -0.0096116234590410115 0.0097783071397777987 0.00054955432926923325 -0.0035381855926650326 -0.017435259721550616 -0.010830285460392034 0.009720722727829683 0.00095310120166377924 -0.00091049304106774758 -0.00065793361705725065 0.00098236124150407711 -0.0032581707562632563 -0.011214463713771631 -0.011734349612034588 0.0045094415460845139 -0.0085413474848170055 -0.018764553025353067
leaf_weight=210 1171 517 433 183 24 475 45 161 196 69 20 31 24 158 110 34 104 67 25 34 30 40 38
leaf_count=210 1171 517 433 183 24 475 45 161 196 69 20 31 24 158 110 34 104 67 25 34 30 40 38
internal_value=0.00141581 0.00269108 0.00127144 -0.000483106 -0.00146785 -0.00224044 -0.00876812 -0.000335731 0.00259615 -0.00180272 -0.00151042 -0.00267677 -0.00519737 -0.00160661 -0.00357143 -0.00730769 -0.00118401 -0.00304348 -0.000426356 -0.00638614 -0.00671875 -0.01 -0.00382353
internal_weight=4199 2512 1341 1687 1281 1098 69 824 406 1029 960 485 152 333 175 65 663 230 129 101 128 60 68
internal_count=4199 2512 1341 1687 1281 1098 69 824 406 1029 960 485 152 333 175 65 663 230 129 101 128 60 68
cat_boundaries=0 1 2 3 4
cat_threshold=164 132 2 50
is_linear=0
shrinkage=0.05


Tree=77
num_leaves=24
num_cat=3
split_feature=5 0 0 5 0 5 5 14 14 15 20 7 16 11 5 15 14 5 8 11 15 36 16
split_gain=3.94632 2.47709 1.34406 1.65608 1.20323 1.13609 0.662518 0.683947 1.96754 1.07355 0.759863 0.553585 0.635121 0.631694 0.625 0.52795 1.33246 0.734199 0.984149 0.857959 0.92803 0.815211 0.813426
threshold=1.0444469704850843 0 1 0.46620033734366129 2 0.76343305541321171 1.2179910055458631 98325.613438700137 125177.10711749321 118.52163910420488 1.0000000180025095e-35 1.5000000000000002 1.0000000180025095e-35 0.04318385543410401 0.64827296193767847 117.12013297371742 61929.621073215065 0.72126337994860246 1.0000000180025095e-35 0.48186570102307485 40.506207950130239 0.042151947800996729 1.756416666666667
decision_type=2 1 1 2 1 2 2 2 2 2 2 2 2 2 2 2 2 2 2 2 2 2 2
left_child=1 -1 3 -3 -2 11 7 10 9 -9 -6 12 14 -14 -4 16 17 19 21 20 -5 22 -19
right_child=4 2 5 15 6 -7 -8 8 -10 -11 -12 -13 13 -15 -16 -17 -18 18 -20 -21 -22 -23 -24
leaf_value=0.044480327814778765 0.050690521657563027 -0.0058119994063856543 -0.0049190318276901091 -0.011170792721540972 -0.0046947046871072861 0.003396274961313837 0.0095482971438841692 -0.010837297541958987 0.0040562311886420295 -0.0061044543695098494 0.0033133557724158084 0.00084446086481239553 -0.00030560604337050455 -0.0054484804252492277 -0.010878563439559083 -0.0037435554922478787 0.0010040595551066565 -0.0015528252749992936 0.0038080281222867204 0.00080732692316895721 -0.005721902790794633 0.011564875000576744 -0.0099571850852241406
leaf_weight=300 941 21 20 20 42 955 470 24 87 29 263 154 183 122 20 125 164 76 61 21 24 21 56
leaf_count=300 941 21 20 20 42 955 470 24 87 29 263 154 183 122 20 125 164 76 61 21 24 21 56
internal_value=0.001392 2.77424e-05 -0.000601558 -0.00259599 0.00311422 0.000218579 0.00175676 0.000393259 -0.0025 -0.0100943 0.00172131 -0.00171343 -0.00282609 -0.00204918 -0.00875 -0.00213028 -0.00132054 -0.00342294 -0.00200935 -0.00807692 -0.0120455 -0.00415033 -0.00560606
internal_weight=4199 2343 2043 589 1856 1454 915 445 140 53 305 499 345 305 40 568 443 279 214 65 44 153 132
internal_count=4199 2343 2043 589 1856 1454 915 445 140 53 305 499 345 305 40 568 443 279 214 65 44 153 132
cat_boundaries=0 1 2 3
cat_threshold=4 72 180
is_linear=0
shrinkage=0.05


Tree=78
num_leaves=24
num_cat=4
split_feature=2 0 5 5 5 0 2 5 0 2 9 9 4 9 5 9 0 5 2 9 36 19 14
split_gain=4.00615 3.08807 1.98856 1.97199 1.88378 1.66878 1.6 1.09322 1.04433 1.42244 0.997175 0.993478 0.867898 0.8 0.754148 0.707143 0.652693 1.36641 1.20714 0.557079 0.546845 0.468665 0.988031
threshold=2030.5000000000002 0 0.60620533040346569 1.3375357467376412 0.73058996066088322 1 2026.5000000000002 1.0758755085164153 2 2034.5000000000002 2830.8216475947265 29371.661932703861 1.0000000180025095e-35 455.53286219347382 0.62850798343534187 7833.532896451964 3 0.89631661730230283 2027.5000000000002 5973.9972786021053 1.7314830502684313 1.0000000180025095e-35 123822.78541751868
decision_type=2 1 2 2 2 1 2 2 1 2 2 2 2 2 2 2 1 2 2 2 2 2 2
left_child=4 2 19 20 5 -1 -7 8 -4 -10 -11 12 15 -8 -15 -12 17 18 -6 -2 21 22 -3
right_child=1 3 7 -5 16 6 13 -9 9 10 11 -13 -14 14 -16 -17 -18 -19 -20 -21 -22 -23 -24
leaf_value=0.05273261123545351 -0.0042775388905831064 -0.0046982215179056583 0.054581993579693788 0.011242047430295046 0.022536022722866075 0.01101054444951154 -0.00082467786281846468 0.075701721361301239 0.032289689653779867 0.0008888820222919076 0.010868085247743242 0.0049677535276906526 -0.014114449627808124 -0.010418425645129676 -0.009935641264744886 -0.015164662484489914 0.20575913651931407 0.024531003482861587 -0.0077136771793195197 -0.010453360885844806 0.0039944653826600911 -0.0015115663628227614 0.0089535466010875475
leaf_weight=104 63 164 175 199 28 30 30 436 136 110 20 38 29 26 34 35 880 240 35 29 29 1304 25
leaf_count=104 63 164 175 199 28 30 30 436 136 110 20 38 29 26 34 35 880 240 35 29 29 1304 25
internal_value=0.00122529 0.00012894 0.00222479 -0.0011814 0.00340085 -0.000803571 -0.00461538 0.00290603 0.00140884 -0.00015873 -0.0025431 -0.00565574 -0.00869048 -0.00833333 -0.0116667 -0.005 0.00419696 0.00196486 -0.00452381 -0.00478261 -0.00180026 -0.00193235 -0.00425926
internal_weight=4199 2792 1071 1721 1407 224 120 979 543 368 232 122 84 90 60 55 1183 303 63 92 1522 1493 189
internal_count=4199 2792 1071 1721 1407 224 120 979 543 368 232 122 84 90 60 55 1183 303 63 92 1522 1493 189
cat_boundaries=0 1 2 3 4
cat_threshold=164 180 4 72
is_linear=0
shrinkage=0.05


Tree=79
num_leaves=24
num_cat=4
split_feature=0 5 5 5 5 9 0 3 18 0 19 15 11 15 15 5 16 1 15 15 5 15 5
split_gain=3.75963 2.20652 1.35308 0.858918 0.706211 0.672513 0.622197 0.609175 0.566691 0.535598 0.610591 0.71801 0.866278 1.32375 0.819622 0.474845 0.494081 0.421061 0.420463 0.726492 0.679261 0.646982 0.571063
threshold=0 1.2517530936697006 0.60620533040346569 0.42540951297941754 1.040856504656215 33923.018226849999 1 1.0000000180025095e-35 1.0000000180025095e-35 2 1.0000000180025095e-35 120.91722485504575 0.9984092495684993 68.588865131656689 28.947338587900965 0.78826001885651131 2.1729166666666671 3 117.12013297371742 147.82619783045143 0.72497800467145923 77.527656457376409 0.83891891611053782
decision_type=1 2 2 2 2 2 1 2 2 1 2 2 2 2 2 2 2 1 2 2 2 2 2
left_child=2 3 5 -2 6 17 -4 -8 -9 10 11 12 13 14 -5 -10 -17 -1 21 20 -20 -11 -21
right_child=1 -3 4 9 -6 -7 7 8 15 18 -12 -13 -14 -15 -16 16 -18 -19 19 22 -22 -23 -24
leaf_value=-0.0047598631804176518 -0.0093180378746560884 0.013183792952078974 0.064887747537199739 -0.011582801167898836 0.084764732939953027 -0.0098285698797061713 0.0082071973292658432 -0.00910268918231639 0.0043076218739165383 -0.0014789591022378473 0.0010812735835088419 0.013962930243734437 0.0070701874936795785 -0.015675743387001496 0.013461944782035634 -0.0068336273452477133 0.009969558596186574 0.0068764956223313209 0.00020576894151586459 -0.0033140657111927849 -0.0078746238257516622 0.00069428582216334998 0.0055185538728695005
leaf_weight=45 44 486 246 29 709 20 355 22 35 472 1081 26 38 33 38 67 20 73 25 28 82 172 53
leaf_count=45 44 486 246 29 709 20 355 22 35 472 1081 26 38 33 38 67 20 73 25 28 82 172 53
internal_value=0.00128483 0.000108904 0.00318976 -0.000586987 0.00365887 -0.00152174 0.00258389 0.00146365 -0.00125 -0.000440539 0.000219124 -0.00262195 -0.00405797 -0.0065 -0.00246269 8.19674e-05 -0.00189655 -8.47456e-05 -0.0014133 -0.00351064 -0.00621495 -0.000822981 6.17286e-05
internal_weight=4199 2607 1592 2121 1454 138 745 499 144 2077 1245 164 138 100 67 122 87 118 832 188 107 644 81
internal_count=4199 2607 1592 2121 1454 138 745 499 144 2077 1245 164 138 100 67 122 87 118 832 188 107 644 81
cat_boundaries=0 1 2 3 4
cat_threshold=164 4 19 2
is_linear=0
shrinkage=0.05


Tree=80
num_leaves=24
num_cat=3
split_feature=2 0 5 5 5 2 5 2 9 14 16 5 1 5 1 36 5 2 15 2 5 19 15
split_gain=3.69266 3.29135 1.89156 1.84797 1.51002 0.755384 0.7304 0.96294 0.708113 0.761339 0.605 0.893384 0.816667 0.548479 0.511325 0.499595 0.469738 0.951056 0.923686 0.899111 0.634765 0.616108 1.80681
threshold=2029.5000000000002 0 0.75992680472410246 1.3375357467376412 0.73058996066088322 2026.5000000000002 1.0758755085164153 2034.5000000000002 6596.4681750646305 66992.805592730962 1.0000000180025095e-35 0.60620533040346569 1 0.46620033734366129 2 1.7314830502684313 1.1415607775418246 2034.5000000000002 13.761473223661897 2033.5000000000002 1.304185265331794 1.0000000180025095e-35 108.57174890037437
decision_type=2 1 2 2 2 2 2 2 2 2 2 2 1 2 1 2 2 2 2 2 2 2 2
left_child=4 2 10 15 5 -1 7 -4 -9 -10 -2 12 -12 -7 -15 16 17 21 -19 -18 -21 22 -3
right_child=1 3 6 -5 -6 13 -8 8 9 -11 11 -13 -14 14 -16 -17 19 18 -20 20 -22 -23 -24
leaf_value=0.020868549505361281 -0.0048521091023548549 -0.017023386191374664 0.070674072528115625 0.011055617019295146 0.077730293890661564 -0.02367452500781321 0.074055422367843418 0.005328993742862595 -0.015836908421432372 0.0031956768888806533 -0.010823978602199623 0.0043598910316920772 -0.0019026209535108183 0.0043023949305466122 -0.0064170257371865677 0.0038686900686389844 0.023934940495657087 -0.0073043600896390507 -0.0010164258184151205 -0.00076587067457713339 -0.0011478989814785393 -0.0029662836789620308 0.011034660748118286
leaf_weight=47 25 54 193 218 973 20 484 173 41 64 36 110 54 48 68 29 125 22 673 196 29 497 20
leaf_count=47 25 54 193 218 973 20 484 173 41 64 36 110 54 48 68 29 125 22 673 196 29 497 20
internal_value=0.00129674 0.000382846 0.00243697 -0.000926321 0.00370242 -0.000464481 0.00342932 0.0020276 0.000143885 -0.00309524 -0.00166667 -0.00075 -0.00444444 -0.00235294 -0.00103448 -0.00150456 -0.00162129 -0.00206951 -0.000827338 1.86265e-10 -0.00188889 -0.00358144 -0.00783784
internal_weight=4199 3043 1180 1863 1156 183 955 471 278 105 225 200 90 136 116 1645 1616 1266 695 350 225 571 74
internal_count=4199 3043 1180 1863 1156 183 955 471 278 105 225 200 90 136 116 1645 1616 1266 695 350 225 571 74
cat_boundaries=0 1 2 3
cat_threshold=164 2 2
is_linear=0
shrinkage=0.05


Tree=81
num_leaves=24
num_cat=2
split_feature=2 0 5 0 5 5 2 14 2 5 5 11 14 14 5 5 14 5 3 14 14 16 5
split_gain=3.56107 3.08506 2.35091 1.76019 1.47884 1.37517 0.990021 0.887427 0.854075 0.783872 0.567546 0.670635 0.773752 0.622222 0.534186 0.55933 0.524575 1 0.483476 0.847464 0.885422 0.625 0.499695
threshold=2029.5000000000002 0 1.0969306560913907 1 0.73058996066088322 1.3375357467376412 2032.5000000000002 125177.10711749321 2028.5000000000002 0.58440279015043262 0.7681049980012834 0.10621153667363335 36001.235433273709 28076.068466946304 1.2994426869863489 1.2601101320002142 25894.196276986095 1.4217699221021534 1.0000000180025095e-35 36795.514088495845 59653.752615219921 1.4758333333333338 0.96190403407743663
decision_type=2 1 2 1 2 2 2 2 2 2 2 2 2 2 2 2 2 2 2 2 2 2 2
left_child=4 2 3 -2 8 14 9 10 -1 -5 11 13 -13 -8 15 -3 17 -7 22 -20 -21 -22 -12
right_child=1 5 -4 6 -6 16 7 -9 -10 -11 18 12 -14 -15 -16 -17 -18 -19 19 20 21 -23 -24
leaf_value=0.0045589487428800805 0.036405691479536671 -0.0018461515744444682 0.047643669520450911 -0.024155529713524155 0.073843779196128473 -0.0079247508446960158 0.0017061041947928992 0.0052814073828484787 -0.009751074461426007 0.034436375704533596 0.0050898570986811741 -0.0015154957065782052 -0.013536142775659434 -0.0036108816062620087 -0.0015389865237726797 0.011127182266233568 0.0083740367110506485 0.032792326435898016 0.0015581374071835232 -0.008580304493750265 0.0038156244076501659 -0.021511662097303843 -0.0042811680184003222
leaf_weight=140 249 1239 562 22 973 20 20 89 43 156 117 27 23 70 35 57 128 25 40 21 20 20 103
leaf_count=140 249 1239 562 22 973 20 20 89 43 156 117 27 23 70 35 57 128 25 40 21 20 20 103
internal_value=0.00129674 0.000399277 0.00196578 0.000496418 0.00365917 -0.00120872 -0.000758807 -0.00181818 -0.000464481 0.00247191 -0.00270065 -0.00535714 -0.01 -0.00277778 -0.00176183 -0.00159722 0.00297688 -0.00166667 -0.00154206 -0.00440594 -0.00811475 -0.00375 -0.000227273
internal_weight=4199 3043 1539 977 1156 1504 728 550 183 178 461 140 50 90 1331 1296 173 45 321 101 61 40 220
internal_count=4199 3043 1539 977 1156 1504 728 550 183 178 461 140 50 90 1331 1296 173 45 321 101 61 40 220
cat_boundaries=0 1 2
cat_threshold=166 4
is_linear=0
shrinkage=0.05


Tree=82
num_leaves=24
num_cat=1
split_feature=2 5 5 2 2 36 5 17 5 5 9 5 10 5 11 5 17 19 1 9 16 5 9
split_gain=3.39672 2.70245 1.38037 0.71704 0.703302 0.586051 0.512371 1.12675 0.47511 1.37438 1.06912 0.521764 0.676407 0.42185 0.411481 0.827197 0.396703 0.391052 0.590953 0.332268 0.78642 0.451334 0.377942
threshold=2029.5000000000002 1.1223427162988093 0.8683379809646673 2026.5000000000002 2034.5000000000002 1.7314830502684313 0.62850798343534187 73.879583333333343 0.58440279015043262 0.56444565938134728 33923.018226849999 0.52541672543949758 1.5000000000000002 1.4217699221021534 0.39608128591185054 1.304185265331794 74.884166666666673 1.0000000180025095e-35 0 71271.251640982737 1.4758333333333338 0.94147667905431387 31601.612788478204
decision_type=2 2 2 2 2 2 2 2 2 2 2 2 2 2 2 2 2 2 1 2 2 2 2
left_child=2 5 3 -1 -3 8 7 -5 9 10 11 12 -2 14 17 16 -16 18 -6 22 -21 -22 -10
right_child=1 4 -4 6 13 -7 -8 -9 19 -11 -12 -13 -14 -15 15 -17 -18 -19 -20 20 21 -23 -24
leaf_value=0.030963257225029718 -0.00013678424730159338 0.030702397049961874 0.096631989134714685 0.0041154165770927115 -0.0059656892020511724 0.0045323208782544495 0.0074386235529655875 -0.012017239249579689 -0.00098584399012511571 -0.0075887129074702908 -0.010862212103241051 0.0039235762635732099 -0.0029563703593661833 0.015256486982951923 0.0078801637077220207 -0.0021264830254051721 -0.0065494045853436121 0.002219414999585936 0.0055043088380788167 -0.0082379446478176004 -0.0013375116357690385 0.0080542764381289489 0.0014327493541462647
leaf_weight=90 88 490 783 32 22 45 208 43 1471 23 20 50 24 108 56 33 35 273 23 25 26 23 208
leaf_count=90 88 490 783 32 22 45 208 43 1471 23 20 50 24 108 56 33 35 273 23 25 26 23 208
internal_value=0.00130865 0.00043214 0.00361592 0.0011126 0.0025 -0.000641537 -0.000123675 -0.00366667 -0.000771195 -0.00304878 -0.00159341 -0.000246913 -0.00214286 0.00127273 0.000588235 -0.00185484 0.000604396 0.00154088 -0.00277778 -0.000504849 -0.00378378 -0.000102041 -0.000360333
internal_weight=4199 3043 1156 373 1040 2003 283 75 1958 205 182 162 112 550 442 124 91 318 45 1753 74 49 1679
internal_count=4199 3043 1156 373 1040 2003 283 75 1958 205 182 162 112 550 442 124 91 318 45 1753 74 49 1679
cat_boundaries=0 1
cat_threshold=1
is_linear=0
shrinkage=0.05


Tree=83
num_leaves=24
num_cat=3
split_feature=0 2 2 5 5 0 5 14 5 18 11 14 14 2 5 1 5 5 36 5 5 4 10
split_gain=3.66917 2.42353 2.14628 2.14414 1.57793 1.35919 0.639243 0.622177 0.554055 0.514943 0.71334 0.593939 0.534188 0.512611 1.45135 0.813926 0.539091 0.55289 0.52775 0.509376 0.498693 0.495338 0.572109
threshold=0 2027.5000000000002 2032.5000000000002 1.0969306560913907 1.3375357467376412 1 0.46620033734366129 125177.10711749321 0.7681049980012834 1.0000000180025095e-35 0.10621153667363335 34504.457759630095 79556.969834356583 2029.5000000000002 0.8683379809646673 2 1.2994426869863489 1.2601101320002142 0.078670252342562974 0.52541672543949758 0.57324090082199908 1.0000000180025095e-35 1.0000000180025095e-35
decision_type=1 2 2 2 2 1 2 2 2 2 2 2 2 2 2 1 2 2 2 2 2 2 2
left_child=2 -2 19 5 6 20 -3 8 9 -7 12 -12 -11 14 15 -8 17 18 -15 -1 -4 -10 -23
right_child=1 4 3 -5 -6 7 13 -9 21 10 11 -13 -14 16 -16 -17 -18 -19 -20 -21 -22 22 -24
leaf_value=-0.0068199662750988953 0.028080382881280078 -0.0098342078582998472 -0.0053748248235229827 0.033286186188856003 0.009156299031392548 -0.0075476033930324486 0.00023330453025504003 0.0050701458873630284 0.00017071351323413449 0.0011734879623025833 -0.00035324093296062298 -0.014546375845982472 -0.0029797508318188631 -0.0020382450134216893 0.024751078980614707 -0.012019590482729506 -0.0014426310178226405 0.010635228758054805 0.0014969451892950043 0.14244700341704006 0.039316011906310094 -0.0072993273556362205 0.00059490505513275097
leaf_weight=42 306 39 24 389 211 24 31 89 216 52 24 20 20 1133 164 52 35 57 74 929 163 56 49
leaf_count=42 306 39 24 389 211 24 31 89 216 52 24 20 20 1133 164 52 35 57 74 929 163 56 49
internal_value=0.00122529 -0.000255682 0.00269815 0.00122558 -0.000957684 -0.000359566 -0.00149842 -0.00160714 -0.00237527 -0.005 -0.00362069 -0.00863636 -0.000555555 -0.00133894 0.000748988 -0.00463855 -0.00173595 -0.00156646 -0.0017937 0.00443357 0.00322335 -0.00123053 -0.00404762
internal_weight=4199 2102 2097 1126 1796 737 1585 550 461 140 116 44 72 1546 247 83 1299 1264 1207 971 187 321 105
internal_count=4199 2102 2097 1126 1796 737 1585 550 461 140 116 44 72 1546 247 83 1299 1264 1207 971 187 321 105
cat_boundaries=0 1 2 3
cat_threshold=166 4 2
is_linear=0
shrinkage=0.05


Tree=84
num_leaves=24
num_cat=3
split_feature=0 2 5 2 5 0 5 2 5 1 2 19 15 2 15 5 14 9 9 5 9 5 5
split_gain=3.58026 2.60307 1.77728 1.72317 2.05998 1.31163 1.19148 0.852963 0.788568 0.770077 0.795455 0.728017 1.00392 0.694444 0.684304 0.876217 0.692214 0.572 0.752663 0.556217 0.542762 0.558242 0.926383
threshold=0 2028.5000000000002 1.2252164419808278 2033.5000000000002 1.0444469704850843 1 0.8562717732649815 2034.5000000000002 0.76343305541321171 2 2037.5000000000002 1.0000000180025095e-35 120.91722485504575 2026.5000000000002 60.404382317582623 0.71654816570429147 66571.433996740641 6596.4681750646305 22378.178679275454 0.62209009350254196 638.36927651137228 1.4308953954205845 1.304185265331794
decision_type=1 2 2 2 2 1 2 2 2 1 2 2 2 2 2 2 2 2 2 2 2 2 2
left_child=3 6 11 -1 5 -5 13 -4 9 -7 -11 12 14 -2 15 -3 -16 -10 -19 -15 21 22 -9
right_child=1 2 7 4 -6 8 -8 20 17 10 -12 -13 -14 19 16 -17 -18 18 -20 -21 -22 -23 -24
leaf_value=0.14372751353480659 0.017263625062118315 -0.014822101416129607 0.041254064446295986 0.018694798997632323 0.040131044179408201 -0.00075934488096145159 0.078027587238444718 0.00036532384708451161 0.0017573930039243896 -0.0042465739774502752 -0.0091604549287686039 -0.0012703459848570613 0.0061849618557222059 -0.011220732568472315 -0.015097258205988451 -0.00047298888769411595 -0.0055022868526430598 -0.014670737394622017 0.00058261940736121446 -0.0037464729950626753 0.00052890281165608125 0.0092254706312178466 -0.0053229181975701896
leaf_weight=827 54 20 216 151 329 34 409 22 116 35 20 1390 34 24 23 78 49 38 42 84 158 22 24
leaf_count=827 54 20 216 151 329 34 409 22 116 35 20 1390 34 24 23 78 49 38 42 84 158 22 24
internal_value=0.0012372 8.97977e-05 -0.000746562 0.00309613 0.00140523 -0.000848624 0.00307356 0.00205882 -0.00279661 -0.00679775 -0.0104545 -0.00152447 -0.00431373 -0.000555555 -0.00588235 -0.00316327 -0.00958333 -0.00112245 -0.004375 -0.00287037 -8.84954e-05 -0.00382353 -0.00695652
internal_weight=4199 2607 2036 1592 765 436 571 442 285 89 55 1594 204 162 170 98 72 196 80 108 226 68 46
internal_count=4199 2607 2036 1592 765 436 571 442 285 89 55 1594 204 162 170 98 72 196 80 108 226 68 46
cat_boundaries=0 1 2 3
cat_threshold=164 4 1
is_linear=0
shrinkage=0.05


Tree=85
num_leaves=24
num_cat=2
split_feature=0 2 5 5 2 2 2 5 0 5 9 5 14 14 14 2 19 5 14 9 2 36 5
split_gain=3.49357 2.15477 1.99878 1.61016 1.767 1.14464 1.12895 1.07251 1.0158 0.728738 0.728042 0.630029 0.607574 0.671898 0.779589 0.607744 0.590204 0.751513 1.31483 0.647052 0.524439 0.642791 0.656675
threshold=0 2027.5000000000002 0.7681049980012834 1.0527453708314882 2031.5000000000002 2032.5000000000002 2028.5000000000002 1.0969306560913907 1 1.4217699221021534 1031.6042420655997 0.62209009350254196 58352.427300423915 36001.235433273709 15617.993554179864 2037.5000000000002 1.0000000180025095e-35 0.48900742528759283 41755.223369337727 10462.996979186961 2033.5000000000002 0.24418539187466351 0.62850798343534187
decision_type=1 2 2 2 2 2 2 2 1 2 2 2 2 2 2 2 2 2 2 2 2 2 2
left_child=2 11 6 20 -5 -4 -1 8 -7 -6 -10 -2 13 14 -12 -15 19 18 -18 -8 21 22 -3
right_child=1 3 5 4 9 7 16 -9 10 -11 12 -13 -14 15 -16 -17 17 -19 -20 -21 -22 -23 -24
leaf_value=0.08320698258253062 -0.0017564093455872223 -0.010668012804280541 0.19721185273452047 0.051823340741664184 -0.0011445931235183197 0.062775458967942316 -0.015514730841214852 0.029875256803673589 0.0048954345909966212 0.0083983394703219492 -0.0063666432297341223 0.041962599997872746 4.8003890092285736e-06 -0.0042470976967732789 0.01079439335590196 -0.013498032902926378 0.0014845988892556929 2.6025276202181934e-05 -0.019267759894291959 0.00046136130643954429 -0.00079683769804895675 0.0054806725445236994 -0.0054463587638536853
leaf_weight=79 31 63 786 228 476 117 31 389 135 80 21 275 141 27 41 22 26 239 22 21 527 22 400
leaf_count=79 31 63 786 228 476 117 31 389 135 80 21 275 141 27 41 22 26 239 22 21 527 22 400
internal_value=0.00126101 -0.000184659 0.00269815 -0.000846325 0.000854592 0.00348124 -0.000382775 0.00225644 0.000734127 -0.000665467 -0.000541562 0.00369281 -0.00214286 -0.00490991 -0.00145161 -0.00928571 -0.00163717 -0.000749129 -0.00645833 -0.00653846 -0.00216403 -0.00335052 -0.0037473
internal_weight=4199 2102 2097 1796 784 1679 418 893 504 556 387 306 252 111 62 49 339 287 48 52 1012 485 463
internal_count=4199 2102 2097 1796 784 1679 418 893 504 556 387 306 252 111 62 49 339 287 48 52 1012 485 463
cat_boundaries=0 1 2
cat_threshold=166 4
is_linear=0
shrinkage=0.05


Tree=86
num_leaves=24
num_cat=2
split_feature=0 2 2 5 5 5 0 2 5 19 15 15 8 4 5 14 15 15 5 2 5 9 5
split_gain=3.21197 2.29277 1.59893 1.82973 1.59549 1.34107 0.974676 0.852963 0.681088 0.578907 0.882353 0.659566 0.92128 0.7176 0.595238 0.572398 1.09352 0.56489 0.546428 0.521605 0.556217 0.501634 0.414356
threshold=0 2028.5000000000002 2033.5000000000002 0.938622391824802 1.2252164419808278 0.8562717732649815 1 2034.5000000000002 0.52541672543949758 1.0000000180025095e-35 120.91722485504575 51.145275047828697 1.0000000180025095e-35 1.0000000180025095e-35 0.91337345033287376 85976.077689391241 52.485411075247264 26.740512684119718 0.72497800467145923 2026.5000000000002 0.62209009350254196 1234.5197469367079 0.57324090082199908
decision_type=1 2 2 2 2 2 1 2 2 2 2 2 2 2 2 2 2 2 2 2 2 2 2
left_child=2 5 8 6 9 19 22 -6 -1 10 11 17 13 14 -13 16 18 -3 -8 -2 -21 -9 -4
right_child=1 4 3 -5 7 -7 15 21 -10 -11 -12 12 -14 -15 -16 -17 -18 -19 -20 20 -22 -23 -24
leaf_value=-0.0057657787448183624 0.015102769348491436 -0.0049943143134175746 -0.006567975352332789 0.017751142454504192 0.039117036452003984 0.072028077876628835 -0.0040808640916743331 -0.0014896746875273001 0.16204686867921556 -0.001150568886438313 0.0060782888737099814 -0.014738994382005358 0.0045731230702904559 -0.00060372131736046483 -0.015244319543829404 0.00019101609250071403 -0.012006074580813852 0.0021495897155195567 0.0013891066127477997 -0.010259969366986291 -0.0032868314071168819 0.00076004101907941961 0.028254559018367754
leaf_weight=34 54 46 23 463 216 409 38 78 793 1390 34 21 22 22 21 55 48 38 51 24 84 148 87
leaf_count=34 54 46 23 463 216 409 38 78 793 1390 34 21 22 22 21 55 48 38 51 24 84 148 87
internal_value=0.00127292 0.000185327 0.00303371 0.00140523 -0.000599214 0.00298599 -0.00162252 0.00205882 0.00457678 -0.00133626 -0.00382353 -0.00529412 -0.00837209 -0.0114062 -0.0152381 -0.00366337 -0.00558394 -0.00214286 -0.00230337 -0.000864197 -0.00287037 -8.84954e-05 0.00208333
internal_weight=4199 2607 1592 765 2036 571 302 442 827 1594 204 170 86 64 42 192 137 84 89 162 108 226 110
internal_count=4199 2607 1592 765 2036 571 302 442 827 1594 204 170 86 64 42 192 137 84 89 162 108 226 110
cat_boundaries=0 1 2
cat_threshold=164 4
is_linear=0
shrinkage=0.05


Tree=87
num_leaves=24
num_cat=1
split_feature=5 2 2 5 14 5 4 20 14 5 14 15 5 9 1 18 14 9 9 3 7 5 11
split_gain=2.97478 2.00395 1.85672 0.631803 0.561984 0.508007 0.483399 0.812076 0.505793 0.785071 0.419065 0.753472 0.395322 0.357782 0.79268 0.903478 0.618497 0.617972 0.559173 0.605084 0.430421 0.403202 0.568182
threshold=1.0527453708314882 2033.5000000000002 2027.5000000000002 0.42540951297941754 41755.223369337727 1.3246791633457937 1.0000000180025095e-35 1.0000000180025095e-35 100102.98219758781 1.1606751215755724 29574.092071284296 30.123502613179962 0.62850798343534187 5110.8852315871436 0 1.0000000180025095e-35 100951.93210146495 9586.3725881875816 48337.525051192475 1.0000000180025095e-35 1.0000000180025095e-35 1.0205400194928897 0.9984092495684993
decision_type=2 2 2 2 2 2 2 2 2 2 2 2 2 2 1 2 2 2 2 2 2 2 2
left_child=2 -2 12 4 -4 6 -3 -8 -9 -10 11 -7 -1 20 15 -15 -16 -18 -19 -20 21 -5 -23
right_child=1 5 3 13 -6 10 7 8 9 -11 -12 -13 -14 14 16 -17 17 18 19 -21 -22 22 -24
leaf_value=0.00039041254275940261 0.056570523659560168 0.00085821765960724002 0.0011850063726053846 -0.00015127246530107091 -0.01300992242892459 0.023346399920595434 -0.0068128723474697537 0.0020577688326098033 -0.0097257599183980803 0.0030126936627518468 0.0097432692653585534 -0.0060223623912366514 0.039669915609373628 -0.01131953792178661 -0.0013517152680537874 0.0017825693062274415 -0.0098518235565030234 0.0018168768156686965 -0.0084603616600726194 0.012064669027899501 0.0015841031518483751 -0.016668427589923551 0.0040609747118067595
leaf_weight=57 962 401 30 506 39 31 27 121 25 27 182 32 285 35 464 261 23 60 43 21 523 22 22
leaf_count=57 962 401 30 506 39 31 27 121 25 27 182 32 285 35 464 261 23 60 43 21 523 22 22
internal_value=0.00128483 0.00281527 0.000127562 -0.000441679 -0.00514493 0.00104019 0.000257904 -0.00175 -0.000491329 -0.00461538 0.00295918 -0.000555555 0.00353801 -0.000277778 -0.00100882 0.00111487 -0.00203764 -0.00486395 -0.00346774 -0.00671875 0.000340168 -0.000636363 -0.00522727
internal_weight=4199 1808 2391 2049 69 846 601 200 173 52 245 63 342 1980 907 296 611 147 124 64 1073 550 44
internal_count=4199 1808 2391 2049 69 846 601 200 173 52 245 63 342 1980 907 296 611 147 124 64 1073 550 44
cat_boundaries=0 1
cat_threshold=2
is_linear=0
shrinkage=0.05


Tree=88
num_leaves=24
num_cat=2
split_feature=0 2 5 0 5 2 15 15 5 2 14 5 5 9 14 14 15 15 14 14 18 14 14
split_gain=3.48163 3.03429 3.10104 1.97654 0.937386 0.981491 0.882305 0.872883 1.1994 1.08302 1.06673 1.00513 1.47 0.53268 0.48 0.468788 0.742035 0.662879 0.857143 0.584669 0.433567 0.575163 0.864865
threshold=0 2030.5000000000002 1.1016024789624379 1 0.71654816570429147 2028.5000000000002 148.87710566529532 124.1313214903894 0.62850798343534187 2027.5000000000002 36795.514088495845 0.72497800467145923 1.1204980527582669 45704.666569407585 127877.92950989387 16434.96028759101 30.123502613179962 44.092760030381612 7070.3627258293573 28076.068466946304 1.0000000180025095e-35 127877.92950989387 116883.74879768702
decision_type=1 2 2 1 2 2 2 2 2 2 2 2 2 2 2 2 2 2 2 2 2 2 2
left_child=6 4 3 -3 5 -2 7 8 10 -10 -1 -9 14 -11 -13 16 -5 18 -18 -17 -21 22 -22
right_child=1 2 -4 15 -6 -7 -8 11 9 13 -12 12 -14 -15 -16 19 17 -19 -20 20 21 -23 -24
leaf_value=-0.0063782921682979284 0.057333149117440856 0.026895601158127593 0.024764367547160809 -0.00030516115097793911 0.17310318959540022 -0.0097775809700954511 0.0011056058655834096 0.0011614406728869783 0.01881481813326458 -0.00096877443484627362 -0.0016176956685900173 -0.024102151024802607 0.0012349963414879375 0.0060312523494738396 -0.010255301310048122 0.0031456303466958846 -0.0027365651963337611 -0.00034625398629389625 -0.016536674122283719 -0.0036885542801153659 -0.0018770503857170968 0.0036519298094805836 -0.0066585859570871308
leaf_weight=27 89 226 739 79 891 58 105 24 105 656 35 20 30 31 30 116 21 24 21 107 555 165 45
leaf_count=27 89 226 739 79 891 58 105 24 105 656 35 20 30 31 30 116 21 24 21 107 555 165 45
internal_value=0.00122529 0.00205976 0.000972355 -0.00044518 0.00427746 0.000578231 -0.00124417 -0.00173278 -0.00120609 -0.000681818 -0.00790323 -0.00605769 -0.00875 -0.00140466 -0.014 -0.00129921 -0.00396552 -0.00787879 -0.0116667 -0.000921052 -0.00136468 -0.000947712 -0.00166667
internal_weight=4199 3136 2098 1359 1038 147 1063 958 854 792 62 104 80 687 50 1133 145 66 42 988 872 765 600
internal_count=4199 3136 2098 1359 1038 147 1063 958 854 792 62 104 80 687 50 1133 145 66 42 988 872 765 600
cat_boundaries=0 1 2
cat_threshold=72 4
is_linear=0
shrinkage=0.05


Tree=89
num_leaves=24
num_cat=4
split_feature=0 2 2 0 14 0 2 19 1 15 15 9 9 9 2 14 15 15 14 15 15 36 9
split_gain=3.06252 1.99818 1.829 1.13127 0.742908 0.70413 0.751849 0.71561 0.833173 0.685803 1.02554 0.530317 0.530315 1.03585 0.508929 0.660326 0.507928 0.816667 0.482759 0.455014 0.794632 0.494327 0.400768
threshold=0 2027.5000000000002 2032.5000000000002 1 127877.92950989387 2 2029.5000000000002 1.0000000180025095e-35 3 147.82619783045143 126.42692486186748 45704.666569407585 16450.447644362092 23106.228101876706 2034.5000000000002 127877.92950989387 25.012291305676673 68.588865131656689 177598.3714906082 77.527656457376409 71.878914258797877 1.4961356106906947 73984.525224929384
decision_type=1 2 2 1 2 1 2 2 1 2 2 2 2 2 2 2 2 2 2 2 2 2 2
left_child=2 -2 -1 -4 12 6 -3 8 -8 10 11 19 -5 -14 15 -12 -10 -18 -11 20 21 -7 -9
right_child=1 5 3 4 -6 9 7 22 16 18 14 -13 13 -15 -16 -17 17 -19 -20 -21 -22 -23 -24
leaf_value=0.15769421499165839 0.029689134169650418 0.058339208202011175 0.030451624848826065 4.0516245719259165e-05 0.0093296002861523088 -0.0019748291894905617 0.0011170946452204299 0.00074817711360041959 -0.012878202918886708 0.0051317058696086233 -0.022160951838752184 0.0057296897320001459 -0.016649205986072831 -0.00064393878756402283 -0.00052472638098599058 -0.0058561781307735396 0.013809294226320219 -0.0099660023822081382 -0.0011985311718452412 0.00010487020681355384 -0.014238496779467917 0.0056479158009720854 -0.0029686450498906062
leaf_weight=746 372 221 287 377 97 455 54 934 22 63 23 31 21 64 28 25 24 40 24 203 29 24 35
leaf_count=746 372 221 287 377 97 455 54 934 22 63 23 31 21 64 28 25 24 40 24 203 29 24 35
internal_value=0.00118957 0.000128009 0.00290886 0.0013357 -8.78716e-06 -0.000436241 0.000298508 -0.000229937 -0.00357143 -0.00150273 -0.00196821 -0.00140162 -0.000844156 -0.00441176 -0.0075 -0.010625 -0.00662791 -0.004375 0.00270115 -0.00168073 -0.00248031 -0.00199374 0.000252838
internal_weight=4199 2607 1592 846 559 2235 1330 1109 140 905 818 742 462 85 76 48 86 64 87 711 508 479 969
internal_count=4199 2607 1592 846 559 2235 1330 1109 140 905 818 742 462 85 76 48 86 64 87 711 508 479 969
cat_boundaries=0 1 2 3 4
cat_threshold=164 4 19 2
is_linear=0
shrinkage=0.05


Tree=90
num_leaves=24
num_cat=1
split_feature=5 2 5 2 5 2 5 36 9 2 5 19 1 5 14 5 5 9 9 5 15 15 19
split_gain=2.78777 2.06247 1.33562 1.31481 0.544787 0.622241 0.526777 0.464443 0.429584 0.480006 0.415434 0.354869 0.333497 0.338468 0.327944 0.58983 0.304321 0.288544 0.595571 0.696029 0.57391 0.985713 0.329921
threshold=1.1498103798023716 2029.5000000000002 0.73058996066088322 2033.5000000000002 0.40013708798615666 2034.5000000000002 1.3246791633457937 0.11978484255304624 24222.984172534485 2028.5000000000002 1.304185265331794 1.0000000180025095e-35 0 0.62850798343534187 25894.196276986095 1.4217699221021534 0.89631661730230283 89948.417117842269 71271.251640982737 0.8899652155658534 147.82619783045143 143.53659440916439 1.0000000180025095e-35
decision_type=2 2 2 2 2 2 2 2 2 2 2 2 1 2 2 2 2 2 2 2 2 2 2
left_child=1 2 8 -2 5 -3 10 17 9 12 11 -5 13 -1 15 -8 -4 18 20 -20 21 22 -6
right_child=3 4 16 6 7 -7 14 -9 -10 -11 -12 -13 -14 -15 -16 -17 -18 -19 19 -21 -22 -23 -24
leaf_value=-0.0095255784593564173 0.070790797085461238 -0.0052939259600228977 0.0099568630388816009 -0.0034442019224055105 -0.0028967427226161114 0.00047025223348568342 -0.005936186406376511 0.0022307200030631477 0.023377796871968573 -0.011673595567545474 -0.00099552504989742271 0.002128763791960421 0.0022432386638888647 0.017797492351024267 0.0092464623642172263 0.024812254215676385 0.048974372454077153 0.0069484500942036467 -0.0050999583497065154 -0.00010025767534844379 0.0030525721198460328 -0.0068708753500305005 -0.00042243560329918771
leaf_weight=22 681 20 223 40 232 26 30 137 36 36 28 270 68 21 186 29 406 23 23 33 131 26 1472
leaf_count=22 681 20 223 40 232 26 30 137 36 36 28 270 68 21 186 29 406 23 23 33 131 26 1472
internal_value=0.00117766 0.000332198 0.00247537 0.00314082 -0.000487517 -0.00586956 0.00139794 -0.000368319 -0.00128415 -0.00248299 0.000118343 0.000645161 -0.000855856 -0.00430233 0.00316327 -8.47456e-05 0.00356916 -0.00056701 -0.000633803 -0.00571429 -0.000480924 -0.000722543 -0.000575117
internal_weight=4199 2935 812 1264 2123 46 583 2077 183 147 338 310 111 43 245 59 629 1940 1917 56 1861 1730 1704
internal_count=4199 2935 812 1264 2123 46 583 2077 183 147 338 310 111 43 245 59 629 1940 1917 56 1861 1730 1704
cat_boundaries=0 1
cat_threshold=1
is_linear=0
shrinkage=0.05


Tree=91
num_leaves=24
num_cat=2
split_feature=0 2 5 0 5 2 36 7 8 4 5 2 15 5 2 2 9 11 15 5 11 16 14
split_gain=3.21835 3.11961 2.88302 2.2813 0.865579 0.981491 0.676874 0.636159 1.3813 0.883262 1.15661 0.792276 0.591201 0.694538 1.50032 1.40834 1.90645 1.2749 1.15925 0.751533 0.729327 1.10612 0.625
threshold=0 2030.5000000000002 1.2517530936697006 1 0.71654816570429147 2028.5000000000002 1.0000000180025095e-35 2.5000000000000004 1.5000000000000002 1.0000000180025095e-35 1.0758755085164153 2026.5000000000002 114.07011094534455 0.7376789738161762 2033.5000000000002 2033.5000000000002 14974.633350596952 0.0064164262448087751 104.51569050480074 0.86008392305335724 0.053761803535250861 1.756416666666667 48310.708068592714
decision_type=1 2 2 1 2 2 2 2 2 2 2 2 2 2 2 2 2 2 2 2 2 2 2
left_child=7 4 3 -3 5 -2 12 11 9 10 -9 -1 13 15 19 16 17 -5 -16 22 -17 -22 -15
right_child=1 2 -4 6 -6 -7 -8 8 -10 -11 -12 -13 -14 14 18 20 -18 -19 -20 -21 21 -23 -24
leaf_value=0.021205733875783787 0.050788093652121273 0.029437598329292054 0.047819574389545344 0.0076326312648229023 0.15999918572896027 -0.011340400907245078 0.0044118655629089469 -0.0067118118871036976 0.0019014232961943442 -0.006225406649159662 0.0041536414601513099 -0.00083236454708752918 0.00086695093734719055 0.0059867069705371867 -0.0021168104254997498 0.0018634867607484409 -0.020898432359941363 -0.017352788578697625 -0.0091220980255867067 0.034627657552809978 -0.00044582150027401221 -0.0037646334625544408 -0.012461128926708174
leaf_weight=56 89 294 378 22 891 58 113 60 50 35 32 830 311 20 526 80 25 36 42 174 37 20 20
leaf_count=56 89 294 378 22 891 58 113 60 50 35 32 830 311 20 526 80 25 36 42 174 37 20 20
internal_value=0.0010824 0.00188493 0.000781697 -8.72091e-05 0.00413295 0.000578231 -0.00091922 -0.00129077 -0.00403955 -0.00681102 -0.00423913 -0.000756207 -0.00124524 -0.00183633 -0.00113811 -0.00431818 -0.00945783 -0.00448276 -0.00248239 0.00242991 -0.00120438 -0.00552632 -0.00375
internal_weight=4199 3136 2098 1720 1038 147 1426 1063 177 127 92 886 1313 1002 782 220 83 58 568 214 137 57 40
internal_count=4199 3136 2098 1720 1038 147 1426 1063 177 127 92 886 1313 1002 782 220 83 58 568 214 137 57 40
cat_boundaries=0 1 2
cat_threshold=72 4
is_linear=0
shrinkage=0.05


Tree=92
num_leaves=24
num_cat=2
split_feature=0 5 0 5 5 20 9 5 16 5 14 5 7 9 15 5 14 9 14 15 14 10 10
split_gain=3.06118 2.51109 1.76006 0.928778 0.75889 0.565163 0.634935 0.48537 0.463852 0.511457 0.472113 0.664705 0.429479 0.800303 1.50494 0.750302 0.546257 0.533958 0.389145 0.381394 0.381388 0.37108 0.54808
threshold=0 1.1016024789624379 1 0.46620033734366129 0.76343305541321171 1.0000000180025095e-35 20717.736914900506 1.2758260264362959 1.0000000180025095e-35 1.0503106425183286 29574.092071284296 1.3071767882018717 1.5000000000000002 11328.807924415096 93.947874581071915 0.81306325873261354 121568.2744900103 2049.9596770067506 40285.991570939485 50.088571606573716 59653.752615219921 2.5000000000000004 1.5000000000000002
decision_type=1 2 1 2 2 2 2 2 2 2 2 2 2 2 2 2 2 2 2 2 2 2 2
left_child=3 2 -2 -1 21 6 -5 -3 -7 12 11 -11 15 -14 -15 -10 17 18 -17 -12 -19 22 -4
right_child=1 7 4 5 -6 8 -8 -9 9 10 19 -13 13 14 -16 16 -18 20 -20 -21 -22 -23 -24
leaf_value=-0.003959340988173049 0.032178149768914532 0.022851085745151326 -0.0022715059275822129 -0.0029112800019142145 0.0017882079287696994 0.00091561548867194345 0.0019400507683551154 0.06207328215702651 0.00087466166067741598 0.00014664330833706209 0.0049696354440128473 -0.0058510378936041264 -0.0017336108942818498 -0.011706212683785348 -0.00051166008385168692 -0.00031594943429323033 -0.013739825910384779 -0.010038967668215886 -0.01605325719127745 0.00038983796051771178 0.0027823755818043756 0.0063026327610120232 -0.0067297016300691724
leaf_weight=21 343 617 397 93 1171 114 32 506 117 58 56 23 86 23 34 38 32 30 32 228 46 34 68
leaf_count=21 343 617 397 93 1171 114 32 506 117 58 56 23 86 23 34 38 32 30 32 228 46 34 68
internal_value=0.00107049 0.00185315 0.000802285 -0.00124417 0.000119048 -0.00104607 -0.0042 0.00375334 -0.000616139 -0.00103985 0.000342466 -0.00302469 -0.00219178 -0.00444056 -0.00903509 -0.00110169 -0.00314607 -0.00184931 -0.005 0.00130282 0.00105263 -0.00151303 -0.00188172
internal_weight=4199 3136 2013 1063 1670 1042 125 1123 917 803 365 81 438 143 57 295 178 146 70 284 76 499 465
internal_count=4199 3136 2013 1063 1670 1042 125 1123 917 803 365 81 438 143 57 295 178 146 70 284 76 499 465
cat_boundaries=0 1 2
cat_threshold=72 4
is_linear=0
shrinkage=0.05


Tree=93
num_leaves=24
num_cat=3
split_feature=0 5 5 2 2 5 0 5 2 2 9 9 9 15 11 11 9 15 3 5 2 5 1
split_gain=2.74357 1.80618 1.72823 1.59034 1.53826 1.26145 1.24059 1.4341 1.17391 1.05723 0.726756 1.39245 0.687751 0.793651 0.610107 1.04463 0.478139 0.435604 0.511539 0.557543 0.564931 0.681631 0.714152
threshold=0 1.2517530936697006 0.60620533040346569 2027.5000000000002 2034.5000000000002 0.62850798343534187 1 1.1543510596373601 2030.5000000000002 2034.5000000000002 6596.4681750646305 31015.127646663295 5973.9972786021053 60.810578974456057 1.1421704792590448 1.052556423315949 749.72640392734081 10.561263651809165 1.0000000180025095e-35 0.96426533895968825 2033.5000000000002 0.86008392305335724 2
decision_type=1 2 2 2 2 2 1 2 2 2 2 2 2 2 2 2 2 2 2 2 2 2 1
left_child=2 3 8 5 -4 -2 -6 10 -1 -3 -8 -12 13 16 15 17 -10 -5 -19 20 21 22 -20
right_child=1 9 4 14 6 -7 7 -9 12 -11 11 -13 -14 -15 -16 -17 -18 18 19 -21 -22 -23 -24
leaf_value=0.057939936738669498 -0.002199302613599166 0.045139588746206889 0.11180089976802002 -0.0087287111623737933 0.041917208816190377 0.032690393451237636 -0.00014484453096430937 0.034247365988302865 -0.0057661648583760185 -0.00011923528360397228 -0.010388805181548 0.0064656587802192737 -0.017344903585069207 0.0024769576901249959 0.0010854142432619313 -0.0057836689049843449 -0.0004099096665002078 -0.0017796100423710191 -0.014451891597772224 0.0018158623364158352 0.0012288651268802329 0.0018295111696700176 -0.0052716081955762051
leaf_weight=46 37 301 862 34 206 263 166 118 20 185 61 41 29 21 93 24 22 1162 50 215 158 44 41
leaf_count=46 37 301 862 34 206 263 166 118 20 185 61 41 29 21 93 24 22 1162 50 215 158 44 41
internal_value=0.00109431 8.97977e-05 0.0027216 -0.000539839 0.00324622 0.00283333 0.00128378 -0.000429293 -0.0026087 0.00283951 -0.00246269 -0.00578431 -0.00586956 -0.00293651 -0.00109555 -0.00130787 -0.00690476 -0.00116197 -0.0010479 0.000275591 -0.00114334 -0.00351852 -0.00598901
internal_weight=4199 2607 1592 2121 1454 300 592 386 138 486 268 102 92 63 1821 1728 42 1704 1670 508 293 135 91
internal_count=4199 2607 1592 2121 1454 300 592 386 138 486 268 102 92 63 1821 1728 42 1704 1670 508 293 135 91
cat_boundaries=0 1 2 3
cat_threshold=164 4 1
is_linear=0
shrinkage=0.05


Tree=94
num_leaves=24
num_cat=2
split_feature=0 2 0 19 2 15 9 15 17 15 15 15 9 3 20 4 2 2 16 2 15 15 11
split_gain=2.58675 3.19986 1.77429 0.542271 0.642956 0.616088 0.438958 0.416419 0.550802 0.539806 0.336566 0.58554 0.659835 0.567476 0.567363 1.16326 0.377759 0.44465 0.549464 0.32699 0.322884 0.395312 0.362579
threshold=0 2029.5000000000002 1 1.0000000180025095e-35 2032.5000000000002 128.49217732251182 73984.525224929384 22.107445330116295 74.884166666666673 68.588865131656689 148.87710566529532 130.62896412211828 27912.41317200923 1.0000000180025095e-35 1.0000000180025095e-35 1.0000000180025095e-35 2027.5000000000002 2033.5000000000002 3.485125 2038.5000000000002 111.8084303743138 23.880185662864822 0.47248444076332463
decision_type=1 2 1 2 2 2 2 2 2 2 2 2 2 2 2 2 2 2 2 2 2 2 2
left_child=10 -2 -3 5 -5 7 20 -4 19 -10 11 12 14 -13 15 -1 -16 18 -18 -9 21 22 -6
right_child=1 2 3 4 6 -7 -8 8 9 -11 -12 13 -14 -15 16 -17 17 -19 -20 -21 -22 -23 -24
leaf_value=-0.00011193865413488146 0.11699494492790236 0.033601424482503993 -0.013092132907364832 0.01359761398211695 -7.4209449087210392e-05 0.013074866743877284 -0.0045065035692612729 -0.0025968979198069415 -0.0003973727515547497 -0.010929669457778825 0.0007379314133629521 -0.013404013019147468 0.0020959434309743884 0.00053728000193273284 0.009309413577717255 -0.0069417529016268121 -0.0024064436458259247 -0.00015579910833202746 -0.01079641239209801 0.010780910115161269 0.003779138631377528 -0.00076526247676857303 0.0050100338443406917
leaf_weight=62 847 393 20 430 66 39 39 83 37 32 105 52 85 24 99 39 237 323 37 24 246 817 63
leaf_count=62 847 393 20 430 66 39 39 83 37 32 105 52 85 24 99 39 237 323 37 24 246 817 63
internal_value=0.00111812 0.00183725 0.00087156 0.000225604 0.000544853 -0.00202128 -3.65555e-05 -0.00316327 -0.00238636 -0.00586956 -0.00101118 -0.00131524 -0.000952381 -0.00552632 -0.001399 -0.00490099 -0.000890804 -0.00136516 -0.00284672 -0.000140187 0.000134228 -0.000285412 0.00228682
internal_weight=4199 3136 2289 1896 1661 235 1231 196 176 69 1063 958 882 76 797 101 696 597 274 107 1192 946 129
internal_count=4199 3136 2289 1896 1661 235 1231 196 176 69 1063 958 882 76 797 101 696 597 274 107 1192 946 129
cat_boundaries=0 1 2
cat_threshold=72 4
is_linear=0
shrinkage=0.05


Tree=95
num_leaves=24
num_cat=5
split_feature=5 2 0 0 5 2 16 0 5 2 5 5 2 2 2 0 0 2 9 9 16 2 10
split_gain=2.79048 2.65522 2.04699 1.05817 2.06791 1.13993 1.14664 0.93583 0.933273 0.67464 0.6629 0.575577 0.746665 0.513431 0.670085 0.777034 0.698036 0.696993 0.699699 0.94349 0.590579 0.589286 0.725109
threshold=0.8683379809646673 2031.5000000000002 0 1 1.0444469704850843 2027.5000000000002 1.756416666666667 2 0.42540951297941754 2033.5000000000002 1.4217699221021534 1.1498103798023716 2035.5000000000002 2027.5000000000002 2034.5000000000002 3 4 2031.5000000000002 23106.228101876706 7499.9725693362752 2.1729166666666671 2031.5000000000002 1.5000000000000002
decision_type=2 2 1 1 2 2 2 1 2 2 2 2 2 2 2 1 1 2 2 2 2 2 2
left_child=7 3 11 4 5 -2 -7 -1 9 -9 -4 12 -3 -10 16 -16 21 18 19 -18 -19 -15 -23
right_child=1 2 10 -5 -6 6 -8 8 13 -11 -12 -13 -14 14 15 -17 17 20 -20 -21 -22 22 -24
leaf_value=0.012251355903042403 0.029781455663754328 0.021099211450262462 -0.00071918700204970268 0.17095184591607993 0.038600994490967683 -0.0067528690907345361 -0.010722277790089347 -0.024219130773672156 0.0059938367092029279 -0.00075818478011569607 0.0082424960856848709 0.070469225074791406 2.2059984866519557e-06 0.0011867258305610336 -0.00087118715573850612 0.001221030566786273 -0.012073416925978303 -0.0060936057180413557 0.0038807530508194682 -0.023302207518307305 0.001975192183178509 -0.00099940810352450366 -0.0093775345749465451
leaf_weight=178 33 157 948 851 184 49 26 32 156 35 95 295 224 168 227 189 70 73 28 24 25 107 25
leaf_count=178 33 157 948 851 184 49 26 32 156 35 95 295 224 168 227 189 70 73 28 24 25 107 25
internal_value=0.00120148 0.00208246 0.000840605 0.00395013 0.00119205 -0.00425926 -0.00766667 -0.000684368 -0.00120188 -0.0069403 -0.000555555 0.00295918 0.00171916 -0.000860806 -0.00130342 0.000192308 -0.0025 -0.00456522 -0.00729508 -0.0093617 -0.00163265 -0.000806451 -0.00333333
internal_weight=4199 2862 1719 1143 292 108 75 1337 1159 67 1043 676 381 1092 936 416 520 220 122 94 98 300 132
internal_count=4199 2862 1719 1143 292 108 75 1337 1159 67 1043 676 381 1092 936 416 520 220 122 94 98 300 132
cat_boundaries=0 1 2 3 4 5
cat_threshold=164 72 4 225 225
is_linear=0
shrinkage=0.05


Tree=96
num_leaves=24
num_cat=6
split_feature=5 2 0 0 5 2 16 0 5 2 0 5 14 9 3 5 2 2 2 0 0 2 14
split_gain=2.5398 2.67992 2.01817 1.02343 2.06791 1.13993 1.14664 0.752125 0.74309 0.586339 0.817372 1.12938 0.559601 1.34871 0.599113 0.550684 0.481077 0.478632 0.682105 0.701115 0.617853 0.828255 0.814818
threshold=0.8683379809646673 2031.5000000000002 0 1 1.0444469704850843 2027.5000000000002 1.756416666666667 2 0.42540951297941754 2034.5000000000002 3 1.1912409331906684 60263.260917315893 6596.4681750646305 1.0000000180025095e-35 1.5300513205035833 2033.5000000000002 2027.5000000000002 2034.5000000000002 4 5 2031.5000000000002 20934.461032918207
decision_type=2 2 1 1 2 2 2 1 2 2 1 2 2 2 2 2 2 2 2 1 1 2 2
left_child=7 3 9 4 5 -2 -7 -1 16 -3 -11 12 13 14 -12 -4 -9 -10 20 -20 22 -22 -19
right_child=1 2 15 -5 -6 6 -8 8 17 10 11 -13 -14 -15 -16 -17 -18 18 19 -21 21 -23 -24
leaf_value=0.011638788107890295 0.028292382880566642 0.077711615217355895 -0.00061638482803154241 0.16240425362027588 0.036670944766419307 -0.0064152256361978289 -0.010186163900584895 -0.023008174234988545 0.0056941448737428029 0.083518460394621505 0.0031695957185958776 0.046034838310760232 0.0041673703066747786 -0.012918447228272423 -0.0055768237437018829 0.033298194189226311 -0.00072027554110990052 -0.0084650750673890864 -0.00082762779795160198 0.0011599790384469641 -0.013074505146176661 -0.0024614125462997052 0.00061732421912395448
leaf_weight=178 33 227 1001 851 184 49 26 32 156 154 62 102 87 22 22 42 35 46 227 189 122 98 254
leaf_count=178 33 227 1001 851 184 49 26 32 156 154 62 102 87 22 22 42 35 46 227 189 122 98 254
internal_value=0.00118957 0.00203005 0.000782432 0.00390639 0.00119205 -0.00425926 -0.00766667 -0.000609573 -0.00107357 0.0028863 0.00188196 0.000245902 -0.00199482 -0.00443396 -0.00154762 -0.000603039 -0.00619403 -0.000769231 -0.00119658 0.0003125 -0.00240385 -0.00434783 -0.000806451
internal_weight=4199 2862 1719 1143 292 108 75 1337 1159 676 449 295 193 106 84 1043 67 1092 936 416 520 220 300
internal_count=4199 2862 1719 1143 292 108 75 1337 1159 676 449 295 193 106 84 1043 67 1092 936 416 520 220 300
cat_boundaries=0 1 2 3 4 5 6
cat_threshold=164 72 4 4 225 225
is_linear=0
shrinkage=0.05


Tree=97
num_leaves=24
num_cat=3
split_feature=2 5 0 0 5 5 16 0 14 2 5 2 36 14 14 9 5 14 2 7 14 14 14
split_gain=2.41626 2.44273 2.71746 1.72582 1.23442 1.20789 1.13243 0.695923 0.762027 0.688893 0.625103 0.48285 0.33783 0.410111 0.589269 0.527399 0.910422 0.402051 0.390232 0.383971 0.337172 0.726316 0.501462
threshold=2030.5000000000002 0.91337345033287376 0 1 0.64827296193767847 1.3246791633457937 1.4758333333333338 2 29990.947335234971 2027.5000000000002 0.80864045418109476 2036.5000000000002 1.7314830502684313 18016.10850161799 31163.894493165859 6596.4681750646305 0.70059082524422223 10511.49437431208 2032.5000000000002 2.5000000000000004 106562.34762973191 71939.340859058619 38805.750356553144
decision_type=2 2 1 1 2 2 2 1 2 2 2 2 2 2 2 2 2 2 2 2 2 2 2
left_child=1 2 -1 10 6 12 -4 8 -7 -6 -2 -10 13 15 -15 16 -5 -17 -18 -20 21 22 -11
right_child=3 -3 4 5 9 7 -8 -9 11 20 -12 -13 -14 14 -16 17 18 -19 19 -21 -22 -23 -24
leaf_value=0.060689053043927223 0.0042107430040720789 0.065500822992716826 0.00079712256855670675 -0.0055432688285854508 0.0038890334057065596 -0.0054055902438883367 -0.012429157587996134 0.05493143145623737 0.0078049825729767071 -0.0096627696892562179 0.089259458253030791 -0.00065602840908730907 0.0034104759314032389 0.00087451781435601166 -0.00066231742137245076 -0.0027841408774998693 0.0064697231856960524 -0.012022839495998354 -0.00069363496576251558 0.0050337346134625427 -0.011105789317726376 0.0056030695206859488 -0.013081024248410043
leaf_weight=262 95 894 20 37 81 35 41 181 58 36 261 33 44 248 1558 26 33 24 136 23 29 23 21
leaf_count=262 95 894 20 37 81 35 41 181 58 36 261 33 44 248 1558 26 33 24 136 23 29 23 21
internal_value=0.00128483 0.00297441 0.000224172 0.000433381 -0.00342912 -4.90595e-05 -0.0097541 0.00288274 -0.000147059 -0.00157895 0.00363388 0.00225275 -0.000472052 -0.000563549 -0.000287929 -0.00234767 -0.00133188 -0.007 5.20835e-05 -0.000974843 -0.00417431 -0.0025 -0.00552632
internal_weight=4199 1407 513 2792 251 2436 61 307 126 190 356 91 2129 2085 1806 279 229 50 192 159 109 80 57
internal_count=4199 1407 513 2792 251 2436 61 307 126 190 356 91 2129 2085 1806 279 229 50 192 159 109 80 57
cat_boundaries=0 1 2 3
cat_threshold=165 4 88
is_linear=0
shrinkage=0.05


Tree=98
num_leaves=24
num_cat=2
split_feature=0 2 5 2 5 5 0 5 5 2 15 14 5 14 14 2 2 11 2 5 2 5 4
split_gain=2.43134 2.0299 1.87933 1.71514 1.12278 1.01185 0.676103 0.949011 0.657526 0.604521 0.646047 1.08566 0.67972 0.599999 1.00511 0.577664 0.524859 0.510584 0.484596 1.94955 1.49965 0.836007 1.08345
threshold=0 2033.5000000000002 0.83891891611053782 2027.5000000000002 1.3429576197623241 0.62850798343534187 1 1.1912409331906684 0.52541672543949758 2037.5000000000002 26.740512684119718 41184.994619061887 0.72497800467145923 52038.968929972791 91955.043918078358 2034.5000000000002 2034.5000000000002 1.204791514178712 2033.5000000000002 1.0687437210359148 2031.5000000000002 1.0871140789853733 1.0000000180025095e-35
decision_type=1 2 2 2 2 2 1 2 2 2 2 2 2 2 2 2 2 2 2 2 2 2 2
left_child=1 8 9 5 17 -2 -4 16 -1 10 -3 -12 -13 -11 -15 -6 -8 18 19 -5 -21 -20 -23
right_child=3 2 6 4 15 -7 7 -9 -10 13 11 12 -14 14 -16 -17 -18 -19 21 20 -22 22 -24
leaf_value=-0.012251919991132796 -0.0016766743638871346 0.0009758412958029007 0.073077532173932161 -0.0070655899813069287 0.043399427919846183 0.034665093340870368 0.019771012665799684 0.054494958703467461 0.13174487343898175 0.0026573104967040906 -0.0092507491768419568 0.00054115018953945239 -0.010380168441926753 -0.010552801475701463 0.0048735647547294876 0.0002561966790718873 -0.0019373252294949744 0.0011241884368767753 0.00033364235698626904 0.034513562033981558 -0.0036972505782001024 8.7884717583469524e-06 -0.0046159728709148284
leaf_weight=34 37 27 189 577 140 335 34 125 793 46 26 40 26 20 23 115 209 95 716 190 94 203 105
leaf_count=34 37 27 189 577 140 335 34 125 793 46 26 40 26 20 23 115 209 95 716 190 94 203 105
internal_value=0.00118957 0.0027216 0.000882353 0.000242644 -0.000279642 0.0033871 0.00239677 0.00103175 0.00445586 -0.00317308 -0.0055042 -0.0075 -0.00409091 -5.61796e-05 -0.00430233 0.00284314 -0.000761317 -0.000681818 -0.000862069 -0.00173635 0.00165493 -0.000126953 -0.00230519
internal_weight=4199 1592 765 2607 2235 372 557 368 827 208 119 92 66 89 43 255 243 1980 1885 861 284 1024 308
internal_count=4199 1592 765 2607 2235 372 557 368 827 208 119 92 66 89 43 255 243 1980 1885 861 284 1024 308
cat_boundaries=0 1 2
cat_threshold=164 4
is_linear=0
shrinkage=0.05


Tree=99
num_leaves=24
num_cat=2
split_feature=0 5 0 5 5 9 5 15 5 5 5 9 14 5 14 11 5 11 8 11 36 15 15
split_gain=2.61637 1.85793 0.919536 0.554968 0.471787 0.616283 0.452034 0.807444 0.687408 1.27023 0.42234 0.397576 0.365495 0.36112 0.383269 0.657522 0.557724 0.329651 0.630533 0.787555 0.841155 0.780188 0.892787
threshold=0 1.1016024789624379 1 1.5300513205035833 0.86008392305335724 59920.262568721722 0.73459936002505744 40.878179986288366 0.65500856664796159 0.53101761050589735 0.6732881902594493 5687.5684164922759 5539.9792550111761 1.0871140789853733 18016.10850161799 0.21267961278353706 0.95417278502810365 0.080905522735194371 1.0000000180025095e-35 1.0009888829015698 0.2850619798478029 52.065000166143669 31.635187667559883
decision_type=1 2 1 2 2 2 2 2 2 2 2 2 2 2 2 2 2 2 2 2 2 2 2
left_child=3 2 -2 6 5 12 7 8 9 -1 -9 -12 -4 14 15 16 -6 -8 19 20 21 22 -19
right_child=1 -3 4 -5 13 -7 17 10 -10 -11 11 -13 -14 -15 -16 -17 -18 18 -20 -21 -22 -23 -24
leaf_value=-0.0010600274634497673 0.027842639737823829 0.03719283195870085 -0.013322544786122138 0.034171400056812448 0.0051486111949469344 -0.0053351740848828948 0.00028273636732715666 0.0012548076817971779 -0.00079061473158197797 -0.0056536170451720194 0.00081932565175296007 -0.0062438419917760831 0.00016777251104874898 -0.0020790985717651935 0.0048838146540881753 0.017410676315493895 -0.0065919823397855822 -0.0021010842077296651 0.0034060100375203407 0.00033765998217598521 0.0054045896185035761 -0.0038538401690306062 -0.01311762416993696
leaf_weight=29 343 947 22 46 20 39 800 119 39 20 25 37 553 44 585 45 21 51 125 98 24 124 43
leaf_count=29 343 947 22 46 20 39 800 119 39 20 25 37 553 44 585 45 21 51 125 98 24 124 43
internal_value=0.00120148 0.00216622 0.00117225 -0.000408805 0.000556386 -0.000456026 -0.000573663 -0.00243494 -0.00636364 -0.0103061 -0.000524862 -0.00387097 -4.34781e-05 0.00143357 0.00172131 -0.00139535 -0.00597561 -0.000177865 -0.00123656 -0.00235294 -0.0038843 -0.00486239 -0.00829787
internal_weight=4199 2619 1672 1580 1329 614 1534 269 88 49 181 62 575 715 671 86 41 1265 465 340 242 218 94
internal_count=4199 2619 1672 1580 1329 614 1534 269 88 49 181 62 575 715 671 86 41 1265 465 340 242 218 94
cat_boundaries=0 1 2
cat_threshold=73 4
is_linear=0
shrinkage=0.05


Tree=100
num_leaves=24
num_cat=1
split_feature=0 2 2 5 5 5 5 11 11 4 2 15 5 11 36 15 36 11 11 16 5 16 15
split_gain=2.60936 1.81851 1.63228 1.4055 1.16213 0.977102 0.777486 0.617625 0.60954 0.518487 0.496076 0.455583 0.672549 0.404229 0.487686 0.895616 0.522965 0.570078 1.36505 0.58425 0.831188 0.446219 0.601849
threshold=0 2033.5000000000002 2027.5000000000002 1.0444469704850843 0.72497800467145923 1.4217699221021534 0.54654052051512081 0.0020258149769814536 0.23891009328262117 1.0000000180025095e-35 2036.5000000000002 95.469103393965256 0.8453298642714665 1.1287618731047628 1.7314830502684313 12.075825483843191 0.1491668227173181 0.068786488066919671 0.10002687511275371 3.485125 1.0367651859622036 1.756416666666667 167.40759357872378
decision_type=1 2 2 2 2 2 2 2 2 2 2 2 2 2 2 2 2 2 2 2 2 2 2
left_child=1 6 4 7 8 13 -1 9 -2 11 -11 -3 -13 14 15 -4 17 21 -19 -20 -21 22 -17
right_child=2 3 5 -5 -6 -7 -8 -9 -10 10 -12 12 -14 -15 -16 16 -18 18 19 20 -22 -23 -24
leaf_value=-0.0059846592913852621 0.0018841187581359149 0.0019747143118071567 -0.012089267079808201 0.027979609907418237 0.047467057993832613 0.01332761088174771 0.13082437682122314 0.0009668513745804242 -0.0025668488953092742 -0.0014262451972024731 -0.0085873649733733005 -0.0099933144759714963 0.0024104635101810414 0.00088220826564015949 0.0053981127400241323 -0.00041386297845564672 0.0023255101131556127 -0.011379326003557849 -0.00092522684323648381 -0.0056286173842769217 -0.009962048552195412 0.00087544977609169692 -0.0023613768832959022
leaf_weight=41 38 90 42 329 309 146 786 224 25 26 45 21 30 112 36 871 55 20 454 65 33 358 43
leaf_count=41 38 90 42 329 309 146 786 224 25 26 45 21 30 112 36 871 55 20 454 65 33 358 43
internal_value=0.00116575 0.00275281 0.000185327 0.00101307 0.00325269 -0.000324385 0.00439541 -0.000848624 -0.00293651 -0.00278302 -0.00626761 -0.00102837 -0.00480392 -0.000600766 -0.000766312 -0.000873261 -0.000713533 -0.000856833 -0.00216783 -0.0017029 -0.00520408 -0.000267295 -0.000853391
internal_weight=4199 1592 2607 765 372 2235 827 436 63 212 71 141 51 2089 1977 1941 1899 1844 572 552 98 1272 914
internal_count=4199 1592 2607 765 372 2235 827 436 63 212 71 141 51 2089 1977 1941 1899 1844 572 552 98 1272 914
cat_boundaries=0 1
cat_threshold=164
is_linear=0
shrinkage=0.05


Tree=101
num_leaves=24
num_cat=4
split_feature=0 2 5 2 5 5 0 16 14 9 14 0 2 15 9 1 5 11 19 17 8 9 9
split_gain=2.33319 1.76576 2.1858 1.41527 1.33586 0.77474 0.733407 1.26286 0.822212 0.766014 1.02042 0.707594 1.26195 0.651855 0.585842 0.504079 0.606923 0.476978 0.544106 0.636618 0.650893 0.934041 0.451282
threshold=0 2031.5000000000002 0.938622391824802 2027.5000000000002 0.73459936002505744 1.3246791633457937 1 3.485125 82210.281270887281 5110.8852315871436 52038.968929972791 2 2033.5000000000002 67.513336029194775 1.0000000180025095e-35 3 0.8306467510427672 1.204791514178712 1.0000000180025095e-35 74.884166666666673 1.0000000180025095e-35 16142.883537625179 1892.6379365957689
decision_type=1 2 2 2 2 2 1 2 2 2 2 1 2 2 2 1 2 2 2 2 2 2 2
left_child=1 -1 6 4 22 17 15 8 9 14 -11 12 -7 -14 -8 16 -3 18 19 -5 21 -21 -2
right_child=3 2 -4 5 -6 11 7 -9 -10 10 -12 -13 13 -15 -16 -17 -18 -19 -20 20 -22 -23 -24
leaf_value=0.16587895077138365 -0.0023524567727842174 -0.016571789152399579 0.018018118448871915 -0.00046277888056987126 0.047225466090603276 0.027151598098054276 -0.0081686086248513312 -0.023731294048950406 0.0022438825438045834 -0.0051715550470188268 -0.0098717708849014943 0.036300055628439264 -0.004530010782682563 -0.00034629781193405614 0.00032280999315470493 0.0087300379641959119 0.041156051129156129 0.0010219318922419099 -0.0002993026830948102 -0.012552206767957734 0.00046634353310386528 0.0020772514288837133 0.0014200069154340429
leaf_weight=631 26 37 594 119 306 56 29 35 66 27 23 168 26 25 59 71 20 95 1634 53 32 27 40
leaf_count=631 26 37 594 119 306 56 29 35 66 27 23 168 26 25 59 71 20 95 1634 53 32 27 40
internal_value=0.00118957 0.00269039 0.00135796 0.00026175 0.00311828 -0.000212528 -0.00167575 -0.00323293 -0.00186274 -0.00405797 -0.009 0.00227273 -0.000982906 -0.00676471 -0.00125 0.00137681 -0.00201754 -0.000561224 -0.000737265 -0.00300866 -0.00571429 -0.008125 -0.00333333
internal_weight=4199 1592 961 2607 372 2235 367 239 204 138 50 275 107 51 88 128 57 1960 1865 231 112 80 66
internal_count=4199 1592 961 2607 372 2235 367 239 204 138 50 275 107 51 88 128 57 1960 1865 231 112 80 66
cat_boundaries=0 1 2 3 4
cat_threshold=164 4 72 1
is_linear=0
shrinkage=0.05


Tree=102
num_leaves=24
num_cat=2
split_feature=0 5 2 2 5 2 5 4 5 18 7 20 0 14 10 3 2 2 5 5 2 9 9
split_gain=2.1293 1.61857 1.34189 1.09348 1.39313 0.920445 0.829377 1.10944 0.804695 0.693794 0.653394 0.613377 0.582279 1.1756 0.54697 0.521538 0.483412 0.454969 1.57322 0.901259 0.850521 0.587185 0.808802
threshold=0 0.75151658956402845 2035.5000000000002 2027.5000000000002 0.88415018194986472 2030.5000000000002 1.1498103798023716 1.0000000180025095e-35 1.3246791633457937 1.0000000180025095e-35 1.0000000180025095e-35 1.0000000180025095e-35 1 29990.947335234971 1.5000000000000002 1.0000000180025095e-35 2036.5000000000002 2034.5000000000002 1.1246321737264284 1.1313192132347927 2031.5000000000002 35919.399043732286 7131.0651946312319
decision_type=1 2 2 2 2 2 2 2 2 2 2 2 1 2 2 2 2 2 2 2 2 2 2
left_child=1 5 -3 4 11 -1 7 -4 17 -7 -9 -2 13 -10 -11 -13 -15 18 -5 -19 -20 22 -21
right_child=3 2 6 8 -6 9 -8 10 12 14 -12 15 -14 16 -16 -17 -18 19 20 21 -22 -23 -24
leaf_value=0.052008882418336767 -0.0020798158887650269 0.067732143021575861 0.0039347675179515961 -0.0040891989247697482 0.074908041199779896 -0.0094727127845304349 0.040540490841915272 0.0092550221548787486 -0.0046731157425526663 5.8344612562370988e-05 -0.0069253280358444929 0.0032404633675891092 0.034485052847017299 0.007033512022214224 -0.0056034364108220333 -0.0030470627128440192 -0.0014389246159210983 0.00048199473155765464 0.037677751496328377 -0.0038603050667112616 -0.001312893090966893 -0.011549216199983796 0.0031028833796249351
leaf_weight=93 21 854 197 794 249 31 162 39 22 132 51 74 168 64 33 28 21 704 151 113 105 33 60
leaf_count=93 21 854 197 794 249 31 162 39 22 132 51 74 168 64 33 28 21 704 151 113 105 33 60
internal_value=0.00122529 0.00265918 0.00342671 0.000338174 0.00284946 -0.000709342 0.00121381 -0.000400697 -7.82996e-05 -0.00265306 -0.005 -0.00150406 0.00245455 -0.000555555 -0.00136364 9.80394e-05 0.00205882 -0.000433673 -0.00114286 0.000384616 0.00226563 -0.00252427 -0.00135838
internal_weight=4199 1592 1303 2607 372 289 449 287 2235 196 90 123 275 107 165 102 85 1960 1050 910 256 206 173
internal_count=4199 1592 1303 2607 372 289 449 287 2235 196 90 123 275 107 165 102 85 1960 1050 910 256 206 173
cat_boundaries=0 1 2
cat_threshold=164 72
is_linear=0
shrinkage=0.05


Tree=103
num_leaves=24
num_cat=5
split_feature=0 2 0 7 1 2 9 1 9 15 15 15 9 0 11 11 9 17 15 15 2 11 15
split_gain=1.89712 1.89373 2.10882 0.402788 0.512027 0.630861 0.316186 0.376387 0.29936 0.420395 0.862253 0.4 0.342122 0.320653 0.329891 0.315557 0.749653 0.411347 0.339639 0.659219 0.50694 0.323278 0.335758
threshold=0 2029.5000000000002 1 1.5000000000000002 2 2027.5000000000002 5687.5684164922759 3 28341.279700853782 151.50986834272854 143.53659440916439 147.82619783045143 66728.022717860862 4 1.6473784493070733 0.080905522735194371 3743.3427231533219 73.879583333333343 35.307879697838281 44.092760030381612 2038.5000000000002 0.19226109407211511 15.207454126178767
decision_type=1 2 1 2 1 2 2 1 2 2 2 2 2 1 2 2 2 2 2 2 2 2 2
left_child=-1 2 3 6 -5 -6 7 -2 9 10 13 -12 -10 -3 15 16 -15 21 -19 -20 -21 -17 -23
right_child=1 8 -4 4 5 -7 -8 -9 12 -11 11 -13 -14 14 -16 17 -18 18 19 20 -22 22 -24
leaf_value=0.040367759528684509 -0.0038971438292442848 0.0014739376651091898 0.0946689360576696 0.0023287685841899977 -0.0017467593545281062 -0.015037212120189273 0.001944698822970226 0.0065083758755792136 0.0011768640958957643 0.0037667682344356655 -0.01306918840533064 -0.0050235792679011139 -0.00091641979908987882 0.0031210502280522713 0.00079197135843696786 -0.0098080282894007567 -0.0013021536896485001 0.00015353625743112933 -0.0064211862767393508 -0.0010679342311057608 -0.0081879252823655029 -0.0029145617001391784 0.00028079008032306097
leaf_weight=538 38 597 702 45 30 26 110 60 344 57 20 20 126 196 57 29 625 71 28 155 24 38 263
leaf_count=538 38 597 702 45 30 26 110 60 344 57 20 20 126 196 57 29 625 71 28 155 24 38 263
internal_value=0.00124911 0.000832198 0.00267557 -0.000799373 -0.00341584 -0.00660714 0.000432692 -0.00163265 0.000132076 -0.000114679 -0.00022845 -0.0075 0.0012766 -8.8814e-05 -0.000481283 -0.00063331 6.09032e-06 -0.00149671 -0.00291367 -0.0039372 -0.00282123 -0.00030303 0.000182724
internal_weight=4199 3661 1011 309 101 56 208 98 2650 2180 2123 40 470 2083 1486 1429 821 608 278 207 179 330 301
internal_count=4199 3661 1011 309 101 56 208 98 2650 2180 2123 40 470 2083 1486 1429 821 608 278 207 179 330 301
cat_boundaries=0 1 2 3 4 5
cat_threshold=4 72 2 2 34
is_linear=0
shrinkage=0.05


Tree=104
num_leaves=24
num_cat=5
split_feature=5 2 0 2 0 5 0 2 5 17 9 2 5 1 2 0 7 19 20 14 14 9 14
split_gain=2.32849 2.34349 1.63108 0.826624 0.901144 1.21214 0.57216 0.777702 1.25585 1.17361 1.0744 0.549313 0.531693 0.531497 0.525109 0.516061 0.913376 1.33412 1.12747 0.572242 0.578525 0.540346 0.484158
threshold=0.8683379809646673 2029.5000000000002 0 2034.5000000000002 1 1.2416095059357677 2 2034.5000000000002 0.50361592300952374 71.457916666666691 5329.7217449536656 2033.5000000000002 1.5300513205035833 3 2026.5000000000002 4 1.0000000180025095e-35 1.0000000180025095e-35 1.0000000180025095e-35 36795.514088495845 68481.894462698969 15565.808732800955 12651.849980207538
decision_type=2 2 1 2 1 2 1 2 2 2 2 2 2 1 2 1 2 2 2 2 2 2 2
left_child=6 -2 3 -3 -5 -6 11 8 9 -8 -11 -1 -4 -13 -10 16 17 -16 -18 -19 -21 -22 -17
right_child=1 2 12 4 5 -7 7 -9 14 10 -12 13 -14 -15 15 22 18 19 -20 20 21 -23 -24
leaf_value=0.12601598850635953 0.061503484132987833 0.090303895222778541 -8.900707588192845e-05 0.064368623184404936 -0.0036915958642558186 0.062846454919248604 0.0010771131841186912 0.00028302279870877513 0.016108126790200943 -0.026542568920046129 -0.020182908121243615 -0.017704209778820413 0.035172520830040001 0.0044210428390414249 -0.011634677036488803 -0.0081753161440932653 -0.010728118514976855 -0.021121554793338576 0.0019622099498835146 0.0079229267212360972 -0.009664913747730897 0.0028046023705683228 0.0010510840075558727
leaf_weight=88 783 380 1199 154 215 80 24 445 70 21 27 41 51 49 23 27 22 44 146 34 42 33 201
leaf_count=88 783 380 1199 154 215 80 24 445 70 21 27 41 51 49 23 27 22 44 146 34 42 33 201
internal_value=0.00122529 0.00203005 0.001152 0.00285459 0.00143653 -0.000245901 -0.000497382 -0.000902481 -0.00193277 -0.00819444 -0.0127083 0.00207447 1.84786e-10 -0.000555555 -0.00123053 -0.00173077 -0.0029096 -0.00551136 -0.000357143 -0.00382353 -0.00188073 -0.00433333 0.000168067
internal_weight=4199 2862 2079 829 449 295 1337 1159 714 72 48 178 1250 90 642 572 344 176 168 153 109 75 228
internal_count=4199 2862 2079 829 449 295 1337 1159 714 72 48 178 1250 90 642 572 344 176 168 153 109 75 228
cat_boundaries=0 1 2 3 4 5
cat_threshold=164 4 4 1 27
is_linear=0
shrinkage=0.05


Tree=105
num_leaves=24
num_cat=0
split_feature=5 2 2 5 20 5 14 9 9 14 2 5 15 9 9 15 2 5 5 2 14 9 14
split_gain=2.30103 2.24873 0.757588 0.751595 0.605618 0.510052 0.482419 0.564706 0.640212 0.407374 0.373505 1.03309 0.875758 0.368562 0.440178 0.350022 0.378623 0.344892 0.637253 0.358419 0.906976 1.16567 0.643119
threshold=0.97590027831923531 2030.5000000000002 2027.5000000000002 1.2517530936697006 1.0000000180025095e-35 1.2451720273098628 175179.0382397449 87264.753276189309 33923.018226849999 165735.85444741489 2034.5000000000002 0.48900742528759283 71.422255621652425 29371.661932703861 21886.336938882338 98.91055636898183 2032.5000000000002 0.56444565938134728 0.62209009350254196 2038.5000000000002 56776.803500960617 8356.4248115679093 16049.574822509099
decision_type=2 2 2 2 2 2 2 2 2 2 2 2 2 2 2 2 2 2 2 2 2 2 2
left_child=2 -2 4 5 -1 -3 9 8 -8 10 11 12 -4 14 17 16 -5 -12 -19 22 -21 -22 -20
right_child=1 3 6 15 -6 -7 7 -9 -10 -11 13 -13 -14 -15 -16 -17 -18 18 19 20 21 -23 -24
leaf_value=-0.0011025837158157535 0.086331989474449547 0.00039136635202453727 -0.0024397898434079302 0.049628397514516046 0.013062188464601882 -0.021579558305311174 -0.010012526740193395 0.0063912143608389083 -0.0078334177792452383 0.0012427238212778025 0.0016704874839330358 -0.0024254433334943105 -0.035593480011740834 0.0015817648717362269 -0.0039547969772016928 0.016781032329214473 0.00050000540391143922 -0.0067293684902409862 -0.0036262715800568744 0.00052740151999978774 -0.0085096392607852938 0.0028833003314721155 0.0024175490506943057
leaf_weight=34 758 981 33 76 237 20 27 20 21 36 86 772 22 93 33 161 276 28 59 105 39 22 260
leaf_count=34 758 981 33 76 237 20 27 20 21 36 86 772 22 93 33 161 276 28 59 105 39 22 260
internal_value=0.0012372 0.00231514 -3.3731e-05 0.00120211 0.00241697 0.000404596 -0.000434782 -0.00455882 -0.0075 -0.000258186 -0.000380154 -0.00110641 -0.00772727 0.000448276 1.5823e-05 0.00275828 0.001875 0.000325543 -0.000165692 0.000257732 -0.00162651 -0.00647541 0.00123824
internal_weight=4199 2272 1927 1514 271 1001 1656 68 48 1588 1552 827 55 725 632 513 352 599 513 485 166 61 319
internal_count=4199 2272 1927 1514 271 1001 1656 68 48 1588 1552 827 55 725 632 513 352 599 513 485 166 61 319
is_linear=0
shrinkage=0.05


Tree=106
num_leaves=24
num_cat=4
split_feature=5 2 0 0 2 2 2 5 0 2 15 5 20 5 9 5 3 5 4 5 2 0 5
split_gain=2.10524 2.03208 1.5774 0.945363 1.22556 0.716831 1.04341 1.1753 0.831129 0.971619 0.785094 0.675388 0.640197 0.53691 0.508357 0.913099 1.36707 0.486807 0.782681 0.479672 0.6559 0.461897 1.58218
threshold=0.97590027831923531 2030.5000000000002 0 1 2031.5000000000002 2033.5000000000002 2027.5000000000002 0.46620033734366129 2 2030.5000000000002 95.469103393965256 0.81306325873261354 1.0000000180025095e-35 1.5300513205035833 5110.8852315871436 0.59363815052548841 1.0000000180025095e-35 0.9297071399625868 1.0000000180025095e-35 1.2026241249255898 2034.5000000000002 3 1.3771122059273162
decision_type=2 2 1 1 2 2 2 2 1 2 2 2 2 2 2 2 2 2 2 2 2 1 2
left_child=3 -2 19 4 -1 6 12 -8 9 10 -9 -11 -5 21 -6 -16 -17 -7 -19 20 -3 -4 -23
right_child=1 2 13 5 14 17 7 8 -10 11 -12 -13 -14 -15 15 16 -18 18 -20 -21 -22 22 -24
leaf_value=0.097107848173412642 0.082015390000727037 0.090651850301208925 0.00036390649061876138 -0.0015788752740345442 0.001498661206359409 0.0004153271516655472 -0.029233090964857808 -0.0082957123923799048 -0.0027354571280433343 0.002711914397777493 -0.017578951875656092 -0.0036748324475058382 0.005952521358837508 0.031108248683632725 -0.029465342841611966 0.006169541040159883 -0.016143694001892705 0.00012746642340826588 -0.0045831437868898298 0.07355063392928253 0.0017786523356274871 -0.00041394641186233194 -0.0035692274554878882
leaf_weight=206 758 135 511 28 171 556 28 57 371 51 32 33 175 47 20 78 25 59 37 251 206 324 40
leaf_count=206 758 135 511 28 171 556 28 57 371 51 32 33 175 47 20 78 25 59 37 251 206 324 40
internal_value=0.00113003 0.00216109 0.00110304 -8.56251e-05 0.00176471 -0.000741127 -0.00177419 -0.00286713 -0.00235294 -0.00510929 -0.00904494 -0.00154762 0.00130542 -0.000203862 -0.000272109 -0.00272358 -0.000825243 0.00047546 -0.0028125 0.0030897 0.00192082 -0.000485714 -0.00181818
internal_weight=4199 2272 1514 1927 500 1427 775 572 544 173 89 84 203 922 294 123 103 652 96 592 341 875 364
internal_count=4199 2272 1514 1927 500 1427 775 572 544 173 89 84 203 922 294 123 103 652 96 592 341 875 364
cat_boundaries=0 1 2 3 4
cat_threshold=164 36 10 19
is_linear=0
shrinkage=0.05


Tree=107
num_leaves=24
num_cat=6
split_feature=5 2 0 2 5 0 5 0 14 9 2 1 1 19 2 2 7 14 14 14 1 14 14
split_gain=2.13935 2.0505 1.84384 0.652108 0.756282 0.65594 0.579067 0.57216 0.550026 1.09583 0.549313 0.543128 0.531497 0.477292 0.543099 0.783951 1.051 0.580117 1.06778 0.444571 0.568073 0.496049 0.487619
threshold=0.8683379809646673 2029.5000000000002 0 2034.5000000000002 1.2393793021592654 1 1.4217699221021534 2 53652.580284121846 6596.4681750646305 2033.5000000000002 3 4 1.0000000180025095e-35 2033.5000000000002 2028.5000000000002 1.0000000180025095e-35 69590.486145191448 38160.188036816093 91192.917665729095 5 82905.803049356924 125177.10711749321
decision_type=2 2 1 2 2 1 2 1 2 2 2 1 1 2 2 2 2 2 2 2 1 2 2
left_child=7 -2 3 -3 5 -5 19 10 9 11 -1 -7 -12 14 15 -9 -17 18 -16 21 22 -4 -21
right_child=1 2 6 4 -6 8 -8 13 -10 -11 12 -13 -14 -15 17 16 -18 -19 -20 20 -22 -23 -24
leaf_value=0.11976174338495404 0.053186446729592024 0.084978646429084204 -4.4811518861953709e-05 0.051037951157443806 0.064119656782385986 -0.018139569281228479 0.0070285632551651007 0.00096322127761056464 0.00040230530027049238 -0.013672203830630433 -0.015424820435975784 0.0076968836142012028 0.0042534036440769977 -0.00048507319802539744 0.0022671659686693728 -0.013227307352710048 -0.0077389817181895736 0.0020162479875707948 -0.0074494126138028556 -0.0037838165535546281 0.00016408006387700559 0.0043648337112600936 -0.0015823864917671065
leaf_weight=88 783 380 705 111 123 44 115 32 107 21 41 43 49 992 25 28 31 31 20 100 139 51 140
leaf_count=88 783 380 705 111 123 44 115 32 107 21 41 43 49 992 25 28 31 31 20 100 139 51 140
internal_value=0.00115385 0.00192523 0.0011039 0.00291418 0.00165924 0.000398773 -0.000119047 -0.000497382 -0.00122222 -0.0037963 0.00207447 -0.00132184 -0.000555555 -0.000902481 -0.00338323 -0.00598901 -0.00940678 -0.000263158 -0.00388889 -0.000462555 -0.00186016 0.000238095 -0.00333333
internal_weight=4199 2862 2079 829 449 326 1250 1337 215 108 178 87 90 1159 167 91 59 76 45 1135 379 756 240
internal_count=4199 2862 2079 829 449 326 1250 1337 215 108 178 87 90 1159 167 91 59 76 45 1135 379 756 240
cat_boundaries=0 1 2 3 4 5 6
cat_threshold=164 4 4 2 1 1
is_linear=0
shrinkage=0.05


Tree=108
num_leaves=24
num_cat=3
split_feature=5 0 2 0 5 0 2 15 15 5 2 2 5 9 15 7 9 36 5 2 9 2 2
split_gain=1.98125 1.53084 1.46114 1.38746 1.49532 1.36007 1.53548 0.737634 0.595238 0.552721 0.696429 0.449463 0.611136 0.411565 0.804762 0.411526 0.643913 0.40919 0.423771 1.92695 0.375417 0.326694 0.32401
threshold=1.2141818954864803 0 2027.5000000000002 1 0.88415018194986472 2 2031.5000000000002 50.088571606573716 93.060280248681877 1.3771122059273162 2036.5000000000002 2033.5000000000002 0.94147667905431387 7262.3728707664641 48.202401490959581 2.5000000000000004 5973.9972786021053 1.7314830502684313 0.48900742528759283 2031.5000000000002 1052.2011204692233 2034.5000000000002 2029.5000000000002
decision_type=2 1 2 1 2 1 2 2 2 2 2 2 2 2 2 2 2 2 2 2 2 2 2
left_child=1 11 3 4 7 6 -2 -3 -9 13 -11 -1 15 14 -8 16 20 18 19 -4 -13 -21 -20
right_child=5 2 17 -5 -6 -7 9 8 -10 10 -12 12 -14 -15 -16 -17 -18 -19 22 21 -22 -23 -24
leaf_value=0.18866529312567201 0.055099598600340416 -0.0050090441303097272 -0.041903565252461528 0.11166223822299229 0.018259818420375436 0.041355531490844206 0.00034649607828796618 0.0046246492500257559 -0.0073468422877323442 -0.001815974447523382 -0.003477977148164542 -0.0039358056317866409 0.073748474027445304 0.00057196508327885095 -0.015643198081099582 0.012688569252647837 -0.014753562338633159 0.0034324995075907154 0.0045305969956575516 -0.0025763627228637107 0.010513656496072625 0.00092292605722626541 -0.00098980323839939466
leaf_weight=212 106 20 20 271 57 704 35 21 21 28 24 31 104 42 21 24 30 52 367 27 27 44 1911
leaf_count=212 106 20 20 271 57 704 35 21 21 28 24 31 104 42 21 24 30 52 367 27 27 44 1911
internal_value=0.00113003 0.000538747 0.000108118 0.00294872 -0.00158915 0.003125 -7.51878e-05 -0.00709677 -0.00333333 -0.00333333 -0.0075 0.00328767 0.00175926 -0.00112245 -0.00392857 -0.000803571 -0.00238636 -0.000349029 -0.000445335 -0.00379121 0.000689655 7.04227e-05 -0.000311677
internal_weight=4199 3239 2811 390 119 960 256 62 42 150 52 428 216 98 56 112 88 2421 2369 91 58 71 2278
internal_count=4199 3239 2811 390 119 960 256 62 42 150 52 428 216 98 56 112 88 2421 2369 91 58 71 2278
cat_boundaries=0 1 2 3
cat_threshold=4 72 72
is_linear=0
shrinkage=0.05


Tree=109
num_leaves=24
num_cat=4
split_feature=5 0 2 0 5 0 2 5 2 36 2 5 9 9 15 15 15 1 2 5 5 3 9
split_gain=1.88777 1.58966 1.40676 1.38746 1.49532 1.03632 1.2861 0.743741 0.696429 0.397715 0.387548 0.512922 0.428571 0.379688 0.344777 0.380952 0.337129 0.763775 0.319091 0.615734 0.2772 0.263736 0.344729
threshold=1.2141818954864803 0 2027.5000000000002 1 0.88415018194986472 2 2031.5000000000002 1.3771122059273162 2036.5000000000002 1.7314830502684313 2033.5000000000002 0.94147667905431387 14017.370295984869 786.95866832995739 50.088571606573716 93.060280248681877 9.3761160801854793 3 2034.5000000000002 1.2758260264362959 1.236240609701037 1.0000000180025095e-35 1052.2011204692233
decision_type=2 1 2 1 2 1 2 2 2 2 2 2 2 2 2 2 2 1 2 2 2 2 2
left_child=1 10 3 4 14 6 -2 13 -9 16 -1 12 21 -8 -3 -16 17 -4 -7 20 -20 22 -12
right_child=5 2 9 -5 -6 18 7 8 -10 -11 11 -13 -14 -15 15 -17 -18 -19 19 -21 -22 -23 -24
leaf_value=0.17923202846938843 0.05234461867032341 -0.004758591923794255 -0.010016473865459704 0.10607912631184267 0.017346827499356662 0.15265942332376814 -0.00070554929046932901 -0.0017251757251472201 -0.0033040782907563255 0.0032608745322111783 -0.0051584317836255262 0.070061050326073057 -0.0062446425015797368 0.00038106340961111955 0.0043934167875244595 -0.0069795001733457401 -0.00044719063747610145 0.00031180966211394312 0.01037159286270161 0.024233619880322185 -0.015101766440636315 0.010407497295063876 0.0033835727310592995
leaf_weight=212 106 20 21 271 57 429 31 28 24 52 25 104 28 67 21 21 2322 26 26 201 48 32 27
leaf_count=212 106 20 21 271 57 429 31 28 24 52 25 104 28 67 21 21 2322 26 26 201 48 32 27
internal_value=0.00117766 0.000600494 0.000161291 0.00294872 -0.00158915 0.003125 0.000300752 -0.00266667 -0.0075 -0.000287071 0.00340183 0.00199074 -0.000357143 -0.000102041 -0.00709677 -0.00452381 -0.000382018 -0.00457447 0.00408964 0.00281818 -0.00108108 0.00142857 -0.000769231
internal_weight=4199 3239 2811 390 119 960 256 150 52 2421 428 216 112 98 62 42 2369 47 704 275 74 84 52
internal_count=4199 3239 2811 390 119 960 256 150 52 2421 428 216 112 98 62 42 2369 47 704 275 74 84 52
cat_boundaries=0 1 2 3 4
cat_threshold=4 72 72 4
is_linear=0
shrinkage=0.05


Tree=110
num_leaves=24
num_cat=4
split_feature=5 0 2 0 5 2 0 19 5 5 9 2 5 15 5 1 9 5 9 36 15 15 5
split_gain=2.07222 1.48782 1.40877 1.38912 1.49532 0.778168 1.06372 0.446716 0.837096 1.05002 0.92371 0.628517 0.439286 0.412272 0.580377 0.625046 0.480237 0.362168 0.640244 0.351774 0.344777 0.380952 0.324107
threshold=1.2179910055458631 0 2027.5000000000002 1 0.88415018194986472 2034.5000000000002 2 1.0000000180025095e-35 0.71654816570429147 1.1577527833144476 9439.6326153221398 2033.5000000000002 1.2758260264362959 114.93378014844174 1.304185265331794 3 749.72640392734081 0.57324090082199908 3422.9760890567318 1.7314830502684313 50.088571606573716 93.060280248681877 1.2485015017600369
decision_type=2 1 2 1 2 2 1 2 2 2 2 2 2 2 2 1 2 2 2 2 2 2 2
left_child=1 17 3 4 20 -2 13 8 10 -10 11 -4 22 14 -7 -16 -17 18 -1 -9 -3 -22 -8
right_child=5 2 7 -5 -6 6 12 19 9 -11 -12 -13 -14 -15 15 16 -18 -19 -20 -21 21 -23 -24
leaf_value=0.0029245304812590758 0.054467737228799766 -0.0045206623276045424 -0.013943942564945539 0.1014690383182591 0.016479486124388862 0.00069179759874873393 0.01219488795045507 -4.8321579325553662e-05 0.00052249947413725967 -0.0097501130333727971 0.00083715012083420467 -0.00042668705833367538 0.036290163553445977 0.0022995009879234625 -0.0054039169355679902 -0.011570451754712826 0.0017114229278008327 0.041746890038887145 -0.013785063508490035 0.003097830805600622 0.0041737459481482192 -0.0066305251646784557 -0.007437827171104085
leaf_weight=21 578 20 26 272 57 41 32 2078 204 22 31 21 164 29 26 24 22 389 20 52 21 21 28
leaf_count=21 578 20 26 272 57 41 32 2078 204 22 31 21 164 29 26 24 22 389 20 52 21 21 28
internal_value=0.00118957 0.000591398 0.000167549 0.00295396 -0.00158915 0.00325212 0.00144809 -0.000279375 -0.00207237 -0.000530973 -0.00653846 -0.0109574 0.00350427 -0.00190789 -0.00340708 -0.00611111 -0.0026087 0.00329545 -0.00109756 -2.3474e-05 -0.00709677 -0.00452381 1.86265e-10
internal_weight=4199 3255 2825 391 119 944 366 2434 304 226 78 47 224 142 113 72 46 430 41 2130 62 42 60
internal_count=4199 3255 2825 391 119 944 366 2434 304 226 78 47 224 142 113 72 46 430 41 2130 62 42 60
cat_boundaries=0 1 2 3 4
cat_threshold=4 72 88 1
is_linear=0
shrinkage=0.05


Tree=111
num_leaves=24
num_cat=5
split_feature=2 0 5 0 5 2 5 0 2 5 2 14 7 1 35 5 5 2 0 7 19 14 2
split_gain=1.85758 1.84539 2.8638 1.49664 1.26442 0.936807 0.91629 0.611485 0.808613 0.492304 0.564794 0.42793 0.411526 0.437879 0.377262 0.376297 0.344165 0.766602 1.0198 1.06382 2.14455 0.916721 0.847517
threshold=2028.5000000000002 0 1.0092673125895086 1 1.3246791633457937 2027.5000000000002 0.77583830786226704 2 2036.5000000000002 0.94147667905431387 2033.5000000000002 74035.898188752253 2.5000000000000004 3 0.05064294855786957 0.48900742528759283 0.8683379809646673 2033.5000000000002 4 1.0000000180025095e-35 1.0000000180025095e-35 54288.776881815364 2031.5000000000002
decision_type=2 1 2 1 2 2 2 1 2 2 2 2 2 1 2 2 2 2 1 2 2 2 2
left_child=1 2 5 9 14 6 -1 8 -6 10 -2 -10 13 -12 16 -3 17 18 -5 20 -20 -21 -23
right_child=3 15 -4 4 7 -7 -8 -9 11 -11 12 -13 -14 -15 -16 -17 -18 -19 19 21 -22 22 -24
leaf_value=-0.0037585710699129119 0.073308871024894071 5.2961432544726406e-05 0.042803411870520773 0.0015579015978154113 0.0057026268146308868 -0.017232902160302328 0.0011491018117958656 0.045266620099477357 -0.0042445837262452832 0.088000415265158435 -0.013095810279005924 0.00014232687038080301 0.010573564374289472 0.0013893159793173545 -0.0045372978346708281 0.13734318848099467 0.00015253939838759829 9.0355503095160066e-05 -0.010856488628955212 0.001508655875590772 -0.011339744184581885 -0.012553969838280658 0.00032380625002219793
leaf_weight=39 67 22 115 106 98 33 51 213 29 251 40 22 24 48 21 614 1605 521 20 70 122 35 33
leaf_count=39 67 22 115 106 98 33 51 213 29 251 40 22 24 48 21 614 1605 521 20 70 122 35 33
internal_value=0.00111812 0.00316934 -0.000645161 0.000578948 0.000163511 -0.00597561 -0.00333333 0.00292818 0.000283019 0.00329545 0.00136872 -0.00480392 -0.000803571 -0.00238636 -0.000230951 0.0045356 -0.000175159 -0.000953693 -0.00264249 -0.00413793 -0.00732394 -0.00115942 -0.00529412
internal_weight=4199 874 238 3325 2895 123 90 362 149 430 179 51 112 88 2533 636 2512 907 386 280 142 138 68
internal_count=4199 874 238 3325 2895 123 90 362 149 430 179 51 112 88 2533 636 2512 907 386 280 142 138 68
cat_boundaries=0 1 2 3 4 5
cat_threshold=72 4 88 1 96
is_linear=0
shrinkage=0.05


Tree=112
num_leaves=24
num_cat=3
split_feature=2 0 0 35 16 17 2 9 0 2 2 15 9 15 19 9 15 11 18 15 4 9 16
split_gain=1.96264 1.6957 1.27184 0.475308 0.457225 0.519519 0.777885 0.666667 0.431474 1.12179 1.01543 0.780997 0.661243 1.04348 0.895838 0.85504 0.5523 0.664866 0.592833 0.546137 1.07071 0.556239 0.552969
threshold=2028.5000000000002 0 1 0.079452028121899373 1.0000000180025095e-35 73.879583333333343 2026.5000000000002 3181.0355538923268 2 2033.5000000000002 2031.5000000000002 37.956939061017628 17897.94779986182 126.42692486186748 1.0000000180025095e-35 11655.832551288864 52.811123407476593 0.22624289212135465 1.0000000180025095e-35 26.740512684119718 1.0000000180025095e-35 1718.1749516639045 1.756416666666667
decision_type=2 1 1 2 2 2 2 2 1 2 2 2 2 2 2 2 2 2 2 2 2 2 2
left_child=1 4 -2 8 -1 6 -6 -8 10 11 -4 -10 13 14 -13 16 17 -16 -18 20 21 22 -11
right_child=2 -3 3 -5 5 -7 7 -9 9 19 -12 12 -14 -15 15 -17 18 -19 -20 -21 -22 -23 -24
leaf_value=0.0077927848842436311 0.024233119564197686 0.10428201938616105 0.037050403473441469 -0.0044999545142460247 0.00083398235517858493 0.001055727802017905 -0.0020223590988581986 -0.02058456429417348 0.00062854048589262032 -0.00087635891118607683 7.2768452280292691e-05 -0.016772066020764354 6.9819746046765646e-07 -0.011095995618931445 0.0034564606651895907 -0.0087923221405994661 -0.016898876213033698 -0.020657958821141686 0.0038330934879710361 0.00060490845742473787 -0.0055897664358710436 0.0014430001487081394 0.00012368716873022783
leaf_weight=33 430 636 328 20 32 119 27 27 198 33 937 31 143 46 21 35 20 20 137 731 63 80 52
leaf_count=33 430 636 328 20 32 119 27 27 198 33 937 31 143 46 21 35 20 20 137 731 63 80 52
internal_value=0.00111812 0.00322654 0.00056391 0.000180723 -0.000443548 -0.00134146 -0.00430233 -0.00796296 0.000234783 -0.000308642 0.000921569 -0.00191244 -0.00305739 -0.00435484 -0.00314394 -0.00208154 -0.000808081 -0.00597561 0.000541401 0.000776851 -0.00135965 0.000757576 -0.00205882
internal_weight=4199 874 3325 2895 238 205 86 54 2875 1610 1265 651 453 310 264 233 198 41 157 959 228 165 85
internal_count=4199 874 3325 2895 238 205 86 54 2875 1610 1265 651 453 310 264 233 198 41 157 959 228 165 85
cat_boundaries=0 1 2 3
cat_threshold=72 4 176
is_linear=0
shrinkage=0.05


Tree=113
num_leaves=24
num_cat=3
split_feature=5 0 2 5 2 2 5 5 0 14 14 1 16 2 15 14 9 2 19 14 15 5 5
split_gain=1.95167 2.18668 2.75795 1.41481 1.09503 1.6455 2.80319 1.50716 1.03959 0.981864 1.30997 1.06629 0.769031 0.506586 0.490046 0.497624 0.667063 0.479543 0.474158 0.442562 0.479953 0.543147 1.22501
threshold=0.8899652155658534 0 2033.5000000000002 1.2758260264362959 2027.5000000000002 2033.5000000000002 1.1912409331906684 1.2837255376576799 1 98325.613438700137 129024.64539963414 2 1.4758333333333338 2031.5000000000002 10.561263651809165 175179.0382397449 75507.970003087408 2039.5000000000002 1.0000000180025095e-35 16434.96028759101 18.577992380300092 0.65500856664796159 0.56444565938134728
decision_type=2 1 2 2 2 2 2 2 1 2 2 1 2 2 2 2 2 2 2 2 2 2 2
left_child=14 4 -3 8 -2 6 9 -7 -4 11 -11 -6 -13 -8 -1 18 -17 -10 -16 20 -20 22 -22
right_child=1 2 3 -5 5 7 13 -9 17 10 -12 12 -14 -15 15 16 -18 -19 19 -21 21 -23 -24
leaf_value=-0.0058250486766293127 0.02460674878916691 0.078585929990391282 0.043457523854699275 0.022056261824729761 -0.027476954261793758 0.00067110064902858391 0.034650494453980482 -0.0029025591819154882 -0.0036529250587424207 -0.027487417038511319 -0.0025763169364459533 -0.010748754509543315 0.00049668903850351822 -0.0017741499520124038 -0.0040448415123036331 -0.01296310139455349 0.0061173042191213986 0.00077585365867677974 0.00087808462581184929 0.00069230331049158537 7.5909188146835007e-05 -0.0018742985315225256 -0.0042409253181970577
leaf_weight=36 95 1079 133 240 33 249 75 74 520 21 32 23 57 39 183 36 20 90 21 1001 22 99 21
leaf_count=36 95 1079 133 240 33 249 75 74 520 21 32 23 57 39 183 36 20 90 21 1001 22 99 21
internal_value=0.00114194 0.00192029 0.00273166 0.000829095 -0.000508474 -0.00130182 -0.00410714 0.00113003 -0.00024899 -0.00825301 -0.0138679 -0.00561947 -0.0025 0.00192982 -0.000350938 -0.000203136 -0.00482143 -0.00112903 -1.11357e-05 0.000360825 -0.00205521 -0.00309859 -0.0077907
internal_weight=4199 2760 2062 983 698 603 280 323 743 166 53 113 80 114 1439 1403 56 610 1347 1164 163 142 43
internal_count=4199 2760 2062 983 698 603 280 323 743 166 53 113 80 114 1439 1403 56 610 1347 1164 163 142 43
cat_boundaries=0 1 2 3
cat_threshold=72 4 2
is_linear=0
shrinkage=0.05


Tree=114
num_leaves=24
num_cat=4
split_feature=5 2 0 15 2 0 5 5 6 11 16 11 1 15 11 0 2 5 2 9 2 15 5
split_gain=1.9603 1.80259 2.19521 0.731148 0.615314 0.96023 0.855429 0.561272 0.51872 0.462071 0.822255 0.702219 0.653595 0.654545 0.448989 0.428562 1.17093 1.55007 1.69283 0.815574 0.710339 1.24315 0.710207
threshold=1.0154938974775825 2029.5000000000002 0 9.3761160801854793 2027.5000000000002 1 0.77583830786226704 1.5300513205035833 1.0000000180025095e-35 0.37289610486634955 1.4758333333333338 1.1077629364351007 2 89.527402216540096 0.39173258109441972 3 2033.5000000000002 0.58440279015043262 2031.5000000000002 8257.9167096019974 2032.5000000000002 53.223471724376004 0.91337345033287376
decision_type=2 2 1 2 2 1 2 2 2 2 2 2 1 2 2 1 2 2 2 2 2 2 2
left_child=3 -2 -3 14 5 6 -5 8 9 10 12 -11 -4 -14 -1 19 17 18 -17 -6 22 -22 -19
right_child=1 2 7 4 15 -7 -8 -9 -10 11 -12 -13 13 -15 -16 16 -18 20 -20 -21 21 -23 -24
leaf_value=-0.0088010957998134482 0.089024344564365518 0.021758983741666946 -0.0013198554442031361 -0.0035956044526177788 0.0015038590705097859 0.073255589931820964 0.0020345445511665131 0.026373355611295238 0.00051260044967497878 -0.0064537817854941051 0.00043680074991262884 0.0037592371203413045 -0.010131594143566519 -0.009197383586066539 -0.00057613790947981861 -0.021098774308198901 0.00024567042615913595 -0.0064530089778223115 0.0048087810575009327 -0.0014747064003177845 -0.020598133268389336 -0.004308938981150502 0.0092844323464070372
leaf_weight=26 553 757 72 48 434 184 71 42 108 136 271 29 44 20 25 37 607 265 23 262 25 48 112
leaf_count=26 553 757 72 48 434 184 71 42 108 136 271 29 44 20 25 37 607 265 23 262 25 48 112
internal_value=0.00117766 0.00229331 0.00138269 0.000131518 0.000274102 0.00235974 -0.00120155 -0.000601093 -0.000955882 -0.00155594 -0.000651105 -0.00378788 -0.00382353 -0.0075 -0.00578431 -7.4462e-05 -0.000678793 -0.00245098 -0.01 0.000892351 -0.00144444 -0.0059589 -0.000570292
internal_weight=4199 2032 1479 2167 2116 303 119 722 680 572 407 165 136 64 51 1813 1117 510 60 696 450 73 377
internal_count=4199 2032 1479 2167 2116 303 119 722 680 572 407 165 136 64 51 1813 1117 510 60 696 450 73 377
cat_boundaries=0 1 2 3 4
cat_threshold=165 74 2 100
is_linear=0
shrinkage=0.05


Tree=115
num_leaves=24
num_cat=2
split_feature=5 2 0 5 2 0 11 5 15 14 19 15 2 11 5 8 5 4 5 5 2 5 15
split_gain=1.80401 1.9762 1.6524 0.604678 0.789083 0.660994 0.597906 0.593985 0.501941 0.513102 0.504382 0.492807 0.579925 0.492339 0.839595 1.10256 0.766648 0.566116 0.470571 0.441005 0.515058 0.440487 0.39404
threshold=0.8899652155658534 2029.5000000000002 0 1.2393793021592654 2034.5000000000002 1 1.0122700898015295 1.5300513205035833 10.561263651809165 175179.0382397449 1.0000000180025095e-35 102.80552441240948 2039.5000000000002 0.37289610486634955 1.1016024789624379 1.0000000180025095e-35 0.96426533895968825 1.0000000180025095e-35 0.99399758775364122 1.0179578550006412 2027.5000000000002 0.83296196964687219 130.62896412211828
decision_type=2 2 1 2 2 1 2 2 2 2 2 2 2 2 2 2 2 2 2 2 2 2 2
left_child=8 19 3 4 -3 -6 7 13 -1 10 21 12 18 -4 16 17 -15 -16 -7 20 -2 -10 -22
right_child=1 2 6 -5 5 11 -8 -9 9 -11 -12 -13 -14 14 15 -17 -18 -19 -20 -21 22 -23 -24
leaf_value=-0.005299365378617301 0.027470406013011751 0.057478269898600214 -3.3848826948152721e-05 0.077026135181404221 0.038808180606649832 -0.00047303597614448102 0.0014271942309566608 0.037744209990925204 -0.0053672800324614488 -0.0072974511355781632 0.0002620844463884254 0.0036480033073708878 0.0079182968086598717 -0.0048645929925826602 -0.0062622483558890264 0.0015495469924184696 0.0028251672852551862 -0.015579940456155553 -0.0089073973694677611 0.084590816942728062 0.0069016395145493877 0.0073005886576028248 -0.016316230276320755
leaf_weight=36 107 256 806 234 106 46 103 48 154 56 1164 48 30 37 55 40 89 28 76 550 79 29 22
leaf_count=36 107 256 806 234 106 46 103 48 154 56 1164 48 30 37 55 40 89 28 76 550 79 29 22
internal_value=0.00115385 0.00190217 0.00107892 0.00282878 0.00197509 0.000261438 -9.8684e-05 -0.00043971 -0.000281445 -0.00013186 6.31034e-05 -0.00142857 -0.00289474 -0.000687204 -0.00263052 -0.00556911 0.000238095 -0.00885542 -0.00442623 0.00407652 0.00211538 -0.00237705 -0.000445544
internal_weight=4199 2760 2002 796 562 306 1206 1103 1439 1403 1347 200 152 1055 249 123 126 83 122 758 208 183 101
internal_count=4199 2760 2002 796 562 306 1206 1103 1439 1403 1347 200 152 1055 249 123 126 83 122 758 208 183 101
cat_boundaries=0 1 2
cat_threshold=164 4
is_linear=0
shrinkage=0.05


Tree=116
num_leaves=24
num_cat=5
split_feature=5 2 0 2 0 5 5 2 5 0 2 2 0 14 0 5 5 7 2 4 9 14 5
split_gain=1.97491 1.86074 1.61586 0.909598 0.786276 0.968135 0.655969 1.17264 0.65166 0.650411 1.28386 1.11582 1.05778 0.876509 1.00502 1.43991 1.19429 1.60362 1.14335 0.704395 0.592186 0.564745 0.543761
threshold=1.0527453708314882 2031.5000000000002 0 2027.5000000000002 1 0.77583830786226704 0.48900742528759283 2031.5000000000002 1.5300513205035833 2 2033.5000000000002 2033.5000000000002 3 172054.51817203171 4 0.92150294269003385 0.76343305541321171 1.0000000180025095e-35 2030.5000000000002 1.0000000180025095e-35 151.1411947353445 46234.081037188625 0.75992680472410246
decision_type=2 2 1 2 1 2 2 2 2 1 2 2 1 2 1 2 2 2 2 2 2 2 2
left_child=3 -2 -3 4 5 -1 7 -5 -4 11 13 -8 -12 14 16 18 17 21 -16 -13 -17 -11 -14
right_child=1 2 8 6 -6 -7 9 -9 -10 10 12 19 22 -15 15 20 -18 -19 -20 -21 -22 -23 -24
leaf_value=-0.0034023851166608068 0.065104019072229666 0.039224981303746326 -0.00043255383570216287 -0.026545041207818344 0.078324917884126641 0.0018884010196098542 0.059175711417808953 -0.0008001011808362725 0.032447968398055728 -0.020160776998805655 0.00089303693997312521 0.0017259705302894357 0.00022182044398601393 -0.01652020457993721 -0.0075707276398689462 -0.012985555583364129 0.010566422133180341 0.0027447438924337255 0.0011072972777615203 -0.0086514223567632411 -0.013361147570664842 -0.0092982714465689956 -0.003086310705837527
leaf_weight=49 715 271 764 28 209 84 210 83 58 21 398 194 101 33 105 33 221 53 110 86 54 36 283
leaf_count=49 715 271 764 28 209 84 210 83 58 21 398 194 101 33 105 33 221 53 110 86 54 36 283
internal_value=0.00107049 0.00231748 0.00102013 0.000127562 0.00251462 -0.000594405 -0.000270864 -0.00400901 -0.000108173 -5.67594e-05 -0.000589849 0.0015 0.000780051 -0.00220721 -0.00179305 -0.0038141 0.00016129 -0.00409091 -0.00174419 -0.000535714 -0.00936782 -0.00991228 -0.00109137
internal_weight=4199 1808 1093 2391 342 133 2049 111 822 1938 1448 490 782 666 633 302 331 110 215 280 87 57 384
internal_count=4199 1808 1093 2391 342 133 2049 111 822 1938 1448 490 782 666 633 302 331 110 215 280 87 57 384
cat_boundaries=0 1 2 3 4 5
cat_threshold=132 74 36 74 145
is_linear=0
shrinkage=0.05


Tree=117
num_leaves=24
num_cat=3
split_feature=2 0 5 0 5 2 5 5 14 5 15 2 5 9 3 9 14 5 6 0 2 15 15
split_gain=1.75541 1.59259 2.24966 1.24136 1.21746 1.16011 0.665618 0.613298 0.530978 0.662184 0.520833 0.507942 0.3824 0.319382 0.371795 0.481667 0.313416 0.532476 0.508683 0.389415 0.636737 0.513657 1.01538
threshold=2028.5000000000002 0 1.0092673125895086 1 1.3246791633457937 2027.5000000000002 0.94147667905431387 0.74252791977159271 25894.196276986095 1.4730567937906967 30.123502613179962 2033.5000000000002 0.56444565938134728 9888.7683352870936 1.0000000180025095e-35 1052.2011204692233 59013.550843035846 1.0894399391156535 1.0000000180025095e-35 2 2031.5000000000002 51.577959385286142 60.404382317582623
decision_type=2 1 2 1 2 2 2 2 2 2 2 2 2 2 2 2 2 2 2 1 2 2 2
left_child=1 2 5 6 16 7 11 -1 9 10 -6 -2 -3 14 15 -13 17 19 -18 20 -5 -21 -23
right_child=3 12 -4 4 8 -7 -8 -9 -10 -11 -12 13 -14 -15 -16 -17 18 -19 -20 21 -22 22 -24
leaf_value=-0.0032853525360741044 0.065750425891976522 -0.0019178677692244898 0.029844302091410504 -0.0055380898551014232 0.017289769852128503 -0.014963372501166597 0.077180457699894151 0.00010284864628682441 0.011038850502794673 0.048100050445568615 -0.010624077550539381 -0.0095228388081173062 0.13394853795402911 -0.0073678045350002788 0.010586794440453781 0.00033621950156897322 -0.0012885636689423264 0.0014088002462870118 0.00068602936160199607 -7.9325708273229444e-05 0.0010733685274972433 -0.0083812504141092935 8.3930395336508448e-05
leaf_weight=37 67 36 115 83 24 33 251 53 283 31 24 25 600 34 29 24 1050 354 235 386 281 58 86
leaf_count=37 67 36 115 83 24 33 251 53 283 31 24 25 600 34 29 24 1050 354 235 386 281 58 86
internal_value=0.00111812 0.00311213 -0.000443548 0.000593985 0.000215146 -0.0051626 0.00306818 -0.00222222 0.00292818 -0.000696202 -0.004375 0.000810056 0.00438081 -0.00125 0.000512821 -0.00214286 -0.000171733 0.000392628 -0.000719844 -0.000257271 0.000989305 -0.00111111 -0.00368056
internal_weight=4199 874 238 3325 2895 123 430 90 362 79 48 179 636 112 78 49 2533 1248 1285 894 364 530 144
internal_count=4199 874 238 3325 2895 123 430 90 362 79 48 179 636 112 78 49 2533 1248 1285 894 364 530 144
cat_boundaries=0 1 2 3
cat_threshold=72 4 26
is_linear=0
shrinkage=0.05


Tree=118
num_leaves=24
num_cat=4
split_feature=2 0 5 0 2 5 5 5 2 2 5 14 9 7 15 19 6 0 15 10 5 0 2
split_gain=1.70192 1.41908 1.3162 1.19152 1.06638 0.735505 0.653718 0.552721 0.987755 0.541356 1.03449 0.485426 0.45873 0.451457 0.39 0.320042 0.629247 0.578774 0.910446 0.878226 0.315092 0.312131 1.53138
threshold=2027.5000000000002 0 1.2141818954864803 1 2031.5000000000002 0.60620533040346569 0.73459936002505744 1.3771122059273162 2034.5000000000002 2034.5000000000002 1.2758260264362959 80163.209643722032 2180.1414509187912 1.5000000000000002 78.075947847518833 1.0000000180025095e-35 1.0000000180025095e-35 2 77.527656457376409 1.5000000000000002 0.71283530371631154 3 2031.5000000000002
decision_type=2 1 2 1 2 2 2 2 2 2 2 2 2 2 2 2 2 1 2 2 2 1 2
left_child=6 5 15 4 -4 12 13 8 -6 -5 11 -11 -2 -1 -9 16 17 18 20 -19 -3 -17 -23
right_child=1 2 3 9 7 -7 -8 14 -10 10 -12 -13 -14 -15 -16 21 -18 19 -20 -21 -22 22 -24
leaf_value=0.0013257135207499508 0.00085876462146852728 -0.0027489606883358371 0.032244636071036573 0.095658422159331971 -0.0025085975473373105 0.042302610781514101 0.053971379989942947 -0.0044721755369620071 0.00030579361685003059 0.012299076061134255 0.016315489979658381 -0.0065016465815582796 -0.010929851511690828 -0.0031210849092704 -0.00043391474555736051 0.00034947600647898162 0.0039236083992398403 0.0016654434146285365 -0.011779600512457461 -0.0068432477456231615 0.00075793333188726043 -0.0076590483720855021 0.00021207601711811498
leaf_weight=61 21 25 67 281 35 426 482 27 63 33 166 30 24 37 25 1211 43 124 34 36 41 270 637
leaf_count=61 21 25 67 281 35 426 482 27 63 33 166 30 24 37 25 1211 43 124 34 36 41 270 637
internal_value=0.00110622 0.000703233 0.00031349 0.00218019 -0.000947136 0.00323285 0.00362069 -0.00333333 -0.00112245 0.00346154 0.00172489 -0.00373016 -0.00277778 -0.000102041 -0.0075 -0.000245766 -0.00176568 -0.00269231 -0.00545455 -0.000588235 -0.00257576 -2.83284e-05 -0.000725191
internal_weight=4199 3619 3148 727 217 471 580 150 98 510 229 63 45 98 52 2421 303 260 100 160 66 2118 907
internal_count=4199 3619 3148 727 217 471 580 150 98 510 229 63 45 98 52 2421 303 260 100 160 66 2118 907
cat_boundaries=0 1 2 3 4
cat_threshold=4 72 146 178
is_linear=0
shrinkage=0.05


Tree=119
num_leaves=24
num_cat=2
split_feature=5 0 2 5 0 2 2 5 5 9 15 4 2 20 15 2 5 3 5 9 9 9 5
split_gain=1.92162 1.95832 2.9659 1.38522 1.21816 0.742764 0.974571 2.52314 2.12083 1.15648 0.642018 0.704003 0.506586 0.436499 0.4 0.396224 0.371042 0.366655 0.673489 0.4332 0.821191 0.562872 0.586081
threshold=0.938622391824802 0 2033.5000000000002 1.2517530936697006 1 2027.5000000000002 2033.5000000000002 1.1912409331906684 1.3771122059273162 176.74219751136937 55.61385114553012 1.0000000180025095e-35 2031.5000000000002 1.0000000180025095e-35 78.075947847518833 2039.5000000000002 1.2393793021592654 1.0000000180025095e-35 0.92150294269003385 319.99629709843435 1399.7409091054508 1234.5197469367079 0.85301416984164968
decision_type=2 1 2 2 1 2 2 2 2 2 2 2 2 2 2 2 2 2 2 2 2 2 2
left_child=17 5 -3 4 -4 -2 7 9 13 -7 -11 -12 -9 -8 -10 -6 -15 19 -19 -1 21 22 -21
right_child=1 2 3 -5 15 6 8 12 14 10 11 -13 -14 16 -16 -17 -18 18 -20 20 -22 -23 -24
leaf_value=0.00092274018164050843 0.033336746497151293 0.084408378208023063 0.045348732346261439 0.016720975500775018 -0.004713024533082367 -0.016122428988513106 -0.00019664970597534862 0.027847407132385128 -0.0051971455408692862 -0.00073307478848202176 -0.019463692804936965 -0.0026210772218522339 -0.00084024629558168945 0.0010183018265270054 -0.0005021546621632615 0.0015247913739166602 -0.0018707255064398546 -0.00098231655158032417 -0.003901636908993868 -0.0031273500918130048 0.00018746585715846944 -0.028772400011936275 0.012877061905626791
leaf_weight=343 83 983 112 272 432 36 41 75 20 38 40 23 39 166 20 73 43 503 34 84 698 21 20
leaf_count=343 83 983 112 272 432 36 41 75 20 38 40 23 39 166 20 73 43 503 34 84 698 21 20
internal_value=0.000951417 0.00183494 0.00263549 0.000556806 -0.000753646 -0.000599369 -0.00128466 -0.00356574 0.000689655 -0.00813869 -0.00539604 -0.00849206 0.00192982 0.0024 -0.01 -0.00179612 0.00332536 -0.000343511 -0.00142458 0.000154374 -0.000467801 -0.0042 -0.00269231
internal_weight=4199 2496 1872 889 617 624 541 251 290 137 101 63 114 250 40 505 209 1703 537 1166 823 125 104
internal_count=4199 2496 1872 889 617 624 541 251 290 137 101 63 114 250 40 505 209 1703 537 1166 823 125 104
cat_boundaries=0 1 2
cat_threshold=72 4
is_linear=0
shrinkage=0.05


end of trees

feature_importances:
scale=754
horizon_year=538
type_idx=274
min_road_km=265
min_habitat_m=226
min_water_m=215
nearby_2km=68
snow_mm=64
country_idx=60
habitat_proximity=57
buffer=38
precip_mm=30
nearby_highway_2km=29
has_roadkill=28
cooling=26
roadkill_intensity_2km=22
has_gbif=20
has_osm_roads=17
habitat_hits=16
nearby_500m=9
gbif_count_2km=2
gbif_suitability=2

parameters:
[boosting: gbdt]
[objective: quantile]
[metric: quantile]
[tree_learner: serial]
[device_type: cpu]
[data_sample_strategy: bagging]
[data: ]
[valid: ]
[num_iterations: 120]
[learning_rate: 0.05]
[num_leaves: 24]
[num_threads: 0]
[seed: 7]
[deterministic: 0]
[force_col_wise: 0]
[force_row_wise: 0]
[histogram_pool_size: -1]
[max_depth: -1]
[min_data_in_leaf: 20]
[min_sum_hessian_in_leaf: 0.001]
[bagging_fraction: 1]
[pos_bagging_fraction: 1]
[neg_bagging_fraction: 1]
[bagging_freq: 0]
[bagging_seed: 17422]
[bagging_by_query: 0]
[feature_fraction: 0.9]
[feature_fraction_bynode: 1]
[feature_fraction_seed: 7040]
[extra_trees: 0]
[extra_seed: 6516]
[early_stopping_round: 0]
[early_stopping_min_delta: 0]
[first_metric_only: 0]
[max_delta_step: 0]
[lambda_l1: 0]
[lambda_l2: 0]
[linear_lambda: 0]
[min_gain_to_split: 0]
[drop_rate: 0.1]
[max_drop: 50]
[skip_drop: 0.5]
[xgboost_dart_mode: 0]
[uniform_drop: 0]
[drop_seed: 15215]
[top_rate: 0.2]
[other_rate: 0.1]
[min_data_per_group: 100]
[max_cat_threshold: 32]
[cat_l2: 10]
[cat_smooth: 10]
[max_cat_to_onehot: 4]
[top_k: 20]
[monotone_constraints: ]
[monotone_constraints_method: basic]
[monotone_penalty: 0]
[feature_contri: ]
[forcedsplits_filename: ]
[refit_decay_rate: 0.9]
[cegb_tradeoff: 1]
[cegb_penalty_split: 0]
[cegb_penalty_feature_lazy: ]
[cegb_penalty_feature_coupled: ]
[path_smooth: 0]
[interaction_constraints: ]
[verbosity: -1]
[saved_feature_importance_type: 0]
[use_quantized_grad: 0]
[num_grad_quant_bins: 4]
[quant_train_renew_leaf: 0]
[stochastic_rounding: 1]
[linear_tree: 0]
[max_bin: 255]
[max_bin_by_feature: ]
[min_data_in_bin: 3]
[bin_construct_sample_cnt: 200000]
[data_random_seed: 61]
[is_enable_sparse: 1]
[enable_bundle: 1]
[use_missing: 1]
[zero_as_missing: 0]
[feature_pre_filter: 1]
[pre_partition: 0]
[two_round: 0]
[header: 0]
[label_column: ]
[weight_column: ]
[group_column: ]
[ignore_column: ]
[categorical_feature: 0,1]
[forcedbins_filename: ]
[precise_float_parser: 0]
[parser_config_file: ]
[objective_seed: 15521]
[num_class: 1]
[is_unbalance: 0]
[scale_pos_weight: 1]
[sigmoid: 1]
[boost_from_average: 1]
[reg_sqrt: 0]
[alpha: 0.1]
[fair_c: 1]
[poisson_max_delta_step: 0.7]
[tweedie_variance_power: 1.5]
[lambdarank_truncation_level: 30]
[lambdarank_norm: 1]
[label_gain: ]
[lambdarank_position_bias_regularization: 0]
[eval_at: ]
[multi_error_top_k: 1]
[auc_mu_weights: ]
[num_machines: 1]
[local_listen_port: 12400]
[time_out: 120]
[machine_list_filename: ]
[machines: ]
[gpu_platform_id: -1]
[gpu_device_id: -1]
[gpu_device_id_list: ]
[gpu_use_dp: 0]
[num_gpu: 1]

end of parameters

pandas_categorical:null
