tree
version=v4
num_class=1
num_tree_per_iteration=1
label_index=0
max_feature_idx=37
objective=quantile
feature_names=type_idx country_idx horizon_year cooling buffer scale nearby_500m nearby_2km nearby_highway_2km min_habitat_m habitat_hits habitat_proximity water_hits water_overlap min_water_m min_road_km snow_mm precip_mm has_gbif has_roadkill has_osm_roads has_open_meteo gbif_myotis_myotis gbif_meles_meles gbif_castor_fiber gbif_alcedo_atthis gbif_bombina_variegata gbif_alauda_arvensis gbif_podiceps_cristatus gbif_acrocephalus_scirpaceus gbif_lutra_lutra gbif_ciconia_ciconia gbif_cervus_elaphus gbif_count_500m gbif_count_2km gbif_suitability roadkill_intensity_2km roadkill_count_2km
feature_infos=-1:6:5:2:4:0:7:3:1 -1:0:1:2 [2026:2040] [0:1] [0:1] [0.40000000000000002:2] [0:3] [0:3] [0:3] [0:125011.43205326654] [0:6] [0:3] [0:5] [0:1] [44.225848332120513:209444.01326761045] [0.16774822241364587:228.22479370757517] [0:4.4129166666666659] [0:89.364999999999995] [0:1] [0:1] [0:1] [0:1] none none none none none none none none none [0:1.0918136539803009] none none [0:37] [0:3.2117718603482626] [0:17.727708328222089] [0:15]
tree_sizes=2070 2203 2207 2190 2188 2179 2193 2173 2179 2175 2174 2170 2209 2176 2167 2154 2170 2191 2164 2176 2202 2180 2188 2192 2156 2180 2170 2180 2159 2222 2214 2177 2179 2163 2189 2200 2180 2173 2220 2175 2172 2175 2201 2180 2168 2189 2188 2195 2180 2206 2186 2208 2198 2234 2216 2195 2205 2213 2236 2230 2207 2231 2204 2222 2203 2213 2215 2211 2229 2230 2214 2218 2206 2232 2211 2202 2185 2217 2188 2233 2205 2230 2239 2246 2244 2224 2219 2221 2207 2223 2233 2253 2248 2242 2216 2217 2237 2251 2211 2250 2251 2223 2236 2228 2235 2279 2221 2196 2227 2226 2221 2203 2238 2212 2228 2231 2235 2222 2224 2246

Tree=0
num_leaves=24
num_cat=2
split_feature=2 0 0 5 5 2 2 5 2 2 5 5 5 5 2 5 5 5 2 14 5 2 9
split_gain=312.488 129.842 122.655 77.9911 34.2724 38.72 18.3311 14.9587 17.0038 10.2576 10.5529 9.72078 7.3087 6.56834 4.83302 4.39976 4.11057 3.72848 5.47348 2.73765 1.39327 2.21192 1.28516
threshold=2032.5000000000002 0 1 1.0039509067790955 0.92692011529563423 2029.5000000000002 2034.5000000000002 0.71654816570429147 2030.5000000000002 2033.5000000000002 0.99972858438040657 0.74651220879099955 1.1742771550500766 0.88037162294841587 2034.5000000000002 1.5720523221415739 1.264078397058507 1.0294041024118206 2027.5000000000002 66992.805592730962 1.3310264847438595 2035.5000000000002 948.31837896333741
decision_type=2 1 1 2 2 2 2 2 2 2 2 2 2 2 2 2 2 2 2 2 2 2 2
left_child=1 4 3 6 -1 17 11 8 -3 10 -4 -2 14 -8 -5 20 -7 18 -6 -15 -11 -22 -16
right_child=2 7 9 12 5 16 13 -9 -10 15 -12 -13 -14 19 22 -17 -18 -19 -20 -21 21 -23 -24
leaf_value=8.8269094944000237 8.8958448171615601 9.1844289302825928 8.8024333715438843 9.2424030780792243 9.025552582740783 8.8620535135269165 8.8466695666313164 9.6113029003143318 8.9257703542709343 8.7348281383514408 8.9946923494338993 9.1036526203155521 9.1739761114120491 8.9280790805816643 8.9816622734069824 8.9594574928283688 8.9525238990783684 9.1111422777175903 8.9453163385391239 8.9688524246215824 8.9360437631607059 8.8912194967269897 9.0275074243545532
leaf_weight=216 39 147 81 43 20 79 208 1235 77 1065 90 55 230 71 51 25 41 136 24 59 32 85 90
leaf_count=216 39 147 81 43 20 79 208 1235 77 1065 90 55 230 71 51 25 41 136 24 59 32 85 90
internal_value=8.98278 8.99726 8.96993 8.98501 8.97566 8.98646 8.97017 9.00479 8.99306 8.96081 8.97212 8.9897 9.00054 8.96474 8.99312 8.95903 8.96446 9.00112 8.98847 8.97356 8.95859 8.96377 8.98864
internal_weight=4199 1975 2224 846 516 300 432 1459 224 1378 171 94 414 338 184 1207 120 180 44 130 1182 117 141
internal_count=4199 1975 2224 846 516 300 432 1459 224 1378 171 94 414 338 184 1207 120 180 44 130 1182 117 141
cat_boundaries=0 1 2
cat_threshold=72 164
is_linear=0
shrinkage=1


Tree=1
num_leaves=24
num_cat=0
split_feature=2 2 2 2 2 14 14 15 2 10 7 14 11 7 11 7 15 11 7 14 17 15 6
split_gain=304.968 38.2955 10.1427 4.35405 2.89563 2.10652 2.12034 4.27522 2.32623 1.62137 1.48206 1.44307 1.2876 1.13751 1.12534 1.58548 1.11623 1.01565 0.994431 1.47 1.17051 0.991883 0.982302
threshold=2033.5000000000002 2030.5000000000002 2034.5000000000002 2031.5000000000002 2028.5000000000002 28523.785437470815 52859.402025917014 58.083230587519203 2032.5000000000002 1.5000000000000002 2.5000000000000004 24206.200751287004 0.10621153667363335 1.0000000180025095e-35 0.11145050533192824 1.0000000180025095e-35 24.812388260590357 1.0365176943378989 1.0000000180025095e-35 39654.038758713657 73.879583333333343 13.761473223661897 1.0000000180025095e-35
decision_type=2 2 2 2 2 2 2 2 2 2 2 2 2 2 2 2 2 2 2 2 2 2 2
left_child=1 4 12 10 -1 16 7 8 -7 -8 14 -4 18 -10 -3 -16 -5 -14 20 -20 -2 -13 -6
right_child=2 3 11 5 22 6 9 -9 13 -11 -12 21 17 -15 15 -17 -18 -19 19 -21 -22 -23 -24
leaf_value=0.51112978219985961 0.044320946931838995 0.22005984544754026 -0.16787512391805648 0.0080299359560012558 0.32652446985244749 0.10920614957809445 0.0055112105607986184 -0.13877446055412293 -0.13903753876686098 0.23013169646263121 0.0022276139259338025 -0.077729829251766178 -0.092712086439132702 -0.0030340373516082766 0.044031260013580292 0.24616300821304318 0.16842105984687805 -0.05036910295486452 -0.20058829188346863 -0.053791005611419695 -0.034348500370979321 -0.15433054059743881 0.48198883295059203
leaf_weight=874 35 141 342 36 442 48 280 31 23 21 51 22 76 20 61 25 83 31 25 75 48 1318 91
leaf_count=874 35 141 342 36 442 48 280 31 23 21 51 22 76 20 61 25 83 31 25 75 48 1318 91
internal_value=-5.9538e-06 0.012674 -0.0143256 0.00408537 0.0176795 0.00147601 -0.000177305 -0.0057377 -0.000274725 0.00207641 0.00917266 -0.0158145 -0.00568966 -0.00872093 0.0109031 0.00639535 0.00735294 -0.0100467 -0.00314208 -0.0065 0.000903614 -0.0150746 0.0147749
internal_weight=4199 2227 1972 820 1407 542 423 122 91 301 278 1682 290 43 227 86 119 107 183 100 83 1340 533
internal_count=4199 2227 1972 820 1407 542 423 122 91 301 278 1682 290 43 227 86 119 107 183 100 83 1340 533
is_linear=0
shrinkage=0.05


Tree=2
num_leaves=24
num_cat=0
split_feature=5 5 5 5 9 6 20 14 5 14 9 7 15 14 14 5 14 5 5 9 15 5 15
split_gain=82.7366 10.8826 9.39026 3.17659 2.13312 1.83362 1.6468 2.18382 1.54687 1.49999 2.11092 1.2286 1.22329 1.43378 2.6377 2.28698 1.70449 2.07624 1.58214 1.38907 1.60952 1.20143 1.15341
threshold=0.94803883727286387 1.1393490278976233 0.74651220879099955 1.3207557252961468 25607.930157639341 1.0000000180025095e-35 1.0000000180025095e-35 47446.554333251734 0.55782275054609032 163935.68823499145 49647.951818734196 2.5000000000000004 19.70506439415054 7639.0746366610892 34504.457759630095 0.91337345033287376 67715.521830772239 0.87576888871408942 0.86354054545950343 6214.9048089522867 83.467243032003111 1.5531047480642555 12.075825483843191
decision_type=2 2 2 2 2 2 2 2 2 2 2 2 2 2 2 2 2 2 2 2 2 2 2
left_child=2 -2 6 9 5 21 7 -1 -8 10 11 22 -4 -14 15 -15 -16 18 -18 -19 -21 -5 -3
right_child=1 3 12 4 -6 -7 8 -9 -10 -11 -12 -13 13 14 16 -17 17 19 -20 20 -22 -23 -24
leaf_value=-0.13727481389790772 0.023541008874773974 0.15758499929308889 -0.098560337379574758 0.14057551823556419 0.23307465469837185 0.29917908912897107 -0.23747062904387711 -0.017235106445848913 -0.14490182812511918 0.19213182699680331 -0.0645399080887437 0.19490850830078124 -0.14975459302961824 0.097377001166343652 -0.083141857266426034 -0.044321448758244487 -0.075296538949012698 0.071100754782557465 -0.11780886075645683 -0.098022684693336526 -0.0007239900976419467 0.41305247157812119 0.084314733788371052
leaf_weight=34 1136 24 65 284 108 77 204 54 467 47 38 106 44 153 254 30 249 64 28 21 84 75 553
leaf_count=34 1136 24 65 284 108 77 204 54 467 47 38 106 44 153 254 30 249 64 28 21 84 75 553
internal_value=-0.000196475 0.00573938 -0.00849515 0.00884146 0.0117647 0.0102064 -0.0126812 -0.00625 -0.0135246 0.00677083 0.00620666 0.0068448 -0.00529234 -0.0048274 -0.00438845 0.000956284 -0.00578571 -0.00392377 -0.00658845 0.000443787 -0.00309524 0.00870474 0.00593588
internal_weight=4199 2448 1751 1312 544 436 759 88 671 768 721 683 992 927 883 183 700 446 277 169 105 359 577
internal_count=4199 2448 1751 1312 544 436 759 88 671 768 721 683 992 927 883 183 700 446 277 169 105 359 577
is_linear=0
shrinkage=0.05


Tree=3
num_leaves=24
num_cat=2
split_feature=2 0 0 5 2 5 5 2 5 2 5 5 2 5 2 5 5 2 5 2 5 5 5
split_gain=279.679 174.99 113.593 74.8337 28.6566 35.5612 25.73 21.0863 10.7736 7.41716 5.99521 5.06054 9.75 4.53935 3.6709 9.2373 3.52956 2.41205 2.17012 2.1157 6.23031 2.06846 1.91728
threshold=2033.5000000000002 0 1 1.0039509067790955 2028.5000000000002 1.0367651859622036 0.74651220879099955 2030.5000000000002 0.84175118767219159 2034.5000000000002 1.1943901211755916 1.2451720273098628 2030.5000000000002 0.92692011529563423 2031.5000000000002 0.88037162294841587 1.5720523221415739 2034.5000000000002 0.50361592300952374 2034.5000000000002 1.2141818954864803 1.0179578550006412 0.53101761050589735
decision_type=2 1 1 2 2 2 2 2 2 2 2 2 2 2 2 2 2 2 2 2 2 2 2
left_child=1 4 3 8 5 13 7 18 -2 -10 17 -6 -13 -1 -8 -16 19 -5 -3 20 -4 -17 -9
right_child=2 6 16 10 11 -7 14 22 9 -11 -12 12 -14 -15 15 21 -18 -19 -20 -21 -22 -23 -24
leaf_value=-0.10200842824801795 -0.12231380854770535 0.02399046563245353 -0.17604612836465244 0.20143677571192375 -0.17883479391261942 0.10998708428815007 0.62252161329090594 -0.15592784861586992 0.05805692076459526 -0.039982344541698737 0.16591459940709169 0.040239458507671966 -0.095122867069393463 -0.0064931766711175069 -0.0098914425879716994 0.1048122866429388 -0.035101065993308998 0.040405041647702422 0.23353500786535442 -0.22770390063934032 -0.00019252665042879258 0.35387424827255304 -0.037134001622535266
leaf_weight=94 209 33 133 27 270 109 1036 33 24 162 182 26 52 35 46 67 25 161 140 1012 37 194 92
leaf_count=94 209 33 133 27 270 109 1036 33 24 162 182 26 52 35 46 67 25 161 140 1012 37 194 92
internal_value=-0.000232198 0.0119106 -0.0139452 0.00125806 -0.0114933 0.00168067 0.020215 0.00704698 -0.0138608 -0.00510753 0.0174324 -0.0208333 -0.00961538 -0.0160853 0.0232874 0.0184853 -0.0233977 0.0111702 0.0183526 -0.0239848 -0.0188235 0.0221264 -0.0086
internal_weight=4199 2227 1972 765 586 238 1641 298 395 186 370 348 78 129 1343 307 1207 188 173 1182 170 261 125
internal_count=4199 2227 1972 765 586 238 1641 298 395 186 370 348 78 129 1343 307 1207 188 173 1182 170 261 125
cat_boundaries=0 1 2
cat_threshold=72 164
is_linear=0
shrinkage=0.05


Tree=4
num_leaves=24
num_cat=3
split_feature=0 0 5 5 5 5 0 5 5 5 5 5 9 5 5 9 5 15 14 16 6 9 3
split_gain=187.024 54.8936 41.1658 23.3715 13.7036 8.22416 8.32644 6.00688 4.74375 3.03112 2.87269 2.72607 3.09121 2.09139 1.96769 1.74469 1.70942 1.50048 1.50407 1.88929 1.23202 2.09484 1.77735
threshold=0 1 1.0039509067790955 0.92150294269003385 1.0816180947461709 0.75151658956402845 2 0.6614825672723017 1.1153207202073521 1.2026241249255898 1.5720523221415739 1.3246791633457937 26496.096493499663 0.52541672543949758 0.92692011529563423 21518.751147060382 0.80201068204579806 31.926135730654767 34911.559038450992 1.756416666666667 1.0000000180025095e-35 5242.8019977711238 1.0000000180025095e-35
decision_type=1 1 2 2 2 2 1 2 2 2 2 2 2 2 2 2 2 2 2 2 2 2 2
left_child=2 3 5 7 14 13 16 -2 -5 -4 -10 -6 -13 -1 -3 -15 -7 -8 -19 20 22 -22 -20
right_child=1 4 9 8 11 6 17 -9 10 -11 -12 12 -14 15 -16 -17 -18 18 19 -21 21 -23 -24
leaf_value=-0.12678060346420855 -0.20293970752792434 -0.25971906004816303 0.33168782050652418 -0.020186468539275283 -0.18276568047940733 0.21766527190899476 -0.0091382618247345167 -0.10134758109392604 0.093326688122600254 0.51388046195847914 0.36083742220668119 -0.10949786393348125 0.11601892216112467 -0.017501839786656159 -0.2244337202600018 0.13957194519344251 0.3972447201066836 0.31370485391363501 0.24039069335695348 -0.030679298347123043 0.13120728652711949 -0.055361524218320884 -0.0047011904275045431
leaf_weight=72 174 416 424 421 292 30 89 430 480 372 39 108 21 167 226 50 131 59 81 43 21 22 31
leaf_count=72 174 416 424 421 292 30 89 430 480 372 39 108 21 167 226 50 131 59 81 43 21 22 31
internal_value=-0.000410812 -0.0086454 0.0130462 -0.002574 -0.0173579 0.00508794 0.00892505 -0.0102649 0.00234043 0.0211683 0.0055395 -0.0105107 -0.00445736 -0.0016436 -0.0221184 0.000806452 0.0179825 0.00407303 0.0061284 0.0040404 0.0066129 -0.000581395 0.009375
internal_weight=4199 2607 1592 1544 1063 796 507 604 940 796 519 421 129 289 642 217 161 346 257 198 155 43 112
internal_count=4199 2607 1592 1544 1063 796 507 604 940 796 519 421 129 289 642 217 161 346 257 198 155 43 112
cat_boundaries=0 1 2 3
cat_threshold=164 19 4
is_linear=0
shrinkage=0.05


Tree=5
num_leaves=24
num_cat=4
split_feature=0 0 5 5 5 5 0 5 5 5 0 5 5 9 15 5 9 4 8 15 9 7 4
split_gain=166.134 51.0418 37.0656 21.1054 12.6528 6.99359 6.94179 5.62625 4.40166 3.97971 3.67803 3.44279 2.32402 2.20687 2.14417 1.61727 1.56983 1.54922 1.78561 1.47417 1.26152 1.38908 1.22823
threshold=0 1 1.0062036727854309 0.92150294269003385 1.1393490278976233 0.7082975517696023 2 0.64827296193767847 1.2393793021592654 1.1153207202073521 3 0.89631661730230283 0.83296196964687219 6903.6396382591493 152.80516291505447 0.52541672543949758 71271.251640982737 1.0000000180025095e-35 1.0000000180025095e-35 55.61385114553012 1.0000000180025095e-35 1.5000000000000002 1.0000000180025095e-35
decision_type=1 1 2 2 2 2 1 2 2 2 1 2 2 2 2 2 2 2 2 2 2 2 2
left_child=2 3 5 7 11 13 12 -2 10 -5 -4 -3 -7 20 17 -15 -11 18 -6 -20 -1 -22 -12
right_child=1 4 8 9 14 6 -8 -9 -10 16 22 -13 -14 15 -16 -17 -18 -19 19 -21 21 -23 -24
leaf_value=-0.018156533114021656 -0.20316673243793379 -0.24849363220305742 0.40109004379385804 -0.0191771451123115 -0.12678522869383455 0.27980837915639295 0.050541780000286085 -0.097091130447565635 0.52922892989139725 0.12690057004563315 0.22550862264331145 -0.20003413544660065 0.31915014541655212 -0.11870491810488143 0.038452142505971669 0.1548233085275379 -0.06042984095552191 -0.2006805779022649 -0.15956745390474047 0.10130805767916895 -0.12173432912919298 -0.010733812840549374 0.34156834638099831
leaf_weight=67 157 374 161 421 178 59 381 447 317 498 207 343 123 25 25 62 21 99 23 21 58 27 105
leaf_count=67 157 374 161 421 178 59 381 447 317 498 207 343 123 25 25 62 21 99 23 21 58 27 105
internal_value=-0.000637056 -0.00839702 0.0120474 -0.00254183 -0.0167987 0.00455112 0.00759325 -0.00985099 0.0198101 0.00212766 0.0167548 -0.0207462 0.0153646 -0.00261506 -0.00910405 0.00373563 0.0050578 -0.0102025 -0.00788288 0.00113636 -0.00625 -0.0102941 0.0121118
internal_weight=4199 2607 1592 1544 1063 802 563 604 790 940 473 717 182 239 346 87 519 321 222 44 152 85 312
internal_count=4199 2607 1592 1544 1063 802 563 604 790 940 473 717 182 239 346 87 519 321 222 44 152 85 312
cat_boundaries=0 1 2 3 4
cat_threshold=164 19 4 4
is_linear=0
shrinkage=0.05


Tree=6
num_leaves=24
num_cat=3
split_feature=2 0 0 5 2 5 5 2 0 5 2 5 2 5 2 5 5 2 5 5 2 18 2
split_gain=334.092 148.569 79.771 54.8757 35.5293 30.2406 21.5585 25.9559 18.9791 16.3782 10.9465 7.73642 14.5854 4.7897 3.84174 5.07048 3.473 3.3794 2.90386 2.22745 7.27818 2.22105 2.14763
threshold=2033.5000000000002 0 1 0.96426533895968825 2028.5000000000002 0.87576888871408942 0.79910182006429553 2030.5000000000002 2 1.2416095059357677 2034.5000000000002 1.1912409331906684 2030.5000000000002 0.84175118767219159 2032.5000000000002 1.0758755085164153 1.0632720573186565 2027.5000000000002 0.53101761050589735 1.3310264847438595 2034.5000000000002 1.0000000180025095e-35 2035.5000000000002
decision_type=2 1 1 2 2 2 2 2 1 2 2 2 2 2 2 2 2 2 2 2 2 2 2
left_child=1 4 3 13 5 -1 7 -3 -5 10 -10 -6 -13 -2 -8 -16 17 -7 -9 -4 -21 -12 -15
right_child=2 6 19 8 11 16 14 18 9 -11 21 12 -14 22 15 -17 -18 -19 -20 20 -22 -23 -24
leaf_value=-0.078238997540428429 -0.11609151202065515 0.22072847146301641 -0.20319900163998011 0.13445479659334217 -0.15028989254954947 0.028674427356313759 0.55237019292373923 -0.13458378220776623 0.092254090540359809 0.067765741202234372 0.0039575369116097827 0.04143373405438551 -0.075857681167814217 0.00076047927596443196 0.027751145922890075 0.20979406616708546 0.12228118405342583 -0.0049506779267370687 -0.014371797035384404 0.042471439579349068 -0.086360683349318679 -0.035955284263920764 -0.053816866222665329
leaf_weight=80 209 230 1065 148 257 36 1116 33 27 98 23 32 59 36 63 76 100 22 123 20 122 130 94
leaf_count=80 209 230 1065 148 257 36 1116 33 27 98 23 32 59 36 63 76 100 22 123 20 122 130 94
internal_value=-0.000732317 0.0125393 -0.0157201 -0.00287097 -0.0090604 0.00567227 0.0201847 0.00997409 0.00903756 0.000868056 -0.00805556 -0.0193966 -0.00686813 -0.0179204 0.0234861 0.0156475 0.0183544 0.00862069 -0.00576923 -0.0236442 -0.0179577 -0.0132353 -0.0103846
internal_weight=4199 2227 1972 765 586 238 1641 386 426 278 180 348 91 339 1255 139 158 58 156 1207 142 153 130
internal_count=4199 2227 1972 765 586 238 1641 386 426 278 180 348 91 339 1255 139 158 58 156 1207 142 153 130
cat_boundaries=0 1 2 3
cat_threshold=72 164 4
is_linear=0
shrinkage=0.05


Tree=7
num_leaves=24
num_cat=4
split_feature=2 0 0 5 5 2 5 0 2 5 2 0 2 2 5 5 5 5 2 2 5 5 2
split_gain=319.71 113.736 98.595 52.0568 30.7246 31.7339 16.6032 15.6462 18.6191 17.0225 15.6168 13.5265 12.6283 9.08515 11.1381 4.50235 4.15879 4.09074 4.98778 3.50431 6.90735 3.01995 2.52542
threshold=2032.5000000000002 0 1 0.95989162001894435 0.92692011529563423 2029.5000000000002 0.71283530371631154 2 2034.5000000000002 1.294853711309133 2033.5000000000002 3 2028.5000000000002 2034.5000000000002 1.0871140789853733 1.2226069235746426 0.84175118767219159 1.0367651859622036 2027.5000000000002 2030.5000000000002 0.87576888871408942 1.3310264847438595 2026.5000000000002
decision_type=2 1 1 2 2 2 2 1 2 2 2 1 2 2 2 2 2 2 2 2 2 2 2
left_child=1 4 3 10 22 17 11 -5 -9 -10 -2 -3 -13 14 -4 -7 -12 18 -6 -8 -21 -16 -1
right_child=2 6 13 7 5 15 19 8 9 -11 16 12 -14 -15 21 -17 -18 -19 -20 20 -22 -23 -24
leaf_value=-0.04060153017718493 0.099718860990044261 0.23984846272260599 -0.14357989993678885 0.13939137832364756 0.034371025204958987 -0.087233384247097506 0.59718637163059485 0.19319168010069135 -0.029942741001473563 0.063598659890740275 -0.11028693641962239 0.07877426581962306 -0.061369629214965742 -0.19395087526138743 -0.047838788679511614 -0.02122228027874247 -0.042726722140625208 0.097737247828107957 -0.017652613538639006 0.015211685929531083 0.32374370294957266 0.076801974024757955 -0.14097089670435087
leaf_weight=33 32 108 212 160 20 71 897 84 173 63 209 39 68 1033 91 49 125 135 25 73 274 42 183
leaf_count=33 32 108 212 160 20 71 897 84 173 63 209 39 68 1033 91 49 125 135 25 73 274 42 183
internal_value=-0.000982377 0.0136582 -0.0139838 -0.000408879 -0.00655894 0.00366667 0.0207114 0.0104167 0.00348485 -0.00360169 -0.0146175 0.00802326 -0.00491453 -0.0221542 -0.0152899 -0.01625 -0.0178144 0.0169444 0.00388889 0.0230707 0.018804 -0.00394737 -0.0210648
internal_weight=4199 1975 2224 846 516 300 1459 480 320 236 366 215 107 1378 345 120 334 180 45 1244 347 133 216
internal_count=4199 1975 2224 846 516 300 1459 480 320 236 366 215 107 1378 345 120 334 180 45 1244 347 133 216
cat_boundaries=0 1 2 3 4
cat_threshold=72 164 4 164
is_linear=0
shrinkage=0.05


Tree=8
num_leaves=24
num_cat=4
split_feature=2 0 0 2 0 2 2 0 2 2 2 15 9 9 15 11 15 15 2 15 17 19 36
split_gain=312.853 130.771 76.0109 48.6573 23.6998 16.5993 14.3635 14.8209 4.238 2.50097 1.73787 1.42159 1.43519 2.47679 1.41419 1.24805 1.16806 2.18621 1.77384 1.62512 1.76142 1.1662 1.09205
threshold=2031.5000000000002 0 1 2034.5000000000002 2 2028.5000000000002 2034.5000000000002 3 2030.5000000000002 2033.5000000000002 2033.5000000000002 98.124676241988269 14017.370295984869 2049.9596770067506 158.41501366854791 0.11609778888688695 50.088571606573716 84.451189777756809 2032.5000000000002 35.307879697838281 73.879583333333343 1.0000000180025095e-35 0.05862795281634519
decision_type=2 1 1 2 1 2 2 1 2 2 2 2 2 2 2 2 2 2 2 2 2 2 2
left_child=2 3 5 9 11 -1 7 -3 -4 -2 16 12 13 15 22 -5 19 -18 -19 20 -9 -10 -6
right_child=1 6 8 4 14 -7 -8 10 21 -11 -12 -13 -14 -15 -16 -17 17 18 -20 -21 -22 -23 -24
leaf_value=0.02651962401661714 0.28607418437039212 -0.17640487079758024 0.51718783523876921 -0.023541051723975762 -0.048192383545764272 -0.054420499319828508 -0.18425333149831805 0.015023962122011625 0.016423782465684367 0.084591841806555795 -0.051912319613823678 0.072160561193208669 -0.012783767796211621 0.077772351266342812 -0.022010443786823066 0.012585650570456153 -0.043796178359113203 -0.05015108440869627 0.010998471608813266 0.057152476748879445 -0.028759266137001128 0.22364543655456082 -0.059651671541535924
leaf_weight=238 196 220 1038 22 359 194 1033 31 26 116 108 77 20 58 25 55 43 36 41 21 20 189 33
leaf_count=238 196 220 1038 22 359 194 1033 31 26 116 108 77 20 58 25 55 43 36 41 21 20 189 33
internal_value=-0.000899024 -0.0120724 0.0157715 0.00249743 -0.00527735 -0.00248869 -0.0209693 -0.0143269 0.0219121 0.01875 -0.00629032 0.00743802 0.005 0.00685185 -0.0122365 0.000974026 -0.00364583 -0.00666667 -0.00162338 0.00138889 -0.00343137 0.0156977 -0.0132653
internal_weight=4199 2514 1685 961 649 432 1553 520 1253 312 300 232 155 135 417 77 192 120 77 72 51 215 392
internal_count=4199 2514 1685 961 649 432 1553 520 1253 312 300 232 155 135 417 77 192 120 77 72 51 215 392
cat_boundaries=0 1 2 3 4
cat_threshold=164 72 4 72
is_linear=0
shrinkage=0.05


Tree=9
num_leaves=24
num_cat=5
split_feature=2 0 0 2 0 2 0 2 2 0 2 11 2 14 15 15 9 9 11 3 15 15 2
split_gain=294.226 123.339 68.5995 40.9395 22.3279 15.4626 16.3925 14.2445 4.78693 3.57833 3.41796 2.51314 1.48169 1.69002 1.46403 1.42159 1.43519 2.47679 1.24805 1.12288 1.24844 1.29568 1.10946
threshold=2031.5000000000002 0 1 2034.5000000000002 2 2034.5000000000002 3 2028.5000000000002 2029.5000000000002 4 2033.5000000000002 0.059682259130781894 2033.5000000000002 28523.785437470815 23.522357577268313 98.124676241988269 14017.370295984869 2049.9596770067506 0.11609778888688695 1.0000000180025095e-35 31.926135730654767 58.568473776007473 2029.5000000000002
decision_type=2 1 1 2 1 2 1 2 2 1 2 2 2 2 2 2 2 2 2 2 2 2 2
left_child=2 3 7 10 15 6 -3 -1 -4 11 -2 -10 13 -8 -6 16 17 18 -5 20 -16 -22 -9
right_child=1 5 8 4 14 -7 12 22 9 -11 -12 -13 -14 -15 19 -17 -18 -19 -20 -21 21 -23 -24
leaf_value=0.025193642815786312 0.27177047515187253 -0.16758462725770121 0.52366961632685072 -0.022363999137776959 -0.0482006195069987 -0.17504066492340217 0.045806354337829182 -0.025232773905685058 0.10232485163097245 0.38576007923712746 0.080362249716227963 -0.0037521569162160874 -0.049316703633132522 -0.02288203408820131 -0.015798839988970092 0.068552533133548185 -0.012144579406401058 0.073883733703025631 0.011956368041933363 -0.057276567899573874 -0.064268770892889918 -0.042270229864018828 -0.074382189193231613
leaf_weight=238 196 220 847 22 39 1033 38 71 73 288 116 45 108 154 64 77 20 58 55 112 59 143 123
leaf_count=238 196 220 847 22 39 1033 38 71 73 288 116 45 108 154 64 77 20 58 55 112 59 143 123
internal_value=-0.00107764 -0.0119133 0.015089 0.00223996 -0.00489214 -0.0205534 -0.0136538 -0.00226244 0.0209224 0.0166256 0.0171474 0.00703125 -0.00532258 -0.00286458 -0.0116511 0.00743802 0.005 0.00685185 0.000974026 -0.0109788 -0.00921053 -0.0111386 -0.0123711
internal_weight=4199 2514 1685 961 649 1553 520 432 1253 406 312 118 300 192 417 232 155 135 77 378 266 202 194
internal_count=4199 2514 1685 961 649 1553 520 432 1253 406 312 118 300 192 417 232 155 135 77 378 266 202 194
cat_boundaries=0 1 2 3 4 5
cat_threshold=164 72 4 72 3
is_linear=0
shrinkage=0.05


Tree=10
num_leaves=24
num_cat=4
split_feature=2 0 0 5 5 2 5 2 0 5 2 5 0 2 5 2 5 2 5 5 5 5 5
split_gain=280.997 119.133 63.125 63.0855 36.0415 19.2178 16.602 15.4247 20.0631 15.433 15.037 19.7428 10.1076 10.6428 8.07241 11.7875 7.46717 6.76083 4.97414 3.72422 3.1366 2.90094 2.68508
threshold=2031.5000000000002 0 1 0.95125794861024027 1.0632720573186565 2033.5000000000002 0.82727239353578796 2034.5000000000002 2 1.232385959691737 2034.5000000000002 1.0758755085164153 3 2029.5000000000002 0.80864045418109476 2027.5000000000002 0.50361592300952374 2029.5000000000002 1.4158576102881872 1.4730567937906967 0.75992680472410246 0.84175118767219159 0.88415018194986472
decision_type=2 1 1 2 2 2 2 2 1 2 2 2 1 2 2 2 2 2 2 2 2 2 2
left_child=2 3 4 5 14 20 12 -5 -9 -10 11 -3 -4 16 -1 22 -14 -6 -12 -13 -2 -7 -16
right_child=1 10 6 7 17 21 -8 8 9 -11 18 19 13 -15 15 -17 -18 -19 -20 -21 -22 -23 -24
leaf_value=-0.12851243141108357 0.0035691087737478536 -0.12470315516295878 0.37417232359106234 0.28374694147428187 0.092665718006539249 -0.10261337246514257 0.50836885741837123 0.10041805961409533 -0.027214308855436988 0.040498933130854113 -0.16852843585541805 -0.030710257760054517 -0.047927191527310065 -0.029927504370044791 -0.0028038853426402889 -0.049462412892704768 0.095424523500028793 -0.0021399216194362583 -0.052646794115860686 0.20604310945172755 0.12232019908367109 -0.041271255514699505 0.027353447538265387
leaf_weight=108 32 318 115 201 126 209 917 132 161 85 967 180 21 78 20 92 122 52 66 22 33 108 34
leaf_count=108 32 318 115 201 126 209 917 132 161 85 967 180 21 78 20 92 122 52 66 22 33 108 34
internal_value=-0.00118481 -0.0117741 0.0146142 0.00213697 -0.0020362 -0.0136126 0.0202098 0.0125648 0.00661376 -0.00214844 -0.0202655 -0.0134615 0.0108631 0.00378788 -0.0141732 -0.00650685 0.0120629 0.0151685 -0.0238867 -0.00123762 0.0111538 -0.0186909 0.012037
internal_weight=4199 2514 1685 961 432 382 1253 579 378 246 1553 520 336 221 254 146 143 178 1033 202 65 317 54
internal_count=4199 2514 1685 961 432 382 1253 579 378 246 1553 520 336 221 254 146 143 178 1033 202 65 317 54
cat_boundaries=0 1 2 3 4
cat_threshold=164 72 4 36
is_linear=0
shrinkage=0.05


Tree=11
num_leaves=24
num_cat=4
split_feature=2 0 0 5 5 2 5 2 0 5 5 2 5 0 5 2 2 2 5 5 5 5 2
split_gain=268.27 111.187 71.5882 53.5601 37.8136 29.3399 29.196 21.1645 14.5498 13.2509 11.2753 10.5274 8.56997 8.52239 6.78638 6.14832 4.80017 4.28481 7.16699 4.24374 3.90819 3.51586 2.74091
threshold=2033.5000000000002 0 1 0.96426533895968825 0.83593146774837945 2028.5000000000002 0.88415018194986472 2030.5000000000002 2 1.294853711309133 1.1498103798023716 2031.5000000000002 1.3730171506729645 3 0.6677617044747115 2034.5000000000002 2028.5000000000002 2030.5000000000002 1.0324986184915215 0.84175118767219159 1.0816180947461709 0.61287064589900508 2034.5000000000002
decision_type=2 1 1 2 2 2 2 2 1 2 2 2 2 1 2 2 2 2 2 2 2 2 2
left_child=1 5 3 19 7 6 -1 13 -5 15 -7 -12 22 14 -3 -10 -16 -6 -19 -2 -8 -9 -4
right_child=2 4 12 8 17 10 20 21 9 -11 11 -13 -14 -15 16 -17 -18 18 -20 -21 -22 -23 -24
leaf_value=-0.065973093257196205 -0.097482703841885426 -0.040627204173017885 -0.11965820430111683 0.11136054066475271 0.54344732428363141 -0.1265714364616739 0.01635064697042319 -0.108998254271677 0.065847924772753433 0.086470794192233233 0.012908436782519052 -0.08489004571897385 -0.037824151667922835 0.4073345147458497 0.11793864899383998 -0.021314901109631013 -0.0015662302253875993 0.061533194227622538 0.26961382482883328 -0.037099089959382069 0.11047689208788328 -0.015537912275577437 -0.16139194202208929
leaf_weight=82 209 48 158 148 757 236 63 62 29 79 66 46 111 148 50 170 35 148 272 130 93 121 938
leaf_count=82 209 48 158 148 757 236 63 62 29 79 66 46 111 148 50 170 35 148 272 130 93 121 938
internal_value=-0.00135151 0.0105411 -0.0147819 -0.0026129 0.0171563 -0.00813758 0.0052521 0.00517241 0.00915493 0.00190972 -0.0175287 -0.00446429 -0.0222884 0.01379 0.00332168 -0.0048995 0.0120588 0.0220263 0.0179762 -0.0174779 0.0179487 -0.00806011 -0.0238139
internal_weight=4199 2227 1972 765 1641 586 238 464 426 278 348 112 1207 281 133 199 85 1177 420 339 156 183 1096
internal_count=4199 2227 1972 765 1641 586 238 464 426 278 348 112 1207 281 133 199 85 1177 420 339 156 183 1096
cat_boundaries=0 1 2 3 4
cat_threshold=72 164 4 19
is_linear=0
shrinkage=0.05


Tree=12
num_leaves=24
num_cat=0
split_feature=2 5 5 2 2 2 2 5 5 5 5 2 5 5 5 2 5 9 5 9 4 9 6
split_gain=262.074 51.3062 40.0949 18.4435 13.4199 12.5828 12.2417 8.80392 7.1395 6.17727 5.82452 4.47357 3.51546 3.06483 2.92674 1.96177 2.89159 1.64326 1.5163 1.49455 1.33681 1.51468 1.30273
threshold=2032.5000000000002 0.94147667905431387 1.1625859542886614 2028.5000000000002 2034.5000000000002 2030.5000000000002 2034.5000000000002 0.87576888871408942 0.73459936002505744 1.3869806392842978 0.93566252435764941 2031.5000000000002 1.1374106219301641 0.71283530371631154 0.48900742528759283 2027.5000000000002 1.0367651859622036 259.65779825042154 0.8562717732649815 27912.41317200923 1.0000000180025095e-35 9586.3725881875816 1.0000000180025095e-35
decision_type=2 2 2 2 2 2 2 2 2 2 2 2 2 2 2 2 2 2 2 2 2 2 2
left_child=1 3 6 8 -4 15 7 -2 14 -6 -8 13 17 -5 -1 -3 -17 -7 -13 22 21 -15 -11
right_child=2 5 4 11 9 12 10 -9 -10 19 -12 18 -14 20 -16 16 -18 -19 -20 -21 -22 -23 -24
leaf_value=-0.045747952199656397 -0.1032817117233794 0.55242756869887433 0.088306977933029662 -0.039449827265665552 -0.031496760675271761 -0.018571336921585059 -0.14322874796795346 -0.0049137455615137606 0.18939862627180881 -0.0078386034435977692 -0.070584479286782117 -0.1078958772874113 0.21220445267071761 0.0095622795773659952 0.062512695573394436 0.13638260683061426 0.35130773716149194 0.10160848287019841 -0.031038178517960271 0.043517038523117085 0.097298603841249873 -0.018641634118821138 0.034150446764699714
leaf_weight=30 179 340 158 124 327 41 672 205 210 87 547 92 180 101 115 115 383 98 32 28 63 51 21
leaf_count=30 179 340 158 124 327 41 672 205 210 87 547 92 180 101 115 115 383 98 32 28 63 51 21
internal_value=-0.00147059 0.0117848 -0.0132419 0.00220049 -0.00245572 0.0185609 -0.0174205 -0.00963542 0.0107746 -0.00674946 -0.0198728 -0.00437365 0.0101097 -0.00140118 0.00224138 0.021778 0.0197791 0.00413669 -0.0125 0.00220588 0.0022093 -0.000328947 -0.000462963
internal_weight=4199 1975 2224 818 621 1157 1603 384 355 463 1219 463 319 339 145 838 498 139 124 136 215 152 108
internal_count=4199 1975 2224 818 621 1157 1603 384 355 463 1219 463 319 339 145 838 498 139 124 136 215 152 108
is_linear=0
shrinkage=0.05


Tree=13
num_leaves=24
num_cat=5
split_feature=2 0 0 5 5 5 2 0 2 5 2 0 2 5 5 2 5 2 0 5 5 2 5
split_gain=235.626 116.181 96.5021 47.8723 24.3455 23.9466 17.5825 16.0331 17.1056 12.3641 10.4364 9.98951 12.6621 10.9033 7.91808 7.20464 7.56593 6.19695 6.01095 6.51057 5.92871 5.39418 5.41134
threshold=2032.5000000000002 0 1 0.96905256789785377 0.83593146774837945 1.1672731239108303 2030.5000000000002 2 2029.5000000000002 1.3310264847438595 2034.5000000000002 3 2034.5000000000002 1.232385959691737 0.51653639921929895 2028.5000000000002 0.79218722710116374 2034.5000000000002 4 0.70059082524422223 0.7681049980012834 2034.5000000000002 1.0294041024118206
decision_type=2 1 1 2 2 2 2 1 2 2 2 1 2 2 2 2 2 2 1 2 2 2 2
left_child=1 5 3 10 7 15 -7 -3 14 21 20 -5 -13 -14 -9 16 -1 -11 19 -12 -2 22 -4
right_child=2 4 9 11 -6 6 -8 8 -10 17 18 12 13 -15 -16 -17 -18 -19 -20 -21 -22 -23 -24
leaf_value=-0.086576032621508148 -0.039090747498634976 0.31268849009018018 -0.12354560905137542 0.12001502175628086 0.40562136656334336 0.073874951753207976 -0.035287762095838331 -0.042725485245386711 -0.037477335902382294 0.072683098926205059 -0.082771141564632486 0.13961498899876332 -0.02106139091086652 0.037739737725157242 0.09639538609420005 -0.10033916918077455 -0.0036965339537680109 -0.044737846405960263 -0.083016100964110162 0.0074100290011517968 0.050545152731338305 -0.1483909437812847 -0.039924896193569294
leaf_weight=51 42 139 182 157 1045 105 44 24 124 42 42 81 147 85 127 199 117 122 185 64 43 911 121
leaf_count=51 42 139 182 157 1045 105 44 24 124 42 42 81 147 85 127 199 117 122 185 64 43 911 121
internal_value=-0.00172065 0.0108481 -0.0128822 0.000525701 0.0179884 -0.0095057 0.00721477 0.00785024 0.000438596 -0.0209654 -0.012766 0.0111702 0.00534056 -0.000431034 0.011755 -0.0165531 -0.00892857 -0.00823171 -0.017268 -0.00560345 0.00264706 -0.0228583 -0.0170792
internal_weight=4199 1975 2224 846 1459 516 149 414 275 1378 376 470 313 232 151 367 168 164 291 106 85 1214 303
internal_count=4199 1975 2224 846 1459 516 149 414 275 1378 376 470 313 232 151 367 168 164 291 106 85 1214 303
cat_boundaries=0 1 2 3 4 5
cat_threshold=72 164 36 4 4
is_linear=0
shrinkage=0.05


Tree=14
num_leaves=24
num_cat=5
split_feature=2 0 0 5 5 2 5 5 0 2 0 2 2 0 5 5 2 2 5 5 5 2 5
split_gain=225.243 126.187 77.2009 49.6635 28.0545 24.1562 15.0151 14.289 15.6164 15.7935 12.666 12.0555 11.3582 10.4211 9.1523 9.10053 6.37039 5.60397 7.78134 5.09795 4.03726 4.43095 3.91864
threshold=2031.5000000000002 0 1 1.0566613915605825 1.0367651859622036 2034.5000000000002 0.8899652155658534 1.2416095059357677 2 2034.5000000000002 3 2028.5000000000002 2029.5000000000002 4 0.84175118767219159 0.61287064589900508 2035.5000000000002 2034.5000000000002 0.99172057139916781 0.52541672543949758 0.79218722710116374 2027.5000000000002 1.4971340844100429
decision_type=2 1 1 2 2 2 2 2 1 2 1 2 2 1 2 2 2 2 2 2 2 2 2
left_child=2 3 4 5 20 15 10 17 -9 -10 11 -4 -6 14 -7 -2 -5 18 -3 -12 -1 -22 -11
right_child=1 7 6 16 12 13 -8 8 9 22 19 -13 -14 -15 -16 -17 -18 -19 -20 -21 21 -23 -24
leaf_value=-0.11745459878910497 -0.093119087525401947 -0.11784956980259863 0.062980687924574855 0.2592292427662839 0.059850260882853945 -0.043377510091739714 0.44403825640741168 -0.16394331426180489 0.089434000817188955 -0.0204474857414642 -0.014817902759647074 -0.026160617434041012 -0.01816188459785071 -0.061066077013903278 0.035744730806308578 0.07784839786973477 0.044878115971411427 -0.14173847449119231 -0.034262049963944198 0.2706541305181836 8.0185605299742951e-05 -0.046061969137128504 0.013840948102225515
leaf_weight=102 26 260 71 183 135 70 823 126 55 98 33 78 58 251 67 131 233 834 160 248 50 87 20
leaf_count=102 26 260 71 183 135 70 823 126 55 98 33 78 58 251 67 131 233 834 160 248 50 87 20
internal_value=-0.00175637 -0.0112371 0.0123887 0.00306385 -0.00588235 -0.00683486 0.0185867 -0.0199776 -0.0102843 0.000136612 0.0111628 -0.00110063 0.00816062 -0.0135309 -0.00153061 0.00971338 0.0161058 -0.0224482 -0.0177381 0.0170962 -0.0174686 -0.0118613 -0.0101695
internal_weight=4199 2514 1685 961 432 545 1253 1553 299 173 430 149 193 388 137 157 416 1254 420 281 239 137 118
internal_count=4199 2514 1685 961 432 545 1253 1553 299 173 430 149 193 388 137 157 416 1254 420 281 239 137 118
cat_boundaries=0 1 2 3 4 5
cat_threshold=164 72 72 17 4
is_linear=0
shrinkage=0.05


Tree=15
num_leaves=24
num_cat=6
split_feature=2 0 0 5 5 2 5 5 0 0 2 0 5 2 2 5 5 2 0 5 5 5 5
split_gain=223.954 123.854 73.8358 33.5773 27.2507 23.404 26.8914 22.73 21.9532 14.2997 13.511 9.55368 12.2172 8.40593 5.84526 5.55375 4.58161 4.46083 5.61296 11.6276 4.45581 4.2749 3.62549
threshold=2033.5000000000002 0 1 0.87576888871408942 1.3207557252961468 2029.5000000000002 1.0367651859622036 0.85301416984164968 2 3 2028.5000000000002 4 0.96905256789785377 2030.5000000000002 2034.5000000000002 0.79218722710116374 1.304185265331794 2030.5000000000002 5 1.1453412370221989 0.6732881902594493 0.59363815052548841 0.63561259619552946
decision_type=2 1 1 2 2 2 2 2 1 1 2 1 2 2 2 2 2 2 1 2 2 2 2
left_child=1 5 7 8 11 6 15 22 10 -6 20 12 -4 -10 -14 -1 -7 -5 19 -19 -3 -15 -2
right_child=2 3 4 17 9 16 -8 -9 13 -11 -12 -13 14 21 -16 -17 -18 18 -20 -21 -22 -23 -24
leaf_value=-0.079300870766538523 -0.082664759345221661 -0.019143639625857925 -0.067700625167808601 0.47728298758898702 0.046427593629327427 -0.11136486428829456 0.056857747838711253 0.083071233232757447 0.27699132770921614 -0.051894980231175739 -0.0491883906444949 -0.13026228012722049 0.049759573000112849 -0.080167951218839378 -0.016411064428237764 -0.010173809029109027 -0.028606460841034843 -0.029488059510148237 0.25356024490642187 0.0954037749270472 0.085523001235091475 0.055933444419770155 -0.0056129213729430921
leaf_weight=72 34 23 221 709 100 239 135 184 219 120 129 1058 29 30 175 102 38 60 281 57 45 88 51
leaf_count=72 34 23 221 709 100 239 135 184 219 120 129 1058 29 30 175 102 38 60 281 57 45 88 51
internal_value=-0.00185163 0.00901437 -0.0141227 0.0160055 -0.0179072 -0.0106544 -0.0013754 0.0101254 0.00580524 -0.00159091 -0.00736715 -0.0204484 -0.012931 0.0133285 -0.00441176 -0.0143678 -0.0213899 0.0210705 0.0168342 0.00570866 0.0102941 0.0029661 -0.0108824
internal_weight=4199 2227 1972 1641 1703 586 309 269 534 220 197 1483 425 337 204 174 277 1107 398 117 68 118 85
internal_count=4199 2227 1972 1641 1703 586 309 269 534 220 197 1483 425 337 204 174 277 1107 398 117 68 118 85
cat_boundaries=0 1 2 3 4 5 6
cat_threshold=72 4 3 161 160 18
is_linear=0
shrinkage=0.05


Tree=16
num_leaves=24
num_cat=5
split_feature=2 0 0 5 5 2 5 5 0 0 2 0 2 5 5 5 2 2 2 2 5 5 5
split_gain=211.682 113.823 68.8041 47.1601 27.776 20.9563 16.3748 15.938 17.6495 14.8359 14.0092 12.9003 23.8145 28.8413 10.8645 7.63541 7.33446 6.39509 5.74356 4.81405 6.43057 3.96158 3.87879
threshold=2031.5000000000002 0 1 1.0758755085164153 1.1672731239108303 2033.5000000000002 0.57324090082199908 1.1912409331906684 2 3 2034.5000000000002 4 2028.5000000000002 1.0632720573186565 0.85301416984164968 0.80864045418109476 2027.5000000000002 2034.5000000000002 2028.5000000000002 2034.5000000000002 0.99399758775364122 0.8899652155658534 0.75992680472410246
decision_type=2 1 1 2 2 2 2 2 1 1 2 1 2 2 2 2 2 2 2 2 2 2 2
left_child=2 3 4 5 15 22 -4 19 -9 14 -10 -8 -13 -14 -7 -1 -17 -5 -6 20 -3 -11 -2
right_child=1 7 6 17 18 9 11 8 10 21 -12 12 13 -15 -16 16 -18 -19 -20 -21 -22 -23 -24
leaf_value=-0.10306858132560059 0.01153054975989738 -0.10670492892100901 -0.013982130349118549 0.28151776249350524 0.10517758372396183 -0.029438957091993602 0.61158902998552733 -0.15299838848846434 0.067945223652666087 -0.084736344768071195 -0.016551946683350294 0.22690679791138899 -0.031812915132598187 0.13113073035097197 0.036238586267449961 0.01080041117196009 -0.035821597988687247 0.041508369564357488 0.0034647145552580308 -0.12985723275289196 -0.031310838492597436 -0.025042410085405822 0.1287270169091875
leaf_weight=108 32 263 78 148 70 85 589 158 73 164 152 312 151 123 79 70 127 243 57 776 131 144 66
leaf_count=108 32 263 78 148 70 85 589 158 73 164 152 312 151 123 79 70 127 243 57 776 131 144 66
internal_value=-0.00200643 -0.0111973 0.0117062 0.00239444 -0.00554299 -0.00675439 0.0175574 -0.0194978 -0.0107702 -0.0111229 -0.00117021 0.0191702 0.0130872 0.00255474 0.00143678 -0.0138525 -0.00799492 0.0157928 0.0139764 -0.0225214 -0.0180203 -0.0172956 0.0142857
internal_weight=4199 2514 1685 961 432 570 1253 1553 383 472 225 1175 586 274 164 305 197 391 127 1170 394 308 98
internal_count=4199 2514 1685 961 432 570 1253 1553 383 472 225 1175 586 274 164 305 197 391 127 1170 394 308 98
cat_boundaries=0 1 2 3 4 5
cat_threshold=164 72 72 4 164
is_linear=0
shrinkage=0.05


Tree=17
num_leaves=24
num_cat=0
split_feature=2 5 5 2 2 2 5 5 5 5 5 2 5 5 5 2 2 2 2 15 2 15 9
split_gain=201.827 52.3422 37.0532 20.2795 15.792 8.14366 7.79853 7.63439 7.16407 5.56863 5.00109 4.3193 3.23632 3.09304 2.18436 2.60215 2.10424 1.73578 1.64016 1.54796 1.4911 1.41052 1.88325
threshold=2033.5000000000002 0.8899652155658534 1.1118254632596161 2029.5000000000002 2029.5000000000002 2034.5000000000002 1.304185265331794 0.938622391824802 0.51653639921929895 1.3869806392842978 1.0324986184915215 2034.5000000000002 0.64827296193767847 1.0758755085164153 0.75606233012901958 2027.5000000000002 2027.5000000000002 2031.5000000000002 2032.5000000000002 34.273571883916226 2034.5000000000002 110.24752337732177 16450.447644362092
decision_type=2 2 2 2 2 2 2 2 2 2 2 2 2 2 2 2 2 2 2 2 2 2 2
left_child=1 4 7 10 8 -4 13 20 -1 21 16 -9 -6 -5 -10 -16 -3 -14 -15 -20 -2 22 -7
right_child=2 3 5 6 12 9 -8 11 14 -11 -12 -13 17 18 15 -17 -18 -19 19 -21 -22 -23 -24
leaf_value=-0.06627766612367357 -0.075842577993547211 0.22829519320325203 0.045026260469654925 0.0041136843777761284 -0.091443726109744716 -0.029107439063124831 0.22985647299349804 -0.012759228423744974 0.026223350812755709 0.010221059541629308 0.38456330325126614 -0.047425593965886303 -0.018549968367135693 0.12330294693969553 0.1786609049812774 0.02801469791880571 0.062354493635174271 -0.052173212567488907 -0.02255491034632047 0.028862468533537203 -0.11212004129875147 -0.019683444452311696 -0.043334370029464164
leaf_weight=45 113 119 101 243 112 276 150 76 167 136 525 434 127 229 93 93 114 136 22 52 680 99 57
leaf_count=45 113 119 101 243 112 276 150 76 167 136 525 434 127 229 93 93 114 136 22 52 680 99 57
internal_value=-0.00183972 0.00847553 -0.0134888 0.0140646 -0.00203752 -0.00392377 0.0079023 -0.0183998 0.0048995 -0.00625 0.019723 -0.0136275 -0.0094 0.00512821 0.00729462 0.0110215 0.0136266 -0.00636882 0.00849835 0.00202703 -0.0214691 -0.00902778 -0.0105856
internal_weight=4199 2227 1972 1454 773 669 696 1303 398 568 758 510 375 546 353 186 233 263 303 74 793 432 333
internal_count=4199 2227 1972 1454 773 669 696 1303 398 568 758 510 375 546 353 186 233 263 303 74 793 432 333
is_linear=0
shrinkage=0.05


Tree=18
num_leaves=24
num_cat=5
split_feature=0 2 2 5 5 0 5 0 5 2 2 0 5 0 5 2 5 5 5 2 5 2 5
split_gain=184.445 132.469 93.1749 38.6988 31.3366 23.8191 17.9762 23.9006 17.0976 14.5668 14.1911 11.4168 10.0364 8.23527 8.53031 6.72182 5.85299 4.2614 3.9553 3.83342 3.78676 3.62151 3.44283
threshold=0 2030.5000000000002 2034.5000000000002 1.0444469704850843 1.0658108544522935 1 1.1577527833144476 2 0.52541672543949758 2028.5000000000002 2034.5000000000002 3 0.70059082524422223 4 1.2517530936697006 2034.5000000000002 0.58440279015043262 0.8562717732649815 1.3310264847438595 2027.5000000000002 0.88037162294841587 2033.5000000000002 1.2553521696088608
decision_type=1 2 2 2 2 1 2 1 2 2 2 1 2 1 2 2 2 2 2 2 2 2 2
left_child=2 3 8 5 11 9 15 10 -1 16 22 12 -4 14 19 17 -2 -3 -6 -5 -13 -10 -8
right_child=1 6 4 13 18 -7 7 -9 21 -11 -12 20 -14 -15 -16 -17 -18 -19 -20 -21 -22 -23 -24
leaf_value=-0.044842341226760188 -0.032077212281284066 -0.10205336895366673 -0.065252521095015545 0.026955879571707 0.024160151252336528 -0.044338310200060654 0.0097998059448149554 -0.14299529556549725 0.44863678486093611 -0.024748372947429865 -0.015060787297774693 -0.085491320065815724 0.017330968528870283 0.25455544322103307 0.073480675192878708 -0.11745373924928973 0.10509284937054214 -0.055935923749821904 0.083279861990431317 -0.022570409302777164 -0.026350893550799559 0.06599331399019262 0.077360665377601071
leaf_weight=44 21 235 42 29 174 214 42 206 793 96 170 130 97 237 78 739 163 261 78 48 128 106 68
leaf_count=44 21 235 42 29 174 214 42 206 793 96 170 130 97 237 78 739 163 261 78 48 128 106 68
internal_value=-0.00213741 -0.0103076 0.011236 0.00536117 -0.00327427 -0.00394737 -0.018434 -0.0102881 0.0213415 0.00568966 -0.000344828 -0.0120277 0.000167785 0.0170918 0.00651515 -0.0216397 0.0141304 -0.0171371 0.0105159 -0.00487013 -0.0179104 0.0228309 0.0136364
internal_weight=4199 2607 1592 886 649 494 1721 486 943 280 280 397 139 392 155 1235 184 496 252 77 258 899 110
internal_count=4199 2607 1592 886 649 494 1721 486 943 280 280 397 139 392 155 1235 184 496 252 77 258 899 110
cat_boundaries=0 1 2 3 4 5
cat_threshold=164 19 19 4 72
is_linear=0
shrinkage=0.05


Tree=19
num_leaves=24
num_cat=5
split_feature=2 0 0 0 5 2 5 0 5 5 2 5 5 2 2 2 5 5 2 5 5 5 0
split_gain=178.916 127.858 69.7743 36.1023 36.0296 26.6652 25.964 23.632 19.8652 18.5922 15.9386 10.5767 7.95792 6.38706 6.36508 6.27559 6.22634 5.62036 5.48412 5.23948 5.16806 4.70784 4.25514
threshold=2033.5000000000002 0 1 2 1.0227623270571322 2028.5000000000002 1.1453412370221989 3 0.85301416984164968 1.1912409331906684 2028.5000000000002 0.55782275054609032 1.3869806392842978 2030.5000000000002 2034.5000000000002 2029.5000000000002 0.79218722710116374 0.93269690608366818 2034.5000000000002 0.58440279015043262 1.2553521696088608 0.63561259619552946 4
decision_type=2 1 1 1 2 2 2 1 2 2 2 2 2 2 2 2 2 2 2 2 2 2 1
left_child=1 9 8 11 5 19 17 -8 21 15 -11 -3 14 -6 -9 16 -1 -4 -19 -5 -15 -2 -20
right_child=2 3 6 4 13 -7 7 12 -10 10 -12 -13 -14 20 -16 -17 -18 18 22 -21 -22 -23 -24
leaf_value=-0.069276650192566305 -0.06819094540367257 -0.0037122467196148536 -0.1071832096973717 -0.030473351667219897 0.23534927282148638 -0.036915182668084155 -0.1489309041325805 0.030810149273416611 0.077991797232516688 0.078397288559017758 -0.026358692469970357 0.43298678406946478 0.022801959962877972 0.0045301086668886551 -0.013886729194577853 -0.10205152657866534 -0.011157832165312166 -0.02170185430307936 -0.021408265079971445 0.089727560765774289 0.090054128202424269 0.00087912618879784079 -0.06779314485368855
leaf_weight=72 34 43 664 21 250 269 149 48 184 65 91 784 106 72 209 204 154 76 146 154 48 51 305
leaf_count=72 34 43 664 21 250 269 149 48 184 65 91 784 106 72 209 204 154 76 146 154 48 51 305
internal_value=-0.00208978 0.00762236 -0.0130578 0.0147335 0.00703883 -0.00247748 -0.0167396 -0.00742188 0.0104839 -0.0123322 0.00224359 0.0221326 -0.000201072 0.0186486 -0.00496109 -0.017907 -0.0121681 -0.0208858 -0.0170304 0.0127143 0.00916667 -0.00911765 -0.0191242
internal_weight=4199 2227 1972 1641 814 444 1703 512 269 586 156 827 363 370 257 430 226 1191 527 175 120 85 451
internal_count=4199 2227 1972 1641 814 444 1703 512 269 586 156 827 363 370 257 430 226 1191 527 175 120 85 451
cat_boundaries=0 1 2 3 4 5
cat_threshold=72 4 164 72 160
is_linear=0
shrinkage=0.05


Tree=20
num_leaves=24
num_cat=0
split_feature=2 5 5 2 2 2 5 5 5 5 5 5 2 5 5 2 2 14 5 14 11 16 10
split_gain=174.629 49.6916 32.4344 19.0954 13.792 13.1805 11.8981 6.44104 4.82256 4.66642 4.66429 3.62352 3.7037 3.52228 2.63819 2.58898 1.79537 1.66256 1.64743 1.59579 1.25045 1.52394 1.24908
threshold=2031.5000000000002 1.0758755085164153 1.0444469704850843 2034.5000000000002 2034.5000000000002 2028.5000000000002 0.85301416984164968 0.75606233012901958 0.88037162294841587 1.4070340389700129 0.70059082524422223 1.294853711309133 2029.5000000000002 1.4730567937906967 0.48900742528759283 2027.5000000000002 2029.5000000000002 162339.23336334041 0.61287064589900508 175179.0382397449 0.98644310309661665 1.4758333333333338 1.5000000000000002
decision_type=2 2 2 2 2 2 2 2 2 2 2 2 2 2 2 2 2 2 2 2 2 2 2
left_child=2 4 5 13 6 7 18 14 -6 19 -7 12 -4 22 -1 17 -12 -9 -2 -5 21 -18 -3
right_child=1 3 11 9 8 10 -8 15 -10 -11 16 -13 -14 -15 -16 -17 20 -19 -20 -21 -22 -23 -24
leaf_value=-0.04466467476462626 -0.10508435346158099 0.024774141269917883 0.23795584132227551 -0.024530286749613817 -0.101632047857869 -0.045333252319398915 -0.0047971593777011105 0.22134983341527745 -0.044522288965277747 0.010824176220187366 0.029697140803641098 0.44531931264125152 0.11112195420623401 0.23040616979538733 0.028894228256236512 0.05022130386652153 0.0087430770018706028 0.016190570904567991 -0.059945548909870985 0.0068744968641106579 0.028033891182938489 -0.02639293084891401 0.051727660515888646
leaf_weight=30 75 250 324 519 545 117 232 203 480 118 121 247 162 41 131 109 50 21 175 20 69 101 59
leaf_count=30 75 250 324 519 545 117 232 203 480 118 121 247 162 41 131 109 50 21 175 20 69 101 59
internal_value=-0.0021136 -0.0104614 0.0103412 -0.00186197 -0.0162077 0.0042542 -0.00923237 0.00991903 -0.0194878 -0.00688737 -0.0018559 0.0182469 0.0157407 0.00757143 0.00170807 0.0138889 0.00109971 0.0169643 -0.0168 -0.008859 -0.00159091 -0.00413907 0.00574434
internal_weight=4199 2514 1685 1007 1507 952 482 494 1025 657 458 733 486 350 161 333 341 224 250 539 220 151 309
internal_count=4199 2514 1685 1007 1507 952 482 494 1025 657 458 733 486 350 161 333 341 224 250 539 220 151 309
is_linear=0
shrinkage=0.05


Tree=21
num_leaves=24
num_cat=4
split_feature=0 2 2 0 5 5 0 0 2 5 5 5 5 2 5 2 2 5 2 2 5 5 5
split_gain=185.038 103.711 77.1536 39.6541 26.4882 23.4688 32.4248 18.8866 18.4486 15.0774 14.0582 11.7344 10.1512 5.3076 4.80167 4.5629 4.307 7.18081 3.86348 3.6355 3.40691 2.88226 2.78756
threshold=0 2029.5000000000002 2034.5000000000002 1 0.88037162294841587 1.0758755085164153 2 3 2034.5000000000002 1.1672731239108303 0.57324090082199908 0.95989162001894435 1.294853711309133 2034.5000000000002 1.2553521696088608 2027.5000000000002 2032.5000000000002 0.75151658956402845 2029.5000000000002 2027.5000000000002 0.80526734759815788 0.68072289182799695 0.65500856664796159
decision_type=1 2 2 1 2 2 1 1 2 2 2 2 2 2 2 2 2 2 2 2 2 2 2
left_child=2 3 10 11 21 13 8 -6 14 20 18 15 -9 -3 -7 22 -12 -18 -1 -11 -5 -4 -2
right_child=1 5 4 9 7 6 -8 12 -10 19 16 -13 -14 -15 -16 -17 17 -19 -20 -21 -22 -23 -24
leaf_value=0.064468687056768295 -0.0086072844375150847 -0.068411465877494582 -0.098183686142152116 -0.06510035397730074 0.071221751026675092 0.0075364161769171829 -0.12829641995890434 -0.016251110026111661 -0.014896269581493328 0.092725361284748731 0.46684262066388993 0.22053458952364224 0.042426115476947239 -0.11083536309150546 0.074001632511836182 -0.0053273854892410995 -0.037608914561208275 0.084429668636770316 -0.038694240507187241 -0.00028793810419180943 -0.017049704101294517 -0.025354877675507637 0.10261695946882182
leaf_weight=25 20 499 86 75 154 108 309 224 244 46 698 254 63 619 84 96 24 157 39 43 145 122 65
leaf_count=25 20 499 86 75 154 108 309 224 244 46 698 254 63 619 84 96 24 157 39 43 145 122 65
internal_value=-0.00231603 -0.0104987 0.0110799 0.00524194 -0.00211864 -0.0168411 -0.00996644 0.00481859 -0.000896861 -0.00838558 0.020281 0.0147753 -0.00294613 -0.0214222 0.0106771 0.00538674 0.0219283 0.0150552 -0.00234375 0.00870787 -0.0156818 -0.0168269 0.0138235
internal_weight=4199 2607 1592 744 649 1863 745 441 436 309 943 435 287 1118 192 181 879 181 64 89 220 208 85
internal_count=4199 2607 1592 744 649 1863 745 441 436 309 943 435 287 1118 192 181 879 181 64 89 220 208 85
cat_boundaries=0 1 2 3 4
cat_threshold=164 19 19 4
is_linear=0
shrinkage=0.05


Tree=22
num_leaves=24
num_cat=4
split_feature=0 2 2 0 0 2 0 2 2 2 16 2 15 36 14 4 14 16 14 15 14 15 14
split_gain=173.238 96.0391 72.8327 35.4663 24.0337 23.9863 19.5122 6.4105 6.30784 3.33633 2.22738 1.7473 1.69839 1.50493 1.41075 1.27852 1.27116 1.57277 1.18371 1.07569 1.05332 1.09428 1.43261
threshold=0 2029.5000000000002 2034.5000000000002 1 2 2034.5000000000002 3 2031.5000000000002 2028.5000000000002 2026.5000000000002 1.756416666666667 2031.5000000000002 66.903596478305033 0.05862795281634519 31746.985827870991 1.0000000180025095e-35 12651.849980207538 2.1729166666666671 23323.627465377227 18.184785964276539 18785.629984887375 32.48043640372051 65845.624003370132
decision_type=1 2 2 1 1 2 1 2 2 2 2 2 2 2 2 2 2 2 2 2 2 2 2
left_child=2 3 7 8 5 16 -4 -1 14 12 -11 -6 -5 20 15 -2 17 -3 -18 -9 -8 -22 -23
right_child=1 4 6 9 11 -7 13 19 -10 10 -12 -13 -14 -15 -16 -17 18 -19 -20 -21 21 22 -24
leaf_value=0.46493453505132654 0.18440295742512075 -0.027067474183458718 0.032671057885413073 -0.020961935258960909 -0.049709323953610253 -0.043791345520518998 -0.032689694584629246 0.10855552078760122 0.01802996523019269 -0.032429195982439922 -0.0085267244973786134 -0.14673800027006881 0.020396565214416199 -0.03848970184124885 0.14812163581816656 0.056166426600633118 -0.029370872840394302 0.042906453398117696 -0.011003302964759954 0.084651154788214777 -0.0033910499027351329 -0.033264185531246264 -0.015447481361339489
leaf_weight=631 67 24 232 33 123 622 45 20 102 160 79 631 37 33 231 35 39 23 401 292 82 88 169
leaf_count=631 67 24 232 33 123 622 45 20 102 160 79 631 37 33 231 35 39 23 401 292 82 88 169
internal_value=-0.00225649 -0.0101739 0.0107054 0.00497312 -0.0162775 -0.0112377 -0.00211864 0.0196448 0.0139888 -0.00791536 -0.0109833 -0.023233 0.00142857 -0.00848946 0.0176426 0.0127451 -0.00302875 0.00478723 -0.00386364 0.0137821 -0.0078125 -0.00685841 -0.00846304
internal_weight=4199 2607 1592 744 1863 1109 649 943 435 309 239 754 70 417 333 102 487 47 440 312 384 339 257
internal_count=4199 2607 1592 744 1863 1109 649 943 435 309 239 754 70 417 333 102 487 47 440 312 384 339 257
cat_boundaries=0 1 2 3 4
cat_threshold=164 19 19 4
is_linear=0
shrinkage=0.05


Tree=23
num_leaves=24
num_cat=3
split_feature=0 2 2 0 5 0 5 5 5 5 2 2 2 5 2 5 5 5 5 5 2 2 2
split_gain=156.855 93.7737 65.2345 33.6033 28.0055 22.946 31.8869 22.3967 17.8909 16.5287 10.8617 9.95873 8.89555 8.11946 7.92228 5.02507 4.07829 3.94216 3.85433 3.84336 3.21504 3.03035 2.83333
threshold=0 2030.5000000000002 2034.5000000000002 1 1.0687437210359148 2 1.0527453708314882 0.75151658956402845 1.1813853759944195 0.99399758775364122 2034.5000000000002 2028.5000000000002 2028.5000000000002 0.79218722710116374 2034.5000000000002 0.6732881902594493 1.3771122059273162 0.79218722710116374 1.2601101320002142 0.8453298642714665 2027.5000000000002 2031.5000000000002 2030.5000000000002
decision_type=1 2 2 1 2 1 2 2 2 2 2 2 2 2 2 2 2 2 2 2 2 2 2
left_child=2 3 7 9 13 6 14 11 17 12 18 -1 15 -4 19 -2 20 -5 -8 -3 -10 -21 -9
right_child=1 5 4 8 -6 -7 10 22 16 -11 -12 -13 -14 -15 -16 -17 -18 -19 -20 21 -22 -23 -24
leaf_value=0.24097115900398092 -0.025061017784437836 -0.052477822636927178 -0.070822740471124204 -0.075087690561509157 0.03590934340833947 -0.13730314186344045 0.004762037626731397 0.57659675678942746 0.05579944961590471 0.19101832365509336 -0.012112307946649192 -0.021480286801443784 -0.032955304278303822 -0.012036437927325318 -0.068139395992479077 0.069268841797971881 0.10180251218875346 -0.017000571962131696 0.062813438393875612 -0.052516570321393452 -0.010424291752582261 -6.0431664832272247e-05 0.14197689935817631
leaf_weight=54 31 140 144 86 248 694 98 428 29 274 266 112 85 257 356 127 35 184 66 23 35 78 349
leaf_count=54 31 140 144 86 248 694 98 428 29 274 266 112 85 257 356 127 35 184 66 23 35 78 349
internal_value=-0.00231603 -0.00984906 0.0100187 0.00332957 -0.00211864 -0.0166909 -0.0115477 0.0184783 -0.00811346 0.0114326 -0.00127907 0.00180723 0.00216049 -0.0102868 -0.0191374 0.00917722 0.00984848 -0.015 0.00884146 -0.0121369 0.00234375 -0.00470297 0.0220399
internal_weight=4199 2607 1592 886 649 1721 1027 943 369 517 430 166 243 401 597 158 99 270 164 241 64 101 777
internal_count=4199 2607 1592 886 649 1721 1027 943 369 517 430 166 243 401 597 158 99 270 164 241 64 101 777
cat_boundaries=0 1 2 3
cat_threshold=164 19 19
is_linear=0
shrinkage=0.05


Tree=24
num_leaves=24
num_cat=6
split_feature=0 2 2 5 0 5 0 5 2 5 0 5 5 5 0 2 5 2 2 0 5 5 2
split_gain=154.423 84.9668 63.5407 30.5616 29.5051 26.8828 33.2601 14.3681 13.1739 13.0774 12.2705 11.6596 9.55864 6.52406 6.45852 6.42663 5.45266 5.30941 5.01462 4.40727 4.18366 4.0676 3.66281
threshold=0 2029.5000000000002 2033.5000000000002 1.084337575140127 1 1.0527453708314882 2 0.69157279007383188 2034.5000000000002 0.90661399244645735 3 1.1672731239108303 0.63561259619552946 0.78493427256843895 4 2028.5000000000002 1.3310264847438595 2034.5000000000002 2032.5000000000002 5 1.2601101320002142 0.79218722710116374 2027.5000000000002
decision_type=1 2 2 2 1 2 1 2 2 2 1 2 2 2 1 2 2 2 2 1 2 2 2
left_child=2 4 7 10 9 17 8 15 20 -2 12 21 -4 -12 -5 -1 -16 19 -8 -3 -7 -6 -13
right_child=1 5 3 14 11 6 18 -9 -10 -11 13 22 -14 -15 16 -17 -18 -19 -20 -21 -22 -23 -24
leaf_value=0.19771515615868501 0.0048745793211976808 -0.03267596706045852 -0.052883027304202336 0.12714027066870201 -0.058870644595996849 0.0074716586349727445 -0.015376981914860989 0.38136332869348655 -0.011506692549316711 0.18322930568201612 -0.087213681724235145 0.085770503974516826 0.023639878691685823 -0.016952259924327473 -0.00069595693314683515 -0.019005857759192148 0.064186422606495125 -0.1017797237003118 -0.12066807922909573 -0.10218583170652523 0.070184513299155121 -0.014474143771096282 -0.0034868542266460524
leaf_weight=42 152 283 34 100 72 122 89 718 266 283 96 46 135 221 113 67 66 581 247 193 82 148 43
leaf_count=42 152 283 34 100 72 122 89 718 266 283 96 46 135 221 113 67 66 581 247 193 82 148 43
internal_value=-0.00247083 -0.00994459 0.00976904 -0.000555556 0.00430108 -0.0156871 -0.00880893 0.0194377 0 0.0125281 -0.00812757 -0.00744514 0.00293296 -0.013685 0.0126344 0.00252294 0.00568783 -0.0209319 -0.0205202 -0.0170168 0.00955882 -0.0138636 0.00758427
internal_weight=4199 2607 1592 765 744 1863 806 827 470 435 486 309 169 317 279 109 179 1057 336 476 204 220 89
internal_count=4199 2607 1592 765 744 1863 806 827 470 435 486 309 169 317 279 109 179 1057 336 476 204 220 89
cat_boundaries=0 1 2 3 4 5 6
cat_threshold=164 19 19 4 4 19
is_linear=0
shrinkage=0.05


Tree=25
num_leaves=24
num_cat=4
split_feature=0 2 5 0 5 2 2 5 5 0 2 5 0 5 5 5 2 5 5 5 5 2 5
split_gain=140.117 119.687 50.9694 36.747 26.0875 23.8177 23.1819 14.4546 13.9 11.7455 14.1374 11.677 9.63385 7.68533 5.86511 5.82573 4.63864 4.62277 4.43498 3.84468 3.58221 3.03884 4.12844
threshold=0 2034.5000000000002 0.89340953320853456 1 1.0444469704850843 2030.5000000000002 2028.5000000000002 0.64337206274225478 1.1813853759944195 2 2028.5000000000002 1.1374106219301641 3 1.3869806392842978 0.56444565938134728 1.0816180947461709 2032.5000000000002 0.78826001885651131 0.68614658175646159 0.82727239353578796 0.52541672543949758 2031.5000000000002 1.1543510596373601
decision_type=1 2 2 1 2 2 2 2 2 1 2 2 1 2 2 2 2 2 2 2 2 2 2
left_child=5 2 6 7 19 8 14 -3 17 21 -11 16 20 -6 -2 -9 -12 -1 -14 -5 -8 -4 -23
right_child=1 3 9 4 13 -7 12 15 -10 10 11 -13 18 -15 -16 -17 -18 -19 -20 -21 -22 22 -24
leaf_value=-0.068389773803633855 -0.012274799852947327 -0.054596735593059845 0.55496717690669739 -0.081623657661668708 -0.011050971340722882 -0.12485278828818361 -0.058459813157238832 0.012367280399287762 0.026072648853487125 0.20758319435952066 -0.025722222555958088 0.055822770303576297 -0.064845780403172487 0.015402770164983794 0.14475329531141812 0.10690705382814994 0.010015212102221139 -0.014908892773857697 -0.018992861592152566 -0.02958407481228047 0.055699302179096667 0.040678849534780875 0.20157917662832531
leaf_weight=84 36 30 409 266 359 694 21 117 99 230 106 186 107 90 178 85 68 186 182 324 124 109 109
leaf_count=84 36 30 409 266 359 694 21 117 99 230 106 186 107 90 178 85 68 186 182 324 124 109 109
internal_value=-0.00269707 0.00263827 0.0107105 -0.00918568 -0.0131316 -0.0182898 -0.000617284 0.00867769 -0.00819783 0.016742 0.011 0.005 -0.00725806 -0.00417595 0.0128505 0.0138614 -0.00431034 -0.0140741 -0.012291 -0.0201695 0.0033871 0.0216248 0.0172018
internal_weight=4199 3136 1865 1271 1039 1063 648 232 369 1217 590 360 434 449 214 202 174 270 289 590 145 627 218
internal_count=4199 3136 1865 1271 1039 1063 648 232 369 1217 590 360 434 449 214 202 174 270 289 590 145 627 218
cat_boundaries=0 1 2 3 4
cat_threshold=72 4 164 36
is_linear=0
shrinkage=0.05


Tree=26
num_leaves=24
num_cat=5
split_feature=0 2 5 5 0 2 0 2 5 0 5 5 5 5 5 2 5 2 0 5 2 2 5
split_gain=136.594 114.802 46.463 40.889 26.0944 24.0174 23.1987 26.6194 16.8333 13.3958 9.5786 7.53955 7.52368 7.06594 4.58101 4.43869 3.84508 3.76759 5.05552 7.7936 3.61404 3.43147 3.26563
threshold=0 2033.5000000000002 0.96905256789785377 1.0092673125895086 1 2031.5000000000002 2 2028.5000000000002 1.1912409331906684 3 1.2601101320002142 0.62850798343534187 0.60124670721575979 0.63561259619552946 0.78826001885651131 2034.5000000000002 1.4971340844100429 2028.5000000000002 4 1.1625859542886614 2027.5000000000002 2026.5000000000002 0.79218722710116374
decision_type=1 2 2 2 1 2 1 2 2 1 2 2 2 2 2 2 2 2 1 2 2 2 2
left_child=5 3 9 6 -4 8 -2 12 14 13 15 -9 -8 -3 -1 -6 -12 -5 19 -19 -14 -16 -11
right_child=1 2 4 17 10 -7 7 11 -10 22 16 -13 20 -15 21 -17 -18 18 -20 -21 -22 -23 -24
leaf_value=-0.075473325449777875 0.34255034353987279 -0.047509039159339267 0.073874815238306635 0.51969270964109404 0.0063761071620136896 -0.12119820275070246 -0.02132448661078792 -0.067404017139896674 0.0076942048750368031 -0.080760170133631307 0.0027414589132360948 -0.014205103213168258 0.17179619531141849 0.016004508156735042 0.0033211287251827316 -0.017482282524055173 0.058548136660431196 -0.011287617069243928 0.20318750911979358 0.088350674694821052 0.036719349087747058 -0.026133774992574146 -0.033463371595590541
leaf_weight=100 137 34 147 311 67 631 37 83 117 267 171 335 152 88 33 392 44 62 361 79 84 182 285
leaf_count=100 137 34 147 311 67 631 37 83 117 267 171 335 152 88 33 392 44 62 361 79 84 182 285
internal_value=-0.00266135 0.00260648 -0.00740803 0.0117459 0.000578563 -0.0180568 0.00392512 3.56633e-05 -0.00914352 -0.0171365 -0.00365497 -0.00789474 0.0121795 -0.00113636 -0.0151587 -0.00778867 0.005 0.0197109 0.0170319 0.00711921 0.0154661 -0.0110465 -0.0202847
internal_weight=4199 3136 1495 1641 821 1063 828 691 432 674 674 418 273 122 315 459 215 813 502 141 236 215 552
internal_count=4199 3136 1495 1641 821 1063 828 691 432 674 674 418 273 122 315 459 215 813 502 141 236 215 552
cat_boundaries=0 1 2 3 4 5
cat_threshold=72 4 4 4 3
is_linear=0
shrinkage=0.05


Tree=27
num_leaves=24
num_cat=5
split_feature=0 2 2 5 5 0 5 0 5 0 2 5 2 2 0 2 5 5 5 2 5 5 5
split_gain=135.667 78.3983 55.8948 30.8599 29.2548 22.4181 28.1185 15.6762 12.8246 12.5102 12.6725 9.47462 8.34876 7.73859 7.70698 5.21412 4.62059 4.56908 4.50219 7.54459 3.92825 3.82008 3.51797
threshold=0 2030.5000000000002 2032.5000000000002 0.88037162294841587 1.0921227308458137 1 1.0092673125895086 2 0.60124670721575979 3 2027.5000000000002 1.2416095059357677 2034.5000000000002 2034.5000000000002 4 2027.5000000000002 0.63561259619552946 1.2601101320002142 0.92432712047662835 2030.5000000000002 1.3771122059273162 0.6732881902594493 0.78826001885651131
decision_type=1 2 2 2 2 1 2 1 2 1 2 2 2 2 1 2 2 2 2 2 2 2 2
left_child=2 4 8 16 9 6 13 -5 -1 10 21 -9 17 -3 15 -6 -4 -8 19 -10 -17 -2 -11
right_child=1 5 3 7 14 -7 12 11 18 22 -12 -13 -14 -15 -16 20 -18 -19 -20 -21 -22 -23 -24
leaf_value=-0.0050727028015034488 -0.010594835529760573 -0.031034784196288134 -0.083691415522049797 0.068382472166658423 0.074548881965235306 -0.11264253039960014 0.00032652269434700902 -0.0087035187574166176 0.26058410953668992 -0.061196618840963279 -0.015335110553561028 0.043507247856978903 -0.013100116406874052 -0.059698945524000194 0.1868457435390786 -0.018411717972315469 -0.017286787039024334 0.050228394057759078 0.44785056817360858 0.019769701357456305 0.054908836992022717 0.10570107131912909 -0.013157519340275758
leaf_weight=60 24 222 88 192 54 694 117 273 158 84 182 111 306 316 205 62 182 66 462 66 20 106 149
leaf_count=60 24 222 88 192 54 694 117 273 158 84 182 111 306 316 205 62 182 66 462 66 20 106 149
internal_value=-0.00267326 -0.00967711 0.0088015 5.91017e-05 0.0023702 -0.0159355 -0.0108727 0.00659722 0.0188338 -0.00481651 0.00186335 0.000507614 -0.00230061 -0.0188662 0.0138563 0.00342466 -0.0138889 0.00614754 0.0207726 0.0149554 -0.00426829 0.0138462 -0.0132716
internal_weight=4199 2607 1592 846 886 1721 1027 576 746 545 312 384 489 538 341 136 270 183 686 224 82 130 233
internal_count=4199 2607 1592 846 886 1721 1027 576 746 545 312 384 489 538 341 136 270 183 686 224 82 130 233
cat_boundaries=0 1 2 3 4 5
cat_threshold=164 19 4 19 72
is_linear=0
shrinkage=0.05


Tree=28
num_leaves=24
num_cat=5
split_feature=0 2 2 0 0 0 2 2 2 2 2 0 2 2 14 14 15 2 16 15 14 14 15
split_gain=129.195 73.4023 52.7019 24.425 21.5709 19.382 16.1072 7.22054 6.5578 5.67583 4.01487 3.59115 3.20588 3.08648 2.96613 1.79251 1.66291 1.53087 1.51047 1.45106 1.83127 1.30478 1.22115
threshold=0 2029.5000000000002 2032.5000000000002 1 2 3 2034.5000000000002 2027.5000000000002 2029.5000000000002 2032.5000000000002 2034.5000000000002 4 2026.5000000000002 2034.5000000000002 37674.709143221706 100951.93210146495 66.903596478305033 2030.5000000000002 1.4758333333333338 71.878914258797877 23776.626830658763 12651.849980207538 22.754466787808642
decision_type=1 2 2 1 1 1 2 2 2 2 2 1 2 2 2 2 2 2 2 2 2 2 2
left_child=2 4 8 6 7 13 21 -2 -1 -5 -7 -10 16 -4 -9 -12 -6 -13 -14 20 -20 -3 -15
right_child=1 3 5 9 12 10 -8 14 11 -11 15 17 18 22 -16 -17 -18 -19 19 -21 -22 -23 -24
leaf_value=0.46714587165564958 0.13761285830181391 0.013202484696866579 0.13935882324577503 -0.038144920377967885 -0.009315593065722317 0.0021141810199283742 -0.031629389839463506 -0.0068091471932262065 0.34437429758164967 -0.11433614988565091 -0.020376388521741264 0.12650650571926 -0.02906641688507481 0.050401711144902578 0.042395362171831867 -0.007416496835801434 0.022187736909804381 0.048372656864835453 -0.03622399968586134 -0.018230154915845211 0.0049264226693543911 -0.0118090636564828 0.022818632017121001
leaf_weight=412 214 47 55 207 33 142 622 78 106 547 311 72 83 20 143 106 37 156 30 74 52 440 212
leaf_count=412 214 47 55 207 33 142 622 78 106 547 311 72 83 20 143 106 37 156 30 74 52 440 212
internal_value=-0.00270898 -0.00954337 0.00848939 -0.0148819 0.00369624 0 -0.00985255 0.0107303 0.0182306 -0.0218586 -0.00540422 0.013024 -0.00634796 0.0103535 0.00463801 -0.00797362 0.00285714 0.00819328 -0.00930962 -0.00641026 -0.00182927 -0.00313142 0.00818966
internal_weight=4199 2607 1592 1863 744 846 1109 435 746 754 559 334 309 287 221 417 70 228 239 156 82 487 232
internal_count=4199 2607 1592 1863 744 846 1109 435 746 754 559 334 309 287 221 417 70 228 239 156 82 487 232
cat_boundaries=0 1 2 3 4 5
cat_threshold=164 19 19 4 4
is_linear=0
shrinkage=0.05


Tree=29
num_leaves=24
num_cat=1
split_feature=2 5 5 2 5 2 2 5 5 5 2 2 5 5 5 2 9 14 11 2 5 1 9
split_gain=118.088 57.764 30.0304 16.3924 9.34275 7.32481 6.54987 6.49763 5.8222 5.55355 4.72224 4.01932 3.64693 2.16131 2.02721 2.01945 1.67584 1.6582 1.63787 1.55092 1.45268 1.76947 1.35959
threshold=2030.5000000000002 1.0444469704850843 0.8899652155658534 2034.5000000000002 0.78493427256843895 2034.5000000000002 2026.5000000000002 0.62850798343534187 1.2226069235746426 1.1057560744425055 2027.5000000000002 2032.5000000000002 1.4158576102881872 0.58440279015043262 1.3730171506729645 2032.5000000000002 60593.218783511074 177598.3714906082 1.0742102974311949 2027.5000000000002 1.4971340844100429 0 1.0000000180025095e-35
decision_type=2 2 2 2 2 2 2 2 2 2 2 2 2 2 2 2 2 2 2 2 2 1 2
left_child=2 4 7 8 11 18 -4 19 22 16 -9 13 17 -2 -11 -10 -8 -5 -6 -1 21 -17 -3
right_child=1 3 6 12 5 -7 9 10 15 14 -12 -13 -14 -15 -16 20 -18 -19 -20 -21 -22 -23 -24
leaf_value=-0.030268025627750019 -0.069033233948252712 -0.010190716173440518 0.29760605706381471 -0.018964806616964359 -0.019960491001817984 -0.035385117176863455 0.047667673862862484 0.061726257856764291 0.10345656648277349 0.12925566333612429 -0.0088627791030420951 -0.083408335563098707 0.012937228160123127 -0.032304537023174706 0.33840426211212338 0.049911974132736958 -0.0055162664014663859 0.01290546296851809 0.018569196669038869 -0.064060537317787783 0.16589434773335354 -0.0054081049869721294 0.021638469489484204
leaf_weight=57 43 59 185 610 326 586 316 144 131 312 204 475 112 94 99 45 23 20 30 67 23 50 188
leaf_count=57 43 59 185 610 326 586 316 144 131 312 204 475 112 94 99 45 23 20 30 67 23 50 188
internal_value=-0.0025899 -0.00854226 0.00922175 -0.000484653 -0.0149614 -0.0118365 0.0144118 -0.00105932 0.00655242 0.0123333 0.00244253 -0.0197712 -0.00518868 -0.0122263 0.0162409 0.0119478 0.00759587 -0.00666667 -0.00617978 -0.0108871 0.00720339 0.00447368 0.00111336
internal_weight=4199 2792 1407 1238 1554 942 935 472 496 750 348 612 742 137 411 249 339 630 356 124 118 95 247
internal_count=4199 2792 1407 1238 1554 942 935 472 496 750 348 612 742 137 411 249 339 630 356 124 118 95 247
cat_boundaries=0 1
cat_threshold=2
is_linear=0
shrinkage=0.05


Tree=30
num_leaves=24
num_cat=0
split_feature=2 5 5 2 5 5 2 5 5 5 2 2 2 9 5 5 2 5 9 5 9 15 9
split_gain=102.761 54.3167 26.2081 17.1392 7.31362 7.03407 6.60485 6.58983 5.08884 4.78035 4.06009 3.91941 3.73645 2.35493 2.07847 1.91567 2.41391 1.80586 1.78629 1.75801 1.81477 1.72977 1.72884
threshold=2030.5000000000002 0.99172057139916781 0.8899652155658534 2034.5000000000002 1.3207557252961468 0.78493427256843895 2027.5000000000002 0.69157279007383188 1.3207557252961468 1.2141818954864803 2032.5000000000002 2034.5000000000002 2027.5000000000002 26962.791929089337 1.0092673125895086 1.1347049787747847 2032.5000000000002 0.58440279015043262 5495.5914103797186 0.46620033734366129 30481.089817069253 109.53236647371311 21886.336938882338
decision_type=2 2 2 2 2 2 2 2 2 2 2 2 2 2 2 2 2 2 2 2 2 2 2
left_child=2 5 7 4 15 10 14 19 -5 -8 17 -7 21 -10 -4 -3 -17 -2 -6 -1 -21 -9 -18
right_child=1 3 6 8 18 11 9 12 13 -11 -12 -13 -14 -15 -16 16 22 -19 -20 20 -22 -23 -24
leaf_value=-0.081609173140806679 -0.065581572250840117 -0.0076848079963617094 0.11092372886170061 -0.01915388645457541 0.056037210592513903 -0.022371412762797596 0.032999879256023414 0.093958416967458019 -0.0072955174312321798 0.1765309981873589 -0.079237918784943781 -0.037122854931556315 -0.0051488461557682502 0.023530926623096884 0.32989925988152535 0.04957940874749607 0.0076003445000832675 -0.030689310172015996 0.12432746638093471 -0.031573385260549536 0.014608788433864019 -0.014114472496001042 -0.028725151552512165
leaf_weight=34 43 209 101 665 73 277 372 99 170 184 475 452 172 41 278 112 86 94 74 123 20 24 21
leaf_count=34 43 209 101 665 73 277 372 99 170 184 475 452 172 41 278 112 86 94 74 123 20 24 21
internal_value=-0.00268516 -0.00823782 0.00833333 -0.00153343 0.00517391 -0.0154922 0.0131818 -0.00127119 -0.00593607 0.00971223 -0.0194444 -0.0121742 0.00330508 0.000829384 0.0182718 0.00186916 0.00513699 -0.0118613 0.0147959 -0.00889831 -0.00646853 0.00995935 -0.000233645
internal_weight=4199 2792 1407 1451 575 1341 935 472 876 556 612 729 295 211 379 428 219 137 147 177 143 123 107
internal_count=4199 2792 1407 1451 575 1341 935 472 876 556 612 729 295 211 379 428 219 137 147 177 143 123 107
is_linear=0
shrinkage=0.05


Tree=31
num_leaves=24
num_cat=6
split_feature=0 5 0 0 5 5 0 5 5 8 0 5 5 5 5 5 11 15 0 7 5 5 7
split_gain=154.467 75.6528 36.8397 20.6887 18.1811 8.69661 7.82278 7.66545 6.68956 3.5136 2.97265 3.67223 2.78572 1.73153 1.70585 1.67491 2.74831 1.48867 1.48758 1.40064 1.76961 1.88811 1.30586
threshold=0 1.0154938974775825 1 2 0.6614825672723017 0.60620533040346569 3 1.2553521696088608 1.2517530936697006 1.5000000000000002 4 1.2393793021592654 0.75151658956402845 1.5137990806277084 1.5720523221415739 0.91337345033287376 1.006483294229507 105.40273958101986 5 1.5000000000000002 0.9444895548775013 0.97590027831923531 1.0000000180025095e-35
decision_type=1 2 1 1 2 2 1 2 2 2 1 2 2 2 2 2 2 2 1 2 2 2 2
left_child=8 2 5 10 -4 -2 9 18 -1 12 -3 -12 -6 -10 -9 -8 17 19 -5 20 -17 -22 -20
right_child=1 3 4 7 6 -7 15 14 13 -11 11 -13 -14 -15 -16 16 -18 -19 22 -21 21 -23 -24
leaf_value=-0.087752660736798827 -0.023118703689661624 0.30068000754048541 -0.069681619835130534 0.011968043637094805 -0.02540111867256574 0.084178464727270891 -0.028588520246144 0.023335497685105989 -0.047085304217906777 0.046397970731160768 0.047161514334199156 0.14508293018752241 0.0029079816825703375 -0.0018782810843873676 0.17840176203953106 0.004084206712192495 0.02104003999984019 -0.00050490701580134805 0.0043254148611660886 -0.018295145047199025 -0.033855522107424596 -0.0075910289194629057 -0.0079411037484748096
leaf_weight=850 53 259 287 151 63 226 409 231 177 33 296 215 334 36 39 34 20 56 167 44 27 41 151
leaf_count=850 53 259 287 151 63 226 409 231 177 33 296 215 334 36 39 34 20 56 167 44 27 41 151
internal_value=-0.00275661 0.00284488 -0.00462508 0.0109178 -0.00802651 0.0116782 -0.00506598 0.00470628 -0.0191286 0.000227273 0.0166026 0.0134837 -0.00107053 -0.011385 0.0114815 -0.00854134 -0.00518018 -0.00693069 0.000906183 -0.00958904 -0.00637255 -0.0110294 -0.00106707
internal_weight=4199 3136 1627 1509 1348 279 1061 739 1063 430 770 511 397 213 270 631 222 202 469 146 102 68 318
internal_count=4199 3136 1627 1509 1348 279 1061 739 1063 430 770 511 397 213 270 631 222 202 469 146 102 68 318
cat_boundaries=0 1 2 3 4 5 6
cat_threshold=72 4 164 160 4 2
is_linear=0
shrinkage=0.05


Tree=32
num_leaves=24
num_cat=5
split_feature=0 2 5 5 0 2 2 0 2 0 5 0 5 5 5 5 5 2 2 5 2 5 5
split_gain=137.144 92.9793 38.5911 32.0903 19.3322 18.8419 16.0479 14.1532 12.9339 11.5641 10.0496 9.30365 9.10788 7.10283 6.30298 6.02728 5.72583 5.34066 5.1978 5.42242 4.13323 3.90337 3.20715
threshold=0 2034.5000000000002 0.88415018194986472 1.0444469704850843 1 2031.5000000000002 2029.5000000000002 2 2028.5000000000002 3 1.1543510596373601 4 1.1912409331906684 0.60124670721575979 1.4854173152328105 0.62209009350254196 0.82555440180009632 2032.5000000000002 2030.5000000000002 1.1523394282416142 2027.5000000000002 0.64827296193767847 0.89631661730230283
decision_type=1 2 2 2 1 2 2 1 2 1 2 1 2 2 2 2 2 2 2 2 2 2 2
left_child=5 2 4 11 -2 12 13 18 -9 -5 17 15 22 -6 -11 -3 -13 -10 -4 -20 -15 -8 -1
right_child=1 3 7 9 6 -7 21 8 10 14 -12 16 -14 20 -16 -17 -18 -19 19 -21 -22 -23 -24
leaf_value=-0.04674700163713004 0.22495344441890108 -0.048888379381196723 0.49903416207939133 0.056335332180497757 -0.02119008469756567 -0.096928047542528262 -0.058155105739632743 0.14355602312589469 -0.023117508327592164 -0.0078666976728453131 0.038544179724562748 -0.060548464815785956 0.0036329351612685024 0.12861518022013341 0.034814472844396427 0.0045563707328559744 -0.019936446563950661 0.012223136448439864 0.043707200718076239 0.17761493275983389 0.0084559403843557316 -0.017829024670745319 -0.014935491422971925
leaf_weight=152 102 27 346 101 49 631 90 233 117 406 174 263 117 84 43 104 327 72 159 139 99 201 163
leaf_count=152 102 27 346 101 49 631 90 233 117 406 174 263 117 84 43 104 327 72 159 139 99 201 163
internal_value=-0.00286378 0.00241577 0.00953083 -0.00800551 -0.0006 -0.0182898 -0.00454972 0.0146371 0.00858086 0.00109091 0.00282369 -0.0149445 -0.0104167 0.00517241 -0.00245098 -0.00195035 -0.0175 -0.00515873 0.0198012 0.0152685 0.00969945 -0.012457 -0.0148413
internal_weight=4199 3136 1865 1271 625 1063 523 1240 596 550 363 721 432 232 449 131 590 189 644 298 183 291 315
internal_count=4199 3136 1865 1271 625 1063 523 1240 596 550 363 721 432 232 449 131 590 189 644 298 183 291 315
cat_boundaries=0 1 2 3 4 5
cat_threshold=72 4 164 4 4
is_linear=0
shrinkage=0.05


Tree=33
num_leaves=24
num_cat=6
split_feature=0 2 5 5 0 2 0 2 2 5 5 5 5 0 5 5 0 2 5 5 5 0 2
split_gain=131.185 88.5873 44.7842 28.9775 19.4369 19.315 18.6635 21.1143 11.7916 10.8771 8.6006 6.89879 6.26584 5.78222 5.6648 4.84268 4.38924 5.38505 4.34017 3.97526 3.73878 4.7993 5.59527
threshold=0 2032.5000000000002 0.86008392305335724 1.0324986184915215 1 2032.5000000000002 2 2027.5000000000002 2034.5000000000002 0.91683600554281697 1.4158576102881872 0.62850798343534187 0.57324090082199908 3 1.3834267317466862 0.63561259619552946 4 2030.5000000000002 1.264078397058507 1.0444469704850843 1.1543510596373601 5 2028.5000000000002
decision_type=1 2 2 2 1 2 1 2 2 2 2 2 2 1 2 2 1 2 2 2 2 1 2
left_child=5 3 13 6 -4 9 -2 12 18 -1 19 -9 -8 15 -11 -3 17 -13 -6 -10 21 -5 -23
right_child=1 2 4 20 8 -7 7 11 10 14 -12 16 -14 -15 -16 -17 -18 -19 -20 -21 -22 22 -24
leaf_value=-0.044409651555273544 0.30960972910933188 -0.054895661959775535 0.049303700970828236 0.31100846792061337 0.0029863927783863931 -0.097321778069256487 -0.01897350764780157 -0.051758309737273404 -0.017617679157290355 -0.014546251711221016 0.019337535069165579 0.06939843389719709 0.12776684663319857 -0.052835613255121205 0.04517487725999119 -0.0053641416945725108 -0.012718198424587568 -0.017737924051109213 0.050840121216271551 -0.0080173098223591983 0.28615654244712463 0.089943214467626653 -0.019552814419922983
leaf_weight=206 132 58 195 145 184 547 21 83 283 264 73 78 170 338 46 108 234 66 62 376 425 54 51
leaf_count=206 132 58 195 145 184 547 21 83 283 264 73 78 170 338 46 108 234 66 62 376 425 54 51
internal_value=-0.00292332 0.00224094 -0.00559034 0.0112577 -0.000234442 -0.0180103 0.00471939 0.0010574 -0.00313765 -0.0112403 -0.00635246 -0.004718 0.0150524 -0.0180556 -0.00532258 -0.00852273 -0.00185185 0.00487013 0.00630081 -0.0081563 0.0188519 0.014 0.00413043
internal_weight=4199 3136 1677 1459 1173 1063 784 652 978 516 732 461 191 504 310 166 378 144 246 659 675 250 105
internal_count=4199 3136 1677 1459 1173 1063 784 652 978 516 732 461 191 504 310 166 378 144 246 659 675 250 105
cat_boundaries=0 1 2 3 4 5 6
cat_threshold=72 4 4 132 160 164
is_linear=0
shrinkage=0.05


Tree=34
num_leaves=24
num_cat=5
split_feature=0 2 0 2 2 0 2 2 0 0 2 2 18 19 11 14 15 11 15 15 14 14 7
split_gain=125.949 81.5493 37.0756 20.7278 17.1187 14.767 8.2477 7.81794 3.69389 3.42603 3.28916 2.38939 1.87586 1.75823 1.88795 1.68998 1.49315 1.37056 1.32134 1.31957 1.69551 1.29925 1.21669
threshold=0 2030.5000000000002 1 2032.5000000000002 2034.5000000000002 2 2027.5000000000002 2034.5000000000002 3 4 2027.5000000000002 2028.5000000000002 1.0000000180025095e-35 1.0000000180025095e-35 1.0164012017332322 18785.629984887375 28.411726000518211 0.24485615319856865 34.813372393803284 25.012291305676673 34504.457759630095 39316.05765398981 2.5000000000000004
decision_type=1 2 1 2 2 1 2 2 1 1 2 2 2 2 2 2 2 2 2 2 2 2 2
left_child=3 5 7 10 9 11 17 -3 15 12 -1 -2 -4 21 19 -6 -12 -7 -14 20 -15 -8 -20
right_child=1 2 4 -5 8 6 13 -9 -10 -11 16 -13 18 14 -16 -17 -18 -19 22 -21 -22 -23 -24
leaf_value=-0.012337843431626361 0.47075782655162862 0.21802130440898015 -0.020880068451212222 -0.092455689165793678 -0.029593161810333515 0.11315942592633021 -0.024551508758713148 0.017469611482625779 -0.026466078564297037 -0.0087344450394701845 -0.020172571438013299 0.19370832834838306 0.029835240374765083 -0.042946644484531893 0.069977234543112665 -0.0092215286531403436 -0.030392515775114773 0.076263688993009462 0.0029169209316508571 0.021431787707514794 0.010103398300365064 0.0024081847488464092 0.031697044060698065
leaf_weight=158 303 124 30 547 61 150 22 232 622 405 83 218 81 24 21 356 275 64 149 187 26 23 38
leaf_count=158 303 124 30 547 61 150 22 232 622 405 83 218 81 24 21 356 275 64 149 187 26 23 38
internal_value=-0.00299476 0.00206612 -0.00359867 -0.0177773 -0.00659247 0.0135356 0.00706831 0.010929 -0.0107074 -0.000604552 -0.0107558 0.0194444 0.00340909 0.00189769 0.00348837 -0.00649883 -0.0134078 0.0147196 0.00485075 0.00221519 -0.005 -0.00722222 0.00254011
internal_weight=4199 3136 2098 1063 1742 1038 517 356 1039 703 516 521 298 303 258 417 358 214 268 237 50 45 187
internal_count=4199 3136 2098 1063 1742 1038 517 356 1039 703 516 521 298 303 258 417 358 214 268 237 50 45 187
cat_boundaries=0 1 2 3 4 5
cat_threshold=72 4 164 160 160
is_linear=0
shrinkage=0.05


Tree=35
num_leaves=24
num_cat=5
split_feature=0 2 0 2 2 0 2 2 0 0 2 16 9 36 14 36 2 15 2 15 36 14 9
split_gain=118.364 74.2131 38.1289 23.7205 18.7255 11.3095 7.67887 5.75883 5.39421 3.05773 2.60978 1.96422 1.70455 1.60692 1.52397 1.41122 1.39972 1.35525 1.29615 1.19455 1.16604 1.79467 1.62469
threshold=0 2029.5000000000002 1 2032.5000000000002 2034.5000000000002 2 2034.5000000000002 2026.5000000000002 3 4 2026.5000000000002 1.4758333333333338 8485.1027934532904 0.74367264161444702 16049.574822509099 0.05862795281634519 2028.5000000000002 25.012291305676673 2032.5000000000002 22.754466787808642 0.027818898528645858 37674.709143221706 2519.095260331977
decision_type=1 2 1 2 2 1 2 2 1 1 2 2 2 2 2 2 2 2 2 2 2 2 2
left_child=3 5 6 10 8 -2 -3 -7 17 14 -1 -12 20 16 -6 -16 -13 -4 -19 -8 21 -9 -23
right_child=1 2 4 -5 9 7 19 12 -10 -11 11 13 -14 -15 15 -17 -18 18 -20 -21 -22 22 -24
leaf_value=-0.0048586025947617633 0.37556781042456672 0.21797302469847413 0.035487779284479617 -0.087832904707503989 -0.028509322354711042 0.13132088927584551 0.038630846961846779 -0.01788275167401494 -0.0084478439109286537 -0.025142774636082166 -0.032057385035893393 -0.0076384609357026184 0.038887149101266338 0.0070909397180968451 -0.0078679707495115988 -0.027135954088631477 -0.025513103309168162 0.034789555876217196 -0.003916541773458882 0.012697923867684891 0.04268760403138297 0.042911349482129157 -0.0089619393461179541
leaf_weight=70 412 161 97 547 52 116 20 61 487 622 155 103 124 20 344 21 168 166 107 212 24 74 36
leaf_count=70 412 161 97 547 52 116 20 61 487 622 155 103 124 20 344 21 168 166 107 212 24 74 36
internal_value=-0.00288759 0.00201844 -0.002654 -0.0172181 -0.00558762 0.0146694 0.0113524 0.00837079 -0.000145858 -0.0101299 -0.00968992 -0.0110987 0.00509404 -0.00867698 -0.00626464 -0.00527397 -0.00968635 0.00434211 0.00265568 0.00581897 0.00217949 0.000730994 0.00454545
internal_weight=4199 3136 2289 1063 1896 847 393 435 857 1039 516 446 319 291 417 365 271 370 273 232 195 171 110
internal_count=4199 3136 2289 1063 1896 847 393 435 857 1039 516 446 319 291 417 365 271 370 273 232 195 171 110
cat_boundaries=0 1 2 3 4 5
cat_threshold=72 4 164 160 160
is_linear=0
shrinkage=0.05


Tree=36
num_leaves=24
num_cat=6
split_feature=0 5 2 2 2 0 5 0 0 5 5 2 5 2 2 2 0 5 2 5 0 5 2
split_gain=114 73.8468 46.5647 29.0241 25.3014 18.3659 14.4583 11.3225 11.219 10.9555 9.48954 7.63545 6.39265 6.17103 5.32597 4.16409 6.79489 4.04135 4.01478 3.94218 3.62152 3.20491 2.91739
threshold=0 1.0324986184915215 2029.5000000000002 2032.5000000000002 2032.5000000000002 1 0.89631661730230283 2 3 0.77176796094750444 0.63561259619552946 2026.5000000000002 1.4158576102881872 2032.5000000000002 2034.5000000000002 2028.5000000000002 4 0.69157279007383188 2034.5000000000002 1.3834267317466862 5 0.62850798343534187 2035.5000000000002
decision_type=1 2 2 2 2 1 2 1 1 2 2 2 2 2 2 2 1 2 2 2 1 2 2
left_child=4 2 7 15 6 10 -1 -2 -5 13 -4 -9 22 21 -12 -3 -17 -13 -11 -8 -20 -7 -10
right_child=1 3 5 8 -6 9 19 11 12 18 14 17 -14 -15 -16 16 -18 -19 20 -21 -22 -23 -24
leaf_value=-0.043064439203633322 0.26591060997768839 0.38790259080100925 -0.034265264807913101 0.077117050050946115 -0.08344125947212877 -0.049517684615466621 -0.011907867451007404 0.096555868724600924 0.0062718172893214685 -0.0076022498078409662 0.10721403662563721 -0.057692390032393348 0.029903366881893368 -0.057367378081384812 0.0030111238108007313 0.010170275493709635 0.17943540363230623 0.0063706571436070725 -0.0090707000764315825 0.044193948607759916 -0.02463667042379716 -0.015999624205985975 -0.0069737790017662784
leaf_weight=191 146 290 49 127 547 53 279 85 193 273 65 46 102 276 100 108 277 180 161 46 209 57 339
leaf_count=191 146 290 49 127 547 53 279 85 193 273 65 46 102 276 100 108 277 180 161 46 209 57 339
internal_value=-0.00282805 0.00198665 -0.00505882 0.0103412 -0.0168919 -0.0100764 -0.00910853 0.00858862 0.00364652 -0.0127767 0.00334821 0.00272586 0.000776398 -0.0195596 0.00924242 0.0178889 0.0144805 -0.00199115 -0.00890358 -0.00269231 -0.0122973 -0.00954545 -0.00140977
internal_weight=4199 3136 1700 1436 1063 1243 516 457 761 1029 214 311 634 386 165 675 385 226 643 325 370 110 532
internal_count=4199 3136 1700 1436 1063 1243 516 457 761 1029 214 311 634 386 165 675 385 226 643 325 370 110 532
cat_boundaries=0 1 2 3 4 5 6
cat_threshold=72 4 132 4 17 160
is_linear=0
shrinkage=0.05


Tree=37
num_leaves=24
num_cat=5
split_feature=0 5 2 2 2 0 5 5 0 0 5 0 2 2 5 5 2 5 5 2 5 2 5
split_gain=108.038 68.8697 41.0632 27.8821 25.9955 17.9342 14.355 11.2776 10.2139 9.1832 8.80239 8.2609 6.66982 5.89688 5.27057 4.99713 4.88083 4.38177 3.89518 3.83255 3.82423 4.10897 3.21641
threshold=0 1.0154938974775825 2029.5000000000002 2034.5000000000002 2032.5000000000002 1 0.89631661730230283 0.82555440180009632 2 3 0.63561259619552946 4 2026.5000000000002 2032.5000000000002 1.2553521696088608 1.4854173152328105 2034.5000000000002 1.084337575140127 0.69157279007383188 2027.5000000000002 1.1672731239108303 2029.5000000000002 1.4730567937906967
decision_type=1 2 2 2 2 1 2 2 1 1 2 1 2 2 2 2 2 2 2 2 2 2 2
left_child=4 2 8 9 6 10 -1 13 -2 14 -4 17 -10 -7 19 -13 -12 -5 -14 -3 21 -11 -8
right_child=1 3 5 11 -6 7 22 -9 12 20 16 15 18 -15 -16 -17 -18 -19 -20 -21 -22 -23 -24
leaf_value=-0.040911217243451641 0.24008001994123909 0.12476767581234577 -0.032552001567517454 -0.0048809663968712343 -0.079269196498522335 -0.022441374971381923 -0.0079076874507492349 -0.011915721518111867 0.084262730476540787 0.28654760708586785 0.096561106280710893 -0.0055569037391156153 -0.054807770530773681 -0.04863403370674857 0.10459971261024253 0.031466179074756351 0.003723068575903632 0.071097804514794707 0.0047463999955106306 -0.0036083063965179464 0.2751806885539807 0.045324565532518957 0.064698967563161333
leaf_weight=191 141 44 49 26 547 144 300 490 78 123 63 445 46 352 109 43 92 84 172 138 355 142 25
leaf_count=191 141 44 49 26 547 144 300 490 78 123 63 445 46 352 109 43 92 84 172 138 355 142 25
internal_value=-0.00282805 0.0018595 -0.00527044 0.00955931 -0.0165191 -0.010084 -0.00862403 -0.0128012 0.00783753 0.0150659 0.00350467 0.00117057 0.00212418 -0.018246 0.00689369 -0.00170683 0.00951613 0.0129167 -0.00229358 0.00192308 0.0184921 0.0142453 -0.00223077
internal_weight=4199 3136 1627 1509 1063 1190 516 986 437 911 204 598 296 496 291 488 155 110 218 182 620 265 325
internal_count=4199 3136 1627 1509 1063 1190 516 986 437 911 204 598 296 496 291 488 155 110 218 182 620 265 325
cat_boundaries=0 1 2 3 4 5
cat_threshold=72 4 132 17 4
is_linear=0
shrinkage=0.05


Tree=38
num_leaves=24
num_cat=0
split_feature=2 5 5 2 2 5 5 5 2 5 2 5 2 5 5 5 11 15 7 5 2 11 15
split_gain=84.2413 38.2105 32.8913 13.2282 8.48099 8.05796 7.50945 6.82727 4.21102 4.12702 3.41727 2.72476 2.42795 2.32485 2.20831 2.14264 1.81165 1.79011 1.73751 1.86123 1.92667 1.72373 1.3693
threshold=2032.5000000000002 0.97590027831923531 0.83296196964687219 2027.5000000000002 2026.5000000000002 1.3207557252961468 0.62209009350254196 1.1523394282416142 2034.5000000000002 0.7376789738161762 2029.5000000000002 1.0392119347815225 2034.5000000000002 1.5137990806277084 0.63561259619552946 0.8683379809646673 1.0215050346234318 140.63016145694462 1.0000000180025095e-35 1.5720523221415739 2036.5000000000002 0.27895657876397106 102.80552441240948
decision_type=2 2 2 2 2 2 2 2 2 2 2 2 2 2 2 2 2 2 2 2 2 2 2
left_child=1 3 14 9 -3 8 -5 -6 16 -1 15 -10 21 -9 -2 22 -4 -11 -14 20 -20 -7 -8
right_child=2 4 5 6 7 12 10 13 11 17 -12 -13 18 -15 -16 -17 -18 -19 19 -21 -22 -23 -24
leaf_value=-0.011464331143468877 -0.081616734512370392 0.26183622877483892 -0.010096858388107855 -0.061753417815323355 0.012699678117596114 0.03999476086871763 -0.012351856742367407 0.07039427860106709 -0.023056730613970757 0.064110615016130398 -0.022059715486719613 -0.017779971381734507 -0.014951242850429081 0.30846083288862119 -0.040845982894058164 0.018461216216717348 0.013212048787154408 -0.0058552584512155731 -0.010076840045009174 0.043726193113098694 0.0096513013160650866 -0.0010243662979948053 0.0059684260844991678
leaf_weight=99 211 156 293 125 392 52 98 450 481 150 295 539 116 58 384 87 31 22 25 20 50 22 43
leaf_count=99 211 156 293 125 392 52 98 450 481 150 295 539 116 58 384 87 31 22 25 20 50 22 43
internal_value=-0.00297095 0.0045443 -0.00964478 -0.00291077 0.0110322 -0.00596992 -0.00679012 0.00916667 -0.00758929 0.00636531 -0.0041587 -0.00916667 0.00166667 0.0129921 -0.0197059 0.000438596 -0.00262346 0.0110465 -0.00106635 0.00394737 0.000333333 0.00945946 -0.00336879
internal_weight=4199 1975 2224 919 1056 1629 648 900 1344 271 523 1020 285 508 595 228 324 172 211 95 75 74 141
internal_count=4199 1975 2224 919 1056 1629 648 900 1344 271 523 1020 285 508 595 228 324 172 211 95 75 74 141
is_linear=0
shrinkage=0.05


Tree=39
num_leaves=24
num_cat=5
split_feature=0 2 5 0 2 5 0 5 5 2 5 5 0 2 0 2 5 2 5 2 2 5 5
split_gain=115.453 60.4795 44.6495 21.6401 21.115 17.0027 18.6475 10.8253 10.1851 9.88132 9.03006 6.11936 6.04234 6.3148 5.23829 4.90261 4.89776 4.83376 4.7798 4.15584 3.27366 3.24323 2.71471
threshold=0 2030.5000000000002 0.82555440180009632 1 2032.5000000000002 1.1523394282416142 2 1.1453412370221989 0.89631661730230283 2026.5000000000002 0.62209009350254196 0.59363815052548841 3 2032.5000000000002 4 2034.5000000000002 1.0942162355239466 2033.5000000000002 1.4730567937906967 2027.5000000000002 2028.5000000000002 1.3834267317466862 0.96614232066531724
decision_type=1 2 2 1 2 2 1 2 2 2 2 2 1 2 1 2 2 2 2 2 2 2 2
left_child=4 5 11 16 8 6 10 -5 -1 22 19 -3 -13 -14 15 -9 17 -4 -17 -2 -12 -10 -8
right_child=1 2 3 7 -6 -7 9 14 21 -11 20 12 13 -15 -16 18 -18 -19 -20 -21 -22 -23 -24
leaf_value=-0.038095168631798695 0.10465922133602201 -0.071633178289071217 0.20412794058862122 -0.0089695697620077574 -0.073966960954971572 0.31532821148372819 0.038268184191819189 0.0750958702840233 -0.011552073611799375 -0.010730259703350599 0.31741721672240947 -0.0029258892629172584 -0.0052701635786530868 -0.034673757594074497 -0.00075256401512509015 -0.0018454698211192166 0.13115325189508678 0.0056332600673552951 0.076283275299955738 -0.050635893257416603 0.1175023527742094 0.034396989469262618 0.10010422054422269
leaf_weight=191 20 167 31 766 547 307 46 103 279 275 184 120 65 204 294 99 131 97 21 35 136 46 35
leaf_count=191 20 167 31 766 547 307 46 103 279 275 184 120 65 204 294 99 131 97 21 35 136 46 35
internal_value=-0.00301858 0.00182772 -0.00305052 0.00132944 -0.0171715 0.0117052 0.00755814 -0.00137278 -0.0100775 -0.000819672 0.0151299 -0.0151978 -0.0117609 -0.015681 0.00420696 0.00976395 0.0142193 0.0078125 0.00333333 -0.00318182 0.01875 -0.00469231 0.0145062
internal_weight=4199 3136 2098 1542 1063 1038 731 1283 516 356 375 556 389 269 517 223 259 128 120 55 320 325 81
internal_count=4199 3136 2098 1542 1063 1038 731 1283 516 356 375 556 389 269 517 223 259 128 120 55 320 325 81
cat_boundaries=0 1 2 3 4 5
cat_threshold=72 4 164 132 160
is_linear=0
shrinkage=0.05


Tree=40
num_leaves=24
num_cat=6
split_feature=0 5 2 0 2 5 2 2 5 0 0 0 2 2 2 5 5 5 5 0 2 2 5
split_gain=108.7 58.0805 40.7566 23.5847 22.3913 17.4456 17.1976 10.4321 10.3977 9.35322 7.8771 5.87608 6.54172 5.85083 5.7004 5.26058 4.65043 3.95874 3.78827 3.63002 3.04757 3.6353 2.75656
threshold=0 1.1016024789624379 2028.5000000000002 1 2033.5000000000002 0.77176796094750444 2032.5000000000002 2033.5000000000002 0.91683600554281697 2 3 4 2029.5000000000002 2026.5000000000002 2032.5000000000002 0.60124670721575979 0.65500856664796159 1.3834267317466862 0.62850798343534187 5 2035.5000000000002 2031.5000000000002 0.69157279007383188
decision_type=1 2 2 1 2 2 2 2 2 1 1 1 2 2 2 2 2 2 2 1 2 2 2
left_child=4 2 10 7 8 14 11 16 -1 -8 -2 12 -3 -12 18 -9 -4 -10 -5 -7 21 -21 -15
right_child=1 6 3 5 -6 19 9 15 17 -11 13 -13 -14 22 -16 -17 -18 -19 -20 20 -22 -23 -24
leaf_value=-0.037447759461578543 0.28690716482393663 0.14005887010391457 -0.0019933145150377919 -0.042342220012434068 -0.072898113565344216 -0.003125384477884552 0.045431481898243357 -0.034393717738222973 -0.01563772101425789 -0.00018929541658021523 0.07761047118440266 0.29797151520698284 -0.0051224116257737153 -0.047163783216712045 -0.048022948384740353 0.005841848798129279 0.1972274797669587 0.026754744759756255 -0.0088774523475314126 -0.024931266708025614 -0.016554438990601206 -0.001224939840647421 0.011723310593449644
leaf_weight=230 127 105 20 69 477 384 204 27 304 377 98 372 65 28 276 148 82 52 72 116 243 170 153
leaf_count=230 127 105 20 69 477 384 204 27 304 377 98 372 65 28 276 148 82 52 72 116 243 170 153
internal_value=-0.00306621 0.001637 -0.00344014 -0.00701618 -0.0167987 -0.00973881 0.0107524 0.00618467 -0.0104096 0.00477625 0.0107143 0.0171587 0.00777778 0.00527682 -0.0182854 -0.001 0.0191176 -0.00505618 -0.0101064 -0.00594195 -0.00858071 -0.00524476 0.000138122
internal_weight=4199 3136 2013 1607 1063 1330 1123 277 586 581 406 542 170 279 417 175 102 356 141 913 529 286 181
internal_count=4199 3136 2013 1607 1063 1330 1123 277 586 581 406 542 170 279 417 175 102 356 141 913 529 286 181
cat_boundaries=0 1 2 3 4 5 6
cat_threshold=72 4 36 132 17 160
is_linear=0
shrinkage=0.05


Tree=41
num_leaves=24
num_cat=5
split_feature=0 5 2 2 2 0 5 0 5 5 5 0 5 5 0 2 2 2 5 14 5 2 2
split_gain=104.49 54.4175 29.1383 24.188 23.8427 18.4072 13.3998 13.4559 9.18659 7.70866 6.17702 6.03099 5.29715 4.57882 6.84624 3.61622 3.37033 3.06351 3.048 2.94703 2.90686 2.83794 2.80616
threshold=0 0.95125794861024027 2029.5000000000002 2029.5000000000002 2032.5000000000002 1 0.63561259619552946 2 0.86607280868335701 0.54654052051512081 1.1016024789624379 3 1.395838970718613 1.2451720273098628 4 2026.5000000000002 2034.5000000000002 2034.5000000000002 0.7681049980012834 85976.077689391241 0.96905256789785377 2026.5000000000002 2033.5000000000002
decision_type=1 2 2 2 2 1 2 1 2 2 2 1 2 2 1 2 2 2 2 2 2 2 2
left_child=4 3 13 9 8 10 -5 16 -1 -2 22 -11 20 14 15 -3 -8 -9 -19 -17 -7 -13 -4
right_child=1 2 5 6 -6 12 7 17 -10 11 -12 21 -14 -15 -16 19 -18 18 -20 -21 -22 -23 -24
leaf_value=-0.037899923426698678 -0.04566756701210082 0.13019027251052542 0.079402236690762615 -0.0545806294184632 -0.066690074493256368 -0.026835780437824398 0.069469851399413682 -0.012281148010722909 -0.0089840669143442572 0.22372039316942927 0.070269171238747416 0.064104147143806856 0.019238600778855242 0.42046218999861118 0.25256984366470431 -0.023450739567120051 0.0034863630515228118 -0.034159928017636391 -0.017603694723172005 0.031802928019022937 -0.003230803881802058 -0.0015351034942557185 -0.00052905194188865854
leaf_weight=170 39 29 52 239 547 39 46 272 346 111 302 43 112 162 220 48 70 95 240 34 700 161 122
leaf_count=170 39 29 52 239 547 39 46 272 346 111 302 43 112 162 220 48 70 95 240 34 700 161 122
internal_value=-0.00310193 0.00150985 0.00711538 -0.006231 -0.0165657 0.00325923 -0.010343 -0.00695021 -0.00901163 0.0049435 0.0110082 0.00753968 -0.00119048 0.0174949 0.0141239 0.00268595 0.00833333 -0.00984603 -0.013209 -0.00243902 -0.00274019 0.00186916 0.00373563
internal_weight=4199 3136 1820 1316 1063 1327 962 723 516 354 476 315 851 493 331 111 116 607 335 82 739 204 174
internal_count=4199 3136 1820 1316 1063 1327 962 723 516 354 476 315 851 493 331 111 116 607 335 82 739 204 174
cat_boundaries=0 1 2 3 4 5
cat_threshold=72 36 4 36 17
is_linear=0
shrinkage=0.05


Tree=42
num_leaves=24
num_cat=5
split_feature=0 2 2 0 2 2 0 0 0 2 2 2 14 14 9 2 11 15 6 2 4 9 9
split_gain=97.764 41.1906 30.5929 28.1741 8.61543 8.50893 11.7733 6.94497 6.78158 4.54676 3.77925 3.41036 1.56212 1.50486 1.38426 1.97189 1.35287 1.43861 1.35136 1.34965 2.29592 1.31394 1.47514
threshold=0 2029.5000000000002 2032.5000000000002 1 2033.5000000000002 2027.5000000000002 2 3 4 2026.5000000000002 2034.5000000000002 2034.5000000000002 48785.083576663041 10184.249640326083 61642.765448338389 2034.5000000000002 1.030261720620439 130.62896412211828 1.0000000180025095e-35 2028.5000000000002 1.0000000180025095e-35 70.861480953857779 12408.557030270813
decision_type=1 2 2 1 2 2 1 1 1 2 2 2 2 2 2 2 2 2 2 2 2 2 2
left_child=2 8 5 10 18 -1 -7 11 9 -2 -3 -4 -9 -10 15 -14 17 -15 -5 -11 -21 -12 -23
right_child=1 3 7 4 -6 6 -8 12 13 19 21 -13 14 16 -16 -17 -18 -19 -20 20 -22 22 -24
leaf_value=0.36714378444114176 0.082931259051640005 -0.006939387470368619 0.075410422470993152 -0.022496943511718406 -0.065918704162414188 0.29239191221034888 0.036444149340897257 -0.011225381271432733 -0.025317991762509706 0.011685280963969725 -0.017073133464025149 0.0099472328637095764 0.008596787898640202 -0.0046845238779724468 -0.011151005461428909 -0.0036733083510926525 -0.020565699357784985 -0.020452501653798996 -0.036820814941520744 -0.012908484050497826 0.015773281892577231 -0.022138319652888639 -0.014908210356097063
leaf_weight=208 116 487 55 238 477 184 354 249 21 217 141 232 69 204 29 212 22 62 39 80 22 275 206
leaf_count=208 116 487 55 238 477 184 354 249 21 217 141 232 69 204 29 212 22 62 39 80 22 275 206
internal_value=-0.00316147 -0.00910394 0.00658552 -0.0131106 -0.0205497 0.014008 0.0106877 0.000118203 0.000806452 0.00477528 -0.00779714 0.00631313 -0.00311951 -0.00478056 -0.000806452 0.000266904 -0.00399306 -0.00300752 -0.0138087 0.00180251 -0.00294118 -0.0104502 -0.0116944
internal_weight=4199 2607 1592 1863 754 746 538 846 744 435 1109 287 559 309 310 281 288 266 277 319 102 622 481
internal_count=4199 2607 1592 1863 754 746 538 846 744 435 1109 287 559 309 310 281 288 266 277 319 102 622 481
cat_boundaries=0 1 2 3 4 5
cat_threshold=164 19 4 4 19
is_linear=0
shrinkage=0.05


Tree=43
num_leaves=24
num_cat=5
split_feature=0 5 2 2 0 5 2 5 2 0 2 0 5 0 5 5 5 5 2 2 5 2 5
split_gain=93.0955 56.2905 35.0535 28.1615 26.963 14.5481 13.6285 10.9289 7.0153 6.89058 7.52624 6.0464 5.63071 4.99463 5.89928 4.58284 3.447 3.08382 3.07819 3.02857 3.00309 2.74626 3.71827
threshold=0 0.76343305541321171 2028.5000000000002 2033.5000000000002 1 1.1453412370221989 2031.5000000000002 0.90661399244645735 2034.5000000000002 2 2033.5000000000002 3 1.4730567937906967 4 1.2451720273098628 0.54654052051512081 1.0871140789853733 0.59363815052548841 2026.5000000000002 2027.5000000000002 1.5720523221415739 2029.5000000000002 0.68614658175646159
decision_type=1 2 2 2 1 2 2 2 2 1 2 1 2 1 2 2 2 2 2 2 2 2 2
left_child=3 6 13 7 8 -6 11 21 -4 10 -7 15 -12 14 18 -2 -10 -8 -3 -9 -11 22 -1
right_child=1 2 4 -5 5 9 17 19 16 20 12 -13 -14 -15 -16 -17 -18 -19 -20 -21 -22 -23 -24
leaf_value=-0.061276454149745987 -0.015894274520487084 0.094225110667596479 0.2316221326877182 -0.062622768954293487 -0.0091068123103109407 0.12900298386194983 -0.067612037168896771 0.0046419642119253091 0.0041551447419753808 -0.0024042104774028242 -0.0021443925346052773 -0.03323439429330919 0.076259222534504109 0.29198267219274959 0.23664224568062836 0.050971272349028762 0.057755248996956526 -0.024999163040886698 -0.0028171954526271304 -0.012611366012776015 0.036249449646258869 -0.046393029819931236 -0.0064921096091919766
leaf_weight=42 37 43 158 477 1040 118 149 93 93 331 123 105 26 339 41 94 83 232 96 272 28 106 73
leaf_count=42 37 43 158 477 1040 118 149 93 93 331 123 105 26 339 41 94 83 232 96 272 28 106 73
internal_value=-0.00301858 0.00133503 0.00465462 -0.0157269 0.00165 -0.000984487 -0.0121961 -0.00853242 0.0143895 0.00503195 0.0109206 -0.00275424 0.00385906 0.0162331 0.00789474 0.00443262 0.00795455 -0.0180446 0.00341727 -0.00321918 0.000338753 -0.0173077 -0.0119565
internal_weight=4199 3136 2519 1063 2000 1666 617 586 334 626 267 236 149 519 180 131 176 381 139 365 359 221 115
internal_count=4199 3136 2519 1063 2000 1666 617 586 334 626 267 236 149 519 180 131 176 381 139 365 359 221 115
cat_boundaries=0 1 2 3 4 5
cat_threshold=72 4 160 133 17
is_linear=0
shrinkage=0.05


Tree=44
num_leaves=24
num_cat=6
split_feature=0 5 2 2 0 5 2 5 2 5 0 2 5 0 0 5 5 2 5 5 0 2 2
split_gain=91.0453 49.7617 31.3444 28.0944 23.9223 13.4377 13.2181 11.1425 6.37874 5.87287 5.80736 5.17993 5.15379 5.52271 5.00296 4.4625 3.90791 3.53431 3.52566 3.4233 2.98188 2.96344 2.92298
threshold=0 0.78493427256843895 2028.5000000000002 2033.5000000000002 1 1.232385959691737 2031.5000000000002 0.90661399244645735 2034.5000000000002 0.54654052051512081 2 2034.5000000000002 1.2485015017600369 3 4 1.4730567937906967 0.62850798343534187 2027.5000000000002 1.1415607775418246 0.99172057139916781 5 2026.5000000000002 2027.5000000000002
decision_type=1 2 2 2 1 2 2 2 2 2 1 2 2 1 1 2 2 2 2 2 1 2 2
left_child=3 6 12 7 8 19 9 -1 -4 -2 11 -7 13 -3 17 -13 -8 -11 -10 -6 -18 -15 -9
right_child=1 2 4 -5 5 10 16 22 18 14 -12 15 -14 21 -16 -17 20 -19 -20 -21 -22 -23 -24
leaf_value=-0.032873412067436103 -0.042828086297331591 0.39368209389728881 0.22006862788184556 -0.059491630506578824 -0.013174813070989711 0.15913090418524103 -0.056225104820934839 0.0044098660013290212 0.0043808383408912915 0.14676483765641227 0.0054270650893593732 -0.0026945049323118479 0.4411936951486588 0.088421403462906778 -0.015690978433767235 0.063432386814954889 -0.0089642091911544385 0.018342652481075028 0.062294242211849586 -0.0023482416607887302 -0.026640345793956757 0.010770495962922767 -0.011980797712137205
leaf_weight=221 60 115 157 477 542 97 190 93 103 33 242 64 124 92 102 21 108 73 69 661 116 167 272
leaf_count=221 60 115 157 477 542 97 190 93 103 33 242 64 124 92 102 21 108 73 69 661 116 167 272
internal_value=-0.00306621 0.00123967 0.00456398 -0.0156337 0.00171268 -0.000809407 -0.0107038 -0.0084471 0.0137906 -0.00205224 0.00683962 0.0132813 0.0157631 0.0128342 0.00192308 0.005 -0.0163043 0.00905172 0.00755814 -0.00351205 -0.0118304 0.00771375 -0.00308219
internal_weight=4199 3136 2454 1063 1956 1627 682 586 329 268 424 182 498 374 208 85 414 106 172 1203 224 259 365
internal_count=4199 3136 2454 1063 1956 1627 682 586 329 268 424 182 498 374 208 85 414 106 172 1203 224 259 365
cat_boundaries=0 1 2 3 4 5 6
cat_threshold=72 4 160 36 133 164
is_linear=0
shrinkage=0.05


Tree=45
num_leaves=24
num_cat=5
split_feature=0 5 2 2 0 0 2 5 5 5 5 5 2 5 5 2 2 2 0 5 0 5 2
split_gain=88.6914 46.7033 27.7338 27.6686 18.0224 13.0747 12.8941 10.7909 10.2636 7.38994 5.8462 5.48725 4.74609 4.58587 4.05623 3.86029 3.78461 3.3011 3.87013 4.36012 3.07483 2.81583 2.51895
threshold=0 0.78493427256843895 2029.5000000000002 2033.5000000000002 1 2 2031.5000000000002 0.90661399244645735 1.4590833241574643 1.2837255376576799 0.56444565938134728 1.1118254632596161 2026.5000000000002 0.97864785621514683 0.62850798343534187 2033.5000000000002 2027.5000000000002 2034.5000000000002 3 1.1672731239108303 4 1.3834267317466862 2029.5000000000002
decision_type=1 2 2 2 1 1 2 2 2 2 2 2 2 2 2 2 2 2 1 2 1 2 2
left_child=3 6 5 7 11 -3 10 22 13 12 -2 15 -7 -6 -8 -4 -12 18 19 -15 -16 -9 -1
right_child=1 2 4 -5 8 9 14 21 -10 -11 16 -13 -14 17 20 -17 -18 -19 -20 -21 -22 -23 -24
leaf_value=-0.014132918663948592 -0.032368512031530863 0.34307538793997266 0.14118136100738674 -0.056517048981249873 -0.013912979124852854 0.059764492316275231 -0.053413849579888109 -0.010877017551786539 0.050330001478902459 0.19614513353563601 0.085770523511044597 0.121752274270749 -0.0039959356090263579 0.0023399069405731776 -0.0085159987315966967 0.0037283455878320384 -0.0088599122660640191 -0.0049023385736192806 -0.0025987533573195612 0.06017787993552446 -0.025308328504258928 0.028220666229317251 -0.042429707725562871
leaf_weight=115 70 318 52 477 461 76 190 313 99 65 59 141 208 98 108 107 139 504 230 95 116 52 106
leaf_count=115 70 318 52 477 461 76 190 313 99 65 59 141 208 98 108 107 139 504 230 95 116 52 106
internal_value=-0.00309002 0.0011602 0.0043806 -0.0154939 0.00113318 0.013081 -0.0104106 -0.00836177 -0.0011523 0.00577994 -0.00186567 0.0120968 0.00246479 -0.00226945 -0.015942 0.00613208 0.00252525 -0.000242718 0.00301418 0.00800493 -0.0113839 -0.00308219 -0.0170814
internal_weight=4199 3136 2454 1063 1787 667 682 586 1487 349 268 300 284 1388 414 159 198 927 423 193 224 365 221
internal_count=4199 3136 2454 1063 1787 667 682 586 1487 349 268 300 284 1388 414 159 198 927 423 193 224 365 221
cat_boundaries=0 1 2 3 4 5
cat_threshold=72 4 164 160 164
is_linear=0
shrinkage=0.05


Tree=46
num_leaves=24
num_cat=5
split_feature=0 5 2 2 0 0 5 5 2 2 5 2 5 2 0 0 5 2 5 2 5 2 5
split_gain=83.2907 41.8172 29.8537 20.1876 19.7602 18.4812 15.3746 11.1844 11.1264 8.53771 7.96082 7.71431 6.21589 4.47674 4.45262 4.03369 3.74246 2.9664 2.77885 3.03407 2.74061 2.68041 2.59035
threshold=0 0.96905256789785377 2032.5000000000002 2032.5000000000002 1 2 0.63561259619552946 0.77583830786226704 2027.5000000000002 2029.5000000000002 1.3661093842275072 2027.5000000000002 1.4158576102881872 2034.5000000000002 3 4 0.51653639921929895 2027.5000000000002 1.1625859542886614 2028.5000000000002 1.1118254632596161 2027.5000000000002 0.82102913517071141
decision_type=1 2 2 2 1 1 2 2 2 2 2 2 2 2 1 1 2 2 2 2 2 2 2
left_child=2 4 7 5 9 18 21 -1 -8 -2 11 -7 15 -10 -15 20 -11 -9 19 -3 -5 -6 -16
right_child=1 3 -4 12 6 10 8 17 13 16 -12 -13 -14 14 22 -17 -18 -19 -20 -21 -22 -23 -24
leaf_value=-0.043976693024657745 0.23939797586417236 0.35684421980542569 -0.051320218774940245 -0.00095253858285606621 -0.014069264976340756 0.088158138889283505 0.045134662068259071 0.0035476651465241819 -0.0092879907403754739 -0.064582527213769045 0.15499640849760779 -0.0086240267457657893 0.024668006583971371 -0.010072919191768826 -0.027784263695972644 -0.0026105870084624618 0.010224690847515205 -0.0095155865600193412 0.38202957079891037 0.089323636907793089 0.052875166312169423 -0.052068281729947312 -0.017354035329130334
leaf_weight=116 68 75 547 58 30 103 124 119 426 21 66 217 116 146 97 663 157 281 208 133 85 221 122
leaf_count=116 68 75 547 58 30 103 124 119 426 21 66 217 116 146 97 663 157 281 208 133 85 221 122
internal_value=-0.0030543 0.00106484 -0.0150746 0.0062935 -0.00531161 0.0120948 -0.0079932 -0.00658915 -0.00505464 0.00742188 0.00378788 0.000625 0.00124729 -0.00723767 -0.0113014 -0.000310174 0.00196629 -0.002625 0.0192488 0.015625 0.00702614 -0.0190239 -0.0156114
internal_weight=4199 3136 1063 1724 1412 802 1166 516 915 246 386 320 922 791 365 806 178 400 416 208 143 251 219
internal_count=4199 3136 1063 1724 1412 802 1166 516 915 246 386 320 922 791 365 806 178 400 416 208 143 251 219
cat_boundaries=0 1 2 3 4 5
cat_threshold=72 4 164 160 4
is_linear=0
shrinkage=0.05


Tree=47
num_leaves=24
num_cat=4
split_feature=0 5 2 2 0 0 2 5 5 2 5 0 5 5 2 5 2 2 5 2 5 5 2
split_gain=78.6727 38.5505 31.131 24.6866 15.6634 13.8865 12.2037 9.71256 7.81081 6.91259 6.44023 6.33486 6.25908 6.0879 5.71719 4.6225 3.49178 3.28729 4.4061 2.69596 3.10693 2.60044 2.56067
threshold=0 0.89340953320853456 2033.5000000000002 2029.5000000000002 1 2 2034.5000000000002 0.89631661730230283 0.59363815052548841 2029.5000000000002 1.1118254632596161 3 1.2837255376576799 0.7681049980012834 2027.5000000000002 1.395838970718613 2026.5000000000002 2029.5000000000002 0.65500856664796159 2034.5000000000002 1.4158576102881872 0.51653639921929895 2034.5000000000002
decision_type=1 2 2 2 1 1 2 2 2 2 2 1 2 2 2 2 2 2 2 2 2 2 2
left_child=2 4 7 11 9 10 8 17 -6 -2 -5 -3 14 -8 -13 -7 -10 18 -1 -12 -21 -11 -17
right_child=1 3 -4 5 6 15 13 -9 16 21 19 12 -14 -15 -16 22 -18 -19 -20 20 -22 -23 -24
leaf_value=-0.071679177833336508 0.2205406275756471 0.42733763368636224 -0.05112518559344037 0.0059283369751690351 -0.036464842294391085 -0.0051845670385088256 -0.039503031974064934 -0.0062673176602370045 0.054790462436977987 -0.061353400853080588 0.15411878229891524 0.095493153986233467 0.26185001855373519 -0.016697911083170893 -0.0053883571111164492 0.10236698801933902 -0.0081485123922159907 -0.038410944451618745 -0.0031383660715916806 0.010098614746976244 0.08862855297936828 0.0042438773206922246 0.0003927581569094674
leaf_weight=33 52 179 477 233 112 856 199 372 47 21 144 155 86 156 137 53 382 103 78 115 33 117 59
leaf_count=33 52 179 477 233 112 856 199 372 47 21 144 155 86 156 137 53 382 103 78 115 33 117 59
internal_value=-0.00306621 0.000937699 -0.0147484 0.00497561 -0.00667587 0.00162425 -0.0093819 -0.00716724 -0.0047597 0.00625 0.00808411 0.0139587 0.00940722 -0.0166901 0.00616438 -0.00194274 -0.00168998 -0.0156542 -0.00968468 0.0131849 0.00844595 0.000724638 0.00758929
internal_weight=4199 3136 1063 2050 1086 1493 896 586 541 190 525 557 378 355 292 968 429 214 111 292 148 138 112
internal_count=4199 3136 1063 2050 1086 1493 896 586 541 190 525 557 378 355 292 968 429 214 111 292 148 138 112
cat_boundaries=0 1 2 3 4
cat_threshold=72 4 36 132
is_linear=0
shrinkage=0.05


Tree=48
num_leaves=24
num_cat=6
split_feature=0 5 2 2 0 2 5 5 2 5 0 0 0 2 5 5 5 5 2 2 2 0 5
split_gain=74.0564 35.4333 30.6865 25.7102 17.421 13.5721 10.23 7.94948 7.27241 6.55247 7.78071 5.86011 4.88999 4.01834 3.76939 3.6251 3.33617 3.15156 3.00193 2.74647 2.67162 3.97112 2.76691
threshold=0 0.76343305541321171 2032.5000000000002 2028.5000000000002 1 2031.5000000000002 1.4590833241574643 0.77583830786226704 2033.5000000000002 1.2601101320002142 2 3 4 2026.5000000000002 0.97864785621514683 1.3375357467376412 0.46620033734366129 0.59363815052548841 2027.5000000000002 2027.5000000000002 2034.5000000000002 5 1.1672731239108303
decision_type=1 2 2 2 1 2 2 2 2 2 1 1 1 2 2 2 2 2 2 2 2 1 2
left_child=2 5 7 9 8 12 14 -1 -5 10 -3 17 16 -12 -6 -10 -2 -7 -18 -9 21 22 -16
right_child=1 3 -4 4 6 11 -8 19 15 -11 13 -13 -14 -15 20 -17 18 -19 -20 -21 -22 -23 -24
leaf_value=-0.039029216067269751 -0.060214877207193589 0.31164968166077406 -0.046197948556521241 0.22253173246262403 -0.011806954217758125 -0.041955053218114172 0.063922250311171602 0.0036836477722098416 0.0096872213816293854 0.44421359398684379 0.07292199570148164 -0.032735165587746008 -0.026193144852424945 0.0057059659945398527 0.01150442285997566 0.12894788020384737 0.11404283588944547 -0.00075411551978561426 0.015879536456817167 -0.0087264413490065525 -0.0046317220103419213 -0.0034527963314319623 0.056797983244614519
leaf_weight=116 20 126 547 130 545 54 107 119 178 119 95 242 105 179 124 26 34 85 77 281 504 278 108
leaf_count=116 20 126 547 130 545 54 107 119 178 119 95 242 105 179 124 26 34 85 77 281 504 278 108
internal_value=-0.00299476 0.000890019 -0.014329 0.00352322 0.00095 -0.00984603 -0.00116348 -0.00571705 0.0111919 0.0134393 0.010375 -0.0156824 -0.000423729 0.00492958 -0.00219692 0.00563725 0.00585106 -0.00587248 0.00968468 -0.002375 -0.000394477 0.00215686 0.00681818
internal_weight=4199 3136 1063 2519 2000 617 1666 516 334 519 400 381 236 274 1559 204 131 139 111 400 1014 510 232
internal_count=4199 3136 1063 2519 2000 617 1666 516 334 519 400 381 236 274 1559 204 131 139 111 400 1014 510 232
cat_boundaries=0 1 2 3 4 5 6
cat_threshold=72 4 36 36 133 160
is_linear=0
shrinkage=0.05


Tree=49
num_leaves=24
num_cat=4
split_feature=0 2 2 0 5 5 5 5 5 2 5 5 2 2 0 5 2 5 5 0 5 2 2
split_gain=69.1982 36.9064 25.0844 23.3031 17.2366 15.6829 14.1012 10.041 9.27385 8.2303 7.60954 5.04035 5.52374 4.19171 3.798 3.08429 2.94439 2.8679 2.27275 2.19522 2.37148 2.71474 1.87655
threshold=0 2033.5000000000002 2029.5000000000002 1 0.82555440180009632 1.1118254632596161 1.3730171506729645 0.64827296193767847 0.94803883727286387 2026.5000000000002 0.62850798343534187 1.4730567937906967 2033.5000000000002 2027.5000000000002 2 0.63561259619552946 2033.5000000000002 1.1080825569437391 0.99172057139916781 3 0.91337345033287376 2029.5000000000002 2027.5000000000002
decision_type=1 2 2 1 2 2 2 2 2 2 2 2 2 2 1 2 2 2 2 1 2 2 2
left_child=2 6 8 4 -3 10 7 -2 13 17 -4 12 -7 -1 16 -15 -12 -9 -6 -11 21 -21 -8
right_child=1 3 5 -5 18 11 22 9 -10 19 14 -13 -14 15 -16 -17 -18 -19 -20 20 -22 -23 -24
leaf_value=0.14161860520999436 -0.047644861208561644 -0.030223293476418212 -0.032557641183632448 -0.046259028885942292 -0.013126670747448622 0.10771409873007141 0.21721298250315871 0.010190731159070543 0.36152850041205498 -0.002379677538200009 0.099582738669270476 0.18923483947397124 0.0083409389100951078 -0.04618402273903488 -0.0067307229977356725 0.029975863589726259 0.0032422281557580312 0.095518331845341642 -0.0022045523082603324 -0.0058922534661119746 -0.0067968557904247717 -0.022981887036639261 0.036108839670311622
leaf_weight=85 139 192 118 477 151 147 34 100 239 368 61 51 225 23 435 65 143 44 387 96 415 112 92
leaf_count=85 139 192 118 477 151 147 34 100 239 368 61 51 225 23 435 65 143 44 387 96 415 112 92
internal_value=-0.00295904 -0.00795759 0.00524345 -0.0143952 -0.00837838 0.0015678 -0.00246429 -0.00404239 0.0158981 -0.00248899 -0.00274108 0.00927896 0.00725806 0.00708092 -0.000586854 -0.000568182 0.00490654 0.00868056 -0.00390335 -0.00411201 -0.00588468 -0.0103365 0.0134921
internal_weight=4199 2607 1592 1207 730 1180 1400 1274 412 1135 757 423 372 173 639 88 204 144 538 991 623 208 126
internal_count=4199 2607 1592 1207 730 1180 1400 1274 412 1135 757 423 372 173 639 88 204 144 538 991 623 208 126
cat_boundaries=0 1 2 3 4
cat_threshold=164 19 4 3
is_linear=0
shrinkage=0.05


Tree=50
num_leaves=24
num_cat=5
split_feature=0 5 2 2 0 5 0 5 2 2 2 5 2 5 0 5 0 2 2 2 5 5 5
split_gain=67.2638 30.8563 28.9476 19.006 16.5256 12.5738 11.2819 8.19763 7.37464 6.98413 6.37132 5.81528 3.81294 3.81792 3.69307 3.69082 6.65101 3.68613 3.62351 2.90152 2.89745 2.60645 2.39002
threshold=0 0.96905256789785377 2033.5000000000002 2028.5000000000002 1 0.63561259619552946 2 0.90661399244645735 2029.5000000000002 2034.5000000000002 2034.5000000000002 1.5137990806277084 2029.5000000000002 0.65500856664796159 3 1.2837255376576799 4 2026.5000000000002 2031.5000000000002 2026.5000000000002 0.51653639921929895 1.3834267317466862 1.3310264847438595
decision_type=1 2 2 2 1 2 1 2 2 2 2 2 2 2 1 2 1 2 2 2 2 2 2
left_child=2 4 7 15 8 18 9 12 -2 -5 17 -8 13 -1 -12 16 -3 -7 -6 -18 -10 -9 -11
right_child=1 3 -4 6 5 10 11 21 20 22 14 -13 -14 -15 -16 -17 19 -19 -20 -21 -22 -23 -24
leaf_value=-0.063761515077878125 0.20345094441091582 0.34045280793471522 -0.043946077441645186 0.2488554409165083 -0.02502904214084576 0.052716342666608011 -0.00064271551874095501 -0.0083410286438226674 -0.054560096090339232 0.0049854476495412754 -0.007513686762424099 0.081625788154516071 -0.032725478854287074 -0.0013896222452736585 -0.019523830889335559 0.45345393034531256 0.082614061653221077 -0.0061863336049231337 -0.045451164332460853 -0.0040694790121271751 0.0096151404302545988 0.024841298383285304 0.10169421017663272
leaf_weight=33 68 106 477 105 91 62 1071 313 21 101 146 74 106 82 219 106 49 488 160 87 157 52 25
leaf_count=33 68 106 477 105 91 62 1071 313 21 101 146 74 106 82 219 106 49 488 160 87 157 52 25
internal_value=-0.00282805 0.000874126 -0.01363 0.00536543 -0.0046034 -0.00705782 0.00272529 -0.00631399 0.00703125 0.0125519 -0.00439891 0.000627706 -0.013914 -0.0076087 -0.00952055 0.0158046 0.0123967 -0.001 -0.0170319 0.00376712 0.00196629 -0.00171233 0.00515873
internal_weight=4199 3136 1063 1724 1412 1166 1376 586 246 231 915 1145 221 115 365 348 242 550 251 136 178 365 126
internal_count=4199 3136 1063 1724 1412 1166 1376 586 246 231 915 1145 221 115 365 348 242 550 251 136 178 365 126
cat_boundaries=0 1 2 3 4 5
cat_threshold=72 4 4 160 164
is_linear=0
shrinkage=0.05


Tree=51
num_leaves=24
num_cat=3
split_feature=0 2 2 0 5 5 2 5 5 0 5 2 2 5 5 5 5 5 15 2 2 5 2
split_gain=65.1088 31.2028 26.8599 26.0422 17.7931 17.545 12.5342 7.53927 6.90964 4.55016 4.12144 4.40445 4.06932 3.97301 3.76315 3.41282 3.41006 2.69078 2.37578 2.29052 2.14571 2.03054 2.0299
threshold=0 2034.5000000000002 2033.5000000000002 1 0.7681049980012834 1.3246791633457937 2027.5000000000002 0.90661399244645735 0.62850798343534187 2 0.99172057139916781 2029.5000000000002 2029.5000000000002 1.4158576102881872 0.96426533895968825 1.232385959691737 0.63561259619552946 1.3207557252961468 156.2921917089777 2028.5000000000002 2027.5000000000002 1.1223427162988093 2026.5000000000002
decision_type=1 2 2 1 2 2 2 2 2 1 2 2 2 2 2 2 2 2 2 2 2 2 2
left_child=2 3 7 10 -3 6 14 12 -8 13 11 -2 16 18 -5 -4 -1 -17 -6 -7 21 -9 -23
right_child=1 4 15 5 9 19 8 20 -10 -11 -12 -13 -14 -15 -16 17 -18 -19 -20 -21 -22 22 -24
leaf_value=-0.064563859586114533 0.20881851061244491 -0.027649006288485812 -0.045278922940244826 0.012586965368419812 0.0032507935022060733 0.3204943207806677 -0.029978873033163846 -0.0092598417716766249 -0.0024598309615909033 -0.0067134636906140965 0.35483972191699209 0.022529022904383036 -0.031089204911572722 0.072247973865871104 0.11055319844404271 -0.0055950252869957145 -0.0014813118638085767 -0.032563899451132715 -0.01299429120603195 0.081621569611660061 -0.0082999904556084747 0.050546105098997977 0.0054419180376394927
leaf_weight=30 73 256 374 147 288 67 114 42 931 665 155 78 106 33 163 50 85 53 29 137 272 22 29
leaf_count=30 73 256 374 147 288 67 114 42 931 665 155 78 106 33 163 50 85 53 29 137 272 22 29
internal_value=-0.00281615 0.000826446 -0.0134436 0.00494638 -0.00521243 0.00224665 0.000202952 -0.00639932 -0.00241627 -0.00224138 0.018038 0.0127483 -0.0136878 0.00236111 0.00903226 -0.0223795 -0.00717391 -0.0143204 0.000709779 0.0159314 -0.0019863 0.00456989 0.0112745
internal_weight=4199 3136 1063 1865 1271 1559 1355 586 1045 1015 306 151 221 350 310 477 115 103 317 204 365 93 51
internal_count=4199 3136 1063 1865 1271 1559 1355 586 1045 1015 306 151 221 350 310 477 115 103 317 204 365 93 51
cat_boundaries=0 1 2 3
cat_threshold=72 4 36
is_linear=0
shrinkage=0.05


Tree=52
num_leaves=24
num_cat=3
split_feature=0 2 2 0 5 5 5 0 5 2 2 5 5 5 5 2 5 2 5 5 5 5 11
split_gain=63.9889 34.2177 24.3475 21.1386 14.1931 13.0459 10.5377 8.38611 7.43992 7.11963 6.99722 6.0355 5.15897 3.41282 3.0865 3.03537 2.85122 2.69177 2.8775 2.69078 2.33128 2.27244 2.22732
threshold=0 2033.5000000000002 2028.5000000000002 1 0.83593146774837945 0.69592446294074228 1.3730171506729645 2 0.64827296193767847 2033.5000000000002 2026.5000000000002 1.3429576197623241 0.63561259619552946 1.232385959691737 1.3310264847438595 2032.5000000000002 1.1313192132347927 2027.5000000000002 1.5720523221415739 1.3207557252961468 0.71654816570429147 0.50361592300952374 1.204791514178712
decision_type=1 2 2 1 2 2 2 1 2 2 2 2 2 2 2 2 2 2 2 2 2 2 2
left_child=2 6 12 4 20 21 8 9 -2 -7 16 -9 -1 -5 -11 -13 -10 -8 -19 -15 -3 -4 -6
right_child=1 3 5 13 22 7 17 11 10 14 -12 15 -14 19 -16 -17 -18 18 -20 -21 -22 -23 -24
leaf_value=-0.013910131710457031 -0.041489448261510381 -0.039174735572387515 -0.062738268183549731 -0.043014976793232587 -0.0057742196812392566 0.18254985761240994 0.17797524246341992 -0.0016035405860100661 0.0081135637737158369 0.007760427172597506 -0.0070847843062391115 0.23889022613084274 0.2735777624693797 -0.0053152740226459329 0.10806350039431845 0.017495217592182224 0.075080970193386692 0.0048418054931649527 0.12153005710632021 -0.030935704478576076 -0.018262305262362857 -0.011160514312106363 0.016778804764730173
leaf_weight=33 139 107 51 374 510 138 34 637 106 191 991 37 270 50 30 71 38 66 26 53 93 134 20
leaf_count=33 139 107 51 374 510 138 34 637 106 191 991 37 270 50 30 71 38 66 26 53 93 134 20
internal_value=-0.00276852 -0.00757547 0.0051186 -0.0137738 -0.00804054 0.00215283 -0.00228571 0.00421196 -0.00364992 0.0103659 -0.00231278 0.00109272 0.0179043 -0.0219199 0.0050905 0.012037 0.00798611 0.0115079 0.00706522 -0.0143204 -0.0195 -0.0101351 -0.00386792
internal_weight=4199 2607 1592 1207 730 1289 1400 1104 1274 359 1135 745 303 477 221 108 144 126 92 103 200 185 530
internal_count=4199 2607 1592 1207 730 1289 1400 1104 1274 359 1135 745 303 477 221 108 144 126 92 103 200 185 530
cat_boundaries=0 1 2 3
cat_threshold=164 19 4
is_linear=0
shrinkage=0.05


Tree=53
num_leaves=24
num_cat=2
split_feature=0 0 2 5 2 2 5 5 2 2 5 5 5 5 5 2 5 5 5 5 8 9 9
split_gain=62.3329 30.6133 27.5278 25.0109 19.0577 12.8048 6.76938 6.68446 6.37494 6.12094 5.2229 4.26307 3.57807 3.50996 3.37933 2.99793 2.99444 2.92641 2.79644 2.2876 2.17971 2.84761 1.74534
threshold=0 1 2033.5000000000002 0.69157279007383188 2027.5000000000002 2033.5000000000002 1.3730171506729645 0.77176796094750444 2034.5000000000002 2033.5000000000002 1.1246321737264284 0.46620033734366129 0.63561259619552946 1.2286516858134353 1.3310264847438595 2029.5000000000002 0.63561259619552946 1.3207557252961468 0.97864785621514683 1.5137990806277084 1.0000000180025095e-35 151.1411947353445 357.03948594057988
decision_type=1 1 2 2 2 2 2 2 2 2 2 2 2 2 2 2 2 2 2 2 2 2 2
left_child=2 5 7 8 10 12 18 15 11 -8 -5 -3 -2 -4 -7 16 -1 -15 -6 22 -20 -22 -9
right_child=1 3 13 4 6 14 9 19 -10 -11 -12 -13 -14 17 -16 -17 -18 -19 20 -21 21 -23 -24
leaf_value=-0.059261194193733283 0.026989274108749808 -0.062965613879964896 -0.040900948108280932 0.041647469124342432 -0.010747646561119373 0.0041856142333240422 0.12709946420533202 -0.011254718915790041 -0.041734032275858902 -0.0013694514744979182 0.20141054646093279 -0.0098484802506934709 0.26413738789681002 -0.0046541416165130078 0.10266032537460257 -0.046183158317672994 0.00076980529727663791 -0.029388919254647261 0.0022816747377663038 0.063458141657072448 0.0026092925931171075 -0.0086980864126613884 -0.0039832931445204839
leaf_weight=30 30 42 373 193 737 239 92 116 135 123 122 163 239 51 30 65 36 53 730 21 77 184 318
leaf_count=30 30 42 373 193 737 239 92 116 135 123 122 163 239 51 30 65 36 53 730 21 77 184 318
internal_value=-0.00262563 0.000937699 -0.0130242 -0.00132285 0.000575731 0.0116788 -0.0012738 -0.00588737 -0.0139706 0.00709302 0.0119841 -0.00841463 0.0196097 -0.022065 0.00418216 -0.0158397 -0.00833333 -0.0139423 -0.00231481 -0.00302198 -0.000580222 -0.00450192 -0.00380184
internal_weight=4199 3136 1063 2598 2258 538 1943 586 340 215 315 205 269 477 269 131 66 104 1728 455 991 261 434
internal_count=4199 3136 1063 2598 2258 538 1943 586 340 215 315 205 269 477 269 131 66 104 1728 455 991 261 434
cat_boundaries=0 1 2
cat_threshold=72 4
is_linear=0
shrinkage=0.05


Tree=54
num_leaves=24
num_cat=2
split_feature=0 2 0 5 2 2 5 5 2 5 5 2 2 5 5 5 2 5 2 5 5 5 14
split_gain=59.9676 28.4058 27.7666 24.3573 17.1355 11.9783 6.56683 6.51667 6.04194 4.54368 4.4302 4.52126 4.42981 4.26307 4.22696 3.50996 3.3057 2.92641 2.85797 2.54596 2.53998 2.22564 2.19533
threshold=0 2033.5000000000002 1 0.69157279007383188 2027.5000000000002 2032.5000000000002 1.395838970718613 0.77176796094750444 2034.5000000000002 1.2485015017600369 0.89919980469317551 2029.5000000000002 2033.5000000000002 0.46620033734366129 1.1223427162988093 1.2286516858134353 2029.5000000000002 1.3207557252961468 2034.5000000000002 0.63561259619552946 0.82102913517071141 1.5137990806277084 86445.366152121409
decision_type=1 2 1 2 2 2 2 2 2 2 2 2 2 2 2 2 2 2 2 2 2 2 2
left_child=1 7 5 8 9 10 18 16 13 -5 11 -2 -8 -4 -7 -3 19 -17 -6 -1 -20 -9 -16
right_child=2 15 3 4 6 14 12 21 -10 -11 -12 -13 -14 -15 22 17 -18 -19 20 -21 -22 -23 -24
leaf_value=-0.056298134484046615 0.14949873648299122 -0.038855900702866909 -0.059817333185966604 0.056619944708688058 -0.00076019243793452602 -0.00093235630389580941 0.12279968659532647 -0.0055793044551568863 -0.039647330662065966 0.26450900895952095 0.36027726569583085 -0.00034129573746159996 0.0028629409279675058 -0.0093560562381587616 0.057663547763859846 -0.0044214345356873522 -0.043874000401789348 -0.027919473291914888 -0.01648876782049773 0.00073131503241279376 -0.0049349199568653468 0.060285234574218818 0.02520274526229125
leaf_weight=30 53 373 42 247 948 192 76 434 135 68 157 41 98 163 58 51 65 53 124 36 697 21 37
leaf_count=30 53 373 42 247 948 192 76 434 135 68 157 41 98 163 58 51 65 53 124 36 697 21 37
internal_value=-0.00268516 -0.0128844 0.000810553 -0.00134202 0.000531444 0.0110401 -0.00122234 -0.0056314 -0.0138235 0.0113492 0.0192231 0.0106383 0.00804598 -0.00841463 0.00426829 -0.022065 -0.015458 -0.0139423 -0.00213397 -0.00757576 -0.00429354 -0.0028022 0.0128947
internal_weight=4199 1063 3136 2598 2258 538 1943 586 340 315 251 94 174 205 287 477 131 104 1769 66 821 455 95
internal_count=4199 1063 3136 2598 2258 538 1943 586 340 315 251 94 174 205 287 477 131 104 1769 66 821 455 95
cat_boundaries=0 1 2
cat_threshold=72 4
is_linear=0
shrinkage=0.05


Tree=55
num_leaves=24
num_cat=4
split_feature=0 2 0 5 2 2 5 5 2 5 2 5 2 5 5 5 5 2 0 5 5 0 5
split_gain=58.0826 29.2292 25.7377 22.4741 15.5931 11.8984 6.643 6.42178 5.81965 4.56907 4.42981 4.34027 4.1437 3.86521 3.85172 3.84238 3.27841 3.23368 2.74498 2.54596 2.21974 2.20999 2.61495
threshold=0 2033.5000000000002 1 0.69157279007383188 2027.5000000000002 2032.5000000000002 0.7681049980012834 1.395838970718613 2034.5000000000002 0.89919980469317551 2033.5000000000002 1.2485015017600369 2029.5000000000002 1.1393490278976233 0.46620033734366129 1.2286516858134353 1.3207557252961468 2029.5000000000002 2 0.63561259619552946 1.2517530936697006 3 0.95125794861024027
decision_type=1 2 1 2 2 2 2 2 2 2 2 2 2 2 2 2 2 2 1 2 2 1 2
left_child=1 6 5 8 11 9 17 18 14 12 -9 21 -2 -7 -4 -3 -17 19 -6 -1 -8 22 -5
right_child=2 15 3 4 7 13 20 10 -10 -11 -12 -13 -14 -15 -16 16 -18 -19 -20 -21 -22 -23 -24
leaf_value=-0.053483227759844265 0.14202379965884174 -0.036913105667723566 -0.056826466526668278 0.046271173236777499 0.00066500027770786127 0.00025941247997711691 -0.0075316604696157091 0.11665970226556018 -0.037664964128962655 0.34226340241103925 0.0027197938815691548 0.25128355851154488 -0.00032423095058859986 0.051131039582737708 -0.0088882534262507921 -0.0042003628089029915 -0.026523499627319147 -0.041932993645275876 -0.0059964534565804424 0.00069474928079216181 0.0078766719499237855 0.0070163219971655982 0.13980458357514555
leaf_weight=30 53 373 42 64 719 201 329 76 135 157 98 68 41 86 163 51 53 63 1050 36 128 102 81
leaf_count=30 53 373 42 64 719 201 329 76 135 157 98 68 41 86 163 51 53 63 1050 36 128 102 81
internal_value=-0.00261372 -0.0126514 0.000826446 -0.00124617 0.000553587 0.0106752 -0.0052901 -0.0011194 -0.0132353 0.0188247 0.00804598 0.010873 0.0101064 0.00391986 -0.00792683 -0.0219602 -0.0134615 -0.0153101 -0.00202092 -0.00757576 -0.00246171 0.00779352 0.0114516
internal_weight=4199 1063 3136 2598 2258 538 586 1943 340 251 174 315 94 287 205 477 104 129 1769 66 457 247 145
internal_count=4199 1063 3136 2598 2258 538 586 1943 340 251 174 315 94 287 205 477 104 129 1769 66 457 247 145
cat_boundaries=0 1 2 3 4
cat_threshold=72 4 160 161
is_linear=0
shrinkage=0.05


Tree=56
num_leaves=24
num_cat=4
split_feature=0 2 0 2 5 5 5 5 2 5 2 5 5 0 5 5 5 5 2 0 5 5 9
split_gain=56.571 30.4556 22.4016 20.5474 12.2353 11.5061 9.93251 7.20086 7.1434 6.33996 6.8202 4.39171 4.14896 3.70825 3.65515 3.27841 3.17255 3.04229 3.01785 2.79759 3.75789 2.12342 2.03008
threshold=0 2033.5000000000002 1 2028.5000000000002 0.73058996066088322 0.82102913517071141 1.449774343129308 0.94803883727286387 2032.5000000000002 0.55782275054609032 2026.5000000000002 1.3514613398798503 1.4158576102881872 2 1.2286516858134353 1.3207557252961468 0.99172057139916781 1.1577527833144476 2027.5000000000002 3 0.76343305541321171 0.51653639921929895 5110.8852315871436
decision_type=1 2 1 2 2 2 2 2 2 2 2 2 2 1 2 2 2 2 2 1 2 2 2
left_child=3 6 4 7 -3 13 9 18 11 -2 17 -7 -10 21 -4 -16 -6 -11 -1 -12 -21 -5 -20
right_child=1 2 14 5 16 8 -8 -9 12 10 19 -13 -14 -15 15 -17 -18 -19 22 20 -22 -23 -24
leaf_value=0.10177208514350743 -0.051740952216257255 -0.028885790085545395 -0.035067450384337388 -0.048566825132351804 -0.012326483082702989 0.052984792145797238 0.08049403347094311 0.35967371210035443 0.00053858728307716326 0.0050408952089359806 -0.00031240897457651684 0.23227442550418759 0.054272724150255192 -0.017098719142292575 -0.0039903446684578462 -0.02519732464595319 -0.0027925016705460772 0.063144312416089227 -0.032186472498948862 -0.022878602719678655 -0.0069644097912922483 0.0054506812295135104 0.026021922200924943
leaf_weight=85 73 117 373 21 226 295 80 173 574 116 406 46 60 198 51 53 387 45 22 117 563 95 23
leaf_count=85 73 117 373 21 226 295 80 173 574 116 406 46 60 198 51 53 387 45 22 117 563 95 23
internal_value=-0.00257799 -0.00709782 -0.0129453 0.0048377 -0.00709459 0.00211404 -0.00210714 0.0165842 0.00479487 -0.00314394 -0.00230553 0.0106305 0.00165615 -0.00621019 -0.0213039 -0.0134615 -0.00436378 0.00729814 0.00769231 -0.00372928 -0.00565217 0.00119048 -0.00277778
internal_weight=4199 2607 1207 1592 730 1289 1400 303 975 1320 1247 341 634 314 477 104 613 161 130 1086 680 116 45
internal_count=4199 2607 1207 1592 730 1289 1400 303 975 1320 1247 341 634 314 477 104 613 161 130 1086 680 116 45
cat_boundaries=0 1 2 3 4
cat_threshold=164 19 4 3
is_linear=0
shrinkage=0.05


Tree=57
num_leaves=24
num_cat=3
split_feature=0 2 0 5 2 2 5 2 5 5 2 5 5 2 5 2 5 5 16 5 5 0 5
split_gain=53.0901 29.8567 24.2669 21.3141 14.3794 11.232 6.21989 5.71007 5.64167 4.71768 4.45249 4.01852 3.96415 4.1437 3.89818 3.68907 3.33059 2.93933 2.64014 2.61719 2.49354 2.17381 2.67875
threshold=0 2033.5000000000002 1 0.69157279007383188 2027.5000000000002 2032.5000000000002 0.6677617044747115 2034.5000000000002 1.395838970718613 1.2485015017600369 2034.5000000000002 1.1393490278976233 0.89919980469317551 2029.5000000000002 1.2286516858134353 2027.5000000000002 0.46620033734366129 1.3207557252961468 1.4758333333333338 0.97864785621514683 0.86008392305335724 2 0.95125794861024027
decision_type=1 2 1 2 2 2 2 2 2 2 2 2 2 2 2 2 2 2 2 2 2 1 2
left_child=1 6 5 7 9 12 -1 16 19 21 -10 -7 13 -2 -3 -8 -4 -16 -17 -6 -20 22 -5
right_child=2 14 3 4 8 11 15 -9 10 -11 -12 -13 -14 -15 17 18 -18 -19 20 -21 -22 -23 -24
leaf_value=-0.047290132916634024 0.13465007561442396 -0.033314077865120507 -0.053652716711418469 0.039393939641633936 -0.0095381999375679719 -2.6092205497407763e-05 0.0043841537173185067 -0.034409856574452148 0.094099576053100542 0.23052881479440057 -0.0021272837897765131 0.047640040938039176 0.32250099268319748 -0.0005805534645348942 -0.0037908274350349604 -0.01432461615965841 -0.0072999106189542756 -0.023937458413655535 -0.016501608451263496 -0.00024599142263377339 9.5820947137337242e-05 0.006713593761866133 0.12542823176588361
leaf_weight=67 53 373 42 64 737 201 137 135 91 68 83 86 157 41 51 130 163 53 51 1032 201 102 81
leaf_count=67 53 373 42 64 737 201 137 135 91 68 83 86 157 41 51 130 163 53 51 1032 201 102 81
internal_value=-0.00254227 -0.0121389 0.00074698 -0.00126534 0.000487157 0.0103102 -0.00469283 -0.0129412 -0.0011194 0.0103968 0.00747126 0.00374564 0.0182271 0.0101064 -0.0215409 -0.002842 -0.00768293 -0.0129808 -0.00536649 -0.00196439 -0.00238095 0.00718623 0.0108065
internal_weight=4199 1063 3136 2598 2258 538 586 340 1943 315 174 287 251 94 477 519 205 104 382 1769 252 247 145
internal_count=4199 1063 3136 2598 2258 538 586 340 1943 315 174 287 251 94 477 519 205 104 382 1769 252 247 145
cat_boundaries=0 1 2 3
cat_threshold=72 4 161
is_linear=0
shrinkage=0.05


Tree=58
num_leaves=24
num_cat=2
split_feature=0 2 0 5 2 2 5 2 5 5 5 5 2 5 5 2 5 16 5 5 8 9 9
split_gain=52.5651 28.5241 22.7613 19.2198 13.2765 10.8817 6.0727 5.06673 4.59667 4.51472 4.51038 4.0877 3.9203 3.35702 3.17148 3.14743 2.81639 2.64014 2.59123 2.49354 2.19095 2.18512 2.02643
threshold=0 2033.5000000000002 1 0.69157279007383188 2027.5000000000002 2031.5000000000002 0.6677617044747115 2033.5000000000002 1.395838970718613 1.3071767882018717 1.2485015017600369 1.2252164419808278 2033.5000000000002 0.63561259619552946 1.3207557252961468 2027.5000000000002 0.46620033734366129 1.4758333333333338 0.97864785621514683 0.86008392305335724 1.0000000180025095e-35 151.1411947353445 357.03948594057988
decision_type=1 2 1 2 2 2 2 2 2 2 2 2 2 2 2 2 2 2 2 2 2 2 2
left_child=1 6 5 7 10 13 -1 16 18 -7 -5 -3 -10 -2 -13 -8 -4 -17 -6 -19 -20 -22 -21
right_child=2 11 3 4 8 9 15 -9 12 -11 -12 14 -14 -15 -16 17 -18 19 20 22 21 -23 -24
leaf_value=-0.0449256262708023 0.0089353964684330666 -0.031726863159555918 -0.051989515513781462 0.045395052478716919 -0.0090612899406895767 0.0042750306710240609 0.0041649460314525655 -0.032246482819672954 0.099045189902939118 0.099694559068362443 0.21900237405468045 -0.0029072269245592254 -0.00035893277026297635 0.25367306334785217 -0.022740585492972754 -0.013608385351675479 -0.0046479427676311856 -0.015676528028700322 0.0025136707794962024 -0.010426528345890329 0.0026776941543968924 -0.0069915636269367587 0.00340052926036849
leaf_weight=67 26 372 35 247 737 281 137 161 76 40 68 52 98 191 53 130 144 51 761 58 79 192 143
leaf_count=67 26 372 35 247 737 281 137 161 76 40 68 52 98 191 53 130 144 51 761 58 79 192 143
internal_value=-0.0025899 -0.0121389 0.000683408 -0.00126534 0.000398583 0.00994526 -0.00486348 -0.0123529 -0.00114514 0.00428349 0.00992063 -0.0213312 0.0066092 0.0187788 -0.012619 -0.00303468 -0.00656425 -0.00536649 -0.00190786 -0.00238095 -0.000290698 -0.00415129 0.000124378
internal_weight=4199 1063 3136 2598 2258 538 586 340 1943 321 315 477 174 217 105 519 179 382 1769 252 1032 271 201
internal_count=4199 1063 3136 2598 2258 538 586 340 1943 321 315 477 174 217 105 519 179 382 1769 252 1032 271 201
cat_boundaries=0 1 2
cat_threshold=72 4
is_linear=0
shrinkage=0.05


Tree=59
num_leaves=24
num_cat=0
split_feature=2 5 5 5 5 2 2 5 5 2 36 5 15 14 5 11 14 14 16 36 15 9 14
split_gain=39.639 16.8805 11.7658 7.36502 6.35263 6.47676 5.54212 3.4206 2.45253 2.30968 1.98407 1.93831 1.80779 1.5903 1.50344 1.33517 1.61358 1.3023 1.21173 1.1931 1.37003 1.70814 1.17852
threshold=2033.5000000000002 0.97864785621514683 0.83296196964687219 1.3730171506729645 0.56444565938134728 2029.5000000000002 2026.5000000000002 0.59363815052548841 1.1606751215755724 2027.5000000000002 0.41302281891272519 1.5531047480642555 25.012291305676673 39654.038758713657 1.6204724967474646 1.2133709360859621 30893.119705021531 163935.68823499145 1.0000000180025095e-35 0.031172940086370275 75.269176838389953 20329.79595575637 32768.411137658324
decision_type=2 2 2 2 2 2 2 2 2 2 2 2 2 2 2 2 2 2 2 2 2 2 2
left_child=1 4 7 6 -1 10 -3 -2 -4 -5 12 -11 13 -6 15 16 -10 -18 -8 20 21 22 -7
right_child=2 3 8 9 5 19 18 -9 14 11 -12 -13 -14 -15 -16 -17 17 -19 -20 -21 -22 -23 -24
leaf_value=-0.040423013949722281 -0.045086888521084813 0.083534181785457573 -0.011233849404127706 0.3379636772263177 -0.030628319821377217 -0.012579809639291152 -0.0024958501888127319 -0.017054269408458379 -0.0086461887750836075 0.033076115290974428 0.037702678807202177 0.13009323895466754 0.0069889096141634967 0.0033031711831224887 0.02962226911429271 0.018657919655244704 -0.0019951103390091875 -0.013085883468398764 0.010852208663616381 -0.021982542620364854 -0.014749669176559666 -0.015456531373547567 0.0040363749841863415
leaf_weight=126 146 122 889 58 36 82 95 383 124 101 21 43 387 43 32 26 341 31 767 37 182 24 103
leaf_count=126 146 122 889 58 36 82 95 383 124 101 21 43 387 43 32 26 341 31 767 37 182 24 103
internal_value=-0.00249464 0.00207678 -0.0076572 0.00615514 -0.00256964 -0.00112022 0.00436992 -0.0140359 -0.00531878 0.0148515 0.00282341 0.0114583 0.00214592 -0.00474684 -0.00270758 -0.00335249 -0.00393145 -0.00228495 0.00295824 -0.00560748 -0.0047954 -0.00203349 -0.000405405
internal_weight=4199 2227 1972 1186 1041 915 984 529 1443 202 487 144 466 79 554 522 496 372 862 428 391 209 185
internal_count=4199 2227 1972 1186 1041 915 984 529 1443 202 487 144 466 79 554 522 496 372 862 428 391 209 185
is_linear=0
shrinkage=0.05


Tree=60
num_leaves=24
num_cat=4
split_feature=0 2 0 5 2 2 2 5 5 5 2 5 5 5 0 5 5 5 2 5 0 14 7
split_gain=54.6805 26.5822 22.8576 16.8089 9.86134 9.8584 7.10007 5.54557 5.39454 4.23693 3.89524 3.88237 3.79794 3.17148 2.97204 2.59782 2.59612 2.53906 4.33616 2.52257 2.43244 2.34139 2.29818
threshold=0 2033.5000000000002 1 0.76343305541321171 2027.5000000000002 2029.5000000000002 2033.5000000000002 1.1268342952933712 0.76343305541321171 1.0632720573186565 2029.5000000000002 1.5720523221415739 1.2252164419808278 1.3207557252961468 2 0.59363815052548841 0.46620033734366129 1.3429576197623241 2032.5000000000002 0.61287064589900508 3 118509.14666601906 1.0000000180025095e-35
decision_type=1 2 1 2 2 2 2 2 2 2 2 2 2 2 1 2 2 2 2 2 1 2 2
left_child=1 8 5 6 9 -2 16 -7 10 -5 15 14 -3 -14 17 -1 -4 -6 -19 -8 -18 -9 -17
right_child=2 12 3 4 11 7 19 21 -10 -11 -12 -13 13 -15 -16 22 20 18 -20 -21 -22 -23 -24
leaf_value=-0.065812776922575103 0.29076548639586958 -0.029477690281972436 -0.04736888904060628 0.017853656708106059 0.00057543453859292275 0.0043322968956299055 -0.03400021428569875 0.083635005927923611 -0.0037012477172337025 0.14164729080734056 -0.036068343036297093 0.080283434017977134 -0.0026621100613808072 -0.021503800701373657 -0.0040829088208431232 0.0045667303801501637 0.007337081353397279 0.20003069589857622 0.0016755568916165587 -0.012011362148573391 -0.011677362174243734 -0.0027064539891791918 -0.0042979231509691742
leaf_weight=21 145 372 35 157 636 265 102 106 460 143 61 56 52 53 1017 21 107 34 56 129 126 22 23
leaf_count=21 145 372 35 157 636 265 102 106 460 143 61 56 52 53 1017 21 107 34 56 129 126 22 23
internal_value=-0.00239938 -0.0121389 0.000937699 -0.0010161 0.000940924 0.010219 -0.00926854 0.00629771 -0.00511945 0.00933333 -0.0142857 -0.000458588 -0.0210168 -0.012619 -0.000874928 -0.00576923 -0.00373134 0.0015625 0.00944444 -0.0156926 -0.00182403 0.0148438 0.00113636
internal_weight=4199 1063 3136 2598 2099 538 499 393 586 300 126 1799 477 105 1743 65 268 726 90 231 233 128 44
internal_count=4199 1063 3136 2598 2099 538 499 393 586 300 126 1799 477 105 1743 65 268 726 90 231 233 128 44
cat_boundaries=0 1 2 3 4
cat_threshold=72 4 160 3
is_linear=0
shrinkage=0.05


Tree=61
num_leaves=24
num_cat=3
split_feature=0 0 5 5 0 5 5 5 5 5 5 5 11 5 7 5 17 16 14 5 14 11 15
split_gain=52.248 19.6744 14.7251 8.68649 6.37199 6.21192 5.98096 4.88797 3.36013 2.64434 2.46122 2.06362 2.10506 2.05748 1.83996 1.7334 1.58037 1.57273 1.50574 1.50291 1.5266 1.47886 1.47103
threshold=0 1 0.76343305541321171 1.1912409331906684 2 1.3514613398798503 1.0942162355239466 0.46620033734366129 0.51653639921929895 1.5720523221415739 0.57324090082199908 1.5137990806277084 1.1770730351437695 1.2994426869863489 1.5000000000000002 1.264078397058507 73.879583333333343 1.756416666666667 38160.188036816093 0.9728502460798758 34911.559038450992 0.9984092495684993 48.890295924035421
decision_type=1 1 2 2 1 2 2 2 2 2 2 2 2 2 2 2 2 2 2 2 2 2 2
left_child=3 6 7 10 5 -4 8 -3 -2 13 -1 12 16 15 18 17 -6 -5 -9 22 -21 -16 -18
right_child=1 2 4 9 11 -7 -8 14 -10 -11 -12 -13 -14 -15 21 -17 19 -19 -20 20 -22 -23 -24
leaf_value=-0.063128693473842978 -0.043993213670650615 -0.053385658755015913 0.00725487556806399 -0.0092602114854039904 -0.0060127563260866882 0.090084021240054754 0.13300343088155783 -0.019961661682538812 0.023781591486337295 0.026757355008064643 -0.01970868036901794 0.065194844552267206 0.013118559318491686 -0.015979861466612812 -0.0073278615967755645 0.0093590563199809525 -0.010768199894295406 0.0049851990640192414 -0.0096463995788466771 0.011000993552650563 -0.0012936109937284447 0.0086385368764527078 -0.0016331864810080312
leaf_weight=53 26 75 744 51 487 125 198 98 314 23 735 56 46 136 101 38 67 27 191 82 332 34 160
leaf_count=53 26 75 744 51 487 125 198 98 314 23 735 56 46 136 101 38 67 27 191 82 332 34 160
internal_value=-0.00229221 0.000969485 -0.000843558 -0.0118127 0.000988566 0.00423777 0.00958029 -0.00856713 0.00573529 -0.00427273 -0.0145939 -0.00133065 -0.00178876 -0.00575397 -0.00648585 -0.000862069 -0.00221631 -0.00512821 -0.00873702 -0.000585023 0.00120773 -0.00166667 -0.00385463
internal_weight=4199 3136 2598 1063 2099 869 538 499 340 275 788 1230 1174 252 424 116 1128 78 289 641 414 135 227
internal_count=4199 3136 2598 1063 2099 869 538 499 340 275 788 1230 1174 252 424 116 1128 78 289 641 414 135 227
cat_boundaries=0 1 2 3
cat_threshold=72 4 160
is_linear=0
shrinkage=0.05


Tree=62
num_leaves=24
num_cat=4
split_feature=0 2 0 2 5 5 5 5 5 2 2 5 5 14 0 2 5 5 5 11 15 0 5
split_gain=45.4346 24.4725 19.6471 18.6712 11.2021 10.6596 8.54856 7.25595 5.57343 5.11204 4.77011 4.37242 4.14564 3.87758 2.94147 3.31364 4.09563 2.88913 2.88564 1.85884 1.84965 1.81494 3.204
threshold=0 2033.5000000000002 1 2029.5000000000002 0.94803883727286387 0.83593146774837945 1.3071767882018717 1.5531047480642555 1.1577527833144476 2027.5000000000002 2026.5000000000002 0.48900742528759283 0.55782275054609032 142937.22037942099 2 2034.5000000000002 0.99172057139916781 1.1577527833144476 0.62850798343534187 1.204791514178712 99.727677125721016 3 0.6732881902594493
decision_type=1 2 1 2 2 2 2 2 2 2 2 2 2 2 1 2 2 2 2 2 2 1 2
left_child=3 7 5 4 9 18 11 10 -4 -1 17 -5 -12 -8 15 16 -13 -2 -3 -7 -11 -14 -23
right_child=1 2 8 6 -6 19 13 -9 -10 20 12 14 21 -15 -16 -17 -18 -19 -20 -21 -22 22 -24
leaf_value=0.084576683890654009 0.0017070090240481894 -0.029494328610724454 -0.02832288326239514 -0.049212279362790025 0.25099338318868741 -0.0040917643615500324 0.067731477996985673 0.08921890679848854 -0.010740645041370312 -0.027462255215898512 -0.048699238445749859 0.0047189326096589218 -0.0013550042688493581 -0.010970015705249025 -0.0029097297536080815 0.0002013784960002596 0.087661095253954366 0.05240970699706704 -0.012196506841654875 0.015938509214499266 0.0080684474537052082 -0.030302597974986602 -0.0069175805061195477
leaf_weight=85 130 69 338 44 239 510 145 41 139 52 59 69 414 21 640 198 63 51 131 20 36 49 656
leaf_count=85 130 69 338 44 239 510 145 41 139 52 59 69 414 21 640 198 63 51 131 20 36 49 656
internal_value=-0.00224458 -0.00629538 -0.0115369 0.00440075 0.0135922 -0.00608108 0.00122881 -0.00182143 -0.0193532 0.00390173 -0.00244665 -0.000493097 -0.00360781 0.011747 0.000206186 0.00397059 0.0102273 0.0051105 -0.016 -0.00245283 -0.00454545 -0.00292672 -0.00444056
internal_weight=4199 2607 1207 1592 412 730 1180 1400 477 173 1359 1014 1178 166 970 330 132 181 200 530 88 1119 705
internal_count=4199 2607 1207 1592 412 730 1180 1400 477 173 1359 1014 1178 166 970 330 132 181 200 530 88 1119 705
cat_boundaries=0 1 2 3 4
cat_threshold=164 19 4 3
is_linear=0
shrinkage=0.05


Tree=63
num_leaves=24
num_cat=4
split_feature=0 2 2 0 5 5 5 5 2 5 5 2 5 0 2 11 2 17 15 0 15 5 15
split_gain=43.698 24.6064 18.4068 17.6866 10.8971 9.39106 7.88658 6.55548 5.71252 5.35432 3.88286 3.29047 3.04431 2.53887 2.3998 2.17732 2.18235 2.26522 1.97843 1.97277 3.14908 1.72043 2.10067
threshold=0 2032.5000000000002 2034.5000000000002 1 1.3429576197623241 0.55782275054609032 1.1704710721111968 0.99172057139916781 2026.5000000000002 0.6677617044747115 0.46620033734366129 2029.5000000000002 0.82102913517071141 2 2027.5000000000002 1.3413450614233773 2027.5000000000002 71.457916666666691 156.2921917089777 3 96.555610848488513 1.3207557252961468 47.558904382907706
decision_type=1 2 2 1 2 2 2 2 2 2 2 2 2 1 2 2 2 2 2 1 2 2 2
left_child=1 9 3 7 8 -4 -3 11 -5 -1 -10 -2 13 -7 -6 16 -11 -18 19 20 -14 22 -8
right_child=2 6 5 4 14 12 21 -9 10 15 -12 -13 18 -15 -16 -17 17 -19 -20 -21 -22 -23 -24
leaf_value=-0.038248862663377507 0.11971822595075779 -0.025779907499376111 -0.039577580490886756 0.050810156586017202 0.32481714594628175 -0.0016902599839741851 -0.0056462568906789027 0.23658414522394297 -0.048601232936133165 0.004822819647330512 -0.0010073979147993352 0.0023780331188028693 -0.0022657203405074713 -0.011088089246084155 0.063648143932470633 -0.0092046875241927235 -0.010455169751044392 0.00070832748807951877 -0.01067945288547234 -0.0040604809602744043 0.019666167940150903 -0.018440503046011948 0.00077088176357842375
leaf_weight=59 73 392 79 160 41 127 44 155 34 131 1180 78 209 119 144 20 103 203 71 577 89 62 49
leaf_count=59 73 392 79 160 41 127 44 155 34 131 1180 78 209 119 144 20 103 203 71 577 89 62 49
internal_value=-0.00222077 -0.0109273 0.000762873 0.00392761 0.00170491 -0.0038749 -0.0184186 0.0147152 0.000181951 -0.00319767 -0.000988468 0.00778146 -0.00276846 -0.00772358 0.0131081 -0.00136761 -0.000629291 -0.00294118 -0.00147992 -0.000828571 0.00243506 -0.00887097 -0.00456989
internal_weight=4199 1063 3136 1865 1559 1271 547 306 1374 516 1214 151 1192 246 185 457 437 306 946 875 298 155 93
internal_count=4199 1063 3136 1865 1559 1271 547 306 1374 516 1214 151 1192 246 185 457 437 306 946 875 298 155 93
cat_boundaries=0 1 2 3 4
cat_threshold=72 4 164 36
is_linear=0
shrinkage=0.05


Tree=64
num_leaves=24
num_cat=4
split_feature=0 0 5 5 5 5 5 0 5 5 5 7 16 9 8 9 0 10 14 7 15 5 5
split_gain=41.2013 14.7799 10.9646 9.79784 8.56918 6.45526 4.41664 3.69627 2.8408 2.329 2.08135 2.46006 1.95013 3.48636 1.76708 1.70155 1.60632 2.03406 1.54646 1.50872 1.47382 1.40649 1.3724
threshold=0 1 1.0367651859622036 1.1577527833144476 0.58440279015043262 0.48900742528759283 1.3429576197623241 2 0.57324090082199908 1.5720523221415739 0.9728502460798758 2.5000000000000004 1.756416666666667 21215.587357742115 1.5000000000000002 176.74219751136937 3 1.5000000000000002 118509.14666601906 2.5000000000000004 157.59465392935701 0.44510901738983766 0.95718907554605426
decision_type=1 1 2 2 2 2 2 1 2 2 2 2 2 2 2 2 1 2 2 2 2 2 2
left_child=2 4 5 8 21 -1 16 -7 -3 12 11 22 -5 -14 -9 -13 18 -18 -4 -12 -8 -2 -6
right_child=1 3 6 9 10 7 20 14 -10 -11 19 15 13 -15 -16 -17 17 -19 -20 -21 -22 -23 -24
leaf_value=-0.045821676710348425 -0.049997687493248094 -0.057267119262062273 0.070306445921606328 -0.0090301827653808345 -0.0081897626940317103 0.019041345526457001 0.13559247227497684 -0.0031644136395589939 -0.017555903191115354 0.020717400935370379 0.0010239893146834157 0.015171672895747791 -0.0049112016911277319 0.010251284874642309 0.029626987531418902 -0.0014660755861644059 0.016628754757567244 -0.0083040329847467575 0.012872183467237886 -0.0075929999792106575 0.035788607053363113 -0.018270680983114573 -0.019363501420089205
leaf_weight=56 33 53 158 178 472 273 166 501 691 23 717 24 93 25 36 78 281 68 33 118 20 77 25
leaf_count=56 33 53 158 178 472 273 166 501 691 23 717 24 93 25 36 78 281 68 33 118 20 77 25
internal_value=-0.00220886 -0.00606611 0.00411985 -0.0106011 -0.00289575 0.00034642 0.00867769 0.00148148 -0.0138441 -0.00336991 -0.00188285 -0.00413189 -0.00456081 0.000423729 -0.000959781 0.00294118 0.00638889 0.00396936 0.0100746 -0.000269461 0.0153226 -0.0163636 -0.0055835
internal_weight=4199 2607 1592 1063 1544 866 726 810 744 319 1434 599 296 118 537 102 540 349 191 835 186 110 497
internal_count=4199 2607 1592 1063 1544 866 726 810 744 319 1434 599 296 118 537 102 540 349 191 835 186 110 497
cat_boundaries=0 1 2 3 4
cat_threshold=164 19 4 4
is_linear=0
shrinkage=0.05


Tree=65
num_leaves=24
num_cat=3
split_feature=0 2 2 0 5 5 5 5 0 5 5 2 5 2 14 2 5 5 2 5 5 2 7
split_gain=37.9689 25.2305 17.9508 12.0162 10.6495 9.79222 6.15101 6.10988 6.10369 4.71865 4.50304 3.86201 2.84549 2.72464 2.4128 2.4108 2.08468 2.03003 2.00694 1.98215 1.83402 1.78832 1.63851
threshold=0 2033.5000000000002 2029.5000000000002 1 0.96614232066531724 0.59363815052548841 1.0341220573097172 0.6677617044747115 2 1.3375357467376412 1.4368553152526682 2027.5000000000002 1.5720523221415739 2037.5000000000002 72569.01347930466 2027.5000000000002 1.0871140789853733 0.7681049980012834 2034.5000000000002 0.82102913517071141 0.82555440180009632 2034.5000000000002 2.5000000000000004
decision_type=1 2 2 1 2 2 2 2 1 2 2 2 2 2 2 2 2 2 2 2 2 2 2
left_child=1 7 3 4 11 18 -3 -1 9 13 -5 -2 20 16 -13 -9 -7 -17 -4 -16 21 22 -10
right_child=2 6 5 10 -6 8 -8 15 12 -11 -12 14 -14 -15 19 17 -18 -19 -20 -21 -22 -23 -24
leaf_value=-0.03380115532969441 0.077550936545459068 -0.027133637610744346 -0.014156866241821353 -0.0017993537785772062 0.25419631943742899 0.0073077081390034776 -0.014136160170020652 0.0052489303940624239 -0.0067923608220410887 0.1231802003528225 0.17781218673831997 -0.025880551877385562 0.049845066873314275 -0.0078659315650494218 -0.026506238439668553 -0.013665783297638456 0.05041577767222849 -0.0040344246351129431 -0.029850985762447879 0.056233459442348456 -0.0023006842216290123 -0.01063192846340435 0.013811275047462424
leaf_weight=67 92 251 80 409 221 140 226 137 134 37 26 50 45 109 26 44 71 338 100 23 1355 185 33
leaf_count=67 92 251 80 409 221 140 226 137 134 37 26 50 45 109 26 44 71 338 100 23 1355 185 33
internal_value=-0.00206597 -0.0101817 0.000715194 0.00693625 0.0129147 -0.00158366 -0.0188155 -0.00332765 -0.00062826 0.00524523 0.000955056 0.00458115 -0.00184449 0.0034375 -0.00227273 -0.00149326 0.00675355 -0.00353403 -0.0127778 0.00561224 -0.00218219 -0.00539773 -0.00164671
internal_weight=4199 1063 3136 847 412 2289 477 586 2109 357 435 191 1752 320 99 519 211 382 180 49 1707 352 167
internal_count=4199 1063 3136 847 412 2289 477 586 2109 357 435 191 1752 320 99 519 211 382 180 49 1707 352 167
cat_boundaries=0 1 2 3
cat_threshold=72 164 4
is_linear=0
shrinkage=0.05


Tree=66
num_leaves=24
num_cat=3
split_feature=0 2 2 5 0 5 2 5 0 5 5 5 5 5 11 15 9 2 5 5 2 5 5
split_gain=34.7746 23.1621 16.9815 12.0653 9.24276 7.21764 7.01149 6.18348 5.73521 5.33671 3.74577 3.66943 3.48972 2.66394 2.37186 2.35437 3.47449 2.32687 2.53067 2.25312 2.51978 2.50591 1.99371
threshold=0 2033.5000000000002 2027.5000000000002 0.62850798343534187 1 1.0324986184915215 2031.5000000000002 0.6677617044747115 2 1.3375357467376412 1.5720523221415739 1.3514613398798503 0.95417278502810365 0.46620033734366129 1.3413450614233773 51.145275047828697 6677.1569557708253 2034.5000000000002 1.3429576197623241 1.2601101320002142 2029.5000000000002 1.0503106425183286 0.75992680472410246
decision_type=1 2 2 2 1 2 2 2 1 2 2 2 2 2 2 2 2 2 2 2 2 2 2
left_child=1 7 8 13 6 -3 12 -1 -2 -8 17 -10 -5 -4 19 -15 -17 18 -6 20 21 -9 -22
right_child=2 5 3 4 10 -7 9 14 11 -11 -12 -13 -14 15 -16 16 -18 -19 -20 -21 22 -23 -24
leaf_value=-0.032111097563209692 0.22866386565487851 -0.02590652372959994 -0.04601010930838996 0.044425213915403022 -0.0016612655595983129 -0.013154040504390951 0.00048725411364314297 0.004724955203961146 0.015774331719742386 0.1106075570520197 0.060688433104507979 0.28287159575775345 0.2073665047032181 -0.017426878395506107 -0.00926844909308926 0.0057526885172186409 -0.012134605647819097 -0.0050245397920063439 0.032874707202044155 0.0089467675881558691 -0.015463292080618408 -0.014638514430532457 -0.006904059931598705
leaf_weight=67 132 248 79 50 946 229 252 140 259 32 56 31 85 82 21 55 48 919 110 115 23 66 154
leaf_count=67 132 248 79 50 946 229 252 140 259 32 56 31 85 82 21 55 48 919 110 115 23 66 154
internal_value=-0.00204215 -0.00980895 0.000619835 -0.000829035 0.000265306 -0.0180818 0.00693473 -0.00324232 0.00995261 0.00264085 -0.00113915 0.00533333 0.0164815 -0.0109848 -0.00139692 -0.0077027 -0.0026699 -0.00150633 9.4697e-05 -0.000702811 -0.00254569 0.00121359 -0.0069209
internal_weight=4199 1063 3136 2714 2450 477 419 586 422 284 2031 290 135 264 519 185 103 1975 1056 498 383 206 177
internal_count=4199 1063 3136 2714 2450 477 419 586 422 284 2031 290 135 264 519 185 103 1975 1056 498 383 206 177
cat_boundaries=0 1 2 3
cat_threshold=72 4 132
is_linear=0
shrinkage=0.05


Tree=67
num_leaves=24
num_cat=3
split_feature=0 2 2 0 5 5 5 5 5 0 5 2 2 5 4 2 5 5 5 16 5 5 9
split_gain=32.5392 20.6183 15.67 10.6243 10.492 8.62289 7.79981 6.08919 4.55449 4.47571 3.87317 3.5526 3.0815 2.84451 2.26263 2.12107 2.10708 2.0085 1.95406 1.88366 2.20119 1.82717 1.82408
threshold=0 2033.5000000000002 2029.5000000000002 1 0.96614232066531724 0.52541672543949758 1.0324986184915215 0.64827296193767847 1.4368553152526682 2 1.3375357467376412 2027.5000000000002 2031.5000000000002 0.77176796094750444 1.0000000180025095e-35 2027.5000000000002 0.93566252435764941 1.5720523221415739 0.7681049980012834 1.756416666666667 0.84976300489942436 0.63561259619552946 8485.1027934532904
decision_type=1 2 2 1 2 2 2 2 2 1 2 2 2 2 2 2 2 2 2 2 2 2 2
left_child=1 7 3 4 11 -4 -3 -1 22 10 12 21 16 -11 19 -9 -7 -15 -17 20 -13 -2 -5
right_child=2 6 5 8 -6 9 -8 15 -10 13 -12 14 -14 17 -16 18 -18 -19 -20 -21 -22 -23 -24
leaf_value=-0.031962356928167027 -0.0020281105013900459 -0.024611197543119936 -0.034065857190663532 -0.0097163164113171167 0.23960180582313839 0.024975367820378659 -0.0124963384791714 0.0048387370566485011 0.16149309878157628 -0.0072699247661150773 0.11149081248258037 -0.036113995213868579 0.00063160813928391239 -0.0022677104202179612 0.013473347376894118 -0.012940089184986814 0.13147122276247086 0.044318391874423213 -0.0037846260783738431 0.053221078962948455 0.0002860002789580207 0.095980468232169089 0.010180510918580854
leaf_weight=60 20 248 111 241 221 26 229 139 26 297 37 35 273 1465 22 49 35 45 338 21 21 72 168
leaf_count=60 20 248 111 241 221 26 229 139 26 297 37 35 273 1465 22 49 35 45 338 21 21 72 168
internal_value=-0.00192308 -0.00943616 0.000651621 0.00646399 0.0120853 -0.00149629 -0.0172432 -0.00324232 0.000842697 -0.000803489 0.00413386 0.00379581 0.00254491 -0.00182994 -0.00277778 -0.00152091 0.0127049 -0.000960265 -0.00342377 -0.00681818 -0.0116071 0.0108696 -0.000427873
internal_weight=4199 1063 3136 847 412 2289 477 586 435 2178 371 191 334 1807 99 526 61 1510 387 77 56 92 409
internal_count=4199 1063 3136 847 412 2289 477 586 435 2178 371 191 334 1807 99 526 61 1510 387 77 56 92 409
cat_boundaries=0 1 2 3
cat_threshold=72 164 4
is_linear=0
shrinkage=0.05


Tree=68
num_leaves=24
num_cat=0
split_feature=2 5 5 5 2 5 2 5 2 14 15 5 5 9 15 15 2 20 14 6 14 14 5
split_gain=29.2315 14.7758 8.10675 6.14016 5.88397 4.33311 3.62196 3.56758 2.11811 1.83236 1.97656 1.81071 1.75486 1.73053 1.59412 2.00224 1.65613 1.56807 1.70758 1.50885 1.47477 2.09293 2.42545
threshold=2033.5000000000002 1.1543510596373601 0.84175118767219159 0.56444565938134728 2029.5000000000002 1.5531047480642555 2026.5000000000002 0.46620033734366129 2026.5000000000002 167285.73032906043 23.880185662864822 0.94803883727286387 0.40013708798615666 58109.353663799913 139.82270853467313 107.21157695978535 2038.5000000000002 1.0000000180025095e-35 36795.514088495845 1.0000000180025095e-35 89628.55214601972 120289.32727468843 1.0566613915605825
decision_type=2 2 2 2 2 2 2 2 2 2 2 2 2 2 2 2 2 2 2 2 2 2 2
left_child=1 3 7 12 8 6 -3 -2 -5 10 11 -6 -1 -9 15 -4 -16 18 -10 -8 -17 22 -22
right_child=2 5 14 4 9 -7 19 13 17 -11 -12 -13 -14 -15 16 20 -18 -19 -20 -21 21 -23 -24
leaf_value=-0.054773463405647482 -0.047146668874612191 0.097644526330754114 -0.0062198530290523031 0.025526568634476023 -0.0053500336012610285 0.12819100753647752 0.020173394122929667 -0.013700054930834683 -0.045415762599532929 0.0060940524916321516 -0.0068957796948655673 0.029149287747888497 -0.018065949302304252 -0.018736353820800113 -0.008991883523687072 0.010624712260557745 -0.01641649132713625 0.0053000476258819873 -0.00040995822079041848 0.00015795820576318677 -0.018141821843414219 0.0070777230157585969 0.0017718307317535098
leaf_weight=30 57 77 1068 181 32 62 425 461 20 42 579 28 96 30 110 24 41 511 46 98 45 69 67
leaf_count=30 57 77 1068 181 32 62 425 461 20 42 579 28 96 30 110 24 41 511 46 98 45 69 67
internal_value=-0.001804 0.00212169 -0.00623732 -0.000527157 0.000399583 0.00838369 0.00708333 -0.0114051 0.00343008 -0.00297357 -0.0036385 0.005 -0.0111111 -0.0100305 -0.0042486 -0.00367243 -0.00910596 0.00194974 -0.00530303 0.00559273 0.000853659 -0.000690608 -0.00491071
internal_weight=4199 2227 1972 1565 1439 662 600 548 758 681 639 60 126 491 1424 1273 151 577 66 523 205 181 112
internal_count=4199 2227 1972 1565 1439 662 600 548 758 681 639 60 126 491 1424 1273 151 577 66 523 205 181 112
is_linear=0
shrinkage=0.05


Tree=69
num_leaves=24
num_cat=3
split_feature=0 2 0 5 2 2 5 5 0 5 2 5 5 2 5 5 15 15 5 16 15 16 5
split_gain=32.9777 17.5735 13.9942 9.7847 9.37565 8.20002 7.07409 5.39478 4.40451 3.84088 3.20411 3.0892 2.79177 2.63895 2.87654 2.11893 2.11025 1.98657 1.96827 1.93473 1.88698 1.99622 1.78459
threshold=0 2033.5000000000002 1 0.62850798343534187 2029.5000000000002 2027.5000000000002 1.1577527833144476 0.57324090082199908 2 1.3375357467376412 2033.5000000000002 1.3207557252961468 1.5935673327094293 2027.5000000000002 0.75992680472410246 1.1453412370221989 195.62082429985267 52.485411075247264 1.040856504656215 1.4758333333333338 169.09330351355609 1.0000000180025095e-35 0.96905256789785377
decision_type=1 2 1 2 2 2 2 2 1 2 2 2 2 2 2 2 2 2 2 2 2 2 2
left_child=1 7 4 10 22 8 -3 -1 18 19 -4 -8 16 -9 -15 -10 20 -17 -5 -6 21 -7 -2
right_child=2 6 3 5 9 12 11 13 15 -11 -12 -13 -14 14 -16 17 -18 -19 -20 -21 -22 -23 -24
leaf_value=-0.050663855152645799 0.10249192884258918 -0.021168815767483352 -0.010578898083935508 0.037721435282563581 0.013994708570265857 -0.0086948015877837299 -0.00067841850765545388 0.0036626394443939783 -0.0058568582114732594 0.10622726450990393 -0.022943044987066966 -0.015689571887738209 0.054687483349241721 -0.018939632490745397 -0.0040014642840148218 0.018765405502293577 0.015126431730855861 0.090109360507735492 0.24894134617195773 -1.2333927276131363e-05 -0.0084834893759532914 -0.0011274228917646846 0.49649874952471224
leaf_weight=28 68 338 126 68 129 239 86 149 127 37 115 53 47 65 344 33 20 35 63 227 55 1670 77
leaf_count=28 68 338 126 68 129 239 86 149 127 37 115 53 47 65 344 33 20 35 63 227 55 1670 77
internal_value=-0.00173256 -0.00929637 0.000858233 -0.000671012 0.00812044 0.000307594 -0.0165094 -0.00358362 0.00766871 0.00426209 -0.0102697 -0.00701439 -0.000873954 -0.00250896 -0.00458435 0.00231707 -0.00115927 0.00955882 0.0143617 0.00266854 -0.00132383 -0.00106076 0.0191379
internal_weight=4199 1063 3136 2598 538 2357 477 586 326 393 241 139 2031 558 409 195 1984 68 131 356 1964 1909 145
internal_count=4199 1063 3136 2598 538 2357 477 586 326 393 241 139 2031 558 409 195 1984 68 131 356 1964 1909 145
cat_boundaries=0 1 2 3
cat_threshold=72 4 160
is_linear=0
shrinkage=0.05


Tree=70
num_leaves=24
num_cat=4
split_feature=0 2 2 0 5 5 5 5 5 2 5 2 5 5 15 14 10 15 14 2 1 0 5
split_gain=30.978 17.1846 13.8614 13.5682 8.2275 8.01733 6.61328 5.74597 4.84443 3.80239 3.0892 2.81349 2.74465 2.30933 2.04988 2.03374 1.93 2.02558 1.65079 1.59742 1.59161 1.52876 2.42044
threshold=0 2033.5000000000002 2034.5000000000002 1 1.3429576197623241 0.55782275054609032 1.1577527833144476 0.99172057139916781 0.63561259619552946 2026.5000000000002 1.3207557252961468 2027.5000000000002 0.46620033734366129 1.5137990806277084 156.2921917089777 133343.17181013062 1.5000000000000002 132.58468279405687 127877.92950989387 2027.5000000000002 2 3 0.8453298642714665
decision_type=1 2 2 1 2 2 2 2 2 2 2 2 2 2 2 2 2 2 2 2 1 1 2
left_child=1 8 3 7 9 -4 -3 11 -1 -5 -8 -2 -11 -6 15 21 17 19 -13 -10 -18 -7 -23
right_child=2 6 5 4 13 14 10 -9 16 12 -12 18 -14 -15 -16 -17 20 -19 -20 -21 -22 22 -24
leaf_value=-0.034977765444824116 0.17101385186908563 -0.020110374979109193 -0.030530409335235278 0.039725294829716075 0.044911738573956583 0.00032640001398402956 -0.0006444975822726851 0.189416565320151 0.00689791532932027 -0.036319753890368303 -0.014905093293351303 0.00092913839688808515 -0.00070875413038717916 0.1352048943035373 -0.010323557261706374 0.0068004772270743308 -0.014470681264990494 -0.0061784861121671145 0.047884552468655889 -0.0011606374314172775 -0.0004200118190055058 -0.0087442349211980918 -0.0021797254343258301
leaf_weight=51 34 338 79 160 123 352 86 155 92 34 53 96 1180 62 85 90 37 101 21 278 27 155 510
leaf_count=51 34 338 79 160 123 352 86 155 92 34 53 96 1180 62 85 90 37 101 21 278 27 155 510
internal_value=-0.00173256 -0.00906337 0.000778767 0.00352547 0.00157744 -0.00324548 -0.016195 0.0129747 -0.00341297 0.000254731 -0.00701439 0.00645695 -0.000700165 0.0114865 -0.00222315 -0.0016486 -0.00200935 -0.000902335 0.00277778 0.000810811 -0.0101563 -0.00228614 -0.00366667
internal_weight=4199 1063 3136 1865 1559 1271 477 306 586 1374 139 151 1214 185 1192 1107 535 471 117 370 64 1017 665
internal_count=4199 1063 3136 1865 1559 1271 477 306 586 1374 139 151 1214 185 1192 1107 535 471 117 370 64 1017 665
cat_boundaries=0 1 2 3 4
cat_threshold=72 4 2 132
is_linear=0
shrinkage=0.05


Tree=71
num_leaves=24
num_cat=4
split_feature=0 2 2 0 5 5 5 5 5 2 0 2 5 5 5 15 5 11 2 0 5 5 15
split_gain=28.9593 16.9143 12.5403 12.6077 7.59215 7.52089 6.94449 5.48565 4.79621 3.86545 3.66675 2.96258 2.62749 2.06727 1.87367 1.80436 1.80365 1.68508 1.66786 1.42472 2.16873 1.93048 1.54667
threshold=0 2032.5000000000002 2034.5000000000002 1 1.1577527833144476 1.449774343129308 0.55782275054609032 0.99172057139916781 0.63561259619552946 2027.5000000000002 2 2027.5000000000002 1.3246791633457937 1.040856504656215 0.42540951297941754 156.2921917089777 0.7681049980012834 1.3413450614233773 2031.5000000000002 3 0.86607280868335701 1.4854173152328105 107.21157695978535
decision_type=1 2 2 1 2 2 2 2 2 2 1 2 2 2 2 2 2 2 2 1 2 2 2
left_child=1 8 3 7 16 9 -4 11 -1 10 13 -2 -6 -5 -11 19 -3 -10 -9 22 -21 -22 -8
right_child=2 4 6 5 12 -7 15 18 17 14 -12 -13 -14 -15 -16 -17 -18 -19 -20 20 21 -23 -24
leaf_value=-0.037765590574387491 0.16246315927563143 -0.026192650226866787 -0.029003888868473517 0.024658095502845347 -0.00056688328004855792 0.11720563716781669 -0.0021441988668543742 0.33971436607732852 -0.00029959427568528876 -0.038033689781969887 0.0011860153587364586 0.017772461641972194 -0.014127484567045313 0.22206055823644544 -0.0009050534090826013 -0.0098073793986210422 -0.015059477457316096 -0.0075968037071787236 0.047720706120285429 -0.0077086060702320049 -0.0012886011575346191 -0.02302145367848665 0.010620341542394263
leaf_weight=47 34 101 79 78 102 81 450 105 449 21 203 117 60 56 1120 85 284 20 50 144 374 22 117
leaf_count=47 34 101 79 78 102 81 450 105 449 21 203 117 60 56 1120 85 284 20 50 144 374 22 117
internal_value=-0.0016492 -0.00873719 0.000778767 0.00339142 -0.0149452 0.0015137 -0.00304878 0.0125 -0.00232558 0.000710419 0.00541543 0.00612583 -0.0058642 0.0114583 -0.000679229 -0.00209732 -0.0187662 -0.000799574 0.0195161 -0.00155827 -0.00336364 -0.00151515 0.000216638
internal_weight=4199 1063 3136 1865 547 1559 1271 306 516 1478 337 151 162 134 1141 1192 385 469 155 1107 540 396 567
internal_count=4199 1063 3136 1865 547 1559 1271 306 516 1478 337 151 162 134 1141 1192 385 469 155 1107 540 396 567
cat_boundaries=0 1 2 3 4
cat_threshold=72 4 160 164
is_linear=0
shrinkage=0.05


Tree=72
num_leaves=24
num_cat=3
split_feature=0 2 5 0 2 2 5 5 0 5 5 2 5 5 2 5 2 5 14 5 15 9 5
split_gain=27.3699 16.3687 12.5107 12.6952 10.9031 7.53872 6.26542 4.81265 3.27292 3.23247 3.05462 2.76979 2.7624 2.329 2.06897 5.01834 1.98386 3.33422 1.76926 1.73016 1.6685 1.48365 1.41516
threshold=0 2033.5000000000002 0.44510901738983766 1 2031.5000000000002 2027.5000000000002 1.0324986184915215 0.57324090082199908 2 0.95417278502810365 1.3375357467376412 2027.5000000000002 0.76343305541321171 1.040856504656215 2029.5000000000002 0.75992680472410246 2034.5000000000002 1.4971340844100429 107755.81798655073 1.1453412370221989 52.485411075247264 10694.82362200683 1.2141818954864803
decision_type=1 2 2 1 2 2 2 2 1 2 2 2 2 2 2 2 2 2 2 2 2 2 2
left_child=1 7 -2 4 9 8 -3 -1 13 11 18 -4 -7 21 -9 -16 17 -14 -6 -10 -21 -5 -17
right_child=2 6 3 5 10 12 -8 14 19 -11 -12 -13 16 -15 15 22 -18 -19 -20 20 -22 -23 -24
leaf_value=-0.044493494594052899 -0.037452109475280174 -0.019604805783584745 0.15386810891781125 0.013963004302822846 0.0033710806043509402 -0.0067065090810703555 -0.0093244214163534563 0.00081545650705994177 -0.003021815332925826 0.29150081697014674 0.081985573250425769 0.027242053540377856 0.00038903582301874629 0.22340498621005198 -0.020954406195914734 -0.0059775576200253424 -0.0030592944721779427 0.093343100168228332 -0.0075067567457929533 0.017803272165761365 0.083558326972926089 0.046921578539969921 0.0039736405184005452
leaf_weight=28 77 248 27 54 224 390 229 291 141 122 32 59 908 63 48 150 842 49 58 33 35 22 69
leaf_count=28 77 248 27 54 224 390 229 291 141 122 32 59 908 63 48 150 842 49 58 33 35 22 69
internal_value=-0.00161348 -0.00850419 0.00074698 0.00125041 0.00827068 -0.000225756 -0.0154612 -0.00298635 0.0066092 0.0173077 0.00254777 0.00988372 -0.00131339 0.0122483 -0.00197133 -0.00514981 -0.000486381 0.00107106 0.000886525 0.00216895 0.00882353 0.00723684 -0.00194064
internal_weight=4199 1063 3136 3059 522 2537 477 586 348 208 314 86 2189 139 558 267 1799 957 282 209 68 76 219
internal_count=4199 1063 3136 3059 522 2537 477 586 348 208 314 86 2189 139 558 267 1799 957 282 209 68 76 219
cat_boundaries=0 1 2 3
cat_threshold=72 4 160
is_linear=0
shrinkage=0.05


Tree=73
num_leaves=24
num_cat=3
split_feature=0 0 0 16 16 6 11 15 9 9 14 9 15 11 9 9 14 4 11 15 16 9 9
split_gain=24.504 10.2629 2.73712 1.82 1.37975 2.03905 1.56157 2.10279 1.39187 1.29886 1.37848 1.28971 1.27265 1.21719 1.54852 1.20857 1.1892 1.61727 1.28904 1.96376 1.17915 1.0849 1.03254
threshold=0 1 2 1.4758333333333338 1.4758333333333338 1.0000000180025095e-35 1.008575700215985 144.26040864886542 55592.232631112907 59920.262568721722 78673.014554060079 59042.392820585526 157.59465392935701 0.036133300533483327 609.11502569308516 1190.832459645399 168757.14763189407 1.0000000180025095e-35 1.1770730351437695 37.956939061017628 1.756416666666667 24222.984172534485 8976.3250866375038
decision_type=1 1 1 2 2 2 2 2 2 2 2 2 2 2 2 2 2 2 2 2 2 2 2
left_child=4 3 9 -2 5 8 7 11 21 10 13 -6 -9 -3 20 -16 18 -18 -4 -20 -15 -1 -12
right_child=1 2 16 -5 6 -7 -8 12 -10 -11 22 -13 -14 14 15 -17 17 -19 19 -21 -22 -23 -24
leaf_value=-0.011826512161372073 0.031964008641952278 0.0068015444617108185 -0.0044751766557906691 0.021945942722412237 -0.0067686294685465947 -0.01825170163443247 -0.013187406907864664 -0.015563689510769141 -0.021779443648103736 -0.0057499530276184044 0.013618577176179203 0.008667602455455203 -0.010914396346934897 -0.0084100156336148757 -0.019367889408792062 -0.00048891556293426672 0.0071242490787423399 -0.015760011715443899 -0.0058520898729924834 0.016006838979359551 0.0069850537595193447 -9.0515735972962478e-06 0.0040362796594152432
leaf_weight=248 204 360 1391 334 529 68 51 35 23 62 171 20 51 103 46 35 62 25 35 31 126 38 151
leaf_count=248 204 360 1391 334 529 68 51 35 23 62 171 20 51 103 46 35 62 25 35 31 126 38 151
internal_value=-0.00151822 0.000715194 -0.000594325 0.00693431 -0.00803821 -0.0105438 -0.00677843 -0.00610236 -0.00881877 0.00136278 0.00181452 -0.00496357 -0.0133721 0.000522388 -0.00177419 -0.00771605 -0.0019305 0.00373563 -0.00228209 0.00454545 0.000327511 -0.00786713 0.00450311
internal_weight=4199 3136 2598 538 1063 377 686 635 309 1054 992 549 86 670 310 81 1544 87 1457 66 229 286 322
internal_count=4199 3136 2598 538 1063 377 686 635 309 1054 992 549 86 670 310 81 1544 87 1457 66 229 286 322
cat_boundaries=0 1 2 3
cat_threshold=72 4 160
is_linear=0
shrinkage=0.05


Tree=74
num_leaves=24
num_cat=3
split_feature=0 2 5 2 5 0 2 5 5 0 5 5 5 5 7 11 5 2 5 9 14 14 2
split_gain=21.4472 14.4698 11.444 11.5333 6.85556 5.49677 6.84266 5.05934 4.97281 4.8951 3.16795 2.91637 2.66702 2.66299 2.38757 2.95447 1.93986 1.80287 4.68929 1.7657 1.56737 1.41061 1.40816
threshold=0 2033.5000000000002 0.46620033734366129 2027.5000000000002 1.1577527833144476 1 2031.5000000000002 0.57324090082199908 0.96190403407743663 2 1.3375357467376412 1.3771122059273162 1.3514613398798503 0.9728502460798758 2.5000000000000004 0.33026535812080277 0.77176796094750444 2029.5000000000002 0.75151658956402845 21215.587357742115 66992.805592730962 157226.55219614532 2034.5000000000002
decision_type=1 2 2 2 2 1 2 2 2 1 2 2 2 2 2 2 2 2 2 2 2 2 2
left_child=1 7 -2 9 16 6 8 -1 20 -4 -8 -6 21 14 -7 19 -3 -9 -19 -16 -5 -11 -15
right_child=2 4 3 5 11 13 10 17 -10 12 -12 -13 -14 22 15 -17 -18 18 -20 -21 -22 -23 -24
leaf_value=-0.041803941323602281 -0.033870073951605087 -0.027919246786596755 0.19242272067878147 -0.019248835305410418 -0.00033075145995478119 -0.0066312250050316159 -0.00097945687833824748 0.0013660092897755938 0.1705382672809492 0.017569322599008785 0.076788997451784011 -0.015280048816971425 0.23643496782854109 0.004444271381716991 -0.0084980565366904234 0.011683989897533366 -0.012928849695056466 -0.019906721139869177 -0.0019836794176760542 0.0075852375386982196 0.080117460323830256 -0.056958311405752499 -0.0020773289359930394
leaf_weight=28 92 88 128 26 99 789 281 291 78 228 32 40 31 658 86 56 250 44 223 23 40 22 566
leaf_count=28 92 88 128 26 99 789 281 291 78 228 32 40 31 658 86 56 250 44 223 23 40 22 566
internal_value=-0.00156585 -0.00766542 0.000524476 0.00105125 -0.0142034 -0.00016129 0.00476445 -0.0024744 0.0138889 0.00886308 0.00071885 -0.00485612 0.00455326 -0.00121115 -0.00319706 0.00227273 -0.0180473 -0.00143369 -0.00440075 -0.00252294 0.00378788 0.003 0.000326797
internal_weight=4199 1063 3136 3044 477 2635 457 586 144 409 313 139 281 2178 954 165 338 558 267 109 66 250 1224
internal_count=4199 1063 3136 3044 477 2635 457 586 144 409 313 139 281 2178 954 165 338 558 267 109 66 250 1224
cat_boundaries=0 1 2 3
cat_threshold=72 4 132
is_linear=0
shrinkage=0.05


Tree=75
num_leaves=24
num_cat=5
split_feature=2 0 0 2 2 0 0 16 15 15 14 9 6 14 16 14 19 2 1 14 7 14 14
split_gain=20.7735 14.8693 13.04 5.26499 3.6633 3.15346 2.61702 2.09671 1.88161 1.66708 1.83013 1.49234 1.3944 1.37761 2.36161 1.34069 1.21539 1.19048 1.1553 1.09432 1.31364 1.08 1.03178
threshold=2034.5000000000002 0 1 2027.5000000000002 2028.5000000000002 2 3 1.4758333333333338 16.739083551532328 152.80516291505447 134911.01726225539 26141.819359080404 1.0000000180025095e-35 50842.525539355331 2.1729166666666671 140437.06807840019 1.0000000180025095e-35 2032.5000000000002 4 162339.23336334041 1.0000000180025095e-35 46234.081037188625 113762.42999044863
decision_type=2 1 1 2 2 1 1 2 2 2 2 2 2 2 2 2 2 2 1 2 2 2 2
left_child=2 -2 4 5 -1 -4 7 12 -9 10 22 13 -5 -10 17 -13 21 -15 -6 -11 -21 -7 -3
right_child=1 9 3 6 18 16 -8 8 11 19 -12 15 -14 14 -16 -17 -18 -19 -20 20 -22 -23 -24
leaf_value=0.26390014026869685 -0.013848381352492112 -0.003824618430416149 0.067782644497070346 -0.0087567442205800823 -0.012987766743709628 -0.0023878991610913228 -0.00017898426448335059 0.0075397202220136798 -0.0034638026533866718 -0.013087246713501144 0.0054850693826851149 0.0051518076912679183 -0.019943377565214162 -0.0013481800232805876 -0.020916095971637218 -0.0092260707434071772 0.00060399002925892731 -0.013776677902008982 0.04292287074874146 0.0025007012644120644 -0.0068233065957469035 0.0174002076100809 -0.0089484300306081899
leaf_weight=108 411 1002 141 145 39 20 1204 25 108 28 85 34 27 70 28 27 322 30 159 30 36 30 90
leaf_count=108 411 1002 141 145 39 20 1204 25 108 28 85 34 27 70 28 27 322 30 159 30 36 30 90
internal_value=-0.00161348 -0.00591558 0.00126142 -0.000101306 0.0107595 0.00433723 -0.00144287 -0.00446429 -0.00217391 -0.00314208 -0.00265506 -0.00328283 -0.00901163 -0.00508475 -0.00859375 0.00368852 0.00170157 -0.005 0.00707071 -0.00957447 -0.00606061 0.009 -0.00320513
internal_weight=4199 1682 2517 2211 306 513 1698 494 322 1271 1177 297 172 236 128 61 372 100 198 94 66 50 1092
internal_count=4199 1682 2517 2211 306 513 1698 494 322 1271 1177 297 172 236 128 61 372 100 198 94 66 50 1092
cat_boundaries=0 1 2 3 4 5
cat_threshold=72 4 160 72 4
is_linear=0
shrinkage=0.05


Tree=76
num_leaves=24
num_cat=5
split_feature=2 0 0 5 5 5 5 0 5 2 2 5 0 2 5 9 8 2 14 1 2 5 5
split_gain=18.0034 12.9879 12.3973 7.93772 7.25094 6.80596 5.84923 5.62557 4.72574 3.79906 3.46233 2.88396 2.23672 2.22742 2.14809 1.92084 1.82299 1.77232 1.75326 1.69059 1.60303 1.62338 1.58387
threshold=2034.5000000000002 0 1 0.98854811158597589 1.1543510596373601 0.44510901738983766 1.0392119347815225 2 0.40013708798615666 2026.5000000000002 2031.5000000000002 1.5720523221415739 3 2030.5000000000002 0.63561259619552946 59042.392820585526 1.5000000000000002 2026.5000000000002 40751.239959659339 4 2028.5000000000002 0.75606233012901958 1.3771122059273162
decision_type=2 1 1 2 2 2 2 1 2 2 2 2 1 2 2 2 2 2 2 1 2 2 2
left_child=2 3 6 -2 8 -3 20 10 -4 -9 -6 -11 16 -8 18 -7 17 19 -14 -10 21 -1 -5
right_child=1 5 4 22 7 15 13 9 12 11 -12 -13 14 -15 -16 -17 -18 -19 -20 -21 -22 -23 -24
leaf_value=0.0013058816755976645 -0.018920645525481474 -0.037247722969799328 -0.043563470099031304 -0.0040904561337618663 0.16906869878423675 -0.0024275199348393174 0.38693701944860681 0.042697360855659741 -0.0018801211396924701 -0.0035200617444835383 0.01786524150342279 0.042247286879188196 -0.023406077956774476 0.054622184201728263 -0.0039109073595253287 -0.0087474693875862382 0.0087447941643451262 -0.0016749947002231648 -0.015065861462756925 0.040249147068853477 0.0066456490927663484 0.16335846295330683 -0.013823627308498244
leaf_weight=20 188 34 30 187 109 1163 80 56 39 377 81 37 29 61 583 74 58 718 41 53 110 35 36
leaf_count=20 188 34 30 187 109 1163 80 56 39 377 81 37 29 61 583 74 58 718 41 53 110 35 36
internal_value=-0.0014944 -0.00549941 0.00118196 -0.0131235 -0.00014633 -0.00290788 0.010443 0.00424242 -0.00201483 0.00114583 0.01125 -0.000483092 -0.00162722 0.0182624 -0.00380845 -0.00232417 5.69476e-05 -0.000555556 -0.0121429 0.00597826 0.00439394 0.0113636 -0.00706278
internal_weight=4199 1682 2517 411 2211 1271 306 660 1551 470 190 414 1521 141 653 1237 868 810 70 92 165 55 223
internal_count=4199 1682 2517 411 2211 1271 306 660 1551 470 190 414 1521 141 653 1237 868 810 70 92 165 55 223
cat_boundaries=0 1 2 3 4 5
cat_threshold=72 4 160 163 2
is_linear=0
shrinkage=0.05


Tree=77
num_leaves=24
num_cat=3
split_feature=0 5 5 0 5 5 5 5 36 0 5 7 11 5 5 15 14 16 11 14 5 15 16
split_gain=14.1857 11.1144 6.66417 6.21389 3.92966 3.35565 2.68947 2.65244 2.51852 2.14771 2.65061 2.07494 2.51854 1.8282 3.77834 2.31458 1.81353 1.68606 1.60842 1.54072 1.50382 1.39144 1.37927
threshold=0 0.44510901738983766 0.8306467510427672 1 1.3375357467376412 0.96905256789785377 0.57324090082199908 1.1577527833144476 0.1491668227173181 2 1.5720523221415739 2.5000000000000004 0.59549417801071247 1.3572596427166561 1.5720523221415739 31.635187667559883 17090.21370564065 1.0000000180025095e-35 1.1643012449630146 177598.3714906082 0.89919980469317551 27.999079570150631 1.4758333333333338
decision_type=1 2 2 1 2 2 2 2 2 1 2 2 2 2 2 2 2 2 2 2 2 2 2
left_child=2 -2 6 4 -3 11 -1 8 -4 10 16 22 20 -9 15 -15 21 -18 19 -11 -13 -7 -5
right_child=1 3 7 5 -6 9 -8 13 -10 18 -12 12 -14 14 -16 -17 17 -19 -20 -21 -22 -23 -24
leaf_value=-0.038324433310741535 -0.032758017973011699 0.016863374901266239 -0.0078885196496918386 -0.0095461490537246847 0.14987338639783379 -0.02219751270292605 -0.011109633911691308 0.0012606505197194529 0.0045199946369780973 -0.0022636129189135047 0.10992198390985086 0.0013461916319598367 0.012021102173771126 0.00311527976165491 0.0240868593891868 -0.019591069797702157 -0.007176796501312044 0.014809120879855087 0.013113517685957277 0.023211390756413743 -0.020968107589067753 0.016372966884814887 -0.0029681418354062131
leaf_weight=53 77 468 425 326 54 39 237 214 29 776 26 107 60 24 23 58 69 426 34 28 27 34 585
leaf_count=53 77 468 425 326 54 39 237 214 29 776 26 107 60 24 23 58 69 426 34 28 27 34 585
internal_value=-0.00144677 0.000254291 -0.00640727 0.000727362 0.0056391 -0.00030428 -0.012931 -0.00404269 -0.0064978 0.0012919 0.0035596 -0.00237557 0.00231959 -0.000548589 -0.00595238 -0.0109756 0.00290493 0.0039899 -0.000353774 -0.000808458 -0.00149254 -0.00445205 -0.00337541
internal_weight=4199 3136 1063 3059 522 2537 290 773 454 1432 594 1105 194 319 105 82 568 495 838 804 134 73 911
internal_count=4199 3136 1063 3059 522 2537 290 773 454 1432 594 1105 194 319 105 82 568 495 838 804 134 73 911
cat_boundaries=0 1 2 3
cat_threshold=72 4 160
is_linear=0
shrinkage=0.05


Tree=78
num_leaves=24
num_cat=4
split_feature=2 0 5 0 5 5 5 0 2 5 9 2 2 14 5 5 5 5 0 2 15 9 5
split_gain=17.1372 12.4017 10.5458 8.86051 6.6046 6.55946 5.40145 4.55857 3.34419 3.245 2.55085 2.41602 2.11321 2.62971 1.92252 1.89131 2.64961 1.70163 1.65197 1.619 1.61485 2.11093 1.51633
threshold=2033.5000000000002 0 1.1543510596373601 1 0.99752892928850623 0.44510901738983766 0.40013708798615666 2 2026.5000000000002 1.5720523221415739 59042.392820585526 2030.5000000000002 2026.5000000000002 17470.38653641288 0.83593146774837945 1.3771122059273162 1.1704710721111968 0.74651220879099955 3 2028.5000000000002 74.344162533720933 25098.192414631474 1.3153449239505515
decision_type=2 1 2 1 2 2 2 1 2 2 2 2 2 2 2 2 2 2 1 2 2 2 2
left_child=2 4 6 11 17 -3 -1 14 -5 18 -7 -4 13 -9 -8 16 -6 -2 -10 -16 -20 -22 -13
right_child=1 5 3 8 15 10 7 12 9 -11 -12 22 -14 -15 19 -17 -18 -19 20 -21 21 -23 -24
leaf_value=-0.039469074928542659 -0.026737574529347021 -0.033005537541149037 0.36972706650208487 0.057097205577116221 -0.0084308661880380335 -0.0019719221903461647 0.005007916182758621 -0.037221917896363532 0.019524855856564563 0.073408754212014413 -0.007707788651299308 0.020458654696561232 -0.0041174008758787959 0.015057694382334974 0.18384360158223761 -0.01324484068286047 0.00099897530108987724 -0.012915317509883929 0.0014240802429111188 0.039292212107978397 -0.01986446747480395 0.0015325539118546949 0.12141606653651743
leaf_weight=30 74 40 95 64 113 1367 70 23 138 38 88 38 1172 154 42 40 93 157 149 74 76 37 27
leaf_count=30 74 40 95 64 113 1367 70 23 138 38 88 38 1172 154 42 40 93 157 149 74 76 37 27
internal_value=-0.00142296 -0.00481744 0.00158285 0.00687311 -0.0117556 -0.00250831 -0.000654952 -0.0002443 0.00332031 0.00182648 -0.00197595 0.0167647 -0.00126932 0.00381356 0.00688776 -0.00630081 -0.00436893 -0.0180736 0.0005 0.0112069 -0.00183824 -0.00641593 0.0103846
internal_weight=4199 1972 2227 662 477 1495 1565 1535 502 438 1455 160 1349 177 186 246 206 231 400 116 262 113 65
internal_count=4199 1972 2227 662 477 1495 1565 1535 502 438 1455 160 1349 177 186 246 206 231 400 116 262 113 65
cat_boundaries=0 1 2 3 4
cat_threshold=72 36 4 144
is_linear=0
shrinkage=0.05


Tree=79
num_leaves=24
num_cat=2
split_feature=5 0 5 0 5 5 5 15 16 9 9 5 11 5 5 5 5 11 15 5 15 15 5
split_gain=13.0115 13.1054 6.32599 4.35349 4.70166 2.44148 2.01276 1.70331 1.55244 2.18475 1.47973 1.47932 1.27246 1.2585 1.87286 1.41334 1.22382 1.15389 1.73297 1.51641 1.15166 1.12741 1.11576
threshold=0.48900742528759283 0 1.2837255376576799 1 1.1577527833144476 0.63561259619552946 0.82102913517071141 160.1081189968717 1.756416666666667 21215.587357742115 4982.9585542778377 0.80526734759815788 1.3413450614233773 1.0758755085164153 1.0092673125895086 1.0341220573097172 1.4971340844100429 1.0040371749781858 51.577959385286142 0.74252791977159271 108.57174890037437 102.80552441240948 0.40013708798615666
decision_type=2 1 2 1 2 2 2 2 2 2 2 2 2 2 2 2 2 2 2 2 2 2 2
left_child=22 2 6 -3 5 -5 11 16 10 -10 -6 17 13 14 -7 -16 -4 18 19 -2 -17 -12 -1
right_child=1 3 7 4 8 12 -8 -9 9 -11 21 -13 -14 -15 15 20 -18 -19 -20 -21 -22 -23 -24
leaf_value=-0.038905964324054937 -0.010117300346340131 -0.0020851783644374676 0.044121252885805977 -0.021499132463091999 0.00039529278223553459 -0.0080063176458211923 0.007278194816414541 -0.002134402507319777 0.00067374025327504583 0.013705691833760449 -0.0078581900590067311 -0.040011221961951907 -0.012512799874601433 -0.0098622901609428885 0.0048122603816883828 0.00106173334824472 0.1191603444378119 0.01380805531120668 0.0035930289835874873 0.016934558440524227 -0.012548200152736146 -0.00084290233001595995 -0.026633705136783804
leaf_weight=62 87 1497 179 60 87 426 939 21 99 28 66 23 27 107 32 44 51 30 169 37 21 39 68
leaf_count=62 87 1497 179 60 87 426 939 21 99 28 66 23 27 107 32 44 51 30 169 37 21 39 68
internal_value=-0.00135151 -0.000854018 0.00278137 -0.00305741 -0.00554493 -0.00784519 0.00138132 0.0100598 -0.000548589 0.00374016 -0.00338542 -0.00187861 -0.00696347 -0.00650794 -0.00549713 0.000773196 0.0113043 -0.00100619 -0.00196246 -0.00645161 -0.00346154 -0.00738095 -0.0169231
internal_weight=4199 4069 1536 2533 1036 717 1285 251 319 127 192 346 657 630 523 97 230 323 293 124 65 105 130
internal_count=4199 4069 1536 2533 1036 717 1285 251 319 127 192 346 657 630 523 97 230 323 293 124 65 105 130
cat_boundaries=0 1 2
cat_threshold=164 19
is_linear=0
shrinkage=0.05


Tree=80
num_leaves=24
num_cat=4
split_feature=2 0 5 0 5 5 5 0 2 9 2 5 2 2 15 1 15 5 14 5 5 5 14
split_gain=16.0983 11.1402 8.98088 8.63803 6.58144 6.55963 4.73663 4.50809 3.10864 2.57214 2.51075 2.26823 2.10227 2.03944 2.63036 1.9272 2.44423 1.97153 1.77702 1.96364 1.95977 1.88064 1.42104
threshold=2033.5000000000002 0 1.1543510596373601 1 0.44510901738983766 0.8306467510427672 0.48900742528759283 2 2026.5000000000002 59042.392820585526 2030.5000000000002 1.5720523221415739 2030.5000000000002 2027.5000000000002 134.51858932403073 3 81.527826868447789 1.0324986184915215 7639.0746366610892 1.0092673125895086 1.3771122059273162 1.1704710721111968 180654.73601150259
decision_type=2 1 2 1 2 2 2 1 2 2 2 2 2 2 2 1 2 2 2 2 2 2 2
left_child=2 5 6 10 -3 -2 -1 12 -5 -6 -4 -10 -8 14 15 -9 17 -17 -7 -20 21 -21 -15
right_child=1 4 3 8 9 18 7 13 11 -11 -12 -13 -14 22 -16 16 -18 -19 19 20 -22 -23 -24
leaf_value=-0.032386276456994323 -0.017501181582924154 -0.029555860125710733 0.35087680343615979 0.054315547315621784 -0.0020006012396200034 0.0025946298090139489 0.071583249052526915 0.02512077021080579 0.00041954881782722001 -0.0073588648806410363 0.055694739160814778 0.069742545553332216 -0.005229801084236119 -0.0040384488901048067 -0.0075661982342003949 0.00053742941702257247 0.021165440190758656 -0.037163372624743299 -0.012344153708124916 -0.0080732780712499345 -0.01200414041707747 0.00045441998824657936 0.012632598564982979
leaf_weight=66 124 40 95 64 1367 23 124 47 400 88 65 38 55 955 44 129 97 27 102 105 37 86 21
leaf_count=66 124 40 95 64 1367 23 124 47 400 88 65 38 55 955 44 129 97 27 102 105 37 86 21
internal_value=-0.00137533 -0.00466531 0.00153794 0.00641994 -0.00247508 -0.0112423 -0.000527157 5.00334e-05 0.00292969 -0.00194158 0.0161765 0.00148402 0.00727513 -0.000977444 0.00232558 0.004 0.00227273 -0.00160256 -0.00800283 -0.00893939 -0.00635965 -0.00431937 -0.00215164
internal_weight=4199 1972 2227 662 1495 477 1565 1499 502 1455 160 438 179 1320 344 300 253 156 353 330 228 191 976
internal_count=4199 1972 2227 662 1495 477 1565 1499 502 1455 160 438 179 1320 344 300 253 156 353 330 228 191 976
cat_boundaries=0 1 2 3 4
cat_threshold=72 36 4 4
is_linear=0
shrinkage=0.05


Tree=81
num_leaves=24
num_cat=3
split_feature=2 0 0 5 5 5 5 5 2 2 17 15 15 5 5 15 5 14 15 0 15 5 5
split_gain=14.8446 9.2479 8.56721 7.31514 6.92782 5.93785 5.08915 3.99071 3.50748 3.14056 2.46933 2.60308 2.20532 2.14386 2.09626 2.02809 1.97492 1.66747 1.60739 1.59014 1.96462 1.75957 1.64306
threshold=2034.5000000000002 0 1 0.98854811158597589 0.44510901738983766 1.5137990806277084 1.0596748834202809 0.63561259619552946 2026.5000000000002 2030.5000000000002 73.879583333333343 18.184785964276539 82.822949980327493 1.3771122059273162 1.1577527833144476 156.2921917089777 1.2601101320002142 133343.17181013062 79.177087869923426 2 59.668990118102194 0.88037162294841587 0.76343305541321171
decision_type=2 1 1 2 2 2 2 2 2 2 2 2 2 2 2 2 2 2 2 1 2 2 2
left_child=2 3 6 -2 -3 7 -1 -4 -9 -8 12 -12 19 14 -5 17 -13 -6 -16 21 -21 22 -10
right_child=1 4 5 13 15 -7 9 8 10 -11 11 16 -14 -15 18 -17 -18 -19 -20 20 -22 -23 -24
leaf_value=0.019908985256834377 -0.015268180599847914 -0.028980874302794814 -0.012931074531120523 -0.0076696141676874333 -0.0036865306725658246 0.078875647824906636 0.36231425625902247 0.018117977143251942 -0.0052817578238636646 0.048933832899295204 0.011155580856410531 -0.00057924802820714667 -0.0080162396308570468 -0.011795819195944324 -0.0012740734973736957 -0.0088850656819232654 0.010253827200418364 0.0053246962886245759 0.0063321272777736581 0.0034371806054702249 0.044317493077522134 -0.0072254868826181267 0.0067992957443073548
leaf_weight=175 188 34 204 99 1058 84 72 216 35 59 22 763 244 36 63 87 166 92 25 187 29 216 45
leaf_count=175 188 34 204 99 1058 84 72 216 35 59 22 763 244 36 63 87 166 92 25 187 29 216 45
internal_value=-0.00126816 -0.00490488 0.0011621 -0.011342 -0.00271272 5.6281e-05 0.00886076 -0.000458392 0.00024701 0.0166031 -0.000512595 0.00118297 -0.0026455 -0.00549327 -0.00334225 -0.00212207 0.000780409 -0.00156522 0.00227273 -0.00078125 0.00243363 -0.00310458 0.003125
internal_weight=4199 1682 2517 411 1271 2211 306 2127 1923 131 1707 951 756 223 187 1237 929 1150 88 512 216 296 80
internal_count=4199 1682 2517 411 1271 2211 306 2127 1923 131 1707 951 756 223 187 1237 929 1150 88 512 216 296 80
cat_boundaries=0 1 2 3
cat_threshold=72 4 89
is_linear=0
shrinkage=0.05


Tree=82
num_leaves=24
num_cat=1
split_feature=2 5 5 2 5 5 5 15 5 7 11 11 14 7 7 9 17 11 14 2 9 14 1
split_gain=14.1261 7.97889 6.0721 5.10595 3.71493 3.65524 2.44613 2.31382 1.89087 1.81865 2.03249 1.9171 1.58778 1.5609 1.52912 2.41042 2.14175 1.62356 1.48343 1.46409 1.4485 1.48123 1.62412
threshold=2034.5000000000002 0.82102913517071141 0.48900742528759283 2026.5000000000002 0.44510901738983766 1.5720523221415739 1.1268342952933712 152.80516291505447 1.0092673125895086 2.5000000000000004 0.25773923940056448 1.5183890241915792 17470.38653641288 1.5000000000000002 1.0000000180025095e-35 259.65779825042154 73.879583333333343 1.0265675147737674 125177.10711749321 2038.5000000000002 51586.441189360201 91192.917665729095 0
decision_type=2 2 2 2 2 2 2 2 2 2 2 2 2 2 2 2 2 2 2 2 2 2 1
left_child=2 4 13 6 -2 8 12 18 9 11 -11 -5 -4 -1 15 -10 17 -16 -3 -20 21 -18 -23
right_child=1 7 3 5 -6 -7 -8 -9 14 10 -12 -13 -14 -15 16 -17 20 -19 19 -21 -22 22 -24
leaf_value=-0.04288836346764438 -0.029982657596175334 -0.004110162279595886 -0.030141830044813567 -0.0026124152978955987 -0.010159123988354191 0.082864635647718121 0.08477168181585637 -0.0084408123978271018 -0.0043985050793841299 -0.0011878578926121986 0.011236783580016452 -0.022652039734102947 0.019491057550777048 -0.0031647009067921508 -0.0077594249440889667 0.015540357411942818 0.013567501243661706 0.0059060007765649129 0.0065570344795636394 -0.005377256996551439 0.02526798290404271 0.0079465302586704031 -0.022166382353578842
leaf_weight=53 41 1037 23 839 382 56 92 95 142 133 63 29 159 24 210 394 144 31 89 38 33 71 21
leaf_count=53 41 1037 23 839 382 56 92 95 142 133 63 29 159 24 210 394 144 31 89 38 33 71 21
internal_value=-0.00120862 -0.00475624 0.0011621 0.00159836 -0.0106974 0.000784857 0.0080292 -0.00276013 0.000450237 -0.00103383 0.00331633 -0.00201613 0.00467033 -0.0126623 0.00195985 0.00382463 0 -0.00342324 -0.00214777 0.00295276 0.00306691 0.00169492 -0.00326087
internal_weight=4199 1682 2517 2440 423 2166 274 1259 2110 1064 196 868 182 77 1046 536 510 241 1164 127 269 236 92
internal_count=4199 1682 2517 2440 423 2166 274 1259 2110 1064 196 868 182 77 1046 536 510 241 1164 127 269 236 92
cat_boundaries=0 1
cat_threshold=1
is_linear=0
shrinkage=0.05


Tree=83
num_leaves=24
num_cat=1
split_feature=0 5 5 2 2 5 5 5 5 2 5 14 14 14 5 2 2 2 18 17 15 5 4
split_gain=12.9833 8.77628 7.8596 7.58441 5.20331 4.95254 3.25488 2.69183 3.12579 2.42044 2.98858 2.89378 2.22437 2.19672 2.03158 1.78624 1.76469 1.67268 1.62014 1.59889 1.50272 1.43234 1.40464
threshold=0 0.62850798343534187 0.44510901738983766 2028.5000000000002 2033.5000000000002 1.0632720573186565 0.85301416984164968 1.3771122059273162 1.1577527833144476 2034.5000000000002 1.3771122059273162 26305.939935509199 177598.3714906082 119390.48173476249 0.88677049098292526 2026.5000000000002 2027.5000000000002 2034.5000000000002 1.0000000180025095e-35 73.879583333333343 26.190656645233041 1.4308953954205845 1.0000000180025095e-35
decision_type=1 2 2 2 2 2 2 2 2 2 2 2 2 2 2 2 2 2 2 2 2 2 2
left_child=1 16 17 5 13 15 20 8 14 10 12 -12 18 19 -8 -4 -1 -2 -5 -3 -6 -7 -16
right_child=2 4 3 9 6 21 7 -9 -10 -11 11 -13 -14 -15 22 -17 -18 -19 -20 -21 -22 -23 -24
leaf_value=-0.0050425243562602917 -0.02386939003424067 -0.0039992445561885864 0.038999927351589574 -0.0080966007094861684 -0.0026890299137233066 0.11604037636006891 0.0035504267005126212 -0.013102636739712948 0.001234661613762389 -0.0022027998720024478 -0.0099274819425311921 0.094368054084889866 0.026633389379376517 -0.006916444313916692 -0.0094438005976066677 0.00011697684881379901 -0.025603838089108155 -0.02656421736706116 0.00144702505589569 0.0027518566267625832 -0.011654535467686411 0.44240576972828194 -0.0037753589105884891
leaf_weight=22 41 311 102 95 27 172 31 63 144 1030 20 57 32 177 198 206 103 28 796 310 120 35 79
leaf_count=22 41 311 102 95 27 172 31 63 144 1030 20 57 32 177 198 206 103 28 796 310 120 35 79
internal_value=-0.00110145 -0.00465517 0.00106707 0.00152259 -0.00359589 0.00694175 -0.00687311 -0.005 -0.00365044 0.000147783 0.0019 0.0113636 0.00111051 -0.000877193 -0.00649351 0.00292208 -0.0174 -0.0155797 0.000645342 0.000523349 -0.0134354 0.0129227 -0.00785199
internal_weight=4199 1585 2614 2545 1460 515 662 515 452 2030 1000 77 923 798 308 308 125 69 891 621 147 207 277
internal_count=4199 1585 2614 2545 1460 515 662 515 452 2030 1000 77 923 798 308 308 125 69 891 621 147 207 277
cat_boundaries=0 1
cat_threshold=88
is_linear=0
shrinkage=0.05


Tree=84
num_leaves=24
num_cat=2
split_feature=0 5 5 2 5 0 2 5 5 5 5 14 5 2 7 2 9 5 36 14 15 5 4
split_gain=12.3831 8.77628 7.07 6.71474 7.57713 5.42842 4.96623 3.33024 2.74608 3.0131 2.20171 2.14105 1.97761 1.93991 2.27665 1.76469 1.70208 1.60667 1.5313 1.51779 1.50272 1.3859 1.77699
threshold=0 0.62850798343534187 0.44510901738983766 2031.5000000000002 1.2892373734878864 1 2033.5000000000002 0.85301416984164968 1.3771122059273162 1.1577527833144476 0.84175118767219159 119390.48173476249 0.88677049098292526 2034.5000000000002 1.0000000180025095e-35 2027.5000000000002 26141.819359080404 1.5720523221415739 0.16544514847797356 110052.16701086449 26.190656645233041 1.0444469704850843 1.0000000180025095e-35
decision_type=1 2 2 2 2 1 2 2 2 2 2 2 2 2 2 2 2 2 2 2 2 2 2
left_child=1 15 13 4 5 10 11 20 9 12 -4 19 -9 14 -2 -1 18 -5 21 -3 -8 -7 -23
right_child=2 6 3 17 -6 16 7 8 -10 -11 -12 -13 -14 -15 -16 -17 -18 -19 -20 -21 -22 22 -24
leaf_value=-0.0047903981384472827 -0.045850734947488904 -0.00014212243130311554 0.026555749952497099 -0.0013876351650848663 0.18689340110868358 -0.0076917706740118781 -0.0025545784180371458 0.0033729053654870003 -0.012447504902727302 0.0011729285330742802 0.087055048144178582 -0.0065706220982209018 -0.0078300038324063074 -0.025236006498708097 0.0031112942138961765 -0.02432364618465277 0.010365620216525252 0.04261980841142754 0.019955828530112376 0.0089961322694023238 -0.011071808694302099 -0.0082899564351667007 0.042035749046317156
leaf_weight=22 20 594 56 1500 146 333 27 31 63 144 121 177 277 28 21 103 119 36 52 27 120 129 53
leaf_count=22 20 594 56 1500 146 333 27 31 63 144 121 177 277 28 21 103 119 36 52 27 120 129 53
internal_value=-0.00118481 -0.00465517 0.000933689 0.00136542 0.00453419 0.00275203 -0.00359589 -0.00679758 -0.00490291 -0.00353982 0.0102941 -0.00093985 -0.00633117 -0.0148551 -0.00792683 -0.0174 0.000646552 -0.000716146 -0.000485009 0.000442834 -0.0134354 -0.00131068 0.0021978
internal_weight=4199 1585 2614 2545 1009 863 1460 662 515 452 177 798 308 69 41 125 686 1536 567 621 147 515 182
internal_count=4199 1585 2614 2545 1009 863 1460 662 515 452 177 798 308 69 41 125 686 1536 567 621 147 515 182
cat_boundaries=0 1 2
cat_threshold=88 4
is_linear=0
shrinkage=0.05


Tree=85
num_leaves=24
num_cat=3
split_feature=5 0 2 2 5 0 5 0 2 5 5 15 14 5 5 5 5 7 14 2 14 15 9
split_gain=11.9476 10.9321 7.5626 6.72883 5.54877 3.31036 3.25094 2.59175 3.70493 3.50105 2.1442 1.7839 1.68791 1.58776 3.20486 1.46216 1.35044 2.05061 1.57653 1.44693 1.36743 1.25042 1.54196
threshold=0.48900742528759283 0 2033.5000000000002 2027.5000000000002 0.8306467510427672 1 1.040856504656215 2 2031.5000000000002 1.0658108544522935 1.3375357467376412 98.91055636898183 40751.239959659339 1.3771122059273162 1.1577527833144476 0.63561259619552946 0.76343305541321171 1.5000000000000002 44703.318845095935 2036.5000000000002 58352.427300423915 145.1811954609453 22378.178679275454
decision_type=2 1 2 2 2 1 2 1 2 2 2 2 2 2 2 2 2 2 2 2 2 2 2
left_child=12 2 15 5 -4 -3 -7 8 9 11 -10 -5 -1 14 -6 -2 17 18 -9 -19 -20 22 -17
right_child=1 3 4 7 13 6 -8 16 10 -11 -12 -13 -14 -15 -16 21 -18 19 20 -21 -22 -23 -24
leaf_value=-0.013918238249591286 -0.010917241130702538 0.0020177769854267781 -0.012111918397919509 -0.01067691316321584 -0.0077930849240395172 0.022204768629546082 0.19982092635276916 -0.010575081087963567 -0.0012960849898035144 0.19023386826655886 0.051105338849044293 0.06567174884155734 -0.032947791708686801 -0.0097230130400452926 0.00020465916262668582 -0.0014587772595073601 -0.0006449845437508817 0.0053131827591480496 0.0064086621850598657 -0.011138980968366097 -0.0056896264672061441 -0.0067345257608859566 0.004227732556496111
leaf_weight=60 36 141 112 46 214 150 117 100 279 60 32 37 70 40 99 396 1799 80 32 33 127 67 72
leaf_count=60 36 141 112 46 214 150 117 100 279 60 32 37 70 40 99 396 1799 80 32 33 127 67 72
internal_value=-0.00123244 -0.000755714 -0.00516252 0.000764049 -0.00994624 0.0067402 0.00983755 -0.000161905 0.00323276 0.00996503 0.000241158 0.00331325 -0.0161538 -0.00686969 -0.00567093 -0.00135727 -0.000882623 -0.00362903 -0.00608108 0.00199115 -0.00298742 -0.000700935 0.000213675
internal_weight=4199 4069 1036 3033 465 408 267 2625 454 143 311 83 130 353 313 571 2171 372 259 113 159 535 468
internal_count=4199 4069 1036 3033 465 408 267 2625 454 143 311 83 130 353 313 571 2171 372 259 113 159 535 468
cat_boundaries=0 1 2 3
cat_threshold=72 18 4
is_linear=0
shrinkage=0.05


Tree=86
num_leaves=24
num_cat=4
split_feature=5 0 2 2 5 0 5 0 5 2 5 14 5 5 5 15 15 10 1 5 5 15 4
split_gain=11.9667 10.2914 6.67845 6.52854 4.55702 3.18763 3.44877 2.00035 3.17104 2.7415 1.827 1.68791 1.63607 3.06869 1.43603 1.49008 1.27465 1.22621 1.21855 1.28456 1.15573 1.41008 1.4839
threshold=0.48900742528759283 0 2033.5000000000002 2027.5000000000002 0.8306467510427672 1 1.040856504656215 2 1.3572596427166561 2031.5000000000002 0.95718907554605426 40751.239959659339 1.3771122059273162 1.1577527833144476 0.63561259619552946 114.93378014844174 104.01658257979909 1.5000000000000002 3 1.4971340844100429 0.64827296193767847 22.107445330116295 1.0000000180025095e-35
decision_type=2 1 2 2 2 1 2 1 2 2 2 2 2 2 2 2 2 2 1 2 2 2 2
left_child=11 2 14 5 -4 -3 -7 8 9 10 16 -1 13 -6 -2 17 -5 -16 19 -9 -11 -22 -23
right_child=1 3 4 7 12 6 -8 18 -10 20 -12 -13 -14 -15 15 -17 -18 -19 -20 -21 21 22 -24
leaf_value=-0.013222326337111713 -0.010371379074167431 0.0019168881361554925 -0.011506322478023535 -0.02307197476396974 -0.0074034306778375525 0.021094530198068773 0.18982988003513057 0.00016402507688293433 0.10938398773813791 0.0055931908657763435 0.066693457566299227 -0.031300402123252462 -0.0092368623880430215 0.00019442620449534599 0.0013194441722321759 -0.0053071928331296821 0.062453169179501257 -0.0083058001071899985 -0.0026489545879573085 0.042354313852650365 0.024977602596628446 -0.00066162065423411862 -0.019775144620889942
leaf_weight=60 36 141 112 35 214 150 117 944 37 32 71 70 40 99 338 137 26 60 1186 41 25 157 71
leaf_count=60 36 141 112 35 214 150 117 944 37 32 71 70 40 99 338 137 26 60 1186 41 25 157 71
internal_value=-0.00122053 -0.000743426 -0.00501912 0.000731186 -0.00951613 0.00661765 0.00965704 -0.000180952 0.00280172 0.00161871 0.00757576 -0.0161538 -0.00672805 -0.00551118 -0.00144483 -0.000794393 0.00122951 0.000753769 -0.000813847 0.000482234 -0.00114035 -0.00227273 -0.00350877
internal_weight=4199 4069 1036 3033 465 408 267 2625 454 417 132 130 353 313 571 535 61 398 2171 985 285 253 228
internal_count=4199 4069 1036 3033 465 408 267 2625 454 417 132 130 353 313 571 535 61 398 2171 985 285 253 228
cat_boundaries=0 1 2 3 4
cat_threshold=72 18 4 1
is_linear=0
shrinkage=0.05


Tree=87
num_leaves=24
num_cat=0
split_feature=5 2 5 5 2 18 5 14 14 2 7 5 15 15 5 9 15 15 5 5 14 2 17
split_gain=11.4141 9.25452 4.65586 3.16509 2.9229 3.37814 2.26363 1.9592 1.94304 1.8302 1.78855 2.03202 2.01927 1.96738 1.64507 1.46261 2.05815 1.60598 1.70353 1.44068 1.43237 1.39954 1.99615
threshold=0.48900742528759283 2034.5000000000002 1.2601101320002142 0.82102913517071141 2027.5000000000002 1.0000000180025095e-35 1.3661093842275072 157226.55219614532 40751.239959659339 2026.5000000000002 2.5000000000000004 0.77583830786226704 18.184785964276539 64.699785586228529 1.5720523221415739 42309.878281259305 138.28563907384995 104.51569050480074 1.294853711309133 1.6204724967474646 180654.73601150259 2031.5000000000002 73.879583333333343
decision_type=2 2 2 2 2 2 2 2 2 2 2 2 2 2 2 2 2 2 2 2 2 2 2
left_child=8 2 4 -3 7 -6 -5 -2 -1 -4 11 13 -13 -7 15 16 17 18 -11 -8 -14 -20 -23
right_child=1 3 9 6 5 10 19 -9 -10 14 -12 12 20 -15 -16 -17 -18 -19 21 -21 -22 22 -24
leaf_value=-0.012561210020256119 0.010665739049317847 -0.0078821368804923523 0.08338268706907348 -0.002203615983911722 -0.0080598867640080847 -0.0084171396367528576 -0.0081864101129137667 -0.011787468179877704 -0.029735382017089848 0.015680074023028689 0.0058640825900103891 0.011559236963871601 -0.0016079807507925815 -0.0019444988005544951 0.07487297668864823 0.018055031660963207 -0.028664690198483368 0.043286128150146611 0.017073050102954568 0.010593595098829001 0.018413439030803416 -0.017325001292472563 0.00020278963825899333
leaf_weight=60 410 370 59 1100 183 119 134 41 70 57 231 60 782 131 56 45 21 37 107 25 23 37 41
leaf_count=60 410 370 59 1100 183 119 134 41 70 57 231 60 782 131 56 45 21 37 107 25 23 37 41
internal_value=-0.00118481 -0.00071885 0.00122951 -0.0036372 0.000176768 -0.000866579 -0.00244241 0.00371397 -0.0157692 0.00576087 0 -0.000829596 0.000317919 -0.0048 0.00455112 0.00326087 0.002 0.0031362 0.00165289 -0.00801887 -0.000341615 -0.000675676 -0.00576923
internal_weight=4199 4069 2440 1629 1980 1529 1259 451 130 460 1346 1115 865 250 401 345 300 279 242 159 805 185 78
internal_count=4199 4069 2440 1629 1980 1529 1259 451 130 460 1346 1115 865 250 401 345 300 279 242 159 805 185 78
is_linear=0
shrinkage=0.05


Tree=88
num_leaves=24
num_cat=4
split_feature=5 0 2 2 5 0 5 15 2 5 14 0 5 14 9 5 5 5 14 5 5 9 1
split_gain=10.8927 9.67572 5.98565 5.96097 4.63657 3.42612 2.56284 1.99845 1.87007 3.05106 2.9073 1.87473 1.75139 1.72326 1.64948 1.62559 1.54151 1.43603 1.38854 1.34929 1.94656 1.33636 1.31785
threshold=0.48900742528759283 0 2033.5000000000002 2027.5000000000002 0.82102913517071141 1 1.1153207202073521 73.532143063359925 2034.5000000000002 1.3771122059273162 25495.070357952452 2 0.99172057139916781 40751.239959659339 59042.392820585526 0.72497800467145923 0.84976300489942436 0.63561259619552946 7639.0746366610892 1.0092673125895086 1.3771122059273162 8665.3746601594012 3
decision_type=2 1 2 2 2 1 2 2 2 2 2 1 2 2 2 2 2 2 2 2 2 2 1
left_child=13 2 17 5 -4 16 15 -8 9 11 -11 12 -5 -1 -10 -7 -3 -2 -6 -20 -21 -9 -17
right_child=1 3 4 8 18 6 7 21 14 10 -12 -13 -14 -15 -16 22 -18 -19 19 20 -22 -23 -24
leaf_value=-0.011933149519243314 -0.0097889836942904873 0.045637231860806704 -0.010677606342993862 0.0013171965964241306 0.0028179478859570398 0.01167179625272965 0.028164364642140075 0.044934301141143787 -0.0014684364694645515 -0.011682287640621382 0.073157124106235122 -0.00075784387514294955 0.046738143596935802 -0.028248612916235351 -0.0058031521866198201 -0.013016577024471055 0.22247410854024904 -0.00079712433478982278 -0.0093638287373040367 -0.0025662630955489265 -0.0079738129632744847 0.12542861723772356 0.0031477006289204468
leaf_weight=60 36 44 101 107 23 27 59 20 1154 28 92 1062 108 70 74 59 94 535 113 191 37 24 81
leaf_count=60 36 44 101 107 23 27 59 20 1154 28 92 1062 108 70 74 59 94 535 113 191 37 24 81
internal_value=-0.00113718 -0.000681986 -0.00482792 0.000747617 -0.00908602 0.00637255 0.00267857 0.00898058 -0.00012381 0.00112742 0.00875 0.00041112 0.00455556 -0.0153846 -0.00154723 -0.0010479 0.0125 -0.00144483 -0.00645604 -0.00725806 -0.00504386 0.0170455 -0.00321429
internal_weight=4199 4069 1036 3033 465 408 270 103 2625 1397 120 1277 215 130 1228 167 138 571 364 341 228 44 140
internal_count=4199 4069 1036 3033 465 408 270 103 2625 1397 120 1277 215 130 1228 167 138 571 364 341 228 44 140
cat_boundaries=0 1 2 3 4
cat_threshold=72 36 4 2
is_linear=0
shrinkage=0.05


Tree=89
num_leaves=24
num_cat=3
split_feature=0 2 2 2 0 11 15 15 36 9 2 15 9 2 15 2 16 36 15 14 4 1 3
split_gain=9.394 5.67375 5.30916 2.94332 2.87242 1.4397 1.54347 1.31477 2.1013 1.25256 1.23767 1.33842 1.14655 2.16 1.64388 1.08949 1.31522 1.06952 1.06115 1.03521 1.00962 0.987944 0.942921
threshold=0 2026.5000000000002 2033.5000000000002 2034.5000000000002 1 1.041544165322313 129.73975614796583 73.532143063359925 0.080775926737303758 59042.392820585526 2030.5000000000002 28.411726000518211 3181.0355538923268 2028.5000000000002 90.206750750903851 2029.5000000000002 2.1729166666666671 0.18117186381495179 93.060280248681877 57546.577040970296 1.0000000180025095e-35 2 1.0000000180025095e-35
decision_type=1 2 2 2 1 2 2 2 2 2 2 2 2 2 2 2 2 2 2 2 2 1 2
left_child=2 7 5 4 15 6 10 8 -2 21 12 -12 13 -1 19 -3 -17 -4 -9 -14 -8 -5 -13
right_child=1 3 17 9 -6 -7 20 18 -10 -11 11 22 14 -15 -16 16 -18 -19 -20 -21 -22 -23 -24
leaf_value=0.0076715819322208841 0.012721400690477403 0.085780399259994145 -0.0073855832555715043 -0.0001381942412885806 0.00011910881995382817 -0.008769729528263737 -0.013585359641399064 0.075553783524313189 0.10363269530209927 -0.005651358316471811 0.0014712974558859226 -0.0037032241817194448 0.00021051529314917162 -0.0020473592104889972 0.013227800967742365 0.021133398032610121 -0.019156247316078814 0.0012599904910828741 0.047196857973074206 -0.010559877485714875 0.0011612365610037534 -0.0039603963117233578 -0.0097323490099042731
leaf_weight=60 101 114 452 525 1376 45 78 21 23 75 49 82 71 40 35 112 49 25 69 56 42 671 28
leaf_count=60 101 114 452 525 1376 45 78 21 23 75 49 82 71 40 35 112 49 25 69 56 42 671 28
internal_value=-0.00106573 0.000317864 -0.00510252 -0.000256674 0.00113568 -0.00196246 -0.00124769 0.00817757 0.00483871 -0.0020653 0.000178147 -0.00330189 0.00229008 0.0065 -0.000308642 0.00570175 0.00326087 -0.00906709 0.0127778 -0.00295276 -0.00625 -0.00167224 -0.00636364
internal_weight=4199 3136 1063 2922 1651 586 541 214 124 1271 421 159 262 100 162 275 161 477 90 127 120 1196 110
internal_count=4199 3136 1063 2922 1651 586 541 214 124 1271 421 159 262 100 162 275 161 477 90 127 120 1196 110
cat_boundaries=0 1 2 3
cat_threshold=72 4 1
is_linear=0
shrinkage=0.05


Tree=90
num_leaves=24
num_cat=0
split_feature=5 2 5 2 5 5 18 5 5 15 14 14 14 15 17 14 5 5 5 18 2 9 4
split_gain=10.4908 7.79457 4.47604 3.2289 2.86245 2.01922 1.90874 2.04746 1.63824 1.80872 1.89394 1.59345 1.52991 1.48321 2.29858 1.52408 1.41334 1.37341 1.33751 1.14755 1.09911 1.07769 1.07655
threshold=0.51653639921929895 2034.5000000000002 1.5137990806277084 2027.5000000000002 0.82102913517071141 1.3771122059273162 1.0000000180025095e-35 1.2517530936697006 0.63561259619552946 66.063244461926928 95974.252668371584 57546.577040970296 135965.62034304874 18.184785964276539 73.879583333333343 177598.3714906082 0.80201068204579806 1.3429576197623241 1.6204724967474646 1.0000000180025095e-35 2035.5000000000002 7731.3505353129776 1.0000000180025095e-35
decision_type=2 2 2 2 2 2 2 2 2 2 2 2 2 2 2 2 2 2 2 2 2 2 2
left_child=11 2 3 12 16 -6 7 -5 9 -8 -11 20 17 14 -10 -15 -3 19 22 21 -1 -2 -7
right_child=1 4 -4 6 5 18 8 -9 13 10 -12 -13 -14 15 -16 -17 -18 -19 -20 -21 -22 -23 -24
leaf_value=-0.0074638934176071599 0.016255241528346433 -0.0066260925853949271 0.072235973526204686 -0.0075735017966741093 -0.0015842175497726152 -0.011333399382953148 -0.015106917245598428 0.012031686182731606 0.0043925522292196815 0.018879147649759221 -0.009711924110571736 -0.023191078739151289 -0.0022633371774622548 3.401406542136165e-05 0.015603273621855341 0.0175882228129161 -0.0081757236018411786 0.1362539610244895 0.010831885154829824 0.0092466357346889794 -0.013877753590227783 0.014945380968940915 -0.0041002191815562306
leaf_weight=60 25 324 90 178 1110 83 46 33 71 20 24 78 75 1354 23 50 32 38 25 369 26 24 41
leaf_count=60 25 324 90 178 1110 83 46 33 71 20 24 78 75 1354 23 50 32 38 25 369 26 24 41
internal_value=-0.0010181 -0.00051425 0.00128099 0.000858369 -0.00320433 -0.00208499 -0.000152863 -0.00462085 0.000440806 -0.00611111 0.00113636 -0.0134146 0.00428437 0.000834446 0.00691489 0.00042735 -0.00716292 0.00537281 -0.00755034 0.00454545 -0.00872093 0.0117347 -0.00967742
internal_weight=4199 4035 2420 2330 1615 1259 1799 211 1588 90 44 164 531 1498 94 1404 356 456 149 418 86 49 124
internal_count=4199 4035 2420 2330 1615 1259 1799 211 1588 90 44 164 531 1498 94 1404 356 456 149 418 86 49 124
is_linear=0
shrinkage=0.05


Tree=91
num_leaves=24
num_cat=2
split_feature=0 5 2 5 5 2 5 5 5 2 7 5 5 14 5 3 2 14 15 9 14 0 5
split_gain=9.24906 6.97445 5.45898 4.18766 3.26919 2.94891 2.43351 2.54466 3.03936 2.08 1.99625 1.98424 1.52674 1.4544 1.85604 1.43092 1.61686 1.2987 1.27116 1.26117 1.24601 1.21942 1.83183
threshold=0 0.62209009350254196 2027.5000000000002 0.44510901738983766 1.040856504656215 2034.5000000000002 0.85301416984164968 1.3771122059273162 1.1577527833144476 2027.5000000000002 1.0000000180025095e-35 1.5720523221415739 0.88677049098292526 116883.74879768702 1.5137990806277084 1.0000000180025095e-35 2036.5000000000002 2259.3593459485278 42.543703534762138 3589.1251062431361 17090.21370564065 1 1.2416095059357677
decision_type=1 2 2 2 2 2 2 2 2 2 2 2 2 2 2 2 2 2 2 2 2 1 2
left_child=1 9 4 10 -2 13 19 8 12 -1 -4 17 -8 14 -3 -14 -17 -5 -13 -7 -19 22 -22
right_child=2 5 3 11 -6 6 7 -9 -10 -11 -12 18 15 -15 -16 16 -18 20 -20 -21 21 -23 -24
leaf_value=-0.0045405216813627636 0.0083143156934754724 -0.00079673687512182845 -0.030930595532317851 0.025559112226872793 0.13989617590571157 -0.0086391651680687749 0.003941846683793571 -0.0084358041646957378 0.0018541431332592896 -0.020310710975628428 -0.0071851481467885229 0.00014298159355634611 -0.0068509256468736179 -0.0059629138102677897 0.040118923339509928 -0.012165685299776064 0.0042766923403093852 -0.0035874204880240513 0.068383887517932437 -0.0055164270890476711 0.00089965334598467455 -0.0011440144800181739 0.02253167808191563
leaf_weight=21 196 661 27 23 147 62 28 55 129 100 32 21 165 195 28 23 48 249 27 70 654 1098 140
leaf_count=21 196 661 27 23 147 62 28 55 129 100 32 21 165 195 28 23 48 249 27 70 654 1098 140
internal_value=-0.000934746 -0.00393417 0.000895579 1.10084e-05 0.00677843 -0.00300546 -0.00577586 -0.00401786 -0.00260814 -0.0154959 -0.0131356 0.000361664 -0.00568182 -0.00118778 -0.000108853 -0.00699153 -0.00105634 0.000138632 0.0104167 -0.0117424 1.16768e-05 0.00044926 0.00192786
internal_weight=4199 1585 2614 2271 343 1464 580 448 393 121 59 2212 264 884 689 236 71 2164 48 132 2141 1892 794
internal_count=4199 1585 2614 2271 343 1464 580 448 393 121 59 2212 264 884 689 236 71 2164 48 132 2141 1892 794
cat_boundaries=0 1 2
cat_threshold=88 36
is_linear=0
shrinkage=0.05


Tree=92
num_leaves=24
num_cat=2
split_feature=5 0 0 5 5 36 7 17 9 14 5 3 9 17 5 3 15 15 14 9 14 5 9
split_gain=9.04598 7.39738 3.37162 3.67494 3.08018 1.95223 1.91139 1.67161 1.66568 1.56075 1.50331 1.45397 1.44851 1.30483 1.37186 1.23709 1.64048 1.86423 1.14032 1.16381 1.12983 1.0918 1.06523
threshold=0.50361592300952374 0 1 1.449774343129308 0.8306467510427672 0.17289896284471593 1.0000000180025095e-35 73.879583333333343 1329.1686448048006 9214.638144696979 0.42540951297941754 1.0000000180025095e-35 1329.1686448048006 73.879583333333343 0.82727239353578796 1.0000000180025095e-35 129.73975614796583 93.060280248681877 38160.188036816093 6112.4550825136303 75092.999018653514 0.80201068204579806 2706.07962273466
decision_type=2 1 1 2 2 2 2 2 2 2 2 2 2 2 2 2 2 2 2 2 2 2 2
left_child=6 4 3 -3 11 7 10 9 -9 -6 -1 20 -8 14 21 16 17 18 -10 -20 -2 -4 -13
right_child=1 2 13 -5 5 -7 12 8 15 -11 -12 22 -14 -15 -16 -17 -18 -19 19 -21 -22 -23 -24
leaf_value=-0.033712282870413002 -0.0084059127353420145 0.014292763497940709 -0.0043468845149935431 0.33292638586957857 0.0028036793973369445 0.0038433544414527734 0.0019313478796411099 -0.0030859104765976753 0.0023075705041891606 -0.0060350477597702406 -0.010235038543722031 -0.011138825373274243 -0.015207019901660913 0.0013191782048162628 -0.00052497381709137869 0.004205535605699362 -0.01208595350577797 0.0046565719163080277 0.0041398410464870807 -0.0067482324678141753 -0.0014261559382815481 -0.012044583489682226 -0.0071318719068141695
leaf_weight=42 100 494 236 21 20 50 31 137 46 288 31 31 43 1370 874 69 35 46 20 62 83 24 46
leaf_count=42 100 494 236 21 20 50 31 137 46 288 31 31 43 1370 874 69 35 46 20 62 83 24 46
internal_value=-0.000910931 -0.000468904 0.000784087 0.00442857 -0.00409875 -0.00255498 -0.0130952 -0.00321577 -0.00114458 -0.00600649 -0.0188356 -0.00884615 -0.00743243 1.98886e-05 -0.00123457 0.00107914 -0.000837321 0.00114943 -0.00195312 -0.0054878 -0.00642077 -0.00442308 -0.0146104
internal_weight=4199 4052 3019 515 1033 773 147 723 415 308 73 260 74 2504 1134 278 209 174 128 82 183 260 77
internal_count=4199 4052 3019 515 1033 773 147 723 415 308 73 260 74 2504 1134 278 209 174 128 82 183 260 77
cat_boundaries=0 1 2
cat_threshold=72 4
is_linear=0
shrinkage=0.05


Tree=93
num_leaves=24
num_cat=2
split_feature=5 0 2 2 5 5 0 5 5 5 7 9 5 2 2 5 2 14 7 9 14 18 7
split_gain=9.06367 6.98164 5.14182 3.11395 4.01216 2.93368 2.92369 2.27751 2.74276 2.0101 1.91139 1.55548 1.50331 1.48222 1.46554 2.44905 2.49428 1.69065 1.45197 1.44851 1.43125 1.42756 1.44808
threshold=0.50361592300952374 0 2027.5000000000002 2034.5000000000002 0.8306467510427672 1.3514613398798503 1 1.3771122059273162 1.1577527833144476 1.5720523221415739 1.0000000180025095e-35 11537.193013450045 0.42540951297941754 2026.5000000000002 2034.5000000000002 1.3153449239505515 2032.5000000000002 177598.3714906082 2.5000000000000004 1329.1686448048006 116883.74879768702 1.0000000180025095e-35 1.0000000180025095e-35
decision_type=2 1 2 2 2 2 1 2 2 2 2 2 2 2 2 2 2 2 2 2 2 2 2
left_child=10 3 5 20 -5 6 13 8 -6 14 12 -8 -1 -3 15 17 -17 18 21 -12 -2 22 -4
right_child=1 2 9 4 7 -7 11 -9 -10 -11 19 -13 -14 -15 -16 16 -18 -19 -20 -21 -22 -23 -24
leaf_value=-0.03202666872689236 -0.00036877793893557169 0.13854261296000134 -0.0044726189297360722 -0.0085110189613960881 -0.0042255905715289808 0.31813063175324996 -0.0065269802934579957 -0.0079877652656063624 0.0015286073807809332 0.042881803633500006 0.0018347804856590601 0.01936167565161924 -0.0097232866165358981 0.047743395889992969 -0.0018177361519307713 0.07158696137556167 -0.0023452711455624886 0.019877266491812675 0.011450690769175509 -0.014446668906577864 -0.005875221152665944 -0.00017870792450296326 -0.039997161316433077
leaf_weight=42 732 55 63 144 277 43 107 55 129 48 31 61 31 62 997 83 45 36 169 43 205 716 25
leaf_count=42 732 55 63 144 277 43 107 55 129 48 31 61 31 62 997 83 45 36 169 43 205 716 25
internal_value=-0.000899024 -0.000456565 0.00117063 -0.00309278 -0.00590909 0.0070122 0.00517544 -0.00363341 -0.0023399 0.000297892 -0.0130952 0.000561798 -0.0188356 0.0108268 7.02905e-05 0.00129727 0.0078125 0.000470763 7.70812e-05 -0.00743243 -0.00130736 -0.000808458 -0.00681818
internal_weight=4199 4052 2510 1542 605 328 285 461 406 2182 147 168 73 117 2134 1137 128 1009 973 74 937 804 88
internal_count=4199 4052 2510 1542 605 328 285 461 406 2182 147 168 73 117 2134 1137 128 1009 973 74 937 804 88
cat_boundaries=0 1 2
cat_threshold=88 36
is_linear=0
shrinkage=0.05


Tree=94
num_leaves=24
num_cat=4
split_feature=2 0 0 2 18 9 10 8 9 2 19 15 1 11 11 15 7 9 2 2 1 16 10
split_gain=7.29414 5.90211 5.16122 4.22316 1.66248 1.63932 1.23827 1.13261 1.07638 0.905163 1.45106 0.908248 1.46131 0.955285 0.886207 0.883284 0.87438 1.18384 0.867049 0.799108 0.762445 0.868399 1.40925
threshold=2034.5000000000002 0 1 2026.5000000000002 1.0000000180025095e-35 59042.392820585526 2.5000000000000004 1.5000000000000002 494.282496821179 2027.5000000000002 1.0000000180025095e-35 19.70506439415054 2 1.4615161420538951 1.0881488112056295 56.022613794889629 2.5000000000000004 865.48227627154677 2031.5000000000002 2031.5000000000002 3 1.0000000180025095e-35 1.5000000000000002
decision_type=2 1 1 2 2 2 2 2 2 2 2 2 1 2 2 2 2 2 2 2 1 2 2
left_child=1 3 -2 8 -5 20 7 16 -1 10 15 12 -11 14 -13 -3 18 -18 -6 -19 -4 22 -22
right_child=2 9 5 4 6 -7 -8 -9 -10 11 -12 13 -14 -15 -16 -17 17 19 -20 -21 21 -23 -24
leaf_value=0.10956273961888155 -0.0059358000704488496 0.00021722503751986366 0.00015222527002141107 -0.0059328864979951495 0.020689081198371897 -0.0049307234234370334 -0.0082699925154956066 0.023756990417555371 0.18591989159296826 -0.0033351400204627794 -0.00011271908631309558 -0.002697327326092314 0.0076085214569038724 -0.0099045116091911259 0.0079202765997794522 0.012751215204166401 0.036805017765818349 0.030174900679321492 0.0002505116460852275 -0.0024260159565754336 -0.010219758157116555 -0.0027344224136913288 0.0090138955364759809
leaf_weight=32 411 21 525 87 364 75 40 48 66 47 322 1054 38 42 21 29 29 42 212 23 54 589 28
leaf_count=32 411 21 525 87 364 75 40 48 66 47 322 1054 38 42 21 29 29 42 212 23 54 589 28
internal_value=-0.000899024 0.000804529 -0.00344828 0.00390871 0.00281065 -0.00181499 0.00356201 0.004039 0.0137755 -0.00107323 0.00107527 -0.00174709 0.00323529 -0.00212623 -0.00183721 0.009 0.00350746 0.00797872 0.00277778 0.00423077 -0.0013796 -0.00249627 -0.00731707
internal_weight=4199 2517 1682 943 845 1271 758 718 98 1574 372 1202 85 1117 1075 50 670 94 576 65 1196 671 82
internal_count=4199 2517 1682 943 845 1271 758 718 98 1574 372 1202 85 1117 1075 50 670 94 576 65 1196 671 82
cat_boundaries=0 1 2 3 4
cat_threshold=164 72 4 1
is_linear=0
shrinkage=0.05


Tree=95
num_leaves=24
num_cat=3
split_feature=5 2 0 5 0 2 7 2 5 16 5 5 5 9 5 5 16 9 5 0 5 2 5
split_gain=9.04598 6.21879 5.92848 4.82764 3.98496 2.30976 1.91139 1.87914 1.67124 1.98427 1.66411 1.56726 1.50331 1.47738 1.47659 1.66033 1.45858 1.44851 1.32 1.20653 3.04104 2.30749 2.58283
threshold=0.50361592300952374 2027.5000000000002 0 0.74651220879099955 1 2030.5000000000002 1.0000000180025095e-35 2033.5000000000002 1.1313192132347927 2.1729166666666671 1.0503106425183286 0.79218722710116374 0.42540951297941754 3589.1251062431361 1.0092673125895086 1.3771122059273162 1.0000000180025095e-35 1329.1686448048006 1.1577527833144476 2 1.4308953954205845 2031.5000000000002 1.1606751215755724
decision_type=2 2 1 2 1 2 2 2 2 2 2 2 2 2 2 2 2 2 2 1 2 2 2
left_child=6 4 3 5 11 -3 12 -5 9 10 16 -2 -1 -11 -9 18 -6 -8 -16 20 21 22 -4
right_child=1 2 19 7 8 -7 17 14 -10 13 -12 -13 -14 -15 15 -17 -18 -19 -20 -21 -22 -23 -24
leaf_value=-0.030289541547053156 0.0035147845018418168 -0.0012058350548393105 0.019654627138453229 -0.00116463403692193 0.024978679339144216 -0.013630054350650102 0.00050880382943203635 -0.0060206318366361035 0.014499988057574464 0.012026046351311593 -0.037071991201231169 0.1501374517427074 -0.010271576345627677 -0.0058959449539580438 -0.0036676390932437689 -0.0060908526164896509 -0.0057083316742891467 -0.013606732879320838 0.0011391680930328719 -0.00068149541113604606 0.1117262983277274 -0.0011447446867360433 0.19657343868812768
leaf_weight=42 31 27 104 351 26 99 31 160 146 36 22 107 31 33 104 40 158 43 99 2161 22 293 33
leaf_count=42 31 27 104 351 26 99 31 160 146 36 22 107 31 33 104 40 158 43 99 2161 22 293 33
internal_value=-0.000910931 -0.000468904 -0.00125251 -0.00477528 0.00442755 -0.0138889 -0.0130952 -0.00331565 0.00179814 -0.000454545 -0.00291262 0.0114865 -0.0188356 0.00688406 -0.00564516 -0.0031893 -0.0013587 -0.00743243 -0.00135468 -4.76554e-05 0.00227273 0.00139535 0.00675182
internal_weight=4199 4052 3493 880 559 126 147 754 421 275 206 138 73 69 403 243 184 74 203 2613 452 430 137
internal_count=4199 4052 3493 880 559 126 147 754 421 275 206 138 73 69 403 243 184 74 203 2613 452 430 137
cat_boundaries=0 1 2 3
cat_threshold=72 36 4
is_linear=0
shrinkage=0.05


Tree=96
num_leaves=24
num_cat=2
split_feature=5 0 2 5 2 5 7 0 5 5 5 2 15 9 9 14 5 5 5 15 2 14 2
split_gain=8.54797 5.87584 4.37892 3.23493 2.6716 3.48345 2.14461 2.08932 1.95048 2.30348 1.62324 4.49679 1.5861 1.56085 1.55548 1.53121 1.50331 1.47814 1.44984 1.43539 1.42874 1.73017 1.34287
threshold=0.50361592300952374 0 2027.5000000000002 1.3514613398798503 2033.5000000000002 0.8306467510427672 1.0000000180025095e-35 1 1.3771122059273162 1.1577527833144476 1.3153449239505515 2032.5000000000002 30.123502613179962 1460.1975436730629 11537.193013450045 2259.3593459485278 0.42540951297941754 0.88677049098292526 0.9106620114836339 31.315476121026705 2026.5000000000002 45088.504878155632 2038.5000000000002
decision_type=2 1 2 2 2 2 2 1 2 2 2 2 2 2 2 2 2 2 2 2 2 2 2
left_child=6 4 3 7 -2 12 16 20 9 17 15 -12 -6 -8 -9 -4 -1 -7 -19 -13 -3 -22 -21
right_child=1 2 10 -5 5 8 13 14 -10 -11 11 19 -14 -15 -16 -17 -18 18 -20 22 21 -23 -24
leaf_value=-0.028775064469700497 -0.0011064023350758402 0.1235563190357894 0.024262586266748487 0.29501387190335182 -0.0012625598327588806 0.0024677731193319952 0.00029243278820449968 -0.0074744579917759074 -0.00756191349527029 0.0012922367535640801 0.067804836249815731 -0.0080154433240495759 -0.0089822079251521969 -0.015088652010276815 0.018684644407068341 -0.00062588058133659094 -0.0097579975283462531 -0.013516327824998221 -0.0037611449549513455 0.0036600762705468527 0.074586791198367849 -0.0074075032355683142 -0.0035831153788262074
leaf_weight=42 847 55 21 43 38 47 32 107 63 144 104 55 126 42 61 1868 31 22 255 103 25 37 31
leaf_count=42 847 55 21 43 38 47 32 107 63 144 104 55 126 42 61 1868 31 22 255 103 25 37 31
internal_value=-0.000910931 -0.000481244 0.0010119 0.00640244 -0.00289948 -0.00521583 -0.0127551 0.00447368 -0.00324859 -0.00213675 0.000206233 0.00366894 -0.0115854 -0.00675676 0.000561798 -0.000330863 -0.0188356 -0.00447531 -0.00586643 -0.000925926 0.00925197 0.00483871 0.00186567
internal_weight=4199 4052 2510 328 1542 695 147 285 531 468 2182 293 164 74 168 1889 73 324 277 189 117 62 134
internal_count=4199 4052 2510 328 1542 695 147 285 531 468 2182 293 164 74 168 1889 73 324 277 189 117 62 134
cat_boundaries=0 1 2
cat_threshold=88 36
is_linear=0
shrinkage=0.05


Tree=97
num_leaves=24
num_cat=2
split_feature=5 0 2 0 2 5 7 5 5 16 6 5 14 9 9 8 14 14 5 5 14 14 17
split_gain=7.67548 5.27903 6.75922 3.10157 3.40658 4.56248 2.39909 2.20542 1.96638 1.55495 1.66736 1.34953 1.38059 1.45503 1.38564 2.2481 1.37194 1.21 1.68476 1.86402 1.2956 1.80368 1.16838
threshold=0.50361592300952374 0 2028.5000000000002 1 2034.5000000000002 0.75992680472410246 2.5000000000000004 1.3572596427166561 0.84976300489942436 1.4758333333333338 1.0000000180025095e-35 0.63561259619552946 41755.223369337727 40686.705880744223 7731.3505353129776 1.0000000180025095e-35 12651.849980207538 21455.399751591278 1.0154938974775825 1.3429576197623241 137152.44201188805 31163.894493165859 73.879583333333343
decision_type=2 1 2 1 2 2 2 2 2 2 2 2 2 2 2 2 2 2 2 2 2 2 2
left_child=6 2 8 4 9 -6 -1 -4 -2 10 -3 -11 16 14 15 -14 -13 -7 -19 20 21 -20 -5
right_child=1 3 7 22 5 17 -8 -9 -10 11 -12 12 13 -15 -16 -17 -18 18 19 -21 -22 -23 -24
leaf_value=-0.018065759087689738 0.046725604716900904 -0.0031317735606406494 0.0011796332639176788 -0.0020819881175299314 -0.010494424455490071 0.00022969569226362064 0.00046874199855020395 0.063617121033000421 0.31147982355096282 -0.0063761433952161609 -0.011167036192294777 -0.0049574867661674737 -0.00217762279025846 0.0028252299145717034 -0.0070305983987327464 0.0066307530493711526 0.0072489075565619569 -0.0073433417281321359 -0.005809911649252264 -0.0051027894980479882 -0.0051060372195007257 0.0031196299671989672 0.00078903689318039489
leaf_weight=126 30 189 380 1134 59 58 21 32 73 22 40 36 98 54 79 21 95 108 20 32 20 102 1370
leaf_count=126 30 189 380 1134 59 58 21 32 73 22 40 36 98 54 79 21 95 108 20 32 20 102 1370
internal_value=-0.000851393 -0.000444225 0.0042381 -0.00113476 -0.00342761 -0.0070802 -0.0120748 0.00145631 0.0157767 -0.00118297 -0.00447598 0.000679012 0.00137076 -0.000793651 -0.00277778 0.000630252 0.00553435 -0.00485294 -0.00620567 -0.00316092 -0.000704225 0.00122951 -0.000178998
internal_weight=4199 4052 515 3537 1033 399 147 412 103 634 229 405 383 252 198 119 131 340 282 174 142 122 2504
internal_count=4199 4052 515 3537 1033 399 147 412 103 634 229 405 383 252 198 119 131 340 282 174 142 122 2504
cat_boundaries=0 1 2
cat_threshold=4 72
is_linear=0
shrinkage=0.05


Tree=98
num_leaves=24
num_cat=2
split_feature=5 0 2 5 0 2 5 7 5 5 2 5 5 5 15 14 2 17 14 14 5 5 5
split_gain=7.24893 4.83149 6.4199 3.0822 2.9197 2.62377 4.20275 2.29592 1.99886 1.97461 1.33794 1.69 1.18854 2.68722 1.28488 1.34127 1.17992 1.14078 1.13801 1.36015 1.3917 1.4658 1.21013
threshold=0.50361592300952374 0 2028.5000000000002 1.6631307399525419 1 2034.5000000000002 0.70059082524422223 2.5000000000000004 1.1523394282416142 1.3771122059273162 2031.5000000000002 0.96190403407743663 1.1577527833144476 1.3771122059273162 79.177087869923426 43736.762750001646 2027.5000000000002 1.0000000180025095e-35 61929.621073215065 29574.092071284296 1.0921227308458137 0.94803883727286387 1.0017296210586071
decision_type=2 1 2 2 1 2 2 2 2 2 2 2 2 2 2 2 2 2 2 2 2 2 2
left_child=7 2 8 4 5 -3 -7 -1 16 10 11 -4 -8 14 15 -14 -2 18 19 20 21 -6 -21
right_child=1 3 9 -5 17 6 12 -9 -10 -11 -12 -13 13 -15 -16 -17 -18 -19 -20 22 -22 -23 -24
leaf_value=-0.01716247113330523 0.10235901361792142 -0.0015205389634386892 -0.0038920814588361274 0.033013672437972909 -0.0023681379509733927 -0.016110519921463642 -0.0042256508546523186 0.00044530489862268933 0.74198585620588353 0.081697061388942907 -0.0011647859524139381 0.043618289467015715 0.0020493152180144471 -0.0091988683970463999 0.0063861725335682355 -0.0057173519718868972 0.012728293814782354 7.0967698701984724e-05 -0.0088743860880222247 0.012716569740310213 0.0074922795136254557 -0.025575382665584213 -0.0025151141448576109
leaf_weight=126 42 626 50 43 34 34 241 21 35 22 290 50 42 31 25 21 26 2167 152 34 31 20 36
leaf_count=126 42 626 50 43 34 34 241 21 35 22 290 50 42 31 25 21 26 2167 152 34 31 20 36
internal_value=-0.000827578 -0.000431885 0.00404762 -0.00109247 -0.0012593 -0.00349515 -0.00672589 -0.0117347 0.0152913 0.00133495 0.000512821 0.0055 -0.00513889 -0.00105042 0.00340909 -0.000396825 0.0102941 -0.000322061 -0.0031759 -0.00016129 -0.00441176 -0.00925926 0.005
internal_weight=4199 4052 515 3537 3494 1020 394 147 103 412 390 100 360 119 88 63 68 2474 307 155 85 54 70
internal_count=4199 4052 515 3537 3494 1020 394 147 103 412 390 100 360 119 88 63 68 2474 307 155 85 54 70
cat_boundaries=0 1 2
cat_threshold=4 72
is_linear=0
shrinkage=0.05


Tree=99
num_leaves=24
num_cat=2
split_feature=5 0 5 0 5 7 36 15 17 15 9 16 15 5 5 11 16 15 5 14 4 5 17
split_gain=6.50716 4.06296 3.31029 2.24067 2.43702 2.09637 1.63604 1.30594 1.07422 1.4546 1.80638 1.2248 1.05005 1.35454 1.4517 1.03711 1.00994 1.16497 0.996344 0.971645 0.96073 0.932213 0.915259
threshold=0.50361592300952374 0 1.3771122059273162 1 0.6732881902594493 2.5000000000000004 1.4961356106906947 92.339236490702334 73.879583333333343 28.411726000518211 1460.1975436730629 1.0000000180025095e-35 42.543703534762138 1.3572596427166561 1.1776060574645986 1.0506198847942112 2.1729166666666671 22.107445330116295 1.0776903129539595 15224.15924458223 1.0000000180025095e-35 1.1849080813926278 73.879583333333343
decision_type=2 1 2 1 2 2 2 2 2 2 2 2 2 2 2 2 2 2 2 2 2 2 2
left_child=5 2 16 4 7 -1 8 -3 9 10 -6 -11 19 14 18 -10 17 -2 -14 -13 21 -19 -5
right_child=1 3 -4 22 6 -7 -8 -9 15 11 -12 12 13 -15 -16 -17 -18 20 -20 -21 -22 -23 -24
leaf_value=-0.016304347576639962 0.059968287412236344 -0.012642752809219816 0.27449057822317918 -0.001843993903955188 0.0013577113027818388 0.00042303965369154821 0.0055114717319344475 -0.0038807776880978584 -0.00015092190036920529 -0.00048933725085393849 -0.0035201427503293026 -0.0080440668936644262 -0.0045132286765686485 -0.016314078802715359 0.0026040711843923316 -0.008127465009981006 -0.0029359326036723313 0.010810455487127292 -0.013035324588668984 -0.01401961635721375 -0.0033514516510066983 0.04216084060933234 0.00074603666358625815
leaf_weight=126 21 54 37 1134 59 21 29 29 491 89 49 20 89 22 28 25 120 203 27 22 101 33 1370
leaf_count=126 21 54 37 1134 59 21 29 29 491 89 49 20 89 22 28 25 120 203 27 22 101 33 1370
internal_value=-0.00072041 -0.000345508 0.0037619 -0.000951508 -0.00290029 -0.0110544 -0.00221053 -0.0111446 -0.00257872 -0.00450617 0.000462963 -0.00631313 -0.00841346 -0.00662651 -0.00486111 -0.00106589 0.00271967 0.00405028 -0.00732759 -0.0154762 0.00333828 0.00508475 -0.00013922
internal_weight=4199 4052 515 3537 1033 147 950 83 921 405 108 297 208 166 144 516 478 358 116 42 337 236 2504
internal_count=4199 4052 515 3537 1033 147 950 83 921 405 108 297 208 166 144 516 478 358 116 42 337 236 2504
cat_boundaries=0 1 2
cat_threshold=4 72
is_linear=0
shrinkage=0.05


Tree=100
num_leaves=24
num_cat=1
split_feature=5 0 2 5 5 5 8 5 2 11 18 2 5 5 4 15 5 2 2 2 15 15 15
split_gain=5.98046 4.39552 5.07773 6.50729 3.7978 3.07716 2.19812 1.65517 1.99104 1.27944 1.17687 1.3713 3.07761 2.63016 1.6146 2.0752 1.44248 2.07253 1.371 1.29344 1.29257 1.23518 1.36939
threshold=0.44510901738983766 0 2028.5000000000002 1.1625859542886614 0.64337206274225478 1.5531047480642555 1.0000000180025095e-35 0.55782275054609032 2033.5000000000002 0.42033147622085021 1.0000000180025095e-35 2034.5000000000002 1.3771122059273162 0.98375327317343808 1.0000000180025095e-35 30.764671078485971 0.99172057139916781 2033.5000000000002 2031.5000000000002 2037.5000000000002 136.14599767670714 56.022613794889629 34.813372393803284
decision_type=2 1 2 2 2 2 2 2 2 2 2 2 2 2 2 2 2 2 2 2 2 2 2
left_child=6 2 3 4 -2 10 -1 8 -3 -6 -4 12 16 14 -13 -16 17 20 -18 -15 -12 22 -20
right_child=1 7 5 -5 9 -7 -8 -9 -10 -11 11 13 -14 19 15 -17 18 -19 21 -21 -22 -23 -24
leaf_value=-0.018086836944336861 -0.025829581124812418 -0.0022837276119795024 -0.0070213568297035961 0.31131988459994669 0.04681970825465314 0.042912355331410891 -0.0024500615066506363 -0.0014655435690812625 -0.01247262588603767 -0.0040277429116661878 -0.013008253034907736 0.0085708994488816088 0.11457989694449947 -0.0010513344193138431 0.014657120608127849 -0.01070487138401759 0.038696834785855574 0.0068790402268236409 0.012931417956306746 -0.0098411620782113303 0.0081333471592796702 0.012451405165507846 -0.019814458822667726
leaf_weight=69 28 49 145 86 121 32 27 2465 41 61 164 167 29 122 25 62 134 47 41 156 31 66 31
leaf_count=69 28 49 145 86 121 32 27 2465 41 61 164 167 29 122 25 62 134 47 41 156 31 66 31
internal_value=-0.000684687 -0.000396052 0.0017009 0.00760135 0.00285714 0.000319489 -0.0130208 -0.00166667 -0.00833333 0.00549451 -8.19672e-05 0.000488372 0.00225599 -0.00131579 0.0023622 -0.00316092 0.00136187 -0.00144628 0.00386029 -0.00467626 -0.00371795 0.000362319 -0.00416667
internal_weight=4199 4103 1548 296 210 1252 96 2555 90 182 1220 1075 543 532 254 87 514 242 272 278 195 138 72
internal_count=4199 4103 1548 296 210 1252 96 2555 90 182 1220 1075 543 532 254 87 514 242 272 278 195 138 72
cat_boundaries=0 1
cat_threshold=164
is_linear=0
shrinkage=0.05


Tree=101
num_leaves=24
num_cat=3
split_feature=2 0 5 5 5 0 5 2 11 2 5 8 14 5 17 0 5 5 14 11 14 2 17
split_gain=5.1947 4.63549 4.99335 4.43612 3.16046 2.30001 2.46602 1.98766 1.51801 1.50855 1.67224 1.58691 1.25307 1.19106 1.06522 1.06421 2.83178 1.4071 2.15089 1.8004 1.63899 1.39107 1.39542
threshold=2034.5000000000002 0 1.1672731239108303 0.55782275054609032 1.5137990806277084 1 0.75992680472410246 2029.5000000000002 0.52641122287246378 2027.5000000000002 0.80201068204579806 1.0000000180025095e-35 56028.964613200696 1.3618862516084771 73.879583333333343 2 0.42540951297941754 1.1543510596373601 18480.883197255494 1.5183890241915792 38160.188036816093 2033.5000000000002 73.879583333333343
decision_type=2 1 2 2 2 1 2 2 2 2 2 2 2 2 2 1 2 2 2 2 2 2 2
left_child=1 2 9 -2 15 6 -5 -4 -6 10 -1 12 -11 -7 -13 17 -17 19 -19 -3 -20 22 -22
right_child=3 4 7 5 8 13 -8 -9 -10 11 -12 14 -14 -15 -16 16 -18 18 20 -21 21 -23 -24
leaf_value=-0.00029053078285947722 -0.011410171844904471 0.00020219109595891462 0.58293735858508389 -0.0071865573133887755 0.063873994078568239 -0.00044294893048058004 -0.0027110685399658664 0.047595842259064991 -0.0012854352822384563 -0.018515750839486155 0.16666886987797219 0.0092954565531964128 0.011813734435267165 -0.0049802066688568571 0.028632463117450515 -0.025994224105883947 -0.0012936882363002056 -0.014433801064467301 0.045017124166141634 -0.018066320070811416 -0.0052779393051627828 -0.0081708344997987407 0.064333135018353624
leaf_weight=20 97 662 41 53 64 1068 340 42 20 62 26 23 69 124 23 20 1191 34 44 20 49 29 78
leaf_count=20 97 662 41 53 64 1068 340 42 20 62 26 23 69 124 23 20 1191 34 44 20 49 29 78
internal_value=-0.000613241 0.000824394 0.00648734 -0.00276457 1.12562e-05 -0.00212934 -0.00539702 0.0171687 0.00952381 0.00280269 0.0108696 0.000706215 -0.00209924 -0.000998336 0.00869565 -0.000364363 -0.00133088 0.000917927 0.0042735 -0.000219941 0.00625 0.00384615 0.00610236
internal_weight=4199 2517 306 1682 2211 1585 393 83 84 223 46 177 131 1192 46 2127 1211 916 234 682 200 156 127
internal_count=4199 2517 306 1682 2211 1585 393 83 84 223 46 177 131 1192 46 2127 1211 916 234 682 200 156 127
cat_boundaries=0 1 2 3
cat_threshold=4 72 161
is_linear=0
shrinkage=0.05


Tree=102
num_leaves=24
num_cat=2
split_feature=5 2 0 0 5 5 15 3 15 15 9 14 5 8 5 15 7 5 5 14 17 9 9
split_gain=5.09053 4.38791 3.41057 3.09819 3.80428 2.59174 2.09921 2.0665 1.58367 1.85178 2.4924 1.5045 1.7523 1.43821 1.8253 1.43008 1.45544 1.40174 1.38245 1.33333 1.22209 1.43272 1.83359
threshold=0.50361592300952374 2027.5000000000002 0 1 0.74651220879099955 1.0816180947461709 104.01658257979909 1.0000000180025095e-35 195.62082429985267 169.09330351355609 60593.218783511074 158982.04161539089 0.87316366926095168 1.0000000180025095e-35 0.42540951297941754 21.585421683098385 1.0000000180025095e-35 1.040856504656215 1.1606751215755724 172054.51817203171 73.879583333333343 10826.480300564102 7499.9725693362752
decision_type=2 2 1 1 2 2 2 2 2 2 2 2 2 2 2 2 2 2 2 2 2 2 2
left_child=7 2 5 4 6 -2 -3 13 9 11 -11 -5 -13 14 -1 16 -6 -14 -19 -12 -17 22 -22
right_child=1 3 -4 8 15 -7 -8 -9 -10 10 19 12 17 -15 -16 20 -18 18 -20 -21 21 -23 -24
leaf_value=-0.016611986504874787 0.041610766386767396 -0.010816475282211713 0.0014855903579015007 -0.00030414300929679786 0.0059488933365680731 0.30509463484718008 -0.0030771430051975916 -0.017915760146223026 0.017348637509131137 0.0083350578251695229 -0.0015511356814113643 0.013554438823351434 -0.0098501296029172465 0.0049650089244527296 -0.0016650823675233184 -0.0041496056524711559 -0.004356473055847754 0.036716587925432045 -0.0072771739998485968 -0.02279870880201762 -0.0013807593256906616 0.0015278489460641255 -0.0057423905379460965
leaf_weight=37 75 84 432 2401 37 52 42 46 27 23 24 32 24 21 43 289 30 22 36 24 206 159 33
leaf_count=37 75 84 432 2401 37 52 42 46 27 23 24 32 24 21 43 289 30 22 36 24 206 159 33
internal_value=-0.000553703 -0.000222113 0.00389088 -0.000880332 -0.00342697 0.0107664 -0.0115079 -0.00969388 -9.53107e-06 -0.000135344 -0.00809859 8.94632e-05 0.00570175 -0.00569307 -0.00875 -0.00212202 0.00485075 0.00182927 0.00603448 -0.0145833 -0.00280204 -0.00100503 -0.00345188
internal_weight=4199 4052 559 3493 880 127 126 147 2613 2586 71 2515 114 101 80 754 67 82 58 48 687 398 239
internal_count=4199 4052 559 3493 880 127 126 147 2613 2586 71 2515 114 101 80 754 67 82 58 48 687 398 239
cat_boundaries=0 1 2
cat_threshold=132 72
is_linear=0
shrinkage=0.05


Tree=103
num_leaves=24
num_cat=5
split_feature=2 0 2 0 36 15 35 0 2 36 36 15 9 15 36 1 15 1 17 11 15 15 15
split_gain=4.21301 4.22451 3.27299 2.42073 1.13066 1.12783 1.05081 1.02473 1.42733 1.28242 1.35354 1.07632 1.08933 1.07547 1.02145 0.978888 0.950714 1.3439 0.868894 1.41543 1.11224 1.30429 0.866018
threshold=2034.5000000000002 0 2026.5000000000002 1 1.0000000180025095e-35 156.2921917089777 0.014700295971465945 2 2026.5000000000002 2.6109317211939973 0.74367264161444702 143.53659440916439 59042.392820585526 152.80516291505447 0.21725632465521758 3 65.386347066319146 4 73.879583333333343 1.0265675147737674 84.451189777756809 131.36459438466377 71.878914258797877
decision_type=2 1 2 1 2 2 2 1 2 2 2 2 2 2 2 1 2 1 2 2 2 2 2
left_child=1 2 -1 4 18 15 7 8 16 10 11 12 -9 -13 -4 -5 17 -3 19 -2 22 -22 -20
right_child=3 6 14 5 -6 -7 -8 9 -10 -11 -12 13 -14 -15 -16 -17 -18 -19 20 -21 21 -23 -24
leaf_value=0.23841489519391423 -0.0063941276777679801 0.10936575508445508 0.026559074471300372 0.00054105071638890225 0.00081357344323150786 -0.0058392792271857903 -0.024043534632821207 -0.00059255325291074357 0.00065724305040646422 -0.015980130673040004 0.01023943651256376 -0.017647344252206931 0.00930495628569461 -0.0030407061206405798 -0.013282439084109044 -0.002584576058849564 0.054360230962147288 -0.0068446849505667375 -0.002673972411336645 0.00023398451506847497 0.001292090901063725 -0.0062443134779625268 -0.0095818591859513635
leaf_weight=31 136 23 250 520 32 88 24 1008 843 21 37 47 31 100 25 663 44 33 95 22 65 41 20
leaf_count=31 136 23 250 520 32 88 24 1008 843 21 37 47 31 100 25 663 44 33 95 22 65 41 20
internal_value=-0.000529888 0.000764799 0.00617089 -0.0024673 -0.0057601 -0.0013466 -1.12562e-05 0.000102881 0.00133788 -0.000837321 -0.000633688 -0.000927487 -0.000360924 -0.00493197 0.00463636 -0.000950972 0.007 0.00267857 -0.00666227 -0.00949367 -0.00463801 -0.000943396 -0.00804348
internal_weight=4199 2517 306 1682 411 1271 2211 2187 943 1244 1223 1186 1039 147 275 1183 100 56 379 158 221 106 115
internal_count=4199 2517 306 1682 411 1271 2211 2187 943 1244 1223 1186 1039 147 275 1183 100 56 379 158 221 106 115
cat_boundaries=0 1 2 3 4 5
cat_threshold=4 72 161 1 4
is_linear=0
shrinkage=0.05


Tree=104
num_leaves=24
num_cat=2
split_feature=5 2 0 5 3 0 5 17 2 3 11 5 15 5 9 8 5 5 15 6 9 19 14
split_gain=4.83434 3.63968 2.96817 2.63864 2.22964 2.19246 3.772 1.42979 1.60934 2.15238 1.57201 1.558 1.34529 1.45098 1.31859 1.31853 1.51415 1.27539 1.41143 2.24491 1.27488 1.13616 1.91051
threshold=0.50361592300952374 2027.5000000000002 0 1.1313192132347927 1.0000000180025095e-35 1 0.6732881902594493 71.457916666666691 2037.5000000000002 1.0000000180025095e-35 1.0506198847942112 1.3246791633457937 43.828937767560795 0.84976300489942436 1234.5197469367079 1.0000000180025095e-35 0.42540951297941754 0.75992680472410246 102.80552441240948 1.0000000180025095e-35 27639.178599648938 1.0000000180025095e-35 73340.87637871709
decision_type=2 2 1 2 2 1 2 2 2 2 2 2 2 2 2 2 2 2 2 2 2 2 2
left_child=4 2 3 -2 15 6 -3 11 10 14 12 17 13 -9 -10 16 -1 -8 19 -19 -20 22 -4
right_child=1 5 21 -5 -6 -7 7 8 9 -11 -12 -13 -14 -15 -16 -17 -18 18 20 -21 -22 -23 -24
leaf_value=-0.015489423218271759 0.041637049838916168 -0.013120926006728506 -0.00023509470921068143 0.37829563982751752 -0.0170215893838493 2.2468005996145736e-06 -0.0056232147458812783 -0.0051652783048380616 -0.0015047623613098306 0.0038395682142317259 -0.0069252007691276603 -0.0094563431239335759 -0.00062200081641963225 0.0038760764630186629 -0.0054992830629042814 0.0046897059424106493 -0.0012395940016188157 0.0017115914088076112 -0.0094160681506041295 -0.0094525276960675253 -0.0041627382030786199 0.0003169383833443007 0.017863467548616764
leaf_weight=37 82 66 25 45 46 2613 24 25 32 35 30 28 249 111 56 21 43 136 26 26 36 383 24
leaf_count=37 82 66 25 45 46 2613 24 25 32 35 30 28 249 111 56 21 43 136 26 26 36 383 24
internal_value=-0.000446535 -0.000123396 0.00362254 0.0100365 -0.00935374 -0.000722874 -0.00286517 -0.0019656 -0.000464684 -0.0054878 0.0010241 -0.0048913 0.00188312 0.00588235 -0.00965909 -0.00519802 -0.008125 -0.00362903 -0.00245536 0 -0.00887097 0.00147059 0.00867347
internal_weight=4199 4052 559 127 147 3493 880 814 538 123 415 276 385 136 88 101 80 248 224 162 62 432 49
internal_count=4199 4052 559 127 147 3493 880 814 538 123 415 276 385 136 88 101 80 248 224 162 62 432 49
cat_boundaries=0 1 2
cat_threshold=132 72
is_linear=0
shrinkage=0.05


Tree=105
num_leaves=24
num_cat=1
split_feature=5 2 5 5 36 5 7 1 15 5 7 2 9 6 5 19 14 9 15 9 14 14 36
split_gain=4.14569 3.70544 2.64571 2.18001 1.87134 1.85196 1.35595 1.27821 1.21228 1.53512 1.26116 1.17651 2.23058 1.1235 1.37524 1.09344 1.07597 1.86461 1.07265 1.10967 2.67475 1.25458 1.02612
threshold=0.42540951297941754 2027.5000000000002 1.1543510596373601 0.75151658956402845 0.17289896284471593 1.6631307399525419 1.0000000180025095e-35 0 45.901977681964993 0.74651220879099955 1.0000000180025095e-35 2035.5000000000002 2264.3830592864501 1.0000000180025095e-35 0.6677617044747115 1.0000000180025095e-35 179480.75952593712 77195.788203756994 63.428882786693556 357.03948594057988 26665.980208663746 38160.188036816093 1.4961356106906947
decision_type=2 2 2 2 2 2 2 1 2 2 2 2 2 2 2 2 2 2 2 2 2 2 2
left_child=6 2 4 11 8 7 -1 -5 9 -2 -11 13 -13 18 -15 -10 17 22 19 -3 -21 -22 -9
right_child=1 3 -4 5 -6 -7 -8 16 15 10 -12 12 -14 14 -16 -17 -18 -19 -20 20 21 -23 -24
leaf_value=-0.021164833396222684 0.0031328889115036953 -0.007917005553414725 0.050056416364399059 0.00048840584779890066 0.019411346475067238 0.03150795839854155 -0.0053025050272582867 -0.0018993068290289684 0.011096099740099331 -0.030865844417491496 -0.00080866514035897734 -0.00028414354955148547 -0.0086698813763417711 0.0071055471036226342 -0.00065102839271524715 0.00069244170084141747 0.016773057255003821 -0.017054681254868843 -0.0011589102485554115 0.0044537807511166871 -0.015448784058020061 -0.0073552099990791047 0.0027766890022414615
leaf_weight=42 31 42 175 1319 30 41 37 1472 32 43 42 97 121 40 35 217 25 22 160 33 23 51 69
leaf_count=42 31 42 175 1319 30 41 37 1472 32 43 42 97 121 40 35 217 25 22 160 33 23 51 69
internal_value=-0.000363182 -0.000145631 0.00359649 -0.000746479 0.00132911 -0.000186567 -0.0117089 -0.000335397 0.000342466 -0.00387931 -0.00735294 -0.00348837 -0.00642202 -0.00182292 0.00366667 0.00230924 -0.00129093 -0.00145553 -0.00315534 -0.00620805 -0.00350467 -0.00878378 -0.00124919
internal_weight=4199 4120 570 3550 395 2948 79 2907 365 116 85 602 218 384 75 249 1588 1563 309 149 107 74 1541
internal_count=4199 4120 570 3550 395 2948 79 2907 365 116 85 602 218 384 75 249 1588 1563 309 149 107 74 1541
cat_boundaries=0 1
cat_threshold=1
is_linear=0
shrinkage=0.05


Tree=106
num_leaves=24
num_cat=3
split_feature=5 0 5 2 8 5 5 2 0 5 5 18 9 9 9 10 15 2 2 2 1 5 5
split_gain=4.085 2.86556 4.35172 7.67192 2.12502 1.91264 1.72401 1.6386 2.29569 3.4024 1.94807 1.93693 1.77998 1.96407 1.52455 1.47232 1.44063 1.40072 1.34031 1.32172 1.26464 2.24644 2.90452
threshold=0.42540951297941754 0 1.3153449239505515 2032.5000000000002 1.0000000180025095e-35 0.55782275054609032 1.449774343129308 2028.5000000000002 1 1.1453412370221989 0.64337206274225478 1.0000000180025095e-35 23106.228101876706 6596.4681750646305 455.53286219347382 1.5000000000000002 31.315476121026705 2033.5000000000002 2038.5000000000002 2033.5000000000002 2 1.294853711309133 1.2601101320002142
decision_type=2 1 2 2 2 2 2 2 1 2 2 2 2 2 2 2 2 2 2 2 1 2 2
left_child=4 2 7 6 -1 19 -4 8 9 10 -2 12 13 15 -12 17 -5 -9 -18 -3 -7 22 -22
right_child=1 5 3 16 -6 20 -8 11 -10 -11 14 -13 -14 -15 -16 -17 18 -19 -20 -21 21 -23 -24
leaf_value=-0.019493543266344705 -0.01838339336308259 -0.0033547878561012382 0.075777414421774755 -0.0074062313599609908 0.00026674390243766057 -0.0027510905758663553 0.25707019495294414 -0.021308263575925149 -0.0021373848155872288 0.21812945620176621 -0.013841110728293061 0.00014683993003217211 0.011061258572540389 -0.02131673543083883 0.061780660026228951 -0.01241447917048355 0.010962003496178109 0.0056924807555972295 -0.0068332225987202122 -0.010098820447597801 4.9622856436093438e-05 -0.00388495812116223 0.012096990477101466
leaf_weight=56 20 44 90 45 23 767 43 23 180 29 38 1251 38 29 78 26 78 54 30 35 998 181 43
leaf_count=56 20 44 90 45 23 767 43 23 180 29 38 1251 38 29 78 26 78 54 30 35 998 181 43
internal_value=-0.000446535 -0.000230583 0.00109117 0.00681818 -0.0117089 -0.00153994 0.0156015 0.000169875 0.00326087 0.00728571 0.00441176 -0.000580577 -0.00558824 -0.00833333 0.00689655 -0.00509709 -0.000816993 -0.00162338 0.00231481 -0.00917722 -0.00124434 -0.000245499 0.000648415
internal_weight=4199 4120 2052 286 79 2068 133 1766 345 165 136 1421 170 132 116 103 153 77 108 79 1989 1222 1041
internal_count=4199 4120 2052 286 79 2068 133 1766 345 165 136 1421 170 132 116 103 153 77 108 79 1989 1222 1041
cat_boundaries=0 1 2 3
cat_threshold=166 132 2
is_linear=0
shrinkage=0.05


Tree=107
num_leaves=24
num_cat=3
split_feature=5 0 2 5 8 17 0 14 15 14 5 2 9 1 2 2 5 14 5 5 18 5 2
split_gain=3.67965 2.92451 5.50717 2.94511 1.92 1.73506 1.86233 1.854 1.73746 1.58185 1.53663 1.43686 1.42545 1.47053 1.4767 1.3761 1.3717 1.3908 1.33464 1.47148 1.4473 1.28096 1.23628
threshold=0.42540951297941754 0 2028.5000000000002 0.86354054545950343 1.0000000180025095e-35 71.457916666666691 1 57546.577040970296 38.807285180331199 8154.2033429185685 1.3771122059273162 2037.5000000000002 2264.3830592864501 2 2033.5000000000002 2026.5000000000002 1.2252164419808278 84505.910569295273 0.9728502460798758 1.0227623270571322 1.0000000180025095e-35 0.6732881902594493 2038.5000000000002
decision_type=2 1 2 2 2 2 1 2 2 2 2 2 2 1 2 2 2 2 2 2 2 2 2
left_child=4 2 3 -2 -1 6 7 8 22 -8 -4 -7 -10 14 -14 -9 -17 -18 -13 -20 -21 -11 -3
right_child=1 5 10 -5 -6 11 9 15 12 21 -12 18 13 -15 -16 16 17 -19 19 20 -22 -23 -24
leaf_value=-0.018518866103027477 0.0079337008490487203 -0.0078098325613501279 4.0031065061851838e-05 0.25454931270927439 0.00025340670731575091 0.00053008701327281746 0.0060552320591760527 0.022444388908591774 0.012403766492072777 -0.014264956212966085 0.062593910502984781 -0.0044436699208683763 -0.026123051523653729 0.0191390639487675 0.0015757728810075423 -0.0059122723902002242 -0.010808687358975888 0.0082428553919284397 0.0062838451564563693 0.010092207193639258 -0.0027559107255746176 -0.004026667090887448 0.012311276655996873
leaf_weight=56 34 132 399 71 23 1888 28 31 75 55 22 202 31 31 28 277 21 50 33 35 186 464 27
leaf_count=56 34 132 399 71 23 1888 28 31 75 55 22 202 31 31 28 277 21 50 33 35 186 464 27
internal_value=-0.000386997 -0.000182039 0.00326493 0.0135714 -0.0110759 -0.000693674 -0.0022 -0.00045582 0.00231481 -0.00435368 0.000771971 0.000106655 0.00590909 0.00166667 -0.0029661 -0.00283641 -0.00373563 0.00246479 -0.00241228 0 -0.00147059 -0.0050578 -0.00141509
internal_weight=4199 4120 526 105 79 3594 1250 703 324 547 421 2344 165 90 59 379 348 71 456 254 221 519 159
internal_count=4199 4120 526 105 79 3594 1250 703 324 547 421 2344 165 90 59 379 348 71 456 254 221 519 159
cat_boundaries=0 1 2 3
cat_threshold=4 51 1
is_linear=0
shrinkage=0.05


Tree=108
num_leaves=24
num_cat=2
split_feature=5 0 2 5 8 16 5 0 14 5 2 14 5 5 15 9 15 2 14 2 14 9 2
split_gain=3.63877 2.86873 5.10502 2.97619 1.92 1.69915 1.53663 1.49973 1.72898 1.58718 3.05212 1.58421 1.56401 1.56497 1.41785 1.7484 1.39401 1.36478 1.28635 1.3817 1.25163 1.2138 1.26254
threshold=0.42540951297941754 0 2028.5000000000002 1.1523394282416142 1.0000000180025095e-35 1.4758333333333338 1.3771122059273162 1 57546.577040970296 0.76343305541321171 2028.5000000000002 8154.2033429185685 0.62209009350254196 0.82727239353578796 35.307879697838281 202.18557157653274 96.048562507698918 2037.5000000000002 80163.209643722032 2030.5000000000002 41755.223369337727 2264.3830592864501 2033.5000000000002
decision_type=2 1 2 2 2 2 2 1 2 2 2 2 2 2 2 2 2 2 2 2 2 2 2
left_child=4 2 3 -2 -1 7 -4 8 12 10 -9 -11 -3 -14 15 -15 -10 -7 -18 -20 -19 -16 -23
right_child=1 5 6 -5 -6 17 -8 9 16 11 -12 -13 13 14 21 -17 18 20 19 -21 -22 22 -24
leaf_value=-0.017592922797876099 0.04984614211243521 0.0070612975272997484 3.8029511808757022e-05 0.58583864144866848 0.00024073637194996778 0.0005035826626091811 0.059464214977835494 0.0024235462114082121 -0.011967692384592055 0.011150299890738392 -0.012052561908536031 -0.0038270221143763107 -0.0075698589636718164 -0.011910843776249314 0.014169222805643944 0.0053032852787903376 0.0059478837005413794 -0.0047867818845813044 0.0052177882528638975 -0.0027218302294931052 -0.00011405874517363968 -0.0084701085360606495 0.0027823928785512433
leaf_weight=56 70 32 399 35 23 1888 22 25 148 23 72 427 46 58 61 50 24 174 61 146 282 43 34
leaf_count=56 70 32 399 35 23 1888 22 25 148 23 72 427 46 58 61 50 24 174 61 146 282 43 34
internal_value=-0.000446535 -0.000242718 0.00317164 0.0130952 -0.0110759 -0.000749168 0.000771971 -0.00224 -0.000666199 -0.00417415 -0.0100515 -0.003 0.00200617 0.000856164 0.00243902 -0.00185185 -0.00296834 4.26621e-05 -0.000541126 -0.00181159 -0.00241228 0.0057971 0.00162338
internal_weight=4199 4120 526 105 79 3594 421 1250 703 547 97 450 324 292 246 108 379 2344 231 207 456 138 77
internal_count=4199 4120 526 105 79 3594 421 1250 703 547 97 450 324 292 246 108 379 2344 231 207 456 138 77
cat_boundaries=0 1 2
cat_threshold=4 51
is_linear=0
shrinkage=0.05


Tree=109
num_leaves=24
num_cat=3
split_feature=5 2 0 5 2 5 8 5 0 5 9 11 9 9 5 5 9 11 1 5 11 16 10
split_gain=3.67965 2.68137 3.96661 5.03283 2.74333 2.03717 1.92 1.91178 2.91536 1.87466 1.75415 1.8641 1.88691 1.74445 1.66043 1.53061 1.11916 1.1006 1.09872 1.42574 1.40256 1.19885 1.63996
threshold=0.42540951297941754 2034.5000000000002 0 1.2416095059357677 2027.5000000000002 1.5137990806277084 1.0000000180025095e-35 0.83296196964687219 1 1.3429576197623241 2614.0335820877335 0.12395554716512047 291.85099732180862 11002.751762119648 0.68614658175646159 0.86354054545950343 9888.7683352870936 0.52641122287246378 2 1.1606751215755724 1.0365176943378989 1.4758333333333338 1.5000000000000002
decision_type=2 2 1 2 2 2 2 2 1 2 2 2 2 2 2 2 2 2 1 2 2 2 2
left_child=6 2 3 4 15 -4 -1 8 14 18 11 -10 -13 -6 -3 -2 -11 -7 19 -9 21 -20 -23
right_child=1 7 5 -5 13 17 -8 9 10 16 -12 12 -14 -15 -16 -17 -18 -19 20 -21 -22 22 -24
leaf_value=-0.016713276657982303 0.037105906602836747 -0.01260812823247548 -0.00023418259978882363 0.2202382448372312 -0.00717256194992082 0.056265242533012932 0.00022869955335247383 -0.0044552848480333479 0.0050613990865209903 -0.0020221527785002414 -0.0048580126630545679 5.8915273370008238e-05 -0.011786917159117994 0.025852315730712762 -0.0026247753648568129 0.15199073671745111 -0.0064991620671220884 -0.0022463823818070772 0.0017202705397006525 0.0045569912725148768 0.014917337438981227 0.00028236197230353534 -0.011401980751303033
leaf_weight=56 21 33 2089 57 123 64 23 303 35 120 178 83 20 69 69 28 66 20 142 115 25 420 40
leaf_count=56 21 33 2089 57 123 64 23 303 35 120 178 83 20 69 69 28 66 20 142 115 25 420 40
internal_value=-0.000386997 -0.000182039 0.000859976 0.00616883 0.00321577 0.000103069 -0.0110759 -0.00174348 -0.00466507 -0.000751422 -0.00199387 0.00217391 -0.00121359 0.000520833 -0.0116071 0.0137755 -0.00537634 0.0077381 7.17703e-05 -0.00191388 0.00139553 0.000913621 -0.000326087
internal_weight=4199 4120 2471 298 241 2173 79 1649 418 1231 316 138 103 192 102 49 186 84 1045 418 627 602 460
internal_count=4199 4120 2471 298 241 2173 79 1649 418 1231 316 138 103 192 102 49 186 84 1045 418 627 602 460
cat_boundaries=0 1 2 3
cat_threshold=4 72 2
is_linear=0
shrinkage=0.05


Tree=110
num_leaves=24
num_cat=3
split_feature=5 0 0 2 5 5 2 16 9 9 9 1 15 15 5 2 2 16 15 2 9 4 16
split_gain=3.24914 2.91103 2.7815 6.90431 5.1615 2.68909 1.39773 1.21971 1.20427 1.51957 1.50487 1.62963 1.41769 1.81898 1.36341 1.21047 1.16346 1.14469 1.10769 1.05946 1.36946 1.34248 1.0368
threshold=0.63561259619552946 0 1 2028.5000000000002 1.1625859542886614 1.4590833241574643 2035.5000000000002 1.0000000180025095e-35 6214.9048089522867 10314.443191076054 3501.7225505007154 2 42.101107727748541 35.307879697838281 0.95718907554605426 2034.5000000000002 2034.5000000000002 2.1729166666666671 53.616115913572237 2029.5000000000002 11438.948478213466 1.0000000180025095e-35 1.756416666666667
decision_type=2 1 1 2 2 2 2 2 2 2 2 1 2 2 2 2 2 2 2 2 2 2 2
left_child=1 7 3 4 -2 8 -7 -1 10 22 11 -5 13 -13 15 -14 17 -16 -18 -11 -21 -22 -10
right_child=2 -3 -4 5 -6 6 -8 -9 9 19 -12 12 14 -15 16 -17 18 -19 -20 20 21 -23 -24
leaf_value=-0.0020378112215238609 0.019804830247084484 -0.0010280773031173141 -0.00090924771442901786 0.010282477042329497 0.24970029764372656 0.063862451884740962 0.0042361892387745128 -0.011437249324349219 -0.0046996572297261178 0.033353155030889335 0.012595836114283011 -0.00073652878705825491 -0.024074645453598099 0.010729415692238176 0.015731185629355427 -0.0053324232289045266 0.0079972452595826523 -0.010410841469892951 -0.018756286370303066 0.019978331943224428 -0.0013588075669768163 -0.017430181265016342 -0.025994009901108853
leaf_weight=22 184 261 2370 155 86 33 26 119 68 32 94 173 33 26 28 36 20 24 32 28 226 102 21
leaf_count=22 184 261 2370 155 86 33 26 119 68 32 94 173 33 26 28 36 20 24 32 28 226 102 21
internal_value=-0.000327459 -0.00460199 0.000125099 0.00186152 0.00907407 0.000194468 0.0105932 -0.0100993 -0.000364299 -0.00225367 0.00108696 4.74383e-05 -0.00174731 0.00113065 -0.0050578 -0.0105072 -0.00144231 0.00384615 -0.00673077 -0.000902062 -0.00168539 -0.00259146 -0.00814607
internal_weight=4199 402 3797 1427 270 1157 59 141 1098 477 621 527 372 199 173 69 104 52 52 388 356 328 89
internal_count=4199 402 3797 1427 270 1157 59 141 1098 477 621 527 372 199 173 69 104 52 52 388 356 328 89
cat_boundaries=0 1 2 3
cat_threshold=104 164 1
is_linear=0
shrinkage=0.05


Tree=111
num_leaves=24
num_cat=3
split_feature=5 0 0 2 5 5 16 14 1 14 2 14 5 11 15 14 15 15 7 16 15 5 5
split_gain=3.08041 3.04834 2.56309 6.6853 5.35228 2.50295 1.21971 1.20278 1.0872 2.14424 1.87651 1.23997 2.04848 1.50769 1.1871 1.05633 1.27511 1.12176 1.29755 1.89804 1.13592 1.31094 1.05684
threshold=0.63561259619552946 0 1 2028.5000000000002 1.1625859542886614 1.5720523221415739 1.0000000180025095e-35 147057.42038454869 2 26665.980208663746 2030.5000000000002 48310.708068592714 0.50361592300952374 0.10621153667363335 51.577959385286142 162339.23336334041 141.79002625970043 167.40759357872378 1.5000000000000002 3.485125 158.41501366854791 1.1606751215755724 1.0921227308458137
decision_type=2 1 1 2 2 2 2 2 1 2 2 2 2 2 2 2 2 2 2 2 2 2 2
left_child=1 6 3 4 7 -5 -1 -2 9 -3 -10 13 -13 -12 -11 16 -4 20 19 -19 21 -17 -18
right_child=2 8 15 5 -6 -7 -8 -9 10 14 11 12 -14 -15 -16 17 22 18 -20 -21 -22 -23 -24
leaf_value=-0.001935920660447671 0.025849423561508014 0.010010852729852715 -0.00088521134837149518 -0.00022538532833626945 0.23721528276154019 0.035529368011117772 -0.010865386858131744 -0.020573594245178128 -0.022119668186661515 -0.011924859080809381 -0.011352106117615834 -0.007204694054347616 0.011019330114424887 0.0041357029551838736 0.0037655318939037621 0.0053259818903376834 -0.0069445772073683191 -0.0020293673790438226 -0.0090962333670046476 0.015299454709219252 0.017418806565271051 -0.0076824637797887176 -0.0016143188492755201
leaf_weight=22 164 23 2065 1128 86 29 119 20 44 33 32 22 33 20 54 45 68 34 25 20 26 26 61
leaf_count=22 164 23 2065 1128 86 29 119 20 44 33 32 22 33 20 54 45 68 34 25 20 26 26 61
internal_value=-0.000315551 -0.00447761 0.000125099 0.00179193 0.00888889 0.000151253 -0.0100993 0.00407609 -0.00101476 0.00272727 -0.00380795 -0.000233645 0.005 -0.00576923 -0.000862069 -0.000882353 -0.00118505 0.00284091 -0.00158228 0.00277778 0.0064433 0.00316901 -0.00600775
internal_weight=4199 402 3797 1427 270 1157 141 184 261 110 151 107 55 52 87 2370 2194 176 79 54 97 71 129
internal_count=4199 402 3797 1427 270 1157 141 184 261 110 151 107 55 52 87 2370 2194 176 79 54 97 71 129
cat_boundaries=0 1 2 3
cat_threshold=104 164 2
is_linear=0
shrinkage=0.05


Tree=112
num_leaves=24
num_cat=3
split_feature=0 2 2 15 36 15 11 19 15 9 1 15 17 9 11 7 11 10 7 2 0 9 2
split_gain=2.85242 2.62644 1.40423 1.38087 1.72401 1.35284 1.47078 1.1229 1.02719 1.00442 1.56281 1.06862 1.89676 0.942633 0.913307 1.97553 1.2878 1.27624 1.45494 1.31356 0.909008 1.82541 1.61972
threshold=0 2026.5000000000002 2034.5000000000002 73.532143063359925 0.19873950232884599 13.761473223661897 1.008575700215985 1.0000000180025095e-35 93.060280248681877 7583.0735006922287 1 36.108001881607926 73.879583333333343 11537.193013450045 1.204791514178712 1.5000000000000002 1.7435284016427304 1.5000000000000002 2.5000000000000004 2039.5000000000002 2 6490.256532590297 2034.5000000000002
decision_type=1 2 2 2 2 2 2 2 2 2 1 2 2 2 2 2 2 2 2 2 1 2 2
left_child=2 3 5 4 -2 -1 -7 -4 -5 10 11 -9 -13 -11 17 16 -16 20 19 -19 21 -3 -23
right_child=1 14 7 8 -6 6 -8 9 -10 13 -12 12 -14 -15 15 -17 -18 18 -20 -21 -22 22 -24
leaf_value=0.0044778511531134548 -4.9106433623702375e-05 0.0077875814915279841 -0.0056400990157528643 0.068624834401595974 0.074400174904804578 -0.00095901242866007767 -0.0073592703246545101 0.00061745705137168378 0.034344048685064799 -0.0049486179877940243 0.00046482186363940861 -0.009747910421796957 0.00028361549990429946 -0.0018607301040169167 0.01971245070398089 0.018195816222107565 -0.0098422160397811931 -0.0064145444440598005 0.0046516012910921669 0.002037298650607955 -0.00047477204200521152 0.0039110319950069975 -0.0034555208311838562
leaf_weight=29 103 385 61 21 21 571 52 35 69 33 115 38 23 106 27 50 55 326 67 23 1562 241 186
leaf_count=29 103 385 61 21 21 571 52 35 69 33 115 38 23 106 27 50 55 326 67 23 1562 241 186
internal_value=-0.000267921 0.000492689 -0.00249301 0.00584112 0.00241935 -0.00107362 -0.00156501 -0.00480535 0.0105556 -0.00371429 -0.00154028 -0.00625 -0.0102459 -0.00701439 0.000102669 0.00416667 -0.000609756 -8.96057e-05 -0.00264423 -0.00393983 0.000358045 0.00170316 -0.000526932
internal_weight=4199 3136 1063 214 124 652 623 411 90 350 211 96 61 139 2922 132 82 2790 416 349 2374 812 427
internal_count=4199 3136 1063 214 124 652 623 411 90 350 211 96 61 139 2922 132 82 2790 416 349 2374 812 427
cat_boundaries=0 1 2 3
cat_threshold=72 2 36
is_linear=0
shrinkage=0.05


Tree=113
num_leaves=24
num_cat=5
split_feature=5 0 0 2 5 16 2 9 5 10 0 15 36 0 14 5 2 0 14 2 2 5 5
split_gain=3.55366 2.77612 1.97692 5.96542 1.83471 1.7399 1.69415 2.82273 2.30114 1.38076 1.82073 2.21789 1.4996 1.50519 1.44732 1.29787 1.57994 1.31835 1.19028 2.10497 1.70198 1.68925 1.75985
threshold=0.63561259619552946 0 1 2028.5000000000002 1.1523394282416142 1.4758333333333338 2038.5000000000002 12408.557030270813 1.3246791633457937 1.5000000000000002 2 74.344162533720933 0.05862795281634519 3 74035.898188752253 0.75151658956402845 2029.5000000000002 4 52859.402025917014 2028.5000000000002 2026.5000000000002 1.2892373734878864 1.1543510596373601
decision_type=2 1 1 2 2 2 2 2 2 2 1 2 2 1 2 2 2 1 2 2 2 2 2
left_child=1 -1 3 4 -2 15 8 -8 -5 12 14 -12 13 -7 -11 16 -4 18 19 -17 -20 22 -21
right_child=2 -3 5 6 -6 9 7 -9 -10 10 11 -13 -14 -15 -16 17 -18 -19 20 21 -22 -23 -24
leaf_value=-0.0096161497308403076 0.058658867885319405 -0.00055270556698165945 0.0004839440310717702 0.001810172352919537 0.52117015180001935 -0.0014613294421124247 -7.4800668094421327e-05 -0.03234751450412867 0.038409560989941222 0.0036185978753594753 -0.0093501052377921393 0.0081692913458319086 0.0052874345928848772 0.0010684639481890023 -0.012054305860575232 -0.021014732919141289 -0.0061001661108039951 -0.0041689033037331851 0.032626846250811602 0.0031408270887454126 -0.0022521286508978113 -0.0048834098670378807 0.012845224788911992
leaf_weight=141 60 261 31 277 35 496 46 20 36 152 163 22 91 1244 21 40 75 435 25 137 325 33 33
leaf_count=141 60 261 31 277 35 496 46 20 36 152 163 22 91 1244 21 40 75 435 25 137 325 33 33
internal_value=-0.000256013 -0.00472637 0.000217277 0.00320248 0.0144737 -0.000217522 0.000461741 -0.00681818 0.00199681 0.000605299 -0.00223464 -0.00551282 0.00116057 0.000833333 0.00150273 -0.00180776 -0.00707547 -0.00126459 0.000290216 0.00298354 -0.00157143 0.00504926 0.00705882
internal_weight=4199 402 3797 474 95 3323 379 66 313 2189 358 185 1831 1740 173 1134 106 1028 593 243 350 203 170
internal_count=4199 402 3797 474 95 3323 379 66 313 2189 358 185 1831 1740 173 1134 106 1028 593 243 350 203 170
cat_boundaries=0 1 2 3 4 5
cat_threshold=104 4 193 65 57
is_linear=0
shrinkage=0.05


Tree=114
num_leaves=24
num_cat=2
split_feature=5 0 0 2 5 16 5 2 2 7 5 3 9 15 2 9 5 9 5 2 15 11 2
split_gain=3.16917 2.34328 2.01185 5.96542 1.83471 1.49061 1.48444 1.42207 3.15566 1.56864 1.34168 1.79919 1.37339 1.16591 2.08104 1.68002 2.19289 1.76224 1.69409 1.67026 1.30374 1.65209 1.06234
threshold=0.63561259619552946 0 1 2028.5000000000002 1.1523394282416142 1.4758333333333338 0.50361592300952374 2034.5000000000002 2030.5000000000002 1.5000000000000002 0.75151658956402845 1.0000000180025095e-35 5909.3416764653275 82.822949980327493 2026.5000000000002 1576.3889885512183 0.87576888871408942 31015.127646663295 0.96426533895968825 2028.5000000000002 23.522357577268313 1.0265675147737674 2038.5000000000002
decision_type=2 1 1 2 2 2 2 2 2 2 2 2 2 2 2 2 2 2 2 2 2 2 2
left_child=1 6 3 4 -2 10 -1 8 9 -3 11 12 -4 19 -15 18 17 -17 -16 -12 21 -21 -5
right_child=2 7 5 22 -6 -7 -8 -9 -10 -11 13 -13 -14 14 15 16 -18 -19 -20 20 -22 -23 -24
leaf_value=-0.018654693895603949 0.055725924491053382 -0.020130318612887166 -0.0087629294065258104 0.0058369750903791489 0.4951116442100183 0.00028736444633707946 -0.0041408830594511286 -0.0047736629137156263 0.0061550913471963399 0.0017012136550880186 -0.012380793766841959 -0.0076062658376793825 0.0049578602809603467 0.019910920848138548 -0.01596550663087757 0.01564247937872203 -0.0042991731213031237 -0.0062476333985921791 -0.0056907186398859281 -0.012465747690034612 0.0015800698857074025 0.0032590735503354121 -0.014490050494385676
leaf_weight=53 60 51 39 313 35 2189 98 104 73 23 118 38 29 36 34 27 259 21 49 33 421 30 66
leaf_count=53 60 51 39 313 35 2189 98 104 73 23 118 38 29 36 34 27 259 21 49 33 421 30 66
internal_value=-0.000256013 -0.00447761 0.00019094 0.00320248 0.0144737 -0.000247525 -0.00916149 -0.00124521 0.00187075 -0.00540541 -0.00171958 -0.00707547 -0.00220588 -0.00116732 -0.00316901 -0.00423077 -0.00252443 0.00729167 -0.0105422 0.000249169 0.00154959 -0.00515873 0.000461741
internal_weight=4199 402 3797 474 95 3323 151 251 147 74 1134 106 68 1028 426 390 307 48 83 602 484 63 379
internal_count=4199 402 3797 474 95 3323 151 251 147 74 1134 106 68 1028 426 390 307 48 83 602 484 63 379
cat_boundaries=0 1 2
cat_threshold=76 4
is_linear=0
shrinkage=0.05


Tree=115
num_leaves=24
num_cat=4
split_feature=5 0 0 2 5 35 16 10 0 15 14 36 0 5 16 17 5 11 14 2 4 2 5
split_gain=2.74902 2.74491 1.94228 5.60977 1.9939 1.40829 1.21996 1.36474 1.82073 1.59296 1.44732 1.25595 1.34009 1.36783 1.91026 1.35705 1.61318 1.20984 1.18652 1.1597 1.69588 1.12497 1.65284
threshold=0.63561259619552946 0 1 2027.5000000000002 1.4308953954205845 0.079452028121899373 1.4758333333333338 1.5000000000000002 2 74.344162533720933 74035.898188752253 0.05862795281634519 3 1.2416095059357677 2.1729166666666671 73.879583333333343 1.3618862516084771 0.33026535812080277 42329.589652221854 2034.5000000000002 1.0000000180025095e-35 2031.5000000000002 1.2416095059357677
decision_type=2 1 1 2 2 2 2 2 1 2 2 2 1 2 2 2 2 2 2 2 2 2 2
left_child=1 -1 3 -2 21 6 -4 11 10 18 -9 12 13 -8 -15 -14 -17 -13 19 20 -10 22 -5
right_child=2 -3 5 4 -6 -7 7 8 9 -11 -12 17 15 14 -16 16 -18 -19 -20 -21 -22 -23 -24
leaf_value=-0.0089282980913257381 0.1840124638554464 -0.00026304787239224138 -0.0016330156689518206 0.013054304698473462 0.062964795117861891 -0.01615054137225469 0.00099502021636030955 0.0034232997592746894 0.005194631241760006 0.0077464585562234574 -0.01146595878986334 0.00039562051818280435 -0.0057433189565656573 0.017185356501777171 -0.0054909017004887602 0.00023758433318514795 -0.0084415444001912261 0.0083717675567317792 -0.020354816840006396 -0.010502008254792639 -0.012990294833126548 -0.0030868126283517764 0.14219430698317037
leaf_weight=141 57 261 1129 108 22 21 753 152 60 22 21 49 59 167 63 616 66 42 26 52 25 267 20
leaf_count=141 57 261 1129 108 22 21 753 152 60 22 21 49 59 167 63 616 66 42 26 52 25 267 20
internal_value=-0.00017266 -0.00410448 0.000243613 0.00320248 0.00125899 -0.000187519 -0.000105996 0.000586746 -0.00223464 -0.00551282 0.00150273 0.00114325 0.000841067 0.00203927 0.00543478 -0.000765646 -0.000146628 0.00686813 -0.00751534 -0.00565693 -0.00205882 0.000443038 0.00429688
internal_weight=4199 402 3797 474 417 3323 3302 2173 358 185 173 1815 1724 983 230 741 682 91 163 137 85 395 128
internal_count=4199 402 3797 474 417 3323 3302 2173 358 185 173 1815 1724 983 230 741 682 91 163 137 85 395 128
cat_boundaries=0 1 2 3 4
cat_threshold=104 4 193 178
is_linear=0
shrinkage=0.05


Tree=116
num_leaves=24
num_cat=1
split_feature=5 0 5 2 2 15 2 17 8 35 14 15 15 14 9 15 16 14 15 14 9 7 4
split_gain=2.57005 2.12265 3.52857 6.78065 1.86584 1.42542 2.11203 1.5655 1.36733 1.11296 0.931266 1.77107 1.5608 1.50442 1.7001 1.46507 1.78127 1.44232 1.14662 1.07725 1.01587 1.00833 0.972595
threshold=0.42540951297941754 0 1.2892373734878864 2031.5000000000002 2026.5000000000002 30.123502613179962 2038.5000000000002 74.884166666666673 1.0000000180025095e-35 0.079452028121899373 78673.014554060079 82.182338216230434 59.668990118102194 43203.084249242173 1190.832459645399 52.485411075247264 1.4758333333333338 91955.043918078358 38.355267274579568 67715.521830772239 10694.82362200683 1.5000000000000002 1.0000000180025095e-35
decision_type=2 1 2 2 2 2 2 2 2 2 2 2 2 2 2 2 2 2 2 2 2 2 2
left_child=8 2 4 -4 -2 -5 7 -7 -1 -3 11 12 13 15 -15 16 18 -12 21 -13 -14 -6 -19
right_child=1 9 3 5 10 6 -8 -9 -10 -11 17 19 20 14 -16 -17 -18 22 -20 -21 -22 -23 -24
leaf_value=-0.014847578552121099 0.080959118567645316 -0.00060298752274796647 0.2190457745674376 -0.020447212363525535 -0.0033249193783976951 0.034726222484578351 -0.020001905983937498 0.0028374702230073547 5.9857437460042467e-05 -0.016970678757051483 0.018940331002863544 -0.0064080388369391677 0.0072158944622469079 -0.027442721885165812 -0.011500586804753965 -0.010912717541541017 -0.0016513404030017221 0.0056994669672778111 0.017745197693094461 -0.026286487593231336 0.022360488688713612 0.022929948906689115 -0.0080248951444699575
leaf_weight=56 50 3039 65 26 40 27 20 29 23 20 60 26 63 24 59 33 177 177 27 32 21 20 85
leaf_count=56 50 3039 65 26 40 27 20 29 23 20 60 26 63 24 59 33 177 177 27 32 21 20 85
internal_value=-0.000244106 -7.28155e-05 0.00184407 0.00853293 0.000615213 0.000490196 0.00394737 0.00892857 -0.00917722 -0.000741284 5.92417e-05 -0.00124521 -0.000215517 -0.00157895 -0.00753012 8.41751e-05 0.00132576 0.00217391 0.00718391 -0.00948276 0.00595238 0.00333333 0.000572519
internal_weight=4199 4120 1061 167 894 102 76 56 79 3059 844 522 464 380 83 297 264 322 87 58 84 60 262
internal_count=4199 4120 1061 167 894 102 76 56 79 3059 844 522 464 380 83 297 264 322 87 58 84 60 262
cat_boundaries=0 1
cat_threshold=36
is_linear=0
shrinkage=0.05


Tree=117
num_leaves=24
num_cat=2
split_feature=0 5 5 2 2 5 9 9 9 14 1 14 5 2 2 5 7 9 11 11 5 11 15
split_gain=2.26098 3.86302 2.79506 2.70458 2.2651 1.52751 1.40579 1.74233 1.72598 1.57826 1.4818 1.28168 1.27572 1.98616 1.17682 3.81303 1.42013 1.14204 1.12828 1.56035 2.30282 1.40035 1.29274
threshold=0 1.4590833241574643 0.42540951297941754 2026.5000000000002 2031.5000000000002 1.0444469704850843 6214.9048089522867 3422.9760890567318 10564.558614418995 56776.803500960617 1 5539.9792550111761 1.3375357467376412 2032.5000000000002 2029.5000000000002 0.90242540787670034 1.0000000180025095e-35 11438.948478213466 0.0034016240906390807 0.080905522735194371 1.0596748834202809 0.27217490474903677 57.671785690171546
decision_type=1 2 2 2 2 2 2 2 2 2 1 2 2 2 2 2 2 2 2 2 2 2 2
left_child=1 3 -2 5 -3 -1 7 11 9 -8 -9 -5 18 -14 15 16 -10 -16 -13 20 -20 22 -21
right_child=2 4 -4 6 -6 -7 8 10 14 -11 -12 12 13 -15 17 -17 -18 -19 19 21 -22 -23 -24
leaf_value=0.023822525625287486 -0.010339213238662459 0.47113084764000385 -0.00077475398306536825 0.0071591240295207029 0.024391968915387086 0.18258026001388183 -0.017357845943753603 0.018048814256431768 -0.024469375188449185 0.00027282442274114695 0.0074187680910416283 -0.012351573356898805 0.15041907486926773 -0.013249115834544424 0.033753783956805665 0.048807778238803938 0.0035192092429619849 -0.0034286689099708671 0.00016132359542240238 -0.012918801907751166 0.036902155466874524 -0.00044937979624499748 0.0097259700188099714
leaf_weight=54 44 24 2563 41 51 37 69 46 22 46 74 35 23 24 20 60 20 363 71 45 34 413 20
leaf_count=54 44 24 2563 41 51 37 69 46 22 46 74 35 23 24 20 60 20 363 71 45 34 413 20
internal_value=-0.000232198 0.00124844 -0.0011368 0.000708635 0.0123333 0.00906593 0.000175316 0.00151332 -0.00166667 -0.00717391 0.00708333 0.000566572 3.7594e-05 0.00797872 -0.000360825 0.00441176 -0.00714286 -0.00163185 -0.000566343 -4.28816e-05 0.00547619 -0.00125523 -0.00807692
internal_weight=4199 1592 2607 1517 75 91 1426 826 600 115 120 706 665 47 485 102 42 383 618 583 105 478 65
internal_count=4199 1592 2607 1517 75 91 1426 826 600 115 120 706 665 47 485 102 42 383 618 583 105 478 65
cat_boundaries=0 1 2
cat_threshold=164 2
is_linear=0
shrinkage=0.05


Tree=118
num_leaves=24
num_cat=2
split_feature=2 5 0 7 2 5 11 5 5 5 11 11 10 10 0 11 11 5 5 36 2 14 14
split_gain=2.34396 1.90505 5.41467 2.13806 2.39032 1.84456 2.12651 1.7322 1.43593 1.41936 1.36129 2.89297 2.08136 1.94425 1.73905 1.61059 3.68341 1.51309 1.49074 2.43047 1.41045 1.35687 1.53283
threshold=2026.5000000000002 0.6677617044747115 0 2.5000000000000004 2030.5000000000002 1.3207557252961468 1.0099408151689924 0.64827296193767847 1.6631307399525419 0.51653639921929895 1.204791514178712 1.3593837631777503 1.5000000000000002 2.5000000000000004 1 0.57420758518164183 0.30028405860890894 1.1374106219301641 1.1287681634439279 0.23821324984009415 2029.5000000000002 17470.38653641288 154016.62477591509
decision_type=2 2 1 2 2 2 2 2 2 2 2 2 2 2 1 2 2 2 2 2 2 2 2
left_child=5 2 9 4 -4 6 21 -6 10 -2 12 -12 -3 -13 -14 16 -16 -15 19 20 -17 -1 -23
right_child=1 8 3 -5 7 -7 -8 -9 -10 -11 11 13 14 17 15 18 -18 -19 -20 -21 -22 22 -24
leaf_value=-0.017563261374807303 -0.016761576506197341 9.278171238475964e-05 -0.024762659771959239 0.0029909657156731218 0.00090222738754061063 0.12427980758871504 -0.017579862301116835 -0.0052476023920305266 0.026838091125920019 -0.0059093603627769949 0.016522912230732125 0.0028784556895822266 -0.0083503974077496334 -0.015856889706294643 0.001637857689319633 -0.021935685359948654 -0.015018045051396811 0.0085911359894659482 -0.0011847613310302929 0.021656923511603046 0.0038054490662955856 0.015543051576160472 -0.0041137504239536554
leaf_weight=29 31 2816 78 55 200 44 23 21 46 69 30 80 157 23 81 22 44 20 58 22 62 168 20
leaf_count=29 31 2816 78 55 200 44 23 21 46 69 30 80 157 23 81 22 44 20 58 22 62 168 20
internal_value=-0.000160753 -0.000478927 -0.00352423 -0.000412088 -0.0020903 0.00422535 0.0025 0.000565611 -7.94568e-05 -0.0131818 -0.000197657 0.00441176 -0.000413857 0.00101626 -0.00358744 -0.00108696 -0.0054 -0.00755814 0.00213415 0.00566038 0.00178571 0.00403226 0.00558511
internal_weight=4199 3915 454 354 299 284 240 221 3461 100 3415 153 3262 123 446 289 125 43 164 106 84 217 188
internal_count=4199 3915 454 354 299 284 240 221 3461 100 3415 153 3262 123 446 289 125 43 164 106 84 217 188
cat_boundaries=0 1 2
cat_threshold=72 56
is_linear=0
shrinkage=0.05


Tree=119
num_leaves=24
num_cat=1
split_feature=0 2 5 5 5 15 5 5 2 5 9 2 5 15 2 3 18 5 5 11 5 2 15
split_gain=2.60547 3.22799 2.65699 2.62202 2.03285 1.88673 1.31338 1.16313 3.83269 3.61623 2.31562 2.45977 1.71309 2.88057 1.88311 1.81091 1.48398 1.11804 1.11232 1.10848 1.31482 1.36974 1.04325
threshold=0 2026.5000000000002 1.6204724967474646 0.51653639921929895 1.0444469704850843 27.163797107848534 1.3514613398798503 0.86607280868335701 2031.5000000000002 1.3310264847438595 58109.353663799913 2030.5000000000002 0.98375327317343808 29.444619765755768 2037.5000000000002 1.0000000180025095e-35 1.0000000180025095e-35 0.89919980469317551 1.3618862516084771 1.008575700215985 0.64337206274225478 2035.5000000000002 49.275676341764047
decision_type=1 2 2 2 2 2 2 2 2 2 2 2 2 2 2 2 2 2 2 2 2 2 2
left_child=1 4 7 5 -1 -2 -5 10 9 -9 11 -3 13 -10 22 17 -13 -15 -16 20 21 -18 -14
right_child=3 2 -4 6 -6 -7 -8 8 12 -11 -12 16 14 15 18 -17 19 -19 -20 -21 -22 -23 -24
leaf_value=0.021854246765215191 0.00051598438624878007 -0.015292964437042046 0.048768620247824052 -0.00026278168735660579 0.22137116490925629 -0.0098442540475609519 -0.0023470402266519753 0.013717259433273199 0.024371985552789521 0.14611536773332842 -0.023741676345567165 -0.0071141394786515821 -0.0050303878479745386 0.013180308830090427 -0.0061354368655746512 -0.013710583931918752 0.015919342093360767 0.0014652067394573367 -0.019482412322126042 0.0082781083395366828 -0.0013268865015403808 0.00067231367026331372 0.0018787609653971417
leaf_weight=54 28 125 25 2236 44 70 273 303 35 54 24 46 127 22 156 33 37 70 30 31 143 44 189
leaf_count=54 28 125 25 2236 44 70 273 303 35 54 24 46 127 22 156 33 37 70 30 31 143 44 189
internal_value=-0.000184568 0.00140449 0.00083668 -0.0011559 0.0102041 -0.00918367 -0.000846951 0.000561607 0.00149657 0.00567227 -0.00155556 -0.000704225 -0.000755287 0.00375 -0.00219124 0.0002 0.00174419 0.00380435 -0.0061828 0.00323529 0.00200893 0.00709877 0.000158228
internal_weight=4199 1592 1494 2607 98 98 2509 1469 1019 357 450 426 662 160 502 125 301 92 186 255 224 81 316
internal_count=4199 1592 1494 2607 98 98 2509 1469 1019 357 450 426 662 160 502 125 301 92 186 255 224 81 316
cat_boundaries=0 1
cat_threshold=164
is_linear=0
shrinkage=0.05


end of trees

feature_importances:
scale=1015
horizon_year=653
type_idx=368
min_road_km=155
min_water_m=141
min_habitat_m=120
habitat_proximity=60
nearby_2km=45
snow_mm=41
precip_mm=24
roadkill_intensity_2km=23
country_idx=21
buffer=17
nearby_highway_2km=17
habitat_hits=14
has_gbif=12
cooling=11
nearby_500m=11
has_roadkill=7
gbif_suitability=3
has_osm_roads=2

parameters:
[boosting: gbdt]
[objective: quantile]
[metric: quantile]
[tree_learner: serial]
[device_type: cpu]
[data_sample_strategy: bagging]
[data: ]
[valid: ]
[num_iterations: 120]
[learning_rate: 0.05]
[num_leaves: 24]
[num_threads: 0]
[seed: 7]
[deterministic: 0]
[force_col_wise: 0]
[force_row_wise: 0]
[histogram_pool_size: -1]
[max_depth: -1]
[min_data_in_leaf: 20]
[min_sum_hessian_in_leaf: 0.001]
[bagging_fraction: 1]
[pos_bagging_fraction: 1]
[neg_bagging_fraction: 1]
[bagging_freq: 0]
[bagging_seed: 17422]
[bagging_by_query: 0]
[feature_fraction: 0.9]
[feature_fraction_bynode: 1]
[feature_fraction_seed: 7040]
[extra_trees: 0]
[extra_seed: 6516]
[early_stopping_round: 0]
[early_stopping_min_delta: 0]
[first_metric_only: 0]
[max_delta_step: 0]
[lambda_l1: 0]
[lambda_l2: 0]
[linear_lambda: 0]
[min_gain_to_split: 0]
[drop_rate: 0.1]
[max_drop: 50]
[skip_drop: 0.5]
[xgboost_dart_mode: 0]
[uniform_drop: 0]
[drop_seed: 15215]
[top_rate: 0.2]
[other_rate: 0.1]
[min_data_per_group: 100]
[max_cat_threshold: 32]
[cat_l2: 10]
[cat_smooth: 10]
[max_cat_to_onehot: 4]
[top_k: 20]
[monotone_constraints: ]
[monotone_constraints_method: basic]
[monotone_penalty: 0]
[feature_contri: ]
[forcedsplits_filename: ]
[refit_decay_rate: 0.9]
[cegb_tradeoff: 1]
[cegb_penalty_split: 0]
[cegb_penalty_feature_lazy: ]
[cegb_penalty_feature_coupled: ]
[path_smooth: 0]
[interaction_constraints: ]
[verbosity: -1]
[saved_feature_importance_type: 0]
[use_quantized_grad: 0]
[num_grad_quant_bins: 4]
[quant_train_renew_leaf: 0]
[stochastic_rounding: 1]
[linear_tree: 0]
[max_bin: 255]
[max_bin_by_feature: ]
[min_data_in_bin: 3]
[bin_construct_sample_cnt: 200000]
[data_random_seed: 61]
[is_enable_sparse: 1]
[enable_bundle: 1]
[use_missing: 1]
[zero_as_missing: 0]
[feature_pre_filter: 1]
[pre_partition: 0]
[two_round: 0]
[header: 0]
[label_column: ]
[weight_column: ]
[group_column: ]
[ignore_column: ]
[categorical_feature: 0,1]
[forcedbins_filename: ]
[precise_float_parser: 0]
[parser_config_file: ]
[objective_seed: 15521]
[num_class: 1]
[is_unbalance: 0]
[scale_pos_weight: 1]
[sigmoid: 1]
[boost_from_average: 1]
[reg_sqrt: 0]
[alpha: 0.5]
[fair_c: 1]
[poisson_max_delta_step: 0.7]
[tweedie_variance_power: 1.5]
[lambdarank_truncation_level: 30]
[lambdarank_norm: 1]
[label_gain: ]
[lambdarank_position_bias_regularization: 0]
[eval_at: ]
[multi_error_top_k: 1]
[auc_mu_weights: ]
[num_machines: 1]
[local_listen_port: 12400]
[time_out: 120]
[machine_list_filename: ]
[machines: ]
[gpu_platform_id: -1]
[gpu_device_id: -1]
[gpu_device_id_list: ]
[gpu_use_dp: 0]
[num_gpu: 1]

end of parameters

pandas_categorical:null
