tree
version=v4
num_class=1
num_tree_per_iteration=1
label_index=0
max_feature_idx=37
objective=quantile
feature_names=type_idx country_idx horizon_year cooling buffer scale nearby_500m nearby_2km nearby_highway_2km min_habitat_m habitat_hits habitat_proximity water_hits water_overlap min_water_m min_road_km snow_mm precip_mm has_gbif has_roadkill has_osm_roads has_open_meteo gbif_myotis_myotis gbif_meles_meles gbif_castor_fiber gbif_alcedo_atthis gbif_bombina_variegata gbif_alauda_arvensis gbif_podiceps_cristatus gbif_acrocephalus_scirpaceus gbif_lutra_lutra gbif_ciconia_ciconia gbif_cervus_elaphus gbif_count_500m gbif_count_2km gbif_suitability roadkill_intensity_2km roadkill_count_2km
feature_infos=-1:6:5:2:4:0:7:3:1 -1:0:1:2 [2026:2040] [0:1] [0:1] [0.40000000000000002:2] [0:3] [0:3] [0:3] [0:125011.43205326654] [0:6] [0:3] [0:5] [0:1] [44.225848332120513:209444.01326761045] [0.16774822241364587:228.22479370757517] [0:4.4129166666666659] [0:89.364999999999995] [0:1] [0:1] [0:1] [0:1] none none none none none none none none none [0:1.0918136539803009] none none [0:37] [0:3.2117718603482626] [0:17.727708328222089] [0:15]
tree_sizes=2051 2179 2227 2155 2156 2139 2126 2126 2140 2154 2165 2146 2159 2144 2158 2148 2138 2172 2160 2156 2187 2183 2188 2173 2142 2136 2155 2167 2154 2190 2209 2208 2163 2161 2170 2198 2169 2199 2225 2168 2206 2204 2223 2193 2174 2155 2210 2202 2214 2211 2214 2215 2200 2206 2193 2216 2212 2195 2213 2251 2226 2202 2242 2221 2207 2175 2223 2242 2249 2225 2218 2254 2245 2249 2242 2183 2209 2222 2253 2227 2213 2208 2251 2250 2219 2204 2192 2257 2242 2236 2233 2204 2202 2189 2221 2205 2222 2233 2235 2225 2267 2250 2260 2207 2244 2260 2253 2210 2200 2222 2215 2228 2259 2232 2232 2263 2228 2252 2243 2248

Tree=0
num_leaves=24
num_cat=2
split_feature=2 0 5 5 5 2 5 2 2 2 0 5 5 2 5 7 5 2 16 2 14 5 5
split_gain=60.6823 100.127 37.7136 8.81405 7.40089 6.75637 4.99006 4.94294 3.43505 2.28529 3.99381 7.27273 1.7995 1.59955 1.69271 1.47576 1.30179 1.27643 1.5557 0.798793 0.777184 0.762762 0.592279
threshold=2030.5000000000002 0 0.95417278502810365 1.2451720273098628 0.74651220879099955 2029.5000000000002 1.0816180947461709 2028.5000000000002 2026.5000000000002 2031.5000000000002 1 1.2393793021592654 1.5300513205035833 2028.5000000000002 1.1498103798023716 1.0000000180025095e-35 0.93566252435764941 2029.5000000000002 1.756416666666667 2027.5000000000002 85976.077689391241 0.83296196964687219 1.5300513205035833
decision_type=2 1 2 2 2 2 2 2 2 2 1 2 2 2 2 2 2 2 2 2 2 2 2
left_child=1 2 4 -3 19 13 -7 12 -6 10 11 16 15 -4 -15 -5 -2 18 21 -1 -8 -10 -11
right_child=9 3 5 7 8 6 20 -9 17 22 -12 -13 -14 14 -16 -17 -18 -19 -20 -21 -22 -23 -24
leaf_value=25.677754139106035 25.294935543300152 25.372692076212264 27.122509373796788 25.743599329242691 26.072571624649392 25.702491555060806 26.154060408880287 25.447450016851075 25.692259747927871 24.961649220877433 25.108001581977806 26.01870390056299 26.037416132454176 26.029547874174295 26.36434967567093 25.689920425193908 25.693539676204534 25.621630370539549 26.065800862328341 25.395929247435653 25.892388673507504 25.868989282373057 25.488006400321844
leaf_weight=33 48 704 170 47 27 22 25 63 24 2438 168 20 22 39 25 50 42 20 23 58 21 34 76
leaf_count=33 48 704 170 47 27 22 25 63 24 2438 168 20 22 39 25 50 42 20 23 58 21 34 76
internal_value=25.5919 25.6004 25.6175 25.59 25.6022 25.6294 25.6156 25.5998 25.6099 25.5876 25.5919 25.599 25.6058 25.6335 25.6267 25.6029 25.5936 25.6057 25.6085 25.5913 25.6249 25.6041 25.5871
internal_weight=4199 1407 521 886 219 302 68 182 128 2792 278 110 119 234 64 97 90 101 81 91 46 58 2514
internal_count=4199 1407 521 886 219 302 68 182 128 2792 278 110 119 234 64 97 90 101 81 91 46 58 2514
cat_boundaries=0 1 2
cat_threshold=164 164
is_linear=0
shrinkage=1


Tree=1
num_leaves=24
num_cat=0
split_feature=2 2 2 14 8 3 15 14 7 14 14 11 11 11 14 19 14 11 7 16 14 11 15
split_gain=56.681 7.01108 2.68361 1.48871 1.98815 2.23597 1.5588 1.32906 1.15705 1.08985 0.972918 1.13256 0.833829 1.58909 0.727417 0.693687 0.568818 0.551338 0.545394 1.03544 0.869068 1.19812 0.788441
threshold=2030.5000000000002 2027.5000000000002 2032.5000000000002 46234.081037188625 1.0000000180025095e-35 1.0000000180025095e-35 75.935592130221409 155823.54495080555 1.0000000180025095e-35 177598.3714906082 131317.64693942617 0.012021877900814383 0.30028405860890894 1.0053440386104673 28076.068466946304 1.0000000180025095e-35 46234.081037188625 1.2557254659792982 1.0000000180025095e-35 1.0000000180025095e-35 30577.265212828435 0.73629510341212356 95.469103393965256
decision_type=2 2 2 2 2 2 2 2 2 2 2 2 2 2 2 2 2 2 2 2 2 2 2
left_child=1 3 17 4 5 12 -5 10 -9 15 11 -8 -1 -14 -6 16 -3 -2 19 -17 21 -21 -22
right_child=2 9 -4 6 14 -7 7 8 -10 -11 -12 -13 13 -15 -16 18 -18 -19 -20 20 22 -23 -24
leaf_value=0.416206303936832 -0.10620537717952575 -0.19443988111589147 -0.64512504965474449 0.27983695139994269 0.20726812327539848 1.2211496796689234 0.49504105058071146 1.1546076365654869 -0.0054989289166010912 0.29608171290888946 0.924161273975318 0.81133965664025143 0.97859533707973589 0.14637588269811372 0.51152081350434742 -0.051308847237287174 0.28304823129839962 0.048314657507093961 0.23607598516718931 0.50191497793607798 0.24619132414378814 0.39333153013139072 0.38204643650089815
leaf_weight=72 540 49 2224 93 33 50 122 26 24 31 29 45 34 22 30 44 46 28 347 47 141 31 91
leaf_count=72 540 49 2224 93 33 50 122 26 24 31 29 45 34 22 30 44 46 28 347 47 141 31 91
internal_value=-7.0256e-05 0.00811301 -0.00419413 0.0123276 0.0153319 0.0180337 0.0101917 0.0122764 0.005 0.00515719 0.0141327 0.0126647 0.0145312 0.0191071 0.00769841 0.00479899 0.000789472 -0.00112676 0.00534237 0.00672316 0.00774193 0.0123077 0.0062069
internal_weight=4199 1407 2792 580 241 178 339 246 50 827 196 167 128 56 63 796 95 568 701 354 310 78 232
internal_count=4199 1407 2792 580 241 178 339 246 50 827 196 167 128 56 63 796 95 568 701 354 310 78 232
is_linear=0
shrinkage=0.05


Tree=2
num_leaves=24
num_cat=1
split_feature=5 5 7 9 5 4 14 14 15 14 5 15 36 18 9 15 5 15 14 15 5 1 11
split_gain=12.8982 4.87222 0.888012 0.775338 0.769122 0.650437 0.55567 1.54134 0.91522 0.633516 0.466637 0.449492 0.826349 0.520776 0.450427 0.44626 0.440921 0.893667 0.438684 0.635224 0.493271 0.706618 0.417082
threshold=1.2716120369759094 0.94803883727286387 1.0000000180025095e-35 30029.915240155937 0.75606233012901958 1.0000000180025095e-35 15224.15924458223 22592.649070886775 24.812388260590357 30577.265212828435 1.0969306560913907 14.506603944714575 0.84409925962992161 1.0000000180025095e-35 23770.315617280463 186.60976970869663 1.3771122059273162 104.51569050480074 122602.85106732538 127.56709435200287 1.0367651859622036 0 1.0036184243346653
decision_type=2 2 2 2 2 2 2 2 2 2 2 2 2 2 2 2 2 2 2 2 2 1 2
left_child=1 4 3 11 -1 6 -2 -8 -9 -10 -4 -3 13 -13 18 -6 -7 -18 20 -20 21 -15 -12
right_child=5 2 10 -5 15 16 7 8 9 -11 22 12 -14 14 -16 -17 17 -19 19 -21 -22 -23 -24
leaf_value=-0.54966000359787259 0.48853013834535014 -0.23591680207962701 -0.12665604683297005 -0.094927445507277677 -0.22297432296644454 0.078803304893456758 0.97519141272618881 -0.066294287964822909 0.5624471625577574 0.44051087031186953 -0.0048453125785968623 -0.12591185478217468 0.3358089465314158 0.094316058280337234 0.32741794442426181 0.058696917493521822 0.27045120401361672 1.425436154289597 0.29611644213292632 0.074988454337477958 0.2500914613942159 -0.28714313329933722 0.34042984834060308
leaf_weight=793 45 44 447 143 938 109 27 30 28 355 377 85 20 80 29 20 76 34 26 41 317 90 45
leaf_count=793 45 44 447 143 938 109 27 30 28 355 377 85 20 80 29 20 76 34 26 41 317 90 45
internal_value=-0.000236962 -0.00148069 0.000389907 0.00151428 -0.0033438 0.0059375 0.00695876 0.0075 0.00674334 0.00740209 -0.000742234 0.00217213 0.00248546 0.00218563 0.0027187 -0.0023904 0.0036758 0.00590909 0.00240072 0.00619403 0.00187885 -0.000294119 0.000450236
internal_weight=4199 3495 1744 875 1751 704 485 440 413 383 869 732 688 668 583 958 219 110 554 67 487 170 422
internal_count=4199 3495 1744 875 1751 704 485 440 413 383 869 732 688 668 583 958 219 110 554 67 487 170 422
cat_boundaries=0 1
cat_threshold=2
is_linear=0
shrinkage=0.05


Tree=3
num_leaves=24
num_cat=2
split_feature=2 0 5 2 5 5 5 2 2 2 0 5 5 2 5 5 5 2 5 15 2 2 5
split_gain=51.5647 94.4757 37.3816 8.68082 6.26651 5.68858 5.65774 2.97711 2.7667 2.68361 6.82678 9.07949 2.03377 1.6875 1.49532 1.18519 1.13487 2.62724 0.905956 0.8456 0.798793 0.790323 0.635702
threshold=2030.5000000000002 0 0.95417278502810365 2028.5000000000002 1.3730171506729645 1.0894399391156535 0.74651220879099955 2027.5000000000002 2028.5000000000002 2032.5000000000002 1 1.2393793021592654 1.2892373734878864 2029.5000000000002 0.93566252435764941 0.82102913517071141 1.1577527833144476 2026.5000000000002 1.5300513205035833 70.886217027817565 2027.5000000000002 2031.5000000000002 1.1374106219301641
decision_type=2 1 2 2 2 2 2 2 2 2 1 2 2 2 2 2 2 2 2 2 2 2 2
left_child=1 2 6 -4 16 13 20 15 18 10 11 14 22 -5 -2 -8 -3 -18 -6 -9 -1 -16 -7
right_child=9 4 3 5 8 12 7 19 -10 -11 -12 -13 -14 -15 21 -17 17 -19 -20 -21 -22 -23 -24
leaf_value=0.071486643019500057 -0.26392163480141345 -0.28145332749956475 1.3835128890220583 0.2928800200050094 0.18410201913240826 0.41288780110225209 0.29472839418468777 0.063091066846761426 -0.049501152415005439 -0.61434711025821775 -0.36822008867178813 0.44346665024320625 0.67288148486233179 0.089901760398622951 0.10465150821254997 0.45674257065826718 0.071629539109782675 -0.11750687475415802 0.38036081233196539 0.26746737677618898 -0.15964637276079197 0.002232389332889028 0.49844541458101133
leaf_weight=33 57 614 170 24 36 21 27 42 26 2224 416 33 29 24 31 27 36 152 22 32 58 31 34
leaf_count=33 57 614 170 24 36 21 27 42 26 2224 416 33 29 24 31 27 36 152 22 32 58 31 34
internal_value=-0.000260778 0.00754442 0.0241902 0.0360596 -0.00248884 0.0264394 0.00892694 0.0157031 0.0104762 -0.00419413 -0.00112676 0.00765432 0.0342857 0.0127083 0.00172269 0.0246296 -0.00387781 -0.000478725 0.0165517 0.00918919 -0.000604397 0.00709677 0.0286364
internal_weight=4199 1407 521 302 886 132 219 128 84 2792 568 152 84 48 119 54 802 188 58 74 91 62 55
internal_count=4199 1407 521 302 886 132 219 128 84 2792 568 152 84 48 119 54 802 188 58 74 91 62 55
cat_boundaries=0 1 2
cat_threshold=164 36
is_linear=0
shrinkage=0.05


Tree=4
num_leaves=24
num_cat=3
split_feature=0 5 0 5 5 0 5 15 17 7 15 9 5 16 3 5 3 9 16 9 9 20 9
split_gain=37.7453 18.8427 5.31503 4.55923 3.5495 3.5362 2.42864 2.39621 1.21408 1.28036 0.962033 1.4436 1.0574 0.820232 0.725483 0.719055 1.00289 1.04552 0.716295 1.38226 0.707085 0.746871 0.809961
threshold=0 1.0154938974775825 1 0.75606233012901958 1.2716120369759094 2 1.3834267317466862 140.63016145694462 73.879583333333343 1.0000000180025095e-35 43.085257941319178 786.95866832995739 1.3572596427166561 1.4758333333333338 1.0000000180025095e-35 1.3869806392842978 1.0000000180025095e-35 29371.661932703861 1.4758333333333338 4445.1152425988676 28797.174205437808 1.0000000180025095e-35 8356.4248115679093
decision_type=1 2 1 2 2 1 2 2 2 2 2 2 2 2 2 2 2 2 2 2 2 2 2
left_child=1 2 3 -1 5 8 -2 18 14 -10 11 -6 13 -12 -3 -14 17 -17 19 -5 21 -7 -23
right_child=6 4 -4 7 10 20 -8 -9 9 -11 12 -13 15 -15 -16 16 -18 -19 -20 -21 -22 22 -24
leaf_value=-0.10623833620901504 -0.40031612577179243 0.74220743128308209 -0.10411248125270341 0.063741458403660953 1.2253039135961803 -0.044336738135615152 0.064005279287663072 0.27879655808180759 0.65888017400548093 0.37164092949080546 0.094407895158941907 1.1470931742350357 0.69653740960904154 0.64052589066434451 0.42324085597957056 0.36802628421545536 1.2644572617136347 1.5996136669416923 0.19272165248332196 0.49662173561777667 -0.0028173385971998013 0.21379740242925621 0.29088764110583476
leaf_weight=115 2387 62 543 31 33 40 220 22 45 44 28 68 28 38 21 37 21 20 85 26 51 170 64
leaf_count=115 2387 62 543 31 33 40 220 22 45 44 28 68 28 38 21 37 21 20 85 26 51 170 64
internal_value=-0.000403669 0.00564295 0.000413624 0.00589965 0.0112987 0.00878269 -0.00410203 0.0114634 0.0145055 0.0112921 0.0158791 0.0197525 0.0136046 0.00863636 0.0196988 0.0166981 0.0142308 0.0107895 0.00908451 0.0134211 0.00514925 0.00631387 0.00739316
internal_weight=4199 1592 822 279 770 497 2607 164 172 89 273 101 172 66 83 106 78 57 142 57 325 274 234
internal_count=4199 1592 822 279 770 497 2607 164 172 89 273 101 172 66 83 106 78 57 142 57 325 274 234
cat_boundaries=0 1 2 3
cat_threshold=164 4 4
is_linear=0
shrinkage=0.05


Tree=5
num_leaves=24
num_cat=4
split_feature=0 5 0 5 0 5 0 15 5 15 5 5 5 5 15 14 15 9 5 3 5 9 15
split_gain=33.1881 15.6084 4.46331 3.93958 3.69372 2.0811 2.17315 1.99108 1.84374 1.46454 1.54924 1.40138 1.34119 1.19381 1.17698 1.71071 1.40302 1.09838 0.912069 0.879226 0.878487 0.80614 0.804158
threshold=0 1.0154938974775825 1 0.75606233012901958 2 1.2451720273098628 3 140.63016145694462 1.304185265331794 45.445502452887652 1.2416095059357677 1.3869806392842978 1.5300513205035833 1.3572596427166561 59.016495951387469 64249.445123386446 105.40273958101986 2830.8216475947265 1.5935673327094293 1.0000000180025095e-35 1.1742771550500766 28797.174205437808 44.092760030381612
decision_type=1 2 1 2 1 2 1 2 2 2 2 2 2 2 2 2 2 2 2 2 2 2 2
left_child=1 2 3 -1 9 -2 -7 -5 21 10 17 13 19 -10 -11 -16 -17 -3 -14 22 -18 -6 -8
right_child=5 4 -4 7 8 6 12 -9 11 14 -12 -13 18 -15 15 16 20 -19 -20 -21 -22 -23 -24
leaf_value=-0.10092641939856435 -0.40332062433194688 0.66664460362143962 -0.098906857190068295 0.31628187858592505 0.20777379553654943 -0.61260839593807259 -0.049894414702245198 0.26485673017771716 0.41025462426370157 0.43247615815336227 1.320031518856827 0.68284335361252202 0.30453540927168971 0.60922375485630564 1.2223530853274571 0.052199772591316002 0.73803429638616669 0.41164106684196683 0.14417867004376056 -0.13608799929006019 1.3736016902485828 -0.0039164597513222012 0.069628560883105914
leaf_weight=115 2097 34 543 142 298 221 59 22 41 25 37 93 20 26 36 32 32 24 29 74 39 53 107
leaf_count=115 2097 34 543 142 298 221 59 22 41 25 37 93 20 26 36 32 32 24 29 74 39 53 107
internal_value=-0.000558467 0.00511236 0.000352797 0.00538062 0.0102597 -0.0040256 -0.00117647 0.0105488 0.00728407 0.0152602 0.0207895 0.011875 0.00168896 0.0173881 0.0129878 0.0147842 0.0115049 0.0156897 0.00928571 0.000208332 0.0154225 0.00539886 0.00222891
internal_weight=4199 1592 822 279 770 2607 510 164 511 259 95 160 289 67 164 139 103 58 49 240 71 351 166
internal_count=4199 1592 822 279 770 2607 510 164 511 259 95 160 289 67 164 139 103 58 49 240 71 351 166
cat_boundaries=0 1 2 3 4
cat_threshold=164 4 4 72
is_linear=0
shrinkage=0.05


Tree=6
num_leaves=24
num_cat=3
split_feature=2 0 5 5 2 0 5 5 2 2 14 5 17 2 5 1 14 5 14 9 9 5 2
split_gain=51.5387 77.9774 32.9394 7.2272 4.08733 8.9167 7.70055 4.0393 3.61117 2.9577 2.46096 2.40625 2.31818 2.26503 1.52398 1.43118 1.43033 1.06737 0.966376 0.952778 0.63307 0.528749 0.541126
threshold=2029.5000000000002 0 0.94803883727286387 1.1912409331906684 2031.5000000000002 1 0.95989162001894435 0.78493427256843895 2027.5000000000002 2028.5000000000002 55469.806162322922 1.2252164419808278 74.884166666666673 2027.5000000000002 1.040856504656215 2 97462.014508123553 1.4854173152328105 67715.521830772239 13884.561772756344 1576.3889885512183 1.3466728658495071 2030.5000000000002
decision_type=2 1 2 2 2 1 2 2 2 2 2 2 2 2 2 1 2 2 2 2 2 2 2
left_child=1 2 7 -3 5 6 -2 15 10 14 20 19 -11 -9 -4 -1 -12 -10 -15 -8 -5 -7 -23
right_child=4 3 9 8 -6 21 11 13 17 12 16 -13 -14 18 -16 -17 -18 -19 -20 -21 -22 22 -24
leaf_value=0.12480561704393045 -0.05429461994857479 -0.17964242722861112 0.49135063927344391 0.2630062822468851 -0.55500206363636284 -0.29983768086508072 0.2658194110561567 0.39426476507717079 -0.090121216721572681 0.36334429503436816 0.16799388899265394 0.35710554257261756 0.51903914424738207 0.035843259042134049 1.2884703846652545 -0.025207467471088093 0.193322981322922 0.17919534537619053 0.26606393931408218 0.056077111228179766 -0.002605685333200207 0.12577509689054328 -0.26540925204321919
leaf_weight=36 65 548 43 22 2514 334 36 38 75 34 21 32 32 21 130 58 34 20 20 20 24 22 20
leaf_count=36 65 548 43 22 2514 334 36 38 75 34 21 32 32 21 130 58 34 20 20 20 24 22 20
internal_value=-0.000665636 0.0083218 0.0254502 -0.00148541 -0.00407986 -8.50674e-05 0.00972393 0.00945087 0.00673469 0.0380962 0.0133168 0.02 0.0290909 0.0177848 0.0415318 0.00244681 0.0204545 -0.000263159 0.00963415 0.01375 0.00478261 -0.0042228 0.00095238
internal_weight=4199 1156 412 744 3043 529 153 173 196 239 101 88 66 79 173 94 55 95 41 56 46 376 42
internal_count=4199 1156 412 744 3043 529 153 173 196 239 101 88 66 79 173 94 55 95 41 56 46 376 42
cat_boundaries=0 1 2 3
cat_threshold=164 36 2
is_linear=0
shrinkage=0.05


Tree=7
num_leaves=24
num_cat=3
split_feature=2 0 5 2 2 5 0 2 5 15 5 14 5 17 15 5 0 2 5 2 5 17 9
split_gain=46.7137 71.319 35.5023 7.66202 6.07613 5.42691 5.50111 9.25264 4.11405 3.25208 2.22839 2.40368 2.11314 1.60495 1.30543 1.28726 1.1536 5.98098 1.13683 0.721491 0.618127 0.482576 0.368408
threshold=2030.5000000000002 0 1.0179578550006412 2028.5000000000002 2027.5000000000002 1.1543510596373601 1 2027.5000000000002 0.86354054545950343 55.61385114553012 0.82102913517071141 72569.01347930466 1.3207557252961468 74.884166666666673 26.740512684119718 1.3730171506729645 2 2031.5000000000002 1.3246791633457937 2026.5000000000002 1.1415607775418246 74.884166666666673 3589.1251062431361
decision_type=2 1 2 2 2 2 1 2 2 2 2 2 2 2 2 2 1 2 2 2 2 2 2
left_child=1 2 4 20 8 -3 -7 9 13 -8 -6 -12 14 19 -5 -9 17 -2 -19 -1 22 -16 -4
right_child=16 5 3 12 10 6 7 15 -10 -11 11 -13 -14 -15 21 -17 -18 18 -20 -21 -22 -23 -24
leaf_value=0.26073528118178274 0.26444251136792796 -0.21845331720149408 0.61459194888755653 0.32374881462814131 -0.0943555324301108 -0.54818887352168677 0.15345388360092821 -0.12621122467696352 0.43556989864358153 0.33126177952926023 0.022588680031156261 0.2238302368641962 0.56362836573495456 0.025970725055205892 0.29633708567083683 0.17023557418367077 -0.51248907530832832 -0.31382308305398476 0.026086919352154195 0.20009626054904756 1.3756168414423726 0.4303423537876685 0.52032614887567064
leaf_weight=21 35 610 28 22 81 115 35 64 35 32 44 37 23 25 33 30 2436 283 38 25 92 32 23
leaf_count=21 35 610 28 22 81 115 35 64 35 32 44 37 23 25 33 30 2436 283 38 25 92 32 23
internal_value=-0.000808527 0.00662047 0.0210829 0.0349209 0.00880597 -0.00209822 0.00369565 0.00932748 0.0181132 0.0241045 0.00271605 0.00858025 0.025 0.0111972 0.0214368 -0.000212767 -0.00455229 -0.00172131 -0.00390966 0.0167391 0.0425524 0.025 0.0381373
internal_weight=4199 1407 521 253 268 886 276 161 106 67 162 81 110 71 87 94 2792 356 321 46 143 65 51
internal_count=4199 1407 521 253 268 886 276 161 106 67 162 81 110 71 87 94 2792 356 321 46 143 65 51
cat_boundaries=0 1 2 3
cat_threshold=164 72 4
is_linear=0
shrinkage=0.05


Tree=8
num_leaves=24
num_cat=4
split_feature=2 0 0 2 0 2 0 2 2 2 15 16 16 9 15 15 8 9 16 15 15 16 7
split_gain=42.4914 62.1388 7.17676 8.1377 3.41663 10.8888 2.38357 2.04484 1.30536 1.13794 1.11098 1.01587 0.969549 1.07145 1.67814 0.633796 0.626868 0.621096 0.5625 0.477113 0.331074 0.329301 0.323678
threshold=2029.5000000000002 0 1 2027.5000000000002 2 2031.5000000000002 3 2027.5000000000002 2033.5000000000002 2028.5000000000002 71.878914258797877 1.4758333333333338 2.1729166666666671 581.24256917423725 63.018471646829688 59.016495951387469 1.0000000180025095e-35 6112.4550825136303 2.1729166666666671 90.206750750903851 132.58468279405687 1.756416666666667 1.0000000180025095e-35
decision_type=2 1 1 2 1 2 1 2 2 2 2 2 2 2 2 2 2 2 2 2 2 2 2
left_child=1 2 9 12 5 18 7 10 17 15 22 -5 13 -4 -15 -1 21 -7 -2 -12 -21 -13 -3
right_child=4 6 3 11 -6 8 -8 -9 -10 -11 19 16 -14 14 -16 -17 -18 -19 -20 20 -22 -23 -24
leaf_value=1.0741595255675154 0.31266380720002307 0.094689537030218679 0.13296126741500594 0.033125568970581117 -0.4151736322985497 0.029986215944030961 -0.58527444262243655 -0.096663862291313116 -0.44552925120287812 0.47438768289585442 0.10015929916055406 0.055460197199983574 0.6165669034067609 0.54807362875437138 0.49611316399648953 1.3457816994739078 0.30619876059417167 -0.013940339693397903 0.24661392582654079 0.045877994255325051 0.15644193969436035 0.17734501378296533 -0.017524375694035494
leaf_weight=48 48 66 31 42 2650 30 309 221 269 37 23 32 43 29 38 60 22 22 24 46 29 30 50
leaf_count=48 48 66 31 42 2650 30 309 221 269 37 23 32 43 29 38 60 22 22 24 46 29 30 50
internal_value=-0.000963326 0.00719723 0.0224882 0.0159386 -0.00406343 0.000334986 -0.00155173 0.000842695 -0.00359813 0.0327419 0.00434579 0.00730159 0.0247872 0.0220408 0.025597 0.0375926 0.0104762 0.00365384 0.0179167 0.0082653 0.00633333 0.00790322 0.00103448
internal_weight=4199 1156 412 267 3043 393 744 435 321 145 214 126 141 98 67 108 84 52 72 98 75 62 116
internal_count=4199 1156 412 267 3043 393 744 435 321 145 214 126 141 98 67 108 84 52 72 98 75 62 116
cat_boundaries=0 1 2 3 4
cat_threshold=164 4 4 19
is_linear=0
shrinkage=0.05


Tree=9
num_leaves=24
num_cat=4
split_feature=2 0 0 2 2 0 2 14 10 2 2 0 17 17 14 14 7 8 9 2 15 9 9
split_gain=37.6822 56.3498 9.10487 8.37131 2.51797 1.91645 2.67123 1.21567 0.997493 1.70669 0.946447 2.41213 0.916122 0.71322 0.965403 0.659727 0.610782 0.596276 0.660292 0.560654 0.528074 0.689954 0.514437
threshold=2030.5000000000002 0 1 2027.5000000000002 2029.5000000000002 2 2027.5000000000002 58352.427300423915 1.5000000000000002 2026.5000000000002 2032.5000000000002 3 74.884166666666673 73.879583333333343 80922.769451986052 125177.10711749321 1.0000000180025095e-35 1.0000000180025095e-35 26496.096493499663 2026.5000000000002 57.671785690171546 6596.4681750646305 2446.258549603634
decision_type=2 1 1 2 2 1 2 2 2 2 2 1 2 2 2 2 2 2 2 2 2 2 2
left_child=1 2 4 8 19 6 7 -3 9 12 11 17 -4 22 -15 -16 -11 18 20 -1 -2 -22 -5
right_child=10 5 3 13 -6 -7 -8 -9 -10 16 -12 -13 -14 14 15 -17 -18 -19 -20 -21 21 -23 -24
leaf_value=1.428509990588205 0.099187162478779484 -0.0046040105857183891 0.51695186484081634 0.078269505797137789 0.30215356265008736 -0.56441878388618594 -0.12502126671726366 0.090081600799135492 0.38222380697155445 0.41404312612698302 -0.55168843683938129 -0.29681746566743422 0.7577327828258521 0.1018593129970983 0.2753295645149953 0.069781614629805033 0.21956104118160691 -0.011762392262285098 -0.11822001526928559 0.78493925934638065 0.029816280245946781 0.061962311701059036 -0.010043922421817418
leaf_weight=31 49 99 27 43 37 369 303 115 33 34 2224 416 24 62 24 29 23 39 23 114 21 20 40
leaf_count=31 49 99 27 43 37 369 303 115 33 34 2224 416 24 62 24 29 23 39 23 114 21 20 40
internal_value=-0.0010824 0.00558991 0.0184463 0.0126218 0.0280729 -0.00215402 -0.000161291 0.00411215 0.022305 0.0246296 -0.00444484 -0.00262324 0.0312745 0.00636364 0.00891304 0.0138679 0.0186842 0.00271605 0.00473451 0.0325862 0.00666667 0.0108537 0.00283132
internal_weight=4199 1407 521 339 182 886 517 214 141 108 2792 568 51 198 115 53 57 152 113 145 90 41 83
internal_count=4199 1407 521 339 182 886 517 214 141 108 2792 568 51 198 115 53 57 152 113 145 90 41 83
cat_boundaries=0 1 2 3 4
cat_threshold=164 4 19 36
is_linear=0
shrinkage=0.05


Tree=10
num_leaves=24
num_cat=1
split_feature=2 0 5 2 5 5 2 2 5 5 5 2 15 15 5 14 2 5 2 5 5 9 5
split_gain=33.2817 48.7092 35.2979 7.51521 5.76962 5.16477 3.15657 2.9639 2.69747 1.50417 1.28483 1.75805 1.19263 1.13453 1.09091 1.0859 1.03712 0.968073 4.59844 0.870335 0.860106 1.20454 0.857566
threshold=2030.5000000000002 0 1.0367651859622036 2028.5000000000002 1.3466728658495071 0.84976300489942436 2028.5000000000002 2027.5000000000002 1.3207557252961468 1.0921227308458137 1.0942162355239466 2027.5000000000002 98.91055636898183 89.527402216540096 1.5300513205035833 37301.303167889149 2027.5000000000002 1.4971340844100429 2032.5000000000002 1.3310264847438595 0.6677617044747115 15910.228794304317 0.96426533895968825
decision_type=2 1 2 2 2 2 2 2 2 2 2 2 2 2 2 2 2 2 2 2 2 2 2
left_child=1 2 5 19 10 20 14 22 9 -5 -3 13 -9 -12 16 -11 -6 -2 -19 -4 -1 -22 -7
right_child=17 4 3 8 6 7 -8 12 -10 15 11 -13 -14 -15 -16 -17 -18 18 -20 -21 21 -23 -24
leaf_value=-0.16680272417810782 -0.40888185848415903 -0.24416571790386554 0.67046835786734293 0.032341024268014301 0.21412412937501243 0.26467441744825349 -0.081350612372408107 0.027205728011270205 0.5115099307229144 0.29495311445109146 0.006612340620505525 -0.14338998936158714 0.22196531882450971 0.034997043637957269 0.33411340681046009 0.35098112152659761 0.015572908124026919 0.088445598147990412 -0.31088124228120623 1.295352718368888 -0.013706087030841209 0.076676377073435567 0.37091077879715634
leaf_weight=66 2688 548 93 20 24 21 33 48 23 21 69 138 30 32 22 39 20 21 83 43 71 23 23
leaf_count=66 2688 548 93 20 24 21 33 48 23 21 69 138 30 32 22 39 20 21 83 43 71 23 23
internal_value=-0.00128483 0.00498578 0.0169397 0.0314017 -0.00220982 0.00528369 0.00914141 0.0130328 0.0212136 0.016875 -0.00366582 -0.000606696 0.00717949 0.00440594 0.0154545 0.0208333 0.0109091 -0.00444484 0.00028846 0.0391176 -0.000625001 0.00244681 0.0234091
internal_weight=4199 1407 521 239 886 282 99 122 103 80 787 239 78 101 66 60 44 2792 104 136 160 94 44
internal_count=4199 1407 521 239 886 282 99 122 103 80 787 239 78 101 66 60 44 2792 104 136 160 94 44
cat_boundaries=0 1
cat_threshold=164
is_linear=0
shrinkage=0.05


Tree=11
num_leaves=24
num_cat=3
split_feature=2 0 5 2 0 5 5 2 2 5 2 5 0 5 5 2 5 5 5 2 15 15 4
split_gain=29.9732 43.7717 32.8846 6.98492 6.14707 7.7593 5.71252 3.15657 2.63043 2.24 1.71582 4.73365 2.47828 2.75604 1.25373 1.96597 1.24626 1.14814 1.09091 1.03712 0.951591 0.820319 0.699129
threshold=2030.5000000000002 0 1.040856504656215 2028.5000000000002 1 0.84976300489942436 1.3466728658495071 2028.5000000000002 2028.5000000000002 1.2994426869863489 2032.5000000000002 1.4308953954205845 2 1.2416095059357677 1.0758755085164153 2026.5000000000002 0.6677617044747115 1.3429576197623241 1.5300513205035833 2027.5000000000002 75.269176838389953 37.956939061017628 1.0000000180025095e-35
decision_type=2 1 2 2 1 2 2 2 2 2 2 2 1 2 2 2 2 2 2 2 2 2 2
left_child=1 2 4 17 5 16 14 18 -7 21 11 12 13 20 -3 -16 -1 22 19 -8 -2 -5 -4
right_child=10 6 3 9 -6 8 7 -9 -10 -11 -12 -13 -14 -15 15 -17 -18 -19 -20 -21 -22 -23 -24
leaf_value=-0.095991149647671317 -0.042934546643851906 -0.23219727966081849 0.53232163184950021 0.28558960492072255 -0.0041948012665827972 0.44878343388150421 0.20341792290626182 -0.07728308175378773 0.14105137782288313 0.43799711274147662 -0.5048938464520949 0.17614956580180385 -0.26777000645010912 0.20786065186879388 0.045067184857586824 -0.074875395676449463 0.14261409371160735 1.245370711168464 0.31740773646993714 0.014794262717825513 0.011336656701752754 0.23676598493794687 0.65096316637918827
leaf_weight=25 71 528 61 23 186 23 24 33 23 28 2224 28 405 23 49 210 34 41 22 20 41 49 28
leaf_count=25 71 528 61 23 186 23 24 33 23 28 2224 28 405 23 49 210 34 41 22 20 41 49 28
internal_value=-0.00128483 0.00466595 0.0159981 0.0304348 0.00513746 0.0141304 -0.00215402 0.00914141 0.0308696 0.0205 -0.00428367 -0.00183099 -0.00287037 0.00293103 -0.00360229 -0.000752897 0.00347458 0.0380769 0.0154545 0.0109091 -8.92869e-05 0.0158333 0.0348876
internal_weight=4199 1407 521 230 291 105 886 99 46 100 2792 568 540 135 787 259 59 130 66 44 112 72 89
internal_count=4199 1407 521 230 291 105 886 99 46 100 2792 568 540 135 787 259 59 130 66 44 112 72 89
cat_boundaries=0 1 2 3
cat_threshold=164 4 132
is_linear=0
shrinkage=0.05


Tree=12
num_leaves=24
num_cat=0
split_feature=2 5 5 2 5 2 5 2 14 5 14 9 2 17 14 7 7 9 5 2 14 17 14
split_gain=27.4642 21.7361 6.12514 3.01841 4.3697 2.9727 1.77784 1.70859 1.40562 1.2487 1.18824 0.996063 0.896176 0.835115 0.817021 0.732601 0.701014 0.622222 0.586883 0.578286 0.556841 0.527473 0.457886
threshold=2029.5000000000002 1.0632720573186565 1.3514613398798503 2032.5000000000002 1.3207557252961468 2026.5000000000002 0.88037162294841587 2027.5000000000002 93498.908367756827 1.0687437210359148 119390.48173476249 17055.444815789935 2028.5000000000002 74.884166666666673 55060.57603416223 1.0000000180025095e-35 1.5000000000000002 1836.9916982578663 1.4158576102881872 2031.5000000000002 18016.10850161799 73.879583333333343 102507.31091913018
decision_type=2 2 2 2 2 2 2 2 2 2 2 2 2 2 2 2 2 2 2 2 2 2 2
left_child=1 6 5 4 9 13 -1 22 12 -2 -10 16 15 14 -3 21 19 -17 -9 -6 -11 -7 -4
right_child=3 2 7 -5 11 8 -8 18 10 20 -12 -13 -14 -15 -16 17 -18 -19 -20 -21 -22 -23 -24
leaf_value=-0.095304118511990665 -0.22263220617288515 0.73169921133887827 1.013631460194965 -0.47964915412949011 0.23110300673780448 0.13270396153376782 0.066309305249512465 0.20318895407924953 0.34726999877890341 0.21214729700203627 0.15751742690598319 -0.004532449945508824 -0.023682531484492203 0.27858461582913713 0.16939271175714171 0.54340252170121828 0.010754789100725063 -0.0085014021823480411 0.52330163644762306 0.039302648537834127 -0.0077365311535161768 0.27583863355599592 1.0023695500471808
leaf_weight=386 470 27 41 2224 32 26 300 21 29 37 56 29 61 32 20 28 23 35 41 23 205 28 25
leaf_count=386 470 27 41 2224 32 26 300 21 29 37 56 29 61 32 20 28 23 35 41 23 205 28 25
internal_value=-0.00143963 0.00512111 0.0134043 -0.00393198 -0.001337 0.00991228 -0.000553937 0.0227344 0.00735741 -0.00275281 0.0126471 0.00808411 0.00483146 0.0184177 0.0226596 0.00739316 0.0110256 0.00373016 0.0167742 0.0140909 0.000165288 0.0116667 0.0283333
internal_weight=4199 1156 470 3043 819 342 686 128 263 712 85 107 178 79 47 117 78 63 62 55 242 54 66
internal_count=4199 1156 470 3043 819 342 686 128 263 712 85 107 178 79 47 117 78 63 62 55 242 54 66
is_linear=0
shrinkage=0.05


Tree=13
num_leaves=24
num_cat=3
split_feature=2 0 5 5 0 5 2 0 2 5 5 2 2 7 5 9 5 2 14 2 14 2 15
split_gain=25.0748 40.4391 18.8582 13.937 6.72674 7.03543 6.05955 1.9218 7.81674 6.91131 1.88803 1.84737 1.79708 1.1812 1.1556 0.965748 0.943959 1.52867 0.868443 0.753554 0.543478 0.45887 0.44971
threshold=2030.5000000000002 0 0.88037162294841587 1.3466728658495071 1 1.0444469704850843 2027.5000000000002 2 2033.5000000000002 1.1393490278976233 1.0632720573186565 2028.5000000000002 2027.5000000000002 1.0000000180025095e-35 1.2252164419808278 1796.9841325213447 1.0942162355239466 2026.5000000000002 50285.261145257195 2026.5000000000002 78673.014554060079 2029.5000000000002 53.223471724376004
decision_type=2 1 2 2 1 2 2 1 2 2 2 2 2 2 2 2 2 2 2 2 2 2 2
left_child=1 2 11 4 5 19 22 8 9 18 13 -1 15 -4 -8 -5 -6 20 -2 -3 -18 -14 -7
right_child=7 3 10 12 16 6 14 -9 -10 -11 -12 -13 21 -15 -16 -17 17 -19 -20 -21 -22 -23 -24
leaf_value=0.15764117913105979 -0.04057818987797434 0.03801500640333038 0.32643349049363501 0.56789057781959007 -0.22366303328810686 0.30562683382593936 0.018016713744748055 -0.39722169699199755 -0.32599712384747809 0.31318949478397362 1.0539111198646995 -0.060502759759351557 0.16298129371161765 0.44271533208062303 0.14878826658924102 0.46649805518615095 0.01299720702460423 -0.076252531142336738 0.017281035044882768 -0.046778608445521411 0.026442100521061319 0.05982686295950488 0.30837180057906655
leaf_weight=38 32 38 22 21 548 21 46 2436 269 30 72 27 58 23 22 36 23 193 25 151 23 25 20
leaf_count=38 32 38 22 21 548 21 46 2436 269 30 72 27 58 23 22 36 23 193 25 151 23 25 20
internal_value=-0.00155871 0.00388415 0.0252083 0.000506072 -0.00140553 0.0049026 0.0151835 -0.00430158 -0.000765028 0.0122414 0.0385897 0.005 0.0153571 0.0305556 0.00602941 0.022193 -0.00380803 -0.00123431 0.00201754 -0.000767197 0.00695652 0.0106626 0.0303659
internal_weight=4199 1407 182 1225 1085 298 109 2792 356 87 117 65 140 45 68 57 787 239 57 189 46 83 41
internal_count=4199 1407 182 1225 1085 298 109 2792 356 87 117 65 140 45 68 57 787 239 57 189 46 83 41
cat_boundaries=0 1 2 3
cat_threshold=4 160 4
is_linear=0
shrinkage=0.05


Tree=14
num_leaves=24
num_cat=2
split_feature=2 0 5 5 5 2 0 5 5 5 5 5 2 2 17 9 5 15 5 14 5 5 15
split_gain=22.9436 37.3839 24.8682 5.23904 4.76085 2.74105 6.08878 6.11637 3.77553 2.29932 2.0283 1.61591 1.66809 1.58282 1.93431 1.36335 1.30812 1.16298 0.906284 1.23857 0.589862 0.566445 0.752224
threshold=2029.5000000000002 0 1.0921227308458137 0.78826001885651131 1.5300513205035833 2032.5000000000002 1 1.2416095059357677 1.3834267317466862 1.3429576197623241 0.99172057139916781 1.0942162355239466 2026.5000000000002 2027.5000000000002 73.879583333333343 10694.82362200683 0.95604214863564396 75.935592130221409 1.1606751215755724 61929.621073215065 1.4971340844100429 1.2226069235746426 82.182338216230434
decision_type=2 1 2 2 2 2 1 2 2 2 2 2 2 2 2 2 2 2 2 2 2 2 2
left_child=1 2 3 -1 11 6 7 10 21 18 -2 -3 17 14 -5 16 -15 -13 -4 -20 -10 -8 -23
right_child=5 4 9 13 -6 -7 8 -9 20 -11 -12 12 -14 15 -16 -17 -18 -19 19 -21 -22 22 -24
leaf_value=-0.06301951778256841 -0.040144236446163863 -0.1877036886654046 0.2730184654856464 0.37563936115753849 0.21621288090672985 -0.43689481109273259 -0.21026606430923753 0.33628048356597762 0.025209856701974061 1.0210330087852988 0.18381089500562947 0.0089791890363413174 -0.039411285176575474 -0.015597154313213617 0.1780938131730542 0.15613492865561474 0.11831279941006222 0.029346250696149986 0.69877504728547635 0.7503132800282557 0.048498652913148539 -0.091691924320856294 0.042919309555603316
leaf_weight=96 51 464 38 39 29 2224 544 20 31 49 35 34 189 31 45 27 27 28 35 25 25 69 44
leaf_count=96 51 464 38 39 29 2224 544 20 31 49 35 34 189 31 45 27 27 28 35 25 25 69 44
internal_value=-0.00165397 0.00434256 0.0162085 0.00745283 -0.00241379 -0.00393198 -0.0014591 0.00922414 -0.00313278 0.0330952 0.00430232 -0.00325175 -1.99215e-05 0.0127515 0.017619 0.00794118 0.00362069 0.00709677 0.0286735 0.0325 0.00928571 -0.00423897 -0.0010177
internal_weight=4199 1156 412 265 744 3043 819 106 713 147 86 715 251 169 84 85 58 62 98 60 56 657 113
internal_count=4199 1156 412 265 744 3043 819 106 713 147 86 715 251 169 84 85 58 62 98 60 56 657 113
cat_boundaries=0 1 2
cat_threshold=164 4
is_linear=0
shrinkage=0.05


Tree=15
num_leaves=24
num_cat=3
split_feature=2 0 5 5 0 5 2 2 5 2 5 0 5 5 7 16 5 2 5 15 5 5 9
split_gain=20.2725 34.229 12.5087 10.2336 4.39137 4.5199 3.58252 2.35967 6.16385 2.28571 1.72893 1.42365 1.2803 1.24654 1.24076 1.23869 1.02621 0.93062 0.839683 0.721446 0.65625 0.610189 0.595238
threshold=2029.5000000000002 0 0.84976300489942436 1.3514613398798503 1 1.0444469704850843 2026.5000000000002 2032.5000000000002 1.3207557252961468 2027.5000000000002 1.0658108544522935 2 1.1606751215755724 0.70059082524422223 1.0000000180025095e-35 2.1729166666666671 1.0942162355239466 2027.5000000000002 1.5300513205035833 89.527402216540096 1.4730567937906967 1.4590833241574643 5597.0251579738779
decision_type=2 1 2 2 1 2 2 2 2 2 2 1 2 2 2 2 2 2 2 2 2 2 2
left_child=1 2 13 4 5 -3 -7 8 11 18 14 12 -2 -1 -4 21 -6 19 -5 -18 -11 -10 -14
right_child=7 3 10 9 16 6 -8 -9 15 20 -12 -13 22 -15 -16 -17 17 -19 -20 -21 -22 -23 -24
leaf_value=-0.058622069260035305 -0.014922144738854087 -0.011316304303163278 0.35567412545522492 0.32683642445538386 -0.17831850423213436 0.27694767652215635 0.053512999506123177 -0.41505007053809601 0.076668168408528803 0.02308935193574527 1.0521464550656265 -0.23617277537404091 0.20085453351202373 0.13865981684426965 0.42438024176716765 0.16228143883474211 -0.0022408702002989682 -0.12431922263942613 0.81321032015382322 0.021348536525993802 0.23468966262234933 0.054991012161605041 0.015096684665461572
leaf_weight=22 154 154 21 36 464 20 61 2224 53 32 56 516 21 24 22 32 70 98 20 32 24 22 21
leaf_count=22 154 154 21 36 464 20 61 2224 53 32 56 516 21 24 22 32 70 98 20 32 24 22 21
internal_value=-0.0018564 0.00378028 0.0256452 0.000386874 -0.00138487 0.00438775 0.0141358 -0.0039977 -0.0017033 0.0146429 0.0374242 -0.00338483 0.000339805 0.00586956 0.0298837 0.00948598 -0.00344214 -0.000500001 0.0217857 0.00284314 0.0075 0.013 0.00809524
internal_weight=4199 1156 145 1011 899 235 81 3043 819 112 99 712 196 46 43 107 664 200 56 102 56 75 42
internal_count=4199 1156 145 1011 899 235 81 3043 819 112 99 712 196 46 43 107 664 200 56 102 56 75 42
cat_boundaries=0 1 2 3
cat_threshold=4 160 36
is_linear=0
shrinkage=0.05


Tree=16
num_leaves=24
num_cat=5
split_feature=2 0 5 5 0 2 5 2 5 5 0 0 2 8 5 5 15 5 0 2 5 9 2
split_gain=18.3971 31.2075 13.4484 8.18457 9.7826 5.12427 2.57023 6.02953 2.26717 1.8992 1.6385 1.40134 1.46618 1.37751 1.32978 1.15227 1.12946 1.01967 0.898149 3.74918 3.32308 0.87391 0.760433
threshold=2029.5000000000002 0 0.84976300489942436 1.0942162355239466 1 2027.5000000000002 1.3207557252961468 2033.5000000000002 1.0816180947461709 1.2837255376576799 2 3 2026.5000000000002 1.0000000180025095e-35 1.3730171506729645 0.87576888871408942 98.91055636898183 1.2485015017600369 4 2031.5000000000002 0.88677049098292526 3422.9760890567318 2026.5000000000002
decision_type=2 1 2 2 1 2 2 2 2 2 1 1 2 2 2 2 2 2 1 2 2 2 2
left_child=1 2 -1 11 5 9 18 13 -4 -5 14 12 15 16 22 -3 21 -7 19 20 -2 -8 -6
right_child=6 3 8 4 10 17 7 -9 -10 -11 -12 -13 -14 -15 -16 -17 -18 -19 -20 -21 -22 -23 -24
leaf_value=0.093982975907619948 -0.079951299943727891 0.00042960947832243468 0.34203181356056306 0.11828490861863677 0.018746743733811261 -0.0036716545188530182 0.12964575966572461 -0.30689518660227194 1.0042337434226283 0.49962101303332579 -0.50224925136239296 -0.16940257902052766 -0.031742383367369544 -0.026038694010874941 0.16504982748172123 0.08282698918983121 0.021113102066331227 0.14501616028159917 -0.33916775872112415 -0.15534793949095116 0.19516319106950974 0.12918695718451587 -0.003798990831562243
leaf_weight=46 26 24 44 42 21 30 31 251 55 34 113 464 130 39 27 20 27 34 2303 283 39 44 72
leaf_count=46 26 24 44 42 21 30 31 251 55 34 113 464 130 39 27 20 27 34 2303 283 39 44 72
internal_value=-0.00189212 0.00347751 0.0243548 0.00023996 0.006126 0.016 -0.00393198 -0.000153062 0.0364141 0.0259211 -0.000473252 -0.00319749 0.000706521 0.00812057 0.00346154 0.00863636 0.0111765 0.00671875 -0.00449076 -0.00192738 0.00884615 0.0143333 0.000913977
internal_weight=4199 1156 145 1011 373 140 3043 392 99 76 233 638 174 141 120 44 102 64 2651 348 65 75 93
internal_count=4199 1156 145 1011 373 140 3043 392 99 76 233 638 174 141 120 44 102 64 2651 348 65 75 93
cat_boundaries=0 1 2 3 4 5
cat_threshold=4 161 18 160 4
is_linear=0
shrinkage=0.05


Tree=17
num_leaves=24
num_cat=0
split_feature=2 5 5 2 2 5 5 2 15 5 16 2 8 15 9 5 9 9 3 2 9 5 9
split_gain=17.5773 12.7488 3.22675 2.3526 2.2116 5.09209 1.83025 1.40666 1.95217 1.10643 0.988142 0.959906 0.93195 1.09783 0.986265 0.892955 0.667566 0.810388 0.864014 0.71952 0.620205 0.594381 0.481884
threshold=2029.5000000000002 1.1016024789624379 1.4730567937906967 2026.5000000000002 2033.5000000000002 1.3207557252961468 0.88037162294841587 2026.5000000000002 95.469103393965256 1.3730171506729645 1.756416666666667 2027.5000000000002 1.0000000180025095e-35 71.422255621652425 3682.7909514043681 1.0758755085164153 28341.279700853782 4832.2387531444283 1.0000000180025095e-35 2028.5000000000002 15565.808732800955 1.232385959691737 4518.8052811206917
decision_type=2 2 2 2 2 2 2 2 2 2 2 2 2 2 2 2 2 2 2 2 2 2 2
left_child=1 6 3 22 5 15 -1 8 10 16 -8 -4 13 14 -7 -2 17 18 19 21 -15 -5 -3
right_child=4 2 11 9 -6 12 7 -9 -10 -11 -12 -13 -14 20 -16 -17 -18 -19 -20 -21 -22 -23 -24
leaf_value=-0.096221038145463178 -0.20086650232846021 0.45418915123809706 0.79807431771713233 0.033635907735177974 -0.41777002460491275 0.1326849608375785 0.15175733010893336 0.0069516984791779899 -0.019016481159677568 0.44469705628795747 0.13988369258087924 0.33741530527136604 -0.024736759310331181 0.047377462136033853 0.15364821126854766 -0.019951190448541919 0.14657885208615545 -0.0004375501459239012 0.10646090063470111 -0.065401494593370343 -0.012281830150106065 0.23146574978267034 0.37324502327965975
leaf_weight=386 618 38 31 29 1972 29 32 265 34 36 23 26 39 21 30 312 37 80 40 27 22 26 46
leaf_count=386 618 38 31 29 1972 29 32 265 34 36 23 26 39 21 30 312 37 80 40 27 22 26 46
internal_value=-0.00198738 0.00326124 0.0102644 0.00850975 -0.00398127 -0.0021522 -0.000675677 0.0019209 0.00735955 0.00627273 0.0131818 0.0213158 0.00670213 0.00921569 0.0136441 -0.00349462 0.00504184 0.00391089 0.00647541 0.00353658 0.00313953 0.00681818 0.0158333
internal_weight=4199 1156 416 359 3043 1071 740 354 89 275 55 57 141 102 59 930 239 202 122 82 43 55 84
internal_count=4199 1156 416 359 3043 1071 740 354 89 275 55 57 141 102 59 930 239 202 122 82 43 55 84
is_linear=0
shrinkage=0.05


Tree=18
num_leaves=24
num_cat=3
split_feature=0 2 5 2 0 5 5 2 7 5 5 2 2 5 5 2 2 0 5 5 5 2 14
split_gain=17.784 29.1066 14.6924 6.17359 7.68698 7.6147 5.22164 3.50442 1.9958 1.82133 1.52632 2.70385 1.48935 2.07692 1.42012 1.14037 0.802355 2.00603 2.7002 0.896548 0.715909 0.544872 0.498701
threshold=0 2031.5000000000002 0.84976300489942436 2027.5000000000002 1 1.0444469704850843 1.1606751215755724 2027.5000000000002 1.0000000180025095e-35 1.4590833241574643 1.4590833241574643 2032.5000000000002 2033.5000000000002 1.0758755085164153 1.2837255376576799 2028.5000000000002 2030.5000000000002 2 1.2252164419808278 0.99399758775364122 1.0092673125895086 2028.5000000000002 56028.964613200696
decision_type=1 2 2 2 1 2 2 2 2 2 2 2 2 2 2 2 2 1 2 2 2 2 2
left_child=1 2 15 4 5 -2 7 -4 22 20 16 -12 13 -3 -7 -1 17 18 19 -5 -6 -8 -9
right_child=3 12 6 10 9 14 21 8 -10 -11 11 -13 -14 -15 -16 -17 -18 -19 -20 -21 -22 -23 -24
leaf_value=0.11737692700697828 0.019698465406223914 -0.054056454101559862 0.41833528613554977 -0.099041627445466074 -0.15642843434627571 0.17812722918212023 1.0192544278577691 0.059602293602939373 0.18811954918839929 0.17984658965703768 0.12988052306108053 -0.20222198919709139 -0.23086676301320344 0.14335019559897713 0.54873910496390788 -0.075931818221466316 -0.34544668447911664 -0.18794388308316956 0.071888791668584404 0.02690360119340883 -0.0025679851513788843 0.2904324119600124 0.092657267794509349
leaf_weight=35 80 27 23 95 198 34 34 22 23 20 55 108 269 25 27 34 2307 485 38 60 154 26 20
leaf_count=35 80 27 23 95 198 34 34 22 23 20 55 108 269 25 27 34 2307 485 38 60 154 26 20
internal_value=-0.00210646 0.00631387 0.020576 -0.00335195 0.00172515 0.0112252 0.0294595 0.0217045 0.0157692 -0.00212042 -0.00418996 0.000521471 -0.00313084 0.00461538 0.0253279 0.00152174 -0.00444724 -0.0029351 0.00140394 -0.00145161 -0.00301136 0.0408333 0.00928571
internal_weight=4199 538 217 3661 513 141 148 88 65 372 3148 163 321 52 61 69 2985 678 193 155 352 60 42
internal_count=4199 538 217 3661 513 141 148 88 65 372 3148 163 321 52 61 69 2985 678 193 155 352 60 42
cat_boundaries=0 1 2 3
cat_threshold=4 160 160
is_linear=0
shrinkage=0.05


Tree=19
num_leaves=24
num_cat=3
split_feature=0 2 5 2 0 5 2 5 5 5 2 2 5 2 5 5 5 5 5 7 14 15 1
split_gain=14.8707 26.5256 11.5847 5.7138 6.80031 6.69221 4.35184 6.02144 2.83747 2.0852 3.49543 2.03293 1.78813 1.52111 1.25208 1.12447 0.84375 0.762764 0.741164 0.677289 0.7132 0.51349 0.428571
threshold=0 2029.5000000000002 0.86354054545950343 2027.5000000000002 1 1.1313192132347927 2033.5000000000002 1.2416095059357677 1.1523394282416142 1.3207557252961468 2032.5000000000002 2027.5000000000002 1.4590833241574643 2026.5000000000002 1.0758755085164153 1.5720523221415739 0.8899652155658534 0.70059082524422223 0.99972858438040657 1.5000000000000002 80922.769451986052 130.62896412211828 2
decision_type=1 2 2 2 1 2 2 2 2 2 2 2 2 2 2 2 2 2 2 2 2 2 1
left_child=1 2 17 4 5 16 7 14 11 -5 15 -4 18 -7 -3 19 22 -1 -6 20 -11 -22 -2
right_child=3 6 8 9 12 13 -8 -9 -10 10 -12 -13 -14 -15 -16 -17 -18 -19 -20 -21 21 -23 -24
leaf_value=-0.061447909035490335 0.021004977723345943 -0.0090632820280392018 0.40306286465613611 -0.22517306612143839 -0.16068824953819882 0.43035086762728414 -0.21932342486254328 0.27797873947842877 0.91979932794250407 0.0064104732375295046 -0.24937727506403606 0.17664399565196906 0.1708542601741857 0.28435396061466045 0.1789137417527891 0.16928936748587176 0.047706808281538442 0.12595065070035125 -0.0023540878700448963 -0.033530671462698107 0.065144915452082439 0.058514795386054835 -0.037490524468145082
leaf_weight=22 21 71 22 2737 189 20 269 23 42 48 252 32 20 25 30 29 48 27 163 39 22 21 27
leaf_count=22 21 71 22 2737 189 20 269 23 42 48 252 32 20 25 30 29 48 27 163 39 22 21 27
internal_value=-0.00211836 0.00558394 0.0239655 -0.00325661 0.00162768 0.0105629 -0.00105598 0.00669355 0.0340625 -0.0040629 -0.000742094 0.0264815 -0.00198953 0.0272222 0.00143564 0.00506289 0.00385417 0.00418367 -0.00286932 0.00307692 0.00543956 0.0101163 -0.000833335
internal_weight=4199 538 145 3661 513 141 393 124 96 3148 411 54 372 45 101 159 96 49 352 130 91 43 48
internal_count=4199 538 145 3661 513 141 393 124 96 3148 411 54 372 45 101 159 96 49 352 130 91 43 48
cat_boundaries=0 1 2 3
cat_threshold=4 160 1
is_linear=0
shrinkage=0.05


Tree=20
num_leaves=24
num_cat=0
split_feature=2 5 5 5 14 5 2 9 2 2 9 8 3 5 14 2 5 2 14 5 14 3 14
split_gain=14.6098 11.2017 2.64685 2.56392 1.98367 1.6897 3.31729 1.53061 1.52243 1.0271 1.40544 1.01732 0.776132 0.757558 0.704614 0.669126 0.909052 0.661172 0.567752 0.550979 0.490595 0.441096 0.432747
threshold=2030.5000000000002 1.1672731239108303 0.88037162294841587 1.4590833241574643 38544.953812751373 1.4158576102881872 2034.5000000000002 8665.3746601594012 2026.5000000000002 2027.5000000000002 1718.1749516639045 1.0000000180025095e-35 1.0000000180025095e-35 1.3514613398798503 96918.718267843491 2031.5000000000002 1.1153207202073521 2032.5000000000002 49238.113949496052 1.2252164419808278 47855.606384751161 1.0000000180025095e-35 177598.3714906082
decision_type=2 2 2 2 2 2 2 2 2 2 2 2 2 2 2 2 2 2 2 2 2 2 2
left_child=1 2 -1 9 -5 15 14 -6 12 13 11 20 18 19 17 16 -2 -7 -4 -3 -11 -18 -10
right_child=5 3 8 4 7 6 -8 -9 22 10 -12 -13 -14 -15 -16 -17 21 -19 -20 -21 -22 -23 -24
leaf_value=-0.1015492669804073 -0.14211369472044991 0.14200980584800607 0.1122772755342487 0.8359440538511218 0.085594061398599375 0.19215661755947272 -0.28528821875020738 0.65709501709162643 -0.00094497598772637673 0.12710212998848652 0.006470299236888616 0.21475350644668234 0.12720077354637072 0.40047069611445674 0.063830275040298437 -0.31631664178379654 -0.0017681944088884711 -0.031360426085845813 -0.00074276746270386315 0.29191572488076245 0.13268984621879562 0.082132931367040585 0.046714689070497084
leaf_weight=456 179 35 31 21 21 24 112 28 432 33 111 23 29 34 21 2344 61 28 44 69 20 23 20
leaf_count=456 179 35 31 21 21 24 112 28 432 33 111 23 29 34 21 2344 61 28 44 69 20 23 20
internal_value=-0.00211836 0.00203625 -0.000750989 0.00917721 0.0178571 -0.00421204 0.000405404 0.0123469 0.00156475 0.00730769 0.00489305 0.0101316 0.00701923 0.0105797 0.00869863 -0.0045397 -0.00214829 0.00557692 0.00433333 0.00846154 0.00632075 0.00214286 0.000309733
internal_weight=4199 1407 1012 395 70 2792 185 49 556 325 187 76 104 138 73 2607 263 52 75 104 53 84 452
internal_count=4199 1407 1012 395 70 2792 185 49 556 325 187 76 104 138 73 2607 263 52 75 104 53 84 452
is_linear=0
shrinkage=0.05


Tree=21
num_leaves=24
num_cat=1
split_feature=0 2 5 5 5 2 2 5 2 17 9 2 5 9 5 2 5 9 2 5 15 9 5
split_gain=15.1884 26.7667 21.3944 4.96092 4.73782 3.03043 2.78445 2.23109 5.36667 1.52695 0.861883 0.855857 0.962398 1.00706 0.768627 0.75446 0.843848 0.731372 0.645212 0.880936 0.494949 0.48114 0.460831
threshold=0 2031.5000000000002 1.1606751215755724 0.88037162294841587 1.4308953954205845 2027.5000000000002 2026.5000000000002 1.4158576102881872 2034.5000000000002 73.879583333333343 2264.3830592864501 2028.5000000000002 0.6677617044747115 15910.228794304317 1.2416095059357677 2033.5000000000002 1.0758755085164153 38127.518148477917 2028.5000000000002 1.0092673125895086 75.269176838389953 10826.480300564102 1.4854173152328105
decision_type=1 2 2 2 2 2 2 2 2 2 2 2 2 2 2 2 2 2 2 2 2 2 2
left_child=1 2 3 11 6 9 -4 15 -9 -5 14 12 -1 -14 -8 16 -3 -7 19 -2 -18 -12 -21
right_child=18 7 4 5 -6 17 10 8 -10 -11 21 -13 13 -15 -16 -17 20 -19 -20 22 -22 -23 -24
leaf_value=-0.10435196821321169 -0.17049104155767994 -0.11749857276807554 0.92125742327727778 0.28169005441148881 0.80444314883551749 0.03388838291999912 0.29505139588952567 0.11038013879405489 -0.17774133636723899 0.10203047466754021 0.061540600494093003 -0.11672441877294362 0.031063829825013902 0.046461189847400802 0.25500113083074377 -0.28499965859694815 -0.0034536438760247598 0.10594278677946177 -0.35352678577644836 -0.016801562662362914 0.063410685423529609 0.12852661712820754 0.11543102175721794
leaf_weight=38 291 98 21 33 29 159 20 24 46 41 28 99 50 21 34 712 48 21 2036 249 33 37 31
leaf_count=38 291 98 21 33 29 159 20 24 46 41 28 99 50 21 34 712 48 21 2036 249 33 37 31
internal_value=-0.00220172 0.00164794 0.00965927 0.00409091 0.0248817 0.00877953 0.0210714 -0.00359521 0.005 0.0172973 0.0181092 -0.00163462 0.00142202 0.00485915 0.0227778 -0.00427048 -0.00136872 0.00527778 -0.00454146 -0.00307356 0.00240741 0.0142308 -0.00107143
internal_weight=4199 1592 631 462 169 254 140 961 70 74 119 208 109 71 54 891 179 180 2607 571 81 65 280
internal_count=4199 1592 631 462 169 254 140 961 70 74 119 208 109 71 54 891 179 180 2607 571 81 65 280
cat_boundaries=0 1
cat_threshold=164
is_linear=0
shrinkage=0.05


Tree=22
num_leaves=24
num_cat=3
split_feature=0 2 0 2 2 2 11 2 14 14 9 7 1 14 15 9 9 36 2 15 14 14 2
split_gain=14.6751 23.4275 3.95154 6.76458 3.77646 2.81302 2.82547 2.55845 0.976795 0.941571 0.938719 0.903672 0.728428 0.710907 0.881414 0.942011 0.864865 0.747587 0.705992 0.641625 0.825714 0.413576 0.372953
threshold=0 2029.5000000000002 1 2032.5000000000002 2033.5000000000002 2026.5000000000002 0.16000627909584211 2026.5000000000002 76107.804796476528 110052.16701086449 20717.736914900506 1.0000000180025095e-35 2 68926.137849359249 125.09059454364927 259.65779825042154 15217.117856120118 0.06365918133497446 2028.5000000000002 66.063244461926928 21455.399751591278 140437.06807840019 2034.5000000000002
decision_type=1 2 1 2 2 2 2 2 2 2 2 2 1 2 2 2 2 2 2 2 2 2 2
left_child=1 7 3 5 10 6 8 -1 -2 11 19 12 -9 17 15 -15 -17 -7 -4 20 -3 -16 -6
right_child=2 4 18 -5 22 13 -8 9 -10 -11 -12 -13 -14 14 21 16 -18 -19 -20 -21 -22 -23 -24
leaf_value=0.87519464165109206 0.24844907876876882 0.17053246491749485 -0.042935214198398075 -0.22198737641820748 -0.013385808828522285 -0.003762857426470808 -0.005006286004053187 0.094392929270222359 0.18501195056015995 0.31419382574120142 -0.016239586589127514 0.50171844728079062 0.32410775599855457 0.045660995522639539 -0.017814696632328306 -0.018861456188319799 0.032442383130307083 0.042670370871146224 -0.33585044648762591 0.20672207111220475 0.0048309523727146503 0.034458337892481254 -0.24785561930347752
leaf_weight=31 23 25 571 559 37 211 24 26 20 37 23 31 20 27 36 37 37 33 2036 31 45 47 232
leaf_count=31 23 25 571 559 37 211 24 26 20 37 23 31 20 27 36 37 37 33 2036 31 45 47 232
internal_value=-0.00234461 0.00531022 -0.00347453 -0.000864663 -0.000928754 0.00338384 0.0129104 0.0225862 0.0205814 0.0191228 0.00629032 0.0222727 0.0178261 0.00189252 0.00423913 0.00737624 0.00445946 0.00012295 -0.00452236 0.00836634 0.00571428 0.000421686 -0.00425651
internal_weight=4199 538 3661 1054 393 495 67 145 43 114 124 77 46 428 184 101 74 244 2607 101 70 83 269
internal_count=4199 538 3661 1054 393 495 67 145 43 114 124 77 46 428 184 101 74 244 2607 101 70 83 269
cat_boundaries=0 1 2 3
cat_threshold=4 160 2
is_linear=0
shrinkage=0.05


Tree=23
num_leaves=24
num_cat=4
split_feature=0 2 5 0 5 2 5 2 5 2 5 2 5 6 5 2 1 2 5 3 1 2 7
split_gain=13.7708 22.3203 10.3892 3.95154 6.72035 10.0489 3.79564 3.52365 6.87316 3.14877 2.94744 1.79325 1.09915 0.833519 0.815743 1.04625 0.721906 0.705992 0.885199 0.561035 0.554147 0.46575 0.476026
threshold=0 2029.5000000000002 0.86354054545950343 1 1.1984608579909508 2033.5000000000002 1.4308953954205845 2034.5000000000002 1.2451720273098628 2027.5000000000002 1.1523394282416142 2030.5000000000002 0.99399758775364122 1.0000000180025095e-35 0.88677049098292526 2031.5000000000002 2 2028.5000000000002 0.99972858438040657 1.0000000180025095e-35 3 2027.5000000000002 1.0000000180025095e-35
decision_type=1 2 2 1 2 2 2 2 2 2 2 2 2 2 2 2 1 2 2 2 1 2 2
left_child=1 2 20 4 11 6 13 8 14 -4 -11 12 21 16 -3 -16 -6 18 -5 -14 -1 22 -2
right_child=3 7 9 17 5 -7 -8 -9 -10 10 -12 -13 19 -15 15 -17 -18 -19 -20 -21 -22 -23 -24
leaf_value=0.082598879350711515 0.022761180497373898 -0.15768290877766364 0.80089879796949637 -0.16783563553936218 0.032970858198830409 -0.19935425121373906 0.39136579058871934 -0.23546283833830356 0.21397850182462777 0.14196676317871024 0.47663250796981205 -0.1723312725273875 0.0077168421117719006 0.023766393387080528 0.13477431001030182 -0.0051169677179314166 0.094594167888598327 -0.31905792416324458 -0.0045407549909850121 0.04947596552229528 -0.030111179768815478 -0.085870794484995738 -0.011744071241986235
leaf_weight=27 35 52 43 279 29 120 29 232 28 32 21 536 60 29 34 47 55 2036 292 34 22 95 32
leaf_count=27 35 52 43 279 29 120 29 232 28 32 21 536 60 29 34 47 55 2036 292 34 22 95 32
internal_value=-0.00238033 0.0050365 0.0218966 -0.00347453 -0.000864663 0.0060687 0.0150704 -0.00105598 0.00462733 0.0314583 0.0233019 -0.00316919 0.000273436 0.0109292 -0.000112783 0.00302469 0.0134524 -0.00452236 -0.00298599 0.00457447 0.00316326 -0.00222222 0.000970148
internal_weight=4199 538 145 3661 1054 262 142 393 161 96 53 792 256 113 133 81 84 2607 571 94 49 162 67
internal_count=4199 538 145 3661 1054 262 142 393 161 96 53 792 256 113 133 81 84 2607 571 94 49 162 67
cat_boundaries=0 1 2 3 4
cat_threshold=4 160 2 2
is_linear=0
shrinkage=0.05


Tree=24
num_leaves=24
num_cat=6
split_feature=0 2 5 2 0 5 5 5 2 2 5 0 2 5 5 5 5 1 14 1 8 5 1
split_gain=12.1709 20.1861 8.91561 3.786 4.29697 5.53532 3.30355 3.30106 3.06697 1.73675 2.24027 1.35615 2.5405 3.98729 1.09824 1.00225 0.945211 0.744183 1.35811 0.554147 0.51852 0.530981 0.578704
threshold=0 2029.5000000000002 0.86354054545950343 2027.5000000000002 1 1.187739437534997 1.3572596427166561 1.2758260264362959 2027.5000000000002 2033.5000000000002 1.1223427162988093 2 2033.5000000000002 1.1849080813926278 1.4368553152526682 0.99972858438040657 0.99399758775364122 3 85976.077689391241 4 1.0000000180025095e-35 0.77583830786226704 5
decision_type=1 2 2 2 1 2 2 2 2 2 2 1 2 2 2 2 2 1 2 1 2 2 1
left_child=1 2 19 4 5 20 9 8 -4 10 -3 12 13 16 17 -6 -5 -15 -19 -1 21 -2 -23
right_child=3 6 7 11 15 -7 -8 -9 -10 -11 -12 -13 -14 14 -16 -17 -18 18 -20 -21 -22 22 -24
leaf_value=0.078468935383175897 -0.096993146564610069 -0.0048611201860365109 0.38651582204393375 -0.11621011396671098 -0.13404478696446856 0.29799799551015677 0.19996385566965996 0.79559543354345852 0.17552438423888564 -0.21296541817784198 0.15437642869419488 -0.26711780437062604 -0.28755074770500993 -0.0011669142924191486 0.046650844553604992 7.0284649252262175e-05 0.0049826235845344697 0.0053603810263348596 0.080720429365104374 -0.028605620780374652 -0.010386124129126201 -0.00017062264660838816 0.055576834548959619
leaf_weight=27 20 77 29 189 189 37 31 25 42 248 37 2235 496 31 21 183 117 39 20 22 30 24 30
leaf_count=27 20 77 29 189 189 37 31 25 42 248 37 2235 496 31 21 183 117 39 20 22 30 24 30
internal_value=-0.0024875 0.00448905 0.0205172 -0.00351539 0.000458088 0.00758278 -0.00131043 0.029375 0.0238732 -0.00265193 0.00245614 -0.00417408 -0.00245396 0.000395682 0.00851351 -0.0023822 -0.00254902 0.00611111 0.00940678 0.00316326 0.00221154 0.00445946 0.00703704
internal_weight=4199 538 145 3661 513 141 393 96 71 362 114 3148 913 417 111 372 306 90 59 49 104 74 54
internal_count=4199 538 145 3661 513 141 393 96 71 362 114 3148 913 417 111 372 306 90 59 49 104 74 54
cat_boundaries=0 1 2 3 4 5 6
cat_threshold=4 160 160 2 2 2
is_linear=0
shrinkage=0.05


Tree=25
num_leaves=24
num_cat=5
split_feature=0 2 5 2 0 5 2 5 5 0 2 5 5 2 5 11 5 1 9 9 3 1 5
split_gain=10.4089 18.3831 8.80143 3.26822 3.36868 5.34302 2.93993 4.30108 2.51429 1.71354 2.98561 4.82922 1.52513 1.31821 0.997501 0.992505 1.13282 0.811024 0.655325 0.779857 0.67156 0.57532 0.375177
threshold=0 2029.5000000000002 0.96905256789785377 2026.5000000000002 1 1.2393793021592654 2033.5000000000002 1.1742771550500766 1.2994426869863489 2 2033.5000000000002 1.1057560744425055 1.4590833241574643 2027.5000000000002 0.70059082524422223 0.13432464162189015 0.92692011529563423 3 5242.8019977711238 21518.751147060382 1.0000000180025095e-35 4 0.96905256789785377
decision_type=1 2 2 2 1 2 2 2 2 1 2 2 2 2 2 2 2 1 2 2 2 1 2
left_child=1 2 14 4 5 15 7 21 13 10 11 22 17 -4 -1 16 -2 -13 20 -20 -19 -3 -5
right_child=3 6 8 9 -6 -7 -8 -9 -10 -11 -12 12 -14 -15 -16 -17 -18 18 19 -21 -22 -23 -24
leaf_value=-0.060853489024240308 0.0011728930664807792 0.009483516667962915 0.47357794104024759 -0.10438060668431813 -0.026144970824807115 0.31213655432232223 -0.15714811869757159 0.18996566288617706 0.73948323046023767 -0.22823946445795573 -0.2731732103197595 0.0022930225000598265 0.25449344135829033 0.16674817546686768 0.10019847196515448 -0.019097088547444623 0.077034805861142225 0.069255843378957307 -0.00077741459967462119 0.041701130338896969 0.068180430292855074 -0.011765784556868112 -0.018846802317644133
leaf_weight=22 26 30 23 208 152 20 269 31 22 2421 496 62 23 32 46 31 24 29 34 21 21 63 93
leaf_count=22 26 30 23 208 152 20 269 31 22 2421 496 62 23 32 46 31 24 29 34 21 21 63 93
internal_value=-0.00260657 0.00385036 0.0191379 -0.00355625 0.00191699 0.00851351 -0.00169211 0.00467742 0.0307143 -0.00397301 -0.00214143 0.000600813 0.0068421 0.025 0.00602941 0.00364197 0.008 0.00517964 0.00785714 0.00409091 0.012 -0.000698926 -0.00333887
internal_weight=4199 538 145 3661 253 101 393 124 77 3408 987 491 190 55 68 81 50 167 105 55 50 93 301
internal_count=4199 538 145 3661 253 101 393 124 77 3408 987 491 190 55 68 81 50 167 105 55 50 93 301
cat_boundaries=0 1 2 3 4 5
cat_threshold=4 161 160 2 1
is_linear=0
shrinkage=0.05


Tree=26
num_leaves=24
num_cat=4
split_feature=2 0 5 5 0 2 5 0 5 2 2 15 5 0 5 5 15 14 16 5 5 14 9
split_gain=9.66529 14.44 8.24592 3.92921 2.44048 4.8703 5.77701 2.33653 1.92857 1.34127 1.13594 1.09911 1.06641 1.37471 1.00557 1.00389 0.989277 0.878023 0.65641 0.55937 0.508289 0.480888 0.760067
threshold=2028.5000000000002 0 1.1813853759944195 1.5531047480642555 1 2033.5000000000002 1.1057560744425055 2 1.084337575140127 2026.5000000000002 2031.5000000000002 83.467243032003111 0.99972858438040657 3 1.3310264847438595 0.78826001885651131 62.611445923663403 165735.85444741489 2.1729166666666671 0.96905256789785377 1.0264471337233452 99044.208716747511 1329.1686448048006
decision_type=2 1 2 2 1 2 2 1 2 2 2 2 2 1 2 2 2 2 2 2 2 2 2
left_child=1 2 15 7 5 6 17 8 -3 -10 14 -12 -9 -14 21 -1 -17 19 -15 -2 -21 22 -8
right_child=4 3 -4 -5 -6 -7 10 12 9 -11 11 -13 13 18 -16 16 -18 -19 -20 20 -22 -23 -24
leaf_value=0.030063123347871853 -0.094398591951999566 -0.0018612907532217561 0.72164508677059436 0.43245524145743908 -0.27833716451365303 -0.2137402847284848 0.043321904923365497 -0.15108929467423837 0.20121334408405037 0.048413953425926991 0.0026777475660506203 0.061172571817238265 -0.49956949122308042 0.018216669511222656 0.13675348214372615 0.16278961953799242 0.17249100142799123 0.021493196627822383 -0.0037027739845150211 0.0242136989759093 -0.014490079005546885 0.048005703004480114 0.11704148757455474
leaf_weight=25 207 126 31 25 2036 765 23 279 21 42 60 26 113 108 34 21 31 20 52 37 54 26 37
leaf_count=25 207 126 31 25 2036 765 23 279 21 42 60 26 113 108 34 21 31 20 52 37 54 26 37
internal_value=-0.0026423 0.00203661 0.0183051 -0.000489692 -0.00387218 -0.00211317 0.00158397 -0.00115385 0.00354271 0.010873 0.00810679 0.00372093 -0.0027758 -0.000604397 0.01125 0.0112338 0.0151923 -0.00264151 0.00235294 -0.00332215 -5.49462e-05 0.00837209 0.0108333
internal_weight=4199 874 108 766 3325 1289 524 741 189 63 206 86 552 273 120 77 52 318 160 298 91 86 60
internal_count=4199 874 108 766 3325 1289 524 741 189 63 206 86 552 273 120 77 52 318 160 298 91 86 60
cat_boundaries=0 1 2 3 4
cat_threshold=4 164 160 72
is_linear=0
shrinkage=0.05


Tree=27
num_leaves=24
num_cat=4
split_feature=2 0 5 0 5 0 2 5 5 5 9 5 2 9 9 9 2 14 9 14 14 5 0
split_gain=9.35237 13.2644 7.73381 3.00977 4.01818 2.22109 3.95184 4.40177 1.56643 1.36095 1.21524 1.20543 1.08672 1.00884 0.9623 1.68665 0.867857 0.864286 0.837603 0.819011 0.893998 0.622821 1.25655
threshold=2028.5000000000002 0 1.1813853759944195 1 1.4158576102881872 2 2034.5000000000002 1.2451720273098628 0.89340953320853456 0.88037162294841587 455.53286219347382 1.4158576102881872 2031.5000000000002 5495.5914103797186 2116.1834180581504 7499.9725693362752 2026.5000000000002 100102.98219758781 10462.996979186961 132369.43340062615 46234.081037188625 0.99172057139916781 3
decision_type=2 1 2 1 2 1 2 2 2 2 2 2 2 2 2 2 2 2 2 2 2 2 1
left_child=1 2 10 4 8 6 7 9 -3 -2 -1 13 19 -9 17 -16 -17 -10 -12 20 -11 -5 -23
right_child=5 3 -4 21 -6 -7 -8 11 14 12 18 -13 -14 -15 15 16 -18 -19 -20 -21 -22 22 -24
leaf_value=0.067711810728017657 -0.13511900388595185 -0.063216571799154006 0.68556283243206462 -0.15576722057676373 0.5206239755521499 -0.20291063328249695 -0.23320155614297292 0.073374654896971939 -0.011748985125265555 0.080753672074359725 0.15424080100246709 0.24646998545023224 -0.0062738611356177691 0.025198002321351387 0.076890849056323304 0.093892620193214815 -0.0086847243250124783 0.032851291517036731 0.098396005331276737 0.026074747251154263 -0.0035854521744468643 0.016377615005177187 -0.47587400420547277
leaf_weight=24 119 104 31 229 20 2481 435 23 60 41 22 22 101 36 31 30 40 21 31 21 46 110 121
leaf_count=24 119 104 31 229 20 2481 435 23 60 41 22 22 101 36 31 30 40 21 31 21 46 110 121
internal_value=-0.00273756 0.00186499 0.0174576 -0.000554125 0.00322785 -0.00394737 -0.00166276 0.00184596 0.00181818 -0.000731709 0.0105844 0.0122839 0.00169856 0.00855932 0.00461538 0.00787129 0.00357143 0.000555554 0.0148113 0.00518518 0.00304598 -0.00308511 -0.00132035
internal_weight=4199 874 108 766 306 3325 844 409 286 328 77 81 209 59 182 101 70 81 53 108 87 460 231
internal_count=4199 874 108 766 306 3325 844 409 286 328 77 81 209 59 182 101 70 81 53 108 87 460 231
cat_boundaries=0 1 2 3 4
cat_threshold=4 162 132 17
is_linear=0
shrinkage=0.05


Tree=28
num_leaves=24
num_cat=5
split_feature=0 2 2 11 0 2 15 2 0 16 9 16 14 1 2 14 0 2 15 2 2 14 14
split_gain=8.06596 13.0082 4.79915 4.02308 1.90692 2.2982 2.50043 1.5328 1.87128 1.12572 0.971043 0.857143 0.642996 1.06996 0.592821 0.519697 0.513588 0.678183 0.479655 0.491505 0.435357 0.422252 1.10488
threshold=0 2033.5000000000002 2026.5000000000002 0.40543555409525989 1 2028.5000000000002 62.611445923663403 2030.5000000000002 2 2.1729166666666671 47572.25609974932 1.4758333333333338 20934.461032918207 3 2030.5000000000002 60979.503165495335 4 2028.5000000000002 101.55199198662889 2030.5000000000002 2026.5000000000002 32201.375271826666 24546.620459988368
decision_type=1 2 2 2 1 2 2 2 1 2 2 2 2 1 2 2 1 2 2 2 2 2 2
left_child=1 2 3 15 5 6 -4 8 9 20 18 -8 -7 14 -14 -1 17 -10 21 -20 -2 22 -6
right_child=7 -3 4 -5 10 12 11 -9 16 -11 -12 -13 13 -15 -16 -17 -18 -19 19 -21 -22 -23 -24
leaf_value=0.52261269300690782 0.051122258723721961 -0.18634065261069652 0.328062733321345 0.054688645423688988 -0.020048940646282803 0.13219489161491657 0.23284480370015179 -0.25182326043788167 -0.0036520142878598756 0.1641355193199843 0.026040752583723153 -0.0045477657285022781 0.047248001853961809 -0.000347524561719272 0.15064521613882054 0.38164326360897033 -0.46975820620049258 -0.083319627404347979 0.033359473458642014 -0.02114417192263646 -0.0086640120123012178 -0.018407391799915823 0.010535768044858992
leaf_weight=22 21 529 35 25 50 27 21 2060 333 36 21 21 24 84 26 20 369 184 34 25 111 100 21
leaf_count=22 21 529 35 25 50 27 21 2060 333 36 21 21 24 84 26 20 369 184 34 25 111 100 21
internal_value=-0.00273756 0.000981734 0.00633093 0.0188806 0.00461145 0.00770161 0.0151299 -0.00402369 -0.00248577 0.00230337 0.00132184 0.00690476 0.00462733 0.00320895 0.009 0.0283333 -0.0033817 -0.00224858 0.000434781 0.00432203 0.000303029 -0.000906434 0.00204225
internal_weight=4199 1085 556 67 489 238 77 3114 1054 168 251 42 161 134 50 42 886 517 230 59 132 171 71
internal_count=4199 1085 556 67 489 238 77 3114 1054 168 251 42 161 134 50 42 886 517 230 59 132 171 71
cat_boundaries=0 1 2 3 4 5
cat_threshold=36 4 128 1 19
is_linear=0
shrinkage=0.05


Tree=29
num_leaves=24
num_cat=0
split_feature=2 5 5 14 2 2 5 14 9 14 9 9 5 2 9 14 2 9 9 5 14 3 5
split_gain=7.02038 8.01446 2.46696 1.49519 1.31237 1.05156 1.04422 1.00925 0.912519 0.750811 1.05692 0.981417 0.667425 1.6876 0.617146 0.560023 0.506761 0.402489 0.585643 0.398901 0.398374 0.311275 0.323061
threshold=2031.5000000000002 1.1057560744425055 1.4590833241574643 38544.953812751373 2027.5000000000002 2026.5000000000002 0.96905256789785377 95190.301059474572 3046.0774112961449 20934.461032918207 581.24256917423725 5840.4388818638627 1.1742771550500766 2034.5000000000002 21518.751147060382 123822.78541751868 2026.5000000000002 8485.1027934532904 4037.04472413953 1.0294041024118206 26665.980208663746 1.0000000180025095e-35 1.1625859542886614
decision_type=2 2 2 2 2 2 2 2 2 2 2 2 2 2 2 2 2 2 2 2 2 2 2
left_child=1 6 5 -4 -5 7 -1 8 -3 10 -7 -12 -2 14 17 -16 19 18 -14 -8 -11 -22 -23
right_child=12 2 3 4 -6 9 16 -9 -10 20 11 -13 13 -15 15 -17 -18 -19 -20 -21 21 22 -24
leaf_value=-0.078005024123038696 -0.26494368781476918 0.075787902237412177 0.4659960776381798 0.47376502863817066 0.025426118055242964 -0.018972479965927339 0.013319829095757036 -0.0088455089414805153 0.2532125597645612 -0.020548247508773602 0.089479108161421711 0.10601568699496407 -0.015451294841749548 -0.21749156579708637 0.033425998310485504 -0.0092254076176510515 -0.016980908845328612 -0.061890870101405371 0.045363161587700651 -0.0014229280897991082 0.0070012497182581797 0.050502607456010234 0.019843901974407038
leaf_weight=771 1836 26 23 22 35 31 26 23 34 24 20 21 115 445 26 22 246 46 24 30 260 25 68
leaf_count=771 1836 26 23 22 35 31 26 23 34 24 20 21 115 445 26 22 246 46 24 30 260 25 68
internal_value=-0.00274947 -0.000252227 0.00431372 0.0125 0.00815789 0.00308271 -0.00285648 0.00825301 0.0116667 0.00212695 0.00680555 0.0120732 -0.00442323 -0.0030826 0.000364806 0.00541667 -0.00036424 -0.000945947 0.000395682 0.00392857 0.00123342 0.00165722 0.00413978
internal_weight=4199 1685 612 80 57 532 1073 83 60 449 72 41 2514 678 233 48 302 185 139 56 377 353 93
internal_count=4199 1685 612 80 57 532 1073 83 60 449 72 41 2514 678 233 48 302 185 139 56 377 353 93
is_linear=0
shrinkage=0.05


Tree=30
num_leaves=24
num_cat=0
split_feature=2 5 2 5 5 2 5 16 16 5 16 9 11 14 15 14 15 9 14 2 5 9 15
split_gain=6.95274 7.14863 2.29877 2.61829 0.915214 1.0652 0.825118 0.720561 0.643381 0.76087 0.514449 0.497074 0.981896 0.724569 0.831003 0.608005 1.32514 0.500313 0.520317 0.388121 0.957309 0.527313 0.385284
threshold=2032.5000000000002 0.99172057139916781 2026.5000000000002 1.4308953954205845 1.3730171506729645 2027.5000000000002 1.1704710721111968 1.4758333333333338 2.1729166666666671 1.4854173152328105 1.4758333333333338 6112.4550825136303 0.079793405386055741 31746.985827870991 79.819688539781865 98325.613438700137 113.38724774688394 11002.751762119648 88403.490714778294 2034.5000000000002 1.1742771550500766 35104.469580387136 71.422255621652425
decision_type=2 2 2 2 2 2 2 2 2 2 2 2 2 2 2 2 2 2 2 2 2 2 2
left_child=1 -1 3 6 11 -6 10 -8 9 22 -3 12 13 -4 -15 -14 -17 -13 -19 20 -2 -22 -7
right_child=19 2 4 -5 5 8 7 -9 -10 -11 -12 17 15 14 -16 16 -18 18 -20 -21 21 -23 -24
leaf_value=-0.076242845565802436 -0.1635821089988414 -0.010996598197161062 0.045615370517769344 0.51292461251119992 0.2445689357782177 0.14995408203990843 0.23624779867222309 0.061353055591497209 0.2046710332774837 -0.023886800955765682 0.013163122638331793 -0.023235848186177077 -0.019787339540675596 0.0004692702289147907 0.091871609551630568 0.094706396463788367 -0.0056743802434312714 0.0094464470643836201 -0.015837600647906819 -0.28008837528203417 -0.0075633514459717312 0.026252915582485499 0.0037505563440967658
leaf_weight=964 390 20 36 20 26 20 23 38 37 35 47 90 188 59 21 24 54 113 134 1682 132 20 26
leaf_count=964 390 20 36 20 26 20 23 38 37 35 47 90 188 59 21 24 54 113 134 1682 132 20 26
internal_value=-0.00267802 -0.000518989 0.0024184 0.00817567 0.00143105 0.00506944 0.00554687 0.0097541 0.00305085 0.000555554 0.00171642 0.000702363 0.00193717 0.00577586 0.003125 0.000263157 0.00397436 -0.000697331 0.000465586 -0.00459532 -0.00343174 -6.57907e-05 0.00478261
internal_weight=4199 1975 1011 148 863 144 128 61 118 81 67 719 382 116 80 266 78 337 247 2224 542 152 46
internal_count=4199 1975 1011 148 863 144 128 61 118 81 67 719 382 116 80 266 78 337 247 2224 542 152 46
is_linear=0
shrinkage=0.05


Tree=31
num_leaves=24
num_cat=2
split_feature=0 5 0 5 5 14 15 9 3 5 14 16 8 9 14 5 15 15 14 14 7 9 9
split_gain=9.64832 6.19002 2.95371 3.23904 2.95094 2.19256 0.958623 0.916366 0.650484 0.987015 0.844951 0.531613 0.603749 0.966551 0.511324 0.614046 0.472499 0.485541 0.36284 0.545696 0.491675 0.476813 0.761552
threshold=0 1.3771122059273162 1 1.0816180947461709 0.93269690608366818 20517.70875164316 26.190656645233041 54702.519752154636 1.0000000180025095e-35 1.1742771550500766 33136.586579554067 1.0000000180025095e-35 1.0000000180025095e-35 1951.9077964825849 28076.068466946304 1.3618862516084771 65.386347066319146 107.89774058499778 33989.28466491944 58352.427300423915 1.0000000180025095e-35 2180.1414509187912 21518.751147060382
decision_type=1 2 1 2 2 2 2 2 2 2 2 2 2 2 2 2 2 2 2 2 2 2 2
left_child=1 4 3 -2 -1 6 -6 8 9 -5 -10 -7 18 -14 -11 -16 -12 -18 -13 -20 21 -21 -23
right_child=2 -3 -4 7 5 11 -8 -9 10 14 16 12 13 -15 15 -17 17 -19 19 20 -22 22 -24
leaf_value=-0.036032981607802578 -0.072416241608948759 0.46093681682285759 -0.15499212916464944 -0.028903806298694976 0.13923520216487134 -0.018979438548099841 0.080317165553094053 0.025108908001590498 0.045246335713407311 -0.015195034122596988 -0.058413063873019859 0.15219369946363154 0.12934271223904356 0.05000203038808141 0.028527605743824843 -0.0045312252146367553 0.060221863595818451 -0.012850648287258241 -0.027792357560606148 -0.037052116950631306 -0.060757538870231345 0.13590205963866858 0.011508827958678195
leaf_weight=216 642 37 2607 82 21 26 22 33 38 43 20 27 23 44 96 57 20 23 36 21 22 22 21
leaf_count=216 642 37 2607 82 21 26 22 33 38 43 20 27 23 44 96 57 20 23 36 21 22 22 21
internal_value=-0.0026423 0.00357664 -0.00355625 -0.0012876 0.00218563 0.00552631 0.0159302 0.00216019 0.00146438 0.000215826 0.00490099 0.00367768 0.00449074 0.00843283 0.00214286 0.00349673 0.00134921 0.00430232 0.00271812 0.00155738 0.00372093 0.0059375 0.00895349
internal_weight=4199 538 3661 1054 501 285 43 412 379 278 101 242 216 67 196 153 63 43 149 122 86 64 43
internal_count=4199 538 3661 1054 501 285 43 412 379 278 101 242 216 67 196 153 63 43 149 122 86 64 43
cat_boundaries=0 1 2
cat_threshold=4 160
is_linear=0
shrinkage=0.05


Tree=32
num_leaves=24
num_cat=5
split_feature=2 0 5 0 5 0 2 5 5 11 18 2 1 5 5 14 5 5 19 1 5 7 7
split_gain=9.26631 10.1952 6.17125 3.28401 4.54899 3.0934 5.3666 5.47378 1.61949 1.24805 1.23495 1.0989 0.962034 0.863795 0.827568 0.866599 0.823587 0.579268 0.529763 0.543273 0.576317 1.21921 0.477513
threshold=2028.5000000000002 0 1.2393793021592654 1 1.1453412370221989 2 2033.5000000000002 0.99172057139916781 1.4854173152328105 0.73629510341212356 1.0000000180025095e-35 2027.5000000000002 3 1.1016024789624379 0.96426533895968825 83895.972465421466 0.93269690608366818 1.0264471337233452 1.0000000180025095e-35 4 1.3310264847438595 1.0000000180025095e-35 1.0000000180025095e-35
decision_type=2 1 2 1 2 1 2 2 2 2 2 2 1 2 2 2 2 2 2 1 2 2 2
left_child=1 2 12 -3 14 6 7 -2 9 11 -9 22 -1 17 -5 -16 -14 -12 -15 -20 21 -21 -6
right_child=5 3 -4 4 8 -7 -8 10 -10 -11 13 -13 16 18 15 -17 -18 -19 19 20 -22 -23 -24
leaf_value=0.04825467986553976 -0.051843768859527531 -0.43967184385771274 0.60636140222579749 -0.042422201864608662 0.062361211923935289 -0.22915764056440216 -0.16700298178592979 -0.0077878460102393972 0.34821035377797138 -0.0024234154375323848 0.027583754484108988 0.0076674539711565314 0.054609775060302436 0.0059907891400199269 -0.0023194968194955911 0.014629738355257556 0.21387655434096409 -0.00071337409198275747 0.04138091261712748 0.077208212929544232 0.13114008506855029 0.052476366786263606 0.11029881680167664
leaf_weight=26 235 238 25 233 36 2036 765 28 25 41 24 28 27 21 85 53 30 49 63 38 27 39 27
leaf_count=26 235 238 25 233 36 2036 765 28 25 41 24 28 27 21 85 53 30 49 63 38 27 39 27
internal_value=-0.0024875 0.00209382 0.0157627 -3.8661e-05 0.00215613 -0.00369173 -0.00172825 0.00215649 0.00933121 0.00712121 0.0067647 0.0103846 0.0106626 0.00783525 -0.000822104 0.00224638 0.0142982 0.00321918 0.00962766 0.0105689 0.0127885 0.0105844 0.0140476
internal_weight=4199 874 108 766 528 3325 1289 524 157 132 289 91 83 261 371 138 57 73 188 167 104 77 63
internal_count=4199 874 108 766 528 3325 1289 524 157 132 289 91 83 261 371 138 57 73 188 167 104 77 63
cat_boundaries=0 1 2 3 4 5
cat_threshold=4 72 164 1 2
is_linear=0
shrinkage=0.05


Tree=33
num_leaves=24
num_cat=4
split_feature=2 0 5 0 2 5 0 5 2 5 5 5 9 9 2 2 14 4 9 1 17 5 9
split_gain=8.163 9.01476 7.14816 2.74092 4.78801 4.37346 2.00457 2.84354 1.575 1.41364 1.31487 0.829065 0.752125 1.18739 0.721194 0.694151 1.16667 0.609185 0.599185 0.423375 0.377778 0.673401 0.341078
threshold=2028.5000000000002 0 1.1813853759944195 1 2034.5000000000002 1.0816180947461709 2 0.97590027831923531 2026.5000000000002 0.6677617044747115 1.4158576102881872 0.88037162294841587 13320.461549423691 19921.254983516897 2032.5000000000002 2026.5000000000002 40285.991570939485 1.0000000180025095e-35 1.0000000180025095e-35 3 73.879583333333343 0.95125794861024027 41527.489254423395
decision_type=2 1 2 1 2 2 1 2 2 2 2 2 2 2 2 2 2 2 2 1 2 2 2
left_child=1 2 9 4 5 11 -3 -8 -4 -1 22 -2 17 -14 18 16 -11 -9 -13 -20 -17 -22 -7
right_child=3 6 8 -5 -6 10 7 12 -10 15 -12 14 13 -15 -16 20 -18 -19 19 -21 21 -23 -24
leaf_value=-0.12683676295951959 -0.14490696187660176 -0.41768825166482709 0.57944620136793901 -0.21769975853618206 -0.19746903156678491 0.03551732128961594 -0.06333949075555774 0.019575500296620765 0.31438541250945096 0.012380113637029715 0.1287134516424189 0.019213602510485359 0.11517037426077321 0.011849128568360463 -0.075412115670602117 0.099718246660873477 0.17523430566295753 -0.017665119389723268 -0.01269038758758872 0.010981881850397458 0.058829089421707094 -0.0066113908818900384 0.021686898196583239
leaf_weight=27 187 238 20 2036 649 208 190 127 36 21 35 36 24 44 51 36 21 41 42 50 22 27 31
leaf_count=27 187 238 20 2036 649 208 190 127 36 21 35 36 24 44 51 36 21 41 42 50 22 27 31
internal_value=-0.00260657 0.00169336 0.0104545 -0.00373684 -0.00188222 0.00117187 -0.00121662 0.000848623 0.02625 0.00538961 0.0059489 -0.00240437 0.0045339 0.00897059 2.79318e-05 0.00759842 0.0128571 0.00273809 0.00203125 -0.000108697 0.005 0.00214286 0.00462343
internal_weight=4199 874 210 3325 1289 640 664 426 56 154 274 366 236 68 179 127 42 168 128 92 85 49 239
internal_count=4199 874 210 3325 1289 640 664 426 56 154 274 366 236 68 179 127 42 168 128 92 85 49 239
cat_boundaries=0 1 2 3 4
cat_threshold=36 164 72 2
is_linear=0
shrinkage=0.05


Tree=34
num_leaves=24
num_cat=5
split_feature=0 2 2 2 0 2 15 2 11 15 14 15 1 1 15 1 2 10 9 11 9 18 15
split_gain=7.75981 9.63377 3.94997 3.17427 3.15777 0.834055 1.31509 0.770929 1.71403 1.01167 0.766707 0.809269 1.01385 0.680731 0.57619 0.487625 0.469151 0.364301 0.453246 0.386661 0.428109 0.379438 0.355391
threshold=0 2034.5000000000002 2026.5000000000002 2030.5000000000002 1 2028.5000000000002 59.016495951387469 2026.5000000000002 0.16000627909584211 48.202401490959581 20517.70875164316 66.063244461926928 2 3 111.8084303743138 4 2026.5000000000002 2.5000000000000004 699.660860143631 0.015646870788964366 3743.3427231533219 1.0000000180025095e-35 33.18665690317966
decision_type=1 2 2 2 1 2 2 2 2 2 2 2 1 1 2 1 2 2 2 2 2 2 2
left_child=1 2 -1 4 7 6 -4 8 9 -2 -7 -12 -13 -11 -14 -8 -6 18 21 20 -20 -9 -22
right_child=3 -3 5 -5 16 10 15 17 -10 13 11 12 14 -15 -16 -17 -18 -19 19 -21 22 -23 -24
leaf_value=0.54360216638639991 0.041399677498414354 -0.14605597214777949 0.23986262271306941 -0.17429374625517607 -0.026000461641117974 0.10304815174895526 0.15870577994396545 -0.020649468807263524 -0.010897195696728465 -0.0019321521427744144 -0.0010973109881470509 0.0059538905445213749 0.12104224756695266 0.040600576568173556 0.0092363856896130678 0.0033444429185375715 -0.091119654010749576 -0.042397343897539658 0.052056565497645882 -0.013402801671644392 -0.0340204662945751 0.036206790806361355 0.0067220379696487885
leaf_weight=31 21 232 31 2436 140 32 26 21 37 23 73 37 35 32 21 20 572 28 20 37 32 97 165
leaf_count=31 21 232 31 2436 140 32 26 21 37 23 73 37 35 32 21 20 572 28 20 37 32 97 165
internal_value=-0.00273756 0.00284671 0.00872549 -0.00355625 -0.0014898 0.00681818 0.0112338 0.00150095 0.00517699 0.00947368 0.00510101 0.00373494 0.00682796 0.00590909 0.0110714 0.00586956 -0.00361496 0.000499999 0.000913977 -0.000275592 0.000529953 0.00347458 -0.000177666
internal_weight=4199 538 306 3661 1225 275 77 513 113 76 198 166 93 55 56 46 712 400 372 254 217 118 197
internal_count=4199 538 306 3661 1225 275 77 513 113 76 198 166 93 55 56 46 712 400 372 254 217 118 197
cat_boundaries=0 1 2 3 4 5
cat_threshold=4 162 2 2 2
is_linear=0
shrinkage=0.05


Tree=35
num_leaves=24
num_cat=3
split_feature=0 2 0 2 2 0 2 11 14 14 3 9 14 7 9 9 7 36 15 2 17 2 15
split_gain=6.84556 11.4458 2.7664 2.01428 1.13102 1.10644 1.01996 1.68172 0.860311 0.904274 0.870973 0.942857 0.736988 0.624355 0.926522 0.448262 0.779339 0.421942 0.382317 0.357877 0.465898 0.340294 0.336134
threshold=0 2033.5000000000002 1 2027.5000000000002 2028.5000000000002 2 2026.5000000000002 0.16000627909584211 91955.043918078358 144493.75530201566 1.0000000180025095e-35 3743.3427231533219 74569.930966300628 1.5000000000000002 3835.9951384657606 26496.096493499663 1.0000000180025095e-35 0.74367264161444702 83.960794186019541 2026.5000000000002 74.884166666666673 2034.5000000000002 35.604138935003014
decision_type=1 2 1 2 2 1 2 2 2 2 2 2 2 2 2 2 2 2 2 2 2 2 2
left_child=1 2 3 18 5 19 7 12 10 -10 13 -12 -4 14 -5 17 -17 -8 -1 20 22 -3 -2
right_child=4 21 6 8 -6 -7 15 -9 9 -11 11 -13 -14 -15 -16 16 -18 -19 -20 -21 -22 -23 -24
leaf_value=0.33721186739224024 -0.0078365727176582158 -0.014599390647453922 0.10655882416096736 0.10702810114224207 -0.20319976466298195 -0.39390763574239629 -0.00096475260432760329 -0.0082715364633270238 -0.035463862638303444 0.075576897047360245 -0.02224976082037726 0.11792598705497986 0.04010162698382521 0.09216436819052605 0.0097420837689060295 -0.0027970983980629763 0.030304687005092049 0.019269531788148334 0.31554815914211809 -0.0045681008752005547 -0.0056519372714184529 -0.17982790761899822 0.016218654021014169
leaf_weight=42 28 116 22 38 2036 238 386 24 45 20 22 20 21 27 30 48 37 20 25 217 48 649 40
leaf_count=42 28 116 22 38 2036 238 386 24 45 20 22 20 21 27 30 48 37 20 25 217 48 649 40
internal_value=-0.00266611 -6.86654e-05 0.00400846 0.00808244 -0.00423577 -0.00228547 0.0018662 0.00768657 0.00589109 0.00115384 0.00813868 0.00214286 0.0136046 0.0107895 0.00823529 0.00110998 0.00441176 0.000418718 0.0158955 -0.000335278 0.00189655 -0.00447713 0.00455882
internal_weight=4199 1592 827 269 2607 571 558 67 202 65 137 42 43 95 68 491 85 406 67 333 116 765 68
internal_count=4199 1592 827 269 2607 571 558 67 202 65 137 42 43 95 68 491 85 406 67 333 116 765 68
cat_boundaries=0 1 2 3
cat_threshold=164 4 19
is_linear=0
shrinkage=0.05


Tree=36
num_leaves=24
num_cat=5
split_feature=2 0 5 5 5 0 0 5 8 2 5 5 2 16 9 1 5 5 1 5 17 9 9
split_gain=6.59142 7.48494 8.92584 4.17387 1.57877 2.28872 1.44789 1.30105 0.905241 0.851178 1.44665 0.785077 0.687256 0.817685 0.635294 0.828919 0.556597 0.770203 0.806953 0.507937 0.992063 0.473278 0.431519
threshold=2031.5000000000002 0 1.4308953954205845 0.86607280868335701 0.99172057139916781 1 2 1.2782222241056231 1.0000000180025095e-35 2033.5000000000002 1.1742771550500766 1.5300513205035833 2027.5000000000002 2.1729166666666671 6677.1569557708253 3 1.1415607775418246 1.3618862516084771 4 1.2601101320002142 74.884166666666673 25607.930157639341 16658.602543179379
decision_type=2 1 2 2 2 1 1 2 2 2 2 2 2 2 2 1 2 2 1 2 2 2 2
left_child=1 2 3 21 -3 11 7 8 14 10 -2 12 13 22 15 -5 -8 18 -18 20 -12 -1 -6
right_child=9 4 -4 6 5 -7 16 -9 -10 -11 19 -13 -14 -15 -16 -17 17 -19 -20 -21 -22 -23 -24
leaf_value=-0.049722948740957111 -0.1103145397506315 -0.15861190784240528 0.45799879615127409 0.076465420246843205 0.022422505281379772 -0.36748684283113675 0.0078262064105351237 0.50096259307712054 0.19176710211348114 -0.21269074631136978 0.037018510957338206 0.059946872839346667 -0.0045739570157550752 -0.0080137972202938609 0.039606475153994708 0.1783604742754282 0.045666743759620064 -0.0055115150741342454 0.014681146493411741 -0.0049788269341321965 -0.024968869527619078 0.010139545724028075 0.055508385525783015
leaf_weight=169 392 513 29 28 51 217 167 20 25 1972 21 22 195 34 34 23 33 26 43 105 24 34 22
leaf_count=169 392 513 29 28 51 217 167 20 25 1972 21 22 195 34 34 23 33 26 43 105 24 34 22
internal_value=-0.0026423 -0.000222553 0.00404836 0.00280731 -0.00279135 -0.000933458 0.00577694 0.01 0.00863636 -0.00426412 -0.00250923 0.00173653 0.00112583 0.00434579 0.00617647 0.00970588 0.00324373 0.00627451 0.00881579 0.00166667 0.00611111 -0.00302956 0.00732877
internal_weight=4199 1685 631 602 1054 541 399 130 110 2514 542 324 302 107 85 51 269 102 76 150 45 203 73
internal_count=4199 1685 631 602 1054 541 399 130 110 2514 542 324 302 107 85 51 269 102 76 150 45 203 73
cat_boundaries=0 1 2 3 4 5
cat_threshold=164 19 4 2 1
is_linear=0
shrinkage=0.05


Tree=37
num_leaves=24
num_cat=2
split_feature=2 0 5 2 5 5 0 2 5 5 5 15 2 9 5 11 18 15 9 2 7 9 7
split_gain=5.88556 8.98422 7.8545 2.93975 1.95633 1.17209 1.82505 1.60335 1.05234 1.10843 0.769231 0.638815 0.616834 1.01983 0.54234 0.525037 0.518853 0.462019 0.454322 0.454294 0.427848 0.981003 0.595486
threshold=2033.5000000000002 0 1.1704710721111968 2026.5000000000002 0.92692011529563423 0.97590027831923531 1 2029.5000000000002 1.4158576102881872 1.264078397058507 1.236240609701037 19.70506439415054 2028.5000000000002 23770.315617280463 1.4854173152328105 1.0002257201636719 1.0000000180025095e-35 37.956939061017628 2706.07962273466 2030.5000000000002 1.0000000180025095e-35 4832.2387531444283 2.5000000000000004
decision_type=2 1 2 2 2 2 1 2 2 2 2 2 2 2 2 2 2 2 2 2 2 2 2
left_child=1 2 4 -4 12 -3 7 14 9 10 17 -6 13 -1 15 16 -7 -5 -11 -10 -13 22 -22
right_child=-2 5 3 8 11 6 -8 -9 19 18 -12 20 -14 -15 -16 -17 -18 -19 -20 -21 21 -23 -24
leaf_value=-0.012924231883616548 -0.20205620899580126 -0.19025689945443325 0.47902480103660267 0.0050430609815534594 0.015965659610641822 0.022891154932080424 -0.35669547821463554 -0.049355733365334539 0.23636920934887812 0.070752054864850686 0.19026229356493859 0.0095614025625638584 -0.076992195283282827 0.025578192000615799 0.084870397281367305 -0.040618461743776951 0.0055154168320953392 0.0559615443656101 -0.0010738510789431368 0.07107682665711483 0.031669499725548556 0.048596906238988026 -0.020447912814393284
leaf_weight=92 1972 662 29 20 21 28 304 194 21 36 20 140 192 30 23 23 166 32 49 22 36 59 28
leaf_count=92 1972 662 29 20 21 28 304 194 21 36 20 140 192 30 23 23 166 32 49 22 36 59 28
internal_value=-0.00263039 -0.000868883 0.00324373 0.0111572 0.000267557 -0.00329787 -0.00195122 0.000180179 0.009 0.00710191 0.0116667 0.00327465 -0.00245223 0.000327868 0.00291667 0.00214286 0.00298969 0.00846154 0.00323529 0.0159302 0.00260456 0.0047561 0.000468749
internal_weight=4199 2227 827 229 598 1400 738 434 200 157 72 284 314 122 240 217 194 52 85 43 263 123 64
internal_count=4199 2227 827 229 598 1400 738 434 200 157 72 284 314 122 240 217 194 52 85 43 263 123 64
cat_boundaries=0 1 2
cat_threshold=164 19
is_linear=0
shrinkage=0.05


Tree=38
num_leaves=24
num_cat=0
split_feature=2 5 5 5 2 2 4 15 14 14 5 14 11 11 5 14 15 14 2 14 5 15 5
split_gain=5.18754 4.10892 2.4834 1.43244 2.60628 0.813275 0.605258 0.775758 0.727039 0.541126 0.471337 0.490191 0.46132 0.519955 0.595041 0.512622 0.481788 0.500235 0.451483 0.418495 0.404652 0.397602 0.480002
threshold=2030.5000000000002 0.96905256789785377 1.5531047480642555 1.084337575140127 2034.5000000000002 2026.5000000000002 1.0000000180025095e-35 52.485411075247264 30893.119705021531 59013.550843035846 1.4308953954205845 84505.910569295273 0.0037520564510518761 0.022181602944652261 1.1625859542886614 132369.43340062615 97.029154502048939 95190.301059474572 2027.5000000000002 91955.043918078358 0.74651220879099955 81.527826868447789 1.2553521696088608
decision_type=2 2 2 2 2 2 2 2 2 2 2 2 2 2 2 2 2 2 2 2 2 2 2
left_child=1 20 5 -2 10 6 8 -8 -3 -4 19 -12 16 -14 15 -15 -7 -18 -19 21 -1 -5 -23
right_child=3 2 9 4 -6 12 7 -9 -10 -11 11 -13 13 14 -16 -17 17 18 -20 -21 -22 22 -24
leaf_value=-0.21495280748777645 -0.19796597521764725 0.057984478027673425 0.26504459451933593 8.2076365275473963e-05 -0.1492375089587358 -0.0052811026742857351 0.053623990553213187 0.25023637716266178 0.002422700990100795 0.10571511530129696 0.0072145396167256279 0.043792913235492226 0.071988976598844789 -0.028975565759597088 0.031576219512439489 0.021727721076702532 0.017422301484266472 0.054493878509020655 -0.013121557002611813 -0.022935641740353268 -0.022023162395929219 0.077450892345005434 -0.028061350246931901
leaf_weight=245 1721 27 20 210 627 203 20 24 76 22 41 23 20 90 121 31 27 22 65 126 394 23 21
leaf_count=245 1721 27 20 210 627 203 20 24 76 22 41 23 20 90 121 31 27 22 65 126 394 23 21
internal_value=-0.00271374 -0.000238096 0.00222656 -0.00396132 -0.00252568 0.0015427 0.00486394 0.00977273 0.00276699 0.0140476 0.000405404 0.004375 0.000699481 0.00225191 0.00161157 -0.00086777 -0.000583597 0.00201754 0.000172413 -0.000263159 -0.00320031 0.000905511 0.00522727
internal_weight=4199 1407 768 2792 1071 726 147 44 103 42 444 64 579 262 242 121 317 114 87 380 639 254 44
internal_count=4199 1407 768 2792 1071 726 147 44 103 42 444 64 579 262 242 121 317 114 87 380 639 254 44
is_linear=0
shrinkage=0.05


Tree=39
num_leaves=24
num_cat=4
split_feature=0 2 5 2 0 5 5 7 5 5 5 0 3 5 1 5 2 2 5 17 5 16 5
split_gain=8.11211 7.52758 8.03768 2.43638 2.64931 2.16882 1.67972 1.61678 1.52696 1.00612 0.955943 1.45723 0.8235 1.08038 0.778451 0.737469 0.769163 0.686403 0.633745 0.625 0.586553 0.578704 0.552004
threshold=0 2034.5000000000002 1.2451720273098628 2032.5000000000002 1 0.99172057139916781 1.3730171506729645 1.0000000180025095e-35 1.0687437210359148 1.2892373734878864 0.98854811158597589 2 1.0000000180025095e-35 1.1625859542886614 3 0.6677617044747115 2029.5000000000002 2029.5000000000002 1.187739437534997 74.884166666666673 1.5935673327094293 1.4758333333333338 0.74651220879099955
decision_type=1 2 2 2 1 2 2 2 2 2 2 1 2 2 1 2 2 2 2 2 2 2 2
left_child=1 2 5 4 8 15 -4 14 22 -3 -6 17 18 -14 -7 -1 21 -12 -10 -15 -5 -17 -2
right_child=3 9 6 20 10 7 -8 -9 12 -11 11 -13 13 19 -16 16 -18 -19 -20 -21 -22 -23 -24
leaf_value=-0.13997950262879344 -0.21706847083493253 -0.12794012299719623 0.18603382317612221 -0.19495576015025434 -0.16442918421537764 -0.0035163001167010295 0.40342812719885296 0.094473835428745351 -0.0068553417926514541 0.013577349550279023 0.005437298997226934 -0.337727744869045 0.032851552486138025 -0.011024475445953879 0.10226480538676362 0.034038966206394891 -0.010771977740346462 -0.046735625400005559 0.062415647637812322 0.085968870778731318 0.0073436439471515139 0.067436221685712547 -0.00097099846631338205
leaf_weight=42 79 201 31 1897 603 27 25 39 54 31 231 260 25 20 33 24 55 135 94 20 40 30 203
leaf_count=42 79 201 31 1897 603 27 25 39 54 31 231 260 25 20 33 24 55 135 94 20 40 30 203
internal_value=-0.00267802 0.0030292 0.00823529 -0.00351539 -0.00215777 0.0044 0.0253571 0.0101515 0.000940593 -0.0037069 -0.0033858 -0.00204473 0.00415493 0.00884615 0.005 0.000629138 0.00279816 5.31903e-05 0.00209459 0.00375 -0.00474187 0.00703704 -0.0014539
internal_weight=4199 538 306 3661 1724 250 56 99 495 232 1229 626 213 65 60 151 109 366 148 40 1937 54 282
internal_count=4199 538 306 3661 1724 250 56 99 495 232 1229 626 213 65 60 151 109 366 148 40 1937 54 282
cat_boundaries=0 1 2 3 4
cat_threshold=4 160 19 2
is_linear=0
shrinkage=0.05


Tree=40
num_leaves=24
num_cat=3
split_feature=0 2 5 2 0 5 5 6 7 5 5 0 2 2 5 2 3 5 16 18 7 5 5
split_gain=6.44189 6.15469 5.76471 2.58948 2.83726 2.35416 1.80652 1.78246 1.2375 1.00612 0.889443 1.50884 1.07657 0.811568 0.633104 0.652716 0.564751 0.753286 0.555493 0.554551 0.732535 0.473658 0.461193
threshold=0 2034.5000000000002 0.99399758775364122 2033.5000000000002 1 1.3771122059273162 0.99399758775364122 1.0000000180025095e-35 1.5000000000000002 1.2892373734878864 0.91917282543764645 2 2028.5000000000002 2027.5000000000002 0.6677617044747115 2028.5000000000002 1.0000000180025095e-35 1.1776060574645986 3.485125 1.0000000180025095e-35 2.5000000000000004 1.1625859542886614 1.5935673327094293
decision_type=1 2 2 2 1 2 2 2 2 2 2 1 2 2 2 2 2 2 2 2 2 2 2
left_child=1 2 14 4 6 7 13 8 16 -3 -6 12 19 -2 -1 -16 17 -4 -8 -12 -21 -14 -5
right_child=3 9 5 22 10 -7 18 -9 -10 -11 11 -13 21 -15 15 -17 -18 -19 -20 20 -22 -23 -24
leaf_value=-0.13298052749735376 0.0026155359873546958 -0.12154311684733639 0.014889136596495187 -0.21130870314598371 -0.2145801003047324 0.39218307441591227 0.013632053993490626 0.11817067571759053 0.18451292952025644 0.012898482072765111 0.017998742605938839 -0.32730649541550921 -0.07588129594005659 -0.073761435626402139 0.072750642473220897 -0.0016845120931105587 0.025354796180347128 0.10871184158169162 0.11499616662514128 -0.0011380584053630736 0.027060971280596421 -0.0025685699431134573 -0.0014963522083182594
leaf_weight=42 67 201 37 1669 548 24 258 20 20 31 30 353 144 189 35 76 28 24 44 166 25 134 34
leaf_count=42 67 201 37 1669 548 24 258 20 20 31 30 353 144 189 35 76 28 24 44 166 25 134 34
internal_value=-0.00270183 0.00239051 0.0070915 -0.00344729 -0.00221655 0.0139542 0.000809858 0.0112791 0.00876147 -0.0037069 -0.00340426 -0.00241784 -0.000579569 -0.00226563 0.000228757 0.00220721 0.00623595 0.00893443 0.00344371 0.00201357 0.00102094 -0.00266187 -0.00488256
internal_weight=4199 538 306 3661 1958 153 558 129 109 232 1400 852 499 256 153 111 89 61 302 221 191 278 1703
internal_count=4199 538 306 3661 1958 153 558 129 109 232 1400 852 499 256 153 111 89 61 302 221 191 278 1703
cat_boundaries=0 1 2 3
cat_threshold=4 160 19
is_linear=0
shrinkage=0.05


Tree=41
num_leaves=24
num_cat=2
split_feature=0 5 2 5 2 0 5 7 14 5 5 2 15 15 36 15 8 2 7 5 5 4 2
split_gain=5.5457 5.56085 3.74261 2.86745 2.61783 2.32677 2.18976 1.84808 1.21 1.1689 0.726417 0.714758 0.679847 0.813894 0.792798 0.624885 0.596349 0.651975 1.29643 0.633286 0.989583 0.678753 0.5625
threshold=0 1.3771122059273162 2034.5000000000002 1.0392119347815225 2030.5000000000002 1 0.86607280868335701 1.0000000180025095e-35 45557.650428587818 1.5531047480642555 0.75992680472410246 2029.5000000000002 33.18665690317966 38.807285180331199 1.8573506920636429 151.50986834272854 1.5000000000000002 2026.5000000000002 1.0000000180025095e-35 1.1543510596373601 1.3771122059273162 1.0000000180025095e-35 2028.5000000000002
decision_type=1 2 2 2 2 1 2 2 2 2 2 2 2 2 2 2 2 2 2 2 2 2 2
left_child=1 2 3 10 5 -2 -7 22 -9 12 -1 -12 14 -14 -8 16 17 18 -15 21 -21 -19 -5
right_child=4 -3 -4 7 -6 6 9 8 -10 -11 11 -13 13 15 -16 -17 -18 19 -20 20 -22 -23 -24
leaf_value=-0.074742278345721044 -0.31446311479505157 0.26324787839120239 -0.10318666841562606 0.14046301597285757 -0.13407491318861928 -0.11035195501628217 -0.012321365941872711 0.17528728304424346 0.035216463285415014 0.26948748657854849 0.080204944857989818 -0.0013117358364495874 0.029077255747940425 0.0026204070836515466 0.013222080019972266 -0.021687323446973113 -0.037899720885531493 0.0058621331422767193 0.10345436056613494 0.021151916253205973 -0.051308156921431106 -0.027007131367246192 0.016403084366353623
leaf_weight=61 369 37 219 24 2436 256 136 20 25 27 50 54 21 40 20 46 26 107 30 76 20 51 48
leaf_count=61 369 37 219 24 2436 256 136 20 25 27 50 54 21 40 20 46 26 107 30 76 20 51 48
internal_value=-0.0027971 0.00193431 0.000588821 0.00439716 -0.00348815 -0.00161225 -0.000150117 0.0103846 0.0183333 0.0015 0.000151514 0.00269231 0.00102094 0.00207434 -0.00179487 0.00156566 0.00228571 0.00287037 0.00714286 0.00169291 0.00489583 -0.000253166 0.00541667
internal_weight=4199 538 501 282 3661 1225 856 117 45 600 165 104 573 417 156 396 350 324 70 254 96 158 72
internal_count=4199 538 501 282 3661 1225 856 117 45 600 165 104 573 417 156 396 350 324 70 254 96 158 72
cat_boundaries=0 1 2
cat_threshold=4 72
is_linear=0
shrinkage=0.05


Tree=42
num_leaves=24
num_cat=3
split_feature=0 2 0 2 2 0 19 11 2 9 16 2 7 9 4 2 14 9 2 14 14 7 14
split_gain=5.39022 7.84785 1.60539 1.47715 1.07649 1.22911 0.733351 0.509195 0.65342 0.711489 0.939475 0.641076 0.587925 0.666399 0.798246 0.554603 0.503797 0.498701 0.462684 0.437216 0.740192 0.429954 0.852554
threshold=0 2034.5000000000002 1 2026.5000000000002 2031.5000000000002 2 1.0000000180025095e-35 0.036133300533483327 2026.5000000000002 6677.1569557708253 2.1729166666666671 2030.5000000000002 1.0000000180025095e-35 26496.096493499663 1.0000000180025095e-35 2030.5000000000002 98325.613438700137 3923.3204996074787 2026.5000000000002 42808.830599797126 22592.649070886775 1.5000000000000002 91955.043918078358
decision_type=1 2 1 2 2 1 2 2 2 2 2 2 2 2 2 2 2 2 2 2 2 2 2
left_child=1 2 3 -1 5 18 -5 8 -4 10 15 16 -11 14 -14 -10 -9 -17 19 20 -2 -8 -23
right_child=4 -3 7 6 -6 -7 21 11 9 12 -12 -13 13 -15 -16 17 -18 -19 -20 -21 -22 22 -24
leaf_value=0.38619051038498592 -0.01572526937205394 -0.12990305371129979 0.069244134263701157 -0.028187859126934129 -0.21177239884863652 -0.30270699463371736 0.044724262500522922 -0.0010976692397179071 -0.0052724845655891476 -0.011300941310559726 0.021044952692230695 -0.023909289447028855 -0.044013958861806812 0.027313154239963194 0.024833596129213723 -0.025808599773640046 0.029480638382198523 0.013873315513106397 -0.020754170336625077 -0.0010235222146179558 0.022305728745109298 0.067465530648211314 0.021671400217560467
leaf_weight=31 23 649 37 28 1553 432 173 107 29 128 28 108 49 44 25 20 40 22 506 73 20 49 25
leaf_count=31 23 649 37 28 1553 432 173 107 29 128 28 108 49 44 25 20 40 22 506 73 20 49 25
internal_value=-0.00268993 -0.000380775 0.00252916 0.00544304 -0.00408292 -0.00286528 0.00445454 0.00102782 0.00219895 0.00152174 0.00510101 -0.000686276 8.12996e-05 0.00262712 -0.000270271 0.00204225 0.00146258 0.00571428 -0.00136076 0.00146552 0.00546512 0.00532389 0.00851351
internal_weight=4199 1592 943 306 2607 1054 275 637 382 345 99 255 246 118 74 71 147 42 622 116 43 247 74
internal_count=4199 1592 943 306 2607 1054 275 637 382 345 99 255 246 118 74 71 147 42 622 116 43 247 74
cat_boundaries=0 1 2 3
cat_threshold=164 4 19
is_linear=0
shrinkage=0.05


Tree=43
num_leaves=24
num_cat=3
split_feature=2 0 5 5 2 0 5 5 2 15 15 2 9 5 5 5 2 5 1 9 2 15 2
split_gain=5.37651 7.36017 5.69696 2.34724 1.23953 1.22537 2.21568 0.974271 0.910572 0.68376 0.872743 0.649324 0.619355 0.597848 0.583021 0.580978 0.579658 0.621912 0.485978 0.715008 0.551339 0.695942 0.46531
threshold=2033.5000000000002 0 1.0758755085164153 1.4308953954205845 2029.5000000000002 1 1.1453412370221989 0.74651220879099955 2029.5000000000002 61.954621471257603 104.92282162419632 2026.5000000000002 25607.930157639341 1.5720523221415739 0.96905256789785377 1.5935673327094293 2031.5000000000002 1.1742771550500766 2 581.24256917423725 2030.5000000000002 36.108001881607926 2027.5000000000002
decision_type=2 1 2 2 2 1 2 2 2 2 2 2 2 2 2 2 2 2 1 2 2 2 2
left_child=1 2 7 9 -5 6 11 -1 12 18 -11 -3 14 16 22 -2 17 -8 19 -4 -20 -22 -9
right_child=15 5 3 4 -6 -7 13 8 -10 10 -12 -13 -14 -15 -16 -17 -18 -19 20 -21 21 -23 -24
leaf_value=-0.11979442173419108 -0.15804557840616718 0.0020098356532392402 0.022935124758259443 0.36765774690748176 0.064845263279445176 -0.29545297551748528 0.0096410260107895815 0.0070685298181192499 -0.010526331419214673 0.080789737552534324 0.026509937528798235 -0.089212969461452782 0.05717284033954078 0.053511577587153518 0.050495914387831659 0.0075743037943572017 -0.053953119036665692 0.0080544465383766105 -0.0037150791938094642 0.068358733043185627 0.020404010706816852 -0.0075289443694093548 -0.028589097256684778
leaf_weight=138 1934 81 23 22 23 586 23 51 156 57 82 486 31 24 55 38 44 156 63 27 23 27 49
leaf_count=138 1934 81 23 22 23 586 23 51 156 57 82 486 31 24 55 38 44 156 63 27 23 27 49
internal_value=-0.0026423 -0.00095869 0.00276583 0.00768011 0.0183333 -0.00315603 -0.00184466 -0.000729168 0.000701753 0.00609271 0.00866906 -0.00358907 0.00306451 0.00208502 0.00177419 -0.00454361 0.00127803 0.0025419 0.0038957 0.008 0.00207964 0.006 -0.000500001
internal_weight=4199 2227 827 347 45 1400 814 480 342 302 139 567 186 247 155 1972 223 179 163 50 113 50 100
internal_count=4199 2227 827 347 45 1400 814 480 342 302 139 567 186 247 155 1972 223 179 163 50 113 50 100
cat_boundaries=0 1 2 3
cat_threshold=164 19 4
is_linear=0
shrinkage=0.05


Tree=44
num_leaves=24
num_cat=4
split_feature=0 2 5 0 5 2 2 5 2 0 5 5 14 14 2 1 15 9 14 2 5 14 15
split_gain=5.22436 7.01399 6.44216 2.13959 1.92048 2.1025 1.19701 1.1457 1.05894 1.28993 1.8406 0.825431 0.724169 0.776192 0.638193 0.63649 0.560213 0.74652 0.477329 0.447849 0.418981 0.398108 0.491701
threshold=0 2034.5000000000002 1.0758755085164153 1 1.3771122059273162 2032.5000000000002 2030.5000000000002 0.74651220879099955 2031.5000000000002 2 1.0596748834202809 1.5137990806277084 45088.504878155632 142937.22037942099 2026.5000000000002 3 96.048562507698918 5495.5914103797186 42808.830599797126 2031.5000000000002 1.2892373734878864 17470.38653641288 51.577959385286142
decision_type=1 2 2 1 2 2 2 2 2 1 2 2 2 2 2 1 2 2 2 2 2 2 2
left_child=1 2 6 4 5 15 7 -1 9 10 14 12 -5 16 18 -4 17 -14 -2 -18 -3 -9 -23
right_child=8 20 3 11 -6 -7 -8 21 -10 -11 -12 -13 13 -15 -16 -17 19 -19 -20 -21 -22 22 -24
leaf_value=-0.080918842813936909 0.0042819529785826328 -0.1335005241325124 0.017660836932000708 0.00030457772052304649 0.3354036780427232 0.031590517239159954 -0.037536588811907343 -0.021165914307593802 -0.19430118798266005 -0.27279899612615721 0.0094120802664295726 0.27152104141856159 0.055226413985859368 -0.005990356200816783 -0.10100689524227376 0.15758734132568006 0.022869650900034462 -0.0038163603768934847 -0.0023248173284920472 0.022262353200651053 -0.037886111664262312 0.034698335612971511 0.0079876522723458122
leaf_weight=91 28 554 36 104 24 20 229 26 1553 432 261 25 25 35 290 44 31 33 43 20 95 72 128
leaf_count=91 28 554 36 104 24 20 229 26 1553 432 261 25 25 35 290 44 31 33 43 20 95 72 128
internal_value=-0.0026542 -0.000380775 0.00237009 0.00721662 0.0125373 0.0105 -0.00115385 0.000835961 -0.0040256 -0.00281784 -0.00128165 0.00418728 0.00346774 0.00576389 -0.00361496 0.006875 0.00784404 0.00448276 0.000633802 0.0116667 -0.00438367 0.00274336 0.0035
internal_weight=4199 1592 943 397 124 100 546 317 2607 1054 622 273 248 144 361 80 109 58 71 51 649 226 200
internal_count=4199 1592 943 397 124 100 546 317 2607 1054 622 273 248 144 361 80 109 58 71 51 649 226 200
cat_boundaries=0 1 2 3 4
cat_threshold=164 4 19 2
is_linear=0
shrinkage=0.05


Tree=45
num_leaves=24
num_cat=5
split_feature=2 0 5 0 2 2 1 5 2 5 9 0 5 2 14 1 5 9 7 5 2 14 5
split_gain=4.54692 6.29094 5.1289 1.61687 1.17677 1.76333 1.52758 1.14725 1.13647 0.977868 0.943854 0.84269 1.25923 1.02275 0.825536 1.02327 1.5547 0.707071 0.763636 0.72803 0.662928 0.711765 0.608059
threshold=2034.5000000000002 0 1.0816180947461709 1 2032.5000000000002 2027.5000000000002 2 1.6204724967474646 2029.5000000000002 0.6677617044747115 25607.930157639341 3 1.1453412370221989 2031.5000000000002 80163.209643722032 4 1.2677191133471377 14303.539581722145 1.0000000180025095e-35 1.3310264847438595 2026.5000000000002 42808.830599797126 0.96905256789785377
decision_type=2 1 2 1 2 2 1 2 2 2 2 1 2 2 2 1 2 2 2 2 2 2 2
left_child=1 2 8 4 5 -4 -7 11 9 -1 22 12 20 14 15 -14 -17 -5 19 -19 21 -3 -11
right_child=-2 7 3 17 -6 6 -8 -9 -10 10 -12 -13 13 -15 -16 16 -18 18 -20 -21 -22 -23 -24
leaf_value=-0.11736942041316843 -0.15938944659797352 0.0033096115823436512 0.38307748522802426 0.011588491734124157 0.027729130698184452 0.10332324464975272 0.018333946849931983 0.028836716632832202 -0.023421256811225023 -0.0036048893715128574 0.052106315390191005 -0.27463119887416471 -0.014525596175621304 -0.060901070190231568 -0.0070483637708325378 0.032303624289292988 0.011744761237821576 -0.024424954490810075 0.033653853346769562 0.32637435654444713 -0.08983718171379293 -0.0049130122540898824 0.045090812710154665
leaf_weight=51 1682 30 25 180 22 20 55 24 299 118 32 642 28 79 75 40 46 24 40 20 559 51 57
leaf_count=51 1682 30 25 180 22 20 55 24 299 118 32 642 28 79 75 40 46 24 40 20 559 51 57
internal_value=-0.00274947 -0.00140445 0.00182057 0.00626943 0.0109091 0.0095 0.00566667 -0.00332702 -0.0012298 0.00120155 0.00272947 -0.00351613 -0.00244009 0.000410447 0.00240741 0.00508772 0.0077907 0.00357664 0.0075 0.00295454 -0.00367188 0.000555554 0.00128571
internal_weight=4199 2517 943 386 122 100 75 1574 557 258 207 1550 908 268 189 114 86 264 84 44 640 81 175
internal_count=4199 2517 943 386 122 100 75 1574 557 258 207 1550 908 268 189 114 86 264 84 44 640 81 175
cat_boundaries=0 1 2 3 4 5
cat_threshold=164 4 4 19 4
is_linear=0
shrinkage=0.05


Tree=46
num_leaves=24
num_cat=3
split_feature=0 5 2 0 5 2 2 5 7 5 5 2 3 5 2 5 5 17 5 15 0 3 9
split_gain=4.66088 3.82236 2.4212 2.48918 3.44746 2.17047 2.00784 1.82742 1.21246 1.00721 0.640709 0.638683 0.562047 0.848991 0.510418 0.449618 0.447208 0.446413 0.367299 0.462168 0.352336 0.583368 0.769398
threshold=0 1.0942162355239466 2033.5000000000002 1 1.0687437210359148 2034.5000000000002 2031.5000000000002 1.6204724967474646 1.0000000180025095e-35 0.6677617044747115 1.2677191133471377 2027.5000000000002 1.0000000180025095e-35 0.96905256789785377 2028.5000000000002 0.74651220879099955 1.5935673327094293 73.879583333333343 1.0294041024118206 125.56580484230888 2 1.0000000180025095e-35 14303.539581722145
decision_type=1 2 2 1 2 2 2 2 2 2 2 2 2 2 2 2 2 2 2 2 1 2 2
left_child=1 6 3 -2 11 8 9 20 14 -1 -7 15 13 17 -3 -5 -4 -11 19 -17 21 -6 -23
right_child=2 5 16 4 7 10 -8 -9 -10 12 -12 -13 -14 -15 -16 18 -18 -19 -20 -21 -22 22 -24
leaf_value=-0.082335333570853875 -0.25330881699159508 0.22657325447825141 -0.16452027779716713 -0.17035142854025745 0.0056252684224123162 -0.03063941028192213 -0.10820380440380212 0.15647003797215209 0.14495092888039721 -0.0018798464812807255 0.021326557551132396 -0.075473731220558588 -0.0029794932535989957 0.1908659432885792 0.047915923851167407 0.0056472757548490186 0.0011484858340669866 0.044964530235524852 -0.0069207148887628113 -0.027208385339311632 0.00032427136921700744 0.013904265325685972 0.032909938685173903
leaf_weight=30 586 22 1669 49 160 40 204 21 52 23 39 590 37 21 45 116 34 25 26 23 314 53 20
leaf_count=30 586 22 1669 49 160 40 204 21 52 23 39 590 37 21 45 116 34 25 26 23 314 53 20
internal_value=-0.00277328 0.00156934 -0.00340643 -0.00221655 -0.00102026 0.00712121 -0.00161765 0.00195422 0.0113866 0.00308823 0.000696201 -0.00313433 0.00537736 0.00804348 0.0069403 -0.000794394 -0.00479448 0.004375 0.000454544 0.00147482 0.00139854 0.00281893 0.00664383
internal_weight=4199 538 3661 1958 1372 198 340 568 119 136 79 804 106 69 67 214 1703 48 165 139 547 233 73
internal_count=4199 538 3661 1958 1372 198 340 568 119 136 79 804 106 69 67 214 1703 48 165 139 547 233 73
cat_boundaries=0 1 2 3
cat_threshold=4 72 160
is_linear=0
shrinkage=0.05


Tree=47
num_leaves=24
num_cat=4
split_feature=0 2 5 5 2 0 5 5 7 17 9 7 5 5 2 0 16 9 2 4 4 17 1
split_gain=4.00561 4.14931 4.02254 2.05868 1.55767 1.62395 1.20841 0.981788 0.937415 0.862664 0.766211 0.703701 0.702475 0.660135 1.10718 1.04934 0.619699 0.539339 1.50261 0.460418 0.424815 0.390538 0.570837
threshold=0 2034.5000000000002 0.99399758775364122 1.4308953954205845 2028.5000000000002 1 0.81306325873261354 1.2677191133471377 1.0000000180025095e-35 74.884166666666673 11002.751762119648 1.0000000180025095e-35 1.2070788346600592 1.1625859542886614 2034.5000000000002 2 2.1729166666666671 30481.089817069253 2029.5000000000002 1.0000000180025095e-35 1.0000000180025095e-35 74.884166666666673 3
decision_type=1 2 2 2 2 1 2 2 2 2 2 2 2 2 2 1 2 2 2 2 2 2 1
left_child=1 2 17 8 5 -2 -7 -3 -4 10 12 -9 -10 -6 15 -15 20 -1 -19 -11 -8 22 -17
right_child=4 7 3 -5 13 6 16 11 9 19 -12 -13 -14 14 -16 21 -18 18 -20 -21 -22 -23 -24
leaf_value=-0.02183759487626279 -0.21997840032686722 -0.10785760392213067 0.024033816204792585 0.1475812960089897 -0.14299064902478981 -0.12760532795225438 0.016111773155197018 -0.027731289536669809 0.06531090376651133 0.0022800882123582586 0.089034254172859165 0.015295311986067317 0.10532389962463842 -0.24788189857757836 -0.14369310669534804 0.012943167380708741 -0.007529856726931578 0.079320638600700308 -0.063700257891305193 0.043350103883501995 -0.0008493425120984833 -0.00345022265536512 0.0031403045222282489
leaf_weight=240 238 368 150 32 1785 101 162 33 24 38 28 34 23 119 345 28 101 23 27 25 71 114 90
leaf_count=240 238 368 150 32 1785 101 162 33 24 38 28 34 23 119 345 28 101 23 27 25 71 114 90
internal_value=-0.00282091 -0.000118485 0.00254098 0.00640625 -0.00370417 -0.00158247 0.000280898 -0.00385058 0.00506944 0.00804348 0.0116667 0.00171642 0.00776596 -0.00429464 -0.00298851 -0.0010114 0.00173653 -0.00172414 0.003 0.00373016 0.00315451 0.000991734 0.00305085
internal_weight=4199 1045 610 320 3154 673 435 435 288 138 75 67 47 2481 696 351 334 290 50 63 233 232 118
internal_count=4199 1045 610 320 3154 673 435 435 288 138 75 67 47 2481 696 351 334 290 50 63 233 232 118
cat_boundaries=0 1 2 3 4
cat_threshold=132 72 72 1
is_linear=0
shrinkage=0.05


Tree=48
num_leaves=24
num_cat=3
split_feature=0 2 5 5 2 2 0 5 2 9 0 7 5 7 18 16 15 7 5 5 14 14 14
split_gain=4.30364 5.46843 3.87926 1.67525 1.23648 1.16876 1.35094 1.19773 0.941092 1.09022 0.893536 1.15976 0.597765 0.573412 0.625579 0.53646 0.535396 0.475729 0.422221 0.346726 0.333416 0.696599 0.49397
threshold=0 2034.5000000000002 0.99399758775364122 1.4308953954205845 2029.5000000000002 2028.5000000000002 1 0.91917282543764645 2028.5000000000002 23770.315617280463 2 1.0000000180025095e-35 1.2677191133471377 2.5000000000000004 1.0000000180025095e-35 1.4758333333333338 46.866759309991963 1.0000000180025095e-35 0.88037162294841587 1.6631307399525419 25495.070357952452 31346.425854967394 47446.554333251734
decision_type=1 2 2 2 2 2 1 2 2 2 1 2 2 2 2 2 2 2 2 2 2 2 2
left_child=1 2 8 10 -5 6 7 -2 9 -1 11 15 -3 14 -9 -4 -13 -14 -10 -7 -12 -22 -23
right_child=5 12 3 4 -6 19 -8 13 18 -11 20 16 17 -15 -16 -17 -18 -19 -20 -21 21 22 -24
leaf_value=-0.0050102391717792563 -0.10155562657307456 -0.11312733422133009 0.067178306296760887 0.3011282041396246 0.03916510760206679 -0.13308830532253038 -0.20897948031052382 0.024350614379713777 -0.10906502053580441 0.047377249087314645 -0.0098273767790383465 0.042988203729917684 -0.055662050797570466 0.020421081613242749 -8.0013380490588304e-05 -0.0027099756932857963 0.2507987971167373 0.011471206812314999 -0.0046355301393615229 0.002181513461645732 0.019056362408734904 -0.0044695672527252138 0.017240175438192864
leaf_weight=118 112 541 33 22 30 2013 238 26 187 35 64 21 55 29 166 47 34 53 107 23 21 43 181
leaf_count=118 112 541 33 22 30 2013 238 26 187 35 64 21 55 29 166 47 34 53 107 23 21 43 181
internal_value=-0.00276137 -0.000692885 0.00173383 0.00477822 0.0132692 -0.0040065 -0.00202277 0.00010204 -0.0016443 0.00153595 0.00378378 0.00706896 -0.00422959 0.00223982 0.00125 0.00375 0.0131818 -0.000833335 -0.00329932 -0.00458252 0.00205329 0.00295918 0.00214286
internal_weight=4199 1592 943 496 52 2607 571 333 447 153 444 135 649 221 192 80 55 108 294 2036 309 245 224
internal_count=4199 1592 943 496 52 2607 571 333 447 153 444 135 649 221 192 80 55 108 294 2036 309 245 224
cat_boundaries=0 1 2 3
cat_threshold=164 19 4
is_linear=0
shrinkage=0.05


Tree=49
num_leaves=24
num_cat=2
split_feature=2 0 5 0 5 5 5 15 5 14 14 15 4 15 2 3 14 9 5 2 15 2 4
split_gain=4.33733 4.32027 5.03397 2.14628 1.4683 1.10635 0.845873 0.746614 0.679691 1.12151 1.4243 0.828515 0.587308 0.699543 0.659772 0.917112 0.560818 0.805594 0.788262 1.24995 0.711491 0.524689 0.893927
threshold=2033.5000000000002 0 0.88037162294841587 1 1.6204724967474646 1.3771122059273162 1.5935673327094293 151.50986834272854 1.1393490278976233 25495.070357952452 30893.119705021531 20.926395294179958 1.0000000180025095e-35 79.177087869923426 2029.5000000000002 1.0000000180025095e-35 80922.769451986052 46487.176882580658 1.264078397058507 2027.5000000000002 40.506207950130239 2028.5000000000002 1.0000000180025095e-35
decision_type=2 1 2 1 2 2 2 2 2 2 2 2 2 2 2 2 2 2 2 2 2 2 2
left_child=1 -1 -3 5 7 12 -2 8 11 -10 -11 -5 14 -14 15 -4 18 -18 20 -20 -12 22 -13
right_child=6 2 3 4 -6 -7 -8 -9 9 10 16 21 13 -15 -16 -17 17 -19 19 -21 -22 -23 -24
leaf_value=-0.22209093848874298 -0.12199389315411227 -0.079611595054098899 0.22192339561201346 0.009163271028349804 0.12621107163730025 0.27834960111020024 0.0023526192707172297 -0.011098215853888165 -0.011994144423239241 0.036750136960211129 0.0084807492988865779 0.01272773812654502 0.016603632990100186 0.14621513916497539 -0.0020910048173821446 -0.03053173911683342 -0.0025837460624571762 0.017533522755324715 0.17292677575537252 -0.012159040207808301 0.024159028193706966 -0.020306292169498866 -0.010020752041627791
leaf_weight=586 1934 541 34 38 21 22 38 70 90 24 25 104 29 20 53 22 110 20 20 53 37 245 63
leaf_count=586 1934 541 34 38 21 22 38 70 90 24 25 104 29 20 53 22 110 20 20 53 37 245 63
internal_value=-0.00278519 -0.00127301 5.75397e-05 0.002 0.000967741 0.0068421 -0.0044929 0.000672969 0.00109168 0.00265171 0.00416955 -0.000222223 0.00575949 0.0103061 0.0037156 0.0075 0.00311321 0.00076923 0.00537037 0.00184931 0.00951613 -0.000873788 0.00128742
internal_weight=4199 2227 1641 1100 920 180 1972 899 829 379 289 450 158 49 109 56 265 130 135 73 62 412 167
internal_count=4199 2227 1641 1100 920 180 1972 899 829 379 289 450 158 49 109 56 265 130 135 73 62 412 167
cat_boundaries=0 1 2
cat_threshold=72 4
is_linear=0
shrinkage=0.05


Tree=50
num_leaves=24
num_cat=2
split_feature=2 0 5 5 0 5 2 5 2 5 4 2 5 11 14 14 2 16 14 9 5 7 14
split_gain=4.20449 5.25561 3.33822 1.36873 1.29519 1.87527 1.06238 0.7443 0.710921 0.721572 0.780683 0.690667 0.787424 0.633017 0.983662 0.849115 0.599582 0.496694 0.605065 0.542949 0.405614 0.401213 0.375383
threshold=2034.5000000000002 0 1.1543510596373601 0.74651220879099955 1 1.1393490278976233 2026.5000000000002 1.5531047480642555 2028.5000000000002 0.88037162294841587 1.0000000180025095e-35 2030.5000000000002 1.0758755085164153 0.0020258149769814536 66992.805592730962 30577.265212828435 2030.5000000000002 1.4758333333333338 42045.363670888539 11328.807924415096 1.1246321737264284 1.5000000000000002 25495.070357952452
decision_type=2 1 2 2 1 2 2 2 2 2 2 2 2 2 2 2 2 2 2 2 2 2 2
left_child=1 2 3 -1 5 8 -4 13 9 -3 21 -5 -13 16 15 -15 -8 18 -7 -20 -14 -11 -19
right_child=-2 4 6 11 -6 17 7 -9 -10 10 -12 12 20 14 -16 -17 -18 22 19 -21 -22 -23 -24
leaf_value=-0.11714635786117999 -0.12821312679545416 -0.12166614506262903 0.29757426166822287 0.010424937014164453 -0.21703451553692152 0.02819972671359532 -0.021030759521880809 0.11990052354222849 -0.094646929528137691 0.0018363340489573146 -0.008986326047195025 -0.017800276409254589 0.010249772862822172 0.03615562922848814 0.1608771160205209 -0.028845775372481369 0.016158272024450679 -0.012913381847020287 -0.016927508294893982 0.025203378448967192 -0.001637992333142259 0.021277979219240219 0.0032970387647388404
leaf_weight=163 1682 98 30 287 652 34 53 21 404 58 47 157 32 37 34 27 77 47 30 26 25 24 154
leaf_count=163 1682 98 30 287 652 34 53 21 404 58 47 157 32 37 34 27 77 47 30 26 25 24 154
internal_value=-0.00273756 -0.00144418 0.00150577 -0.000406628 -0.00320076 -0.00194206 0.00611111 0.00504016 -0.00349445 -0.00125551 0.00120155 0.000888222 -0.00126168 0.00421053 0.0072449 0.00359375 0.00192308 0.00135739 0.00444444 0.00125 0.00377193 0.00414634 -2.48768e-05
internal_weight=4199 2517 943 664 1574 922 279 249 631 227 129 501 214 228 98 64 130 291 90 56 57 82 201
internal_count=4199 2517 943 664 1574 922 279 249 631 227 129 501 214 228 98 64 130 291 90 56 57 82 201
cat_boundaries=0 1 2
cat_threshold=164 19
is_linear=0
shrinkage=0.05


Tree=51
num_leaves=24
num_cat=2
split_feature=2 0 5 5 0 5 2 15 14 14 36 2 9 5 2 5 4 17 14 5 5 19 14
split_gain=4.14247 4.33568 2.27944 1.52602 1.50464 2.14203 1.21 0.843161 0.852289 1.12572 0.700171 0.805406 2.4539 0.681818 0.638259 0.721572 0.780683 0.636167 0.576376 0.56189 0.450965 0.468601 0.517713
threshold=2033.5000000000002 0 0.74651220879099955 1.4308953954205845 1 1.1393490278976233 2030.5000000000002 33.18665690317966 59653.752615219921 25495.070357952452 1.1008556028779617 2026.5000000000002 13884.561772756344 1.2758260264362959 2028.5000000000002 0.88037162294841587 1.0000000180025095e-35 74.884166666666673 45557.650428587818 1.5935673327094293 0.78826001885651131 1.0000000180025095e-35 157226.55219614532
decision_type=2 1 2 2 1 2 2 2 2 2 2 2 2 2 2 2 2 2 2 2 2 2 2
left_child=1 2 -1 10 5 14 -5 -7 9 -9 11 12 18 -11 15 -3 -17 -10 -4 -2 -13 -22 -23
right_child=19 4 3 6 -6 7 -8 8 17 13 -12 20 -14 -15 -16 16 -18 -19 -20 -21 21 22 -24
leaf_value=-0.091411990925095263 -0.11135666286512323 -0.11558283780949755 -0.027001046715498068 0.2742147522676136 -0.20013466578745978 -0.0074674087645871315 0.014549903248235067 -0.021682692398892783 0.017523598586864714 0.0172582440346261 0.028894287107036089 -0.055273271648937874 0.17363632644896299 0.044665699243525328 -0.083436403542942419 0.0059091518381960651 -0.0085370097448351986 -0.0051333857051991116 0.026675477929170233 0.0077649581713967204 -0.016842717105107548 0.0057735954125905445 0.044966043416842863
leaf_weight=138 1934 98 31 25 586 65 20 28 39 20 22 28 21 24 331 82 47 80 20 38 51 436 35
leaf_count=138 1934 98 31 25 586 65 20 28 39 20 22 28 21 24 331 82 47 80 20 38 51 436 35
internal_value=-0.00277328 -0.00129547 0.00157109 0.00276488 -0.00297872 -0.00154126 0.0116667 0.00222656 0.00390052 0.00819444 0.00214286 0.0018328 0.00680555 0.0131818 -0.00329749 -0.00125551 0.00120155 0.00130252 0.000882352 -0.00444219 0.00118182 0.00151341 0.00200637
internal_weight=4199 2227 827 689 1400 814 45 256 191 72 644 622 72 44 558 227 129 119 51 1972 550 522 471
internal_count=4199 2227 827 689 1400 814 45 256 191 72 644 622 72 44 558 227 129 119 51 1972 550 522 471
cat_boundaries=0 1 2
cat_threshold=164 19
is_linear=0
shrinkage=0.05


Tree=52
num_leaves=24
num_cat=2
split_feature=0 5 2 0 5 5 2 16 5 5 5 14 2 2 5 14 14 5 14 9 2 15 9
split_gain=4.059 4.41515 2.61687 2.68399 3.53259 1.53125 1.49957 1.19222 0.90504 0.803598 0.773735 0.726449 0.650593 0.698361 0.631108 0.603163 0.583128 0.714071 1.31688 1.1097 0.535192 0.519532 0.9
threshold=0 1.1498103798023716 2033.5000000000002 1 0.89340953320853456 1.4368553152526682 2032.5000000000002 1.756416666666667 1.1543510596373601 1.1672731239108303 0.6677617044747115 25495.070357952452 2026.5000000000002 2032.5000000000002 1.2026241249255898 66571.433996740641 78024.023601291337 1.2758260264362959 47446.554333251734 1282.1821382885942 2034.5000000000002 20.926395294179958 581.24256917423725
decision_type=1 2 2 1 2 2 2 2 2 2 2 2 2 2 2 2 2 2 2 2 2 2 2
left_child=1 6 3 -2 -5 7 10 14 21 -10 -1 -11 -13 16 -3 -16 17 18 -14 -19 -17 22 -6
right_child=2 5 -4 4 8 -7 -8 -9 9 11 -12 12 13 -15 15 20 -18 19 -20 -21 -22 -23 -24
leaf_value=-0.071633166271751175 -0.19012793249808679 0.062385351975559084 -0.1280220281159484 -0.1005648031883104 -0.029591293767780941 0.072180101342658773 -0.071471558325101325 -0.00067265602698183418 0.0065370987214302279 -0.015328982550233164 0.027552585281328004 0.070514252151384557 -0.0048750526480382146 0.014836015661538072 -0.00049535015127296809 0.27444787580453095 -0.0029542971380566631 0.086038928051773017 0.033174761900276871 -0.012750876869893572 0.025175659742219511 -0.0041682154643716152 0.011391459420516489
leaf_weight=34 586 23 1703 475 20 24 204 44 20 82 143 38 20 31 25 21 121 24 22 43 20 456 20
leaf_count=34 586 23 1703 475 20 24 204 44 20 82 143 38 20 31 25 21 121 24 22 43 20 456 20
internal_value=-0.00276137 0.00129562 -0.00335195 -0.0021144 -0.000875544 0.00837579 -0.00158793 0.00627819 0.000964324 0.00273067 0.00177966 0.00221785 0.0033612 0.00247126 0.00960674 0.00712121 0.00152174 0.00417431 0.00928571 0.000970148 0.0108537 -0.000463711 0.005
internal_weight=4199 538 3661 1958 1372 157 381 133 897 401 177 381 299 261 89 66 230 109 42 67 41 496 40
internal_count=4199 538 3661 1958 1372 157 381 133 897 401 177 381 299 261 89 66 230 109 42 67 41 496 40
cat_boundaries=0 1 2
cat_threshold=4 72
is_linear=0
shrinkage=0.05


Tree=53
num_leaves=24
num_cat=2
split_feature=0 2 5 2 5 2 0 5 5 15 14 5 2 17 15 14 5 14 5 5 5 15 15
split_gain=4.10673 4.55591 3.02081 1.36401 1.2613 1.22768 1.39283 1.78397 0.879984 0.79121 1 0.789551 0.76833 0.753062 0.747005 0.963937 0.905357 0.61021 0.608656 0.993187 0.580119 0.668061 1.67828
threshold=0 2034.5000000000002 1.1118254632596161 2026.5000000000002 0.74651220879099955 2031.5000000000002 1 1.0596748834202809 1.5531047480642555 33.18665690317966 74569.930966300628 1.4854173152328105 2028.5000000000002 74.884166666666673 149.65648339621836 103976.04351227853 1.232385959691737 27057.892034168963 1.2677191133471377 1.1453412370221989 1.3618862516084771 79.177087869923426 99.727677125721016
decision_type=1 2 2 2 2 2 1 2 2 2 2 2 2 2 2 2 2 2 2 2 2 2 2
left_child=1 2 4 -4 -1 6 7 -2 14 -9 18 -3 13 17 15 20 -17 -6 19 -11 21 -5 -23
right_child=5 11 3 8 12 -7 -8 9 -10 10 -12 -13 -14 -15 -16 16 -18 -19 -20 -21 -22 22 -24
leaf_value=-0.10338492054793097 -0.040129960855707997 -0.074882324711668433 0.25889645635824104 0.0051214842060794078 -0.016091525163449385 -0.14512303917574829 -0.17104853144669865 -0.0026276788670957715 0.095892824805417054 0.00021236388155260966 -0.00011121881189145588 0.01425407110669707 -0.0031646434818298807 -0.0021667912436083574 -0.019898177429865591 0.014654745836536538 0.086268884950390853 0.040223954424965749 0.016977968041853177 0.010334574718347023 -0.017336869994060953 0.13471979654598817 -0.010584309656673041
leaf_weight=163 361 623 36 136 27 1553 432 65 21 25 98 26 283 65 24 20 28 58 40 33 41 20 21
leaf_count=163 361 623 36 136 27 1553 432 65 21 25 98 26 283 65 24 20 28 58 40 33 41 20 21
internal_value=-0.00271374 -0.000692885 0.00152174 0.00523055 -0.000637585 -0.00393007 -0.00262808 -0.0010443 0.00416399 0.00208812 0.00367347 -0.00392142 0.000773671 0.00366667 0.00344827 0.00421053 0.010625 0.0067647 0.0072449 0.0105172 0.00279816 0.00403955 0.00963415
internal_weight=4199 1592 943 347 596 2607 1054 622 311 261 196 649 433 150 290 266 48 85 98 58 218 177 41
internal_count=4199 1592 943 347 596 2607 1054 622 311 261 196 649 433 150 290 266 48 85 98 58 218 177 41
cat_boundaries=0 1 2
cat_threshold=164 19
is_linear=0
shrinkage=0.05


Tree=54
num_leaves=24
num_cat=4
split_feature=0 5 0 2 5 2 2 0 5 5 7 5 14 1 5 5 2 2 9 5 5 14 16
split_gain=3.7424 3.84541 2.21906 2.04839 1.79346 1.69564 1.27898 1.58858 1.90999 1.15167 1.02253 0.826764 0.6219 0.944609 0.808013 1.22012 0.53802 0.513108 0.473088 0.463292 0.953678 0.543099 0.454708
threshold=0 1.1118254632596161 1 2033.5000000000002 1.4368553152526682 2034.5000000000002 2031.5000000000002 2 0.88037162294841587 0.74651220879099955 1.0000000180025095e-35 1.5935673327094293 70699.343738724943 3 1.1393490278976233 1.1943901211755916 2028.5000000000002 2028.5000000000002 16142.883537625179 0.94803883727286387 0.86607280868335701 90291.631936412246 3.485125
decision_type=1 2 1 2 2 2 2 1 2 2 2 2 2 1 2 2 2 2 2 2 2 2 2
left_child=1 3 4 9 10 -4 7 8 -2 -1 -3 -8 13 -10 -15 -16 22 19 -12 20 -11 -21 -14
right_child=6 2 5 -5 -6 -7 11 -9 12 17 18 -13 16 14 15 -17 -18 -19 -20 21 -22 -23 -24
leaf_value=-0.081128034712178249 -0.12282414158297644 0.012448317040030707 0.014317990214709858 -0.096565156988571585 0.057444083728741394 -0.051380363374559812 -0.1387177018052691 -0.16249610487436381 -0.0093006392594511267 0.014983622578705247 0.10488150677239697 0.0059307386816513635 0.013351151005273976 0.0030362081786791139 0.036588692010728355 0.010385570287386464 -0.026220995854850538 -0.0015370668838774347 0.0097457923600824288 -0.0066504824001479531 0.017467184139854493 0.052267555584311766 -0.017162952321900678
leaf_weight=138 206 89 237 507 24 133 1524 432 59 54 52 29 87 79 21 61 87 239 23 53 23 20 22
leaf_count=138 206 89 237 507 24 133 1524 432 59 54 52 29 87 79 21 61 87 239 23 53 23 20 22
internal_value=-0.0026542 -0.000724096 0.00261649 -0.00253385 0.00686869 0.000263157 -0.00381544 -0.00248577 -0.000806963 -0.000351045 0.00536585 -0.00474244 0.00112981 0.00295454 0.00493789 0.00841463 -0.000918369 0.00104113 0.00966667 0.00333333 0.00603896 0.000479451 0.00142202
internal_weight=4199 1592 558 1034 188 370 2607 1054 622 527 164 1553 416 220 161 82 196 389 75 150 77 73 109
internal_count=4199 1592 558 1034 188 370 2607 1054 622 527 164 1553 416 220 161 82 196 389 75 150 77 73 109
cat_boundaries=0 1 2 3 4
cat_threshold=164 4 19 4
is_linear=0
shrinkage=0.05


Tree=55
num_leaves=24
num_cat=3
split_feature=2 0 5 5 3 0 15 15 2 9 9 15 16 5 0 2 2 9 15 5 5 5 9
split_gain=3.66147 3.81718 4.16628 1.8464 1.20679 0.774946 0.613333 0.726885 0.656569 0.960343 0.695942 0.642362 0.610044 0.582346 1.2537 0.590032 0.548618 0.546047 0.55211 0.937279 0.563841 1.07016 0.620054
threshold=2033.5000000000002 0 0.87576888871408942 1.4308953954205845 1.0000000180025095e-35 1 151.50986834272854 139.82270853467313 2027.5000000000002 13884.561772756344 2264.3830592864501 104.92282162419632 1.756416666666667 1.1672731239108303 2 2034.5000000000002 2028.5000000000002 28341.279700853782 22.754466787808642 1.1268342952933712 1.1606751215755724 1.2994426869863489 6991.1919435472937
decision_type=2 1 2 2 2 1 2 2 2 2 2 2 2 2 1 2 2 2 2 2 2 2 2
left_child=1 -1 -3 5 12 16 7 8 9 10 -7 17 -5 -2 15 -15 -4 18 19 -10 -20 22 -22
right_child=13 2 3 4 -6 6 -8 -9 11 -11 -12 -13 -14 14 -16 -17 -18 -19 20 -21 21 -23 -24
leaf_value=-0.16394430405712934 -0.11963197569182371 -0.067817987529901994 0.003376102391655816 -0.0052885601854533275 0.12069711918403288 0.06976499377960789 -0.0041856036316630938 0.058912802470735361 0.019326758129759602 0.17170244682864819 -0.0076388175638159783 -0.017712272468525605 0.0951757370717463 0.020206391290525271 -0.094193738115945974 -0.00059422425544559303 -0.023657387670779535 0.026785387948986973 -0.0038522778639572663 -0.00083427530197862851 0.015851197205924369 -0.019277076447391687 -0.0079616565441600323
leaf_weight=586 1430 534 153 37 27 75 54 30 25 31 40 66 30 22 394 126 185 30 193 24 50 36 21
leaf_count=586 1430 534 153 37 27 75 54 30 25 31 40 66 30 22 394 126 185 30 193 24 50 36 21
internal_value=-0.0027971 -0.00140772 -0.000154453 0.0015944 0.00829787 0.000972358 0.00193431 0.00240741 0.002022 0.00493151 0.00282609 0.00106741 0.00470149 -0.00436613 -0.00297048 0.00101266 -0.000977013 0.00186016 0.00130372 0.00622449 0.000499999 0.00341121 0.00697183
internal_weight=4199 2227 1641 1107 94 1013 675 621 591 146 115 445 67 1972 542 148 338 379 349 49 300 107 71
internal_count=4199 2227 1641 1107 94 1013 675 621 591 146 115 445 67 1972 542 148 338 379 349 49 300 107 71
cat_boundaries=0 1 2 3
cat_threshold=72 18 36
is_linear=0
shrinkage=0.05


Tree=56
num_leaves=24
num_cat=3
split_feature=0 2 5 5 2 0 5 15 5 36 16 2 14 18 2 14 1 5 5 5 9 15 2
split_gain=3.36627 3.40522 2.23513 1.54762 1.10663 1.33011 1.61077 0.957107 0.905039 0.655724 0.65232 0.849852 0.666667 0.450618 1.00595 0.54613 0.721957 0.484217 1.28708 0.424549 0.6228 1.22991 0.597736
threshold=0 2034.5000000000002 0.74651220879099955 1.4308953954205845 2031.5000000000002 1 0.88037162294841587 38.807285180331199 1.1313192132347927 1.1008556028779617 2.1729166666666671 2026.5000000000002 60979.503165495335 1.0000000180025095e-35 2028.5000000000002 70699.343738724943 2 1.1625859542886614 1.2451720273098628 1.1704710721111968 33923.018226849999 132.58468279405687 2031.5000000000002
decision_type=1 2 2 2 2 1 2 2 2 2 2 2 2 2 2 2 1 2 2 2 2 2 2
left_child=1 2 -1 9 5 6 -2 -5 -3 10 11 12 -4 14 -8 16 -15 -18 -19 20 -13 -22 -21
right_child=4 8 3 7 -6 -7 13 -9 -10 -11 -12 19 -14 15 -16 -17 17 18 -20 22 21 -23 -24
leaf_value=-0.090768373408430275 -0.1147833127440927 -0.090553863442224325 0.0011792495640750935 0.0030300130842761323 -0.12781839222886535 -0.14617408442778915 0.012893725952317612 0.21527002896722786 -0.0070625724082898911 0.024165570189523543 -0.003058678638613861 -0.0013525749552233991 0.11078579486922434 -0.0094034711965879855 -0.031632407334345421 -0.0047330332720355445 0.0026613693222046642 0.039296098473523111 0.0099925277003554067 0.0019050094708485982 0.026714289537661126 -0.005912301191630923 0.017567788508909613
leaf_weight=163 206 452 27 21 1553 432 32 31 197 24 162 290 27 53 24 170 80 20 37 90 24 29 55
leaf_count=163 206 452 27 21 1553 432 32 31 197 24 162 290 27 53 24 170 80 20 37 90 24 29 55
internal_value=-0.002809 -0.000973784 0.000938493 0.00205128 -0.00391097 -0.00267552 -0.00112342 0.0103846 -0.00376734 0.00145604 0.00117898 0.00201107 0.00796296 0.000649037 0.00482143 -1.19209e-09 0.0018421 0.00375912 0.0072807 0.00135246 0.000393585 0.00537736 0.00362069
internal_weight=4199 1592 943 780 2607 1054 622 52 649 728 704 542 54 416 56 360 190 137 57 488 343 53 145
internal_count=4199 1592 943 780 2607 1054 622 52 649 728 704 542 54 416 56 360 190 137 57 488 343 53 145
cat_boundaries=0 1 2 3
cat_threshold=164 19 4
is_linear=0
shrinkage=0.05


Tree=57
num_leaves=24
num_cat=4
split_feature=2 0 5 5 0 2 0 5 15 2 5 5 14 7 14 0 5 2 15 2 14 14 5
split_gain=3.1892 3.59992 3.66023 1.45448 0.933678 1.59958 0.692196 2.11236 0.8064 0.629305 0.734211 0.7 0.518153 0.486943 0.791807 0.391239 0.404481 0.44739 0.383333 0.422493 0.436454 0.65684 0.713613
threshold=2034.5000000000002 0 0.91917282543764645 1.6204724967474646 1 2027.5000000000002 2 1.1313192132347927 113.38724774688394 2026.5000000000002 0.74651220879099955 0.8306467510427672 66571.433996740641 1.0000000180025095e-35 46234.081037188625 3 0.6677617044747115 2031.5000000000002 154.22566658125814 2033.5000000000002 25495.070357952452 54288.776881815364 1.2286516858134353
decision_type=2 1 2 2 1 2 1 2 2 2 2 2 2 2 2 1 2 2 2 2 2 2 2
left_child=1 -1 9 4 5 -4 7 -2 12 10 -3 -12 -9 -7 -15 16 -11 -18 19 20 -6 -22 -23
right_child=6 2 3 -5 18 13 -8 8 -10 15 11 -13 -14 14 -16 -17 17 -19 -20 -21 21 22 -24
leaf_value=-0.15783384398206599 -0.066641503242060932 -0.085109482815727069 0.21320732953481705 0.10778494666307979 -0.0056949958659933278 -0.0016651704231911372 -0.12412563477597112 0.023941242295702415 -0.027067804808925511 -0.070666138147622529 0.044516679585320545 -0.0018909617144295633 0.034055473299545405 0.0414554488294425 -0.0016776960465576089 -0.095124774922174291 0.016239768426685924 -0.08003713777319188 -0.0099217917481760117 -0.017495555064104266 0.0082362835358859004 -0.0020884529049790689 0.019283023286209278
leaf_weight=652 159 31 38 29 175 81 1450 31 22 39 21 24 20 27 37 523 51 20 65 101 196 277 130
leaf_count=652 159 31 38 29 175 81 1450 31 22 39 21 24 20 27 37 523 51 20 65 101 196 277 130
internal_value=-0.002809 -0.00168256 -0.000546668 0.00118512 0.00090062 0.00406736 -0.00449465 -0.00169422 0.00527397 -0.003378 0.000921051 0.005 0.00872549 0.00189655 0.00515625 -0.00389416 -0.000833334 0.00133803 0.000241089 0.000517632 0.000912595 0.00155058 0.000405404
internal_weight=4199 2517 1865 1156 1127 183 1682 232 73 709 76 45 51 145 64 633 110 71 944 879 778 603 407
internal_count=4199 2517 1865 1156 1127 183 1682 232 73 709 76 45 51 145 64 633 110 71 944 879 778 603 407
cat_boundaries=0 1 2 3 4
cat_threshold=72 4 4 4
is_linear=0
shrinkage=0.05


Tree=58
num_leaves=24
num_cat=4
split_feature=2 0 5 2 5 0 36 5 0 5 9 2 15 15 15 9 0 5 2 5 14 9 8
split_gain=3.23409 3.50959 3.63744 0.948301 1.58368 0.724156 1.10599 0.728705 0.482312 1.58662 0.761151 0.46671 0.493871 0.436824 0.519097 0.522659 0.434469 0.586552 0.425809 0.412655 0.514988 0.373609 0.364019
threshold=2034.5000000000002 0 0.87576888871408942 2026.5000000000002 1.3771122059273162 1 0.74367264161444702 1.0549782271877521 2 1.1313192132347927 9586.3725881875816 2033.5000000000002 33.18665690317966 17.682535482637871 27.999079570150631 11208.563005266211 3 0.6677617044747115 2028.5000000000002 1.0017296210586071 30893.119705021531 70.861480953857779 1.0000000180025095e-35
decision_type=2 1 2 2 2 1 2 2 1 2 2 2 2 2 2 2 1 2 2 2 2 2 2
left_child=1 -1 16 4 19 6 13 -7 9 -2 -11 12 -9 -5 15 21 17 -3 -19 -4 -21 -15 -14
right_child=8 2 3 5 -6 7 -8 11 -10 10 -12 -13 22 14 -16 -17 -18 18 -20 20 -22 -23 -24
leaf_value=-0.14994215178296266 -0.063309428079957916 -0.075621971393236717 0.0034024331495131803 -0.01861776714461412 0.21704819821340077 -0.037762270498090271 0.062851468116857531 -0.0038053051619112324 -0.11791935303717255 0.022744193325490158 -0.0015836237232597632 -0.039394027074542495 0.008006509511625742 0.043663205807165963 0.0024409367286165485 0.036068648358150594 -0.099884173119536568 0.046939628745544075 -0.012935817235426346 0.01994422484327173 -0.0043835845269542036 0.00052665752947840137 -0.0077161100764922544
leaf_weight=652 159 42 38 27 23 175 23 75 1450 41 32 51 156 23 434 25 510 23 35 26 63 55 61
leaf_count=652 159 42 38 27 23 175 23 75 1450 41 32 51 156 23 434 25 510 23 35 26 63 55 61
internal_value=-0.00285663 -0.00172229 -0.000600001 0.000936254 0.00466667 0.000429863 0.00161641 -0.000928031 -0.0045541 -0.00210744 0.00390411 0.000393585 0.00116438 0.00120567 0.00151769 0.00470874 -0.00377049 -0.000454547 0.00275862 0.00248031 0.000617976 0.00269231 0.00237327
internal_weight=4199 2517 1865 1255 150 1105 587 518 1682 232 73 343 292 564 537 103 610 100 58 127 89 78 217
internal_count=4199 2517 1865 1255 150 1105 587 518 1682 232 73 343 292 564 537 103 610 100 58 127 89 78 217
cat_boundaries=0 1 2 3 4
cat_threshold=72 164 4 4
is_linear=0
shrinkage=0.05


Tree=59
num_leaves=24
num_cat=0
split_feature=2 5 2 5 18 2 5 36 14 5 6 5 5 16 14 9 15 14 4 14 15 14 15
split_gain=3.12017 2.05094 0.610052 0.587698 0.579272 0.574665 0.619096 0.424138 0.416843 0.407732 0.388366 0.37195 0.319003 0.316484 0.540762 0.302165 0.335679 0.30061 0.81712 0.692063 0.299471 0.751111 0.291611
threshold=2033.5000000000002 0.87576888871408942 2027.5000000000002 1.1313192132347927 1.0000000180025095e-35 2026.5000000000002 0.74651220879099955 1.0618412460921707 70063.329037397154 0.81700912784608037 1.0000000180025095e-35 1.4368553152526682 1.1577527833144476 1.4758333333333338 103976.04351227853 19107.502552757313 24.812388260590357 31746.985827870991 1.0000000180025095e-35 17470.38653641288 56.726740912834821 35506.820326091758 51.577959385286142
decision_type=2 2 2 2 2 2 2 2 2 2 2 2 2 2 2 2 2 2 2 2 2 2 2
left_child=1 5 4 -2 8 6 -1 12 -3 -8 -5 13 22 14 -6 16 -15 19 -19 -18 21 -12 -4
right_child=3 2 7 10 11 -7 9 -9 -10 -11 20 -13 -14 15 -16 -17 17 18 -20 -21 -22 -23 -24
leaf_value=-0.14208616796230114 -0.10684967801085288 0.00084914609547238863 -0.0034990630192888034 -0.037666690778942212 -0.00021188784307990088 -0.097287251771101313 0.017252476130061253 0.011700943127551353 0.10350493764083878 -0.036166757605529114 -0.03940087380337845 0.1083710857102414 -0.00038461663008189275 -0.010629396818784179 0.033616183524961152 -0.009565453653550219 -0.05707414919225659 -0.0073065738931705898 0.04974105767623091 0.0066066679656045764 -0.025043701066781894 0.023110326043914633 -0.011303924316184225
leaf_weight=48 1351 22 233 514 86 643 21 39 21 22 25 27 462 30 26 41 20 69 25 23 62 20 369
leaf_count=48 1351 22 233 514 86 643 21 39 21 22 25 27 462 30 26 41 20 69 25 23 62 20 369
internal_value=-0.00289236 -0.00160979 -0.000545882 -0.00434077 0.00115384 -0.00377384 -5.49462e-05 -0.00114687 0.00662791 0.00430232 -0.00306763 0.000475503 -0.00133459 -1.19209e-09 0.00214286 -0.00115385 -0.000209582 0.000839415 -0.000744682 0.00430232 -0.000327104 0.00277778 -0.00209302
internal_weight=4199 2227 1493 1972 390 734 91 1103 43 43 621 347 1064 320 112 208 167 137 94 43 107 45 602
internal_count=4199 2227 1493 1972 390 734 91 1103 43 43 621 347 1064 320 112 208 167 137 94 43 107 45 602
is_linear=0
shrinkage=0.05


Tree=60
num_leaves=24
num_cat=2
split_feature=0 5 2 0 5 2 2 2 5 15 15 14 14 3 3 5 14 14 14 2 5 4 2
split_gain=4.46394 3.12149 2.24507 2.11512 2.27909 1.94669 1.05601 0.757356 0.599734 0.54697 0.761001 0.9 0.547507 0.768379 0.437284 0.416768 0.383558 0.359108 0.668182 0.448405 0.418992 0.903543 0.761552
threshold=0 1.1118254632596161 2034.5000000000002 1 0.87576888871408942 2029.5000000000002 2027.5000000000002 2026.5000000000002 1.5531047480642555 114.93378014844174 75.935592130221409 86445.366152121409 20255.825890107317 1.0000000180025095e-35 1.0000000180025095e-35 0.74651220879099955 46234.081037188625 71939.340859058619 68481.894462698969 2032.5000000000002 0.95417278502810365 1.0000000180025095e-35 2028.5000000000002
decision_type=1 2 2 1 2 2 2 2 2 2 2 2 2 2 2 2 2 2 2 2 2 2 2
left_child=1 5 3 -2 7 14 -3 15 17 10 12 -12 -8 -14 16 -5 -1 18 19 20 21 22 -6
right_child=2 6 -4 4 8 -7 9 -9 -10 -11 11 -13 13 -15 -16 -17 -18 -19 -20 -21 -22 -23 -24
leaf_value=0.079694516405604002 -0.14242667714029203 0.26991688706504174 -0.10841625931629516 -0.14211445532360706 0.019068607545130956 -0.026237239942451571 0.053037666043593883 -0.10134557414460775 0.061668939809047189 -0.010625648194566316 0.052702793641873691 0.010910866803710829 -0.0053366405439025698 0.0088856199338948737 -0.0022886447907059793 0.0058388293877101307 0.02756525108137858 -0.0031052719318992589 0.075626912849252215 -0.016017504185918713 0.00051919360310455473 -0.018567858053759045 0.0080800568274488668
leaf_weight=23 652 23 1450 26 22 252 26 456 48 33 20 20 46 20 37 28 38 441 21 120 351 25 21
leaf_count=23 652 23 1450 26 22 252 26 456 48 33 20 20 46 20 37 28 38 441 21 120 351 25 21
internal_value=-0.00277328 0.0014781 -0.00339281 -0.00239937 -0.00136711 -0.00128572 0.00670213 -0.00411765 -4.28992e-05 0.00530303 0.00674242 0.0125 0.00423913 0.00181818 0.00469388 0.00148148 0.00729508 -0.000304696 0.000535713 0.000194804 0.000966586 0.00455882 0.00895349
internal_weight=4199 538 3661 2211 1559 350 188 510 1049 165 132 40 92 66 98 54 61 1001 560 539 419 68 43
internal_count=4199 538 3661 2211 1559 350 188 510 1049 165 132 40 92 66 98 54 61 1001 560 539 419 68 43
cat_boundaries=0 1 2
cat_threshold=4 72
is_linear=0
shrinkage=0.05


Tree=61
num_leaves=24
num_cat=4
split_feature=0 5 0 7 9 5 0 5 1 9 3 5 14 14 5 5 9 15 7 5 3 14 7
split_gain=3.16373 2.09239 1.09062 0.566383 0.875758 0.536973 0.497454 0.708451 0.459224 0.374128 0.540762 0.431021 0.657888 0.327338 0.400758 0.381349 0.28563 0.921451 0.45746 0.27443 0.390244 0.256568 0.412144
threshold=0 1.1118254632596161 1 1.0000000180025095e-35 11655.832551288864 0.74651220879099955 2 0.91917282543764645 3 14303.539581722145 1.0000000180025095e-35 1.232385959691737 84505.910569295273 60263.260917315893 1.2451720273098628 1.187739437534997 23770.315617280463 82.822949980327493 2.5000000000000004 1.4730567937906967 1.0000000180025095e-35 113762.42999044863 1.0000000180025095e-35
decision_type=1 2 1 2 2 2 1 2 1 2 2 2 2 2 2 2 2 2 2 2 2 2 2
left_child=1 5 3 13 8 -1 7 -2 -5 -4 11 -11 -13 15 -15 -3 21 -18 -19 -9 -21 -7 -23
right_child=6 2 9 4 -6 16 -8 19 -10 10 -12 12 -14 14 -16 -17 17 18 -20 20 -22 22 -24
leaf_value=-0.12090733102083638 -0.11206550651653041 0.041432333800685298 -0.0039931392914285581 0.082004783639256063 0.013578103820877319 -0.017818785638647819 -0.16141418180395073 -0.020329083929548887 0.036978172835976923 -0.016812519969432522 0.033399357755685026 0.040333631588801593 -0.0098764639553356251 0.0030138296790701291 0.13466664113802465 -0.0037095419263545636 0.038076126524706676 -0.036058739342796062 0.021942225669928969 -0.019446838528506358 0.015939462936841089 0.0046109436556265619 -0.038094385643386242
leaf_weight=283 597 20 258 26 33 525 1063 874 29 27 26 20 39 20 24 36 31 91 20 50 23 38 46
leaf_count=283 597 20 258 26 33 525 1063 874 29 27 26 20 39 20 24 36 31 91 20 50 23 38 46
internal_value=-0.00288045 -0.00109863 0.00136201 0.00434343 0.0075 -0.00243714 -0.00394918 -0.00329472 0.0113636 -0.000263159 0.00214286 0.000232557 0.00262712 0.002 0.00522727 -0.000535715 -0.00173768 0.000281689 -0.00184685 -0.00246568 0.000479451 -0.00220854 0.000357142
internal_weight=4199 1592 558 188 88 1034 2607 1544 55 370 112 86 59 100 44 56 751 142 111 947 73 609 84
internal_count=4199 1592 558 188 88 1034 2607 1544 55 370 112 86 59 100 44 56 751 142 111 947 73 609 84
cat_boundaries=0 1 2 3 4
cat_threshold=164 4 19 2
is_linear=0
shrinkage=0.05


Tree=62
num_leaves=24
num_cat=3
split_feature=2 0 5 2 5 0 14 7 14 15 5 0 5 9 9 14 15 7 15 14 5 4 18
split_gain=3.82631 3.80313 2.5836 1.11339 0.725506 0.676162 0.922976 0.507666 0.60942 0.834483 0.490074 0.468676 1.42687 0.620256 0.383127 0.511513 0.854097 0.824564 0.751281 0.873677 0.642979 0.812516 0.471257
threshold=2034.5000000000002 0 0.87576888871408942 2027.5000000000002 0.60620533040346569 1 103976.04351227853 1.0000000180025095e-35 28523.785437470815 70.886217027817565 1.5531047480642555 2 1.1498103798023716 9586.3725881875816 18332.549585766861 17470.38653641288 49.275676341764047 1.5000000000000002 43.287282928919502 20934.461032918207 1.2070788346600592 1.0000000180025095e-35 1.0000000180025095e-35
decision_type=2 1 2 2 2 1 2 2 2 2 2 1 2 2 2 2 2 2 2 2 2 2 2
left_child=1 -1 3 4 -3 6 7 -4 -9 -10 14 12 -2 -14 15 -7 17 18 19 -17 22 -22 -18
right_child=11 2 5 -5 -6 10 -8 8 9 -11 -12 -13 13 -15 -16 16 20 -19 -20 -21 21 -23 -24
leaf_value=-0.12723463419307987 -0.049347041519255778 -0.17512504431754056 -0.0010063212576590778 -0.087217573949799704 0.0061377317394859382 -0.010322428681871207 0.13740697458905798 0.10702003738694986 -0.0011348846615624115 0.20229884779700491 0.059326030122309581 -0.10209252165638466 0.020914909111191451 -0.00067184713631575918 -0.0026929952790901998 0.0094960470020714546 0.008178377594841196 0.0091780682760858392 0.017283926825973257 -0.0057766444995386405 0.00025170356920543288 0.057779246361514172 -0.0050237058611076997
leaf_weight=652 165 35 90 480 95 123 47 20 29 20 48 1450 38 29 242 20 25 72 28 121 101 35 234
leaf_count=652 165 35 90 480 95 123 47 20 29 20 48 1450 38 29 242 20 25 72 28 121 101 35 234
internal_value=-0.00267802 -0.00144418 -0.000280001 -0.00295082 0.00115384 0.00101594 0.00356481 0.00191824 0.00514493 0.00214286 0.000476864 -0.00452438 -0.00210744 0.00395522 0.000244754 0.0007971 0.00136792 0.00371369 0.00180473 0.000319148 -6.32923e-05 0.00272059 -0.0015251
internal_weight=4199 2517 1865 610 130 1255 206 159 69 49 1049 1682 232 67 1001 759 636 241 169 141 395 136 259
internal_count=4199 2517 1865 610 130 1255 206 159 69 49 1049 1682 232 67 1001 759 636 241 169 141 395 136 259
cat_boundaries=0 1 2 3
cat_threshold=72 4 4
is_linear=0
shrinkage=0.05


Tree=63
num_leaves=24
num_cat=3
split_feature=2 0 5 0 0 5 2 14 36 37 2 14 17 9 2 2 9 15 5 15 14 14 14
split_gain=3.63741 3.00414 1.47769 1.55265 1.43543 1.37862 0.780224 0.866931 0.633756 1.00087 0.60724 0.560641 0.709922 0.735075 0.53002 0.502506 0.557296 0.978253 0.493486 0.973392 0.513756 0.470447 0.438294
threshold=2030.5000000000002 0 1.0794653556291733 1 2 0.81306325873261354 2027.5000000000002 66992.805592730962 0.47627350970445664 1.0000000180025095e-35 2034.5000000000002 23020.48650124203 71.457916666666691 11438.948478213466 2033.5000000000002 2028.5000000000002 31.520653186837865 49.275676341764047 1.2485015017600369 28.411726000518211 77506.516118676547 151498.38975148505 133343.17181013062
decision_type=2 1 2 1 1 2 2 2 2 2 2 2 2 2 2 2 2 2 2 2 2 2 2
left_child=1 -1 -2 10 6 -6 7 -3 15 -10 18 -8 -13 -14 -5 21 17 -17 19 -4 -20 22 -7
right_child=2 4 3 14 5 8 11 -9 9 -11 -12 12 13 -15 -16 16 -18 -19 20 -21 -22 -23 -24
leaf_value=-0.097189218184573489 -0.086481044115648456 0.049972189035755114 0.01138923608286615 -0.025179130809222079 -0.079783687999827976 0.0043890755865368582 0.028469627824528512 0.16524983523746306 0.016478152078585807 -0.0051711814999238666 -0.0078446311035449186 -0.025923192066506891 -0.0041042059125278559 0.10278726712680918 -0.09803458142265975 0.026496691812939451 -0.013343785897182259 -0.014304560141575143 -0.010276153020198403 0.0068087759466936362 0.023215303066607653 -0.013676688031131588 0.099092528133615784
leaf_weight=369 1698 38 29 197 202 315 20 29 20 22 237 34 35 26 472 21 184 34 49 77 33 37 21
leaf_count=369 1698 38 29 197 202 315 20 29 20 22 237 34 35 26 472 21 184 34 49 77 33 37 21
internal_value=-0.00273756 -0.000664536 -0.00378224 -0.00234918 0.00072519 -0.000150117 0.00463542 0.0091791 0.000963302 0.00690476 5.74701e-05 0.0023913 0.000789472 0.00401639 -0.0038218 0.000555554 -0.00123431 0.00318182 0.00218085 0.00443396 -0.000731709 0.00170241 0.00229167
internal_weight=4199 1407 2792 1094 1038 856 182 67 654 42 425 115 95 61 669 612 239 55 188 106 82 373 336
internal_count=4199 1407 2792 1094 1038 856 182 67 654 42 425 115 95 61 669 612 239 55 188 106 82 373 336
cat_boundaries=0 1 2 3
cat_threshold=72 164 4
is_linear=0
shrinkage=0.05


Tree=64
num_leaves=24
num_cat=4
split_feature=0 5 0 5 5 5 9 14 14 0 5 14 6 1 14 14 14 5 8 9 15 15 9
split_gain=3.1987 1.67273 1.18577 1.33746 0.672711 0.544056 0.427053 0.620025 0.53391 0.400007 0.741056 0.455592 0.654436 0.338905 0.54264 0.369054 0.602306 0.4245 0.418237 0.39273 0.554513 0.313416 0.299704
threshold=0 0.99399758775364122 1 0.82555440180009632 1.4854173152328105 1.1543510596373601 30481.089817069253 137152.44201188805 23020.48650124203 2 1.0324986184915215 157226.55219614532 1.0000000180025095e-35 3 79556.969834356583 25495.070357952452 33136.586579554067 1.3771122059273162 1.0000000180025095e-35 891.54889113735419 68.588865131656689 106.28319997355487 11208.563005266211
decision_type=1 2 1 2 2 2 2 2 2 1 2 2 2 1 2 2 2 2 2 2 2 2 2
left_child=1 6 -2 -4 9 -5 8 21 -1 11 -11 12 -3 -7 15 -15 -17 18 19 -18 -21 -8 -12
right_child=2 4 3 5 -6 13 7 -9 -10 10 22 -13 -14 14 -16 16 17 -19 -20 20 -22 -23 -24
leaf_value=0.0018408063896544402 -0.14384692124155946 0.00092943271703558358 -0.12683782825648401 -0.027572269680695663 0.049372102567613638 -0.02735982081923434 0.035393844812500991 -0.06844250579141796 -0.038374385855324995 0.047025939811898648 -0.0082065814747141023 0.13559519575467291 0.054571746794581856 -0.018114864504526124 -0.010815462132464988 0.019124277358648745 -0.035116997428241405 -0.019828260233316745 -0.041459023935408207 0.02128620828519949 0.0024704092523254793 0.0051240443553556142 0.0031512940611780923
leaf_weight=89 1063 200 551 936 28 98 21 25 351 28 141 20 38 64 256 28 23 45 32 34 24 25 79
leaf_count=89 1063 200 551 936 28 98 21 25 351 28 141 20 38 64 256 28 23 45 32 34 24 25 79
internal_value=-0.00263039 -0.000213271 -0.00341972 -0.00269158 0.00174157 -0.00194805 -0.00226028 0.00133803 -0.00284091 0.00132411 -0.00015504 0.00264925 0.00214286 -0.000778147 -0.000256918 0.0014 0.00252688 0.00132911 0.0029646 0.00487654 0.00706896 0.00478261 -0.00113636
internal_weight=4199 1045 3154 2091 534 1540 511 71 440 506 248 258 238 604 506 250 186 158 113 81 58 46 220
internal_count=4199 1045 3154 2091 534 1540 511 71 440 506 248 258 238 604 506 250 186 158 113 81 58 46 220
cat_boundaries=0 1 2 3 4
cat_threshold=132 72 4 4
is_linear=0
shrinkage=0.05


Tree=65
num_leaves=24
num_cat=6
split_feature=2 0 5 0 14 17 2 2 1 2 2 5 2 14 5 1 14 14 0 5 10 15 1
split_gain=4.2056 4.04898 2.7789 0.989284 1.05721 0.913242 0.653327 0.545012 0.661473 0.919817 0.675 0.517508 0.842556 0.763407 0.896502 0.71915 0.610269 0.601218 0.455221 1.43138 0.451432 1.38969 0.445014
threshold=2034.5000000000002 0 0.78826001885651131 1 154016.62477591509 74.884166666666673 2026.5000000000002 2027.5000000000002 2 2030.5000000000002 2031.5000000000002 1.0549782271877521 2028.5000000000002 62457.191132181797 0.95989162001894435 3 25495.070357952452 49735.567852098255 4 1.2677191133471377 1.5000000000000002 25.012291305676673 5
decision_type=2 1 2 1 2 2 2 2 1 2 2 2 2 2 2 1 2 2 1 2 2 2 1
left_child=1 -1 6 4 5 7 -3 -4 10 -10 -9 12 13 14 15 -5 20 22 19 -2 21 -13 -18
right_child=18 2 3 11 -6 -7 -8 8 9 -11 -12 16 -14 -15 -16 -17 17 -19 -20 -21 -22 -23 -24
leaf_value=-0.10985373847707181 -0.033176370738459145 0.0081132307907059806 0.17179506966561289 0.006765080414578838 0.12881543596693915 -0.0064613759720464348 -0.097512328257365166 -0.011387009908292885 0.032860454954368588 0.0063580749443491319 0.0051660468687537223 0.026907300308291929 -0.028311259244568971 -0.0022593044394784434 -0.023818291000089101 0.0070173881111062764 0.0027041804928706866 0.002783390831771081 -0.093105173808254033 0.026769319243093836 -0.019268812881021783 -0.016715449769438437 0.0094889964756492799
leaf_weight=652 193 41 35 31 20 73 374 40 22 29 20 26 336 97 39 32 44 388 1450 39 58 62 98
leaf_count=652 193 41 35 31 20 73 374 40 22 29 20 26 336 97 39 32 44 388 1450 39 58 62 98
internal_value=-0.00255894 -0.0012654 -6.66679e-05 0.000965516 0.00383534 0.00299087 -0.0036747 0.00527397 0.00355856 0.0077451 -1.19209e-09 0.000364454 -0.000794394 0.00178392 0.00480392 0.00849206 0.00128698 0.00207547 -0.00449465 -0.00210744 -0.00157534 0.000681817 0.00485915
internal_weight=4199 2517 1865 1450 239 219 415 146 111 51 60 1211 535 199 102 63 676 530 1682 232 146 88 142
internal_count=4199 2517 1865 1450 239 219 415 146 111 51 60 1211 535 199 102 63 676 530 1682 232 146 88 142
cat_boundaries=0 1 2 3 4 5 6
cat_threshold=72 4 2 2 4 1
is_linear=0
shrinkage=0.05


Tree=66
num_leaves=24
num_cat=3
split_feature=2 0 5 0 2 5 5 2 15 0 5 15 9 15 36 14 14 15 7 14 14 7 15
split_gain=3.85191 4.00117 2.3817 0.806563 0.782917 0.797994 0.763563 1.16463 1.30928 0.629225 1.5768 0.591442 0.574558 1.36892 0.668347 0.515444 1.63323 0.498843 0.480126 0.370482 0.61704 0.727578 0.484423
threshold=2034.5000000000002 0 0.78826001885651131 1 2027.5000000000002 0.60620533040346569 1.1543510596373601 2026.5000000000002 50.088571606573716 2 1.1498103798023716 113.38724774688394 33923.018226849999 111.01712969813434 0.29036923991959079 25495.070357952452 34504.457759630095 52.811123407476593 1.0000000180025095e-35 93498.908367756827 27558.186542338477 1.0000000180025095e-35 92.339236490702334
decision_type=2 1 2 1 2 2 2 2 2 1 2 2 2 2 2 2 2 2 2 2 2 2 2
left_child=1 -1 4 12 5 -3 7 8 -5 10 -2 18 14 -14 19 -8 -17 -7 -12 20 21 -4 -22
right_child=9 2 3 6 -6 17 15 -9 -10 -11 11 -13 13 -15 -16 16 -18 -19 -20 -21 22 -23 -24
leaf_value=-0.10436105155321818 -0.042580800692394227 -0.15875403448635353 -0.0018079728757611397 0.0073055330226436885 -0.10608358606406024 -0.0029978347280820547 -0.0055678268376085907 -0.01598032452691607 -0.0011172113248028451 -0.08844991511784131 0.0010662813957122109 -0.020112224451967694 0.031826886914997264 0.0027598768849709395 0.04285431061033379 0.022976362628281607 0.005721898557405897 0.015722806410267916 0.030920670956663378 0.00729620480870425 -0.0029566355863770554 0.043103822101263622 0.063352691802255404
leaf_weight=652 165 35 54 27 329 23 78 522 51 1450 21 20 23 50 28 25 264 28 26 74 173 50 31
leaf_count=652 165 35 54 27 329 23 78 522 51 1450 21 20 23 50 28 25 264 28 26 74 173 50 31
internal_value=-0.00252322 -0.00128526 -9.33345e-05 0.000862068 -0.00343374 0.000813952 1.53519e-05 -0.00108333 0.00461538 -0.00437574 -0.00169422 0.00470149 0.00250507 0.00664383 0.00182927 0.00181199 0.00278547 0.00480392 0.00776596 0.00128272 0.000519479 0.00365384 -0.00107843
internal_weight=4199 2517 1865 1450 415 86 967 600 78 1682 232 67 483 73 410 367 289 51 47 382 308 104 204
internal_count=4199 2517 1865 1450 415 86 967 600 78 1682 232 67 483 73 410 367 289 51 47 382 308 104 204
cat_boundaries=0 1 2 3
cat_threshold=72 132 4
is_linear=0
shrinkage=0.05


Tree=67
num_leaves=24
num_cat=3
split_feature=2 0 0 5 5 2 5 5 5 0 18 2 9 9 6 7 4 9 5 2 5 3 7
split_gain=3.46284 2.41705 1.83763 2.1322 0.894864 0.65905 0.781409 0.651611 0.615517 0.846425 0.884345 0.490671 0.474364 0.720015 0.585638 0.782609 0.63343 0.464223 0.61877 0.42542 0.706771 0.651969 0.529791
threshold=2028.5000000000002 0 1 0.99399758775364122 0.60620533040346569 2034.5000000000002 1.0264471337233452 1.1313192132347927 0.8683379809646673 2 1.0000000180025095e-35 2031.5000000000002 17357.159624221244 38692.763374730326 1.0000000180025095e-35 2.5000000000000004 1.0000000180025095e-35 10462.996979186961 1.304185265331794 2034.5000000000002 1.2286516858134353 1.0000000180025095e-35 1.0000000180025095e-35
decision_type=2 1 1 2 2 2 2 2 2 1 2 2 2 2 2 2 2 2 2 2 2 2 2
left_child=1 4 3 11 -1 6 -5 -7 -3 10 -10 -2 14 -14 16 -16 17 18 -6 20 -4 -22 -23
right_child=2 8 19 5 12 7 -8 -9 9 -11 -12 -13 13 -15 15 -17 -18 -19 -20 -21 21 22 -24
leaf_value=-0.13807455736320368 -0.0061487776595633209 -0.11019195483541117 -0.063344452905397905 0.032651971498742459 0.020214557784504868 -0.031446551139172711 0.003132456595416866 8.9823421180725411e-05 0.012222256766493909 -0.049621276288410128 0.00043835489512165926 -0.07369760005194495 0.11697497871753937 0.011615083690835465 0.14413134758800555 -0.0015561362678763937 -0.01042784169664919 -0.009545325645371798 -0.01984784727344692 -0.11340911080892167 -0.024669306588452344 -0.0077575349135186288 0.013233337407447905
leaf_weight=32 160 145 791 27 126 130 319 197 22 159 137 456 34 39 23 23 70 33 31 1033 153 34 25
leaf_count=32 160 145 791 27 126 130 319 197 22 159 137 456 34 39 23 23 70 33 31 1033 153 34 25
internal_value=-0.00259467 0.000205948 -0.00333083 -0.00180524 0.00295724 0.000126299 0.0016474 -0.00148318 -0.00225159 -0.00106918 0.00150887 -0.00394481 0.00370712 0.00732877 0.00284314 0.00804348 0.00192308 0.00342105 0.00455414 -0.00426686 -0.00355434 -0.000990567 0.00347458
internal_weight=4199 874 3325 1289 411 673 346 327 463 318 159 616 379 73 306 46 260 190 157 2036 1003 212 59
internal_count=4199 874 3325 1289 411 673 346 327 463 318 159 616 379 73 306 46 260 190 157 2036 1003 212 59
cat_boundaries=0 1 2 3
cat_threshold=180 164 3
is_linear=0
shrinkage=0.05


Tree=68
num_leaves=24
num_cat=0
split_feature=2 5 2 14 14 5 5 9 11 14 5 2 5 5 11 3 5 11 15 9 11 7 2
split_gain=3.28093 1.99596 0.709962 0.538627 0.823037 0.527357 0.493863 0.532714 0.668069 0.45191 0.44932 0.442932 0.89591 0.372575 0.338027 0.435129 1.01767 0.541608 0.47297 0.470072 0.393591 0.361059 0.323822
threshold=2034.5000000000002 0.82555440180009632 2027.5000000000002 25495.070357952452 31163.894493165859 1.1313192132347927 1.3771122059273162 3046.0774112961449 0.062505739004126093 96918.718267843491 1.0527453708314882 2026.5000000000002 0.74651220879099955 0.96426533895968825 1.99383156967974 1.0000000180025095e-35 1.4730567937906967 0.0020258149769814536 114.07011094534455 64262.111005197432 1.0122700898015295 2.5000000000000004 2029.5000000000002
decision_type=2 2 2 2 2 2 2 2 2 2 2 2 2 2 2 2 2 2 2 2 2 2 2
left_child=1 11 3 -3 -5 -2 7 8 -6 -8 22 12 -1 -10 15 17 19 -12 20 21 -19 -17 -4
right_child=5 2 10 4 6 -7 9 -9 13 -11 14 -13 -14 -15 -16 16 -18 18 -20 -21 -22 -23 -24
leaf_value=-0.12113390405672618 -0.084772817266822842 -0.018855457696504971 -0.012323959898646342 0.034548127618700644 0.022003389420150701 -0.035079289092454606 0.15714364474924442 -0.0027670322080894983 0.019831551591808785 0.10062628813452056 -0.0098375387620645866 -0.091785711629381761 0.016159868228483483 -0.0016809332307267328 0.0092485581924894745 -0.0014646736556630843 0.037488450985298544 0.00255038469067243 0.055899898644053383 0.012636406699427206 -0.016829636192352723 0.0077833743974231795 -0.023689120573462723
leaf_weight=48 1156 91 177 21 26 526 21 167 21 23 352 598 23 60 24 180 21 157 31 20 37 32 387
leaf_count=48 1156 91 177 21 26 526 21 167 21 23 352 598 23 60 24 180 21 157 31 20 37 32 387
internal_value=-0.00260657 -0.00146405 -0.000616884 0.00116279 0.00207964 -0.00431629 0.00144654 0.000656933 0.00341121 0.00636364 -0.00115656 -0.00380419 -7.04237e-05 0.00117284 -0.000433256 -0.000602411 0.00112648 -0.00136049 0.000555554 0.000172413 -0.000360826 -0.000518869 -0.00225177
internal_weight=4199 2517 1848 430 339 1682 318 274 107 44 1418 669 71 81 854 830 253 577 225 232 194 212 564
internal_count=4199 2517 1848 430 339 1682 318 274 107 44 1418 669 71 81 854 830 253 577 225 232 194 212 564
is_linear=0
shrinkage=0.05


Tree=69
num_leaves=24
num_cat=4
split_feature=2 0 5 0 5 36 0 5 5 2 7 14 9 9 5 5 1 14 11 16 5 2 5
split_gain=3.30356 3.1875 1.56767 2.43505 1.27533 1.29745 1.05844 0.948236 0.722385 0.964286 0.579885 0.543254 0.514662 0.641667 0.631704 0.513132 0.50186 0.5808 0.493707 0.421999 0.63749 0.402581 0.737354
threshold=2031.5000000000002 0 1.0758755085164153 1 0.60620533040346569 0.67164046530602595 2 0.82555440180009632 0.80526734759815788 2028.5000000000002 1.0000000180025095e-35 24206.200751287004 18332.549585766861 15217.117856120118 0.84976300489942436 1.3771122059273162 3 112889.48693964437 0.36632641747065203 1.4758333333333338 1.2286516858134353 2034.5000000000002 1.4730567937906967
decision_type=2 1 2 1 2 2 1 2 2 2 2 2 2 2 2 2 1 2 2 2 2 2 2
left_child=1 -1 -2 10 -3 6 8 -8 9 -6 -4 -7 13 14 -9 16 17 -10 19 -12 -21 22 -5
right_child=2 4 3 21 5 11 7 12 15 -11 18 -13 -14 -15 -16 -17 -18 -19 -20 20 -22 -23 -24
leaf_value=-0.076570251974761264 -0.075044529676002281 -0.17331428518061764 -0.0022229040813131463 -0.040969084840141966 0.037497695874880291 0.0024848200097755194 -0.073997631176037748 0.012238153881179577 -0.0085587238100754727 0.00062769608069701836 0.030968465731826975 0.022257245729930809 -0.0054329651386383921 0.022727686617150331 0.0009984835603906552 0.13234475163915868 0.0083183844669508216 0.042470966630126894 -0.0063834586798285145 0.0056474541190260274 -0.0044180049425897013 -0.085872721043598471 0.011445419504120286
leaf_weight=432 1507 97 204 180 36 36 153 21 98 27 39 20 143 20 399 31 149 23 59 46 43 414 22
leaf_count=432 1507 97 204 180 36 36 153 21 98 27 39 20 143 20 399 31 149 23 59 46 43 414 22
internal_value=-0.00249941 -0.000786351 -0.00364757 -0.00212016 0.00050277 0.000968857 0.000590908 -0.000509385 0.00275401 0.00769841 0.000985036 0.00839286 0.000403086 0.00125 0.000833332 0.00181063 0.00111111 -0.00128099 0.00302139 0.00476562 0.00286517 -0.00404153 -0.00227723
internal_weight=4199 1685 2514 1007 1253 1156 1100 736 364 63 391 56 583 440 420 301 270 121 187 128 89 616 202
internal_count=4199 1685 2514 1007 1253 1156 1100 736 364 63 391 56 583 440 420 301 270 121 187 128 89 616 202
cat_boundaries=0 1 2 3 4
cat_threshold=72 164 132 2
is_linear=0
shrinkage=0.05


Tree=70
num_leaves=24
num_cat=3
split_feature=2 0 5 2 0 5 15 5 0 5 5 7 16 14 14 14 15 15 15 9 16 14 2
split_gain=3.16815 3.6741 2.06353 1.37215 0.945312 2.09209 0.898722 0.881696 0.911439 0.866952 0.85363 0.556419 0.474307 0.536958 1.27348 0.502045 0.663477 0.41166 0.915241 0.3943 0.433406 0.469229 0.329098
threshold=2034.5000000000002 0 0.74651220879099955 2026.5000000000002 1 1.0871140789853733 113.38724774688394 1.0527453708314882 2 0.99399758775364122 0.8306467510427672 1.0000000180025095e-35 3.485125 22592.649070886775 36795.514088495845 58352.427300423915 124.1313214903894 154.22566658125814 142.59807230312961 33923.018226849999 1.756416666666667 46234.081037188625 2029.5000000000002
decision_type=2 1 2 2 1 2 2 2 1 2 2 2 2 2 2 2 2 2 2 2 2 2 2
left_child=1 -1 -3 10 5 -2 11 8 9 19 -4 -7 13 -12 -15 -16 -17 18 -9 20 21 -5 -10
right_child=4 2 3 7 -6 6 -8 17 22 -11 12 -13 -14 14 15 16 -18 -19 -20 -21 -22 -23 -24
leaf_value=-0.092659712932140245 -0.035984593579568201 -0.087622746532856843 0.035207506347606499 0.024457384499513384 -0.074142757969679104 0.002322359346059219 -0.016324169850494251 0.0036323459360067152 -0.0081521071845579423 0.054711017732456818 -0.020308224635826128 0.023848328725734617 -0.011735766409627806 0.056540361690868179 -0.010897496315154258 0.055771958555668071 -0.0035630451140866957 -0.0052391330149107957 0.040715894996043223 0.017714357024676997 -0.027430287335792693 -0.0056534184181430153 -0.040303646114494773
leaf_weight=652 149 338 21 33 1450 29 24 643 167 38 29 30 25 20 23 41 24 53 30 23 49 62 246
leaf_count=652 149 338 21 33 1450 29 24 643 167 38 29 30 25 20 23 41 24 53 30 23 49 62 246
internal_value=-0.00254704 -0.00142432 -0.000280001 0.000500981 -0.00422711 -0.00107438 0.00524096 -5.20845e-05 -0.00144013 0.00127907 0.00456284 0.00855932 0.00333333 0.00448905 0.00611111 0.00352273 0.00576923 0.00112948 0.00146359 -0.000209582 -0.00118056 0.000789472 -0.00275414
internal_weight=4199 2517 1865 1527 1682 232 83 1344 618 205 183 59 162 137 108 88 65 726 673 167 144 95 413
internal_count=4199 2517 1865 1527 1682 232 83 1344 618 205 183 59 162 137 108 88 65 726 673 167 144 95 413
cat_boundaries=0 1 2 3
cat_threshold=72 4 132
is_linear=0
shrinkage=0.05


Tree=71
num_leaves=24
num_cat=2
split_feature=0 2 5 2 0 5 2 18 15 9 2 5 15 17 36 17 7 5 5 15 15 5 5
split_gain=3.22025 3.01826 1.68115 1.27511 1.24353 1.53099 1.0637 0.682199 0.589138 0.564545 1.02083 0.537202 0.530021 0.883678 0.454325 0.440018 0.372378 0.342917 1.26512 0.549776 0.476628 0.307246 0.303559
threshold=0 2027.5000000000002 0.99172057139916781 2031.5000000000002 1 0.82555440180009632 2031.5000000000002 1.0000000180025095e-35 135.4327625519401 14776.579903078376 2026.5000000000002 0.64337206274225478 61.954621471257603 74.884166666666673 1.0881032305173699 73.879583333333343 1.0000000180025095e-35 1.1453412370221989 1.1813853759944195 33.18665690317966 20.926395294179958 1.5300513205035833 1.3429576197623241
decision_type=1 2 2 2 1 2 2 2 2 2 2 2 2 2 2 2 2 2 2 2 2 2 2
left_child=1 7 6 4 5 -2 11 -1 17 12 -11 -3 15 -14 16 -9 -4 20 -19 -20 -7 22 -18
right_child=3 2 14 -5 -6 8 -8 9 -10 10 -12 -13 13 -15 -16 -17 21 18 19 -21 -22 -23 -24
leaf_value=0.096210170382693708 -0.085980548277553942 -0.12987590912217162 -0.0031179375761173442 -0.080690146794179976 -0.06810875372941623 0.0074967854283792372 -0.061270828524994936 -0.023821073128757069 -0.011485897869489428 0.15720320363218734 -0.00031509677192257047 0.0049867761676340057 0.11064794219661932 -0.0052238313789745904 0.010270114072172036 0.015168122442487606 0.0064118018797768035 0.0082558419576047159 -0.0063135176306599724 0.017249866141922011 -0.0014871239733656059 0.035653303223364956 -0.004603898337365144
leaf_weight=22 162 50 361 1553 432 20 454 52 70 24 24 160 25 29 20 32 269 24 39 103 204 21 49
leaf_count=22 162 50 361 1553 432 20 454 52 70 24 24 160 25 29 20 32 269 24 39 103 204 21 49
internal_value=-0.00254704 -0.000755307 -0.00160405 -0.00362438 -0.00229602 -0.000806963 -0.00341868 0.00485577 0.000652173 0.00387097 0.00854167 -0.000476192 0.00224638 0.00611111 6.94433e-05 -0.000238096 -0.000142858 0.00141026 0.00313253 0.00133803 0.000133927 0.0010472 0.000660376
internal_weight=4199 1592 1384 2607 1054 622 664 208 460 186 48 210 138 54 720 84 700 390 166 142 224 339 318
internal_count=4199 1592 1384 2607 1054 622 664 208 460 186 48 210 138 54 720 84 700 390 166 142 224 339 318
cat_boundaries=0 1 2
cat_threshold=164 19
is_linear=0
shrinkage=0.05


Tree=72
num_leaves=24
num_cat=3
split_feature=2 0 5 5 0 5 0 14 11 15 15 15 8 5 15 14 14 15 15 15 9 17 15
split_gain=3.01308 3.08681 2.1931 0.793111 0.788307 1.492 0.76369 1.01715 0.687247 0.652857 0.593939 0.553483 1.25347 0.597701 0.478058 0.412742 0.801948 0.384376 0.313486 0.430398 0.477506 0.378248 0.455767
threshold=2034.5000000000002 0 0.82555440180009632 1.6204724967474646 1 1.0871140789853733 2 23323.627465377227 1.3247479686670496 113.38724774688394 29.444619765755768 20.926395294179958 1.0000000180025095e-35 1.0527453708314882 18.184785964276539 25495.070357952452 29574.092071284296 79.819688539781865 96.048562507698918 154.22566658125814 47128.611692299746 1.0000000180025095e-35 109.53236647371311
decision_type=2 1 2 2 1 2 1 2 2 2 2 2 2 2 2 2 2 2 2 2 2 2 2
left_child=1 -1 6 8 5 -2 7 -3 11 17 -10 12 14 -13 -4 -15 -17 -7 -18 20 21 -20 -23
right_child=4 2 3 -5 -6 9 -8 -9 10 -11 -12 13 -14 15 -16 16 18 -19 19 -21 -22 22 -24
leaf_value=-0.08462128959906251 -0.034247262641696703 0.023706016763291621 -0.0017840923256871644 0.087843451674853246 -0.068667637275990664 0.0032382970798517374 -0.079517527644530239 -0.014546318775953035 -0.0021708872907348943 -0.015352064479163683 0.021871736914429559 -0.0041666891424657652 0.008221192148739901 -0.0076523151407540393 0.015078851123275708 0.025059370173020845 -0.00047897761392055882 0.039212817487669062 0.012834556690535273 -0.0035654666796101895 0.014978492548618164 0.027477460678952473 -0.0020752628762708103
leaf_weight=652 149 25 51 29 1450 39 335 133 22 24 33 501 24 113 21 27 305 20 22 57 23 47 97
leaf_count=652 149 25 51 29 1450 39 335 133 22 24 33 501 24 113 21 27 305 20 22 57 23 47 97
internal_value=-0.00255894 -0.00146405 -0.000413335 0.000612244 -0.00419739 -0.00128099 -0.00327586 -0.000238096 0.000435591 0.00403614 0.00590909 0.000201862 0.00385417 -9.22831e-05 0.000555554 0.00086107 0.00140138 0.00686441 0.00098911 0.00231707 0.00346561 0.00253012 0.00159722
internal_weight=4199 2517 1865 1372 1682 232 493 158 1343 83 55 1288 96 1192 72 691 578 59 551 246 189 166 144
internal_count=4199 2517 1865 1372 1682 232 493 158 1343 83 55 1288 96 1192 72 691 578 59 551 246 189 166 144
cat_boundaries=0 1 2 3
cat_threshold=72 4 132
is_linear=0
shrinkage=0.05


Tree=73
num_leaves=24
num_cat=3
split_feature=0 36 0 0 15 15 7 16 8 9 10 9 14 9 3 14 9 14 14 14 7 15 36
split_gain=3.0643 0.746209 0.704208 0.494282 0.361591 0.461334 0.341562 0.334983 0.411796 0.329314 0.276217 0.231257 0.678427 0.218002 0.259848 0.262519 0.255682 0.186927 0.310793 0.470626 0.445679 0.240698 0.181159
threshold=0 1.8296825856163521 1 2 96.048562507698918 102.80552441240948 1.0000000180025095e-35 1.4758333333333338 1.0000000180025095e-35 8827.1461165644123 2.5000000000000004 4445.1152425988676 25894.196276986095 5242.8019977711238 1.0000000180025095e-35 37301.303167889149 9888.7683352870936 170293.886613877 140437.06807840019 152534.41816955732 2.5000000000000004 154.22566658125814 0.015975370043459728
decision_type=1 2 1 1 2 2 2 2 2 2 2 2 2 2 2 2 2 2 2 2 2 2 2
left_child=1 3 -2 7 6 -6 -5 8 13 -10 -9 22 -13 14 15 -1 -15 18 20 -20 -7 -21 -8
right_child=2 -3 -4 4 5 17 11 10 9 -11 -12 12 -14 16 -16 -17 -18 -19 19 21 -22 -23 -24
leaf_value=0.029653640822866173 -0.030280044357819325 0.0092460101195325581 -0.10731324791795822 -0.014077020436940558 0.0166214281056614 -0.016065103749123927 -0.019094784164584155 -0.0020215787218054531 0.043230291511516375 0.043125009143341372 0.059071735278998942 0.020601925194502393 -0.0034598777594612388 0.025402171869416307 -0.02348466612860756 -0.0067467633754225908 0.0024815427190391041 -0.008334684993984617 0.024160493404217061 0.0055807292898537534 0.0060758039608523155 -0.041958286663594628 0.0005529309661228887
leaf_weight=26 1544 35 1063 339 34 135 184 305 28 23 20 35 115 20 28 34 44 44 41 20 27 23 32
leaf_count=26 1544 35 1063 339 34 135 184 305 28 23 20 35 115 20 28 34 44 44 41 20 27 23 32
internal_value=-0.00253513 -0.000786518 -0.00358617 -0.000953758 -0.00158325 -0.000216051 -0.00223404 0.000297397 0.00189655 0.00578431 -0.000692309 -0.00117486 0.000333332 0.000592104 -0.00102273 0.000833332 0.0028125 -0.00086207 -0.000325204 0.00214286 -0.00160494 -0.00151163 -0.00222222
internal_weight=4199 1592 2607 1557 1029 324 705 528 203 51 325 366 150 152 88 60 64 290 246 84 162 43 216
internal_count=4199 1592 2607 1557 1029 324 705 528 203 51 325 366 150 152 88 60 64 290 246 84 162 43 216
cat_boundaries=0 1 2 3
cat_threshold=164 19 4
is_linear=0
shrinkage=0.05


Tree=74
num_leaves=24
num_cat=3
split_feature=2 0 5 11 5 0 15 15 0 14 5 15 11 5 3 5 8 5 16 15 2 16 14
split_gain=3.42047 3.27472 2.45614 0.791849 0.720004 1.55675 0.901337 0.800775 0.712985 1.01715 0.597813 0.515523 0.847724 0.695204 0.891418 1.16783 0.648159 0.635886 0.519795 0.473469 0.463976 0.461938 0.597464
threshold=2034.5000000000002 0 0.82555440180009632 1.3247479686670496 1.232385959691737 1 30.123502613179962 63.950051230600927 2 23323.627465377227 1.2994426869863489 20.926395294179958 1.0009888829015698 1.1118254632596161 1.0000000180025095e-35 1.4730567937906967 1.0000000180025095e-35 1.1672731239108303 1.756416666666667 113.38724774688394 2029.5000000000002 1.4758333333333338 129024.64539963414
decision_type=2 1 2 2 2 1 2 2 1 2 2 2 2 2 2 2 2 2 2 2 2 2 2
left_child=1 -1 8 11 -2 6 -6 -8 9 -3 -9 12 16 18 21 17 20 -16 -13 -12 -4 22 -15
right_child=4 2 3 -5 5 -7 7 10 -10 -11 19 13 -14 14 15 -17 -18 -19 -20 -21 -22 -23 -24
leaf_value=-0.075024562723211452 -0.06209050608999326 0.021996083847812539 0.015838908600374457 0.01241321842645283 -0.037768905467500918 -0.06476091806019886 0.018651591451735058 0.021049289470891797 -0.074251358701789796 -0.013577486440955336 0.020393724318004965 0.00016385143838912065 -0.015753303182068485 0.015371754690304211 0.018227364199497866 0.10642668678829387 0.0082870055201226048 0.0039639564830538689 -0.0090512719788349554 -0.0069943203862476823 -0.0076010626038173603 -0.0022821465633169192 -0.043882469238454264
leaf_weight=652 1337 25 31 55 31 217 22 26 335 133 20 428 20 129 36 22 21 112 205 29 26 265 22
leaf_count=652 1337 25 31 55 31 217 22 26 335 133 20 428 20 129 36 22 21 112 205 29 26 265 22
internal_value=-0.00239224 -0.00122567 -0.000146668 0.000940232 -0.00413793 -0.00210145 0.00224638 0.00479381 -0.00317444 -0.000238096 0.00233333 0.00069476 0.00418367 0.000414273 0.00165529 0.00470588 0.00653846 0.00310811 -0.000734598 -0.000918369 0.00377193 0.000408653 0.00261589
internal_weight=4199 2517 1865 1372 1682 345 128 97 493 158 75 1317 98 1219 586 170 78 148 633 49 57 416 151
internal_count=4199 2517 1865 1372 1682 345 128 97 493 158 75 1317 98 1219 586 170 78 148 633 49 57 416 151
cat_boundaries=0 1 2 3
cat_threshold=72 164 132
is_linear=0
shrinkage=0.05


Tree=75
num_leaves=24
num_cat=5
split_feature=2 0 0 0 2 14 2 9 1 2 2 0 16 11 16 4 14 9 15 6 16 9 15
split_gain=3.50114 1.80114 1.67574 0.4989 0.994265 0.81105 0.683014 1.155 0.665075 0.484883 0.458455 0.501984 0.410256 0.400178 0.374059 0.361257 0.36 0.344095 0.321501 0.337099 0.328 0.32251 0.886364
threshold=2029.5000000000002 0 1 2 2027.5000000000002 71939.340859058619 2026.5000000000002 8030.0141302773727 3 2034.5000000000002 2034.5000000000002 4 1.4758333333333338 1.3897941766162101 3.485125 1.0000000180025095e-35 39654.038758713657 1052.2011204692233 34.813372393803284 1.0000000180025095e-35 1.4758333333333338 34742.075365666293 141.79002625970043
decision_type=2 1 1 1 2 2 2 2 1 2 2 1 2 2 2 2 2 2 2 2 2 2 2
left_child=2 9 -1 4 8 6 7 17 -4 15 11 13 -6 -3 -8 18 -16 -5 19 20 -2 -20 -23
right_child=1 10 3 5 12 -7 14 -9 -10 -11 -12 -13 -14 -15 16 -17 -18 -19 21 -21 -22 22 -24
leaf_value=-0.042894333445659377 0.0061505503073109834 -0.024720168309485365 0.11485490531810744 -0.0025963258854474315 -0.012217129836872037 -0.0024258922232201726 -0.00030455804976168866 0.045355232437750935 0.059984031047271784 -0.016038356145923995 -0.085133675669245332 -0.12063450536716443 0.032684658021466959 0.0029187290328472216 0.0065833161522118357 0.0041865182435489711 0.058465729841159775 0.0054245237299370202 -0.0089161499951478009 0.00769475597694309 -0.0091811287798361559 0.011657461707489027 -0.0053153630629905017
leaf_weight=309 29 466 36 45 26 295 257 29 31 649 1033 343 52 21 25 175 20 31 206 22 51 22 26
leaf_count=309 29 466 36 45 26 295 257 29 31 649 1033 343 52 21 25 175 20 31 206 22 51 22 26
internal_value=-0.00236842 -0.0032583 -2.59527e-05 0.00112602 0.00370968 0.000547752 0.00200246 0.00547619 0.00843283 -0.00168067 -0.00422584 -0.0033735 0.000128204 -0.0021831 0.000794701 -0.000574389 0.005 0.00223684 -0.00148877 0.000882352 -0.000625001 -0.00244095 0.00125
internal_weight=4199 3043 1156 847 145 702 407 105 67 1180 1863 830 78 487 302 531 45 76 356 102 80 254 48
internal_count=4199 3043 1156 847 145 702 407 105 67 1180 1863 830 78 487 302 531 45 76 356 102 80 254 48
cat_boundaries=0 1 2 3 4 5
cat_threshold=164 72 4 2 19
is_linear=0
shrinkage=0.05


Tree=76
num_leaves=24
num_cat=4
split_feature=2 5 0 0 5 36 37 7 11 0 5 2 14 1 5 3 2 16 9 5 15 5 5
split_gain=3.17913 2.09865 2.16274 1.58479 1.004 0.953176 0.688144 0.687933 0.628705 0.608861 1.03846 0.525932 0.552273 0.514579 0.619152 0.512129 0.870471 0.57846 0.544015 0.490604 0.433081 0.419322 0.562249
threshold=2029.5000000000002 1.0871140789853733 0 1 0.60620533040346569 0.41302281891272519 1.0000000180025095e-35 1.0000000180025095e-35 1.3897941766162101 2 0.80526734759815788 2027.5000000000002 69590.486145191448 3 1.1984608579909508 1.0000000180025095e-35 2034.5000000000002 1.4758333333333338 1796.9841325213447 0.82555440180009632 47.987488592806073 1.1912409331906684 1.3466728658495071
decision_type=2 2 1 1 2 2 2 2 2 1 2 2 2 1 2 2 2 2 2 2 2 2 2
left_child=3 -2 7 21 -5 9 -7 -3 -4 10 -6 12 -12 14 -9 17 -17 -15 -19 -11 -16 -1 -23
right_child=1 2 8 4 5 6 -8 13 -10 19 11 -13 -14 15 20 16 -18 18 -20 -21 -22 22 -24
leaf_value=-0.052966014885391259 -0.056475212658064246 -0.0029292921160935757 -0.054155453940138869 -0.14485271870179484 0.032420388664579039 0.020836072152196836 0.0019348683495443192 -0.01882521578997836 0.0029330816600627464 -0.01831583193661249 0.029669276231525057 -0.0017235266014017274 0.1178014163614915 0.016731924716985567 0.010923796413817683 0.02977920963814536 -0.00072450731792319016 0.0089522040529916875 -0.010726556363341896 0.0013893604490069879 -0.0016381296585255623 0.012413493401230678 -0.069752262059788753
leaf_weight=226 1877 301 562 64 24 23 26 42 20 120 24 60 20 35 28 25 23 27 59 486 44 48 35
leaf_count=226 1877 301 562 64 24 23 26 42 20 120 24 60 20 35 28 25 23 27 59 486 44 48 35
internal_value=-0.00234461 -0.00319257 -0.00152659 -0.000112458 0.00100933 0.00151341 0.0082653 0.000639729 -0.00364865 0.00106267 0.00405797 0.00221154 0.00636364 0.00242049 -0.00017544 0.0041716 0.00854167 0.00243802 0.000232557 0.000357142 0.00263889 -0.00311912 -0.000180724
internal_weight=4199 3043 1166 1156 847 783 49 584 582 734 128 104 44 283 114 169 48 121 86 606 72 309 83
internal_count=4199 3043 1166 1156 847 783 49 584 582 734 128 104 44 283 114 169 48 121 86 606 72 309 83
cat_boundaries=0 1 2 3 4
cat_threshold=166 72 4 2
is_linear=0
shrinkage=0.05


Tree=77
num_leaves=24
num_cat=4
split_feature=0 5 5 0 11 36 5 36 7 15 0 5 1 14 15 15 8 15 14 5 16 5 15
split_gain=2.65795 1.81172 1.05752 1.22702 0.725429 0.479521 0.444538 0.486082 0.441085 0.419959 0.343945 0.882606 0.625264 0.588438 0.380435 0.372718 0.913303 0.37037 0.342899 0.314546 0.312466 0.296964 0.272767
threshold=0 0.99172057139916781 0.8683379809646673 1 1.3247479686670496 1.1741463597473172 0.64337206274225478 0.30324756343869536 1.0000000180025095e-35 63.018471646829688 2 1.0871140789853733 3 108912.87074516712 57.198373584228371 96.048562507698918 1.0000000180025095e-35 75.935592130221409 52038.968929972791 1.5720523221415739 3.485125 1.449774343129308 150.40558475323348
decision_type=1 2 2 1 2 2 2 2 2 2 1 2 1 2 2 2 2 2 2 2 2 2 2
left_child=1 6 -2 4 19 8 -1 -8 9 -3 11 -10 14 17 18 -16 -17 -13 -12 20 -4 22 -11
right_child=2 5 3 -5 -6 -7 7 -9 10 21 12 13 -14 -15 15 16 -18 -19 -20 -21 -22 -23 -24
leaf_value=-0.11939008146118804 -0.10061366853053499 -0.0047979848424214884 -0.0070759469576840445 -0.070680823109773236 0.0033110991508507473 0.015752427586219222 -0.0097858010363957738 0.0029385637667224788 -0.0053926363867659909 0.0046231509733565363 0.0086844497633035769 0.016063332173936285 -0.0037277193189890704 -0.0033651340719004726 -0.0090428397568457202 0.020650868973998173 -0.019371058671234717 0.073227610282863717 0.050548121923461801 0.0070315081114573552 -0.035407694723747524 0.17327841922399784 -0.0067106324769479675
leaf_weight=170 847 224 815 725 32 23 562 33 29 145 25 45 132 22 29 26 25 27 21 39 149 21 33
leaf_count=170 847 224 815 725 32 23 562 33 29 145 25 45 132 22 29 26 25 27 21 39 149 21 33
internal_value=-0.00232079 -0.000692885 -0.00329958 -0.00261364 -0.00145933 0.000925029 -0.00245098 -0.00180672 0.000721392 -0.000390072 0.00195538 0.00402256 0.000783581 0.00670213 0.00333333 0.00125 0.00382353 0.00888889 0.00695652 -0.00170987 -0.00188797 0.00128141 0.000617976
internal_weight=4199 1592 2607 1760 1035 827 765 595 804 423 381 123 258 94 126 80 51 72 46 1003 964 199 178
internal_count=4199 1592 2607 1760 1035 827 765 595 804 423 381 123 258 94 126 80 51 72 46 1003 964 199 178
cat_boundaries=0 1 2 3 4
cat_threshold=164 19 4 1
is_linear=0
shrinkage=0.05


Tree=78
num_leaves=24
num_cat=2
split_feature=2 0 5 36 0 5 2 5 5 14 15 11 15 11 2 15 15 15 5 5 14 14 5
split_gain=3.49132 3.20611 2.46559 0.974539 0.868385 1.772 0.804833 0.760164 0.745643 0.964286 0.611506 0.502132 0.797284 0.615416 0.432725 0.492803 0.824222 0.462019 0.444559 0.467451 0.412312 0.405357 0.654551
threshold=2034.5000000000002 0 0.82555440180009632 1.5305741957788654 1 1.0871140789853733 2027.5000000000002 1.5720523221415739 0.70059082524422223 73340.87637871709 43.287282928919502 1.3247479686670496 29.444619765755768 1.0002257201636719 2028.5000000000002 151.50986834272854 118.52163910420488 132.58468279405687 0.98661854419696859 1.2485015017600369 26305.939935509199 101974.048433723 1.1606751215755724
decision_type=2 1 2 2 1 2 2 2 2 2 2 2 2 2 2 2 2 2 2 2 2 2 2
left_child=1 -1 6 7 5 -2 8 11 -3 -10 -9 13 -13 14 15 16 -4 -18 20 21 -16 22 -20
right_child=4 2 3 -5 -6 -7 -8 10 9 -11 -12 12 -14 -15 18 -17 17 -19 19 -21 -22 -23 -24
leaf_value=-0.062701311892477421 -0.02931706808388522 -0.060641268185269825 0.0052467164592407411 0.010441817244564782 -0.063800368728061815 0.0074346804563740964 -0.063296420672578943 0.040779335838677454 0.02156684406184721 -0.0079076205591530179 0.05513811851547095 -0.019288476673838085 0.019281443304986878 -0.011214044975491598 0.016568482586410888 -0.0062562071106895146 0.041880177645908817 0.002798581890476748 0.0025090035921762595 -0.0037749275254563442 -0.018295878666879099 -0.0010119620053726534 0.017805893253686596
leaf_weight=652 287 54 301 35 1247 148 391 23 27 21 22 20 33 96 38 35 32 20 168 166 184 123 76
leaf_count=652 287 54 301 35 1247 148 391 23 27 21 22 20 33 96 38 35 32 20 168 166 184 123 76
internal_value=-0.00228507 -0.00110648 -4.00012e-05 0.00104956 -0.00404875 -0.00196629 -0.00307302 0.000833955 0.000882352 0.00541667 0.00722222 0.000611454 0.00537736 0.000407586 0.000730532 0.00208763 0.00264872 0.00846154 3.31114e-05 0.000816134 -0.00184685 0.00181199 0.0029918
internal_weight=4199 2517 1865 1372 1682 435 493 1337 102 48 45 1292 53 1239 1143 388 353 52 755 533 222 367 244
internal_count=4199 2517 1865 1372 1682 435 493 1337 102 48 45 1292 53 1239 1143 388 353 52 755 533 222 367 244
cat_boundaries=0 1 2
cat_threshold=72 132
is_linear=0
shrinkage=0.05


Tree=79
num_leaves=24
num_cat=3
split_feature=0 5 5 0 5 36 11 5 15 0 15 11 9 15 17 9 5 15 15 5 5 16 15
split_gain=2.89749 1.4827 1.00569 1.17055 0.53197 0.487701 0.462823 0.451847 1.2415 0.389072 0.349453 0.333645 0.390479 0.301937 0.687508 0.501876 0.461385 0.289331 0.426681 0.342099 0.452186 0.281679 0.238191
threshold=0 0.99172057139916781 0.86607280868335701 1 0.60620533040346569 1.1741463597473172 1.3247479686670496 1.4730567937906967 43.287282928919502 2 25.012291305676673 1.99383156967974 17357.159624221244 128.49217732251182 73.879583333333343 32924.327704393399 1.1223427162988093 122.84747093397252 147.82619783045143 1.3429576197623241 1.2892373734878864 3.485125 104.92282162419632
decision_type=1 2 2 1 2 2 2 2 2 1 2 2 2 2 2 2 2 2 2 2 2 2 2
left_child=1 4 -2 6 -1 7 21 11 -9 10 -6 12 17 14 -14 -16 -15 19 -19 20 22 -4 -3
right_child=2 5 3 -5 9 -7 -8 8 -10 -11 -12 -13 13 16 15 -17 -18 18 -20 -21 -22 -23 -24
leaf_value=-0.15120661691682513 -0.093756544923444846 -0.00052863746642723048 -0.0057842888362035641 -0.064131871918489333 0.0088959788136164838 0.014522043689250251 0.0029391156501496363 -0.015165835922842203 0.056426747569108308 -0.015449449008678088 -0.0041897106614177879 0.033776688593016503 0.050083605073436212 0.0053852054069750879 -0.023797072672379307 0.0094660600632596407 -0.0065467670215915031 0.017352704651100104 -0.01144163922848224 -0.016401220782268671 0.045215577112674238 -0.028738688228109023 -0.019265307861541764
leaf_weight=138 836 337 856 729 36 23 32 29 39 417 174 22 39 33 34 35 42 36 22 68 35 154 33
leaf_count=138 836 337 856 729 36 23 32 29 39 417 174 22 39 33 34 35 42 36 22 68 35 154 33
internal_value=-0.00229698 -0.000599252 -0.00331869 -0.00265669 -0.00218954 0.00086457 -0.00153042 0.000659203 0.00455882 -0.00157097 0.000227272 0.000298912 0.000112044 0.00210382 0.0037963 0.0007971 -0.000333335 -0.000574389 0.00275862 -0.000983088 -0.0004321 -0.00173267 -0.000945947
internal_weight=4199 1592 2607 1771 765 827 1042 804 68 627 210 736 714 183 108 69 75 531 58 473 405 1010 370
internal_count=4199 1592 2607 1771 765 827 1042 804 68 627 210 736 714 183 108 69 75 531 58 473 405 1010 370
cat_boundaries=0 1 2 3
cat_threshold=164 19 4
is_linear=0
shrinkage=0.05


Tree=80
num_leaves=24
num_cat=3
split_feature=2 0 5 2 14 5 0 5 17 6 15 11 15 15 11 15 5 5 2 16 15 5 1
split_gain=3.28289 3.04601 2.11521 1.14408 0.981377 1.33099 0.834502 1.71169 0.75 0.734707 0.719078 0.646453 0.745921 0.587966 0.486117 0.735902 0.923168 0.575117 0.330597 0.720947 0.614785 0.403628 0.383328
threshold=2034.5000000000002 0 0.86607280868335701 2027.5000000000002 68926.137849359249 0.60620533040346569 1 1.2026241249255898 73.879583333333343 1.0000000180025095e-35 53.223471724376004 1.3247479686670496 29.444619765755768 125.09059454364927 1.0122700898015295 20.926395294179958 1.1246321737264284 1.6204724967474646 2028.5000000000002 1.4758333333333338 119.29414245960304 0.98661854419696859 2
decision_type=2 1 2 2 2 2 1 2 2 2 2 2 2 2 2 2 2 2 2 2 2 2 1
left_child=1 -1 3 4 5 -3 7 -2 -7 10 -9 14 -13 -12 15 16 -4 18 19 20 22 -20 -17
right_child=6 2 11 -5 -6 8 -8 9 -10 -11 13 12 -14 -15 -16 17 -18 -19 21 -21 -22 -23 -24
leaf_value=-0.056359652701929122 -0.025167582700768784 -0.1277645502187231 0.012421807573571177 -0.050304154184614383 -0.011890729440208575 0.018093014153287817 -0.0749932002371623 -0.032858154943134647 0.019864899995223208 0.011728184441637521 0.02098076613609785 -0.001933738979879459 0.019035057394213288 -0.02917240542360133 -0.011334091940510872 0.031436842059134953 0.00026190404891662014 0.10968636894558036 -0.014232040646077519 0.0014527599511465787 0.025327389861588352 0.00189240894812 0.00071917592948733114
leaf_weight=652 507 21 36 462 57 30 1033 39 20 32 47 22 30 24 76 37 43 27 163 238 23 526 54
leaf_count=652 507 21 36 462 57 30 1033 39 20 32 47 22 30 24 76 37 43 27 163 238 23 526 54
internal_value=-0.00224935 -0.00110648 -6.66679e-05 -0.00254237 0.00164062 0.00556338 -0.00395957 -0.00242034 0.01 0.00239437 0.000454544 0.00107843 0.00653846 0.0034507 0.000846278 0.00110288 0.00575949 0.000758426 0.000571565 0.00181818 0.00508772 -6.53132e-05 0.00324176
internal_weight=4199 2517 1865 590 128 71 1682 649 50 142 110 1275 52 71 1223 1147 79 1068 1041 352 114 689 91
internal_count=4199 2517 1865 590 128 71 1682 649 50 142 110 1275 52 71 1223 1147 79 1068 1041 352 114 689 91
cat_boundaries=0 1 2 3
cat_threshold=72 164 1
is_linear=0
shrinkage=0.05


Tree=81
num_leaves=24
num_cat=3
split_feature=2 0 5 2 10 0 5 0 2 15 14 5 5 14 2 5 5 5 15 2 15 5 16
split_gain=3.32876 2.77766 1.89409 1.10618 1.76801 0.834502 1.50626 0.73572 0.643027 0.562193 0.63688 0.53501 0.453228 0.452712 0.411886 0.681994 0.535385 0.560769 0.375855 0.573894 0.7095 0.537705 0.356087
threshold=2034.5000000000002 0 0.78826001885651131 2027.5000000000002 1.5000000000000002 1 1.1672731239108303 2 2027.5000000000002 140.63016145694462 20517.70875164316 1.5531047480642555 0.71283530371631154 66992.805592730962 2028.5000000000002 1.0444469704850843 1.3618862516084771 1.1912409331906684 44.092760030381612 2037.5000000000002 124.1313214903894 1.2141818954864803 3.485125
decision_type=2 1 2 2 2 1 2 1 2 2 2 2 2 2 2 2 2 2 2 2 2 2 2
left_child=1 14 3 4 12 6 -2 8 13 10 -10 22 -3 -4 15 -1 17 -17 21 20 -20 -8 -9
right_child=5 2 7 -5 -6 -7 18 11 9 -11 -12 -13 -14 -15 -16 16 -18 -19 19 -21 -22 -23 -24
leaf_value=-0.079052060424016787 -0.024607681100572251 -0.072161675982400336 0.034153136677329624 -0.061821887292745806 0.023481611941656207 -0.071243540225304158 0.0024320191080856039 0.00069303418826468708 0.027243778506553414 0.022303087081063724 -0.0020784447374565629 0.045795752760157606 0.0033869223846494561 0.11600397376510946 -0.096163835984789836 -0.0043560374075679396 -0.053610029088924371 0.025624799582537883 0.012896292433054997 -0.00034865372554633952 -0.0053424559486761232 -0.028883969445803376 -0.0079523882739713173
leaf_weight=134 471 43 27 329 20 1033 20 980 32 20 139 48 23 21 414 39 29 36 29 68 20 41 183
leaf_count=134 471 43 27 329 20 1033 20 980 32 20 139 48 23 21 414 39 29 36 29 68 20 41 183
internal_value=-0.00223744 -0.00108661 -9.33345e-05 -0.00307229 0.00197674 -0.00395957 -0.00242034 0.000758619 0.00323293 0.00206806 0.00114035 0.000241604 -0.0019697 0.00854167 -0.00386707 -0.00226891 0.00076923 0.003 0.00146067 0.00311966 0.0072449 -0.00172131 3.00934e-05
internal_weight=4199 2517 1865 415 86 1682 649 1450 239 191 171 1211 66 48 652 238 104 75 178 117 49 61 1163
internal_count=4199 2517 1865 415 86 1682 649 1450 239 191 171 1211 66 48 652 238 104 75 178 117 49 61 1163
cat_boundaries=0 1 2 3
cat_threshold=72 164 4
is_linear=0
shrinkage=0.05


Tree=82
num_leaves=24
num_cat=0
split_feature=2 5 2 36 5 5 5 15 5 15 9 14 14 5 17 6 15 15 14 15 9 15 11
split_gain=3.01464 1.71217 0.864924 0.810287 0.771716 0.440275 0.405778 0.399 0.397081 0.329667 0.82376 0.530389 0.676283 0.510729 0.35554 0.30773 0.318303 0.376718 0.413126 0.291667 0.595238 0.273322 0.334609
threshold=2034.5000000000002 0.98661854419696859 2028.5000000000002 0.41302281891272519 1.1223427162988093 0.6677617044747115 0.83296196964687219 23.522357577268313 0.8453298642714665 141.79002625970043 28341.279700853782 68926.137849359249 55469.806162322922 0.8306467510427672 73.879583333333343 1.0000000180025095e-35 65.386347066319146 123.43901836151963 103402.10025660651 56.726740912834821 1399.7409091054508 8.1368162454702233 1.99383156967974
decision_type=2 2 2 2 2 2 2 2 2 2 2 2 2 2 2 2 2 2 2 2 2 2 2
left_child=1 2 3 5 -2 -1 -4 -8 -9 10 11 12 13 14 -7 16 -6 18 -18 20 -17 -3 -23
right_child=4 21 6 -5 15 9 7 8 -10 -11 -12 -13 -14 -15 -16 19 17 -19 -20 -21 -22 22 -24
leaf_value=-0.091578553024269371 -0.055561587053276698 -0.037681237674480721 -0.061483307651214791 0.0015857215985996102 -0.031119923520695727 -0.010863284118393336 0.0136888221515096 0.015945345359571383 -0.022825397199623999 -0.071449000844211394 0.03976042373389975 -0.0080666441194900927 0.0092326029595579534 -0.014665908649643339 0.015582228322811677 -0.053149082138394213 -0.011655727408928181 -0.034399622729871203 0.0019886259172147594 -0.0070628164289898709 0.0036415854316275142 0.00012201883232914816 0.014687433599561837
leaf_weight=85 1132 26 464 22 239 31 21 23 270 34 37 90 21 76 23 21 110 76 29 54 21 1259 35
leaf_count=85 1132 26 464 22 239 31 21 23 270 34 37 90 21 76 23 21 110 76 29 54 21 1259 35
internal_value=-0.00226125 -0.00116607 -0.00253551 -0.000704058 -0.00390012 -0.00122166 -0.00352185 -0.00213376 -0.00261092 -0.000352565 0.000215826 -0.000850624 0.000960264 -0.000384617 0.00333333 -0.00236364 -0.00290749 -0.00151163 3.597e-05 0.000208332 0.00333333 7.57564e-05 0.000177742
internal_weight=4199 2517 1197 419 1682 397 778 314 293 312 278 241 151 130 54 550 454 215 139 96 42 1320 1294
internal_count=4199 2517 1197 419 1682 397 778 314 293 312 278 241 151 130 54 550 454 215 139 96 42 1320 1294
is_linear=0
shrinkage=0.05


Tree=83
num_leaves=24
num_cat=2
split_feature=0 2 5 2 14 5 0 16 5 2 5 14 14 36 15 4 5 5 16 14 14 15 11
split_gain=3.768 1.82755 1.27783 2.96674 1.38855 1.21147 0.627004 0.805568 0.572043 0.501291 0.653493 0.488387 0.575888 0.411985 0.463524 0.543667 0.647626 1.0691 0.549769 0.633838 0.589687 0.352914 0.441936
threshold=0 2029.5000000000002 0.96905256789785377 2031.5000000000002 21987.919908185151 0.82555440180009632 1 1.0000000180025095e-35 0.57324090082199908 2034.5000000000002 1.2070788346600592 91192.917665729095 125177.10711749321 1.1741463597473172 24.371585625584189 1.0000000180025095e-35 1.0264471337233452 1.1498103798023716 1.756416666666667 82905.803049356924 53652.580284121846 36.108001881607926 0.022865260353075952
decision_type=1 2 2 2 2 2 1 2 2 2 2 2 2 2 2 2 2 2 2 2 2 2 2
left_child=2 5 3 4 -1 -2 7 -7 -6 10 -3 -10 -13 14 -4 -16 -17 -18 19 20 -19 22 -8
right_child=1 9 13 -5 8 6 21 -9 11 -11 -12 12 -14 -15 15 16 17 18 -20 -21 -22 -23 -24
leaf_value=0.016445793719301879 -0.07768549049425845 -0.048542123110090402 -0.0081584241736004873 -0.050970901151563434 -0.13636495164884477 0.017242219990006802 0.027792964981833201 0.0016753441210716896 -0.00084885305968692738 -0.066235519428842413 -0.0089430900913621963 0.026611311538077782 0.00011905043440487021 0.013225291121270103 0.00054160300880246634 0.020165141234063707 -0.0020538504504205809 0.020539366969084583 -0.0038723423127978423 0.010113563294699299 0.068010288280872216 -0.004634190899103329 -0.0064351959202651925
leaf_weight=42 186 629 85 416 38 31 47 189 134 1033 201 34 42 24 533 39 71 20 41 50 23 239 52
leaf_count=42 186 629 85 416 38 31 47 189 134 1033 201 34 42 24 533 39 71 20 41 50 23 239 52
internal_value=-0.00215409 -0.00331869 -0.00022472 -0.00181303 0.00206896 -0.00123656 -7.16858e-05 0.00195652 0.00064516 -0.00416801 -0.00325301 0.00166667 0.00486842 0.00103837 0.000858467 0.00124196 0.00319672 0.00207317 0.00470149 0.00682796 0.0112791 -0.00140805 0.0010606
internal_weight=4199 2607 1592 706 290 744 558 220 248 1863 830 210 76 886 862 777 244 205 134 93 43 338 99
internal_count=4199 2607 1592 706 290 744 558 220 248 1863 830 210 76 886 862 777 244 205 134 93 43 338 99
cat_boundaries=0 1 2
cat_threshold=164 17
is_linear=0
shrinkage=0.05


Tree=84
num_leaves=24
num_cat=4
split_feature=0 2 5 5 2 0 14 9 0 8 11 5 9 15 5 9 14 1 5 2 9 9 14
split_gain=3.01982 2.06368 1.61534 1.39084 1.69068 1.13677 0.747442 0.565346 0.476645 0.755891 0.61313 0.537205 0.482347 0.793146 0.452323 0.450998 0.452567 0.429617 0.804357 0.406871 0.402565 0.463879 0.392391
threshold=0 2031.5000000000002 0.91917282543764645 0.89340953320853456 2031.5000000000002 1 19750.088561872057 37610.273766468985 2 1.5000000000000002 1.1287618731047628 1.2451720273098628 30029.915240155937 44.092760030381612 0.57324090082199908 14303.539581722145 40285.991570939485 3 0.79561763026696497 2036.5000000000002 5597.0251579738779 4445.1152425988676 133343.17181013062
decision_type=1 2 2 2 2 1 2 2 1 2 2 2 2 2 2 2 2 1 2 2 2 2 2
left_child=3 2 -2 4 6 7 -1 -4 9 10 11 -5 13 -13 -8 19 -17 18 -16 20 21 -10 -19
right_child=1 -3 5 8 -6 -7 14 -9 15 -11 -12 12 -14 -15 17 16 -18 22 -20 -21 -22 -23 -24
leaf_value=0.015332376405979937 -0.059398711101407042 -0.05253699123541155 0.002991221779756532 -0.0013470925844088003 -0.06460814386810379 -0.018996597032299459 -0.1305148212137584 -0.013546807738217641 0.0015078204996529061 0.011080888101101798 0.026634860314072362 0.013088143150039833 -0.0075217342106272487 0.099212816610488086 0.028631400877573085 0.018571168487747643 0.0019786145607297288 -0.0010431724000072723 -0.0015120608770255331 -0.012319269213722788 -0.0041217116744760298 0.033817416005208878 0.0099514945185465165
leaf_weight=25 399 1553 339 216 315 264 39 52 258 26 20 29 20 37 35 22 182 72 31 140 81 24 20
leaf_count=25 399 1553 339 216 315 264 39 52 258 26 20 29 20 37 35 22 182 72 31 140 81 24 20
internal_value=-0.00214218 -0.00318495 -0.00148956 -0.000411986 -0.00248603 3.81667e-05 0.000855855 0.00173317 0.000639809 0.0021229 0.00152174 0.000960264 0.00430232 0.00636364 -0.000177666 -0.000118551 0.00186274 0.00101266 0.00409091 -0.000924454 -4.13235e-05 0.000851063 -0.00119565
internal_weight=4199 2607 1054 1592 537 655 222 391 1055 348 322 302 86 66 197 707 204 158 66 503 363 282 92
internal_count=4199 2607 1054 1592 537 655 222 391 1055 348 322 302 86 66 197 707 204 158 66 503 363 282 92
cat_boundaries=0 1 2 3 4
cat_threshold=164 19 4 2
is_linear=0
shrinkage=0.05


Tree=85
num_leaves=24
num_cat=3
split_feature=2 0 5 0 5 36 5 2 0 5 15 9 2 14 14 17 17 5 5 5 2 14 9
split_gain=3.208 2.20784 1.70269 2.45127 1.00456 0.974861 0.747738 0.63938 0.741358 1.03443 1.43652 0.423648 1.60608 0.683509 1.20975 0.647574 0.520314 0.49 0.413714 0.55336 0.480616 0.762698 0.415426
threshold=2031.5000000000002 0 0.9444895548775013 1 0.57324090082199908 0.29036923991959079 1.1453412370221989 2034.5000000000002 2 1.264078397058507 68.588865131656689 10826.480300564102 2026.5000000000002 129024.64539963414 90291.631936412246 74.884166666666673 74.884166666666673 1.1313192132347927 1.3572596427166561 1.5720523221415739 2028.5000000000002 111586.04772904881 9439.6326153221398
decision_type=2 1 2 1 2 2 2 2 1 2 2 2 2 2 2 2 2 2 2 2 2 2 2
left_child=1 4 -2 -4 -1 11 -3 8 -5 -10 -11 -6 17 14 16 -16 -14 -13 20 -20 21 -8 -22
right_child=2 6 3 7 5 -7 18 -9 9 10 -12 12 13 -15 15 -17 -18 -19 19 -21 22 -23 -24
leaf_value=-0.15897052247691756 -0.068439996404274922 -0.026073089786772415 0.00072423580017316595 -0.084068205906775967 0.0011813179766601916 0.022388310379724358 0.0032748398994255387 -0.047112935043614385 -0.0054609643569369501 -0.0038854004122710084 0.018008576526318047 0.023089222075232532 0.0041507383021788715 -0.014003207084390543 0.02204173635372203 0.015285273475637141 -0.0078690333193596595 0.16416720705092172 -0.033107043678279394 0.11380794415159956 0.0067787138742602324 0.096013627829864598 -0.02284762923022916
leaf_weight=57 1034 575 585 124 476 42 70 605 119 26 21 25 45 59 25 28 58 20 70 22 52 20 41
leaf_count=57 1034 575 585 124 476 42 70 605 119 26 21 25 45 59 25 28 58 20 70 22 52 20 41
internal_value=-0.00211836 -0.000430268 -0.0032498 -0.00216216 0.00139053 0.00187661 -0.0022093 -0.00378453 -0.00189655 0.000397726 0.00670213 0.0014538 0.00307692 0.00127907 0.00301282 0.00915094 -0.000145632 0.0116667 -9.09103e-05 -0.00282609 0.00128415 0.00388889 -0.00123656
internal_weight=4199 1685 2514 1480 835 778 850 895 290 166 47 736 260 215 156 53 103 45 275 92 183 90 93
internal_count=4199 1685 2514 1480 835 778 850 895 290 166 47 736 260 215 156 53 103 45 275 92 183 90 93
cat_boundaries=0 1 2 3
cat_threshold=149 164 72
is_linear=0
shrinkage=0.05


Tree=86
num_leaves=24
num_cat=7
split_feature=2 0 5 0 5 36 5 0 5 5 2 0 5 15 2 1 1 15 14 1 8 5 2
split_gain=3.0519 2.09195 1.79081 2.3232 1.31256 0.900482 1.01423 0.68696 1.48762 0.956806 0.680212 0.835362 0.937584 1.43652 0.501879 0.614738 0.442918 0.725607 0.583676 0.565029 0.421063 0.395437 0.393353
threshold=2031.5000000000002 0 0.9444895548775013 1 0.60620533040346569 0.41302281891272519 1.0227623270571322 2 0.79561763026696497 0.75151658956402845 2034.5000000000002 3 1.264078397058507 68.588865131656689 2027.5000000000002 4 5 27.493607856082857 71939.340859058619 6 1.5000000000000002 1.0444469704850843 2028.5000000000002
decision_type=2 1 2 1 2 2 2 1 2 2 2 1 2 2 2 1 1 2 2 1 2 2 2
left_child=1 21 -2 -4 -3 7 -7 8 -6 -9 11 -5 -13 -14 -10 -16 20 -18 19 -19 -11 -1 -23
right_child=2 4 3 10 5 6 -8 9 14 16 -12 12 13 -15 15 -17 17 18 -20 -21 -22 22 -24
leaf_value=-0.085238060583218422 -0.065017996584061183 -0.1112105106634485 0.00068802401016446592 -0.079864795611437153 0.034003931099007172 0.0051970592616083569 0.0099836173798544346 -0.040824169458305776 0.098093808447295816 0.0048867489331786487 -0.044757288291433661 -0.0051879161390901117 -0.0036911303916574234 0.017108147700002133 -0.010509088091494473 0.024933926709749449 -0.024601540748979828 0.015671882925827073 -0.0010142235417845776 -0.013886896203924149 -0.03316163323374291 0.00030038359996824722 -0.037999029094992774
leaf_weight=248 1034 97 585 124 29 22 47 100 45 371 605 119 26 21 53 60 105 128 126 49 21 104 80
leaf_count=248 1034 97 585 124 29 22 47 100 45 371 605 119 26 21 53 60 105 128 126 49 21 104 80
internal_value=-0.00210646 -0.000459942 -0.00321003 -0.0020946 0.000581947 0.00105536 0.0065942 0.000703771 0.00337563 0.000109889 -0.00367403 -0.00172414 0.000681817 0.00670213 0.00164557 -0.000132745 0.000687499 -0.000465687 0.000775576 0.00262712 0.00188775 -0.00341629 -0.00173913
internal_weight=4199 1685 2514 1480 1253 1156 69 1087 187 900 895 290 166 47 158 113 800 408 303 177 392 432 184
internal_count=4199 1685 2514 1480 1253 1156 69 1087 187 900 895 290 166 47 158 113 800 408 303 177 392 432 184
cat_boundaries=0 1 2 3 4 5 6 7
cat_threshold=72 164 4 72 2 1 2
is_linear=0
shrinkage=0.05


Tree=87
num_leaves=24
num_cat=0
split_feature=2 5 5 2 36 14 15 5 2 9 9 14 15 19 4 9 16 9 14 14 15 17 5
split_gain=2.83586 1.60594 1.14685 0.635882 0.550878 1.27433 0.468278 0.507971 0.461103 0.412171 0.976781 0.332388 0.391361 0.448435 0.365324 0.623077 0.338677 0.668605 0.311917 0.566391 0.316009 0.475469 0.452525
threshold=2031.5000000000002 0.938622391824802 0.74252791977159271 2034.5000000000002 0.47627350970445664 29574.092071284296 75.269176838389953 1.0324986184915215 2028.5000000000002 60593.218783511074 49647.951818734196 70063.329037397154 31.315476121026705 1.0000000180025095e-35 1.0000000180025095e-35 2911.1856199422177 1.4758333333333338 1329.1686448048006 24546.620459988368 28076.068466946304 48.202401490959581 73.879583333333343 1.084337575140127
decision_type=2 2 2 2 2 2 2 2 2 2 2 2 2 2 2 2 2 2 2 2 2 2 2
left_child=2 -2 -1 6 8 -6 -3 -8 9 10 18 12 16 -14 -15 -16 17 -10 -4 -20 21 -21 -23
right_child=1 3 4 -5 5 -7 7 -9 11 -11 -12 -13 13 14 15 -17 -18 -19 19 20 -22 22 -24
leaf_value=-0.054971532650813865 -0.064828028987191089 -0.0048349924402591796 -0.003991382209232691 -0.019443229980163304 2.9233864448525734e-05 0.031418859723128349 -0.047298962287803677 0.0046408000785892571 -0.017436670330364328 -0.020458220378537333 0.031667689284996574 -0.0091393269067555488 -0.016394322092020363 0.0006932352845721362 0.026077941470476804 0.0087418796846389212 -0.036063266580165065 0.026377534032767127 0.044382988871619199 -0.0034021452463747041 0.00025976946771375913 0.0069702100567281405 0.088151560845700583
leaf_weight=299 1016 294 118 1002 59 24 41 161 23 45 21 301 26 141 20 32 60 20 21 61 351 30 33
leaf_count=299 1016 294 118 1002 59 24 41 161 23 45 21 301 26 141 20 32 60 20 21 61 351 30 33
internal_value=-0.00210646 -0.00317025 -0.000519289 -0.00212951 8.65789e-05 0.00403614 -0.000665324 0.00118812 -0.000165005 0.000735293 0.00106299 -0.00114767 -3.10571e-05 0.00116438 0.00199482 0.00557692 -0.00257282 0.000813952 0.000700325 0.00125 0.000894736 0.00306451 0.00611111
internal_weight=4199 2514 1685 1498 1386 83 496 202 1303 680 635 623 322 219 193 52 103 43 614 496 475 124 63
internal_count=4199 2514 1685 1498 1386 83 496 202 1303 680 635 623 322 219 193 52 103 43 614 496 475 124 63
is_linear=0
shrinkage=0.05


Tree=88
num_leaves=24
num_cat=3
split_feature=0 2 5 5 0 0 2 5 2 5 5 11 14 5 17 7 15 5 15 2 16 11 14
split_gain=3.0428 3.10681 1.74447 1.00879 1.29018 0.783106 1.23293 1.47099 0.526912 0.675162 0.461435 0.434496 0.595238 0.431958 0.466129 0.979604 0.420681 0.566324 0.572324 0.78125 0.426981 0.410336 0.446911
threshold=0 2034.5000000000002 0.75151658956402845 0.938622391824802 1 2 2029.5000000000002 0.60620533040346569 2028.5000000000002 0.98854811158597589 1.6204724967474646 1.99383156967974 27057.892034168963 1.3618862516084771 73.879583333333343 1.0000000180025095e-35 44.53170661205376 1.1912409331906684 144.26040864886542 2037.5000000000002 1.756416666666667 1.0002257201636719 71939.340859058619
decision_type=1 2 2 2 1 1 2 2 2 2 2 2 2 2 2 2 2 2 2 2 2 2 2
left_child=8 2 5 -3 16 6 7 -2 9 -1 11 21 -13 14 -11 -16 -5 20 19 -19 -18 22 -4
right_child=1 3 10 4 -6 -7 -8 -9 -10 13 -12 12 -14 -15 15 -17 17 18 -20 -21 -22 -23 -24
leaf_value=-0.093181989023214506 -0.043551352938120666 -0.072415722824862874 0.0029968369389189488 -0.010017354233168109 -0.032195604447789419 -0.053761190177021828 -0.054354194016445805 0.037637128788567779 -0.10258500034843243 -0.0068562920506789714 0.073393662469758342 -0.015705019146533505 0.031114955143190039 -0.052939506555429706 -0.010225959298002636 0.062323858437176062 -0.0074297992179809319 0.01212649594961485 -0.018493256771878696 0.0091402193307973389 0.002628674348943396 -0.0018828672644478402 -0.00012828330446947573
leaf_weight=116 22 519 703 139 359 239 59 25 825 45 29 21 21 29 26 22 101 32 23 49 49 136 610
leaf_count=116 22 519 703 139 359 239 59 25 825 45 29 21 21 29 26 22 101 32 23 49 49 136 610
internal_value=-0.00199929 -0.00120153 9.38326e-05 -0.00311172 -0.00194149 -0.00311594 0.000603447 0.00670213 -0.00430103 -0.00226891 0.000822367 0.000700871 0.00571428 0.000327868 0.00198925 0.00541667 8.68475e-05 0.00129921 0.00413461 0.00611111 -0.000666668 0.000555554 0.000826351
internal_weight=4199 3136 1865 1271 752 345 106 47 1063 238 1520 1491 42 122 93 48 393 254 104 81 150 1449 1313
internal_count=4199 3136 1865 1271 752 345 106 47 1063 238 1520 1491 42 122 93 48 393 254 104 81 150 1449 1313
cat_boundaries=0 1 2 3
cat_threshold=72 164 132
is_linear=0
shrinkage=0.05


Tree=89
num_leaves=24
num_cat=2
split_feature=0 2 0 2 18 9 14 9 9 16 15 16 9 14 14 15 15 2 14 14 9 9 15
split_gain=3.22972 1.87218 1.60714 0.954951 0.626104 0.556257 0.708239 0.656751 0.538282 0.394565 0.413397 0.386917 0.564934 0.465056 0.428207 0.836935 0.383558 0.31952 0.319339 0.329221 0.28552 0.336787 0.622191
threshold=0 2033.5000000000002 1 2027.5000000000002 1.0000000180025095e-35 13884.561772756344 80922.769451986052 2264.3830592864501 29371.661932703861 2.1729166666666671 84.451189777756809 1.756416666666667 4753.4794924014959 20517.70875164316 60979.503165495335 81.527826868447789 57.198373584228371 2028.5000000000002 99044.208716747511 78024.023601291337 2614.0335820877335 891.54889113735419 25.656833035084436
decision_type=1 2 1 2 2 2 2 2 2 2 2 2 2 2 2 2 2 2 2 2 2 2 2
left_child=3 2 8 4 -1 7 -7 9 11 10 -6 12 -2 -14 16 -16 -15 -4 19 -17 21 -13 -23
right_child=1 -3 17 -5 5 6 -8 -9 -10 -11 -12 20 13 14 15 18 -18 -19 -20 -21 -22 22 -24
leaf_value=0.062617217922592033 -0.00094286008877096476 -0.050113398199465732 -0.018229782929868221 -0.0011956145083814994 0.019522426255943717 0.19275515241119301 0.025204002854863496 -0.012550402038870302 -0.0056453439167360566 -0.0020706643176350509 -0.00057914940816075654 -0.0063043233631398469 -0.027903801273121084 0.0040136813496314191 -0.024754520267870977 0.013686242464142904 0.010476537917257773 -0.069137353918412484 0.012988770760254932 -0.017884155388923378 -0.026224751483117616 0.0071730341153025835 -0.0081874381150074376
leaf_weight=22 229 1207 238 1384 38 22 31 41 140 32 22 98 27 38 40 22 23 348 37 20 83 20 37
leaf_count=22 229 1207 238 1384 38 22 31 41 140 32 22 98 27 38 40 22 23 348 37 20 83 20 37
internal_value=-0.00201119 -0.00308942 -0.00185714 -0.00022472 0.00293269 0.00198925 0.00632075 0.000263157 -0.000388351 0.00260869 0.005 0.000192877 0.00107798 0.00297101 0.00388889 0.00214286 0.00729508 -0.0038255 0.00512658 0.00214286 -0.00142857 -0.000161292 0.00289474
internal_weight=4199 2607 1400 1592 208 186 53 133 814 92 60 674 436 207 180 119 61 586 79 42 238 155 57
internal_count=4199 2607 1400 1592 208 186 53 133 814 92 60 674 436 207 180 119 61 586 79 42 238 155 57
cat_boundaries=0 1 2
cat_threshold=164 19
is_linear=0
shrinkage=0.05


Tree=90
num_leaves=24
num_cat=0
split_feature=5 2 2 5 5 15 7 15 5 36 14 5 2 2 5 9 7 9 5 15 9 14 2
split_gain=2.49224 1.71295 1.10548 0.45035 0.3514 0.350461 0.653559 0.65097 0.33651 0.329956 0.317221 0.392337 0.667121 0.372621 0.539264 0.368175 0.347128 0.668039 0.509399 0.403333 0.29545 0.290237 0.345407
threshold=0.89340953320853456 2034.5000000000002 2031.5000000000002 0.60620533040346569 1.1813853759944195 30.123502613179962 1.0000000180025095e-35 56.726740912834821 1.2179910055458631 0.41302281891272519 72569.01347930466 1.3207557252961468 2032.5000000000002 2028.5000000000002 1.395838970718613 27912.41317200923 1.5000000000000002 11002.751762119648 0.95718907554605426 44.850817809304324 39352.25021786704 74035.898188752253 2037.5000000000002
decision_type=2 2 2 2 2 2 2 2 2 2 2 2 2 2 2 2 2 2 2 2 2 2 2
left_child=2 10 3 -1 -3 8 -7 -8 -6 -5 15 -12 13 14 -13 16 -2 18 -18 -19 21 -9 -23
right_child=1 4 -4 9 5 6 7 20 -10 -11 11 12 -14 -15 -16 -17 17 19 -20 -21 -22 22 -24
leaf_value=-0.12156165691062491 -0.00081620511005233657 -0.027565012859671251 -0.06442720373262735 -0.0079488474689507066 0.00018559351073281071 -0.023142085791799685 0.017849398914267029 -0.010283318116894482 -0.021386580857119787 0.002161656186401822 -0.0015823905425874564 0.098162403640874682 0.014877494524622004 -0.023100306305781394 -0.013848660761192122 0.023663764473937879 0.01354024688865371 0.011180747631221351 -0.0005131041566229259 0.0051230443741644809 -0.025209706215473433 0.0081395985112997227 -0.0029393905643044834
leaf_weight=130 615 674 869 437 22 162 30 36 102 20 559 22 31 57 39 39 30 20 193 30 23 28 31
leaf_count=130 615 674 869 437 22 162 30 36 102 20 559 22 31 57 39 39 30 20 193 30 23 28 31
internal_value=-0.0020231 -0.00113562 -0.00369506 -0.00201874 -0.00265343 -0.00154378 -0.000645162 0.00175676 -0.00379032 -0.00128009 -0.000107035 -0.000903956 0.00137584 -0.000338984 0.00237705 0.000501617 0.000292792 0.00177656 0.00060538 0.007 8.47446e-05 0.00131579 0.00347458
internal_weight=4199 2743 1456 587 1108 434 310 148 124 457 1635 708 149 118 61 927 888 273 223 50 118 95 59
internal_count=4199 2743 1456 587 1108 434 310 148 124 457 1635 708 149 118 61 927 888 273 223 50 118 95 59
is_linear=0
shrinkage=0.05


Tree=91
num_leaves=24
num_cat=5
split_feature=0 5 2 2 11 1 2 5 0 5 9 2 9 5 36 15 11 0 9 1 5 8 9
split_gain=3.26112 1.90907 1.60137 1.19058 0.962188 0.883678 0.81087 0.804925 0.793375 0.621133 0.535465 1.74196 0.585457 0.516041 0.501998 0.532405 0.601822 0.463723 0.594314 0.517325 0.476644 0.448938 0.5
threshold=0 0.83296196964687219 2028.5000000000002 2029.5000000000002 0.13432464162189015 1 2034.5000000000002 0.79910182006429553 2 1.3661093842275072 13884.561772756344 2026.5000000000002 291.85099732180862 1.232385959691737 0.74367264161444702 21.585421683098385 1.3897941766162101 3 17055.444815789935 4 0.98854811158597589 1.0000000180025095e-35 7262.3728707664641
decision_type=1 2 2 2 2 1 2 2 1 2 2 2 2 2 2 2 2 1 2 1 2 2 2
left_child=1 3 7 4 -1 -6 10 -2 21 -4 12 -12 14 -10 15 -3 -17 18 19 -9 -19 -8 -23
right_child=2 6 9 -5 5 -7 8 17 13 -11 11 -13 -14 -15 -16 16 -18 20 -20 -21 -22 22 -24
leaf_value=-0.0086374693977942143 -0.1010029466092344 -0.01108074309097703 -0.044475609162604207 -0.054615156002703759 0.016896350815395374 -0.00082500622853734777 0.00012553124507924969 0.014284606734617893 -0.024336377576262298 -0.013275289630961383 0.14192675847253675 0.0023876335828565787 -0.00064978954934211575 0.00033525894348008958 0.05604274715184885 0.0053102141479173214 0.014012857485429422 -0.073305481822244098 -0.0013064186475403665 0.0010746567057504995 0.00054431217201315353 0.0081927769019057434 0.0089629320924412732
leaf_weight=104 89 26 1482 417 25 29 113 57 340 151 31 237 383 123 20 188 23 64 36 89 122 25 25
leaf_count=104 89 26 1482 417 25 29 113 57 340 151 31 237 383 123 20 188 23 64 36 89 122 25 25
internal_value=-0.00193975 -0.00054035 -0.00333333 -0.003 0.000696201 0.00611111 0.000378095 -0.000733043 -0.00100639 -0.00408145 0.0013326 0.00320895 0.000546874 -0.00204017 0.00239299 0.00175105 0.00258294 0.000298912 0.00203125 0.00356164 -0.00142857 0.00193642 0.006
internal_weight=4199 2109 2090 575 158 54 1534 457 626 1633 908 268 640 463 257 237 211 368 182 146 186 163 50
internal_count=4199 2109 2090 575 158 54 1534 457 626 1633 908 268 640 463 257 237 211 368 182 146 186 163 50
cat_boundaries=0 1 2 3 4 5
cat_threshold=165 2 4 18 1
is_linear=0
shrinkage=0.05


Tree=92
num_leaves=24
num_cat=5
split_feature=0 5 0 0 11 5 3 15 14 1 36 15 15 15 9 15 15 18 5 5 15 1 9
split_gain=2.98294 2.57625 0.715589 0.598016 0.60126 0.38909 0.399279 0.539828 0.423858 0.384314 0.378489 0.468199 0.669162 0.485233 0.633584 0.419904 1.1434 0.711132 0.612083 0.4 0.375535 0.366125 0.358696
threshold=0 0.89340953320853456 1 2 1.2557254659792982 1.0719064968597067 1.0000000180025095e-35 52.065000166143669 56776.803500960617 3 1.8296825856163521 75.269176838389953 82.182338216230434 52.065000166143669 17357.159624221244 151.50986834272854 139.23806101466428 1.0000000180025095e-35 1.2026241249255898 1.1415607775418246 97.029154502048939 4 54702.519752154636
decision_type=1 2 1 1 2 2 2 2 2 1 2 2 2 2 2 2 2 2 2 2 2 1 2
left_child=-1 2 21 10 5 -5 -7 -8 -9 -10 11 13 -13 14 -3 16 17 -14 -19 -18 -20 -2 -17
right_child=1 3 -4 4 -6 6 7 8 9 -11 -12 12 15 -15 -16 22 19 18 20 -21 -22 -23 -24
leaf_value=-0.06599004204527753 0.007584290540648405 -0.00043132595268299129 -0.037123549175372222 -0.01704190578302392 0.0066744060930065191 -0.0042463837145846998 -0.010408090122703634 0.009146012240351907 0.014455306428135931 -0.017664223828477443 0.015519947562862207 0.019218480491052171 0.0074687033362430162 -0.0036284564694263285 0.034475039855029935 -0.017645710544926814 0.02787709033750746 -0.0045610110191058673 -0.0017417121243791238 0.040037185467306328 0.01948733289291156 -0.0067061696430586494 0.0015916006336847512
leaf_weight=1063 83 392 896 366 33 410 77 24 51 34 20 33 25 156 45 44 20 164 20 20 68 107 48
leaf_count=1063 83 392 896 366 33 410 77 24 51 34 20 33 25 156 45 44 20 164 20 20 68 107 48
internal_value=-0.00197547 -0.00118563 -0.00315838 -0.000146343 -0.0010199 -0.0012578 -0.0004698 0.00145161 0.0037156 0.00205882 0.00068075 0.000555554 0.00178733 -0.000362564 0.00049199 0.00123472 0.00209779 0.000956678 0.000158729 0.01 0.00352273 -0.000250001 -0.00173913
internal_weight=4199 3136 1086 2050 995 962 596 186 109 85 1055 1035 442 593 437 409 317 277 252 40 88 190 92
internal_count=4199 3136 1086 2050 995 962 596 186 109 85 1055 1035 442 593 437 409 317 277 252 40 88 190 92
cat_boundaries=0 1 2 3 4 5
cat_threshold=72 4 164 1 2
is_linear=0
shrinkage=0.05


Tree=93
num_leaves=24
num_cat=5
split_feature=0 2 5 5 0 0 2 1 2 5 5 5 7 5 5 14 9 9 15 1 16 5 5
split_gain=3.1142 2.64368 1.77373 1.16629 1.38866 0.587669 1.0031 0.92234 0.58755 0.783028 0.546336 0.50097 0.521775 0.563333 0.456588 0.382293 0.348465 0.439235 0.581633 0.457348 0.318851 0.405 0.320707
threshold=0 2034.5000000000002 0.75151658956402845 0.88037162294841587 1 2 2029.5000000000002 3 2028.5000000000002 0.98854811158597589 1.3514613398798503 1.3618862516084771 1.0000000180025095e-35 1.1912409331906684 1.6204724967474646 95974.252668371584 291.85099732180862 4518.8052811206917 41.50241922839713 4 3.485125 1.3730171506729645 0.7681049980012834
decision_type=1 2 2 2 1 1 2 1 2 2 2 2 2 2 2 2 2 2 2 1 2 2 2
left_child=8 2 5 -3 16 6 7 -2 9 -1 -6 12 -11 -14 20 -12 -5 18 -18 -20 22 -22 -4
right_child=1 3 14 4 10 -7 -8 -9 -10 11 15 -13 13 -15 -16 -17 17 -19 19 -21 21 -23 -24
leaf_value=-0.080427498895528041 -0.0040920619458020297 -0.074717112222491014 0.010556336576300181 -0.0097624588464575619 -0.030945575498925116 -0.045818178981215846 -0.045432180735059793 0.036989513613530235 -0.089542130433166445 -0.0077277703577685796 0.0050586495785577747 -0.04931520174035553 0.0018055867805886192 0.069487993767087738 0.071689675659201882 -0.03456607330771836 -0.0084396088877876901 -0.00046942320997782767 0.0048403431222990723 0.0070789246111922603 -0.0047775649132267483 0.012094400560013367 0.0015728982513759605
leaf_weight=116 20 418 26 120 345 239 59 27 825 43 44 29 30 20 29 23 46 211 37 27 200 25 1240
leaf_count=116 20 418 26 120 345 239 59 27 825 43 44 29 30 20 29 23 46 211 37 27 200 25 1240
internal_value=-0.00188021 -0.00107438 0.000120642 -0.00283635 -0.00177609 -0.00311594 0.000172413 0.0056383 -0.00420783 -0.00205882 -0.00381517 0.000737704 0.00252688 0.006 0.000855262 0.000223879 0.000210642 0.00107477 0.00363636 0.00671875 0.000734405 -0.001 0.00104265
internal_weight=4199 3136 1865 1271 853 345 106 47 1063 238 412 122 93 50 1520 67 441 321 110 64 1491 225 1266
internal_count=4199 3136 1865 1271 853 345 106 47 1063 238 412 122 93 50 1520 67 441 321 110 64 1491 225 1266
cat_boundaries=0 1 2 3 4 5
cat_threshold=72 164 132 1 2
is_linear=0
shrinkage=0.05


Tree=94
num_leaves=24
num_cat=4
split_feature=0 2 0 2 0 8 2 1 9 4 9 6 15 15 9 15 7 7 7 15 15 7 11
split_gain=2.99011 2.48007 0.876156 0.562566 0.458399 0.909173 0.625626 0.338777 0.311092 0.322827 0.329221 0.310421 0.374477 0.315955 0.453289 0.36 0.351648 0.276894 0.331019 0.229571 0.223134 0.213281 0.236976
threshold=0 2034.5000000000002 1 2028.5000000000002 2 1.5000000000000002 2027.5000000000002 3 11438.948478213466 1.0000000180025095e-35 417.8489442808596 1.5000000000000002 71.422255621652425 151.50986834272854 32924.327704393399 114.93378014844174 1.0000000180025095e-35 1.0000000180025095e-35 1.5000000000000002 110.24752337732177 175.21295616805455 2.5000000000000004 0.71898726604605456
decision_type=1 2 1 2 1 2 2 1 2 2 2 2 2 2 2 2 2 2 2 2 2 2 2
left_child=3 4 11 17 5 6 7 -2 9 -8 -11 12 -3 14 16 -16 -14 -1 -19 -10 -6 22 -18
right_child=1 2 -4 -5 20 -7 8 -9 19 10 -12 -13 13 -15 15 -17 21 18 -20 -21 -22 -23 -24
leaf_value=-0.026848441577559529 0.075208852612872079 -0.019911352293665575 -0.033329038469284665 -0.085065023911508122 -0.00040961640186457581 0.013066564325851569 -0.0050521072808867402 0.050593495610658915 0.03155033550414494 0.012433648289470545 -0.01726280640589916 0.0054876173235255989 -0.014044867367369068 -0.016846640408500292 0.0041086790496339416 0.012243951096625875 0.0045983259661841564 0.015462892020079909 -0.014717032546817317 -0.018549679841743667 -0.0078248329009629625 -0.0057261862681220873 -0.0056570460620557032
leaf_weight=120 32 353 622 825 1516 25 103 30 40 22 20 21 91 48 25 20 37 34 84 34 43 31 23
leaf_count=120 32 353 622 825 1516 25 103 30 40 22 20 21 91 48 25 20 37 34 84 34 43 31 23
internal_value=-0.00188021 -0.00109027 -0.00279701 -0.00416123 6.70229e-05 0.0018038 0.00104982 0.00548387 -0.000205481 -0.00155173 0.00214286 -0.00143399 -0.00165605 -0.000272728 0.000506607 0.005 -0.000604397 -0.00205882 -0.000338984 0.00243243 -0.000283621 0.00159341 0.00333333
internal_weight=4199 3136 1271 1063 1865 306 281 62 219 145 42 649 628 275 227 45 182 238 118 74 1559 91 60
internal_count=4199 3136 1271 1063 1865 306 281 62 219 145 42 649 628 275 227 45 182 238 118 74 1559 91 60
cat_boundaries=0 1 2 3 4
cat_threshold=72 164 4 2
is_linear=0
shrinkage=0.05


Tree=95
num_leaves=24
num_cat=5
split_feature=0 5 2 2 0 0 5 2 5 5 7 17 1 5 17 18 9 36 5 36 0 9 8
split_gain=3.02532 2.77213 1.48693 1.4146 1.44051 0.87637 1.05445 0.631804 0.995219 0.687433 0.601088 1.47 0.492288 0.490784 0.495684 0.464057 1.04343 0.438849 0.512597 0.469933 0.422515 0.849981 0.920094
threshold=0 0.86607280868335701 2031.5000000000002 2034.5000000000002 1 2 0.63561259619552946 2029.5000000000002 1.0392119347815225 1.3466728658495071 1.0000000180025095e-35 73.879583333333343 3 1.3514613398798503 73.879583333333343 1.0000000180025095e-35 3589.1251062431361 0.47627350970445664 1.6204724967474646 2.0568404374444245 4 12231.723693714233 1.0000000180025095e-35
decision_type=1 2 2 2 1 1 2 2 2 2 2 2 1 2 2 2 2 2 2 2 1 2 2
left_child=7 2 5 17 15 -2 -7 8 -1 10 -10 -12 -8 -6 -15 16 -5 18 -3 -19 21 22 -17
right_child=1 3 -4 4 13 6 12 -9 9 -11 11 -13 -14 14 -16 20 -18 19 -20 -21 -22 -23 -24
leaf_value=-0.062694794934043688 -0.032352066901333118 0.0010664399767531399 -0.051540897832137389 -0.0098651198238111568 -0.0284066873276284 -0.06979994411073305 -0.0051804369640266034 -0.086131775964537124 -0.0042286477034859738 -0.039686202481309503 -0.0095092502820362246 0.065240449477729376 0.01442203955417494 0.0084363672245643812 -0.012974818492608503 0.007704908463995342 0.0087445185229754439 0.0048954194372745445 0.080896394178448738 -0.00083693251687688968 -0.0076561994489435002 -0.0013959334852046345 0.014964967874277403
leaf_weight=176 136 1176 586 35 357 83 36 754 48 35 30 20 145 30 37 62 22 47 28 24 262 41 29
leaf_count=176 136 1176 586 35 357 83 36 754 48 35 30 20 145 30 37 62 22 47 28 24 262 41 29
internal_value=-0.00182067 -0.0010267 -0.00322515 -2.3257e-05 -0.00157143 -0.000875001 0.000839415 -0.00411463 -0.00224919 0.00101504 0.00316326 0.007 0.00301105 -0.00361751 0.000223879 0.000422992 0.00464912 0.00103921 0.000813952 0.00485915 -0.000177666 0.00204225 0.00489011
internal_weight=4199 3136 986 2150 875 400 264 1063 309 133 98 50 181 424 67 451 57 1275 1204 71 394 132 91
internal_count=4199 3136 986 2150 875 400 264 1063 309 133 98 50 181 424 67 451 57 1275 1204 71 394 132 91
cat_boundaries=0 1 2 3 4 5
cat_threshold=72 164 3 4 4
is_linear=0
shrinkage=0.05


Tree=96
num_leaves=24
num_cat=4
split_feature=0 5 2 2 0 36 0 9 9 14 14 2 5 5 5 11 15 5 15 15 7 5 0
split_gain=2.93076 2.75069 1.70758 1.29437 1.06492 0.829885 1.11494 0.810965 0.834161 0.771565 0.585417 0.435589 0.675162 0.43403 0.431958 0.419866 0.750436 0.39917 0.320519 0.731751 0.632071 0.401931 0.4411
threshold=0 0.89340953320853456 2029.5000000000002 2034.5000000000002 1 0.015975370043459728 2 749.72640392734081 9888.7683352870936 99044.208716747511 182142.37600752045 2028.5000000000002 0.98854811158597589 1.1577527833144476 1.3618862516084771 1.2557254659792982 27.493607856082857 1.1912409331906684 151.50986834272854 115.57349829163006 1.5000000000000002 1.4590833241574643 3
decision_type=1 2 2 2 1 2 1 2 2 2 2 2 2 2 2 2 2 2 2 2 2 2 1
left_child=11 2 5 10 18 6 7 -2 -9 -10 15 12 -1 -6 17 -3 -17 -14 19 21 -21 22 -5
right_child=1 3 -4 4 13 -7 -8 8 9 -11 -12 -13 14 -15 -16 16 -18 -19 -20 20 -22 -23 -24
leaf_value=-0.071928962125171456 0.015559535820007867 0.0010865510093535436 -0.040856643506467345 0.0060542787756153174 -0.034342952430429743 0.01501792894245335 -0.02286900752334298 -0.032002875699621021 0.028937857220464935 -0.035400463719641617 0.03253097132600611 -0.076505183917705846 -0.0050226711450922909 -0.0097497309867481743 -0.043644023135772231 -0.012302039187948609 0.023266566183058616 0.022194100372634244 -0.010728968797815326 0.00074251538581265961 0.010973876639380572 0.0068241764093978294 -0.011382309808766153
leaf_weight=116 40 1137 796 106 235 20 135 42 31 22 26 825 57 170 29 20 34 36 43 31 23 22 203
leaf_count=116 40 1137 796 106 235 20 135 42 31 22 26 825 57 170 29 20 34 36 43 31 23 22 203
internal_value=-0.0018564 -0.00107438 -0.00311234 -1.19209e-09 -0.00151861 0.000172413 -0.000555557 0.00258621 0.000263157 0.00443396 0.00103944 -0.00411463 -0.00226891 -0.00331325 0.000327868 0.000877413 0.00518518 0.00198925 0.00025114 0.000714285 0.00611111 -0.000166164 -0.000631069
internal_weight=4199 3136 1086 2050 833 290 270 135 95 53 1217 1063 238 405 122 1191 54 93 428 385 54 331 309
internal_count=4199 3136 1086 2050 833 290 270 135 95 53 1217 1063 238 405 122 1191 54 93 428 385 54 331 309
cat_boundaries=0 1 2 3 4
cat_threshold=72 164 52 4
is_linear=0
shrinkage=0.05


Tree=97
num_leaves=24
num_cat=2
split_feature=0 5 2 0 2 5 10 18 9 2 5 5 5 7 17 5 15 14 5 15 14 7 16
split_gain=2.90306 2.40671 1.83626 1.01481 0.906135 0.652068 0.58188 0.548443 1.05332 0.50081 0.868932 0.604189 0.499642 0.457415 1.08 0.403339 0.741313 0.393939 0.380952 0.70644 0.311911 0.485658 0.295486
threshold=0 0.78826001885651131 2034.5000000000002 1 2029.5000000000002 0.88037162294841587 1.5000000000000002 1.0000000180025095e-35 2264.3830592864501 2029.5000000000002 1.0392119347815225 1.3466728658495071 1.1577527833144476 1.0000000180025095e-35 73.879583333333343 1.2416095059357677 30.123502613179962 82905.803049356924 1.3246791633457937 102.80552441240948 20517.70875164316 2.5000000000000004 2.1729166666666671
decision_type=1 2 2 1 2 2 2 2 2 2 2 2 2 2 2 2 2 2 2 2 2 2 2
left_child=9 4 -3 5 6 -4 -2 8 -7 10 -1 13 -5 17 -15 22 -17 -12 -18 -20 -14 -22 -9
right_child=1 2 3 12 -6 7 -8 15 -10 -11 11 -13 20 14 -16 16 18 -19 19 -21 21 -23 -24
leaf_value=-0.055963607081082861 -0.0081964707823679005 0.0016314082712690693 -0.045446405622137143 -0.037260496165729635 -0.054864539550034466 -0.011743210594403345 0.014094176335795742 -0.005331315385527619 0.0081788702195019942 -0.077999927970425015 0.011597482581332176 -0.03486246665291582 0.0059987926745270412 -0.0057020215813980875 0.06086872198521124 -0.027113674607938482 0.021582153434247613 -0.011630448279172248 0.011960454966765484 -0.012224701102484364 -0.01608170234803585 0.0021411260187021177 0.0050394931090213908
leaf_weight=176 148 1450 66 312 515 29 34 194 26 754 22 35 31 30 20 27 28 26 27 29 118 21 81
leaf_count=176 148 1450 66 312 515 29 34 194 26 754 22 35 31 30 20 27 28 26 27 29 118 21 81
internal_value=-0.00182067 -0.00104259 -0.000305454 -0.00196663 -0.00363702 -0.000357835 -0.000604397 0.000328797 0.005 -0.00406803 -0.002411 0.000639097 -0.00357724 0.00265306 0.006 -0.000336789 0.00220721 -0.000833335 0.00452381 0.00214286 -0.00147059 -0.00248202 -0.00136364
internal_weight=4199 3136 2439 989 697 507 182 441 55 1063 309 133 482 98 50 386 111 48 84 56 170 139 275
internal_count=4199 3136 2439 989 697 507 182 441 55 1063 309 133 482 98 50 386 111 48 84 56 170 139 275
cat_boundaries=0 1 2
cat_threshold=72 164
is_linear=0
shrinkage=0.05


Tree=98
num_leaves=24
num_cat=3
split_feature=0 5 2 0 2 5 5 2 5 14 14 5 17 10 18 11 5 0 11 11 15 17 15
split_gain=2.77984 2.2897 1.87875 0.889802 0.749398 0.597754 0.499642 0.449357 0.831627 0.478341 0.7328 0.833333 0.438314 0.452253 0.39992 0.781288 0.354279 0.341669 0.497079 1.14405 0.37597 0.545489 0.98
threshold=0 0.78826001885651131 2034.5000000000002 1 2029.5000000000002 0.88037162294841587 1.1577527833144476 2030.5000000000002 1.0392119347815225 72569.01347930466 23776.626830658763 1.2758260264362959 82.258750000000006 1.5000000000000002 1.0000000180025095e-35 0.013361255349760497 1.4730567937906967 2 0.0034016240906390807 0.34492690110747332 82.822949980327493 73.879583333333343 123.43901836151963
decision_type=1 2 2 1 2 2 2 2 2 2 2 2 2 2 2 2 2 1 2 2 2 2 2
left_child=7 4 -3 5 12 -4 -5 8 -1 10 -10 -12 13 -2 15 -7 17 18 -16 -20 -19 -22 -23
right_child=1 2 3 6 -6 14 -8 -9 9 -11 11 -13 -14 -15 16 -17 -18 20 19 -21 21 22 -24
leaf_value=-0.064005066264560692 -0.0091039625031866921 0.0015498378577056217 -0.043174085341030295 -0.035397471357443151 -0.052121312572532753 0.0077699267085268586 -0.0084581593200090087 -0.075723802762754353 -0.02598848087761383 -0.0072408406138938135 0.027509265101493964 -0.0085391292099744436 0.027511789028810286 0.013125163893217821 -0.00064221903284644982 -0.01115605006468318 0.0049745155589699655 -0.014591757567612102 0.010160977757554035 -0.0019756597400397212 -0.014076450845957655 0.012036684991252052 -0.012858187801395183
leaf_weight=210 130 1450 66 312 515 26 170 694 32 73 30 24 24 28 71 29 24 144 21 35 41 25 25
leaf_count=210 130 1450 66 312 515 26 170 694 32 73 30 24 24 28 71 29 24 144 21 35 41 25 25
internal_value=-0.0018683 -0.00110617 -0.000387455 -0.00206775 -0.00363702 -0.000551258 -0.00357724 -0.00406803 -0.00269648 3.14453e-05 0.00255814 0.00611111 -0.000879122 -0.00183544 0.00010204 0.00409091 -0.000466322 -0.000856355 0.00120438 0.00482143 -0.00193878 0.000494504 0.004
internal_weight=4199 3136 2439 989 697 507 482 1063 369 159 86 54 182 158 441 55 386 362 127 56 235 91 50
internal_count=4199 3136 2439 989 697 507 482 1063 369 159 86 54 182 158 441 55 386 362 127 56 235 91 50
cat_boundaries=0 1 2 3
cat_threshold=72 164 4
is_linear=0
shrinkage=0.05


Tree=99
num_leaves=24
num_cat=4
split_feature=0 5 0 5 0 5 1 15 15 6 5 9 3 14 11 15 5 7 15 14 5 8 5
split_gain=2.72263 2.06445 0.679564 0.533094 0.419748 0.382119 0.373038 0.427199 0.574604 0.567326 0.83697 0.508157 0.508734 0.472379 0.46172 0.651105 0.70746 0.725387 0.465403 0.392478 0.39205 0.350535 0.336132
threshold=0 0.78826001885651131 1 1.1453412370221989 2 1.1912409331906684 3 127.56709435200287 96.048562507698918 1.0000000180025095e-35 1.3869806392842978 5687.5684164922759 1.0000000180025095e-35 55060.57603416223 1.0134372865495178 66.903596478305033 1.1912409331906684 1.5000000000000002 44.092760030381612 9745.5120249834636 1.2517530936697006 1.5000000000000002 1.2892373734878864
decision_type=1 2 1 2 1 2 1 2 2 2 2 2 2 2 2 2 2 2 2 2 2 2 2
left_child=5 4 21 -4 -2 -1 19 8 11 10 20 14 -13 -14 15 16 -8 18 -18 -5 -10 22 -3
right_child=1 2 3 6 -6 -7 7 -9 9 -11 -12 12 13 -15 -16 -17 17 -19 -20 -21 -22 -23 -24
leaf_value=-0.062376518377025028 -0.0062316027215309228 0.00038570612574752137 -0.0048335885828269401 0.0049369711563478462 -0.04278825162054644 -0.019122211672254641 0.010802425305084002 -0.0063863396436756384 0.0050650182258146562 0.012071745776160374 0.016913271110756155 -0.010281021103693938 0.015809385077659614 -0.012578086085880761 -0.0068787914488929736 -0.0030740367769193765 -0.0061824138154319948 0.013567966540388603 0.016698629824636213 -0.014645334926519333 -0.012350598378482121 0.0073509955726415062 0.063947157427566834
leaf_weight=788 128 309 1246 34 569 275 26 128 35 25 31 134 23 29 42 39 45 31 29 93 39 30 71
leaf_count=788 128 309 1246 34 569 275 26 128 35 25 31 134 23 29 42 39 45 31 29 93 39 30 71
internal_value=-0.00184449 -0.00109027 -0.000407955 -0.000782247 -0.00349354 -0.00402144 0.00023627 0.000716462 0.0013447 0.00423077 0.00261905 0.000402009 -0.00150538 0.00269231 0.00207547 0.00323529 0.00492366 0.00309524 0.000405404 -0.0022441 -0.000270271 0.00142857 0.00105263
internal_weight=4199 3136 2439 2029 697 1063 783 656 528 130 105 398 186 52 212 170 131 105 74 127 74 410 380
internal_count=4199 3136 2439 2029 697 1063 783 656 528 130 105 398 186 52 212 170 131 105 74 127 74 410 380
cat_boundaries=0 1 2 3 4
cat_threshold=72 4 4 4
is_linear=0
shrinkage=0.05


Tree=100
num_leaves=24
num_cat=2
split_feature=2 0 5 0 5 5 19 18 11 5 11 36 5 36 5 2 2 15 5 2 5 16 5
split_gain=2.76052 1.9789 1.70865 1.02188 1.34375 0.939021 0.61681 0.446682 0.781288 0.441773 0.347587 0.323435 0.395085 0.314332 0.356468 0.288985 0.540806 0.631431 0.354654 0.280492 0.282692 0.385381 0.242216
threshold=2034.5000000000002 0 0.69592446294074228 1 0.88037162294841587 1.0264471337233452 1.0000000180025095e-35 1.0000000180025095e-35 0.013361255349760497 1.3514613398798503 0.038806577343872946 0.67164046530602595 1.0324986184915215 0.05862795281634519 1.6204724967474646 2029.5000000000002 2027.5000000000002 74.344162533720933 1.2601101320002142 2029.5000000000002 0.54654052051512081 1.756416666666667 1.2393793021592654
decision_type=2 1 2 1 2 2 2 2 2 2 2 2 2 2 2 2 2 2 2 2 2 2 2
left_child=1 5 19 4 -2 -1 -7 8 -6 -5 15 13 -13 14 -4 16 -8 -18 -17 20 -3 -22 -14
right_child=3 2 11 9 7 6 10 -9 -10 -11 -12 12 22 -15 -16 18 17 -19 -20 -21 21 -23 -24
leaf_value=-0.063508315147657785 -0.049541370555405709 -0.18023570166629083 0.00093048484787285144 -0.042138555443814174 0.0076231098022418627 0.012877837112557165 -0.0079813281101110724 -0.00059087647353813465 -0.010617532867736427 -0.013719758704860523 -0.021079271830547169 0.0031146094833059742 -0.00098747644484199217 -0.015497470430084009 0.1019440507795038 -0.025844977522672865 0.020981690743244016 -0.0021469956106028409 0.00055677952394287485 -0.049560436214616158 -0.030319357547045858 0.018004163561382899 0.059741594091810679
leaf_weight=348 208 39 1456 925 26 34 41 386 29 108 88 20 28 54 26 57 21 22 41 153 41 24 24
leaf_count=348 208 39 1456 925 26 34 41 386 29 108 88 20 28 54 26 57 21 22 41 153 41 24 24
internal_value=-0.00173732 -0.000689314 0.000146665 -0.00330559 -0.00166161 -0.00303625 -0.00105263 -0.000124718 0.00409091 -0.00428092 -0.00185185 0.000752486 0.00402778 0.000598957 0.000735491 -0.000604397 0.00154762 0.00546512 -0.00244898 -0.00363813 -0.00163462 0.000384614 0.00173077
internal_weight=4199 2517 1865 1682 649 652 304 441 55 1033 270 1608 72 1536 1482 182 84 43 98 257 104 65 52
internal_count=4199 2517 1865 1682 649 652 304 441 55 1033 270 1608 72 1536 1482 182 84 43 98 257 104 65 52
cat_boundaries=0 1 2
cat_threshold=72 164
is_linear=0
shrinkage=0.05


Tree=101
num_leaves=24
num_cat=2
split_feature=2 0 5 5 0 5 7 15 9 9 36 14 14 11 14 9 9 2 9 15 14 5 5
split_gain=2.70098 1.8284 1.46142 1.37818 1.90744 0.943486 0.53971 0.468108 0.539194 0.753463 0.426461 1.04435 0.640021 0.379659 0.436775 0.57889 0.52877 0.561592 0.366717 0.527473 0.562428 0.476867 0.482381
threshold=2033.5000000000002 0 0.69592446294074228 0.938622391824802 1 0.98854811158597589 2.5000000000000004 107.21157695978535 839.52054995432422 6361.1228677896806 0.47627350970445664 29574.092071284296 15617.993554179864 0.038806577343872946 115053.27111198664 26962.791929089337 8149.6695448327418 2029.5000000000002 1.0000000180025095e-35 19.272280703621643 13749.0375045001 1.2416095059357677 0.89919980469317551
decision_type=2 1 2 2 1 2 2 2 2 2 2 2 2 2 2 2 2 2 2 2 2 2 2
left_child=1 5 -3 -2 6 -1 -5 8 -8 -10 18 12 -12 14 15 16 17 -7 19 -4 -21 22 -22
right_child=3 2 10 4 -6 13 7 -9 9 -11 11 -13 -14 -15 -16 -17 -18 -19 -20 20 21 -23 -24
leaf_value=-0.06534375868741997 -0.049427049737089043 -0.049386947201434592 -0.015817977548358373 -0.00062723064132934607 -0.02895908158412662 0.019219415931311937 -0.015407323533372069 0.010146565084476753 0.0064954028367523011 -0.0047079645426573394 0.0032120918951419452 0.011408314963099806 -0.0020665263204575897 -0.017190121810442952 -0.0089295834933670621 0.012884473989347254 -0.0069150398125653063 -0.021926927081466159 0.00046014913712822406 0.0084964482269823602 0.0049866152731104481 0.032215565870098085 -0.0004449961159111995
leaf_weight=287 793 223 24 502 583 35 23 29 22 20 33 21 25 100 47 21 67 29 1003 23 80 47 162
leaf_count=287 793 223 24 502 583 35 23 29 22 20 33 21 25 100 47 21 67 29 1003 23 80 47 162
internal_value=-0.00172541 -0.000532107 0.000330102 -0.00307302 -0.00198897 -0.00290269 3.30021e-05 0.00351064 0.00115384 0.00452381 0.000923835 0.00449367 0.00103448 -0.000986623 0.000276381 0.00157895 0.00034351 0.00359375 0.000713218 0.00214286 0.00269231 0.00209342 0.00119835
internal_weight=4199 2227 1641 1972 1179 586 596 94 65 42 1418 79 58 299 199 152 131 64 1339 336 312 289 242
internal_count=4199 2227 1641 1972 1179 586 596 94 65 42 1418 79 58 299 199 152 131 64 1339 336 312 289 242
cat_boundaries=0 1 2
cat_threshold=72 166
is_linear=0
shrinkage=0.05


Tree=102
num_leaves=24
num_cat=4
split_feature=2 0 5 0 5 5 18 9 19 19 10 11 5 4 9 15 0 10 15 15 1 8 14
split_gain=2.79729 1.52335 1.37818 1.90744 1.27027 1.1941 0.547632 1.30991 0.512483 0.447996 0.402718 0.356768 0.446685 0.35667 0.334222 0.746764 0.66463 0.588259 0.722274 0.514903 0.453086 0.530792 0.580791
threshold=2033.5000000000002 0 0.938622391824802 1 0.69592446294074228 0.98854811158597589 1.0000000180025095e-35 16142.883537625179 1.0000000180025095e-35 1.0000000180025095e-35 2.5000000000000004 0.038806577343872946 1.040856504656215 1.0000000180025095e-35 1.0000000180025095e-35 20.926395294179958 2 1.5000000000000002 79.177087869923426 47.987488592806073 3 1.5000000000000002 79556.969834356583
decision_type=2 1 2 1 2 2 2 2 2 2 2 2 2 2 2 2 1 2 2 2 1 2 2
left_child=1 5 -2 6 -3 -1 7 -4 -7 13 -11 12 -10 -8 16 -16 -6 19 -19 -18 21 22 -17
right_child=2 4 3 -5 14 8 9 -9 11 10 -12 -13 -14 -15 15 20 17 18 -20 -21 -22 -23 -24
leaf_value=-0.062076570753048947 -0.046955697250234602 -0.0469175998413629 -0.00086786859956893426 -0.027511127504920293 -0.00097396097927172475 0.011819118958807258 0.00017172416220690977 0.0051728155976540685 0.0028863485177353376 -0.0028171002120766391 0.0043997191514309692 -0.018880514613327501 -0.0055895618064799981 0.0075517295576770921 0.0069379421837997323 0.0090101819638147961 0.016537826849354207 -0.0032625031590840996 0.031684219928536955 0.0050410025322515815 -0.0014479377021972698 -0.017451421336722294 -0.0010393949234801475
leaf_weight=287 793 223 51 583 124 34 36 20 21 435 32 87 157 22 73 251 64 75 22 86 492 33 198
leaf_count=287 793 223 51 583 124 34 36 20 21 435 32 87 157 22 73 251 64 75 22 86 492 33 198
internal_value=-0.0017016 -0.000487204 -0.00307302 -0.00198897 0.000299817 -0.00265101 3.30021e-05 0.00415493 -0.000484951 -0.000523811 -0.00103855 -0.00122642 5.61786e-05 0.00362069 0.000853313 0.000396369 0.00214286 0.00356031 0.000670102 0.00566667 3.07996e-05 0.00112033 0.00157015
internal_weight=4199 2227 1972 1179 1641 586 596 71 299 525 467 265 178 58 1418 1047 371 247 97 150 974 482 449
internal_count=4199 2227 1972 1179 1641 586 596 71 299 525 467 265 178 58 1418 1047 371 247 97 150 974 482 449
cat_boundaries=0 1 2 3 4
cat_threshold=72 166 130 1
is_linear=0
shrinkage=0.05


Tree=103
num_leaves=24
num_cat=5
split_feature=0 2 0 2 1 2 0 8 15 15 9 15 2 15 7 17 15 2 1 15 7 2 9
split_gain=2.44552 2.04575 0.657276 1.03684 0.897141 0.630218 0.499194 0.409836 0.321328 0.347253 0.444457 0.36 0.32089 0.240852 0.239461 0.490044 0.720462 0.212931 0.2119 0.211208 0.210063 0.219608 0.213904
threshold=0 2034.5000000000002 1 2027.5000000000002 2 2030.5000000000002 3 1.5000000000000002 71.422255621652425 151.50986834272854 32924.327704393399 114.93378014844174 2031.5000000000002 137.43042616406726 1.0000000180025095e-35 73.879583333333343 53.223471724376004 2028.5000000000002 4 175.21295616805455 1.0000000180025095e-35 2029.5000000000002 13483.581794243801
decision_type=1 2 1 2 1 2 1 2 2 2 2 2 2 2 2 2 2 2 1 2 2 2 2
left_child=5 2 3 4 -2 14 8 12 18 10 13 -12 20 -10 -1 -16 -17 -18 -3 -4 22 -22 -5
right_child=1 6 19 7 -6 -7 -8 -9 9 -11 11 -13 -14 -15 15 16 17 -19 -20 -21 21 -23 -24
leaf_value=-0.022364416038124536 0.058377178729060765 -0.00092005942070943656 -0.00040693949809660296 0.0019279335393099827 0.042526646107163862 -0.064569743038083369 -0.022879858768548707 0.012729612339008945 -0.00259400086042273 -0.013390242252848877 0.0046385965060368193 0.010037423274212693 -0.0046894311677561466 0.0027378278710382233 -0.019172100863976672 0.020200345131820504 0.00087900841878915691 -0.033492231914868387 -0.01820943275847001 -0.0067619309310252441 0.020582813891616671 -0.019603794897293223 0.070605309060174204
leaf_weight=188 36 102 1516 68 31 694 622 20 169 51 25 20 80 21 93 25 41 22 261 43 30 21 20
leaf_count=188 36 102 1516 68 31 694 622 20 169 51 25 20 80 21 93 25 41 22 261 43 30 21 20
internal_value=-0.00172541 -0.00101081 4.02133e-05 0.00212025 0.00768657 -0.00378844 -0.00256098 0.000648534 -0.00150986 -0.000279721 0.000531914 0.005 2.28299e-05 -0.000526317 -0.00215447 -0.000856355 0.00181818 -0.00103175 -0.00252066 -0.000379224 0.00147482 -0.00107843 0.00295454
internal_weight=4199 3136 1865 306 67 1063 1271 239 649 286 235 45 219 190 369 181 88 63 363 1559 139 51 88
internal_count=4199 3136 1865 306 67 1063 1271 239 649 286 235 45 219 190 369 181 88 63 363 1559 139 51 88
cat_boundaries=0 1 2 3 4 5
cat_threshold=72 4 2 164 4
is_linear=0
shrinkage=0.05


Tree=104
num_leaves=24
num_cat=3
split_feature=5 0 2 2 0 5 5 5 5 14 2 0 5 14 14 2 7 3 5 9 15 9 7
split_gain=2.66451 1.5285 1.5642 1.48026 1.15389 0.706759 0.686585 0.66272 0.611523 0.770962 0.607465 0.707741 0.924272 0.694461 0.709663 0.627283 0.546517 0.43429 0.417645 0.541107 0.409633 0.450013 0.393765
threshold=0.98661854419696859 0 2031.5000000000002 2034.5000000000002 1 0.88037162294841587 0.54654052051512081 1.2026241249255898 0.80526734759815788 95974.252668371584 2033.5000000000002 2 0.71283530371631154 69590.486145191448 20517.70875164316 2029.5000000000002 1.0000000180025095e-35 1.0000000180025095e-35 0.63561259619552946 455.53286219347382 45.445502452887652 7925.8422996965101 1.0000000180025095e-35
decision_type=2 1 2 2 1 2 2 2 2 2 2 1 2 2 2 2 2 2 2 2 2 2 2
left_child=1 2 6 -2 7 -4 -1 -5 18 17 11 12 -3 14 -14 22 -9 -10 -8 -20 -18 -22 -16
right_child=3 10 5 4 -6 -7 8 16 9 -11 -12 -13 13 -15 15 -17 20 -19 19 -21 21 -23 -24
leaf_value=-0.1750054994830712 0.00086661089369859166 -0.046628787473931753 -0.03385082525390623 -0.0041301739457038286 -0.024256831940042418 0.00022111095510323893 0.0039711376300129225 -0.001582913416706188 -0.0040031564763069408 0.0094903476439072432 -0.050505189152178255 -0.041008007519962877 -0.0043390042177784173 -0.0068891904690155902 0.012991167878302845 0.00033700534330571836 -0.0013911913786396456 0.0039152276241817899 0.0028266073524653209 0.026912586854784783 0.012187986403131163 0.0042525611894524695 0.032356714347917925
leaf_weight=25 1320 123 189 244 451 101 23 101 51 31 684 398 47 126 28 60 24 21 23 32 35 33 29
leaf_count=25 1320 123 189 244 451 101 23 101 51 31 684 398 47 126 28 60 24 21 23 32 35 33 29
internal_value=-0.00168969 -0.00301607 -0.000553361 -0.000493661 -0.00207207 -0.00293104 0.00276699 -0.000190158 0.00383978 0.00131068 -0.00380399 -0.00290382 -0.0013357 0.000172413 0.00231707 0.00440171 0.00199482 -0.00152778 0.00717949 0.00954545 0.00478261 0.0067647 0.00815789
internal_weight=4199 1991 496 2208 888 290 206 437 181 103 1495 811 413 290 164 117 193 72 78 55 92 68 57
internal_count=4199 1991 496 2208 888 290 206 437 181 103 1495 811 413 290 164 117 193 72 78 55 92 68 57
cat_boundaries=0 1 2 3
cat_threshold=132 166 49
is_linear=0
shrinkage=0.05


Tree=105
num_leaves=24
num_cat=0
split_feature=5 2 2 5 5 15 15 15 9 14 36 5 14 5 15 14 14 14 15 5 5 5 6
split_gain=2.45651 1.37654 1.14002 0.730455 0.467017 0.351542 0.325939 0.993611 0.323783 0.776132 0.397982 0.304737 1.36504 0.649099 0.425031 0.773244 0.344369 0.749963 0.418289 0.322283 0.428539 0.42852 0.684225
threshold=0.98661854419696859 2034.5000000000002 2033.5000000000002 0.69592446294074228 1.1453412370221989 14.506603944714575 51.577959385286142 45.901977681964993 7262.3728707664641 42329.589652221854 0.65648869733894222 1.0294041024118206 24206.200751287004 1.0205400194928897 88.555641519900107 116883.74879768702 25495.070357952452 28076.068466946304 23.522357577268313 1.6204724967474646 1.4308953954205845 1.2252164419808278 1.0000000180025095e-35
decision_type=2 2 2 2 2 2 2 2 2 2 2 2 2 2 2 2 2 2 2 2 2 2 2
left_child=2 5 3 -1 -3 -2 7 8 10 -10 -5 12 -7 14 -14 -16 -13 -18 -19 20 21 -20 -23
right_child=1 4 -4 6 -6 11 -8 -9 9 -11 -12 16 13 -15 15 -17 17 18 19 -21 -22 22 -24
leaf_value=-0.049519909442566401 -0.0098478935922176811 -0.015539570647080121 -0.038249908844228575 -0.0053331606875652799 -0.0047858364543924316 0.0055062077675642924 -0.006205694398099669 0.018763207530645861 -0.020920799240968516 0.01417658325904759 0.0042349549537525786 -0.0027678715696364351 -0.013075117580317933 0.019380952404969384 0.023716660339233645 -0.010710474485099951 0.035247945515434649 0.010113435204774228 -0.0004318607374846177 0.068004049013890983 -0.014173905215374892 0.0037956031877539932 0.021988553221438983
leaf_weight=306 58 387 930 176 501 20 454 28 41 36 20 219 51 22 20 26 24 25 450 28 82 242 53
leaf_count=306 58 387 930 176 501 20 454 28 41 36 20 219 51 22 20 26 24 25 450 28 82 242 53
internal_value=-0.00164206 -0.000493661 -0.00291562 -0.00179548 -0.00201577 0.000530302 -0.000960266 0.000315613 -0.000604397 0.00214286 -0.00168367 0.000705229 0.00291367 0.000882352 -0.00087629 0.00260869 0.000431878 0.000862831 0.000624999 0.000438595 0.000259975 0.000637583 0.00211864
internal_weight=4199 2208 1991 1061 888 1320 755 301 273 77 196 1262 139 119 97 46 1123 904 880 855 827 745 295
internal_count=4199 2208 1991 1061 888 1320 755 301 273 77 196 1262 139 119 97 46 1123 904 880 855 827 745 295
is_linear=0
shrinkage=0.05


Tree=106
num_leaves=24
num_cat=2
split_feature=0 5 2 5 15 0 2 18 5 5 5 19 5 19 15 15 15 5 14 15 14 5 14
split_gain=2.76863 1.93336 1.66266 1.13416 0.891714 0.691226 1.23115 0.632419 0.625977 0.546342 0.763206 0.64593 0.525547 0.639205 0.880059 0.693282 0.785168 0.803929 0.640244 0.57422 1.15227 0.516071 0.480126
threshold=0 0.98661854419696859 2033.5000000000002 0.60620533040346569 95.469103393965256 1 2027.5000000000002 1.0000000180025095e-35 1.3207557252961468 1.1223427162988093 1.2286516858134353 1.0000000180025095e-35 1.3771122059273162 1.0000000180025095e-35 37.689157896217381 37.956939061017628 45.901977681964993 1.1912409331906684 74569.930966300628 71.878914258797877 42045.363670888539 1.264078397058507 121568.2744900103
decision_type=1 2 2 2 2 1 2 2 2 2 2 2 2 2 2 2 2 2 2 2 2 2 2
left_child=3 -2 12 -1 5 6 -5 22 -4 11 -11 -8 13 14 -3 -15 -17 -18 -16 20 -19 -21 -6
right_child=1 2 8 4 7 -7 9 -9 -10 10 -12 -13 -14 15 18 16 17 19 -20 21 -22 -23 -24
leaf_value=-0.085834713150312075 -0.038451995994546684 0.032818407378384207 -0.022469245816188529 0.08394221025909801 0.010195668262680133 -0.0021232591366499493 0.019205433636539482 0.001871344800756211 -0.0017242116410542076 0.01518138772420259 -0.0028577293880527 -0.0033051884887066092 -0.018661009950047085 -0.0054882278584500862 -0.033784232417422434 0.01335999396160626 -0.00049695572315245511 -0.0072939963652419136 0.014887389626589614 -0.0077939314453303217 0.023287181961364544 0.014826444997565242 0.0035442611720220164
leaf_weight=138 1240 25 498 41 26 665 21 421 149 46 57 156 125 166 21 27 202 24 20 48 20 42 21
leaf_count=138 1240 25 498 41 26 665 21 421 149 46 57 156 125 166 21 27 202 24 20 48 20 42 21
internal_value=-0.00159443 -0.00259266 -0.00130578 5.61786e-05 0.000467674 -0.000385397 0.00149547 0.00226496 -0.00314529 0.000357142 0.00325243 -0.00132768 0.000347221 0.000966385 0.00560606 0.000387522 0.00161157 0.00095238 0.00109756 0.00395522 0.00863636 0.00166667 0.00776596
internal_weight=4199 2607 1367 1592 1454 986 321 468 647 280 103 177 720 595 66 529 363 336 41 134 44 90 47
internal_count=4199 2607 1367 1592 1454 986 321 468 647 280 103 177 720 595 66 529 363 336 41 134 44 90 47
cat_boundaries=0 1 2
cat_threshold=164 4
is_linear=0
shrinkage=0.05


Tree=107
num_leaves=24
num_cat=3
split_feature=0 5 2 5 0 2 5 5 14 2 2 5 9 0 2 15 14 15 15 5 5 2 9
split_gain=2.56753 2.2889 1.69322 1.12393 0.747437 0.67369 1.31988 0.573008 0.56232 0.711111 0.6 0.473514 0.463088 0.44863 0.429153 0.426316 0.456316 0.42328 0.516929 0.42 0.4 0.359537 0.35197
threshold=0 0.69592446294074228 2034.5000000000002 1.1153207202073521 1 2029.5000000000002 0.98854811158597589 0.8453298642714665 49735.567852098255 2036.5000000000002 2038.5000000000002 1.3466728658495071 6361.1228677896806 2 2026.5000000000002 102.18136541171667 94359.528291849405 67.513336029194775 30.123502613179962 1.2994426869863489 1.2026241249255898 2029.5000000000002 1.0000000180025095e-35
decision_type=1 2 2 2 1 2 2 2 2 2 2 2 2 1 2 2 2 2 2 2 2 2 2
left_child=5 21 22 4 7 6 -1 -4 -9 -10 -11 14 13 17 -8 -14 -17 18 -5 20 -18 -2 -3
right_child=1 2 3 12 -6 -7 11 8 9 10 -12 -13 15 -15 -16 16 19 -19 -20 -21 -22 -23 -24
leaf_value=-0.048876841599022697 -0.033835996822161096 0.0033084129819922065 -0.032894673018200302 0.0026481535749466175 -0.026333586850128227 -0.060323313219727642 -0.0051266410044072779 -0.0095901345023653127 -0.005499221023169785 0.016196892474011262 0.0087805506545545926 -0.030656475293395099 -0.0088981617122319261 -0.0044237715911276823 0.0088412106588631276 0.02291869714751479 -0.0037413646565479541 5.2435446715690767e-05 0.022888004599595693 -0.015529547486178416 0.01004372056633813 -0.054323189433284014 0.00046202694596466981
leaf_weight=156 104 424 57 37 448 754 24 77 36 30 30 35 95 113 94 20 20 45 26 35 20 335 1184
leaf_count=156 104 424 57 37 448 754 24 77 36 30 30 35 95 113 94 20 20 45 26 35 20 335 1184
internal_value=-0.00158252 -0.000851877 -0.000309604 -0.00183196 -0.0030826 -0.00369525 -0.00176376 -0.000625001 0.000780346 0.00333333 0.00666667 0.00153595 0.000231142 0.00178733 0.00305085 -0.00157895 0.000789472 0.0038983 0.00690476 -0.001 0.0025 -0.00420273 0.000721392
internal_weight=4199 3136 2697 1089 678 1063 309 230 173 96 60 153 411 221 118 190 95 108 63 75 40 439 1608
internal_count=4199 3136 2697 1089 678 1063 309 230 173 96 60 153 411 221 118 190 95 108 63 75 40 439 1608
cat_boundaries=0 1 2 3
cat_threshold=72 36 38
is_linear=0
shrinkage=0.05


Tree=108
num_leaves=24
num_cat=4
split_feature=0 2 5 5 5 2 5 0 5 15 17 14 14 18 9 0 14 5 15 16 14 2 0
split_gain=2.3731 1.90746 1.4955 1.34978 0.732998 1.46615 0.585502 0.579175 0.699855 0.528084 0.598807 0.483387 1.15577 0.306378 0.658583 0.431359 0.486957 0.402381 0.363453 0.543422 1.21212 0.29632 0.296222
threshold=0 2034.5000000000002 0.63561259619552946 0.938622391824802 1.0205400194928897 2029.5000000000002 1.3466728658495071 1 1.304185265331794 109.53236647371311 73.879583333333343 23776.626830658763 50842.525539355331 1.0000000180025095e-35 2264.3830592864501 2 82905.803049356924 1.187739437534997 82.822949980327493 1.4758333333333338 133343.17181013062 2037.5000000000002 3
decision_type=1 2 2 2 2 2 2 1 2 2 2 2 2 2 2 1 2 2 2 2 2 2 1
left_child=4 2 -2 -3 -1 6 11 13 -9 10 -10 -6 -13 14 -5 16 17 21 -17 -20 -21 -15 -4
right_child=1 3 22 7 5 -7 -8 8 9 -11 -12 12 -14 15 -16 18 -18 -19 19 20 -22 -23 -24
leaf_value=-0.062903428876166317 -0.056567005858280929 -0.038726214327252963 0.017682891358868101 -0.0083791721713117936 -0.019861056149970885 -0.042977791723286078 -0.029123651528725376 -0.014959517787700691 0.011333319214901614 -0.020280560543747359 -0.001225773407729407 0.035737978692305529 0.0012089182196662171 0.0095858902705960765 0.0087115601029568879 -0.0066618338403888607 -0.0029392988790263308 0.0046733862413062309 -0.011199508679041703 0.013342042085763726 -0.0048720550360793037 0.0079967762849053759 0.00037482849063444671
leaf_weight=548 181 519 272 27 22 373 35 274 28 23 34 22 63 22 23 135 45 28 38 22 33 20 1412
leaf_count=548 181 519 272 27 22 373 35 274 28 23 34 22 63 22 23 135 45 28 38 22 33 20 1412
internal_value=-0.00157061 -0.00086777 0.000147452 -0.00236428 -0.00360205 -0.00228155 0.00204225 -0.00101064 -0.00242548 0.00147059 0.00387097 0.0038785 0.00558823 0.000334986 0.004 -0.000189506 0.0022 0.005 -0.00142857 0.000913977 0.00409091 0.00809524 0.000611638
internal_weight=4199 3136 1865 1271 1063 515 142 752 359 85 62 107 85 393 50 343 115 70 228 93 55 42 1684
internal_count=4199 3136 1865 1271 1063 515 142 752 359 85 62 107 85 393 50 343 115 70 228 93 55 42 1684
cat_boundaries=0 1 2 3 4
cat_threshold=72 164 4 4
is_linear=0
shrinkage=0.05


Tree=109
num_leaves=24
num_cat=5
split_feature=0 5 2 0 5 0 2 5 2 5 2 1 5 9 5 4 36 11 9 5 18 1 15
split_gain=2.59365 1.78698 1.36421 0.924265 1.29784 0.700886 1.99258 0.579891 1.11295 0.528238 1.04 0.391627 0.355477 0.341316 0.56833 0.6311 0.473308 0.519443 0.530915 0.36116 0.451785 0.354556 0.610147
threshold=0 0.73058996066088322 2034.5000000000002 1 1.1943901211755916 2 2029.5000000000002 0.98854811158597589 2028.5000000000002 0.7681049980012834 2028.5000000000002 3 1.3618862516084771 1.0000000180025095e-35 1.2393793021592654 1.0000000180025095e-35 0.98667574802234348 0.10621153667363335 1375.1707708702409 1.1742771550500766 1.0000000180025095e-35 4 36.108001881607926
decision_type=1 2 2 1 2 1 2 2 2 2 2 1 2 2 2 2 2 2 2 2 2 1 2
left_child=7 5 9 11 -5 6 -2 -1 12 10 -3 -4 -9 14 19 -16 17 18 -15 20 -11 22 -20
right_child=1 2 3 4 -6 -7 -8 8 -10 13 -12 -13 -14 16 15 -17 -18 -19 21 -21 -22 -23 -24
leaf_value=-0.062641332646769368 0.023467096994872594 0.011850211750340792 0.003684512059329792 -0.020125453094661738 0.0027304798052604417 -0.047292589550476244 -0.026544246972180132 0.006293013494381168 -0.031582286444061074 0.013416765933071395 -0.0017156581120598051 -0.00023158282704678146 -0.03099362140668209 0.019816989674677456 0.007587338702885766 0.068024741341710424 0.0053853691356477787 -0.011282756981154222 0.015647954243710835 -0.0111743629198344 0.00036758944400728925 -0.0012269645314997378 -0.00021087330145423233
leaf_weight=507 26 25 54 496 196 418 77 93 434 23 40 312 29 24 59 23 32 120 95 40 245 423 408
leaf_count=507 26 25 54 496 196 418 77 93 434 23 40 312 29 24 59 23 32 120 95 40 245 423 408
internal_value=-0.00161824 -0.000883663 -0.00035373 -0.00173913 -0.00279202 -0.00356046 0.000309733 -0.00374185 -0.00266187 0.000587667 0.005 0.000319148 0.00155738 0.000395441 0.00166667 0.00536585 -5.44477e-05 -0.000233646 0.000157894 0.000681817 0.00134328 -3.23986e-05 0.00086481
internal_weight=4199 3136 2615 1058 692 521 103 1063 556 1557 65 366 122 1492 390 82 1102 1070 950 308 268 926 503
internal_count=4199 3136 2615 1058 692 521 103 1063 556 1557 65 366 122 1492 390 82 1102 1070 950 308 268 926 503
cat_boundaries=0 1 2 3 4 5
cat_threshold=72 36 4 4 1
is_linear=0
shrinkage=0.05


Tree=110
num_leaves=24
num_cat=4
split_feature=2 0 5 0 5 5 5 2 5 2 15 15 7 9 9 0 17 2 10 1 9 5 5
split_gain=2.27562 1.56496 1.29122 1.18981 1.23416 1.02997 0.917719 0.492908 0.481177 0.446652 0.398705 0.670783 1.21236 0.465848 0.375652 0.349015 0.833732 0.944195 1.31693 0.980318 0.875152 0.779442 0.505104
threshold=2033.5000000000002 0 0.88037162294841587 1 0.97590027831923531 0.57324090082199908 1.304185265331794 2029.5000000000002 1.3572596427166561 2026.5000000000002 120.08879158805752 151.50986834272854 1.5000000000000002 291.85099732180862 58109.353663799913 2 74.884166666666673 2027.5000000000002 1.5000000000000002 3 9145.1519655005104 0.96190403407743663 1.5531047480642555
decision_type=2 1 2 1 2 2 2 2 2 2 2 2 2 2 2 1 2 2 2 1 2 2 2
left_child=3 2 -2 4 -1 -5 -3 8 9 -6 13 12 -12 -4 -13 16 17 18 20 21 -7 -19 -17
right_child=1 6 10 5 7 15 -8 -9 -10 -11 11 14 -14 -15 -16 22 -18 19 -20 -21 -22 -23 -24
leaf_value=-0.04608863282220315 -0.02803950325638432 -0.032279058301725297 -0.009550941753496715 -0.10988316040993096 -0.0049293553466453061 -0.011573998186603988 -0.0035203133348936169 -0.012693657705162023 -0.028423402023179747 0.0071601593624395559 0.0011774473151899719 -0.017703886638008617 0.0076818958005018968 0.00076033922115210841 0.0015348755020101537 -0.00030313083142230999 -0.0015978464121028991 0.022372965826604259 0.025910560845945892 -0.00078565512182700564 0.091578227356181457 0.0060995419261788298 0.1155031129259297
leaf_weight=282 247 1039 107 107 24 30 168 148 34 98 33 27 21 307 23 998 212 23 21 166 25 28 31
leaf_count=282 247 1039 107 107 24 30 168 148 34 98 33 27 21 307 23 998 212 23 21 166 25 28 31
internal_value=-0.00158252 -0.00281947 -0.001 -0.000487204 -0.00239933 0.000208963 -0.0039318 -0.000230264 0.00173077 0.00319672 0.000405404 0.00317308 0.00703704 -0.000289856 -0.001 0.000541068 0.00160194 0.00336177 0.00815789 0.00168203 0.00409091 0.0077451 4.81114e-06
internal_weight=4199 1972 765 2227 586 1641 1207 304 156 122 518 104 54 414 50 1534 505 293 76 217 55 51 1029
internal_count=4199 1972 765 2227 586 1641 1207 304 156 122 518 104 54 414 50 1534 505 293 76 217 55 51 1029
cat_boundaries=0 1 2 3 4
cat_threshold=164 72 5 1
is_linear=0
shrinkage=0.05


Tree=111
num_leaves=24
num_cat=3
split_feature=0 5 2 5 0 2 5 3 5 5 2 1 10 18 5 5 11 7 14 2 5 5 16
split_gain=2.18021 1.82884 1.30593 0.949507 0.875461 0.720908 1.22944 0.510476 0.440068 0.736889 0.381494 0.442064 0.443843 0.378107 0.4 0.360751 0.414966 0.614138 0.305351 0.298584 0.2849 0.282692 0.385381
threshold=0 0.69592446294074228 2034.5000000000002 1.1813853759944195 1 2029.5000000000002 0.95417278502810365 1.0000000180025095e-35 1.3572596427166561 1.1912409331906684 2039.5000000000002 2 1.5000000000000002 1.0000000180025095e-35 1.2716120369759094 1.2416095059357677 0.045369453184677659 1.0000000180025095e-35 78024.023601291337 2029.5000000000002 0.96426533895968825 0.54654052051512081 1.756416666666667
decision_type=1 2 2 2 1 2 2 2 2 2 2 1 2 2 2 2 2 2 2 2 2 2 2
left_child=5 19 -3 4 10 6 -1 8 9 18 11 20 -13 14 -5 -15 -17 -18 -8 21 -4 -2 -23
right_child=1 2 3 13 -6 -7 7 -9 -10 -11 -12 12 -14 15 -16 16 17 -19 -20 -21 -22 22 -24
leaf_value=-0.048938693163019978 -0.14659312390613335 0.00044722817995208203 0.0081981712745115912 0.01405834389376559 -0.017470716270026432 -0.051092673023342194 0.0089168065944057757 -0.0068702149082843032 -0.029899588889245224 0.033081693232423402 -0.011103867524722928 0.011677675803887099 -0.0049408059522554927 -0.0057523502621202672 -0.0036141876598155876 -0.000902762538119648 -0.011539758647552235 0.0038057804390387948 -0.004357742981210065 -0.048452416159607631 -0.0037547363593938747 -0.016118634353338514 0.02663254287374274
leaf_weight=143 39 1608 27 20 635 754 32 49 24 36 22 37 22 65 20 150 34 32 25 335 25 41 24
leaf_count=143 39 1608 27 20 635 754 32 49 24 36 22 37 22 65 20 150 34 32 25 335 25 41 24
internal_value=-0.00165397 -0.000979022 -0.000494996 -0.00183196 -0.00278646 -0.00360205 -0.00160194 0.0013253 0.00311966 0.00467742 0.000944055 0.00220721 0.00516949 0.000451712 0.005 -0.000195731 0.000787036 0.00409091 0.00114035 -0.00397494 -0.00115385 -0.00163462 0.000384614
internal_weight=4199 3136 2697 1089 768 1063 309 166 117 93 133 111 59 321 40 281 216 66 57 439 52 104 65
internal_count=4199 3136 2697 1089 768 1063 309 166 117 93 133 111 59 321 40 281 216 66 57 439 52 104 65
cat_boundaries=0 1 2 3
cat_threshold=72 4 1
is_linear=0
shrinkage=0.05


Tree=112
num_leaves=24
num_cat=3
split_feature=0 2 0 2 0 2 9 9 15 19 9 11 15 9 15 15 15 9 15 3 2 36 9
split_gain=2.74256 1.17962 0.866149 0.517648 0.384173 0.914845 0.585771 0.595238 0.365792 0.415674 0.582453 0.314153 0.402614 0.277649 0.31943 0.672003 0.290094 0.375799 0.267976 0.247661 0.270089 0.246357 0.782708
threshold=0 2033.5000000000002 1 2033.5000000000002 2 2027.5000000000002 494.282496821179 13884.561772756344 71.422255621652425 1.0000000180025095e-35 1892.6379365957689 0.038806577343872946 24.371585625584189 20329.79595575637 129.15408329566625 112.56469782915184 80.806032560209616 4351.7097475303253 169.09330351355609 1.0000000180025095e-35 2032.5000000000002 0.98667574802234348 259.65779825042154
decision_type=1 2 1 2 1 2 2 2 2 2 2 2 2 2 2 2 2 2 2 2 2 2 2
left_child=3 4 8 11 5 6 -2 -8 9 10 -3 12 -1 16 15 -15 -10 -18 21 20 -14 -6 -23
right_child=1 2 -4 -5 18 -7 7 -9 13 -11 -12 -13 19 14 -16 -17 17 -19 -20 -21 -22 22 -24
leaf_value=0.010498196259938287 0.077576173347585431 -0.026983958018537608 -0.015153550172284525 -0.099905329295889009 -0.00047673129246141651 0.0016123039074363299 -0.016801718495588393 0.061519376451925151 0.0038244344274590593 -0.0075166765296685173 0.011594999898496022 -0.02129942540329615 -0.0088885218679361604 0.00032709852986886651 -0.00075981725742808653 0.0081699142790923624 0.00010972909060694321 -0.014076054132202285 -0.0074121516503848073 -0.013932053274117284 0.012088671253062282 -0.00088413831784965179 0.0079793096538107108
leaf_weight=20 25 25 730 477 1270 202 21 21 27 373 28 215 224 46 70 20 109 67 47 95 32 32 23
leaf_count=20 25 25 730 477 1270 202 21 21 27 373 28 215 224 46 70 20 109 67 47 95 32 32 23
internal_value=-0.00155871 -0.000804197 -0.00182274 -0.00374185 0.000118829 0.00181003 0.0069403 0.00333333 -0.000612904 -0.00159625 0.00254717 -0.00278157 -0.00190027 0.000604719 0.00235294 0.00484848 -0.000566504 -0.00130682 -0.000224314 -0.00229345 -0.00148438 -9.43408e-05 0.00318182
internal_weight=4199 3136 1495 1063 1641 269 67 42 765 426 53 586 371 339 136 66 203 176 1372 351 256 1325 55
internal_count=4199 3136 1495 1063 1641 269 67 42 765 426 53 586 371 339 136 66 203 176 1372 351 256 1325 55
cat_boundaries=0 1 2 3
cat_threshold=72 164 4
is_linear=0
shrinkage=0.05


Tree=113
num_leaves=24
num_cat=3
split_feature=0 5 2 5 0 5 9 2 5 1 9 9 11 10 16 7 9 9 11 5 9 9 14
split_gain=2.62631 1.78702 0.904608 1.33174 0.93624 0.593352 0.696113 0.567371 1.00641 0.458145 0.5053 0.355976 0.53062 0.734442 0.428434 0.647452 0.395782 0.452206 0.35669 0.327155 0.371454 0.707143 0.302875
threshold=0 0.69157279007383188 2033.5000000000002 1.0871140789853733 1 0.88037162294841587 291.85099732180862 2029.5000000000002 0.95417278502810365 2 50594.631694603151 1576.3889885512183 0.13432464162189015 1.5000000000000002 1.756416666666667 1.5000000000000002 3046.0774112961449 4518.8052811206917 1.0446124703217941 1.3466728658495071 5400.860159000481 1576.3889885512183 7070.3627258293573
decision_type=1 2 2 2 1 2 2 2 2 1 2 2 2 2 2 2 2 2 2 2 2 2 2
left_child=7 -2 22 4 5 -4 -7 8 -1 -8 -11 12 -5 14 15 -14 -13 -18 -15 20 21 -10 -3
right_child=1 2 3 11 -6 6 9 -9 19 10 -12 16 13 18 -16 -17 17 -19 -20 -21 -22 -23 -24
leaf_value=-0.04555089837094068 -0.041263386749530055 -0.0039524807970374512 -0.020107236512972533 0.0096202094980354577 -0.026458844858229053 -0.012709449885875268 0.0094480988717443159 -0.048327573249543024 -0.00027549788707944715 -0.00019021203154047784 0.011795496921038677 -0.0095828855087469241 0.0038066099643679556 -0.014515361091868637 -0.015887822586629772 0.0091058170292589516 0.011978067644240052 -0.00046583794561201548 0.004529719803155456 -0.022497220344594678 -0.00019660234125908191 0.020210819535255994 0.0016150226921795017
leaf_weight=143 427 67 135 20 363 70 26 754 35 121 23 41 39 45 25 25 26 290 38 35 76 20 1355
leaf_count=143 427 67 135 20 363 70 26 754 35 121 23 41 39 45 25 25 26 290 38 35 76 20 1355
internal_value=-0.00155871 -0.00082009 -0.000348838 -0.00130925 -0.00269648 -0.000844157 0.000624999 -0.00369525 -0.00192557 0.00235294 0.00125 0.000555554 0.00229167 0.00139535 0.00455056 0.00671875 -0.000378152 0.000221518 -0.00198795 0.00072289 0.00187023 0.005 0.000520393
internal_weight=4199 3136 2709 1287 738 375 240 1063 309 170 144 549 192 172 89 64 357 316 83 166 131 55 1422
internal_count=4199 3136 2709 1287 738 375 240 1063 309 170 144 549 192 172 89 64 357 316 83 166 131 55 1422
cat_boundaries=0 1 2 3
cat_threshold=72 164 4
is_linear=0
shrinkage=0.05


Tree=114
num_leaves=24
num_cat=3
split_feature=0 5 2 5 2 5 0 5 5 1 5 15 15 15 15 5 9 2 19 9 9 5 2
split_gain=2.45505 1.71051 1.05642 1.34989 0.600349 1.10373 0.531522 0.6785 0.334993 0.476626 0.689925 0.573016 0.485372 0.669389 0.519603 0.335007 0.32277 0.825 0.284847 0.340566 0.430384 0.255408 0.585938
threshold=0 0.63561259619552946 2034.5000000000002 0.92692011529563423 2033.5000000000002 0.98854811158597589 1 1.0658108544522935 1.3153449239505515 2 1.1813853759944195 28.947338587900965 61.321887715127346 93.060280248681877 137.43042616406726 1.4854173152328105 3589.1251062431361 2038.5000000000002 1.0000000180025095e-35 26962.791929089337 52322.234916612608 0.7681049980012834 2028.5000000000002
decision_type=1 2 2 2 2 2 1 2 2 1 2 2 2 2 2 2 2 2 2 2 2 2 2
left_child=4 -2 21 -4 5 -1 8 -8 9 11 12 -5 -11 -14 -15 -10 -12 -18 -7 -20 -21 22 -3
right_child=1 2 3 6 -6 18 7 -9 15 10 16 -13 13 14 -16 -17 17 -19 19 20 -22 -23 -24
leaf_value=-0.03554958395639176 -0.069595740120273322 0.0087716973491791372 -0.02818084626418528 0.0012722714649167075 -0.092493684168617391 0.011712149667019731 -0.018557314574016881 -0.00062094920214980306 -0.010815834210797962 -0.015379804344294413 -0.0029091919013301791 0.012627718536824428 0.0089122063758167308 -0.0029393101146967466 0.0029882805800272609 0.0027596779010310799 0.01599149976914933 0.0018928387297659638 -0.0037758917497219217 0.016414236717688858 -0.0047233711077574979 3.9494402178731194e-05 -0.00049047873426651372
leaf_weight=287 315 64 363 36 477 34 118 250 58 83 27 20 39 44 29 26 24 20 212 24 29 1492 128
leaf_count=287 315 64 363 36 477 34 118 250 58 83 27 20 39 44 29 26 24 20 212 24 29 1492 128
internal_value=-0.00158252 -0.00086777 -0.000480327 -0.00165787 -0.00364865 -0.00261092 -0.000478037 -0.0018254 0.00076923 0.00152174 0.000639097 0.00571428 -0.000897437 0.00125 -0.00157534 -0.00202381 0.00485915 0.0075 -0.000484951 -0.00103774 0.00254717 0.000314726 0.00203125
internal_weight=4199 3136 2821 1137 1063 586 774 368 406 322 266 56 195 112 73 84 71 44 299 265 53 1684 192
internal_count=4199 3136 2821 1137 1063 586 774 368 406 322 266 56 195 112 73 84 71 44 299 265 53 1684 192
cat_boundaries=0 1 2 3
cat_threshold=72 164 4
is_linear=0
shrinkage=0.05


Tree=115
num_leaves=24
num_cat=2
split_feature=0 5 2 5 2 5 0 5 18 11 5 14 14 5 5 2 5 2 14 15 5 15 5
split_gain=2.37616 1.45673 0.861447 1.34365 0.689176 1.0573 0.527399 0.559257 0.381303 0.930757 0.477476 0.378426 0.393193 0.64676 0.52158 0.477212 0.322604 0.282317 0.280519 0.279363 0.671976 0.54588 0.544123
threshold=0 0.63561259619552946 2034.5000000000002 0.92692011529563423 2033.5000000000002 0.97590027831923531 1 1.0658108544522935 1.0000000180025095e-35 0.014184660822770071 0.94803883727286387 25894.196276986095 115053.27111198664 1.3514613398798503 1.2601101320002142 2028.5000000000002 1.4730567937906967 2028.5000000000002 64249.445123386446 96.048562507698918 1.3207557252961468 126.42692486186748 0.71654816570429147
decision_type=1 2 2 2 2 2 1 2 2 2 2 2 2 2 2 2 2 2 2 2 2 2 2
left_child=4 -2 19 -4 5 -1 8 -8 9 -5 -10 -7 13 14 15 18 -12 -14 -13 -3 22 -22 -21
right_child=1 2 3 6 -6 11 7 -9 10 -11 16 12 17 -15 -16 -17 -18 -19 -20 20 21 -23 -24
leaf_value=-0.036229455539608817 -0.066115953114259662 -0.00021492698345860811 -0.026771803950975993 0.0089054132411950301 -0.087868999960186545 -0.014845239019244092 -0.017629448845316031 -0.0005899017420423336 0.0061523552562700269 -0.0075908121348045483 -0.00055319739176069914 0.035895000690442394 0.00079929415040162733 -0.023824697887289234 0.029675315464085902 -0.0040984761247817312 0.0033364979939831847 -0.014738735955791952 0.0012513575468912773 0.0087560747836478194 0.03482878242632189 0.013997029255299099 -0.00036398297981324464
leaf_weight=282 315 1152 363 23 477 56 118 250 25 27 307 20 33 40 32 55 24 46 22 29 37 45 421
leaf_count=282 315 1152 363 23 477 56 118 250 25 27 307 20 33 40 32 55 24 46 22 29 37 45 421
internal_value=-0.00152298 -0.00082009 -0.000462603 -0.00152595 -0.00355545 -0.00244027 -0.000348838 -0.00169312 0.000889422 0.005 0.000337077 -0.000394738 0.000443547 0.00180473 0.00352713 0.00170103 -0.000166164 -0.00246836 0.00571428 0.000255343 0.00120301 0.00536585 0.000444443
internal_weight=4199 3136 2821 1137 1063 586 774 368 406 50 356 304 248 169 129 97 331 79 42 1684 532 82 450
internal_count=4199 3136 2821 1137 1063 586 774 368 406 50 356 304 248 169 129 97 331 79 42 1684 532 82 450
cat_boundaries=0 1 2
cat_threshold=72 164
is_linear=0
shrinkage=0.05


Tree=116
num_leaves=24
num_cat=4
split_feature=0 5 2 5 0 19 2 5 9 11 5 5 15 14 5 2 2 14 14 16 0 2 1
split_gain=2.40129 1.48469 0.770877 1.07548 1.00064 1.00849 0.643996 1.01691 0.552273 0.546345 0.432556 0.52922 0.461671 0.515751 0.466667 0.407597 0.452415 0.44709 0.9496 0.710084 0.387997 0.791148 0.380952
threshold=0 0.69157279007383188 2033.5000000000002 1.0658108544522935 1 1.0000000180025095e-35 2033.5000000000002 0.98854811158597589 6112.4550825136303 0.038806577343872946 0.88037162294841587 1.0179578550006412 58.568473776007473 23020.48650124203 0.94147667905431387 2032.5000000000002 2030.5000000000002 60263.260917315893 34504.457759630095 1.756416666666667 2 2030.5000000000002 3
decision_type=1 2 2 2 1 2 2 2 2 2 2 2 2 2 2 2 2 2 2 2 1 2 1
left_child=6 20 -3 4 5 8 7 -1 -4 15 -7 12 13 -12 -14 16 17 18 -9 -19 21 22 -2
right_child=1 2 3 -5 -6 10 -8 9 -10 -11 11 -13 14 -15 -16 -17 -18 19 -20 -21 -22 -23 -24
leaf_value=-0.03264205925551715 -0.0020492925989382418 0.0008064714797629838 -0.00062796937338299654 0.0001304493902243343 -0.027340140079811667 -0.019705575916689141 -0.083475549962177195 -0.0035680069470912824 0.011589115818838642 -0.0050007488041393412 0.0086502651168797948 -0.0096982720380487074 0.0081870431528739667 -0.010159375606278215 0.0019735592055925236 0.013235012055471215 -0.026867267789628137 -0.0068310759777453454 0.040956049365839062 0.0087911070923553918 -0.044625759953856509 -0.029689119262483167 0.030390912122468274
leaf_weight=287 21 1422 24 602 335 116 477 32 20 100 21 45 24 44 56 25 48 51 22 21 279 106 21
leaf_count=287 21 1422 24 602 335 116 477 32 20 100 21 45 24 44 56 25 48 51 22 21 279 106 21
internal_value=-0.00155871 -0.000851877 -0.000422666 -0.00130925 -0.00266423 -0.000694446 -0.00360205 -0.0025256 0.00636364 -0.000484951 -0.00173203 -0.000263159 0.0012069 -0.00192308 0.00375 0.00103015 0.000172413 0.00174603 0.00518518 -0.000833335 -0.00359485 -0.00120253 0.00452381
internal_weight=4199 3136 2709 1287 685 350 1063 586 44 299 306 190 145 65 80 199 174 126 54 72 427 148 42
internal_count=4199 3136 2709 1287 685 350 1063 586 44 299 306 190 145 65 80 199 174 126 54 72 427 148 42
cat_boundaries=0 1 2 3 4
cat_threshold=72 164 20 1
is_linear=0
shrinkage=0.05


Tree=117
num_leaves=24
num_cat=3
split_feature=0 5 2 5 2 5 0 5 11 15 3 5 9 1 15 17 5 15 15 11 14 14 15
split_gain=2.26498 1.39969 0.861192 1.28709 0.689176 1.0573 0.650434 0.951054 0.574778 0.424072 0.410633 0.404812 0.402054 0.534162 0.389118 0.463831 0.377775 0.316147 0.438312 0.315528 0.351959 0.717182 0.537202
threshold=0 0.63561259619552946 2033.5000000000002 0.88037162294841587 2033.5000000000002 0.97590027831923531 1 1.304185265331794 0.038806577343872946 109.53236647371311 1.0000000180025095e-35 1.0658108544522935 3501.7225505007154 2 54.715796972461256 73.879583333333343 1.264078397058507 71.422255621652425 107.21157695978535 1.0002257201636719 21987.919908185151 45088.504878155632 30.123502613179962
decision_type=1 2 2 2 2 2 1 2 2 2 2 2 2 1 2 2 2 2 2 2 2 2 2
left_child=4 -2 -3 -4 5 -1 19 11 10 14 12 -8 -7 16 15 -9 -14 -15 -19 20 22 -22 -5
right_child=1 2 3 6 -6 8 7 9 -10 -11 -12 -13 13 17 -16 -17 -18 18 -20 -21 21 -23 -24
leaf_value=-0.032785879799852549 -0.061266514747691563 0.00076614770239699832 -0.022377020876635723 -0.0072302784497439293 -0.079301772464068332 0.01347839960186574 -0.021080996055182415 0.0090033774834873334 -0.0047507113639323681 -0.013787392312333006 -0.0065819327578304767 -0.0044526347780678571 -0.00019410661520421742 -0.019329640554914124 0.018300667577306636 -0.0013965770456172584 0.024642009959598747 0.016882636447299024 -0.0089968947510365143 -0.0050101908412648628 -0.0057738002811986294 0.0020606702470005807 0.0077347996486609415
leaf_weight=282 315 1482 339 24 477 22 183 26 100 26 48 198 24 45 24 25 23 20 22 51 102 309 32
leaf_count=282 315 1482 339 24 477 22 183 26 100 26 48 198 24 45 24 25 23 20 22 51 102 309 32
internal_value=-0.00157061 -0.000883663 -0.0005335 -0.00145258 -0.00355545 -0.00244027 -0.000550001 -0.00184959 -0.000394738 0.00242574 0.00112745 -0.0030315 0.00237179 0.00134328 0.00433333 0.00186274 0.0056383 -0.000977013 0.00214286 0.000681817 0.00110278 0.000596106 0.00482143
internal_weight=4199 3136 2821 1339 1063 586 1000 482 304 101 204 381 156 134 75 51 47 87 42 518 467 411 56
internal_count=4199 3136 2821 1339 1063 586 1000 482 304 101 204 381 156 134 75 51 47 87 42 518 467 411 56
cat_boundaries=0 1 2 3
cat_threshold=72 164 2
is_linear=0
shrinkage=0.05


Tree=118
num_leaves=24
num_cat=2
split_feature=0 5 2 5 0 5 2 5 14 5 5 14 11 15 5 14 15 5 5 5 8 17 14
split_gain=2.16517 1.46942 1.02216 0.935044 0.684913 0.932798 0.602367 0.701568 0.766467 0.776134 1.08553 0.568182 0.549539 0.808791 0.501371 0.429474 0.427064 0.583419 0.853445 0.664094 0.505903 0.75 0.71915
threshold=0 0.98661854419696859 2033.5000000000002 0.63561259619552946 1 1.3429576197623241 2028.5000000000002 0.7681049980012834 52038.968929972791 1.2393793021592654 0.94147667905431387 97462.014508123553 0.090467964210360033 24.812388260590357 1.395838970718613 115902.79610647478 91.467577018762711 0.91683600554281697 1.0264471337233452 1.0017296210586071 1.0000000180025095e-35 74.884166666666673 67715.521830772239
decision_type=1 2 2 2 1 2 2 2 2 2 2 2 2 2 2 2 2 2 2 2 2 2 2
left_child=3 -2 12 -1 5 -4 7 -5 -9 10 11 -10 13 -3 -7 -12 17 -8 19 20 22 -22 -19
right_child=1 2 4 6 -6 14 16 8 9 -11 15 -13 -14 -15 -16 -17 -18 18 -20 -21 21 -23 -24
leaf_value=-0.054565667686302423 -0.029760742988661035 0.03191431806133397 -0.0070358236582173678 0.01369132583960401 -0.074178578472639173 0.009843437045189753 -0.011106602207690927 -0.001410649005953987 0.017849457621191226 0.094645534182949007 -0.017984891730803376 0.0097789445964617059 -0.0021491764292310305 0.0017149298760538107 -0.00079882232774390887 0.023765321150576391 0.0011906895074510571 -0.020834139834902867 -0.0019359543884649871 0.01394804682846517 0.0069504395040848313 -0.02736668844009385 0.0036670346210980103
leaf_weight=212 1002 23 198 38 259 23 298 167 22 47 51 22 193 352 35 25 534 72 513 42 30 20 21
leaf_count=212 1002 23 198 38 259 23 298 167 22 47 51 22 193 352 35 25 534 72 513 42 30 20 21
internal_value=-0.00157061 -0.00270883 -0.00144506 -0.000433146 -0.00305825 -0.00105263 -8.41232e-05 0.00172043 0.000988023 0.00338323 0.00125 0.0075 1.76044e-05 0.00113333 0.00448276 -0.00236842 -0.000522877 -0.00113454 -0.000343841 0.00256757 0.000944055 0.005 -0.00123656
internal_weight=4199 2085 1083 2114 515 256 1902 372 334 167 120 44 568 375 58 76 1530 996 698 185 143 50 93
internal_count=4199 2085 1083 2114 515 256 1902 372 334 167 120 44 568 375 58 76 1530 996 698 185 143 50 93
cat_boundaries=0 1 2
cat_threshold=180 3
is_linear=0
shrinkage=0.05


Tree=119
num_leaves=24
num_cat=3
split_feature=0 5 2 5 0 2 5 9 16 5 5 7 11 2 9 0 9 5 5 10 5 15 8
split_gain=2.35116 1.48568 0.921551 1.03112 0.918529 0.735887 0.970931 0.475485 0.484423 0.425826 0.515199 0.452484 0.404582 0.381311 0.399472 0.355539 0.567041 0.365518 0.35458 0.37972 0.339725 0.305625 0.301404
threshold=0 0.63561259619552946 2033.5000000000002 1.1577527833144476 1 2033.5000000000002 0.97590027831923531 6361.1228677896806 3.485125 0.8899652155658534 0.93566252435764941 2.5000000000000004 0.038806577343872946 2032.5000000000002 3181.0355538923268 2 1234.5197469367079 1.4158576102881872 0.99752892928850623 1.5000000000000002 1.3730171506729645 101.55199198662889 1.0000000180025095e-35
decision_type=1 2 2 2 1 2 2 2 2 2 2 2 2 2 2 1 2 2 2 2 2 2 2
left_child=5 -2 -3 4 9 6 -1 15 -9 21 -11 18 13 14 -8 16 20 -17 -12 -20 -5 -4 -16
right_child=1 2 3 7 -6 -7 12 8 -10 10 11 -13 -14 -15 22 17 -18 -19 19 -21 -22 -23 -24
leaf_value=-0.029658548660426876 -0.055474905625991888 0.00070610010458372588 -0.013017377023370009 -0.0049352985388302446 -0.016204526252473747 -0.071951916996068857 0.012184297485204094 -0.0023683067149983588 0.004847014905157424 0.0068007395141508088 -0.020587347833364047 0.0091094257618872156 -0.0059385782464277427 0.012091778707722919 -0.0063370213984723341 0.0038213654522828572 0.010281251874978815 -0.018132616039412918 0.0010029270187183836 -0.010171630205139389 0.0038188188898805697 0.0020384160888823341 0.0013049510468216964
leaf_weight=282 315 1482 90 47 600 477 22 173 31 22 35 26 100 26 119 82 43 27 81 22 21 39 37
leaf_count=282 315 1482 90 47 600 477 22 173 31 22 35 26 100 26 119 82 43 27 81 22 21 39 37
internal_value=-0.00148726 -0.000788304 -0.000427155 -0.0013779 -0.00232241 -0.00350885 -0.00235495 0.000660376 -0.00107843 -7.69242e-05 0.00145161 0.000487804 -0.000394738 0.000882352 5.61786e-05 0.00227273 0.00409091 4.20157e-05 -0.000652175 0.000825242 0.00161765 -0.00228682 -0.000833335
internal_weight=4199 3136 2821 1339 915 1063 586 424 204 315 186 164 304 204 178 220 111 109 138 103 68 129 156
internal_count=4199 3136 2821 1339 915 1063 586 424 204 315 186 164 304 204 178 220 111 109 138 103 68 129 156
cat_boundaries=0 1 2 3
cat_threshold=72 36 38
is_linear=0
shrinkage=0.05


end of trees

feature_importances:
scale=763
horizon_year=487
type_idx=295
min_road_km=262
min_water_m=257
min_habitat_m=213
nearby_2km=78
habitat_proximity=65
country_idx=62
snow_mm=57
precip_mm=41
roadkill_intensity_2km=36
cooling=33
nearby_highway_2km=26
has_gbif=23
buffer=22
habitat_hits=13
has_roadkill=13
nearby_500m=11
roadkill_count_2km=2
has_osm_roads=1

parameters:
[boosting: gbdt]
[objective: quantile]
[metric: quantile]
[tree_learner: serial]
[device_type: cpu]
[data_sample_strategy: bagging]
[data: ]
[valid: ]
[num_iterations: 120]
[learning_rate: 0.05]
[num_leaves: 24]
[num_threads: 0]
[seed: 7]
[deterministic: 0]
[force_col_wise: 0]
[force_row_wise: 0]
[histogram_pool_size: -1]
[max_depth: -1]
[min_data_in_leaf: 20]
[min_sum_hessian_in_leaf: 0.001]
[bagging_fraction: 1]
[pos_bagging_fraction: 1]
[neg_bagging_fraction: 1]
[bagging_freq: 0]
[bagging_seed: 17422]
[bagging_by_query: 0]
[feature_fraction: 0.9]
[feature_fraction_bynode: 1]
[feature_fraction_seed: 7040]
[extra_trees: 0]
[extra_seed: 6516]
[early_stopping_round: 0]
[early_stopping_min_delta: 0]
[first_metric_only: 0]
[max_delta_step: 0]
[lambda_l1: 0]
[lambda_l2: 0]
[linear_lambda: 0]
[min_gain_to_split: 0]
[drop_rate: 0.1]
[max_drop: 50]
[skip_drop: 0.5]
[xgboost_dart_mode: 0]
[uniform_drop: 0]
[drop_seed: 15215]
[top_rate: 0.2]
[other_rate: 0.1]
[min_data_per_group: 100]
[max_cat_threshold: 32]
[cat_l2: 10]
[cat_smooth: 10]
[max_cat_to_onehot: 4]
[top_k: 20]
[monotone_constraints: ]
[monotone_constraints_method: basic]
[monotone_penalty: 0]
[feature_contri: ]
[forcedsplits_filename: ]
[refit_decay_rate: 0.9]
[cegb_tradeoff: 1]
[cegb_penalty_split: 0]
[cegb_penalty_feature_lazy: ]
[cegb_penalty_feature_coupled: ]
[path_smooth: 0]
[interaction_constraints: ]
[verbosity: -1]
[saved_feature_importance_type: 0]
[use_quantized_grad: 0]
[num_grad_quant_bins: 4]
[quant_train_renew_leaf: 0]
[stochastic_rounding: 1]
[linear_tree: 0]
[max_bin: 255]
[max_bin_by_feature: ]
[min_data_in_bin: 3]
[bin_construct_sample_cnt: 200000]
[data_random_seed: 61]
[is_enable_sparse: 1]
[enable_bundle: 1]
[use_missing: 1]
[zero_as_missing: 0]
[feature_pre_filter: 1]
[pre_partition: 0]
[two_round: 0]
[header: 0]
[label_column: ]
[weight_column: ]
[group_column: ]
[ignore_column: ]
[categorical_feature: 0,1]
[forcedbins_filename: ]
[precise_float_parser: 0]
[parser_config_file: ]
[objective_seed: 15521]
[num_class: 1]
[is_unbalance: 0]
[scale_pos_weight: 1]
[sigmoid: 1]
[boost_from_average: 1]
[reg_sqrt: 0]
[alpha: 0.9]
[fair_c: 1]
[poisson_max_delta_step: 0.7]
[tweedie_variance_power: 1.5]
[lambdarank_truncation_level: 30]
[lambdarank_norm: 1]
[label_gain: ]
[lambdarank_position_bias_regularization: 0]
[eval_at: ]
[multi_error_top_k: 1]
[auc_mu_weights: ]
[num_machines: 1]
[local_listen_port: 12400]
[time_out: 120]
[machine_list_filename: ]
[machines: ]
[gpu_platform_id: -1]
[gpu_device_id: -1]
[gpu_device_id_list: ]
[gpu_use_dp: 0]
[num_gpu: 1]

end of parameters

pandas_categorical:null
