tree
version=v4
num_class=1
num_tree_per_iteration=1
label_index=0
max_feature_idx=37
objective=quantile
feature_names=type_idx country_idx horizon_year cooling buffer scale nearby_500m nearby_2km nearby_highway_2km min_habitat_m habitat_hits habitat_proximity water_hits water_overlap min_water_m min_road_km snow_mm precip_mm has_gbif has_roadkill has_osm_roads has_open_meteo gbif_myotis_myotis gbif_meles_meles gbif_castor_fiber gbif_alcedo_atthis gbif_bombina_variegata gbif_alauda_arvensis gbif_podiceps_cristatus gbif_acrocephalus_scirpaceus gbif_lutra_lutra gbif_ciconia_ciconia gbif_cervus_elaphus gbif_count_500m gbif_count_2km gbif_suitability roadkill_intensity_2km roadkill_count_2km
feature_infos=-1:6:5:2:4:0:7:3:1 -1:0:1:2 [2026:2040] [0:1] [0:1] [0.40000000000000002:2] [0:3] [0:3] [0:3] [0:125011.43205326654] [0:6] [0:3] [0:5] [0:1] [44.225848332120513:209444.01326761045] [0.16774822241364587:228.22479370757517] [0:4.4129166666666659] [0:89.364999999999995] [0:1] [0:1] [0:1] [0:1] none none none none none none none none none [0:1.0918136539803009] none none [0:37] [0:3.2117718603482626] [0:17.727708328222089] [0:15]
tree_sizes=2096 2242 2245 2242 2237 2242 2239 2241 2253 2265 2224 2231 2261 2248 2246 2241 2256 2273 2220 2250 2258 2280 2285 2287 2258 2282 2271 2270 2244 2275 2279 2262 2284 2281 2274 2245 2263 2278 2313 2286 2282 2281 2285 2285 2269 2288 2300 2274 2302 2271 2264 2258 2289 2256 2241 2242 2272 2260 2276 2298 2275 2286 2281 2276 2270 2288 2285 2252 2283 2241 2258 2269 2245 2263 2270 2291 2271 2272 2311 2285 2304 2313 2276 2259 2255 2260 2224 2267 2246 2226 2279 2280 2219 2188 2291 2252 2278 2283 2295 2278 2272 2263 2237 2209 2259 2266 2259 2207 2261 2288 2283 2253 2257 2223 2244 2297 2239 2285 2270 2222

Tree=0
num_leaves=24
num_cat=4
split_feature=0 3 0 7 4 0 7 7 7 7 16 7 16 16 14 14 9 11 14 2 2 1 17
split_gain=345.863 185.657 82.1535 73.9408 43.7829 90.4025 23.9065 13.8746 6.28504 3.6563 2.73862 2.0794 1.98489 1.98333 1.63281 1.31987 1.0878 0.970426 1.01053 0.942619 0.867857 0.758333 0.749226
threshold=0 1.0000000180025095e-35 1 2.5000000000000004 1.0000000180025095e-35 2 2.5000000000000004 1.5000000000000002 1.5000000000000002 1.5000000000000002 1.0000000180025095e-35 2.5000000000000004 1.4758333333333338 1.0000000180025095e-35 6646.2966507334504 95974.252668371584 2446.258549603634 1.0009888829015698 22409.73449733204 2035.5000000000002 2031.5000000000002 3 73.879583333333343
decision_type=1 2 1 2 2 1 2 2 2 2 2 2 2 2 2 2 2 2 2 2 2 1 2
left_child=3 4 -3 8 -2 -6 9 -7 -1 14 -10 -9 -11 -5 -4 22 19 18 -15 -12 -14 -13 -8
right_child=1 2 6 13 5 7 15 11 10 12 16 21 20 17 -16 -17 -18 -19 -20 -21 -22 -23 -24
leaf_value=0.15962571534328163 0.19403761699795724 0.19502541199326515 0.16185120875015854 0.17040663920342922 0.18640375509858131 0.15972056821919978 0.16908654533326625 0.16580909192562104 0.16741878464818 0.16692819818854332 0.16577292121946813 0.16896717511117459 0.16451802738010884 0.16978749819099903 0.15978262303397059 0.16699361503124238 0.16466509401798249 0.16671956814825534 0.1679366860538721 0.16483925171196462 0.16459293700754643 0.167611213773489 0.16793314218521119
leaf_weight=1083 1257 145 20 28 355 154 38 35 24 35 64 30 21 30 408 27 143 20 160 27 35 26 34
leaf_count=1083 1257 145 20 28 355 154 38 35 24 35 64 30 21 30 408 27 143 20 160 27 35 26 34
internal_value=0.167325 0.178452 0.15773 0.148907 0.187026 0.175914 0.149894 0.152723 0.144232 0.145317 0.151245 0.167605 0.154419 0.174473 0.143382 0.172129 0.149596 0.172807 0.17391 0.153869 0.148581 0.173581 0.175664
internal_weight=4199 2620 763 1579 1857 600 618 245 1341 519 258 91 91 238 428 99 234 210 190 91 56 56 72
internal_count=4199 2620 763 1579 1857 600 618 245 1341 519 258 91 91 238 428 99 234 210 190 91 56 56 72
cat_boundaries=0 1 2 3 4
cat_threshold=67 32 164 1
is_linear=0
shrinkage=1


Tree=1
num_leaves=24
num_cat=0
split_feature=3 7 7 4 7 7 15 15 7 14 16 16 10 17 14 14 15 15 11 14 11 11 11
split_gain=124.844 39.2556 32.3992 22.8482 5.10439 4.84442 2.92906 2.33013 2.02956 1.97427 1.95971 1.8643 1.41512 1.78053 1.35479 1.25814 1.23018 1.87507 1.33897 1.67872 1.21199 2.56116 1.61014
threshold=1.0000000180025095e-35 2.5000000000000004 2.5000000000000004 1.0000000180025095e-35 1.5000000000000002 1.5000000000000002 23.880185662864822 128.49217732251182 1.5000000000000002 3894.1625930649102 1.0000000180025095e-35 1.0000000180025095e-35 1.5000000000000002 74.884166666666673 101974.048433723 23020.48650124203 46.866759309991963 57.671785690171546 0.0034016240906390807 97462.014508123553 0.31444996310619699 0.10228372537390633 0.95863610467927207
decision_type=2 2 2 2 2 2 2 2 2 2 2 2 2 2 2 2 2 2 2 2 2 2 2
left_child=2 4 3 8 9 6 15 14 12 -2 -6 -10 13 -1 -7 -5 18 -18 19 -15 21 -14 -22
right_child=1 -3 -4 5 10 7 -8 -9 11 -11 -12 -13 20 16 -16 -17 17 -19 -20 -21 22 -23 -24
leaf_value=0.011592412702739238 -0.0044182679965160789 0.0013242089096456766 0.015499564968049526 -0.0034555611549876631 0.00031079519540071492 0.0016940250061452389 -0.0055695303832180802 -0.0014747130591422327 0.022845736108720302 -0.0068149255553726119 -0.0019649307522922759 0.013592442832887172 -0.005068910995032639 0.008137045763432979 0.012383420579135419 0.0098783044144511237 -0.0061947090434841812 0.0057259797677397728 0.015544038228690625 -0.0053654122515581553 -0.0049567214562557639 0.027955472432076935 0.0074739783629775049
leaf_weight=610 21 190 507 40 27 112 519 22 40 838 166 297 23 63 21 22 22 384 36 20 51 27 141
leaf_count=610 21 190 507 40 27 112 519 22 40 838 166 297 23 63 21 22 22 384 36 20 51 27 141
internal_value=1.78614e-05 -0.013285 0.00560534 0.00322449 -0.0170627 -0.00414402 -0.00623924 0.00370968 0.00638856 -0.0187136 -0.00971503 0.00986647 0.0055374 0.00627753 0.00620301 0.00403226 0.00414286 0.00283251 0.00861345 0.00512048 0.00206612 0.009 0.000260417
internal_weight=4199 1242 2957 2450 1052 736 581 155 1714 859 193 337 1377 1135 133 62 525 406 119 83 242 50 192
internal_count=4199 1242 2957 2450 1052 736 581 155 1714 859 193 337 1377 1135 133 62 525 406 119 83 242 50 192
is_linear=0
shrinkage=0.05


Tree=2
num_leaves=24
num_cat=0
split_feature=3 7 7 4 7 7 15 15 5 14 9 16 16 9 10 20 15 15 5 7 14 11 11
split_gain=116.465 37.8277 22.8521 22.386 5.57031 4.53537 2.92906 2.23146 2.08379 1.94403 1.76646 2.13754 1.74646 2.07574 1.52842 1.4974 1.45784 1.59989 1.40924 1.36364 1.34822 1.34515 2.17019
threshold=1.0000000180025095e-35 2.5000000000000004 2.5000000000000004 1.0000000180025095e-35 1.5000000000000002 1.5000000000000002 23.880185662864822 128.49217732251182 1.0264471337233452 3894.1625930649102 11537.193013450045 1.0000000180025095e-35 1.0000000180025095e-35 77195.788203756994 1.5000000000000002 1.0000000180025095e-35 96.048562507698918 39.711119482505694 1.0632720573186565 1.5000000000000002 115053.27111198664 0.31444996310619699 0.10002687511275371
decision_type=2 2 2 2 2 2 2 2 2 2 2 2 2 2 2 2 2 2 2 2 2 2 2
left_child=2 4 3 12 9 6 -5 16 -6 -2 -4 -12 19 14 15 -14 17 18 -7 -1 -10 22 -16
right_child=1 -3 10 5 8 7 -8 -9 20 -11 11 -13 13 -15 21 -17 -18 -19 -20 -21 -22 -23 -24
leaf_value=0.014585115240886806 -0.0041973545966902757 0.0012579984641633924 0.016254202688112857 0.0050633827209821906 -0.00226854171929881 0.0099755388917401443 -0.0052910538640571761 -0.0014009774061851208 -0.00096814975771121687 -0.0064741792776039815 0.018689600938931107 0.0028276772070676089 0.013125866970047355 -0.0040704546850174666 0.0032153637539595356 0.0081610504928976285 0.010142887872643769 -0.00057865829672664457 0.00030123487580567543 0.021703449303284286 0.0019541483309585598 0.0015806583706289526 0.030494366029277443
leaf_weight=176 21 190 337 62 95 29 519 22 78 838 28 142 138 41 31 1045 31 49 24 40 20 219 24
leaf_count=176 21 190 337 62 95 29 519 22 78 838 28 142 138 41 31 1045 31 49 24 40 20 219 24
internal_value=-0.000315551 -0.0131643 0.00508116 0.00308163 -0.0168726 -0.00421196 -0.00623924 0.0033871 -0.00919689 -0.0185972 0.0147436 0.0105882 0.00621354 0.00560748 0.0059197 0.00669907 0.00582707 0.00294118 0.00896226 0.0104167 -0.00408163 0.00255474 0.00954545
internal_weight=4199 1242 2957 2450 1052 736 581 155 193 859 507 170 1714 1498 1457 1183 133 102 53 216 98 274 55
internal_count=4199 1242 2957 2450 1052 736 581 155 193 859 507 170 1714 1498 1457 1183 133 102 53 216 98 274 55
is_linear=0
shrinkage=0.05


Tree=3
num_leaves=24
num_cat=3
split_feature=0 3 0 4 0 7 7 7 7 7 16 16 5 7 18 16 9 5 5 16 3 11 9
split_gain=373.606 178.27 81.5278 47.474 100.879 39.3513 21.4827 7.9592 4.13208 3.78933 1.92019 1.82017 1.78015 1.32544 1.10293 0.946179 0.923576 0.648454 0.629762 0.618518 0.893485 1.3125 0.753463
threshold=0 1.0000000180025095e-35 1 1.0000000180025095e-35 2 2.5000000000000004 2.5000000000000004 2.5000000000000004 1.5000000000000002 1.5000000000000002 1.0000000180025095e-35 1.0000000180025095e-35 1.1523394282416142 1.5000000000000002 1.0000000180025095e-35 1.4758333333333338 22904.713871883414 1.0324986184915215 0.88415018194986472 1.4758333333333338 1.0000000180025095e-35 0.21267961278353706 2830.8216475947265
decision_type=1 2 1 2 1 2 2 2 2 2 2 2 2 2 2 2 2 2 2 2 2 2 2
left_child=5 3 -3 -2 -5 8 9 13 -1 -4 -10 -7 15 -6 -13 -11 17 -8 -9 22 21 -21 -16
right_child=1 2 6 4 7 11 16 18 10 12 -12 14 -14 -15 19 -17 -18 -19 -20 20 -22 -23 -24
leaf_value=-0.0073168305255152518 0.024459647182282062 0.026974519251970926 -0.0064908697007835144 0.017355740144921583 -0.0067254953417286746 0.0018702603732817812 -0.00028571633880492274 0.00063486887132748891 -0.0014421970091527321 -0.0011150078636826947 -0.0026287656096043071 0.00019297657276038107 -0.0020946113943704396 -0.0013016555306734528 -0.001345099881384522 -0.002389113602531143 0.0015743766699219119 0.0008955527816200626 -0.00072266255328431734 -0.00080578262181952578 0.00082757791245821892 0.00068264819672331223 -0.00039582577667897568
leaf_weight=1083 1257 145 428 355 154 28 41 21 24 25 234 25 25 35 22 41 21 37 35 80 38 25 20
leaf_count=1083 1257 145 428 355 154 28 41 21 24 25 234 25 25 35 22 41 21 37 35 80 38 25 20
internal_value=-0.000732317 0.0108365 -0.0094692 0.019238 0.00766667 -0.019871 -0.0172771 -0.0167647 -0.0233221 -0.0216281 -0.0176357 -0.0012605 -0.0123626 -0.0223545 -0.00285714 -0.0166667 0.00378788 0.00128205 -0.000892857 -0.00418919 -0.00262238 -0.005 -0.00952381
internal_weight=4199 2620 763 1857 600 1579 618 245 1341 519 258 238 91 189 210 66 99 78 56 185 143 105 42
internal_count=4199 2620 763 1857 600 1579 618 245 1341 519 258 238 91 189 210 66 99 78 56 185 143 105 42
cat_boundaries=0 1 2 3
cat_threshold=67 32 164
is_linear=0
shrinkage=0.05


Tree=4
num_leaves=24
num_cat=3
split_feature=0 3 0 7 0 7 7 7 7 16 5 11 14 5 16 9 5 14 18 5 5 16 14
split_gain=364.459 173.189 80.5934 38.1633 37.5137 23.0552 5.42172 3.71094 3.23011 1.82017 1.78015 1.69318 1.52524 1.51343 1.47701 1.65872 1.37251 1.31987 1.10293 1.02018 1.03594 0.946179 0.884485
threshold=0 1.0000000180025095e-35 1 2.5000000000000004 2 2.5000000000000004 1.5000000000000002 1.5000000000000002 1.0000000180025095e-35 1.0000000180025095e-35 1.1523394282416142 1.0506198847942112 6646.2966507334504 1.0632720573186565 1.756416666666667 291.85099732180862 1.1268342952933712 95974.252668371584 1.0000000180025095e-35 0.76343305541321171 1.1415607775418246 1.4758333333333338 46234.081037188625
decision_type=1 2 1 2 1 2 2 2 2 2 2 2 2 2 2 2 2 2 2 2 2 2 2
left_child=3 4 -3 6 -2 7 -1 12 13 -5 21 22 -4 -6 19 -16 -15 -7 -11 -10 -21 -9 -8
right_child=1 2 5 9 8 17 11 10 14 18 -12 -13 -14 16 15 -17 -18 -19 -20 20 -22 -23 -24
leaf_value=-0.0069509889992394897 0.029725686200805942 0.025625793289372381 -0.0042164303439411735 0.0017767473546176924 0.0045876502906018858 0.00089312204752466659 -0.0027596213185682415 -0.0010592574704985605 0.011979583158069291 0.00018332774412236215 -0.0019898808246519169 -0.00042942083869595071 -0.0061815867743197292 -0.0060161353575065735 0.010244524112814107 0.0056021931310230866 0.0024489413545513527 -0.00049403111137100587 -0.00034724792474415264 0.0085229521555872639 0.011225705995135941 -0.0022696579224045859 -0.0023981754013209129
leaf_weight=1083 1127 145 20 28 223 72 96 25 49 25 25 20 408 28 34 75 128 27 185 122 71 41 142
leaf_count=1083 1127 145 20 28 223 72 96 25 49 25 25 20 408 28 34 75 128 27 185 122 71 41 142
internal_value=-0.000684687 0.0107414 -0.00927261 -0.0195878 0.0190226 -0.0170382 -0.0229866 -0.0215318 0.00972973 -0.0012605 -0.0123626 -0.0164729 -0.0234813 0.00666227 0.0133191 0.00848624 0.00288462 0.00479798 -0.00285714 0.0154959 0.0138601 -0.0166667 -0.0176471
internal_weight=4199 2620 763 1579 1857 618 1341 519 730 238 91 258 428 379 351 109 156 99 210 242 193 66 238
internal_count=4199 2620 763 1579 1857 618 1341 519 730 238 91 258 428 379 351 109 156 99 210 242 193 66 238
cat_boundaries=0 1 2 3
cat_threshold=67 32 164
is_linear=0
shrinkage=0.05


Tree=5
num_leaves=24
num_cat=3
split_feature=0 3 0 4 0 7 7 7 7 7 16 5 11 14 16 18 16 14 5 5 4 5 16
split_gain=353.45 173.575 78.9198 48.0646 102.796 37.5112 20.4781 6.14152 6.09916 3.71094 1.82017 1.78015 1.55521 1.52524 1.1967 1.10293 0.946179 0.929714 1.17287 0.914393 1.08455 0.987662 0.618518
threshold=0 1.0000000180025095e-35 1 1.0000000180025095e-35 2 2.5000000000000004 2.5000000000000004 1.5000000000000002 1.5000000000000002 1.5000000000000002 1.0000000180025095e-35 1.1523394282416142 1.0506198847942112 6646.2966507334504 1.4758333333333338 1.0000000180025095e-35 1.4758333333333338 95974.252668371584 1.1246321737264284 0.80526734759815788 1.0000000180025095e-35 0.71654816570429147 1.4758333333333338
decision_type=1 2 1 2 1 2 2 2 2 2 2 2 2 2 2 2 2 2 2 2 2 2 2
left_child=5 3 -3 -2 -5 8 9 -6 -1 13 -7 16 19 -4 -9 -12 -11 18 -8 21 -21 -10 -17
right_child=1 2 6 4 7 10 17 14 12 11 15 -13 -14 -15 -16 22 -18 -19 -20 20 -22 -23 -24
leaf_value=-0.006603439549277515 0.021822928865309572 0.024344503624903761 -0.0040056088267441141 0.015001668827635206 -0.0065015477257595634 0.0016879099868868078 0.00037284216987487075 -0.0001782652314428715 -0.0030835989346629359 -0.0010062945969736322 0.00017416135691624424 -0.0018903867834193207 -0.00040794979676115272 -0.0058725074356037431 -0.0016912615516656078 -0.00064762807837157673 -0.0021561750262843573 -0.00046932955580245575 0.0012699027066543343 -0.0029650209188720892 -0.001556064108215563 -0.0010648262284830554 -0.00021996204367862038
leaf_weight=1083 1257 145 20 355 154 28 47 35 35 25 25 25 20 408 56 42 41 27 25 124 59 20 143
leaf_count=1083 1257 145 20 355 154 28 47 35 35 25 25 25 20 408 56 42 41 27 25 124 59 20 143
internal_value=-0.00081567 0.0104373 -0.00960026 0.0187264 0.00708333 -0.0194305 -0.0172771 -0.017549 -0.0228001 -0.0215318 -0.0012605 -0.0123626 -0.0158915 -0.0234813 -0.00796703 -0.00285714 -0.0166667 0.00328283 0.00625 -0.0170168 -0.0187158 -0.0113636 -0.00418919
internal_weight=4199 2620 763 1857 600 1579 618 245 1341 519 238 91 258 428 91 210 66 99 72 238 183 55 185
internal_count=4199 2620 763 1857 600 1579 618 245 1341 519 238 91 258 428 91 210 66 99 72 238 183 55 185
cat_boundaries=0 1 2 3
cat_threshold=67 32 164
is_linear=0
shrinkage=0.05


Tree=6
num_leaves=24
num_cat=3
split_feature=0 3 0 4 0 7 7 7 7 7 16 16 14 11 9 18 9 14 5 5 5 5 4
split_gain=345.12 166.294 74.8509 45.4546 100.479 37.8541 20.6903 6.59573 6.56035 3.71587 1.75686 1.67143 1.47283 1.46649 1.11541 1.0503 0.952747 0.929714 1.17287 0.805174 0.783521 0.987662 0.88254
threshold=0 1.0000000180025095e-35 1 1.0000000180025095e-35 2 2.5000000000000004 1.5000000000000002 1.5000000000000002 1.5000000000000002 2.5000000000000004 1.0000000180025095e-35 1.4758333333333338 6646.2966507334504 1.0506198847942112 19921.254983516897 1.0000000180025095e-35 11002.751762119648 95974.252668371584 1.1246321737264284 0.88415018194986472 0.80526734759815788 0.71654816570429147 1.0000000180025095e-35
decision_type=1 2 1 2 1 2 2 2 2 2 2 2 2 2 2 2 2 2 2 2 2 2 2
left_child=5 3 -3 -2 -5 7 12 -1 -6 11 -7 -8 -4 20 19 -12 -13 18 -11 -10 21 -9 -22
right_child=1 2 6 4 8 10 9 13 14 17 15 16 -14 -15 -16 -17 -18 -19 -20 -21 22 -23 -24
leaf_value=-0.0062732675718136406 0.020731782422044095 0.023127278443658573 -0.0038053283854069088 0.014251585386253447 -0.0061764703394715853 0.0016035144875424672 -0.00015242431893388033 -0.0029294189879297897 8.0853341638179043e-05 0.00035420006138112695 0.00016545328907043163 -0.0010014798139631957 -0.0055788820638235552 -0.00038755230692309533 -0.0013936366813926322 -0.00029750412458836586 -0.0024836256171637434 -0.00044586307801233326 0.0012064075713216175 -0.0011520380064019586 -0.0028167698729284841 -0.0010115849170589026 -0.0014782609028047844
leaf_weight=1083 1257 145 20 355 154 28 35 35 25 47 25 30 408 20 24 185 26 27 25 42 124 20 59
leaf_count=1083 1257 145 20 355 154 28 35 35 25 47 25 30 408 20 24 185 26 27 25 42 124 20 59
internal_value=-0.000910931 0.0102091 -0.00940367 0.0183226 0.007 -0.0193046 -0.016879 -0.0226883 -0.0173529 -0.00342105 -0.00105042 -0.0107143 -0.0232477 -0.0155039 -0.00741758 -0.00261905 -0.0160714 0.00328283 0.00625 -0.00410448 -0.0165966 -0.0113636 -0.0181694
internal_weight=4199 2620 763 1857 600 1579 618 1341 245 190 238 91 428 258 91 210 56 99 72 67 238 55 183
internal_count=4199 2620 763 1857 600 1579 618 1341 245 190 238 91 428 258 91 210 56 99 72 67 238 55 183
cat_boundaries=0 1 2 3
cat_threshold=67 32 164
is_linear=0
shrinkage=0.05


Tree=7
num_leaves=24
num_cat=3
split_feature=0 3 0 0 4 7 7 7 7 7 7 5 16 14 11 9 16 18 16 10 14 5 14
split_gain=336.905 159.664 73.6594 47.5875 95.6242 36.9464 21.3056 7.57364 6.73568 3.15531 2.70424 1.83723 1.75686 1.42133 1.29686 1.25187 1.08714 1.0503 1.04916 0.981003 0.929714 1.17287 0.81757
threshold=0 1.0000000180025095e-35 1 2 1.0000000180025095e-35 2.5000000000000004 1.5000000000000002 1.5000000000000002 1.5000000000000002 2.5000000000000004 1.0000000180025095e-35 1.0264471337233452 1.0000000180025095e-35 6646.2966507334504 1.0506198847942112 19921.254983516897 1.4758333333333338 1.0000000180025095e-35 1.0000000180025095e-35 1.5000000000000002 95974.252668371584 1.1246321737264284 151498.38975148505
decision_type=1 2 1 1 2 2 2 2 2 2 2 2 2 2 2 2 2 2 2 2 2 2 2
left_child=5 3 -3 -2 10 7 13 -1 -6 11 18 -8 -7 -4 -9 -10 -13 -14 -5 22 21 -11 -20
right_child=1 2 6 4 8 12 9 14 15 20 -12 16 17 -15 -16 -17 -18 -19 19 -21 -22 -23 -24
leaf_value=-0.0059596041932229588 0.026111666326397959 0.021970914521475645 -0.0036150619661365641 0.0074573465767185437 -0.0058676468224980061 0.0015233387631653434 -0.0020592402181795993 -0.0022158410470473748 -0.00044619002779296564 0.00033649005831207088 0.010052799228041828 0.0013445342453776447 0.00015718062461690942 -0.0052999379606323777 -0.00036817469157694114 -0.0013239548473230002 -0.0019765453852175221 -0.00028262891835894726 0.003153403108460759 0.0012509601733981857 -0.00042356992411171634 0.0011460871927555364 0.0015734927387311332
leaf_weight=1083 1127 145 20 36 154 28 47 238 67 47 232 21 25 408 20 24 23 185 169 24 27 25 24
leaf_count=1083 1127 145 20 36 154 28 47 238 67 47 232 21 25 408 20 24 23 185 169 24 27 25 24
internal_value=-0.000910931 0.010076 -0.00914155 0.0180264 0.0077027 -0.0190843 -0.0165605 -0.0224273 -0.0176531 -0.00289474 0.0206701 -0.00961538 -0.00105042 -0.023014 -0.0147287 -0.00686813 -0.00227273 -0.00261905 0.0170949 0.0157834 0.00328283 0.00625 0.0169689
internal_weight=4199 2620 763 1857 730 1579 618 1341 245 190 485 91 238 428 258 91 44 210 253 217 99 72 193
internal_count=4199 2620 763 1857 730 1579 618 1341 245 190 485 91 238 428 258 91 44 210 253 217 99 72 193
cat_boundaries=0 1 2 3
cat_threshold=67 32 164
is_linear=0
shrinkage=0.05


Tree=8
num_leaves=24
num_cat=3
split_feature=0 3 0 0 4 7 7 7 7 7 7 9 16 16 11 16 3 9 16 10 15 7 8
split_gain=328.339 157.73 71.1809 46.781 92.5726 36.4326 21.3056 7.66176 7.17398 3.15531 2.98421 1.39621 1.27033 1.26401 1.25608 1.21244 0.929898 1.75887 0.911156 0.8439 0.932072 0.753966 0.717559
threshold=0 1.0000000180025095e-35 1 2 1.0000000180025095e-35 2.5000000000000004 1.5000000000000002 1.5000000000000002 1.5000000000000002 2.5000000000000004 1.0000000180025095e-35 19921.254983516897 1.4758333333333338 1.0000000180025095e-35 1.0506198847942112 1.0000000180025095e-35 1.0000000180025095e-35 1234.5197469367079 1.756416666666667 1.5000000000000002 78.708619821075715 1.0000000180025095e-35 1.0000000180025095e-35
decision_type=1 2 1 1 2 2 2 2 2 2 2 2 2 2 2 2 2 2 2 2 2 2 2
left_child=5 3 -3 -2 10 7 -4 21 -6 12 15 18 -8 -7 22 -5 -15 -18 -10 20 -17 -1 -9
right_child=1 2 6 4 8 13 9 14 11 -11 -12 -13 -14 16 -16 19 17 -19 -20 -21 -22 -23 -24
leaf_value=-0.0056616239835618103 0.024806083010078063 0.020872368795401861 -0.0050196805040253669 0.0070844792478826166 -0.0055742644813731052 0.0014471718250070758 -5.5509379518155211e-05 -0.002137044518478039 5.0572965324198475e-05 0.00060594505180767847 0.0095501592666397371 -0.0012577571049568498 -0.0019216186193191508 -0.00033184514495666342 -0.00034976595699809447 0.0033269659416392708 -0.00069056306476438379 0.00090073380400324118 -0.0017360336274946627 0.0011884121647282753 0.0022753842425640935 -0.0030844209288676985 -0.001820714412959465
leaf_weight=816 1127 145 428 36 154 28 35 103 43 99 232 24 56 153 20 106 23 34 24 24 87 267 135
leaf_count=816 1127 145 428 36 154 28 35 103 43 99 232 24 56 153 20 106 23 34 24 24 87 267 135
internal_value=-0.0010181 0.0098289 -0.00927261 0.0177302 0.0075 -0.0189585 -0.0165605 -0.0222782 -0.017449 -0.00289474 0.0202577 -0.00631868 -0.00961538 -0.00105042 -0.0145349 0.016502 -0.00238095 0.00307018 -0.00261194 0.0150922 0.0161917 -0.0241228 -0.0155462
internal_weight=4199 2620 763 1857 730 1579 618 1341 245 190 485 91 91 238 258 253 210 57 67 217 193 1083 238
internal_count=4199 2620 763 1857 730 1579 618 1341 245 190 485 91 91 238 258 253 210 57 67 217 193 1083 238
cat_boundaries=0 1 2 3
cat_threshold=67 32 164
is_linear=0
shrinkage=0.05


Tree=9
num_leaves=24
num_cat=3
split_feature=0 3 0 4 0 7 7 7 7 7 7 7 14 8 9 4 7 7 16 8 16 14 16
split_gain=314.634 153.006 67.2569 51.2697 78.9362 34.0083 21.0589 7.83952 7.5716 2.66047 2.43123 1.50292 1.39593 1.35886 1.48237 1.3251 1.17056 1.09419 1.09038 1.07537 0.941737 0.814815 0.786963
threshold=0 1.0000000180025095e-35 1 1.0000000180025095e-35 2 2.5000000000000004 1.5000000000000002 1.5000000000000002 2.5000000000000004 2.5000000000000004 1.0000000180025095e-35 1.0000000180025095e-35 6646.2966507334504 1.0000000180025095e-35 202.18557157653274 1.0000000180025095e-35 1.5000000000000002 1.0000000180025095e-35 1.4758333333333338 1.0000000180025095e-35 1.0000000180025095e-35 95974.252668371584 1.0000000180025095e-35
decision_type=1 2 1 2 1 2 2 2 2 2 2 2 2 2 2 2 2 2 2 2 2 2 2
left_child=5 3 15 11 10 7 12 17 16 18 22 -2 -4 -9 -15 -3 -6 -1 -8 -14 -7 -11 -5
right_child=1 2 6 4 8 20 9 13 -10 21 -12 -13 19 14 -16 -17 -18 -19 -20 -21 -22 -23 -24
leaf_value=-0.0053785427843837203 0.013776249183956344 0.022335262759119928 -0.0031833248426284678 0.048300104744467554 -0.0052955512573044502 0.0013748132337567213 -5.27339105422478e-05 -0.0020301922925541368 -0.00015221158477906618 0.00075684353112054695 0.013140105266586778 0.020557314834240635 -0.004989827010105332 -0.00089120763174709711 -0.0022680423674221713 0.0048658268288678504 -0.0012333519014240291 -0.002930199882424313 -0.001825537688353194 -0.0026947442956966952 -0.00021933109791149458 -0.00043268868049651382 0.0052776278627250737
leaf_weight=816 635 102 20 22 154 28 35 107 56 72 185 622 372 47 104 43 35 267 56 36 210 27 148
leaf_count=816 635 102 20 22 154 28 35 107 56 72 185 622 372 47 104 43 35 267 56 36 210 27 148
internal_value=-0.00120862 0.00941065 -0.00940367 0.0171917 0.00516667 -0.0187697 -0.0164809 -0.0219799 -0.0163725 -0.00289474 0.0199315 0.0229316 -0.0228972 -0.0141473 -0.0110927 0.0204839 -0.0218254 -0.0238458 -0.00906593 -0.0235294 -0.00147059 0.00277778 0.0161765
internal_weight=4199 2620 763 1857 600 1579 618 1341 245 190 355 1257 428 258 151 145 189 1083 91 408 238 99 170
internal_count=4199 2620 763 1857 600 1579 618 1341 245 190 355 1257 428 258 151 145 189 1083 91 408 238 99 170
cat_boundaries=0 1 2 3
cat_threshold=67 32 164
is_linear=0
shrinkage=0.05


Tree=10
num_leaves=24
num_cat=4
split_feature=0 3 0 0 7 7 7 7 16 7 3 14 9 16 8 14 7 10 7 9 1 9 9
split_gain=301.381 146.306 65.2276 49.3417 36.3697 21.1211 10.0445 6.80653 2.43213 2.41935 1.63603 3.59824 1.48161 1.89767 1.35022 1.34581 1.288 1.23422 1.22991 1.19688 1.05008 1.01886 1.28661
threshold=0 1.0000000180025095e-35 1 2 1.5000000000000002 1.5000000000000002 1.0000000180025095e-35 2.5000000000000004 1.0000000180025095e-35 2.5000000000000004 1.0000000180025095e-35 82905.803049356924 494.282496821179 1.756416666666667 1.0000000180025095e-35 6646.2966507334504 1.0000000180025095e-35 1.5000000000000002 1.0000000180025095e-35 786.95866832995739 3 19420.743954411035 13678.729116444754
decision_type=1 2 1 1 2 2 2 2 2 2 2 2 2 2 2 2 2 2 2 2 1 2 2
left_child=4 3 -3 -2 16 15 8 10 19 -7 14 20 -8 -14 -6 -4 -1 -16 -17 -5 -12 22 -10
right_child=1 2 5 6 7 9 12 -9 21 -11 11 -13 13 -15 17 18 -18 -19 -20 -21 -22 -23 -24
leaf_value=-0.0051096156451645343 0.022709326902708792 0.018711987217675769 -0.0030241586004970443 0.001438670959224045 -0.0023624839698405012 -0.0014596083689057016 0.0067716251908421085 -9.6498409165367288e-05 -0.00020176002872939608 0.00053780562266126796 -0.00096508348123113062 0.00043990919443628597 0.0041805493072924697 0.0017268121663999152 -0.0020086352503953645 -0.0051788399298779821 -0.0027836898883030967 -0.0012761461891715607 -0.0023632441391341547 0.0058636585536813862 -0.0019649156205671127 0.00081224279248440505 -0.0036371122780186824
leaf_weight=816 1127 145 20 22 73 91 110 238 222 99 26 21 169 72 83 309 267 21 99 28 34 79 28
leaf_count=816 1127 145 20 22 73 91 110 238 222 99 26 21 169 72 83 309 267 21 99 28 34 79 28
internal_value=-0.00126816 0.00912548 -0.00927261 0.016734 -0.018455 -0.016242 0.00628378 -0.00735887 0.000725594 -0.00263158 -0.0129845 -0.00709877 0.0124644 0.0102697 -0.015678 -0.0226636 -0.0237073 -0.0120192 -0.0232843 0.011 -0.0133333 -0.000835866 -0.0024
internal_weight=4199 2620 763 1857 1579 618 730 496 379 190 258 81 351 241 177 428 1083 104 408 50 60 329 250
internal_count=4199 2620 763 1857 1579 618 730 496 379 190 258 81 351 241 177 428 1083 104 408 50 60 329 250
cat_boundaries=0 1 2 3 4
cat_threshold=67 32 164 2
is_linear=0
shrinkage=0.05


Tree=11
num_leaves=24
num_cat=5
split_feature=0 0 4 7 0 7 7 7 7 0 16 15 7 7 14 11 9 5 9 11 7 16 1
split_gain=286.771 60.0701 51.3761 36.2398 31.6083 14.0359 12.9166 7.69512 6.36392 4.08917 2.63846 1.83998 1.81951 1.76891 1.59689 1.50578 1.42627 1.57247 1.82918 1.37613 1.32898 1.77039 1.22889
threshold=0 1 1.0000000180025095e-35 1.5000000000000002 2 1.0000000180025095e-35 1.0000000180025095e-35 1.5000000000000002 2.5000000000000004 3 1.0000000180025095e-35 113.38724774688394 2.5000000000000004 1.0000000180025095e-35 72569.01347930466 0.13921898157524742 2344.9356892516184 1.0658108544522935 18668.626442837773 1.0506198847942112 1.5000000000000002 1.4758333333333338 4
decision_type=1 1 2 2 1 2 2 2 2 1 2 2 2 2 2 2 2 2 2 2 2 2 1
left_child=3 -2 6 13 5 11 9 -6 19 -3 -11 14 -8 -1 -4 16 -12 -18 -19 -5 21 -7 -15
right_child=1 2 4 8 7 20 12 -9 -10 10 15 -13 -14 22 -16 -17 17 18 -20 -21 -22 -23 -24
leaf_value=-0.0048541348629063076 0.044779571738378807 0.012038899022909314 -0.0012069581497407445 -0.0017845660427548802 -0.0048183430481285767 0.0034887187087390584 0.0076044029089331489 -0.00088813415481396325 -9.1673488707098852e-05 0.0045192087721600219 0.0021003794537051259 0.00078426634409792815 0.012261782739877186 -0.0025225588280810758 -0.0033766102280341826 -0.0012196880795731309 0.001262948852044965 -0.0031062753283867374 0.00078927199467227491 -0.00017605347476386745 0.0064953832293913778 -0.00036281613063593942 -0.0027438078273190909
leaf_weight=816 547 362 94 238 217 22 458 117 238 48 23 39 229 37 24 107 111 46 30 20 119 27 230
leaf_count=816 547 362 94 238 217 22 458 117 238 48 23 39 229 37 24 107 111 46 30 20 119 27 230
internal_value=-0.00147059 0.0086692 0.00471675 -0.0182347 -0.00679059 0.00440299 0.0101132 -0.0172965 -0.00715726 0.00546768 0.00153333 -0.00621019 0.0150291 -0.0234765 -0.00932203 -7.88644e-05 0.00238095 0.000935829 -0.00460526 -0.0125969 0.0145833 0.00765306 -0.0199438
internal_weight=4199 2620 2073 1579 659 325 1414 334 496 727 365 157 687 1083 118 317 210 187 76 258 168 49 267
internal_count=4199 2620 2073 1579 659 325 1414 334 496 727 365 157 687 1083 118 317 210 187 76 258 168 49 267
cat_boundaries=0 1 2 3 4 5
cat_threshold=67 32 132 132 4
is_linear=0
shrinkage=0.05


Tree=12
num_leaves=24
num_cat=0
split_feature=3 7 7 4 9 7 7 14 16 5 4 2 16 5 17 10 18 7 9 7 5 5 14
split_gain=83.1179 33.4249 26.2942 27.7357 3.46131 3.28849 2.54985 2.69863 2.23635 2.13928 2.07021 1.97152 2.21033 1.91494 1.8995 1.43563 1.54769 1.41386 1.65153 1.40381 1.55346 1.39636 1.36111
threshold=1.0000000180025095e-35 1.5000000000000002 1.5000000000000002 1.0000000180025095e-35 11208.563005266211 2.5000000000000004 1.0000000180025095e-35 5539.9792550111761 1.4758333333333338 0.76343305541321171 1.0000000180025095e-35 2026.5000000000002 1.4758333333333338 0.61287064589900508 73.879583333333343 1.5000000000000002 1.0000000180025095e-35 1.0000000180025095e-35 17055.444815789935 2.5000000000000004 0.99752892928850623 1.1984608579909508 77506.516118676547
decision_type=2 2 2 2 2 2 2 2 2 2 2 2 2 2 2 2 2 2 2 2 2 2 2
left_child=2 6 3 8 10 9 7 -2 15 -3 -4 -6 -13 22 17 16 -1 18 -5 20 -12 -22 -10
right_child=1 5 4 14 11 -7 -8 -9 13 -11 19 12 -14 -15 -16 -17 -18 -19 -20 -21 21 -23 -24
leaf_value=-0.0002148644357458901 -0.0022095641916387442 -0.0019058118670621294 0.010179636892085892 -0.0035703768457497295 -0.0017031320366016082 0.00074736456744496779 -0.0018448428984763968 -0.0045496141594707305 0.012590417340089087 -0.00042211770464178623 0.0029273189851048878 0.010346104918704031 0.0020277583812871969 0.00077826508735840132 -0.0033457904114218202 0.00065364083406619375 0.0063125869755692194 2.515240002284175e-06 -2.1268862608937039e-05 0.0026560149755371744 -0.0010980780002462069 0.0012600119774007991 -0.00063898616391282962
leaf_weight=48 22 34 433 171 24 190 206 631 48 159 47 110 212 805 307 94 358 57 46 118 25 30 24
leaf_count=48 22 34 433 171 24 190 206 631 48 159 47 110 212 805 307 94 358 57 46 118 25 30 24
internal_value=-0.00162539 -0.0124799 0.00293372 -0.000434116 0.00953453 -0.000195822 -0.0179569 -0.019487 0.00343137 -0.00479275 0.0116769 0.00549133 0.00652174 0.00190992 -0.00959552 0.0061 0.00738916 -0.00656934 -0.00841014 0.00772727 0.00343137 -0.00227273 0.00972222
internal_weight=4199 1242 2957 1958 999 383 859 653 1377 193 653 346 322 877 581 500 406 274 217 220 102 55 72
internal_count=4199 1242 2957 1958 999 383 859 653 1377 193 653 346 322 877 581 500 406 274 217 220 102 55 72
is_linear=0
shrinkage=0.05


Tree=13
num_leaves=24
num_cat=4
split_feature=0 0 4 7 0 7 7 7 7 0 16 7 15 14 7 17 9 4 16 16 2 2 9
split_gain=280.703 60.285 46.6964 31.7792 29.9229 12.0466 10.9851 6.14566 5.01114 4.41909 2.8407 2.32597 1.59945 1.84067 1.54003 1.53648 1.41107 1.25911 1.2135 1.16213 1.1232 1.08883 1.37143
threshold=0 1 1.0000000180025095e-35 1.5000000000000002 2 1.0000000180025095e-35 1.0000000180025095e-35 1.0000000180025095e-35 2.5000000000000004 3 1.0000000180025095e-35 1.0000000180025095e-35 113.38724774688394 72569.01347930466 2.5000000000000004 74.884166666666673 20717.736914900506 1.0000000180025095e-35 1.0000000180025095e-35 1.4758333333333338 2035.5000000000002 2033.5000000000002 12408.557030270813
decision_type=1 1 2 2 1 2 2 2 2 1 2 2 2 2 2 2 2 2 2 2 2 2 2
left_child=3 17 6 11 5 12 9 -6 18 -3 -11 -1 13 20 19 -9 -12 -2 -5 -8 -4 -21 -23
right_child=1 2 4 8 7 -7 14 15 -10 10 16 -13 -14 -15 -16 -17 -18 -19 -20 21 -22 22 -24
leaf_value=-0.0044767231810435154 0.046568820451693485 0.011092830935527121 -0.0017205043712459997 -0.00081789824157477229 -0.0046256714807111528 0.0050725506996859657 0.0092965626909415761 -0.00078440288294825413 -0.0003192663272726465 0.0039776189847735592 -0.00059197347568881178 -0.0026401470035510872 0.0009123425474641206 -0.0030690132003720299 0.011322489132190373 -0.0023542731317300922 0.00084441581771812916 0.035935130464209937 -0.0018241633525281653 0.0044543421100494028 0.00010522389618525946 0.0089900523477183941 0.0066740522899117766
leaf_weight=816 372 362 56 24 168 168 162 101 238 48 247 267 39 24 229 65 70 175 234 155 38 91 50
leaf_count=816 372 362 56 24 168 168 162 101 238 48 247 267 39 24 229 65 70 175 234 155 38 91 50
internal_value=-0.00174446 0.00828897 0.00433269 -0.0183291 -0.00663885 0.00425373 0.00947666 -0.0168605 -0.00796371 0.00519257 0.00113333 -0.0232456 -0.00557325 -0.00847458 0.0140102 -0.0105422 -0.00055205 0.0229354 -0.0127907 0.0123362 -0.00531915 0.010473 0.0136525
internal_weight=4199 2620 2073 1579 659 325 1414 334 496 727 365 1083 157 118 687 166 317 547 258 458 94 296 141
internal_count=4199 2620 2073 1579 659 325 1414 334 496 727 365 1083 157 118 687 166 317 547 258 458 94 296 141
cat_boundaries=0 1 2 3 4
cat_threshold=67 32 132 132
is_linear=0
shrinkage=0.05


Tree=14
num_leaves=24
num_cat=3
split_feature=0 3 0 0 7 7 7 7 7 14 16 7 17 5 9 3 14 3 9 7 5 5 9
split_gain=267.799 160.716 53.9491 51.2995 32.3063 11.5264 6.92153 4.64804 2.89965 2.54955 2.43213 1.81576 1.74428 1.94504 1.64205 1.54942 3.42452 1.2802 1.47692 1.22991 1.21085 1.25691 1.19688
threshold=0 1.0000000180025095e-35 1 2 1.5000000000000002 1.5000000000000002 1.0000000180025095e-35 2.5000000000000004 1.0000000180025095e-35 6646.2966507334504 1.0000000180025095e-35 1.0000000180025095e-35 73.879583333333343 0.93269690608366818 259.65779825042154 1.0000000180025095e-35 57546.577040970296 1.0000000180025095e-35 1234.5197469367079 1.0000000180025095e-35 1.2070788346600592 1.0719064968597067 786.95866832995739
decision_type=1 2 1 1 2 2 2 2 2 2 2 2 2 2 2 2 2 2 2 2 2 2 2
left_child=4 3 11 -2 8 9 10 15 -1 -4 22 -3 13 -7 -8 20 -17 -9 -19 -11 21 -6 -5
right_child=1 2 5 6 7 12 14 17 -10 19 -12 -13 -14 -15 -16 16 -18 18 -20 -21 -22 -23 -24
leaf_value=-0.0042528870219913388 0.02010300642922086 0.010948680722439486 -0.0036513523676547882 0.0006262666746377016 -0.0020416597833050236 -0.0015102007533109878 0.005382150273518036 -0.00046993456495732504 -0.0025081396533735327 -0.0045376978319182299 -0.00016945095946336032 0.015550098236091487 -0.0013417152133346503 0.00034725361144982844 0.0027133604298259385 -0.0013090457714359739 0.00033840935186444656 -0.00063494505479330947 0.00090578831602507182 -0.0025176568943586332 -0.0011973656896380554 -0.0033997552075974631 0.0051005726481236349
leaf_weight=816 1127 78 20 22 93 39 103 173 267 309 329 67 101 50 248 44 37 26 39 99 39 45 28
leaf_count=816 1127 78 20 22 93 39 103 173 267 309 329 67 101 50 248 44 37 26 39 99 39 45 28
internal_value=-0.00181591 0.00798479 -0.0113041 0.0159532 -0.0180145 -0.0175955 0.00533784 -0.00756048 -0.0229686 -0.0224299 0.000725594 0.0156452 -0.00763158 -0.00252809 0.0104701 -0.0122093 -0.00648148 -0.00252101 0.00346154 -0.0232843 -0.0148305 -0.017029 0.011
internal_weight=4199 2620 763 1857 1579 618 730 496 1083 428 379 145 190 89 351 258 81 238 65 408 177 138 50
internal_count=4199 2620 763 1857 1579 618 730 496 1083 428 379 145 190 89 351 258 81 238 65 408 177 138 50
cat_boundaries=0 1 2 3
cat_threshold=67 32 164
is_linear=0
shrinkage=0.05


Tree=15
num_leaves=24
num_cat=5
split_feature=0 3 4 0 0 7 7 4 0 7 7 0 7 7 7 14 16 5 3 14 4 5 7
split_gain=255.683 153.496 67.039 63.0638 50.0326 31.3456 12.1731 9.54651 5.26693 7.8111 4.26858 3.78978 3.58622 3.33953 3.30186 2.51549 2.43996 2.04014 1.44635 3.42452 2.7679 1.63483 1.43156
threshold=0 1.0000000180025095e-35 1.0000000180025095e-35 1 2 1.5000000000000002 1.5000000000000002 1.0000000180025095e-35 3 1.0000000180025095e-35 2.5000000000000004 4 1.0000000180025095e-35 1.0000000180025095e-35 1.5000000000000002 6646.2966507334504 1.0000000180025095e-35 1.2994426869863489 1.0000000180025095e-35 57546.577040970296 1.0000000180025095e-35 0.80864045418109476 1.0000000180025095e-35
decision_type=1 2 2 1 1 2 2 2 1 2 2 1 2 2 2 2 2 2 2 2 2 2 2
left_child=5 2 11 8 7 13 15 -3 -4 -10 18 -2 16 -1 -5 -6 -13 -8 20 -20 21 -7 -17
right_child=1 4 3 14 6 10 17 -9 9 -11 -12 12 -14 -15 -16 22 -18 -19 19 -21 -22 -23 -24
leaf_value=-0.0040402426708917721 0.021416261217376151 0.015286096227388163 0.036756876103820002 -0.0044143621842599621 -0.0034687847492720484 -0.0013577936608332641 -0.00093457884494352816 -0.0010340617504695198 -0.00014484435140411228 0.0060371378639268343 -0.00029582618684797227 0.004894234183112852 0.0062617233481542314 -0.0023827326707048565 -0.0012902587900955999 -0.0043108129403223181 0.0018576870931579698 0.00028569110654414615 -0.0012435934828641749 0.00032148888427122464 -0.00077152444560968164 -0.0027297021668740403 -0.0023917740496407014
leaf_weight=816 772 102 132 154 20 26 162 43 104 119 238 36 232 267 91 309 217 28 44 37 56 95 99
leaf_count=816 772 102 132 154 20 26 162 43 104 119 238 36 232 267 91 309 217 28 44 37 56 95 99
internal_value=-0.00203025 0.00754753 0.0153339 0.00158333 -0.0113041 -0.0178571 -0.0173567 0.0146774 0.014863 0.00912017 -0.00756048 0.0218974 0.0167172 -0.0227378 -0.017549 -0.0223131 0.0129447 -0.00710526 -0.0120155 -0.00648148 -0.014548 -0.0188017 -0.0231618
internal_weight=4199 2620 1857 600 763 1579 618 145 355 223 496 1257 485 1083 245 428 253 190 258 81 177 121 408
internal_count=4199 2620 1857 600 763 1579 618 145 355 223 496 1257 485 1083 245 428 253 190 258 81 177 121 408
cat_boundaries=0 1 2 3 4 5
cat_threshold=67 164 32 32 164
is_linear=0
shrinkage=0.05


Tree=16
num_leaves=24
num_cat=4
split_feature=0 0 4 8 0 8 6 0 16 6 6 16 8 4 14 5 14 15 15 2 2 11 8
split_gain=248.619 60.1758 51.694 23.0502 22.1744 8.65339 4.25649 4.57406 4.19221 3.60285 3.26553 2.8183 2.30585 2.16235 1.90871 1.76602 1.62917 1.59698 1.7887 1.51524 2.68726 1.50052 1.4929
threshold=0 1 1.0000000180025095e-35 1.0000000180025095e-35 2 1.0000000180025095e-35 1.0000000180025095e-35 3 1.0000000180025095e-35 1.0000000180025095e-35 1.0000000180025095e-35 1.0000000180025095e-35 1.0000000180025095e-35 1.0000000180025095e-35 30577.265212828435 0.85301416984164968 28076.068466946304 113.38724774688394 28.947338587900965 2031.5000000000002 2036.5000000000002 1.5183890241915792 1.0000000180025095e-35
decision_type=1 1 2 2 1 2 2 1 2 2 2 2 2 2 2 2 2 2 2 2 2 2 2
left_child=3 13 6 9 5 15 7 21 -9 -1 22 -5 16 -2 -14 -4 -10 18 -17 -18 -21 -3 -6
right_child=1 2 4 11 10 -7 -8 8 12 -11 -12 -13 14 -15 -16 17 19 -19 -20 20 -22 -23 -24
leaf_value=-0.0037454547680911237 0.042164416046778959 0.010586152776658867 -0.0017308545252758102 0.00068910679258701315 -0.0038455231641083346 0.0045879999954180298 0.0084509401066398624 0.0051092951587572936 -0.00086152497713870883 -0.0012563031361653015 -0.00089103739240630343 -0.0011192078853272502 0.0048611107220472537 0.0312953798143474 0.0015454230944585133 0.001242340257991692 0.0013719978451129753 0.0010799259706889706 -0.00096850890139928147 -0.00069811252789640863 0.0018712667625929132 -0.0029227961056711043 -0.0013296249744825081
leaf_weight=1056 372 564 69 49 219 96 239 80 98 104 65 370 26 175 74 42 130 36 82 116 67 20 50
leaf_count=1056 372 564 69 49 219 96 239 80 98 104 65 370 26 175 74 42 130 36 82 116 67 20 50
internal_value=-0.00203025 0.00741445 0.00346855 -0.0176369 -0.00808042 0.00141791 0.00887553 0.0076383 0.00428453 -0.0213793 -0.0168605 -0.0076969 0.0026908 0.0220377 0.0095 -0.00382096 0.00103406 -0.0009375 -0.00362903 0.00279553 -0.000136612 0.0107744 -0.0197955
internal_weight=4199 2620 2073 1579 659 325 1414 1175 591 1160 334 419 511 547 100 229 411 160 124 313 183 584 269
internal_count=4199 2620 2073 1579 659 325 1414 1175 591 1160 334 419 511 547 100 229 411 160 124 313 183 584 269
cat_boundaries=0 1 2 3 4
cat_threshold=67 32 132 132
is_linear=0
shrinkage=0.05


Tree=17
num_leaves=24
num_cat=0
split_feature=3 7 4 7 7 4 7 16 16 5 9 9 10 15 5 16 5 5 15 15 11 16 5
split_gain=83.1089 24.1365 25.9666 23.7045 4.39137 2.79697 2.72492 2.34289 2.28071 2.73999 2.09162 1.8909 1.95434 1.84082 1.41746 1.33273 1.55145 2.46118 1.13843 1.47965 1.0924 1.03991 1.30325
threshold=1.0000000180025095e-35 1.5000000000000002 1.0000000180025095e-35 1.0000000180025095e-35 2.5000000000000004 1.0000000180025095e-35 1.0000000180025095e-35 1.0000000180025095e-35 1.0000000180025095e-35 0.64337206274225478 11438.948478213466 72529.650522627227 1.5000000000000002 15.976611032343117 0.7376789738161762 1.0000000180025095e-35 1.0341220573097172 1.1742771550500766 85.918700510599209 15.976611032343117 1.070327964111798 1.4758333333333338 1.1943901211755916
decision_type=2 2 2 2 2 2 2 2 2 2 2 2 2 2 2 2 2 2 2 2 2 2 2
left_child=1 2 8 -2 7 10 -4 -5 -1 -10 13 12 21 -3 -9 -12 -17 -18 19 -14 -16 22 -11
right_child=3 5 6 4 -6 -7 -8 14 9 11 15 -13 18 -15 20 16 17 -19 -20 -21 -22 -23 -24
leaf_value=0.0067659640120889576 -0.0035581820296865675 0.00068358158171431956 -0.002911270234574664 5.8610312836010484e-05 7.5481880915641286e-05 0.0013755701038152838 -0.0004700697869074275 -0.0019388605077435999 0.005938112471949095 0.0014353211917087216 0.01210246117331118 -0.0024739473730193522 0.0059181934900513385 0.0089183439831680752 -0.0013778390289190191 0.0066036336448206034 -0.0014558871879787501 0.0054631001345303853 0.0087151743517421641 -0.0017111222353036592 0.00016659321258773383 0.00094413459543741531 0.0064759668054808206
leaf_weight=176 653 34 455 49 190 341 126 54 131 149 26 34 25 403 276 108 36 51 23 146 20 629 64
leaf_count=176 653 34 455 49 190 341 126 54 131 149 26 34 25 403 276 108 36 51 23 146 20 629 64
internal_value=-0.00214932 0.00240954 -0.00081716 -0.0130032 -0.00573005 0.00873373 -0.00968158 -0.00870927 0.00292302 0.00214405 0.0106383 0.00130841 0.00168919 0.012643 -0.0101429 0.00667421 0.00525641 0.000287356 -0.00283505 -0.00423977 -0.00878378 0.00273159 0.00575117
internal_weight=4199 2957 1958 1242 589 999 581 399 1377 1201 658 1070 1036 437 350 221 195 87 194 171 296 842 213
internal_count=4199 2957 1958 1242 589 999 581 399 1377 1201 658 1070 1036 437 350 221 195 87 194 171 296 842 213
is_linear=0
shrinkage=0.05


Tree=18
num_leaves=24
num_cat=5
split_feature=0 0 4 7 0 7 7 7 0 7 7 4 16 19 5 4 17 2 7 9 16 1 9
split_gain=234.262 59.2703 46.824 27.0153 21.1051 10.0831 7.20584 6.14891 5.11636 4.69365 3.70873 2.97057 2.93823 1.98303 2.21387 1.78701 1.69471 1.50932 1.69283 1.3919 1.38781 1.32025 1.27573
threshold=0 1 1.0000000180025095e-35 1.5000000000000002 2 1.0000000180025095e-35 1.5000000000000002 1.0000000180025095e-35 3 1.0000000180025095e-35 2.5000000000000004 1.0000000180025095e-35 1.0000000180025095e-35 1.0000000180025095e-35 1.012892594377331 1.0000000180025095e-35 74.884166666666673 2035.5000000000002 1.5000000000000002 4753.4794924014959 1.0000000180025095e-35 4 3181.0355538923268
decision_type=1 1 2 2 1 2 2 2 1 2 2 2 2 2 2 2 2 2 2 2 2 1 2
left_child=3 11 6 9 5 -4 8 -6 -3 -1 15 -2 -10 14 -14 -5 22 -13 -19 -17 -8 -11 -9
right_child=1 2 4 10 7 -7 20 16 12 21 -12 17 13 -15 -16 19 -18 18 -20 -21 -22 -23 -24
leaf_value=-0.0035830064129289498 0.039969591116966768 0.0086298948272944664 -0.0014180581923944669 -0.002060978910942886 -0.0035817771083738233 0.0035516926532543252 0.01149733811464562 4.1140599091396557e-06 0.0038638927814990637 -0.0019079108903005959 -0.00042618608338077516 0.030213368844925027 7.7912743975439017e-05 0.00024050067757213912 -0.0024762371299852748 9.1638617090215874e-05 -0.0019792510792631932 0.022581600558593574 0.036134494256912335 -0.001211498951423984 0.0069819573187163714 -0.0020520949508349286 -0.0012506719335279332
leaf_weight=816 372 477 157 177 168 168 62 41 64 37 238 115 29 348 26 41 65 37 23 40 408 230 60
leaf_count=816 372 477 157 177 168 168 62 41 64 37 238 115 29 348 26 41 65 37 23 40 408 230 60
internal_value=-0.0022684 0.00690114 0.00298848 -0.0174166 -0.00800455 0.00126866 0.00813296 -0.0165698 0.00561441 -0.0219529 -0.0078629 0.0214093 0.00172956 0.000186104 -0.00863636 -0.0120155 -0.010241 0.0164286 0.01 -0.0058642 0.0131915 -0.0161985 -0.00618812
internal_weight=4199 2620 2073 1579 659 325 1414 334 944 1083 496 547 467 403 55 258 166 175 60 81 470 267 101
internal_count=4199 2620 2073 1579 659 325 1414 334 944 1083 496 547 467 403 55 258 166 175 60 81 470 267 101
cat_boundaries=0 1 2 3 4 5
cat_threshold=67 32 132 132 4
is_linear=0
shrinkage=0.05


Tree=19
num_leaves=24
num_cat=5
split_feature=0 3 4 0 0 7 4 7 0 7 0 7 3 4 7 7 17 4 3 9 16 5 14
split_gain=224.183 164.584 59.7951 60.0387 37.9423 28.3413 11.7361 8.49276 7.64345 6.72779 5.26693 5.7223 3.75473 4.10623 3.69049 3.25404 3.09797 2.89323 1.9492 1.73333 1.60409 1.53373 1.53052
threshold=0 1.0000000180025095e-35 1.0000000180025095e-35 1 2 1.0000000180025095e-35 1.0000000180025095e-35 1.0000000180025095e-35 3 2.5000000000000004 4 1.0000000180025095e-35 1.0000000180025095e-35 1.0000000180025095e-35 1.0000000180025095e-35 1.5000000000000002 74.884166666666673 1.0000000180025095e-35 1.0000000180025095e-35 1234.5197469367079 1.0000000180025095e-35 1.0264471337233452 8680.321420592405
decision_type=1 2 2 1 1 2 2 2 1 2 1 2 2 2 2 2 2 2 2 2 2 2 2
left_child=5 2 8 10 6 -1 -3 22 -2 12 -4 -12 13 -7 -5 20 17 -9 -11 -20 -10 -19 -6
right_child=1 4 3 14 7 9 -8 16 15 18 11 -13 -14 -15 -16 -17 -18 21 19 -21 -22 -23 -24
leaf_value=-0.0034038560922825022 0.019137730850448481 0.010569755785634061 0.031865852508794874 -0.0039394462013255752 -0.0040080936822374002 -0.0027743425737656912 -0.0036845373422224798 -0.0020608794881765108 0.0058002344196259603 -0.00064316993670468232 8.5822601961617345e-05 0.0052656492212134233 -0.0006780677598597917 -0.00079020586789574224 -0.0017616041619466741 0.0059079270259495753 -0.0021630366700878113 -0.0011072595709624531 -0.00051491088832162637 0.00094878581395583671 0.0018065641339897187 0.00083966862417786533 -0.0040324073394538834
leaf_weight=816 772 102 132 126 21 252 43 106 48 173 104 119 164 109 119 156 131 31 26 39 281 25 304
leaf_count=816 772 102 132 126 21 252 43 106 48 173 104 119 164 109 119 156 131 31 26 39 281 25 304
internal_value=-0.00212551 0.00684411 0.0149031 0.00191667 -0.0126802 -0.0169446 0.0101613 -0.017914 0.0211018 -0.0101245 0.014863 0.00912017 -0.0132857 -0.0161357 -0.0167647 0.014899 -0.0120307 -0.00740741 -0.00315126 0.00423077 0.012386 0.00178571 -0.0237692
internal_weight=4199 2620 1857 600 763 1579 145 618 1257 763 355 223 525 361 245 485 293 162 238 65 329 56 325
internal_count=4199 2620 1857 600 763 1579 145 618 1257 763 355 223 525 361 245 485 293 162 238 65 329 56 325
cat_boundaries=0 1 2 3 4 5
cat_threshold=67 164 32 164 32
is_linear=0
shrinkage=0.05


Tree=20
num_leaves=24
num_cat=0
split_feature=3 7 7 4 7 7 14 16 16 17 14 4 16 14 9 5 5 5 5 2 5 14 9
split_gain=77.7201 23.2673 23.2435 19.1589 4.94094 4.04114 3.35039 2.61052 2.17401 2.14276 2.3599 2.08949 2.44387 1.73948 1.69456 1.66813 2.02289 1.7695 1.58524 1.55925 1.52385 1.44823 1.42894
threshold=1.0000000180025095e-35 1.0000000180025095e-35 1.0000000180025095e-35 1.0000000180025095e-35 2.5000000000000004 2.5000000000000004 5539.9792550111761 1.0000000180025095e-35 1.0000000180025095e-35 74.884166666666673 32768.411137658324 1.0000000180025095e-35 3.485125 139348.44037165164 2614.0335820877335 0.91337345033287376 1.264078397058507 1.2179910055458631 0.7376789738161762 2038.5000000000002 1.3618862516084771 40285.991570939485 11537.193013450045
decision_type=2 2 2 2 2 2 2 2 2 2 2 2 2 2 2 2 2 2 2 2 2 2 2
left_child=2 6 3 9 7 8 -2 -4 21 10 14 15 20 22 -1 -9 17 -17 -10 -11 -13 -3 -6
right_child=1 5 4 -5 13 -7 -8 11 18 19 -12 12 -14 -15 -16 16 -18 -19 -20 -21 -22 -23 -24
leaf_value=-0.00086556697095508674 -0.00084588251848726067 -0.00061199401609902536 0.0084437014518081079 -0.002441486690902538 0.0048842252196678289 4.7608706956751151e-05 -0.0030309298029416662 0.0046295802620976243 -0.0019020925978583967 -0.0007260323636057997 0.0039671342787998554 0.00046907858342249494 -0.0018399121173911669 0.0061355669281173003 0.0031084358929229176 0.0011315638908659402 0.0069379816849161674 -0.0013183364346096183 -0.0013303408214115681 0.002845408815086087 -0.0016611043799893144 0.0008461119912085706 0.0015291305768378631
leaf_weight=149 22 23 113 455 308 190 631 226 54 403 353 186 43 71 84 240 91 33 296 53 21 26 128
leaf_count=149 22 23 113 455 308 190 631 226 54 403 353 186 43 71 84 240 91 33 296 53 21 26 128
internal_value=-0.00218504 -0.0126812 0.00222354 -0.00215431 0.00671233 -0.00547538 -0.0191807 0.00459077 -0.00833333 0.00158349 0.00358362 0.00363095 -0.0002 0.0107002 -0.000321888 0.00525424 0.00315934 0.00100733 -0.00971429 -0.000986842 0.00205314 0.00153061 0.00951835
internal_weight=4199 1242 2957 1497 1460 589 653 953 399 1042 586 840 250 507 233 590 364 273 350 456 207 49 436
internal_count=4199 1242 2957 1497 1460 589 653 953 399 1042 586 840 250 507 233 590 364 273 350 456 207 49 436
is_linear=0
shrinkage=0.05


Tree=21
num_leaves=24
num_cat=3
split_feature=0 3 0 4 3 0 7 4 4 7 3 4 7 7 7 7 7 16 8 15 7 9 16
split_gain=222.935 129.855 48.8426 39.8615 60.0665 32.7548 27.0606 11.3696 8.46677 6.42494 6.33751 5.62283 3.88067 3.69276 3.48863 3.24597 2.43161 1.66149 1.49447 1.49587 1.4846 1.48178 1.36042
threshold=0 1.0000000180025095e-35 1 1.0000000180025095e-35 1.0000000180025095e-35 2 1.0000000180025095e-35 1.0000000180025095e-35 1.0000000180025095e-35 1.0000000180025095e-35 1.0000000180025095e-35 1.0000000180025095e-35 1.5000000000000002 1.0000000180025095e-35 2.5000000000000004 1.0000000180025095e-35 1.5000000000000002 1.0000000180025095e-35 1.0000000180025095e-35 29.444619765755768 2.5000000000000004 1234.5197469367079 1.4758333333333338
decision_type=1 2 1 2 2 1 2 2 2 2 2 2 2 2 2 2 2 2 2 2 2 2 2
left_child=1 8 3 4 13 7 -4 -3 -1 -5 11 14 -6 -2 -8 -10 -7 -12 -13 -20 -19 -22 -18
right_child=2 5 6 9 12 16 10 -9 15 -11 17 18 -14 -15 -16 -17 22 20 19 -21 21 -23 -24
leaf_value=0.017977466062136273 0.0017525375454705229 0.010192814486499441 -0.0031115889531232507 -0.0030495213958353549 -0.0033479518504529204 -0.004102180039885538 -0.002857302408385087 -0.0034337934340407774 0.0043253437835039212 -0.0013450676236655516 0.00085391510124784714 -0.0010937588036352545 -0.0014731182254528353 0.0045154600073223318 -0.00098444095170573814 0.0085983423000902098 -0.00072504454881565025 -0.00063302794439957372 -0.0020038334900330801 0.00025225117111106027 -0.00051366539820565666 0.00084784512346879623 -0.001897029717449117
leaf_weight=772 253 102 816 168 138 227 252 43 170 166 25 81 71 232 119 185 30 147 20 62 23 34 63
leaf_count=772 253 102 816 168 138 227 252 43 170 166 25 81 71 232 119 185 30 147 20 62 23 34 63
internal_value=-0.0022803 0.012422 -0.0112629 -0.0026975 0.00410663 -0.00973118 -0.0167873 0.00983871 0.0216726 -0.0169162 -0.0101245 -0.0131086 -0.0183014 0.0137629 -0.0165094 0.0152817 -0.0183333 -0.00316594 -0.0053681 -0.000609756 -0.00465686 0.00219298 -0.0120968
internal_weight=4199 1592 2607 1028 694 465 1579 145 1127 334 763 534 209 485 371 355 320 229 163 82 204 57 93
internal_count=4199 1592 2607 1028 694 465 1579 145 1127 334 763 534 209 485 371 355 320 229 163 82 204 57 93
cat_boundaries=0 1 2 3
cat_threshold=164 24 32
is_linear=0
shrinkage=0.05


Tree=22
num_leaves=24
num_cat=3
split_feature=0 3 0 4 3 0 7 4 4 7 3 4 7 7 7 7 7 14 16 8 15 16 14
split_gain=218.903 126.629 47.1044 37.3787 57.65 32.0702 27.131 11.3696 8.74519 6.71042 6.25801 5.22213 3.68765 3.66257 3.65723 3.10026 2.42987 1.60652 1.60238 1.49447 1.49587 1.45932 1.36668
threshold=0 1.0000000180025095e-35 1 1.0000000180025095e-35 1.0000000180025095e-35 2 1.0000000180025095e-35 1.0000000180025095e-35 1.0000000180025095e-35 1.0000000180025095e-35 1.0000000180025095e-35 1.0000000180025095e-35 1.5000000000000002 1.0000000180025095e-35 1.0000000180025095e-35 2.5000000000000004 1.0000000180025095e-35 46697.539181274136 1.0000000180025095e-35 1.0000000180025095e-35 29.444619765755768 1.4758333333333338 17090.21370564065
decision_type=1 2 1 2 2 1 2 2 2 2 2 2 2 2 2 2 2 2 2 2 2 2 2
left_child=1 8 3 4 13 7 -4 -3 -1 -5 11 15 -6 -2 -10 -8 22 -11 -12 -13 -21 -18 -7
right_child=2 5 6 9 12 16 10 -9 14 17 18 19 -14 -15 -16 -17 21 -19 -20 20 -22 -23 -24
leaf_value=0.017078592759029461 0.0016649106681969979 0.0096831737621744692 -0.0029560095054670878 -0.0028970453260435871 -0.0031805542579302747 -0.0031290312444841326 -0.0027144372879658331 -0.0032621037623387391 0.0041090765943287257 -0.00010835980096196227 0.0008112193461854545 -0.0010390708634534917 -0.0013994623141801929 0.0042896870069562155 0.0081684251850856985 -0.00093521890412045095 -0.0011577657140323474 -0.0014781974858403839 -0.00041966149631447877 -0.0019036418155314262 0.00023963861255550737 -0.0022903519363051891 -0.0042779728905138889
leaf_weight=772 253 102 816 168 138 21 252 43 170 67 25 81 71 232 185 119 46 99 204 20 62 103 150
leaf_count=772 253 102 816 168 138 21 252 43 170 67 25 81 71 232 185 119 46 99 204 20 62 103 150
internal_value=-0.00220886 0.0123596 -0.01111 -0.0026975 0.00389049 -0.00951613 -0.0165356 0.00983871 0.0214951 -0.0164671 -0.00986239 -0.0128277 -0.0180622 0.0133505 0.015 -0.0161051 -0.0180303 -0.00933735 -0.0029476 -0.0053681 -0.000609756 -0.0139262 -0.0226608
internal_weight=4199 1592 2607 1028 694 465 1579 145 1127 334 763 534 209 485 355 371 320 166 229 163 82 149 171
internal_count=4199 1592 2607 1028 694 465 1579 145 1127 334 763 534 209 485 355 371 320 166 229 163 82 149 171
cat_boundaries=0 1 2 3
cat_threshold=164 24 32
is_linear=0
shrinkage=0.05


Tree=23
num_leaves=24
num_cat=4
split_feature=0 3 0 4 3 0 7 4 4 0 7 7 3 4 7 7 7 7 16 19 16 8 15
split_gain=209.046 120.245 44.4365 33.9399 52.1275 31.3926 26.4453 11.3696 9.88171 7.60455 7.29646 6.93856 5.79255 4.71091 3.74957 3.13814 2.61808 2.45395 1.92405 1.61876 1.60238 1.49447 1.49587
threshold=0 1.0000000180025095e-35 1 1.0000000180025095e-35 1.0000000180025095e-35 2 1.0000000180025095e-35 1.0000000180025095e-35 1.0000000180025095e-35 3 1.0000000180025095e-35 1.0000000180025095e-35 1.0000000180025095e-35 1.0000000180025095e-35 1.5000000000000002 1.5000000000000002 2.5000000000000004 1.0000000180025095e-35 1.0000000180025095e-35 1.0000000180025095e-35 1.0000000180025095e-35 1.0000000180025095e-35 29.444619765755768
decision_type=1 2 1 2 2 1 2 2 2 1 2 2 2 2 2 2 2 2 2 2 2 2 2
left_child=1 8 3 4 14 7 -4 -3 -1 -10 -5 -11 13 16 18 -6 -8 -7 -2 -20 -14 -15 -23
right_child=2 5 6 10 15 17 12 -9 9 11 -12 -13 20 21 -16 -17 -18 -19 19 -21 -22 22 -24
leaf_value=0.016224663121077988 0.005014407466612707 0.0091990150740657479 -0.0028082090301937337 -0.0027521930597414076 -0.0030215265450337608 -0.0039250178670126841 -0.0025787154235675414 -0.0030989985742218007 0.029727269873745521 -0.00021811521248296802 -0.0012063891718364233 0.0041405744567228316 0.00077065837887618229 -0.00098711732028081709 0.0048454412810905265 -0.001329489198471183 -0.00088845795891442795 -0.0021628842979941458 -0.00021015425123777911 0.0016279330972085726 -0.00039867842149875492 -0.0018084597247548545 0.00022765668192773169
leaf_weight=772 48 102 816 168 138 171 252 43 132 104 166 119 25 81 156 71 119 149 35 246 204 20 62
leaf_count=772 48 102 816 168 138 171 252 43 132 104 166 119 25 81 156 71 119 149 35 246 204 20 62
internal_value=-0.00222077 0.0120162 -0.010919 -0.00274566 0.00353026 -0.00930108 -0.0161894 0.00983871 0.0209184 0.0140141 -0.0158683 0.00718884 -0.00960026 -0.0124532 0.0125258 -0.0173445 -0.015566 -0.0177273 0.00949848 0.00791815 -0.0029476 -0.0053681 -0.000609756
internal_weight=4199 1592 2607 1028 694 465 1579 145 1127 355 334 223 763 534 485 209 371 320 329 281 229 163 82
internal_count=4199 1592 2607 1028 694 465 1579 145 1127 355 334 223 763 534 485 209 371 320 329 281 229 163 82
cat_boundaries=0 1 2 3 4
cat_threshold=164 24 32 32
is_linear=0
shrinkage=0.05


Tree=24
num_leaves=24
num_cat=3
split_feature=0 0 4 7 0 7 4 7 7 7 4 4 16 19 14 7 16 5 5 2 7 20 5
split_gain=201.833 42.7203 31.633 26.8186 26.0245 10.0527 8.55566 7.90703 6.21026 3.66951 2.59183 2.27843 2.10975 2.19209 1.8468 1.82531 1.71217 1.51919 1.40558 1.37814 1.69283 1.30858 1.29672
threshold=0 1 1.0000000180025095e-35 1.0000000180025095e-35 2 1.0000000180025095e-35 1.0000000180025095e-35 1.0000000180025095e-35 1.5000000000000002 2.5000000000000004 1.0000000180025095e-35 1.0000000180025095e-35 1.0000000180025095e-35 1.0000000180025095e-35 46697.539181274136 2.5000000000000004 1.0000000180025095e-35 1.012892594377331 0.75606233012901958 2035.5000000000002 1.5000000000000002 1.0000000180025095e-35 1.1742771550500766
decision_type=1 1 2 2 1 2 2 2 2 2 2 2 2 2 2 2 2 2 2 2 2 2 2
left_child=4 2 8 -3 10 6 -6 -4 12 11 -1 -5 -2 17 -9 21 -10 -14 -18 -12 -21 -7 -13
right_child=1 3 7 9 5 15 -8 14 16 -11 19 22 13 -15 -16 -17 18 -19 -20 20 -22 -23 -24
leaf_value=0.034355551128366482 0.0030623108128582602 -0.0026677985786840467 -0.002614583406754337 -0.0018428989764073533 0.003814783892479487 0.00070751557543641611 -0.0011053720812981116 -4.2622352322042871e-05 0.0076320084891807723 -0.00033892660860189303 0.024986203089638989 -0.0010003803388847266 -0.00031894623879861198 5.9626638954675405e-05 -0.0013439681529565429 0.0082706441792617987 0.0034003805878933717 -0.0019402652038297903 0.0016505805617721581 0.018073217727190366 0.030165563789697515 0.0060622151260964312 5.8491900101675932e-05
leaf_weight=372 64 816 168 369 362 35 157 67 34 238 115 109 29 348 99 189 34 26 159 37 23 302 47
leaf_count=372 64 816 168 369 362 35 157 67 34 238 115 109 29 348 99 189 34 26 159 37 23 302 47
internal_value=-0.00206597 -0.0106133 -0.00260116 -0.0157804 0.0119226 0.0071327 0.00226397 -0.0152695 0.00345821 -0.00914155 0.020781 -0.0114762 0.0001606 -0.00117866 -0.00753012 0.0120722 0.0102423 -0.0104545 0.00841969 0.0161429 0.01 0.00986647 -0.00641026
internal_weight=4199 2607 1028 1579 1592 1045 519 334 694 763 547 525 467 403 166 526 227 55 193 175 60 337 156
internal_count=4199 2607 1028 1579 1592 1045 519 334 694 763 547 525 467 403 166 526 227 55 193 175 60 337 156
cat_boundaries=0 1 2 3
cat_threshold=164 24 32
is_linear=0
shrinkage=0.05


Tree=25
num_leaves=24
num_cat=4
split_feature=0 3 0 4 3 0 7 4 4 0 7 7 3 4 7 7 7 3 7 8 17 14 19
split_gain=189.622 120.64 40.7227 29.1731 48.7161 28.7197 26.1542 11.1424 8.91291 7.87904 7.31063 5.30402 5.1996 3.91089 3.60354 2.79642 2.30862 2.18291 1.76598 1.69087 1.68813 1.67734 1.50627
threshold=0 1.0000000180025095e-35 1 1.0000000180025095e-35 1.0000000180025095e-35 2 1.0000000180025095e-35 1.0000000180025095e-35 1.0000000180025095e-35 3 1.0000000180025095e-35 1.0000000180025095e-35 1.0000000180025095e-35 1.0000000180025095e-35 1.5000000000000002 1.5000000000000002 2.5000000000000004 1.0000000180025095e-35 1.5000000000000002 1.0000000180025095e-35 1.0000000180025095e-35 46697.539181274136 1.0000000180025095e-35
decision_type=1 2 1 2 2 1 2 2 2 1 2 2 2 2 2 2 2 2 2 2 2 2 2
left_child=1 8 3 4 14 7 17 -3 -1 -10 -5 -11 13 16 20 -6 -8 -4 -7 -15 -2 -12 -22
right_child=2 5 6 10 15 18 12 -9 9 11 21 -13 -14 19 -16 -17 -18 -19 -20 -21 22 -23 -24
leaf_value=0.015146196727909079 0.0046105715526391601 0.0070212867639441352 -0.0033353633369433131 -0.0024838542364166204 -0.0028859305217400462 -0.0037302621661822184 -0.0023576347035687969 -0.0043257718773434539 0.0269915962255763 -0.00015194084779391188 -4.0491234705940937e-05 0.0036304349775818675 -0.00020067104969717018 -0.00088774243732254044 0.0043796028217728085 -0.0013455437666362328 -0.00082708873053861237 -0.0023022030094211766 -0.001506238272322981 -4.1295741923911417e-05 -0.00016481263309243988 -0.0012767697453087161 0.0015435551104004076
leaf_weight=772 48 102 566 168 138 227 252 43 132 104 67 119 229 81 156 71 119 250 93 82 35 99 246
leaf_count=772 48 102 566 168 138 227 252 43 132 104 67 119 229 81 156 71 119 250 93 82 35 99 246
internal_value=-0.00204215 0.0115169 -0.0103267 -0.00250482 0.00331412 -0.00983871 -0.0153713 0.00854839 0.0204303 0.0138732 -0.0146707 0.00697425 -0.00881389 -0.0115169 0.0120103 -0.016866 -0.0143531 -0.0216912 -0.0178788 -0.00506135 0.00904255 -0.00722892 0.00756228
internal_weight=4199 1592 2607 1028 694 465 1579 145 1127 355 334 223 763 534 485 209 371 816 320 163 329 166 281
internal_count=4199 1592 2607 1028 694 465 1579 145 1127 355 334 223 763 534 485 209 371 816 320 163 329 166 281
cat_boundaries=0 1 2 3 4
cat_threshold=164 24 32 32
is_linear=0
shrinkage=0.05


Tree=26
num_leaves=24
num_cat=3
split_feature=0 0 0 4 7 7 7 4 7 7 4 16 19 4 7 14 5 7 16 15 9 14 16
split_gain=182.549 38.7729 27.1562 26.1276 24.992 8.74234 7.02641 6.51067 5.67217 3.43179 2.22789 2.21825 2.07638 1.71822 1.59904 1.55052 1.51919 1.4962 1.55202 1.54937 2.67766 2.51304 1.45463
threshold=0 1 2 1.0000000180025095e-35 1.0000000180025095e-35 1.0000000180025095e-35 1.0000000180025095e-35 1.0000000180025095e-35 1.5000000000000002 2.5000000000000004 1.0000000180025095e-35 1.0000000180025095e-35 1.0000000180025095e-35 1.0000000180025095e-35 2.5000000000000004 46697.539181274136 1.012892594377331 2.5000000000000004 1.0000000180025095e-35 63.428882786693556 8257.9167096019974 82905.803049356924 1.0000000180025095e-35
decision_type=1 1 1 2 2 2 2 2 2 2 2 2 2 2 2 2 2 2 2 2 2 2 2
left_child=2 3 10 8 -3 7 -5 -4 11 13 -1 -2 16 -6 15 -8 -13 18 -7 20 -20 -21 -10
right_child=1 4 5 6 9 17 14 -9 22 -11 -12 12 -14 -15 -16 -17 -18 -19 19 21 -22 -23 -24
leaf_value=0.031880551888066148 0.0026786666945833901 -0.0023676404829026786 0.0028667348614600605 -0.0023596615245957894 -0.0016855803398280905 0.010909648065287665 -0.00059838759744086645 -0.0010425064348435098 0.0070314279236330934 -0.00030889510373093498 0.021980838771128625 -0.00029475829520405895 7.1319652236168096e-06 -0.00070610459009794527 -9.7793319659007791e-05 -0.0014880862050241897 -0.001766983364767489 0.0073308254165902536 0.0041605270233124768 0.0069324343372678988 -0.0021593058676129318 0.0042301389887646635 0.0018468922594880588
leaf_weight=372 64 816 362 168 369 47 45 157 34 238 175 29 348 156 68 53 26 189 117 48 35 90 193
leaf_count=372 64 816 362 168 369 47 45 157 34 238 175 29 348 156 68 53 26 189 117 48 35 90 193
internal_value=-0.00191117 -0.0100401 0.011392 -0.00240848 -0.0149622 0.00651659 -0.0139222 0.00197495 0.00309798 -0.00855177 0.0204219 -5.35332e-05 -0.0014268 -0.0108095 -0.00662651 -0.0107143 -0.0104545 0.0111217 0.00912463 0.00775862 0.00427632 0.0115942 0.0095815
internal_weight=4199 2607 1592 1028 1579 1045 334 519 694 763 547 467 403 525 166 98 55 526 337 290 152 138 227
internal_count=4199 2607 1592 1028 1579 1045 334 519 694 763 547 467 403 525 166 98 55 526 337 290 152 138 227
cat_boundaries=0 1 2 3
cat_threshold=164 24 32
is_linear=0
shrinkage=0.05


Tree=27
num_leaves=24
num_cat=4
split_feature=0 3 0 0 7 4 3 4 4 0 7 3 7 4 7 16 14 7 7 3 5 7 14
split_gain=174.712 124.19 36.2481 25.7536 24.5748 24.3547 45.1923 10.5641 8.4575 8.15647 7.62218 5.79155 4.43611 3.47025 3.46157 2.34793 2.25333 2.21395 2.18029 2.05131 1.64957 1.6476 1.63196
threshold=0 1.0000000180025095e-35 1 2 1.0000000180025095e-35 1.0000000180025095e-35 1.0000000180025095e-35 1.0000000180025095e-35 1.0000000180025095e-35 3 1.0000000180025095e-35 1.0000000180025095e-35 1.0000000180025095e-35 1.0000000180025095e-35 2.5000000000000004 1.0000000180025095e-35 8680.321420592405 2.5000000000000004 1.5000000000000002 1.0000000180025095e-35 1.1347049787747847 1.0000000180025095e-35 46234.081037188625
decision_type=1 2 1 1 2 2 2 2 2 1 2 2 2 2 2 2 2 2 2 2 2 2 2
left_child=1 8 5 7 19 6 14 21 -1 -10 -7 13 -11 17 15 -2 -5 -6 -8 -4 -17 -3 -15
right_child=2 3 4 16 11 10 18 -9 9 12 -12 -13 -14 22 -16 20 -18 -19 -20 -21 -22 -23 -24
leaf_value=0.014130319560475564 0.0047611589216810593 0.0031542654123029425 -0.0030502131459510134 -0.0024049348193183519 -0.0021554739513989524 -0.0022416784483659997 -0.0027925380821030329 -0.005208525222032712 0.024542974475741049 -9.2218483662041831e-05 -0.0009762140160531692 -0.0001147923609846599 0.0030988299113356432 -0.00097961106633109797 0.0055384783435896536 0.0019546470193413075 -0.0030442642075913882 -0.00077028953882513497 -0.0014452718069277533 -0.0020687108348049839 0.00086272223388512428 0.0075407826184084679 -0.00012234945094049404
leaf_weight=772 66 54 566 20 252 168 138 43 132 104 166 229 119 73 65 227 300 119 71 250 127 48 90
leaf_count=772 66 54 566 20 252 168 138 43 132 104 166 229 119 73 65 227 300 119 71 250 127 48 90
internal_value=-0.00193498 0.0110799 -0.00988728 -0.0105914 -0.0146476 -0.00250482 0.0028098 0.00693548 0.0201198 0.0137324 -0.0136228 -0.00828965 0.00675966 -0.0111423 0.0111856 0.00952381 -0.0181818 -0.013814 -0.0166268 -0.0207721 0.0079096 0.0161765 -0.00506135
internal_weight=4199 1592 2607 465 1579 1028 694 145 1127 355 334 763 223 534 485 420 320 371 209 816 354 102 163
internal_count=4199 1592 2607 465 1579 1028 694 145 1127 355 334 763 223 534 485 420 320 371 209 816 354 102 163
cat_boundaries=0 1 2 3 4
cat_threshold=164 24 32 32
is_linear=0
shrinkage=0.05


Tree=28
num_leaves=24
num_cat=5
split_feature=0 3 7 0 0 3 0 3 3 0 7 7 16 3 16 2 14 7 11 16 9 14 9
split_gain=160.828 120.071 37.4172 24.0745 18.4276 13.3002 13.1934 8.73948 5.5651 4.0582 5.1339 3.05296 2.64687 2.64326 2.28873 2.27922 2.21021 1.95907 1.41615 2.15344 1.37069 1.369 1.35006
threshold=0 1.0000000180025095e-35 1.0000000180025095e-35 1 2 1.0000000180025095e-35 3 1.0000000180025095e-35 1.0000000180025095e-35 4 1.0000000180025095e-35 1.0000000180025095e-35 1.0000000180025095e-35 1.0000000180025095e-35 1.0000000180025095e-35 2036.5000000000002 8680.321420592405 2.5000000000000004 0.22624289212135465 1.0000000180025095e-35 5909.3416764653275 76593.118290734303 3682.7909514043681
decision_type=1 2 2 1 1 2 1 2 2 1 2 2 2 2 2 2 2 2 2 2 2 2 2
left_child=1 9 4 11 5 18 7 12 17 -1 14 15 -4 -6 -11 -3 -5 20 19 -2 22 -22 -8
right_child=2 3 6 16 13 -7 8 -9 -10 10 -12 -13 -14 -15 -16 -17 -18 -19 -20 -21 21 -23 -24
leaf_value=0.030243495318722287 0.0021482780909211504 0.002461303921720909 0.0052514557927735434 -0.0022846880783524335 -0.002897702488653463 -0.0021295945259476997 -0.0012298493973397985 -0.00077506342575587098 -0.00010905274293542683 0.014109323840958449 0.0079900403034391942 0.0044002934376892238 0.0011440635536207639 -0.0019652752930647346 0.0027239577735199694 -0.0054525916741956408 -0.0028920509972118189 -0.00056901646741469862 -0.001114020736193483 -0.00036876620260748626 -0.0022686107372609553 -0.0016513261993671856 0.00012243752212437038
leaf_weight=402 28 56 61 20 566 154 160 144 229 44 377 67 290 250 304 22 300 173 123 228 72 107 22
leaf_count=402 28 56 61 20 566 154 160 144 229 44 377 67 290 250 304 22 300 173 123 228 72 107 22
internal_value=-0.00187545 0.0106117 -0.00950516 -0.0106989 -0.0153262 -0.00759669 -0.00333863 0.0030198 -0.00740621 0.0194987 0.0162245 0.00629032 0.00733618 -0.0200363 0.012069 0 -0.0180303 -0.0102996 -0.00270449 -0.000585938 -0.0123961 -0.0155028 -0.00934066
internal_weight=4199 1592 2607 465 1349 533 1258 495 763 1127 725 145 351 816 348 78 320 534 379 256 361 179 182
internal_count=4199 1592 2607 465 1349 533 1258 495 763 1127 725 145 351 816 348 78 320 534 379 256 361 179 182
cat_boundaries=0 1 2 3 4 5
cat_threshold=164 32 24 24 32
is_linear=0
shrinkage=0.05


Tree=29
num_leaves=24
num_cat=1
split_feature=3 7 7 4 4 36 16 7 14 14 17 16 7 16 14 7 1 5 5 9 16 5 2
split_gain=52.3628 24.8049 17.5881 9.69955 4.8662 3.21758 3.37958 2.53239 2.44284 2.25422 2.08526 1.85509 1.86391 1.6754 1.65638 1.64226 2.47856 1.93061 1.61569 1.6054 1.66187 1.82509 1.56293
threshold=1.0000000180025095e-35 1.0000000180025095e-35 1.0000000180025095e-35 1.0000000180025095e-35 1.0000000180025095e-35 0.94593265268936932 1.0000000180025095e-35 2.5000000000000004 7070.3627258293573 2748.6310034342155 74.884166666666673 1.0000000180025095e-35 2.5000000000000004 3.485125 32768.411137658324 2.5000000000000004 0 1.1523394282416142 0.80526734759815788 2180.1414509187912 1.4758333333333338 0.86607280868335701 2035.5000000000002
decision_type=2 2 2 2 2 2 2 2 2 2 2 2 2 2 2 2 1 2 2 2 2 2 2
left_child=1 3 8 10 9 6 -4 13 -2 -3 14 -11 19 -6 -1 17 -17 -8 22 20 21 -13 -14
right_child=2 4 5 -5 7 -7 15 -9 -10 11 -12 12 18 -15 -16 16 -18 -19 -20 -21 -22 -23 -24
leaf_value=-0.0008499462392640351 -0.00099248973657012568 0.04837798458215186 0.00060998626194948356 -0.0016130732067170567 0.00024145569859275603 0.003006471587402876 -0.001153030819527233 0.0010715433264439176 -0.001867011528411498 0.0074180917903934667 -0.00067635313704121494 0.0035000190632019246 0.0035928166920623423 -0.0013493850691683976 0.0018930860604109978 0.00044346390206964907 -0.00064198201957506177 -0.00066923944039419536 0.0052106178984554011 0.0010265853790788766 0.0042471418485681449 -0.00081406512983834905 -0.00069861828607524143
leaf_weight=233 31 20 67 455 238 23 239 186 622 114 456 22 61 43 353 79 81 100 200 338 175 43 20
leaf_count=233 31 20 67 455 238 23 239 186 622 114 456 22 61 43 353 79 81 100 200 338 175 43 20
internal_value=-0.00185163 0.00176699 -0.010467 -0.00275551 0.00640411 -0.00420204 -0.004947 0.00219486 -0.0161179 0.00838369 -9.59693e-05 0.00804214 0.0072468 -0.000800712 0.00187713 -0.00636273 -0.0021875 -0.00833333 0.0105872 0.00562284 0.00875 0.00192308 0.00462963
internal_weight=4199 2957 1242 1497 1460 589 566 467 653 993 1042 973 859 281 586 499 160 339 281 578 240 65 81
internal_count=4199 2957 1242 1497 1460 589 566 467 653 993 1042 973 859 281 586 499 160 339 281 578 240 65 81
cat_boundaries=0 1
cat_threshold=1
is_linear=0
shrinkage=0.05


Tree=30
num_leaves=24
num_cat=0
split_feature=3 7 7 4 4 16 14 36 7 16 11 16 9 10 14 7 9 5 15 15 2 14 14
split_gain=49.2937 20.5781 16.6956 8.29287 4.2075 2.90367 2.33482 2.23596 2.01843 1.99355 1.95197 1.6754 1.55453 1.53064 1.49658 1.48839 1.97784 1.74029 1.68067 1.47078 1.43254 1.42487 1.35066
threshold=1.0000000180025095e-35 1.0000000180025095e-35 1.0000000180025095e-35 1.0000000180025095e-35 1.0000000180025095e-35 1.0000000180025095e-35 7070.3627258293573 0.94593265268936932 2.5000000000000004 1.0000000180025095e-35 0.0034016240906390807 3.485125 526.9034872626363 1.0000000180025095e-35 180654.73601150259 2.5000000000000004 3363.9400976833381 1.1523394282416142 97.533064151323813 93.060280248681877 2036.5000000000002 106562.34762973191 139348.44037165164
decision_type=2 2 2 2 2 2 2 2 2 2 2 2 2 2 2 2 2 2 2 2 2 2 2
left_child=1 3 6 9 10 -4 -2 15 11 -1 -3 19 -8 -13 -11 17 18 -7 -17 20 -6 -21 -10
right_child=2 4 5 -5 8 7 12 -9 22 14 -12 13 -14 -15 -16 16 -18 -19 -20 21 -22 -23 -24
leaf_value=0.0027573763579167203 -0.00094286524974161951 0.0019957798227805525 0.00057948694885200938 -0.0015324195463812037 -0.00057239912233914079 -0.0010953792785508719 -0.0017736609519909232 0.0028561480080327331 0.00077032252127277184 -0.00017613339066600045 0.0044547462854069965 -0.0014615283018761045 -0.0017736609519909232 -0.0006927266939275007 -0.0023143518418082517 -0.00070381357371952368 0.00032337380908199417 -0.00063577746837448559 0.00043111798648166059 0.0020406082167260227 0.00060667420014879736 0.00034344197830950968 0.0025344798066430671
leaf_weight=134 31 553 67 455 126 239 176 23 165 883 440 20 446 23 25 51 88 100 21 33 36 43 21
leaf_count=134 31 553 67 455 126 239 176 23 165 883 440 20 446 23 25 51 88 100 21 33 36 43 21
internal_value=-0.00194689 0.00156409 -0.010306 -0.00255511 0.00578767 -0.00420204 -0.0158116 -0.00545977 0.00187366 -9.59693e-05 0.0076284 -0.000800712 -0.0164791 -0.00988372 -0.000936123 -0.00616232 -0.0021875 -0.00803835 -0.00833333 0.000840336 -0.00185185 0.00657895 0.00591398
internal_weight=4199 2957 1242 1497 1460 589 653 522 467 1042 993 281 622 43 908 499 160 339 72 238 162 76 186
internal_count=4199 2957 1242 1497 1460 589 653 522 467 1042 993 281 622 43 908 499 160 339 72 238 162 76 186
is_linear=0
shrinkage=0.05


Tree=31
num_leaves=24
num_cat=4
split_feature=0 3 0 0 3 7 3 0 7 7 7 3 7 14 16 8 17 10 7 9 16 16 9
split_gain=161.467 111.909 31.0753 22.3466 19.4691 17.5794 7.76057 5.27523 4.43884 4.42234 4.3821 3.66242 3.05296 2.51968 2.41381 2.32002 2.17238 1.66574 1.65511 1.52822 1.66358 1.50238 1.4936
threshold=0 1.0000000180025095e-35 1 2 1.0000000180025095e-35 1.0000000180025095e-35 1.0000000180025095e-35 3 1.0000000180025095e-35 1.0000000180025095e-35 1.0000000180025095e-35 1.0000000180025095e-35 1.0000000180025095e-35 18016.10850161799 1.0000000180025095e-35 1.0000000180025095e-35 74.884166666666673 2.5000000000000004 1.0000000180025095e-35 319.99629709843435 1.0000000180025095e-35 1.4758333333333338 494.282496821179
decision_type=1 2 1 1 2 2 2 1 2 2 2 2 2 2 2 2 2 2 2 2 2 2 2
left_child=1 7 4 12 8 11 15 -1 19 -6 14 -4 16 -5 -9 -7 -3 -17 -15 -2 -21 -20 -10
right_child=2 3 5 13 9 6 -8 10 22 -11 -12 -13 -14 18 -16 17 -18 -19 21 20 -22 -23 -24
leaf_value=0.028763011130186134 -0.0010431348676777849 0.0025114706384954614 -0.0027101930378354289 -0.001523674360903242 -0.0018410811756301938 -0.0015273616899331309 -0.00013544770656238048 0.013171334527994145 0.0024148686386864025 -0.00063352358406797496 0.0072226993414528295 -0.0016849779043913772 0.0041962091763294183 -0.0035368246230068298 0.002566148231293028 -0.001442765413786474 -0.0049683711676946326 0.00035587863381461343 -0.0011294086624903527 0.001772030446387002 -0.00026737454950373116 -0.0020735264408482351 0.00078888861053467432
leaf_weight=402 114 41 566 43 154 248 229 44 110 144 377 250 67 149 304 266 37 20 39 29 236 89 241
leaf_count=402 114 41 566 43 154 248 229 44 110 144 377 250 67 149 304 266 37 20 39 29 236 89 241
internal_value=-0.00199452 0.0105181 -0.0096389 -0.0100538 -0.00279383 -0.0140497 -0.00868283 0.0190994 0.00157534 -0.0135906 0.0156122 -0.0192402 0.00629032 -0.0171212 0.0117816 -0.011985 0 -0.00891608 -0.0194043 -0.00217678 -9.43396e-05 -0.0152344 0.00562678
internal_weight=4199 1592 2607 465 1028 1579 763 1127 730 298 725 816 145 320 348 534 78 286 277 379 265 128 351
internal_count=4199 1592 2607 465 1028 1579 763 1127 730 298 725 816 145 320 348 534 78 286 277 379 265 128 351
cat_boundaries=0 1 2 3 4
cat_threshold=164 24 32 32
is_linear=0
shrinkage=0.05


Tree=32
num_leaves=24
num_cat=4
split_feature=0 3 0 4 3 0 7 4 4 0 3 4 7 3 4 7 4 7 17 7 3 14 14
split_gain=160.634 103.428 27.8608 25.3011 40.0028 19.2629 18.7314 9.53877 9.16747 10.6607 7.15622 5.27212 4.65389 3.98333 3.75352 3.24338 2.67315 2.62905 2.32451 2.17205 2.10806 1.78836 1.77751
threshold=0 1.0000000180025095e-35 1 1.0000000180025095e-35 1.0000000180025095e-35 2 1.0000000180025095e-35 1.0000000180025095e-35 1.0000000180025095e-35 3 1.0000000180025095e-35 1.0000000180025095e-35 1.0000000180025095e-35 1.0000000180025095e-35 1.0000000180025095e-35 2.5000000000000004 1.0000000180025095e-35 2.5000000000000004 1.0000000180025095e-35 1.5000000000000002 1.0000000180025095e-35 45557.650428587818 74569.930966300628
decision_type=1 2 1 2 2 1 2 2 2 1 2 2 2 2 2 2 2 2 2 2 2 2 2
left_child=1 8 3 4 17 7 13 -3 -1 -10 11 -8 -5 16 -7 -11 -4 18 -2 -6 -14 -13 -23
right_child=2 5 6 12 19 14 10 -9 9 15 -12 21 20 -15 -16 -17 -18 -19 -20 -21 -22 22 -24
leaf_value=0.012144486254457769 0.0038463854385083554 0.0048434983108362117 -0.0032874217299561888 -0.0017490271168486842 -0.0022723437688988656 -0.0036674113957322011 -0.0017660975661212318 -0.0047874412412548806 0.020469891818245742 0.00039227784206280621 -0.00012867532123426174 -0.00087494346867292511 -0.0014887311893056754 -0.0016007290091718082 -0.0013697605065142132 0.0027758635177634831 -0.0016590783874806366 0.0048045869321406004 0.0013858734868921836 -0.0012920356644355036 5.1219097655175184e-05 0.00088047117815993935 -0.00022723026787741866
leaf_weight=772 66 102 407 168 138 218 371 43 132 176 229 72 119 250 102 47 159 65 354 71 47 24 67
leaf_count=772 66 102 407 168 138 218 371 43 132 176 229 72 119 250 102 47 159 65 354 71 47 24 67
internal_value=-0.00189926 0.0105805 -0.00952426 -0.00303468 0.00237752 -0.00919355 -0.0137036 0.00596774 0.0188332 0.0121831 -0.00815858 -0.0113296 -0.0143713 -0.0190564 -0.0157576 0.00461373 -0.0213781 0.0102577 0.00880952 -0.0159091 -0.00843373 -0.00383436 0.000824176
internal_weight=4199 1592 2607 1028 694 465 1579 145 1127 355 763 534 334 816 320 223 566 485 420 209 166 163 91
internal_count=4199 1592 2607 1028 694 465 1579 145 1127 355 763 534 334 816 320 223 566 485 420 209 166 163 91
cat_boundaries=0 1 2 3 4
cat_threshold=164 24 32 32
is_linear=0
shrinkage=0.05


Tree=33
num_leaves=24
num_cat=4
split_feature=0 3 0 4 3 0 8 4 4 0 3 4 4 6 16 16 6 3 4 5 8 17 14
split_gain=149.974 97.4833 25.2482 22.915 35.4258 17.3132 12.7365 8.88427 8.76809 11.8954 7.35449 4.51137 4.25436 2.51458 2.46815 2.21315 2.14583 1.92292 3.58254 1.73919 1.57919 1.60721 1.40354
threshold=0 1.0000000180025095e-35 1 1.0000000180025095e-35 1.0000000180025095e-35 2 1.0000000180025095e-35 1.0000000180025095e-35 1.0000000180025095e-35 3 1.0000000180025095e-35 1.0000000180025095e-35 1.0000000180025095e-35 1.0000000180025095e-35 1.0000000180025095e-35 1.0000000180025095e-35 1.0000000180025095e-35 1.0000000180025095e-35 1.0000000180025095e-35 0.95989162001894435 1.0000000180025095e-35 73.879583333333343 18016.10850161799
decision_type=1 2 1 2 2 1 2 2 2 1 2 2 2 2 2 2 2 2 2 2 2 2 2
left_child=1 8 3 4 15 7 10 19 -1 -10 11 -4 22 -12 -11 -2 -5 18 -8 -3 -16 -22 -7
right_child=2 5 6 16 -6 12 17 -9 9 14 13 -13 -14 -15 20 -17 -18 -19 -20 -21 21 -23 -24
leaf_value=0.011537261941734881 0.004107451363887832 0.0030605558829418511 -0.0028337308203956291 -0.00166157576100625 -0.0018491142351808139 -0.0028968565746823657 -0.0017128160746458572 -0.0045480691791921378 0.019446397227333455 0.0071904712956820721 -0.0013797388311810397 -0.0013695051318760891 -0.0013012724811885025 0.0003785247204882842 -1.4710806625030382e-05 0.0016326182082424133 -0.00060509212623941215 -0.00013401933844506901 9.7364775270854592e-05 0.0048055187914088585 0.00013721577720856028 0.0020680056391812114 -0.0035288105952081383
leaf_weight=772 77 46 574 269 209 29 204 43 132 21 312 240 102 34 140 408 65 133 82 56 28 34 189
leaf_count=772 77 46 574 269 209 29 204 43 132 21 312 240 102 34 140 408 65 133 82 56 28 34 189
internal_value=-0.00194689 0.0101124 -0.0093141 -0.00313102 0.00201729 -0.00908602 -0.0132945 0.00532258 0.0181233 0.0116197 -0.0160776 -0.0186732 -0.015303 -0.0099711 0.00375536 0.00943299 -0.0139222 -0.00590692 -0.00821678 0.0137255 0.00222772 0.00887097 -0.0197248
internal_weight=4199 1592 2607 1028 694 465 1579 145 1127 355 1160 814 320 346 223 485 334 419 286 102 202 62 218
internal_count=4199 1592 2607 1028 694 465 1579 145 1127 355 1160 814 320 346 223 485 334 419 286 102 202 62 218
cat_boundaries=0 1 2 3 4
cat_threshold=164 24 32 32
is_linear=0
shrinkage=0.05


Tree=34
num_leaves=24
num_cat=5
split_feature=0 3 7 0 0 4 3 0 0 4 4 4 3 3 7 4 4 3 4 7 16 14 16
split_gain=138.494 92.5106 28.9079 16.8194 12.9273 14.3465 19.1434 10.7257 9.95635 12.1134 7.83343 7.55997 11.1528 5.75275 4.03343 3.95416 3.94473 3.80484 3.28912 3.15122 2.43893 2.40268 2.30462
threshold=0 1.0000000180025095e-35 1.0000000180025095e-35 1 2 1.0000000180025095e-35 1.0000000180025095e-35 3 4 1.0000000180025095e-35 1.0000000180025095e-35 1.0000000180025095e-35 1.0000000180025095e-35 1.0000000180025095e-35 1.0000000180025095e-35 1.0000000180025095e-35 1.0000000180025095e-35 1.0000000180025095e-35 1.0000000180025095e-35 2.5000000000000004 1.0000000180025095e-35 31163.894493165859 1.0000000180025095e-35
decision_type=1 2 2 1 1 2 2 1 1 2 2 2 2 2 2 2 2 2 2 2 2 2 2
left_child=1 8 4 10 5 6 -2 11 -1 14 -3 12 20 15 22 -9 -5 18 -6 -11 -4 -14 -10
right_child=2 3 7 16 17 -7 -8 13 9 19 -12 -13 21 -15 -16 -17 -18 -19 -20 -21 -22 -23 -24
leaf_value=0.025825935098111666 0.0010146794883051924 0.0043610474557239575 0.0058292102540734615 -0.0033136913494601532 -0.0029813641024385978 -0.0015784969729559376 -0.0021494670616860503 -0.0015472540200106349 0.013220260302058615 0.00032546895332157271 -0.0043206657202325303 -0.0007531985034417224 8.8965979169502302e-05 -0.00011554058825029579 0.0084545163196183531 -0.0002682413293842542 -0.0012362088571290775 -0.0014517056171541658 -0.0015076492115128001 0.0025336700599162491 0.002358285485731232 -0.0015245877701274134 0.002753203480304567
leaf_weight=402 253 102 41 218 407 168 112 371 36 176 43 166 24 229 258 163 102 250 159 47 191 73 208
leaf_count=402 253 102 41 218 407 168 112 371 36 176 43 166 24 229 258 163 102 250 159 47 191 73 208
internal_value=-0.00175637 0.00983146 -0.00883645 -0.00887097 -0.0139548 -0.00741252 -0.0019863 -0.00341812 0.0176353 0.0134354 0.00532258 0.00232673 0.00676292 -0.00708279 0.0179283 -0.0100187 -0.015 -0.0179177 -0.0204064 0.00392377 0.0127155 -0.00747423 0.0133197
internal_weight=4199 1592 2607 465 1349 533 365 1258 1127 725 145 495 329 763 502 534 320 816 566 223 232 97 244
internal_count=4199 1592 2607 465 1349 533 365 1258 1127 725 145 495 329 763 502 534 320 816 566 223 232 97 244
cat_boundaries=0 1 2 3 4 5
cat_threshold=164 32 24 24 32
is_linear=0
shrinkage=0.05


Tree=35
num_leaves=24
num_cat=5
split_feature=0 3 7 0 0 0 3 0 7 3 3 3 16 14 16 7 2 7 17 14 14 16 2
split_gain=131.027 86.6389 28.5757 16.0918 12.247 11.5781 10.5753 10.372 5.84411 5.30685 3.9674 3.85291 3.61834 2.90582 2.84907 2.70613 2.63061 2.53286 1.84425 1.77239 1.8328 1.64502 1.71208
threshold=0 1.0000000180025095e-35 1.0000000180025095e-35 1 2 3 1.0000000180025095e-35 4 1.0000000180025095e-35 1.0000000180025095e-35 1.0000000180025095e-35 1.0000000180025095e-35 1.0000000180025095e-35 18016.10850161799 1.0000000180025095e-35 1.0000000180025095e-35 2035.5000000000002 1.0000000180025095e-35 74.884166666666673 13749.0375045001 22592.649070886775 1.756416666666667 2038.5000000000002
decision_type=1 2 2 1 1 1 2 1 2 2 2 2 2 2 2 2 2 2 2 2 2 2 2
left_child=1 5 4 15 6 -1 -2 10 12 -9 14 -6 -7 -5 -4 16 -3 -15 -12 -14 -21 22 -22
right_child=2 3 7 13 11 8 -8 9 -10 -11 18 -13 19 17 -16 -17 -18 -19 -20 20 21 -23 -24
leaf_value=0.024534638343206083 -0.00040536758499121195 0.0023154324505838654 0.0041327260806718587 -0.0012521285506164903 -0.0021195575533041362 0.010667667376681879 -0.0014995721243081406 -0.0011367464715225691 0.0058350822358657186 -0.00010976355883778114 3.9866426565639967e-06 -0.0013791203362964577 0.0040366038646747785 -0.0028344877248364635 0.0008378903742801585 0.0036130452363789369 -0.0040371438022759254 -0.0014331600602570723 -0.0010331331672944234 -0.0012423947046938126 0.0023004097063162531 0.0001777663655412376 -1.695881104799013e-05
leaf_weight=402 379 45 61 43 566 44 154 534 377 229 88 250 36 149 290 67 33 128 56 24 130 91 23
leaf_count=402 379 45 61 43 566 44 154 534 377 229 88 250 36 149 290 67 33 128 56 24 130 91 23
internal_value=-0.00172065 0.00955056 -0.00860718 -0.00854839 -0.0136953 0.0171029 -0.00732044 -0.0032194 0.0126871 -0.00682406 0.00242574 -0.0175545 0.00818966 -0.0145455 0.00534188 0.00532258 -0.000641026 -0.0168773 -0.00451389 0.00625 0.00485075 0.00614754 0.00931373
internal_weight=4199 1592 2607 465 1349 1127 533 1258 725 763 495 816 348 320 351 145 78 277 144 304 268 244 153
internal_count=4199 1592 2607 465 1349 1127 533 1258 725 763 495 816 348 320 351 145 78 277 144 304 268 244 153
cat_boundaries=0 1 2 3 4 5
cat_threshold=164 32 24 32 24
is_linear=0
shrinkage=0.05


Tree=36
num_leaves=24
num_cat=4
split_feature=0 0 7 0 4 7 0 4 16 4 14 16 4 4 2 2 16 4 5 5 7 5 2
split_gain=125.723 32.608 27.3897 11.9865 12.9323 9.55589 9.50656 7.38542 4.22787 4.04854 3.81714 2.89241 2.44008 2.37275 2.14015 2.07332 1.68 1.65034 1.62135 1.43488 1.41261 1.37774 1.93653
threshold=0 1 1.0000000180025095e-35 2 1.0000000180025095e-35 1.0000000180025095e-35 3 1.0000000180025095e-35 1.0000000180025095e-35 1.0000000180025095e-35 13749.0375045001 1.0000000180025095e-35 1.0000000180025095e-35 1.0000000180025095e-35 2038.5000000000002 2030.5000000000002 1.4758333333333338 1.0000000180025095e-35 0.79910182006429553 0.73459936002505744 2.5000000000000004 0.91917282543764645 2030.5000000000002
decision_type=1 1 2 1 2 2 1 2 2 2 2 2 2 2 2 2 2 2 2 2 2 2 2
left_child=1 13 3 4 -2 10 7 8 -4 -5 -3 15 21 -1 -13 -12 -15 20 -14 -11 -8 -7 -23
right_child=2 5 6 9 -6 12 17 -9 -10 19 11 14 18 16 -16 -17 -18 -19 -20 -21 -22 22 -24
leaf_value=0.02273445752692559 -0.00021104174526096476 0.003425532569659473 0.0041353064521475079 -0.0019329189580644529 -0.0014252013595231457 0.0041240290747721125 -0.0012475339528130987 -0.00073978580331393465 0.0009004541176343792 -0.00029639157123861616 -0.0013158689427961953 -0.00064813837130684728 -0.0007429961748536371 0.01768575563797856 -0.0015924174951671205 0.0091593778513850647 0.0094577494794093001 -0.00025074689587144125 0.00089654313947571263 -0.0013101643194816347 -0.00037578655454464515 0.0037249439595516522 0.0058785624294891122
leaf_weight=372 365 56 50 578 168 145 369 166 279 39 23 352 34 70 54 34 105 229 134 199 165 65 148
leaf_count=372 365 56 50 578 168 145 369 166 279 39 23 352 34 70 54 34 105 229 134 199 165 65 148
internal_value=-0.00170874 0.00933208 -0.00845434 -0.0134359 -0.00713628 0.00405213 -0.00317965 0.00222772 0.00661094 -0.0172518 -0.000722543 -0.00221382 0.0088403 0.0191652 -0.00369458 0.00833333 0.0147143 -0.00663001 0.00386905 -0.0119748 -0.0082397 0.0111732 0.0137324
internal_weight=4199 1592 2607 1349 533 1045 1258 495 329 816 519 463 526 547 406 57 175 763 168 238 534 358 213
internal_count=4199 1592 2607 1349 533 1045 1258 495 329 816 519 463 526 547 406 57 175 763 168 238 534 358 213
cat_boundaries=0 1 2 3 4
cat_threshold=164 32 24 24
is_linear=0
shrinkage=0.05


Tree=37
num_leaves=24
num_cat=5
split_feature=0 3 7 0 0 4 0 4 3 0 4 4 3 3 4 4 4 3 7 16 16 16 7
split_gain=120.623 90.3917 23.8619 12.6293 11.8978 12.1575 10.601 13.1445 17.4987 7.92419 6.7767 5.75483 12.2668 5.60179 4.62071 4.29762 4.0174 3.62156 3.23565 2.37676 2.10166 2.00926 2.00578
threshold=0 1.0000000180025095e-35 1.0000000180025095e-35 1 2 1.0000000180025095e-35 3 1.0000000180025095e-35 1.0000000180025095e-35 4 1.0000000180025095e-35 1.0000000180025095e-35 1.0000000180025095e-35 1.0000000180025095e-35 1.0000000180025095e-35 1.0000000180025095e-35 1.0000000180025095e-35 1.0000000180025095e-35 1.0000000180025095e-35 1.0000000180025095e-35 1.0000000180025095e-35 1.0000000180025095e-35 1.5000000000000002
decision_type=1 2 2 1 1 2 1 2 2 1 2 2 2 2 2 2 2 2 2 2 2 2 2
left_child=1 4 6 10 -1 18 7 8 -2 11 -3 12 19 16 -5 17 -11 -8 21 -4 -7 -6 -22
right_child=2 3 9 14 5 20 15 -9 -10 13 -12 -13 -14 -15 -16 -17 -18 -19 -20 -21 22 -23 -24
leaf_value=0.022395915908362721 0.00099476598040254267 0.0028580602644174089 0.0051243481147288219 -0.0030704401388560792 0.011567895025552336 0.0058310409174356015 -0.0026296720717482384 -0.0013539412915469886 -0.0019564630151232927 -0.0013506772977933202 -0.0049240529464787026 -0.00070279651314823777 -0.0010532413127687212 -4.1898683255237047e-05 -0.0010326833165780318 -0.001244656103507553 -0.00018545459454534231 -0.0012135183715784122 0.0075356172562840613 0.0021534539868489412 -0.0003798790192051427 0.002703041040844731 0.0014710551540874223
leaf_weight=402 253 102 41 218 36 21 407 168 112 371 43 166 97 229 102 238 163 171 258 191 118 208 84
leaf_count=402 253 102 41 218 36 21 407 168 112 371 43 166 97 229 102 238 163 171 258 191 118 208 84
internal_value=-0.00173256 0.0090824 -0.0083397 -0.0094086 0.0167924 0.0123469 -0.0129911 -0.0070442 -0.00184932 -0.00341812 0.00306452 0.00153465 0.00539514 -0.00656533 -0.014697 -0.016586 -0.00945693 -0.0191176 0.0168327 0.0116379 0.00280269 0.0127049 0.00123762
internal_weight=4199 1592 2607 465 1127 725 1349 533 365 1258 145 495 329 763 320 816 534 578 502 232 223 244 202
internal_count=4199 1592 2607 465 1127 725 1349 533 365 1258 145 495 329 763 320 816 534 578 502 232 223 244 202
cat_boundaries=0 1 2 3 4 5
cat_threshold=164 32 32 24 24
is_linear=0
shrinkage=0.05


Tree=38
num_leaves=24
num_cat=1
split_feature=7 3 3 4 4 7 14 16 7 5 16 2 1 7 2 15 2 14 2 2 5 16 15
split_gain=31.4825 18.1271 9.80196 5.06026 3.52893 3.27024 2.43083 2.24663 2.35025 2.18513 1.79249 2.1432 1.66728 1.54233 1.54179 2.26891 1.36565 1.47857 1.29757 1.29489 1.29048 1.26898 1.23614
threshold=1.0000000180025095e-35 1.0000000180025095e-35 1.0000000180025095e-35 1.0000000180025095e-35 1.0000000180025095e-35 2.5000000000000004 25495.070357952452 1.0000000180025095e-35 2.5000000000000004 0.75992680472410246 1.4758333333333338 2037.5000000000002 0 1.5000000000000002 2030.5000000000002 26.740512684119718 2033.5000000000002 15224.15924458223 2037.5000000000002 2035.5000000000002 0.64337206274225478 1.0000000180025095e-35 140.63016145694462
decision_type=2 2 2 2 2 2 2 2 2 2 2 2 1 2 2 2 2 2 2 2 2 2 2
left_child=1 3 4 10 7 9 -3 -2 14 -4 -1 20 -7 -6 15 -9 22 -18 -16 -8 -12 -11 -5
right_child=2 6 5 16 13 12 19 8 -10 21 11 -13 -14 -15 18 -17 17 -19 -20 -21 -22 -23 -24
leaf_value=0.00069692904394121091 0.0053953099642525737 -0.0011528424529994915 -0.0013384079116006116 -0.00088651704759478821 -0.00047612543257798335 -0.00023611461691510767 -0.0011528424529994915 -0.0011883655491451797 0.0034827922686247407 0.00059560445811308524 0.00040465727683650646 0.001142987906589954 0.00079194388411605178 0.00065961266065431019 0.0020516897758851116 0.0012184200222106493 -0.00028186568741245195 -0.0011985478521224938 0.00073753300762801623 -0.0011824232983321753 -0.00074396408313833959 -0.00064632045809833209 0.00062346795702355887
leaf_weight=370 116 137 71 204 126 71 333 40 287 42 48 126 119 341 257 170 32 187 123 183 498 286 32
leaf_count=370 116 137 71 204 126 71 333 40 287 42 48 126 119 341 257 170 32 187 123 183 498 286 32
internal_value=-0.0014944 -0.00572093 0.00294046 -0.00268871 0.00513699 -0.00250424 -0.0126723 0.00682276 0.00595781 -0.00507519 -0.000767754 -0.00230655 0.00289474 0.00155246 0.00415254 0.000714286 -0.00708791 -0.00993151 0.00605263 -0.0142442 -0.003663 -0.00335366 -0.00444915
internal_weight=4199 2150 2049 1497 1460 589 653 993 877 399 1042 672 190 467 590 210 455 219 380 516 546 328 236
internal_count=4199 2150 2049 1497 1460 589 653 993 877 399 1042 672 190 467 590 210 455 219 380 516 546 328 236
cat_boundaries=0 1
cat_threshold=2
is_linear=0
shrinkage=0.05


Tree=39
num_leaves=24
num_cat=5
split_feature=0 3 7 0 4 0 0 4 3 0 4 4 3 3 3 4 4 4 7 7 16 16 16
split_gain=113.873 84.3381 20.1394 12.3973 11.6876 11.5936 10.2537 11.9599 14.6969 7.92419 6.7767 5.75483 9.11284 5.60179 5.07206 4.31956 4.0174 3.6731 3.42126 2.82546 2.24215 2.22375 2.16473
threshold=0 1.0000000180025095e-35 1.0000000180025095e-35 1 1.0000000180025095e-35 2 3 1.0000000180025095e-35 1.0000000180025095e-35 4 1.0000000180025095e-35 1.0000000180025095e-35 1.0000000180025095e-35 1.0000000180025095e-35 1.0000000180025095e-35 1.0000000180025095e-35 1.0000000180025095e-35 1.0000000180025095e-35 1.0000000180025095e-35 1.5000000000000002 1.0000000180025095e-35 1.0000000180025095e-35 1.0000000180025095e-35
decision_type=1 2 2 1 2 1 1 2 2 1 2 2 2 2 2 2 2 2 2 2 2 2 2
left_child=1 3 6 -1 18 10 7 8 -2 11 -3 12 21 16 17 19 -11 -8 20 -7 -5 -4 -6
right_child=2 5 9 4 22 15 14 -9 -10 13 -12 -13 -14 -15 -16 -17 -18 -19 -20 -21 -22 -23 -24
leaf_value=0.021278228898506682 0.00096477029713193667 0.002724179715418626 0.0045983652107797505 0.010954653822077658 0.0055838147239435617 -0.003314130742361727 -0.0024763183272044592 -0.0012286021043196645 -0.0017995186994505194 -0.0013833139394719169 -0.0046202081765047923 -0.00066798899255472591 -0.00098877351628453018 -1.6174817426455742e-05 -0.0010937212880828826 -0.00092340702809915538 -0.0002091624978507914 -0.0011386204595163691 0.0070263297766237137 -0.0011927032896283662 0.0025242500893923911 0.0018965655250492014 0.00015707499988776438
leaf_weight=402 253 102 41 36 21 153 407 168 112 371 43 166 97 229 250 102 163 159 258 65 208 191 202
leaf_count=402 253 102 41 36 21 153 407 168 112 371 43 166 97 229 250 102 163 159 258 65 208 191 202
internal_value=-0.00151822 0.00898876 -0.00793848 0.0164374 0.0119388 -0.00887097 -0.0122128 -0.00639963 -0.00143836 -0.00341812 0.00306452 0.00153465 0.00539514 -0.00656533 -0.0157385 -0.0139394 -0.00945693 -0.0185512 0.0163347 -0.0183486 0.0120902 0.0107759 0.00257848
internal_weight=4199 1592 2607 1127 725 465 1349 533 365 1258 145 495 329 763 816 320 534 566 502 218 244 232 223
internal_count=4199 1592 2607 1127 725 465 1349 533 365 1258 145 495 329 763 816 320 534 566 502 218 244 232 223
cat_boundaries=0 1 2 3 4 5
cat_threshold=164 32 32 24 24
is_linear=0
shrinkage=0.05


Tree=40
num_leaves=24
num_cat=5
split_feature=0 3 7 0 4 0 0 4 3 0 4 4 3 3 3 4 4 4 7 7 16 16 10
split_gain=107.974 78.7797 17.8676 13.1958 10.6942 10.602 8.66879 11.7228 14.0999 7.55101 5.86311 5.75483 8.39746 5.27019 4.87038 4.02856 3.67985 3.64087 3.44896 3.24159 2.66932 2.16473 2.09314
threshold=0 1.0000000180025095e-35 1.0000000180025095e-35 1 1.0000000180025095e-35 2 3 1.0000000180025095e-35 1.0000000180025095e-35 4 1.0000000180025095e-35 1.0000000180025095e-35 1.0000000180025095e-35 1.0000000180025095e-35 1.0000000180025095e-35 1.0000000180025095e-35 1.0000000180025095e-35 1.0000000180025095e-35 1.0000000180025095e-35 1.5000000000000002 1.756416666666667 1.0000000180025095e-35 2.5000000000000004
decision_type=1 2 2 1 2 1 1 2 2 1 2 2 2 2 2 2 2 2 2 2 2 2 2
left_child=1 3 6 -1 18 10 7 8 -2 11 -3 12 -4 16 17 19 -11 22 20 -7 -5 -6 -8
right_child=2 5 9 4 21 15 14 -9 -10 13 -12 -13 -14 -15 -16 -17 -18 -19 -20 -21 -22 -23 -24
leaf_value=0.020214317453581349 0.00091653178227533993 0.0025879707296476958 0.0021117712892921819 0.0043256537539721586 0.0053046239877463852 -0.0031484242052436406 -0.0024628517704942277 -0.0011671719991036813 -0.0017095427644779936 -0.0013141482424983198 -0.0043891977676795537 -0.0006345895429269899 -0.00093933484047030317 -1.5366076555133057e-05 -0.0010390352236787385 -0.00087723667669419763 -0.00019870437295825135 -0.0010816894365405505 0.0066750132877925255 -0.001133068125146948 0.0008635003870997249 0.00014922124989337623 -0.0006412527943065109
leaf_weight=402 253 102 232 166 21 153 384 168 112 371 43 166 97 229 250 102 163 159 258 65 78 202 23
leaf_count=402 253 102 232 166 21 153 384 168 112 371 43 166 97 229 250 102 163 159 258 65 78 202 23
internal_value=-0.00130388 0.00892634 -0.00755636 0.0161269 0.0115306 -0.00833333 -0.0115827 -0.00621547 -0.00130137 -0.00329889 0.00306452 0.00153465 0.00539514 -0.00637128 -0.0148305 -0.0131818 -0.00917603 -0.0175795 0.0157371 -0.0174312 0.0114754 0.00257848 -0.020086
internal_weight=4199 1592 2607 1127 725 465 1349 533 365 1258 145 495 329 763 816 320 534 566 502 218 244 223 407
internal_count=4199 1592 2607 1127 725 465 1349 533 365 1258 145 495 329 763 816 320 534 566 502 218 244 223 407
cat_boundaries=0 1 2 3 4 5
cat_threshold=164 32 32 24 24
is_linear=0
shrinkage=0.05


Tree=41
num_leaves=24
num_cat=5
split_feature=0 3 7 0 4 0 0 4 3 0 4 3 4 3 3 7 4 4 7 4 16 16 10
split_gain=102.277 74.5938 18.935 13.1113 9.74488 9.58934 8.41084 11.7228 13.2604 7.8343 6.38386 6.53715 5.60489 5.00105 4.84378 4.17469 3.90204 3.58123 3.29808 3.25282 2.40766 2.16473 2.09314
threshold=0 1.0000000180025095e-35 1.0000000180025095e-35 1 1.0000000180025095e-35 2 3 1.0000000180025095e-35 1.0000000180025095e-35 4 1.0000000180025095e-35 1.0000000180025095e-35 1.0000000180025095e-35 1.0000000180025095e-35 1.0000000180025095e-35 1.0000000180025095e-35 1.0000000180025095e-35 1.0000000180025095e-35 1.5000000000000002 1.0000000180025095e-35 1.756416666666667 1.0000000180025095e-35 2.5000000000000004
decision_type=1 2 2 1 2 1 1 2 2 1 2 2 2 2 2 2 2 2 2 2 2 2 2
left_child=1 3 6 -1 15 12 7 8 -2 10 11 -4 -3 16 19 20 22 18 -7 -11 -5 -6 -8
right_child=2 5 9 4 21 17 13 -9 -10 14 -12 -13 -14 -15 -16 -17 -18 -19 -20 -21 -22 -23 -24
leaf_value=0.019203601580902278 0.00087070519316157229 0.0024585721931653123 0.0020061827248275725 0.0041093710662735488 0.0050393927883590657 -0.0029910029949814588 -0.002339709181969516 -0.0011088133991484972 -0.0016240656262540938 -0.0012484408303734041 -0.00060286006578064003 -0.00089236809844678864 -0.0041697378792955762 -0.0009870834624948015 -1.4597772727376058e-05 0.006341262623402899 -0.0010276049647135229 -0.00083337484285948772 -0.0010764147188896012 -0.00018876915431033925 0.00082032536774473983 0.00014176018739870818 -0.00060919015459118524
leaf_weight=402 253 102 232 166 21 153 384 168 112 371 166 97 43 250 229 258 159 102 65 163 78 202 23
leaf_count=402 253 102 232 166 21 153 384 168 112 371 166 97 43 250 229 258 159 102 65 163 78 202 23
internal_value=-0.00128007 0.00867665 -0.0073653 0.0156832 0.0111224 -0.00811828 -0.0115085 -0.00621547 -0.00130137 -0.00298092 0.00193069 0.00600304 0.00274194 -0.0147094 -0.00611255 0.0151394 -0.0174912 -0.0127273 -0.0167431 -0.0088015 0.0104508 0.00257848 -0.020086
internal_weight=4199 1592 2607 1127 725 465 1349 533 365 1258 495 329 145 816 763 502 566 320 218 534 244 223 407
internal_count=4199 1592 2607 1127 725 465 1349 533 365 1258 495 329 145 816 763 502 566 320 218 534 244 223 407
cat_boundaries=0 1 2 3 4 5
cat_threshold=164 32 32 24 24
is_linear=0
shrinkage=0.05


Tree=42
num_leaves=24
num_cat=5
split_feature=0 3 7 0 4 0 0 4 3 0 4 3 3 4 3 4 7 4 7 4 16 16 10
split_gain=97.4879 71.8806 18.515 13.5481 9.13652 8.62698 7.94467 10.2588 13.008 7.41015 6.06811 6.53715 4.95205 4.54424 4.33606 4.07081 3.83724 3.75398 3.6863 2.75606 2.4229 2.16473 1.95509
threshold=0 1.0000000180025095e-35 1.0000000180025095e-35 1 1.0000000180025095e-35 2 3 1.0000000180025095e-35 1.0000000180025095e-35 4 1.0000000180025095e-35 1.0000000180025095e-35 1.0000000180025095e-35 1.0000000180025095e-35 1.0000000180025095e-35 1.0000000180025095e-35 1.0000000180025095e-35 1.0000000180025095e-35 1.5000000000000002 1.0000000180025095e-35 1.0000000180025095e-35 1.0000000180025095e-35 2.5000000000000004
decision_type=1 2 2 1 2 1 1 2 2 1 2 2 2 2 2 2 2 2 2 2 2 2 2
left_child=1 3 6 -1 16 13 7 8 -2 10 11 -4 17 -3 19 18 20 22 -7 -11 -5 -6 -8
right_child=2 5 9 4 21 15 12 -9 -10 14 -12 -13 -14 -15 -16 -17 -18 -19 -20 -21 -22 -23 -24
leaf_value=0.018243421501857163 0.00082716993350349379 0.002335643583507044 0.0019058735885861947 0.0099851698899614903 0.0047874231489411119 -0.0028414528452323853 -0.0022227237228710402 -0.0010533727291910724 -0.0015428623449413891 -0.0011860187888547342 -0.00057271706249160796 -0.00084774969352444942 -0.00093772928937006143 -0.0039612509853307974 -1.3867884091007394e-05 -0.00079170610071651335 0.006024199492232752 -0.00097622471647784692 -0.0010225939829451205 -0.00017933069659482187 0.001998450698430021 0.00013467217802877324 -0.00057873064686162596
leaf_weight=402 253 102 232 36 21 153 384 168 112 371 166 97 250 43 229 102 258 159 65 163 208 202 23
leaf_count=402 253 102 232 36 21 153 384 168 112 371 166 97 250 43 229 102 258 159 65 163 208 202 23
internal_value=-0.00113718 0.00858302 -0.00707872 0.0154614 0.0108503 -0.00790323 -0.0111749 -0.00603131 -0.00143836 -0.00274245 0.0020297 0.00600304 -0.0142857 0.00241935 -0.00578913 -0.0122727 0.014741 -0.0170495 -0.0165138 -0.00833333 0.0102459 0.00257848 -0.0195946
internal_weight=4199 1592 2607 1127 725 465 1349 533 365 1258 495 329 816 145 763 320 502 566 218 534 244 223 407
internal_count=4199 1592 2607 1127 725 465 1349 533 365 1258 495 329 816 145 763 320 502 566 218 534 244 223 407
cat_boundaries=0 1 2 3 4 5
cat_threshold=164 32 32 24 24
is_linear=0
shrinkage=0.05


Tree=43
num_leaves=24
num_cat=5
split_feature=0 3 7 0 4 0 0 4 3 0 4 3 7 4 3 4 3 7 4 7 4 16 17
split_gain=90.8644 67.3552 17.5857 13.8257 8.4397 7.71486 7.17425 9.85385 12.2022 6.74732 5.02217 6.00171 4.53263 4.50754 4.47379 4.09202 3.95012 3.91937 3.76615 3.36229 2.68755 2.59157 2.50854
threshold=0 1.0000000180025095e-35 1.0000000180025095e-35 1 1.0000000180025095e-35 2 3 1.0000000180025095e-35 1.0000000180025095e-35 4 1.0000000180025095e-35 1.0000000180025095e-35 2.5000000000000004 1.0000000180025095e-35 1.0000000180025095e-35 1.0000000180025095e-35 1.0000000180025095e-35 1.5000000000000002 1.0000000180025095e-35 1.0000000180025095e-35 1.0000000180025095e-35 1.0000000180025095e-35 74.884166666666673
decision_type=1 2 2 1 2 1 1 2 2 1 2 2 2 2 2 2 2 2 2 2 2 2 2
left_child=1 3 6 -1 19 12 7 8 -2 10 11 22 13 -3 18 17 20 -7 -8 21 -11 -5 -4
right_child=2 5 9 4 -6 15 14 -9 -10 16 -12 -13 -14 -15 -16 -17 -18 -19 -20 -21 -22 -23 -24
leaf_value=0.017331250426764304 0.00078581143682831818 0.0010275398418213345 0.0024801552645419738 0.0094859113954634186 0.00051045314060673146 -0.0026993802029707664 -0.0020607026083674209 -0.0010007040927315189 -0.0014657192276943197 -0.0011267178494119984 -0.00054408120936702781 -0.00080536220884822735 0.0049118894109771915 -0.0046517683892713995 -0.00089084282490155839 -0.00075212079568068757 -1.3174489886456921e-05 -0.00097146428379786412 -0.00092741348065395455 0.0057229895176211139 -0.00017036416176508115 0.0018985281635085173 0.0012298846113068529
leaf_weight=402 253 83 126 36 223 153 407 168 112 371 166 97 26 36 250 102 229 65 159 258 163 208 106
leaf_count=402 253 83 126 36 223 153 407 168 112 371 166 97 26 36 250 102 229 65 159 258 163 208 106
internal_value=-0.00111336 0.00827091 -0.00684945 0.014929 0.0103061 -0.00768817 -0.0108414 -0.00593923 -0.00143836 -0.00262321 0.00193069 0.00554711 0.00209677 -0.00189076 -0.0138015 -0.0118182 -0.0055304 -0.016055 -0.0164311 0.0140438 -0.0079588 0.00983607 0.00991379
internal_weight=4199 1592 2607 1127 725 465 1349 533 365 1258 495 329 145 119 816 320 763 218 566 502 534 244 232
internal_count=4199 1592 2607 1127 725 465 1349 533 365 1258 495 329 145 119 816 320 763 218 566 502 534 244 232
cat_boundaries=0 1 2 3 4 5
cat_threshold=164 32 32 24 24
is_linear=0
shrinkage=0.05


Tree=44
num_leaves=24
num_cat=4
split_feature=0 0 7 7 0 4 0 4 4 4 16 16 16 8 15 5 5 16 5 15 9 4 5
split_gain=83.8317 26.0801 17.3154 9.72324 7.09285 9.6387 6.58151 4.74257 4.01021 3.80689 3.5316 3.09351 2.38095 1.87191 1.98245 1.67717 1.60003 1.57933 1.52618 1.51035 1.47683 1.63581 1.48093
threshold=0 1 1.0000000180025095e-35 1.5000000000000002 2 1.0000000180025095e-35 3 1.0000000180025095e-35 1.0000000180025095e-35 1.0000000180025095e-35 1.0000000180025095e-35 1.0000000180025095e-35 1.4758333333333338 1.0000000180025095e-35 143.53659440916439 1.0658108544522935 0.68614658175646159 1.0000000180025095e-35 0.73459936002505744 91.749782985791924 417.8489442808596 1.0000000180025095e-35 1.0264471337233452
decision_type=1 1 2 2 1 2 1 2 2 2 2 2 2 2 2 2 2 2 2 2 2 2 2
left_child=1 8 4 10 5 15 7 11 -1 -6 -3 -4 -10 14 -8 -2 -7 -5 -11 20 21 -19 -22
right_child=2 3 6 17 9 16 13 -9 12 18 -12 -13 -14 -15 -16 -17 -18 19 -20 -21 22 -23 -24
leaf_value=0.015908237219997391 0.0004459309032396025 0.0056055350621267881 0.0035020556494830234 0.0061482664705497297 -0.0011438494253307935 -0.00026714597883411114 -0.00078355824777411292 -0.00051687714889867649 0.011093456637235849 8.2564317773544014e-05 -0.00029561206967031672 0.00048464181006466212 0.0037178078495169022 -0.00032799368856318293 0.00015745095698253451 -0.00048753223905356611 -0.0011178155199748853 0.0055665886549096273 -0.00087588152898916422 0.0024208233205603893 -0.00013384284822343107 0.00041466034606770787 0.0015661988361921149
leaf_weight=372 217 83 50 37 578 20 306 166 70 39 600 279 105 419 38 148 148 47 199 112 73 26 67
leaf_count=372 217 83 50 37 578 20 306 166 70 39 600 279 105 419 38 148 148 47 199 112 73 26 67
internal_value=-0.00114908 0.00786517 -0.00665839 0.00315166 -0.010619 -0.00575506 -0.00246423 0.0020297 0.0166517 -0.0135593 -0.000329429 0.00554711 0.0107143 -0.00533635 -0.00813953 -0.00130137 -0.0157738 0.00980663 -0.00840336 0.00869231 0.00622066 0.0119863 0.00321429
internal_weight=4199 1592 2607 1045 1349 533 1258 495 547 816 683 329 175 763 344 365 168 362 238 325 213 73 140
internal_count=4199 1592 2607 1045 1349 533 1258 495 547 816 683 329 175 763 344 365 168 362 238 325 213 73 140
cat_boundaries=0 1 2 3 4
cat_threshold=164 32 24 24
is_linear=0
shrinkage=0.05


Tree=45
num_leaves=24
num_cat=4
split_feature=0 3 7 0 0 4 3 4 3 7 4 0 16 7 5 4 3 4 3 4 14 14 4
split_gain=77.0245 69.932 16.8804 13.0918 8.06826 10.3951 12.6573 7.19494 7.01233 5.33071 4.70604 3.48039 3.17732 3.40921 2.32668 2.18307 4.07533 1.94141 1.90466 1.89095 1.88864 1.68898 1.66683
threshold=0 1.0000000180025095e-35 1.5000000000000002 1 2 1.0000000180025095e-35 1.0000000180025095e-35 1.0000000180025095e-35 1.0000000180025095e-35 1.5000000000000002 1.0000000180025095e-35 3 1.0000000180025095e-35 1.5000000000000002 0.92432712047662835 1.0000000180025095e-35 1.0000000180025095e-35 1.0000000180025095e-35 1.0000000180025095e-35 1.0000000180025095e-35 8680.321420592405 33136.586579554067 1.0000000180025095e-35
decision_type=1 2 2 1 1 2 2 2 2 2 2 1 2 2 2 2 2 2 2 2 2 2 2
left_child=1 3 4 17 5 6 -2 12 10 20 -6 15 -5 -14 -12 16 -4 -1 19 -13 -3 -20 -23
right_child=2 9 11 7 8 -7 -8 -9 -10 -11 14 18 13 -15 -16 -17 -18 -19 21 -21 -22 22 -24
leaf_value=0.018316075574920467 0.00079006860710520996 0.0044332849744587403 0.0018970983991369484 0.0108389478308079 -0.0017935902012129171 -0.0009494812871304975 -0.0013152231909394189 0.00045240746805309264 -0.00077029635830562916 -6.0573382517471742e-05 -0.00050590632814764662 -0.00088015485213206041 0.0020408193160862953 0.0054660490621897652 -0.00084847805188819454 -0.00015675155483560745 -0.00078932618890904945 0.0093828838169556089 -0.00038680722674542953 -1.9637453182608927e-06 -0.0018187794750609361 0.0010737049403660528 -0.00022905962794551039
leaf_weight=270 329 20 156 65 538 217 138 223 333 140 88 240 278 159 124 117 71 132 44 110 305 72 30
leaf_count=270 329 20 156 65 538 217 138 223 333 140 88 240 278 159 124 117 71 132 44 110 305 72 30
internal_value=-0.00124434 0.007397 -0.00652465 0.0141748 -0.00932371 -0.00482709 -0.000695931 0.00969388 -0.0120082 -0.00887097 -0.0148 -0.000714286 0.0131474 0.0116133 -0.00849057 0.00310734 0.00605727 0.0214806 -0.00335968 -0.00542857 -0.0123846 0.00136986 0.00490196
internal_weight=4199 1592 2607 1127 1767 684 467 725 1083 465 750 840 502 437 212 344 227 402 496 350 325 146 102
internal_count=4199 1592 2607 1127 1767 684 467 725 1083 465 750 840 502 437 212 344 227 402 496 350 325 146 102
cat_boundaries=0 1 2 3 4
cat_threshold=164 32 24 24
is_linear=0
shrinkage=0.05


Tree=46
num_leaves=24
num_cat=4
split_feature=0 3 7 0 4 0 4 3 0 3 7 4 3 16 7 3 4 4 17 3 10 15 4
split_gain=72.7459 65.2488 16.3084 13.5847 6.42024 6.10701 8.86214 8.76463 5.80176 5.52437 4.78334 3.94951 5.09689 3.55618 3.12485 3.06396 2.99457 2.98743 2.35617 2.12618 2.11763 2.10496 2.04433
threshold=0 1.0000000180025095e-35 1.0000000180025095e-35 1 1.0000000180025095e-35 2 1.0000000180025095e-35 1.0000000180025095e-35 3 1.0000000180025095e-35 1.5000000000000002 1.0000000180025095e-35 1.0000000180025095e-35 1.0000000180025095e-35 1.0000000180025095e-35 1.0000000180025095e-35 1.0000000180025095e-35 1.0000000180025095e-35 74.884166666666673 1.0000000180025095e-35 2.5000000000000004 44.850817809304324 1.0000000180025095e-35
decision_type=1 2 2 1 2 1 2 2 1 2 2 2 2 2 2 2 2 2 2 2 2 2 2
left_child=1 3 5 22 13 6 7 -2 11 16 -3 12 18 -5 -15 17 20 -10 -4 -13 -7 -9 -1
right_child=2 10 8 4 -6 9 -8 21 15 -11 -12 19 -14 14 -16 -17 -18 -19 -20 -21 -22 -23 -24
leaf_value=0.017400271796174437 0.00068472088946966165 -0.0016604370432359184 0.00229241198045638 0.010297000439267507 0.00042978709465043842 -0.0018616804249819313 -0.00086857078626819306 -0.00075744754422975931 -0.00099824803552420595 -0.00075059339447465935 -5.7544713391598226e-05 -0.0010386267860523081 -0.00074985987946359642 0.0017163413930122884 0.0043518740974412056 -1.1499914552897534e-05 -0.00080605414929378486 -0.00015907819300650661 0.0010493033702814291 0.00043597618223694887 -0.0002998870027729882 -0.0014907888253838514 0.0089137396261078274
leaf_weight=270 253 325 126 65 223 384 168 40 371 250 140 119 97 208 229 229 159 163 106 47 23 72 132
leaf_count=270 253 325 126 65 223 384 168 40 371 250 140 119 97 208 229 229 159 163 106 47 23 72 132
internal_value=-0.00112527 0.00727216 -0.00625716 0.0138199 0.00928571 -0.0101001 -0.0055709 -0.00130137 -0.00218601 -0.0128329 -0.00844086 0.0020297 0.00524316 0.0125498 0.0109268 -0.00488357 -0.0157244 -0.00702247 0.00926724 -0.00421687 -0.0179975 -0.0129464 0.0212379
internal_weight=4199 1592 2607 1127 725 1349 533 365 1258 816 465 495 329 502 437 763 566 534 232 166 407 112 402
internal_count=4199 1592 2607 1127 725 1349 533 365 1258 816 465 495 329 502 437 763 566 534 232 166 407 112 402
cat_boundaries=0 1 2 3 4
cat_threshold=164 32 24 24
is_linear=0
shrinkage=0.05


Tree=47
num_leaves=24
num_cat=4
split_feature=0 0 7 7 4 16 4 4 4 0 16 15 16 7 1 10 15 7 9 7 5 9 9
split_gain=70.1592 30.3059 13.9052 10.0901 6.10228 4.97308 3.95203 3.59901 3.52431 3.44282 3.26563 2.7347 2.61135 2.25132 2.09695 2.03678 1.93453 1.82818 1.78218 1.72023 1.59652 1.5587 1.47459
threshold=0 1 1.0000000180025095e-35 1.0000000180025095e-35 1.0000000180025095e-35 1.0000000180025095e-35 1.0000000180025095e-35 1.0000000180025095e-35 1.0000000180025095e-35 2 1.0000000180025095e-35 136.78236400570566 1.0000000180025095e-35 2.5000000000000004 3 2.5000000000000004 10.561263651809165 2.5000000000000004 455.53286219347382 2.5000000000000004 1.1984608579909508 2180.1414509187912 17055.444815789935
decision_type=1 1 2 2 2 2 2 2 2 1 2 2 2 2 1 2 2 2 2 2 2 2 2
left_child=6 2 4 8 10 -4 -1 13 21 -6 14 19 -8 18 -2 16 -12 -5 20 -9 -7 -3 -19
right_child=1 3 5 17 9 7 12 11 -10 -11 15 -13 -14 -15 -16 -17 -18 22 -20 -21 -22 -23 -24
leaf_value=0.013626890513515538 0.003665190397494199 -0.00071454276701756055 0.0034698251209429572 -0.00064515729888066234 -0.00063064358403233656 0.0013950294787551084 0.017752579140782578 -0.00035465191460811352 -0.00075452212011269961 -0.00082514224695478362 0.0021927749608556786 -0.0012025264180874793 0.0033893606043370328 0.0020274594926033875 0.0004814792507895162 -0.0016673736524640118 -0.00042573870883842735 -0.00018536760282042363 0.0001507551085837125 0.00046729455875301959 -0.0010446349800383643 -0.0010194755193609938 0.00045444853963080015
leaf_weight=372 40 241 138 525 157 89 29 154 238 168 21 34 146 208 57 24 585 172 275 100 23 337 66
leaf_count=372 40 241 138 525 157 89 29 154 238 168 21 34 146 208 57 24 585 172 275 100 23 337 66
internal_value=-0.00105382 -0.00356363 0.000420067 -0.00876337 -0.00361217 0.00457884 0.0154847 0.00319932 -0.0126838 -0.00930769 -0.00106602 -0.00138889 0.00957143 0.00542017 0.00747423 -0.00238095 -0.00181518 -0.00468545 0.00316537 0.000393701 0.00848214 -0.0147924 -0.00105042
internal_weight=4199 3652 2073 1579 1052 1021 547 883 816 325 727 288 175 595 97 630 606 763 387 254 112 578 238
internal_count=4199 3652 2073 1579 1052 1021 547 883 816 325 727 288 175 595 97 630 606 763 387 254 112 578 238
cat_boundaries=0 1 2 3 4
cat_threshold=32 156 132 2
is_linear=0
shrinkage=0.05


Tree=48
num_leaves=24
num_cat=4
split_feature=0 3 7 0 4 0 4 3 3 0 16 7 7 4 3 3 4 4 16 3 4 5 5
split_gain=64.3975 67.8664 15.3208 12.9495 6.04943 5.56973 8.28652 8.30502 4.81223 4.41874 3.75361 3.5898 3.51078 3.22689 5.55478 3.14715 2.82602 2.72344 2.01852 1.98631 1.95025 1.93131 1.91421
threshold=0 1.0000000180025095e-35 1.0000000180025095e-35 1 1.0000000180025095e-35 2 1.0000000180025095e-35 1.0000000180025095e-35 1.0000000180025095e-35 3 1.0000000180025095e-35 1.5000000000000002 1.5000000000000002 1.0000000180025095e-35 1.0000000180025095e-35 1.0000000180025095e-35 1.0000000180025095e-35 1.0000000180025095e-35 1.0000000180025095e-35 1.0000000180025095e-35 1.0000000180025095e-35 0.68614658175646159 0.92432712047662835
decision_type=1 2 2 1 2 1 2 2 2 1 2 2 2 2 2 2 2 2 2 2 2 2 2
left_child=1 3 5 20 10 6 7 -2 16 13 -5 -3 -12 14 18 17 -7 -11 -4 -15 -1 -8 -18
right_child=2 11 9 4 -6 8 21 -9 -10 15 12 -13 -14 19 -16 -17 22 -19 -20 -21 -22 -23 -24
leaf_value=0.015848913680689938 0.00067177178043810188 -0.0017041770452374664 0.0034405297389789868 0.0096086591612569838 0.00043944880863046602 -0.0016786189540181178 -0.00012162896387473179 -0.0012593594233745948 -0.00066208994878287674 -0.00095079374798940632 0.0018023079016485006 -0.00014022970200598117 0.0049676151487790315 -0.0009454213473894642 -0.00081373986012058539 1.0044659778789961e-05 -0.00063399270848985001 -0.00011886641841214811 0.0011661264844917863 0.00024068611707795328 0.0082985846145855868 -0.00092976502795846729 -0.0007280253358234606
leaf_weight=270 253 325 41 65 223 407 20 112 250 371 278 140 159 119 97 229 71 163 191 47 132 148 88
leaf_count=270 253 325 41 65 223 407 20 112 250 371 278 140 159 119 97 229 71 163 191 47 132 148 88
internal_value=-0.00106573 0.00683521 -0.00589415 0.0135093 0.00908163 -0.00961824 -0.00529466 -0.00116438 -0.0122276 -0.00194754 0.012251 -0.00919355 0.0105835 0.00173267 0.00463526 -0.00430142 -0.0149293 -0.00646067 0.00883621 -0.00391566 0.0207524 -0.0145833 -0.00927673
internal_weight=4199 1592 2607 1127 725 1349 533 365 816 1258 502 465 437 495 329 763 566 534 232 166 402 168 159
internal_count=4199 1592 2607 1127 725 1349 533 365 816 1258 502 465 437 495 329 763 566 534 232 166 402 168 159
cat_boundaries=0 1 2 3 4
cat_threshold=164 32 24 24
is_linear=0
shrinkage=0.05


Tree=49
num_leaves=24
num_cat=4
split_feature=0 3 7 0 0 4 3 3 21 4 7 4 7 0 15 5 4 14 9 14 7 14 5
split_gain=61.3101 63.8763 14.8094 12.965 6.5114 8.48941 9.49001 6.56562 6.2452 5.24778 3.54497 3.50846 3.25213 3.20519 2.66304 2.39944 2.26293 2.07126 1.76575 1.69847 1.66259 1.64175 2.35162
threshold=0 1.0000000180025095e-35 1.5000000000000002 1 2 1.0000000180025095e-35 1.0000000180025095e-35 1.0000000180025095e-35 1.0000000180025095e-35 1.0000000180025095e-35 1.5000000000000002 1.0000000180025095e-35 1.5000000000000002 3 44.850817809304324 0.92432712047662835 1.0000000180025095e-35 44703.318845095935 13050.410690394101 8680.321420592405 2.5000000000000004 94359.528291849405 1.4217699221021534
decision_type=1 2 2 1 1 2 2 2 2 2 2 2 2 1 2 2 2 2 2 2 2 2 2
left_child=1 3 4 16 5 6 -2 11 -5 10 -10 -6 19 -4 -8 -13 -1 -9 -7 -3 -11 22 -15
right_child=2 12 13 8 7 18 14 17 9 20 -12 15 -14 21 -16 -17 -18 -19 -20 -21 -22 -23 -24
leaf_value=0.015056467996655443 0.00069677842091029067 0.0040549452569223947 0.00045123617347497813 0.0075921503565740183 -0.0014957656423469296 -0.0007155223032501894 -0.0002771043144787065 7.5965299868799559e-05 0.0017121925065660766 -0.00027489750330440544 0.0047192343913400776 -0.00037088256284544745 -0.00013321821690568254 -0.00038569632902200754 -0.0013279091662729507 -0.00069162406903228754 0.0078836553838563094 -0.00062898545134373288 -0.0012959919299172129 -0.0016238388639530218 0.0016890094673375157 0.00023552262957292903 0.00033562311922866601
leaf_weight=270 329 20 175 86 538 153 48 107 278 158 159 88 140 436 90 124 132 226 64 305 44 199 30
leaf_count=270 329 20 175 86 538 153 48 107 278 158 159 88 140 436 90 124 132 226 64 305 44 199 30
internal_value=-0.00103001 0.00667915 -0.00574131 0.0131544 -0.00836163 -0.00432277 -0.000588865 -0.0107731 0.0087415 0.00715962 0.0102403 -0.0134667 -0.00887097 -0.000297619 -0.0115942 -0.00801887 0.0203883 -0.00503003 -0.0125576 -0.0116154 0.00049505 -0.00188889 -0.00354077
internal_weight=4199 1592 2607 1127 1767 684 467 1083 725 639 437 750 465 840 138 212 402 333 217 325 202 665 466
internal_count=4199 1592 2607 1127 1767 684 467 1083 725 639 437 750 465 840 138 212 402 333 217 325 202 665 466
cat_boundaries=0 1 2 3 4
cat_threshold=164 32 24 8
is_linear=0
shrinkage=0.05


Tree=50
num_leaves=24
num_cat=4
split_feature=0 0 7 7 4 16 4 0 16 4 4 7 7 14 14 10 19 14 14 1 2 16 9
split_gain=57.3122 24.2548 11.5661 10.2518 5.52138 4.36493 4.27971 3.99954 3.30552 2.87098 2.6509 1.98125 1.89666 1.89024 2.59061 2.21139 1.88944 2.63315 1.72043 1.97661 1.66907 1.63134 1.60721
threshold=0 1 1.5000000000000002 1.0000000180025095e-35 1.0000000180025095e-35 1.0000000180025095e-35 1.0000000180025095e-35 2 1.0000000180025095e-35 1.0000000180025095e-35 1.0000000180025095e-35 2.5000000000000004 2.5000000000000004 113762.42999044863 130231.75474940902 2.5000000000000004 1.0000000180025095e-35 66571.433996740641 27057.892034168963 3 2035.5000000000002 1.0000000180025095e-35 13050.410690394101
decision_type=1 1 2 2 2 2 2 1 2 2 2 2 2 2 2 2 2 2 2 1 2 2 2
left_child=6 2 4 9 5 18 -1 -6 -8 13 21 20 -5 15 -15 -3 17 -7 -2 -20 -10 -4 -9
right_child=1 3 10 12 7 16 8 22 11 -11 -12 -13 -14 14 -16 -17 -18 -19 19 -21 -22 -23 -24
leaf_value=0.011747626897464315 -0.00017269222084716416 -0.00090676643493957116 0.0036953727806489593 -0.0005503049217802481 -0.00036164127414587137 -0.00017395125665480295 0.016055838183821346 -0.00067974618808768004 0.0028356218182321149 -0.00064581354386427725 8.182162921277562e-05 0.0058947969660447137 -2.9184545148219778e-06 0.00019638734495712958 -0.00063661185494380394 -0.0004085551680690937 -9.4779569976614919e-05 -0.0016196560652266098 0.00099643557406179912 0.0041718956208910089 -0.0021235877578002827 0.001223170544914698 -0.0012311923334213523
leaf_weight=372 32 415 62 525 206 49 29 153 82 238 236 26 238 38 91 34 727 41 50 45 38 408 64
leaf_count=372 32 415 62 525 206 49 29 153 82 238 236 26 238 38 91 34 727 41 50 45 38 408 64
internal_value=-0.000899024 -0.00316767 0.000396063 -0.00781938 -0.00228603 -0.000158898 0.0140485 -0.0070331 0.00785714 -0.0117647 0.0055949 0.00479452 -0.00370249 -0.0136678 -0.00833333 -0.0152004 -0.00149939 -0.00833333 0.00846457 0.0118421 0.00208333 0.00776596 -0.0115639
internal_weight=4199 3652 2073 1579 1367 944 547 423 175 816 706 146 763 578 129 449 817 90 127 95 120 470 217
internal_count=4199 3652 2073 1579 1367 944 547 423 175 816 706 146 763 578 129 449 817 90 127 95 120 470 217
cat_boundaries=0 1 2 3 4
cat_threshold=32 156 132 1
is_linear=0
shrinkage=0.05


Tree=51
num_leaves=24
num_cat=5
split_feature=0 3 7 0 4 0 4 3 3 16 7 7 0 14 4 4 10 16 5 5 7 1 15
split_gain=53.7148 63.4322 14.5704 10.9114 6.11074 5.35535 6.70184 7.85778 4.92062 3.50939 3.54497 3.3608 2.99779 2.56582 2.38373 2.16355 2.21387 2.13719 1.91421 1.73994 1.734 1.78037 1.98265
threshold=0 1.0000000180025095e-35 1.0000000180025095e-35 1 1.0000000180025095e-35 2 1.0000000180025095e-35 1.0000000180025095e-35 1.0000000180025095e-35 1.0000000180025095e-35 1.5000000000000002 1.0000000180025095e-35 3 12132.816732385716 1.0000000180025095e-35 1.0000000180025095e-35 2.5000000000000004 3.485125 0.92432712047662835 0.8683379809646673 2.5000000000000004 4 71.878914258797877
decision_type=1 2 2 1 2 1 2 2 2 2 2 2 1 2 2 2 2 2 2 2 2 1 2
left_child=1 3 5 14 9 6 7 -2 15 -5 -11 13 17 -3 -1 16 -7 20 -17 -16 21 -4 -23
right_child=2 11 12 4 -6 8 -8 -9 -10 10 -12 -13 -14 -15 19 18 -18 -19 -20 -21 -22 22 -24
leaf_value=0.013716263251949457 0.00055870207259971769 0.0010453306891595275 0.00030896896115368037 0.0086621531402589109 0.00041223599467110075 -0.0015264162937778044 -0.00067402222834606366 -0.0011271671837577112 -0.00055219785702956758 0.0016313218597366038 0.0044221141445273393 -0.00067462628844564834 -0.0004247752052359874 -0.0016823932786600862 0.0048102290455778523 -0.00055145826772987137 -7.0018526061753694e-05 -0.00083891298787211954 -0.0006247521883874594 0.0079773679072314592 0.00042155426115580432 -0.00052339564780022054 0.00017513766567381144
leaf_weight=270 253 21 56 65 223 384 168 112 250 278 159 216 522 228 31 71 23 103 88 101 225 186 166
leaf_count=270 253 21 56 65 223 384 168 112 250 278 159 216 522 228 31 71 23 103 88 101 225 186 166
internal_value=-0.000910931 0.00630462 -0.00532098 0.0127551 0.00867347 -0.00895107 -0.00474217 -0.0010274 -0.0115012 0.0118526 0.0102403 -0.00919355 -0.00147059 -0.0131526 0.0194175 -0.0142226 -0.0161548 0.000603217 -0.00927673 0.0143939 0.00169826 -0.000245098 -0.0015625
internal_weight=4199 1592 2607 1127 725 1349 533 365 816 502 437 465 1258 249 402 566 407 736 159 132 633 408 352
internal_count=4199 1592 2607 1127 725 1349 533 365 816 502 437 465 1258 249 402 566 407 736 159 132 633 408 352
cat_boundaries=0 1 2 3 4 5
cat_threshold=164 32 24 25 4
is_linear=0
shrinkage=0.05


Tree=52
num_leaves=24
num_cat=3
split_feature=0 3 7 0 4 0 4 3 3 16 7 7 7 4 4 10 5 14 16 5 15 7 9
split_gain=52.709 59.6145 13.2999 10.9714 5.86843 5.2485 5.74683 7.85778 5.31981 3.63956 3.44375 3.03629 2.6541 2.27726 1.9379 2.1069 1.91421 1.83186 2.36048 1.73994 1.71607 1.66049 1.63984
threshold=0 1.0000000180025095e-35 1.0000000180025095e-35 1 1.0000000180025095e-35 2 1.0000000180025095e-35 1.0000000180025095e-35 1.0000000180025095e-35 1.0000000180025095e-35 1.5000000000000002 1.5000000000000002 2.5000000000000004 1.0000000180025095e-35 1.0000000180025095e-35 2.5000000000000004 0.92432712047662835 28523.785437470815 1.0000000180025095e-35 0.8683379809646673 44.850817809304324 1.0000000180025095e-35 5973.9972786021053
decision_type=1 2 2 1 2 1 2 2 2 2 2 2 2 2 2 2 2 2 2 2 2 2 2
left_child=1 3 5 13 9 6 7 -2 14 -5 -11 17 22 -1 15 -7 -16 -3 -19 -15 -9 -20 -4
right_child=2 11 12 4 -6 8 -8 20 -10 10 -12 -13 -14 19 16 -17 -18 18 21 -21 -22 -23 -24
leaf_value=0.013030450089351987 0.00053076696896973139 -0.00088599137633507241 -7.7571510599348806e-05 0.0082290454832459666 0.00039162419493754541 -0.0014500954790889144 -0.00064032111692876052 -0.00052224579461571856 -0.00052458796417808923 0.0015497557667497747 0.0042010084373009741 -0.00019101121075558656 0.00010484332729019455 0.0045697175932989612 -0.00052388535434337786 -6.6517599758665963e-05 -0.00059351457896808643 0.00099832917829078909 -0.0020580389928692116 0.0075784995118698857 -0.0012045016815036436 -0.0015077326472388479 -0.00061385591196254786
leaf_weight=270 253 85 441 65 223 384 168 40 250 278 159 140 412 31 71 23 88 25 164 101 72 51 405
leaf_count=270 253 85 441 65 223 384 168 40 250 278 159 140 412 31 71 23 88 25 164 101 72 51 405
internal_value=-0.000779948 0.00636704 -0.00514903 0.012622 0.00853741 -0.00861749 -0.00446593 -0.0010274 -0.011138 0.0116534 0.0100114 -0.00865591 -0.00147059 0.0192961 -0.0139576 -0.0157862 -0.00927673 -0.0113077 -0.0135417 0.0143939 -0.0120536 -0.0152326 -0.00307329
internal_weight=4199 1592 2607 1127 725 1349 533 365 816 502 437 465 1258 402 566 407 159 325 240 132 112 215 846
internal_count=4199 1592 2607 1127 725 1349 533 365 816 502 437 465 1258 402 566 407 159 325 240 132 112 215 846
cat_boundaries=0 1 2 3
cat_threshold=164 32 24
is_linear=0
shrinkage=0.05


Tree=53
num_leaves=24
num_cat=5
split_feature=0 3 0 3 4 3 0 8 4 16 1 16 17 9 4 14 2 18 4 4 5 14 1
split_gain=49.6987 21.0257 19.3204 27.2533 21.0737 7.88664 6.50564 6.40575 5.1033 4.2629 3.02251 2.53332 2.50948 2.59354 2.50265 2.14719 2.08095 2.08078 2.02167 1.85189 2.33946 1.77402 1.73959
threshold=0 1.0000000180025095e-35 1 1.0000000180025095e-35 1.0000000180025095e-35 1.0000000180025095e-35 2 1.0000000180025095e-35 1.0000000180025095e-35 1.0000000180025095e-35 3 1.0000000180025095e-35 74.884166666666673 3923.3204996074787 1.0000000180025095e-35 152534.41816955732 2031.5000000000002 1.0000000180025095e-35 1.0000000180025095e-35 1.0000000180025095e-35 0.92432712047662835 46234.081037188625 4
decision_type=1 2 1 2 2 2 1 2 2 2 1 2 2 2 2 2 2 2 2 2 2 2 1
left_child=1 14 3 4 9 7 -6 11 17 -2 12 -4 -3 -14 15 -1 -12 -5 -9 -13 -21 -20 -19
right_child=2 10 5 8 6 -7 -8 18 -10 -11 16 19 13 -15 -16 -17 -18 22 21 20 -22 -23 -24
leaf_value=0.012557142273691063 0.0038454863206586229 0.0075177117364310713 -0.001887980840040362 -0.001510855772142453 0.00037204298519066814 -0.00023262529748509171 -0.0011736872755361283 -0.0009297389808787138 -0.00024964114876156463 0.0013674760738848436 -0.00034407404678852009 -0.0010819296009385547 0.0023296255127816302 -0.0032133077911915804 0.0066139147254737577 0.007449905481743996 -0.0035239927680830842 -0.00046058575238956125 -0.00049274131777125862 -0.00010427501010539975 -0.00056383885001968202 0.00078709039302081668 -0.0012893644282148575
leaf_weight=242 142 22 81 66 223 479 245 204 191 845 28 515 22 32 132 28 41 62 33 96 122 49 299
leaf_count=242 142 22 81 66 223 479 245 204 191 845 28 515 22 32 132 28 41 62 33 96 122 49 299
internal_value=-0.00076804 0.0131508 -0.00288094 0.000300048 0.0040378 -0.00703272 -0.00470085 -0.00940909 -0.00849515 0.00818136 -0.00293103 -0.0116708 0.00394737 -0.00185185 0.0192786 0.022037 -0.0105072 -0.011534 -0.00297203 -0.0107435 -0.00688073 0.00365854 -0.0100416
internal_weight=4199 547 3652 2073 1455 1579 468 1100 618 987 145 814 76 54 402 270 69 427 286 733 218 82 361
internal_count=4199 547 3652 2073 1455 1579 468 1100 618 987 145 814 76 54 402 270 69 427 286 733 218 82 361
cat_boundaries=0 1 2 3 4 5
cat_threshold=32 156 132 1 4
is_linear=0
shrinkage=0.05


Tree=54
num_leaves=24
num_cat=5
split_feature=0 7 0 0 4 16 4 16 4 1 16 7 15 7 0 2 9 2 5 2 16 5 5
split_gain=44.2213 20.6388 10.4902 9.11053 3.9968 3.94642 3.01844 2.61814 2.38261 1.99356 1.99135 2.53749 1.96284 1.91508 1.75365 1.72297 2.09142 2.08334 1.69192 1.5366 1.52582 1.95015 1.52507
threshold=0 1.0000000180025095e-35 1 2 1.0000000180025095e-35 1.0000000180025095e-35 1.0000000180025095e-35 1.0000000180025095e-35 1.0000000180025095e-35 3 1.0000000180025095e-35 2.5000000000000004 9.3761160801854793 2.5000000000000004 4 2035.5000000000002 526.9034872626363 2029.5000000000002 0.93269690608366818 2035.5000000000002 1.4758333333333338 0.8683379809646673 0.74651220879099955
decision_type=1 2 1 1 2 2 2 2 2 1 2 2 2 2 1 2 2 2 2 2 2 2 2
left_child=4 2 6 10 22 -6 7 9 15 -2 -3 -12 -9 19 -8 17 -17 -4 -13 -7 -19 -22 -1
right_child=1 3 8 -5 5 13 14 12 -10 -11 11 18 -14 -15 -16 16 -18 20 -20 -21 21 -23 -24
leaf_value=0.0097731921164332606 0.002187902040320891 0.0025289211153391557 -0.00060346043548915168 -0.00020964046976801738 0.014144557167401518 0.0015853516200917462 -0.00055203625771034492 0.0018147076740404056 -0.00050614368549685093 0.00022015833350655519 0.0001738186431268357 0.00094255225046089577 -0.00053385582503381879 0.0046459660300193278 -0.00057272185047488008 -0.00053870051853936263 -0.00082384053042520305 -0.00088833803307887299 0.0015427718760712473 -0.0027255696427071693 0.00024275485643519037 -0.00052874578249331305 0.0091390063541507034
leaf_weight=71 40 99 171 1007 29 82 157 23 238 57 427 107 607 26 168 49 133 70 144 38 49 106 301
leaf_count=71 40 99 171 1007 29 82 157 23 238 57 427 107 607 26 168 49 133 70 144 38 49 106 301
internal_value=-0.000696594 -0.00268979 -0.00637045 0.0011491 0.0124327 0.00642857 -0.0029661 -0.00120358 -0.0105932 0.0064433 0.00517789 0.00427729 -0.00238095 0.00308219 -0.007 -0.0124567 -0.0164835 -0.0106061 0.00826693 0.000416667 -0.00744444 -0.00467742 0.0155914
internal_weight=4199 3652 1868 1784 547 175 1052 727 816 97 777 678 630 146 325 578 182 396 251 120 225 155 372
internal_count=4199 3652 1868 1784 547 175 1052 727 816 97 777 678 630 146 325 578 182 396 251 120 225 155 372
cat_boundaries=0 1 2 3 4 5
cat_threshold=32 156 140 2 132
is_linear=0
shrinkage=0.05


Tree=55
num_leaves=24
num_cat=5
split_feature=0 3 7 0 3 4 0 3 3 4 1 17 4 4 16 16 9 17 9 5 9 15 1
split_gain=40.8194 19.533 19.4667 9.21266 15.3564 10.4769 7.43902 8.98261 4.04074 3.97276 3.05049 2.74681 2.68923 2.52275 2.21731 2.12347 2.09186 2.04095 2.03416 1.97269 1.8399 1.78369 1.73611
threshold=0 1.0000000180025095e-35 1.0000000180025095e-35 1 1.0000000180025095e-35 1.0000000180025095e-35 2 1.0000000180025095e-35 1.0000000180025095e-35 1.0000000180025095e-35 3 74.884166666666673 1.0000000180025095e-35 1.0000000180025095e-35 1.0000000180025095e-35 1.0000000180025095e-35 3923.3204996074787 74.884166666666673 417.8489442808596 0.59363815052548841 75507.970003087408 44.850817809304324 4
decision_type=1 2 2 1 2 2 1 2 2 2 1 2 2 2 2 2 2 2 2 2 2 2 1
left_child=1 13 3 4 5 14 7 9 15 17 11 -3 21 -1 22 -5 -13 19 -19 -4 -8 -6 -2
right_child=2 10 6 8 12 -7 20 -9 -10 -11 -12 16 -14 -15 -16 -17 -18 18 -20 -21 -22 -23 -24
leaf_value=0.011294120153492305 0.0029573804124235245 0.006684875831901982 0.0012453865323326263 -0.0020488164908096127 -0.0013217748406420661 -0.0010343357746878483 -0.00026210620497816168 -0.00039211292039101342 -0.00044553527457366995 0.00023533203460252841 -0.0026226546819588751 0.0017561939194350173 -0.00048232777285769777 0.0059578659713067535 0.00069689857831033988 -0.00059393290559311951 -0.003131909982636591 0.0031169586488594306 0.0012554632300241508 0.0042304991382080713 0.00047306181237969649 -0.0012307322057482574 0.0016505560556746041
leaf_weight=270 32 22 20 59 86 230 974 221 250 184 69 22 95 132 425 507 32 60 125 167 33 144 40
leaf_count=270 32 22 20 59 86 230 974 221 250 184 69 22 95 132 425 507 32 60 125 167 33 144 40
internal_value=-0.00072041 0.0118941 -0.00263517 -0.00620985 -0.00301318 0.000997249 0.00109305 0.00473316 -0.0101695 0.00818345 -0.00362069 0.00328947 -0.0120769 0.0177861 0.00508048 -0.0126325 -0.00277778 0.0111559 0.00743243 0.0148396 -0.00174533 -0.015 0.0131944
internal_weight=4199 547 3652 1868 1052 727 1784 777 816 556 145 76 325 402 497 566 54 372 185 187 1007 230 72
internal_count=4199 547 3652 1868 1052 727 1784 777 816 556 145 76 325 402 497 566 54 372 185 187 1007 230 72
cat_boundaries=0 1 2 3 4 5
cat_threshold=32 156 140 1 2
is_linear=0
shrinkage=0.05


Tree=56
num_leaves=24
num_cat=4
split_feature=0 3 0 3 0 8 16 3 16 1 9 5 18 8 15 8 15 2 15 2 5 14 16
split_gain=38.484 18.4146 15.1603 22.5669 7.78623 6.56974 5.53647 5.21024 3.28703 3.05049 2.5108 2.47858 2.01654 1.76584 1.70193 1.77597 1.96269 1.68188 1.48764 1.39443 1.71767 1.32118 1.29792
threshold=0 1.0000000180025095e-35 1 1.0000000180025095e-35 2 1.0000000180025095e-35 1.0000000180025095e-35 1.0000000180025095e-35 1.0000000180025095e-35 3 1614.1828285368777 1.084337575140127 1.0000000180025095e-35 1.0000000180025095e-35 15.207454126178767 1.0000000180025095e-35 44.53170661205376 2031.5000000000002 31.635187667559883 2035.5000000000002 0.68072289182799695 13749.0375045001 1.0000000180025095e-35
decision_type=1 2 1 2 1 2 2 2 2 1 2 2 2 2 2 2 2 2 2 2 2 2 2
left_child=1 -1 3 4 6 7 -2 8 -4 10 -3 -6 -5 21 -14 -16 -17 -11 -9 -10 -21 -8 -7
right_child=2 9 5 12 11 22 13 18 19 17 -12 -13 14 -15 15 16 -18 -19 -20 20 -22 -23 -24
leaf_value=0.008850685186131791 0.0062888157666560369 0.0026549785882723585 -0.0016467240718439193 -0.0010880952371637616 0.00029299473687998713 0.00068975403939333657 0.0026388922459519904 0.00017215329814308442 -0.00051406482114151888 -0.00065268792805868447 -0.00091822363677966374 -0.00046651701814441897 0.00011777436770513311 0.0022816405692784258 -0.00071888916772513143 0.0001445487511003915 -0.0010720332470378444 -0.0035574037627435998 -0.00042325851084498646 -0.00029566979949606698 -0.00071887819112436801 0.00073887685742105025 -0.00026549114243807416
leaf_weight=402 86 24 81 85 447 49 49 79 502 28 52 283 26 187 377 37 93 41 267 24 207 403 370
leaf_count=402 86 24 81 85 447 49 49 79 502 28 52 283 26 187 377 37 93 41 267 24 207 403 370
internal_value=-0.000803763 0.0114452 -0.00266248 0.000156025 0.0035567 -0.00634047 0.00717687 -0.00831897 -0.0105037 -0.00362069 0.00328947 -0.000135135 -0.0078479 0.00567293 -0.00670732 -0.00734714 -0.00230769 -0.0112319 -0.00317919 -0.00944748 -0.0126623 0.0039823 -0.00101432
internal_weight=4199 547 3652 2073 1455 1579 725 1160 814 145 76 730 618 639 533 507 130 69 346 733 231 452 419
internal_count=4199 547 3652 2073 1455 1579 725 1160 814 145 76 730 618 639 533 507 130 69 346 733 231 452 419
cat_boundaries=0 1 2 3 4
cat_threshold=32 156 132 1
is_linear=0
shrinkage=0.05


Tree=57
num_leaves=24
num_cat=5
split_feature=0 7 3 0 3 4 0 3 4 3 1 4 17 4 16 7 16 0 17 15 15 2 14
split_gain=37.7006 18.3223 18.1948 8.43762 12.8529 9.18635 6.0386 5.95934 3.9831 3.87999 3.05049 2.88216 2.74681 2.50778 2.29392 1.94575 1.89366 1.88044 1.76133 2.02839 1.72942 1.68188 1.64242
threshold=0 1.0000000180025095e-35 1.0000000180025095e-35 1 1.0000000180025095e-35 1.0000000180025095e-35 2 1.0000000180025095e-35 1.0000000180025095e-35 1.0000000180025095e-35 3 1.0000000180025095e-35 74.884166666666673 1.0000000180025095e-35 1.0000000180025095e-35 1.0000000180025095e-35 1.0000000180025095e-35 4 74.884166666666673 42.101107727748541 13.761473223661897 2031.5000000000002 167285.73032906043
decision_type=1 2 2 1 2 2 1 2 2 2 1 2 2 2 2 2 2 1 2 2 2 2 2
left_child=2 3 11 4 5 20 7 8 18 14 12 -1 -4 -6 -5 -14 -13 -7 -3 -20 -2 -12 -8
right_child=1 6 10 9 13 17 22 -9 -10 -11 21 16 15 -15 -16 -17 -18 -19 19 -21 -22 -23 -24
leaf_value=0.010286879886511092 0.0028658218227910967 0.0036233045233565356 0.0063960311973556509 -0.0018640394626769361 -0.0011363038163640677 -0.00035997961042968376 -0.00027482637777437037 -0.00037973471192648267 0.00014074220279443052 -0.0004020955853027371 -0.00062005353165574826 0.013750243332886103 -0.0062264805771821644 -0.00042226692582855632 -0.0005385330192563875 0.0013290248458095733 0.0035484677048120308 -0.001234653576459438 -0.00026302428902343219 0.0022284227780404258 0.00068649154266583199 -0.0033795335746064194 0.00043945756923824999
leaf_weight=270 22 187 22 59 230 104 941 221 184 250 28 26 25 95 507 29 106 126 34 151 475 41 66
leaf_count=270 22 187 22 59 230 104 941 221 184 250 28 26 25 95 507 29 106 126 34 151 475 41 66
internal_value=-0.00076804 -0.00260786 0.0113555 -0.00607602 -0.00301318 0.00065337 0.00100897 0.00428844 0.00710432 -0.00986683 -0.00362069 0.0170398 0.00328947 -0.0113077 -0.0122792 -0.00277778 0.0109848 -0.0076087 0.0100806 0.00662162 0.00447686 -0.0112319 -0.00154867
internal_weight=4199 3652 547 1868 1052 727 1784 777 556 816 145 402 76 325 566 54 132 230 372 185 497 69 1007
internal_count=4199 3652 547 1868 1052 727 1784 777 556 816 145 402 76 325 566 54 132 230 372 185 497 69 1007
cat_boundaries=0 1 2 3 4 5
cat_threshold=32 156 140 1 132
is_linear=0
shrinkage=0.05


Tree=58
num_leaves=24
num_cat=4
split_feature=0 3 7 0 3 4 0 3 3 16 4 4 7 2 7 4 16 16 15 0 9 2 5
split_gain=36.9982 18.8072 17.0786 8.07998 12.2001 8.70929 5.9054 8.79461 3.52203 3.26251 3.0843 2.88216 2.68053 2.37522 2.23058 2.19517 2.05742 1.89366 1.7549 1.73191 1.66163 1.89127 2.80404
threshold=0 1.0000000180025095e-35 1.0000000180025095e-35 1 1.0000000180025095e-35 1.0000000180025095e-35 2 1.0000000180025095e-35 1.0000000180025095e-35 1.0000000180025095e-35 1.0000000180025095e-35 1.0000000180025095e-35 1.5000000000000002 2036.5000000000002 2.5000000000000004 1.0000000180025095e-35 1.0000000180025095e-35 1.0000000180025095e-35 13.761473223661897 3 9145.1519655005104 2036.5000000000002 0.64827296193767847
decision_type=1 2 2 1 2 2 1 2 2 2 2 2 2 2 2 2 2 2 2 1 2 2 2
left_child=1 11 3 4 5 18 7 9 16 -4 -6 -1 13 -3 -8 -11 -5 -13 -2 -7 21 22 -16
right_child=2 12 6 8 10 19 14 -9 -10 15 -12 17 -14 -15 20 -17 -18 -19 -20 -21 -22 -23 -24
leaf_value=0.0097725358921855413 0.0027225307316515418 -0.0012935156565386547 0.0082226561179358972 -0.0017708374895430892 -0.0010794886255458644 -0.00034198062990820066 -0.00027290580287587379 -0.00099207748794955257 -0.00038199080603760024 0.0028648842496781235 -0.00040115357953712848 0.013062731166241792 0.0012625736035190962 -0.0046017369557338266 -0.0018690209915833201 0.00024734039265354171 -0.00051160636829356823 0.0033710443195714259 0.00065216696553254132 -0.0011729208976364661 0.00042787624266929091 -0.0011609278619397841 0.00034414750861927815
leaf_weight=270 22 71 42 59 230 104 846 149 250 229 95 26 47 27 21 106 507 106 475 126 172 53 166
leaf_count=270 22 71 42 59 230 104 846 149 250 229 95 26 47 27 21 106 507 106 475 126 172 53 166
internal_value=-0.000744225 0.0112657 -0.0025669 -0.00591542 -0.00291902 0.00065337 0.000924888 0.00531716 -0.0096247 0.00948276 -0.011 0.0170398 -0.00396552 -0.00867347 -0.000946372 0.00783582 -0.0119258 0.0109848 0.00437626 -0.0073913 0.00206311 -0.000625 0.00173797
internal_weight=4199 547 3652 1868 1052 727 1784 526 816 377 325 402 145 98 1258 335 566 132 497 230 412 240 187
internal_count=4199 547 3652 1868 1052 727 1784 526 816 377 325 402 145 98 1258 335 566 132 497 230 412 240 187
cat_boundaries=0 1 2 3 4
cat_threshold=32 156 132 132
is_linear=0
shrinkage=0.05


Tree=59
num_leaves=24
num_cat=1
split_feature=7 3 4 15 16 14 7 3 4 14 15 5 14 5 1 15 2 2 15 7 7 16 15
split_gain=18.3954 6.88571 3.30953 2.53557 2.29037 2.10883 2.35026 1.85556 1.62368 2.07491 3.366 1.61066 1.4773 1.55215 1.38113 1.79339 1.31622 1.31035 1.39737 1.2823 1.27803 1.50621 1.65869
threshold=1.5000000000000002 1.0000000180025095e-35 1.0000000180025095e-35 15.207454126178767 1.0000000180025095e-35 5539.9792550111761 1.0000000180025095e-35 1.0000000180025095e-35 1.0000000180025095e-35 118509.14666601906 124.1313214903894 1.2393793021592654 122602.85106732538 1.2553521696088608 0 136.14599767670714 2026.5000000000002 2027.5000000000002 31.315476121026705 2.5000000000000004 2.5000000000000004 1.756416666666667 64.699785586228529
decision_type=2 2 2 2 2 2 2 2 2 2 2 2 2 2 1 2 2 2 2 2 2 2 2
left_child=1 2 16 -3 -2 -5 8 20 9 -7 -11 14 13 -8 15 19 -1 18 -18 -9 21 22 -6
right_child=4 3 -4 5 7 6 12 11 -10 10 -12 -13 -14 -15 -16 -17 17 -19 -20 -21 -22 -23 -24
leaf_value=-0.0004975768275617379 0.0017910467710444398 0.0002192303183087649 -0.00038981014464547597 0.0014422340677548579 -1.9994636605680238e-05 -0.00041928224635964448 0.00013278673833459209 -0.00071614857844707897 -0.0004254754650165966 0.00054344725388164039 -0.00044755259294201904 0.0002396329443787662 -0.00093508314602009236 -0.0011388021939836401 -0.00043520930094856011 0.00086957752144631588 -0.00069089200531374361 -1.4947512268063783e-05 0.0011807633355862093 0.00040651228269719816 0.0011083406670680223 -0.00012386494116595759 0.0011204250597031202
leaf_weight=89 168 37 581 25 95 329 126 57 186 35 57 67 43 21 138 21 30 1184 74 55 441 175 165
leaf_count=89 168 37 581 25 95 329 126 57 186 35 57 67 43 21 138 21 30 1184 74 55 441 175 165
internal_value=-0.000672779 -0.00299077 -0.00135342 -0.00672293 0.0040521 -0.00729927 -0.0077478 0.00329489 -0.00926689 -0.0109857 -0.00434783 0.000147929 -0.00289474 -0.000510204 -0.00156827 0.00206767 -1.81554e-05 0.000388199 0.00576923 -0.000446429 0.00450913 0.00258621 0.005
internal_weight=4199 2817 1958 859 1382 822 797 1214 607 421 92 338 190 147 271 133 1377 1288 104 112 876 435 260
internal_count=4199 2817 1958 859 1382 822 797 1214 607 421 92 338 190 147 271 133 1377 1288 104 112 876 435 260
cat_boundaries=0 1
cat_threshold=1
is_linear=0
shrinkage=0.05


Tree=60
num_leaves=24
num_cat=4
split_feature=0 3 7 0 3 4 0 3 4 3 1 17 4 4 9 16 16 16 14 15 2 15 14
split_gain=34.1432 16.9042 13.3611 7.56299 10.1806 7.4919 6.06878 4.27211 3.6389 3.22536 3.05049 2.74681 2.54293 2.27005 2.09186 2.01416 1.9924 1.83103 1.77884 1.74278 1.68188 1.6311 2.46038
threshold=0 1.0000000180025095e-35 1.0000000180025095e-35 1 1.0000000180025095e-35 1.0000000180025095e-35 2 1.0000000180025095e-35 1.0000000180025095e-35 1.0000000180025095e-35 3 74.884166666666673 1.0000000180025095e-35 1.0000000180025095e-35 3923.3204996074787 1.0000000180025095e-35 1.0000000180025095e-35 1.0000000180025095e-35 152534.41816955732 44.850817809304324 2031.5000000000002 22.754466787808642 33136.586579554067
decision_type=1 2 2 1 2 2 1 2 2 2 1 2 2 2 2 2 2 2 2 2 2 2 2
left_child=1 12 3 4 5 -2 7 8 17 16 11 -3 18 19 -13 -14 -5 -4 -1 -6 -12 -18 -23
right_child=2 10 6 9 13 -7 -8 -9 -10 -11 20 14 15 -15 -16 -17 21 -19 -20 -21 -22 22 -24
leaf_value=0.0094338848096046594 0.00069369862821317969 0.0060915872348161681 0.0063131846602723779 -0.0016574167736878476 -0.0010897075481555954 -0.00088962048052757697 -0.00018502338237089412 -0.00028764710220798576 7.8625084740989454e-05 -0.00034192715341773805 -0.00050341095992804399 0.0015613628836318118 0.012374563692269726 -0.00035982212730944222 -0.002734973907387481 0.0032025345558874432 -0.0010419560906972005 0.0019843299684303042 0.0045951415655895557 -0.00099780523376572406 -0.0029871093850061372 -0.00027320955620523563 -0.00046653554264661597
leaf_weight=242 497 22 46 59 86 230 1007 221 184 250 28 22 26 95 32 106 49 326 28 144 41 113 345
leaf_count=242 497 22 46 59 86 230 1007 221 184 250 28 22 26 95 32 106 49 326 28 144 41 113 345
internal_value=-0.00072041 0.0108169 -0.00247133 -0.00543362 -0.00254237 0.000722146 0.000616592 0.00390724 0.00629496 -0.00901937 -0.00362069 0.00328947 0.0162935 -0.00992308 -0.00277778 0.0106061 -0.0112191 0.00913978 0.0190741 -0.0126087 -0.0112319 -0.0102071 -0.00927948
internal_weight=4199 547 3652 1868 1052 727 1784 777 556 816 145 76 402 325 54 132 566 372 270 230 69 507 458
internal_count=4199 547 3652 1868 1052 727 1784 777 556 816 145 76 402 325 54 132 566 372 270 230 69 507 458
cat_boundaries=0 1 2 3 4
cat_threshold=32 156 140 1
is_linear=0
shrinkage=0.05


Tree=61
num_leaves=24
num_cat=4
split_feature=0 3 7 0 3 4 0 3 4 4 10 4 1 3 16 4 16 10 15 9 5 18 14
split_gain=30.5901 17.0194 11.8126 7.51645 10.2428 9.27035 4.65598 3.84383 3.18589 3.01742 2.76157 2.66571 2.52272 2.48447 2.38959 2.36688 2.26631 2.25145 2.41603 2.23094 2.15871 2.12343 2.03344
threshold=0 1.0000000180025095e-35 1.5000000000000002 1 1.0000000180025095e-35 1.0000000180025095e-35 2 1.0000000180025095e-35 1.0000000180025095e-35 1.0000000180025095e-35 1.5000000000000002 1.0000000180025095e-35 3 1.0000000180025095e-35 1.0000000180025095e-35 1.0000000180025095e-35 1.0000000180025095e-35 1.5000000000000002 114.93378014844174 1614.1828285368777 1.0264471337233452 1.0000000180025095e-35 25495.070357952452
decision_type=1 2 2 1 2 2 1 2 2 2 2 2 1 2 2 2 2 2 2 2 2 2 2
left_child=1 11 3 4 5 14 13 9 21 17 -11 -1 19 15 -2 22 -13 18 -5 -3 -15 -6 -4
right_child=2 12 6 7 8 -7 -8 -9 -10 10 -12 16 -14 20 -16 -17 -18 -19 -20 -21 -22 -23 -24
leaf_value=0.0088130884108178712 0.0029286357456630913 0.0023777923915226347 0.0048170157117445878 -0.0012595888070768774 -0.0011295320334511652 -0.00087319600696304236 -7.634153988374526e-05 -0.00032483079574685114 -0.00021693151351680551 -0.00014147647952312184 -0.00036398780167501036 0.011755835507656243 -0.0018591953079825753 -0.0007505591760888858 0.00058450901909486987 0.00027334475028141096 0.003042407828093069 -0.0004052121771365042 -0.00061943384644830193 -0.00070395187205360421 0.00017312028042147654 -0.00094436821567048387 0.0024727760217283876
leaf_weight=270 94 24 37 310 43 286 665 333 137 175 37 26 69 79 559 144 106 111 117 52 62 248 215
leaf_count=270 94 24 37 310 43 286 665 333 137 175 37 26 69 79 559 144 106 111 117 52 62 248 215
internal_value=-0.000732317 0.0101885 -0.0023894 -0.00438776 -0.00187001 0.00103834 0.00166389 -0.00747941 -0.00829439 -0.00953333 -0.00448113 0.0156716 -0.00431034 0.00507313 0.00432619 0.00719697 0.00984848 -0.0115242 -0.0131733 0.00197368 -0.000531915 -0.0112543 0.010119
internal_weight=4199 547 3652 2450 1367 939 1202 1083 428 750 212 402 145 537 653 396 132 538 427 76 141 291 252
internal_count=4199 547 3652 2450 1367 939 1202 1083 428 750 212 402 145 537 653 396 132 538 427 76 141 291 252
cat_boundaries=0 1 2 3 4
cat_threshold=32 156 140 1
is_linear=0
shrinkage=0.05


Tree=62
num_leaves=24
num_cat=3
split_feature=0 7 0 0 17 4 4 6 2 9 2 15 18 4 9 15 15 17 14 5 17 5 7
split_gain=28.739 11.9696 6.19623 4.72028 4.40036 4.84223 3.0141 1.94485 1.78038 2.14757 1.7761 1.53779 1.47416 1.87194 2.07675 2.11295 1.62647 1.47144 1.69726 2.21173 1.4417 1.55598 1.45377
threshold=0 1.0000000180025095e-35 1 2 1.0000000180025095e-35 1.0000000180025095e-35 1.0000000180025095e-35 1.0000000180025095e-35 2035.5000000000002 526.9034872626363 2029.5000000000002 92.339236490702334 1.0000000180025095e-35 1.0000000180025095e-35 638.36927651137228 23.880185662864822 132.58468279405687 73.879583333333343 39654.038758713657 1.0632720573186565 74.884166666666673 0.73459936002505744 2.5000000000000004
decision_type=1 2 1 1 2 2 2 2 2 2 2 2 2 2 2 2 2 2 2 2 2 2 2
left_child=4 2 11 12 -1 -6 8 -7 10 -10 -4 -2 -3 14 -14 -16 -15 -12 -19 -20 -17 -22 -23
right_child=1 3 6 -5 5 7 -8 -9 9 -11 17 -13 13 16 15 20 -18 18 19 -21 21 22 -24
leaf_value=0.013124670688026788 -0.0002370651565301936 -0.00046665495471741037 -0.00041839951672890518 -0.00016513438048565144 0.0052503313236447859 -0.00048576693650150275 -0.0002942631053154847 0.0028759231436231714 -0.00039183706583668866 -0.00058711368591306181 -0.00043701342948335967 -0.00053370633239026473 0.0015073381903183852 0.00012587739907207184 -0.00044151246141005689 0.0014419408442792937 -0.00060362301884947305 0.00053194409510776022 0.00017266493015444142 -0.00087861154698974035 0.0023558804473720442 -0.00074286219689546353 0.0022602741468251085
leaf_weight=72 716 91 171 1007 329 113 238 33 49 133 93 336 147 197 24 143 35 34 56 42 22 79 39
leaf_count=72 716 91 171 1007 329 113 238 33 49 133 93 336 147 197 24 143 35 34 56 42 22 79 39
internal_value=-0.000756132 -0.0023621 -0.00516595 0.000560538 0.00982944 0.00826316 -0.00841404 0.000684932 -0.0104671 -0.0145604 -0.00858586 -0.00254237 0.00346252 0.00430029 0.0061674 0.00382736 0.000646552 -0.00566667 -0.00227273 -0.00561224 0.00503534 0.00142857 -0.000847458
internal_weight=4199 3652 1868 1784 547 475 816 146 578 182 396 1052 777 686 454 307 232 225 132 98 283 140 118
internal_count=4199 3652 1868 1784 547 475 816 146 578 182 396 1052 777 686 454 307 232 225 132 98 283 140 118
cat_boundaries=0 1 2 3
cat_threshold=32 156 140
is_linear=0
shrinkage=0.05


Tree=63
num_leaves=24
num_cat=5
split_feature=0 3 7 0 3 4 0 3 4 17 4 17 1 9 3 9 4 15 14 17 0 17 15
split_gain=27.3317 16.5507 10.9837 5.51637 9.19149 6.11403 4.25667 7.6221 3.27583 2.75965 2.44778 2.39795 2.27762 2.32746 2.15652 2.04019 2.13263 1.94417 1.92776 1.85188 1.77695 2.03884 1.64139
threshold=0 1.0000000180025095e-35 1.0000000180025095e-35 1 1.0000000180025095e-35 1.0000000180025095e-35 2 1.0000000180025095e-35 1.0000000180025095e-35 1.0000000180025095e-35 1.0000000180025095e-35 1.0000000180025095e-35 3 1125.4279704449016 1.0000000180025095e-35 10133.856146498527 1.0000000180025095e-35 31.635187667559883 152534.41816955732 1.0000000180025095e-35 4 82.258750000000006 117.80962564861379
decision_type=1 2 2 1 2 2 1 2 2 2 2 2 1 2 2 2 2 2 2 2 1 2 2
left_child=1 10 3 4 5 -2 7 9 14 -4 18 -12 13 -3 19 16 -6 -16 -1 -5 -8 -22 -21
right_child=2 12 6 8 15 -7 20 -9 -10 -11 11 -13 -14 -15 17 -17 -18 -19 -20 22 21 -23 -24
leaf_value=0.0082590195824012898 0.0006530295009445936 0.0036682951031931314 0.0073749630167960992 -0.0021766256229574644 -0.00085852763990032141 -0.00078962639832653482 -0.00054958262940663224 -0.0009353461152922099 -0.00027954995004971043 0.001611218439117107 0.010511810197872097 0.002830533531510371 -0.0020287521087656857 -0.00076810240444175623 0.00026658516449965843 -0.00075227247394076718 0.00010411945092940112 -0.00027923357166385546 0.0036622135005869418 -0.00088058999519751509 9.4362591536230334e-05 -0.00059901968570998457 -0.00052004923854819115
leaf_weight=242 497 21 42 45 145 230 271 149 238 335 26 106 69 55 48 117 63 123 28 284 841 146 78
leaf_count=242 497 21 42 45 145 230 271 149 238 335 26 106 69 55 48 117 63 123 28 284 841 146 78
internal_value=-0.000672779 0.00964991 -0.00223921 -0.00492505 -0.00244821 0.00065337 0.000560538 0.00429104 -0.00799031 0.0081565 0.0150498 0.0094697 -0.00465517 0.00131579 -0.0101211 -0.00946154 -0.00649038 -0.00540936 0.0177778 -0.0121007 -0.00102524 -2.50752e-05 -0.0109116
internal_weight=4199 547 3652 1868 1052 727 1784 526 816 377 402 132 145 76 578 325 208 171 270 407 1258 987 362
internal_count=4199 547 3652 1868 1052 727 1784 526 816 377 402 132 145 76 578 325 208 171 270 407 1258 987 362
cat_boundaries=0 1 2 3 4 5
cat_threshold=32 156 132 1 64
is_linear=0
shrinkage=0.05


Tree=64
num_leaves=24
num_cat=5
split_feature=0 3 7 0 3 4 3 0 4 4 36 14 4 16 16 1 9 10 15 0 10 3 9
split_gain=25.4021 15.7255 10.8025 5.77547 9.15348 8.05492 3.68738 3.18797 2.9867 2.8406 2.48889 2.53685 2.34473 2.53332 2.29398 2.27762 2.32746 2.04825 2.79476 2.02407 1.94504 1.91436 1.84078
threshold=0 1.0000000180025095e-35 1.5000000000000002 1 1.0000000180025095e-35 1.0000000180025095e-35 1.0000000180025095e-35 2 1.0000000180025095e-35 1.0000000180025095e-35 0.053011589433909788 31346.425854967394 1.0000000180025095e-35 1.0000000180025095e-35 1.0000000180025095e-35 3 1125.4279704449016 1.5000000000000002 114.93378014844174 4 1.5000000000000002 1.0000000180025095e-35 26141.819359080404
decision_type=1 2 2 1 2 2 2 1 2 2 2 2 2 2 2 1 2 2 2 1 2 2 2
left_child=1 12 3 4 5 14 8 10 17 -6 11 -4 -1 -14 -2 16 -3 18 -5 -7 -10 -13 -11
right_child=2 15 7 6 9 19 -8 -9 20 22 -12 21 13 -15 -16 -17 -18 -19 -20 -21 -22 -23 -24
leaf_value=0.0076969664449746738 0.0027735741444933127 0.0034848803480334758 0.001696144336799177 -0.0011257819673441162 -0.00085766708558562789 -0.00015108363027014628 -0.00026527189308066267 -6.1462682962390433e-05 -0.000105712002778706 9.8913478382931053e-05 -0.0013534513277112638 0.0012638858236142581 0.0099862196879784929 0.0026890068549348502 0.00051621901015450056 -0.0019273145033274043 -0.00072969728421966589 -0.00034254708486430516 -0.0005710929387061994 -0.0010221026842099428 -0.00031709775882300006 -0.00055497609083316054 -0.00028151756374458179
leaf_weight=270 94 21 109 310 291 132 333 665 175 113 27 305 26 106 559 69 55 111 117 154 37 96 24
leaf_count=270 94 21 109 310 291 132 333 665 175 113 27 305 26 106 559 69 55 111 117 154 37 96 24
internal_value=-0.000660872 0.00929084 -0.00217094 -0.00408163 -0.00187001 0.000878594 -0.00679323 0.00170549 -0.0088 -0.00794393 0.00452468 0.00539216 0.0145522 0.00909091 0.00394334 -0.00465517 0.00131579 -0.0107807 -0.0123536 -0.00611888 -0.00377358 0.00355362 -0.0020073
internal_weight=4199 547 3652 2450 1367 939 1083 1202 750 428 537 510 402 132 653 145 76 538 427 286 212 401 137
internal_count=4199 547 3652 2450 1367 939 1083 1202 750 428 537 510 402 132 653 145 76 538 427 286 212 401 137
cat_boundaries=0 1 2 3 4 5
cat_threshold=32 156 140 1 132
is_linear=0
shrinkage=0.05


Tree=65
num_leaves=24
num_cat=5
split_feature=0 3 7 0 3 4 4 3 0 7 4 15 5 4 16 16 10 15 18 0 0 3 4
split_gain=24.1041 15.1204 9.97229 5.24582 8.12539 7.69135 3.51624 2.76448 2.66674 2.58069 2.51512 2.37572 2.36474 2.34959 2.6724 2.10614 2.10188 2.5045 2.06919 2.02407 2.01991 2.00729 2.60642
threshold=0 1.0000000180025095e-35 1.5000000000000002 1 1.0000000180025095e-35 1.0000000180025095e-35 1.0000000180025095e-35 1.0000000180025095e-35 2 2.5000000000000004 1.0000000180025095e-35 35.604138935003014 1.2286516858134353 1.0000000180025095e-35 1.0000000180025095e-35 1.0000000180025095e-35 1.5000000000000002 114.93378014844174 1.0000000180025095e-35 3 4 1.0000000180025095e-35 1.0000000180025095e-35
decision_type=1 2 2 1 2 2 2 2 1 2 2 2 2 2 2 2 2 2 2 1 1 2 2
left_child=1 13 3 4 5 15 7 16 21 12 18 -9 -3 -1 -15 -2 17 -5 -6 -7 -20 22 -4
right_child=2 9 8 6 10 19 -8 11 -10 -11 -12 -13 -14 14 -16 -17 -18 -19 20 -21 -22 -23 -24
leaf_value=0.0073121181227259417 0.0026348954372686475 -0.0022709344431492309 0.0026000202851381216 -0.0010694928689769106 -0.00096553796198173183 -0.00014352944875663798 -0.00024961725198145555 0.00031287730808439267 -5.8389548814270775e-05 0.0016233632463017985 -0.00016156373023656375 -0.00025366718503602427 0.0019518473460280101 0.0094869087035795666 0.0025545565121881109 0.00049040805964677418 -0.00032541973062108986 -0.00054253829177088942 -0.00034166791804582055 -0.00097099754999944565 -0.001750884563364143 -6.0339049314273035e-05 0.00017611050997801416
leaf_weight=270 94 95 252 310 43 132 313 65 665 26 137 167 24 26 106 559 111 117 118 154 130 141 144
leaf_count=270 94 95 252 310 43 132 313 65 665 26 137 167 24 26 106 559 111 117 118 154 130 141 144
internal_value=-0.000672779 0.00902154 -0.00214364 -0.00397959 -0.00187001 0.00071885 -0.0065645 -0.00844156 0.0015807 -0.00465517 -0.00759346 -0.00387931 -0.00777311 0.0141791 0.00871212 0.00371363 -0.0104089 -0.0120023 -0.0102234 -0.00611888 -0.00846774 0.00415905 0.00606061
internal_weight=4199 547 3652 2450 1367 939 1083 770 1202 145 428 232 119 402 132 653 538 427 291 286 248 537 396
internal_count=4199 547 3652 2450 1367 939 1083 770 1202 145 428 232 119 402 132 653 538 427 291 286 248 537 396
cat_boundaries=0 1 2 3 4 5
cat_threshold=32 156 140 132 24
is_linear=0
shrinkage=0.05


Tree=66
num_leaves=24
num_cat=4
split_feature=0 3 7 0 3 4 4 16 0 4 16 5 7 3 4 14 3 14 0 4 10 15 10
split_gain=22.4074 14.3322 9.53516 5.24544 9.55517 5.10332 3.22194 2.58517 2.5646 2.24865 2.81519 1.9931 2.40614 1.93499 2.48521 1.73123 1.67508 1.62547 1.58282 2.9139 1.97634 2.31984 1.63038
threshold=0 1.0000000180025095e-35 1.5000000000000002 1 1.0000000180025095e-35 1.0000000180025095e-35 1.0000000180025095e-35 1.0000000180025095e-35 2 1.0000000180025095e-35 1.0000000180025095e-35 1.2782222241056231 2.5000000000000004 1.0000000180025095e-35 1.0000000180025095e-35 27558.186542338477 1.0000000180025095e-35 30577.265212828435 3 1.0000000180025095e-35 1.5000000000000002 114.93378014844174 1.5000000000000002
decision_type=1 2 2 1 2 2 2 2 1 2 2 2 2 2 2 2 2 2 1 2 2 2 2
left_child=1 9 3 4 5 7 15 -2 13 -1 -11 12 -3 14 17 -6 18 -4 -5 20 21 -20 -21
right_child=2 11 8 16 6 -7 -8 -9 -10 10 -12 -13 -14 -15 -16 -17 -18 -19 19 22 -22 -23 -24
leaf_value=0.0069465122165896405 0.0031173262071541421 -0.002053899061828368 0.0041791103919904512 -0.00047145030186786214 -0.00082103166324006189 -0.00064806128964481075 -0.00010928603013072624 0.00066071730769049766 -5.5470071373557586e-05 0.009012563268400586 0.0024268286865787082 0.0054321875063095999 0.0012936142934558527 -5.732209684855966e-05 0.00016730498447911358 -0.00095403156760511746 -0.00023932493917482834 0.0019450000906679034 -0.0010160182255280652 -8.794554004069791e-05 -0.00030914874409003538 -0.00051541137718234494 -0.00028876200828277732
leaf_weight=270 68 102 50 233 60 213 101 425 665 26 106 20 23 141 144 169 431 202 310 175 111 117 37
leaf_count=270 68 102 50 233 60 213 101 425 665 26 106 20 23 141 144 169 431 202 310 175 111 117 37
internal_value=-0.000684687 0.00866248 -0.00210268 -0.00389796 -0.00114723 0.00212465 -0.00818182 0.00491886 0.0015391 0.0136816 0.00833333 -0.00465517 -0.007 0.00406764 0.00593434 -0.0114629 -0.00586376 0.00892857 -0.00704476 -0.00815789 -0.010223 -0.0117681 -0.00330189
internal_weight=4199 547 3652 2450 1036 706 330 493 1202 402 132 145 125 537 396 229 1414 252 983 750 538 427 212
internal_count=4199 547 3652 2450 1036 706 330 493 1202 402 132 145 125 537 396 229 1414 252 983 750 538 427 212
cat_boundaries=0 1 2 3 4
cat_threshold=32 148 140 8
is_linear=0
shrinkage=0.05


Tree=67
num_leaves=24
num_cat=5
split_feature=0 3 7 12 0 3 4 4 4 3 6 0 1 9 0 18 4 10 9 5 9 9 9
split_gain=21.1016 12.8608 8.68246 4.70865 4.09936 8.36723 5.8416 3.40431 2.53419 2.31844 2.07577 2.04671 2.02215 2.32746 1.94076 1.98482 1.91914 1.88027 1.73096 1.62025 1.5492 2.77335 2.56436
threshold=0 1.0000000180025095e-35 1.5000000000000002 1.0000000180025095e-35 1 1.0000000180025095e-35 1.0000000180025095e-35 1.0000000180025095e-35 1.0000000180025095e-35 1.0000000180025095e-35 1.0000000180025095e-35 2 3 1125.4279704449016 4 1.0000000180025095e-35 1.0000000180025095e-35 1.5000000000000002 26141.819359080404 0.86354054545950343 7731.3505353129776 21886.336938882338 61642.765448338389
decision_type=1 2 2 2 1 2 2 2 2 2 2 1 1 2 1 2 2 2 2 2 2 2 2
left_child=1 10 3 4 5 6 -2 9 14 17 16 20 13 -3 15 -7 -1 -6 -10 -14 -4 -22 -23
right_child=2 12 11 -5 7 8 -8 -9 18 -11 -12 -13 19 -15 -16 -17 -18 -19 -20 -21 21 22 -24
leaf_value=0.0057997358049920568 0.00061223564381724944 0.0033157389164218177 -0.00042548236408511446 0.01873114688215238 -0.00094509590594467796 -0.00061876792661810234 -0.00072931856954429894 -0.00023515519126359166 0.00010011618283708707 -0.00022735869221608693 0.0088525102491569373 0.00021485591153170004 -0.0030572373032744186 -0.00047697074475980261 -0.00175160440695167 -0.00028421112449774608 0.0025425197576909755 -0.0003147282732867576 -0.00024739725208678315 -0.00082107324862838455 0.0010114284321690661 -0.001347642022735962 0.001928407744726558
leaf_weight=205 649 21 192 26 424 20 283 309 111 229 98 859 20 55 149 118 99 108 24 49 76 49 26
leaf_count=205 649 21 192 26 424 20 283 309 111 229 98 859 20 55 149 118 99 108 24 49 76 49 26
internal_value=-0.00076804 0.00830341 -0.00214364 -0.00385714 -0.00408416 -0.00219941 0.000429185 -0.00638889 -0.00805687 -0.00824573 0.0130597 0.00133111 -0.00431034 0.00131579 -0.0107143 -0.00506757 0.0110197 -0.0100564 -0.00240741 -0.0105072 -0.00191218 0.00182119 -0.005
internal_weight=4199 547 3652 2450 2424 1354 932 1070 422 761 402 1202 145 76 287 138 304 532 135 69 343 151 75
internal_count=4199 547 3652 2450 2424 1354 932 1070 422 761 402 1202 145 76 287 138 304 532 135 69 343 151 75
cat_boundaries=0 1 2 3 4 5
cat_threshold=32 156 80 1 24
is_linear=0
shrinkage=0.05


Tree=68
num_leaves=24
num_cat=1
split_feature=7 3 7 17 8 15 14 15 15 2 2 14 4 8 9 9 5 3 10 14 15 1 5
split_gain=11.0072 4.79158 3.10969 1.69845 2.77075 1.4854 1.12865 1.52653 1.4488 1.36072 1.37027 1.78844 1.19578 1.12188 1.09577 2.42416 2.10561 1.62625 1.13771 1.07994 1.0713 1.18519 1.04097
threshold=1.0000000180025095e-35 1.0000000180025095e-35 2.5000000000000004 1.0000000180025095e-35 1.0000000180025095e-35 15.207454126178767 24206.200751287004 51.145275047828697 35.604138935003014 2035.5000000000002 2032.5000000000002 37674.709143221706 1.0000000180025095e-35 1.5000000000000002 417.8489442808596 9279.7353801234076 1.2226069235746426 1.0000000180025095e-35 1.5000000000000002 32768.411137658324 101.55199198662889 0 1.1415607775418246
decision_type=2 2 2 2 2 2 2 2 2 2 2 2 2 2 2 2 2 2 2 2 2 1 2
left_child=1 -1 3 4 -2 -3 7 8 -7 10 11 -8 -11 14 17 16 -16 18 22 -6 -15 -22 -4
right_child=2 5 13 -5 19 6 9 -9 -10 12 -12 -13 -14 20 15 -17 -18 -19 -20 -21 21 -23 -24
leaf_value=-0.00020685045986747511 -0.00014229399817260736 0.00061467500483190643 0.0026774858252629321 -2.7211971490308762e-05 0.00089369329026167676 -0.00015697560968387379 -0.00062759523051199035 0.00073443670249188214 -0.00052966159508580112 -0.00030137950951888271 -3.9027137175912242e-05 -0.00023699657517789008 -0.00031527987539573676 0.00050904763489335598 -0.00032185425310314808 0.0010645992062080958 0.001371310731384158 6.9431913764331229e-05 0.0034525210118410525 0.0028318783611332361 0.000296740140333375 -0.0017947674267284207 0.00021103785760376791
leaf_weight=1497 77 27 43 1190 31 51 25 22 32 121 90 218 67 145 128 190 35 42 38 54 27 27 22
leaf_count=1497 77 27 43 1190 31 51 25 22 32 121 90 218 67 145 128 190 35 42 38 54 27 27 22
internal_value=-0.000779948 -0.00327907 0.00184236 0.000443787 0.00524691 -0.00685299 -0.00734824 -0.00261905 -0.00572289 -0.00830134 -0.00638138 -0.00833333 -0.0117021 0.00455524 0.00582329 0.00432011 -0.000153374 0.00948276 0.0128641 0.0114706 0.00138191 -0.00462963 0.00884615
internal_weight=4199 2150 2049 1352 162 653 626 105 83 521 333 243 188 697 498 353 163 145 103 85 199 54 65
internal_count=4199 2150 2049 1352 162 653 626 105 83 521 333 243 188 697 498 353 163 145 103 85 199 54 65
cat_boundaries=0 1
cat_threshold=1
is_linear=0
shrinkage=0.05


Tree=69
num_leaves=24
num_cat=5
split_feature=0 3 7 0 3 0 3 7 0 16 14 6 16 2 2 5 5 5 3 1 15 16 15
split_gain=20.027 13.0035 7.6763 3.87344 7.25349 2.70417 5.45274 2.58069 2.11941 2.31322 1.91838 1.90779 1.8056 1.78316 1.72142 1.7143 1.62379 1.59775 1.64373 1.56687 1.59354 1.54636 1.49797
threshold=0 1.0000000180025095e-35 1.0000000180025095e-35 1 1.0000000180025095e-35 2 1.0000000180025095e-35 2.5000000000000004 3 1.4758333333333338 14188.49172576011 1.0000000180025095e-35 1.0000000180025095e-35 2035.5000000000002 2032.5000000000002 1.2286516858134353 1.0632720573186565 0.44510901738983766 1.0000000180025095e-35 4 79.177087869923426 1.0000000180025095e-35 138.28563907384995
decision_type=1 2 2 1 2 1 2 2 1 2 2 2 2 2 2 2 2 2 2 1 2 2 2
left_child=1 11 3 4 8 6 21 15 9 14 -11 12 -1 -5 -2 -3 -10 -7 -19 -16 -21 -4 -18
right_child=2 7 5 13 -6 17 -8 -9 16 10 -12 -13 -14 -15 19 -17 22 18 -20 20 -22 -23 -24
leaf_value=0.013367449883974192 0.002921859143760969 -0.0020122785068944159 0.0065749877443687463 -0.00023716889598970233 -0.00046910729957811082 -0.0011186824608566731 -0.00077223148901154172 0.0013781943870230602 9.5246744813311425e-05 0.0024566762311834414 -0.00030283915631713345 0.0084043103554807541 0.0037251687956530444 -0.00027033626218310583 -0.0013500592718170834 0.0016451555748841413 -0.00046751487971872786 -0.00019864822588043369 0.00011161823356337364 0.0024842493570682578 -0.00026193664338925864 0.0012647615982415929 -0.0010212466948350222
leaf_weight=43 62 95 42 546 325 23 149 26 223 25 185 98 261 270 23 24 134 872 363 31 22 335 22
leaf_count=43 62 95 42 546 325 23 149 26 223 25 185 98 261 270 23 24 134 872 363 31 22 335 22
internal_value=-0.000803763 0.00803411 -0.00214364 -0.00438972 -0.00230697 0.000196188 0.00317164 -0.00465517 0.000447043 0.00321229 0 0.0128109 0.0108553 -0.00696126 0.00833333 -0.00777311 -0.00212082 -0.00106467 -0.00082996 0.00328947 0.00801887 0.00643236 -0.00608974
internal_weight=4199 547 3652 1868 1052 1784 526 145 727 348 210 402 304 816 138 119 379 1258 1235 76 53 377 156
internal_count=4199 547 3652 1868 1052 1784 526 145 727 348 210 402 304 816 138 119 379 1258 1235 76 53 377 156
cat_boundaries=0 1 2 3 4 5
cat_threshold=32 156 132 132 1
is_linear=0
shrinkage=0.05


Tree=70
num_leaves=24
num_cat=5
split_feature=0 3 7 0 3 4 4 0 3 4 2 16 9 1 9 5 2 14 14 4 18 16 0
split_gain=19.7814 11.4691 7.48979 3.5097 6.68365 3.10829 2.60555 2.31202 4.64881 2.15923 2.10399 1.87546 1.81858 1.78187 1.84933 1.82196 1.63756 1.63435 1.63211 1.61832 1.67186 1.53551 1.84138
threshold=0 1.0000000180025095e-35 1.0000000180025095e-35 1 1.0000000180025095e-35 1.0000000180025095e-35 1.0000000180025095e-35 2 1.0000000180025095e-35 1.0000000180025095e-35 2035.5000000000002 1.0000000180025095e-35 1190.832459645399 3 9700.6359383483159 0.86354054545950343 2029.5000000000002 29990.947335234971 152534.41816955732 1.0000000180025095e-35 1.0000000180025095e-35 3.485125 4
decision_type=1 2 2 1 2 2 2 1 2 2 2 2 2 1 2 2 2 2 2 2 2 2 1
left_child=1 9 3 4 5 -2 10 8 -4 18 16 -11 -12 14 -3 -15 -5 -17 -1 20 -6 22 -9
right_child=2 13 7 6 19 -7 -8 21 -10 11 12 -13 -14 15 -16 17 -18 -19 -20 -21 -22 -23 -24
leaf_value=0.0062349012223748279 0.00050828647617625342 0.0014674635990341079 0.0016644214775371202 -0.00029860499143314766 -0.00079511916561969933 -0.00055341125245238264 -0.00020198621117906244 -0.00052753736403235376 -0.00073361991456096442 0.0076852948590979634 -0.00028204971736531535 0.0017323119481866323 -0.00036883736970879516 -0.0027955467257407413 -0.0021634758301610213 0.0013527393967596502 -0.00021328830161951046 -0.001419000663573064 0.0019154202793041919 -0.00019972219574464396 -0.0006588568678543784 -0.00046523426805335569 7.303626312876732e-05
leaf_weight=242 497 42 377 171 35 230 238 230 149 26 61 106 121 20 34 21 225 28 28 95 195 187 841
leaf_count=242 497 42 377 171 35 230 238 230 149 26 61 106 121 20 34 21 225 28 28 95 195 187 841
internal_value=-0.000839486 0.00794434 -0.00217094 -0.00438972 -0.00240113 0.000240715 -0.00684019 0.000140135 0.00289179 0.0124378 -0.00873702 0.00719697 -0.0131868 -0.00396552 0.00131579 -0.00978261 -0.00669192 -0.00459184 0.015 -0.00838462 -0.0106522 -0.00102524 -0.000303455
internal_weight=4199 547 3652 1868 1052 727 816 1784 526 402 578 132 182 145 76 69 396 49 270 325 230 1258 1071
internal_count=4199 547 3652 1868 1052 727 816 1784 526 402 578 132 182 145 76 69 396 49 270 325 230 1258 1071
cat_boundaries=0 1 2 3 4 5
cat_threshold=32 156 132 1 64
is_linear=0
shrinkage=0.05


Tree=71
num_leaves=24
num_cat=5
split_feature=0 3 7 0 3 0 3 7 2 6 0 17 5 17 18 0 3 2 9 5 15 15 17
split_gain=18.4831 12.2732 7.05376 3.37601 6.2153 2.31202 4.64881 1.93202 1.91557 1.89981 1.80034 1.86702 1.59577 1.53551 1.67718 1.64833 1.42475 1.69337 1.40183 1.36867 1.57844 2.01484 1.3289
threshold=0 1.0000000180025095e-35 1.0000000180025095e-35 1 1.0000000180025095e-35 2 1.0000000180025095e-35 2.5000000000000004 2035.5000000000002 1.0000000180025095e-35 3 1.0000000180025095e-35 1.2286516858134353 82.258750000000006 1.0000000180025095e-35 4 1.0000000180025095e-35 2033.5000000000002 44521.050363582071 1.0632720573186565 138.28563907384995 34.813372393803284 1.0000000180025095e-35
decision_type=1 2 2 1 2 1 2 2 2 2 1 2 2 2 2 1 2 2 2 2 2 2 2
left_child=1 9 3 4 10 6 22 12 16 -1 11 -2 -3 15 -15 -7 -5 -18 -13 -12 21 -21 -4
right_child=2 7 5 8 -6 13 -8 -9 -10 -11 19 18 -14 14 -16 -17 17 -19 -20 20 -22 -23 -24
leaf_value=0.0039272236477461532 0.0032310243921784445 -0.001840714548371042 0.0061630172832734566 -0.00028200620971904986 -0.00042712432544840989 -0.00050116049583073601 -0.00069693891883291614 0.0013266849734500791 -0.00024573029195675808 0.0076792847563808275 0.00010382821372351172 0.00014741845063644956 0.0015802981019181067 -0.0013866831376605649 -0.00028974615092771175 6.9384449972331733e-05 -0.00019828598994789016 0.00097217737816405613 0.0011113514133378245 -0.00070798320641685987 -0.00096905624068636801 8.6510956821766156e-05 0.0011183024444526568
leaf_weight=304 44 95 42 385 325 230 149 26 270 98 223 282 24 22 165 841 127 34 22 44 22 90 335
leaf_count=304 44 95 42 385 325 230 149 26 270 98 223 282 24 22 165 841 127 34 22 44 22 90 335
internal_value=-0.00081567 0.00767504 -0.00210268 -0.00425589 -0.00230697 0.000140135 0.00289179 -0.00465517 -0.0066586 0.0123134 0.000240715 0.0027933 -0.00735294 -0.00102524 -0.0052139 -0.000303455 -0.00503663 -0.00108696 0.00148026 -0.00212082 -0.00576923 -0.00373134 0.00590186
internal_weight=4199 547 3652 1868 1052 1784 526 145 816 402 727 348 119 1258 187 1071 546 161 304 379 156 134 377
internal_count=4199 547 3652 1868 1052 1784 526 145 816 402 727 348 119 1258 187 1071 546 161 304 379 156 134 377
cat_boundaries=0 1 2 3 4 5
cat_threshold=32 156 132 132 64
is_linear=0
shrinkage=0.05


Tree=72
num_leaves=24
num_cat=6
split_feature=0 3 7 0 3 4 4 0 3 2 15 4 1 17 2 2 9 9 4 1 11 2 0
split_gain=16.1339 9.79578 7.32205 3.4728 6.2153 2.57133 2.46252 2.2197 3.8517 2.0089 1.81714 1.98013 1.78187 1.88003 1.80382 1.7516 1.6794 1.64404 1.46296 1.44749 2.8562 2.09733 1.54431
threshold=0 1.0000000180025095e-35 1.0000000180025095e-35 1 1.0000000180025095e-35 1.0000000180025095e-35 1.0000000180025095e-35 2 1.0000000180025095e-35 2035.5000000000002 157.59465392935701 1.0000000180025095e-35 3 74.884166666666673 2031.5000000000002 2029.5000000000002 1190.832459645399 3923.3204996074787 1.0000000180025095e-35 4 1.0605933521573137 2029.5000000000002 5
decision_type=1 2 2 1 2 2 2 1 2 2 2 2 1 2 2 2 2 2 2 1 2 2 1
left_child=1 10 3 4 5 -2 9 8 18 15 11 -1 13 -3 -14 -5 -11 -15 -4 21 22 -9 -21
right_child=2 12 7 6 -6 -7 -8 19 -10 16 -12 -13 14 17 -16 -17 -18 -19 -20 20 -22 -23 -24
leaf_value=0.0057267949788687824 0.00045935604787042953 0.00617685314026159 0.0023091438833668849 -0.00027376044236409577 -0.00040576810917598936 -0.00053832315010475149 -0.00017869348807821416 -0.00094687815533443874 -0.00066209197289127044 -0.00025566071689921171 -2.7961649018048985e-05 0.0020184685843747776 -0.0001501247804214928 0.00080313086681580716 -0.0023469224472653875 -0.00019270958704114044 -0.00033810898662551755 -0.0021541699613829846 0.00042096689901541809 -0.00051675426755278257 0.0015984604531255595 -4.2874688978272739e-05 7.6569172191015208e-05
leaf_weight=248 497 22 258 171 325 230 238 162 149 61 29 125 28 22 41 225 121 32 119 157 22 341 576
leaf_count=248 497 22 258 171 325 230 238 162 149 61 29 125 28 22 41 225 121 32 119 157 22 341 576
internal_value=-0.000887116 0.00704668 -0.00208902 -0.00428266 -0.00230697 0.000240715 -0.00671913 0.000196188 0.00289179 -0.00856401 0.011194 0.0121314 -0.00396552 0.00131579 -0.00978261 -0.00656566 -0.0129121 -0.0037037 0.0056366 -0.000946372 0.000430464 -0.00303181 -0.000102319
internal_weight=4199 547 3652 1868 1052 727 816 1784 526 578 402 373 145 76 69 396 182 54 377 1258 755 503 733
internal_count=4199 547 3652 1868 1052 727 816 1784 526 578 402 373 145 76 69 396 182 54 377 1258 755 503 733
cat_boundaries=0 1 2 3 4 5 6
cat_threshold=32 156 132 1 2 64
is_linear=0
shrinkage=0.05


Tree=73
num_leaves=24
num_cat=5
split_feature=0 3 7 0 3 4 4 7 0 36 14 4 1 16 15 4 14 14 4 15 14 0 3
split_gain=14.9635 8.17412 7.2977 3.80357 6.32618 3.11765 2.63075 2.10593 1.89035 2.09828 2.00439 1.74189 1.92334 1.74136 1.63451 1.77706 1.44449 1.43033 1.31975 2.57887 2.85423 1.84941 1.77253
threshold=0 1.0000000180025095e-35 1.5000000000000002 1 1.0000000180025095e-35 1.0000000180025095e-35 1.0000000180025095e-35 2.5000000000000004 2 0.053011589433909788 25495.070357952452 1.0000000180025095e-35 3 1.0000000180025095e-35 157.59465392935701 1.0000000180025095e-35 102507.31091913018 27057.892034168963 1.0000000180025095e-35 43.085257941319178 91192.917665729095 4 1.0000000180025095e-35
decision_type=1 2 2 1 2 2 2 2 1 2 2 2 1 2 2 2 2 2 2 2 2 1 2
left_child=1 14 3 4 5 13 17 11 9 10 -4 12 -3 -2 15 -1 -17 -6 21 -20 -21 -5 -23
right_child=2 7 8 18 6 -7 -8 -9 -10 -11 -12 -13 -14 -15 -16 16 -18 -19 19 20 -22 22 -24
leaf_value=0.0054404552299253395 0.0028281064157493043 0.00085483247387945773 0.001969217249477856 -0.00037108789515247187 -0.00061863709333061549 -0.00055468866641516232 -1.4414412663697492e-05 0.0010895295172542398 -4.0730954529361041e-05 -0.0017125584728183653 0.00040168093373716687 -0.0030589179503345918 -0.0011244557182271159 0.0004363882454769097 -2.6563566567150423e-05 0.0013457738290144905 0.0036624850051906301 -0.00077248794123424298 -0.00025410184440512526 0.00018017815660134747 -0.0002245091029550095 -0.00071991156355960843 -0.00013977113660562957
leaf_weight=248 68 43 75 222 57 213 101 26 665 27 435 36 40 425 29 96 29 172 142 155 125 538 232
leaf_count=248 68 43 75 222 57 213 101 26 665 27 435 36 40 425 29 96 29 172 142 155 125 538 232
internal_value=-0.000863301 0.00677738 -0.00202075 -0.00359184 -0.00124283 0.00141643 -0.0069697 -0.00327586 0.00116473 0.00333638 0.00411765 -0.00609244 -0.00210843 0.00360041 0.0105721 0.0114611 0.0066 -0.0099345 -0.00526685 -0.00296209 -0.000178571 -0.0063004 -0.0074359
internal_weight=4199 547 3652 2450 1036 706 330 145 1202 537 510 119 83 493 402 373 125 229 1414 422 280 992 770
internal_count=4199 547 3652 2450 1036 706 330 145 1202 537 510 119 83 493 402 373 125 229 1414 422 280 992 770
cat_boundaries=0 1 2 3 4 5
cat_threshold=32 148 140 1 8
is_linear=0
shrinkage=0.05


Tree=74
num_leaves=24
num_cat=3
split_feature=0 3 7 0 3 4 4 0 3 2 2 7 16 9 4 14 14 16 5 14 4 2 15
split_gain=13.2293 8.97352 6.80239 3.5149 5.54467 2.56427 2.08525 1.96604 3.63952 1.83874 1.7516 1.63473 2.25121 1.54576 1.52558 1.83115 2.94 1.5024 1.39334 1.38975 1.38503 1.37425 1.5579
threshold=0 1.0000000180025095e-35 1.0000000180025095e-35 1 1.0000000180025095e-35 1.0000000180025095e-35 1.0000000180025095e-35 2 1.0000000180025095e-35 2035.5000000000002 2029.5000000000002 2.5000000000000004 1.4758333333333338 1190.832459645399 1.0000000180025095e-35 112889.48693964437 29990.947335234971 1.0000000180025095e-35 1.0596748834202809 29214.795635380702 1.0000000180025095e-35 2039.5000000000002 13.761473223661897
decision_type=1 2 2 1 2 2 2 1 2 2 2 2 2 2 2 2 2 2 2 2 2 2 2
left_child=1 11 3 4 6 9 21 8 17 10 -5 12 18 -11 15 16 -3 -4 -1 -14 -19 22 -2
right_child=2 14 7 5 -6 -7 -8 -9 -10 13 -12 -13 19 -15 -16 -17 -18 20 -20 -21 -22 -23 -24
leaf_value=0.0070480818421547742 0.0024276991270128752 0.00095115210167013859 0.0057193251782545786 -0.00024955938611709652 -0.00034998413121837998 -0.0001577935399903001 -0.00048900343434690155 -6.2473444687137505e-05 -0.0006247899218906034 -0.00023425601675983621 -0.00017608555085880194 0.0079297708347001571 0.0050458996806055706 -0.00028520795911626123 -0.002497113167717563 0.0021725442507993355 -0.0011815869471480834 0.0015958524456047285 0.0031313325104350199 0.0012282119574641816 -0.0001119708611759307 0.0016331439392355861 0.00012326619726456823
leaf_weight=67 20 25 42 171 325 238 230 1258 149 61 225 70 47 121 43 27 50 229 50 168 106 34 443
leaf_count=67 20 25 42 171 325 238 230 1258 149 61 225 70 47 121 43 27 50 229 50 168 106 34 443
internal_value=-0.000946654 0.00623878 -0.00203441 -0.00414882 -0.00216573 -0.00659806 0.000240715 0.000168161 0.00270522 -0.00847751 -0.00656566 0.010199 0.00873494 -0.0126374 -0.00431034 -0.000980392 -0.005 0.00537135 0.0143162 0.00569767 0.00425373 0.00206237 0.00134989
internal_weight=4199 547 3652 1868 1052 816 727 1784 526 578 396 402 332 182 145 102 75 377 117 215 335 497 463
internal_count=4199 547 3652 1868 1052 816 727 1784 526 578 396 402 332 182 145 102 75 377 117 215 335 497 463
cat_boundaries=0 1 2 3
cat_threshold=32 156 132
is_linear=0
shrinkage=0.05


Tree=75
num_leaves=24
num_cat=2
split_feature=0 3 7 7 16 16 7 0 4 15 16 17 3 15 15 14 15 3 15 14 16 14 14
split_gain=13.1501 11.9179 5.18764 4.00007 2.86647 2.16026 2.15645 2.07381 2.97905 2.71714 2.03758 1.99299 1.81295 2.1299 1.76744 1.87665 2.14115 1.79149 1.72611 1.89591 1.69894 1.63616 1.45372
threshold=0 1.0000000180025095e-35 1.5000000000000002 1.5000000000000002 1.0000000180025095e-35 1.756416666666667 1.0000000180025095e-35 1 1.0000000180025095e-35 43.085257941319178 3.485125 74.884166666666673 1.0000000180025095e-35 35.604138935003014 78.075947847518833 23020.48650124203 17.682535482637871 1.0000000180025095e-35 107.89774058499778 28523.785437470815 1.0000000180025095e-35 23323.627465377227 34911.559038450992
decision_type=1 2 2 2 2 2 2 1 2 2 2 2 2 2 2 2 2 2 2 2 2 2 2
left_child=1 4 7 18 -1 -5 10 14 12 -10 -6 -11 20 -14 15 -2 -17 -16 19 -3 -9 -8 -23
right_child=2 3 -4 5 6 -7 21 8 9 11 -12 -13 13 -15 17 16 -18 -19 -20 -21 -22 22 -24
leaf_value=0.0069982462671310253 -0.00032999037921480626 -0.00032022784366214191 3.1859811573927563e-05 0.00061412422374711043 0.001401930164292492 -0.0014344600264614739 0.0043018740415330268 -0.001601855039543071 -0.0002296011148823215 0.0001934265216579384 -0.0018005285556147027 -0.00019389265646364872 0.00030990085407935417 -0.00013061639349020476 -0.00039789055182835859 0.0011639487511627838 4.7566753355281734e-05 -0.00036903371757559048 -0.00020459110448937771 -0.0011811105110170587 -0.00058977995363691956 -0.00053902483095344953 0.0024476989467673961
leaf_weight=94 206 55 1026 62 293 30 55 60 103 89 48 121 65 167 281 26 370 122 55 106 478 42 245
leaf_count=94 206 55 1026 62 293 30 55 60 103 89 48 121 65 167 281 26 370 122 55 106 478 42 245
internal_value=-0.00081567 0.00390411 -0.00246479 -0.00438312 0.00723938 0.00434783 0.00611274 -0.00390326 -0.00542086 -0.00135783 0.00329912 0.00190476 -0.00714286 -0.00344828 -0.00219212 -0.000498339 0.00151515 -0.00477667 -0.00810185 -0.0107143 -0.00873606 0.00891813 0.00740418
internal_weight=4199 1085 3114 308 777 92 683 2088 1083 313 341 210 770 232 1005 602 396 403 216 161 538 342 287
internal_count=4199 1085 3114 308 777 92 683 2088 1083 313 341 210 770 232 1005 602 396 403 216 161 538 342 287
cat_boundaries=0 1 2
cat_threshold=36 152
is_linear=0
shrinkage=0.05


Tree=76
num_leaves=24
num_cat=3
split_feature=0 3 7 0 3 4 7 5 5 0 3 4 2 4 17 9 36 9 9 7 16 2 15
split_gain=12.627 6.80217 6.32099 2.75796 4.73127 2.6576 2.14534 2.65547 2.16117 2.08465 2.7965 1.94206 1.81195 1.79412 1.89505 1.67716 1.63856 1.5538 1.93186 1.44579 1.44093 1.44067 2.98871
threshold=0 1.0000000180025095e-35 1.0000000180025095e-35 1 1.0000000180025095e-35 1.0000000180025095e-35 1.5000000000000002 1.0632720573186565 1.1393490278976233 2 1.0000000180025095e-35 1.0000000180025095e-35 2035.5000000000002 1.0000000180025095e-35 74.884166666666673 1190.832459645399 0.022868551674196221 65580.756238040936 32087.46360967098 1.5000000000000002 1.0000000180025095e-35 2029.5000000000002 85.381981517116529
decision_type=1 2 2 1 2 2 2 2 2 1 2 2 2 2 2 2 2 2 2 2 2 2 2
left_child=1 13 3 4 11 12 8 -8 -3 10 16 -2 -5 14 -1 -14 17 18 20 -15 -4 22 -7
right_child=2 6 9 5 -6 21 7 -9 -10 -11 -12 -13 15 19 -16 -17 -18 -19 -20 -21 -22 -23 -24
leaf_value=0.0072419889096456474 0.00040602718567207542 -0.0017424366143639542 0.0056699914648836117 -0.00016393296013881604 -0.00032302082293697527 -0.00022138611913164485 0.0012434312557886573 -0.0012708387764699071 0.00036267180148512047 -6.025063548725854e-05 -0.00054522563683083241 -0.00046365381169406012 -0.00021601239624733414 0.00088450869843617055 0.0026457211627479273 -0.00028105018044895556 -0.0011274964561655166 -0.0017783282535723394 0.0022697718246280862 0.0031291181709692806 0.00087812877462628005 -0.0001835236970628924 0.00086373375745722215
leaf_weight=155 497 69 35 396 325 37 25 22 29 1258 149 230 61 83 115 121 21 20 39 49 262 180 21
leaf_count=155 497 69 35 396 325 37 25 22 29 1258 149 230 61 83 115 121 21 20 39 49 262 180 21
internal_value=-0.000779948 0.00623878 -0.00184326 -0.00388116 -0.00211864 -0.00605327 -0.00293103 0.00585106 -0.00714286 0.000280269 0.00289179 0.000103164 -0.00795848 0.00970149 0.012037 -0.0120879 0.00523873 0.00603933 0.00684524 0.00492424 0.00547138 -0.00168067 0.00517241
internal_weight=4199 547 3652 1868 1052 816 145 47 98 1784 526 727 578 402 270 182 377 356 336 132 297 238 58
internal_count=4199 547 3652 1868 1052 816 145 47 98 1784 526 727 578 402 270 182 377 356 336 132 297 238 58
cat_boundaries=0 1 2 3
cat_threshold=32 156 132
is_linear=0
shrinkage=0.05


Tree=77
num_leaves=24
num_cat=4
split_feature=0 7 3 0 3 4 0 3 16 1 7 4 16 17 7 16 14 14 15 5 14 4 11
split_gain=11.2864 6.00365 5.80091 2.95597 4.233 2.58487 2.04054 2.18667 1.95579 2.46185 1.88663 1.79308 1.63951 1.50483 1.4924 2.07117 1.39935 1.83007 2.40544 2.19975 1.97207 1.39909 1.55063
threshold=0 1.0000000180025095e-35 1.0000000180025095e-35 1 1.0000000180025095e-35 1.0000000180025095e-35 2 1.0000000180025095e-35 1.4758333333333338 3 2.5000000000000004 1.0000000180025095e-35 1.0000000180025095e-35 74.884166666666673 2.5000000000000004 1.4758333333333338 23776.626830658763 112889.48693964437 152.80516291505447 1.3153449239505515 78673.014554060079 1.0000000180025095e-35 0.29307874053979238
decision_type=1 2 2 1 2 2 1 2 2 1 2 2 2 2 2 2 2 2 2 2 2 2 2
left_child=2 3 14 4 11 13 7 12 9 -7 -4 -2 -3 -5 15 -1 -15 19 -19 20 -18 22 -14
right_child=1 6 10 5 -6 8 -8 -9 -10 -11 -12 -13 21 16 -16 -17 17 18 -20 -21 -22 -23 -24
leaf_value=0.0044800836126166364 0.0003857258263884722 0.0051482663555189739 -0.00097175115469952953 -0.00030282899388034065 -0.00030686978179012648 0.00034982231046043043 -5.723810371289426e-05 -0.00051796435498929067 -0.00018652315313141701 -0.0001235578198702242 0.00095028949033769687 -0.0004404711211093573 0.00076682713858317042 0.00041680912232342876 0.0070654018269514455 0.0019589514264390265 -0.00014048967451470352 0.00040444682201328295 -0.00015258388618537321 0.00011024676652708523 -0.00068165947005027717 -0.00015724702995871531 0.0030081433727090242
leaf_weight=117 497 42 119 297 325 26 1258 149 157 55 26 230 153 28 70 215 83 71 35 22 42 106 76
leaf_count=117 497 42 119 297 325 26 1258 149 157 55 26 230 153 28 70 215 83 71 35 22 42 106 76
internal_value=-0.000756132 -0.00176133 0.00587971 -0.00374732 -0.00193032 -0.00599274 0.000308296 0.00289179 -0.00168067 0.00462963 -0.00258621 0.000171939 0.00497347 -0.00787197 0.0090796 0.00768072 -0.00524911 -0.00642292 -0.00141509 -0.010034 -0.0126 0.00380597 0.00600437
internal_weight=4199 3652 547 1868 1052 816 1784 526 238 81 145 727 377 578 402 332 281 253 106 147 125 335 229
internal_count=4199 3652 547 1868 1052 816 1784 526 238 81 145 727 377 578 402 332 281 253 106 147 125 335 229
cat_boundaries=0 1 2 3 4
cat_threshold=32 156 132 1
is_linear=0
shrinkage=0.05


Tree=78
num_leaves=24
num_cat=2
split_feature=0 7 3 0 3 4 9 7 18 17 11 4 17 4 7 5 5 10 5 2 2 17 8
split_gain=10.0969 5.534 5.31668 2.67632 4.31825 2.54376 2.21982 1.98569 1.85995 1.82773 1.8198 1.65004 1.63085 2.13143 1.51231 2.22824 1.86523 1.50203 1.92588 1.80621 1.43184 1.40051 1.74482
threshold=0 1.0000000180025095e-35 1.0000000180025095e-35 1 1.0000000180025095e-35 1.0000000180025095e-35 71271.251640982737 2.5000000000000004 1.0000000180025095e-35 71.457916666666691 1.5439646316424216 1.0000000180025095e-35 1.0000000180025095e-35 1.0000000180025095e-35 1.5000000000000002 1.0632720573186565 1.2226069235746426 1.5000000000000002 0.82102913517071141 2035.5000000000002 2039.5000000000002 1.0000000180025095e-35 1.0000000180025095e-35
decision_type=1 2 2 1 2 2 2 2 2 2 2 2 2 2 2 2 2 2 2 2 2 2 2
left_child=2 3 12 4 11 6 17 8 -3 -7 21 20 -1 -14 16 -16 -4 19 -19 -5 -2 22 -10
right_child=1 7 14 5 -6 9 -8 -9 10 -11 -12 -13 13 -15 15 -17 -18 18 -20 -21 -22 -23 -24
leaf_value=0.010650269442998878 0.00018292481800973316 -0.00064183169300852593 -0.0015649817881924516 -0.00018805286490320902 -0.0002915262927006201 0.00010865384968858673 0.00055486006136769056 0.00022863041198182416 -4.6176769012606923e-05 -0.00017719699547484615 0.00072944974047083923 -0.00041844756505388981 0.0037478294975591912 0.00059023859707670327 0.0012298472507342008 -0.0012067602960373653 0.0015273302087875059 -0.00025532588828946129 3.9190424899003551e-05 -0.00025185622173249078 0.0015206571866326084 -0.00016594475044357101 0.0010574622432400177
leaf_weight=54 463 137 78 303 325 81 23 601 62 157 33 230 242 106 25 22 20 28 81 143 34 887 64
leaf_count=54 463 137 78 303 325 81 23 601 62 157 33 230 242 106 25 22 20 28 81 143 34 887 64
internal_value=-0.000756132 -0.00170672 0.00552065 -0.00361349 -0.00188324 -0.00575061 -0.00761246 0.000280269 -0.000908707 -0.00147059 -0.000191205 0.000240715 0.00858209 0.00732759 -0.00258621 0.00478723 -0.00612245 -0.00824324 -0.00298165 -0.00952915 0.00186117 -0.000567621 0.00436508
internal_weight=4199 3652 547 1868 1052 816 578 1784 1183 238 1046 727 402 348 145 47 98 555 109 446 497 1013 126
internal_count=4199 3652 547 1868 1052 816 578 1784 1183 238 1046 727 402 348 145 47 98 555 109 446 497 1013 126
cat_boundaries=0 1 2
cat_threshold=32 156
is_linear=0
shrinkage=0.05


Tree=79
num_leaves=24
num_cat=3
split_feature=0 3 16 7 7 7 6 5 5 9 0 4 16 1 15 15 5 16 11 4 15 15 9
split_gain=9.49203 13.2112 4.56269 3.58088 2.58744 2.53859 1.61277 2.64123 2.15718 1.41824 1.41179 2.61592 1.82773 2.46185 1.61196 2.21575 1.72152 1.56154 1.39853 1.3534 1.66266 1.78676 1.3696
threshold=0 1.0000000180025095e-35 1.0000000180025095e-35 1.0000000180025095e-35 1.5000000000000002 1.0000000180025095e-35 1.0000000180025095e-35 0.69157279007383188 0.75606233012901958 49647.951818734196 1 1.0000000180025095e-35 1.4758333333333338 2 87.796375927012051 60.404382317582623 1.2393793021592654 1.0000000180025095e-35 1.5439646316424216 1.0000000180025095e-35 120.91722485504575 72.995977648302684 394.05334507355502
decision_type=1 2 2 2 2 2 2 2 2 2 1 2 2 1 2 2 2 2 2 2 2 2 2
left_child=1 2 -1 10 18 9 7 -6 -8 -3 14 17 13 -13 15 -2 -16 -12 19 -4 21 22 -21
right_child=3 5 4 -5 6 -7 8 -9 -10 -11 11 12 -14 -15 16 -17 -18 -19 -20 20 -22 -23 -24
leaf_value=0.005283988255970754 -0.00016118121233174213 -0.00051846878498110433 0.001081079489630099 -5.7699018161899018e-05 0.0036258266964793728 -8.9053730217147914e-05 -0.0013219589678151067 0.00061502151999198729 0.0031956258902973824 -0.0013740260475503193 -0.00067833860251839933 0.00032689850245297956 -0.00016833714570110384 -0.00012281262136114234 -0.00023048738295284034 0.00034982909954862641 -0.0007666226341399851 -0.00015102684638784153 0.0028566256538432259 -0.0014347683598903373 0.00081682192318559559 -0.001795013618990482 0.00088620933230218468
leaf_weight=140 267 227 431 1258 25 216 25 153 156 22 65 26 157 55 144 78 44 513 20 33 41 34 69
leaf_count=140 267 227 431 1258 25 216 25 153 156 22 65 26 157 55 144 78 44 513 20 33 41 34 69
internal_value=-0.000851393 0.00218477 0.00512422 -0.00270348 0.00392604 -0.00489247 0.00731198 0.00393258 0.0106354 -0.00833333 -0.00450334 -0.00581114 -0.00147059 0.00462963 -0.00234807 -0.000362319 -0.00611702 -0.00769896 0.00199045 0.0015625 -0.00211864 -0.00477941 -0.00147059
internal_weight=4199 1592 1127 2607 987 465 359 178 181 249 1349 816 238 81 533 345 188 578 628 608 177 136 102
internal_count=4199 1592 1127 2607 987 465 359 178 181 249 1349 816 238 81 533 345 188 578 628 608 177 136 102
cat_boundaries=0 1 2 3
cat_threshold=164 24 1
is_linear=0
shrinkage=0.05


Tree=80
num_leaves=24
num_cat=2
split_feature=0 3 16 6 6 0 4 3 15 4 14 4 5 14 15 16 15 16 9 14 4 5 14
split_gain=9.00653 11.9251 4.00119 2.56741 2.25617 2.03409 2.95862 2.06901 2.47871 2.01621 2.00483 1.89134 1.81602 1.77458 1.72986 1.64293 1.6016 1.52347 1.50323 2.26215 1.58679 1.5749 1.47247
threshold=0 1.0000000180025095e-35 1.0000000180025095e-35 1.0000000180025095e-35 1.0000000180025095e-35 1 1.0000000180025095e-35 1.0000000180025095e-35 31.315476121026705 1.0000000180025095e-35 163935.68823499145 1.0000000180025095e-35 1.1672731239108303 6075.6382742545966 39.238187837704011 1.0000000180025095e-35 122.84747093397252 3.485125 49647.951818734196 115053.27111198664 1.0000000180025095e-35 0.96426533895968825 36795.514088495845
decision_type=1 2 2 2 2 1 2 2 2 2 2 2 2 2 2 2 2 2 2 2 2 2 2
left_child=1 2 -1 11 5 9 7 15 -9 -2 -6 17 -10 -3 -8 -7 -11 -4 19 20 21 -15 -19
right_child=4 13 3 -5 10 6 14 8 12 16 -12 -13 -14 18 -16 -17 -18 22 -20 -21 -22 -23 -24
leaf_value=0.0050197888431722159 3.5147186998132908e-05 0.01660682289061979 0.0017703929185917567 0.0023194421103710145 -2.7779643160513735e-05 -0.00129759026811713 -0.00018234200956969242 0.000320125962370431 -4.8364460967013068e-05 -0.00016069025539569906 0.0014577124432956418 -0.00023970729979730932 -0.00010521173275866948 -0.0015488140236710167 5.0927402510873463e-05 -0.00054793706139133762 -0.00071323294941975923 0.00077756875763602138 -0.0015767173511244286 0.00059954807674605373 -8.8395930907425591e-05 -0.00053023620391825339 -0.0010797022146649183
leaf_weight=140 591 20 446 222 401 69 113 68 154 219 27 236 57 106 265 593 50 24 45 69 101 124 59
leaf_count=140 591 20 446 222 401 69 113 68 154 219 27 236 57 106 265 593 50 24 45 69 101 124 59
internal_value=-0.000803763 0.00215356 0.00494676 0.00382472 -0.00260795 -0.00326985 -0.00449586 -0.00603082 -0.00241935 -0.00132184 0.000700935 0.00245098 -0.00509479 -0.00456989 -0.000793651 -0.00755287 -0.00492565 0.00411153 -0.00522472 -0.00425 -0.00596677 -0.00826087 -0.00210843
internal_weight=4199 1592 1127 987 2607 2179 1319 941 279 860 428 765 211 465 378 662 269 529 445 400 331 230 83
internal_count=4199 1592 1127 987 2607 2179 1319 941 279 860 428 765 211 465 378 662 269 529 445 400 331 230 83
cat_boundaries=0 1 2
cat_threshold=164 24
is_linear=0
shrinkage=0.05


Tree=81
num_leaves=24
num_cat=2
split_feature=0 3 16 7 7 7 14 4 18 5 0 4 16 17 10 5 14 15 5 2 5 14 14
split_gain=8.39384 10.3472 4.22875 3.04068 2.70499 2.18129 1.62701 1.54681 1.80404 1.49878 1.30601 2.13199 1.82773 1.63506 1.65443 1.54416 1.51997 2.79724 1.59574 1.48785 1.40807 1.66873 3.15288
threshold=0 1.0000000180025095e-35 1.0000000180025095e-35 1.0000000180025095e-35 1.5000000000000002 1.0000000180025095e-35 30577.265212828435 1.0000000180025095e-35 1.0000000180025095e-35 1.084337575140127 1 1.0000000180025095e-35 1.4758333333333338 74.884166666666673 1.5000000000000002 0.88415018194986472 22409.73449733204 87.796375927012051 1.2286516858134353 2028.5000000000002 1.3310264847438595 115053.27111198664 78673.014554060079
decision_type=1 2 2 2 2 2 2 2 2 2 1 2 2 2 2 2 2 2 2 2 2 2 2
left_child=1 2 -1 10 -4 6 9 8 -6 -3 16 13 -13 14 -12 -16 -2 -18 19 -19 21 22 -15
right_child=3 5 4 -5 7 -7 -8 -9 -10 -11 11 12 -14 20 15 -17 17 18 -20 -21 -22 -23 -24
leaf_value=0.0047687994010136049 -0.00039976729129293561 -0.00071024246096288649 0.00050314862487452628 -4.9637794057429828e-05 -0.00043540942288096689 -5.509405404794388e-05 -0.00073685346468434622 0.00045306996568248993 0.0029931291288618407 0.00070229228683315486 -0.00052765065123694442 8.4329861955964732e-05 -0.00015720442726619357 -0.0001074250745447918 -0.00029575864434933509 4.2912700458103289e-05 0.00021487369077821325 -0.00076996555191378492 -0.00072762774391731404 -3.2066803746170132e-05 0.00021462927013657791 -5.0598972671628929e-05 -0.00057335478101809805
leaf_weight=140 108 43 628 1258 27 216 181 122 210 25 218 81 157 108 26 53 237 26 47 115 37 89 47
leaf_count=140 108 43 628 1258 27 216 181 122 210 25 218 81 157 108 26 53 237 26 47 115 37 89 47
internal_value=-0.000732317 0.00212235 0.00472493 -0.00247421 0.00357143 -0.00413978 -0.00732932 0.00703343 0.00938819 -0.000735294 -0.00413269 -0.00538741 -0.00147059 -0.00709343 -0.00968013 -0.00348101 -0.00207182 -0.000764706 -0.00531915 -0.00265957 -0.00435943 -0.0057377 -0.00887097
internal_weight=4199 1592 1127 2607 987 465 249 359 237 68 1349 816 238 578 297 79 533 425 188 141 281 244 155
internal_count=4199 1592 1127 2607 987 465 249 359 237 68 1349 816 238 578 297 79 533 425 188 141 281 244 155
cat_boundaries=0 1 2
cat_threshold=164 24
is_linear=0
shrinkage=0.05


Tree=82
num_leaves=24
num_cat=2
split_feature=7 2 1 7 13 15 5 13 16 2 5 1 18 11 5 5 15 2 15 11 15 15 15
split_gain=6.9424 2.22877 2.26309 2.69317 2.01459 1.77289 1.7145 1.67645 1.60325 1.80458 1.56028 1.36405 2.99568 1.78968 1.39152 1.30865 2.05191 1.62745 1.48711 1.27939 1.26667 1.22687 1.11563
threshold=1.5000000000000002 2027.5000000000002 0 2.5000000000000004 1.0000000180025095e-35 201.16158502425318 0.97590027831923531 1.0000000180025095e-35 2.1729166666666671 2036.5000000000002 1.0205400194928897 1 1.0000000180025095e-35 1.0605933521573137 0.92432712047662835 0.95604214863564396 35.604138935003014 2037.5000000000002 156.2921917089777 0.78369580273098627 128.49217732251182 31.315476121026705 97.533064151323813
decision_type=2 2 1 2 2 2 2 2 2 2 2 1 2 2 2 2 2 2 2 2 2 2 2
left_child=4 2 -2 10 5 11 -5 8 -3 19 -4 12 -1 15 -15 16 21 20 -17 -10 22 -13 -18
right_child=1 7 3 6 -6 -7 -8 -9 9 -11 -12 13 -14 14 -16 18 17 -19 -20 -21 -22 -23 -24
leaf_value=-0.00040188439962386745 -0.0011874567068190902 0.00044775193868648588 -0.0011790507176357339 0.00068935402565221894 0.018680213596141897 0.00071972942957029525 0.00203456354644704 0.028139400229642654 -6.5630822065043676e-05 -0.0010470367677946457 0.00054424158344918772 0.0002023789337124389 -0.00014071718812992719 -1.4765331471192426e-06 0.00084902683584314178 -0.00013788996051854391 -2.5188723072722218e-05 -0.00032612680537388714 -0.00069270605646964685 0.0011180577505596171 0.00073115999130952134 0.0012299393722268049 -0.00033535409082939126
leaf_weight=134 89 873 29 22 31 20 20 23 145 89 30 185 952 22 32 887 218 96 54 62 95 24 67
leaf_count=134 89 873 29 22 31 20 20 23 145 89 30 185 952 22 32 887 218 96 54 62 95 24 67
internal_value=-0.00076804 0.00213459 -0.00289474 0.00222772 -0.00219205 -0.00233309 0.0119048 0.00293624 0.00267322 -0.000506757 -0.00466102 -0.00244035 -0.00382136 -0.00154762 0.00740741 -0.00184502 -0.000182482 -0.0019958 -0.00305526 0.00205314 -0.000526316 0.00394737 -0.00219298
internal_weight=4199 1382 190 101 2817 2786 42 1192 1169 296 59 2766 1086 1680 54 1626 685 476 941 207 380 209 285
internal_count=4199 1382 190 101 2817 2786 42 1192 1169 296 59 2766 1086 1680 54 1626 685 476 941 207 380 209 285
cat_boundaries=0 1 2
cat_threshold=2 2
is_linear=0
shrinkage=0.05


Tree=83
num_leaves=24
num_cat=5
split_feature=0 4 16 0 12 6 5 4 14 14 14 1 15 6 1 10 2 14 17 11 4 0 5
split_gain=7.60942 3.353 3.26469 2.87949 5.74829 2.44467 2.24757 2.10691 1.83495 1.89371 1.68311 1.52509 1.45279 1.43073 1.29671 1.66048 1.23329 1.09408 1.32001 1.13644 1.18456 1.7866 1.08107
threshold=0 1.0000000180025095e-35 1.0000000180025095e-35 1 1.0000000180025095e-35 1.0000000180025095e-35 0.42540951297941754 1.0000000180025095e-35 93498.908367756827 80922.769451986052 38544.953812751373 2 39.238187837704011 1.0000000180025095e-35 3 1.5000000000000002 2037.5000000000002 6646.2966507334504 73.879583333333343 1.4932489547972019 1.0000000180025095e-35 4 0.7376789738161762
decision_type=1 2 2 1 2 2 2 2 2 2 2 1 2 2 1 2 2 2 2 2 2 1 2
left_child=1 2 -1 4 17 6 -5 14 9 16 11 -4 -9 -12 -8 -16 -7 18 -2 20 -19 -22 -3
right_child=3 22 10 5 -6 8 7 12 -10 -11 13 -13 -14 -15 15 -17 -18 19 -20 -21 21 -23 -24
leaf_value=0.012491342126749884 -0.0012137438130574345 -0.0021891305168065633 0.0065004184921375165 -0.0006863663281220664 0.049332975459532316 0.00011684463982102878 -0.00025582773070298578 -0.00014406955861114519 0.00028758355245236191 -0.0011729712740935255 0.00027353175406807928 0.0029699286108741175 5.6103418909502574e-05 0.0026735828216563951 -0.00014638035379079158 0.00038173276345867396 -0.0014316344546576668 3.1781664329912085e-05 0.0007609190052326021 0.00064297968612302006 1.804625779215502e-05 -0.00022187324730542357 0.00027209809347260582
leaf_weight=43 48 22 31 25 22 128 352 108 73 24 171 78 262 49 506 66 35 1318 21 59 296 309 153
leaf_count=43 48 22 31 25 22 128 352 108 73 24 171 78 262 49 506 66 35 1318 21 59 296 309 153
internal_value=-0.000827578 0.00462298 0.00739247 -0.0016521 -0.000420067 -0.00325677 -0.00415087 -0.00386399 0.00115385 -0.00147059 0.00569909 0.0107798 -0.000675676 0.00318182 -0.00514069 -0.00367133 0.000460123 -0.000694783 -0.00688406 -0.000479314 -0.000689028 -0.00252066 -0.001
internal_weight=4199 547 372 3652 2073 1579 1319 1294 260 187 329 109 370 220 924 572 163 2051 69 1982 1923 605 175
internal_count=4199 547 372 3652 2073 1579 1319 1294 260 187 329 109 370 220 924 572 163 2051 69 1982 1923 605 175
cat_boundaries=0 1 2 3 4 5
cat_threshold=32 156 2 2 132
is_linear=0
shrinkage=0.05


Tree=84
num_leaves=24
num_cat=2
split_feature=0 7 16 7 5 4 14 5 0 12 15 9 9 2 9 5 14 9 2 9 11 14 11
split_gain=6.73806 4.05261 2.90823 3.34461 2.27458 2.08963 2.61892 1.71451 1.66577 4.62454 1.52695 1.47386 2.15619 1.45325 1.42466 1.33091 2.29103 1.29337 1.90323 1.39716 1.28139 1.81738 1.20025
threshold=0 2.5000000000000004 1.0000000180025095e-35 1.5000000000000002 1.0017296210586071 1.0000000180025095e-35 29990.947335234971 1.1776060574645986 1 1.0000000180025095e-35 70.886217027817565 8827.1461165644123 417.8489442808596 2027.5000000000002 75507.970003087408 0.83593146774837945 38544.953812751373 839.52054995432422 2034.5000000000002 21518.751147060382 1.0350630057306958 82905.803049356924 0.92975506139665243
decision_type=1 2 2 2 2 2 2 2 1 2 2 2 2 2 2 2 2 2 2 2 2 2 2
left_child=2 8 -1 5 -5 6 -4 17 14 13 -6 12 22 15 -2 16 -10 -8 19 -19 -15 -22 -3
right_child=1 11 3 4 10 -7 7 -9 9 -11 -12 -13 -14 20 -16 -17 -18 18 -20 -21 21 -23 -24
leaf_value=0.0086594482371972759 -0.00013839510164310182 0.0020362249154530997 0.00261249941329883 0.0034677475117930513 0.003199638616627587 -0.0016937735014110112 0.0013854125433561378 0.0021209138639800562 -0.00037897471707767379 0.042431278397055121 -0.00059049337279264429 0.00051133567817751439 -0.00022947588465830547 -0.00012721075743728303 0.00037692413641924401 -0.00044249265500591225 0.0010622004065455346 -0.0012232314680843848 -0.003333483558085837 0.0024544663571311968 6.7118155681239469e-05 0.0015744264799398681 0.00029899278760016986
leaf_weight=72 872 21 55 83 41 95 38 51 25 20 33 248 184 1711 30 218 44 21 31 27 111 20 148
leaf_count=72 872 21 55 83 41 95 38 51 25 20 33 248 184 1711 30 218 44 21 31 27 111 20 148
internal_value=-0.000684687 -0.00146095 0.00444345 0.00310526 0.00907643 0.000157233 0.00280269 -0.000297619 -0.0022042 -0.00142427 0.0027027 0.00228785 0.000212465 -0.00165571 -0.00400219 -0.00496516 0.00108696 -0.00363248 -0.00727848 -0.00104167 -0.00114007 0.00362595 0.00428994
internal_weight=4199 3652 547 475 157 318 223 168 3051 2149 74 601 353 2129 902 287 69 117 79 48 1842 131 169
internal_count=4199 3652 547 475 157 318 223 168 3051 2149 74 601 353 2129 902 287 69 117 79 48 1842 131 169
cat_boundaries=0 1 2
cat_threshold=32 65
is_linear=0
shrinkage=0.05


Tree=85
num_leaves=24
num_cat=2
split_feature=0 3 7 4 17 4 14 14 5 14 5 1 5 2 17 9 9 15 5 2 4 5 3
split_gain=5.88432 5.20942 3.64491 2.12212 1.71744 1.66169 2.30501 1.59799 1.53233 1.5 1.3742 1.32376 1.89929 1.70499 1.39862 1.48154 1.83339 1.48505 1.41063 1.31689 1.39083 1.30666 1.25568
threshold=0 1.0000000180025095e-35 2.5000000000000004 1.0000000180025095e-35 74.884166666666673 1.0000000180025095e-35 112889.48693964437 2259.3593459485278 1.1813853759944195 29990.947335234971 0.78493427256843895 1 1.294853711309133 2032.5000000000002 71.457916666666691 32924.327704393399 21518.751147060382 26.190656645233041 0.88415018194986472 2029.5000000000002 1.0000000180025095e-35 1.3429576197623241 1.0000000180025095e-35
decision_type=1 2 2 2 2 2 2 2 2 2 2 1 2 2 2 2 2 2 2 2 2 2 2
left_child=1 3 7 4 -1 6 9 -2 10 -3 -5 12 14 -14 15 16 17 19 -16 -9 -21 -15 -17
right_child=2 5 -4 8 -6 -7 -8 11 -10 -11 -12 -13 13 21 18 22 -18 -19 -20 20 -22 -23 -24
leaf_value=0.0059748458535786256 0.009121779868832244 0.00061878707791167557 0.00019611299610287626 -0.0020475927844433306 0.0018085812686122749 -0.0022004538980082422 0.0019759357812722256 -0.0010014876072727587 -0.00031937200543101231 -0.001111158636202525 0.0030983213673307477 -7.6347921272942881e-05 -0.00013114723473399239 0.001097029767985368 -0.0001175517808450021 -0.00064735980804301533 0.00058563173550497927 -4.6821612535088059e-05 -0.00042223494063851533 0.00014975887311408499 -0.00040303666824851507 0.00010692506465465523 3.3267203475217102e-05
leaf_weight=155 36 25 601 21 115 43 27 33 38 50 73 1810 79 26 161 55 28 359 299 45 31 68 21
leaf_count=155 36 25 601 21 115 43 27 33 38 50 73 1810 79 26 161 55 28 359 299 45 31 68 21
internal_value=-0.000708502 0.00408438 -0.00143364 0.00708955 0.00962963 -0.00396552 -0.000490196 -0.00213864 0.00189394 -0.005 0.00531915 -0.00226368 -0.00354772 0.00130058 -0.00436047 -0.00270979 -0.00171371 -0.00245726 -0.00641304 -0.00756881 -0.00394737 0.00585106 -0.00921053
internal_weight=4199 547 3652 402 270 145 102 3051 132 75 94 3015 1205 173 1032 572 496 468 460 109 76 94 76
internal_count=4199 547 3652 402 270 145 102 3051 132 75 94 3015 1205 173 1032 572 496 468 460 109 76 94 76
cat_boundaries=0 1 2
cat_threshold=32 2
is_linear=0
shrinkage=0.05


Tree=86
num_leaves=24
num_cat=2
split_feature=0 3 7 16 4 0 5 5 3 5 9 14 5 5 9 2 9 15 7 15 13 8 14
split_gain=5.56336 4.55475 3.25309 1.78319 1.5387 1.4107 1.35769 2.13568 1.3519 1.35217 1.17007 1.27356 1.88595 1.11735 1.3456 2.03656 1.62006 1.2001 1.63879 1.10025 1.09416 1.06007 1.40156
threshold=0 1.0000000180025095e-35 1.5000000000000002 3.485125 1.0000000180025095e-35 1 1.1912409331906684 0.78493427256843895 1.0000000180025095e-35 1.0264471337233452 9700.6359383483159 112889.48693964437 0.98661854419696859 0.57324090082199908 417.8489442808596 2031.5000000000002 7925.8422996965101 99.727677125721016 2.5000000000000004 44.092760030381612 1.0000000180025095e-35 1.5000000000000002 127877.92950989387
decision_type=1 2 2 2 2 1 2 2 2 2 2 2 2 2 2 2 2 2 2 2 2 2 2
left_child=1 3 20 4 -1 8 7 -6 13 -10 11 12 -3 -4 15 -15 19 18 -18 -16 -2 22 -7
right_child=2 10 5 -5 6 21 -8 -9 9 -11 -12 -13 -14 14 16 -17 17 -19 -20 -21 -22 -23 -24
leaf_value=0.0038761497406707649 -0.00012086234747883994 -0.0013344850492915561 0.0025180925298267671 -0.00013804029116940564 -0.0031014359144932893 -3.2767096610373388e-05 -0.00015486046260047016 0.0031007918032022463 -0.000800533529367048 0.00034137595808515845 -0.0015410849995902587 0.0015416593242505107 0.00018934659785822816 -1.1776574066055257e-05 -0.0011733741520211756 0.0037729945310000291 0.00025046504884423395 -0.00013384395625880565 0.0039543609744352864 0.00087036200710728651 0.012758323048665896 -0.00032317365752213142 0.0004656150872514295
leaf_weight=235 2424 35 22 52 20 558 33 62 51 42 47 23 40 31 30 52 25 45 30 34 26 167 115
leaf_count=235 2424 35 22 52 20 558 33 62 51 42 47 23 40 31 30 52 25 45 30 34 26 167 115
internal_value=-0.000756132 0.00390485 -0.00146095 0.00671642 0.008 0.000665557 0.00326087 0.00670732 0.00322581 -0.00188172 -0.00362069 -0.000510204 -0.00366667 0.00511152 0.0041498 0.00933735 0.00152439 0.0055 0.0104545 -0.0046875 -0.0025102 -0.000470588 0.000408618
internal_weight=4199 547 3652 402 350 1202 115 82 362 93 145 98 75 269 247 83 164 100 55 64 2450 840 673
internal_count=4199 547 3652 402 350 1202 115 82 362 93 145 98 75 269 247 83 164 100 55 64 2450 840 673
cat_boundaries=0 1 2
cat_threshold=32 132
is_linear=0
shrinkage=0.05


Tree=87
num_leaves=24
num_cat=0
split_feature=7 8 7 18 12 5 5 16 2 2 15 15 5 4 2 9 14 14 14 15 14 9 16
split_gain=5.0555 1.22642 1.2156 1.87295 1.33732 1.15663 1.449 1.2465 1.12336 1.11789 1.1059 2.07229 1.06837 1.38421 1.82294 1.06011 1.01952 2.00585 1.01947 1.48148 1.19756 1.04365 0.954898
threshold=2.5000000000000004 1.5000000000000002 1.0000000180025095e-35 1.0000000180025095e-35 1.0000000180025095e-35 0.97864785621514683 0.62850798343534187 1.0000000180025095e-35 2027.5000000000002 2038.5000000000002 195.62082429985267 177.50567166169486 1.1625859542886614 1.0000000180025095e-35 2031.5000000000002 70.861480953857779 86975.927684141003 145984.69504543618 40751.239959659339 31.926135730654767 81369.621207484612 3501.7225505007154 1.0000000180025095e-35
decision_type=2 2 2 2 2 2 2 2 2 2 2 2 2 2 2 2 2 2 2 2 2 2 2
left_child=2 5 4 -4 10 6 -2 -7 -3 18 11 -1 13 14 -9 -14 -10 -18 19 -8 21 -20 -5
right_child=1 8 3 22 -6 7 9 12 16 -11 -12 -13 15 -15 -16 -17 17 -19 20 -21 -22 -23 -24
leaf_value=-9.6497833908050897e-05 -0.00012246937016327508 -0.0020792477036132352 -0.00053184863263664188 0.00068579210929145193 0.014537952868296677 0.0039983253781214262 0.00048118624619869211 0.0021282453283151758 0.00051860500048936939 -0.00052434802975978437 0.00023507634659563747 -0.00060283818685257266 -0.00026054438826445951 -0.0011555555957732389 -0.00045677374476443822 0.00099430932278570471 -0.0012779606238896527 0.0013419453299677421 -0.0015579985501776507 0.0021625454958906949 0.0017983031685122109 0.00051799200638656608 -1.7907322768821734e-05
leaf_weight=2066 39 31 156 142 23 30 30 26 111 27 24 37 27 33 43 90 36 21 20 24 83 26 1054
leaf_count=2066 39 31 156 142 23 30 30 26 111 27 24 37 27 33 43 90 36 21 20 24 83 26 1054
internal_value=-0.000696594 0.00319225 -0.00147059 -0.000295858 -0.0022093 0.00451807 0.00692771 0.00210843 -0.000125628 0.00857143 -0.00233898 -0.00246077 0.000799087 -0.00294118 0.00108696 0.00405983 0.0014881 -0.00394737 0.00997268 0.0157407 0.00755814 0.00108696 0.000376254
internal_weight=4199 697 3502 1352 2150 498 249 249 199 210 2127 2103 219 102 69 117 168 57 183 54 129 46 1196
internal_count=4199 697 3502 1352 2150 498 249 249 199 210 2127 2103 219 102 69 117 168 57 183 54 129 46 1196
is_linear=0
shrinkage=0.05


Tree=88
num_leaves=24
num_cat=3
split_feature=0 3 7 16 6 0 9 4 18 5 2 5 14 9 2 15 15 4 14 2 5 0 3
split_gain=5.85535 4.36255 2.65038 1.8349 1.66827 1.598 1.45752 2.1356 1.27745 1.41137 1.41694 1.44658 1.09068 1.8263 1.3927 1.08569 1.17931 1.68111 1.29215 1.01908 1.17164 1.19156 2.87882
threshold=0 1.0000000180025095e-35 1.5000000000000002 3.485125 1.0000000180025095e-35 1 417.8489442808596 1.0000000180025095e-35 1.0000000180025095e-35 0.64827296193767847 2029.5000000000002 0.93269690608366818 29990.947335234971 891.54889113735419 2032.5000000000002 151.50986834272854 130.62896412211828 1.0000000180025095e-35 65164.141494912372 2026.5000000000002 1.5531047480642555 2 1.0000000180025095e-35
decision_type=1 2 2 2 2 1 2 2 2 2 2 2 2 2 2 2 2 2 2 2 2 1 2
left_child=1 3 19 4 15 6 7 -4 -8 -10 -11 -12 -3 -14 -15 16 17 18 -1 -2 21 -21 -23
right_child=2 12 5 -5 -6 -7 8 -9 9 10 11 -13 13 14 -16 -17 -18 -19 -20 20 -22 22 -24
leaf_value=0.0040823661493822553 -0.00016540065758826748 0.00018576884339195355 0.0020375914400645109 -0.00012827814769401092 0.0054030991598448489 -2.827985464081348e-05 -0.0012628817739551588 -0.00015636750685621981 0.0020623607558727442 0.0015913546410302932 -0.0012656236580418979 0.00018273409858772933 0.0003250555856536608 -0.0010829232143410334 -0.0020598148255848605 -0.0026883574775460719 0.0047227248221269787 -2.5843119503288216e-05 0.0012427936129321749 -7.1832526048101292e-05 -0.00067910610861480591 -0.00018743853405184686 9.0771025921678285e-06
leaf_weight=97 167 40 80 52 84 840 28 37 23 46 39 109 33 31 41 20 33 68 48 1236 62 681 304
leaf_count=97 167 40 80 52 84 840 28 37 23 46 39 109 33 31 41 20 33 68 48 1236 62 681 304
internal_value=-0.000696594 0.00408438 -0.00141999 0.0068408 0.00814286 0.000499168 0.00322581 0.00790598 0.00112245 0.00241935 0.00103093 -0.00135135 -0.00327586 -0.00595238 -0.0104167 0.00620301 0.00711382 0.00575117 0.0087931 -0.00236735 -0.00209155 -0.0019023 -0.00319095
internal_weight=4199 547 3652 402 350 1202 362 117 245 217 194 148 145 105 72 266 246 213 145 2450 2283 2221 985
internal_count=4199 547 3652 402 350 1202 362 117 245 217 194 148 145 105 72 266 246 213 145 2450 2283 2221 985
cat_boundaries=0 1 2 3
cat_threshold=32 132 156
is_linear=0
shrinkage=0.05


Tree=89
num_leaves=24
num_cat=3
split_feature=0 3 7 6 0 18 11 16 19 16 0 9 2 4 14 14 14 14 9 14 14 11 15
split_gain=5.42327 3.76532 2.35434 1.73013 1.38729 1.32828 1.32144 1.62479 1.19354 1.25774 1.25251 1.43878 1.34705 1.18196 2.03566 1.35873 1.18085 1.34893 1.17196 1.12929 1.04379 1.03379 1.03214
threshold=0 1.0000000180025095e-35 1.5000000000000002 1.0000000180025095e-35 1 1.0000000180025095e-35 1.0053440386104673 3.485125 1.0000000180025095e-35 3.485125 2 1190.832459645399 2034.5000000000002 1.0000000180025095e-35 110572.56830359406 29990.947335234971 30577.265212828435 38805.750356553144 65580.756238040936 12132.816732385716 59013.550843035846 0.54903149739772039 44.092760030381612
decision_type=1 2 2 2 1 2 2 2 2 2 1 2 2 2 2 2 2 2 2 2 2 2 2
left_child=1 3 -2 6 5 22 7 -1 -6 10 12 21 -10 14 15 -3 19 -18 -19 -7 -15 -12 -4
right_child=2 13 4 -5 8 16 -8 -9 9 -11 11 -13 -14 20 -16 -17 17 18 -20 -21 -22 -23 -24
leaf_value=0.0024222719782726722 -0.00010259433387953669 0.00066043842352141451 -0.0014290082588073296 0.0047450473743136327 0.00018165310034813783 3.7294559412560937e-05 0.0027598119689487056 -0.00048328956475071074 0.00044896007456752819 -0.00060260813999701986 -0.0013184831620075444 -5.9019555453881245e-06 -0.0002461031761191959 -0.00019283008047604467 0.0020131642946005835 -0.00096925515991694582 -0.0011242191254160429 0.0007624210033596924 -0.0018852023310922312 0.0022568786961413233 -0.0031239946749392847 -0.00027712283132365833 0.0010955236987942776
leaf_weight=245 2450 25 21 98 106 26 26 33 147 103 23 248 105 22 29 48 33 197 20 41 21 108 24
leaf_count=245 2450 25 21 98 106 26 26 33 147 103 23 248 105 22 29 48 33 197 20 41 21 108 24
internal_value=-0.000696594 0.00390485 -0.00139268 0.00646766 0.000415973 0.00295699 0.00460526 0.00359712 -0.000705882 -0.00143052 -0.000594295 -0.00237789 0.00209924 -0.00293103 0 -0.00445205 0.00417981 0.0026 0.00403226 0.0100746 -0.00988372 -0.00667939 -0.005
internal_weight=4199 547 3652 402 1202 362 304 278 840 734 631 379 252 145 102 73 317 250 217 67 43 131 45
internal_count=4199 547 3652 402 1202 362 304 278 840 734 631 379 252 145 102 73 317 250 217 67 43 131 45
cat_boundaries=0 1 2 3
cat_threshold=32 132 18
is_linear=0
shrinkage=0.05


Tree=90
num_leaves=24
num_cat=1
split_feature=7 15 1 18 11 15 16 5 2 15 5 5 5 16 9 15 5 14 11 16 14 14 5
split_gain=4.87145 1.34629 1.51698 1.80452 1.41012 2.49032 1.25901 1.24838 1.23861 1.94518 1.47248 1.25544 1.85734 1.39144 1.73303 2.31104 1.71962 2.97673 1.14648 1.41045 1.45897 1.62999 1.38061
threshold=2.5000000000000004 201.16158502425318 0 1.0000000180025095e-35 1.0605933521573137 36.108001881607926 3.485125 0.95718907554605426 2029.5000000000002 39.238187837704011 0.91337345033287376 1.2837255376576799 1.3310264847438595 1.756416666666667 32087.46360967098 116.28100362387077 0.80201068204579806 52038.968929972791 1.006483294229507 1.0000000180025095e-35 100102.98219758781 25894.196276986095 1.0632720573186565
decision_type=2 2 1 2 2 2 2 2 2 2 2 2 2 2 2 2 2 2 2 2 2 2 2
left_child=1 2 3 -1 18 7 -2 -6 9 -5 -11 13 -13 14 15 16 17 -10 19 20 21 -4 -21
right_child=6 -3 4 8 5 -7 -8 -9 11 10 -12 12 -14 -15 -16 -17 -18 -19 -20 22 -22 -23 -24
leaf_value=-0.00035056065516440686 0.00044017121708649494 0.00038738310472451057 -6.8957845117351152e-05 -0.00065137220338078682 -0.00079363724248848538 0.0018971739399209677 -0.00010399985140094672 0.00061262818673850068 3.8584792538441553e-05 0.00038794583883236387 -0.00015341969275724037 0.0013903716673652295 7.1441746681681853e-05 -0.00017236207202872279 -0.00049142634537797383 0.0014053054438389471 0.00019260140930502283 -0.0013276637567802786 -0.000481103061372247 7.2487867116456131e-07 -0.00016148268499485143 0.00095804606463500215 -0.00014735400747543093
leaf_weight=167 597 24 61 108 20 25 100 27 63 79 152 26 106 311 47 40 226 40 41 997 73 112 757
leaf_count=167 597 24 61 108 20 25 100 27 63 79 152 26 106 311 47 40 226 40 41 997 73 112 757
internal_value=-0.000625149 -0.00138492 -0.00146636 -0.00276557 -0.000627071 0.00625 0.00319225 -0.000531915 -0.00208681 -0.00464602 -0.00205628 -0.00107683 0.00340909 -0.00189133 0 0.00115176 -0.000227964 -0.00558252 -0.000869672 -0.0007 0.00284553 0.00534682 -0.00119726
internal_weight=4199 3502 3478 1365 2113 72 697 47 1198 339 231 859 132 727 416 369 329 103 2041 2000 246 173 1754
internal_count=4199 3502 3478 1365 2113 72 697 47 1198 339 231 859 132 727 416 369 329 103 2041 2000 246 173 1754
cat_boundaries=0 1
cat_threshold=2
is_linear=0
shrinkage=0.05


Tree=91
num_leaves=24
num_cat=2
split_feature=0 3 4 3 7 17 8 5 0 4 14 14 14 16 14 14 14 2 15 9 15 14 2
split_gain=4.63453 8.44907 7.01117 4.36883 2.1544 2.16298 1.9557 1.98439 1.89218 1.77266 2.64372 1.76294 1.73539 1.63652 1.71422 1.99283 1.47368 1.31467 1.47446 2.67857 1.37614 1.86865 1.28907
threshold=0 1.0000000180025095e-35 1.0000000180025095e-35 1.0000000180025095e-35 1.5000000000000002 73.879583333333343 1.0000000180025095e-35 1.0658108544522935 1 1.0000000180025095e-35 137152.44201188805 16049.574822509099 12132.816732385716 1.0000000180025095e-35 29574.092071284296 45557.650428587818 52038.968929972791 2029.5000000000002 129.73975614796583 45704.666569407585 101.55199198662889 48785.083576663041 2027.5000000000002
decision_type=1 2 2 2 2 2 2 2 1 2 2 2 2 2 2 2 2 2 2 2 2 2 2
left_child=1 2 4 -2 5 6 7 -1 -4 13 -11 -7 -5 16 -15 -16 -3 20 -19 -20 21 -14 -23
right_child=3 9 8 12 -6 11 -8 -9 -10 10 -12 -13 17 14 15 -17 -18 18 19 -21 -22 22 -24
leaf_value=0.0019270511872922502 -0.00018035112244486559 -0.0010536298592742604 -0.00066406520148365737 -0.00027973825726052584 0.0020244879088704734 0.002759993692361587 0.0057212548795627207 0.00037592241745509073 -7.5471979136515495e-06 0.00010025902997576054 -0.00086520961950324333 -7.7269983248973172e-06 3.6285224814220275e-05 -3.455367776419851e-05 -0.0010192126518690948 -0.00059665227491507858 0.0014087189688237016 0.00021722148332246929 -0.00018087994239247878 0.00045901761061866998 0.00041800749396172496 -4.738509667045351e-05 -0.00016491236425703474
leaf_weight=171 1460 21 119 54 344 26 31 132 355 162 25 319 55 94 65 214 36 348 36 27 52 26 27
leaf_count=171 1460 21 119 54 344 26 31 132 355 162 25 319 55 94 65 214 36 348 36 27 52 26 27
internal_value=-0.000660872 0.000988701 0.00302271 -0.00232697 0.00535191 0.0037187 0.00658683 0.00536304 -0.00200422 -0.00393031 0.00013369 0.000942029 0.00116 -0.00569767 -0.00690349 -0.00887097 0.00219298 0.00197023 0.00346715 -0.00357143 -0.001875 -0.00509259 -0.0117925
internal_weight=4199 2114 1497 2085 1023 679 334 303 474 617 187 345 625 430 373 279 57 571 411 63 160 108 53
internal_count=4199 2114 1497 2085 1023 679 334 303 474 617 187 345 625 430 373 279 57 571 411 63 160 108 53
cat_boundaries=0 1 2
cat_threshold=180 16
is_linear=0
shrinkage=0.05


Tree=92
num_leaves=24
num_cat=4
split_feature=0 3 7 16 14 0 14 3 14 14 14 3 0 15 5 5 7 9 1 5 5 15 9
split_gain=4.25093 3.5466 2.2302 1.82091 1.46226 1.41867 3.83675 3.59373 2.30584 1.727 1.49935 1.41235 1.62724 1.69587 1.40264 1.43579 1.29968 1.2978 1.5 3.3623 1.2943 1.29412 1.23283
threshold=0 1.0000000180025095e-35 2.5000000000000004 3.485125 192076.49349927958 1 2259.3593459485278 1.0000000180025095e-35 12651.849980207538 182142.37600752045 19243.767816437005 1.0000000180025095e-35 2 44.53170661205376 0.91337345033287376 1.0758755085164153 2.5000000000000004 9700.6359383483159 3 0.99752892928850623 0.42540951297941754 11.367323337404082 5840.4388818638627
decision_type=1 2 2 2 2 1 2 2 2 2 2 2 1 2 2 2 2 2 1 2 2 2 2
left_child=1 3 4 16 5 6 -2 21 -9 11 -10 20 13 14 -13 -16 -1 18 -3 -20 -8 -7 -23
right_child=2 17 -4 -5 -6 7 9 8 10 -11 -12 12 -14 -15 15 -17 -18 -19 19 -21 -22 22 -24
leaf_value=0.0019213423352841263 0.037218846133625007 0.00092560460029723901 0.00011751310028015882 -0.00024623675806063617 0.00073783739275902829 -0.00084159668443978719 0.0015391114386665212 -0.00035214911091278276 0.00089030637555350615 -0.0015033326748932156 7.2437420356913313e-06 -7.343348746884769e-05 -0.00042170425019121341 -0.00014639560393613394 0.0009784599068864315 0.0002514580090001939 0.0048808484705207718 -0.0014063989259084364 -0.0015894154794483251 0.00026011530762529714 -3.6339931572205476e-05 -0.00011439756230052863 -0.00024800387686704848
leaf_weight=288 21 42 601 52 24 27 20 39 26 24 346 36 260 147 21 38 62 47 25 31 1131 465 426
leaf_count=288 21 42 601 52 24 27 20 39 26 24 346 36 260 147 21 38 62 47 25 31 1131 465 426
internal_value=-0.000708502 0.00336625 -0.00132441 0.00584577 -0.00187643 -0.0019739 -0.000995316 -0.00319268 0.0006691 -0.00126714 0.00188172 -0.00107381 -0.00328685 -0.000198413 0.005 0.00974576 0.00714286 -0.00327586 0 -0.00535714 -0.000108601 -0.00495643 -0.00462963
internal_weight=4199 547 3652 402 3051 3027 1698 1329 411 1677 372 1653 502 242 95 59 350 145 98 56 1151 918 891
internal_count=4199 547 3652 402 3051 3027 1698 1329 411 1677 372 1653 502 242 95 59 350 145 98 56 1151 918 891
cat_boundaries=0 1 2 3 4
cat_threshold=32 156 24 1
is_linear=0
shrinkage=0.05


Tree=93
num_leaves=24
num_cat=5
split_feature=0 3 7 14 16 5 15 8 9 15 9 1 5 5 9 15 0 2 1 0 15 15 15
split_gain=4.80618 3.12065 2.14168 1.83078 1.37329 1.27659 1.38616 1.95942 1.6569 1.42012 1.21921 1.55487 2.84785 1.62187 1.21636 1.15362 1.1325 1.07803 1.68695 2.32881 2.11156 1.84377 1.5673
threshold=0 1.0000000180025095e-35 2.5000000000000004 41184.994619061887 3.485125 1.2070788346600592 82.182338216230434 1.0000000180025095e-35 4205.0603686627064 136.78236400570566 15565.808732800955 1 0.95989162001894435 0.92692011529563423 9586.3725881875816 80.806032560209616 2 2029.5000000000002 3 4 39.238187837704011 124.1313214903894 97.533064151323813
decision_type=1 2 2 2 2 2 2 2 2 2 2 1 2 2 2 2 1 2 1 1 2 2 2
left_child=1 3 17 -1 5 6 7 8 -5 14 11 13 -13 -3 -8 -7 -4 18 20 -20 -2 22 -21
right_child=2 10 16 4 -6 15 9 -9 -10 -11 -12 12 -14 -15 -16 -17 -18 -19 19 21 -22 -23 -24
leaf_value=0.0035022750332399655 -0.00067084077452612544 0.0018948760916188689 0.00024110932453345961 0.0022515421192201403 -0.00046849922272345084 0.0025738735106551561 0.0011714932578480498 0.0046824056069042106 -0.0024238863013488657 0.00099760677016250696 -0.0016006748092768559 -0.0018846023412238844 3.1833686687796074e-05 -0.0003066087288262243 0.0052338345275187055 -0.0016902929296368386 -7.9433699472908356e-05 -5.992883244828622e-05 0.00010712218500552515 -0.00027081407915850942 -7.1425444142737631e-05 0.00056741475388664921 -0.00079309723460353114
leaf_weight=139 110 23 364 20 36 23 26 20 29 37 35 21 40 26 34 38 237 2188 276 177 234 45 21
leaf_count=139 110 23 364 20 36 23 26 20 29 37 35 21 40 26 34 38 237 2188 276 177 234 45 21
internal_value=-0.000696594 0.00363555 -0.00135172 0.00597015 0.00351711 0.00495595 0.00722892 0.00181159 -0.00357143 0.0110825 -0.00258621 0 -0.00532787 0.00663265 0.0158333 -0.00122951 0.00137271 -0.00189282 -0.00338934 -0.0015896 -0.00610465 -0.00503953 -0.00732323
internal_weight=4199 547 3652 402 263 227 166 69 49 97 145 110 61 49 60 61 601 3051 863 519 344 243 198
internal_count=4199 547 3652 402 263 227 166 69 49 97 145 110 61 49 60 61 601 3051 863 519 344 243 198
cat_boundaries=0 1 2 3 4 5
cat_threshold=32 1 141 2 149
is_linear=0
shrinkage=0.05


Tree=94
num_leaves=24
num_cat=2
split_feature=0 3 16 3 4 0 4 16 4 9 2 7 7 2 9 2 9 9 16 9 11 11 17
split_gain=3.89472 8.31167 3.68242 2.55736 2.24757 2.09293 5.2156 2.09259 2.00985 1.69446 2.1073 1.68973 1.59547 1.52186 1.51997 1.67495 1.4986 3.08465 1.56436 1.5391 1.45406 2.29785 1.44559
threshold=0 1.0000000180025095e-35 1.0000000180025095e-35 1.0000000180025095e-35 1.0000000180025095e-35 1 1.0000000180025095e-35 3.485125 1.0000000180025095e-35 72529.650522627227 2038.5000000000002 2.5000000000000004 1.5000000000000002 2029.5000000000002 30481.089817069253 2034.5000000000002 5840.4388818638627 7925.8422996965101 1.4758333333333338 3363.9400976833381 0.13686656486247548 0.0011970769294041516 73.879583333333343
decision_type=1 2 2 2 2 1 2 2 2 2 2 2 2 2 2 2 2 2 2 2 2 2 2
left_child=1 2 -1 5 7 6 11 -4 9 10 16 -2 -3 -5 -6 -16 18 -18 -7 -20 21 -15 -13
right_child=3 12 4 13 14 8 -8 -9 -10 -11 -12 22 -14 20 15 -17 17 -19 19 -21 -22 -23 -24
leaf_value=0.0038967184020331311 0.00010182680661738886 -0.00041122338792313329 0.0015783417872447193 -4.5939211742192236e-05 -0.00050927756032900372 -0.00075710088900384279 -0.00056250185778918449 -0.00018140865303719613 -2.7143179038439037e-05 0.00024081281693615829 -0.0010611170493092382 0.0037006935383849279 4.3333663067385291e-06 4.2643595517614528e-05 0.0013750969511001883 -0.00034836059097681092 -0.00090587722025511637 -0.00051722637162993459 -0.00013868007870232628 0.00034840286543480031 -3.9156295962091175e-05 0.00048316824036593947 0.00076608973645281861
leaf_weight=140 420 325 567 209 254 122 245 112 322 33 81 32 140 316 34 20 43 259 208 32 209 43 33
leaf_count=140 420 325 567 209 254 122 245 112 322 33 81 32 140 316 34 20 43 259 208 32 209 43 33
internal_value=-0.000791855 0.00115481 0.0034827 -0.00197746 0.00240628 -0.00300546 -0.000878378 0.00401325 -0.00436937 -0.00578406 -0.00627517 0.0021134 -0.00446237 0.000418275 -0.00113636 0.00648148 -0.00534639 -0.00794702 -0.0031768 -0.000833333 0.00176056 0.00369081 0.00961538
internal_weight=4199 1592 1127 2607 987 1830 730 679 1100 778 745 485 465 777 308 54 664 302 362 240 568 359 65
internal_count=4199 1592 1127 2607 987 1830 730 679 1100 778 745 485 465 777 308 54 664 302 362 240 568 359 65
cat_boundaries=0 1 2
cat_threshold=164 24
is_linear=0
shrinkage=0.05


Tree=95
num_leaves=24
num_cat=3
split_feature=0 3 7 16 4 9 5 5 1 5 1 20 5 5 11 9 16 5 11 5 3 2 5
split_gain=3.66081 2.92182 2.12187 2.01962 1.55083 1.43214 1.38444 2.27154 1.29337 3.34405 1.2668 1.55646 1.62926 1.44461 1.41228 1.27562 1.63158 1.23077 1.1999 1.34985 1.09802 1.23258 1.7985
threshold=0 1.0000000180025095e-35 2.5000000000000004 3.485125 1.0000000180025095e-35 9700.6359383483159 0.78493427256843895 1.1415607775418246 1 0.95989162001894435 2 1.0000000180025095e-35 1.2677191133471377 1.4971340844100429 1.0605933521573137 1282.1821382885942 1.756416666666667 1.3429576197623241 1.006483294229507 0.60124670721575979 1.0000000180025095e-35 2038.5000000000002 0.76343305541321171
decision_type=1 2 2 2 2 2 2 2 1 2 1 2 2 2 2 2 2 2 2 2 2 2 2
left_child=1 3 10 4 -1 8 -6 -8 -3 -10 11 -2 20 15 18 17 -17 -14 19 -12 -13 22 -22
right_child=2 5 -4 -5 6 -7 7 -9 9 -11 14 12 13 -15 -16 16 -18 -19 -20 -21 21 -23 -24
leaf_value=0.0030342420427985186 -0.00027327419480752162 0.00090482705726409882 9.0307041581226555e-05 -0.00020830774629928552 -0.0030873686609026564 -0.0012354840697530178 0.0024585999385622562 -0.0006112222678110957 -0.0017905888924780262 0.00025820756505071655 0.00017320347418768521 -0.00020092235533462443 0.00070159589866875666 -0.0001524248445934559 0.00058925972698646849 2.3107478199502207e-05 0.00077548985479796719 -0.00022172044667475769 -0.00040410253661609112 -7.5915940471543952e-05 -0.00012780078665170508 -0.00020670776659110647 8.6573262036676197e-05
leaf_weight=235 136 42 601 52 20 47 61 34 21 35 128 627 26 36 62 47 41 26 37 1610 58 40 177
leaf_count=235 136 42 601 52 20 47 61 34 21 35 128 627 26 36 62 47 41 26 37 1610 58 40 177
internal_value=-0.000684687 0.00309695 -0.00125614 0.00534826 0.00671429 -0.00293103 0.00195652 0.00447368 0.000510204 -0.00446429 -0.00179449 -0.00304778 -0.00241187 0.00198864 -0.000966249 0.00428571 0.00795455 -0.00192308 -0.00122535 -0.00103567 -0.00327051 -0.000636364 0.000744681
internal_weight=4199 547 3652 402 350 145 115 95 98 56 3051 1214 1078 176 1837 140 88 52 1775 1738 902 275 235
internal_count=4199 547 3652 402 350 145 115 95 98 56 3051 1214 1078 176 1837 140 88 52 1775 1738 902 275 235
cat_boundaries=0 1 2 3
cat_threshold=32 1 2
is_linear=0
shrinkage=0.05


Tree=96
num_leaves=24
num_cat=2
split_feature=7 0 0 3 4 3 14 16 16 14 4 15 16 14 9 15 2 17 14 5 14 14 14
split_gain=3.49045 2.47862 1.78878 4.40829 4.93625 2.46828 3.16438 2.39218 1.78704 1.73074 1.5721 1.47054 1.46839 1.48222 1.40607 1.75516 1.91162 1.48412 1.32032 1.47061 1.3152 1.91668 1.33009
threshold=2.5000000000000004 0 1 1.0000000180025095e-35 1.0000000180025095e-35 1.0000000180025095e-35 12651.849980207538 1.756416666666667 3.485125 19243.767816437005 1.0000000180025095e-35 156.2921917089777 1.0000000180025095e-35 52038.968929972791 69699.192125542948 129.73975614796583 2029.5000000000002 74.884166666666673 56776.803500960617 1.2104102448523337 29574.092071284296 21987.919908185151 82210.281270887281
decision_type=2 1 1 2 2 2 2 2 2 2 2 2 2 2 2 2 2 2 2 2 2 2 2
left_child=2 8 3 4 7 -4 -7 11 -2 -8 12 -1 13 -5 15 16 17 -11 -18 -20 21 -14 -22
right_child=1 -3 5 10 -6 6 9 -9 -10 14 -12 -13 20 -15 -16 -17 18 -19 19 -21 22 -23 -24
leaf_value=0.0014236062757582574 0.0020980506471059424 2.5952775993144662e-05 -0.00014565667430688187 -0.0009608622966315296 -0.00043375264494222016 -0.00035905038529594817 0.00077430753482173986 -3.0543432927648831e-05 -0.00047429341184045408 0.00011500033998517942 3.9779509648098409e-07 -0.00045737359568188973 -0.00056700139973887018 0.0012493942156402737 0.00056393193010575505 -0.00011395402973507332 -1.6417253765157693e-05 -0.00013039662264808507 5.3194034867161769e-05 0.00041534323030831526 -0.00077850014776188823 0.00027722221656847901 -0.00052703513802402084
leaf_weight=516 167 507 1223 21 376 49 38 295 23 51 155 40 51 31 24 61 105 49 124 33 109 28 123
leaf_count=516 167 507 1223 21 376 49 38 295 23 51 155 40 51 31 24 61 105 49 124 33 109 28 123
internal_value=-0.000684687 0.00254663 -0.00132781 -0.000185185 0.00144662 -0.00244765 0.000374532 0.00355464 0.00725 0.00159794 -0.00405405 0.00548561 -0.00585399 0.00192308 0.000727069 5.91017e-05 0.00138122 -0.0045 0.00362595 0.00652866 -0.00715434 -0.00158228 -0.00905172
internal_weight=4199 697 3502 1745 1227 1757 534 851 190 485 518 556 363 52 447 423 362 100 262 157 311 79 232
internal_count=4199 697 3502 1745 1227 1757 534 851 190 485 518 556 363 52 447 423 362 100 262 157 311 79 232
cat_boundaries=0 1 2
cat_threshold=160 180
is_linear=0
shrinkage=0.05


Tree=97
num_leaves=24
num_cat=4
split_feature=0 12 3 4 7 14 3 4 14 0 16 0 2 15 0 7 9 9 16 9 16 5 4
split_gain=3.47613 8.08951 4.84306 6.593 3.06562 2.5692 2.21554 2.12324 2.41483 2.02428 1.96237 1.81635 1.80024 1.53584 1.51848 1.62398 1.4885 2.14582 1.99127 1.44831 1.43093 1.39355 1.37248
threshold=0 1.0000000180025095e-35 1.0000000180025095e-35 1.0000000180025095e-35 2.5000000000000004 3894.1625930649102 1.0000000180025095e-35 1.0000000180025095e-35 184432.44623814969 1 3.485125 2 2037.5000000000002 47.558904382907706 3 1.0000000180025095e-35 5840.4388818638627 7925.8422996965101 1.4758333333333338 3363.9400976833381 1.0000000180025095e-35 0.7082975517696023 1.0000000180025095e-35
decision_type=1 2 2 2 2 2 2 2 2 1 2 1 2 2 1 2 2 2 2 2 2 2 2
left_child=5 2 3 4 10 -1 7 8 12 -5 11 20 16 -12 22 -16 18 -18 -7 21 -2 -20 -4
right_child=1 -3 14 9 -6 6 -8 -9 -10 -11 13 -13 -14 -15 15 -17 17 -19 19 -21 -22 -23 -24
leaf_value=-0.0012242024213277116 0.0075647000748421652 0.035897832578978155 -0.00022191968279636258 -6.0028747488144463e-05 0.002411615462389766 -0.00069564981249099333 1.6818858099476726e-05 -1.4134430635231872e-06 0.00020542678208812626 -0.00054230115051917289 -0.0017322115981782322 0.00017132443286287937 -0.00086389681320130193 0.00011552461014636418 -0.00049393923733779177 -0.00015011443244213887 -0.00095331868338379897 -0.00048028642230951653 -0.00047186833983872136 0.00040193546182181188 0.0013202448999123486 5.4958886317896251e-05 9.1130475186312909e-05
leaf_weight=34 50 33 208 353 197 111 469 315 22 241 40 527 133 107 241 213 33 247 31 29 321 155 89
leaf_count=34 50 33 208 353 197 111 469 315 22 241 40 527 133 107 241 213 33 247 31 29 321 155 89
internal_value=-0.00072041 0.00039924 8.69733e-05 0.00147059 0.00354267 -0.00256451 -0.00228155 -0.0035316 -0.00496058 -0.00286195 0.00246411 0.00334076 -0.00544655 -0.00289116 -0.00329561 -0.00506466 -0.00429043 -0.00696429 -0.00199387 0.000813953 0.00597113 -0.000806452 -0.000407166
internal_weight=4199 2620 2587 1836 1242 1579 1545 1076 761 594 1045 898 739 147 751 454 606 280 326 215 371 186 297
internal_count=4199 2620 2587 1836 1242 1579 1545 1076 761 594 1045 898 739 147 751 454 606 280 326 215 371 186 297
cat_boundaries=0 1 2 3 4
cat_threshold=67 164 36 24
is_linear=0
shrinkage=0.05


Tree=98
num_leaves=24
num_cat=3
split_feature=0 17 14 3 11 4 0 12 14 3 4 4 3 14 14 4 2 7 7 0 15 7 14
split_gain=3.21288 3.01164 3.14994 3.16748 2.53184 1.90898 1.56748 5.67219 2.65365 2.48059 4.62503 3.2481 1.87935 1.84822 2.6309 1.91957 1.91399 1.77448 1.50125 1.40551 1.59616 1.52677 1.45951
threshold=0 1.0000000180025095e-35 29214.795635380702 1.0000000180025095e-35 0.23891009328262117 1.0000000180025095e-35 1 1.0000000180025095e-35 3894.1625930649102 1.0000000180025095e-35 1.0000000180025095e-35 1.0000000180025095e-35 1.0000000180025095e-35 167285.73032906043 155823.54495080555 1.0000000180025095e-35 2037.5000000000002 2.5000000000000004 1.0000000180025095e-35 2 86.828601745182254 1.5000000000000002 58352.427300423915
decision_type=1 2 2 2 2 2 1 2 2 2 2 2 2 2 2 2 2 2 2 1 2 2 2
left_child=1 5 4 -4 -3 -1 7 9 -8 10 17 19 13 14 15 16 -10 -2 -5 20 22 -21 -11
right_child=6 2 3 18 -6 -7 8 -9 12 11 -12 -13 -14 -15 -16 -17 -18 -19 -20 21 -22 -23 -24
leaf_value=0.0098488804411626836 0.00026232834776850902 0.0020243136665466233 0.00062701817252689427 -0.0022936054495033497 1.7692344162567598e-05 0.00183802246504432 -0.0011629923002613261 0.039203448881672404 -0.000317044074341897 -0.00016847055095055158 -0.00033567246420119215 6.0553724679831288e-05 1.5977915194502891e-05 0.00010532745054113308 -0.00072682993876071079 2.304061323820598e-06 -0.00083663225559071387 0.0018107607185399333 -0.00050656648831634565 -0.0012097484356022549 -0.00039800331332186619 -0.00046533320517016044 0.00041184736352028594
leaf_weight=43 819 63 271 49 51 29 34 22 558 93 463 189 469 69 30 293 126 159 41 149 77 64 38
leaf_count=43 819 63 271 49 51 29 34 22 558 93 463 189 469 69 30 293 126 159 41 149 77 64 38
internal_value=-0.000625149 0.00291741 0.00152632 -0.000761773 0.00877193 0.0125 -0.00116057 -0.00025204 -0.00234424 -0.000524135 0.000607217 -0.00319672 -0.00205502 -0.00320632 -0.00374876 -0.00330092 -0.00475146 0.00255624 -0.00888889 -0.00564133 -0.00229358 -0.00840807 0.000954198
internal_weight=4199 547 475 361 114 72 3652 2073 1579 2051 1441 610 1545 1076 1007 977 684 978 90 421 208 213 131
internal_count=4199 547 475 361 114 72 3652 2073 1579 2051 1441 610 1545 1076 1007 977 684 978 90 421 208 213 131
cat_boundaries=0 1 2 3
cat_threshold=32 156 24
is_linear=0
shrinkage=0.05


Tree=99
num_leaves=24
num_cat=2
split_feature=0 3 16 4 16 9 9 14 15 3 0 4 4 16 7 9 9 17 15 8 14 15 14
split_gain=2.98039 6.75031 3.68027 2.01022 1.80699 1.76454 1.50682 1.45722 1.61744 1.32535 1.36581 3.4544 1.74217 1.52128 1.3462 1.32902 1.2573 1.4232 1.25714 1.23382 1.53592 1.47857 1.33094
threshold=0 1.0000000180025095e-35 1.0000000180025095e-35 1.0000000180025095e-35 3.485125 30029.915240155937 75507.970003087408 25168.510525336853 84.451189777756809 1.0000000180025095e-35 1 1.0000000180025095e-35 1.0000000180025095e-35 1.0000000180025095e-35 2.5000000000000004 33923.018226849999 12408.557030270813 74.884166666666673 31.926135730654767 1.0000000180025095e-35 95190.301059474572 90.206750750903851 38544.953812751373
decision_type=1 2 2 2 2 2 2 2 2 2 1 2 2 2 2 2 2 2 2 2 2 2 2
left_child=1 2 -1 4 -4 -5 9 -6 -9 10 11 14 13 -12 -2 -13 -3 -18 -14 20 21 22 -20
right_child=6 16 3 5 7 -7 -8 8 -10 -11 12 15 18 -15 -16 -17 17 -19 19 -21 -22 -23 -24
leaf_value=0.0036661260431183175 8.5722336719860914e-05 -0.00011308003947556158 0.0012244255482764977 -0.00044633049426540117 0.0013147915627734069 0.00082221188870726944 0.00028603511452302796 -0.0022131587152674939 0.00053899584107727219 -3.8690757689523184e-06 -0.0010477132632352047 -0.00037426412910209606 -7.4468588797579221e-05 -0.0003678672410797283 0.001591464577260715 -0.00091296355001865912 -0.00040261642011312068 -0.00094487296130575389 0.00012500163595065839 0.00068438312789956062 -6.6579611262145529e-05 0.00080533722715146478 -8.8463620788885165e-05
leaf_weight=140 412 314 567 253 20 55 78 45 47 751 79 212 84 669 63 28 66 85 41 55 64 20 51
leaf_count=140 412 314 567 253 20 55 78 45 47 751 79 212 84 669 63 28 66 85 41 55 64 20 51
internal_value=-0.000672779 0.00102996 0.00312777 0.00205167 0.00357143 -0.0012987 -0.00170997 -0.00223214 -0.0048913 -0.00192764 -0.00267154 -0.000931034 -0.00379776 -0.00514706 0.00152632 -0.00583333 -0.00403226 -0.00778146 -0.000714286 0.00119048 -0.000852273 0.00267857 0
internal_weight=4199 1592 1127 987 679 308 2607 112 92 2529 1778 715 1063 748 475 240 465 151 315 231 176 112 92
internal_count=4199 1592 1127 987 679 308 2607 112 92 2529 1778 715 1063 748 475 240 465 151 315 231 176 112 92
cat_boundaries=0 1 2
cat_threshold=164 24
is_linear=0
shrinkage=0.05


Tree=100
num_leaves=24
num_cat=2
split_feature=0 16 3 4 7 4 2 15 0 12 11 8 2 2 5 11 15 8 11 2 5 15 11
split_gain=2.60072 3.30746 2.76515 1.90898 1.44997 1.35818 1.27256 1.23551 1.04533 3.57315 1.30905 1.00041 1.16667 1.09494 0.98421 0.943396 0.926383 0.922815 1.03336 0.837721 1.43388 1.29431 1.12587
threshold=0 1.0000000180025095e-35 1.0000000180025095e-35 1.0000000180025095e-35 2.5000000000000004 1.0000000180025095e-35 2035.5000000000002 147.82619783045143 1 1.0000000180025095e-35 1.5183890241915792 1.5000000000000002 2031.5000000000002 2031.5000000000002 1.236240609701037 0.0011970769294041516 50.690145754462016 1.0000000180025095e-35 0.94251697055727346 2027.5000000000002 0.83593146774837945 56.022613794889629 1.0350630057306958
decision_type=1 2 2 2 2 2 2 2 1 2 2 2 2 2 2 2 2 2 2 2 2 2 2
left_child=1 3 5 -1 8 7 -4 17 10 19 -2 13 -13 14 -6 -7 -8 18 -3 20 21 -10 -21
right_child=4 2 6 -5 11 15 16 -9 9 -11 -12 12 -14 -15 -16 -17 -18 -19 -20 22 -22 -23 -24
leaf_value=0.0093765672401102014 -5.7360480882689517e-05 0.0011207905616521742 -6.8319585178133754e-05 0.0015628150396361897 0.00063447312633808657 0.0006682053424315826 -0.00063897521621672504 -0.00033994029280797204 -0.00020480961254238175 0.033627561960856471 -0.00011506939177181587 -0.0010928782014152337 0.000153002637615908 2.0167470312025539e-05 -7.0729314395774626e-05 -0.00045505464618654794 -0.0023586543609360328 0.0043808257014080537 0.001937775357460514 -7.058309507154692e-05 -0.0003396866119656842 0.00052453608653889002 0.00026172713792265047
leaf_weight=43 869 117 81 29 136 53 22 29 34 20 33 70 105 257 33 53 24 61 35 1711 218 35 131
leaf_count=43 869 117 81 29 136 53 22 29 34 20 33 70 105 257 33 53 24 61 35 1711 218 35 131
internal_value=-0.00072041 0.00246858 0.001 0.0125 -0.00120153 0.0033046 -0.00531496 0.0053719 -0.001647 -0.00103057 -0.00307018 0.00103993 -0.00214286 0.00234742 0.00547337 -0.00141509 -0.0119565 0.00669014 0.00460526 -0.00123297 -0.00374564 0.00253623 -0.000841477
internal_weight=4199 547 475 72 3652 348 127 242 3051 2149 902 601 175 426 169 106 46 213 152 2129 287 69 1842
internal_count=4199 547 475 72 3652 348 127 242 3051 2149 902 601 175 426 169 106 46 213 152 2129 287 69 1842
cat_boundaries=0 1 2
cat_threshold=32 65
is_linear=0
shrinkage=0.05


Tree=101
num_leaves=24
num_cat=2
split_feature=7 0 16 4 9 9 9 0 15 14 9 9 9 2 14 14 15 5 17 14 11 15 14
split_gain=2.60026 1.65866 2.87709 1.92578 1.55141 2.14319 2.02303 1.47602 1.35073 1.34872 1.34269 1.32703 1.39518 1.24353 1.22193 1.99616 1.13751 1.05347 1.01062 1.49388 1.07703 0.978316 0.969697
threshold=2.5000000000000004 0 1.0000000180025095e-35 1.0000000180025095e-35 8827.1461165644123 394.05334507355502 638.36927651137228 1 82.822949980327493 2748.6310034342155 2519.095260331977 11438.948478213466 94.441341575564124 2034.5000000000002 11568.323244218222 15224.15924458223 37.117408138079675 1.5935673327094293 73.879583333333343 7070.3627258293573 0.3548437248808704 48.202401490959581 50842.525539355331
decision_type=2 1 2 2 2 2 2 1 2 2 2 2 2 2 2 2 2 2 2 2 2 2 2
left_child=1 2 3 10 5 -2 -7 -8 -6 -4 22 12 -5 -9 18 16 -16 -11 20 -20 -3 -12 -1
right_child=4 14 9 11 8 6 7 13 -10 17 21 -13 -14 -15 15 -17 -18 -19 19 -21 -22 -23 -24
leaf_value=-0.00029111358902145782 0.0006371994603589469 0.0003437040159484637 0.012077428598792362 -0.00016170516272592781 0.0011936897746398058 -0.0012449127350602678 0.00020954199282792951 -0.00095365610375679763 0.00022573254668729339 -7.6495766651033935e-05 0.0024528270498628576 -0.0011069477088500369 0.0012470672651462074 0.00014559167215016377 0.00047654421495324441 -4.8915313468487016e-05 -4.7493995029572884e-05 -0.00086012654055847679 -0.00017674393122271158 -0.00082988534671501329 -0.00033967622686326767 0.0029969834758559188 0.0014815277492982823
leaf_weight=33 198 35 22 21 101 21 102 62 170 1462 36 23 20 43 23 1557 20 28 32 25 65 67 33
leaf_count=33 198 35 22 21 101 21 102 62 170 1462 36 23 20 43 23 1557 20 28 32 25 65 67 33
internal_value=-0.000672779 -0.00122787 -0.000128205 0.00504292 0.00211621 0.000234742 -0.00307018 -0.00157005 0.0050738 -0.000925926 0.00784024 -0.00234375 0.00304878 -0.00543478 -0.00230617 -0.00190625 0.00872093 -0.00110738 -0.00652866 -0.0118421 -0.0035 0.0114078 0.00227273
internal_weight=4199 3502 1745 233 697 426 228 207 271 1512 169 64 41 105 1757 1600 43 1490 157 57 100 103 66
internal_count=4199 3502 1745 233 697 426 228 207 271 1512 169 64 41 105 1757 1600 43 1490 157 57 100 103 66
cat_boundaries=0 1 2
cat_threshold=180 43
is_linear=0
shrinkage=0.05


Tree=102
num_leaves=24
num_cat=1
split_feature=0 16 3 14 16 5 5 14 18 9 4 15 5 14 14 5 5 2 15 14 5 9 14
split_gain=2.5084 3.93742 2.92441 1.8967 2.08717 1.93636 2.38385 1.89493 2.332 1.87656 1.8154 1.60002 1.96648 1.83396 1.54351 1.47803 1.45582 1.35185 1.31422 1.66615 1.17462 1.17009 1.68906
threshold=0 1.0000000180025095e-35 1.0000000180025095e-35 22409.73449733204 3.485125 1.0062036727854309 0.86008392305335724 12651.849980207538 1.0000000180025095e-35 12408.557030270813 1.0000000180025095e-35 128.49217732251182 0.97864785621514683 60263.260917315893 13749.0375045001 0.97590027831923531 0.58440279015043262 2037.5000000000002 54.715796972461256 88403.490714778294 0.89919980469317551 14487.388594137918 23020.48650124203
decision_type=1 2 2 2 2 2 2 2 2 2 2 2 2 2 2 2 2 2 2 2 2 2 2
left_child=1 21 3 -3 5 6 10 8 -2 11 16 12 -4 -14 -9 -11 -5 20 -18 -20 -8 22 -1
right_child=7 2 9 4 -6 -7 17 14 -10 15 -12 -13 13 -15 -16 -17 18 -19 19 -21 -22 -23 -24
leaf_value=5.600446733203257e-05 -0.001230618636649225 0.0018247821301692058 -0.00077732182055359131 -0.0011237886916135227 -0.00041655046502157291 -0.00035264549234036993 0.004270778200955172 0.00081086629966474271 -0.00012954699106045681 -0.0003032825253476935 -0.001611099004126604 0.00075487472525997057 0.00019205379221765313 -0.00065572219252260416 -3.282759010260067e-05 -0.0011951436015886913 0.0023075843358731584 0.0060441360003321426 -0.00052079711775040733 0.0037630075949767086 0.0021097576659861923 0.00040096486676007297 0.0038477247183973939
leaf_weight=23 30 112 75 28 92 239 21 23 274 36 34 22 61 32 2787 46 29 26 26 24 52 40 67
leaf_count=23 30 112 75 28 92 239 21 23 274 36 34 22 61 32 2787 46 29 26 26 24 52 40 67
internal_value=-0.000625149 0.00143836 0.000340314 0.00208638 0.00091944 0.00224426 0.00541667 -0.00134443 -0.00509868 -0.00404412 0.00124113 -0.00131579 -0.00297619 0.00188172 -0.00094306 -0.0103659 0.00443925 0.0113636 0.00791139 0.003 0.00787671 0.00961538 0.0127778
internal_weight=4199 1085 955 683 571 479 240 3114 304 272 141 190 168 93 2810 82 107 99 79 50 73 130 90
internal_count=4199 1085 955 683 571 479 240 3114 304 272 141 190 168 93 2810 82 107 99 79 50 73 130 90
cat_boundaries=0 1
cat_threshold=36
is_linear=0
shrinkage=0.05


Tree=103
num_leaves=24
num_cat=5
split_feature=0 16 3 9 2 7 16 15 9 9 0 1 8 15 15 11 7 9 2 0 1 15 9
split_gain=2.53611 2.80739 1.98049 1.51578 1.63953 1.38141 1.20067 1.21332 1.06057 1.31963 1.4416 1.66228 1.28008 1.31686 1.1012 1.08482 1.00833 0.96708 0.901339 1.25914 1.88153 1.23183 1.13791
threshold=0 1.0000000180025095e-35 1.0000000180025095e-35 9700.6359383483159 2030.5000000000002 2.5000000000000004 3.485125 151.50986834272854 8827.1461165644123 2344.9356892516184 1 2 1.0000000180025095e-35 56.022613794889629 29.444619765755768 0.33026535812080277 1.0000000180025095e-35 10564.558614418995 2029.5000000000002 3 4 125.56580484230888 13320.461549423691
decision_type=1 2 2 2 2 2 2 2 2 2 1 1 2 2 2 2 2 2 2 1 1 2 2
left_child=1 -1 6 4 -4 18 7 -3 9 10 11 -7 -11 -14 -12 -16 -6 -10 19 20 22 -22 -2
right_child=5 2 3 -5 16 8 -8 -9 17 12 14 -13 13 -15 15 -17 -18 -19 -20 -21 21 -23 -24
leaf_value=0.0057696545770899834 0.00072137775980255783 0.0015737642610660853 0.00097097966937713116 -0.001673008847433312 -0.001379042632872707 -0.00078227115280119083 -0.00019189184221098389 -0.0044235784107918841 0.0019615878105687227 0.0004875539084256066 -0.00013321686531727884 0.00031636171120119909 -0.0016607668266953918 -0.00029317254103930078 0.00098453092972622261 0.00067114542560038908 8.8094198986343747e-05 0.00024898219084334012 -3.61408625807009e-05 -0.00013306377706269866 -0.00028168362896024746 0.00023848651340779259 -4.6377764826224468e-05
leaf_weight=72 115 276 31 42 30 59 52 20 22 28 45 53 34 38 21 75 24 226 2188 391 240 33 84
leaf_count=72 115 276 31 42 30 59 52 20 22 28 45 53 34 38 21 75 24 226 2188 391 240 33 84
internal_value=-0.000589426 0.00255835 0.00121053 -0.00413386 -0.000294118 -0.00106499 0.00316092 0.00439189 0.00112313 -0.000637394 0.00128458 -0.00286885 -0.0055 -0.00902778 0.0044702 0.0078125 -0.00555556 0.00362903 -0.00149951 -0.0028679 -0.00103734 -0.00375458 0.00263819
internal_weight=4199 547 475 127 85 3652 348 296 601 353 253 112 100 72 141 96 54 248 3051 863 472 273 199
internal_count=4199 547 475 127 85 3652 348 296 601 353 253 112 100 72 141 96 54 248 3051 863 472 273 199
cat_boundaries=0 1 2 3 4 5
cat_threshold=32 208 2 149 1
is_linear=0
shrinkage=0.05


Tree=104
num_leaves=24
num_cat=2
split_feature=0 17 14 9 3 9 2 15 14 2 2 14 7 14 14 0 5 17 2 9 14 5 9
split_gain=2.27249 2.50384 2.42002 3.24491 2.26831 1.73278 1.63294 1.37434 1.12477 1.1107 1.67491 1.21861 1.08459 1.20536 1.48608 1.4059 1.45503 1.25663 1.77057 1.19674 1.44373 1.55343 1.40533
threshold=0 1.0000000180025095e-35 29214.795635380702 1460.1975436730629 1.0000000180025095e-35 1614.1828285368777 2035.5000000000002 31.315476121026705 192076.49349927958 2037.5000000000002 2034.5000000000002 145984.69504543618 1.5000000000000002 38805.750356553144 30577.265212828435 1 1.2286516858134353 82.258750000000006 2037.5000000000002 24808.807014954698 74035.898188752253 1.0658108544522935 19420.743954411035
decision_type=1 2 2 2 2 2 2 2 2 2 2 2 2 2 2 1 2 2 2 2 2 2 2
left_child=1 -1 3 7 9 -6 -7 -3 12 10 11 -4 19 14 15 -14 -17 -15 -19 22 -21 -22 -2
right_child=8 2 4 -5 5 6 -8 -9 -10 -11 -12 -13 13 17 -16 16 -18 18 -20 20 21 -23 -24
leaf_value=0.0054811718482354835 -4.5519881629683072e-05 0.0022527752933547197 0.00015865296907779936 0.0020686959411977041 3.7360305960501551e-05 -0.00062671240074390353 -0.0024657206925956425 -0.00055648973068617158 0.00056131818151589042 0.0028243011722248416 -0.0020708181914995683 0.00246283282301783 0.00060944186580207951 0.0002068430358208147 -0.00036132195621785409 -0.00036376884694196425 0.00041129812163846345 -7.6895546196262274e-07 -0.0014858216068541917 -0.00027209062956257742 -5.6891714210963761e-07 -0.00013885214273871992 0.00041957249173316585
leaf_weight=72 1894 41 146 50 32 34 24 23 28 55 46 24 121 668 102 139 32 98 31 67 221 170 81
leaf_count=72 1894 41 146 50 32 34 24 23 28 55 46 24 121 668 102 139 32 98 31 67 221 170 81
internal_value=-0.000601334 0.00237882 0.00110526 0.00745614 -0.000900277 -0.00777778 -0.012931 0 -0.00105134 0.00138376 -0.000231481 0.00205882 -0.00113135 0.000104954 -0.00215736 -0.000342466 -0.0031768 0.00122334 -0.00329457 -0.00173654 -0.0040393 -0.00287724 -0.00120253
internal_weight=4199 547 475 114 361 90 58 64 3652 271 216 170 3624 1191 394 292 171 797 129 2433 458 391 1975
internal_count=4199 547 475 114 361 90 58 64 3652 271 216 170 3624 1191 394 292 171 797 129 2433 458 391 1975
cat_boundaries=0 1 2
cat_threshold=32 140
is_linear=0
shrinkage=0.05


Tree=105
num_leaves=24
num_cat=1
split_feature=7 9 9 9 9 6 14 15 15 14 14 1 5 18 5 5 14 15 15 16 7 9 4
split_gain=1.87936 1.11429 1.8682 2.08348 1.40433 1.10071 0.92667 1.60099 1.31594 1.06224 1.08772 0.861029 1.80989 1.50326 1.2063 1.12458 2.5175 1.11914 1.77253 1.05171 1.06575 1.05962 1.10379
threshold=2.5000000000000004 8827.1461165644123 394.05334507355502 638.36927651137228 10564.558614418995 1.5000000000000002 38805.750356553144 86.828601745182254 103.24777156469699 129024.64539963414 165735.85444741489 0 1.2677191133471377 1.0000000180025095e-35 1.5531047480642555 1.1606751215755724 107755.81798655073 98.124676241988269 112.56469782915184 1.0000000180025095e-35 1.0000000180025095e-35 1282.1821382885942 1.0000000180025095e-35
decision_type=2 2 2 2 2 2 2 2 2 2 2 1 2 2 2 2 2 2 2 2 2 2 2
left_child=11 2 5 -4 -3 -2 -6 -8 -9 -10 -11 12 13 -1 -14 17 -17 -15 -19 20 21 -13 -23
right_child=1 4 3 -5 6 -7 7 8 9 10 -12 19 14 15 -16 16 -18 18 -20 -21 -22 22 -24
leaf_value=-0.000316030720369033 0.00090695429823977605 0.002285136721940838 -0.0011841482791602673 -4.8034294659120293e-05 -9.2511616638295963e-05 -0.00026699952710901726 0.0017769216202282877 -0.00053214142112278093 0.0013476297557440148 -0.00074236858992960059 0.0020595337874350392 -0.00050941977702022962 0.00010708289816092296 -8.2956943467036264e-05 -6.3053605542676136e-05 -4.7010681764514186e-05 -0.00095305375990764824 0.00045589338480483515 -7.9301867383946215e-06 -3.4767918237658965e-05 0.00091176983000393905 3.6260919339287276e-05 0.00015811993048453748
leaf_weight=146 174 26 21 207 44 24 51 33 55 38 24 50 200 613 33 118 28 52 198 1855 103 85 21
leaf_count=146 174 26 21 207 44 24 51 33 55 38 24 50 200 613 33 118 28 52 198 1855 103 85 21
internal_value=-0.000541796 0.00182927 0.000234742 -0.00285088 0.00433579 0.00378788 0.00316327 0.00460199 0.002 0.00448718 0 -0.00101371 -0.00198127 -0.00279221 0.00203863 -0.00210605 -0.00616438 -0.00141947 0.0014 -0.00037843 0.00260618 0 0.00283019
internal_weight=4199 697 426 228 271 198 245 201 150 117 62 3502 1388 1155 233 1009 146 863 250 2114 259 156 106
internal_count=4199 697 426 228 271 198 245 201 150 117 62 3502 1388 1155 233 1009 146 863 250 2114 259 156 106
cat_boundaries=0 1
cat_threshold=2
is_linear=0
shrinkage=0.05


Tree=106
num_leaves=24
num_cat=2
split_feature=0 16 14 3 9 4 9 2 4 14 36 14 14 36 36 18 0 14 15 5 5 7 2
split_gain=2.11331 2.50384 2.0973 2.36059 2.27001 2.04027 1.73278 1.63294 1.27604 1.09718 0.974642 0.940473 1.99998 1.65245 1.96753 1.38614 1.69761 1.60401 1.41292 0.935026 0.937614 0.909887 1.06061
threshold=0 1.0000000180025095e-35 29214.795635380702 1.0000000180025095e-35 1460.1975436730629 1.0000000180025095e-35 1614.1828285368777 2035.5000000000002 1.0000000180025095e-35 192076.49349927958 5.6570637701580564 12651.849980207538 13749.0375045001 1.8573506920636429 1.0131382581980766 1.0000000180025095e-35 1 2259.3593459485278 26.740512684119718 0.86008392305335724 1.0969306560913907 2.5000000000000004 2033.5000000000002
decision_type=1 2 2 2 2 2 2 2 2 2 2 2 2 2 2 2 1 2 2 2 2 2 2
left_child=1 5 4 21 8 -1 -5 -8 -3 10 11 13 -13 14 15 -2 18 -18 -17 -20 -21 -4 -23
right_child=9 2 3 6 -6 -7 7 -9 -10 -11 -12 12 -14 -15 -16 16 17 -19 19 20 -22 22 -24
leaf_value=0.0081734870937406508 -0.0011756454077157252 0.002099761957743329 2.7802047662961461e-05 2.6168879629034916e-05 0.0019682042656804372 0.00065253904253829162 -0.00058187499051017976 -0.0023529627946300385 -0.00070390505121406413 0.00051265233857077997 0.0016838372384484401 0.00083408717456504651 -3.1314047623231088e-05 -0.00099330415830702523 0.00092098682360329672 -0.0005546553267323515 0.033936895342264552 -4.0110300254193186e-05 0.00039159020320860758 -0.0011810749735879458 -1.5633187631495377e-05 -5.7784412384609413e-05 0.0066870116506001775
leaf_weight=43 31 40 229 32 50 29 34 24 24 28 20 28 3231 20 20 46 22 131 21 23 31 20 22
leaf_count=43 31 40 229 32 50 29 34 24 24 28 20 28 3231 20 20 46 22 131 21 23 31 20 22
internal_value=-0.000494165 0.00237882 0.00110526 -0.000761773 0.00701754 0.0111111 -0.00777778 -0.012931 0.00078125 -0.000928454 -0.00100717 -0.00106826 -0.000805462 -0.00355072 -0.00269231 -0.00368852 -0.00255474 0.00107362 -0.00667939 -0.003 -0.00648148 0.00156827 0.00833333
internal_weight=4199 547 475 361 114 72 90 58 64 3652 3624 3604 3259 345 325 305 274 153 121 75 54 271 42
internal_count=4199 547 475 361 114 72 90 58 64 3652 3624 3604 3259 345 325 305 274 153 121 75 54 271 42
cat_boundaries=0 1 2
cat_threshold=32 67
is_linear=0
shrinkage=0.05


Tree=107
num_leaves=24
num_cat=2
split_feature=7 0 11 9 4 9 36 2 2 15 9 14 14 14 14 15 2 9 15 5 9 9 1
split_gain=1.67702 1.26061 1.6127 1.57132 1.5343 1.60236 1.44284 1.10613 1.44797 2.51429 1.53474 1.42813 1.419 1.06838 0.946621 1.45571 0.972986 0.92325 1.2873 0.906128 1.37 0.964286 0.93802
threshold=2.5000000000000004 0 0.81413792978997579 9279.7353801234076 1.0000000180025095e-35 11537.193013450045 0.68906349509099496 2026.5000000000002 2036.5000000000002 84.451189777756809 417.8489442808596 34911.559038450992 53652.580284121846 47855.606384751161 46697.539181274136 93.947874581071915 2033.5000000000002 18182.084045882915 135.4327625519401 1.2026241249255898 7833.532896451964 1951.9077964825849 1
decision_type=2 1 2 2 2 2 2 2 2 2 2 2 2 2 2 2 2 2 2 2 2 2 1
left_child=-1 2 19 6 5 -5 7 -3 10 -10 12 -12 -9 -13 -7 -16 -17 -6 -19 20 21 -2 -22
right_child=1 3 -4 4 17 14 -8 8 9 -11 11 13 -14 -15 15 16 -18 18 -20 -21 22 -23 -24
leaf_value=-3.4105838817119286e-05 0.00043591655714609326 -0.0019683688492807064 0.0018180193910773967 0.0035776011199307825 -0.00022255213949563398 -6.1956634974432573e-05 0.0019364856822539564 0.001643855171778802 -0.0016561349535336542 0.00039068135771251904 -0.00035867302983557672 0.00052188617291607647 -5.4595364289376783e-05 -0.00012124925041134688 0.00077083312426322196 0.0012688254682804323 -0.00034377219804308107 0.00057888397337713809 -0.00053082011576920801 0.0020615954328267517 7.0758303730149297e-05 -0.0014723696182609187 0.0027619957619020863
leaf_weight=3502 27 22 56 20 26 24 21 39 45 21 35 20 51 45 22 37 30 26 22 25 24 36 23
leaf_count=3502 27 22 56 20 26 24 21 39 45 21 35 20 51 45 22 37 30 26 22 25 24 36 23
internal_value=-0.000482258 0.00175753 0.0050995 0.000387597 0.00374396 0.00695489 -0.00192308 -0.0028777 -0.00195312 -0.00833333 0.000263158 -0.004 0.005 0.000384615 0.00464602 0.00702247 0.00335821 -0.00202703 0.00208333 0.00240741 0.000454545 -0.00436508 0.00691489
internal_weight=4199 697 191 506 207 133 299 278 256 66 190 100 90 65 113 89 67 74 48 135 110 63 47
internal_count=4199 697 191 506 207 133 299 278 256 66 190 100 90 65 113 89 67 74 48 135 110 63 47
cat_boundaries=0 1 2
cat_threshold=36 1
is_linear=0
shrinkage=0.05


Tree=108
num_leaves=24
num_cat=2
split_feature=0 16 3 9 4 14 7 14 14 18 0 14 15 36 11 36 9 14 14 14 3 15 2
split_gain=1.53299 2.36888 2.49552 2.02 1.77316 1.08805 1.0315 0.999954 1.47041 1.42514 1.53293 4.00253 1.69312 1.23409 1.64385 1.28143 1.39619 1.23328 1.3448 1.19138 1.80188 1.26957 1.19093
threshold=0 1.0000000180025095e-35 1.0000000180025095e-35 9700.6359383483159 1.0000000180025095e-35 192076.49349927958 2.5000000000000004 12651.849980207538 13749.0375045001 1.0000000180025095e-35 1 2259.3593459485278 25.656833035084436 1.0131382581980766 0.86689825986121161 0.21511661906248489 1234.5197469367079 9214.638144696979 3894.1625930649102 4438.7952389056163 1.0000000180025095e-35 38.355267274579568 2032.5000000000002
decision_type=1 2 2 2 2 2 2 2 2 2 1 2 2 2 2 2 2 2 2 2 2 2 2
left_child=1 4 6 -4 -1 7 -3 9 -9 -2 11 -11 -12 15 22 -10 -17 18 -14 -13 21 -21 -15
right_child=5 2 3 -5 -6 -7 -8 8 13 10 12 19 17 14 -16 16 -18 -19 -20 20 -22 -23 -24
leaf_value=0.0077665180309944744 -0.0011053641823338346 0.00033683073888018944 -9.9759648798708475e-05 -0.0014352329452469144 0.00052901112085750328 0.00047810533366985709 0.0033438981533136848 0.00079408810777765017 -2.8055935647884916e-05 0.036841529611329506 -0.00031737081725177947 -0.0030806924095638289 -0.00049156593316186106 0.00062166767052085348 -0.00034036330444740782 -9.783860597925299e-05 -0.0011471820546631506 -0.0005195459826336338 0.00037756310128241255 0.0015402752749548887 -0.00084904933504950447 -0.00073477635760348385 0.001181069058404517
leaf_weight=43 34 289 85 42 29 28 59 28 3106 20 84 23 23 28 27 40 22 32 50 41 22 20 24
leaf_count=43 34 289 85 42 29 28 59 28 3106 20 84 23 23 28 27 40 22 32 50 41 22 20 24
internal_value=-0.00051798 0.00192998 0.000684211 -0.00531496 0.0104167 -0.000887493 0.00287356 -0.000965784 -0.000694656 -0.00351003 -0.00246032 0.00183824 -0.00515075 -0.00079304 0.00537975 -0.00094697 -0.00806452 -0.00119048 0.00239726 -0.00188679 0.000903614 0.00532787 0.0105769
internal_weight=4199 547 475 127 72 3652 348 3624 3275 349 315 126 189 3247 79 3168 62 105 73 106 83 61 52
internal_count=4199 547 475 127 72 3652 348 3624 3275 349 315 126 189 3247 79 3168 62 105 73 106 83 61 52
cat_boundaries=0 1 2
cat_threshold=32 140
is_linear=0
shrinkage=0.05


Tree=109
num_leaves=24
num_cat=1
split_feature=0 16 3 4 9 4 7 16 15 2 7 15 15 36 36 36 5 5 5 5 2 15 5
split_gain=1.43124 2.36888 2.17872 1.77316 1.67711 1.04755 1.33746 0.883507 1.01897 0.831654 0.778704 0.754367 0.752757 0.694549 2.32003 1.63706 1.7682 1.13564 1.08645 1.16851 1.30703 2.18569 2.00647
threshold=0 1.0000000180025095e-35 1.0000000180025095e-35 1.0000000180025095e-35 9700.6359383483159 1.0000000180025095e-35 2.5000000000000004 3.485125 139.82270853467313 2030.5000000000002 1.0000000180025095e-35 201.16158502425318 123.43901836151963 1.0131382581980766 1.76596611962788 0.16544514847797356 0.89919980469317551 1.1057560744425055 0.92432712047662835 0.94147667905431387 2034.5000000000002 23.522357577268313 0.95604214863564396
decision_type=1 2 2 2 2 2 2 2 2 2 2 2 2 2 2 2 2 2 2 2 2 2 2
left_child=1 3 5 -1 9 6 7 8 -3 -4 -11 13 -7 15 -15 18 -17 -18 -2 -20 -21 -22 -23
right_child=11 2 4 -5 -6 12 -8 -9 -10 10 -12 -13 -14 14 -16 16 17 -19 19 20 21 22 -24
leaf_value=0.0073781921294447496 7.2849273234032457e-06 0.0017244975656794837 0.00092768589692147636 0.00050256056481462474 -0.0013634712979845684 -0.00056306953099983235 0.0070203553645129257 -0.00021826382087221098 -0.0011023322358958976 -0.0011757484033422085 9.0149425680960404e-05 0.00040864941454553621 0.00051634146989544278 0.00093094248435185434 -0.00017244242823993069 -0.0010542363163382699 0.00041465360171161978 -0.00073238050182956025 -0.00039990807893302009 -8.5802853494774749e-05 -0.00069321805998545324 0.0011373334004146345 6.9392396703092531e-06
leaf_weight=43 1319 149 31 29 42 84 38 32 23 30 24 26 22 43 81 38 28 33 87 1182 64 22 729
leaf_count=43 1319 149 31 29 42 84 38 32 23 30 24 26 22 43 81 38 28 33 87 1182 64 22 729
internal_value=-0.000434627 0.00192998 0.000684211 0.0104167 -0.00492126 0.00272989 0.00454545 0.00294118 0.00436047 -0.000882353 -0.00462963 -0.000791917 -0.00141509 -0.000854937 0.00282258 -0.000985151 -0.00732323 -0.00204918 -0.000800764 -0.00151152 -0.0012644 0.000276074 0.00103196
internal_weight=4199 547 475 72 127 348 242 204 172 85 54 3652 106 3626 124 3502 99 61 3403 2084 1997 815 751
internal_count=4199 547 475 72 127 348 242 204 172 85 54 3652 106 3626 124 3502 99 61 3403 2084 1997 815 751
cat_boundaries=0 1
cat_threshold=32
is_linear=0
shrinkage=0.05


Tree=110
num_leaves=24
num_cat=1
split_feature=0 16 3 4 9 7 2 7 2 11 10 15 15 5 15 9 36 36 36 5 2 15 3
split_gain=1.1955 2.09075 2.09767 1.52477 1.267 1.2085 1.19364 1.13225 0.932282 0.803231 1.18197 0.732222 1.03007 1.68807 1.56961 1.01611 0.957342 1.95822 1.0398 1.34227 0.864294 1.01743 0.970523
threshold=0 1.0000000180025095e-35 1.0000000180025095e-35 1.0000000180025095e-35 15565.808732800955 1.0000000180025095e-35 2032.5000000000002 2.5000000000000004 2033.5000000000002 1.0365176943378989 1.5000000000000002 23.522357577268313 20.926395294179958 0.79218722710116374 12.915267047521494 2830.8216475947265 1.0618412460921707 1.8573506920636429 0.095446854635890685 0.94147667905431387 2026.5000000000002 24.371585625584189 1.0000000180025095e-35
decision_type=1 2 2 2 2 2 2 2 2 2 2 2 2 2 2 2 2 2 2 2 2 2 2
left_child=1 3 7 -1 5 6 -4 9 -9 10 -3 12 13 14 -2 -14 18 -18 20 -20 22 -22 -13
right_child=11 2 4 -5 -6 -7 -8 8 -10 -11 -12 16 15 -15 -16 -17 17 -19 19 -21 21 -23 -24
leaf_value=0.0070092825229725103 -8.8721631369094545e-05 0.0003915258692016366 8.4656861476878342e-05 0.00047743253657389628 -0.0016173693006173995 9.8695950280996988e-05 -0.0018020347974832291 0.0019398124212395952 0.0051671418987693785 0.0014979977196301843 -0.00039249176137116649 -0.00031851230017228776 -0.00024938912634546315 -0.00026916679537484698 0.001642124838994127 -0.0010213360027328062 0.0012026692716519518 -0.0001747474443893665 -0.00096285065921588523 3.1212158038862122e-06 0.00058257105378016483 -1.201197177285244e-05 3.2012122531567539e-06
leaf_weight=43 38 226 23 29 31 45 28 32 27 21 42 146 33 233 28 21 21 23 35 38 21 2951 64
leaf_count=43 38 226 23 29 31 45 28 32 27 21 42 146 33 233 28 21 21 23 35 38 21 2951 64
internal_value=-0.000410812 0.00175045 0.000578947 0.00972222 -0.00492126 -0.00208333 -0.00735294 0.00258621 0.00889831 0.00129758 0.000559701 -0.000737302 -0.00290368 -0.00175585 0.00530303 -0.00925926 -0.00050773 0.00681818 -0.000606759 -0.00650685 -0.000471402 -0.000252355 -0.00357143
internal_weight=4199 547 475 72 127 96 51 348 59 289 268 3652 353 299 66 54 3299 44 3255 73 3182 2972 210
internal_count=4199 547 475 72 127 96 51 348 59 289 268 3652 353 299 66 54 3299 44 3255 73 3182 2972 210
cat_boundaries=0 1
cat_threshold=32
is_linear=0
shrinkage=0.05


Tree=111
num_leaves=24
num_cat=2
split_feature=0 4 16 7 14 5 15 5 15 5 36 15 5 0 5 14 7 8 11 14 36 36 36
split_gain=1.44003 2.07069 2.58589 1.84582 1.11057 1.03567 1.53171 1.23812 1.0571 1.03896 0.92302 1.04137 1.01069 1.11597 1.17696 1.00995 0.990476 0.96625 0.939657 1.13367 0.862781 2.14077 1.04522
threshold=0 1.0000000180025095e-35 1.0000000180025095e-35 2.5000000000000004 39316.05765398981 1.1246321737264284 51.145275047828697 1.2716120369759094 76.866571170776012 0.8683379809646673 5.6570637701580564 23.522357577268313 0.82102913517071141 1 1.0062036727854309 25894.196276986095 1.0000000180025095e-35 1.0000000180025095e-35 1.008575700215985 24206.200751287004 1.0618412460921707 1.8573506920636429 0.095446854635890685
decision_type=1 2 2 2 2 2 2 2 2 2 2 2 2 1 2 2 2 2 2 2 2 2 2
left_child=1 2 -1 4 -4 6 9 -7 -8 -3 11 12 18 17 -15 16 -16 -14 19 -2 22 -22 -13
right_child=10 5 3 -5 -6 7 8 -9 -10 -11 -12 20 13 14 15 -17 -18 -19 -20 -21 21 -23 -24
leaf_value=0.0066588183968238849 0.00080352814433127823 -0.0026128786668787821 0.0010087560066503966 0.0035823498595989878 -0.00013051175772613722 -0.0025379638683382002 0.0028221036004944747 -0.0002455309371995784 1.6515225306690253e-05 -1.8003702518226694e-05 0.0016163985204957765 -1.6073708258760834e-05 0.00049398067241235852 -0.00011923731227912688 -0.00051274410821369775 -0.00024783149472188407 -0.00085898274842569522 -0.001330424867613514 -0.0010489808089013141 -0.0002773815123606173 0.0011425358080693533 -0.0002359978588817354 -0.00037080401588626688
leaf_weight=43 39 20 90 54 185 27 20 29 44 35 20 3182 82 40 35 31 30 28 23 28 21 20 73
leaf_count=43 39 20 90 54 185 27 20 29 44 35 20 3182 82 40 35 31 30 28 23 28 21 20 73
internal_value=-0.000351274 0.00201975 0.00416667 0.00265957 0.001 -0.00242857 0.000210084 -0.00803571 0.00546875 -0.00590909 -0.000709995 -0.000770925 -0.00342262 -0.0050813 -0.00787671 -0.0114583 -0.015 -0.000833333 0.00111111 0.00410448 -0.000500607 0.00670732 -0.000591398
internal_weight=4199 547 372 329 275 175 119 56 64 55 3652 3632 336 246 136 96 65 110 90 67 3296 41 3255
internal_count=4199 547 372 329 275 175 119 56 64 55 3652 3632 336 246 136 96 65 110 90 67 3296 41 3255
cat_boundaries=0 1 2
cat_threshold=32 140
is_linear=0
shrinkage=0.05


Tree=112
num_leaves=24
num_cat=3
split_feature=0 16 3 4 9 4 7 7 2 16 15 15 15 15 9 36 36 36 1 2 2 16 0
split_gain=1.06083 2.13917 2.01814 1.52477 1.22417 0.907338 1.46888 0.80693 1.09184 0.773612 0.901597 0.752757 0.674618 1.0765 1.01611 0.945496 1.95822 1.03398 0.839709 1.42927 1.10451 0.608721 1.11204
threshold=0 1.0000000180025095e-35 1.0000000180025095e-35 1.0000000180025095e-35 9700.6359383483159 1.0000000180025095e-35 2.5000000000000004 1.0000000180025095e-35 2032.5000000000002 3.485125 139.82270853467313 123.43901836151963 23.522357577268313 20.926395294179958 2830.8216475947265 1.0618412460921707 1.8573506920636429 0.52234782430802784 1 2030.5000000000002 2036.5000000000002 1.756416666666667 2
decision_type=1 2 2 2 2 2 2 2 2 2 2 2 2 2 2 2 2 2 1 2 2 2 1
left_child=1 3 5 -1 7 6 9 8 -4 10 -3 -7 13 18 -15 17 -17 21 19 -2 -20 -14 -23
right_child=12 2 4 -5 -6 11 -8 -9 -10 -11 -12 -13 15 14 -16 16 -18 -19 20 -21 -22 22 -24
leaf_value=0.0063258774769826892 -0.0020643188758394655 0.0015682585936029226 0.00012955654715370856 0.0004544610948711059 -0.0011761990715122754 -0.00053696593681400455 0.006312546245307105 0.00016658382186190702 -0.00097537120030834483 -0.00022454721660083445 -0.0010602663296748749 0.00043796633193696758 -1.7048575185297372e-06 -0.00022113608816628304 -0.00101044560981273 0.0010854090176658866 -0.00015421017922581141 -0.0013908132233954153 0.00031125267170185048 -3.6304376837504659e-05 -0.00047227241554978467 -0.00013162748099641394 -1.1053113376048998e-05
leaf_weight=43 32 149 22 29 42 84 38 38 25 32 23 22 2249 33 21 21 23 22 143 65 59 304 680
leaf_count=43 32 149 22 29 42 84 38 38 25 32 23 22 2249 33 21 21 23 22 143 65 59 304 680
internal_value=-0.000375089 0.00166068 0.000473684 0.00972222 -0.00492126 0.00244253 0.00413223 -0.00147059 -0.00585106 0.00245098 0.00377907 -0.00141509 -0.000682687 -0.00276204 -0.00925926 -0.000462261 0.00681818 -0.000560676 -0.00158863 -0.00541237 0.000247525 -0.000487164 -0.00152439
internal_weight=4199 547 475 72 127 348 242 85 47 204 172 106 3652 353 54 3299 44 3255 299 97 202 3233 984
internal_count=4199 547 475 72 127 348 242 85 47 204 172 106 3652 353 54 3299 44 3255 299 97 202 3233 984
cat_boundaries=0 1 2 3
cat_threshold=32 2 5
is_linear=0
shrinkage=0.05


Tree=113
num_leaves=24
num_cat=3
split_feature=0 16 7 2 4 14 17 5 5 6 1 15 14 5 2 14 9 14 5 19 1 5 9
split_gain=0.957444 2.18814 1.69389 1.54539 1.52477 1.39945 1.53531 1.12004 1.42087 1.22201 1.05911 0.941775 1.85126 0.972328 0.887117 0.686678 0.654183 0.648214 0.606497 1.03704 1.36265 1.35187 1.23555
threshold=0 1.0000000180025095e-35 1.5000000000000002 2034.5000000000002 1.0000000180025095e-35 100951.93210146495 73.879583333333343 1.1057560744425055 0.79910182006429553 1.0000000180025095e-35 1 125.09059454364927 92463.070426911567 1.1943901211755916 2030.5000000000002 192076.49349927958 1614.1828285368777 40285.991570939485 0.56444565938134728 1.0000000180025095e-35 2 0.52541672543949758 6361.1228677896806
decision_type=1 2 2 2 2 2 2 2 2 2 1 2 2 2 2 2 2 2 2 2 1 2 2
left_child=1 4 3 11 -1 6 16 8 -4 -10 -9 12 13 14 -3 18 -5 -8 19 -2 22 -22 -21
right_child=15 2 7 5 -6 -7 17 10 9 -11 -12 -13 -14 -15 -16 -17 -18 -19 -20 20 21 -23 -24
leaf_value=0.0060095836031335559 0.00024842324837701059 -0.00032064687349040447 -0.00019721425987078713 -0.00032366338913097925 0.00043173804012754948 -0.0030946877114342744 0.001903889370188 0.0010102401614455081 0.00063943621246921882 0.003289773565306936 -0.0013507926885940047 0.00094300095598131022 -0.0028691004165638358 0.0017000555903242233 0.00032645393760917242 0.00043033084344869124 -0.0026335845563881023 -0.0017234686491411329 -3.3442896175138103e-05 0.00093042241330200295 -0.00046958573039460467 0.00059359856980862366 -3.2971478713103046e-05
leaf_weight=43 48 54 30 21 29 31 20 20 30 46 31 43 20 36 43 28 22 28 3408 32 69 26 41
leaf_count=43 48 54 30 21 29 31 20 20 30 46 31 43 20 36 43 28 22 28 3408 32 69 26 41
internal_value=-0.000363182 0.00157092 0.000368421 -0.00172956 0.00972222 -0.00614754 -0.00302198 0.00461783 0.00754717 0.0111842 -0.00147059 0.00102041 -0.000816993 0.00131579 -0.00128866 -0.00065538 -0.00988372 0.003125 -0.000717439 0.00185185 0 -0.00394737 0.00513699
internal_weight=4199 547 475 318 72 122 91 157 106 76 51 196 153 133 97 3652 43 48 3624 216 168 95 73
internal_count=4199 547 475 318 72 122 91 157 106 76 51 196 153 133 97 3652 43 48 3624 216 168 95 73
cat_boundaries=0 1 2 3
cat_threshold=32 2 1
is_linear=0
shrinkage=0.05


Tree=114
num_leaves=24
num_cat=3
split_feature=0 16 3 2 4 15 4 7 16 15 15 5 15 5 5 0 15 15 0 9 17 5 2
split_gain=1.09326 2.09075 2.09767 1.60916 1.52477 1.3005 0.976185 1.4024 0.827648 0.959385 0.752757 0.702854 0.571743 0.940804 1.13741 1.83748 1.77088 1.28243 1.2605 1.40796 1.97885 1.37085 1.25174
threshold=0 1.0000000180025095e-35 1.0000000180025095e-35 2032.5000000000002 1.0000000180025095e-35 58.083230587519203 1.0000000180025095e-35 2.5000000000000004 3.485125 139.82270853467313 123.43901836151963 0.95989162001894435 25.012291305676673 0.42540951297941754 1.0894399391156535 1 10.561263651809165 20.926395294179958 2 2979.748264792906 74.884166666666673 1.3834267317466862 2039.5000000000002
decision_type=1 2 2 2 2 2 2 2 2 2 2 2 2 2 2 1 2 2 1 2 2 2 2
left_child=1 4 6 11 -1 -5 7 8 9 -3 -8 -4 13 -2 15 -15 -17 -18 19 -16 -21 -20 -19
right_child=12 2 3 5 -6 -7 10 -9 -10 -11 -12 -13 -14 14 18 16 17 22 21 20 -22 -23 -24
leaf_value=0.0057091044229768797 -0.00069651821734203741 0.0016159138473784474 -0.00031852404935920345 -0.00022390509720300323 0.00041015113812117312 -0.00044217565342522528 -0.00052117318878827092 0.0059556770236938788 -0.00023331432377455275 -0.0010392248238145997 0.00042626280865544209 0.00051280922883495123 -8.7093003101611305e-06 0.00034664218785596996 -0.00029374254533093839 -0.00055962776605552027 0.00034744907457311195 -0.00019107866750276881 -0.00057109416572322677 0.0022765878017244113 -0.0006033448533417187 1.9458877824372829e-05 0.00025731356304868613
leaf_weight=43 20 149 23 41 29 29 84 38 32 23 22 34 2827 140 79 36 83 184 158 30 26 39 30
leaf_count=43 20 149 23 41 29 29 84 38 32 23 22 34 2827 140 79 36 83 184 158 30 26 39 30
internal_value=-0.000315551 0.00175045 0.000578947 -0.00492126 0.00972222 -0.01 0.00258621 0.00433884 0.00269608 0.00406977 -0.00141509 0.00131579 -0.000628072 -0.00178788 -0.00152174 5.28541e-05 -0.00196793 -0.000757576 -0.00376506 0.000172414 0.00625 -0.00615942 -0.00280374
internal_weight=4199 547 475 127 72 70 348 242 204 172 106 57 3652 825 805 473 333 297 332 135 56 197 214
internal_count=4199 547 475 127 72 70 348 242 204 172 106 57 3652 825 805 473 333 297 332 135 56 197 214
cat_boundaries=0 1 2 3
cat_threshold=32 24 133
is_linear=0
shrinkage=0.05


Tree=115
num_leaves=24
num_cat=1
split_feature=12 14 15 19 11 11 14 5 8 16 15 11 15 5 14 2 16 5 16 0 5 10 2
split_gain=0.836902 1.28444 0.935883 0.838862 0.823587 0.739456 2.9952 1.54333 1.76433 1.68104 1.31868 1.31073 1.08844 0.988672 1.37344 1.83787 1.83477 1.69921 1.80389 1.99752 1.27331 1.1211 0.966588
threshold=1.0000000180025095e-35 10511.49437431208 10.561263651809165 1.0000000180025095e-35 0.21267961278353706 1.0350630057306958 102507.31091913018 1.0444469704850843 1.0000000180025095e-35 3.485125 79.819688539781865 1.0206871662258015 46.442013793119592 0.92432712047662835 18016.10850161799 2035.5000000000002 1.4758333333333338 0.75606233012901958 1.756416666666667 0 0.94147667905431387 1.5000000000000002 2039.5000000000002
decision_type=2 2 2 2 2 2 2 2 2 2 2 2 2 2 2 2 2 2 2 1 2 2 2
left_child=1 2 -1 -4 -2 11 7 8 10 -9 12 13 -7 14 16 17 -3 -16 19 -19 -15 -20 -22
right_child=4 5 3 -5 -6 6 -8 9 -10 -11 -12 -13 -14 20 15 -17 -18 18 21 -21 22 -23 -24
leaf_value=-0.0010076885946849975 0.012367732858427275 -4.5118249905706098e-05 -0.0015233357713487833 -8.7173084984624969e-05 0.00078575920888709558 -0.00012244253473636991 0.0010119854467946104 0.00072103217423776346 0.0014793500320386178 -0.0001671226846483491 -0.001166109016363034 -0.00076189618440053594 0.0002689224015336819 -0.00029565347671164867 -1.1821793404437228e-05 -0.0001030953581272532 0.00091265237897023845 0.00010333256212337605 -9.8520915967575265e-05 0.00099113684091445275 -3.8645377645762928e-05 0.00056569165973342111 0.00014162260015757253
leaf_weight=22 27 26 23 221 30 49 28 75 37 28 21 26 21 88 445 409 55 126 115 177 1983 20 147
leaf_count=22 27 26 23 221 30 49 28 75 37 28 21 26 21 88 445 409 55 126 115 177 1983 20 147
internal_value=-0.000315551 -0.000398358 -0.0037594 -0.00286885 0.00570175 -0.000167699 0.00241313 0.000541126 -0.003125 0.00509709 -0.00686813 -0.000352502 -0.00357143 -0.000271512 0.000782957 0.000386997 0.00709877 0.00167044 0.00388128 0.0060231 -0.000924256 -0.000925926 -0.000680751
internal_weight=4199 4142 266 244 57 3876 259 231 128 103 91 3617 70 3591 1373 1292 81 883 438 303 2218 135 2130
internal_count=4199 4142 266 244 57 3876 259 231 128 103 91 3617 70 3591 1373 1292 81 883 438 303 2218 135 2130
cat_boundaries=0 1
cat_threshold=152
is_linear=0
shrinkage=0.05


Tree=116
num_leaves=24
num_cat=3
split_feature=6 15 0 11 2 2 1 5 0 15 2 2 5 16 5 9 5 15 14 9 9 9 5
split_gain=0.894147 1.97069 1.55307 2.24005 1.6894 1.41922 1.32016 1.60695 1.3286 2.11621 1.72115 3.28451 1.57893 1.78547 1.9931 1.25786 1.25074 1.79095 1.19377 1.18078 1.41051 1.16667 1.14266
threshold=1.0000000180025095e-35 23.522357577268313 0 1.0795095145172515 2026.5000000000002 2039.5000000000002 1 1.2677191133471377 2 60.810578974456057 2038.5000000000002 2035.5000000000002 0.89919980469317551 2.1729166666666671 0.95989162001894435 1796.9841325213447 1.3429576197623241 35.307879697838281 92463.070426911567 22904.713871883414 3923.3204996074787 52322.234916612608 1.012892594377331
decision_type=2 2 1 2 2 2 1 2 1 2 2 2 2 2 2 2 2 2 2 2 2 2 2
left_child=6 15 19 4 -4 -6 7 8 9 -1 11 -11 -10 22 -15 -2 17 -9 -16 20 -3 -21 -14
right_child=1 2 3 -5 5 -7 -8 16 12 10 -12 -13 13 14 18 -17 -18 -19 -20 21 -22 -23 -24
leaf_value=-0.00041414066031984033 -0.0002007597700842058 -0.00018991940526043446 -0.00033277257455585076 0.0014993340739810207 0.00031190527511691852 0.0024932684915212333 6.3910107343350715e-06 -0.00038405755104486543 2.8315340244998147e-05 -2.9478400998044995e-05 -0.00074947959593509668 0.00153554179147559 0.00024087427385641094 -0.0010082660928831145 -1.9240758454527379e-05 -0.0015027307574932314 -4.494017310945481e-05 0.00072432020398624758 -0.00046265484594207649 -0.0013285693332637989 0.00020229403979658695 -4.529373029581313e-05 -0.00016679730634049618
leaf_weight=146 48 76 33 30 436 31 2078 20 369 99 20 25 106 29 66 23 155 49 50 21 45 21 223
leaf_count=146 48 76 33 30 436 31 2078 20 369 99 20 25 106 29 66 23 155 49 50 21 45 21 223
internal_value=-0.000303644 0.00124346 0.00205628 0.00333333 0.0026 0.00337259 -0.000647744 -0.00186072 -0.00262577 -0.0055 -0.00138889 0.000806452 -0.00155334 -0.00348101 -0.00810345 -0.00669014 0.00200893 0.0076087 -0.00517241 -0.00216763 0.000206612 -0.00952381 -0.00144377
internal_weight=4199 764 693 530 500 467 3435 1357 1133 290 144 124 843 474 145 71 224 69 116 163 121 42 329
internal_count=4199 764 693 530 500 467 3435 1357 1133 290 144 124 843 474 145 71 224 69 116 163 121 42 329
cat_boundaries=0 1 2 3
cat_threshold=80 2 129
is_linear=0
shrinkage=0.05


Tree=117
num_leaves=24
num_cat=2
split_feature=0 12 16 14 12 14 14 5 14 14 11 2 5 5 11 3 9 1 11 5 14 15 15
split_gain=0.946453 5.56384 1.88634 1.84706 1.26731 1.10352 2.10286 2.38622 1.17401 1.09871 1.25928 4.25237 1.09749 1.12901 0.976669 0.915811 1.15257 0.952529 0.980536 1.14902 0.949911 1.28296 1.28658
threshold=0 1.0000000180025095e-35 1.0000000180025095e-35 12651.849980207538 1.0000000180025095e-35 63649.747117273306 50285.261145257195 0.7681049980012834 85397.114327618969 4438.7952389056163 1.0350630057306958 2027.5000000000002 1.0596748834202809 0.79218722710116374 0.82379786781355269 1.0000000180025095e-35 68216.770672454659 1 1.0542090293013262 1.4590833241574643 121568.2744900103 56.022613794889629 31.635187667559883
decision_type=1 2 2 2 2 2 2 2 2 2 2 2 2 2 2 2 2 1 2 2 2 2 2
left_child=4 2 3 -2 15 6 7 -5 -7 -4 -11 -12 13 -13 -9 17 20 -1 19 -19 21 22 -17
right_child=1 -3 9 5 -6 8 -8 14 -10 10 11 12 -14 -15 -16 16 -18 18 -20 -21 -22 -23 -24
leaf_value=-0.00013774207596974766 -0.0011192880178943802 0.025711981781903127 -0.0020208451576686215 0.0025867302184200028 -0.0016894033056710238 -0.00090449839093876953 0.0019841989238400747 0.00064912116715766109 0.00065697786901253239 -3.5738992872835776e-05 -0.00053273220423563758 0.00060345379551222553 0.001186217464992473 -4.2055957978279213e-05 -0.00029439999376028596 3.2875862559101204e-05 0.0005007683819845878 -2.853438235264935e-05 0.00074457519869759465 -0.00074177663681637836 -0.00010525064222620217 3.062748790724121e-05 -7.0862172597481026e-05
leaf_weight=428 21 30 35 21 27 39 25 65 118 2077 25 30 51 53 29 104 20 609 25 31 66 189 81
leaf_count=428 21 30 35 21 27 39 25 65 118 2077 25 30 51 53 29 104 20 609 25 31 66 189 81
internal_value=-0.000327459 0.000256752 9.65624e-06 0.00361635 -0.00128931 0.00462963 0.00785714 0.005 0.00175159 -0.000495376 -0.000357782 0.00393082 0.00746269 0.00391566 0.00159574 -0.00111075 0.00076087 -0.00189844 -0.000714286 -0.00109375 0.000227273 0.00120321 -0.00175676
internal_weight=4199 2619 2589 318 1580 297 140 115 157 2271 2236 159 134 83 94 1553 460 1093 665 640 440 374 185
internal_count=4199 2619 2589 318 1580 297 140 115 157 2271 2236 159 134 83 94 1553 460 1093 665 640 440 374 185
cat_boundaries=0 1 2
cat_threshold=73 2
is_linear=0
shrinkage=0.05


Tree=118
num_leaves=24
num_cat=2
split_feature=0 12 14 5 14 5 9 9 14 14 14 16 9 1 11 9 14 2 2 15 9 14 5
split_gain=0.760082 4.31317 1.19432 1.19359 2.35146 2.25544 1.49676 2.4438 1.46312 1.28001 1.26022 1.18519 1.09264 1.01677 1.30135 1.24882 1.00654 0.992256 2.01423 2.36951 1.60942 2.44763 1.66401
threshold=0 1.0000000180025095e-35 3894.1625930649102 0.89919980469317551 150172.94543602769 0.83891891611053782 5495.5914103797186 2706.07962273466 56776.803500960617 18480.883197255494 86445.366152121409 1.756416666666667 59042.392820585526 1 1.0605933521573137 45704.666569407585 10511.49437431208 2037.5000000000002 2035.5000000000002 138.28563907384995 1576.3889885512183 44350.856459673661 1.3661093842275072
decision_type=1 2 2 2 2 2 2 2 2 2 2 2 2 1 2 2 2 2 2 2 2 2 2
left_child=1 3 11 4 5 6 7 8 16 -8 -10 -2 -6 -4 15 -15 -1 18 -5 -20 -19 -22 -23
right_child=2 -3 13 17 12 -7 9 -9 10 -11 -12 -13 -14 14 -16 -17 -18 20 19 -21 21 22 -24
leaf_value=-0.00086477525339549277 -0.00041423770282477822 0.017357293286128551 -6.310258123403095e-05 -2.535768438410302e-05 0.0014420897030583025 0.00079052723462417487 0.0015351003148196174 -0.0014011178192100029 -0.00099501400358530958 2.9007529750661949e-05 -0.0001000544314700964 -0.0023996172337587343 0.00026602838854423197 -3.2056282988181986e-05 0.00058657540708336635 0.00018904571701742849 0.00037718531794621036 0.0006092014699292281 -0.00029066476959667273 -0.0020241253809507032 -0.00056240891575127377 7.1134376652204692e-06 0.0014258385039128019
leaf_weight=26 27 25 800 867 39 147 22 45 27 225 41 27 30 1079 38 116 141 102 156 28 51 119 21
leaf_count=26 27 25 800 867 39 147 22 45 27 225 41 27 30 1079 38 116 141 102 156 28 51 119 21
internal_value=-0.000315551 0.00035344 -0.000989509 0.00010781 0.00171602 0.000816024 -0.000711575 -0.00321429 -0.00117021 0.00212551 -0.00735294 -0.00833333 0.0105072 -0.000799311 0.000101379 -0.000188285 0.00134731 -0.00078125 -0.00149857 -0.00625 0.00179181 -0.00091623 0.0025
internal_weight=4199 2112 2087 2087 743 674 527 280 235 247 68 54 69 2033 1233 1195 167 1344 1051 184 293 191 140
internal_count=4199 2112 2087 2087 743 674 527 280 235 247 68 54 69 2033 1233 1195 167 1344 1051 184 293 191 140
cat_boundaries=0 1 2
cat_threshold=54 2
is_linear=0
shrinkage=0.05


Tree=119
num_leaves=24
num_cat=1
split_feature=0 5 5 5 5 5 5 9 9 7 15 2 7 2 16 5 9 5 5 15 5 16 36
split_gain=0.844729 1.20367 1.38013 1.04844 0.887467 1.76343 2.03061 1.73763 1.25941 1.1648 1.12667 0.98 0.855439 1.88712 1.65581 1.2597 1.28444 0.917998 0.999091 1.80951 1.41028 1 0.90615
threshold=0 1.4730567937906967 1.4070340389700129 1.5531047480642555 1.1118254632596161 1.2716120369759094 1.2451720273098628 15738.99190154733 3589.1251062431361 1.0000000180025095e-35 83.960794186019541 2032.5000000000002 1.5000000000000002 2027.5000000000002 3.485125 0.77176796094750444 5110.8852315871436 1.0871140789853733 1.012892594377331 85.381981517116529 0.99172057139916781 1.756416666666667 0.11212236513494012
decision_type=1 2 2 2 2 2 2 2 2 2 2 2 2 2 2 2 2 2 2 2 2 2 2
left_child=1 2 4 -3 12 6 8 10 9 -6 11 -7 17 -14 15 16 -15 18 20 21 22 -20 -1
right_child=-2 3 -4 -5 5 7 -8 -9 -10 -11 -12 -13 13 14 -16 -17 -18 -19 19 -21 -22 -23 -24
leaf_value=1.4783634375486153e-05 -2.6380726281803255e-05 0.0012141976690400521 -0.00088028142685176141 9.1752298791284844e-05 -0.00027675400802660291 0.0020001940832895192 -0.0011288569652386554 -0.00024787846743585054 2.2527273695840957e-05 -5.7675585698039465e-05 -2.6031117792670219e-05 0.00042171409114519779 -0.001543341974619409 -0.0014015125908007145 -0.00033616475790469204 0.00090352103624444799 0.0010598212856334094 0.00029161888483015055 -0.0012335102651440731 0.00014361275118438799 0.00069084287396277151 -0.00060409854219391278 -0.00081190039843733396
leaf_weight=305 3147 26 20 30 33 25 23 32 87 36 25 25 31 25 26 129 20 26 20 31 27 25 25
leaf_count=305 3147 26 20 30 33 25 23 32 87 36 25 25 31 25 26 129 20 26 20 31 27 25 25
internal_value=-0.000327459 0.000894539 0.000502008 0.00803571 0.000768443 -0.00157343 -0.00460894 0.00350467 -0.0025641 -0.0076087 0.00766667 0.012 0.00173913 0.00422078 0.006 0.00775862 0.000555556 0.000490196 -5.77367e-05 -0.00526316 0.00105042 -0.0116667 0.000151515
internal_weight=4199 1052 996 56 976 286 179 107 156 69 75 50 690 231 200 174 45 459 433 76 357 45 330
internal_count=4199 1052 996 56 976 286 179 107 156 69 75 50 690 231 200 174 45 459 433 76 357 45 330
cat_boundaries=0 1
cat_threshold=34
is_linear=0
shrinkage=0.05


end of trees

feature_importances:
nearby_2km=365
type_idx=332
buffer=318
cooling=253
min_water_m=238
snow_mm=231
scale=225
min_road_km=178
min_habitat_m=174
horizon_year=126
habitat_proximity=55
precip_mm=54
country_idx=51
nearby_highway_2km=33
habitat_hits=31
has_gbif=25
roadkill_intensity_2km=25
nearby_500m=19
water_hits=11
has_roadkill=9
water_overlap=3
has_osm_roads=3
has_open_meteo=1

parameters:
[boosting: gbdt]
[objective: quantile]
[metric: quantile]
[tree_learner: serial]
[device_type: cpu]
[data_sample_strategy: bagging]
[data: ]
[valid: ]
[num_iterations: 120]
[learning_rate: 0.05]
[num_leaves: 24]
[num_threads: 0]
[seed: 7]
[deterministic: 0]
[force_col_wise: 0]
[force_row_wise: 0]
[histogram_pool_size: -1]
[max_depth: -1]
[min_data_in_leaf: 20]
[min_sum_hessian_in_leaf: 0.001]
[bagging_fraction: 1]
[pos_bagging_fraction: 1]
[neg_bagging_fraction: 1]
[bagging_freq: 0]
[bagging_seed: 17422]
[bagging_by_query: 0]
[feature_fraction: 0.9]
[feature_fraction_bynode: 1]
[feature_fraction_seed: 7040]
[extra_trees: 0]
[extra_seed: 6516]
[early_stopping_round: 0]
[early_stopping_min_delta: 0]
[first_metric_only: 0]
[max_delta_step: 0]
[lambda_l1: 0]
[lambda_l2: 0]
[linear_lambda: 0]
[min_gain_to_split: 0]
[drop_rate: 0.1]
[max_drop: 50]
[skip_drop: 0.5]
[xgboost_dart_mode: 0]
[uniform_drop: 0]
[drop_seed: 15215]
[top_rate: 0.2]
[other_rate: 0.1]
[min_data_per_group: 100]
[max_cat_threshold: 32]
[cat_l2: 10]
[cat_smooth: 10]
[max_cat_to_onehot: 4]
[top_k: 20]
[monotone_constraints: ]
[monotone_constraints_method: basic]
[monotone_penalty: 0]
[feature_contri: ]
[forcedsplits_filename: ]
[refit_decay_rate: 0.9]
[cegb_tradeoff: 1]
[cegb_penalty_split: 0]
[cegb_penalty_feature_lazy: ]
[cegb_penalty_feature_coupled: ]
[path_smooth: 0]
[interaction_constraints: ]
[verbosity: -1]
[saved_feature_importance_type: 0]
[use_quantized_grad: 0]
[num_grad_quant_bins: 4]
[quant_train_renew_leaf: 0]
[stochastic_rounding: 1]
[linear_tree: 0]
[max_bin: 255]
[max_bin_by_feature: ]
[min_data_in_bin: 3]
[bin_construct_sample_cnt: 200000]
[data_random_seed: 61]
[is_enable_sparse: 1]
[enable_bundle: 1]
[use_missing: 1]
[zero_as_missing: 0]
[feature_pre_filter: 1]
[pre_partition: 0]
[two_round: 0]
[header: 0]
[label_column: ]
[weight_column: ]
[group_column: ]
[ignore_column: ]
[categorical_feature: 0,1]
[forcedbins_filename: ]
[precise_float_parser: 0]
[parser_config_file: ]
[objective_seed: 15521]
[num_class: 1]
[is_unbalance: 0]
[scale_pos_weight: 1]
[sigmoid: 1]
[boost_from_average: 1]
[reg_sqrt: 0]
[alpha: 0.5]
[fair_c: 1]
[poisson_max_delta_step: 0.7]
[tweedie_variance_power: 1.5]
[lambdarank_truncation_level: 30]
[lambdarank_norm: 1]
[label_gain: ]
[lambdarank_position_bias_regularization: 0]
[eval_at: ]
[multi_error_top_k: 1]
[auc_mu_weights: ]
[num_machines: 1]
[local_listen_port: 12400]
[time_out: 120]
[machine_list_filename: ]
[machines: ]
[gpu_platform_id: -1]
[gpu_device_id: -1]
[gpu_device_id_list: ]
[gpu_use_dp: 0]
[num_gpu: 1]

end of parameters

pandas_categorical:null
