tree
version=v4
num_class=1
num_tree_per_iteration=1
label_index=0
max_feature_idx=37
objective=quantile
feature_names=type_idx country_idx horizon_year cooling buffer scale nearby_500m nearby_2km nearby_highway_2km min_habitat_m habitat_hits habitat_proximity water_hits water_overlap min_water_m min_road_km snow_mm precip_mm has_gbif has_roadkill has_osm_roads has_open_meteo gbif_myotis_myotis gbif_meles_meles gbif_castor_fiber gbif_alcedo_atthis gbif_bombina_variegata gbif_alauda_arvensis gbif_podiceps_cristatus gbif_acrocephalus_scirpaceus gbif_lutra_lutra gbif_ciconia_ciconia gbif_cervus_elaphus gbif_count_500m gbif_count_2km gbif_suitability roadkill_intensity_2km roadkill_count_2km
feature_infos=-1:6:5:2:4:0:7:3:1 -1:0:1:2 [2026:2040] [0:1] [0:1] [0.40000000000000002:2] [0:3] [0:3] [0:3] [0:125011.43205326654] [0:6] [0:3] [0:5] [0:1] [44.225848332120513:209444.01326761045] [0.16774822241364587:228.22479370757517] [0:4.4129166666666659] [0:89.364999999999995] [0:1] [0:1] [0:1] [0:1] none none none none none none none none none [0:1.0918136539803009] none none [0:37] [0:3.2117718603482626] [0:17.727708328222089] [0:15]
tree_sizes=2106 2255 2239 2202 2220 2246 2230 2224 2236 2224 2198 2209 2276 2177 2208 2208 2224 2272 2213 2226 2263 2246 2249 2231 2195 2224 2173 2248 2226 2278 2264 2202 2232 2236 2235 2231 2221 2221 2303 2209 2241 2240 2257 2265 2233 2228 2252 2256 2257 2266 2236 2231 2240 2245 2277 2287 2276 2301 2282 2291 2260 2246 2262 2271 2280 2271 2261 2245 2283 2270 2282 2284 2274 2271 2300 2279 2271 2279 2276 2288 2292 2286 2282 2286 2253 2254 2261 2265 2257 2290 2326 2277 2289 2274 2252 2265 2280 2295 2271 2267 2269 2293 2265 2273 2293 2287 2288 2272 2270 2288 2273 2286 2311 2308 2265 2281 2290 2295 2304 2277

Tree=0
num_leaves=24
num_cat=2
split_feature=0 3 14 4 5 7 7 5 14 16 0 3 4 7 14 14 11 8 11 2 5 5 5
split_gain=220.209 79.4208 5.22182 4.13611 1.61505 1.59438 0.901625 0.594777 0.753463 0.517067 1.67591 0.970391 1.14683 1.26984 0.150105 0.12505 0.0462963 0.0422575 0.0478057 0.125926 0.0397959 0.0251145 0.108035
threshold=0 1.0000000180025095e-35 1309.7689629285812 1.0000000180025095e-35 0.8683379809646673 1.5000000000000002 2.5000000000000004 1.2104102448523337 60979.503165495335 1.0000000180025095e-35 1 1.0000000180025095e-35 1.0000000180025095e-35 1.0000000180025095e-35 2748.6310034342155 134911.01726225539 1.0365176943378989 1.0000000180025095e-35 1.0795095145172515 2034.5000000000002 1.2252164419808278 0.97590027831923531 0.99752892928850623
decision_type=1 2 2 2 2 2 2 2 2 2 1 2 2 2 2 2 2 2 2 2 2 2 2
left_child=1 3 -2 16 -5 7 15 8 -6 10 11 12 13 -4 -11 20 -1 -16 21 -20 -3 -19 -23
right_child=2 6 9 4 5 -7 -8 -9 -10 14 -12 -13 -14 -15 17 -17 -18 18 19 -21 -22 22 -24
leaf_value=1.0732662058039779 1.0839000826985483 1.0272175788404438 1.0379144164414214 1.0564637000177286 1.0571762125231943 1.0595769993325761 1.0447569896748419 1.0459697969398036 1.0517839514183165 1.0277906250521738 1.0124829531083492 0.99526724120777321 1.0216051934816519 1.0427238058332655 1.0163851068896463 1.0337157019999537 1.0631802854622776 1.0222290246571901 1.0174212199596167 1.0338189886328102 1.0360534184275543 1.0266687239275385 1.0223837257085102
leaf_weight=250 31 78 35 31 22 39 26 20 20 25 309 33 21 28 2321 21 20 353 34 20 20 28 414
leaf_count=250 31 78 35 31 22 39 26 20 20 25 309 33 21 28 2321 21 20 353 34 20 20 28 414
internal_value=1.03624 1.06553 1.03179 1.07751 1.07026 1.07332 1.03434 1.06834 1.07172 1.0316 1.03324 1.03833 1.04136 1.04473 1.03138 1.0325 1.08106 1.03135 1.03165 1.03309 1.03175 1.03156 1.03181
internal_weight=4199 547 3652 402 132 101 145 62 42 3621 426 117 84 63 3195 119 270 3170 849 54 98 795 442
internal_count=4199 547 3652 402 132 101 145 62 42 3621 426 117 84 63 3195 119 270 3170 849 54 98 795 442
cat_boundaries=0 1 2
cat_threshold=32 132
is_linear=0
shrinkage=1


Tree=1
num_leaves=24
num_cat=0
split_feature=3 12 14 6 16 15 11 11 14 14 11 4 2 16 20 14 14 14 2 10 2 11 14
split_gain=13.4939 3.7252 2.20459 1.83597 1.59615 1.47119 1.17101 1.3859 1.32774 0.986222 1.03143 0.801394 0.794917 0.74356 0.710072 1.19535 0.945225 0.90285 0.685118 0.68462 0.799088 0.683364 0.967623
threshold=1.0000000180025095e-35 1.0000000180025095e-35 2748.6310034342155 1.0000000180025095e-35 1.0000000180025095e-35 34.813372393803284 0.42033147622085021 0.025928941702257655 28933.703654352354 84505.910569295273 0.02535222388800604 1.0000000180025095e-35 2031.5000000000002 1.756416666666667 1.0000000180025095e-35 132369.43340062615 140437.06807840019 177598.3714906082 2035.5000000000002 1.0000000180025095e-35 2030.5000000000002 0.4655080855382781 67715.521830772239
decision_type=2 2 2 2 2 2 2 2 2 2 2 2 2 2 2 2 2 2 2 2 2 2 2
left_child=1 3 -2 4 9 6 7 8 -5 12 -11 14 -1 -8 15 21 -16 -18 -13 -7 -21 22 -6
right_child=2 -3 -4 5 11 19 13 -9 -10 10 -12 18 -14 -15 16 -17 17 -19 -20 20 -22 -23 -24
leaf_value=0.021541498531720715 0.021398974642486482 0.058591889134385011 -0.031523811276800276 0.033015191065401552 0.020687397133045096 0.0043654617570151625 -0.0073637744234944409 0.025172161121465954 0.014278864871652617 0.031566168560526929 -0.00047645890912298845 0.00060415708160439633 -0.00042395718669272501 0.024946054274284681 0.0027705388034379649 -0.018000120114303332 0.015187753255574988 -0.011735723524574604 -0.021525016153951557 -0.0002315924386547902 0.020404883427940348 0.0022476571933920104 0.0137773726967103
leaf_weight=74 21 38 1221 24 61 233 26 21 38 72 28 419 122 25 1086 30 140 48 221 50 111 44 46
leaf_count=74 21 38 1221 24 61 233 26 21 38 72 28 419 122 25 1086 30 140 48 221 50 111 44 46
internal_value=-2.26256e-05 0.00181434 -0.00439614 0.00161185 0.00102258 0.0042803 0.00880597 0.0124699 0.00870968 0.00445946 0.0085 0.000536992 0.00239796 0.00284314 0.00118557 0.00411602 0.00076923 0.00404255 -0.000937501 0.00274112 0.00524845 0.00592715 0.00808411
internal_weight=4199 2957 1242 2919 2391 528 134 83 62 296 100 2095 196 51 1455 181 1274 188 640 394 161 151 107
internal_count=4199 2957 1242 2919 2391 528 134 83 62 296 100 2095 196 51 1455 181 1274 188 640 394 161 151 107
is_linear=0
shrinkage=0.05


Tree=2
num_leaves=24
num_cat=2
split_feature=3 12 6 14 16 15 9 11 11 1 16 4 5 1 5 9 5 17 14 15 14 9 5
split_gain=13.1014 3.74954 1.77686 1.59007 1.33304 1.29573 1.11152 1.02904 1.54039 1.14187 0.74356 0.718722 1.01784 0.863772 0.818596 0.70375 0.746971 0.712223 0.794903 0.822116 0.646731 0.486696 0.519021
threshold=1.0000000180025095e-35 1.0000000180025095e-35 1.0000000180025095e-35 2748.6310034342155 1.0000000180025095e-35 34.813372393803284 39352.25021786704 0.42033147622085021 0.025928941702257655 0 1.756416666666667 1.0000000180025095e-35 0.62209009350254196 1 1.304185265331794 38692.763374730326 0.61287064589900508 73.879583333333343 95190.301059474572 65.386347066319146 18785.629984887375 11438.948478213466 1.2994426869863489
decision_type=2 2 2 2 2 2 2 2 2 1 2 2 2 1 2 2 2 2 2 2 2 2 2
left_child=1 2 4 -2 6 7 -1 8 9 -4 -9 12 13 -6 -14 16 -7 18 19 -18 -16 22 -19
right_child=3 -3 5 -5 11 15 -8 10 -10 -11 -12 -13 14 -15 20 -17 17 21 -20 -21 -22 -23 -24
leaf_value=0.015775355616235123 0.020329025910362154 0.055662294677665758 0.031910092495613086 -0.029947620712960255 0.019707229416962124 -0.011317609263712843 0.030894118976275586 -0.0069955857023197184 0.023913553065392657 0.017134569897795295 0.023698751560570441 -0.0032609257759938616 0.0019095314664049946 0.014748309589339294 -0.01372255679881791 -0.0088305971821777372 0.023987924900346472 0.01824924117525574 0.027905687008459135 0.012225390713944772 0.016287396123447716 -0.0043455981962747248 0.01004604117122904
leaf_weight=258 21 38 23 1221 20 23 38 26 21 39 25 640 1115 104 20 66 47 107 28 52 196 49 22
leaf_count=258 21 38 23 1221 20 23 38 26 21 39 25 640 1115 104 20 66 47 107 28 52 196 49 22
internal_value=-4.64408e-05 0.00176361 0.00156046 -0.00435588 0.00098076 0.0041856 0.00412162 0.00843283 0.0118675 0.00790322 0.00284314 0.000536992 0.0011512 0.00548387 0.000747557 0.00274112 0.00368902 0.00434426 0.00720472 0.00510101 0.00356481 0.00230337 0.00391473
internal_weight=4199 2957 2919 1242 2391 528 296 134 83 62 51 2095 1455 124 1331 394 328 305 127 99 216 178 129
internal_count=4199 2957 2919 1242 2391 528 296 134 83 62 51 2095 1455 124 1331 394 328 305 127 99 216 178 129
cat_boundaries=0 1 2
cat_threshold=1 4
is_linear=0
shrinkage=0.05


Tree=3
num_leaves=24
num_cat=4
split_feature=0 3 4 12 5 16 7 1 15 15 16 0 3 2 7 1 15 16 2 7 11 2 5
split_gain=219.928 72.2274 4.2923 4.05526 1.90366 1.62409 1.29329 1.28106 0.842977 0.777786 0.24881 0.794241 0.483516 0.936786 0.334683 0.225 0.0780431 0.0743122 0.3 0.0499637 0.111705 0.0345382 0.0724638
threshold=0 1.0000000180025095e-35 1.0000000180025095e-35 1.0000000180025095e-35 0.8683379809646673 1.4758333333333338 1.5000000000000002 1 25.012291305676673 45.445502452887652 1.0000000180025095e-35 2 1.0000000180025095e-35 2031.5000000000002 1.0000000180025095e-35 3 30.123502613179962 2.1729166666666671 2030.5000000000002 2.5000000000000004 1.0795095145172515 2032.5000000000002 0.97590027831923531
decision_type=1 2 2 2 2 2 2 1 2 2 2 1 2 2 2 1 2 2 2 2 2 2 2
left_child=1 2 17 10 -4 7 9 -3 -5 -6 11 12 13 -2 -15 -11 -7 -1 -19 -12 21 22 -21
right_child=3 5 4 8 6 16 -8 -9 -10 15 19 -13 -14 14 -16 -17 -18 18 -20 20 -22 -23 -24
leaf_value=0.032249606462457593 0.0039144341711376046 -0.0016034909641809633 0.017345443645117493 0.008210045070633068 0.01392534627339382 -0.003516673378789437 0.019589734426451053 0.0057661348727699015 0.042802809994118007 0.014004173423232447 -0.019337246715688958 -0.024071827571404757 -0.035851777558944121 -0.0024447219723943703 0.0020147724816907001 0.016179190124413542 -0.0051979296623593631 0.024531853817663537 0.034018971321262442 -0.0089325195368674826 -0.0058718060903244313 -0.011974328581939992 -0.010166527551091747
leaf_weight=200 27 23 31 20 22 34 39 21 26 20 2657 307 33 31 26 20 67 21 49 125 27 258 115
leaf_count=200 27 23 31 20 22 34 39 21 26 20 2657 307 33 31 26 20 67 21 49 125 27 258 115
internal_value=-7.0256e-05 0.0292011 0.0406468 -0.00452212 0.0332576 -0.000517243 0.0365842 0.0075 0.0102174 0.0320968 -0.00472269 -0.00358491 0.000118109 0.00214286 -0.00149123 0.03625 -0.0040099 0.0442593 0.0428571 -0.00487429 -0.00442857 -0.00459839 -0.00416667
internal_weight=4199 547 402 3652 132 145 101 44 46 62 3606 424 117 84 57 40 101 270 70 3182 525 498 240
internal_count=4199 547 402 3652 132 145 101 44 46 62 3606 424 117 84 57 40 101 270 70 3182 525 498 240
cat_boundaries=0 1 2 3 4
cat_threshold=32 2 132 2
is_linear=0
shrinkage=0.05


Tree=4
num_leaves=24
num_cat=3
split_feature=0 3 14 16 1 16 6 9 16 5 5 14 14 5 14 5 0 16 8 8 3 11 5
split_gain=213.411 70.0615 4.43645 1.62409 1.28106 0.617602 0.551724 0.462019 0.378889 0.386212 0.372223 0.335327 0.484848 0.363636 0.283333 0.221631 0.216008 0.830375 0.844355 0.307923 0.186936 0.216678 0.445755
threshold=0 1.0000000180025095e-35 1309.7689629285812 1.4758333333333338 1 1.0000000180025095e-35 1.0000000180025095e-35 29371.661932703861 2.1729166666666671 0.8683379809646673 0.73058996066088322 51381.780718460745 80163.209643722032 1.1625859542886614 137152.44201188805 1.1704710721111968 2 1.0000000180025095e-35 1.0000000180025095e-35 1.0000000180025095e-35 1.0000000180025095e-35 0.88254611328137822 1.1223427162988093
decision_type=1 2 2 2 1 2 2 2 2 2 2 2 2 2 2 2 1 2 2 2 2 2 2
left_child=1 5 -2 4 -3 -1 7 8 10 -10 -7 -12 -13 -14 -9 -11 17 18 -4 -19 21 -21 -23
right_child=2 3 16 -5 -6 6 -8 14 9 15 11 12 13 -15 -16 -17 -18 19 -20 20 -22 22 -24
leaf_value=0.039924917788373107 0.037423000827792006 -0.0015233164159719134 -0.0020343970086418406 -0.0045407134327364396 0.0054778281291314075 0.023394444563217848 0.030685622320673241 0.024046115392270695 0.018208175140055006 0.023345978028461112 0.024052148179000213 0.01815150028169837 0.018742328490965365 0.016407793546660315 0.016071811672999575 0.019487377739812607 -0.030587520081345243 -0.010268540065752917 0.0037523061928218201 -0.0050015666519948269 -0.037031639386481012 0.00089645786550908923 -0.004158147928458744
leaf_weight=54 31 23 83 101 21 25 87 34 21 27 48 22 22 22 20 20 2588 655 34 133 75 32 21
leaf_count=54 31 23 83 101 21 25 87 34 21 27 48 22 22 22 20 20 2588 655 34 133 75 32 21
internal_value=-8.21636e-05 0.0287522 -0.00446751 -0.000517243 0.0075 0.0400249 0.0392529 0.0381034 0.037029 0.0339706 0.0385252 0.0397368 0.0374242 0.0404545 0.0422222 0.0364894 -0.00464098 -0.00380154 0.000128204 -0.00434498 -0.00289272 -0.00204301 0.000660376
internal_weight=4199 547 3652 145 44 402 348 261 207 68 139 114 66 44 54 47 3621 1033 117 916 261 186 53
internal_count=4199 547 3652 145 44 402 348 261 207 68 139 114 66 44 54 47 3621 1033 117 916 261 186 53
cat_boundaries=0 1 2 3
cat_threshold=32 2 132
is_linear=0
shrinkage=0.05


Tree=5
num_leaves=24
num_cat=3
split_feature=0 3 4 14 16 7 16 1 5 14 7 14 0 16 8 7 4 3 9 9 11 6 14
split_gain=205.07 65.5072 6.09138 4.42356 2.13838 2.04403 1.48738 1.28106 0.73125 0.562306 0.554113 0.339463 0.285895 0.790338 0.844355 0.392837 0.313377 0.320319 0.302801 0.463702 0.331621 0.1875 0.172367
threshold=0 1.0000000180025095e-35 1.0000000180025095e-35 1309.7689629285812 1.0000000180025095e-35 1.0000000180025095e-35 1.4758333333333338 1 0.96614232066531724 160833.74598110671 2.5000000000000004 21987.919908185151 2 1.0000000180025095e-35 1.0000000180025095e-35 1.5000000000000002 1.0000000180025095e-35 1.0000000180025095e-35 21886.336938882338 11655.832551288864 0.88254611328137822 1.0000000180025095e-35 2748.6310034342155
decision_type=1 2 2 2 2 2 2 1 2 2 2 2 1 2 2 2 2 2 2 2 2 2 2
left_child=1 2 9 -2 -4 8 7 -3 -6 -1 -7 -8 13 14 -5 -15 17 18 19 20 -17 -22 -14
right_child=3 6 4 12 5 10 11 -9 -10 -11 -12 -13 22 15 -16 16 -18 -19 -20 -21 21 -23 -24
leaf_value=0.029110479018787855 0.035551850786402404 -0.0014471505951733174 0.022746945774393672 -0.0019326771582097492 0.0082486713068716487 0.0090101435045082667 0.00018005071543086146 0.0052039367226748351 0.0082321888411654998 0.024405754919751131 0.013408493104499831 -0.0047527305020507145 -0.012616484935852337 -0.011345828443046737 0.0035646908831807331 -0.0024395120773764208 -0.01942512685105055 -0.035094260482015686 -0.0041831300490423554 0.00067427338070017015 0.00047954629765222315 -0.00086378503727956935 -0.029143426461794228
leaf_weight=249 31 23 26 83 20 33 21 21 32 21 21 80 23 593 34 59 110 55 31 20 24 24 2565
leaf_count=249 31 23 26 83 20 33 21 21 32 21 21 80 23 593 34 59 110 55 31 20 24 24 2565
internal_value=-0.000141702 0.0281239 0.0390298 -0.0044402 0.0302273 0.0270755 -0.000172415 0.0075 0.02 0.0433333 0.0338889 -0.00351485 -0.00461337 -0.00370566 0.000128204 -0.00423581 -0.00283282 -0.00171362 -0.000569621 0.00051181 -0.000794394 0.00229167 -0.00494226
internal_weight=4199 547 402 3652 132 106 145 44 52 270 54 101 3621 1033 117 916 323 213 158 127 107 48 2588
internal_count=4199 547 402 3652 132 106 145 44 52 270 54 101 3621 1033 117 916 323 213 158 127 107 48 2588
cat_boundaries=0 1 2 3
cat_threshold=32 2 132
is_linear=0
shrinkage=0.05


Tree=6
num_leaves=24
num_cat=3
split_feature=0 3 4 14 16 7 16 14 1 5 2 14 0 16 8 2 7 4 3 15 5 2 14
split_gain=198.511 64.5845 5.75958 4.43 2.26631 1.78057 1.19632 0.959509 0.948805 0.73125 0.557184 0.339463 0.250269 0.643128 0.59976 0.473896 0.310932 0.270207 0.276193 0.297257 0.26584 0.437614 0.25381
threshold=0 1.0000000180025095e-35 1.0000000180025095e-35 1309.7689629285812 1.0000000180025095e-35 1.0000000180025095e-35 1.4758333333333338 154016.62477591509 1 0.96614232066531724 2032.5000000000002 21987.919908185151 2 1.0000000180025095e-35 1.0000000180025095e-35 2029.5000000000002 1.5000000000000002 1.0000000180025095e-35 1.0000000180025095e-35 39.711119482505694 0.97590027831923531 2032.5000000000002 29990.947335234971
decision_type=1 2 2 2 2 2 2 2 1 2 2 2 1 2 2 2 2 2 2 2 2 2 2
left_child=1 2 7 -2 -4 9 8 -1 -3 -6 -7 -8 13 14 15 -5 -15 18 19 22 -21 -22 -18
right_child=3 6 4 12 5 10 11 -9 -10 -11 -12 -13 -14 16 -16 -17 17 -19 -20 20 21 -23 -24
leaf_value=0.027597317870636684 0.033774258247082294 -0.001374793065414652 0.021609598485673991 0.0012001064434968016 0.007836237741528064 0.011651516232713845 0.00017104817965932082 0.025084875889471572 0.0049437398865410931 0.0078205793991072189 0.0093525677158905335 -0.004515093976948179 -0.027600972754188269 -0.010778537020894399 0.0033864563390216939 -0.0020806363430920433 0.0028330445182229175 -0.018453870508498019 -0.033339547457914898 -0.001917776333612997 0.0011131013705774071 -0.002877259332665283 -0.0035393099516892387
leaf_weight=244 31 23 26 24 20 28 21 26 21 32 26 80 2588 593 34 59 22 110 55 50 25 36 25
leaf_count=244 31 23 26 24 20 28 21 26 21 32 26 80 2588 593 34 59 22 110 55 50 25 36 25
internal_value=-0.000225055 0.0275853 0.038408 -0.00445385 0.0298485 0.0266038 -0.000517243 0.0425926 0.00636364 0.02 0.032963 -0.00351485 -0.00462718 -0.0037536 -0.000299146 -0.00259036 -0.00423581 -0.00298762 -0.00194836 -0.000886077 -0.0022973 -8.19684e-05 0.00244681
internal_weight=4199 547 402 3652 132 106 145 270 44 52 54 101 3621 1033 117 83 916 323 213 158 111 61 47
internal_count=4199 547 402 3652 132 106 145 270 44 52 54 101 3621 1033 117 83 916 323 213 158 111 61 47
cat_boundaries=0 1 2 3
cat_threshold=32 2 132
is_linear=0
shrinkage=0.05


Tree=7
num_leaves=24
num_cat=4
split_feature=0 3 4 14 16 7 14 16 1 11 16 14 0 16 8 2 7 4 3 9 9 11 1
split_gain=186.463 60.1242 7.04125 3.70326 3.11193 1.54251 1.49894 1.19632 0.948805 0.814964 0.511712 0.339463 0.285895 0.625417 0.59976 0.473896 0.362864 0.313377 0.320319 0.302801 0.463702 0.331621 0.235714
threshold=0 1.0000000180025095e-35 1.0000000180025095e-35 1309.7689629285812 1.0000000180025095e-35 1.5000000000000002 152534.41816955732 1.4758333333333338 1 0.03443857402790472 3.485125 21987.919908185151 2 1.0000000180025095e-35 1.0000000180025095e-35 2029.5000000000002 1.5000000000000002 1.0000000180025095e-35 1.0000000180025095e-35 21886.336938882338 11655.832551288864 0.88254611328137822 3
decision_type=1 2 2 2 2 2 2 2 1 2 2 2 1 2 2 2 2 2 2 2 2 2 1
left_child=1 2 6 -2 -4 9 10 8 -3 22 -1 -9 13 14 15 -5 -15 18 19 20 21 -18 -6
right_child=3 7 4 12 5 -7 -8 11 -10 -11 -12 -13 -14 16 -16 -17 17 -19 -20 -21 -22 -23 -24
leaf_value=0.026869916815891334 0.032085545334728176 -0.0013060534121439192 0.020529118561390294 0.0011401011213219628 0.0068918043653913054 0.011068940187171717 0.028043981813000048 0.00016249577067635609 0.0046965528922140402 0.0044733897200078653 0.017038422910750702 -0.0042893392781007704 -0.026220924116478857 -0.010239610169849679 0.0032171335220706043 -0.0019766045259374393 -0.0022310254650671781 -0.017531176983073118 -0.031672570085019155 -0.0038780847299095924 0.00076447096516294452 0.00021704856068829697 0.009806617966847184
leaf_weight=211 31 23 26 24 20 38 28 21 21 26 31 80 2588 593 34 59 59 110 55 31 20 48 22
leaf_count=211 31 23 26 24 20 38 28 21 21 26 31 80 2588 593 34 59 59 110 55 31 20 48 22
internal_value=-0.000356038 0.0265978 0.0370398 -0.00445385 0.0275758 0.0237736 0.0416667 -0.000517243 0.00636364 0.0192647 0.0429339 -0.00351485 -0.00461337 -0.00370566 -0.000299146 -0.00259036 -0.00418122 -0.00283282 -0.00171362 -0.000569621 0.00051181 -0.000794394 0.0235714
internal_weight=4199 547 402 3652 132 106 270 145 44 68 242 101 3621 1033 117 83 916 323 213 158 127 107 42
internal_count=4199 547 402 3652 132 106 270 145 44 68 242 101 3621 1033 117 83 916 323 213 158 127 107 42
cat_boundaries=0 1 2 3 4
cat_threshold=32 2 132 1
is_linear=0
shrinkage=0.05


Tree=8
num_leaves=24
num_cat=3
split_feature=0 3 4 16 12 7 16 15 2 1 2 15 15 0 16 8 2 7 4 3 9 9 11
split_gain=176.886 56.5936 8.24092 3.91882 2.91611 1.96695 1.19632 1.03094 0.993831 0.948805 0.67402 0.825 0.43495 0.350623 0.770276 0.511612 0.382411 0.362599 0.313377 0.320319 0.302801 0.463702 0.331621
threshold=0 1.0000000180025095e-35 1.0000000180025095e-35 1.0000000180025095e-35 1.0000000180025095e-35 1.5000000000000002 1.4758333333333338 147.82619783045143 2038.5000000000002 1 2030.5000000000002 56.022613794889629 25.012291305676673 2 1.0000000180025095e-35 1.0000000180025095e-35 2029.5000000000002 1.5000000000000002 1.0000000180025095e-35 1.0000000180025095e-35 21886.336938882338 11655.832551288864 0.88254611328137822
decision_type=1 2 2 2 2 2 2 2 2 1 2 2 2 1 2 2 2 2 2 2 2 2 2
left_child=1 2 7 -4 13 10 9 8 -1 -3 -5 -12 -6 14 15 16 -2 -16 19 20 21 22 -19
right_child=4 6 3 5 12 -7 -8 -9 -10 -11 11 -13 -14 -15 17 -17 -18 18 -20 -21 -22 -23 -24
leaf_value=0.02465358853782755 0.0010830960652558677 -0.0012407507415367212 0.019502662633320782 0.0044905282049584449 0.00085781005730117008 0.01051549317781313 -0.003635819573244633 0.023401793789115801 0.02580662957106938 0.0044617252476033377 0.0062370654139366601 0.0091035858453953154 0.033720936734611864 -0.024993488213699705 -0.0097165588945009179 0.0030562768459670778 -0.0018777742996405639 -0.0021194741918138193 -0.016654618133919462 -0.030088941580768198 -0.0036841804934141134 0.00072624741690479667 0.00020619613265388339
leaf_weight=207 24 23 26 24 20 38 101 32 31 21 20 24 26 2574 592 34 59 59 110 55 31 20 48
leaf_count=207 24 23 26 24 20 38 101 32 31 21 20 24 26 2574 592 34 59 59 110 55 31 20 48
internal_value=-0.000463207 0.0257899 0.0359204 0.0256818 -0.00445385 0.0214151 -0.000517243 0.0409259 0.0420588 0.00636364 0.0163235 0.02 0.00804348 -0.00462563 -0.00365643 0.000128204 -0.00198795 -0.00418033 -0.00283282 -0.00171362 -0.000569621 0.00051181 -0.000794394
internal_weight=4199 547 402 132 3652 106 145 270 238 44 68 44 46 3606 1032 117 83 915 323 213 158 127 107
internal_count=4199 547 402 132 3652 106 145 270 238 44 68 44 46 3606 1032 117 83 915 323 213 158 127 107
cat_boundaries=0 1 2 3
cat_threshold=32 2 132
is_linear=0
shrinkage=0.05


Tree=9
num_leaves=24
num_cat=3
split_feature=0 3 4 14 16 14 7 16 1 2 15 2 2 16 14 0 16 8 2 7 4 3 9
split_gain=168.584 53.5449 7.86311 3.04158 2.65076 2.61194 1.96695 1.19632 0.948805 0.67402 0.825 0.57654 0.359328 0.495423 0.339463 0.322886 0.770691 0.511612 0.382411 0.362864 0.313377 0.320319 0.302801
threshold=0 1.0000000180025095e-35 1.0000000180025095e-35 1309.7689629285812 1.0000000180025095e-35 152534.41816955732 1.5000000000000002 1.4758333333333338 1 2030.5000000000002 56.022613794889629 2038.5000000000002 2030.5000000000002 2.1729166666666671 21987.919908185151 2 1.0000000180025095e-35 1.0000000180025095e-35 2029.5000000000002 1.5000000000000002 1.0000000180025095e-35 1.0000000180025095e-35 21886.336938882338
decision_type=1 2 2 2 2 2 2 2 1 2 2 2 2 2 2 1 2 2 2 2 2 2 2
left_child=1 2 5 -2 -4 11 9 8 -3 -6 -11 12 13 -1 -9 16 17 18 -5 -18 21 22 -21
right_child=3 7 4 15 6 -7 -8 14 -10 10 -12 -13 -14 -15 -16 -17 19 -19 -20 20 -22 -23 -24
leaf_value=0.024104849058447717 0.028795221231261173 -0.0011787132044598844 0.018527529501654743 0.001028941261993072 0.0042660017947105172 0.02543562057356822 0.009989718518922476 0.00033616196080476926 0.0042386389852231759 0.0059252121432398219 0.0086484065531255462 0.024322365634693241 0.023049113866077116 0.01635941516138013 -0.0038930813355334964 -0.023660203499969931 -0.0092418017166321486 0.0029034630036687283 -0.0017838855846585373 5.0091928604200985e-05 -0.01582188722722349 -0.028584494501729785 -0.0034999714687434071
leaf_weight=53 31 23 26 24 24 28 38 21 21 20 24 30 138 21 80 2588 593 34 59 127 110 55 31
leaf_count=53 31 23 26 24 24 28 38 21 21 20 24 30 138 21 80 2588 593 34 59 127 110 55 31
internal_value=-0.000558467 0.0250718 0.0349254 -0.00445385 0.0249242 0.0398148 0.0214151 -0.000517243 0.00636364 0.0163235 0.02 0.0414876 0.0424057 0.0395946 -0.00351485 -0.00459956 -0.00365772 0.000128204 -0.00198795 -0.00418122 -0.00283282 -0.00171362 -0.000569621
internal_weight=4199 547 402 3652 132 270 106 145 44 68 44 242 212 74 101 3621 1033 117 83 916 323 213 158
internal_count=4199 547 402 3652 132 270 106 145 44 68 44 242 212 74 101 3621 1033 117 83 916 323 213 158
cat_boundaries=0 1 2 3
cat_threshold=32 2 132
is_linear=0
shrinkage=0.05


Tree=10
num_leaves=24
num_cat=3
split_feature=0 3 14 15 16 16 1 7 2 15 14 6 9 15 9 2 9 14 0 16 8 2 7
split_gain=157.646 49.4908 2.44976 1.50476 1.38393 1.19632 0.948805 0.883838 0.905105 0.814893 2.00423 0.858156 0.717641 0.765007 1.088 0.69151 0.506151 0.339463 0.322886 0.770691 0.511612 0.382411 0.362864
threshold=0 1.0000000180025095e-35 1309.7689629285812 157.59465392935701 2.1729166666666671 1.4758333333333338 1 2.5000000000000004 2030.5000000000002 96.048562507698918 105082.26008986418 1.0000000180025095e-35 2979.748264792906 27.999079570150631 18182.084045882915 2036.5000000000002 7262.3728707664641 21987.919908185151 2 1.0000000180025095e-35 1.0000000180025095e-35 2029.5000000000002 1.5000000000000002
decision_type=1 2 2 2 2 2 1 2 2 2 2 2 2 2 2 2 2 2 1 2 2 2 2
left_child=1 3 -2 4 9 6 -3 8 -6 11 -11 12 -1 -14 -15 -10 -12 -7 19 20 21 -4 -21
right_child=2 5 18 -5 7 17 -8 -9 15 10 16 -13 13 14 -16 -17 -18 -19 -20 22 -22 -23 -24
leaf_value=0.021841185721304533 0.027355460169698111 -0.0011197775442368927 0.00097749419889341972 0.020737347112806684 0.011365671043314686 0.00031935386276453069 0.0040267070359620181 0.028863991582522498 0.011481075737805381 0.014180083488290833 0.012626679607602784 0.023173173120642373 0.020598891845511322 0.018249073205459456 0.016072761380938865 0.011891310505342183 0.021259128149125447 -0.0036984272687568239 -0.022477193324971438 -0.0087797116308005428 0.0027582898534852865 -0.0016946913054256081 -0.003115003009097297
leaf_weight=62 31 23 24 29 25 21 21 22 31 27 28 47 23 30 26 21 31 80 2588 593 34 59 323
leaf_count=62 31 23 24 29 25 21 21 22 31 27 28 47 23 30 26 21 31 80 2588 593 34 59 323
internal_value=-0.000701359 0.0240844 -0.00446751 0.0335572 0.0344102 -0.000517243 0.00636364 0.0293434 0.0268182 0.0362409 0.0322093 0.0380851 0.0361348 0.0329747 0.0298214 0.0305769 0.0373729 -0.00351485 -0.00459956 -0.00365772 0.000128204 -0.00198795 -0.00418122
internal_weight=4199 547 3652 402 373 145 44 99 77 274 86 188 141 79 56 52 59 101 3621 1033 117 83 916
internal_count=4199 547 3652 402 373 145 44 99 77 274 86 188 141 79 56 52 59 101 3621 1033 117 83 916
cat_boundaries=0 1 2 3
cat_threshold=32 2 132
is_linear=0
shrinkage=0.05


Tree=11
num_leaves=24
num_cat=2
split_feature=0 4 16 17 12 7 5 6 7 14 9 7 5 2 2 2 15 15 5 0 16 8 2
split_gain=147.074 6.04272 4.91324 4.04457 1.60342 1.28662 1.78127 1.21667 1.11981 1.33492 1.23668 1.14063 0.977129 0.86941 0.849123 1.44172 0.759625 0.750669 0.712865 0.390073 0.750861 0.511612 0.382411
threshold=0 1.0000000180025095e-35 1.0000000180025095e-35 74.884166666666673 1.0000000180025095e-35 1.5000000000000002 1.0227623270571322 1.0000000180025095e-35 1.5000000000000002 33136.586579554067 9279.7353801234076 1.0000000180025095e-35 0.77176796094750444 2031.5000000000002 2034.5000000000002 2030.5000000000002 98.124676241988269 25.012291305676673 1.2758260264362959 1 1.0000000180025095e-35 1.0000000180025095e-35 2029.5000000000002
decision_type=1 2 2 2 2 2 2 2 2 2 2 2 2 2 2 2 2 2 2 1 2 2 2
left_child=1 3 -3 8 19 14 -7 12 10 -10 11 13 -5 -1 15 -4 -12 -6 -14 20 21 22 -2
right_child=4 2 5 7 17 6 -8 -9 9 -11 16 -13 18 -15 -16 -17 -18 -19 -20 -21 -22 -23 -24
leaf_value=0.017498456257239337 0.00092861948894875127 0.016520886534282506 0.0024505055934568179 0.01140629192663181 -0.0019926145156118542 0.0084333695966473162 0.0061706881368771456 0.020413776523848209 0.036969717322718511 0.027338990499202288 0.017673734954383926 0.034049824814498517 0.0095185600782760598 0.013907935522070661 0.0031868104948575195 0.0062164044992702649 0.023766096426292571 0.029227355827833302 0.010180150334330441 -0.021436943961767652 -0.0064081793258724054 0.0026203753608110237 -0.0016099567401543253
leaf_weight=29 24 29 30 26 20 26 25 38 20 36 37 22 73 41 38 27 20 26 30 2574 915 34 59
leaf_count=29 24 29 30 26 20 26 25 38 20 36 37 22 73 41 38 27 20 26 30 2574 915 34 59
internal_value=-0.00084425 0.0230969 0.0158571 0.0271237 -0.00448116 0.0121233 0.0185294 0.0213473 0.0318293 0.0378571 0.0295638 0.0259783 0.019031 0.0228571 0.00868421 0.0125439 0.0353509 0.00478261 0.0168447 -0.00461176 -0.00360845 0.000128204 -0.00198795
internal_weight=4199 547 175 372 3652 146 51 167 205 56 149 92 129 70 95 57 57 46 103 3606 1032 117 83
internal_count=4199 547 175 372 3652 146 51 167 205 56 149 92 129 70 95 57 57 46 103 3606 1032 117 83
cat_boundaries=0 1 2
cat_threshold=32 132
is_linear=0
shrinkage=0.05


Tree=12
num_leaves=24
num_cat=1
split_feature=3 12 6 16 14 2 14 4 14 5 1 2 5 7 5 2 2 5 14 14 16 14 5
split_gain=8.81219 2.58603 1.69895 1.25227 1.16829 1.22616 1.27348 1.08772 0.704612 0.632779 0.778164 0.531492 0.902118 0.678788 0.504264 0.712103 0.491536 0.458897 0.714088 0.417591 0.412556 0.577105 0.409476
threshold=1.0000000180025095e-35 1.0000000180025095e-35 1.0000000180025095e-35 1.0000000180025095e-35 45557.650428587818 2037.5000000000002 28933.703654352354 1.0000000180025095e-35 2748.6310034342155 0.62209009350254196 0 2030.5000000000002 1.1453412370221989 2.5000000000000004 1.304185265331794 2037.5000000000002 2030.5000000000002 0.86354054545950343 29214.795635380702 170293.886613877 3.485125 9214.638144696979 1.395838970718613
decision_type=2 2 2 2 2 2 2 2 2 2 1 2 2 2 2 2 2 2 2 2 2 2 2
left_child=1 2 3 -1 5 11 -7 9 -2 10 -5 12 13 -4 19 22 -6 -13 -19 20 21 -11 -16
right_child=8 -3 4 7 16 6 -8 -9 -10 14 -12 17 -14 -15 15 -17 -18 18 -20 -21 -22 -23 -24
leaf_value=0.0076479455149400912 0.0067953955495595134 0.040430338628084303 0.0011460798564888132 0.0081025008415978178 -0.0020291794498095172 0.0032848766898092535 0.020290998244082946 -0.0075567512521910966 -0.023547828512224856 -0.010132683348675937 0.0026690171921187862 -0.0027662336002194331 -0.0020886167077294069 0.013133860745579812 0.0071105356812831248 0.0070485474905402148 0.0057063654950651153 0.0071685193028590407 -0.00028679691798187522 -0.0080887726671869734 -0.0076932354557449735 0.0010120178536010939 -0.0026874421954924915
leaf_weight=296 21 38 20 20 99 24 20 640 1221 54 104 32 23 22 78 38 220 37 31 74 172 815 100
leaf_count=296 21 38 20 20 99 24 20 640 1221 54 104 32 23 22 78 38 220 37 31 74 172 815 100
internal_value=-0.00102286 0.000461615 0.000292907 -0.000273945 0.00285985 0.00576555 0.0131818 -0.000704058 -0.00455717 5.15452e-05 0.00346774 0.00378788 0.00730769 0.0116667 -0.000266718 0.00194444 0.000956112 0.0015 0.00382353 -0.000695068 -0.000437081 5.75255e-06 0.000617976
internal_weight=4199 2957 2919 2391 528 209 44 2095 1242 1455 124 165 65 42 1331 216 319 100 68 1115 1041 869 178
internal_count=4199 2957 2919 2391 528 209 44 2095 1242 1455 124 165 65 42 1331 216 319 100 68 1115 1041 869 178
cat_boundaries=0 1
cat_threshold=4
is_linear=0
shrinkage=0.05


Tree=13
num_leaves=24
num_cat=1
split_feature=0 4 17 16 12 36 7 5 5 2 5 7 7 2 16 2 15 14 15 5 5 5 9
split_gain=137.009 4.56082 4.07054 3.27602 1.6129 1.4674 1.58252 2.11642 1.33466 1.16667 1.09855 1.74822 1.05125 1.0924 1.18699 0.889815 0.750669 0.718085 0.625 0.432187 0.385284 0.381349 0.378788
threshold=0 1.0000000180025095e-35 74.884166666666673 1.0000000180025095e-35 1.0000000180025095e-35 0.77817982487016224 1.5000000000000002 1.1776060574645986 1.0596748834202809 2033.5000000000002 0.95125794861024027 1.0000000180025095e-35 2.5000000000000004 2034.5000000000002 1.4758333333333338 2030.5000000000002 25.012291305676673 42045.363670888539 49.752778293404454 1.0871140789853733 1.0205400194928897 0.79218722710116374 6677.1569557708253
decision_type=1 2 2 2 2 2 2 2 2 2 2 2 2 2 2 2 2 2 2 2 2 2 2
left_child=1 2 5 -3 -2 6 7 8 9 -1 11 -4 13 14 -5 -16 -6 -8 -9 -12 -15 -13 -21
right_child=4 3 10 12 16 -7 17 18 -10 -11 19 21 -14 20 15 -17 -18 -19 -20 22 -22 -23 -24
leaf_value=0.02101077388069424 -0.011487545603892939 0.015337378003925676 0.0069241497247011126 0.0062758651545604645 -0.0028146894797349757 0.012402353678641427 0.038878755421741074 0.0273575761445661 0.010178720601719364 0.018633437831327319 0.009072284519243478 0.013174611423498302 0.0083264601787800992 0.0032656599192974582 0.0042293038175841768 0.0042696927554888991 0.025744471105037428 0.022095553673259258 0.017370109820209183 0.0099720174867942504 0.00089205944281787986 0.020153697137642798 0.0091278916850864485
leaf_weight=35 3606 29 28 20 20 20 20 20 23 40 28 21 26 20 30 24 26 27 20 33 26 24 33
leaf_count=35 3606 29 28 20 20 20 20 20 23 40 28 21 26 20 30 24 26 27 20 33 26 24 33
internal_value=-0.000999049 0.0221095 0.0256452 0.0158571 -0.00450847 0.0303659 0.0317568 0.029058 0.025102 0.0283333 0.0198503 0.0244521 0.0128082 0.0108333 0.0145946 0.0107407 0.00478261 0.0396808 0.03875 0.0162766 0.00478261 0.0305556 0.0184848
internal_weight=4199 547 372 175 3652 205 185 138 98 75 167 73 146 120 74 54 46 47 40 94 46 45 66
internal_count=4199 547 372 175 3652 205 185 138 98 75 167 73 146 120 74 54 46 47 40 94 46 45 66
cat_boundaries=0 1
cat_threshold=32
is_linear=0
shrinkage=0.05


Tree=14
num_leaves=24
num_cat=2
split_feature=0 3 7 15 12 16 5 15 9 14 2 16 16 15 0 8 3 16 15 5 9 14 14
split_gain=125.547 41.9668 2.31805 1.89437 1.56111 1.22327 1.19401 1.00278 0.959925 1.21207 0.994579 0.804494 0.768505 0.750669 0.6676 0.801592 0.702063 0.765676 0.625 0.612951 1.16667 0.512121 0.510241
threshold=0 1.0000000180025095e-35 1.5000000000000002 156.2921917089777 1.0000000180025095e-35 1.0000000180025095e-35 1.012892594377331 70.886217027817565 40202.00068132046 43203.084249242173 2030.5000000000002 1.4758333333333338 2.1729166666666671 25.012291305676673 1 1.0000000180025095e-35 1.0000000180025095e-35 1.0000000180025095e-35 86.828601745182254 1.1776060574645986 4205.0603686627064 77506.516118676547 34504.457759630095
decision_type=1 2 2 2 2 2 2 2 2 2 2 2 2 2 1 2 2 2 2 2 2 2 2
left_child=1 2 3 5 14 -1 12 -8 9 22 18 21 -4 -6 15 -2 17 -17 -11 20 -12 -3 -7
right_child=4 11 6 -5 13 8 7 -9 -10 10 19 -13 -14 -15 -16 16 -18 -19 -20 -21 -22 -23 -24
leaf_value=0.026064554379182498 -0.0057119123265859618 -0.00018907967794099675 0.018096188112765376 0.0081814823690055712 -0.0026739550057482278 0.011539951193074147 0.026255608208275095 0.013021205577260851 0.011082189806906825 0.01092314081786191 0.0099291899350665933 -0.0032795676979972838 0.018926204652050967 0.024457247549785555 -0.019630062172334133 0.0038297628023715364 -0.025655502486580824 -0.001013173753048973 0.0094518841061246792 0.011148436235788435 0.0048020210868971536 0.0034788313318594301 0.016067458378878751
leaf_weight=33 737 24 50 24 20 63 36 24 20 20 21 101 23 26 2574 26 83 186 20 27 21 20 20
leaf_count=33 737 24 50 24 20 63 36 24 20 20 21 101 23 26 2574 26 83 186 20 27 21 20 20
internal_value=-0.000999049 0.0211221 0.0298259 0.0271561 -0.00435828 0.0284694 0.0352256 0.03 0.0270755 0.0259896 0.0225229 -0.00155173 0.0395205 0.00478261 -0.00448697 -0.00327255 -0.0011017 0.000424527 0.01625 0.0261594 0.022381 0.00409091 0.0305422
internal_weight=4199 547 402 269 3652 245 133 60 212 192 109 145 73 46 3606 1032 295 212 40 69 42 44 83
internal_count=4199 547 402 269 3652 245 133 60 212 192 109 145 73 46 3606 1032 295 212 40 69 42 44 83
cat_boundaries=0 1 2
cat_threshold=32 132
is_linear=0
shrinkage=0.05


Tree=15
num_leaves=24
num_cat=3
split_feature=0 3 4 16 15 12 16 5 5 16 15 2 0 8 4 3 14 16 5 5 1 5 7
split_gain=112.498 37.1246 8.85253 2.60774 2.27831 1.55644 1.05911 1.02912 1.88284 0.804494 0.750669 0.585281 0.584855 0.71591 0.791483 1.02498 0.512121 0.50543 0.482411 0.869865 0.654639 0.571712 0.406349
threshold=0 1.0000000180025095e-35 1.0000000180025095e-35 1.0000000180025095e-35 157.59465392935701 1.0000000180025095e-35 3.485125 0.8683379809646673 0.99399758775364122 1.4758333333333338 25.012291305676673 2031.5000000000002 1 1.0000000180025095e-35 1.0000000180025095e-35 1.0000000180025095e-35 77506.516118676547 1.4758333333333338 1.0596748834202809 1.1347049787747847 2 0.60620533040346569 2.5000000000000004
decision_type=1 2 2 2 2 2 2 2 2 2 2 2 1 2 2 2 2 2 2 2 1 2 2
left_child=1 2 4 -4 6 12 18 -5 -9 16 -7 -10 13 -2 15 17 -3 22 21 -20 -21 -1 -15
right_child=5 9 3 7 -6 10 -8 8 11 -11 -12 -13 -14 14 -16 -17 -18 -19 19 20 -22 -23 -24
leaf_value=0.018364375003991261 -0.005426316710256663 -0.00017962569404395142 0.013492855348321212 0.0012350351732595679 0.017089711246180441 -0.0025402572554608185 0.0097448192435100611 0.0075783126069172459 0.0044059063507899043 -0.003115589313097418 0.023234385172296281 0.0046741192017296434 -0.018648559063717426 0.0035232235950783345 -0.014270003819281158 -0.024099907089351356 0.0033048897652664579 0.00040260327470111143 0.015420647863943203 0.014751123491263857 0.025116054321986332 0.018869278371141388 0.00038448451367077344
leaf_weight=20 737 24 26 25 22 20 28 26 27 101 26 28 2574 24 96 59 20 95 25 36 35 104 21
leaf_count=20 737 24 26 25 22 20 28 26 27 101 26 28 2574 24 96 59 20 95 25 36 35 104 21
internal_value=-0.00116575 0.0197756 0.0279602 0.0173485 0.0331481 -0.00434462 0.0345161 0.0138679 0.0166049 -0.00155173 0.00478261 0.0113636 -0.0044731 -0.00332054 -0.00127119 0.000527637 0.00409091 0.00285714 0.0356818 0.0330208 0.0358451 0.0377419 0.00722222
internal_weight=4199 547 402 132 270 3652 248 106 81 145 46 55 3606 1032 295 199 44 140 220 96 71 124 45
internal_count=4199 547 402 132 270 3652 248 106 81 145 46 55 3606 1032 295 199 44 140 220 96 71 124 45
cat_boundaries=0 1 2 3
cat_threshold=32 132 1
is_linear=0
shrinkage=0.05


Tree=16
num_leaves=24
num_cat=2
split_feature=0 4 16 17 18 36 12 8 5 6 5 5 5 15 0 16 15 16 14 5 5 9 14
split_gain=100.474 5.04395 3.51575 2.34256 1.55204 1.57771 1.53321 1.37241 1.14172 0.819471 0.811822 0.795583 1.66667 0.750669 0.692003 0.747402 0.648382 0.646552 0.61655 0.585966 0.840753 0.583229 0.496915
threshold=0 1.0000000180025095e-35 1.0000000180025095e-35 74.884166666666673 1.0000000180025095e-35 0.05862795281634519 1.0000000180025095e-35 1.0000000180025095e-35 0.95604214863564396 1.0000000180025095e-35 1.0871140789853733 0.82727239353578796 0.99399758775364122 25.012291305676673 1 1.0000000180025095e-35 87.796375927012051 1.0000000180025095e-35 76107.804796476528 1.1943901211755916 0.90661399244645735 13884.561772756344 30577.265212828435
decision_type=1 2 2 2 2 2 2 2 2 2 2 2 2 2 1 2 2 2 2 2 2 2 2
left_child=1 3 -3 4 -1 7 14 17 9 16 -10 -4 -13 -8 15 -2 -5 -6 -12 20 -19 22 -14
right_child=6 2 11 8 5 -7 13 -9 10 -11 18 12 21 -15 -16 -17 -18 19 -20 -21 -22 -23 -24
leaf_value=0.017286917725910206 0.000389486354311795 0.012672322014045466 0.00034437438690939557 0.007154862883864601 0.024971279023439003 0.014365464229202873 -0.0024132443926877726 0.024022098795359985 0.0072043769022997169 0.017974146573279889 0.0087430623186092616 0.0065566822642101428 0.0035192272053873085 0.022072665913681469 -0.017716131110531556 -0.0052688297009059947 0.010471396502226137 0.012064463656461459 0.0063874582335408719 0.013564866891624486 0.0078297535937786027 0.0049881506367904973 -0.00024412755825207701
leaf_weight=20 117 29 26 31 29 30 20 39 26 21 27 40 20 26 2574 915 23 34 39 22 31 22 38
leaf_count=20 117 29 26 31 29 30 20 39 26 21 27 40 20 26 2574 915 23 34 39 22 31 22 38
internal_value=-0.00127292 0.0185188 0.0118571 0.0221505 0.0257317 0.0271622 -0.00427635 0.0291935 0.0177545 0.0223333 0.0140217 0.00869863 0.0104167 0.00478261 -0.00440377 -0.00317658 0.0190741 0.0264655 0.0169697 0.0243103 0.0219231 0.00625 0.00362069
internal_weight=4199 547 175 372 205 185 3652 155 167 75 92 146 120 46 3606 1032 54 116 66 87 65 80 58
internal_count=4199 547 175 372 205 185 3652 155 167 75 92 146 120 46 3606 1032 54 116 66 87 65 80 58
cat_boundaries=0 1 2
cat_threshold=32 132
is_linear=0
shrinkage=0.05


Tree=17
num_leaves=24
num_cat=1
split_feature=3 12 16 4 6 15 15 19 5 16 2 7 15 2 15 15 5 1 9 9 5 5 5
split_gain=7.48633 2.77843 1.91681 1.79506 1.93941 0.747759 1.08 0.687223 0.504161 0.876531 0.646027 0.450373 1.72829 0.449643 0.461538 0.444077 0.593927 0.391507 0.366049 1.12201 0.311111 0.309675 0.526018
threshold=1.0000000180025095e-35 1.0000000180025095e-35 1.0000000180025095e-35 1.0000000180025095e-35 1.0000000180025095e-35 116.28100362387077 140.63016145694462 1.0000000180025095e-35 0.68072289182799695 1.756416666666667 2031.5000000000002 2.5000000000000004 45.901977681964993 2031.5000000000002 75.935592130221409 82.822949980327493 0.95125794861024027 0 3743.3427231533219 26141.819359080404 1.0062036727854309 0.82727239353578796 0.97590027831923531
decision_type=2 2 2 2 2 2 2 2 2 2 2 2 2 2 2 2 2 1 2 2 2 2 2
left_child=1 2 5 4 8 13 -7 -6 9 -4 -11 15 -13 14 -1 -9 -17 -12 20 -20 -14 -5 -23
right_child=-2 -3 3 21 7 6 -8 11 -10 10 17 12 18 -15 -16 16 -18 -19 19 -21 -22 22 -24
leaf_value=0.0071864047378666284 -0.01980309922237862 0.0342841593774229 -0.0009727682856996234 -0.013418927665958306 -0.0032911488163970453 0.012751898369613544 0.0062099535501991716 0.00053837937731014511 -0.001389378614636721 -0.0018180434431733729 0.0017596419661781257 0.014935659190583792 0.0059447143329762649 0.00090471590311743961 -0.0039423453649011422 0.010933838170388562 -0.00018054871073198698 0.0055223332857930463 0.012011552028804214 -0.0043273014953331993 -0.002726762224316651 0.00046254042264239108 -0.0067490077309460914
leaf_weight=78 1242 38 109 181 30 30 50 84 1275 28 20 46 24 174 26 32 27 23 21 20 21 171 449
leaf_count=78 1242 38 109 181 30 30 50 84 1275 28 20 46 24 174 26 32 27 23 21 20 21 171 449
internal_value=-0.00138009 -1.18375e-05 -0.000186709 -0.000665757 0.000227272 0.00324022 0.0075 0.00385246 -0.000532647 0.00194444 0.0062676 0.00463636 0.00674242 0.00201439 0.00461538 0.00269231 0.00601695 0.0101163 0.00255814 0.00597561 -0.000555557 -0.00262797 -0.00209678
internal_weight=4199 2957 2919 2561 1760 358 80 305 1455 180 71 275 132 278 104 143 59 43 86 41 45 801 620
internal_count=4199 2957 2919 2561 1760 358 80 305 1455 180 71 275 132 278 104 143 59 43 86 41 45 801 620
cat_boundaries=0 1
cat_threshold=2
is_linear=0
shrinkage=0.05


Tree=18
num_leaves=24
num_cat=2
split_feature=0 4 17 16 7 12 16 5 5 9 15 7 5 5 2 5 7 5 15 0 7 4 14
split_gain=98.1133 4.26931 2.4082 2.05847 1.60689 1.53321 0.900611 1.46523 1.22409 1.33035 1.11364 0.882411 0.945759 1.52002 1.62976 0.804798 1.30944 0.811822 0.750669 0.692003 0.687824 0.927204 0.61655
threshold=0 1.0000000180025095e-35 74.884166666666673 1.0000000180025095e-35 2.5000000000000004 1.0000000180025095e-35 1.0000000180025095e-35 0.69157279007383188 1.1943901211755916 865.48227627154677 57.671785690171546 2.5000000000000004 1.1057560744425055 0.78493427256843895 2034.5000000000002 0.95604214863564396 1.5000000000000002 1.0871140789853733 25.012291305676673 1 1.0000000180025095e-35 1.0000000180025095e-35 76107.804796476528
decision_type=1 2 2 2 2 2 2 2 2 2 2 2 2 2 2 2 2 2 2 1 2 2 2
left_child=1 2 4 -3 6 19 -1 -8 9 -9 -11 12 13 -5 -15 16 -4 -17 -7 20 -2 -22 -19
right_child=5 3 15 11 -6 18 7 8 -10 10 -12 -13 -14 14 -16 17 -18 22 -20 -21 21 -23 -24
leaf_value=0.025622153112916303 -0.0062310662645854208 0.011811364137521372 0.006629873885975926 -3.6403307429956848e-05 0.020459803454877731 -0.0037363550739892104 0.016880564084902353 0.010357422605445615 0.013143796237371375 0.0063428109086495627 0.010941807568240623 0.006233950172550057 0.0012518179651921256 0.0057697162778980789 0.0023187544500771289 0.0069136269879165576 0.015330718132992206 0.0083753781334106256 0.019254824649126256 -0.016732060847483871 -0.00028898862680801603 -0.013284392984790972 0.0061375542525956622
leaf_weight=37 511 29 44 21 35 20 24 34 31 22 22 26 43 35 21 26 31 27 26 2574 354 167 39
leaf_count=37 511 29 44 21 35 20 24 34 31 22 22 26 43 35 21 26 31 27 26 2574 354 167 39
internal_value=-0.00130865 0.0182495 0.0216129 0.0121429 0.0252439 -0.00427635 0.0232353 0.0213158 0.0188532 0.0155128 0.00977273 0.00972603 0.00791667 0.0112338 0.0155357 0.0171557 0.021 0.0140217 0.00478261 -0.00440377 -0.00317658 -0.00192898 0.0169697
internal_weight=4199 547 372 175 205 3652 170 133 109 78 44 146 120 77 56 167 75 92 46 3606 1032 521 66
internal_count=4199 547 372 175 205 3652 170 133 109 78 44 146 120 77 56 167 75 92 46 3606 1032 521 66
cat_boundaries=0 1 2
cat_threshold=32 132
is_linear=0
shrinkage=0.05


Tree=19
num_leaves=24
num_cat=2
split_feature=0 3 4 14 7 0 7 16 5 5 5 16 5 9 15 2 7 3 4 7 4 7 3
split_gain=88.2062 30.4303 4.43134 2.27916 1.81095 1.00997 0.985936 0.95671 0.940414 0.934272 1.34539 0.931558 0.820062 1.30399 0.775408 1.00201 0.761552 0.741279 0.845259 0.661708 0.761932 0.595789 0.540279
threshold=0 1.0000000180025095e-35 1.0000000180025095e-35 152534.41816955732 1.5000000000000002 1 2.5000000000000004 1.0000000180025095e-35 1.012892594377331 1.1415607775418246 0.88677049098292526 1.0000000180025095e-35 1.0596748834202809 1718.1749516639045 71.878914258797877 2030.5000000000002 1.0000000180025095e-35 1.0000000180025095e-35 1.0000000180025095e-35 1.5000000000000002 1.0000000180025095e-35 2.5000000000000004 1.0000000180025095e-35
decision_type=1 2 2 2 2 1 2 2 2 2 2 2 2 2 2 2 2 2 2 2 2 2 2
left_child=1 2 3 6 9 11 7 -1 -6 10 -4 17 14 -14 15 -9 -17 18 -2 -13 22 -3 -21
right_child=5 21 4 -5 8 -7 -8 12 -10 -11 -12 19 13 -15 -16 16 -18 -19 -20 20 -22 -23 -24
leaf_value=0.022878897469368862 0.0023790816442434406 -0.0029842297039479643 0.0019850336338320795 0.01657671512169891 0.006553450426070387 -0.015843173827445965 0.020235347687087433 0.012191293860105829 0.0083519231608212511 0.0024163419241413648 0.0072372303386821664 -0.006354457975261356 0.0085648131301198274 0.0075865565841661169 0.011800361753313693 0.0099504545006559673 0.018764681494129069 -0.029721852560227337 -0.015001617712412919 0.00056734044205632779 -0.011439322286459729 0.0078180765036366257 -0.021270463304919187
leaf_weight=22 65 119 22 28 23 2607 38 20 26 26 35 600 30 51 38 21 22 34 21 159 110 26 56
leaf_count=22 65 119 22 28 23 2607 38 20 26 26 35 600 30 51 38 21 22 34 21 159 110 26 56
internal_value=-0.00146344 0.0170826 0.0244776 0.0281481 0.0169697 -0.00427635 0.0297107 0.0283333 0.0245918 0.0124699 0.0160526 -0.0028673 0.0271429 0.0233951 0.0301485 0.026746 0.0310465 0.00125 0.00372093 -0.00343243 -0.00161539 -0.00224138 0.000116278
internal_weight=4199 547 402 270 132 3652 242 204 49 83 57 1045 182 81 101 63 43 120 86 925 325 145 215
internal_count=4199 547 402 270 132 3652 242 204 49 83 57 1045 182 81 101 63 43 120 86 925 325 145 215
cat_boundaries=0 1 2
cat_threshold=32 132
is_linear=0
shrinkage=0.05


Tree=20
num_leaves=24
num_cat=0
split_feature=3 12 16 4 6 14 7 14 9 11 11 11 14 7 2 14 2 16 11 11 14 8 5
split_gain=6.5653 2.35642 2.03047 1.46198 1.31271 0.710873 0.563093 1.0112 0.820699 0.513891 0.467451 0.583639 0.898179 0.75421 0.946579 0.728728 0.550408 0.42031 0.401513 0.711118 0.395038 0.421607 0.385284
threshold=1.0000000180025095e-35 1.0000000180025095e-35 1.0000000180025095e-35 1.0000000180025095e-35 1.0000000180025095e-35 2748.6310034342155 2.5000000000000004 75092.999018653514 7833.532896451964 0.079793405386055741 0.39608128591185054 0.10501697742773525 86445.366152121409 2.5000000000000004 2033.5000000000002 63193.011779459252 2030.5000000000002 1.4758333333333338 0.10501697742773525 0.21267961278353706 42045.363670888539 1.0000000180025095e-35 0.9297071399625868
decision_type=2 2 2 2 2 2 2 2 2 2 2 2 2 2 2 2 2 2 2 2 2 2 2
left_child=1 2 10 4 18 -2 17 8 9 -8 11 12 15 14 -14 20 -12 22 -4 -20 21 -1 -6
right_child=5 -3 3 -5 6 -7 7 -9 -10 -11 16 -13 13 -15 -16 -17 -18 -19 19 -21 -22 -23 -24
leaf_value=0.0030956643515531648 0.0050202614573715588 0.030993823766593726 -0.0021394719968590528 -0.0064920887753348562 0.013799422659672085 -0.017944381178622102 -0.0012488375133196752 -0.0001856914518355581 0.011850008168697097 0.0065832087186340101 0.0035809711220606139 0.015786057328081176 -0.0011836612215821217 0.013769465601823547 0.011268106866415332 -0.0066822622350479772 -0.0019113549021086479 -0.0010725917624095417 0.0049354824601028566 -0.00010786351679725657 0.0044077323976576561 -0.0029811670316632522 0.0012523758550322609
leaf_weight=46 21 38 956 801 20 1221 22 65 23 39 32 20 36 22 35 37 79 110 26 473 31 20 26
leaf_count=46 21 38 956 801 20 1221 22 65 23 39 32 20 36 22 35 37 79 110 26 473 31 20 26
internal_value=-0.0015468 -0.000265473 -0.000426517 -0.000919564 -0.000113638 -0.00459742 0.00286885 0.00506711 0.00869047 0.00565574 0.00310056 0.00431174 0.00359031 0.00736559 0.00485915 0.000970148 0.000405404 0.00076923 -0.000738833 0.00041082 0.00324742 0.0010606 0.00478261
internal_weight=4199 2957 2919 2561 1760 1242 305 149 84 61 358 247 227 93 71 134 111 156 1455 499 97 66 46
internal_count=4199 2957 2919 2561 1760 1242 305 149 84 61 358 247 227 93 71 134 111 156 1455 499 97 66 46
is_linear=0
shrinkage=0.05


Tree=21
num_leaves=24
num_cat=2
split_feature=0 3 4 15 5 12 7 16 15 7 18 2 0 16 15 16 2 15 3 4 2 8 4
split_gain=84.7564 26.98 3.46318 2.43513 1.85345 1.19593 1.11455 1.40548 0.95679 1.17467 0.583941 0.600214 0.579345 0.621896 0.543311 0.51309 0.49337 0.668896 0.483516 0.571429 0.551315 0.381786 0.401976
threshold=0 1.0000000180025095e-35 1.0000000180025095e-35 157.59465392935701 1.1415607775418246 1.0000000180025095e-35 2.5000000000000004 1.0000000180025095e-35 55.61385114553012 1.0000000180025095e-35 1.0000000180025095e-35 2038.5000000000002 1 1.0000000180025095e-35 25.012291305676673 1.4758333333333338 2030.5000000000002 70.302322041952422 1.0000000180025095e-35 1.0000000180025095e-35 2031.5000000000002 1.0000000180025095e-35 1.0000000180025095e-35
decision_type=1 2 2 2 2 2 2 2 2 2 2 2 1 2 2 2 2 2 2 2 2 2 2
left_child=1 2 3 6 8 12 7 -1 9 -4 -9 16 13 18 -7 -3 17 -12 19 20 -2 -15 -23
right_child=5 15 4 -5 -6 14 -8 10 -10 -11 11 -13 -14 21 -16 -17 -18 -19 -20 -21 -22 22 -24
leaf_value=0.024449480259926812 0.0022378149493242224 0.0021988633427519606 0.0026329591527653844 0.012386284183476821 0.0038358886687837762 -0.0046516383866053281 0.019109277402014138 0.0073483491257058543 0.0082636416552130006 0.0058454872365805034 0.011602939197936512 0.012898408132483162 -0.015006114061097109 -0.0052528078220648398 0.016887070372956062 -0.0020578184496109898 0.009873139898824608 0.0079514467298236729 -0.02783565926806458 -0.014155969081686849 0.00014951924130714026 -0.00069457368553197513 -0.010557655536336766
leaf_weight=23 22 44 21 22 39 20 39 22 49 23 26 23 2574 654 26 101 92 23 33 21 41 178 83
leaf_count=23 22 44 21 22 39 20 39 22 49 23 26 23 2574 654 26 101 92 23 33 21 41 178 83
internal_value=-0.0015468 0.0166338 0.023607 0.0268519 0.0169697 -0.00430366 0.0282661 0.0268182 0.0208065 0.0154545 0.0253763 0.0264024 -0.00441764 -0.00327255 0.00369565 -0.00155173 0.0276241 0.0235714 0.000128204 0.00214286 0.00452381 -0.00374317 -0.00212644
internal_weight=4199 547 402 270 132 3652 248 209 93 44 186 164 3606 1032 46 145 141 49 117 84 63 915 261
internal_count=4199 547 402 270 132 3652 248 209 93 44 186 164 3606 1032 46 145 141 49 117 84 63 915 261
cat_boundaries=0 1 2
cat_threshold=32 132
is_linear=0
shrinkage=0.05


Tree=22
num_leaves=24
num_cat=2
split_feature=0 3 4 7 15 0 7 16 7 4 3 16 18 2 14 15 9 16 7 2 15 10 9
split_gain=79.2083 25.145 4.61336 2.39127 2.3233 0.946143 0.876382 0.977769 0.844442 1.22136 1.20923 0.953254 0.583941 0.600214 0.783429 0.592818 0.62069 0.51309 0.480769 0.463584 0.450426 0.503113 0.343133
threshold=0 1.0000000180025095e-35 1.0000000180025095e-35 2.5000000000000004 157.59465392935701 1 2.5000000000000004 1.0000000180025095e-35 1.0000000180025095e-35 1.0000000180025095e-35 1.0000000180025095e-35 1.0000000180025095e-35 1.0000000180025095e-35 2038.5000000000002 43203.084249242173 58.568473776007473 9974.1753924923305 1.4758333333333338 1.0000000180025095e-35 2030.5000000000002 38.355267274579568 1.0000000180025095e-35 394.05334507355502
decision_type=1 2 2 2 2 1 2 2 2 2 2 2 2 2 2 2 2 2 2 2 2 2 2
left_child=1 2 4 22 6 8 7 -1 -2 10 11 -10 -9 14 18 -16 -17 -3 -14 -13 21 -21 -4
right_child=5 17 3 -5 -6 -7 -8 12 9 -11 -12 19 13 -15 15 16 -18 -19 -20 20 -22 -23 -24
leaf_value=0.023227006246930467 -0.0051566917482476432 0.0020889201756143666 0.0018703824315216306 0.010414155654439941 0.011766969974302984 -0.014238944823310631 0.018153813531913435 0.0069809316694205634 0.0045934521074006305 -0.011415630204332946 -0.020341377638689411 0.00068613174938179228 0.0078116244977019678 0.012253487725859 0.0081542787808011868 0.0071053027842638162 0.0095495387947196631 -0.0019549275271304421 0.016088678407100831 -0.0004859874027257152 -0.00090888430693070199 0.0042941622088257065 0.0056198704227697844
leaf_weight=23 519 44 26 29 22 2607 39 22 29 168 100 70 26 23 31 29 29 101 26 20 112 27 77
leaf_count=23 519 44 26 29 22 2607 39 22 29 168 100 70 26 23 31 29 29 101 26 20 112 27 77
internal_value=-0.00157061 0.0160054 0.0227363 0.0150758 0.0264815 -0.00423539 0.0278629 0.0265789 -0.0028673 -0.00148289 0.000167597 0.00197674 0.0253763 0.0264024 0.0276241 0.0247753 0.0277586 -0.00155173 0.0325 0.000895195 -0.000597485 0.00351064 0.0115049
internal_weight=4199 547 402 132 270 3652 248 209 1045 526 358 258 186 164 141 89 58 145 52 229 159 47 103
internal_count=4199 547 402 132 270 3652 248 209 1045 526 358 258 186 164 141 89 58 145 52 229 159 47 103
cat_boundaries=0 1 2
cat_threshold=32 132
is_linear=0
shrinkage=0.05


Tree=23
num_leaves=24
num_cat=2
split_feature=0 3 4 15 7 5 5 0 7 4 3 16 7 16 5 5 11 5 5 15 15 2 10
split_gain=72.7005 22.8806 4.63381 2.58443 2.17477 1.10711 2.34771 0.884268 0.844442 1.22136 1.20923 0.953254 0.783121 1.02108 0.857319 1.02599 0.9375 0.791246 0.71499 0.568182 0.545455 0.497261 0.530109
threshold=0 1.0000000180025095e-35 1.0000000180025095e-35 151.50986834272854 2.5000000000000004 1.1415607775418246 0.88037162294841587 1 1.0000000180025095e-35 1.0000000180025095e-35 1.0000000180025095e-35 1.0000000180025095e-35 2.5000000000000004 1.0000000180025095e-35 1.0596748834202809 0.87316366926095168 0.76884862789191122 1.2026241249255898 1.2286516858134353 57.198373584228371 54.715796972461256 2030.5000000000002 1.5000000000000002
decision_type=1 2 2 2 2 2 2 1 2 2 2 2 2 2 2 2 2 2 2 2 2 2 2
left_child=1 2 3 12 5 6 -4 8 -2 10 11 -10 13 -1 15 20 17 -16 21 -8 -15 -13 -23
right_child=7 -3 4 -5 -6 -7 19 -9 9 -11 -12 18 -14 14 16 -17 -18 -19 -20 -21 -22 22 -24
leaf_value=0.019111053977882896 -0.0048988571608352622 -0.00082787853164477399 0.0013756668126066363 0.011912383279998518 0.0098934478717179457 0.00097806141692789706 0.005206271773276783 -0.013526997582145098 0.0043637795020305958 -0.010844848694116302 -0.019324308756754942 0.0011688501579868828 0.01724612285531776 0.012655956333207832 0.0048910949992559917 0.010135837370851934 0.0068965485143081817 0.0093710439442961039 -0.0025119423712697676 0.0085209148896897239 0.0094521219653496847 -0.00055728072079954554 0.0030729401749917122
leaf_weight=22 519 145 27 26 29 32 22 2607 29 168 100 59 39 33 23 37 20 37 42 22 33 103 25
leaf_count=22 519 145 27 26 29 32 22 2607 29 168 100 59 39 33 23 37 20 37 42 22 33 103 25
internal_value=-0.00164206 0.0151975 0.0216169 0.0253704 0.0139394 0.010534 0.0140141 -0.00419443 -0.0028673 -0.00148289 0.000167597 0.00197674 0.0269672 0.0257317 0.0245082 0.0275243 0.020625 0.0175 0.000895195 0.0211364 0.0237879 0.00221925 0.000468749
internal_weight=4199 547 402 270 132 103 71 3652 1045 526 358 258 244 205 183 103 80 60 229 44 66 187 128
internal_count=4199 547 402 270 132 103 71 3652 1045 526 358 258 244 205 183 103 80 60 229 44 66 187 128
cat_boundaries=0 1 2
cat_threshold=32 132
is_linear=0
shrinkage=0.05


Tree=24
num_leaves=24
num_cat=3
split_feature=0 4 14 7 9 9 9 14 14 12 9 14 16 5 5 14 7 0 4 8 5 2 1
split_gain=64.1688 2.97751 1.93573 1.67468 1.59432 1.66935 1.52355 2.66864 1.98367 1.47363 1.42917 1.32014 0.906406 0.884059 1.28099 0.978002 0.842977 0.807982 0.983789 1.07861 0.621393 1.22042 0.610385
threshold=0 1.0000000180025095e-35 15224.15924458223 2.5000000000000004 5495.5914103797186 13320.461549423691 1614.1828285368777 60263.260917315893 26305.939935509199 1.0000000180025095e-35 9974.1753924923305 125177.10711749321 1.0000000180025095e-35 0.82727239353578796 0.98375327317343808 32768.411137658324 1.0000000180025095e-35 1 1.0000000180025095e-35 1.0000000180025095e-35 1.0341220573097172 2033.5000000000002 2
decision_type=1 2 2 2 2 2 2 2 2 2 2 2 2 2 2 2 2 1 2 2 2 2 1
left_child=1 2 -1 13 6 10 7 8 -4 12 -6 -9 17 -3 -15 -16 -8 18 19 -2 21 -7 -21
right_child=9 3 4 -5 5 20 16 11 -10 -11 -12 -13 -14 14 15 -17 -18 -19 -20 22 -22 -23 -24
leaf_value=0.019742178776074711 -0.0018457379383590015 -0.00031684681842982014 0.0065242832286247915 0.0076422185717221203 0.0073410033393651753 0.0091369191031915441 -0.0004923538698974355 0.00016172039833161185 0.011372279717141168 0.0093957606054358711 0.016813262810396561 0.01018216955512769 -0.00868028810993785 0.0053192895839024642 0.0032473808278110543 0.00078391062399507801 0.0163916125448163 -0.018941791296782466 -0.016325075901777442 0.0056800932997702284 0.0062113398524815573 0.0098690837605536139 0.0023033841342873442
leaf_weight=31 136 28 21 36 28 28 26 33 49 46 20 35 3182 35 21 55 20 161 77 24 50 31 26
leaf_count=31 136 28 21 36 28 28 26 33 49 46 20 35 3182 35 21 55 20 161 77 24 50 31 26
internal_value=-0.0017016 0.0141203 0.0169086 0.009 0.0158211 0.0195223 0.012663 0.0152899 0.0221429 -0.00409885 0.0272917 0.00823529 -0.00422352 0.00651079 0.00851351 0.00486842 0.00478261 -0.00205189 -0.000238096 0.00172043 0.0161009 0.0195763 0.008
internal_weight=4199 547 372 175 341 157 184 138 70 3652 48 68 3606 139 111 76 46 424 263 186 109 59 50
internal_count=4199 547 372 175 341 157 184 138 70 3652 48 68 3606 139 111 76 46 424 263 186 109 59 50
cat_boundaries=0 1 2 3
cat_threshold=32 156 1
is_linear=0
shrinkage=0.05


Tree=25
num_leaves=24
num_cat=2
split_feature=0 3 4 14 0 4 3 17 7 2 17 5 5 15 15 5 2 14 5 5 7 9 17
split_gain=57.8684 18.8441 3.53434 2.26852 1.54423 1.3546 1.67493 1.72461 1.71581 1.23805 1.16854 1.08234 1.3789 0.773001 2.08864 0.920778 0.661988 1.04809 0.654248 1.05219 0.537372 0.470417 0.402381
threshold=0 1.0000000180025095e-35 1.0000000180025095e-35 40285.991570939485 1 1.0000000180025095e-35 1.0000000180025095e-35 1.0000000180025095e-35 1.5000000000000002 2037.5000000000002 1.0000000180025095e-35 0.8683379809646673 0.96905256789785377 84.451189777756809 147.82619783045143 0.79910182006429553 2032.5000000000002 26665.980208663746 0.86607280868335701 0.68614658175646159 2.5000000000000004 9279.7353801234076 82.258750000000006
decision_type=1 2 2 2 1 2 2 2 2 2 2 2 2 2 2 2 2 2 2 2 2 2 2
left_child=1 2 3 16 5 6 7 -2 -9 13 -4 -12 -13 15 -15 -5 -1 -18 19 -10 -3 -14 -20
right_child=4 20 10 9 -6 -7 -8 8 18 -11 11 12 21 14 -16 -17 17 -19 22 -21 -22 -23 -24
leaf_value=0.011302316248650607 0.0023986184345288876 -0.0021265923935037847 0.0091067002370004285 0.0028118227926942491 -0.012479703525980185 -0.012164823833065073 -0.019165656908247869 -0.0028734803220662099 -0.00036642262870718655 0.012978782481421959 0.00033376773092939628 0.0051104628641851424 0.00081588140082855586 0.008157347899191 0.011752113754894877 0.0075538546129767063 0.020225639022657144 0.013970228757943143 0.0018893086684184037 0.00094099216396039429 0.0077133170810141458 0.0037377361273809515 -0.0042853694425162153
leaf_weight=43 65 119 26 21 2607 325 218 278 22 39 25 23 38 43 27 50 26 21 84 32 26 20 21
leaf_count=43 65 119 26 21 2607 325 218 278 22 39 25 23 38 43 27 50 26 21 84 32 26 20 21
internal_value=-0.0017135 0.0133124 0.0191294 0.0224074 -0.00398962 -0.00229858 -0.00111111 0.000478086 -0.000652175 0.0191667 0.0124242 0.0100943 0.0129012 0.0169858 0.0207143 0.0133099 0.0288889 0.0247872 0.00349056 0.00796296 -0.00189655 0.0087931 0.00119047
internal_weight=4199 547 402 270 3652 1045 720 502 437 180 132 106 81 141 70 71 90 47 159 54 145 58 105
internal_count=4199 547 402 270 3652 1045 720 502 437 180 132 106 81 141 70 71 90 47 159 54 145 58 105
cat_boundaries=0 1 2
cat_threshold=32 132
is_linear=0
shrinkage=0.05


Tree=26
num_leaves=24
num_cat=3
split_feature=0 16 4 0 7 4 16 14 7 2 14 2 16 5 5 5 16 5 9 16 15 7 1
split_gain=51.8414 3.89033 2.1427 1.58632 1.5277 1.40341 1.46606 1.39065 1.3204 1.31698 1.26186 1.15243 1.0771 0.9294 0.820021 1.19723 0.59961 0.572024 0.540626 0.6183 0.505926 0.481667 0.625
threshold=0 1.0000000180025095e-35 1.0000000180025095e-35 1 2.5000000000000004 1.0000000180025095e-35 1.0000000180025095e-35 62457.191132181797 1.5000000000000002 2034.5000000000002 98325.613438700137 2029.5000000000002 2.1729166666666671 1.1204980527582669 0.8683379809646673 0.96905256789785377 1.756416666666667 1.294853711309133 25098.192414631474 3.485125 59.668990118102194 1.0000000180025095e-35 2
decision_type=1 2 2 1 2 2 2 2 2 2 2 2 2 2 2 2 2 2 2 2 2 2 1
left_child=1 7 4 5 10 6 -2 -1 -8 -6 12 -12 16 -9 -4 -16 21 20 19 -10 -17 22 -3
right_child=3 2 14 -5 9 -7 8 13 18 -11 11 -13 -14 -15 15 17 -18 -19 -20 -21 -22 -23 -24
leaf_value=0.01866377689392705 0.00063966191556389393 0.0054632431430933198 -0.00038340373169864518 -0.011855718349681178 0.0076990588537134298 -0.01155658264141182 -0.0034764791835471716 0.01048930972733848 0.0017126504200390921 0.015163673548609364 0.0040866009438710943 0.0039942157641435719 0.0039467350379337176 0.015128061902582816 0.0047406643382471199 -0.00065597128161617166 0.0093531582958169043 0.0029438507113433514 -0.0026193506110896098 -0.0038855825040355445 0.0030372421569473573 0.01007416643361995 0.0049173078410550365
leaf_weight=25 91 36 35 2607 33 325 414 25 139 21 21 58 63 22 27 31 33 20 42 34 33 40 24
leaf_count=25 91 36 35 2607 33 325 414 25 139 21 21 58 63 22 27 31 33 20 42 34 33 40 24
internal_value=-0.00180877 0.0124147 0.011 -0.00396232 0.0132371 -0.00225119 -0.00104167 0.0234722 -0.00189984 0.0209259 0.0117273 0.0063924 0.0138775 0.0184043 0.0059589 0.00806306 0.0164286 0.00511905 0.00127907 0.00251445 0.0028125 0.0145 0.0116667
internal_weight=4199 547 475 3652 329 1045 720 72 629 54 275 79 196 47 146 111 133 84 215 173 64 100 60
internal_count=4199 547 475 3652 329 1045 720 72 629 54 275 79 196 47 146 111 133 84 215 173 64 100 60
cat_boundaries=0 1 2 3
cat_threshold=32 132 1
is_linear=0
shrinkage=0.05


Tree=27
num_leaves=24
num_cat=2
split_feature=0 3 4 16 15 0 14 7 4 3 7 7 5 5 15 5 2 17 10 16 9 16 14
split_gain=46.6835 14.8462 2.35932 2.75238 1.90158 1.44107 1.39233 1.35286 1.05406 1.47441 1.15246 0.916093 0.832622 1.85911 1.15346 0.734127 0.880952 0.801099 0.674298 0.656805 0.625541 0.604181 0.555886
threshold=0 1.0000000180025095e-35 1.0000000180025095e-35 1.0000000180025095e-35 139.82270853467313 1 3266.7929921612026 2.5000000000000004 1.0000000180025095e-35 1.0000000180025095e-35 1.0000000180025095e-35 2.5000000000000004 0.88677049098292526 1.1415607775418246 57.198373584228371 1.3246791633457937 2029.5000000000002 74.884166666666673 1.0000000180025095e-35 2.1729166666666671 2706.07962273466 1.0000000180025095e-35 29574.092071284296
decision_type=1 2 2 2 2 1 2 2 2 2 2 2 2 2 2 2 2 2 2 2 2 2 2
left_child=1 2 3 -1 7 6 -2 19 9 10 21 12 -4 14 -14 16 20 18 -18 -5 -12 -8 -21
right_child=5 -3 11 4 -6 -7 8 -9 -10 -11 15 -13 13 -15 -16 -17 17 -19 -20 22 -22 -23 -24
leaf_value=0.021078468136060124 0.016516274702474531 -0.0015210110351123371 0.0005568338739582291 0.0089000472778156935 0.003048149131094868 -0.011262932432197122 0.00038056195439185262 0.013370521758950555 -0.011078243415999696 -0.018636775335722163 0.00024315139618331818 0.0080368640513289995 0.0042462532689702777 0.00059112014113868135 0.0076914823226582277 -0.0032563911447678257 6.5914434246295246e-05 -0.00039376877508529116 0.0044697656336839782 0.0036794663244966888 0.0017952782468816362 -0.0031791708947572412 0.0048319887392833764
leaf_weight=28 24 145 29 124 34 2607 35 36 316 213 21 29 22 32 20 30 42 90 36 21 33 205 27
leaf_count=28 24 145 29 124 34 2607 35 36 316 213 21 29 22 32 20 30 42 90 36 21 33 205 27
internal_value=-0.00189212 0.0116068 0.0167662 0.0194444 0.0177273 -0.00393501 -0.00229858 0.0195192 -0.00260039 -0.00152482 -2.03264e-05 0.0112879 0.00907767 0.0118919 0.0188095 0.00234127 0.00333333 0.00154762 0.00525641 0.0176744 0.00888889 -0.0025 0.0127083
internal_weight=4199 547 402 270 242 3652 1045 208 1021 705 492 132 103 74 42 252 222 168 78 172 54 240 48
internal_count=4199 547 402 270 242 3652 1045 208 1021 705 492 132 103 74 42 252 222 168 78 172 54 240 48
cat_boundaries=0 1 2
cat_threshold=32 132
is_linear=0
shrinkage=0.05


Tree=28
num_leaves=24
num_cat=2
split_feature=0 3 16 7 8 0 3 16 15 7 16 11 14 7 15 14 2 15 15 15 9 14 15
split_gain=44.4688 14.0653 2.152 1.51069 1.42668 1.32667 1.13046 0.974492 0.869718 0.837619 0.792735 0.734884 0.656615 0.537372 0.534911 0.630861 0.51462 0.749048 0.495201 0.457518 0.444734 0.828347 0.75
threshold=0 1.0000000180025095e-35 1.0000000180025095e-35 2.5000000000000004 1.0000000180025095e-35 1 1.0000000180025095e-35 1.0000000180025095e-35 151.50986834272854 1.0000000180025095e-35 2.1729166666666671 0.10501697742773525 71425.9243169533 2.5000000000000004 78.075947847518833 42045.363670888539 2029.5000000000002 52.811123407476593 99.727677125721016 43.287282928919502 21215.587357742115 78024.023601291337 85.381981517116529
decision_type=1 2 2 2 2 1 2 2 2 2 2 2 2 2 2 2 2 2 2 2 2 2 2
left_child=1 2 12 8 -5 6 7 14 10 -9 20 -12 -1 -3 15 -2 17 -11 -19 -18 21 -4 -22
right_child=5 13 3 4 -6 -7 -8 9 -10 16 11 -13 -14 -15 -16 -17 19 18 -20 -21 22 -23 -24
leaf_value=0.017624706686286171 0.00029965452144692113 -0.0024105338056342562 0.0083104936943226137 0.0090849184635291378 0.009572492024186148 -0.010699785810587266 -0.018125544434521187 -0.0037247373176694737 0.0029945929370825313 -0.0047066947890984923 0.0024734181445081414 0.003525281958717829 0.013697829301322691 0.0069489924810367991 -0.0013064642015160259 0.0030388504157590544 0.00020931790368305939 0.0015013086762621216 0.00095989886315222856 -0.00086863310077194055 0.0065338951726284945 0.0028315911777188501 0.010195853307808804
leaf_weight=23 30 119 87 23 36 2607 320 304 26 28 36 41 31 26 30 26 92 23 27 165 20 49 30
leaf_count=23 30 119 87 23 36 2607 320 304 26 28 36 41 31 26 30 26 92 23 27 165 20 49 30
internal_value=-0.00192784 0.0112478 0.0162687 0.0148276 0.0221186 -0.00392136 -0.00234597 -0.00127586 0.0133391 -0.00194836 0.0142015 0.00993506 0.0255556 -0.00189655 0.00372093 0.00660714 -0.000223882 0.00333333 0.007 -0.0013035 0.0159677 0.0144853 0.02
internal_weight=4199 547 402 348 59 3652 1045 725 289 639 263 77 54 145 86 56 335 78 50 257 186 136 50
internal_count=4199 547 402 348 59 3652 1045 725 289 639 263 77 54 145 86 56 335 78 50 257 186 136 50
cat_boundaries=0 1 2
cat_threshold=32 132
is_linear=0
shrinkage=0.05


Tree=29
num_leaves=24
num_cat=0
split_feature=12 3 16 6 4 7 2 4 8 11 6 5 18 14 9 9 14 2 5 14 17 5 11
split_gain=4.35438 4.36284 2.28208 1.45893 1.09445 1.67102 0.798188 0.748257 0.718859 0.686806 0.68511 0.672203 0.677169 0.812055 0.633333 0.598755 0.549139 0.59952 0.523709 0.349611 0.485759 0.563816 0.516452
threshold=1.0000000180025095e-35 1.0000000180025095e-35 1.0000000180025095e-35 1.0000000180025095e-35 1.0000000180025095e-35 2.5000000000000004 2038.5000000000002 1.0000000180025095e-35 1.0000000180025095e-35 0.57420758518164183 1.5000000000000002 0.98074084135780404 1.0000000180025095e-35 52859.402025917014 581.24256917423725 17357.159624221244 107755.81798655073 2029.5000000000002 0.75606233012901958 11169.636392033348 74.884166666666673 0.99972858438040657 1.0023835185756635
decision_type=2 2 2 2 2 2 2 2 2 2 2 2 2 2 2 2 2 2 2 2 2 2 2
left_child=1 2 3 7 5 10 11 8 9 16 19 12 -7 18 -2 -5 17 -1 -14 -4 21 22 -21
right_child=14 -3 4 15 -6 6 -8 -9 -10 -11 -12 -13 13 -15 -16 -17 -18 -19 -20 20 -22 -23 -24
leaf_value=0.0033264203737707861 0.019455296533680611 -0.013158508192394724 -0.0048874320709028753 0.0052847844110788141 -0.0064965345404892731 0.0030756004298898628 0.0048603439154149795 -0.0018028089026735413 0.0051079768679773742 -0.0023820410510827657 0.0048324071546605885 -0.00083872231784710538 8.884578237409759e-05 -0.00013701495547509919 0.016157464995702975 0.003369136019531223 0.011360511886835598 -0.00016489077906346009 0.0044194999504568828 0.001719381088982281 -0.0025923872109949032 -0.0027358772438763534 -0.0023799763854942431
leaf_weight=33 27 1223 109 38 801 20 34 89 40 46 20 118 21 64 30 24 23 65 22 245 717 345 45
leaf_count=33 27 1223 109 38 801 20 34 89 40 46 20 118 21 64 30 24 23 65 22 245 717 345 45
internal_value=-0.00205882 -0.00224771 -0.00119733 0.0025419 -0.00172003 -0.00102273 0.00252688 0.00108108 0.00272947 0.00128742 -0.00169143 0.00153061 0.00405512 0.00247663 0.0116667 0.00951613 0.00326446 0.00163265 0.0077907 -0.00181725 -0.00159763 -0.000590552 0.00103448
internal_weight=4199 4142 2919 358 2561 1760 279 296 207 167 1481 245 127 107 57 62 121 98 43 1461 1352 635 290
internal_count=4199 4142 2919 358 2561 1760 279 296 207 167 1481 245 127 107 57 62 121 98 43 1461 1352 635 290
is_linear=0
shrinkage=0.05


Tree=30
num_leaves=24
num_cat=0
split_feature=3 12 16 4 7 7 4 15 14 2 2 14 15 14 14 14 14 14 8 5 17 2 9
split_gain=4.15507 2.68951 1.74123 0.980505 1.10737 0.883923 0.83537 0.766293 0.704612 0.650581 0.498118 0.447471 0.628313 0.420575 0.517187 0.504171 0.405693 0.437635 0.401363 0.55346 0.640244 0.35331 0.350845
threshold=1.0000000180025095e-35 1.0000000180025095e-35 1.0000000180025095e-35 1.0000000180025095e-35 2.5000000000000004 1.5000000000000002 1.0000000180025095e-35 63.018471646829688 2748.6310034342155 2032.5000000000002 2037.5000000000002 105633.79119111237 142.59807230312961 38160.188036816093 63193.011779459252 86445.366152121409 11169.636392033348 67715.521830772239 1.5000000000000002 0.96905256789785377 73.879583333333343 2036.5000000000002 9586.3725881875816
decision_type=2 2 2 2 2 2 2 2 2 2 2 2 2 2 2 2 2 2 2 2 2 2 2
left_child=1 2 5 4 16 13 9 10 -2 -7 18 -9 -13 -1 -15 -16 -4 -18 19 -6 -21 -11 -17
right_child=8 -3 3 -5 7 6 -8 11 -10 21 -12 12 -14 14 15 22 17 -19 -20 20 -22 -23 -24
leaf_value=-0.00083457910026377396 0.0047860068012556276 0.025551509824696318 -0.0046452586571367081 -0.0061717078134648096 0.003631725765865703 0.0076417567982444597 0.0011458665162141998 -0.00083916052984318141 -0.012468071803555546 -0.00018488674890526982 0.0056064617310489732 0.00165075977094185 -0.00034557079315387544 0.0035579528732828367 -0.0050699543324598407 -0.00021379791731374246 -0.00036414348799596941 -0.002467748092661095 -0.0015739997013880357 0.011597516149915681 -0.0021122416833491697 0.0010032425441424313 0.0055474877023123127
leaf_weight=84 21 38 110 801 38 31 47 81 1221 20 21 26 42 38 34 32 689 682 30 20 21 21 51
leaf_count=84 21 38 110 801 38 31 47 81 1221 20 21 26 42 38 34 32 689 682 30 20 21 21 51
internal_value=-0.00213027 -0.00111092 -0.00128297 -0.00173956 -0.00107955 0.00198324 0.0055042 0.00181003 -0.00455717 0.00888889 0.00461538 -0.000637585 0.00235294 0.000230124 0.00177419 0.000128204 -0.0016239 -0.0013895 0.00325688 0.00512658 0.00109756 0.0047561 0.00222891
internal_weight=4199 2957 2919 2561 1760 358 119 279 1242 72 130 149 68 239 155 117 1481 1371 109 79 41 41 83
internal_count=4199 2957 2919 2561 1760 358 119 279 1242 72 130 149 68 239 155 117 1481 1371 109 79 41 41 83
is_linear=0
shrinkage=0.05


Tree=31
num_leaves=24
num_cat=3
split_feature=0 3 5 15 5 9 14 11 11 8 0 12 7 15 3 16 1 15 5 16 9 14 5
split_gain=39.8054 10.8889 1.41453 0.964413 1.17494 1.18268 1.12637 2.16991 1.49912 1.29652 0.939462 1.78652 1.04335 1.15532 0.796067 0.865818 0.761528 0.711151 1.25357 0.709172 0.625 0.512121 0.479356
threshold=0 1.0000000180025095e-35 0.54654052051512081 139.82270853467313 1.1204980527582669 10314.443191076054 87655.739213096036 0.10621153667363335 0.9984092495684993 1.0000000180025095e-35 1 1.0000000180025095e-35 1.5000000000000002 175.21295616805455 1.0000000180025095e-35 1.0000000180025095e-35 2 70.886217027817565 1.294853711309133 1.4758333333333338 12598.823285573399 77506.516118676547 1.0367651859622036
decision_type=1 2 2 2 2 2 2 2 2 2 1 2 2 2 2 2 1 2 2 2 2 2 2
left_child=1 2 -1 4 6 17 7 9 -9 -4 11 12 -2 14 15 -14 -10 18 -6 21 -8 -3 -5
right_child=10 19 3 22 5 -7 20 8 16 -11 -12 -13 13 -15 -16 -17 -18 -19 -20 -21 -22 -23 -24
leaf_value=0.00062835279254227876 -0.0056734668191536211 -0.00025654281016849258 0.0055146570775684647 0.008257974664981519 0.0081098745312947786 0.0044713415720169158 0.0032203693024465603 0.011765794414493292 0.002356322858448728 0.009367469264954317 -0.017370424755974903 0.026812844253349732 0.0031999261034185555 0.0020056629345969836 -0.011771018447819834 -0.00059076217864412325 0.0070192792785837444 0.0010640921924582969 0.011827578972788697 -0.0014186269655286842 0.0075773335533580706 0.0029000294245361598 0.010316001216952978
leaf_weight=21 1354 24 68 23 30 41 20 28 24 29 1579 22 65 20 184 428 22 23 26 101 20 20 27
leaf_count=21 1354 24 68 23 30 41 20 28 24 29 1579 22 65 20 184 428 22 23 26 101 20 20 27
internal_value=-0.00211836 0.0103501 0.0147761 0.0154724 0.0164501 0.0125 0.0186967 0.0169298 0.0233784 0.0120103 -0.00400328 -0.00324772 -0.00341541 -0.00184362 -0.0021935 -0.00114605 0.0178261 0.00892405 0.0119643 -0.0012069 0.02625 0.00409091 0.009
internal_weight=4199 547 402 381 331 120 211 171 74 97 3652 2073 2051 697 677 493 46 79 56 145 40 44 50
internal_count=4199 547 402 381 331 120 211 171 74 97 3652 2073 2051 697 677 493 46 79 56 145 40 44 50
cat_boundaries=0 1 2 3
cat_threshold=32 156 2
is_linear=0
shrinkage=0.05


Tree=32
num_leaves=24
num_cat=3
split_feature=0 3 4 17 14 14 2 0 12 17 4 8 5 5 5 2 2 7 14 5 1 7 4
split_gain=37.6885 8.44776 1.88006 1.99402 1.29423 1.0998 1.09149 1.00161 1.77438 1.03554 0.90666 1.55852 0.815308 0.866415 0.884113 0.79342 0.905339 1.02256 0.973046 0.8075 0.680985 0.59401 0.753657
threshold=0 1.0000000180025095e-35 1.0000000180025095e-35 1.0000000180025095e-35 28933.703654352354 18785.629984887375 2037.5000000000002 1 1.0000000180025095e-35 1.0000000180025095e-35 1.0000000180025095e-35 1.0000000180025095e-35 0.87576888871408942 1.1415607775418246 1.0341220573097172 2037.5000000000002 2027.5000000000002 1.5000000000000002 93498.908367756827 1.0039509067790955 2 1.5000000000000002 1.0000000180025095e-35
decision_type=1 2 2 2 2 2 2 1 2 2 2 2 2 2 2 2 2 2 2 2 1 2 2
left_child=1 2 3 -1 5 -5 12 8 9 10 11 -2 -4 14 -14 16 -6 18 -18 -17 -13 -11 -23
right_child=7 -3 6 4 15 -7 -8 -9 -10 21 -12 20 13 -15 -16 19 17 -19 -20 -21 -22 22 -24
leaf_value=0.018948959797315711 -0.0014518323428438064 -0.00017045692029342663 -0.00022216621069786406 0.016439543031822091 0.0063396151643127343 0.0076900608790823645 0.0065250005865270053 -0.016501903518176157 0.025472202040682249 -0.0059792199086225878 -0.013006583850681692 0.00082025633293727595 0.0025212628410056295 0.00043846417086364692 0.0050076184743762485 0.0092803569634650734 0.0044406503044905812 0.0082538198059264652 -0.00032287456436730431 0.0048446529981261595 0.0052408232476528864 -0.00028368767227937618 -0.0083749045030727162
leaf_weight=28 136 145 25 29 29 21 23 1579 22 1182 77 21 31 32 21 21 53 38 28 23 29 402 204
leaf_count=28 136 145 25 29 29 21 23 1579 22 1182 77 21 31 32 21 21 53 38 28 23 29 402 204
internal_value=-0.00214218 0.00999102 0.0139055 0.0162963 0.0148347 0.022 0.00901515 -0.00397597 -0.00319971 -0.00336665 -0.000437264 0.00145161 0.0069266 0.00928571 0.0132692 0.0129687 0.0112162 0.00928571 0.00611111 0.0188636 0.009 -0.00379754 -0.00252475
internal_weight=4199 547 402 270 242 50 132 3652 2073 2051 263 186 109 84 52 192 148 119 81 44 50 1788 606
internal_count=4199 547 402 270 242 50 132 3652 2073 2051 263 186 109 84 52 192 148 119 81 44 50 1788 606
cat_boundaries=0 1 2 3
cat_threshold=32 156 2
is_linear=0
shrinkage=0.05


Tree=33
num_leaves=24
num_cat=3
split_feature=0 3 4 5 14 2 2 14 2 0 12 4 3 5 15 15 17 8 9 1 14 14 15
split_gain=34.6918 7.57587 1.88876 1.63861 1.56936 1.26676 2.23492 1.52381 1.26497 1.15144 1.91517 1.07666 1.43126 0.985625 0.972222 1.12 0.893609 0.934638 0.792001 0.863941 0.593508 0.520833 0.513967
threshold=0 1.0000000180025095e-35 1.0000000180025095e-35 0.58440279015043262 38544.953812751373 2037.5000000000002 2029.5000000000002 90291.631936412246 2037.5000000000002 1 1.0000000180025095e-35 1.0000000180025095e-35 1.0000000180025095e-35 1.2286516858134353 139.82270853467313 85.381981517116529 73.879583333333343 1.0000000180025095e-35 30481.089817069253 2 94359.528291849405 46697.539181274136 109.53236647371311
decision_type=1 2 2 2 2 2 2 2 2 1 2 2 2 2 2 2 2 2 2 1 2 2 2
left_child=1 2 3 -1 -5 6 7 -6 18 10 11 12 13 16 15 -8 17 22 19 -4 -3 -21 -2
right_child=9 20 8 4 5 -7 14 -9 -10 -11 -12 -13 -14 -15 -16 -17 -18 -19 -20 21 -22 -23 -24
leaf_value=0.00045965475952831989 0.00022452027000788102 -0.0012203787595320627 -7.5783298284933621e-05 0.011613018259533705 0.0044594650289517188 0.010398317163915136 0.0040498513731275056 0.012861281996594151 0.0061987505572006591 -0.011235115430231569 0.027107946175163947 -0.010801053032730679 -0.013431496866595878 -0.0023420670218330451 -0.0010473755262173916 0.0039550342602721359 -0.00071163230069184156 0.0030787719425948816 0.0043974818805237407 0.0032371648948282812 0.00059916392433656855 0.00057203766596792844 -0.0012338577516195174
leaf_weight=21 167 97 41 78 21 39 50 21 23 2101 20 492 311 144 20 20 316 65 20 24 48 24 36
leaf_count=21 167 97 41 78 21 39 50 21 23 2101 20 492 311 144 20 20 316 65 20 24 48 24 36
internal_value=-0.00218981 0.00945242 0.0131592 0.0155556 0.0166867 0.0140058 0.0116667 0.0211905 0.00825757 -0.00394866 -0.00285394 -0.00307316 -0.00216073 -0.000947803 0.00722222 0.01 -3.42478e-05 0.00208955 0.00600917 0.00398876 -0.000172415 0.00854167 0.000418718
internal_weight=4199 547 402 270 249 171 132 42 132 3652 1551 1531 1039 728 90 70 584 268 109 89 145 48 203
internal_count=4199 547 402 270 249 171 132 42 132 3652 1551 1531 1039 728 90 70 584 268 109 89 145 48 203
cat_boundaries=0 1 2 3
cat_threshold=32 140 2
is_linear=0
shrinkage=0.05


Tree=34
num_leaves=24
num_cat=4
split_feature=0 3 4 16 15 0 4 3 1 9 2 8 11 15 7 9 1 7 2 6 14 14 14
split_gain=29.5626 6.58863 1.28096 1.64347 1.64915 1.21668 1.11404 1.48965 1.02422 0.905464 0.874654 0.810386 1.11432 0.835935 0.803003 0.792001 0.863941 0.782722 0.546299 0.691833 0.545269 0.520833 0.520833
threshold=0 1.0000000180025095e-35 1.0000000180025095e-35 1.0000000180025095e-35 139.82270853467313 1 1.0000000180025095e-35 1.0000000180025095e-35 2 9974.1753924923305 2037.5000000000002 1.0000000180025095e-35 0.76884862789191122 53.616115913572237 1.0000000180025095e-35 30481.089817069253 3 1.0000000180025095e-35 2029.5000000000002 1.0000000180025095e-35 15617.993554179864 46697.539181274136 29214.795635380702
decision_type=1 2 2 2 2 1 2 2 1 2 2 2 2 2 2 2 1 2 2 2 2 2 2
left_child=1 2 3 -1 9 6 7 8 20 11 15 12 13 -5 -10 16 -4 -11 -16 -20 -2 -18 -22
right_child=5 -3 10 4 -6 -7 -8 -9 14 17 -12 -13 -14 -15 18 -17 21 -19 19 -21 22 -23 -24
leaf_value=0.017377171623498871 0.0074124500806126373 -0.00010091513630215731 -7.1994133370686201e-05 -0.00028131680143330442 0.0015231738739758137 -0.0089376389127131146 -0.0089628761728824686 -0.01390110173962498 -0.0017253057015128221 0.0056224302600508336 0.0058888130293406208 0.0094893218349716892 0.0052147859206479611 0.0033314506378873082 0.0012823199645296619 0.0041776077864975562 0.0030753066500868727 0.0094367318960810465 0.00030710029495523313 -0.00045210233904905827 -0.002966890399284744 0.00054343578266953258 0.0022589642671356435
leaf_weight=28 28 145 41 33 34 2607 325 218 204 41 23 50 36 20 57 20 24 28 101 64 24 24 24
leaf_count=28 28 145 41 33 34 2607 325 218 204 41 23 50 36 20 57 20 24 28 101 64 24 24 24
internal_value=-0.00228507 0.00846499 0.0119154 0.0138889 0.012562 -0.0039077 -0.00239337 -0.00131945 0.000179282 0.0142308 0.00787879 0.0119065 0.00904494 0.00443396 -0.000774649 0.00600917 0.00398876 0.018913 0.00130631 -0.000151516 0.00552631 0.00854167 0.00229167
internal_weight=4199 547 402 270 242 3652 1045 720 502 208 132 139 89 53 426 109 89 69 222 165 76 48 48
internal_count=4199 547 402 270 242 3652 1045 720 502 208 132 139 89 53 426 109 89 69 222 165 76 48 48
cat_boundaries=0 1 2 3 4
cat_threshold=32 132 4 2
is_linear=0
shrinkage=0.05


Tree=35
num_leaves=24
num_cat=2
split_feature=0 3 0 7 3 16 2 2 14 14 15 15 36 9 15 15 9 9 16 6 15 14 16
split_gain=26.6676 5.82141 1.37291 1.81287 1.5369 1.36942 1.19892 1.61923 1.48074 1.42884 1.27813 1.2319 1.28441 1.00904 1.54255 0.882353 0.81 0.516531 0.558222 0.649307 0.818437 0.727513 0.482902
threshold=0 1.0000000180025095e-35 1 1.5000000000000002 1.0000000180025095e-35 1.0000000180025095e-35 2037.5000000000002 2032.5000000000002 34911.559038450992 49238.113949496052 58.083230587519203 123.43901836151963 0.044234130425056896 9974.1753924923305 27.163797107848534 42.543703534762138 23770.315617280463 259.65779825042154 3.485125 1.0000000180025095e-35 56.726740912834821 43736.762750001646 1.0000000180025095e-35
decision_type=1 2 1 2 2 2 2 2 2 2 2 2 2 2 2 2 2 2 2 2 2 2 2
left_child=1 6 3 22 5 -5 7 11 -8 15 -10 12 13 14 -1 -9 -15 18 19 20 -7 -21 -2
right_child=2 -3 -4 4 -6 17 8 9 10 -11 -12 -13 -14 16 -16 -17 -18 -19 -20 21 -22 -23 -24
leaf_value=0.0053910530102642172 -0.001291200904435609 -9.5869379487052107e-05 -0.014668170625120111 0.0043122190916032076 -0.0099827722701220714 0.00017285807694440367 0.0030455274332396244 0.015091467926272514 0.0096077479316443535 0.00027889591076453896 0.0075772561271557348 0.0095583377223616376 0.010373182813140813 0.0039959575670859438 0.00030056146643593368 0.0056713783843400844 0.0037746881303123807 -0.00018561736341229397 -0.0035259092756113526 0.0041839713841847074 0.0018560408870552257 -0.0020542369703665225 -0.0053039616813899508
leaf_weight=30 174 145 1579 71 190 34 23 34 21 75 37 39 20 25 58 20 20 311 23 21 23 33 1193
leaf_count=30 174 145 1579 71 190 34 23 34 21 75 37 39 20 25 58 20 20 311 23 21 23 33 1193
internal_value=-0.00228507 0.00792639 -0.00382578 -0.00293567 -0.000892352 0.000523255 0.0111692 0.00979751 0.0166049 0.00546512 0.0208621 0.0127083 0.0106863 0.00890977 0.00579545 0.0116667 0.015 -0.000505619 0.00208955 0.00355856 0.0072807 -0.000370372 -0.00401244
internal_weight=4199 547 3652 2073 706 516 402 321 81 129 58 192 153 133 88 54 45 445 134 111 57 54 1367
internal_count=4199 547 3652 2073 706 516 402 321 81 129 58 192 153 133 88 54 45 445 134 111 57 54 1367
cat_boundaries=0 1 2
cat_threshold=32 156
is_linear=0
shrinkage=0.05


Tree=36
num_leaves=24
num_cat=4
split_feature=0 0 7 4 16 16 36 14 14 9 14 11 14 1 8 5 9 7 2 9 0 11 2
split_gain=23.8264 1.40914 1.47479 1.76194 2.13002 1.3241 1.17432 1.125 1.05834 1.22872 1.36817 1.51381 1.47802 1.11466 1.01555 1.29524 0.855556 0.79799 1.21178 0.480798 0.446177 0.491021 0.444062
threshold=0 1 1.0000000180025095e-35 1.0000000180025095e-35 1.0000000180025095e-35 1.0000000180025095e-35 0.77817982487016224 87655.739213096036 152534.41816955732 9974.1753924923305 51381.780718460745 0.079793405386055741 34911.559038450992 2 1.0000000180025095e-35 1.1246321737264284 2911.1856199422177 1.5000000000000002 2031.5000000000002 72529.650522627227 3 1.0215050346234318 2033.5000000000002
decision_type=1 1 2 2 2 2 2 2 2 2 2 2 2 1 2 2 2 2 2 2 1 2 2
left_child=5 2 -2 4 14 7 8 -1 9 10 11 16 13 -13 -4 -16 -7 18 -11 20 -6 22 -22
right_child=1 -3 3 -5 19 6 -8 -9 -10 17 -12 12 -14 -15 15 -17 -18 -19 -20 -21 21 -23 -24
leaf_value=0.011725422038832055 -0.0053519667007280525 -0.013934762093864107 4.1912424097618766e-05 -0.0082390930370304129 -0.0027378982096334993 -0.0028325350992124518 -0.00060989022350197602 0.0088964261103873839 -0.00011922827376135394 0.004251887049563953 0.00035479336409219346 0.0012668919405556544 0.0051121390220986024 0.0081976299210599884 0.006941071900891803 8.4074777149227561e-05 0.0044528277277517533 0.0071983933207979524 0.0038969722527958414 0.0021061644999249771 0.00018176027214774666 0.00076902686446162589 -0.00041380850858318484
leaf_weight=36 1052 1579 41 334 132 21 29 36 43 40 112 29 29 26 30 21 45 37 64 23 213 35 192
leaf_count=36 1052 1579 41 334 132 21 29 36 43 40 112 29 29 26 30 21 45 37 64 23 213 35 192
internal_value=-0.00235651 -0.00381213 -0.00291167 -0.00157199 -0.000123728 0.00729802 0.00647368 0.01375 0.00710762 0.00790322 0.00587786 0.009 0.0134524 0.00863636 0.00695652 0.0116667 0.00333333 0.0116667 0.00942308 -0.00121849 -0.0015035 -0.000666668 -0.00117284
internal_weight=4199 3652 2073 1021 687 547 475 72 446 403 262 150 84 55 92 51 66 141 104 595 572 440 405
internal_count=4199 3652 2073 1021 687 547 475 72 446 403 262 150 84 55 92 51 66 141 104 595 572 440 405
cat_boundaries=0 1 2 3 4
cat_threshold=32 156 2 16
is_linear=0
shrinkage=0.05


Tree=37
num_leaves=24
num_cat=3
split_feature=0 3 0 3 4 16 8 7 5 2 5 4 2 5 15 17 7 0 20 2 9 9 7
split_gain=20.3154 5.25561 1.5203 1.50292 1.86079 2.35348 1.8627 1.59738 1.31297 1.19164 1.64522 1.53352 1.86828 0.771429 0.705333 0.625 0.621791 0.546529 0.502907 0.729503 1.01535 0.489557 0.481967
threshold=0 1.0000000180025095e-35 1 1.0000000180025095e-35 1.0000000180025095e-35 1.0000000180025095e-35 1.0000000180025095e-35 1.5000000000000002 0.54654052051512081 2037.5000000000002 1.0039509067790955 1.0000000180025095e-35 2028.5000000000002 0.83891891611053782 137.43042616406726 73.879583333333343 2.5000000000000004 2 1.0000000180025095e-35 2033.5000000000002 3108.0978686810663 560.01526112040051 2.5000000000000004
decision_type=1 2 1 2 2 2 2 2 2 2 2 2 2 2 2 2 2 1 2 2 2 2 2
left_child=1 8 3 4 5 6 21 17 -1 11 -11 12 13 -10 18 -12 -13 -7 -14 20 -20 -2 -3
right_child=2 22 -4 -5 -6 7 -8 -9 9 10 15 16 14 -15 -16 -17 -18 -19 19 -21 -22 -23 -24
leaf_value=-0.0008504202828028655 -0.0019457269621204459 -0.0010560565955158169 -0.0132380239891709 -0.012035463706779694 -0.0093827460640519833 -0.0010871532935001922 0.0064616997773447593 0.00030707055979216824 0.0088098421021690215 0.0089362357010159422 0.0074996617880704816 0.00054331612198232546 0.0025684149715528267 0.0071666075436920308 0.0051106427031635086 0.00042814945601320941 0.0022652886733435097 -0.0053622125497854228 0.00040763970178522152 0.01180103512686975 0.0044196005469921791 0.001321663519630607 0.0076193962443850188
leaf_weight=21 33 119 1579 618 468 278 42 286 20 37 20 85 31 28 25 20 21 281 29 38 27 67 26
leaf_count=21 33 119 1579 618 468 278 42 286 20 37 20 85 31 28 25 20 21 281 29 38 27 67 26
internal_value=-0.00242796 0.00649012 -0.00377116 -0.00283966 -0.00197595 -0.000744682 0.00521127 -0.00174556 0.00955224 0.0102231 0.0157792 0.00881579 0.0114141 0.02 0.00866667 0.00875 0.00396226 -0.00330054 0.0102 0.0120213 0.00839286 0.0015 -0.00155173
internal_weight=4199 547 3652 2073 1455 987 142 845 402 381 77 304 198 48 150 40 106 559 125 94 56 100 145
internal_count=4199 547 3652 2073 1455 987 142 845 402 381 77 304 198 48 150 40 106 559 125 94 56 100 145
cat_boundaries=0 1 2 3
cat_threshold=32 156 132
is_linear=0
shrinkage=0.05


Tree=38
num_leaves=24
num_cat=1
split_feature=3 12 7 4 16 15 15 4 17 15 14 14 5 6 2 1 14 11 5 2 17 5 5
split_gain=2.83768 1.48692 1.31944 0.840413 0.736281 0.769932 0.576464 0.466232 0.581762 0.834734 0.812258 0.545455 0.422441 0.38459 0.379782 0.707544 0.378968 0.362474 0.508669 0.361802 0.316592 0.496878 0.559422
threshold=1.0000000180025095e-35 1.0000000180025095e-35 2.5000000000000004 1.0000000180025095e-35 1.0000000180025095e-35 130.62896412211828 50.690145754462016 1.0000000180025095e-35 73.879583333333343 108.57174890037437 52038.968929972791 36795.514088495845 1.1246321737264284 1.5000000000000002 2032.5000000000002 0 2748.6310034342155 0.39608128591185054 1.0039509067790955 2037.5000000000002 74.884166666666673 0.99752892928850623 0.86008392305335724
decision_type=2 2 2 2 2 2 2 2 2 2 2 2 2 2 2 1 2 2 2 2 2 2 2
left_child=1 2 3 4 5 6 17 8 9 10 11 -4 13 14 15 -10 -2 18 -1 -9 21 22 -6
right_child=16 -3 7 -5 20 -7 -8 19 12 -11 -12 -13 -14 -15 -16 -17 -18 -19 -20 -21 -22 -23 -24
leaf_value=8.6218407836722788e-05 0.0031615600970251291 0.020766665702985229 0.0022835946878694219 -0.0061296142434709849 -0.0010277682527637597 0.0030322038036611578 -0.0011112347431879793 -0.0028365369381305409 -0.00037425703723799575 0.0066108895691730429 -0.00045678482449283166 0.0036493917028303322 -0.0024737628602019657 -0.0034669883037056811 -0.00020409903677983342 0.0029773674396803926 -0.0086948488609147195 -0.00081570285311303992 0.0046289649052025815 0.0013373018210731833 -0.0023242828577359686 -0.0025651037089149957 0.0015216597457056588
leaf_weight=30 21 38 33 729 220 35 85 145 25 26 37 33 50 20 55 33 1221 32 32 38 763 385 113
leaf_count=30 21 38 33 729 220 35 85 145 25 26 37 33 50 20 55 33 1221 32 32 38 763 385 113
internal_value=-0.00251131 -0.00166892 -0.00179685 -0.00227723 -0.00166667 0.00107477 -0.000251398 0.000555554 0.00173077 0.00430232 0.00228155 0.00560606 -8.19684e-05 0.00139098 0.00252212 0.00534483 -0.00451691 0.00244681 0.00467742 -0.00144809 -0.0020628 -0.00130919 0.000105104
internal_weight=4199 2957 2919 2424 1695 214 179 495 312 129 103 66 183 133 113 58 1242 94 62 183 1481 718 333
internal_count=4199 2957 2919 2424 1695 214 179 495 312 129 103 66 183 133 113 58 1242 94 62 183 1481 718 333
cat_boundaries=0 1
cat_threshold=2
is_linear=0
shrinkage=0.05


Tree=39
num_leaves=24
num_cat=4
split_feature=0 3 0 5 3 4 7 2 5 2 4 16 14 5 5 0 1 9 17 9 9 11 5
split_gain=23.3264 4.05452 1.55778 1.3947 1.33154 1.65645 1.5511 1.02875 1.64522 1.4578 0.830019 1.08535 0.789341 0.726713 1.29539 0.658636 0.882912 1.45915 0.625 0.565005 1.74531 0.662303 0.560023
threshold=0 1.0000000180025095e-35 1 0.54654052051512081 1.0000000180025095e-35 1.0000000180025095e-35 1.5000000000000002 2037.5000000000002 1.0039509067790955 2029.5000000000002 1.0000000180025095e-35 1.4758333333333338 94359.528291849405 0.80864045418109476 0.9106620114836339 2 3 1031.6042420655997 73.879583333333343 13320.461549423691 25098.192414631474 1.0265675147737674 0.96905256789785377
decision_type=1 2 1 2 2 2 2 2 2 2 2 2 2 2 2 1 1 2 2 2 2 2 2
left_child=1 3 4 -1 5 6 15 9 -9 10 11 -5 -3 -11 -15 16 17 -2 -10 21 -21 -8 -14
right_child=2 12 -4 7 -6 -7 19 8 18 13 -12 -13 22 14 -16 -17 -18 -19 -20 20 -22 -23 -24
leaf_value=-0.00069168513794632671 -0.0017835790737393076 -0.0010704825167106918 -0.0087617660284059779 0.01530853621942794 -0.011328019202105848 -0.0076045496097861811 6.8169975640232453e-05 0.0084025396437038564 0.0070413553667480477 0.00013268215249904832 0.0018860836239568898 0.0051594670795835689 -0.00182110066721374 0.0043214801312800493 0.0030291001474076493 -0.0040973677414244307 -0.00090836519796609703 0.0023621166767495896 0.0005229561260993433 0.0021738910127417697 0.0013074912538158228 0.0048097240883941241 0.0010168155745420542
leaf_weight=21 26 97 2101 20 466 349 159 37 20 36 31 41 22 28 148 160 271 27 20 21 52 20 26
leaf_count=21 26 97 2101 20 466 349 159 37 20 36 31 41 22 28 148 160 271 27 20 21 52 20 26
internal_value=-0.00234461 0.00720826 -0.00378482 0.00992537 -0.00253363 -0.00158986 -0.000244566 0.0106168 0.0157792 0.00930921 0.0145652 0.0179508 0.000172413 0.0070283 0.00835227 -0.00190083 -0.000508983 0.00537736 0.00875 0.00293651 0.00664383 0.00142458 0.00541667
internal_weight=4199 547 3652 402 1551 1085 736 381 77 304 92 61 145 212 176 484 324 53 40 252 73 179 48
internal_count=4199 547 3652 402 1551 1085 736 381 77 304 92 61 145 212 176 484 324 53 40 252 73 179 48
cat_boundaries=0 1 2 3 4
cat_threshold=32 140 132 4
is_linear=0
shrinkage=0.05


Tree=40
num_leaves=24
num_cat=2
split_feature=0 3 0 7 3 4 5 15 2 5 2 15 15 5 5 5 5 17 2 17 5 36 5
split_gain=21.2344 4.32196 1.46355 1.60658 1.3337 1.84727 1.31297 1.30111 0.929382 1.35529 1.34122 0.78738 0.838282 0.731408 1.05272 0.643946 0.641178 1.01588 0.735277 0.625 0.589429 0.561087 0.500125
threshold=0 1.0000000180025095e-35 1 1.5000000000000002 1.0000000180025095e-35 1.0000000180025095e-35 0.54654052051512081 165.47496111337907 2037.5000000000002 1.0039509067790955 2029.5000000000002 111.8084303743138 39.238187837704011 0.81306325873261354 0.9106620114836339 1.2758260264362959 1.1849080813926278 73.879583333333343 2033.5000000000002 73.879583333333343 1.0017296210586071 2.0829400021225983 1.0179578550006412
decision_type=1 2 1 2 2 2 2 2 2 2 2 2 2 2 2 2 2 2 2 2 2 2 2
left_child=1 6 3 21 5 7 -1 15 10 -10 11 12 -8 -12 -15 16 17 20 -19 -11 -5 -2 -16
right_child=2 -3 -4 4 -6 -7 8 -9 9 19 13 -13 -14 14 22 -17 -18 18 -20 -21 -22 -23 -24
leaf_value=-0.00065710088104900793 -0.0039388770248147097 -5.2066862110237391e-05 -0.011789970072437718 0.0040027691129895047 -0.0077739118731345765 -0.0049170187652504017 0.0076976163455996062 0.0028895681093845916 0.0079824126615186588 0.0066892875984106426 0.00013552631861930218 0.0086746917884152619 0.0031413740532836528 0.0042642045229373537 -7.9277175745564349e-05 -0.0013985824824514737 0.0035916289985723111 0.00053003888943643524 -0.00050675572196735754 0.00049680831979437745 0.00028378233643165456 0.00039038107865279877 0.002925445145978315
leaf_weight=21 1345 145 1579 67 190 182 34 20 37 20 37 22 36 27 33 43 31 70 73 20 30 22 115
leaf_count=21 1345 145 1579 67 190 182 34 20 37 20 37 22 36 27 33 43 31 70 73 20 30 22 115
internal_value=-0.00235651 0.00675942 -0.0037302 -0.00281565 -0.000892352 0.000426355 0.00955224 0.00263473 0.0102231 0.0151299 0.00898026 0.0140217 0.0114286 0.00679245 0.00814286 0.00184713 0.00274908 0.001875 -0.000804197 0.00875 0.00582474 -0.00382955 0.00648649
internal_weight=4199 547 3652 2073 706 516 402 334 381 77 304 92 70 212 175 314 271 240 143 40 97 1367 148
internal_count=4199 547 3652 2073 706 516 402 334 381 77 304 92 70 212 175 314 271 240 143 40 97 1367 148
cat_boundaries=0 1 2
cat_threshold=32 156
is_linear=0
shrinkage=0.05


Tree=41
num_leaves=24
num_cat=3
split_feature=0 3 0 3 4 7 16 15 5 17 15 15 8 5 2 15 14 14 0 16 5 5 5
split_gain=18.0788 3.41445 1.46355 1.42143 1.71082 1.92509 1.35 1.65143 1.08256 1.02727 1.25096 1.32071 1.12942 0.966251 0.835885 0.789939 0.750032 0.747595 0.735194 0.830741 0.572217 0.557099 0.673401
threshold=0 1.0000000180025095e-35 1 1.0000000180025095e-35 1.0000000180025095e-35 1.0000000180025095e-35 1.0000000180025095e-35 100.09646157997106 0.54654052051512081 74.884166666666673 130.62896412211828 96.048562507698918 1.0000000180025095e-35 0.9106620114836339 2031.5000000000002 53.223471724376004 36795.514088495845 142937.22037942099 2 1.0000000180025095e-35 0.94803883727286387 1.1984608579909508 1.0596748834202809
decision_type=1 2 1 2 2 2 2 2 2 2 2 2 2 2 2 2 2 2 1 2 2 2 2
left_child=1 8 3 4 5 18 7 20 -1 10 11 12 13 15 -11 -10 -14 -16 19 -2 -7 22 -15
right_child=2 -3 -4 -5 -6 6 -8 -9 9 14 -12 -13 16 21 17 -17 -18 -19 -20 -21 -22 -23 -24
leaf_value=-0.00062424583699655914 0.001508453698190015 -4.9463519004725702e-05 -0.011200471568815831 -0.01009132392325399 -0.0081213753510119575 0.0059821280459935377 0.00015275400362015957 0.0057644196844480076 0.0061072934862467466 0.0030178065573927973 0.0085030646268929849 -9.9511158730801211e-05 0.012287821294662042 0.0038227131185020421 0.0011136374313325734 0.0029696641663201949 0.0091777928015402844 -0.00092011554295898116 -0.0053679023136129758 -0.00094912410445723385 -0.00015790279197556775 0.006424966435496564 -0.00077504490584047274
leaf_weight=21 36 145 1579 618 468 21 420 20 23 62 29 25 20 22 67 20 31 23 253 208 29 32 27
leaf_count=21 36 145 1579 618 468 21 420 20 23 62 29 25 20 22 67 20 31 23 253 208 29 32 27
internal_value=-0.00246368 0.00595152 -0.0037302 -0.00281565 -0.00197595 -0.000795341 0.00142857 0.00785714 0.00843283 0.00904199 0.0111572 0.00975 0.0112857 0.00870968 0.00585526 0.0147674 0.017549 0.00277778 -0.00298793 -0.000866143 0.003 0.00549383 0.00214286
internal_weight=4199 547 3652 2073 1455 987 490 70 402 381 229 200 175 124 152 43 51 90 497 244 50 81 49
internal_count=4199 547 3652 2073 1455 987 490 70 402 381 229 200 175 124 152 43 51 90 497 244 50 81 49
cat_boundaries=0 1 2 3
cat_threshold=32 156 132
is_linear=0
shrinkage=0.05


Tree=42
num_leaves=24
num_cat=2
split_feature=0 3 0 4 16 2 2 12 3 4 7 2 14 9 14 14 14 15 16 14 15 15 15
split_gain=16.5799 2.95643 1.35578 1.32073 1.32678 1.62113 1.52865 1.28962 1.16553 1.16909 0.904425 0.839253 0.764228 0.820134 0.668369 1.06929 0.867307 0.62827 1.1538 0.526989 0.516216 0.493732 0.565657
threshold=0 1.0000000180025095e-35 1 1.0000000180025095e-35 1.4758333333333338 2029.5000000000002 2032.5000000000002 1.0000000180025095e-35 1.0000000180025095e-35 1.0000000180025095e-35 1.0000000180025095e-35 2037.5000000000002 152534.41816955732 18182.084045882915 21987.919908185151 44350.856459673661 60979.503165495335 75.935592130221409 1.4758333333333338 45088.504878155632 109.53236647371311 38.355267274579568 28.411726000518211
decision_type=1 2 1 2 2 2 2 2 2 2 2 2 2 2 2 2 2 2 2 2 2 2 2
left_child=1 3 7 4 5 -1 -7 8 9 10 -2 19 13 14 -6 -16 -17 21 20 -5 -19 22 -12
right_child=2 -3 -4 11 12 6 -8 -9 -10 -11 17 -13 -14 -15 15 16 -18 18 -20 -21 -22 -23 -24
leaf_value=0.013685733317183889 -0.0013929819151399763 -4.6990343054490701e-05 -0.0077155052270523319 0.0013509277458506612 0.011985846325053718 0.00080831448376384027 0.007244764950430433 0.02446615684104532 -0.010045281706878937 -0.0066047881854203591 -0.00010397048622860735 0.0035258974299379729 -0.00046478038530358616 0.0049447891209284589 -0.00050550443538100614 0.0074647077088369042 0.0013495252841409626 0.0040350209035519297 0.00010241613657793318 -5.4039708007710648e-05 0.0014658206459269331 -0.00023684624702926396 0.0020132601955740351
leaf_weight=20 362 145 2101 39 30 24 38 20 458 345 77 23 24 37 41 23 33 26 113 70 31 97 22
leaf_count=20 362 145 2101 39 30 24 38 20 458 345 77 23 24 37 41 23 33 26 113 70 31 97 22
internal_value=-0.00255894 0.00550269 -0.00377116 0.00781094 0.00981481 0.015122 0.011129 -0.00259769 -0.00277923 -0.00187791 -0.000741759 0.00371212 0.0075 0.00871951 0.00681102 0.00479381 0.00928571 0.00101093 0.00323529 0.00188073 0.00903509 -0.000918369 0.00156566
internal_weight=4199 547 3652 402 270 82 62 1551 1531 1073 728 132 188 164 127 97 56 366 170 109 57 196 99
internal_count=4199 547 3652 402 270 82 62 1551 1531 1073 728 132 188 164 127 97 56 366 170 109 57 196 99
cat_boundaries=0 1 2
cat_threshold=32 140
is_linear=0
shrinkage=0.05


Tree=43
num_leaves=24
num_cat=3
split_feature=0 3 0 7 3 4 16 2 9 15 15 5 5 2 7 5 9 8 0 3 4 36 16
split_gain=12.0795 1.84939 1.61481 1.5643 1.38697 1.93666 1.76899 1.01078 1.14706 0.89274 0.761905 0.7233 1.58796 0.683519 0.964682 0.603612 0.936965 0.758893 0.584955 0.793722 0.972953 1.01517 0.758029
threshold=0 1.0000000180025095e-35 1 1.5000000000000002 1.0000000180025095e-35 1.0000000180025095e-35 1.0000000180025095e-35 2038.5000000000002 7833.532896451964 109.53236647371311 75.935592130221409 0.81306325873261354 0.88677049098292526 2032.5000000000002 1.0000000180025095e-35 1.1984608579909508 4753.4794924014959 1.0000000180025095e-35 2 1.0000000180025095e-35 1.0000000180025095e-35 0.19873950232884599 1.0000000180025095e-35
decision_type=1 2 1 2 2 2 2 2 2 2 2 2 2 2 2 2 2 2 1 2 2 2 2
left_child=1 7 3 18 5 6 10 9 -9 11 -5 -1 -13 14 -11 16 17 -14 19 20 21 22 -2
right_child=2 -3 -4 4 -6 -7 -8 8 -10 13 -12 12 15 -15 -16 -17 -18 -19 -20 -21 -22 -23 -24
leaf_value=0.0025265431182089253 0.0015975245999884154 -4.4640825901768565e-05 -0.010254672729022425 0.0055828399693921603 -0.0064832264644749844 -0.0039348596501662661 0.00052396135561473523 0.0023554066027780193 0.0063952834830967491 -5.7694166149303937e-05 0.0052678442739129451 0.004348703039961147 0.0010534191446015155 -0.00085733951316257617 0.0081763412462651629 0.0033547219377924736 -0.00016570521311424851 0.010423618137113115 -0.0051943671831628443 -0.02162529778611523 -0.010725530886333778 0.0031947764927597088 -0.00077352837216936477
leaf_weight=69 43 145 1579 27 190 182 286 25 26 28 21 21 44 42 23 57 42 25 684 227 132 23 258
leaf_count=69 43 145 1579 27 190 182 286 25 26 28 21 21 44 42 23 57 42 25 684 227 132 23 258
internal_value=-0.0026423 0.00424596 -0.00367559 -0.00271964 -0.000821531 0.000523255 0.00278443 0.00606965 0.0126471 0.00511396 0.0116667 0.00662791 0.00822751 0.000913977 0.00480392 0.00660714 0.00445946 0.00804348 -0.00371983 -0.0025469 -0.00138158 9.25914e-05 -0.000681064
internal_weight=4199 547 3652 2073 706 516 334 402 51 351 48 258 189 93 51 168 111 69 1367 683 456 324 301
internal_count=4199 547 3652 2073 706 516 334 402 51 351 48 258 189 93 51 168 111 69 1367 683 456 324 301
cat_boundaries=0 1 2 3
cat_threshold=32 156 132
is_linear=0
shrinkage=0.05


Tree=44
num_leaves=24
num_cat=4
split_feature=0 14 0 7 16 14 5 11 4 2 16 15 8 9 14 15 1 4 9 17 8 7 1
split_gain=12.0107 1.46173 1.42676 1.5316 1.26991 1.93295 0.967287 0.852273 0.70057 0.648214 0.642905 0.572372 0.981477 1.07733 0.856512 0.93802 0.546306 0.511409 0.88146 0.710099 0.475303 1.71143 0.467658
threshold=0 5539.9792550111761 1 2.5000000000000004 1.0000000180025095e-35 120289.32727468843 0.82555440180009632 0.9984092495684993 1.0000000180025095e-35 2032.5000000000002 1.0000000180025095e-35 96.048562507698918 1.0000000180025095e-35 20329.79595575637 36795.514088495845 56.022613794889629 2 1.0000000180025095e-35 11328.807924415096 73.879583333333343 1.0000000180025095e-35 1.5000000000000002 3
decision_type=1 2 1 2 2 2 2 2 2 2 2 2 2 2 2 2 1 2 2 2 2 2 1
left_child=1 -1 3 8 5 9 7 22 10 -3 16 12 13 -6 -14 -16 -2 18 -8 -20 21 -13 -5
right_child=2 4 -4 6 11 -7 17 -9 -10 -11 -12 20 14 -15 15 -17 -18 -19 19 -21 -22 -23 -24
leaf_value=0.014349765015114348 0.0024273605615998221 -0.00030833963258509474 -0.0097419390925713029 0.0023557659494496518 0.00062845662957613266 0.0074145629439054828 -0.00022907347236637154 0.0022951740240870506 -0.010561707555608308 0.0055793980191752961 -0.0024286533970433576 -0.00013630115787527762 0.0012084270053439115 0.0037477271567604459 0.0074446852862361194 0.0016144041306263538 -0.00028173433073895712 -0.0040555594774852226 0.0055473609201897693 -0.00016190598837559052 -0.00083312004594093727 0.0049532661986492997 -0.0033228843287089332
leaf_weight=20 32 20 1579 31 196 22 110 22 525 28 1017 91 33 36 24 23 136 107 28 30 34 20 35
leaf_count=20 32 20 1579 31 196 22 110 22 525 28 1017 91 33 36 24 23 136 107 28 30 34 20 35
internal_value=-0.00271374 0.00415619 -0.00374386 -0.00283966 0.00372865 0.01 9.64175e-05 0.00465909 -0.00347953 0.004375 -0.00280591 0.00276805 0.00397436 0.00232759 0.00875 0.0130851 5.95226e-05 -0.00136364 0.000357142 0.00534483 0.000172413 0.00175676 0.00181818
internal_weight=4199 547 3652 2073 527 70 363 88 1710 48 1185 457 312 232 80 47 168 275 168 58 145 111 66
internal_count=4199 547 3652 2073 527 70 363 88 1710 48 1185 457 312 232 80 47 168 275 168 58 145 111 66
cat_boundaries=0 1 2 3 4
cat_threshold=32 156 4 2
is_linear=0
shrinkage=0.05


Tree=45
num_leaves=24
num_cat=4
split_feature=0 3 0 3 4 7 9 9 0 6 17 5 15 6 5 1 9 11 5 2 5 16 5
split_gain=10.6243 1.76464 1.64338 1.63359 1.85007 2.2345 1.29852 1.71956 1.14954 0.924785 1.5717 1.03704 0.852078 0.817974 0.79775 0.749831 1.45915 0.743471 1.51019 0.705959 0.63787 0.621775 0.540713
threshold=0 1.0000000180025095e-35 1 1.0000000180025095e-35 1.0000000180025095e-35 1.5000000000000002 13320.461549423691 21886.336938882338 2 1.0000000180025095e-35 73.879583333333343 0.95604214863564396 59.668990118102194 1.0000000180025095e-35 0.75606233012901958 3 1031.6042420655997 0.76884862789191122 0.8562717732649815 2029.5000000000002 1.0527453708314882 1.4758333333333338 0.86607280868335701
decision_type=1 2 1 2 2 2 2 2 1 2 2 2 2 2 2 1 2 2 2 2 2 2 2
left_child=1 9 3 4 5 8 17 -8 15 14 12 -12 -11 -9 -1 16 -2 -7 -19 20 21 -17 -16
right_child=2 -3 -4 -5 -6 6 7 13 -10 10 11 -13 -14 -15 22 19 -18 18 -20 -21 -22 -23 -24
leaf_value=-0.00030857806005986068 -0.0014276807062943812 -0.00032067933118578689 -0.0092548421379427381 -0.0086363691608095632 -0.0068013431891338185 -0.00015983208354930091 0.0033473262261843185 -0.0003005955060049071 -0.0028476235572772648 0.0081742821932017391 0.0047385893438165062 -0.00094804137132852332 0.0017445536566101346 0.0027836179797221961 0.0045652263083429167 0.0038976540232793762 0.0024785765039202854 0.0027318239570782027 -6.7647903758726261e-05 -0.0009952560269565554 -0.00074723240076120234 0.00011952809440716438 0.0030914470355867915
leaf_weight=61 26 145 1579 618 468 134 22 43 329 28 21 27 22 29 26 23 27 34 72 196 27 25 217
leaf_count=61 26 145 1579 618 468 134 22 43 329 28 21 27 22 29 26 23 27 34 72 196 27 25 217
internal_value=-0.00266611 0.00379713 -0.00363463 -0.00267163 -0.00176976 -0.000542048 0.00278443 0.00776596 -0.00224349 0.00557214 0.00979592 0.00333333 0.016 0.00402778 0.00421053 -5.98814e-05 0.00537736 0.000833332 0.00396226 -0.00112546 0.003 0.00645833 0.00549383
internal_weight=4199 547 3652 2073 1455 987 334 94 653 402 98 48 50 72 304 324 53 240 106 271 75 48 243
internal_count=4199 547 3652 2073 1455 987 334 94 653 402 98 48 50 72 304 324 53 240 106 271 75 48 243
cat_boundaries=0 1 2 3 4
cat_threshold=32 156 132 4
is_linear=0
shrinkage=0.05


Tree=46
num_leaves=24
num_cat=3
split_feature=0 0 3 7 3 15 4 17 4 6 5 16 8 5 2 9 15 16 4 2 7 9 0
split_gain=9.33423 1.59455 1.63359 1.71378 1.44001 1.36397 1.14073 0.777016 0.785935 0.837404 0.694312 0.59241 0.533385 0.611729 0.594775 0.594536 0.525067 0.476284 0.558781 0.404567 0.442251 0.402051 0.38923
threshold=0 1 1.0000000180025095e-35 1.0000000180025095e-35 1.0000000180025095e-35 175.21295616805455 1.0000000180025095e-35 74.884166666666673 1.0000000180025095e-35 1.0000000180025095e-35 1.2286516858134353 1.0000000180025095e-35 1.0000000180025095e-35 0.98661854419696859 2029.5000000000002 26962.791929089337 45.445502452887652 1.756416666666667 1.0000000180025095e-35 2032.5000000000002 1.0000000180025095e-35 2830.8216475947265 2
decision_type=1 1 2 2 2 2 2 2 2 2 2 2 2 2 2 2 2 2 2 2 2 2 1
left_child=4 2 3 22 7 6 10 8 12 16 11 21 14 -14 -1 -16 -10 18 -6 20 -9 -5 -2
right_child=1 -3 -4 5 17 -7 -8 19 9 -11 -12 -13 13 -15 15 -17 -18 -19 -20 -21 -22 -23 -24
leaf_value=0.0065540102407670095 -0.0011618779517225172 -0.008792100031045599 -0.0082045507027690839 0.0031331270661072957 0.0021011155804865028 0.0021692676671334304 -0.0041644645074543629 0.00016293464872025045 -0.0016294678387099122 0.0016613130623972232 -0.00016867437009740685 0.000475921917476248 0.0025840563780977358 0.014154403725961696 0.0025928996426102134 0.0050864123135477566 0.0035282657384675328 -0.0030558623297641512 -0.016692330638446998 -0.00010455172295270002 0.0048462906238105688 0.0042864547734967331 -0.0051596443715497611
leaf_weight=27 348 1579 618 26 71 24 235 40 28 21 94 325 23 20 61 24 39 47 27 83 36 24 379
leaf_count=27 348 1579 618 26 71 24 235 40 28 21 94 325 23 20 61 24 39 47 27 83 36 24 379
internal_value=-0.00271374 -0.00362097 -0.00267163 -0.00176976 0.00334829 -5.49462e-05 -0.000454547 0.00495025 0.00672839 0.00295454 0.000970148 0.00193333 0.00887097 0.0136046 0.00705357 0.005 0.000223879 -0.00086207 0.00112245 0.0022327 0.00486842 0.007 -0.00348693
internal_weight=4199 3652 2073 1455 547 728 704 402 243 88 469 375 155 43 112 85 67 145 98 159 76 50 727
internal_count=4199 3652 2073 1455 547 728 704 402 243 88 469 375 155 43 112 85 67 145 98 159 76 50 727
cat_boundaries=0 1 2 3
cat_threshold=32 156 132
is_linear=0
shrinkage=0.05


Tree=47
num_leaves=24
num_cat=4
split_feature=0 0 7 16 16 7 15 5 15 4 5 16 5 8 6 5 5 0 15 15 5 5 1
split_gain=8.28638 1.71152 1.56742 1.26216 0.879826 0.986998 0.8154 1.468 1.28002 0.741174 0.680272 0.663008 0.634127 0.56859 0.536626 0.484469 0.618188 0.462884 0.440833 0.439547 0.422055 0.662224 0.41261
threshold=0 1 2.5000000000000004 1.0000000180025095e-35 1.0000000180025095e-35 1.5000000000000002 96.048562507698918 1.4217699221021534 84.451189777756809 1.0000000180025095e-35 0.96905256789785377 1.0000000180025095e-35 0.82555440180009632 1.0000000180025095e-35 1.0000000180025095e-35 1.2026241249255898 1.0596748834202809 2 44.53170661205376 71.878914258797877 0.83891891611053782 0.95125794861024027 3
decision_type=1 1 2 2 2 2 2 2 2 2 2 2 2 2 2 2 2 1 2 2 2 2 1
left_child=4 2 9 -4 5 10 7 8 13 11 -1 -2 14 15 19 16 20 -13 -15 -5 -6 -22 -14
right_child=1 -3 3 12 6 -7 -8 -9 -10 -11 -12 17 22 18 -16 -17 -18 -19 -20 -21 21 -23 -24
leaf_value=-0.00062084960582572133 4.7778089441098336e-05 -0.0083524950294933207 0.0037035142521743762 0.0028465308095638195 -0.00063214329246768152 0.0092867792860666775 -0.00014013509566264116 0.005168434118386858 0.0036871249152442818 -0.0093905636857034101 0.0052106407547992091 -0.00097943262736220702 -0.0020835315857851322 0.0086687265392385981 -0.00041828644327579544 0.00059840574757075019 -0.001765518457128966 -0.0033749668050066886 0.00023667310632827598 0.00033466853100321453 0.0042593453549102248 -0.00050040224888956819 -7.6066020658775051e-05
leaf_weight=21 168 1579 40 20 59 23 145 21 20 525 28 514 96 48 38 37 53 503 27 21 31 34 148
leaf_count=21 168 1579 40 20 59 23 145 21 20 525 28 514 96 48 38 37 53 503 27 21 31 34 148
internal_value=-0.00272565 -0.00358001 -0.00259962 0.0003719 0.00298923 0.00819444 0.00226316 0.00363636 0.00276699 -0.00324562 0.00418367 -0.00255274 -0.000665636 0.00192041 0.00322785 0.000607475 -0.000480227 -0.00303343 0.00566667 0.00719512 0.00145161 0.00423077 -0.00192623
internal_weight=4199 3652 2073 363 547 72 475 330 309 1710 49 1185 323 289 79 214 177 1017 75 41 124 65 244
internal_count=4199 3652 2073 363 547 72 475 330 309 1710 49 1185 323 289 79 214 177 1017 75 41 124 65 244
cat_boundaries=0 1 2 3 4
cat_threshold=32 156 132 2
is_linear=0
shrinkage=0.05


Tree=48
num_leaves=24
num_cat=2
split_feature=0 0 3 7 4 14 3 2 15 14 2 6 14 14 9 15 5 9 2 10 7 16 9
split_gain=7.08727 1.7407 1.57167 1.64569 1.37946 1.27947 1.13591 0.908872 0.714409 0.65028 0.645396 1.00126 0.849594 0.797101 0.649018 0.940571 0.636364 0.543478 0.514434 1.17905 0.827632 0.563607 0.438095
threshold=0 1 1.0000000180025095e-35 1.0000000180025095e-35 1.0000000180025095e-35 5539.9792550111761 1.0000000180025095e-35 2037.5000000000002 167.40759357872378 46234.081037188625 2032.5000000000002 1.0000000180025095e-35 75529.475942106787 24206.200751287004 11438.948478213466 26.740512684119718 1.2782222241056231 3289.7658158517452 2033.5000000000002 1.5000000000000002 2.5000000000000004 1.756416666666667 24222.984172534485
decision_type=1 1 2 2 2 2 2 2 2 2 2 2 2 2 2 2 2 2 2 2 2 2 2
left_child=5 2 3 -2 8 -1 7 10 16 -9 11 14 13 -12 15 -7 18 -15 20 -20 22 -22 -5
right_child=1 -3 -4 4 -6 6 -8 9 -10 -11 12 -13 -14 17 -16 -17 -18 -19 19 -21 21 -23 -24
leaf_value=0.012901819042258842 -0.0028694750561910256 -0.0079348702780186551 -0.0076659903529356227 0.00071781169773476173 -0.0036825283558220923 0.005120747007789259 -0.0007092933712847453 0.0014182789651633046 0.0025267843138494298 0.0048840833424998774 -0.0017557206539002329 0.0043223632763094927 -0.00070159777096194141 0.0013985160461313867 0.0031749515453981 -0.00038079283918901778 -0.0012824448369710521 0.0057257834056056583 -0.00017579477611965146 0.0028320033011356468 0.0021545810786988396 0.00019080233120888192 -0.0029636591764122342
leaf_weight=20 727 1579 618 105 238 28 139 36 28 43 20 32 57 23 61 65 66 23 160 39 42 27 23
leaf_count=20 727 1579 618 105 238 28 139 36 28 43 20 32 57 23 61 65 66 23 160 39 42 27 23
internal_value=-0.00274947 -0.00353905 -0.00255161 -0.00166667 1.37351e-05 0.00254039 0.00211575 0.00350515 0.00153061 0.00829114 0.00228155 0.00413978 -0.000528456 0.00333333 0.00246753 -0.000161292 0.0010606 0.00695652 0.00181818 2.51244e-05 0.00362944 0.00804348 0.00125
internal_weight=4199 3652 2073 1455 728 547 527 388 490 79 309 186 123 66 154 93 462 46 396 199 197 69 128
internal_count=4199 3652 2073 1455 728 547 527 388 490 79 309 186 123 66 154 93 462 46 396 199 197 69 128
cat_boundaries=0 1 2
cat_threshold=32 156
is_linear=0
shrinkage=0.05


Tree=49
num_leaves=24
num_cat=3
split_feature=0 0 14 3 7 14 15 3 2 2 6 14 14 0 4 2 14 9 15 4 2 5 9
split_gain=6.84616 1.60255 1.6833 1.3863 1.40537 1.29839 1.22522 1.08102 0.958475 0.76269 1.00126 0.702143 0.898451 0.695324 0.867663 0.661761 0.65028 0.649018 0.940571 0.600061 0.806788 0.924953 0.722195
threshold=0 1 2259.3593459485278 1.0000000180025095e-35 1.5000000000000002 5539.9792550111761 167.40759357872378 1.0000000180025095e-35 2037.5000000000002 2032.5000000000002 1.0000000180025095e-35 75529.475942106787 36795.514088495845 2 1.0000000180025095e-35 2029.5000000000002 46234.081037188625 11438.948478213466 26.740512684119718 1.0000000180025095e-35 2033.5000000000002 1.2782222241056231 11002.751762119648
decision_type=1 1 2 2 2 2 2 2 2 2 2 2 2 1 2 2 2 2 2 2 2 2 2
left_child=5 2 -2 4 13 -1 19 8 9 10 17 12 -11 14 15 -4 -10 18 -7 20 21 22 -6
right_child=1 -3 3 -5 6 7 -8 -9 16 11 -12 -13 -14 -15 -16 -17 -18 -19 -20 -21 -22 -23 -24
leaf_value=0.012256728090145904 0.013267571552083064 -0.0075381267641177231 0.0015662428970343947 -0.0073109652737080675 0.00086959248159865124 0.0048647096573997996 0.0021539973504185951 -0.00067382870272051179 0.0013473650169051378 -0.00060906604231990074 0.0041062451124940216 -0.00066651788241384614 0.0044339882228714112 -0.0035708726842963515 -0.0088366172460383214 -0.00053818498209001937 0.0046398791753748826 0.0030162039681281981 -0.00036175319722956707 -0.0024791340845518837 -0.00015208707191994802 -0.0016205714709632332 0.0025249750209829884
leaf_weight=20 27 1579 88 608 87 28 25 139 36 32 32 57 34 477 131 233 43 61 65 174 150 27 46
leaf_count=20 27 1579 88 608 87 28 25 139 36 32 32 57 34 477 131 233 43 61 65 174 150 27 46
internal_value=-0.00274947 -0.0035254 -0.00257561 -0.00275171 -0.00190543 0.00245063 0.000206286 0.00202087 0.00337629 0.00211974 0.00413978 -0.000934961 0.00257576 -0.00306243 -0.0015368 -0.000171341 0.00829114 0.00246753 -0.000161292 -0.000351241 0.000967741 0.0034375 0.00515037
internal_weight=4199 3652 2073 2046 1438 547 509 527 388 309 186 123 66 929 452 321 79 154 93 484 310 160 133
internal_count=4199 3652 2073 2046 1438 547 509 527 388 309 186 123 66 929 452 321 79 154 93 484 310 160 133
cat_boundaries=0 1 2 3
cat_threshold=32 156 132
is_linear=0
shrinkage=0.05


Tree=50
num_leaves=24
num_cat=4
split_feature=0 7 14 0 16 16 14 4 5 9 9 14 2 7 5 5 36 0 5 6 9 11 1
split_gain=6.34644 1.55006 1.33663 1.17202 1.00765 0.911015 2.12143 0.786362 0.569226 0.587712 0.748304 0.5 0.4904 0.477513 0.458771 0.822378 0.396224 0.487179 0.761529 0.860708 0.38198 0.698068 0.37867
threshold=0 2.5000000000000004 5539.9792550111761 1 1.0000000180025095e-35 1.0000000180025095e-35 120289.32727468843 1.0000000180025095e-35 1.294853711309133 10133.856146498527 14303.539581722145 93498.908367756827 2033.5000000000002 1.0000000180025095e-35 0.95417278502810365 0.75606233012901958 0.94593265268936932 2 0.78826001885651131 1.0000000180025095e-35 4037.04472413953 0.0037520564510518761 3
decision_type=1 2 2 1 2 2 2 2 2 2 2 2 2 2 2 2 2 1 2 2 2 2 1
left_child=2 3 -1 7 12 6 13 -2 9 20 -11 -10 -3 -4 15 -12 17 18 19 -6 21 -7 -20
right_child=1 4 5 -5 16 8 -8 -9 11 10 14 -13 -14 -15 -16 -17 -18 -19 22 -21 -22 -23 -24
leaf_value=0.011643891685638614 -0.00060376095803058364 0.0041688981505427518 -0.00065028929661839886 -0.005775311908043433 0.0022022943490236768 0.0030083913538150155 0.0057021274210267946 -0.0066691611430418204 0.0016856320550904453 0.0070527601880635482 -0.00097002710443024195 -4.5273119958813558e-05 0.00014204648637441148 0.012719667715810543 -0.00058184425905321571 0.0029366655778109299 0.00076606815347261435 -0.0031457834542799562 -0.0018535586415200579 -0.0010308446936043711 -0.0009098475005303706 -0.00025762794985325195 -7.0320771484958428e-05
leaf_weight=20 597 32 27 2195 35 23 22 259 45 21 22 30 36 21 51 30 20 199 101 33 51 184 145
leaf_count=20 597 32 27 2195 35 23 22 259 45 21 22 30 36 21 51 30 20 199 101 33 51 184 145
internal_value=-0.00273756 -0.00348444 0.00227109 -0.00395116 -0.00117305 0.00183112 0.00714286 -0.00228638 0.0010175 0.000235601 0.00306451 0.005 0.00455882 0.00125 0.00131068 0.00461538 -0.00190432 -0.00217349 -0.000833334 0.00382353 -0.00112403 -0.000169083 -0.00215447
internal_weight=4199 3652 547 3051 601 527 70 856 457 382 124 75 68 48 103 52 533 513 314 68 258 207 246
internal_count=4199 3652 547 3051 601 527 70 856 457 382 124 75 68 48 103 52 533 513 314 68 258 207 246
cat_boundaries=0 1 2 3 4
cat_threshold=32 132 156 2
is_linear=0
shrinkage=0.05


Tree=51
num_leaves=24
num_cat=3
split_feature=0 7 0 3 4 16 16 14 3 5 9 2 6 15 15 5 5 2 1 9 11 2 14
split_gain=5.94357 1.64573 1.23155 1.26717 1.08006 0.949995 0.924178 1.98 0.931453 0.842385 0.5 0.4904 0.463602 1.28761 2.09282 0.437311 0.633007 0.542923 0.465794 0.573697 0.435753 0.447637 0.616117
threshold=0 2.5000000000000004 1 1.0000000180025095e-35 1.0000000180025095e-35 1.0000000180025095e-35 1.0000000180025095e-35 120289.32727468843 1.0000000180025095e-35 1.236240609701037 4753.4794924014959 2033.5000000000002 1.0000000180025095e-35 27.493607856082857 59.668990118102194 1.2070788346600592 1.1776060574645986 2027.5000000000002 2 1031.6042420655997 0.20285686946586065 2034.5000000000002 78024.023601291337
decision_type=1 2 1 2 2 2 2 2 2 2 2 2 2 2 2 2 2 2 1 2 2 2 2
left_child=6 2 3 4 15 11 7 10 12 -10 -1 -3 20 -14 -15 16 17 -2 19 -19 21 -8 -23
right_child=1 5 -4 -5 -6 -7 8 -9 9 -11 -12 -13 13 14 -16 -17 -18 18 -20 -21 -22 22 -24
leaf_value=0.010782068751622765 0.0018969321922737347 0.0039604532430156129 -0.0054865463126412602 -0.011809721986439854 -0.0044979373264541593 -0.00044409499669351534 0.0010649652977600555 0.0054170210499754588 -0.0026765884706861794 0.0010151714846650881 -0.00048651322229565183 0.00013494416205569117 -0.00075202927051081241 0.0064736588470608748 0.00072828722692941774 -0.00088874134050981118 0.0057562147793794229 -0.00034852329034438043 -0.00025333627986526996 0.0020116918975084551 -0.00015714055281617853 0.0085132512479891495 -0.00086435515760482397
leaf_weight=25 34 32 2195 274 176 533 111 22 106 21 25 36 27 22 38 85 20 24 220 23 90 39 21
leaf_count=25 34 32 2195 274 176 533 111 22 106 21 25 36 27 22 38 85 20 24 220 23 90 39 21
internal_value=-0.00266611 -0.00338886 -0.00386922 -0.0021709 -0.00087629 -0.00100666 0.00218133 0.0075 0.00142105 -0.0022441 0.002 0.00455882 0.00275862 0.00591954 0.01 0.000541871 0.00138629 0.000813952 5.61786e-05 0.00457447 0.00170498 0.00318713 0.00666667
internal_weight=4199 3652 3051 856 582 601 547 72 475 127 50 68 348 87 60 406 321 301 267 47 261 171 60
internal_count=4199 3652 3051 856 582 601 547 72 475 127 50 68 348 87 60 406 321 301 267 47 261 171 60
cat_boundaries=0 1 2 3
cat_threshold=32 132 4
is_linear=0
shrinkage=0.05


Tree=52
num_leaves=24
num_cat=4
split_feature=0 0 3 7 4 16 1 16 14 3 5 0 16 5 9 2 36 9 8 3 17 5 5
split_gain=5.34058 1.96116 1.93691 2.22712 1.83277 1.86259 1.15238 0.989299 1.98 1.02688 0.594853 0.520221 0.674562 0.507635 0.5 0.419892 0.613497 0.510441 0.419343 0.77012 0.411579 0.58129 0.359618
threshold=0 1 1.0000000180025095e-35 1.0000000180025095e-35 1.0000000180025095e-35 1.0000000180025095e-35 2 1.0000000180025095e-35 120289.32727468843 1.0000000180025095e-35 0.82555440180009632 3 1.0000000180025095e-35 0.6677617044747115 4753.4794924014959 2036.5000000000002 0.11212236513494012 10133.856146498527 1.5000000000000002 1.0000000180025095e-35 74.884166666666673 0.90242540787670034 0.53101761050589735
decision_type=1 1 2 2 2 2 1 2 2 2 2 1 2 2 2 2 2 2 2 2 2 2 2
left_child=7 2 3 11 5 6 -5 8 14 15 22 12 -2 -6 -1 16 -9 -17 -3 -20 21 -12 -7
right_child=1 18 -4 4 13 10 -8 9 -10 -11 20 -13 -14 -15 -16 17 -18 -19 19 -21 -22 -23 -24
leaf_value=0.010242965314041631 0.00081723838898315783 -0.0073193079290267598 -0.0066237852788907153 0.00029775614737039246 0.0028641142704092146 -0.0010638167381169096 0.0047424996579966223 0.00065880635751241481 0.005146169997476681 -0.0015066655788086025 0.0020918528649230155 -0.0038478035146633296 -0.0011847243159014747 -0.0032311514042236231 -0.0004621875611808639 0.001549025546515613 0.0031416106453766969 0.0059261811118777328 -0.0073058079138219184 0.00032030560022589753 -0.00012556267031053672 0.00020075242406809255 0.00060861017286217367
leaf_weight=25 44 1478 618 28 21 25 42 238 22 127 20 379 304 217 25 58 20 32 72 29 174 113 88
leaf_count=25 44 1478 618 28 21 25 42 238 22 127 20 379 304 217 25 58 20 32 72 29 174 113 88
internal_value=-0.00259467 -0.00327963 -0.00223956 -0.0012543 0.000700548 0.00244898 0.01 0.00200179 0.0075 0.00121053 0.00119047 -0.00321183 -0.00164805 -0.00289916 0.002 0.00261494 0.00158915 0.00555555 -0.00462241 -0.00153465 4.88587e-05 0.00214286 0.00429203
internal_weight=4199 3652 2073 1455 728 490 70 547 72 475 420 727 348 238 50 348 258 90 1579 101 307 133 113
internal_count=4199 3652 2073 1455 728 490 70 547 72 475 420 727 348 238 50 348 258 90 1579 101 307 133 113
cat_boundaries=0 1 2 3 4
cat_threshold=32 156 2 132
is_linear=0
shrinkage=0.05


Tree=53
num_leaves=24
num_cat=2
split_feature=0 0 3 4 16 16 14 8 14 9 3 9 5 5 8 5 14 14 9 9 5 2 5
split_gain=5.02455 1.79342 1.97696 2.02924 1.7565 1.02269 1.98 0.994131 0.886889 0.857143 0.655196 0.701688 0.63176 0.9 0.629364 0.625741 0.652564 0.640244 0.573213 1.11631 0.542083 0.518712 0.66006
threshold=0 1 1.0000000180025095e-35 1.0000000180025095e-35 1.0000000180025095e-35 1.0000000180025095e-35 120289.32727468843 1.0000000180025095e-35 7070.3627258293573 5909.3416764653275 1.0000000180025095e-35 10133.856146498527 0.91683600554281697 0.75606233012901958 1.0000000180025095e-35 0.8562717732649815 52038.968929972791 103402.10025660651 4037.04472413953 2761.4735077852174 1.232385959691737 2032.5000000000002 1.1374106219301641
decision_type=1 1 2 2 2 2 2 2 2 2 2 2 2 2 2 2 2 2 2 2 2 2 2
left_child=5 2 3 4 7 6 -1 -2 -7 -9 11 18 13 -13 -6 16 -16 -18 19 -10 -12 22 -17
right_child=1 -3 -4 -5 14 8 -8 9 10 -11 20 12 -14 -15 15 21 17 -19 -20 -21 -22 -23 -24
leaf_value=0.00099292546799360608 0.0007721638038549008 -0.006384256842079758 -0.0062925960149461781 -0.0052091174316308223 -0.00050163700041137914 0.010579745075414558 0.0048888614976028491 0.0053256836416514736 -3.7487754910313713e-05 0.0033107728506485581 -0.0025053171432769215 0.0033609395131990643 0.0013128244705503805 0.00339670374662796 0.0016159294362447605 0.0016821370715696283 -0.001727588227876985 0.0010008392811484896 -0.00082719691346205902 0.0053654664317400874 0.00015727708544475123 -0.0010977684213438793 -0.001390636120227183
leaf_weight=50 100 1579 618 468 621 22 22 21 152 21 101 20 76 20 32 36 21 20 44 20 20 80 35
leaf_count=50 100 1579 618 468 621 22 22 21 152 21 101 20 76 20 32 36 21 20 44 20 20 80 35
internal_value=-0.00254704 -0.00321136 -0.00221556 -0.00121993 6.58549e-05 0.00191203 0.0075 0.00521127 0.00110526 0.0116667 0.000629138 0.00177711 0.00491379 0.01 -0.000798818 0.00147321 0.00527397 0.00109756 9.25914e-05 0.00139535 -0.00252066 -0.00036424 0.00274648
internal_weight=4199 3652 2073 1455 987 547 72 142 475 42 453 332 116 40 845 224 73 41 216 172 121 151 71
internal_count=4199 3652 2073 1455 987 547 72 142 475 42 453 332 116 40 845 224 73 41 216 172 121 151 71
cat_boundaries=0 1 2
cat_threshold=32 156
is_linear=0
shrinkage=0.05


Tree=54
num_leaves=24
num_cat=3
split_feature=0 7 14 16 7 14 2 4 36 2 16 14 0 4 7 19 14 14 0 14 9 9 9
split_gain=4.95808 2.55236 2.17059 1.08334 1.03554 1.18379 1.49915 0.650935 0.62631 0.565599 0.558946 0.759543 0.483311 0.623735 0.545832 0.780429 0.609172 0.524077 0.453124 0.505174 1.3887 0.428571 0.419654
threshold=0 2.5000000000000004 3266.7929921612026 1.0000000180025095e-35 1.0000000180025095e-35 125177.10711749321 2032.5000000000002 1.0000000180025095e-35 0.67164046530602595 2036.5000000000002 1.0000000180025095e-35 107755.81798655073 1 1.0000000180025095e-35 1.5000000000000002 1.0000000180025095e-35 148240.88385307125 4945.6777352471518 2 130231.75474940902 23770.315617280463 3046.0774112961449 16658.602543179379
decision_type=1 2 2 2 2 2 2 2 2 2 2 2 1 2 2 2 2 2 1 2 2 2 2
left_child=2 12 -1 -3 10 7 -7 22 -5 -8 11 21 13 14 17 -16 -17 -2 19 20 -12 -4 -6
right_child=1 3 4 8 5 6 9 -9 -10 -11 18 -13 -14 -15 15 16 -18 -19 -20 -21 -22 -23 -24
leaf_value=0.018200166380504038 4.4076544065463027e-05 0.0028014012039804907 0.00089044635487814372 -0.00058188377645665803 0.0016601277987111686 0.0042930475071979125 -0.0016986328616309739 -0.0010341900879359709 0.001435147734188984 0.0028050805405030119 -0.00027950182484350197 0.0027489280324419392 -0.0073084297255914523 -0.0079411122962922461 0.00057930360681054851 -0.0010876606224913526 0.0011506988937043051 -0.0021352905634274707 -0.0029758141408854238 -0.0016333543979670561 0.0042293559864149651 -0.0018040060841027457 -0.0016026159363195876
leaf_weight=25 21 65 21 421 229 35 28 131 20 30 162 23 1341 392 22 144 22 666 247 47 28 27 52
leaf_count=25 21 65 21 421 229 35 28 131 20 30 162 23 1341 392 22 144 22 666 247 47 28 27 52
internal_value=-0.0024875 -0.00349552 0.000433789 -0.000256918 9.43384e-05 0.00173267 0.00682796 0.000582523 -0.00114513 0.00189655 -0.0013964 0.00274648 -0.00413727 -0.00331637 -0.0026 -0.000212767 -0.00138554 -0.00325328 -0.00200413 -0.000344131 0.000789472 -0.000833335 0.0019395
internal_weight=4199 3114 1085 506 1060 505 93 412 441 58 555 71 2608 1267 875 188 166 687 484 237 190 48 281
internal_count=4199 3114 1085 506 1060 505 93 412 441 58 555 71 2608 1267 875 188 166 687 484 237 190 48 281
cat_boundaries=0 1 2 3
cat_threshold=36 152 32
is_linear=0
shrinkage=0.05


Tree=55
num_leaves=24
num_cat=3
split_feature=0 7 3 16 16 4 15 7 2 15 15 1 4 7 14 0 4 3 16 14 7 14 9
split_gain=4.42119 2.58155 1.74972 1.0481 0.907677 0.811118 1.69173 0.766559 0.626361 0.726446 0.859483 0.611218 0.68104 0.590295 0.577925 0.554884 0.716022 0.837528 0.795172 0.523453 0.515918 0.584661 0.490408
threshold=0 2.5000000000000004 1.0000000180025095e-35 1.0000000180025095e-35 1.0000000180025095e-35 1.0000000180025095e-35 41.50241922839713 1.0000000180025095e-35 2036.5000000000002 43.828937767560795 121.53331608527039 1 1.0000000180025095e-35 2.5000000000000004 22592.649070886775 2 1.0000000180025095e-35 1.0000000180025095e-35 1.0000000180025095e-35 145984.69504543618 1.5000000000000002 56776.803500960617 13884.561772756344
decision_type=1 2 2 2 2 2 2 2 2 2 2 1 2 2 2 1 2 2 2 2 2 2 2
left_child=2 15 4 -3 5 6 -1 22 19 -10 -11 -5 14 -4 -13 16 17 18 -2 -9 -20 -22 -6
right_child=1 3 13 11 7 -7 -8 8 9 10 -12 12 -14 -15 -16 -17 -18 -19 20 -21 21 -23 -24
leaf_value=0.012978663781097223 0.00058931406073483477 0.002661331143781464 -0.003802364016199997 -0.0015631907974938833 -0.00050444206542565818 -0.00066467885701982808 0.0029837575917440583 0.00019307198291095674 0.0064729379830968494 -0.00065903467701684479 0.0029183266485500233 0.0019942844878558887 -0.0021507049169871965 0.003097518930817251 0.00025078851423129112 -0.0069430082393118799 -0.0075440566814776334 -0.0088271913410321503 -0.0013685321516483913 0.0039868095809741195 -0.0019789569766339378 0.00043223340050466933 0.00062352896760810273
leaf_weight=21 97 65 259 177 235 37 36 225 32 41 22 24 95 49 145 1341 392 260 406 22 52 60 106
leaf_count=21 97 65 259 177 235 37 36 225 32 41 22 24 95 49 145 1341 392 260 406 22 52 60 106
internal_value=-0.00246368 -0.00341549 0.000296802 -0.000158104 0.00156371 0.00617021 0.00991228 0.000929721 0.00260234 0.00605263 0.00293651 -0.00103175 0.000492423 -0.00288961 0.00239645 -0.00406058 -0.0031989 -0.00242857 -0.00142277 0.0012753 -0.00220077 0.00080357 -0.000747802
internal_weight=4199 3114 1085 506 777 94 57 683 342 95 63 441 264 308 169 2608 1267 875 615 247 518 112 341
internal_count=4199 3114 1085 506 777 94 57 683 342 95 63 441 264 308 169 2608 1267 875 615 247 518 112 341
cat_boundaries=0 1 2 3
cat_threshold=36 2 152
is_linear=0
shrinkage=0.05


Tree=56
num_leaves=24
num_cat=2
split_feature=0 0 3 16 14 8 14 16 9 2 5 3 3 8 5 5 14 9 9 14 9 9 16
split_gain=4.6412 1.57451 1.92282 1.33263 1.76611 1.00085 0.925388 0.712453 0.754034 1.05426 0.957107 0.566577 0.556691 0.928911 0.542083 0.506959 0.486572 0.473188 0.838239 0.68566 0.589669 0.664955 0.455117
threshold=0 1 1.0000000180025095e-35 1.0000000180025095e-35 120289.32727468843 1.0000000180025095e-35 7070.3627258293573 3.485125 259.65779825042154 2033.5000000000002 1.1118254632596161 1.0000000180025095e-35 1.0000000180025095e-35 1.0000000180025095e-35 1.232385959691737 0.71283530371631154 50842.525539355331 10133.856146498527 35104.469580387136 54288.776881815364 3835.9951384657606 2706.07962273466 1.0000000180025095e-35
decision_type=1 1 2 2 2 2 2 2 2 2 2 2 2 2 2 2 2 2 2 2 2 2 2
left_child=3 2 5 4 -1 22 -5 8 9 10 -7 17 -3 -14 -13 -10 -17 20 19 -19 21 -8 -2
right_child=1 12 -4 6 -6 7 11 -9 15 -11 -12 14 13 -15 -16 16 -18 18 -20 -21 -22 -23 -24
leaf_value=0.00074070538171913463 0.00011011404002738383 -0.0093534572540159965 -0.0058297315719089953 0.0089689963763162853 0.0045368286686981408 0.002421923418891045 6.0980471696221595e-06 -0.0018353104784071062 0.001581348012434445 1.9900430772206476e-05 0.00037768328502378032 -0.0022685664474685115 -0.0038004842303788382 0.00023200327614573133 0.00036012206381384596 -0.0015590275254402288 0.00016749745821815568 0.00095948637326390563 -0.00035227800120900672 0.0055157704208884323 -0.00070703035702038232 0.0050045331210719773 -0.0011117207418176902
leaf_weight=50 130 1100 618 22 22 31 151 59 38 55 21 101 346 133 20 81 120 29 49 38 45 20 920
leaf_count=50 130 1100 618 22 22 31 151 59 38 55 21 101 346 133 20 81 120 29 49 38 45 20 920
internal_value=-0.00246368 -0.00310213 -0.00216755 0.00182226 0.00819444 -0.00118557 0.000894736 0.000925925 0.00179191 0.00528037 0.0103846 0.000408387 -0.00430774 -0.00291232 -0.00252066 0.000230124 -0.000771145 0.0014759 0.00405172 0.00768657 9.25914e-05 0.00143275 -0.002
internal_weight=4199 3652 2073 547 72 1455 475 405 346 107 52 453 1579 479 121 239 201 332 116 67 216 171 1050
internal_count=4199 3652 2073 547 72 1455 475 405 346 107 52 453 1579 479 121 239 201 332 116 67 216 171 1050
cat_boundaries=0 1 2
cat_threshold=32 156
is_linear=0
shrinkage=0.05


Tree=57
num_leaves=24
num_cat=2
split_feature=0 12 3 7 16 3 4 2 7 15 4 2 16 7 15 14 4 0 3 3 7 5 2
split_gain=4.18482 4.04959 2.44595 2.08394 1.21001 0.905357 0.847131 0.736808 0.685592 0.707536 0.640561 0.823129 0.619778 0.607664 0.797316 0.570805 0.542935 0.670185 1.35195 1.08524 0.784797 0.568491 0.919817
threshold=0 1.0000000180025095e-35 1.0000000180025095e-35 1.5000000000000002 1.0000000180025095e-35 1.0000000180025095e-35 1.0000000180025095e-35 2029.5000000000002 1.0000000180025095e-35 22.107445330116295 1.0000000180025095e-35 2032.5000000000002 1.0000000180025095e-35 1.5000000000000002 113.38724774688394 28076.068466946304 1.0000000180025095e-35 1 1.0000000180025095e-35 1.0000000180025095e-35 2.5000000000000004 0.9106620114836339 2033.5000000000002
decision_type=1 2 2 2 2 2 2 2 2 2 2 2 2 2 2 2 2 1 2 2 2 2 2
left_child=1 2 6 -2 5 10 7 12 -9 -10 11 -5 -1 -8 15 -15 17 19 -19 21 -20 22 -6
right_child=3 -3 -4 4 16 -7 13 8 9 -11 -12 -13 -14 14 -16 -17 -18 18 20 -21 -22 -23 -24
leaf_value=0.0091188890203010905 -0.0056676425443815508 0.017524671496652655 -0.0046133676979518111 0.0046189121275531314 0.0013603302324121996 0.0021940678519677026 -0.0015023009237672569 -0.00041462434909880118 0.0014988432319969166 0.00037518046781059839 -0.0066134757021606002 -0.00039491819176112864 0.0010793752989586905 0.0019308636914412737 0.0019761392277125875 -0.0010962608294557894 -0.003863798466994397 -0.0083015374723488643 -0.0017869531430678997 -0.0020616589623474661 0.00061374987346478295 0.0001867937233261082 7.205262040097344e-05
leaf_weight=24 1767 24 454 21 22 28 214 276 22 266 31 28 173 30 30 79 230 220 49 66 40 76 29
leaf_count=24 1767 24 454 21 22 28 214 276 22 266 31 28 173 30 30 79 230 220 49 66 40 76 29
internal_value=-0.00241605 -0.000380775 -0.000695154 -0.00364349 -0.00160714 0.00333333 0.000565528 0.0015046 0.000585105 0.00229167 0.000624999 0.00418367 0.00413705 -0.00145892 0.00111511 -0.000871561 -0.00233607 -0.00141434 -0.00280564 0.000911329 0.00230337 0.00366142 0.0077451
internal_weight=4199 1592 1568 2607 840 108 1114 761 564 288 80 49 197 353 139 109 732 502 309 193 89 127 51
internal_count=4199 1592 1568 2607 840 108 1114 761 564 288 80 49 197 353 139 109 732 502 309 193 89 127 51
cat_boundaries=0 1 2
cat_threshold=164 24
is_linear=0
shrinkage=0.05


Tree=58
num_leaves=24
num_cat=3
split_feature=0 7 16 14 0 3 3 7 4 0 3 4 7 9 8 6 4 14 7 14 9 14 19
split_gain=4.13417 2.54206 1.12619 1.98 1.00375 1.85347 1.48842 1.03045 0.959498 0.842591 0.954696 1.29492 0.753667 0.685064 1.17165 0.652262 0.617984 0.613414 0.607709 0.636005 0.65744 0.790874 0.60031
threshold=0 1.5000000000000002 1.0000000180025095e-35 120289.32727468843 1 1.0000000180025095e-35 1.0000000180025095e-35 2.5000000000000004 1.0000000180025095e-35 2 1.0000000180025095e-35 1.0000000180025095e-35 1.0000000180025095e-35 13320.461549423691 1.0000000180025095e-35 1.0000000180025095e-35 1.0000000180025095e-35 58352.427300423915 1.0000000180025095e-35 129024.64539963414 202.18557157653274 23020.48650124203 1.0000000180025095e-35
decision_type=1 2 2 2 1 2 2 2 2 1 2 2 2 2 2 2 2 2 2 2 2 2 2
left_child=2 9 3 -1 6 -6 8 -7 13 10 11 12 -2 22 -15 -16 18 -9 -4 20 -20 -22 -3
right_child=1 4 16 -5 5 7 -8 17 -10 -11 -12 -13 -14 14 15 -17 -18 -19 19 -21 21 -23 -24
leaf_value=0.0003146986590996436 -0.00040402666000667674 0.0010989891746212709 -0.00015035237657762198 0.0045077079205711086 -0.0063532462299363953 -0.00037945749133301251 -0.0024505040083971173 0.0010038168812770754 -0.001267442725349564 -0.0065178307975710314 -0.010313013089053781 -0.0079742199982237184 0.00067388101587227169 0.0017793193736296649 -0.00099706383459188743 0.001901528101913786 -0.00031139963884734229 0.00021087255770248226 -0.00068979919260334262 0.0035482432193114583 0.00768336604682814 0.0013951729043054373 6.5050759641636983e-05
leaf_weight=50 377 25 165 22 350 81 190 34 182 1414 330 213 116 34 34 26 146 31 32 24 22 86 215
leaf_count=50 377 25 165 22 350 81 190 34 182 1414 330 213 116 34 34 26 146 31 32 24 22 86 215
internal_value=-0.00240415 -0.00300655 0.00164273 0.0075 -0.00113145 -0.00282609 9.77642e-05 0.00184931 0.00149225 -0.00393878 -0.00275335 -0.00174221 -0.000334687 0.00308383 0.00670213 0.0025 0.000789472 0.00653846 0.00199088 0.00414634 0.00285714 0.00472222 0.00166667
internal_weight=4199 3652 547 72 1202 496 706 146 516 2450 1036 706 493 334 94 60 475 65 329 164 140 108 240
internal_count=4199 3652 547 72 1202 496 706 146 516 2450 1036 706 493 334 94 60 475 65 329 164 140 108 240
cat_boundaries=0 1 2 3
cat_threshold=32 156 148
is_linear=0
shrinkage=0.05


Tree=59
num_leaves=24
num_cat=0
split_feature=7 16 12 3 4 16 7 9 2 14 4 2 5 5 5 2 14 14 8 9 14 15 2
split_gain=2.58003 1.40752 0.949195 0.757996 0.716675 0.774364 0.778256 1.52381 0.662804 0.56122 0.517919 0.481487 0.80295 0.47451 0.418414 0.404211 0.361542 0.313928 0.64405 0.639066 0.909532 0.591677 0.569185
threshold=1.5000000000000002 1.0000000180025095e-35 1.0000000180025095e-35 1.0000000180025095e-35 1.0000000180025095e-35 1.0000000180025095e-35 1.0000000180025095e-35 6596.4681750646305 2038.5000000000002 142937.22037942099 1.0000000180025095e-35 2032.5000000000002 1.0017296210586071 0.87316366926095168 0.80201068204579806 2030.5000000000002 4945.6777352471518 36795.514088495845 1.0000000180025095e-35 5495.5914103797186 60979.503165495335 122.84747093397252 2037.5000000000002
decision_type=2 2 2 2 2 2 2 2 2 2 2 2 2 2 2 2 2 2 2 2 2 2 2
left_child=3 9 10 4 5 6 8 -8 15 11 17 13 14 -2 -13 -1 -7 -3 19 21 -21 -19 -22
right_child=1 2 -4 -5 -6 16 7 -9 -10 -11 -12 12 -14 -15 -16 -17 -18 18 -20 20 22 -23 -24
leaf_value=0.00035475345802635732 -0.00031870425593624621 -0.0014677655956256942 0.0073131068979072622 -0.0056726250561447717 -0.0060883823586020003 0.00037264362410108361 0.0050407297695344898 -0.0023449776891750337 0.001838299764244052 0.0025287392118190058 -0.0013164923573997229 -8.7430621437552711e-05 -0.0016686751494849378 0.0046561490303354764 0.0061836525086722029 -0.0010762085713060478 -0.0013888058811116532 -0.0011766408351199505 -0.00066959728896904527 0.0030280426630381121 0.00010971243915673785 0.0028416978716099502 0.0025430149338978754
leaf_weight=50 20 223 21 859 581 33 21 21 20 26 388 22 41 34 25 64 1168 65 380 21 73 23 20
leaf_count=50 20 223 21 859 581 33 21 21 20 26 388 22 41 34 25 64 1168 65 380 21 73 23 20
internal_value=-0.00242796 -0.000658467 -0.00125206 -0.00329606 -0.00275281 -0.00213145 0.000965908 0.00690476 -0.000895524 0.00363095 -0.00143755 0.00239437 0.000113635 0.00611111 0.00457447 -0.00236842 -0.00258535 -0.000714287 -0.000103094 0.00217822 0.00464912 -0.00102273 0.00252688
internal_weight=4199 1382 1214 2817 1958 1377 176 42 134 168 1193 142 88 54 47 114 1201 805 582 202 114 88 93
internal_count=4199 1382 1214 2817 1958 1377 176 42 134 168 1193 142 88 54 47 114 1201 805 582 202 114 88 93
is_linear=0
shrinkage=0.05


Tree=60
num_leaves=24
num_cat=3
split_feature=0 7 0 14 3 4 16 14 7 16 16 5 7 15 36 3 2 0 2 16 9 9 2
split_gain=4.7107 2.25271 1.35973 1.73865 1.41035 1.38228 1.02269 1.98 0.781522 0.752322 0.711574 0.643271 0.637286 0.590965 0.582642 0.568614 0.522245 0.510878 0.574681 0.685321 0.5 0.493534 0.490597
threshold=0 2.5000000000000004 1 2259.3593459485278 1.0000000180025095e-35 1.0000000180025095e-35 1.0000000180025095e-35 120289.32727468843 1.0000000180025095e-35 1.0000000180025095e-35 1.0000000180025095e-35 1.294853711309133 1.5000000000000002 70.302322041952422 0.94593265268936932 1.0000000180025095e-35 2036.5000000000002 2 2029.5000000000002 1.4758333333333338 4753.4794924014959 10133.856146498527 2032.5000000000002
decision_type=1 2 1 2 2 2 2 2 2 2 2 2 2 2 2 2 2 1 2 2 2 2 2
left_child=6 2 3 -2 5 8 7 20 17 12 -3 15 -10 -13 -12 16 22 18 19 -5 -1 -18 -8
right_child=1 10 -4 4 -6 -7 11 -9 9 -11 14 13 -14 -15 -16 -17 21 -19 -20 -21 -22 -23 -24
leaf_value=0.0085690971437818765 0.021265283950926053 0.0019421011250342944 -0.005714554423686638 0.0021981047691447537 -0.007239689168847519 -0.0058263042873688657 0.00047082432640399905 0.0041452484616015519 0.0012023039069880544 3.2161250106257298e-05 -0.00041891607015860253 0.0029999239140320409 0.00058410186909965797 -0.00011284656175527343 0.0012445859013236473 -0.0016333209270382677 0.0014890632394546689 -0.0022326897171906245 -0.00050182101453215635 -0.00039652356725383632 -0.00046421453002617108 0.0049879338338421481 -0.0005058114600482534
leaf_weight=25 21 68 1341 27 512 359 143 22 22 272 513 42 29 36 20 111 47 253 172 43 25 21 75
leaf_count=25 21 68 1341 27 512 359 143 22 22 272 513 42 29 36 20 111 47 253 172 43 25 21 75
internal_value=-0.00240415 -0.00304752 -0.00360702 -0.00261628 -0.00280936 -0.00185642 0.00191203 0.0075 -0.000721273 0.00119195 -0.000257905 0.00110526 0.0067647 0.00525641 -0.000872421 0.000289671 0.00146853 -0.0019697 -0.000238096 0.00357143 0.002 0.00529412 0.000275228
internal_weight=4199 3652 3051 1710 1689 1177 547 72 818 323 601 475 51 78 533 397 286 495 242 70 50 68 218
internal_count=4199 3652 3051 1710 1689 1177 547 72 818 323 601 475 51 78 533 397 286 495 242 70 50 68 218
cat_boundaries=0 1 2 3
cat_threshold=32 156 132
is_linear=0
shrinkage=0.05


Tree=61
num_leaves=24
num_cat=4
split_feature=0 7 0 3 4 16 14 0 3 3 5 4 5 16 7 15 14 15 1 9 14 9 14
split_gain=4.23111 2.24966 0.924084 0.997801 1.22312 0.873764 2.20611 0.713705 2.0476 1.04236 0.78753 0.88171 0.710173 0.601115 0.599775 0.87991 0.833762 0.590965 0.552175 0.870827 0.527352 0.584325 0.826586
threshold=0 1.5000000000000002 1 1.0000000180025095e-35 1.0000000180025095e-35 1.0000000180025095e-35 120289.32727468843 2 1.0000000180025095e-35 1.0000000180025095e-35 1.2758260264362959 1.0000000180025095e-35 1.294853711309133 3.485125 2.5000000000000004 75.269176838389953 58352.427300423915 70.302322041952422 3 1031.6042420655997 25495.070357952452 10314.443191076054 123822.78541751868
decision_type=1 2 1 2 2 2 2 1 2 2 2 2 2 2 2 2 2 2 1 2 2 2 2
left_child=5 2 3 4 18 6 -1 9 -9 10 11 13 -7 20 15 -10 -16 -14 19 -2 -3 -22 -23
right_child=1 7 -4 -5 -6 12 -8 8 14 -11 -12 -13 17 -15 16 -17 -18 -19 -20 -21 21 22 -24
leaf_value=0.00056271843696979772 -0.00073058255276486081 0.0049294925892587448 -0.0048695540633225398 -0.014667831710421768 -0.0055621681805565551 2.1893392212827136e-05 0.0039379860385214726 -0.0057599118427303277 -0.0012759934676555675 -0.001987204775651365 -0.0010380450644152039 -0.00068421437182921699 0.0028499277183304337 -0.00066061196486318888 0.00096251591740398692 0.0007651573642837924 -2.3212936914070924e-05 -0.00010720423366751075 -0.00016142643498210187 0.0023356479832212103 0.00039731783852600889 0.0017260056493468479 -0.0018788877079333425
leaf_weight=50 26 37 1767 227 132 397 22 350 48 190 78 151 42 47 34 33 31 36 271 27 127 52 24
leaf_count=50 26 37 1767 227 132 397 22 350 48 190 78 151 42 47 34 33 31 36 271 27 127 52 24
internal_value=-0.00245178 -0.00306117 -0.00393878 -0.0022583 -0.000942984 0.00164273 0.00680555 -0.00129784 -0.00272727 -0.000251398 0.000910852 0.00173516 0.000894736 0.00336237 0.00219178 -0.000679014 0.00576923 0.00525641 0.000709875 0.00537736 0.004375 0.00337438 0.0068421
internal_weight=4199 3652 2450 683 456 547 72 1202 496 706 516 438 475 287 146 81 65 78 324 53 240 203 76
internal_count=4199 3652 2450 683 456 547 72 1202 496 706 516 438 475 287 146 81 65 78 324 53 240 203 76
cat_boundaries=0 1 2 3 4
cat_threshold=32 132 156 4
is_linear=0
shrinkage=0.05


Tree=62
num_leaves=24
num_cat=4
split_feature=0 7 7 14 4 9 2 10 17 8 5 5 0 4 0 9 9 15 1 4 6 14 15
split_gain=3.98329 1.86337 0.951819 0.944917 0.87861 0.932662 0.753515 1.55376 0.716214 0.675714 0.763764 0.676692 0.636032 0.678086 0.618708 0.570779 0.73373 0.554912 0.490764 0.683074 0.532022 0.464493 0.532648
threshold=0 2.5000000000000004 1.0000000180025095e-35 110052.16701086449 1.0000000180025095e-35 16658.602543179379 2034.5000000000002 1.5000000000000002 1.0000000180025095e-35 1.0000000180025095e-35 0.95604214863564396 1.0017296210586071 1 1.0000000180025095e-35 2 2761.4735077852174 6112.4550825136303 43.828937767560795 3 1.0000000180025095e-35 1.5000000000000002 42045.363670888539 116.28100362387077
decision_type=1 2 2 2 2 2 2 2 2 2 2 2 1 2 1 2 2 2 1 2 2 2 2
left_child=2 8 14 4 5 6 15 17 12 10 -5 -11 -2 -14 21 -4 -17 -8 -3 20 -20 -1 -23
right_child=1 18 3 9 -6 -7 7 -9 -10 11 -12 -13 13 -15 -16 16 -18 -19 19 -21 -22 22 -24
leaf_value=-0.00039060051664696941 -0.0039759151925900715 -0.00064808596100498779 -0.00056402039486354056 0.003560413976140027 -0.00081297271920685458 -0.001946314513156542 0.0050824317212961045 0.0097860604994720966 -0.0036342763132081526 -0.00094460091761957058 0.0014749824479011041 0.0015347018745131907 0.00041428882537502458 -0.0052015034195724104 -0.0018999332107287612 0.0080690994894568862 0.00021598413860344077 -0.0007189903724742386 0.00080551765792994756 -0.0011126102804221488 -0.0026477548201493048 0.00096862367529283527 -0.00037623672182592722
leaf_weight=84 138 199 78 30 123 39 22 31 2298 38 29 32 130 42 285 20 36 40 172 114 21 125 73
leaf_count=84 138 199 78 30 123 39 22 31 2298 38 29 32 130 42 285 20 36 40 172 114 21 125 73
internal_value=-0.00241605 -0.00331946 0.000205478 0.00175676 0.000526991 0.00214286 0.00337004 0.00682796 -0.00386887 0.00546512 0.00940678 0.00214286 -0.0016129 0.000494504 -0.00120811 0.000970148 0.00482143 0.00225806 -0.000553361 0.000700325 0.00251295 0.000479451 0.00181818
internal_weight=4199 3114 1085 518 389 266 227 93 2608 129 59 70 310 172 567 134 56 62 506 307 193 282 198
internal_count=4199 3114 1085 518 389 266 227 93 2608 129 59 70 310 172 567 134 56 62 506 307 193 282 198
cat_boundaries=0 1 2 3 4
cat_threshold=36 67 32 2
is_linear=0
shrinkage=0.05


Tree=63
num_leaves=24
num_cat=4
split_feature=0 7 0 4 3 17 14 17 14 5 1 5 15 0 3 3 15 17 5 2 4 9 9
split_gain=3.72463 2.18328 0.970436 1.04948 1.41195 0.937114 2.20611 0.836234 0.746401 0.694611 0.671096 0.595358 0.519166 0.51617 2.68798 0.996246 0.704233 0.731202 0.646877 0.719101 0.748065 0.649136 0.73303
threshold=0 1.5000000000000002 1 1.0000000180025095e-35 1.0000000180025095e-35 1.0000000180025095e-35 120289.32727468843 74.884166666666673 48310.708068592714 1.304185265331794 2 0.99972858438040657 70.302322041952422 3 1.0000000180025095e-35 1.0000000180025095e-35 167.40759357872378 82.258750000000006 1.2758260264362959 2033.5000000000002 1.0000000180025095e-35 11002.751762119648 94.441341575564124
decision_type=1 2 1 2 2 2 2 2 2 2 1 2 2 1 2 2 2 2 2 2 2 2 2
left_child=5 2 3 4 7 6 -1 8 10 -7 11 -2 -11 15 -15 16 17 18 19 20 21 22 -3
right_child=1 13 -4 -5 -6 9 -8 -9 -10 12 -12 -13 -14 14 -16 -17 -18 -19 -20 -21 -22 -23 -24
leaf_value=0.00048615133135666323 0.0012237168837163639 0.0013467931865440319 -0.0053236696459570444 -0.0067170765186594598 -0.008982320370757562 -4.7321573751582191e-05 0.0035734932476361768 -0.00052614032853259655 0.00069389808093184725 0.0028703895971032463 -0.00063048622688759864 -0.0018669315112825359 -8.7830298625639517e-06 -0.005366308310207981 0.00027770947176294333 -0.002247634694283645 0.002301964080099772 -0.0022971092585200316 -0.00095246713256547176 -4.9898323871654358e-05 -1.0231202853097314e-05 0.0030706469730026349 -0.00046969205955717746
leaf_weight=50 29 41 1414 314 229 401 22 201 125 39 102 36 35 350 146 190 25 71 64 178 68 38 31
leaf_count=50 29 41 1414 314 229 401 22 201 125 39 102 36 35 350 146 190 25 71 64 178 68 38 31
internal_value=-0.00238033 -0.00295194 -0.00381633 -0.00256214 -0.0015374 0.00146319 0.00680555 -3.04272e-05 0.00167808 0.000684209 -0.000508983 0.00346154 0.00513513 -0.00121464 -0.00243083 -0.00032123 0.000813952 0.000397147 0.00119047 0.00202247 0.00426966 0.00681818 0.00402778
internal_weight=4199 3652 2450 1036 722 547 72 493 292 475 167 65 74 1202 496 706 516 491 420 356 178 110 72
internal_count=4199 3652 2450 1036 722 547 72 493 292 475 167 65 74 1202 496 706 516 491 420 356 178 110 72
cat_boundaries=0 1 2 3 4
cat_threshold=32 148 4 156
is_linear=0
shrinkage=0.05


Tree=64
num_leaves=24
num_cat=3
split_feature=0 7 0 4 3 16 16 14 5 5 16 5 3 0 3 3 6 5 5 5 9 15 7
split_gain=3.65635 1.98135 1.02626 1.21972 1.40279 1.12318 0.937114 2.20611 0.694611 0.683111 0.520044 0.848806 1.06667 0.646094 1.06193 0.865319 0.620812 0.686694 0.778771 0.695918 0.663351 0.631313 0.5464
threshold=0 1.5000000000000002 1 1.0000000180025095e-35 1.0000000180025095e-35 1.0000000180025095e-35 1.0000000180025095e-35 120289.32727468843 1.304185265331794 0.93269690608366818 1.0000000180025095e-35 1.0264471337233452 1.0000000180025095e-35 2 1.0000000180025095e-35 1.0000000180025095e-35 1.0000000180025095e-35 1.2141818954864803 1.1415607775418246 0.79218722710116374 16450.447644362092 107.21157695978535 2.5000000000000004
decision_type=1 2 1 2 2 2 2 2 2 2 2 2 2 1 2 2 2 2 2 2 2 2 2
left_child=6 2 3 4 5 9 7 -1 -8 -2 11 12 -3 15 -15 16 17 18 19 22 -18 -21 -12
right_child=1 10 -4 -5 -6 -7 8 -9 -10 -11 13 -13 -14 14 -16 -17 20 -19 -20 21 -22 -23 -24
leaf_value=0.00046184376478882496 0.0015399545885954437 0.0005112530782538919 -0.0059249335880732033 -0.0069683253841789534 -0.0083830811893955345 -0.00041630278050523424 -4.4955495064005421e-05 0.003394818585254371 0.0012129049498591183 0.00056253646949205871 6.0296496729387142e-05 -6.5645413197654327e-05 0.0044917401752324433 -0.0036356461845270952 9.6707740767475403e-05 -0.0026596127550743347 -0.00055687478580627179 -0.0015008658290653271 0.0029101931317343246 -0.00097141194876776849 0.00048672550560435122 0.0019015818682060048 0.0031893736988963628
leaf_weight=50 37 60 1083 423 291 559 401 22 74 57 20 65 20 413 172 125 114 43 22 66 37 24 21
leaf_count=50 37 60 1083 423 291 559 401 22 74 57 20 65 20 413 172 125 114 43 22 66 37 24 21
internal_value=-0.00234461 -0.00291098 -0.0037347 -0.00274873 -0.00176907 -0.00048239 0.00146319 0.00680555 0.000684209 0.00457447 -0.00125624 0.00155172 0.005 -0.00164144 -0.00273109 -0.000228217 0.00105187 0.00290816 0.00447712 0.00301527 -0.00135762 0.000555554 0.00841463
internal_weight=4199 3652 2450 1367 944 653 547 72 475 94 1202 145 80 1057 585 472 347 196 153 131 151 90 41
internal_count=4199 3652 2450 1367 944 653 547 72 475 94 1202 145 80 1057 585 472 347 196 153 131 151 90 41
cat_boundaries=0 1 2 3
cat_threshold=32 156 140
is_linear=0
shrinkage=0.05


Tree=65
num_leaves=24
num_cat=3
split_feature=0 0 3 4 16 16 14 7 3 7 5 5 2 1 15 5 11 3 2 5 5 7 6
split_gain=3.65635 1.85589 2.09695 2.064 1.30713 0.937114 2.20611 0.892885 0.740505 1.92818 0.694611 0.622635 0.772954 0.65434 0.519166 0.510943 0.443751 0.46191 0.735339 0.467281 1.03052 0.433594 0.467979
threshold=0 1 1.0000000180025095e-35 1.0000000180025095e-35 1.0000000180025095e-35 1.0000000180025095e-35 120289.32727468843 1.0000000180025095e-35 1.0000000180025095e-35 1.5000000000000002 1.304185265331794 1.0039509067790955 2034.5000000000002 2 70.302322041952422 1.395838970718613 1.0016378065653475 1.0000000180025095e-35 2036.5000000000002 0.86008392305335724 1.012892594377331 1.5000000000000002 1.0000000180025095e-35
decision_type=1 1 2 2 2 2 2 2 2 2 2 2 2 1 2 2 2 2 2 2 2 2 2
left_child=5 2 3 4 11 6 -1 -6 -3 -10 16 12 -2 -13 -12 -9 17 18 -7 -20 -21 -5 -23
right_child=1 8 -4 21 7 10 -8 15 9 -11 14 13 -14 -15 -16 -17 -18 -19 19 20 -22 22 -24
leaf_value=0.00043875157654938747 0.00070075127439130427 -0.0072529725919568567 -0.0043127348566455422 -0.0066159395204069636 -0.00068289621468643454 4.287697914119827e-05 0.0032250776559916527 0.00018329634763103789 -0.0035507118973388263 0.00025898861113642205 0.0026662248697551356 -0.00052914253434690616 0.0022385167690133771 0.0032586383861236573 -6.8989125862390253e-05 0.0007603364332868269 -0.00098455638968972356 -0.0015313234629823575 -0.00017284976526101437 0.0050296915989540914 0.0008790384594881969 0.00016686884957526805 -0.0025737269580945231
leaf_weight=50 58 1100 618 286 425 198 22 393 333 146 39 26 25 33 35 27 42 99 20 20 22 97 85
leaf_count=50 58 1100 618 286 425 198 22 393 333 146 39 26 25 33 35 27 42 99 20 20 22 97 85
internal_value=-0.00234461 -0.00291098 -0.00190351 -0.00087629 0.000420465 0.00146319 0.00680555 -0.000325445 -0.00421334 -0.00259917 0.000684209 0.00485915 0.0076506 0.000932202 0.00513513 0.00130952 -0.000137158 0.000431754 0.00153846 0.00629032 0.00928571 -0.00361111 -0.0017033
internal_weight=4199 3652 2073 1455 987 547 72 845 1579 479 475 142 83 59 74 420 401 359 260 62 42 468 182
internal_count=4199 3652 2073 1455 987 547 72 845 1579 479 475 142 83 59 74 420 401 359 260 62 42 468 182
cat_boundaries=0 1 2 3
cat_threshold=32 156 2
is_linear=0
shrinkage=0.05


Tree=66
num_leaves=24
num_cat=4
split_feature=0 12 3 4 7 16 1 9 7 3 7 0 0 2 2 17 16 14 2 5 2 15 15
split_gain=3.62251 2.74398 2.31898 2.09296 1.08975 0.993432 1.30208 0.863782 0.749453 0.7122 1.92818 0.674201 0.627857 0.692321 0.624539 0.589464 0.578179 0.498796 0.602826 0.586921 0.45445 0.578981 0.447018
threshold=0 1.0000000180025095e-35 1.0000000180025095e-35 1.0000000180025095e-35 1.0000000180025095e-35 1.0000000180025095e-35 1 5909.3416764653275 2.5000000000000004 1.0000000180025095e-35 1.5000000000000002 2 3 2029.5000000000002 2038.5000000000002 74.884166666666673 1.4758333333333338 135965.62034304874 2032.5000000000002 1.395838970718613 2037.5000000000002 56.022613794889629 38.355267274579568
decision_type=1 2 2 2 2 2 1 2 2 2 2 1 1 2 2 2 2 2 2 2 2 2 2
left_child=9 2 3 4 12 6 -6 -8 -4 -1 -11 20 13 15 -14 -2 -10 19 -19 22 -5 -22 -7
right_child=1 -3 8 11 5 17 7 -9 16 10 -12 -13 14 -15 -16 -17 -18 18 -20 -21 21 -23 -24
leaf_value=-0.0068903239623590148 0.0018964971843054438 0.016141823875719073 -0.0043985597621522257 -0.00050510456816157804 -3.0573345585736033e-05 0.00064579489837701838 0.0073494768206525968 0.0028243730786301456 0.0013014876958127065 -0.0033731763024718851 0.0002460391805796003 -0.011112187455953047 -0.0018762443664134766 -0.00028914592004025279 0.000321824920679681 -8.0957647101561874e-05 -0.0015237250502471249 0.00097442265611411233 0.00066860897460480247 0.00081915471280523313 -0.001076340547034381 0.0016552698570652215 -7.3812104594766961e-05
leaf_weight=1100 61 33 629 275 32 145 22 26 41 333 146 241 218 276 35 43 81 42 49 27 38 40 266
leaf_count=1100 61 33 629 275 32 145 22 26 41 333 146 241 218 276 35 43 81 42 49 27 38 40 266
internal_value=-0.00229698 -0.00114069 -0.00132779 -0.000370372 0.0007971 0.00230706 0.0075 0.0127083 -0.00366844 -0.00418188 -0.00259917 -0.00281145 -0.000655609 0.000641024 -0.00252852 0.00413461 -8.19684e-05 0.00152174 0.00489011 0.000821917 -0.00128099 0.00205128 0.000352797
internal_weight=4199 2620 2587 1836 1242 609 80 48 751 1579 479 594 633 380 253 104 122 529 91 438 353 78 411
internal_count=4199 2620 2587 1836 1242 609 80 48 751 1579 479 594 633 380 253 104 122 529 91 438 353 78 411
cat_boundaries=0 1 2 3 4
cat_threshold=67 2 164 164
is_linear=0
shrinkage=0.05


Tree=67
num_leaves=24
num_cat=5
split_feature=0 12 3 4 16 0 3 7 0 7 1 5 7 9 9 4 5 2 0 2 2 5 5
split_gain=3.62251 2.74398 2.18893 2.04652 1.28386 0.806075 0.7122 1.66237 0.674201 0.612189 0.596847 1.08986 1.08269 0.863782 0.75 0.569929 0.554423 0.640093 0.472128 0.45445 0.366235 0.463512 0.371057
threshold=0 1.0000000180025095e-35 1.0000000180025095e-35 1.0000000180025095e-35 1.0000000180025095e-35 1 1.0000000180025095e-35 1.5000000000000002 2 1.0000000180025095e-35 3 0.92150294269003385 1.0000000180025095e-35 5909.3416764653275 7731.3505353129776 1.0000000180025095e-35 0.96905256789785377 2033.5000000000002 4 2037.5000000000002 2028.5000000000002 1.0719064968597067 0.73459936002505744
decision_type=1 2 2 2 2 1 2 2 1 2 1 2 2 2 2 2 2 2 1 2 2 2 2
left_child=6 2 3 4 10 15 -1 -8 19 18 11 -2 14 -14 -12 16 -4 -18 20 -5 21 -6 -22
right_child=1 -3 5 8 9 -7 7 -9 -10 -11 12 -13 13 -15 -16 -17 17 -19 -20 -21 22 -23 -24
leaf_value=-0.0065458077642410644 0.0045472144492060716 0.015334732681933125 -0.0011730945700329251 -0.00047984933975349489 0.0028595291002593776 -0.0040976189549993451 -0.0032045174873482907 0.00023373722155061978 -0.010556578083155395 0.000374759746368849 -0.00058590324432538407 -0.00014981465929577153 0.0069820029796199687 0.0026831544246986383 0.0015546698400765698 -0.0144329256957243 0.00084408818798404261 -0.00052677076924381846 -0.0017655696611840591 0.00092658416342854266 -0.0012832909656361471 -0.00034323532495977529 -7.04011882719989e-06
leaf_weight=1100 29 33 48 275 43 610 333 146 241 529 28 42 22 26 21 41 29 23 217 78 42 29 214
leaf_count=1100 29 33 48 275 43 610 333 146 241 529 28 42 22 26 21 41 29 23 217 78 42 29 214
internal_value=-0.00229698 -0.00114069 -0.00132779 -0.000397605 0.000756843 -0.00360187 -0.00418188 -0.00259917 -0.00281145 0.000121042 0.00482143 0.00133803 0.00737113 0.0127083 0.00214286 -3.31137e-05 0.002 0.00557692 -0.00105505 -0.00128099 0.000177514 0.00333333 -0.000703126
internal_weight=4199 2620 2587 1836 1242 751 1579 479 594 1074 168 71 97 48 49 141 100 52 545 353 328 72 256
internal_count=4199 2620 2587 1836 1242 751 1579 479 594 1074 168 71 97 48 49 141 100 52 545 353 328 72 256
cat_boundaries=0 1 2 3 4 5
cat_threshold=67 32 164 2 164
is_linear=0
shrinkage=0.05


Tree=68
num_leaves=24
num_cat=0
split_feature=7 14 3 17 7 8 4 19 11 14 2 17 14 2 14 15 2 2 5 15 5 2 15
split_gain=2.27698 1.10663 0.739892 0.622095 0.761527 0.959968 0.61816 0.442077 0.675654 0.441913 0.415374 0.406393 0.63532 0.681156 0.641272 0.484575 0.371661 0.315502 0.395172 0.309026 0.358378 0.412639 0.30206
threshold=1.5000000000000002 2748.6310034342155 1.0000000180025095e-35 1.0000000180025095e-35 2.5000000000000004 1.0000000180025095e-35 1.0000000180025095e-35 1.0000000180025095e-35 0.9984092495684993 36433.74504910368 2032.5000000000002 74.884166666666673 37301.303167889149 2037.5000000000002 145984.69504543618 78.075947847518833 2038.5000000000002 2039.5000000000002 1.1016024789624379 27.163797107848534 0.97590027831923531 2029.5000000000002 25.012291305676673
decision_type=2 2 2 2 2 2 2 2 2 2 2 2 2 2 2 2 2 2 2 2 2 2 2
left_child=2 -2 6 4 9 -6 11 8 -5 -3 -7 12 -1 14 19 -15 -17 22 -19 -14 21 -21 -9
right_child=1 3 -4 7 5 10 -8 17 -10 -11 -12 -13 13 15 -16 16 -18 18 -20 20 -22 -23 -24
leaf_value=-0.00091295617499328845 0.014144690815013256 0.001319629520949714 -0.0037032169528378543 -0.0001642566248548985 0.003302725802614738 0.0042543346611042393 -0.0044542694351583801 -0.0020174438996693679 0.00066172032009633092 -0.00025539754525392581 -9.5432970031950873e-05 -0.0016645970010015444 0.00012220440384807618 0.0019469648746693752 0.0027563228422525128 -0.0038881576101376328 0.00079391650929372588 -0.0016329453448986272 0.001190344448211941 0.001244934287628208 -0.0014403191234139932 -0.0006201731374013388 -0.00030536774459735271
leaf_weight=349 23 29 859 114 20 24 581 205 37 53 37 600 61 49 26 20 21 41 26 31 148 72 773
leaf_count=349 23 29 859 114 20 24 581 205 37 53 37 600 61 49 26 20 21 41 26 31 148 72 773
internal_value=-0.00232079 -0.000658467 -0.00313632 -0.000842532 0.00205521 0.00549383 -0.00259959 -0.00123746 0.00129139 -0.00134146 0.00237705 -0.00202251 -0.0012677 2.33633e-05 -0.00100592 0.00388889 -0.000121952 -0.00160287 0.00171642 -0.00163462 -0.00241036 -0.000145632 -0.00183027
internal_weight=4199 1382 2817 1359 163 81 1958 1196 151 82 61 1377 777 428 338 90 41 1045 67 312 251 103 978
internal_count=4199 1382 2817 1359 163 81 1958 1196 151 82 61 1377 777 428 338 90 41 1045 67 312 251 103 978
is_linear=0
shrinkage=0.05


Tree=69
num_leaves=24
num_cat=3
split_feature=0 7 0 3 0 3 16 14 5 15 3 9 19 2 15 15 2 3 2 9 15 15 14
split_gain=4.49959 1.91786 0.947444 1.12167 0.799679 1.77535 0.753714 2.20611 0.579678 0.590965 0.528814 0.693003 0.725633 0.712937 0.684092 0.995133 0.667361 0.496701 0.475604 0.493534 0.43338 0.701299 0.533333
threshold=0 1.5000000000000002 1 1.0000000180025095e-35 2 1.0000000180025095e-35 1.0000000180025095e-35 120289.32727468843 1.294853711309133 70.302322041952422 1.0000000180025095e-35 13320.461549423691 1.0000000180025095e-35 2027.5000000000002 114.07011094534455 165.47496111337907 2033.5000000000002 1.0000000180025095e-35 2036.5000000000002 10133.856146498527 68.033336041550726 96.555610848488513 23020.48650124203
decision_type=1 2 1 2 1 2 2 2 2 2 2 2 2 2 2 2 2 2 2 2 2 2 2
left_child=6 2 3 -2 10 -6 7 -1 17 -10 11 12 -3 -13 16 -16 -15 18 -8 -20 22 -22 -7
right_child=1 4 -4 -5 5 20 8 -9 9 -11 -12 13 -14 14 15 -17 -18 -19 19 -21 21 -23 -24
leaf_value=0.00073510337672347183 -0.00039708260160802521 0.0011749691969627539 -0.0042216389392433842 -0.0071378184169273128 -0.0038848253731400863 0.00025652043693748331 7.0848971715037939e-05 0.0028978345898122964 0.0022809961896341625 3.6983717308053133e-05 -0.0015471117355192532 -0.0023381855026573515 -0.00015977425736462118 0.0012545013931469552 -0.00034027404955187519 0.0019970674741198713 0.000223393828941546 -0.0011457389246452845 0.0012038990988876943 0.0042670696990671931 0.0015277533294077235 8.175826847216564e-05 -0.00021296134766619792
leaf_weight=50 706 42 1414 330 350 32 218 22 42 36 190 21 322 40 39 20 32 111 47 21 24 42 48
leaf_count=50 706 42 1414 330 350 32 218 22 42 36 190 21 322 40 39 20 32 111 47 21 24 42 48
internal_value=-0.00221362 -0.00284271 -0.00365306 -0.00241874 -0.00121464 -0.00272727 0.00200179 0.00680555 0.00131579 0.00525641 -0.000111733 0.000717053 -0.000467034 0.00355263 0.00492366 0.000932202 0.00819444 0.000541561 0.00164336 0.00529412 0.00184931 0.00484848 -0.000625001
internal_weight=4199 3652 2450 1036 1202 496 547 72 475 78 706 516 364 152 131 59 72 397 286 68 146 66 80
internal_count=4199 3652 2450 1036 1202 496 547 72 475 78 706 516 364 152 131 59 72 397 286 68 146 66 80
cat_boundaries=0 1 2 3
cat_threshold=32 148 156
is_linear=0
shrinkage=0.05


Tree=70
num_leaves=24
num_cat=3
split_feature=0 0 3 4 16 3 7 16 14 0 7 2 7 5 15 7 5 15 5 6 14 9 5
split_gain=4.34987 2.02876 1.87837 1.64962 0.925263 0.846753 1.76379 0.753714 2.20611 0.61291 0.868871 0.719528 0.602513 0.579678 0.590965 0.546007 0.548166 0.401539 0.426332 0.436184 0.618024 0.878233 0.568625
threshold=0 1 1.0000000180025095e-35 1.0000000180025095e-35 1.0000000180025095e-35 1.0000000180025095e-35 1.5000000000000002 1.0000000180025095e-35 120289.32727468843 2 1.5000000000000002 2035.5000000000002 2.5000000000000004 1.294853711309133 70.302322041952422 1.0000000180025095e-35 1.395838970718613 167.40759357872378 1.2286516858134353 1.0000000180025095e-35 28523.785437470815 16658.602543179379 1.1498103798023716
decision_type=1 1 2 2 2 2 2 2 2 1 2 2 2 2 2 2 2 2 2 2 2 2 2
left_child=7 2 3 4 -2 -3 -7 8 -1 10 -5 -12 -4 -9 -15 -6 17 18 19 20 -17 22 -22
right_child=1 5 12 9 15 6 -8 13 -10 -11 11 -13 -14 14 -16 16 -18 -19 -20 -21 21 -23 -24
leaf_value=0.00069834820788729397 0.00090533939611582277 -0.0059941005598470294 -0.0050475210936238761 -0.0048754039095454827 -0.00054533637859650993 -0.0026480488183768152 0.00023124481772634911 0.00015694199972230059 0.0027529428603216815 -0.0051816836121426771 -0.00046579803187757915 0.0030437885951393258 -0.00011216250698994575 0.0021669463801524537 3.5134531442651292e-05 -0.00037708506095737368 0.00076256152003964127 0.0015504459634912309 -0.00097799359820723258 -0.00017922517163309167 0.00053290933149647125 -0.00036685568806776918 0.004495731402724165
leaf_weight=50 142 1100 519 68 425 333 146 397 22 351 29 20 99 42 36 46 27 20 51 116 97 41 22
leaf_count=50 142 1100 519 68 425 333 146 397 22 351 29 20 99 42 36 46 27 20 51 116 97 41 22
internal_value=-0.00214218 -0.00276079 -0.00171148 -0.000738833 0.000420465 -0.00411894 -0.0023904 0.00200179 0.00680555 -0.00318376 0.000118109 0.00520408 -0.00402913 0.00131579 0.00525641 -0.000207102 0.00107143 0.000597963 0.000227881 0.00090062 0.00228155 0.00375 0.00592437
internal_weight=4199 3652 2073 1455 987 1579 479 547 72 468 117 49 618 475 78 845 420 393 373 322 206 160 119
internal_count=4199 3652 2073 1455 987 1579 479 547 72 468 117 49 618 475 78 845 420 393 373 322 206 160 119
cat_boundaries=0 1 2 3
cat_threshold=32 156 4
is_linear=0
shrinkage=0.05


Tree=71
num_leaves=24
num_cat=3
split_feature=0 12 3 7 3 7 7 0 0 6 9 15 8 15 9 5 2 5 2 5 5 2 15
split_gain=4.16747 2.22142 2.11606 0.961791 1.19944 0.880137 0.73587 0.724461 0.707979 0.586771 0.846911 0.740417 0.556961 0.495355 0.795479 0.676812 0.646897 0.692063 0.543558 0.455935 0.694793 0.473896 0.426293
threshold=0 1.0000000180025095e-35 1.0000000180025095e-35 1.5000000000000002 1.0000000180025095e-35 1.0000000180025095e-35 2.5000000000000004 1 2 1.0000000180025095e-35 16450.447644362092 17.682535482637871 1.0000000180025095e-35 75.935592130221409 6677.1569557708253 0.82102913517071141 2032.5000000000002 0.95417278502810365 2036.5000000000002 0.83891891611053782 0.92432712047662835 2028.5000000000002 68.033336041550726
decision_type=1 2 2 2 2 2 2 1 1 2 2 2 2 2 2 2 2 2 2 2 2 2 2
left_child=1 2 5 -2 8 7 -4 19 -5 11 -11 -7 -8 18 16 -16 -15 -18 -13 21 -21 -1 -6
right_child=3 -3 6 4 22 9 12 -9 -10 10 -12 13 -14 14 15 -17 17 -19 -20 20 -22 -23 -24
leaf_value=0.0023449972989976905 -0.0037415777140499019 0.015588357092743147 -0.0037330168750533961 -3.9619694678650149e-05 -0.00011057459027063919 0.0028869636717085982 0.00084739276687124357 -0.0013557126359490588 -0.0033908790764907307 -0.00029647274757560823 0.00052872474632008793 -0.00033513425119821409 -0.0014232273813453839 0.0030180345492580316 0.00086369819505531401 -0.00055384047491945933 -0.00082201051928808559 0.0037687946537653203 0.00081014503598727963 0.0020055451969564911 0.00014849535755086609 -0.001048323120958476 0.0004186457431119429
leaf_weight=24 1436 31 504 120 102 25 31 367 350 227 67 177 64 29 26 83 20 23 62 39 240 59 93
leaf_count=24 1436 31 504 120 102 25 31 367 350 227 67 177 64 29 26 83 20 23 62 39 240 59 93
internal_value=-0.00213027 -0.000540798 -0.000742623 -0.0036973 -0.00214286 0.00027929 -0.00324708 -0.000953362 -0.00351064 0.00149526 -0.000238096 0.00264045 0.000789472 0.00214286 0.00411602 0.00142202 0.00819444 0.00430232 0.000648534 0.00064516 0.00163082 -0.00259036 0.00115384
internal_weight=4199 2098 2067 2101 665 1468 599 729 470 739 294 445 95 420 181 109 72 43 239 362 279 83 195
internal_count=4199 2098 2067 2101 665 1468 599 729 470 739 294 445 95 420 181 109 72 43 239 362 279 83 195
cat_boundaries=0 1 2 3
cat_threshold=172 160 16
is_linear=0
shrinkage=0.05


Tree=72
num_leaves=24
num_cat=3
split_feature=0 3 4 0 7 7 3 7 15 14 2 17 1 15 17 15 5 5 5 15 14 14 5
split_gain=3.97589 2.1255 1.71867 1.23342 1.21066 1.06477 0.992941 1.60674 0.771127 0.675341 0.788109 0.510943 0.507712 0.822775 0.564398 0.496734 0.467239 0.66034 0.573282 0.564266 0.4375 0.433655 1.1058
threshold=0 1.0000000180025095e-35 1.0000000180025095e-35 1 2.5000000000000004 1.0000000180025095e-35 1.0000000180025095e-35 1.5000000000000002 15.976611032343117 140437.06807840019 2032.5000000000002 71.457916666666691 2 25.012291305676673 82.258750000000006 139.23806101466428 0.63561259619552946 0.8899652155658534 0.95125794861024027 142.59807230312961 47446.554333251734 50842.525539355331 0.7681049980012834
decision_type=1 2 2 1 2 2 2 2 2 2 2 2 1 2 2 2 2 2 2 2 2 2 2
left_child=6 2 5 16 -3 15 -1 -8 -7 12 -11 -6 13 -10 21 -2 -4 -18 -19 -20 -13 -14 -23
right_child=1 4 3 -5 11 8 7 -9 9 10 -12 20 14 -15 -16 -17 17 18 19 -21 -22 22 -24
leaf_value=-0.0055248515780301436 8.4384333790761602e-05 -0.0034375033555738379 0.0013913910697341666 -0.0097235571967317063 0.0016269257238778906 0.0083914420144242125 -0.0023285674917554789 0.00021078648592172985 -0.0012678770014691125 0.0014789767476151693 0.00050115478505135093 0.00034517875075026227 -0.00016906906154577747 0.0032438999723035881 -0.00046468353450135509 -0.0015358457367270668 -0.00087204679596754103 0.0010571748693548762 -0.00076141646248030189 0.0010272992321621499 -0.0015987333136366474 -0.00016521045419119293 0.00074782451405692183
leaf_weight=1100 564 638 27 245 41 29 333 146 27 53 48 36 162 40 66 71 71 29 202 26 48 44 153
leaf_count=1100 564 638 27 245 41 29 333 146 27 53 48 36 162 40 66 71 71 29 202 26 48 44 153
internal_value=-0.00208264 -0.000874526 3.50015e-05 -0.00216667 -0.00309961 0.00108592 -0.00405601 -0.00218163 0.00255627 0.00216695 0.00589109 0.0014 0.00140244 0.00544776 0.000764705 -0.000354332 -0.000205481 -0.000731709 0.00044747 -0.000394738 -0.000833335 0.00154596 0.00312183
internal_weight=4199 2620 1857 600 763 1257 1579 479 622 593 101 125 492 67 425 635 355 328 257 228 84 359 197
internal_count=4199 2620 1857 600 763 1257 1579 479 622 593 101 125 492 67 425 635 355 328 257 228 84 359 197
cat_boundaries=0 1 2 3
cat_threshold=67 164 4
is_linear=0
shrinkage=0.05


Tree=73
num_leaves=24
num_cat=4
split_feature=0 0 7 3 4 3 7 16 14 1 19 19 16 3 8 14 9 9 15 9 1 15 15
split_gain=3.75508 1.99184 1.64346 1.23283 1.31765 1.0704 1.55066 0.84292 2.20611 0.800983 0.808813 0.442182 0.426925 0.418485 0.403701 0.380952 0.47619 0.32 0.318143 0.472727 0.320606 0.306454 0.540959
threshold=0 1 1.5000000000000002 1.0000000180025095e-35 1.0000000180025095e-35 1.0000000180025095e-35 1.0000000180025095e-35 1.0000000180025095e-35 120289.32727468843 2 1.0000000180025095e-35 1.0000000180025095e-35 1.0000000180025095e-35 1.0000000180025095e-35 1.5000000000000002 42045.363670888539 11801.107491726389 4753.4794924014959 69.413822433204857 20329.79595575637 3 167.40759357872378 123.43901836151963
decision_type=1 1 2 2 2 2 2 2 2 1 2 2 2 2 2 2 2 2 2 2 1 2 2
left_child=5 7 3 4 11 -1 -7 8 17 -8 -11 -3 15 14 -9 -13 -17 -2 -12 20 -20 22 -4
right_child=1 2 21 -5 -6 6 9 13 -10 10 18 12 -14 -15 -16 16 -18 -19 19 -21 -22 -23 -24
leaf_value=-0.0052486089991286376 0.0066543255176098413 -0.0016698636477214417 8.6839187193208959e-05 -0.0057834016316900203 -0.0057483488897780242 -0.0034677983033204671 0.0010290975742004453 0.0011108859867842396 0.0025015841415250949 0.00055696159405403255 -0.00033844101444382806 -0.0002184841509198782 -0.00018436698816773182 -0.00036742508988953657 -0.000269887248209903 0.0014442176293998324 -0.0002238874636614766 -0.00055697199122209731 0.00022066575308770072 -0.0014390802773335998 -0.00048127264694650503 0.0014858464334541702 -0.00061425331104749694
leaf_weight=1100 25 67 569 428 286 250 35 328 22 28 85 28 502 127 20 35 21 25 30 26 25 29 108
leaf_count=1100 25 67 569 428 286 250 35 328 22 28 85 28 502 127 20 35 21 25 30 26 25 29 108
internal_value=-0.00210646 -0.00093156 -0.00163946 -0.00265911 -0.00164537 -0.00402454 -0.00207725 0.00173249 0.00680555 0.000895195 -0.000360826 -0.00040582 3.41285e-05 0.000999999 0.00189655 0.00333333 0.00571428 0.000999999 -0.00168675 0.000555554 0.00318182 0.000311614 9.60106e-05
internal_weight=4199 2620 2073 1367 939 1579 479 547 72 229 194 653 586 475 348 84 56 50 166 81 55 706 677
internal_count=4199 2620 2073 1367 939 1579 479 547 72 229 194 653 586 475 348 84 56 50 166 81 55 706 677
cat_boundaries=0 1 2 3 4
cat_threshold=67 32 4 1
is_linear=0
shrinkage=0.05


Tree=74
num_leaves=24
num_cat=2
split_feature=0 0 7 3 4 3 7 16 14 7 14 15 2 16 5 11 3 5 5 15 16 9 5
split_gain=3.80221 1.83212 1.56351 1.31526 1.41868 1.0704 1.55066 0.873764 2.20611 0.611716 0.65641 0.499256 0.45864 0.625031 0.445546 0.514647 0.434603 0.437979 0.423751 0.554138 0.800205 0.771479 0.721752
threshold=0 1 1.5000000000000002 1.0000000180025095e-35 1.0000000180025095e-35 1.0000000180025095e-35 1.0000000180025095e-35 1.0000000180025095e-35 120289.32727468843 2.5000000000000004 64249.445123386446 63.950051230600927 2027.5000000000002 1.4758333333333338 1.304185265331794 1.0016378065653475 1.0000000180025095e-35 1.2226069235746426 1.2782222241056231 39.711119482505694 1.0000000180025095e-35 13320.461549423691 0.71283530371631154
decision_type=1 1 2 2 2 2 2 2 2 2 2 2 2 2 2 2 2 2 2 2 2 2 2
left_child=5 7 3 4 12 -1 -7 8 -2 11 -11 -8 13 -3 15 16 17 -9 19 20 -4 -21 -22
right_child=1 2 18 -5 -6 6 9 14 -10 10 -12 -13 -14 -15 -16 -17 -18 -19 -20 21 22 -23 -24
leaf_value=-0.0049861785491722051 0.00043020425575516889 0.0015949834487052846 0.0042285065845970001 -0.0054942315501055189 -0.005460931445289122 -0.0032944083881544435 -0.00028801218986543629 0.0014694483708434106 0.0023765049344488445 0.00062348484257284266 -0.00045183684376584187 0.00014179821819592089 -0.00024158535893695007 -0.00046513302939946106 0.001089647918248943 -0.00082558757849367594 -0.00067693778431975624 -0.00064534060216930552 -0.00085784743817604874 -0.00054121731997951216 0.0016575142205471046 0.00069430595856132579 8.6635503241250903e-05
leaf_weight=1100 50 39 20 428 286 250 88 239 22 39 26 76 559 55 74 42 99 21 105 257 28 151 145
leaf_count=1100 50 39 20 428 286 250 88 239 22 39 26 76 559 55 74 42 99 21 105 257 28 151 145
internal_value=-0.00209455 -0.000912549 -0.00159146 -0.00258596 -0.00153887 -0.00402454 -0.00207725 0.00164273 0.00680555 0.000895195 0.005 -0.000731709 -0.000252681 0.00297872 0.000894736 0.000236907 0.000849581 0.00192308 0.000311614 0.000823626 0.00303109 -0.000220589 0.00193641
internal_weight=4199 2620 2073 1367 939 1579 479 547 72 229 65 164 653 94 475 401 359 260 706 601 193 408 173
internal_count=4199 2620 2073 1367 939 1579 479 547 72 229 65 164 653 94 475 401 359 260 706 601 193 408 173
cat_boundaries=0 1 2
cat_threshold=67 32
is_linear=0
shrinkage=0.05


Tree=75
num_leaves=24
num_cat=4
split_feature=0 12 3 4 0 3 7 7 1 16 15 7 14 2 15 14 1 9 8 2 9 2 20
split_gain=3.80221 2.11654 1.68077 1.35038 1.15522 0.960122 1.43404 0.888566 0.852011 0.816841 0.738731 0.533015 0.650089 0.628946 0.500639 0.466936 0.424836 0.829665 0.376957 0.364786 0.619048 0.473832 0.481544
threshold=0 1.0000000180025095e-35 1.0000000180025095e-35 1.0000000180025095e-35 1 1.0000000180025095e-35 1.0000000180025095e-35 1.5000000000000002 2 1.0000000180025095e-35 66.063244461926928 1.0000000180025095e-35 140437.06807840019 2032.5000000000002 139.23806101466428 151498.38975148505 3 20329.79595575637 1.0000000180025095e-35 2038.5000000000002 9586.3725881875816 2029.5000000000002 1.0000000180025095e-35
decision_type=1 2 2 2 1 2 2 2 1 2 2 2 2 2 2 2 1 2 2 2 2 2 2
left_child=5 2 3 11 15 -1 -7 -4 -8 -9 -10 14 -13 -14 19 -5 17 -12 -15 21 -21 22 -2
right_child=1 -3 7 4 -6 6 8 9 10 -11 16 12 13 18 -16 -17 -18 -19 -20 20 -22 -23 -24
leaf_value=-0.0047368696217135941 0.0011674244944639748 0.012588216709758139 -0.004482289428203493 -0.00026879262332895845 -0.0091512590245912701 -0.0031296879687467217 0.00099204330498369473 0.0013337478174255491 -0.00028849564093257041 -0.0010225505089160064 0.00043362704283959647 0.00013631202265335243 0.001303715697651045 0.001573322173598531 -0.0014553095303536652 0.00039049240219412814 -0.00094836928692479676 -0.0003357200729900042 -0.0014501582016631558 -9.1563756383970584e-05 0.00085990928525395821 -0.00038388040244958913 0.00033409442909259734
leaf_weight=1100 27 33 517 332 241 250 35 28 91 206 38 508 53 23 71 21 43 22 25 50 28 324 133
leaf_count=1100 27 33 517 332 241 250 35 28 91 206 38 508 53 23 71 21 43 22 25 50 28 324 133
internal_value=-0.00209455 -0.000912549 -0.00107654 -0.000261439 -0.00222222 -0.00402454 -0.00218163 -0.00306924 0.000676855 -0.000512822 -0.000618558 0.000676327 0.00173235 0.00539604 -0.000339654 -0.000316806 0.00228155 0.005 0.00125 0.000160141 0.00333333 -0.000351241 0.001875
internal_weight=4199 2620 2587 1836 594 1579 479 751 229 234 194 1242 609 101 633 353 103 60 48 562 78 484 160
internal_count=4199 2620 2587 1836 594 1579 479 751 229 234 194 1242 609 101 633 353 103 60 48 562 78 484 160
cat_boundaries=0 1 2 3 4
cat_threshold=67 164 4 1
is_linear=0
shrinkage=0.05


Tree=76
num_leaves=24
num_cat=3
split_feature=0 7 0 3 4 0 3 4 16 14 7 14 11 14 17 15 15 14 5 3 2 7 14
split_gain=3.53127 2.05604 0.924528 1.26071 1.24234 0.750919 1.80618 0.735297 1.00432 0.81542 0.791782 0.972387 0.732646 0.875477 0.736075 0.561649 0.554113 0.533333 0.460645 0.504461 0.469857 0.83247 0.406921
threshold=0 1.5000000000000002 1 1.0000000180025095e-35 1.0000000180025095e-35 2 1.0000000180025095e-35 1.0000000180025095e-35 1.0000000180025095e-35 90291.631936412246 1.0000000180025095e-35 129024.64539963414 0.68348674399405385 23020.48650124203 73.879583333333343 68.033336041550726 96.555610848488513 23020.48650124203 0.8899652155658534 1.0000000180025095e-35 2030.5000000000002 1.0000000180025095e-35 63193.011779459252
decision_type=1 2 1 2 2 1 2 2 2 2 2 2 2 2 2 2 2 2 2 2 2 2 2
left_child=7 2 3 4 -2 -3 -7 8 9 -1 22 12 13 -12 -15 17 -17 -8 -9 20 -20 -22 -10
right_child=1 5 -4 -5 -6 6 15 18 10 -11 11 -13 -14 14 -16 16 -18 -19 19 -21 21 -23 -24
leaf_value=0.0067578397717033729 3.9487020669719134e-05 2.7691260234971582e-05 -0.0033819506030919469 -0.0053816012574186139 -0.0044073993557938061 -0.0021965096852639646 0.00018802891398952531 -0.00087349094472897635 0.00077186538217019615 0.0026758439391813579 0.0052702784692336179 0.0025684752484211454 -0.0012072088127501491 0.0048286698613699379 -0.0002543392076109102 0.0014414649182985175 6.9775364595397158e-06 -0.00018681107810655494 -0.00032714424764338109 -0.010645372687651311 0.0015622233800253859 -0.00014433023672315269 -0.00044790493787472634
leaf_weight=23 493 706 1414 330 213 350 32 51 87 20 21 24 34 28 57 24 42 48 35 30 32 27 78
leaf_count=23 493 706 1414 330 213 350 32 51 87 20 21 24 34 28 57 24 42 48 35 30 32 27 78
internal_value=-0.00209455 -0.00265156 -0.0034898 -0.00227534 -0.00110482 -0.000965059 -0.00243083 0.00164273 0.00293011 0.0101163 0.00199088 0.00445122 0.00285714 0.00490566 0.00264706 0.00219178 0.00560606 -0.000625001 -0.001 0.00064516 0.00244681 0.00516949 -0.000454547
internal_weight=4199 3652 2450 1036 706 1202 496 547 372 43 329 164 140 106 85 146 66 80 175 124 94 59 165
internal_count=4199 3652 2450 1036 706 1202 496 547 372 43 329 164 140 106 85 146 66 80 175 124 94 59 165
cat_boundaries=0 1 2 3
cat_threshold=32 148 156
is_linear=0
shrinkage=0.05


Tree=77
num_leaves=24
num_cat=4
split_feature=0 3 4 14 3 7 0 1 7 16 5 7 14 16 5 5 15 15 14 18 1 15 5
split_gain=3.10747 1.68161 1.64342 1.36269 1.29351 1.80834 1.08082 1.01434 0.936685 0.784361 0.650711 0.59918 0.572727 0.569461 0.509802 0.569375 0.534485 0.57619 0.426667 0.403604 0.479915 0.877922 0.375065
threshold=0 1.0000000180025095e-35 1.0000000180025095e-35 3266.7929921612026 1.0000000180025095e-35 1.0000000180025095e-35 1 2 1.5000000000000002 1.0000000180025095e-35 0.76343305541321171 2.5000000000000004 96918.718267843491 1.0000000180025095e-35 0.63561259619552946 0.8899652155658534 54.715796972461256 64.699785586228529 141744.59562036514 1.0000000180025095e-35 3 111.01712969813434 1.1204980527582669
decision_type=1 2 2 2 2 2 1 1 2 2 2 2 2 2 2 2 2 2 2 2 1 2 2
left_child=4 2 3 -2 -1 -6 14 -7 -3 -10 -9 12 -12 19 -4 -16 -17 -18 22 -5 21 -21 -19
right_child=1 8 6 13 5 7 -8 10 9 -11 11 -13 -14 -15 15 16 17 18 -20 20 -22 -23 -24
leaf_value=-0.0043888868368858643 0.015656272371981493 -0.0040446675687469324 0.0017721071108349391 0.0024550106607429132 -0.0028041060401547881 -0.00044927302207409931 -0.0083283350598739696 -0.00053645912328651596 0.0012259536585931124 -0.00074699169696480934 0.00012611654647515569 0.00061795268987060959 0.00021815232302701531 3.8906389438557252e-05 -0.00082981651586680341 -0.0006990613480536322 0.00091630144089447458 0.00052992465644930754 0.0004100895072844004 0.00024796043096582973 -4.8893687081105214e-05 0.0037397956105903623 -0.0023228925946401371
leaf_weight=1100 22 526 27 20 250 87 245 40 28 209 55 25 22 1067 71 117 20 44 20 45 82 21 56
leaf_count=1100 22 526 27 20 250 87 245 40 28 209 55 25 22 1067 71 117 20 44 20 45 82 21 56
internal_value=-0.00205882 -0.000988594 -0.0001804 0.000847254 -0.00380428 -0.00165971 -0.00233333 0.00155022 -0.00296855 -0.000358651 0.00415493 0.00627451 0.00409091 0.000627529 -0.000479453 -0.00103659 5.83646e-05 0.00214286 0.000833332 0.00333333 0.00243243 0.00560606 -0.000500001
internal_weight=4199 2620 1857 1257 1579 479 600 229 763 237 142 102 77 1235 355 328 257 140 120 168 148 66 100
internal_count=4199 2620 1857 1257 1579 479 600 229 763 237 142 102 77 1235 355 328 257 140 120 168 148 66 100
cat_boundaries=0 1 2 3 4
cat_threshold=67 164 2 1
is_linear=0
shrinkage=0.05


Tree=78
num_leaves=24
num_cat=3
split_feature=0 7 4 17 0 3 4 5 14 0 3 9 5 2 17 17 5 7 14 7 2 14 17
split_gain=3.29668 1.82875 0.846093 1.00432 0.841917 1.13791 1.41868 0.819305 0.81542 0.708971 1.0991 0.642857 0.550105 0.45864 0.625031 0.532756 0.865653 0.440651 0.523504 0.432173 0.754085 0.490748 0.427364
threshold=0 1.5000000000000002 1.0000000180025095e-35 1.0000000180025095e-35 1 1.0000000180025095e-35 1.0000000180025095e-35 1.304185265331794 90291.631936412246 2 1.0000000180025095e-35 6677.1569557708253 0.60124670721575979 2027.5000000000002 71.457916666666691 1.0000000180025095e-35 0.93269690608366818 2.5000000000000004 95190.301059474572 1.0000000180025095e-35 2036.5000000000002 115053.27111198664 82.258750000000006
decision_type=1 2 2 2 1 2 2 2 2 1 2 2 2 2 2 2 2 2 2 2 2 2 2
left_child=2 4 3 8 5 6 13 12 -1 22 -11 -9 -5 14 -2 16 -15 -12 -19 -14 21 -21 -3
right_child=1 9 -4 7 -6 -7 -8 11 -10 10 17 -13 19 15 -16 -17 -18 18 -20 20 -22 -23 -24
leaf_value=0.0064105183105356905 0.001364632363645107 8.4349728757942679e-05 -0.00020347829282455314 0.0028937173152411206 -0.0036947000539013218 -0.0045839713128668592 -0.0048882992320940554 0.0028139707519537552 0.0024681849064705792 -0.0018672398591564724 -9.5059636504995794e-06 0.0008509983055745038 -0.00040450273888839301 0.00072036138516870941 -0.00046250076988953398 -0.00032779205569083317 -0.0001105498139355832 0.00041367242838524337 -0.00096011098186004186 -0.00067860713834909142 0.0034170705096358452 0.0017630853509660448 -0.0011217291049066447
leaf_weight=23 39 606 175 28 1083 428 286 28 20 350 81 28 119 31 55 477 51 45 20 71 33 22 100
leaf_count=23 39 606 175 28 1083 428 286 28 20 350 81 28 119 31 55 477 51 45 20 71 33 22 100
internal_value=-0.00205882 -0.00259694 0.00155296 0.00293011 -0.00338776 -0.00249455 -0.00153887 0.00199088 0.0101163 -0.00100666 -0.00243083 0.0075 0.000860805 -0.000252681 0.00297872 -0.000796066 0.00292683 0.00116438 0.00423077 0.00010204 0.00214286 -0.000161292 2.79318e-05
internal_weight=4199 3652 547 372 2450 1367 939 329 43 1202 496 56 273 653 94 559 82 146 65 245 126 93 706
internal_count=4199 3652 547 372 2450 1367 939 329 43 1202 496 56 273 653 94 559 82 146 65 245 126 93 706
cat_boundaries=0 1 2 3
cat_threshold=32 156 156
is_linear=0
shrinkage=0.05


Tree=79
num_leaves=24
num_cat=3
split_feature=0 12 3 4 3 7 1 0 16 19 7 7 15 5 5 15 15 5 15 15 15 7 5
split_gain=2.8755 1.65449 1.6162 1.39161 1.14683 1.80834 1.38784 1.08008 0.758916 0.756645 0.630382 0.574428 0.604602 0.551044 0.573347 0.526863 0.57619 0.495201 0.480847 0.39548 0.388172 0.387022 0.362029
threshold=0 1.0000000180025095e-35 1.0000000180025095e-35 1.0000000180025095e-35 1.0000000180025095e-35 1.0000000180025095e-35 1 2 1.0000000180025095e-35 1.0000000180025095e-35 1.5000000000000002 1.0000000180025095e-35 154.22566658125814 0.63561259619552946 0.8899652155658534 54.715796972461256 64.699785586228529 0.98375327317343808 139.23806101466428 97.533064151323813 142.59807230312961 1.5000000000000002 1.3869806392842978
decision_type=1 2 2 2 2 2 1 1 2 2 2 2 2 2 2 2 2 2 2 2 2 2 2
left_child=4 2 3 11 -1 -6 -7 13 10 -8 19 18 22 -5 -15 -16 -17 -14 -2 -4 -18 -10 -13
right_child=1 -3 8 7 5 6 9 -9 21 -11 -12 12 17 14 15 16 20 -19 -20 -21 -22 -23 -24
leaf_value=-0.0040643067707781906 8.5242798759730664e-07 0.010747655827310942 -0.0026793956339240393 0.0019607290162813144 -0.0024791657354519825 0.0012899678452604154 0.00068582550889688604 -0.00796091643794326 -0.0040460309722239627 -9.8016379161200786e-05 0.0011246810382872035 0.00016528156444710852 0.0025026310597459898 -0.00077815177543222736 -0.00064032120690573355 0.00087922114990231053 -0.0002806601900109575 0.00028288256231122089 -0.0012792336091163015 0.00031510063818153969 0.00064657346144750066 -0.0010451624071693034 0.00083899960754294412
leaf_weight=1100 562 33 35 26 250 35 28 241 458 166 28 523 23 71 116 20 93 27 71 24 27 206 36
leaf_count=1100 562 33 35 26 250 35 28 241 458 166 28 523 23 71 116 20 93 27 71 24 27 206 36
internal_value=-0.00199929 -0.000969583 -0.00111519 -0.000315905 -0.00367842 -0.00165971 0.00155022 -0.0023064 -0.00306924 -0.000103094 0.00132184 0.00063607 0.00173235 -0.000454547 -0.00102447 7.81238e-05 0.00214286 0.007 -0.000418643 -0.00161017 0.000833332 -0.00364458 0.00126118
internal_weight=4199 2620 2587 1836 1579 479 229 594 751 194 87 1242 609 353 327 256 140 50 633 59 120 664 559
internal_count=4199 2620 2587 1836 1579 479 229 594 751 194 87 1242 609 353 327 256 140 50 633 59 120 664 559
cat_boundaries=0 1 2 3
cat_threshold=67 4 164
is_linear=0
shrinkage=0.05


Tree=80
num_leaves=24
num_cat=3
split_feature=0 0 3 4 3 4 16 14 8 1 15 16 11 15 5 5 11 9 14 14 5 8 16
split_gain=3.21114 1.49385 1.26651 1.51344 0.956524 0.846093 1.00432 0.81542 0.782457 0.553521 0.535399 0.531389 0.462208 0.446916 0.443741 0.725926 0.70409 0.648436 0.481187 1.08603 0.429328 0.422844 0.460572
threshold=0 1 1.0000000180025095e-35 1.0000000180025095e-35 1.0000000180025095e-35 1.0000000180025095e-35 1.0000000180025095e-35 90291.631936412246 1.0000000180025095e-35 2 69.413822433204857 1.0000000180025095e-35 1.0016378065653475 91.749782985791924 0.60124670721575979 0.81700912784608037 0.062505739004126093 839.52054995432422 46234.081037188625 76107.804796476528 0.63561259619552946 1.0000000180025095e-35 1.4758333333333338
decision_type=1 1 2 2 2 2 2 2 2 1 2 2 2 2 2 2 2 2 2 2 2 2 2
left_child=5 2 3 11 -3 6 7 -1 -6 -10 -11 -2 14 -12 -8 -16 18 -18 -17 -20 -5 -4 -23
right_child=1 4 21 20 8 -7 12 -9 9 10 13 -13 -14 -15 15 16 17 -19 19 -21 -22 22 -24
leaf_value=0.006081728316786556 0.00049788955907406726 -0.0038610914322392813 -0.0039152166382645957 0.00075627262951415359 -0.0012939769314499324 -0.00017397093163229701 0.0025624688281893314 0.0022816518903356433 0.00056535727913655464 -0.0001581964291000797 0.00055601779723429823 -2.8410488645779256e-05 -0.00018707164914910497 -0.00034740373853693574 -0.00084331990822228008 -0.00078959657515490747 0.0016793585453648424 0.0035721250101174492 0.0037620773602564956 -0.00027200018172480664 -0.0031909654271529346 0.00019901594802433184 -0.0019396948491396671
leaf_weight=23 142 1100 452 35 346 175 25 20 22 59 21 845 34 31 54 56 53 20 31 56 433 54 112
leaf_count=23 142 1100 452 35 346 175 25 20 22 59 21 845 34 31 54 56 53 20 31 56 433 54 112
internal_value=-0.00201119 -0.00254233 -0.00163946 -0.000841926 -0.00370988 0.00155296 0.00293011 0.0101163 -0.00186848 0.00139098 -4.50462e-05 0.000268489 0.00199088 0.00365384 0.00262712 0.00203704 0.00333333 0.00732877 0.00129371 0.00362069 -0.00318376 -0.00354369 -0.00138554
internal_weight=4199 3652 2073 1455 1579 547 372 43 479 133 111 987 329 52 295 270 216 73 143 87 468 618 166
internal_count=4199 3652 2073 1455 1579 547 372 43 479 133 111 987 329 52 295 270 216 73 143 87 468 618 166
cat_boundaries=0 1 2 3
cat_threshold=32 156 4
is_linear=0
shrinkage=0.05


Tree=81
num_leaves=24
num_cat=3
split_feature=0 7 0 3 4 4 16 7 14 14 14 0 14 16 2 15 15 8 2 15 14 5 14
split_gain=2.64116 2.45041 0.702878 0.978999 1.13449 0.691983 0.803228 0.607187 0.688618 0.714583 0.546815 0.489824 0.539098 0.520356 0.51546 0.460303 0.857864 0.48074 0.422634 0.446044 0.675339 0.614182 0.790369
threshold=0 1.5000000000000002 1 1.0000000180025095e-35 1.0000000180025095e-35 1.0000000180025095e-35 1.0000000180025095e-35 1.0000000180025095e-35 129024.64539963414 23020.48650124203 90291.631936412246 2 48785.083576663041 2.1729166666666671 2038.5000000000002 38.355267274579568 25.012291305676673 1.0000000180025095e-35 2027.5000000000002 155.12674689967074 155823.54495080555 1.1415607775418246 98325.613438700137
decision_type=1 2 1 2 2 2 2 2 2 2 2 1 2 2 2 2 2 2 2 2 2 2 2
left_child=5 2 3 4 -2 6 10 -8 9 -9 -1 13 -13 14 15 16 17 -3 -14 20 21 -20 -23
right_child=1 11 -4 -5 -6 -7 7 8 -10 -11 -12 12 18 -15 -16 -17 -18 -19 19 -21 -22 22 -24
leaf_value=0.0057776419009472231 1.1780399278446446e-06 -0.0017749027730452574 -0.0028412751014754959 -0.0043214520792834469 -0.0037067112578055765 -0.00016527238505067673 -0.00013610081553041154 0.0032506269702914578 0.0022606513306107612 0.00029893695629808464 0.0021675692958188588 -0.00082446737629953261 -0.0016950816516323804 -0.0015840236045908465 0.0016620883743593802 -9.3631906040442974e-05 0.0022029482312192375 0.00062819206502416961 -0.0003663407300839269 -0.00075377506872560728 0.00048262860577502631 0.00063962303233878483 -0.0014756346014270548
leaf_weight=23 493 26 1414 330 213 175 165 32 24 108 20 306 58 115 61 252 33 33 182 33 20 50 33
leaf_count=23 493 26 1414 330 213 175 165 32 24 108 20 306 58 115 61 252 33 33 182 33 20 50 33
internal_value=-0.00195166 -0.0024331 -0.00334694 -0.00227534 -0.00124646 0.00128366 0.00252688 0.00168693 0.00384146 0.0025 0.00895349 -0.000590683 -0.00145954 0.000566037 0.00141975 0.000668603 0.00369565 8.47446e-05 -0.000212767 0.000503143 0.00114035 0.000471697 0.00403614
internal_weight=4199 3652 2450 1036 706 547 372 329 164 140 43 1202 682 520 405 344 92 59 376 318 285 265 83
internal_count=4199 3652 2450 1036 706 547 372 329 164 140 43 1202 682 520 405 344 92 59 376 318 285 265 83
cat_boundaries=0 1 2 3
cat_threshold=32 148 28
is_linear=0
shrinkage=0.05


Tree=82
num_leaves=24
num_cat=0
split_feature=7 16 3 5 15 15 5 5 14 15 3 14 17 7 9 15 9 13 14 2 14 7 14
split_gain=2.39271 1.16345 0.719542 1.74432 1.16206 0.437352 0.413584 0.584706 0.379239 0.453186 0.366292 0.297646 0.680297 0.277634 0.292114 0.360714 0.304444 0.285279 0.342083 0.498332 0.363693 1.5525 0.447662
threshold=1.0000000180025095e-35 1.0000000180025095e-35 1.0000000180025095e-35 1.0444469704850843 63.950051230600927 146.62274875767082 1.3869806392842978 1.5720523221415739 38805.750356553144 34.813372393803284 1.0000000180025095e-35 110572.56830359406 73.879583333333343 1.5000000000000002 12598.823285573399 141.79002625970043 69699.192125542948 1.0000000180025095e-35 45088.504878155632 2027.5000000000002 52038.968929972791 2.5000000000000004 59653.752615219921
decision_type=2 2 2 2 2 2 2 2 2 2 2 2 2 2 2 2 2 2 2 2 2 2 2
left_child=10 2 5 4 -4 8 13 11 9 -2 -1 12 -8 14 15 -3 -16 18 -15 -20 21 -21 -22
right_child=1 6 3 -5 -6 -7 7 -9 -10 -11 -12 -13 -14 17 16 -17 -18 -19 19 20 22 -23 -24
leaf_value=-0.0016047776662759382 0.0049929593146717972 -0.00036605446281328877 0.00010397085581246027 -0.00031171608954971012 0.0040090182779262884 0.0010849281822839652 0.0010184834665228873 -0.0013004139632830606 -0.00062764272947469363 -0.00095756945279580521 -0.0029217701599391268 0.00098792829160970329 -0.0015678012007822447 -0.00050460977918857319 -0.0014566051738066424 0.00071201018751629276 -0.00031424423016962309 0.0029880553418456871 -0.0015555658691086905 -0.00099838864923792472 -0.0018844878718977502 0.0016929607121610271 7.1039587645650818e-05
leaf_weight=1497 34 355 22 21 24 25 38 39 90 30 653 22 40 434 137 20 25 20 87 23 44 25 494
leaf_count=1497 34 355 22 21 24 25 38 39 90 30 653 22 40 434 137 20 25 20 87 23 44 25 494
internal_value=-0.00192784 -0.000705223 0.00252032 0.0069403 0.0123913 0.000865921 -0.00114531 0.00147482 -0.000129871 0.0028125 -0.00309302 0.0035 0.00205128 -0.00136418 -0.00229981 -0.00153333 -0.00407408 -0.000918369 -0.00102529 -0.000319466 0.000204777 0.004375 -0.000167287
internal_weight=4199 2049 246 67 46 179 1803 139 154 64 2150 100 78 1664 537 375 162 1127 1107 673 586 48 538
internal_count=4199 2049 246 67 46 179 1803 139 154 64 2150 100 78 1664 537 375 162 1127 1107 673 586 48 538
is_linear=0
shrinkage=0.05


Tree=83
num_leaves=24
num_cat=2
split_feature=0 0 8 4 16 4 16 5 5 14 5 8 15 2 5 2 5 5 2 2 14 14 15
split_gain=2.92055 1.42433 0.887484 0.838391 0.751679 0.542437 0.769981 0.613758 0.550105 0.546815 0.528802 0.525936 0.409293 0.393839 0.461336 0.679419 0.389553 0.678119 0.536443 0.509697 0.37978 0.54 0.41293
threshold=0 1 1.0000000180025095e-35 1.0000000180025095e-35 1.0000000180025095e-35 1.0000000180025095e-35 1.0000000180025095e-35 1.304185265331794 0.60124670721575979 90291.631936412246 0.8899652155658534 1.0000000180025095e-35 55.61385114553012 2033.5000000000002 1.084337575140127 2039.5000000000002 0.81700912784608037 0.99972858438040657 2036.5000000000002 2032.5000000000002 24206.200751287004 42045.363670888539 48.202401490959581
decision_type=1 1 2 2 2 2 2 2 2 2 2 2 2 2 2 2 2 2 2 2 2 2 2
left_child=5 3 -3 4 20 6 9 8 -8 -1 -7 -5 -12 -6 -15 -16 -10 18 19 -18 -2 -22 -23
right_child=1 2 -4 11 13 10 7 -9 16 -11 12 -13 -14 14 15 -17 17 -19 -20 -21 21 22 -24
leaf_value=0.0052391118401662702 0.0029527457011885357 -0.0027701553478508651 -0.00044009231254858174 -0.0033652825855611263 -0.00014478973740900079 -0.00068161270026350761 0.0023643058319126487 0.0017957762753567843 -0.00067672438560722136 0.0018733603013798576 -0.00053618887824069615 -0.00040207347800069921 0.00036493251448751628 -0.00085268279419941295 -0.00014147959444812494 0.0013815460628933442 0.0017086118923590157 -0.00030160221616728697 0.0035125215677822594 -0.0010100781773865538 -0.001949891309390793 -0.00083663734739068793 0.00062862433277066946
leaf_weight=23 39 1160 419 473 653 51 28 56 61 20 54 186 70 371 171 30 30 108 21 25 30 26 94
leaf_count=23 39 1160 419 473 653 51 28 56 61 20 54 186 70 371 171 30 30 108 21 25 30 26 94
internal_value=-0.00184449 -0.00235118 -0.00348962 -0.00147144 -0.00079208 0.00155296 0.00266129 0.0018389 0.000860805 0.00895349 -0.000714287 -0.00295144 0.00104839 -0.0012449 -0.0022028 -0.000273633 0.00010204 0.00125 0.00486842 0.00227273 0.00214286 0.000999999 0.0025
internal_weight=4199 3652 1579 2073 1414 547 372 329 273 43 175 659 124 1225 572 201 245 184 76 55 189 150 120
internal_count=4199 3652 1579 2073 1414 547 372 329 273 43 175 659 124 1225 572 201 245 184 76 55 189 150 120
cat_boundaries=0 1 2
cat_threshold=32 156
is_linear=0
shrinkage=0.05


Tree=84
num_leaves=24
num_cat=3
split_feature=7 0 0 15 2 1 2 14 16 9 16 9 5 15 15 9 4 2 5 9 14 10 6
split_gain=2.70002 1.92484 1.28156 0.942917 1.14074 0.797705 0.680114 1.26847 0.672823 0.833705 0.52381 0.459988 0.444395 0.44759 0.525825 0.625 0.415689 0.460479 0.481133 0.566667 0.731488 0.575002 0.395066
threshold=1.0000000180025095e-35 0 1 146.62274875767082 2032.5000000000002 2 2036.5000000000002 16049.574822509099 1.0000000180025095e-35 11328.807924415096 3.485125 45704.666569407585 1.0549782271877521 89.527402216540096 144.26040864886542 14303.539581722145 1.0000000180025095e-35 2027.5000000000002 1.1577527833144476 12598.823285573399 96918.718267843491 1.5000000000000002 1.0000000180025095e-35
decision_type=2 1 1 2 2 1 2 2 2 2 2 2 2 2 2 2 2 2 2 2 2 2 2
left_child=1 16 3 6 11 -4 22 -8 9 -7 -9 -5 -10 -14 15 -15 17 -1 -19 21 -21 -20 -2
right_child=2 -3 5 4 -6 8 7 10 12 -11 -12 -13 13 14 -16 -17 -18 18 19 20 -22 -23 -24
leaf_value=0.0010557990474896646 0.00017415723160896379 -0.003012880085075166 -0.00075076783264198862 0.0050292092914299702 -0.00030863101250755258 -3.7894652195790633e-05 0.01170060025992444 0.00041506725991634005 -0.00049807795238931301 0.0020500441603611987 -0.0030390918713352473 0.00086072382860167521 -0.00048305685481963103 0.00072528941060830132 -0.00098740273905306361 0.00011867663049036647 -0.0023613016992934115 -0.0006647521566399959 -0.0012254050596628078 0.00060760305104997378 -0.00060507152514326003 0.00028428244274620224 -0.00090696630850629976
leaf_weight=79 320 1349 522 20 39 55 20 140 382 39 25 21 185 32 25 40 247 339 62 23 28 23 184
leaf_count=79 320 1349 522 20 39 55 20 140 382 39 25 21 185 32 25 40 247 339 62 23 28 23 184
internal_value=-0.00180877 -0.00304651 -0.000510006 0.00109756 0.00625 -0.00147287 0.000515238 0.00310811 -0.00044855 0.00351064 0.00166667 0.0120732 -0.00100904 0.000496453 0.00324742 0.00541667 -0.00105426 -0.00030686 -0.000894738 0.00161765 0.00578431 -0.000882354 -0.000436509
internal_weight=4199 2150 2049 769 80 1280 689 185 758 94 165 41 664 282 97 72 801 554 475 136 51 85 504
internal_count=4199 2150 2049 769 80 1280 689 185 758 94 165 41 664 282 97 72 801 554 475 136 51 85 504
cat_boundaries=0 1 2 3
cat_threshold=164 44 2
is_linear=0
shrinkage=0.05


Tree=85
num_leaves=24
num_cat=5
split_feature=0 3 4 3 7 0 1 17 2 7 7 1 9 9 14 9 7 9 0 5 9 5 15
split_gain=2.46664 1.79943 1.51116 1.38897 1.96142 1.31294 1.19653 0.933336 1.15294 0.733766 0.507747 0.493446 0.743649 0.66881 0.477457 0.451316 0.388238 0.617673 0.806305 0.717001 0.74912 0.692726 0.532749
threshold=0 1.0000000180025095e-35 1.0000000180025095e-35 1.0000000180025095e-35 1.0000000180025095e-35 1 2 1.0000000180025095e-35 2037.5000000000002 2.5000000000000004 2.5000000000000004 3 20329.79595575637 5973.9972786021053 145984.69504543618 13678.729116444754 1.0000000180025095e-35 69699.192125542948 4 1.3618862516084771 10133.856146498527 0.91683600554281697 139.23806101466428
decision_type=1 2 2 2 2 1 1 2 2 2 2 1 2 2 2 2 2 2 1 2 2 2 2
left_child=3 2 7 -1 -5 10 -6 8 14 -3 -4 12 13 -8 -2 -12 22 18 19 20 -18 -22 -9
right_child=1 9 5 4 6 -7 11 16 -10 -11 15 -13 -14 -15 -16 -17 17 -19 -20 -21 21 -23 -24
leaf_value=-0.0034642810042082453 0.00054640948778014416 -0.0025587505721924465 -0.00023607895870155984 -0.0017132045673898541 0.0015719597287149126 -0.006912900917212284 2.4842051337483435e-05 -2.1851402102727357e-05 0.00047340853626985977 0.00015827284854417925 0.00016308405134003511 -0.00037638789612954931 -0.00065093318183049578 0.00031836734033980008 0.0033616927151415457 0.00086702619429099141 0.00021837095376930085 0.0010383647287113701 -2.811244037145347e-05 0.0010509515870004791 0.0024185619012369354 0.00023682636996087746 -0.0013776017835159212
leaf_weight=1100 115 638 279 250 35 245 40 487 34 125 56 87 32 35 21 20 141 20 309 20 20 31 59
leaf_count=1100 115 638 279 250 35 245 40 487 34 125 56 87 32 35 21 20 141 20 309 20 20 31 59
internal_value=-0.00180877 -0.000855514 -1.88488e-05 -0.00336375 -0.00113779 -0.00208333 0.00220524 0.000966586 0.00441176 -0.00290302 -6.84943e-05 0.000670102 0.00294392 0.00566667 0.00235294 0.00355263 0.000427782 0.00137708 0.00104606 0.00333333 0.00255208 0.0077451 -0.000512822
internal_weight=4199 2620 1857 1579 479 600 229 1257 170 763 355 194 107 75 136 76 1087 541 521 212 192 51 546
internal_count=4199 2620 1857 1579 479 600 229 1257 170 763 355 194 107 75 136 76 1087 541 521 212 192 51 546
cat_boundaries=0 1 2 3 4 5
cat_threshold=67 164 4 1 40
is_linear=0
shrinkage=0.05


Tree=86
num_leaves=24
num_cat=3
split_feature=0 7 0 4 3 14 7 8 16 0 14 15 16 14 11 15 14 2 5 11 15 14 2
split_gain=2.9348 2.2976 0.876466 0.926751 1.2377 0.805738 0.800918 1.67642 1.06865 0.618086 0.559634 0.515033 0.458854 0.52722 0.413112 0.509461 0.939733 0.510445 0.441379 0.408522 0.506478 0.413618 0.503049
threshold=0 1.0000000180025095e-35 1 1.0000000180025095e-35 1.0000000180025095e-35 106562.34762973191 1.0000000180025095e-35 1.0000000180025095e-35 1.4758333333333338 2 123822.78541751868 102.80552441240948 3.485125 107755.81798655073 1.0215050346234318 78.075947847518833 47855.606384751161 2032.5000000000002 1.0444469704850843 1.0016378065653475 16.739083551532328 40285.991570939485 2036.5000000000002
decision_type=1 2 1 2 2 2 2 2 2 1 2 2 2 2 2 2 2 2 2 2 2 2 2
left_child=5 2 3 4 10 11 8 -8 -7 -3 12 19 13 14 15 16 17 -2 -18 20 -1 -22 -23
right_child=1 9 -4 -5 -6 6 7 -9 -10 -11 -12 -13 -14 -15 -16 -17 18 -19 -20 -21 21 22 -24
leaf_value=0.0054027157256057246 0.0012499688144602715 -2.5147141763421804e-05 -0.0031133565787541473 -0.0043884528375587864 -0.0041647553732970582 0.0017650207172036859 0.0021448878854025961 -0.00065775844644744286 -0.00060110212651417604 -0.00056644635446265028 -0.0012360846416481694 -0.00097322484697653195 -0.00078825313140539898 0.00073140491045919995 -0.0024392056210207555 -0.0006462534883773215 0.00080423532407297618 -0.00075389715764587629 0.00066684529609239507 -0.00036898192593220916 -0.00017064670249500956 0.00022099232844305841 0.0018077136190369379
leaf_weight=21 66 989 1071 238 182 28 35 29 49 795 55 38 39 25 23 63 29 57 20 51 132 120 44
leaf_count=21 66 989 1071 238 182 28 35 29 49 795 55 38 39 25 23 63 29 57 20 51 132 120 44
internal_value=-0.00176113 -0.00226925 -0.00350107 -0.00214994 -0.0010644 0.00164273 0.00492908 0.0090625 0.00149351 -0.000992154 0.000570291 0.000541871 0.00136646 0.00206714 0.00139535 0.00202128 0.00343023 0.00109756 0.00928571 0.00111413 0.00178233 0.00125 0.00292683
internal_weight=4199 3652 1868 797 559 547 141 64 77 1784 377 406 322 283 258 235 172 123 49 368 317 296 164
internal_count=4199 3652 1868 797 559 547 141 64 77 1784 377 406 322 283 258 235 172 123 49 368 317 296 164
cat_boundaries=0 1 2 3
cat_threshold=32 148 29
is_linear=0
shrinkage=0.05


Tree=87
num_leaves=24
num_cat=0
split_feature=7 16 14 5 5 5 3 16 2 3 10 14 4 9 9 9 9 5 14 14 15 14 7
split_gain=2.75715 0.727499 0.939352 0.540001 0.835785 0.511763 0.543986 0.407945 0.610637 0.369255 0.338468 0.331699 0.331019 0.318721 0.305002 0.304434 0.72343 0.792079 0.668705 0.5 0.477204 0.574426 0.419063
threshold=1.0000000180025095e-35 1.0000000180025095e-35 170293.886613877 1.1498103798023716 1.1606751215755724 1.0444469704850843 1.0000000180025095e-35 1.0000000180025095e-35 2038.5000000000002 1.0000000180025095e-35 1.0000000180025095e-35 40285.991570939485 1.0000000180025095e-35 5840.4388818638627 94.441341575564124 3108.0978686810663 13483.581794243801 1.4590833241574643 54288.776881815364 82905.803049356924 114.07011094534455 28933.703654352354 1.5000000000000002
decision_type=2 2 2 2 2 2 2 2 2 2 2 2 2 2 2 2 2 2 2 2 2 2 2
left_child=7 2 5 -3 -5 6 12 8 -1 -9 -10 -8 13 -2 -7 20 17 18 -17 -20 21 -6 -18
right_child=1 3 -4 4 15 14 11 9 10 -11 -12 -13 -14 -15 -16 16 22 -19 19 -21 -22 -23 -24
leaf_value=-0.0011736945175049314 0.0039307654983705654 -0.00028976479145574933 0.00071765142664848036 0.00064062306132241925 0.00043013356095433384 0.00071909878352254496 0.00077346868971922902 -0.001552475876192692 0.0005110480071110812 -0.0024900046557312207 -3.4951002943646023e-05 0.0034718880238802079 -0.0010681920012283856 -0.00030501272352204107 -0.00084412288882414676 0.00021981638909975847 -0.0016474827099288822 -0.0020363124359398352 0.00094641588570618801 0.00020577522645170442 0.00034249879725189438 -0.0016668439820428469 0.00019666942170354525
leaf_weight=216 36 1261 20 29 70 25 20 1313 22 578 21 23 30 26 66 51 63 20 25 25 32 127 100
leaf_count=216 36 1261 20 29 70 25 20 1313 22 578 21 23 30 26 66 51 63 20 25 25 32 127 100
internal_value=-0.00174923 -0.0004368 0.00211382 -0.000784804 0.000535054 0.00119469 0.00314815 -0.003 -0.001139 -0.00325489 0.00430232 0.0077907 0.00097826 0.00306451 -0.0017033 6.82249e-05 0.00116197 0.00409091 0.00589109 0.01 -0.00128821 -0.00220812 -0.00101227
internal_weight=4199 2049 246 1803 542 226 135 2150 259 1891 43 43 92 62 91 513 284 121 101 50 229 197 163
internal_count=4199 2049 246 1803 542 226 135 2150 259 1891 43 43 92 62 91 513 284 121 101 50 229 197 163
is_linear=0
shrinkage=0.05


Tree=88
num_leaves=24
num_cat=5
split_feature=0 7 0 4 3 14 16 14 10 15 16 7 6 11 1 15 0 3 3 0 11 14 15
split_gain=2.47849 2.51475 0.947865 1.01789 1.16863 0.591933 0.511383 1.27682 0.580135 0.552273 0.487309 0.455102 0.554024 0.511659 0.870263 0.654183 0.500651 0.619254 0.496557 0.446765 0.81899 0.442741 0.456412
threshold=0 1.0000000180025095e-35 1 1.0000000180025095e-35 1.0000000180025095e-35 123822.78541751868 1.0000000180025095e-35 120289.32727468843 2.5000000000000004 34.273571883916226 3.485125 2.5000000000000004 1.0000000180025095e-35 0.88254611328137822 2 91.467577018762711 3 1.0000000180025095e-35 1.0000000180025095e-35 4 0.45809776875297853 105633.79119111237 78.075947847518833
decision_type=1 2 1 2 2 2 2 2 2 2 2 2 2 2 1 2 1 2 2 1 2 2 2
left_child=6 2 3 4 5 10 7 -1 -8 -10 21 16 13 -13 -15 -16 -3 -18 -14 20 -19 22 -2
right_child=1 11 -4 -5 -6 -7 8 -9 9 -11 -12 12 18 14 15 -17 17 19 -20 -21 -22 -23 -24
leaf_value=0.00038351148165908719 0.00066751631887485658 -1.5091344176777859e-05 -0.0028331885170298785 -0.0041046638564408737 -0.0038470232826934301 -0.0011042322673131817 0.00014315409999956621 0.001230214138011398 -0.0003339046025514999 0.001869279548614879 -0.0006712166810254952 2.2462957980347037e-05 -0.00034394736417542207 -0.00055480771105499 0.0016999801026244888 0.00038077085227506265 -0.0018116255973221276 -0.00019307416439632796 0.00033876731677697316 -0.0012120606683191132 0.00038770394595124028 0.00076608397188528685 -0.00060524057931296842
leaf_weight=50 191 479 1071 238 182 55 431 22 24 20 39 213 227 34 21 22 482 77 84 113 32 26 66
leaf_count=50 191 479 1071 238 182 55 431 22 24 20 39 213 227 34 21 22 482 77 84 113 32 26 66
internal_value=-0.00166587 -0.00213272 -0.00342077 -0.00202602 -0.000885511 0.000702917 0.00146319 0.00541667 0.000894736 0.00636364 0.00152174 -0.000795965 0.000324458 0.00189655 0.00538961 0.0101163 -0.00136517 -0.00219888 -0.00114148 -4.50462e-05 0.00214286 0.00224382 0.00161478
internal_weight=4199 3652 1868 797 559 377 547 72 475 44 322 1784 601 290 77 43 1183 704 311 222 109 283 257
internal_count=4199 3652 1868 797 559 377 547 72 475 44 322 1784 601 290 77 43 1183 704 311 222 109 283 257
cat_boundaries=0 1 2 3 4 5
cat_threshold=32 148 2 28 3
is_linear=0
shrinkage=0.05


Tree=89
num_leaves=24
num_cat=4
split_feature=0 3 4 3 7 0 1 0 7 2 7 9 7 16 2 7 15 15 14 6 14 18 2
split_gain=2.42262 1.69022 1.67295 1.45203 1.72409 1.31294 1.19653 0.773644 1.01453 0.580323 0.507747 0.869173 0.470035 0.45434 0.994118 0.428233 0.644961 1.00598 0.399037 0.48638 0.645379 0.398045 0.543573
threshold=0 1.0000000180025095e-35 1.0000000180025095e-35 1.0000000180025095e-35 1.0000000180025095e-35 1 2 3 2.5000000000000004 2029.5000000000002 2.5000000000000004 13678.729116444754 1.5000000000000002 1.0000000180025095e-35 2037.5000000000002 1.0000000180025095e-35 70.302322041952422 59.668990118102194 65845.624003370132 1.0000000180025095e-35 90291.631936412246 1.0000000180025095e-35 2032.5000000000002
decision_type=1 2 2 2 2 1 1 1 2 2 2 2 2 2 2 2 2 2 2 2 2 2 2
left_child=3 2 13 12 -5 10 -6 8 -3 -10 -4 -12 -1 14 -2 16 17 21 -14 20 -20 -15 -23
right_child=1 7 5 4 6 -7 -8 -9 9 -11 11 -13 18 15 -16 -17 -18 -19 19 -21 -22 22 -24
leaf_value=-0.0057800480029145873 0.00098788789367735001 -0.00093517425293067813 -0.00021415359811806489 -0.0012057168514445988 0.0014843641746900679 -0.0065626314582307253 7.1260972055001343e-05 -0.0048976628530892413 -0.00072062556454988592 0.0012075261071090497 0.00014228186472991673 0.00072586464669427756 -0.0014074902184193477 0.0032151691264871809 0.00059397908849227125 0.00021716352242783125 -0.0004149505634910395 0.00074688013746547998 0.00089914120685520766 -0.0012417585900685358 -0.001022436306677826 0.00041206943194112793 -0.0008731704486525391
leaf_weight=750 136 364 279 250 35 245 194 320 23 56 56 20 173 27 34 541 245 30 34 70 73 130 114
leaf_count=750 136 364 279 250 35 245 194 320 23 56 56 20 173 27 34 541 245 30 34 70 73 130 114
internal_value=-0.00166587 -0.000722435 8.88518e-05 -0.00320642 -0.00092902 -0.00208333 0.00220524 -0.00270642 -0.00124724 0.00386076 -6.84943e-05 0.00355263 -0.00422727 0.00112569 0.00352941 0.000749769 -0.000238096 0.00131229 -0.00271429 -0.0010452 0.00107477 0.000350552 -0.000286886
internal_weight=4199 2620 1857 1579 479 600 229 763 443 79 355 76 1100 1257 170 1087 546 301 350 177 107 271 244
internal_count=4199 2620 1857 1579 479 600 229 763 443 79 355 76 1100 1257 170 1087 546 301 350 177 107 271 244
cat_boundaries=0 1 2 3 4
cat_threshold=67 164 4 56
is_linear=0
shrinkage=0.05


Tree=90
num_leaves=24
num_cat=1
split_feature=7 16 15 14 14 15 5 5 15 1 14 14 14 14 19 2 36 5 4 15 16 2 3
split_gain=2.27281 0.453618 0.840611 0.476318 0.82501 0.437318 0.413332 0.668519 0.44046 0.544126 0.518553 0.502903 0.493778 0.45887 0.570497 0.424594 0.653333 0.449629 0.385901 0.403073 0.375158 0.383627 0.372076
threshold=1.0000000180025095e-35 1.0000000180025095e-35 146.62274875767082 39654.038758713657 16434.96028759101 35.604138935003014 1.3869806392842978 1.5720523221415739 186.60976970869663 0 170293.886613877 43736.762750001646 49238.113949496052 29574.092071284296 1.0000000180025095e-35 2028.5000000000002 0.080775926737303758 1.2393793021592654 1.0000000180025095e-35 139.23806101466428 1.0000000180025095e-35 2038.5000000000002 1.0000000180025095e-35
decision_type=2 2 2 2 2 2 2 2 2 1 2 2 2 2 2 2 2 2 2 2 2 2 2
left_child=18 2 3 4 -2 -6 8 -8 9 -3 11 13 -13 14 -11 16 -16 -17 19 20 21 -1 -22
right_child=1 6 -4 -5 5 -7 7 -9 -10 10 -12 12 -14 -15 15 17 -18 -19 -20 -21 22 -23 -24
leaf_value=-0.00066925188611034845 -0.00028998264792089504 -0.00057616952211703956 0.0011107353252703129 -0.00016532736604435677 0.0036378098761510416 0.00026935988495449379 0.00069738460821050551 -0.0011803226675740001 0.0008692728096487038 0.00028627687246303505 -0.001182226561902503 0.0015569061649428736 5.6240925215799987e-05 -0.00094205269594197459 -0.00028693778534369065 -0.0006904596796042747 0.0015820134299322595 0.00047664222480659629 -0.0026015245120495217 -0.001508274979777472 -0.00068736875407836772 0.00052852660286999815 -0.0021639591220111612
leaf_weight=137 32 651 32 121 28 33 100 39 30 32 57 34 488 113 30 189 20 20 653 168 802 29 361
leaf_count=137 32 651 32 121 28 33 100 39 30 32 57 34 488 113 30 189 20 20 653 168 802 29 361
internal_value=-0.0017016 -0.000510006 0.00150406 0.000373831 0.00306451 0.00647541 -0.000784804 0.00183453 -0.00100361 -0.00111383 -0.000371314 -8.63943e-05 0.000938696 -0.00141089 -0.000360826 -0.001139 0.003 -0.00212919 -0.00283721 -0.00239479 -0.00210309 0.000120481 -0.00242047
internal_weight=4199 2049 246 214 93 61 1803 139 1664 1634 983 926 522 404 291 259 50 209 2150 1497 1329 166 1163
internal_count=4199 2049 246 214 93 61 1803 139 1664 1634 983 926 522 404 291 259 50 209 2150 1497 1329 166 1163
cat_boundaries=0 1
cat_threshold=2
is_linear=0
shrinkage=0.05


Tree=91
num_leaves=24
num_cat=3
split_feature=0 7 0 4 3 0 3 5 5 14 4 5 3 7 16 5 5 15 15 15 16 14 9
split_gain=2.64365 2.20738 0.782146 0.971786 1.10596 0.646008 1.30143 0.662295 0.773036 0.559634 0.542437 0.528802 0.579101 0.745158 0.511693 0.575257 0.520173 0.491942 0.694231 0.470315 0.458854 0.468259 0.446429
threshold=0 1.0000000180025095e-35 1 1.0000000180025095e-35 1.0000000180025095e-35 2 1.0000000180025095e-35 1.1313192132347927 1.3071767882018717 123822.78541751868 1.0000000180025095e-35 0.8899652155658534 1.0000000180025095e-35 1.0000000180025095e-35 1.0000000180025095e-35 1.304185265331794 0.60124670721575979 63.950051230600927 91.749782985791924 57.198373584228371 3.485125 105633.79119111237 6677.1569557708253
decision_type=1 2 1 2 2 1 2 2 2 2 2 2 2 2 2 2 2 2 2 2 2 2 2
left_child=10 2 3 4 9 6 -3 17 -9 20 14 -12 13 19 -1 16 -16 -8 -19 -13 21 -2 -17
right_child=1 5 -4 -5 -6 -7 7 8 -10 -11 11 12 -14 -15 15 22 -18 18 -20 -21 -22 -23 -24
leaf_value=0.0038460679899394341 0.00027024222573912939 -0.0018704451934328963 -0.0025326138511547768 -0.0037334108314849151 -0.0035036432001798856 -3.1421507890200778e-05 -0.00018954040550254602 0.00081589911331474098 5.6075280338606896e-05 -0.00097099004975547288 -0.0006080984128758694 7.8149859854706642e-05 -0.0096414682549563271 -3.0892953511887226e-05 0.0020068030527737018 0.0020072043460188558 3.6300285164207916e-05 0.0023741156146939854 -0.00019226624851545476 0.0017439915488090812 -0.00061562071837665286 0.00078289573916949507 0.00069359028135819358
leaf_weight=43 257 366 1071 238 182 1262 55 22 27 55 51 22 30 45 28 28 245 20 32 27 39 26 28
leaf_count=43 257 366 1071 238 182 1262 55 22 27 55 51 22 30 45 28 28 245 20 32 27 39 26 28
internal_value=-0.00167778 -0.00216002 -0.00336724 -0.00208798 -0.000974956 -0.000908073 -0.00236842 0.00141026 0.00622449 0.000570291 0.00155296 -0.000714287 0.00104839 0.00297872 0.00266129 0.00199088 0.00104395 -0.000794394 0.00269231 0.0072449 0.00136646 0.00206714 0.00660714
internal_weight=4199 3652 1868 797 559 1784 522 156 49 377 547 175 124 94 372 329 273 107 52 49 322 283 56
internal_count=4199 3652 1868 797 559 1784 522 156 49 377 547 175 124 94 372 329 273 107 52 49 322 283 56
cat_boundaries=0 1 2 3
cat_threshold=32 148 66
is_linear=0
shrinkage=0.05


Tree=92
num_leaves=24
num_cat=2
split_feature=7 0 3 0 15 15 16 7 5 5 16 15 15 15 10 5 5 5 9 11 5 14 11
split_gain=2.14075 1.9565 1.00598 0.713552 0.488527 0.952438 0.575284 0.427688 0.568886 1.42177 0.404108 0.449487 0.755424 0.629381 0.444944 0.889381 0.672043 0.417071 1.16209 0.402473 0.385918 0.288973 0.474562
threshold=1.0000000180025095e-35 0 1.0000000180025095e-35 1 154.22566658125814 161.22796538236682 1.4758333333333338 2.5000000000000004 1.1153207202073521 1.2517530936697006 2.1729166666666671 22.754466787808642 70.302322041952422 58.568473776007473 1.0000000180025095e-35 1.2892373734878864 0.98375327317343808 0.91683600554281697 17357.159624221244 1.0096956801999168 1.1984608579909508 2748.6310034342155 1.0658627846080646
decision_type=2 1 2 1 2 2 2 2 2 2 2 2 2 2 2 2 2 2 2 2 2 2 2
left_child=1 2 10 7 21 -6 -7 -2 19 -10 11 -1 13 14 15 -13 -16 18 -14 -9 -19 -5 -23
right_child=3 -3 -4 4 5 6 -8 8 9 -11 -12 12 17 -15 16 -17 -18 20 -20 -21 -22 22 -24
leaf_value=-0.0014497165746986595 -0.00087474722947905874 -0.0022306300351175794 -0.0050493364179353996 0.0082378167746590663 0.0034131787617911547 0.00082738042636959226 -0.00058467368772211793 -0.00025490005895643881 0.00041704319869804166 -0.00023323961067260262 -0.00014418670070874423 -0.00046031364065067114 -0.0006570081523605139 0.0013151731689931574 0.0036765830648899504 0.0010027185343085773 4.6256898809303419e-05 -0.00094716140710733663 0.001315122976937523 0.0031589285262262064 0.00043024064374895673 1.4236301339916103e-05 -0.00063700392086966722
leaf_weight=27 548 1349 249 24 27 20 44 144 39 44 143 67 41 20 30 20 32 89 29 20 54 1073 66
leaf_count=27 548 1349 249 24 27 20 44 144 39 44 143 67 41 20 30 20 32 89 29 20 54 1073 66
internal_value=-0.00164206 -0.00274419 -0.000745994 -0.000485604 0.000261075 0.00379121 0.000468749 -0.00164596 6.07276e-05 0.00343373 0.000434781 0.00123472 0.00167539 0.0041716 0.00305369 0.000747125 0.00629032 -0.000305166 0.00285714 -0.00164634 -0.00185315 -1.28989e-05 -0.000127306
internal_weight=4199 2150 801 2049 1254 91 64 795 247 83 552 409 382 169 149 87 62 213 70 164 143 1163 1139
internal_count=4199 2150 801 2049 1254 91 64 795 247 83 552 409 382 169 149 87 62 213 70 164 143 1163 1139
cat_boundaries=0 1 2
cat_threshold=164 194
is_linear=0
shrinkage=0.05


Tree=93
num_leaves=24
num_cat=3
split_feature=7 0 5 0 15 15 5 9 1 10 5 3 5 6 15 14 11 11 5 2 2 14 11
split_gain=2.37371 1.69885 0.74564 0.726887 0.811538 0.705185 0.557002 0.559466 0.478111 0.729165 0.441738 0.460193 0.474725 0.435374 0.424173 0.394684 0.416702 0.872392 0.613946 0.385714 0.380283 1.03644 0.491621
threshold=1.0000000180025095e-35 0 1.2837255376576799 1 154.22566658125814 161.22796538236682 1.3730171506729645 14776.579903078376 2 1.5000000000000002 0.8306467510427672 1.0000000180025095e-35 0.93269690608366818 1.0000000180025095e-35 37.956939061017628 139348.44037165164 1.0002257201636719 0.63658787059673194 0.98074084135780404 2031.5000000000002 2036.5000000000002 7070.3627258293573 1.0658627846080646
decision_type=2 1 2 1 2 2 2 2 1 2 2 2 2 2 2 2 2 2 2 2 2 2 2
left_child=1 2 15 8 20 -6 -4 -8 -2 10 -10 14 -13 -11 -12 16 17 -1 -19 -14 22 -22 -5
right_child=3 -3 6 4 5 -7 7 -9 9 13 11 12 19 -15 -16 -17 -18 18 -20 -21 21 -23 -24
leaf_value=-0.00016090351098419563 -0.00059115693861663788 -0.001983577732995978 0.00078751966591097174 -5.7926149435441527e-05 0.0032425198237015953 0.00017402762948918869 -0.002394004351500308 0.0013174326609534277 -0.0011510401147194356 0.0013926647295047472 -0.0025004175084621361 0.0016016054846298847 5.9533608978436208e-05 -0.0010475287665186544 -0.00021774897182105844 -0.0017266106324657319 -0.00097284542581807434 0.0016478207066986045 -0.00032593925402318793 -0.0016450816192665092 0.010495827569410754 3.2760043290566354e-05 -0.0011332904270773144
leaf_weight=265 333 1634 37 797 27 64 34 27 105 28 63 21 30 21 154 58 46 28 21 40 20 288 58
leaf_count=265 333 1634 37 797 27 64 34 27 105 28 63 21 30 21 154 58 46 28 21 40 20 288 58
internal_value=-0.00163015 -0.0027907 -0.000247149 -0.000412397 0.000340189 0.00489011 0.00367347 0.000737704 -0.00158385 -0.000562772 -0.00124697 -0.000292209 0.00269231 0.00520408 -0.00154378 -0.00117225 -0.000555557 9.55402e-05 0.00622449 0.000714285 -1.28989e-05 0.00149351 -0.000555557
internal_weight=4199 2150 516 2049 1254 91 98 61 795 462 413 308 91 49 217 418 360 314 49 70 1163 308 855
internal_count=4199 2150 516 2049 1254 91 98 61 795 462 413 308 91 49 217 418 360 314 49 70 1163 308 855
cat_boundaries=0 1 2 3
cat_threshold=160 194 2
is_linear=0
shrinkage=0.05


Tree=94
num_leaves=24
num_cat=4
split_feature=0 3 4 3 0 7 0 4 1 9 15 9 34 7 9 2 2 2 2 2 7 9 9
split_gain=2.31809 2.04704 1.88256 1.75385 1.39461 1.09549 0.724285 0.744287 0.702741 0.952505 0.677888 0.653333 0.600668 0.502866 0.592653 1.41714 0.450811 0.506541 1.03846 0.560841 0.449979 0.390771 0.773751
threshold=0 1.0000000180025095e-35 1.0000000180025095e-35 1.0000000180025095e-35 1 1.0000000180025095e-35 2 1.0000000180025095e-35 3 20329.79595575637 68.588865131656689 6596.4681750646305 1.0000000180025095e-35 1.5000000000000002 40202.00068132046 2034.5000000000002 2028.5000000000002 2032.5000000000002 2031.5000000000002 2036.5000000000002 2.5000000000000004 5973.9972786021053 638.36927651137228
decision_type=1 2 2 2 1 2 1 2 1 2 2 2 2 2 2 2 2 2 2 2 2 2 2
left_child=3 2 12 13 16 -5 7 10 -7 21 -3 -12 -2 -1 -15 -16 -4 18 -18 -19 -8 22 -10
right_child=1 6 4 5 -6 8 20 -9 9 -11 11 -13 -14 14 15 -17 17 19 -20 -21 -22 -23 -24
leaf_value=-0.0051585110252796822 0.0001640362127228929 -0.00048988677677802876 -0.00047513840329295161 -0.00069601222277535814 -0.0060868883121884534 -0.00031620027843960507 -0.0023540258082485749 -0.010697299903014336 0.0012774009005161813 -0.00061642103874101606 0.0011014859480128947 -0.00045768126901880228 0.0031464507751768848 -0.0010874864247721915 -0.001610512040600241 0.00086549755491743298 1.8830624128014374e-05 -0.0013092651850991138 0.0011367491916062713 0.00043316814883675113 -0.00012859861888562981 0.00087615109733295391 -9.2522457461781149e-05
leaf_weight=750 1237 52 55 250 245 87 519 43 40 32 30 20 20 294 31 25 78 95 26 101 99 39 31
leaf_count=750 1237 52 55 250 245 87 519 43 40 32 30 20 20 294 31 25 78 95 26 101 99 39 31
internal_value=-0.00151108 -0.000589355 0.000304253 -0.00301762 -0.002 -0.000511483 -0.00277195 0.00048387 0.0019869 0.00415493 0.00284314 0.007 0.00140414 -0.00413636 -0.00257143 0.00214286 6.8492e-05 0.000833332 0.00365384 -0.000663266 -0.00348726 0.00636364 0.00415493
internal_weight=4199 2620 1857 1579 600 479 763 145 229 142 102 50 1257 1100 350 56 355 300 104 196 618 110 71
internal_count=4199 2620 1857 1579 600 479 763 145 229 142 102 50 1257 1100 350 56 355 300 104 196 618 110 71
cat_boundaries=0 1 2 3 4
cat_threshold=67 164 32 2
is_linear=0
shrinkage=0.05


Tree=95
num_leaves=24
num_cat=3
split_feature=0 3 4 3 0 7 5 5 0 7 16 2 5 7 9 7 9 2 5 5 16 2 5
split_gain=2.35148 1.90621 1.71069 1.59938 1.39461 0.739094 0.774501 0.744048 0.716174 0.819486 0.4949 0.475666 0.5047 0.469037 0.451316 0.442216 0.419082 1.085 0.326871 0.525 0.311485 0.425 0.402421
threshold=0 1.0000000180025095e-35 1.0000000180025095e-35 1.0000000180025095e-35 1 1.0000000180025095e-35 1.1313192132347927 1.2553521696088608 2 2.5000000000000004 1.0000000180025095e-35 2029.5000000000002 0.90661399244645735 2.5000000000000004 13678.729116444754 1.5000000000000002 40202.00068132046 2034.5000000000002 1.1577527833144476 1.2226069235746426 1.0000000180025095e-35 2037.5000000000002 1.395838970718613
decision_type=1 2 2 2 1 2 2 2 1 2 2 2 2 2 2 2 2 2 2 2 2 2 2
left_child=3 2 20 15 13 -5 10 -8 9 -3 -7 -11 -13 -4 -15 -1 18 -18 -17 -20 21 -2 -22
right_child=1 8 4 5 -6 6 7 -9 -10 11 -12 12 -14 14 -16 16 17 -19 19 -21 22 -23 -24
leaf_value=-0.0049005854740156989 0.00095420282559131528 -0.00079037070181170324 -7.8939753597180424e-05 -0.00066121161163658999 -0.0057825438965790309 0.0013795611490142294 0.00082878005178273607 8.8773449271942591e-07 -0.0045608143330913061 -0.00073926234437786398 -0.00012109599032638981 0.0025115820142080632 0.00030816625827439424 0.00016270906070537937 0.00059393577318661735 -0.0016698299298360114 -0.0015299864385702284 0.00082222267717156107 0.00075486515929729407 -0.00056996036392937838 6.7701387416327447e-05 0.00082495012283628668 0.00080488610420446211
leaf_weight=750 136 364 279 250 245 22 30 40 320 23 137 25 31 56 20 210 31 25 24 60 1000 34 87
leaf_count=750 136 364 279 250 245 22 30 40 320 23 137 25 31 56 20 210 31 25 24 60 1000 34 87
internal_value=-0.00159443 -0.0006654 0.000196552 -0.00311202 -0.002 -0.000720252 0.00133188 0.00571428 -0.00277195 -0.00135762 -0.000597485 0.00322785 0.00571428 6.8492e-05 0.00355263 -0.00418182 -0.00271429 0.00125 -0.00346939 -0.000833335 0.00124503 0.00323529 0.000933761
internal_weight=4199 2620 1857 1579 600 479 229 70 763 443 159 79 56 355 76 1100 350 56 294 84 1257 170 1087
internal_count=4199 2620 1857 1579 600 479 229 70 763 443 159 79 56 355 76 1100 350 56 294 84 1257 170 1087
cat_boundaries=0 1 2 3
cat_threshold=67 164 56
is_linear=0
shrinkage=0.05


Tree=96
num_leaves=24
num_cat=4
split_feature=0 3 3 0 7 0 4 5 4 0 14 5 15 14 14 11 16 7 9 7 2 7 14
split_gain=2.35102 1.91336 1.11824 0.931201 0.910586 0.795724 1.01111 0.78027 0.778298 0.875731 0.559177 0.766066 0.846216 0.653333 0.524009 0.494513 0.487868 0.431862 0.451316 0.43168 0.401695 0.385463 0.470268
threshold=0 1.0000000180025095e-35 1.0000000180025095e-35 1 1.0000000180025095e-35 2 1.0000000180025095e-35 1.395838970718613 1.0000000180025095e-35 3 63649.747117273306 1.1393490278976233 63.950051230600927 25495.070357952452 170293.886613877 1.0828890198602401 1.0000000180025095e-35 2.5000000000000004 13678.729116444754 2.5000000000000004 2036.5000000000002 1.5000000000000002 65845.624003370132
decision_type=1 2 2 1 2 1 2 2 2 1 2 2 2 2 2 2 2 2 2 2 2 2 2
left_child=1 8 5 16 14 6 7 19 15 -10 11 12 -6 -13 -4 -1 -3 -11 -19 20 -2 -7 -23
right_child=2 3 4 -5 10 21 -8 -9 9 17 -12 13 -14 -15 -16 -17 -18 18 -20 -21 -22 22 -24
leaf_value=0.00029567489758937598 -0.00040345756082147126 0.00033310532835353695 -0.0011208398310431267 -0.0043327736164367409 -8.6269242096539359e-05 -0.0046555562003149139 -0.0050850766457509406 0.00088515071652097994 -0.0057161444173776943 -7.4992765917321187e-05 -0.00010591245532452282 0.001011783319238049 0.0018009540787937461 0.00024985912059849198 0.0002019301705056216 -0.00023370708801262853 -0.00044709196284952921 0.00015457360767010819 0.00056423898452728869 0.00056225198863910119 7.2564958282502333e-05 -0.0011010114272865311 -0.00035837659644012742
leaf_weight=967 141 43 304 320 106 750 126 20 119 279 120 20 25 30 20 56 254 56 20 29 44 173 177
leaf_count=967 141 43 304 320 106 750 126 20 119 279 120 20 25 30 20 56 254 56 20 29 44 173 177
internal_value=-0.00157061 -0.000386065 -0.00275656 -0.00273096 -0.001 -0.0035274 -0.00135135 0.000555554 0.000577821 -0.00109705 0.000980065 0.00273481 0.00072519 0.008 -0.00283951 0.00135386 -0.000602607 0.000205478 0.00355263 -0.000327104 -0.00121622 -0.00418919 -0.00285714
internal_weight=4199 2114 2085 617 625 1460 360 234 1497 474 301 181 131 50 324 1023 297 355 76 214 185 1100 350
internal_count=4199 2114 2085 617 625 1460 360 234 1497 474 301 181 131 50 324 1023 297 355 76 214 185 1100 350
cat_boundaries=0 1 2 3 4
cat_threshold=180 48 8 16
is_linear=0
shrinkage=0.05


Tree=97
num_leaves=24
num_cat=3
split_feature=0 3 4 3 0 0 7 16 14 7 9 14 14 5 5 14 2 7 14 5 2 4 5
split_gain=2.2643 1.54893 1.59103 1.50438 1.31294 0.832909 0.870173 0.632175 0.578553 0.518365 0.585447 0.516012 0.467108 0.446653 0.59763 0.447788 0.477734 0.442216 0.545538 0.715787 0.785467 0.915719 0.377218
threshold=0 1.0000000180025095e-35 1.0000000180025095e-35 1.0000000180025095e-35 1 2 1.0000000180025095e-35 1.0000000180025095e-35 175179.0382397449 2.5000000000000004 1.0000000180025095e-35 3266.7929921612026 29574.092071284296 0.63561259619552946 0.88037162294841587 16049.574822509099 2028.5000000000002 1.5000000000000002 65845.624003370132 1.012892594377331 2033.5000000000002 1.0000000180025095e-35 0.95718907554605426
decision_type=1 2 2 2 1 1 2 2 2 2 2 2 2 2 2 2 2 2 2 2 2 2 2
left_child=3 2 11 17 13 6 -3 -8 9 10 12 -2 -5 -4 -15 -16 -17 -1 -19 -20 -21 -22 -18
right_child=1 5 4 8 -6 -7 7 -9 -10 -11 -12 -13 -14 14 15 16 22 18 19 20 21 -23 -24
leaf_value=-0.0044227783902991685 0.012544305293591521 -0.0018120995927806494 0.0020356606962836166 0.00066188921420317368 -0.0052076094808811944 -0.0041161349356149037 0.00087664049468368956 1.4428447445114108e-06 0.00055007299588310924 0.00021725642293820839 -0.0005466305238048724 0.00012934313595967922 -8.1665234015148878e-05 -0.00041662525403709025 -0.001466447717795096 -7.4184230750596575e-05 0.001329568669933174 -0.0010459608559222047 -0.0012721780393170675 -0.0014355683099016522 -0.0014019938194708924 0.0010044325446095816 0.00015696956030988887
leaf_weight=750 22 232 27 30 245 320 26 185 20 62 296 1235 71 62 33 40 33 173 90 41 26 20 160
leaf_count=750 22 232 27 30 245 320 26 185 20 62 296 1235 71 62 33 40 33 173 90 41 26 20 160
internal_value=-0.00165397 -0.000741446 3.50015e-05 -0.00314349 -0.00208333 -0.00264089 -0.00113687 0.00116114 -0.000824636 -0.00118737 -0.00185139 0.00104614 0.00143564 -6.84943e-05 -0.000579269 0.000451127 0.00122317 -0.00418182 -0.00271429 -0.000762713 0.00247126 0.00695652 0.00225388
internal_weight=4199 2620 1857 1579 600 763 443 211 479 459 397 1257 101 355 328 266 233 1100 350 177 87 46 193
internal_count=4199 2620 1857 1579 600 763 443 211 479 459 397 1257 101 355 328 266 233 1100 350 177 87 46 193
cat_boundaries=0 1 2 3
cat_threshold=67 164 56
is_linear=0
shrinkage=0.05


Tree=98
num_leaves=24
num_cat=3
split_feature=0 3 3 4 0 0 7 7 2 5 14 5 2 4 5 5 2 2 2 5 7 14 11
split_gain=2.01575 1.37308 1.33842 1.3205 1.31294 0.701803 0.779902 0.502866 0.475666 0.5047 0.468594 0.715787 0.785467 0.915719 0.446653 0.59763 0.408079 0.46357 1.08205 0.917416 0.394497 0.610133 0.438148
threshold=0 1.0000000180025095e-35 1.0000000180025095e-35 1.0000000180025095e-35 1 2 2.5000000000000004 1.5000000000000002 2029.5000000000002 0.90661399244645735 65845.624003370132 1.012892594377331 2033.5000000000002 1.0000000180025095e-35 0.63561259619552946 0.88037162294841587 2028.5000000000002 2032.5000000000002 2031.5000000000002 0.98074084135780404 2.5000000000000004 155823.54495080555 1.052556423315949
decision_type=1 2 2 2 1 1 2 2 2 2 2 2 2 2 2 2 2 2 2 2 2 2 2
left_child=1 7 3 -2 14 6 -4 -1 -8 -10 -9 -12 -13 -14 -5 -16 -17 18 -18 -19 21 22 -3
right_child=2 20 5 4 -6 -7 8 10 9 -11 11 12 13 -15 15 16 17 19 -20 -21 -22 -23 -24
leaf_value=-0.0042016394707842094 0.00014094360025390529 -0.00033833607134568875 -0.00067889837379390473 0.0019338776614694375 -0.0049472290068371342 -0.0039103281888341578 -0.00068812768593196462 -0.00099366281312609573 0.0024010689046646315 0.00031504040126592516 -0.0012085691373512144 -0.0013637898944065694 -0.001331894128497349 0.00095421091737910274 -0.00039579399133523105 -0.00033657839363790052 9.2707270579383363e-07 0.0011980206288971958 0.0011028995735788047 -0.0010890950183168634 0.00017692540856356162 0.00028876455752841157 0.0006746546550444731
leaf_weight=750 1257 350 364 27 245 320 23 173 25 31 90 41 26 20 62 45 55 34 25 107 65 36 28
leaf_count=750 1257 350 364 27 245 320 23 173 25 31 90 41 26 20 62 45 55 34 25 107 65 36 28
internal_value=-0.00173732 -0.00314349 -0.000874526 -0.000153475 -0.00208333 -0.00264089 -0.00124724 -0.00413636 0.00322785 0.00571428 -0.00257143 -0.000762713 0.00247126 0.00695652 -6.84943e-05 -0.000579269 0.000451127 0.00133484 0.004375 -0.000390072 -0.00092902 -0.00149759 -0.00208995
internal_weight=4199 1579 2620 1857 600 763 443 1100 79 56 350 177 87 46 355 328 266 221 80 141 479 414 378
internal_count=4199 1579 2620 1857 600 763 443 1100 79 56 350 177 87 46 355 328 266 221 80 141 479 414 378
cat_boundaries=0 1 2 3
cat_threshold=67 164 56
is_linear=0
shrinkage=0.05


Tree=99
num_leaves=24
num_cat=5
split_feature=0 3 7 0 4 0 5 7 5 14 5 5 5 11 16 9 3 5 8 3 0 5 0
split_gain=2.03064 1.2102 1.16613 0.871967 0.672714 0.725098 0.549515 0.54764 0.537084 0.544444 0.467239 0.557124 0.672602 0.443075 0.435136 0.441176 0.435053 0.420526 0.434662 0.40185 0.389535 0.622565 0.383816
threshold=0 1.0000000180025095e-35 1.5000000000000002 1 1.0000000180025095e-35 2 1.1287681634439279 1.0000000180025095e-35 1.2104102448523337 82905.803049356924 0.63561259619552946 0.88037162294841587 0.92150294269003385 1.0446124703217941 2.1729166666666671 2614.0335820877335 1.0000000180025095e-35 0.87316366926095168 1.0000000180025095e-35 1.0000000180025095e-35 3 1.4070340389700129 4
decision_type=1 2 2 1 2 1 2 2 2 2 2 2 2 2 2 2 2 2 2 2 1 2 1
left_child=1 4 16 7 13 -6 19 -3 9 -8 -7 -12 -13 -1 15 -9 20 -17 -19 -4 21 -2 -18
right_child=2 3 6 -5 5 10 8 14 -10 -11 11 12 -14 -15 -16 17 22 18 -20 -21 -22 -23 -24
leaf_value=0.00029028242508972514 -0.0010174124631332718 -0.0010024255371464499 -0.00079817272707992349 -0.00371481177939245 -0.004922595272122892 0.0018371837783959643 0.0012168552852233542 0.00037518537357444839 -1.0392294933208061e-05 -0.00071563088839782642 -0.00037600429176846755 0.0003489985921294196 -1.2763549122130384e-05 -0.00013688083109457644 -0.0010790206762355966 -0.00050251538859745384 -0.00010645248906841934 0.001746348314298717 -0.0023965426316809656 -1.7626606053004113e-06 -0.0039915574972450001 0.00074463226257183858 -0.0010771209734685764
leaf_weight=951 209 158 329 320 119 27 36 40 148 24 62 22 244 72 31 21 226 22 25 134 750 24 205
leaf_count=951 209 158 329 320 119 27 36 40 148 24 62 22 244 72 31 21 226 22 25 134 750 24 205
internal_value=-0.00172541 -0.00062147 -0.00282816 -0.00248785 0.000143619 -0.0014135 -0.00112519 -0.000439741 0.00100961 0.005 -0.000205481 -0.000731709 0.000263157 0.000865101 0.00183453 0.00333333 -0.0036563 0.000882352 0.00351064 -0.00208423 -0.00423703 -0.00211934 -0.00233179
internal_weight=4199 2114 2085 617 1497 474 671 297 208 60 355 328 266 1023 139 108 1414 68 47 463 983 233 431
internal_count=4199 2114 2085 617 1497 474 671 297 208 60 355 328 266 1023 139 108 1414 68 47 463 983 233 431
cat_boundaries=0 1 2 3 4 5
cat_threshold=180 48 16 8 65
is_linear=0
shrinkage=0.05


Tree=100
num_leaves=24
num_cat=4
split_feature=0 4 3 3 0 15 5 7 7 19 15 7 5 4 2 15 0 36 15 1 5 15 11
split_gain=1.71231 1.22954 1.57835 1.18539 1.09437 0.847195 0.841154 0.640554 0.470014 0.490189 0.586446 0.45299 0.637135 0.4329 0.761364 1.31697 0.417658 0.360526 0.454879 0.384251 0.63846 0.677926 0.912205
threshold=0 1.0000000180025095e-35 1.0000000180025095e-35 1.0000000180025095e-35 1 68.588865131656689 0.96426533895968825 1.5000000000000002 1.0000000180025095e-35 1.0000000180025095e-35 58.568473776007473 2.5000000000000004 1.084337575140127 1.0000000180025095e-35 2033.5000000000002 65.386347066319146 2 0.40080899483481908 17.682535482637871 3 0.87576888871408942 26.740512684119718 0.23891009328262117
decision_type=1 2 2 2 1 2 2 2 2 2 2 2 2 2 2 2 1 2 2 1 2 2 2
left_child=3 2 17 7 5 -4 -7 -1 -3 10 -10 -6 -13 -9 -15 -16 -11 18 -2 20 -20 -22 -23
right_child=1 8 4 -5 11 6 -8 13 9 16 -12 12 -14 14 15 -17 -18 -19 19 -21 21 22 -24
leaf_value=-0.0037919796223827499 0.0027321679650121199 -0.0022906758516676754 -0.00024041553310075845 -5.5998389578402261e-05 -0.0023434143659776538 -0.0001384832016367184 0.0012724795164223816 -0.0019773770589875169 0.00098955630278956593 -0.00072204966568604426 -0.0014393443659637614 -0.0014300216773151201 0.00047381341672303543 -0.00035210555079616347 -0.00050400016087317979 0.00078437538275190084 -6.1481403969176771e-05 -0.00046428447511297492 -0.001124055039174118 7.0178061649337238e-05 -0.0010557855516304126 0.0043236042111458031 3.9782478926315049e-05
leaf_weight=750 40 415 52 479 359 26 24 240 20 155 27 41 27 51 29 30 217 67 34 1040 29 26 21
leaf_count=750 40 415 52 479 359 26 24 240 20 155 27 41 27 51 29 30 217 67 34 1040 29 26 21
internal_value=-0.00168969 -0.000893537 -0.000156776 -0.00298616 -0.00244802 0.00214286 0.007 -0.00390909 -0.00248202 -0.00130072 0.00351064 -0.00351259 0.000147058 -0.00214286 0.000454544 0.00432203 -0.0019086 0.000807477 0.0010084 0.000826086 0.00363636 0.00618421 0.00989362
internal_weight=4199 2620 1786 1579 529 102 50 1100 834 419 47 427 68 350 110 59 372 1257 1190 1150 110 76 47
internal_count=4199 2620 1786 1579 529 102 50 1100 834 419 47 427 68 350 110 59 372 1257 1190 1150 110 76 47
cat_boundaries=0 1 2 3 4
cat_threshold=67 32 40 4
is_linear=0
shrinkage=0.05


Tree=101
num_leaves=24
num_cat=3
split_feature=0 7 0 4 14 16 14 0 9 2 6 9 15 7 9 19 9 17 9 14 5 5 15
split_gain=2.49157 1.58016 0.505205 0.867703 0.999352 0.494189 0.549064 0.492998 0.576748 0.519697 0.502034 0.593785 0.470023 0.516707 0.467892 0.759814 0.907786 0.498099 0.441848 0.440354 0.435522 0.52927 0.553238
threshold=0 1.0000000180025095e-35 1 1.0000000180025095e-35 5539.9792550111761 1.0000000180025095e-35 25495.070357952452 2 64262.111005197432 2033.5000000000002 1.0000000180025095e-35 4518.8052811206917 63.950051230600927 2.5000000000000004 7583.0735006922287 1.0000000180025095e-35 202.18557157653274 74.884166666666673 7371.5773109965767 12651.849980207538 0.81700912784608037 1.0549782271877521 138.28563907384995
decision_type=1 2 1 2 2 2 2 1 2 2 2 2 2 2 2 2 2 2 2 2 2 2 2
left_child=20 2 3 4 -2 6 19 10 -9 -10 14 -12 -8 -14 15 16 -7 -16 -13 -3 -1 -22 -23
right_child=1 5 -4 -5 -6 7 12 8 9 -11 11 18 13 -15 17 -17 -18 -19 -20 -21 21 22 -24
leaf_value=-0.00015469317700013635 0.0030408149373554239 -0.00048196612414053543 -0.0020243994230272834 -0.0031712978898268958 -0.00041386342559795428 -5.3511110912022503e-05 -0.00022160604417053873 -0.00053446847612134371 -0.00032473628208509004 0.00095688044795270511 -0.00088287156295682907 0.00038231953904582116 -8.7563395905681233e-05 0.0030594985910818908 0.00023024463311544657 0.00014129974045009146 0.0008019790445654121 -0.00070433948501217886 -0.00014804956585607899 0.00112447063431469 0.00091095914071253085 -4.1233962474975522e-05 0.0037832593031967066
leaf_weight=134 20 20 1071 238 539 20 65 635 20 22 170 21 67 33 92 291 23 140 134 31 174 205 34
leaf_count=134 20 20 1071 238 539 20 65 635 20 22 170 21 67 33 92 291 23 140 134 31 174 205 34
internal_value=-0.00158252 -0.00205079 -0.00307281 -0.00202602 -0.000974956 -0.000992154 0.00125 -0.00130102 -0.00230713 0.00333333 -0.000504996 -0.00207692 -0.000151516 0.002 0.000388691 0.00158683 0.0077907 -0.00133621 0.000161289 0.00578431 0.00155296 0.00238499 0.000857739
internal_weight=4199 3652 1868 797 559 1784 216 1568 677 42 891 325 165 100 566 334 43 232 155 51 547 413 239
internal_count=4199 3652 1868 797 559 1784 216 1568 677 42 891 325 165 100 566 334 43 232 155 51 547 413 239
cat_boundaries=0 1 2 3
cat_threshold=32 148 141
is_linear=0
shrinkage=0.05


Tree=102
num_leaves=24
num_cat=3
split_feature=0 7 0 3 4 14 3 0 14 4 5 6 9 5 15 14 2 5 16 5 5 14 14
split_gain=1.89394 1.57415 0.622142 0.908969 1.26288 0.613057 0.596523 0.615277 0.5645 0.501288 0.514286 0.475199 0.588215 0.673679 0.512612 0.600127 0.6184 0.645438 1.058 0.770272 0.649002 0.47236 0.681517
threshold=0 1.5000000000000002 1 1.0000000180025095e-35 1.0000000180025095e-35 21987.919908185151 1.0000000180025095e-35 2 175179.0382397449 1.0000000180025095e-35 1.3375357467376412 1.0000000180025095e-35 15738.99190154733 0.79218722710116374 144.26040864886542 70699.343738724943 2027.5000000000002 0.9297071399625868 2.1729166666666671 1.236240609701037 1.0596748834202809 63649.747117273306 130231.75474940902
decision_type=1 2 1 2 2 2 2 1 2 2 2 2 2 2 2 2 2 2 2 2 2 2 2
left_child=-1 2 3 4 -2 -5 7 9 -8 10 -4 14 -13 -14 15 -3 -17 -18 19 20 -19 -15 -23
right_child=1 11 6 5 -6 -7 8 -9 -10 -11 -12 12 13 21 -16 16 17 18 -20 -21 -22 22 -24
leaf_value=0.00018897757107878621 8.1361674646555047e-05 -9.2602701773401183e-06 -0.00017726341385573393 4.6472175101219817e-05 -0.0018344090688188657 -0.0026930009600336906 -0.00048065991285691536 -0.0035330521114910161 0.000352493599083018 -0.0053124355751006588 0.00084107017551590148 -0.00056157636438302955 -0.00077760176238447288 0.0022270936872450507 -0.0012070108880021661 -0.0012324969485084853 -5.7680909530915647e-05 0.0028063336862094806 -0.0013346597140892276 0.00019791874190407054 0.0011584062280208928 -0.00016472849773010179 0.0010993708530789754
leaf_weight=547 493 389 140 61 213 269 408 750 23 73 20 372 34 20 70 32 68 27 25 38 35 53 39
leaf_count=547 493 389 140 61 213 269 408 750 23 73 20 372 34 20 70 32 68 27 25 38 35 53 39
internal_value=-0.00145154 -0.00185964 -0.00259184 -0.00160612 -0.000609066 -0.00378788 -0.0032795 -0.00398271 -0.00175174 -0.00150206 -1.19209e-09 -0.000382697 -0.0015251 0.00116438 0.000482455 0.000944624 0.003 0.00406736 0.0062 0.0085 0.0119355 0.00303571 0.00152174
internal_weight=4199 3652 2450 1036 706 330 1414 983 431 233 160 1202 518 146 684 614 225 193 125 100 62 112 92
internal_count=4199 3652 2450 1036 706 330 1414 983 431 233 160 1202 518 146 684 614 225 193 125 100 62 112 92
cat_boundaries=0 1 2 3
cat_threshold=32 148 8
is_linear=0
shrinkage=0.05


Tree=103
num_leaves=24
num_cat=4
split_feature=0 3 3 0 16 1 7 7 36 9 9 15 15 36 7 7 0 2 2 2 9 8 15
split_gain=1.88203 1.88325 1.3461 0.955357 0.903469 0.677226 0.68271 0.571853 0.45426 0.510219 0.846332 0.451046 0.52228 0.426051 0.424357 0.407633 0.376378 0.333333 0.331889 0.328837 0.287921 0.270722 0.328222
threshold=0 1.0000000180025095e-35 1.0000000180025095e-35 1 1.0000000180025095e-35 2 1.0000000180025095e-35 1.5000000000000002 0.40080899483481908 36863.600766383563 26496.096493499663 94.639674848128223 102.80552441240948 0.080775926737303758 2.5000000000000004 1.0000000180025095e-35 3 2033.5000000000002 2026.5000000000002 2033.5000000000002 69699.192125542948 1.0000000180025095e-35 97.533064151323813
decision_type=1 2 2 1 2 1 2 2 2 2 2 2 2 2 2 2 1 2 2 2 2 2 2
left_child=1 7 3 8 21 6 -3 -1 9 10 13 -9 -13 -2 -14 -6 -17 -16 -5 -12 -11 22 -4
right_child=2 5 4 18 15 -7 -8 11 -10 20 19 12 14 -15 17 16 -18 -19 -20 -21 -22 -23 -24
leaf_value=-0.0033563995059164653 0.0001100314862633172 -0.00011655774492113774 -0.0014728037521462419 -0.0011173994228807099 -0.0025615336875815953 -8.0201316064064352e-05 0.0012489044245540025 -0.0007643913538244887 -0.00052162008417307637 -0.00040853937188272522 0.00076776325601607648 0.00069793065741545382 -0.0012521675628066982 0.0047116037109469332 -0.00080019167800369616 -0.0012949685055589134 -2.8536426353059332e-05 0.00053851182300466787 -0.00017426370091267056 0.00041162284106712604 4.623217759272161e-05 0.00024049335512176556 0.00038868651456394588
leaf_weight=750 838 27 37 56 357 417 35 222 58 121 31 20 59 23 28 133 185 21 674 24 32 20 31
leaf_count=750 838 27 37 56 357 417 35 222 58 121 31 20 59 23 28 133 185 21 674 24 32 20 31
internal_value=-0.00143963 -0.00279736 -0.000608366 0.000115777 -0.00237877 -0.000198331 0.00467742 -0.00395455 0.00102463 0.00126754 0.00171397 -0.00228572 7.81238e-05 0.00132985 -0.0012963 -0.003 -0.00169811 0.00214286 -0.00128378 0.00772727 -0.00140523 0.00238636 0.000882352
internal_weight=4199 1579 2620 1857 763 479 62 1100 1127 1069 916 350 128 861 108 675 318 49 730 55 153 88 68
internal_count=4199 1579 2620 1857 763 479 62 1100 1127 1069 916 350 128 861 108 675 318 49 730 55 153 88 68
cat_boundaries=0 1 2 3 4
cat_threshold=67 164 4 132
is_linear=0
shrinkage=0.05


Tree=104
num_leaves=24
num_cat=2
split_feature=0 3 3 17 0 7 5 5 14 9 36 36 5 15 14 7 5 9 9 5 15 7 14
split_gain=2.02656 1.54082 1.37532 0.903469 0.900187 0.640554 0.56484 0.914008 0.535844 0.516602 0.45426 0.431691 0.419316 0.730775 0.619164 0.407633 0.394073 0.346006 0.664323 0.443439 0.405844 0.377813 0.373265
threshold=0 1.0000000180025095e-35 1.0000000180025095e-35 1.0000000180025095e-35 1 1.5000000000000002 0.79218722710116374 1.0776903129539595 175179.0382397449 21886.336938882338 0.40080899483481908 0.080775926737303758 1.012892594377331 63.950051230600927 80163.209643722032 1.0000000180025095e-35 0.96614232066531724 36863.600766383563 26496.096493499663 1.0471804065065857 129.15408329566625 1.5000000000000002 170293.886613877
decision_type=1 2 2 2 1 2 2 2 2 2 2 2 2 2 2 2 2 2 2 2 2 2 2
left_child=1 5 4 6 10 -1 -4 -8 9 -3 11 17 -7 -14 -15 -5 -17 18 22 21 -20 -19 -2
right_child=2 8 3 15 -6 12 7 -9 -10 -11 -12 -13 13 14 -16 16 -18 19 20 -21 -22 -23 -24
leaf_value=-0.0031885795306206425 0.00011704524721519967 -9.8193586184973489e-06 -0.0031307471410815871 -0.0024334570032025151 -0.00017588916312407817 -0.00098548287024326675 0.00037856256761732363 -0.0021282337600468291 0.00051670135405593783 -0.00093072149689777956 -0.00049553907996442855 0.0044760235253995867 -0.0010727738534655198 0.00078002948810290348 6.5849649191515689e-06 -0.0010190529040025574 -4.0081583945356172e-05 -1.3273687457663578e-05 0.00039356807055389103 -0.0012749812295719386 0.0021760597955195571 0.00043958571343561163 -0.00099516674753358952
leaf_weight=750 814 375 20 357 730 176 37 31 20 84 58 23 83 24 67 145 173 49 35 78 20 26 24
leaf_count=750 814 375 20 357 730 176 37 31 20 84 58 23 83 24 67 145 173 49 35 78 20 26 24
internal_value=-0.00145154 -0.00286029 -0.000589355 -0.00237877 0.000142702 -0.00390909 0.00238636 0.00455882 -0.000511483 -0.000860568 0.00102463 0.00126754 -0.00214286 -0.0004023 0.00269231 -0.003 -0.00169811 0.00111855 0.00149496 -0.00107843 0.00681818 0.00166667 0.00114558
internal_weight=4199 1579 2620 763 1857 1100 88 68 479 459 1127 1069 350 174 91 675 318 1046 893 153 55 75 838
internal_count=4199 1579 2620 763 1857 1100 88 68 479 459 1127 1069 350 174 91 675 318 1046 893 153 55 75 838
cat_boundaries=0 1 2
cat_threshold=67 164
is_linear=0
shrinkage=0.05


Tree=105
num_leaves=24
num_cat=1
split_feature=7 16 5 5 15 14 5 15 15 6 7 9 1 5 5 14 5 15 14 5 9 9 9
split_gain=1.49894 0.502453 0.638287 0.615116 0.745735 0.582477 0.89892 0.791278 0.566917 0.417267 0.440239 0.711978 0.790454 0.851583 0.612745 0.489462 0.533025 0.363302 0.480237 0.304437 0.302831 0.621753 0.472283
threshold=1.0000000180025095e-35 1.0000000180025095e-35 1.2837255376576799 0.76343305541321171 146.62274875767082 106562.34762973191 1.1577527833144476 63.950051230600927 34.813372393803284 1.0000000180025095e-35 2.5000000000000004 1796.9841325213447 0 1.0596748834202809 0.79218722710116374 39316.05765398981 1.1543510596373601 154.22566658125814 175179.0382397449 0.7376789738161762 13483.581794243801 64262.111005197432 12231.723693714233
decision_type=2 2 2 2 2 2 2 2 2 2 2 2 1 2 2 2 2 2 2 2 2 2 2
left_child=-1 2 3 -2 5 6 7 8 -5 10 20 12 14 -14 -12 -13 19 -11 -19 -17 22 -22 -3
right_child=1 9 -4 4 -6 -7 -8 -9 -10 17 11 15 13 -15 -16 16 -18 18 -20 -21 21 -23 -24
leaf_value=-0.00103829567893872 -0.00013643467363738974 -3.8866208040418866e-05 -0.00049544217014666771 0.0003735996871151732 0.0022003104538374937 -0.00096723553392163552 0.0019598265486021594 0.0018572193997939191 -0.0014426612439371216 -0.0003907835418218109 0.0015661108103765305 -0.0016604543913548186 0.00012995338749239517 0.001064722781672847 -0.00084258865610805809 2.6687696512800286e-05 0.00058978869125079787 0.00092387169118243815 -0.0020142287326288632 -0.00073528319940213238 -0.00062472526850043534 0.0006214489121956063 0.00081902033309214388
leaf_weight=2150 43 566 31 41 23 21 22 28 37 632 20 43 26 27 34 21 35 24 22 74 208 51 20
leaf_count=2150 43 566 31 41 23 21 22 28 37 632 20 43 26 27 34 21 35 24 22 74 208 51 20
internal_value=-0.00138009 -0.000412397 0.00170732 0.00267442 0.00401163 0.00271812 0.00398437 0.00207547 -0.000512822 -0.00070161 -0.000111112 0.00160714 0.00481308 0.00915094 0.000555554 -0.000375724 0.00115384 -0.00168142 0.00260869 -0.000789475 -0.000680475 -0.00210425 -5.11957e-05
internal_weight=4199 2049 246 215 172 149 128 106 78 1803 1125 280 107 53 54 173 130 678 46 95 845 259 586
internal_count=4199 2049 246 215 172 149 128 106 78 1803 1125 280 107 53 54 173 130 678 46 95 845 259 586
cat_boundaries=0 1
cat_threshold=2
is_linear=0
shrinkage=0.05


Tree=106
num_leaves=24
num_cat=4
split_feature=0 7 0 15 3 0 3 4 3 14 14 4 15 15 14 9 15 2 14 1 17 15 9
split_gain=2.32017 1.20476 0.603544 0.755966 0.527417 0.496526 1.10755 1.6245 0.910626 0.794179 0.712674 0.430146 0.426479 1.84633 0.506332 1.11528 0.419458 0.491497 0.409756 0.409544 0.395932 0.392431 0.359945
threshold=0 1.0000000180025095e-35 1 182.94311435228204 1.0000000180025095e-35 2 1.0000000180025095e-35 1.0000000180025095e-35 1.0000000180025095e-35 141744.59562036514 8680.321420592405 1.0000000180025095e-35 70.302322041952422 60.142859234049347 48310.708068592714 3835.9951384657606 96.555610848488513 2033.5000000000002 76593.118290734303 3 73.879583333333343 123.43901836151963 51586.441189360201
decision_type=1 2 1 2 2 1 2 2 2 2 2 2 2 2 2 2 2 2 2 1 2 2 2
left_child=-1 5 3 21 11 6 7 12 -7 20 -8 -4 13 14 -2 -16 -13 -18 -17 -6 -10 -3 -14
right_child=1 2 4 -5 19 8 10 -9 9 -11 -12 16 22 -15 15 18 17 -19 -20 -21 -22 -23 -24
leaf_value=0.00016956130618268588 -0.00012760115202462585 1.3664068442756071e-05 -0.0020259458989531722 0.001493446943208602 0.0011668216571352427 -0.003648069516782532 0.0014447236106690017 -0.0036689308732683005 -1.9243009646310537e-05 0.00034791758811300762 -0.0025628791700254764 -0.00012645368084273248 -0.00031366525591446418 0.00081164975332865218 0.0031212548603926 0.00012326128585727196 -0.0011632280875654858 0.00083267333972299412 -0.0023972519712183349 -1.5987361354173941e-05 -0.0010925947755918988 -0.00027335226719459277 0.00036452757326584811
leaf_weight=547 190 824 371 21 35 566 21 230 98 31 304 114 194 25 21 20 21 28 21 194 121 176 26
leaf_count=547 190 824 371 21 35 566 21 230 98 31 304 114 194 25 21 20 21 28 21 194 121 176 26
internal_value=-0.00138009 -0.00183233 -0.000908073 -0.000101844 -0.0019599 -0.00272484 -0.00193974 -0.000873454 -0.00366828 -0.0012 -0.00438462 -0.00284644 0.000734405 0.00203971 0.000753967 0.00467742 -0.000705523 0.00316326 -0.000121952 2.18329e-05 -0.00226028 -0.000300001 -0.000909092
internal_weight=4199 3652 1784 1021 763 1868 1052 727 816 250 325 534 497 277 252 62 163 49 41 229 219 1000 220
internal_count=4199 3652 1784 1021 763 1868 1052 727 816 250 325 534 497 277 252 62 163 49 41 229 219 1000 220
cat_boundaries=0 1 2 3 4
cat_threshold=32 156 156 4
is_linear=0
shrinkage=0.05


Tree=107
num_leaves=24
num_cat=4
split_feature=0 7 0 0 4 3 3 14 2 17 14 14 3 14 2 5 5 9 1 14 5 4 15
split_gain=2.32017 1.20476 0.531486 0.496526 1.10755 1.42757 0.910626 0.794179 0.423367 0.395932 0.39589 1.21247 0.388798 0.385197 0.3622 0.715264 0.428594 0.888889 0.426242 0.61238 0.773036 0.358188 0.419458
threshold=0 1.0000000180025095e-35 1 2 1.0000000180025095e-35 1.0000000180025095e-35 1.0000000180025095e-35 141744.59562036514 2037.5000000000002 73.879583333333343 81369.621207484612 50842.525539355331 1.0000000180025095e-35 15224.15924458223 2030.5000000000002 1.2892373734878864 0.91683600554281697 8976.3250866375038 3 31346.425854967394 0.91337345033287376 1.0000000180025095e-35 96.555610848488513
decision_type=1 2 1 1 2 2 2 2 2 2 2 2 2 2 2 2 2 2 1 2 2 2 2
left_child=-1 3 -3 4 5 8 -5 9 14 -8 11 -10 21 -7 15 18 17 -16 -2 -20 -21 -4 -23
right_child=1 2 12 6 -6 13 7 -9 10 -11 -12 -13 -14 -15 16 -17 -18 -19 19 20 -22 22 -24
leaf_value=0.00016108324087354934 -0.00081626281120339124 -1.8227135487639205e-05 -0.0019246486040055142 -0.003465666040943405 -0.00292620811958342 0.001539432091139476 -1.8280859163994853e-05 0.00033052170870735736 0.00042657733384772668 -0.0010379650368123039 -0.00019414553405044759 0.0013696293073379466 -2.6026940327393323e-06 -0.0024417664852316567 -0.00063497496678691838 0.00071506234792132741 -0.0012894210469714604 0.00054459390622291453 -0.0018673258853893226 0.0037453557895790537 -0.00014347111175867151 -0.0001201309968005956 0.00044285843575182418
leaf_weight=547 67 1021 371 566 325 20 98 31 36 121 34 22 229 210 45 29 148 30 37 22 27 114 49
leaf_count=547 67 1021 371 566 325 20 98 31 36 121 34 22 229 210 45 29 148 30 37 22 27 114 49
internal_value=-0.00138009 -0.00183233 -0.000908073 -0.00272484 -0.00193974 -0.000873454 -0.00366828 -0.0012 0.000633802 -0.00226028 0.00369565 0.0062069 -0.00189521 -0.00413044 -6.17296e-05 0.00159341 -0.00141256 0.00166667 0.000228757 0.00255814 0.00622449 -0.00265918 -0.000705523
internal_weight=4199 3652 1784 1868 1052 727 816 250 497 219 92 58 763 230 405 182 223 75 153 86 49 534 163
internal_count=4199 3652 1784 1868 1052 727 816 250 497 219 92 58 763 230 405 182 223 75 153 86 49 534 163
cat_boundaries=0 1 2 3 4
cat_threshold=32 156 156 1
is_linear=0
shrinkage=0.05


Tree=108
num_leaves=24
num_cat=6
split_feature=0 7 0 0 4 3 3 14 14 15 15 14 3 0 4 14 4 0 2 1 15 3 4
split_gain=2.30211 1.3171 0.455447 0.44276 0.755438 1.04072 0.443999 0.48264 0.388715 0.355039 0.942806 0.346871 0.338578 0.639337 0.62587 1.07381 0.38242 1.24486 0.454305 0.37494 0.333333 0.331917 0.40334
threshold=0 1.0000000180025095e-35 1 2 1.0000000180025095e-35 1.0000000180025095e-35 1.0000000180025095e-35 141744.59562036514 123822.78541751868 161.22796538236682 146.62274875767082 16434.96028759101 1.0000000180025095e-35 3 1.0000000180025095e-35 43203.084249242173 1.0000000180025095e-35 4 2036.5000000000002 5 64.699785586228529 1.0000000180025095e-35 1.0000000180025095e-35
decision_type=1 2 1 1 2 2 2 2 2 2 2 2 2 1 2 2 2 1 2 1 2 2 2
left_child=9 3 12 4 5 8 -5 -8 -2 10 -1 -7 16 14 -14 -16 -3 18 19 -18 -21 22 -4
right_child=1 2 21 6 -6 11 7 -9 -10 -11 -12 -13 13 -15 15 -17 17 -19 -20 20 -22 -23 -24
leaf_value=0.00012928110278501455 0.0001813957463127077 9.5898987103998213e-05 -0.0018284161738052369 -0.0026968682823748772 -0.0026877250361637744 0.0012955149587621949 -0.00080968088526652395 0.00014700635278543938 -0.00067251509836026952 -0.00048006721643184649 0.0038594537585756187 -0.0023256719960825624 -0.00027554470745602726 -0.0014440551053067385 0.00088555666828701949 -0.00010894628722245837 -0.0011293055219689647 -0.0038554424183339219 0.0016813748396620508 0.0010868811238595867 -0.00012818487089907483 -2.4725593311024129e-06 -2.9181810390087966e-05
leaf_weight=491 322 490 371 747 238 21 280 44 55 32 24 161 97 149 21 26 34 119 37 24 24 229 163
leaf_count=491 322 490 371 747 238 21 280 44 55 32 24 161 97 149 21 26 34 119 37 24 24 229 163
internal_value=-0.00136818 -0.00181868 -0.000852019 -0.00275161 -0.00177819 -0.000796066 -0.00342738 -0.00191358 0.000702917 0.00164273 0.00199029 -0.0039011 -0.000150341 -0.00158703 0.000844155 0.0056383 0.000425823 -0.00121849 0.00236434 0.000487804 0.00333333 -0.00176585 -0.00247191
internal_weight=4199 3652 1784 1868 797 559 1071 324 377 547 515 182 1021 293 144 47 728 238 119 82 48 763 534
internal_count=4199 3652 1784 1868 797 559 1071 324 377 547 515 182 1021 293 144 47 728 238 119 82 48 763 534
cat_boundaries=0 1 2 3 4 5 6
cat_threshold=32 156 148 24 132 2
is_linear=0
shrinkage=0.05


Tree=109
num_leaves=24
num_cat=3
split_feature=0 7 0 4 3 3 2 2 20 17 15 9 5 9 0 15 15 3 4 6 15 2 15
split_gain=1.99976 1.10221 0.554121 1.24154 1.41789 1.01393 0.52331 0.431431 0.471071 0.628237 0.431109 0.757576 0.428594 0.888889 0.427789 0.363855 1.43442 0.331917 0.40334 0.486232 0.527414 0.419048 0.330091
threshold=0 1.0000000180025095e-35 1 1.0000000180025095e-35 1.0000000180025095e-35 1.0000000180025095e-35 2037.5000000000002 2030.5000000000002 1.0000000180025095e-35 74.884166666666673 24.812388260590357 2344.9356892516184 0.91683600554281697 8976.3250866375038 2 45.901977681964993 81.527826868447789 1.0000000180025095e-35 1.0000000180025095e-35 1.0000000180025095e-35 56.726740912834821 2033.5000000000002 161.22796538236682
decision_type=1 2 1 2 2 2 2 2 2 2 2 2 2 2 1 2 2 2 2 2 2 2 2
left_child=22 2 3 4 6 -4 7 8 -2 10 -10 -12 13 -9 -3 -8 -17 18 -16 20 -20 -22 -1
right_child=1 14 5 -5 -6 -7 15 12 9 -11 11 -13 -14 -15 17 16 -18 -19 19 -21 21 -23 -24
leaf_value=0.00014681511041469964 0.0009428206263076413 -1.9461029091111876e-05 -0.0031575393247774905 -0.0026785602890476933 -0.0022055620644390013 -0.00020263835845060518 -7.8488718566723008e-05 -0.00061196774525799002 -0.0010714071244460124 -0.0014780052907807147 0.0034673436024038871 5.0419854721851299e-05 -0.0011737785474383901 0.00050829442359613078 -0.0017369953651149746 0.0028996929084653834 -2.707786588726517e-05 -2.3489313645467847e-06 -0.0001928108684858695 -0.00047599454428181052 2.0374894063139236e-05 0.0007267329019530485 -0.00045606385561025641
leaf_weight=515 27 1021 566 325 230 250 37 45 21 68 22 44 148 30 371 20 35 229 51 57 27 28 32
leaf_count=515 27 1021 566 325 230 250 37 45 21 68 22 44 148 30 371 20 35 229 51 57 27 28 32
internal_value=-0.00134437 -0.00176406 -0.00261777 -0.00179849 -0.000667126 -0.00360775 0.000835009 6.17272e-05 0.00186813 0.00080645 0.00362069 0.00560606 -0.00141256 0.00166667 -0.000880046 0.00423913 0.00681818 -0.00176585 -0.00247191 -0.000398774 0.00160377 0.005 0.00146319
internal_weight=4199 3652 1868 1052 727 816 497 405 182 155 87 66 223 75 1784 92 55 763 534 163 106 55 547
internal_count=4199 3652 1868 1052 727 816 497 405 182 155 87 66 223 75 1784 92 55 763 534 163 106 55 547
cat_boundaries=0 1 2 3
cat_threshold=32 156 156
is_linear=0
shrinkage=0.05


Tree=110
num_leaves=24
num_cat=4
split_feature=0 7 0 0 4 3 3 3 15 15 5 11 15 5 5 5 9 17 9 10 5 11 1
split_gain=2.05044 1.06537 0.501586 0.466662 0.83793 0.807142 0.479703 0.388798 0.330091 0.643097 0.946746 0.366842 0.579015 0.394373 0.956277 0.644318 0.521053 0.671445 0.384975 0.626987 0.445551 0.31622 1.0006
threshold=0 1.0000000180025095e-35 1 2 1.0000000180025095e-35 1.0000000180025095e-35 1.0000000180025095e-35 1.0000000180025095e-35 161.22796538236682 137.43042616406726 0.94147667905431387 1.0029941152829103 15.976611032343117 0.99972858438040657 0.81700912784608037 0.62209009350254196 1092.4949046200477 73.879583333333343 417.8489442808596 1.5000000000000002 1.1577527833144476 1.0215050346234318 3
decision_type=1 2 1 1 2 2 2 2 2 2 2 2 2 2 2 2 2 2 2 2 2 2 1
left_child=8 3 21 4 5 -2 -5 -4 9 11 -11 12 -1 14 15 -14 -16 -18 -15 20 -20 -3 -23
right_child=1 2 7 6 -6 -7 -8 -9 -10 10 -12 -13 13 18 16 -17 17 -19 19 -21 -22 22 -24
leaf_value=0.0042960285606119175 3.3626693588106056e-05 -4.2557190212561975e-05 -0.00055894551064317882 -0.0024249719440716053 -0.0024194107699032023 -0.0018257055762605267 -0.00060952876966320212 -2.2314847963193539e-06 -0.00043326066282973867 -0.00018354202141090769 0.0042307288803338184 -0.0002371899351497138 0.0012200194759566579 -0.00052437680915087392 0.0021643742181100124 -0.00043136888432058069 -0.00057334784623602828 0.0012319728164644063 -0.00076900811636838136 0.0013424227591929466 0.00053473426440963018 0.0010629948848837624 -9.6350351854550267e-05
leaf_weight=20 377 937 534 747 238 182 324 229 32 22 27 48 35 35 33 64 23 34 66 22 86 20 64
leaf_count=20 377 937 534 747 238 182 324 229 32 22 27 48 35 35 33 64 23 34 66 22 86 20 64
internal_value=-0.00138009 -0.00180503 -0.0009361 -0.00264454 -0.00165428 -0.000617175 -0.00333488 -0.00189521 0.00146319 0.00179612 0.0072449 0.00122317 0.00169856 0.00128141 0.00293651 -0.000454547 0.00666667 0.00377193 -0.000215312 0.000747125 -0.000394738 -0.000198837 0.00273809
internal_weight=4199 3652 1784 1868 797 559 1071 763 547 515 49 466 418 398 189 99 90 57 209 174 152 1021 84
internal_count=4199 3652 1784 1868 797 559 1071 763 547 515 49 466 418 398 189 99 90 57 209 174 152 1021 84
cat_boundaries=0 1 2 3 4
cat_threshold=32 156 148 4
is_linear=0
shrinkage=0.05


Tree=111
num_leaves=24
num_cat=3
split_feature=0 3 4 3 0 14 7 14 14 14 14 4 36 14 15 1 15 7 5 5 5 15 5
split_gain=1.54795 1.43138 1.27663 1.49732 0.768933 0.778479 0.60769 0.521972 0.488048 0.46218 0.7476 0.40334 0.401831 0.49334 0.359231 0.341078 1.0552 0.326917 0.434988 0.565657 0.326163 0.576482 0.624639
threshold=0 1.0000000180025095e-35 1.0000000180025095e-35 1.0000000180025095e-35 1 110572.56830359406 1.0000000180025095e-35 175179.0382397449 11568.323244218222 63649.747117273306 59013.550843035846 1.0000000180025095e-35 0.40080899483481908 3894.1625930649102 56.726740912834821 2 30.123502613179962 2.5000000000000004 0.98074084135780404 1.2553521696088608 1.1849080813926278 105.40273958101986 1.2286516858134353
decision_type=1 2 2 2 1 2 2 2 2 2 2 2 2 2 2 1 2 2 2 2 2 2 2
left_child=1 6 3 12 5 -5 -1 9 -6 10 15 -8 13 -2 -13 16 -3 18 -17 -20 -15 22 -22
right_child=2 7 -4 4 8 -7 11 -9 -10 -11 -12 14 -14 20 -16 17 -18 -19 19 -21 21 -23 -24
leaf_value=-0.0028784137613350361 0.011881150670985252 -0.00013000325273321433 -0.00067146139141263867 -0.00015277663076431635 0.00075288417469136153 0.00059192286936336031 -0.0016221983213270683 0.00039813126563513317 -0.0014276952363725328 -0.0002377880588859043 0.00054972139900835335 -0.00016183575281813572 -0.00024430013779217093 6.4782943169781768e-05 0.00016165930217848965 -0.00072088558271154188 0.0011142401726174254 0.00034907471120894563 0.00054668972012022977 -0.00091579817399174604 0.0021086551353084273 -7.0274829001635986e-05 6.9662947666842621e-05
leaf_weight=566 22 37 834 73 32 29 371 20 395 215 20 74 67 868 89 69 25 21 44 28 37 94 169
leaf_count=566 22 37 834 73 32 29 371 20 395 215 20 74 67 868 89 69 25 21 44 28 37 94 169
internal_value=-0.00143963 -0.00267149 -0.000684412 6.71881e-05 -0.00216446 0.00169643 -0.00368182 -0.000407099 -0.00305492 -0.000751635 0.000737704 -0.00247191 0.00100636 0.00121849 -0.000398774 -8.92869e-05 0.00306451 -0.0012963 -0.00216312 0.000555554 0.00107877 0.0025 0.00398058
internal_weight=4199 1579 2620 1786 529 102 1100 479 427 459 244 534 1257 1190 163 224 62 162 141 72 1168 300 206
internal_count=4199 1579 2620 1786 529 102 1100 479 427 459 244 534 1257 1190 163 224 62 162 141 72 1168 300 206
cat_boundaries=0 1 2 3
cat_threshold=67 32 4
is_linear=0
shrinkage=0.05


Tree=112
num_leaves=24
num_cat=2
split_feature=0 3 4 12 3 0 2 7 16 15 9 15 15 7 4 6 15 15 16 15 2 2 9
split_gain=1.63161 1.6197 0.918419 1.41556 1.45696 0.862698 0.646283 0.60769 0.483727 1.42263 0.541201 0.527159 1.10612 0.414894 0.40334 0.486232 0.382321 0.319403 0.309995 0.282851 0.281379 0.511474 0.528472
threshold=0 1.0000000180025095e-35 1.0000000180025095e-35 1.0000000180025095e-35 1.0000000180025095e-35 1 2032.5000000000002 1.0000000180025095e-35 1.0000000180025095e-35 63.950051230600927 749.72640392734081 52.065000166143669 33.762863021435827 2.5000000000000004 1.0000000180025095e-35 1.0000000180025095e-35 123.43901836151963 7.323000189622781 3.485125 56.726740912834821 2029.5000000000002 2026.5000000000002 38127.518148477917
decision_type=1 2 2 2 2 1 2 2 2 2 2 2 2 2 2 2 2 2 2 2 2 2 2
left_child=1 7 3 4 17 6 -6 -1 9 -3 11 12 -10 -7 -9 19 -13 -2 20 -16 21 -19 -23
right_child=2 8 -4 -5 5 13 -8 14 10 -11 -12 16 -14 -15 15 -17 -18 18 -20 -21 -22 22 -24
leaf_value=-0.0027344930732682844 -0.00087851582438935871 -6.9832277148552228e-05 -0.0006378883218420068 0.010902816220231488 0.00092849332389355929 -0.0016817828968122472 -0.00016194474872925242 -0.0015410884052607134 0.00031088255820842275 0.0019558327132216642 -0.00022756115180329377 -0.00024832684957674136 0.00062204588604769387 -7.8860114011524868e-06 -0.00014713126188850979 -0.00043233050664448513 0.00044334969712309921 -7.0838356540683481e-05 -6.4212377307099275e-05 0.00062251969873374901 5.4052075649492886e-05 0.0010282756039333523 -0.00088717486702400003
leaf_weight=566 23 29 834 23 43 355 57 371 37 25 295 53 20 66 51 57 20 67 175 55 747 196 34
leaf_count=566 23 29 834 23 43 355 57 371 37 25 295 53 20 66 51 57 20 67 175 55 747 196 34
internal_value=-0.00134437 -0.00260856 -0.000570343 6.71881e-05 -9.35917e-05 -0.00231286 0.00181818 -0.00368182 -0.000198331 0.00425926 -0.000764707 0.00192308 0.00552631 -0.00325986 -0.00247191 -0.000398774 -0.000890412 0.000837358 0.000947497 0.00160377 0.00127395 0.00257576 0.00369565
internal_weight=4199 1579 2620 1786 1763 521 100 1100 479 54 425 130 57 421 534 163 73 1242 1219 106 1044 297 230
internal_count=4199 1579 2620 1786 1763 521 100 1100 479 54 425 130 57 421 534 163 73 1242 1219 106 1044 297 230
cat_boundaries=0 1 2
cat_threshold=67 32
is_linear=0
shrinkage=0.05


Tree=113
num_leaves=24
num_cat=2
split_feature=0 0 7 4 14 7 14 5 2 14 14 14 18 17 9 5 9 14 19 14 14 14 5
split_gain=1.65128 0.642535 0.714532 0.88278 0.767104 0.589179 0.415081 0.403168 0.320958 0.98699 1.01145 0.927907 0.917208 0.319807 0.443117 0.626123 0.557184 0.467053 1.19717 0.615843 0.400691 0.476714 0.397498
threshold=0 1 1.0000000180025095e-35 1.0000000180025095e-35 4945.6777352471518 1.0000000180025095e-35 19243.767816437005 1.4854173152328105 2032.5000000000002 64249.445123386446 46234.081037188625 151498.38975148505 1.0000000180025095e-35 74.884166666666673 31015.127646663295 1.0596748834202809 53150.133761130244 27558.186542338477 1.0000000180025095e-35 23323.627465377227 33136.586579554067 92463.070426911567 1.1415607775418246
decision_type=1 1 2 2 2 2 2 2 2 2 2 2 2 2 2 2 2 2 2 2 2 2 2
left_child=5 6 3 4 -3 -1 -2 -6 11 10 -10 12 -8 14 17 16 -16 18 -4 -20 -15 22 -22
right_child=1 2 13 -5 7 -7 8 -9 9 -11 -12 -13 -14 20 15 -17 -18 -19 19 -21 21 -23 -24
leaf_value=-0.0015270717000144391 -0.00065365562489496558 0.0023109237013453215 0.00091767124036730386 -0.0023620282830798915 -0.0002737876137260421 -0.00014745216970802537 0.00090672533595784687 0.00043771050836178275 6.9194377720971974e-05 -0.00014993184863701034 0.0035459268274743855 0.0035667524672618185 2.5475236952010079e-05 -0.00038007043607397178 0.0015705645538905688 -0.00031471034408009704 5.0725963479233346e-05 -9.0994956471199392e-05 -9.7458434279290468e-05 0.0021291096647777625 -4.0845468088003897e-05 -0.00014236983483169869 0.00026358848417977303
leaf_weight=816 78 23 22 325 679 763 21 25 77 140 30 23 178 76 21 43 25 311 111 23 111 224 54
leaf_count=816 78 23 22 325 679 763 21 25 77 140 30 23 178 76 21 43 25 311 111 23 111 224 54
internal_value=-0.00136818 -0.000589355 -0.00099136 -0.00191065 -0.00094223 -0.00264003 0.000924595 -0.0012358 0.0015032 0.000263157 0.0038785 0.00288288 0.00178392 -5.38699e-05 0.000755394 0.00398876 0.00804348 0.000139185 0.00237179 0.000597014 -0.00102151 -0.000372752 0.00166667
internal_weight=4199 2620 2073 1052 727 1579 547 704 469 247 107 222 199 1021 556 89 46 467 156 134 465 389 165
internal_count=4199 2620 2073 1052 727 1579 547 704 469 247 107 222 199 1021 556 89 46 467 156 134 465 389 165
cat_boundaries=0 1 2
cat_threshold=67 32
is_linear=0
shrinkage=0.05


Tree=114
num_leaves=24
num_cat=4
split_feature=0 3 3 4 0 0 7 15 2 5 11 17 17 15 7 36 2 5 5 7 1 15 15
split_gain=1.17879 2.09308 0.880068 1.17063 1.47842 0.903747 0.650009 0.466343 0.607078 0.514286 0.432284 0.424638 0.416444 0.490448 0.403182 0.396192 0.474609 0.56881 0.765097 0.430095 0.918968 0.35679 0.429454
threshold=0 1.0000000180025095e-35 1.0000000180025095e-35 1.0000000180025095e-35 1 2 1.5000000000000002 49.752778293404454 2031.5000000000002 1.0264471337233452 1.052556423315949 73.879583333333343 74.884166666666673 138.28563907384995 2.5000000000000004 0.40080899483481908 2036.5000000000002 0.9297071399625868 1.187739437534997 2.5000000000000004 3 25.012291305676673 133.37296280316218
decision_type=1 2 2 2 1 1 2 2 2 2 2 2 2 2 2 2 2 2 2 2 1 2 2
left_child=1 6 3 12 11 7 -1 8 9 -4 -3 -5 13 15 -9 16 19 -18 -19 -2 -21 -13 -23
right_child=2 10 5 4 -6 -7 -8 14 -10 -11 -12 21 -14 -15 -16 -17 17 18 -20 20 -22 22 -24
leaf_value=-0.0021875497121099439 8.5283304002584851e-06 -2.9431662817254414e-05 0.00064738650974029751 -0.0001434694746066782 -0.0039217169811013048 -0.0030041769827092793 -0.0002585944055017233 -0.00068467713730633456 -0.00014117630363282016 -0.00020936365043286518 0.00085326163649465105 -0.00063947662026124573 -3.4932798287064853e-05 0.0011401887275936356 0.00069458335021122485 -0.00016961699526209928 0.0025652009276066743 -0.00022662569087944872 0.00059920758577449232 -9.8844009468538262e-05 0.0031287974723481667 0.00042309439663792948 -0.00060608417091861325
leaf_weight=750 371 447 35 193 245 320 350 213 111 35 32 27 558 48 49 62 48 60 41 37 32 111 24
leaf_count=750 371 447 35 193 245 320 350 213 111 35 32 27 558 48 49 62 48 60 41 37 32 111 24
internal_value=-0.00134437 -0.00241976 -0.000684412 -9.96242e-05 -0.00191667 -0.00211665 -0.00363636 -0.00058499 0.00135359 0.005 0.00032359 0.000205478 0.0007677 0.00158083 -0.00194657 0.0012212 0.00162139 0.0040604 0.00193069 0.000795453 0.00442029 0.00209876 0.00314815
internal_weight=4199 1579 2620 1857 600 763 1100 443 181 70 479 355 1257 699 262 651 589 149 101 440 69 162 135
internal_count=4199 1579 2620 1857 600 763 1100 443 181 70 479 355 1257 699 262 651 589 149 101 440 69 162 135
cat_boundaries=0 1 2 3 4
cat_threshold=67 164 56 2
is_linear=0
shrinkage=0.05


Tree=115
num_leaves=24
num_cat=3
split_feature=7 0 5 5 7 4 5 1 11 8 15 11 5 5 5 15 0 5 5 2 2 14 14
split_gain=1.01348 0.86932 0.438797 0.689983 0.50548 0.434923 0.632971 1.28907 0.421721 0.376634 0.864379 0.539507 0.474799 0.587385 0.589831 0.422545 0.296133 0.462312 0.325928 0.343437 0.380324 0.453513 0.348652
threshold=1.0000000180025095e-35 0 1.1498103798023716 1.1577527833144476 2.5000000000000004 1.0000000180025095e-35 1.2782222241056231 1 0.34492690110747332 1.0000000180025095e-35 107.21157695978535 0.29307874053979238 1.2179910055458631 1.4308953954205845 1.2892373734878864 146.62274875767082 2 1.1223427162988093 1.1223427162988093 2033.5000000000002 2036.5000000000002 8680.321420592405 7070.3627258293573
decision_type=2 1 2 2 2 2 2 1 2 2 2 2 2 2 2 2 1 2 2 2 2 2 2
left_child=1 -1 16 -4 9 6 7 -6 -8 10 11 12 -5 14 -14 -11 17 -2 19 22 -21 -22 -18
right_child=2 -3 3 4 5 -7 8 -9 -10 15 -12 -13 13 -15 -16 -17 18 -19 -20 20 21 -23 -24
leaf_value=-7.7285543372768929e-05 -0.00034337352877126696 -0.0010968285021035436 0.00087598283712835533 0.0018084200187359135 -2.4646690232425178e-05 -9.3530141321104268e-05 0.00024327761069818993 0.0023538131967689568 -0.0021525581118170775 -0.00049590835526581209 -0.00031044481506735952 -0.00093527438338354978 0.00016536396425986832 0.00074526807846270031 -0.0012171869212421434 8.5298495667325173e-05 -0.0023299597258972411 0.00030247640885626041 -0.0011387919950463961 -0.00019591924365240234 0.0073274742029130636 -5.5972506284969432e-05 0.00012837768054025232
leaf_weight=794 344 1356 26 26 27 71 40 26 21 173 51 48 30 20 29 22 28 20 62 220 21 247 497
leaf_count=794 344 1356 26 26 27 71 40 26 21 173 51 48 30 20 29 22 28 20 62 220 21 247 497
internal_value=-0.00142772 -0.00218605 -0.000632017 0.000491802 0.000136985 0.0022973 0.00421053 0.00820755 0.000737704 -0.000864663 0.000637254 0.00251634 0.00452381 0.00259494 8.47446e-05 -0.0024359 -0.00110841 -0.0023262 -0.000668204 -0.000459034 -0.00141394 -0.000149255 0.00042857
internal_weight=4199 2150 2049 610 584 185 114 53 61 399 204 153 105 79 59 195 1439 364 1075 1013 488 268 525
internal_count=4199 2150 2049 610 584 185 114 53 61 399 204 153 105 79 59 195 1439 364 1075 1013 488 268 525
cat_boundaries=0 1 2 3
cat_threshold=176 1 66
is_linear=0
shrinkage=0.05


Tree=116
num_leaves=24
num_cat=2
split_feature=0 3 4 3 14 7 4 9 5 15 9 14 14 9 6 15 0 5 14 15 9 7 16
split_gain=1.13616 1.74413 0.925674 1.12063 0.906064 0.711294 0.690477 0.641974 0.501557 0.697851 0.664179 1.20072 0.992445 0.703943 0.49754 0.516813 0.484819 0.466442 0.538886 0.600198 0.448179 0.431019 0.39259
threshold=0 1.0000000180025095e-35 1.0000000180025095e-35 1.0000000180025095e-35 172054.51817203171 1.0000000180025095e-35 1.0000000180025095e-35 21886.336938882338 1.1543510596373601 105.40273958101986 11328.807924415096 89628.55214601972 60263.260917315893 21886.336938882338 1.0000000180025095e-35 56.726740912834821 1 0.96426533895968825 42329.589652221854 98.91055636898183 749.72640392734081 1.5000000000000002 1.4758333333333338
decision_type=1 2 2 2 2 2 2 2 2 2 2 2 2 2 2 2 1 2 2 2 2 2 2
left_child=1 5 3 8 7 -1 -7 -3 -2 10 11 -10 -12 -14 15 20 17 -5 -19 -20 -8 -18 -11
right_child=2 4 -4 16 -6 6 14 -9 9 22 12 -13 13 -15 -16 -17 21 18 19 -21 -22 -23 -24
leaf_value=-0.0023571959238934737 3.3093447246930744e-05 4.5892815188107549e-05 -0.00049457676130818201 -0.00059348683365897958 0.00026599787070808248 -0.0014283098362626895 7.8402426964137588e-05 -0.00059138379759551319 1.4424933940539776e-05 0.0025040085043995233 0.001184348485721259 0.0010031234041329082 3.6482455864389966e-05 -0.00058205976090222979 -0.00038102645346711544 0.0006364914603208384 -0.0029054728353093457 -0.00043688242685278942 0.0015487477704291873 4.8430456859303178e-05 -0.00027431678079449187 -0.00015730721363957432 -0.0004025780641962726
leaf_weight=566 888 373 834 90 24 371 21 82 173 38 27 22 20 23 57 55 215 42 35 45 30 102 66
leaf_count=566 888 373 834 90 24 371 21 82 173 38 27 22 20 23 57 55 215 42 35 45 30 102 66
internal_value=-0.00133246 -0.0023883 -0.000684412 -4.4794e-05 0.000114821 -0.0035 -0.00219101 -0.000384617 0.0007677 0.00231707 0.00367924 0.00217949 0.00785714 0.00313953 0.000521471 0.00254717 -0.00197543 -4.50462e-05 0.00196721 0.004375 -0.00107843 -0.00316514 -0.00115385
internal_weight=4199 1579 2620 1786 479 1100 534 455 1257 369 265 195 70 43 163 106 529 212 122 80 51 317 104
internal_count=4199 1579 2620 1786 479 1100 534 455 1257 369 265 195 70 43 163 106 529 212 122 80 51 317 104
cat_boundaries=0 1 2
cat_threshold=67 48
is_linear=0
shrinkage=0.05


Tree=117
num_leaves=24
num_cat=3
split_feature=0 3 14 7 3 4 0 0 16 14 4 9 2 15 17 5 14 14 14 15 34 17 5
split_gain=1.18166 1.80146 0.886196 0.662753 0.551642 0.934473 1.65248 0.850592 0.729236 0.577441 0.543139 0.491747 0.469359 0.651363 0.436852 0.403741 0.4 0.42882 0.777778 0.433763 0.381631 0.374531 0.513753
threshold=0 1.0000000180025095e-35 172054.51817203171 1.0000000180025095e-35 1.0000000180025095e-35 1.0000000180025095e-35 1 2 1.0000000180025095e-35 61929.621073215065 1.0000000180025095e-35 21886.336938882338 2031.5000000000002 44.53170661205376 73.879583333333343 1.0264471337233452 25495.070357952452 99044.208716747511 79556.969834356583 61.954621471257603 1.0000000180025095e-35 74.884166666666673 1.4730567937906967
decision_type=1 2 2 2 2 2 1 1 2 2 2 2 2 2 2 2 2 2 2 2 2 2 2
left_child=1 3 11 -1 5 20 14 8 9 -6 -5 -3 13 15 -7 -10 -16 18 19 -18 21 22 -2
right_child=4 2 -4 10 7 6 -8 -9 12 -11 -12 -13 -14 -15 16 -17 17 -19 -20 -21 -22 -23 -24
leaf_value=-0.0022393361276988001 0.00031077349103839286 4.3598174428702383e-05 0.00025269797717267852 -0.0013568943444495552 0.00041857452823653389 -9.6765403832580561e-05 -0.0036692639467708595 -0.0028366639544194754 0.00050054889036388773 0.00034339846283065436 -2.4434215880890339e-06 -0.00056181460771573765 -0.00043485704655365338 -0.00033412190587823397 -0.00096632303936381402 0.00019163556967895088 0.00010907506652886646 -0.00030708445520424225 0.0011281286014772384 -0.0011172820257335297 0.0025849219388749305 -3.5842661336931663e-05 0.00075989360673928759
leaf_weight=566 657 373 24 371 21 193 245 320 27 33 163 82 245 86 27 31 41 51 21 22 20 548 32
leaf_count=566 657 373 24 371 21 193 245 320 27 33 163 82 245 86 27 31 41 51 21 22 20 548 32
internal_value=-0.00124911 -0.00232536 0.000219205 -0.00345455 -0.000589355 -0.000126549 -0.00175 -0.00172346 -0.000253864 0.00518518 -0.00219101 -0.000274726 -0.00101543 0.00125 0.000479451 0.00534483 0.00240741 0.00351852 0.00571428 0.00293651 0.000648368 0.00053759 0.0013135
internal_weight=4199 1579 479 1100 2620 1857 600 763 443 54 534 455 389 144 355 58 162 135 84 63 1257 1237 689
internal_count=4199 1579 479 1100 2620 1857 600 763 443 54 534 455 389 144 355 58 162 135 84 63 1257 1237 689
cat_boundaries=0 1 2 3
cat_threshold=67 164 56
is_linear=0
shrinkage=0.05


Tree=118
num_leaves=24
num_cat=2
split_feature=0 7 12 0 14 7 4 2 14 18 14 14 6 14 5 14 14 9 2 9 5 11 5
split_gain=1.01453 0.759941 0.515549 0.43522 0.539712 0.4675 0.481507 0.427827 0.927907 0.528497 0.517682 0.647747 0.424002 0.759417 0.699312 0.389755 0.426917 0.824967 1.08671 0.387549 0.358137 0.339454 0.348651
threshold=0 2.5000000000000004 1.0000000180025095e-35 1 19243.767816437005 1.0000000180025095e-35 1.0000000180025095e-35 2032.5000000000002 151498.38975148505 1.0000000180025095e-35 64249.445123386446 42045.363670888539 1.0000000180025095e-35 138355.03624647748 1.1543510596373601 12132.816732385716 24546.620459988368 2614.0335820877335 2033.5000000000002 891.54889113735419 1.012892594377331 1.0446124703217941 0.87316366926095168
decision_type=1 2 2 1 2 2 2 2 2 2 2 2 2 2 2 2 2 2 2 2 2 2 2
left_child=2 -2 3 4 -1 6 -5 8 9 -6 11 -9 14 -14 19 -7 17 18 -17 -3 -13 22 -18
right_child=1 12 -4 5 7 15 -8 10 -10 -11 -12 20 13 -15 -16 16 21 -19 -20 -21 -22 -23 -24
leaf_value=-0.00071189154146599626 -0.0006898939136715848 0.00029474808846201674 0.004918957289689484 -0.00011304433587921601 0.00095090433117053005 -0.00084682028892388696 -0.0020047791474239632 -0.00010767199832539522 0.0033459210996785653 5.4298702530360398e-05 -0.00015041648080974215 0.0050340942331511089 -0.00035689443995860282 0.00067866617185245769 0.00094559438245738966 0.0017077030327631638 -0.00013835416119302433 -0.00014316349105568467 0.00043185954625864594 -9.4625921617182428e-05 1.4168472548277029e-05 -0.00033810778370186228 0.000136451036163393
leaf_weight=67 1757 37 26 553 21 56 235 61 23 178 140 25 143 20 39 21 173 35 25 89 21 35 419
leaf_count=67 1757 37 26 553 21 56 235 61 23 178 140 25 143 20 39 21 173 35 25 89 21 35 419
internal_value=-0.0012372 -0.00201671 -0.000456687 -0.000545978 0.000677655 -0.000966711 -0.00182741 0.00128998 0.00288288 0.00178392 -0.000141702 0.00247663 0.000182926 -0.00162577 0.0019697 -9.16242e-05 0.000225988 0.00364197 0.00804348 0.000158729 0.00695652 -0.000215312 6.75664e-05
internal_weight=4199 2085 2114 2088 536 1552 788 469 222 199 247 107 328 163 165 764 708 81 46 126 46 627 592
internal_count=4199 2085 2114 2088 536 1552 788 469 222 199 247 107 328 163 165 764 708 81 46 126 46 627 592
cat_boundaries=0 1 2
cat_threshold=180 32
is_linear=0
shrinkage=0.05


Tree=119
num_leaves=24
num_cat=3
split_feature=7 0 6 11 0 9 5 5 5 15 5 7 5 5 11 5 5 9 15 0 3 3 4
split_gain=0.949293 0.799975 0.510525 0.757143 0.5822 0.624315 0.743819 0.748121 0.650696 0.538988 0.440747 0.425354 0.413717 0.544448 0.402383 0.401886 0.332409 0.324065 0.952778 0.294855 1.90024 0.708344 1.2971
threshold=1.5000000000000002 0 1.0000000180025095e-35 1.0265675147737674 1 6214.9048089522867 0.91683600554281697 1.2677191133471377 1.0596748834202809 160.1081189968717 0.69592446294074228 2.5000000000000004 1.3771122059273162 1.4854173152328105 1.4932489547972019 0.50361592300952374 0.58440279015043262 40202.00068132046 142.59807230312961 2 1.0000000180025095e-35 1.0000000180025095e-35 1.0000000180025095e-35
decision_type=2 1 2 2 1 2 2 2 2 2 2 2 2 2 2 2 2 2 2 1 2 2 2
left_child=1 16 3 4 17 6 11 8 -8 12 -7 -6 15 -14 -5 -4 -1 -2 -19 21 -21 22 -3
right_child=2 19 9 14 5 10 7 -9 -10 -11 -12 -13 13 -15 -16 -17 -18 18 -20 20 -22 -23 -24
leaf_value=-0.0030807856388532628 -7.6156451856908099e-05 4.1227474521270852e-05 0.00066226503116552967 0.00071365835809998493 -0.00061050866309801427 0.0010359061982352028 0.00071392891597713535 -4.3211900121474315e-05 0.0027710482663133662 0.0015634904735270538 -0.00011931276735828013 0.00083638001514487218 0.0012177060972574673 -0.001271204786032828 -0.00010622371021593783 -0.00029311208842919571 5.9724585167465495e-05 0.0017491170003365716 -0.0019138121770823765 -0.0018478485783851894 7.2449311839216962e-05 -0.0013996401432621664 -0.00178621667954172
leaf_weight=26 309 653 20 34 38 29 38 25 41 36 152 26 22 21 24 522 341 24 21 750 333 428 286
leaf_count=26 309 653 20 34 38 29 38 25 41 36 152 26 22 21 24 522 341 24 21 750 333 428 286
internal_value=-0.00122529 -0.00175186 -0.000151955 0.000716162 0.000263157 0.00168524 0.00392857 0.00653846 0.00892405 -0.00121578 -0.000303869 -0.000312501 -0.0015812 0.00313953 0.0062069 -0.00195572 0.000437665 -0.00115385 0.00277778 -0.00207317 -0.00271272 -0.00155047 -0.000793398
internal_weight=4199 2817 1382 761 703 349 168 104 79 621 181 64 585 43 58 542 367 354 45 2450 1083 1367 939
internal_count=4199 2817 1382 761 703 349 168 104 79 621 181 64 585 43 58 542 367 354 45 2450 1083 1367 939
cat_boundaries=0 1 2 3
cat_threshold=32 209 156
is_linear=0
shrinkage=0.05


end of trees

feature_importances:
scale=351
min_water_m=314
type_idx=267
nearby_2km=251
min_road_km=251
cooling=211
horizon_year=209
snow_mm=190
min_habitat_m=183
buffer=173
country_idx=66
habitat_proximity=61
nearby_highway_2km=52
precip_mm=52
nearby_500m=41
water_hits=31
roadkill_intensity_2km=18
habitat_hits=12
has_roadkill=12
has_gbif=8
has_osm_roads=4
gbif_count_2km=2
water_overlap=1

parameters:
[boosting: gbdt]
[objective: quantile]
[metric: quantile]
[tree_learner: serial]
[device_type: cpu]
[data_sample_strategy: bagging]
[data: ]
[valid: ]
[num_iterations: 120]
[learning_rate: 0.05]
[num_leaves: 24]
[num_threads: 0]
[seed: 7]
[deterministic: 0]
[force_col_wise: 0]
[force_row_wise: 0]
[histogram_pool_size: -1]
[max_depth: -1]
[min_data_in_leaf: 20]
[min_sum_hessian_in_leaf: 0.001]
[bagging_fraction: 1]
[pos_bagging_fraction: 1]
[neg_bagging_fraction: 1]
[bagging_freq: 0]
[bagging_seed: 17422]
[bagging_by_query: 0]
[feature_fraction: 0.9]
[feature_fraction_bynode: 1]
[feature_fraction_seed: 7040]
[extra_trees: 0]
[extra_seed: 6516]
[early_stopping_round: 0]
[early_stopping_min_delta: 0]
[first_metric_only: 0]
[max_delta_step: 0]
[lambda_l1: 0]
[lambda_l2: 0]
[linear_lambda: 0]
[min_gain_to_split: 0]
[drop_rate: 0.1]
[max_drop: 50]
[skip_drop: 0.5]
[xgboost_dart_mode: 0]
[uniform_drop: 0]
[drop_seed: 15215]
[top_rate: 0.2]
[other_rate: 0.1]
[min_data_per_group: 100]
[max_cat_threshold: 32]
[cat_l2: 10]
[cat_smooth: 10]
[max_cat_to_onehot: 4]
[top_k: 20]
[monotone_constraints: ]
[monotone_constraints_method: basic]
[monotone_penalty: 0]
[feature_contri: ]
[forcedsplits_filename: ]
[refit_decay_rate: 0.9]
[cegb_tradeoff: 1]
[cegb_penalty_split: 0]
[cegb_penalty_feature_lazy: ]
[cegb_penalty_feature_coupled: ]
[path_smooth: 0]
[interaction_constraints: ]
[verbosity: -1]
[saved_feature_importance_type: 0]
[use_quantized_grad: 0]
[num_grad_quant_bins: 4]
[quant_train_renew_leaf: 0]
[stochastic_rounding: 1]
[linear_tree: 0]
[max_bin: 255]
[max_bin_by_feature: ]
[min_data_in_bin: 3]
[bin_construct_sample_cnt: 200000]
[data_random_seed: 61]
[is_enable_sparse: 1]
[enable_bundle: 1]
[use_missing: 1]
[zero_as_missing: 0]
[feature_pre_filter: 1]
[pre_partition: 0]
[two_round: 0]
[header: 0]
[label_column: ]
[weight_column: ]
[group_column: ]
[ignore_column: ]
[categorical_feature: 0,1]
[forcedbins_filename: ]
[precise_float_parser: 0]
[parser_config_file: ]
[objective_seed: 15521]
[num_class: 1]
[is_unbalance: 0]
[scale_pos_weight: 1]
[sigmoid: 1]
[boost_from_average: 1]
[reg_sqrt: 0]
[alpha: 0.9]
[fair_c: 1]
[poisson_max_delta_step: 0.7]
[tweedie_variance_power: 1.5]
[lambdarank_truncation_level: 30]
[lambdarank_norm: 1]
[label_gain: ]
[lambdarank_position_bias_regularization: 0]
[eval_at: ]
[multi_error_top_k: 1]
[auc_mu_weights: ]
[num_machines: 1]
[local_listen_port: 12400]
[time_out: 120]
[machine_list_filename: ]
[machines: ]
[gpu_platform_id: -1]
[gpu_device_id: -1]
[gpu_device_id_list: ]
[gpu_use_dp: 0]
[num_gpu: 1]

end of parameters

pandas_categorical:null
