tree
version=v4
num_class=1
num_tree_per_iteration=1
label_index=0
max_feature_idx=37
objective=quantile
feature_names=type_idx country_idx horizon_year cooling buffer scale nearby_500m nearby_2km nearby_highway_2km min_habitat_m habitat_hits habitat_proximity water_hits water_overlap min_water_m min_road_km snow_mm precip_mm has_gbif has_roadkill has_osm_roads has_open_meteo gbif_myotis_myotis gbif_meles_meles gbif_castor_fiber gbif_alcedo_atthis gbif_bombina_variegata gbif_alauda_arvensis gbif_podiceps_cristatus gbif_acrocephalus_scirpaceus gbif_lutra_lutra gbif_ciconia_ciconia gbif_cervus_elaphus gbif_count_500m gbif_count_2km gbif_suitability roadkill_intensity_2km roadkill_count_2km
feature_infos=-1:6:5:2:4:0:7:3:1 -1:0:1:2 [2026:2040] [0:1] [0:1] [0.40000000000000002:2] [0:3] [0:3] [0:3] [0:125011.43205326654] [0:6] [0:3] [0:5] [0:1] [44.225848332120513:209444.01326761045] [0.16774822241364587:228.22479370757517] [0:4.4129166666666659] [0:89.364999999999995] [0:1] [0:1] [0:1] [0:1] none none none none none none none none none [0:1.0918136539803009] none none [0:37] [0:3.2117718603482626] [0:17.727708328222089] [0:15]
tree_sizes=1839 1895 1799 1840 1826 1850 1869 1866 1866 1819 1847 1855 1829 1836 1852 1866 1897 1867 1843 1872 1879 1932 1999 2018 1910 1916 1910 1916 1934 1916 1866 2026 2023 2089 2075 2083 2072 2108 2193 2192 2153 2159 2184 2236 2268 2213 2229 2248 2240 2245 2278 2244 2269 2256 2243 2286 2275 2277 2279 2279 2292 2289 2262 2279 2274 2271 2270 2289 2310 2279 2291 2285 2291 2276 2275 2293 2267 2288 2287 2276 2273 2294 2284 2265 2283 2259 2258 2300 2290 2298 2296 2293 2287 2286 2271 2297 2288 2269 2281 2272 2273 2279 2274 2235 2264 2283 2264 2246 2270 2235 2250 2298 2278 2301 2301 2253 2269 2269 2267 2287

Tree=0
num_leaves=24
num_cat=3
split_feature=7 0 3 4 0 0 2 14 14 5 11 10 9 14 14 14 36 9 5 14 9 18 14
split_gain=76.99 60.3844 27.5775 6.9704 12.6448 5.28465 4.03736 1.71204 2.13333 1.64793 2.83588 1.79381 1.35916 1.31391 1.47899 1.21753 1.11597 1.10259 1.03926 1.02799 1.04147 0.956946 0.952501
threshold=1.0000000180025095e-35 0 1.0000000180025095e-35 1.0000000180025095e-35 1 2 2035.5000000000002 20934.461032918207 11568.323244218222 0.92150294269003385 1.0658627846080646 1.5000000000000002 10133.856146498527 23020.48650124203 36001.235433273709 44703.318845095935 0.30324756343869536 31015.127646663295 0.83296196964687219 63193.011779459252 47572.25609974932 1.0000000180025095e-35 97462.014508123553
decision_type=2 1 2 2 1 1 2 2 2 2 2 2 2 2 2 2 2 2 2 2 2 2 2
left_child=1 6 3 -3 -5 17 9 8 -8 11 16 13 21 -1 -15 -13 -11 -4 -14 -9 22 -7 -21
right_child=-2 2 5 4 -6 12 7 19 -10 10 -12 15 18 14 -16 -17 -18 -19 -20 20 -22 -23 -24
leaf_value=0.0003151894296951575 0.0028898206824635509 0.01516631308421248 0 0 0.014300499263020084 0 0 0 0 0 2.3063875462248087e-12 0 0 0 0 0 0 0 0 0 0 0 0
leaf_weight=20 2049 635 129 126 170 23 24 82 30 285 21 22 21 21 132 20 25 25 66 42 26 139 66
leaf_count=20 2049 635 129 126 170 23 24 82 30 285 21 22 21 21 132 20 25 25 66 42 26 139 66
internal_value=-0.00271612 -0.00932558 -0.00266369 0.00204619 -0.00429054 -0.0136104 -0.0199395 -0.0251852 -0.0172222 -0.0177106 -0.0199245 -0.0143023 -0.017973 -0.012052 -0.0136275 -0.0235714 -0.021129 -0.00506098 -0.0237356 -0.0271759 -0.0244776 -0.0159877 -0.0223148
internal_weight=4199 2150 1334 931 296 403 816 270 54 546 331 215 249 173 153 42 310 154 87 216 134 162 108
internal_count=4199 2150 1334 931 296 403 816 270 54 546 331 215 249 173 153 42 310 154 87 216 134 162 108
cat_boundaries=0 1 2 3
cat_threshold=67 24 160
is_linear=0
shrinkage=0.05


Tree=1
num_leaves=24
num_cat=1
split_feature=7 3 4 15 14 14 1 7 15 14 14 14 10 11 15 20 17 2 2 18 11 14 10
split_gain=75.6092 18.5784 4.22314 2.29444 1.47713 1.62087 1.02007 0.885191 0.779818 1.84091 1.19144 0.927606 0.732231 0.904162 2.31955 0.706574 1.07157 0.682963 0.681818 0.628685 0.597053 1.32679 0.703126
threshold=1.0000000180025095e-35 1.0000000180025095e-35 1.0000000180025095e-35 35.604138935003014 9745.5120249834636 14631.389398168936 0 1.5000000000000002 40.878179986288366 24206.200751287004 37674.709143221706 44350.856459673661 1.5000000000000002 0.09261896767094506 129.15408329566625 1.0000000180025095e-35 74.884166666666673 2034.5000000000002 2033.5000000000002 1.0000000180025095e-35 0.52641122287246378 165735.85444741489 2.5000000000000004
decision_type=2 2 2 2 2 2 1 2 2 2 2 2 2 2 2 2 2 2 2 2 2 2 2
left_child=1 2 17 15 -4 -6 18 -2 -5 -10 -11 -12 13 -13 -15 16 -3 19 -7 -1 21 -21 -22
right_child=7 3 4 8 5 6 -8 -9 9 10 11 12 -14 14 -16 -17 -18 -19 -20 20 22 -23 -24
leaf_value=0 0.00090430004139923888 0 5.9073837815103259e-05 0 0 6.776376201666004e-05 0 0.0047811171971562554 0 0 0 0 0 0 0 0 0 0 0 0 0 0 0.00025350935649390971
leaf_weight=74 667 43 36 27 20 33 344 1382 40 30 20 246 27 43 34 107 36 395 22 369 156 25 23
leaf_count=74 667 43 36 27 20 33 344 1382 40 30 20 246 27 43 34 107 36 395 22 369 156 25 23
internal_value=-0.00277566 -0.00932558 -0.00625584 -0.0163629 -0.0102747 -0.0111098 -0.0104135 0.00409712 -0.0182334 -0.0177273 -0.01875 -0.017973 -0.0185714 -0.0179102 -0.0131818 -0.0116667 -0.0152532 -0.00450096 -0.00409091 -0.00350077 -0.00294066 -0.00185279 -0.0053352
internal_weight=4199 2150 1497 653 455 419 399 2049 467 440 400 370 350 323 77 186 79 1042 55 647 573 394 179
internal_count=4199 2150 1497 653 455 419 399 2049 467 440 400 370 350 323 77 186 79 1042 55 647 573 394 179
cat_boundaries=0 1
cat_threshold=4
is_linear=0
shrinkage=0.05


Tree=2
num_leaves=24
num_cat=2
split_feature=7 3 4 15 14 14 1 9 7 9 9 9 1 9 14 15 14 5 5 16 15 14 9
split_gain=75.0603 18.5784 4.22314 2.29444 1.47713 1.62087 1.02007 1.19087 1.00891 0.868189 0.83242 0.876545 1.13333 0.828113 1.54714 1.02726 1.42092 1.28741 1.30387 1.51163 1.47329 1.5668 0.807692
threshold=1.0000000180025095e-35 1.0000000180025095e-35 1.0000000180025095e-35 35.604138935003014 9745.5120249834636 14631.389398168936 0 17357.159624221244 1.5000000000000002 10462.996979186961 7583.0735006922287 70.861480953857779 1 24808.807014954698 87655.739213096036 40.878179986288366 24206.200751287004 1.3207557252961468 1.1287681634439279 3.485125 129.15408329566625 79556.969834356583 6596.4681750646305
decision_type=2 2 2 2 2 2 1 2 2 2 2 2 1 2 2 2 2 2 2 2 2 2 2
left_child=1 2 -1 -3 -4 -6 -7 9 -2 10 11 -8 -13 15 -15 -5 -17 18 19 20 21 -18 -20
right_child=8 3 4 13 5 6 7 -9 -10 -11 -12 12 -14 14 -16 16 17 -19 22 -21 -22 -23 -24
leaf_value=0 0.00085908503932927691 0 5.6120145924348104e-05 0 0 0 0 0 0.0045420613372984418 0 0 0 0 0 0 0 0 0 0 0 0 0 0
leaf_weight=1042 667 186 36 27 20 55 80 111 1382 35 20 30 68 25 80 40 86 31 28 35 34 57 24
leaf_count=1042 667 186 36 27 20 55 80 111 1382 35 20 30 68 25 80 40 86 31 28 35 34 57 24
internal_value=-0.00279948 -0.00932558 -0.00625584 -0.0163629 -0.0102747 -0.0111098 -0.0104135 -0.0114244 0.00404832 -0.0134549 -0.0121717 -0.0132584 -0.0164286 -0.0182334 -0.0221429 -0.0170994 -0.0163433 -0.0175424 -0.0186742 -0.016934 -0.0150565 -0.0128322 -0.0257692
internal_weight=4199 2150 1497 653 455 419 399 344 2049 233 198 178 98 467 105 362 335 295 264 212 177 143 52
internal_count=4199 2150 1497 653 455 419 399 344 2049 233 198 178 98 467 105 362 335 295 264 212 177 143 52
cat_boundaries=0 1 2
cat_threshold=4 1
is_linear=0
shrinkage=0.05


Tree=3
num_leaves=24
num_cat=3
split_feature=7 0 3 4 0 0 2 5 11 10 9 15 9 7 5 18 5 5 11 16 15 9 5
split_gain=74.5135 60.3844 27.5775 6.9704 12.6448 5.28465 4.03736 1.64793 2.83588 1.79381 1.35916 1.14117 1.10259 1.04223 1.03926 0.956946 0.928276 1.75 0.870162 1.33413 0.857143 0.788289 0.77978
threshold=1.0000000180025095e-35 0 1.0000000180025095e-35 1.0000000180025095e-35 1 2 2035.5000000000002 0.92150294269003385 1.0658627846080646 1.5000000000000002 10133.856146498527 24.812388260590357 31015.127646663295 1.5000000000000002 0.83296196964687219 1.0000000180025095e-35 1.3207557252961468 1.4158576102881872 0.37289610486634955 1.4758333333333338 50.690145754462016 47572.25609974932 1.1313192132347927
decision_type=2 1 2 2 1 1 2 2 2 2 2 2 2 2 2 2 2 2 2 2 2 2 2
left_child=1 6 3 -3 -5 12 7 9 11 -1 15 -9 -4 -2 -12 -7 22 -18 19 -17 -11 -8 -13
right_child=13 2 5 4 -6 10 21 8 -10 20 14 16 -14 -15 -16 18 17 -19 -20 -21 -22 -23 -24
leaf_value=0 0.00081613078736281317 0.014407997430001858 0 0 0.013585474299869081 0 0 0 2.1910681710819726e-12 0 0 0 0 0.00431495827043352 0 0 0 0 0 0 0 0 0
leaf_weight=173 667 635 129 126 170 23 244 32 21 21 21 131 25 1382 66 28 28 36 76 35 21 26 83
leaf_count=173 667 635 129 126 170 23 244 32 21 21 21 131 25 1382 66 28 28 36 76 35 21 26 83
internal_value=-0.00282329 -0.00932558 -0.00266369 0.00204619 -0.00429054 -0.0136104 -0.0199395 -0.0177106 -0.0199245 -0.0143023 -0.017973 -0.021129 -0.00506098 0.00399951 -0.0237356 -0.0159877 -0.0221583 -0.016875 -0.0144245 -0.0100794 -0.0235714 -0.0251852 -0.0237383
internal_weight=4199 2150 1334 931 296 403 816 546 331 215 249 310 154 2049 87 162 278 64 139 63 42 270 214
internal_count=4199 2150 1334 931 296 403 816 546 331 215 249 310 154 2049 87 162 278 64 139 63 42 270 214
cat_boundaries=0 1 2 3
cat_threshold=67 24 160
is_linear=0
shrinkage=0.05


Tree=4
num_leaves=24
num_cat=3
split_feature=7 0 3 0 0 14 14 9 7 14 5 9 14 5 15 5 15 16 20 18 19 11 17
split_gain=72.885 60.3844 27.5775 5.28465 4.61428 1.57481 2.42916 1.35916 1.14544 1.1356 1.42917 1.10259 1.07299 1.03926 0.988586 1.27078 2.35589 1.4313 1.04556 0.956946 0.927477 0.870162 1.62136
threshold=1.0000000180025095e-35 0 1.0000000180025095e-35 1 2 23020.48650124203 16049.574822509099 10133.856146498527 1.5000000000000002 9745.5120249834636 0.97864785621514683 31015.127646663295 19243.767816437005 0.83296196964687219 73.532143063359925 0.8453298642714665 24.812388260590357 2.1729166666666671 1.0000000180025095e-35 1.0000000180025095e-35 1.0000000180025095e-35 0.37289610486634955 73.879583333333343
decision_type=2 1 2 1 1 2 2 2 2 2 2 2 2 2 2 2 2 2 2 2 2 2 2
left_child=1 5 4 11 -3 6 9 19 -2 -1 -11 -4 -8 -9 15 18 -17 -18 -7 -5 -16 22 -21
right_child=8 2 3 7 -6 14 12 13 -10 10 -12 -13 -14 -15 20 16 17 -19 -20 21 -22 -23 -24
leaf_value=0 0.00077532424799467252 0.016775446628175771 0 0 0 0 0.00041330661802376769 0 0.0040992103569118445 0 0 0 0 0 0 0 0 0 0 0 0 0 0
leaf_weight=49 667 552 129 23 379 29 21 21 1382 20 28 25 22 66 52 35 141 36 61 33 322 76 30
leaf_count=49 667 552 129 23 379 29 21 21 1382 20 28 25 22 66 52 35 141 36 61 33 322 76 30
internal_value=-0.00289474 -0.00932558 -0.00266369 -0.0136104 0.00204619 -0.0199395 -0.0153571 -0.017973 0.0038531 -0.0197423 -0.0252083 -0.00506098 -0.00546512 -0.0237356 -0.0211834 -0.0233113 -0.0254245 -0.0277684 -0.0183333 -0.0159877 -0.0194652 -0.0144245 -0.0100794
internal_weight=4199 2150 1334 403 931 816 140 249 2049 97 48 154 43 87 676 302 212 177 90 162 374 139 63
internal_count=4199 2150 1334 403 931 816 140 249 2049 97 48 154 43 87 676 302 212 177 90 162 374 139 63
cat_boundaries=0 1 2 3
cat_threshold=67 160 164
is_linear=0
shrinkage=0.05


Tree=5
num_leaves=24
num_cat=3
split_feature=7 0 3 4 0 0 14 14 9 7 14 5 9 14 5 15 5 15 16 18 19 14 11
split_gain=72.3462 60.3844 27.5775 6.9704 12.6448 5.28465 1.57481 2.42916 1.35916 1.18093 1.1356 1.42917 1.10259 1.07299 1.03926 0.988586 1.27078 2.35589 1.4313 0.956946 0.927477 0.877922 0.870162
threshold=1.0000000180025095e-35 0 1.0000000180025095e-35 1.0000000180025095e-35 1 2 23020.48650124203 16049.574822509099 10133.856146498527 1.5000000000000002 9745.5120249834636 0.97864785621514683 31015.127646663295 19243.767816437005 0.83296196964687219 73.532143063359925 0.8453298642714665 24.812388260590357 2.1729166666666671 1.0000000180025095e-35 1.0000000180025095e-35 50285.261145257195 0.37289610486634955
decision_type=2 1 2 2 1 1 2 2 2 2 2 2 2 2 2 2 2 2 2 2 2 2 2
left_child=1 6 3 -3 -5 12 7 10 19 -2 -1 -12 -4 -9 -10 16 21 -18 -19 -7 -17 -8 -21
right_child=9 2 5 4 -6 8 15 13 14 -11 11 -13 -14 -15 -16 20 17 18 -20 22 -22 -23 -24
leaf_value=0 0.00073655803559493889 0.013687597558501763 0 0 0.012067428253466836 0 0 0.00039264128712257929 0 0.0038942498390662525 0 0 0 0 0 0 0 0 0 0 0 0 0
leaf_weight=49 667 635 129 126 170 23 55 21 21 1382 20 28 25 22 66 52 35 141 36 63 322 35 76
leaf_count=49 667 635 129 126 170 23 55 21 21 1382 20 28 25 22 66 52 35 141 36 63 322 35 76
internal_value=-0.00291855 -0.00932558 -0.00266369 0.00204619 -0.00429054 -0.0136104 -0.0199395 -0.0153571 -0.017973 0.00380429 -0.0197423 -0.0252083 -0.00506098 -0.00546512 -0.0237356 -0.0211834 -0.0233113 -0.0254245 -0.0277684 -0.0159877 -0.0194652 -0.0183333 -0.0144245
internal_weight=4199 2150 1334 931 296 403 816 140 249 2049 97 48 154 43 87 676 302 212 177 162 374 90 139
internal_count=4199 2150 1334 931 296 403 816 140 249 2049 97 48 154 43 87 676 302 212 177 162 374 90 139
cat_boundaries=0 1 2 3
cat_threshold=67 24 160
is_linear=0
shrinkage=0.05


Tree=6
num_leaves=24
num_cat=3
split_feature=7 0 3 4 0 0 2 14 14 5 11 10 9 14 14 15 5 14 7 15 9 5 18
split_gain=71.2746 60.3844 27.5775 6.9704 12.6448 5.28465 4.03736 1.71204 2.13333 1.64793 2.83588 1.79381 1.35916 1.31391 1.47899 1.22242 1.41757 1.21753 1.15017 1.14117 1.10259 1.03926 0.956946
threshold=1.0000000180025095e-35 0 1.0000000180025095e-35 1.0000000180025095e-35 1 2 2035.5000000000002 20934.461032918207 11568.323244218222 0.92150294269003385 1.0658627846080646 1.5000000000000002 10133.856146498527 23020.48650124203 36001.235433273709 56.726740912834821 0.82555440180009632 44703.318845095935 1.5000000000000002 24.812388260590357 31015.127646663295 0.83296196964687219 1.0000000180025095e-35
decision_type=2 1 2 2 1 1 2 2 2 2 2 2 2 2 2 2 2 2 2 2 2 2 2
left_child=1 6 3 -3 -5 20 9 8 -8 11 19 13 22 -1 -15 -9 -17 -13 -2 -11 -4 -14 -7
right_child=18 2 5 4 -6 12 7 15 -10 10 -12 17 21 14 -16 16 -18 -19 -20 -21 -22 -23 -24
leaf_value=0.00029942995821039963 0.00069973013381519197 0.013003217680576674 0 0 0.011464056840793496 0 0 0 0 0 2.0815147565647618e-12 0 0 0 0 0 0 0 0.0036995373471129392 0 0 0 0
leaf_weight=20 667 635 129 126 170 23 24 75 30 32 21 22 21 21 132 37 104 20 1382 278 25 66 139
leaf_count=20 667 635 129 126 170 23 24 75 30 32 21 22 21 21 132 37 104 20 1382 278 25 66 139
internal_value=-0.00296618 -0.00932558 -0.00266369 0.00204619 -0.00429054 -0.0136104 -0.0199395 -0.0251852 -0.0172222 -0.0177106 -0.0199245 -0.0143023 -0.017973 -0.012052 -0.0136275 -0.0271759 -0.0244326 -0.0235714 0.00370669 -0.021129 -0.00506098 -0.0237356 -0.0159877
internal_weight=4199 2150 1334 931 296 403 816 270 54 546 331 215 249 173 153 216 141 42 2049 310 154 87 162
internal_count=4199 2150 1334 931 296 403 816 270 54 546 331 215 249 173 153 216 141 42 2049 310 154 87 162
cat_boundaries=0 1 2 3
cat_threshold=67 24 160
is_linear=0
shrinkage=0.05


Tree=7
num_leaves=24
num_cat=3
split_feature=7 0 3 4 0 0 2 14 14 5 11 10 9 14 14 15 5 14 7 15 9 5 18
split_gain=70.7417 60.3844 27.5775 6.9704 12.6448 5.28465 4.03736 1.71204 2.13333 1.64793 2.83588 1.79381 1.35916 1.31391 1.47899 1.22242 1.41757 1.21753 1.18573 1.14117 1.10259 1.03926 0.956946
threshold=1.0000000180025095e-35 0 1.0000000180025095e-35 1.0000000180025095e-35 1 2 2035.5000000000002 20934.461032918207 11568.323244218222 0.92150294269003385 1.0658627846080646 1.5000000000000002 10133.856146498527 23020.48650124203 36001.235433273709 56.726740912834821 0.82555440180009632 44703.318845095935 1.5000000000000002 24.812388260590357 31015.127646663295 0.83296196964687219 1.0000000180025095e-35
decision_type=2 1 2 2 1 1 2 2 2 2 2 2 2 2 2 2 2 2 2 2 2 2 2
left_child=1 6 3 -3 -5 20 9 8 -8 11 19 13 22 -1 -15 -9 -17 -13 -2 -11 -4 -14 -7
right_child=18 2 5 4 -6 12 7 15 -10 10 -12 17 21 14 -16 16 -18 -19 -20 -21 -22 -23 -24
leaf_value=0.00028445846029987967 0.00066474362712443233 0.012353056796547841 0 0 0.010890853998753822 0 0 0 0 0 1.9774390241575347e-12 0 0 0 0 0 0 0 0.0035145604797572924 0 0 0 0
leaf_weight=20 667 635 129 126 170 23 24 75 30 32 21 22 21 21 132 37 104 20 1382 278 25 66 139
leaf_count=20 667 635 129 126 170 23 24 75 30 32 21 22 21 21 132 37 104 20 1382 278 25 66 139
internal_value=-0.00299 -0.00932558 -0.00266369 0.00204619 -0.00429054 -0.0136104 -0.0199395 -0.0251852 -0.0172222 -0.0177106 -0.0199245 -0.0143023 -0.017973 -0.012052 -0.0136275 -0.0271759 -0.0244326 -0.0235714 0.00365788 -0.021129 -0.00506098 -0.0237356 -0.0159877
internal_weight=4199 2150 1334 931 296 403 816 270 54 546 331 215 249 173 153 216 141 42 2049 310 154 87 162
internal_count=4199 2150 1334 931 296 403 816 270 54 546 331 215 249 173 153 216 141 42 2049 310 154 87 162
cat_boundaries=0 1 2 3
cat_threshold=67 24 160
is_linear=0
shrinkage=0.05


Tree=8
num_leaves=24
num_cat=4
split_feature=7 0 3 4 0 0 2 36 9 7 9 2 11 17 16 9 0 2 9 15 15 15 3
split_gain=70.4761 60.3844 27.5775 6.9704 12.6448 5.28465 4.03736 1.51912 1.35916 1.256 1.10259 0.877271 0.814849 0.903681 0.797062 0.788289 0.729511 0.815729 1.13517 0.673797 0.548107 0.525649 1.23601
threshold=1.0000000180025095e-35 0 1.0000000180025095e-35 1.0000000180025095e-35 1 2 2035.5000000000002 0.98667574802234348 10133.856146498527 1.5000000000000002 31015.127646663295 2033.5000000000002 0.37289610486634955 73.879583333333343 1.756416666666667 47572.25609974932 3 2028.5000000000002 2830.8216475947265 106.28319997355487 100.09646157997106 86.828601745182254 1.0000000180025095e-35
decision_type=2 1 2 2 1 1 2 2 2 2 2 2 2 2 2 2 1 2 2 2 2 2 2
left_child=1 6 3 -3 20 10 7 -1 12 16 -4 19 13 -7 -14 21 -2 18 -18 -10 -5 -8 -23
right_child=9 2 5 4 -6 8 15 -9 11 -11 -12 -13 14 -15 -16 -17 17 -19 -20 -21 -22 22 -24
leaf_value=0 0.0016538038825822732 0.01173540395672045 0 0 0.01034631129881613 0 0 0 0 0.0033388324557694278 0 0 0 0 0 0 -0.00041728462975420579 0.00040860735075164102 0.0016428574951395155 0 0 0 0
leaf_weight=525 324 635 129 91 170 37 165 21 34 1382 25 31 57 41 27 26 34 269 40 22 35 46 33
leaf_count=525 324 635 129 91 170 37 165 21 34 1382 25 31 57 41 27 26 34 269 40 22 35 46 33
internal_value=-0.0030019 -0.00932558 -0.00266369 0.00204619 -0.00429054 -0.0136104 -0.0199395 -0.0177106 -0.017973 0.00363348 -0.00506098 -0.0237356 -0.0159877 -0.0123077 -0.0194048 -0.0251852 0.00185157 0.000184136 -0.00445946 -0.02 -0.0155882 -0.0243033 -0.0209494
internal_weight=4199 2150 1334 931 296 403 816 546 249 2049 154 87 162 78 84 270 667 343 74 56 126 244 79
internal_count=4199 2150 1334 931 296 403 816 546 249 2049 154 87 162 78 84 270 667 343 74 56 126 244 79
cat_boundaries=0 1 2 3 4
cat_threshold=67 24 160 180
is_linear=0
shrinkage=0.05


Tree=9
num_leaves=24
num_cat=3
split_feature=7 0 3 4 0 0 2 14 14 36 7 9 15 19 9 3 9 18 2 11 17 15 15
split_gain=69.4184 60.3844 27.5775 6.9704 12.6448 5.28465 4.03736 1.71204 2.13333 1.51912 1.44183 1.35916 1.22242 1.31984 1.16089 1.12277 1.10259 0.956946 0.877271 0.870162 1.62136 0.72 0.673797
threshold=1.0000000180025095e-35 0 1.0000000180025095e-35 1.0000000180025095e-35 1 2 2035.5000000000002 20934.461032918207 11568.323244218222 0.98667574802234348 1.5000000000000002 10133.856146498527 56.726740912834821 1.0000000180025095e-35 47572.25609974932 1.0000000180025095e-35 31015.127646663295 1.0000000180025095e-35 2033.5000000000002 0.37289610486634955 73.879583333333343 28.411726000518211 106.28319997355487
decision_type=2 1 2 2 1 1 2 2 2 2 2 2 2 2 2 2 2 2 2 2 2 2 2
left_child=1 6 3 -3 -5 16 9 8 -8 -1 -2 17 21 -14 15 -15 -4 -7 22 20 -19 -9 -13
right_child=10 2 5 4 -6 11 7 12 -10 -11 -12 18 13 14 -16 -17 -18 19 -20 -21 -22 -23 -24
leaf_value=0 0.00060717274171739649 0.011148633758884427 0 0 0.0098289957338753235 0 0 0 0 0 0.003171890832980956 0 0 0 0 0 0 0 0 0 0 0 0
leaf_weight=525 667 635 129 126 170 23 24 45 30 21 1382 34 22 60 20 39 25 33 31 76 30 30 22
leaf_count=525 667 635 129 126 170 23 24 45 30 21 1382 34 22 60 20 39 25 33 31 76 30 30 22
internal_value=-0.00304954 -0.00932558 -0.00266369 0.00204619 -0.00429054 -0.0136104 -0.0199395 -0.0251852 -0.0172222 -0.0177106 0.00353587 -0.017973 -0.0271759 -0.0244326 -0.0265126 -0.0242929 -0.00506098 -0.0159877 -0.0237356 -0.0144245 -0.0100794 -0.0323333 -0.02
internal_weight=4199 2150 1334 931 296 403 816 270 54 546 2049 249 216 141 119 99 154 162 87 139 63 75 56
internal_count=4199 2150 1334 931 296 403 816 270 54 546 2049 249 216 141 119 99 154 162 87 139 63 75 56
cat_boundaries=0 1 2 3
cat_threshold=67 24 160
is_linear=0
shrinkage=0.05


Tree=10
num_leaves=24
num_cat=3
split_feature=7 0 3 0 0 2 14 14 5 11 10 7 9 14 14 15 5 14 15 9 5 18 5
split_gain=68.1076 60.3844 27.5775 5.28465 4.61428 4.03736 1.71204 2.13333 1.64793 2.83588 1.79381 1.37165 1.35916 1.31391 1.47899 1.22242 1.41757 1.21753 1.14117 1.10259 1.03926 0.956946 0.928276
threshold=1.0000000180025095e-35 0 1.0000000180025095e-35 1 2 2035.5000000000002 20934.461032918207 11568.323244218222 0.92150294269003385 1.0658627846080646 1.5000000000000002 1.5000000000000002 10133.856146498527 23020.48650124203 36001.235433273709 56.726740912834821 0.82555440180009632 44703.318845095935 24.812388260590357 31015.127646663295 0.83296196964687219 1.0000000180025095e-35 1.3207557252961468
decision_type=2 1 2 1 1 2 2 2 2 2 2 2 2 2 2 2 2 2 2 2 2 2 2
left_child=1 5 4 19 -3 8 7 -7 10 18 13 -2 21 -1 -15 -8 -17 -12 -10 -4 -14 -5 -20
right_child=11 2 3 12 -6 6 15 -9 9 -11 17 -13 20 14 -16 16 -18 -19 22 -21 -22 -23 -24
leaf_value=0.00027023553728488571 0.00057681410463152657 0.013206791990481701 0 0 0 0 0 0 0 1.8785670718654557e-12 0 0.0030132962913319086 0 0 0 0 0 0 0 0 0 0 0
leaf_weight=20 667 552 129 23 379 24 75 30 32 21 22 1382 21 21 132 37 104 20 214 25 66 139 64
leaf_count=20 667 552 129 23 379 24 75 30 32 21 22 1382 21 21 132 37 104 20 214 25 66 139 64
internal_value=-0.00310907 -0.00932558 -0.00266369 -0.0136104 0.00204619 -0.0199395 -0.0251852 -0.0172222 -0.0177106 -0.0199245 -0.0143023 0.00341386 -0.017973 -0.012052 -0.0136275 -0.0271759 -0.0244326 -0.0235714 -0.021129 -0.00506098 -0.0237356 -0.0159877 -0.0221583
internal_weight=4199 2150 1334 403 931 816 270 54 546 331 215 2049 249 173 153 216 141 42 310 154 87 162 278
internal_count=4199 2150 1334 403 931 816 270 54 546 331 215 2049 249 173 153 216 141 42 310 154 87 162 278
cat_boundaries=0 1 2 3
cat_threshold=67 160 164
is_linear=0
shrinkage=0.05


Tree=11
num_leaves=24
num_cat=3
split_feature=7 0 0 4 0 2 14 14 5 11 10 14 7 14 14 15 5 14 15 16 14 5 5
split_gain=67.8469 60.3844 8.25899 5.98657 6.08227 4.03736 1.71204 2.13333 1.64793 2.83588 1.79381 1.51508 1.44714 1.31391 1.47899 1.22242 1.41757 1.21753 1.14117 1.06166 2.12462 0.928276 1.75
threshold=1.0000000180025095e-35 0 1 1.0000000180025095e-35 2 2035.5000000000002 20934.461032918207 11568.323244218222 0.92150294269003385 1.0658627846080646 1.5000000000000002 66992.805592730962 1.5000000000000002 23020.48650124203 36001.235433273709 56.726740912834821 0.82555440180009632 44703.318845095935 24.812388260590357 1.756416666666667 32201.375271826666 1.3207557252961468 1.4158576102881872
decision_type=2 1 1 2 1 2 2 2 2 2 2 2 2 2 2 2 2 2 2 2 2 2 2
left_child=1 5 -3 -4 -5 8 7 -7 10 18 13 19 -2 -1 -15 -8 -17 -12 -10 -6 -21 -20 -23
right_child=12 2 3 4 11 6 15 -9 9 -11 17 -13 -14 14 -16 16 -18 -19 21 20 -22 22 -24
leaf_value=0.00025672376042064143 0.00054797339939995028 0.026549159213150354 0 0 0 0 0 0 0 1.7846387128511721e-12 0 0 0.002862631476765313 0 0 0 0 0 0 -5.2853968920004637e-06 0 0 0
leaf_weight=20 667 282 727 157 54 24 75 30 32 21 22 71 1382 21 132 37 104 20 214 23 20 28 36
leaf_count=20 667 282 727 157 54 24 75 30 32 21 22 71 1382 21 132 37 104 20 214 23 20 28 36
internal_value=-0.00312098 -0.00932558 -0.00266369 -0.00469868 -0.0103846 -0.0199395 -0.0251852 -0.0172222 -0.0177106 -0.0199245 -0.0143023 -0.0166292 0.00338946 -0.012052 -0.0136275 -0.0271759 -0.0244326 -0.0235714 -0.021129 -0.0135567 -0.0194186 -0.0221583 -0.016875
internal_weight=4199 2150 1334 1052 325 816 270 54 546 331 215 168 2049 173 153 216 141 42 310 97 43 278 64
internal_count=4199 2150 1334 1052 325 816 270 54 546 331 215 168 2049 173 153 216 141 42 310 97 43 278 64
cat_boundaries=0 1 2 3
cat_threshold=67 32 132
is_linear=0
shrinkage=0.05


Tree=12
num_leaves=24
num_cat=2
split_feature=7 3 4 1 14 7 9 2 14 9 9 5 11 1 14 5 5 2 11 5 5 14 5
split_gain=64.1395 18.4351 3.03501 2.40111 2.05067 1.68577 1.21968 1.70708 1.14943 1.21205 0.950069 1.25145 1.042 0.946626 0.880902 0.894902 0.98444 1.31272 0.867593 0.816426 0.869762 0.779794 0.736747
threshold=1.0000000180025095e-35 1.0000000180025095e-35 1.0000000180025095e-35 0 24546.620459988368 1.5000000000000002 9974.1753924923305 2036.5000000000002 16049.574822509099 2614.0335820877335 17357.159624221244 0.63561259619552946 1.0079321073011565 1 79556.969834356583 1.0527453708314882 0.94803883727286387 2034.5000000000002 0.94251697055727346 0.71283530371631154 1.3207557252961468 67715.521830772239 1.1543510596373601
decision_type=2 2 2 1 2 2 2 2 2 2 2 2 2 1 2 2 2 2 2 2 2 2 2
left_child=1 2 -1 -4 8 -2 14 19 9 18 11 -5 -13 -10 21 16 17 -16 -3 -8 22 -6 -21
right_child=5 4 3 10 6 -7 7 -9 13 -11 -12 12 -14 -15 15 -17 -18 -19 -20 20 -22 -23 -24
leaf_value=0 0.00052057472942995274 0 0 4.5074744087787028e-05 0 0.0027194999029270476 0 0 0 0 0 0 0 4.9660762089707647e-05 0 0 0 0 0 0 0 0 0
leaf_weight=1042 667 20 78 23 159 1382 22 60 25 22 111 213 30 37 27 47 20 26 23 86 23 34 22
leaf_count=1042 667 20 78 23 159 1382 22 60 25 22 111 213 30 37 27 47 20 26 23 86 23 34 22
internal_value=-0.00301381 -0.00904651 -0.00598864 -0.0093956 -0.0160567 0.00331625 -0.0174335 -0.0203521 -0.0103543 -0.015 -0.0110477 -0.0126692 -0.0137243 -0.00548387 -0.0154473 -0.0120833 -0.0155479 -0.0119811 -0.0101163 -0.017549 -0.0190458 -0.0175389 -0.0209259
internal_weight=4199 2150 1497 455 653 2049 526 213 127 65 377 266 243 62 313 120 73 53 43 153 131 193 108
internal_count=4199 2150 1497 455 653 2049 526 213 127 65 377 266 243 62 313 120 73 53 43 153 131 193 108
cat_boundaries=0 1 2
cat_threshold=4 4
is_linear=0
shrinkage=0.05


Tree=13
num_leaves=24
num_cat=3
split_feature=7 0 0 2 4 0 14 7 14 14 5 11 10 14 14 15 5 14 15 5 5 14 5
split_gain=63.8866 63.6223 7.31943 4.03736 3.58496 3.45078 4.0924 1.76936 1.71204 2.13333 1.64793 2.83588 1.79381 1.31391 1.47899 1.22242 1.41757 1.21753 1.14117 0.928276 1.75 1.0701 1.17047
threshold=1.0000000180025095e-35 0 1 2035.5000000000002 1.0000000180025095e-35 2 66992.805592730962 1.5000000000000002 20934.461032918207 11568.323244218222 0.92150294269003385 1.0658627846080646 1.5000000000000002 23020.48650124203 36001.235433273709 56.726740912834821 0.82555440180009632 44703.318845095935 24.812388260590357 1.3207557252961468 1.4158576102881872 24546.620459988368 1.1313192132347927
decision_type=2 1 1 2 2 1 2 2 2 2 2 2 2 2 2 2 2 2 2 2 2 2 2
left_child=1 3 -3 10 -4 -6 -7 -2 9 -5 12 18 13 -1 -15 -10 -17 -14 -12 21 -21 -20 -23
right_child=7 2 4 8 5 6 -8 -9 15 -11 11 -13 17 14 -16 16 -18 -19 19 20 -22 22 -24
leaf_value=0.00024388757239960932 0.00049454599295845514 0.025221701252492835 0 0 0 0 0 0.002583524907780695 0 0 0 1.6954067815454221e-12 0 0 0 0 0 0 0 0 0 0 0
leaf_weight=20 667 282 727 24 157 97 71 1382 75 30 32 21 22 21 132 37 104 20 26 28 36 120 68
leaf_count=20 667 282 727 24 157 97 71 1382 75 30 32 21 22 21 132 37 104 20 26 28 36 120 68
internal_value=-0.00302572 -0.00904651 -0.00221726 -0.0199395 -0.00413371 -0.00853846 -0.0132584 0.00329185 -0.0251852 -0.0172222 -0.0177106 -0.0199245 -0.0143023 -0.012052 -0.0136275 -0.0271759 -0.0244326 -0.0235714 -0.021129 -0.0221583 -0.016875 -0.0237383 -0.0250532
internal_weight=4199 2150 1334 816 1052 325 168 2049 270 54 546 331 215 173 153 216 141 42 310 278 64 214 188
internal_count=4199 2150 1334 816 1052 325 168 2049 270 54 546 331 215 173 153 216 141 42 310 278 64 214 188
cat_boundaries=0 1 2 3
cat_threshold=67 32 132
is_linear=0
shrinkage=0.05


Tree=14
num_leaves=24
num_cat=3
split_feature=7 0 3 0 2 0 9 14 14 7 5 10 36 14 14 18 15 5 14 9 5 20 9
split_gain=62.6293 63.6223 27.3432 4.60872 4.03736 3.35194 1.82681 1.71204 2.13333 1.69151 1.64793 1.79381 1.52037 1.31391 1.47899 1.2234 1.22242 1.41757 1.21753 1.10259 1.03926 0.963348 1.29392
threshold=1.0000000180025095e-35 0 1.0000000180025095e-35 1 2035.5000000000002 2 10133.856146498527 20934.461032918207 11568.323244218222 1.5000000000000002 0.92150294269003385 1.5000000000000002 0.71109502642207112 23020.48650124203 36001.235433273709 1.0000000180025095e-35 56.726740912834821 0.82555440180009632 44703.318845095935 31015.127646663295 0.83296196964687219 1.0000000180025095e-35 1092.4949046200477
decision_type=2 1 2 1 2 1 2 2 2 2 2 2 2 2 2 2 2 2 2 2 2 2 2
left_child=1 4 5 19 10 -3 15 8 -6 -2 11 13 21 -1 -15 -5 -9 -18 -13 -4 -8 -12 -23
right_child=9 2 3 6 7 -7 20 16 -10 -11 12 18 -14 14 -16 -17 17 -19 -20 -21 -22 22 -24
leaf_value=0.00023169319377962886 0.00046981869331053235 0.012546452390957617 0 0 0 0 0 0 0 0.0024543486623916605 0 0 -3.3881879998571277e-06 0 0 0 0 0 0 0 0 0 0
leaf_weight=20 667 552 129 23 24 379 21 75 30 1382 29 22 21 21 132 139 37 104 20 25 66 88 193
leaf_count=20 667 552 129 23 24 379 21 75 30 1382 29 22 21 21 132 139 37 104 20 25 66 88 193
internal_value=-0.00308526 -0.00904651 -0.00221726 -0.0131141 -0.0199395 0.00247583 -0.0172008 -0.0251852 -0.0172222 0.00316984 -0.0177106 -0.0143023 -0.0199245 -0.012052 -0.0136275 -0.0147531 -0.0271759 -0.0244326 -0.0235714 -0.00506098 -0.0237356 -0.0208065 -0.019911
internal_weight=4199 2150 1334 403 816 931 249 270 54 2049 546 215 331 173 153 162 216 141 42 154 87 310 281
internal_count=4199 2150 1334 403 816 931 249 270 54 2049 546 215 331 173 153 162 216 141 42 154 87 310 281
cat_boundaries=0 1 2 3
cat_threshold=67 160 164
is_linear=0
shrinkage=0.05


Tree=15
num_leaves=24
num_cat=3
split_feature=7 0 3 4 0 0 2 36 14 5 11 9 10 14 14 7 18 15 5 14 9 5 16
split_gain=61.9043 62.7539 27.3432 5.09012 9.28389 4.60872 4.23764 2.75722 2.68254 2.04501 2.13195 1.82681 1.75231 1.71204 2.13333 1.65182 1.2234 1.22242 1.41757 1.21753 1.10259 1.03926 0.935275
threshold=1.0000000180025095e-35 0 1.0000000180025095e-35 1.0000000180025095e-35 1 2 2035.5000000000002 0.98667574802234348 32768.411137658324 0.92150294269003385 1.0584402953290251 10133.856146498527 1.5000000000000002 20934.461032918207 11568.323244218222 1.5000000000000002 1.0000000180025095e-35 56.726740912834821 0.82555440180009632 44703.318845095935 31015.127646663295 0.83296196964687219 1.756416666666667
decision_type=2 1 2 2 1 1 2 2 2 2 2 2 2 2 2 2 2 2 2 2 2 2 2
left_child=1 6 3 -3 8 20 7 9 -5 12 -11 16 -1 14 -8 -2 -7 -15 -19 -14 -4 -13 -10
right_child=15 2 5 4 -6 11 13 -9 22 10 -12 21 19 17 -16 -17 -18 18 -20 -21 -22 -23 -24
leaf_value=0 0.0004463277586450057 0.010591202070940206 0 0 0.0080498837281095907 0 0 1.6940939999285639e-07 0 0 -6.9575110321455641e-13 0 0 0 0 0.0023316312292720773 0 0 0 0 0 0 0
leaf_weight=169 667 635 129 42 170 23 24 21 61 294 20 21 22 75 30 1382 139 37 104 20 25 66 23
leaf_count=169 667 635 129 42 170 23 24 21 61 294 20 21 22 75 30 1382 139 37 104 20 25 66 23
internal_value=-0.00307335 -0.009 -0.00221726 0.00247583 -0.00293919 -0.0131141 -0.0198184 -0.0175275 -0.0126471 -0.0182381 -0.0207962 -0.0172008 -0.0144313 -0.0251852 -0.0172222 0.00314544 -0.0147531 -0.0271759 -0.0244326 -0.0235714 -0.00506098 -0.0237356 -0.0188095
internal_weight=4199 2150 1334 931 296 403 816 546 126 525 314 249 211 270 54 2049 162 216 141 42 154 87 84
internal_count=4199 2150 1334 931 296 403 816 546 126 525 314 249 211 270 54 2049 162 216 141 42 154 87 84
cat_boundaries=0 1 2 3
cat_threshold=67 24 160
is_linear=0
shrinkage=0.05


Tree=16
num_leaves=24
num_cat=3
split_feature=0 8 6 0 8 4 0 2 36 14 14 14 15 15 5 11 9 14 15 2 20 5 14
split_gain=40.5148 33.8016 12.3392 4.9096 5.2094 3.06168 3.36748 2.51205 2.46329 2.06982 2.05328 1.46716 1.39446 1.50779 1.3179 2.84899 2.67159 1.65079 2.6799 2.12791 1.30935 1.23538 1.23529
threshold=0 1.0000000180025095e-35 1.0000000180025095e-35 1 1.0000000180025095e-35 1.0000000180025095e-35 2 2035.5000000000002 1.3266823027296744 20934.461032918207 44350.856459673661 11568.323244218222 56.022613794889629 28.411726000518211 0.92150294269003385 1.0446124703217941 2519.095260331977 115902.79610647478 63.018471646829688 2029.5000000000002 1.0000000180025095e-35 0.82555440180009632 137152.44201188805
decision_type=1 2 2 1 2 2 1 2 2 2 2 2 2 2 2 2 2 2 2 2 2 2 2
left_child=1 2 7 -2 5 -5 -7 8 14 11 -8 -9 13 -11 16 20 17 18 19 -1 -16 -14 -23
right_child=3 -3 -4 4 -6 6 10 9 -10 12 -12 -13 21 -15 15 -17 -18 -19 -20 -21 -22 22 -24
leaf_value=-0.00017683942343490723 0.029192322888019026 0.00084208598716382108 0.00091246091061491683 0 0.0021348494342443309 0 0 0 1.3510402852155105e-05 0 0 0 0 0 0 -6.6096351695133065e-13 0 0 0 0 0 0 0
leaf_weight=29 547 419 104 1029 571 229 96 33 22 58 148 40 46 36 35 31 152 21 31 36 350 112 24
leaf_count=29 547 419 104 1029 571 229 96 33 22 58 148 40 46 36 35 31 152 21 31 36 350 112 24
internal_value=-0.00308526 -0.00938011 -0.0138362 0.000741445 -0.00037686 -0.0019241 -0.0052537 -0.0154545 -0.0137412 -0.0189255 -0.00917323 -0.0114384 -0.0209058 -0.0258511 -0.0142701 -0.0160337 -0.0115428 -0.0172222 -0.02 -0.0142308 -0.0172078 -0.0183516 -0.0159559
internal_weight=4199 1579 1160 2620 2073 1502 473 1056 707 349 244 73 276 94 685 416 269 117 96 65 385 182 136
internal_count=4199 1579 1160 2620 2073 1502 473 1056 707 349 244 73 276 94 685 416 269 117 96 65 385 182 136
cat_boundaries=0 1 2 3
cat_threshold=67 32 132
is_linear=0
shrinkage=0.05


Tree=17
num_leaves=24
num_cat=2
split_feature=7 3 4 15 1 7 2 5 9 18 15 9 15 15 4 5 5 9 9 5 11 5 1
split_gain=58.838 19.2281 3.30371 2.64606 2.27076 1.57387 1.09049 1.20985 0.969777 1.4049 1.31891 0.941656 0.905838 0.929578 0.905073 1.18811 0.88045 0.864993 0.824782 1.16846 1.05987 0.81454 1.37602
threshold=1.0000000180025095e-35 1.0000000180025095e-35 1.0000000180025095e-35 35.604138935003014 0 1.5000000000000002 2034.5000000000002 1.012892594377331 24808.807014954698 1.0000000180025095e-35 126.42692486186748 17897.94779986182 129.15408329566625 40.878179986288366 1.0000000180025095e-35 1.2070788346600592 0.76343305541321171 26141.819359080404 17357.159624221244 0.63561259619552946 1.006483294229507 1.1287681634439279 1
decision_type=2 2 2 2 1 2 2 2 2 2 2 2 2 2 2 2 2 2 2 2 2 2 1
left_child=1 2 6 11 -4 -2 7 -1 12 -10 -11 -3 13 -5 21 16 -16 -9 19 -6 -21 22 -15
right_child=5 3 4 8 18 -7 -8 17 9 10 -12 -13 -14 14 15 -17 -18 -19 -20 20 -22 -23 -24
leaf_value=0 0.00039681403140487647 0 0 -2.5116612455516758e-13 4.2821006883397676e-05 0.0021907953843663271 0 0 0 0 0 0 0 0 0 2.3784286762208325e-07 0 0 0 0 0 0 0
leaf_weight=333 667 157 78 27 23 1382 395 252 22 33 50 29 44 66 20 20 49 62 111 212 31 60 76
leaf_count=333 667 157 78 27 23 1382 395 252 22 33 50 29 44 66 20 20 49 62 111 212 31 60 76
internal_value=-0.00296618 -0.00874419 -0.00562124 -0.0159035 -0.00917582 0.00309663 -0.0040691 -0.00280525 -0.0179122 -0.0221429 -0.0251205 -0.0108602 -0.0166851 -0.0157547 -0.0149313 -0.0107303 -0.0138406 -0.00503185 -0.0107825 -0.0122932 -0.0133128 -0.0167822 -0.0147183
internal_weight=4199 2150 1497 653 455 2049 1042 647 467 105 83 186 362 318 291 89 69 314 377 266 243 202 142
internal_count=4199 2150 1497 653 455 2049 1042 647 467 105 83 186 362 318 291 89 69 314 377 266 243 202 142
cat_boundaries=0 1 2
cat_threshold=4 2
is_linear=0
shrinkage=0.05


Tree=18
num_leaves=24
num_cat=4
split_feature=7 0 0 2 4 0 14 5 11 15 7 9 1 14 14 15 14 15 5 9 5 5 9
split_gain=54.4629 58.0902 6.72377 5.30672 3.45266 4.20339 4.0924 3.17894 2.88756 2.09772 1.7753 1.59121 1.60535 1.55648 2.13333 1.22753 1.96955 1.86984 1.71992 1.60303 1.40437 1.53651 1.15857
threshold=1.0000000180025095e-35 0 1 2035.5000000000002 1.0000000180025095e-35 2 66992.805592730962 0.92150294269003385 1.0584402953290251 38.807285180331199 2.5000000000000004 3363.9400976833381 3 20934.461032918207 11568.323244218222 24.812388260590357 24546.620459988368 56.726740912834821 1.2994426869863489 15910.228794304317 1.0969306560913907 0.96614232066531724 4753.4794924014959
decision_type=2 1 1 2 2 1 2 2 2 2 2 2 1 2 2 2 2 2 2 2 2 2 2
left_child=1 3 -3 7 -4 -6 -7 9 15 22 -2 12 -11 14 -5 -9 -17 -18 20 -20 21 -19 -1
right_child=10 2 4 13 5 6 -8 8 -10 11 -12 -13 -14 -15 -16 16 17 18 19 -21 -22 -23 -24
leaf_value=8.8411241252376547e-06 0.00068495866969879365 0.022501000045467245 0 0 0 0 0 -5.1458121261454172e-07 -5.4703776490105529e-13 0 0.0037438822320962693 0 0 0 0 0 0 0 0 0 0 0 0
leaf_weight=40 1352 282 727 24 157 97 71 31 22 39 697 80 30 216 30 33 60 21 24 20 60 60 26
leaf_count=40 1352 282 727 24 157 97 71 31 22 39 697 80 30 216 30 33 60 21 24 20 60 60 26
internal_value=-0.00288283 -0.00844186 -0.00191964 -0.0188499 -0.00375706 -0.00807692 -0.0132584 -0.0162454 -0.0193202 -0.0115116 0.00295022 -0.0147987 -0.0203623 -0.0248148 -0.0172222 -0.0205663 -0.0216187 -0.0231633 -0.0206757 -0.0120455 -0.0233688 -0.0190741 -0.00409091
internal_weight=4199 2150 1334 816 1052 325 168 546 331 215 2049 149 69 270 54 309 278 245 185 44 141 81 66
internal_count=4199 2150 1334 816 1052 325 168 546 331 215 2049 149 69 270 54 309 278 245 185 44 141 81 66
cat_boundaries=0 1 2 3 4
cat_threshold=67 32 132 2
is_linear=0
shrinkage=0.05


Tree=19
num_leaves=24
num_cat=4
split_feature=7 0 3 2 4 0 0 14 15 14 15 5 15 7 14 14 9 3 15 15 9 1 15
split_gain=52.6662 56.0272 23.9724 5.88897 5.09012 9.28389 4.27676 3.56218 2.9677 2.68254 2.55225 2.93275 1.66058 1.65568 1.55648 2.13333 1.4208 1.41016 1.32016 1.4617 1.25662 1.19618 1.2524
threshold=1.0000000180025095e-35 0 1.0000000180025095e-35 2035.5000000000002 1.0000000180025095e-35 1 2 23020.48650124203 44.850817809304324 32768.411137658324 19.70506439415054 0.92150294269003385 26.190656645233041 2.5000000000000004 20934.461032918207 11568.323244218222 10314.443191076054 1.0000000180025095e-35 75.935592130221409 88.555641519900107 31015.127646663295 3 63.018471646829688
decision_type=2 1 2 2 2 1 1 2 2 2 2 2 2 2 2 2 2 2 2 2 2 1 2
left_child=1 3 4 7 -3 9 20 -1 12 -6 -9 21 -8 17 15 -5 -10 -2 -13 -20 -4 22 -12
right_child=13 2 6 14 5 -7 8 10 16 -11 11 18 -14 -15 -16 -17 -18 -19 19 -21 -22 -23 -24
leaf_value=0 0.0012175863827829432 0.010061641967393196 0 0 0 0.0076473895417041114 0 8.5668860022983916e-14 0 0 0 0 3.7674924858675541e-15 0.0035566881204914555 0 0 0 -0.0001066544778450154 0 0 0 0 0
leaf_weight=81 953 635 129 24 42 170 61 20 91 84 28 116 34 697 216 30 63 399 27 122 25 99 53
leaf_count=81 953 635 129 24 42 170 61 20 91 84 28 116 34 697 216 30 63 399 27 122 25 99 53
internal_value=-0.00285901 -0.00832558 -0.00191964 -0.0185472 0.00247583 -0.00293919 -0.0121216 -0.0157875 -0.0160425 -0.0126471 -0.0174731 -0.0182584 -0.00973684 0.00287701 -0.0248148 -0.0172222 -0.020974 0.00185651 -0.0216038 -0.0184899 -0.00445122 -0.0133333 -0.0178395
internal_weight=4199 2150 1334 816 931 296 403 546 249 126 465 445 95 2049 270 54 154 1352 265 149 154 180 81
internal_count=4199 2150 1334 816 931 296 403 546 249 126 465 445 95 2049 270 54 154 1352 265 149 154 180 81
cat_boundaries=0 1 2 3 4
cat_threshold=67 24 160 2
is_linear=0
shrinkage=0.05


Tree=20
num_leaves=24
num_cat=0
split_feature=7 3 4 14 7 14 3 9 9 5 2 14 9 5 2 5 2 14 9 2 14 14 14
split_gain=52.437 15.8786 3.55672 3.4545 1.69675 1.58008 1.36868 1.20045 1.67314 1.2198 1.1736 1.49821 1.11679 1.24079 1.08124 1.0624 1.01107 0.992063 1.12208 0.895674 0.89177 0.82184 0.774904
threshold=1.0000000180025095e-35 1.0000000180025095e-35 1.0000000180025095e-35 25495.070357952452 2.5000000000000004 32768.411137658324 1.0000000180025095e-35 24808.807014954698 72529.650522627227 1.3572596427166561 2035.5000000000002 23020.48650124203 17357.159624221244 1.3466728658495071 2031.5000000000002 1.012892594377331 2037.5000000000002 105082.26008986418 51586.441189360201 2029.5000000000002 85976.077689391241 155823.54495080555 29574.092071284296
decision_type=2 2 2 2 2 2 2 2 2 2 2 2 2 2 2 2 2 2 2 2 2 2 2
left_child=1 2 10 -3 6 19 -2 9 16 -5 11 -1 13 14 -7 22 17 -9 -19 -4 -14 -17 -13
right_child=4 3 5 7 -6 12 -8 8 -10 -11 -12 15 20 -15 -16 21 -18 18 -20 -21 -22 -23 -24
leaf_value=6.606276443263753e-05 0.0011567070636437961 0 -3.1792233601176902e-06 0 0.0033788537144668826 0 -0.00010132175395276462 0 0 0 0 0 4.1180193457016203e-05 0 0 0 0 0 0 0 0 0 0
leaf_weight=126 953 137 33 355 697 74 399 30 29 38 336 32 26 20 121 253 22 22 20 98 83 29 266
leaf_count=126 953 137 33 355 697 74 399 30 29 38 336 32 26 20 121 253 22 22 20 98 83 29 266
internal_value=-0.00287092 -0.00832558 -0.00548764 -0.0148315 0.00285261 -0.00917582 0.00181953 -0.0167054 -0.0210163 -0.0153562 -0.00387716 -0.00271955 -0.0110494 -0.0131395 -0.0119231 -0.0037931 -0.0242553 -0.0213889 -0.0164286 -0.00454198 -0.00692661 -0.00599291 -0.00171141
internal_weight=4199 2150 1497 653 2049 455 1352 516 123 393 1042 706 324 215 195 580 94 72 42 131 109 282 298
internal_count=4199 2150 1497 653 2049 455 1352 516 123 393 1042 706 324 215 195 580 94 72 42 131 109 282 298
is_linear=0
shrinkage=0.05


Tree=21
num_leaves=24
num_cat=4
split_feature=7 0 3 2 4 0 0 15 5 11 15 15 15 9 7 15 9 15 15 5 9 0 15
split_gain=51.3198 56.5408 24.3265 5.88897 4.66614 8.52316 4.27676 2.9677 2.88352 2.69162 2.40505 1.87136 1.66058 1.59121 1.57984 1.49159 1.4208 1.42029 1.85046 1.2803 1.25662 1.24279 1.13519
threshold=1.0000000180025095e-35 0 1.0000000180025095e-35 2035.5000000000002 1.0000000180025095e-35 1 2 44.850817809304324 0.92150294269003385 1.0584402953290251 38.807285180331199 68.033336041550726 26.190656645233041 3363.9400976833381 2.5000000000000004 24.812388260590357 10314.443191076054 63.018471646829688 96.048562507698918 0.68614658175646159 31015.127646663295 3 55.229490791365357
decision_type=2 1 2 2 2 1 1 2 2 2 2 2 2 2 2 2 2 2 2 2 2 1 2
left_child=1 3 4 8 -3 11 20 12 10 15 19 -6 -8 17 21 -10 22 -12 -19 -1 -4 -2 -9
right_child=14 2 6 -5 5 -7 7 16 9 -11 13 -13 -14 -15 -16 -17 -18 18 -20 -21 -22 -23 -24
leaf_value=-3.3706748683364615e-06 0.0017827617234283735 0.0095572386106142979 0 0 0 0.0072650200646189062 0 0 -3.2774091610011497e-06 -5.2011422109015686e-13 0 0 3.5791178615741767e-15 0 0.0032099110287435381 0 0 0 0 6.0851772804470872e-06 0 3.4924145557204913e-05 0
leaf_weight=22 666 635 129 270 69 170 61 20 31 22 23 57 34 80 697 278 63 22 24 44 25 686 71
leaf_count=22 666 635 129 270 69 170 61 20 31 22 23 57 34 80 697 278 63 22 24 44 25 686 71
internal_value=-0.00288283 -0.00827907 -0.00184524 -0.0185472 0.00258324 -0.00260135 -0.0121216 -0.0160425 -0.0157875 -0.018716 -0.0112791 -0.0119118 -0.00973684 -0.0147987 0.0027794 -0.0199191 -0.020974 -0.0203623 -0.0254348 -0.00333333 -0.00445122 0.00178254 -0.016978
internal_weight=4199 2150 1334 816 931 296 403 249 546 331 215 126 95 149 2049 309 154 69 46 66 154 1352 91
internal_count=4199 2150 1334 816 931 296 403 249 546 331 215 126 95 149 2049 309 154 69 46 66 154 1352 91
cat_boundaries=0 1 2 3 4
cat_threshold=67 24 160 180
is_linear=0
shrinkage=0.05


Tree=22
num_leaves=24
num_cat=5
split_feature=7 0 3 2 4 0 0 14 14 15 15 7 14 14 9 3 0 18 9 15 0 9 14
split_gain=50.2357 54.9099 24.3265 6.37658 4.66614 8.52316 4.27676 3.57143 3.00728 2.9677 1.66058 1.61997 1.55648 2.13333 1.4208 1.28757 1.48762 1.28597 1.25662 1.13519 0.951071 1.2585 1.02887
threshold=1.0000000180025095e-35 0 1.0000000180025095e-35 2035.5000000000002 1.0000000180025095e-35 1 2 32768.411137658324 46697.539181274136 44.850817809304324 26.190656645233041 2.5000000000000004 20934.461032918207 11568.323244218222 10314.443191076054 1.0000000180025095e-35 3 1.0000000180025095e-35 31015.127646663295 55.229490791365357 4 45704.666569407585 12651.849980207538
decision_type=2 1 2 2 2 1 1 2 2 2 2 2 2 2 2 2 1 2 2 2 1 2 2
left_child=1 3 4 8 -3 7 18 -6 17 10 -8 15 13 -5 19 16 -2 -1 -4 -11 21 22 -17
right_child=11 2 6 12 5 -7 9 -9 -10 14 -12 -13 -14 -15 -16 20 -18 -19 -20 -21 -22 -23 -24
leaf_value=-4.4212171267248053e-07 3.1200854296787818e-05 0.0090793766800835816 0 0 1.5896126512283001e-08 0.006901769061387961 0 0 0 0 3.4001619684954684e-15 0.0030494154773063609 0 0 0 -0.00115926441338131 0.0087551197046561845 -5.6702278587649945e-13 0 0 0.0003948962213372229 -0.0010152322308294582 -0.00016749494766178218
leaf_weight=20 361 635 129 24 42 170 61 84 349 20 34 697 216 30 63 20 592 177 25 71 195 20 164
leaf_count=20 361 635 129 24 42 170 61 84 349 20 34 697 216 30 63 20 592 177 25 71 195 20 164
internal_value=-0.00284711 -0.00818605 -0.00184524 -0.0183051 0.00258324 -0.00260135 -0.0121216 -0.0119118 -0.0154212 -0.0160425 -0.00973684 0.002755 -0.0248148 -0.0172222 -0.020974 0.00174556 0.00274397 -0.0104822 -0.00445122 -0.016978 -0.000639098 -0.00294392 -0.00179348
internal_weight=4199 2150 1334 816 931 296 403 126 546 249 95 2049 270 54 154 1352 953 197 154 91 399 204 184
internal_count=4199 2150 1334 816 931 296 403 126 546 249 95 2049 270 54 154 1352 953 197 154 91 399 204 184
cat_boundaries=0 1 2 3 4 5
cat_threshold=67 24 160 67 204
is_linear=0
shrinkage=0.05


Tree=23
num_leaves=24
num_cat=4
split_feature=7 0 3 2 15 4 0 0 15 5 15 20 7 15 9 9 3 0 15 4 5 15 9
split_gain=41.0281 40.2581 24.3265 12.1471 7.65283 4.66614 8.52316 4.27676 2.9677 2.02355 1.87136 1.82489 1.74589 1.66058 1.4208 1.25662 1.22401 1.36051 1.13519 1.11985 0.977375 0.891724 0.86042
threshold=1.0000000180025095e-35 0 1.0000000180025095e-35 2035.5000000000002 68.033336041550726 1.0000000180025095e-35 1 2 44.850817809304324 1.0392119347815225 68.033336041550726 1.0000000180025095e-35 2.5000000000000004 26.190656645233041 10314.443191076054 31015.127646663295 1.0000000180025095e-35 3 55.229490791365357 1.0000000180025095e-35 1.1374106219301641 143.53659440916439 47572.25609974932
decision_type=2 1 2 2 2 2 1 1 2 2 2 2 2 2 2 2 2 1 2 2 2 2 2
left_child=1 3 5 4 9 -3 10 15 13 19 -7 -11 16 -9 18 -4 17 -2 -10 -1 -13 -18 -5
right_child=12 2 7 22 -6 6 -8 8 14 11 -12 20 -14 -15 -16 -17 21 -19 -20 -21 -22 -23 -24
leaf_value=2.8351139293824974e-14 0.015774939325034147 0.0086254078460794026 0 0 0 -1.5896118458677721e-10 0.0065566806083185636 0 0 0 0 -3.1302880159976737e-06 0.0028969447034410431 3.2301538700706949e-15 0 0 1.6316362267937815e-07 0.00010052747741945428 0 -3.9267008024355793e-07 -2.3788642593785935e-09 -0.00070563935970163326 0
leaf_weight=107 477 635 129 244 278 69 170 61 20 23 57 20 697 34 63 25 366 476 71 39 79 33 26
leaf_count=107 477 635 129 244 278 69 170 61 20 23 57 20 697 34 63 25 366 476 71 39 79 33 26
internal_value=-0.00245416 -0.00727907 -0.00184524 -0.0159443 -0.0118498 0.00258324 -0.00260135 -0.0121216 -0.0160425 -0.0058209 -0.0119118 -0.0105738 0.00260859 -0.00973684 -0.020974 -0.00445122 0.00156065 0.0025341 -0.016978 -0.00184931 -0.00762626 -0.000764411 -0.0248148
internal_weight=4199 2150 1334 816 546 931 296 403 249 268 126 122 2049 95 154 154 1352 953 91 146 99 399 270
internal_count=4199 2150 1334 816 546 931 296 403 249 268 126 122 2049 95 154 154 1352 953 91 146 99 399 270
cat_boundaries=0 1 2 3 4
cat_threshold=67 24 160 172
is_linear=0
shrinkage=0.05


Tree=24
num_leaves=24
num_cat=3
split_feature=7 0 2 14 0 15 15 4 14 7 15 14 14 14 0 15 5 5 9 9 14 14 14
split_gain=35.0494 36.2947 15.4321 12.8283 5.87637 2.41706 2.00284 1.7217 1.97078 1.668 1.63076 1.55648 2.13333 1.42768 1.24334 1.19088 1.09997 2.73138 2.25081 1.74721 1.98141 0.908775 1.28054
threshold=1.0000000180025095e-35 0 2035.5000000000002 58352.427300423915 1 50.088571606573716 68.588865131656689 1.0000000180025095e-35 68481.894462698969 2.5000000000000004 39.711119482505694 20934.461032918207 11568.323244218222 50842.525539355331 2 105.40273958101986 1.0969306560913907 1.264078397058507 14487.388594137918 14487.388594137918 80922.769451986052 16049.574822509099 46697.539181274136
decision_type=2 1 2 2 1 2 2 2 2 2 2 2 2 2 1 2 2 2 2 2 2 2 2
left_child=1 2 3 21 -3 -6 10 13 -9 14 -5 12 -4 -7 -2 -15 19 -18 -19 20 -8 -1 -23
right_child=9 4 11 6 5 7 16 8 -10 -11 -12 -13 -14 15 -16 -17 17 18 -20 -21 -22 22 -24
leaf_value=-3.3030549330215566e-06 0.0015954959417500596 0.021375950043193884 0 0 0 0 0 0 0 0.0027520974682689911 1.1894321296892969e-10 0 0 0.00060513472676483333 1.0894006991313996e-05 0 0 0 0 0 0 2.6933582329133726e-14 0
leaf_weight=58 666 282 24 32 456 79 30 63 122 697 21 216 30 140 686 192 41 20 23 73 64 139 45
leaf_count=58 666 282 24 32 456 79 30 63 122 697 21 216 30 140 686 192 41 20 23 73 64 139 45
internal_value=-0.00216837 -0.00662791 -0.0148547 -0.0102015 -0.00147321 -0.00319209 -0.0170395 -0.00531879 -0.00932432 0.00251098 -0.00820755 -0.0248148 -0.0172222 -0.00351581 0.00148669 -0.00207831 -0.0189044 -0.0235714 -0.0147674 -0.0165569 -0.0210638 -0.00161157 0.000108696
internal_weight=4199 2150 816 546 1334 1052 304 596 185 2049 53 270 54 411 1352 332 251 84 43 167 94 242 184
internal_count=4199 2150 816 546 1334 1052 304 596 185 2049 53 270 54 411 1352 332 251 84 43 167 94 242 184
cat_boundaries=0 1 2 3
cat_threshold=67 32 180
is_linear=0
shrinkage=0.05


Tree=25
num_leaves=24
num_cat=4
split_feature=7 0 3 2 14 0 15 4 0 15 15 7 15 15 14 14 9 3 0 9 15 5 5
split_gain=34.4902 36.2947 26.1358 15.4321 12.8283 4.27676 2.9677 2.82272 5.19645 4.74231 2.00284 1.67047 1.66058 1.63076 1.55648 2.13333 1.4208 1.33453 1.44301 1.25662 1.13519 1.09997 2.73138
threshold=1.0000000180025095e-35 0 1.0000000180025095e-35 2035.5000000000002 58352.427300423915 1 44.850817809304324 1.0000000180025095e-35 2 68.033336041550726 68.588865131656689 2.5000000000000004 26.190656645233041 39.711119482505694 20934.461032918207 11568.323244218222 10314.443191076054 1.0000000180025095e-35 3 31015.127646663295 55.229490791365357 1.0969306560913907 1.264078397058507
decision_type=2 1 2 2 2 1 2 2 1 2 2 2 2 2 2 2 2 2 1 2 2 2 2
left_child=1 3 7 4 -1 19 12 -3 9 -9 13 17 -7 -6 15 -5 20 18 -2 -4 -8 -12 -23
right_child=11 2 5 14 10 6 16 8 -10 -11 21 -13 -14 -15 -16 -17 -18 -19 -20 -21 -22 22 -24
leaf_value=0 0.02038686593352294 0.0081941374537754328 0 0 0 0 0 -1.5101312535743833e-10 0.0062288465779026352 0 0 0.0026144925948555415 3.0686461765671583e-15 1.1299605232048321e-10 0 0 0 -0.00018948333178021352 0.00016517362013712545 0 0 0 0
leaf_weight=242 362 635 129 24 32 61 20 69 170 57 167 697 34 21 216 30 63 399 591 25 71 41 43
leaf_count=242 362 635 129 24 32 61 20 69 170 57 167 697 34 21 216 30 63 399 591 25 71 41 43
internal_value=-0.0022041 -0.00662791 -0.00147321 -0.0148547 -0.0102015 -0.0121216 -0.0160425 0.0031203 -0.000912162 -0.00823529 -0.0170395 0.00243777 -0.00973684 -0.00820755 -0.0248148 -0.0172222 -0.020974 0.00141272 0.00242917 -0.00445122 -0.016978 -0.0189044 -0.0235714
internal_weight=4199 2150 1334 816 546 403 249 931 296 126 304 2049 95 53 270 54 154 1352 953 154 91 251 84
internal_count=4199 2150 1334 816 546 403 249 931 296 126 304 2049 95 53 270 54 154 1352 953 154 91 251 84
cat_boundaries=0 1 2 3 4
cat_threshold=67 160 24 164
is_linear=0
shrinkage=0.05


Tree=26
num_leaves=24
num_cat=3
split_feature=7 0 2 14 0 15 15 4 14 7 15 14 14 14 15 0 5 5 9 9 14 14 14
split_gain=34.4902 36.2947 15.4321 12.8283 5.87637 2.41706 2.00284 1.7217 1.97078 1.67047 1.63076 1.55648 2.13333 1.42768 1.19088 1.12499 1.09997 2.73138 2.25081 1.74721 1.98141 0.908775 1.28054
threshold=1.0000000180025095e-35 0 2035.5000000000002 58352.427300423915 1 50.088571606573716 68.588865131656689 1.0000000180025095e-35 68481.894462698969 2.5000000000000004 39.711119482505694 20934.461032918207 11568.323244218222 50842.525539355331 105.40273958101986 2 1.0969306560913907 1.264078397058507 14487.388594137918 14487.388594137918 80922.769451986052 16049.574822509099 46697.539181274136
decision_type=2 1 2 2 1 2 2 2 2 2 2 2 2 2 2 1 2 2 2 2 2 2 2
left_child=1 2 3 21 -3 -6 10 13 -9 15 -5 12 -4 -7 -15 -2 19 -18 -19 20 -8 -1 -23
right_child=9 4 11 6 5 7 16 8 -10 -11 -12 -13 -14 14 -16 -17 17 18 -20 -21 -22 22 -24
leaf_value=-3.1379021863704788e-06 0.001514907265078325 0.020307152541034185 0 0 0 0 0 0 0 0.0024837679651127649 1.0734624970445906e-10 0 0 0.00057487799042659166 0 3.8292940294054892e-06 0 0 0 0 0 2.5586903212677036e-14 0
leaf_weight=58 666 282 24 32 456 79 30 63 122 697 21 216 30 140 192 686 41 20 23 73 64 139 45
leaf_count=58 666 282 24 32 456 79 30 63 122 697 21 216 30 140 192 686 41 20 23 73 64 139 45
internal_value=-0.0022041 -0.00662791 -0.0148547 -0.0102015 -0.00147321 -0.00319209 -0.0170395 -0.00531879 -0.00932432 0.00243777 -0.00820755 -0.0248148 -0.0172222 -0.00351581 -0.00207831 0.00141272 -0.0189044 -0.0235714 -0.0147674 -0.0165569 -0.0210638 -0.00161157 0.000108696
internal_weight=4199 2150 816 546 1334 1052 304 596 185 2049 53 270 54 411 332 1352 251 84 43 167 94 242 184
internal_count=4199 2150 816 546 1334 1052 304 596 185 2049 53 270 54 411 332 1352 251 84 43 167 94 242 184
cat_boundaries=0 1 2 3
cat_threshold=67 32 180
is_linear=0
shrinkage=0.05


Tree=27
num_leaves=24
num_cat=4
split_feature=7 0 3 2 14 0 15 4 0 15 15 7 15 15 14 14 3 0 9 9 15 5 5
split_gain=33.7601 35.9664 26.1358 15.6261 13.1742 4.27676 2.9677 2.82272 5.19645 4.74231 2.00284 1.67294 1.66058 1.63076 1.55648 2.13333 1.53582 1.44301 1.4208 1.25662 1.13519 1.09997 2.73138
threshold=1.0000000180025095e-35 0 1.0000000180025095e-35 2035.5000000000002 58352.427300423915 1 44.850817809304324 1.0000000180025095e-35 2 68.033336041550726 68.588865131656689 2.5000000000000004 26.190656645233041 39.711119482505694 20934.461032918207 11568.323244218222 1.0000000180025095e-35 3 10314.443191076054 31015.127646663295 55.229490791365357 1.0969306560913907 1.264078397058507
decision_type=2 1 2 2 2 1 2 2 1 2 2 2 2 2 2 2 2 1 2 2 2 2 2
left_child=1 3 7 4 -1 19 12 -3 9 -9 13 16 -7 -6 15 -5 17 -2 20 -4 -8 -12 -23
right_child=11 2 5 14 10 6 18 8 -10 -11 21 -13 -14 -15 -16 -17 -18 -19 -20 -21 -22 22 -24
leaf_value=0 0.019291777273592877 0.0077844305810866616 0 0 0 0 0 -1.4346246908956643e-10 0.0059174042490075032 0 0 0.0023595795668571264 2.915213867738802e-15 1.019789372192361e-10 0 0 -0.00020414638109551647 0.00015672347442879865 0 0 0 0 0
leaf_weight=242 362 635 129 24 32 61 20 69 170 57 167 697 34 21 216 30 399 591 63 25 71 41 43
leaf_count=242 362 635 129 24 32 61 20 69 170 57 167 697 34 21 216 30 399 591 63 25 71 41 43
internal_value=-0.00222791 -0.00660465 -0.00147321 -0.0147942 -0.0101099 -0.0121216 -0.0160425 0.0031203 -0.000912162 -0.00823529 -0.0170395 0.00236457 -0.00973684 -0.00820755 -0.0248148 -0.0172222 0.00133876 0.00242917 -0.020974 -0.00445122 -0.016978 -0.0189044 -0.0235714
internal_weight=4199 2150 1334 816 546 403 249 931 296 126 304 2049 95 53 270 54 1352 953 154 154 91 251 84
internal_count=4199 2150 1334 816 546 403 249 931 296 126 304 2049 95 53 270 54 1352 953 154 154 91 251 84
cat_boundaries=0 1 2 3 4
cat_threshold=67 160 24 164
is_linear=0
shrinkage=0.05


Tree=28
num_leaves=24
num_cat=5
split_feature=7 0 3 2 14 0 15 15 0 15 7 15 14 14 15 3 0 9 9 0 14 15 14
split_gain=33.9441 35.9664 26.1358 15.6261 13.1742 4.27676 2.9677 2.00284 1.81761 1.66058 1.63216 1.63076 1.55648 2.13333 1.51258 1.43341 1.44301 1.4208 1.25662 1.13575 1.3909 1.13519 0.995347
threshold=1.0000000180025095e-35 0 1.0000000180025095e-35 2035.5000000000002 58352.427300423915 1 44.850817809304324 68.588865131656689 2 26.190656645233041 2.5000000000000004 39.711119482505694 20934.461032918207 11568.323244218222 68.033336041550726 1.0000000180025095e-35 3 10314.443191076054 31015.127646663295 4 133343.17181013062 55.229490791365357 115053.27111198664
decision_type=2 1 2 2 2 1 2 2 1 2 2 2 2 2 2 2 1 2 2 1 2 2 2
left_child=1 3 8 4 -1 18 9 11 -3 -7 15 -6 13 -5 -10 16 -2 21 -4 20 -17 -8 -9
right_child=10 2 5 12 7 6 17 22 14 -11 -12 -13 -14 -15 -16 19 -18 -19 -20 -21 -22 -23 -24
leaf_value=0 0.018327188409913233 0.0094907800798572743 0 0 0 0 0 0 2.6349771011336075e-07 2.7694531743518611e-15 0.0022416005885142697 9.6879990358274283e-11 0 0 0 -0.00036215609071771256 0.0001488873007073587 0 0 0.00037906730520888537 -0.00076715429868655046 0 0
leaf_weight=242 362 552 129 24 32 61 20 132 205 34 697 21 216 30 174 175 591 63 25 195 29 71 119
leaf_count=242 362 552 129 24 32 61 20 132 205 34 697 21 216 30 174 175 591 63 25 195 29 71 119
internal_value=-0.002216 -0.00660465 -0.00147321 -0.0147942 -0.0101099 -0.0121216 -0.0160425 -0.0170395 0.0031203 -0.00973684 0.00238897 -0.00820755 -0.0248148 -0.0172222 0.000372751 0.00137574 0.00242917 -0.020974 -0.00445122 -0.00114035 -0.00364486 -0.016978 -0.0189044
internal_weight=4199 2150 1334 816 546 403 249 304 931 95 2049 53 270 54 379 1352 953 154 154 399 204 91 251
internal_count=4199 2150 1334 816 546 403 249 304 931 95 2049 53 270 54 379 1352 953 154 154 399 204 91 251
cat_boundaries=0 1 2 3 4 5
cat_threshold=67 160 164 164 204
is_linear=0
shrinkage=0.05


Tree=29
num_leaves=24
num_cat=1
split_feature=7 3 14 2 14 9 9 7 4 5 3 1 14 9 9 14 9 2 2 5 16 14 14
split_gain=35.7133 16.3055 4.61738 4.14045 4.92671 1.56027 1.61516 1.44039 1.40847 1.33704 1.33453 1.30791 1.14007 1.1229 1.06322 1.95621 1.225 1.01073 0.951316 0.929258 1.03073 0.825336 0.793569
threshold=1.0000000180025095e-35 1.0000000180025095e-35 31163.894493165859 2034.5000000000002 71425.9243169533 24808.807014954698 72529.650522627227 2.5000000000000004 1.0000000180025095e-35 1.0154938974775825 1.0000000180025095e-35 0 29574.092071284296 52322.234916612608 54702.519752154636 101974.048433723 37610.273766468985 2039.5000000000002 2029.5000000000002 1.2601101320002142 1.0000000180025095e-35 105082.26008986418 97462.014508123553
decision_type=2 2 2 2 2 2 2 2 2 2 2 1 2 2 2 2 2 2 2 2 2 2 2
left_child=1 3 -3 4 -1 19 14 10 9 -6 -2 12 -5 -12 15 -7 -17 -14 -10 20 -4 -20 -13
right_child=7 2 5 11 8 6 -8 -9 18 -11 13 22 17 -15 -16 16 -18 -19 21 -21 -22 -23 -24
leaf_value=9.2035990840360571e-11 0.00080791225672419945 0 0 -5.2699513436210184e-07 0 0 0 0.002129520559088556 0 0 -5.0089340503873247e-05 0 0 -0.000677266055221878 0 0 0 8.0532472742454037e-05 0 0 0 0 0
leaf_weight=524 953 168 27 39 135 31 29 697 53 135 365 261 149 34 22 20 20 34 22 62 274 51 94
leaf_count=524 953 168 27 39 135 31 29 697 53 135 365 261 149 34 22 20 20 34 22 62 274 51 94
internal_value=-0.00235889 -0.00686046 -0.0134533 -0.00398464 -0.00190217 -0.0159278 -0.0208197 0.00236457 -0.00611111 -0.00407407 0.00141272 -0.00730503 -0.0103153 -0.00101504 -0.0240323 -0.0210563 -0.01375 -0.0086612 -0.0104762 -0.0142837 -0.0154319 -0.0141781 -0.00542253
internal_weight=4199 2150 653 1497 920 485 122 2049 396 270 1352 577 222 399 93 71 40 183 126 363 301 73 355
internal_count=4199 2150 653 1497 920 485 122 2049 396 270 1352 577 222 399 93 71 40 183 126 363 301 73 355
cat_boundaries=0 1
cat_threshold=2
is_linear=0
shrinkage=0.05


Tree=30
num_leaves=24
num_cat=0
split_feature=7 3 15 14 4 7 14 15 5 5 2 5 5 5 2 15 5 15 15 9 5 5 15
split_gain=34.7836 16.4207 6.18482 3.71548 2.6795 1.56585 1.50224 1.04091 1.02164 1.01393 1.11761 0.969048 2.08595 0.955824 0.940985 1.85185 0.877922 0.86219 1.55896 0.850248 1.39417 1.31476 1.18495
threshold=1.0000000180025095e-35 1.0000000180025095e-35 52.065000166143669 43203.084249242173 1.0000000180025095e-35 1.5000000000000002 26305.939935509199 25.656833035084436 1.3071767882018717 1.3310264847438595 2031.5000000000002 0.98661854419696859 0.78493427256843895 1.294853711309133 2033.5000000000002 24.812388260590357 1.0092673125895086 60.404382317582623 66.903596478305033 5597.0251579738779 0.6677617044747115 0.9106620114836339 129.15408329566625
decision_type=2 2 2 2 2 2 2 2 2 2 2 2 2 2 2 2 2 2 2 2 2 2 2
left_child=1 3 7 -1 -5 -2 -4 8 14 10 -6 12 -9 17 16 -16 -3 -8 -19 20 -20 -21 -22
right_child=5 2 6 4 9 -7 13 11 -10 -11 -12 -13 -14 -15 15 -17 -18 18 19 21 22 -23 -24
leaf_value=0 9.8553440593818716e-05 1.5364372463503799e-07 0 0 0 0.0014041625001797616 0 1.1421794257525093e-14 0 0 0 6.8530776778218376e-15 -5.5044968956691492e-14 0 0 0 0 0 0 0 0 0 0
leaf_weight=559 667 30 21 649 91 1382 24 31 24 35 163 67 30 43 27 27 33 20 25 59 74 91 27
leaf_count=559 667 30 21 649 91 1382 24 31 24 35 163 67 30 43 27 27 33 20 25 59 74 91 27
internal_value=-0.00239462 -0.00683721 -0.0134533 -0.00395124 -0.0058742 0.00226696 -0.017526 -0.0076394 -0.0106028 -0.00987889 -0.00877953 -0.004375 -0.00893443 -0.0182782 -0.00867521 -0.0135185 -0.00452381 -0.0192187 -0.0184797 -0.0194565 -0.0164286 -0.022 -0.0138119
internal_weight=4199 2150 653 1497 938 2049 384 269 141 289 254 128 61 363 117 54 63 320 296 276 126 150 101
internal_count=4199 2150 653 1497 938 2049 384 269 141 289 254 128 61 363 117 54 63 320 296 276 126 150 101
is_linear=0
shrinkage=0.05


Tree=31
num_leaves=24
num_cat=4
split_feature=7 0 3 14 15 0 15 7 0 3 14 9 15 15 1 5 15 14 5 15 5 5 14
split_gain=31.9565 33.5491 21.3709 10.5103 4.22385 2.97388 2.48766 1.56165 1.43021 1.40081 1.48135 1.37906 1.52909 1.31568 2.63035 2.30007 1.22667 1.28947 1.17391 1.15038 1.09244 1.23903 1.24775
threshold=1.0000000180025095e-35 0 1.0000000180025095e-35 45557.650428587818 51.145275047828697 1 25.656833035084436 2.5000000000000004 2 1.0000000180025095e-35 129024.64539963414 10314.443191076054 57.671785690171546 66.903596478305033 3 0.95417278502810365 129.15408329566625 79556.969834356583 1.2286516858134353 25.656833035084436 1.1543510596373601 0.95718907554605426 31346.425854967394
decision_type=2 1 2 2 2 1 2 2 1 2 2 2 2 2 1 2 2 2 2 2 2 2 2
left_child=1 3 5 20 6 -3 18 8 9 -2 -11 12 -6 14 19 -16 17 -14 -4 -5 21 -1 -23
right_child=7 2 4 13 11 -7 -8 -9 -10 10 -12 -13 16 -15 15 -17 -18 -19 -20 -21 -22 22 -24
leaf_value=-4.5774919839659852e-12 0.012913774486428296 0.0090162410758644115 0 -2.835113337931642e-16 0 0 1.6157364776012889e-15 0.0019528364061251408 -5.7505108392683839e-05 0.00024613046114915592 -0.00067655062515169012 0 0 0 0 -4.1416193752425399e-12 0 0.0001242010574137159 0 1.201222392505507e-15 0 -2.6568554584935033e-06 -4.5774919839659852e-12
leaf_weight=125 477 552 69 29 20 379 88 697 686 157 32 99 43 396 30 32 27 34 23 30 96 58 20
leaf_count=125 477 552 69 29 20 379 88 697 686 157 32 99 43 396 30 32 27 34 23 30 96 58 20
internal_value=-0.00232317 -0.0065814 -0.00162202 -0.0144915 -0.0112531 0.00252954 -0.00555556 0.00214495 0.00115385 0.00278107 -0.000820106 -0.015852 -0.0123387 -0.0189845 -0.0144215 -0.0216129 -0.00990385 -0.00668831 -0.0113043 -0.00686441 -0.00720736 -0.00928571 -0.0142308
internal_weight=4199 2150 1334 816 403 931 180 2049 1352 666 189 223 124 517 121 62 104 77 92 59 299 203 78
internal_count=4199 2150 1334 816 403 931 180 2049 1352 666 189 223 124 517 121 62 104 77 92 59 299 203 78
cat_boundaries=0 1 2 3 4
cat_threshold=67 164 180 1
is_linear=0
shrinkage=0.05


Tree=32
num_leaves=24
num_cat=5
split_feature=7 0 3 14 20 0 0 4 3 2 14 5 14 7 5 0 3 14 0 4 14 5 14
split_gain=22.3829 18.7031 17.5828 14.7575 4.76937 3.33832 2.5789 4.9105 3.4492 3.29784 3.23913 1.8095 1.76345 1.60396 1.5458 1.49403 1.60968 1.55183 1.19686 3.73061 1.6616 0.910084 0.908077
threshold=1.0000000180025095e-35 0 1.0000000180025095e-35 45557.650428587818 1.0000000180025095e-35 1 2 1.0000000180025095e-35 1.0000000180025095e-35 2034.5000000000002 71425.9243169533 0.80864045418109476 33989.28466491944 2.5000000000000004 0.72126337994860246 3 1.0000000180025095e-35 129024.64539963414 4 1.0000000180025095e-35 33989.28466491944 0.83593146774837945 137152.44201188805
decision_type=2 1 2 2 2 1 1 2 2 2 2 2 2 2 2 1 2 2 1 2 2 2 2
left_child=1 2 18 -3 -5 -4 7 8 -6 10 -8 -11 21 15 -12 16 -2 -18 19 -1 -21 -7 -13
right_child=13 3 5 4 6 12 9 -9 -10 11 14 22 -14 -15 -16 -17 17 -19 -20 20 -22 -23 -24
leaf_value=0.0047950850645280419 0.016719816980230253 -4.2344070777115635e-16 0 -4.3947185732559015e-12 0.0050502842063379896 1.5349499289447191e-15 -9.2035937354078289e-13 0 0 0 0 0 0 0.0018551945858188833 0 -4.2021624520763713e-05 0.0004926035305674218 -0.00064028300696602775 0.0085654290220711898 1.4500954621401203e-07 -1.3152213666716349e-08 0 0
leaf_weight=133 362 396 154 84 62 21 79 45 25 44 36 107 124 697 170 846 118 26 552 24 41 30 23
leaf_count=133 362 396 154 84 62 21 79 45 25 44 36 107 124 697 170 846 118 26 552 24 41 30 23
internal_value=-0.00169207 -0.00525581 -0.000555555 -0.00989362 -0.0144815 -0.0101976 -0.016066 -0.00767606 -0.00132184 -0.0179211 -0.015 -0.0237356 -0.0147297 0.00204734 -0.018301 0.0010429 0.00315891 -0.00125 0.00366667 0.000192308 -0.00961538 -0.0077451 -0.0207692
internal_weight=4199 2150 1079 1071 675 329 591 132 87 459 285 174 175 2049 206 1352 506 144 750 198 65 51 130
internal_count=4199 2150 1079 1071 675 329 591 132 87 459 285 174 175 2049 206 1352 506 144 750 198 65 51 130
cat_boundaries=0 1 2 3 4 5
cat_threshold=180 160 8 164 16
is_linear=0
shrinkage=0.05


Tree=33
num_leaves=24
num_cat=3
split_feature=0 3 15 8 0 6 15 4 0 8 14 15 2 8 9 2 5 5 15 15 15 14 2
split_gain=13.8715 16.3857 12.7399 11.8315 7.07049 4.9997 4.44204 3.28973 6.38625 3.08203 2.21042 2.14639 1.99568 1.64913 1.16054 1.18902 1.03469 1.16619 0.981741 1.23229 1.11428 0.969788 1.12158
threshold=0 1.0000000180025095e-35 66.903596478305033 1.0000000180025095e-35 1 1.0000000180025095e-35 79.177087869923426 1.0000000180025095e-35 2 1.0000000180025095e-35 70699.343738724943 86.828601745182254 2034.5000000000002 1.0000000180025095e-35 10826.480300564102 2030.5000000000002 0.6732881902594493 1.3466728658495071 48.890295924035421 27.999079570150631 57.671785690171546 86445.366152121409 2029.5000000000002
decision_type=1 2 2 2 1 2 2 2 1 2 2 2 2 2 2 2 2 2 2 2 2 2 2
left_child=2 7 -1 5 -3 10 13 -2 -9 14 12 -12 -4 18 15 -8 -10 -18 19 -6 -20 -16 -23
right_child=1 4 3 -5 6 -7 9 8 16 -11 11 -13 -14 -15 21 -17 17 -19 20 -21 -22 22 -24
leaf_value=-6.1256453716502592e-14 0.0095954882848745867 0.01123609951646342 -4.5557815733409894e-12 0.00031625284136042376 0 0.00027275059571282839 -7.7656809471269802e-05 0.0060521404370799965 -0.00038158771953411547 -0.00045177611526789774 0 0 0 0.00030686793862083422 -5.9000635859571252e-05 0 -1.2499204782922551e-08 -4.1388434084138713e-06 -3.5457683821374085e-16 1.5272749131111524e-15 0 0 0
leaf_weight=819 1257 145 61 188 112 54 30 355 21 68 52 369 36 98 20 52 199 25 39 80 48 20 51
leaf_count=819 1257 145 61 188 112 54 30 355 21 68 52 369 36 98 20 52 199 25 39 80 48 20 51
internal_value=-0.00122767 0.0010076 -0.00491189 -0.00960526 -0.00515727 -0.0131818 -0.00742038 0.00354604 0.0005 -0.0128423 -0.0146911 -0.0162589 -0.0078866 -0.00415119 -0.0163873 -0.0120732 -0.00558823 -0.00482143 -0.00611111 -0.00411458 -0.0105172 -0.0202747 -0.0175352
internal_weight=4199 2620 1579 760 763 572 618 1857 600 241 518 421 97 377 173 82 245 224 279 192 87 91 71
internal_count=4199 2620 1579 760 763 572 618 1857 600 241 518 421 97 377 173 82 245 224 279 192 87 91 71
cat_boundaries=0 1 2 3
cat_threshold=67 32 164
is_linear=0
shrinkage=0.05


Tree=34
num_leaves=24
num_cat=3
split_feature=0 7 15 3 0 7 9 14 2 15 2 7 4 0 7 15 2 9 2 9 15 9 3
split_gain=17.0246 14.9968 27.3632 11.4516 4.60833 4.17207 4.56884 3.20188 2.49374 1.74845 1.40741 1.80475 1.19329 2.26655 1.16879 1.03999 1.03916 1.11975 1.02557 0.99016 0.966341 0.953151 0.939167
threshold=0 1.0000000180025095e-35 66.903596478305033 1.0000000180025095e-35 1 1.5000000000000002 55592.232631112907 70699.343738724943 2034.5000000000002 66.063244461926928 2029.5000000000002 1.0000000180025095e-35 1.0000000180025095e-35 2 2.5000000000000004 27.999079570150631 2031.5000000000002 2049.9596770067506 2027.5000000000002 8485.1027934532904 85.918700510599209 2049.9596770067506 1.0000000180025095e-35
decision_type=1 2 2 2 1 2 2 2 2 2 2 2 2 1 2 2 2 2 2 2 2 2 2
left_child=1 2 -1 12 -5 6 9 8 22 15 -11 19 -2 -14 -3 -6 17 -9 -16 -12 -15 -18 -4
right_child=3 14 7 4 5 -7 -8 16 -10 10 11 -13 13 20 18 -17 21 -19 -20 -21 -22 -23 -24
leaf_value=-1.8505542278604334e-12 0.0091157138706308566 -0.00010994672294678965 -4.3279924946739398e-12 0.010674294540640249 0 0.00016553662985371181 -8.3044218670740586e-05 0 0 0 0 -0.00050301011640850753 0.0057495334152259971 -5.4845767868897787e-06 -0.00053974462420408619 0 0 0 0.0014424752013216836 -5.6050604066592693e-05 6.2496023914612763e-10 0 2.7380704734408864e-13
leaf_weight=407 1257 525 25 145 94 190 30 47 29 52 46 27 355 158 38 142 57 84 200 37 87 144 23
leaf_count=407 1257 525 25 145 94 190 30 47 29 52 46 27 355 158 38 142 57 84 200 37 87 144 23
internal_value=-0.000513217 -0.00459723 -0.00933823 0.00195818 -0.00319135 -0.00503185 -0.00785047 -0.0184719 -0.00928571 -0.00643216 -0.0104321 -0.0136364 0.00408455 0.00225 0.000412844 -0.00368644 -0.0206024 -0.0171374 0.00331933 -0.0172892 -0.00147059 -0.0228607 -0.00229167
internal_weight=4199 1579 816 2620 763 618 428 409 77 398 162 110 1857 600 763 236 332 131 238 83 245 201 48
internal_count=4199 1579 816 2620 763 618 428 409 77 398 162 110 1857 600 763 236 332 131 238 83 245 201 48
cat_boundaries=0 1 2 3
cat_threshold=67 32 164
is_linear=0
shrinkage=0.05


Tree=35
num_leaves=24
num_cat=2
split_feature=0 7 15 3 14 0 2 7 7 2 9 2 9 3 2 14 14 14 14 15 9 18 14
split_gain=20.9862 14.9968 27.3632 6.60417 3.20188 2.6533 2.49374 1.53392 1.16879 1.03916 1.11975 1.02557 0.953151 0.939167 0.843088 0.841928 1.04684 0.822511 0.822368 0.793651 0.765306 0.756515 1.4884
threshold=0 1.0000000180025095e-35 66.903596478305033 1.0000000180025095e-35 70699.343738724943 1 2034.5000000000002 1.5000000000000002 2.5000000000000004 2031.5000000000002 2049.9596770067506 2027.5000000000002 2049.9596770067506 1.0000000180025095e-35 2034.5000000000002 102507.31091913018 144493.75530201566 115902.79610647478 106562.34762973191 43.287282928919502 14487.388594137918 1.0000000180025095e-35 76107.804796476528
decision_type=1 2 2 2 2 1 2 2 2 2 2 2 2 2 2 2 2 2 2 2 2 2 2
left_child=1 2 14 -2 6 -5 13 21 -3 10 -6 -10 17 -4 19 -12 -17 -11 -9 20 -1 22 -7
right_child=3 8 4 5 9 7 -8 18 11 12 15 -13 -14 -15 -16 16 -18 -19 -20 -21 -22 -23 -24
leaf_value=-2.5834519948442056e-06 0.0024705711672917329 -0.00010444938679945022 -4.1115928699402431e-12 0.010140579813608237 0 -2.235502387461768e-06 0 0.00054908490261583161 -0.00051275739299388187 0 0 0.0013703514412555997 0 2.6011669497688421e-13 9.5590534078846816e-14 0 0 0 -0.00049422495999504399 8.8942474775438512e-11 5.2240743150376898e-13 0 1.0986797251719877e-13
leaf_weight=147 1857 525 25 145 47 32 29 152 38 22 33 200 144 23 155 27 24 35 38 84 21 370 26
leaf_count=147 1857 525 25 145 47 32 29 152 38 22 33 200 144 23 155 27 24 35 38 84 21 370 26
internal_value=-6.07286e-05 -0.00459723 -0.00933823 0.00268061 -0.0184719 -0.00122543 -0.00928571 -0.00264331 0.000412844 -0.0206024 -0.0171374 0.00331933 -0.0228607 -0.00229167 -0.000159705 -0.0205952 -0.0165686 -0.0283333 0.00105263 -0.00194444 -0.00392857 -0.00434579 -0.00965517
internal_weight=4199 1579 816 2620 409 763 77 618 763 332 131 238 201 48 407 84 51 57 190 252 168 428 58
internal_count=4199 1579 816 2620 409 763 77 618 763 332 131 238 201 48 407 84 51 57 190 252 168 428 58
cat_boundaries=0 1 2
cat_threshold=67 32
is_linear=0
shrinkage=0.05


Tree=36
num_leaves=24
num_cat=3
split_feature=0 7 14 0 20 4 0 4 7 14 2 5 9 7 4 9 9 5 14 2 14 9 14
split_gain=15.8571 12.5206 15.9376 8.79638 6.51117 2.51733 1.76919 4.4716 2.3806 1.486 1.26701 1.45301 1.3417 1.24296 1.06574 1.45279 1.04708 0.966541 0.916314 1.32804 0.822511 0.799194 0.923436
threshold=0 1.0000000180025095e-35 70699.343738724943 1 1.0000000180025095e-35 1.0000000180025095e-35 2 1.0000000180025095e-35 1.5000000000000002 44703.318845095935 2031.5000000000002 1.1313192132347927 15910.228794304317 1.5000000000000002 1.0000000180025095e-35 12408.557030270813 2049.9596770067506 0.88415018194986472 43736.762750001646 2034.5000000000002 115902.79610647478 50594.631694603151 90291.631936412246
decision_type=1 2 2 1 2 2 1 2 2 2 2 2 2 2 2 2 2 2 2 2 2 2 2
left_child=6 2 14 5 -5 -4 7 -1 9 -9 11 -6 -13 -3 18 17 20 -16 -2 -20 -12 22 -18
right_child=1 13 3 4 10 -7 -8 8 -10 -11 16 12 -14 -15 15 -17 21 -19 19 -21 -22 -23 -24
leaf_value=0.00013663806316853888 1.2471381715960748e-13 -0.00042819256822303789 3.4164362625736866e-06 3.0842702835747772e-13 0 -0.00012352730704167614 0.0012256065032745958 -0.0001230033817308996 0.00044007077419606281 -0.00012352796465235947 0 0 0 0.00045978269119131712 9.0811007374904475e-14 -0.00012309488283696854 0 -0.00012301063221770601 1.9768872058613314e-13 0 0 0 0
leaf_weight=333 282 342 96 40 97 28 1592 41 64 68 22 20 21 665 53 23 29 93 89 49 35 38 79
leaf_count=333 282 342 96 40 97 28 1592 41 64 68 22 20 21 665 53 23 29 93 89 49 35 38 79
internal_value=-0.000513217 -0.00357414 -0.00729433 -0.0138119 -0.0173785 -0.00134328 0.00255693 -3.87595e-05 -0.00656069 -0.011055 -0.0200733 -0.0163768 -0.0242683 0.000431976 -0.00170628 -0.00505917 -0.0225862 -0.00321918 -0.000357143 -0.00369565 -0.0283333 -0.0203425 -0.0181481
internal_weight=4199 2101 1094 505 381 124 2098 506 173 109 341 138 41 1007 589 169 203 146 420 138 57 146 108
internal_count=4199 2101 1094 505 381 124 2098 506 173 109 341 138 41 1007 589 169 203 146 420 138 57 146 108
cat_boundaries=0 1 2 3
cat_threshold=172 16 8
is_linear=0
shrinkage=0.05


Tree=37
num_leaves=24
num_cat=5
split_feature=7 15 0 3 3 0 4 2 4 0 0 0 5 5 7 3 4 11 15 9 17 5 5
split_gain=15.0714 14.9496 24.4674 6.94994 4.56997 5.86813 4.39649 2.2427 2.14881 3.97511 1.72434 1.61723 1.60952 1.5002 1.49766 1.34616 1.23504 1.71129 1.21238 1.30974 1.17341 1.14609 1.11478
threshold=1.0000000180025095e-35 66.903596478305033 0 1.0000000180025095e-35 1.0000000180025095e-35 1 1.0000000180025095e-35 2035.5000000000002 1.0000000180025095e-35 2 3 4 0.60124670721575979 0.82555440180009632 2.5000000000000004 1.0000000180025095e-35 1.0000000180025095e-35 0.18141855401228604 99.727677125721016 3363.9400976833381 74.884166666666673 0.938622391824802 1.0969306560913907
decision_type=2 2 1 2 2 1 2 2 2 1 1 1 2 2 2 2 2 2 2 2 2 2 2
left_child=1 4 7 6 8 -6 -4 12 -1 -10 15 -7 -3 -9 -12 -2 17 -13 19 -14 -11 -21 -20
right_child=10 2 3 -5 5 11 -8 13 9 20 14 16 18 -15 -16 -17 -18 -19 22 21 -22 -23 -24
leaf_value=1.9899539486466356e-08 0.017866854684710463 0 0.0057866274494494264 -5.8477794965893558e-05 -6.1280325163729787e-05 3.1347108854586704e-13 -0.00011735094168959233 0 6.3096028509250985e-06 -0.00011711314279912642 -5.0147773085050572e-05 -6.2356908579803741e-15 0 0 0.0012684888480329285 0.00011860351119377296 4.9412442168044362e-06 -6.8319031584057724e-06 0 2.3722642419873335e-13 -0.00010518342950485937 0 0
leaf_weight=560 575 24 296 171 100 121 136 33 121 77 846 47 38 96 412 216 39 31 94 23 42 41 60
leaf_count=560 575 24 296 171 100 121 136 33 121 77 846 47 38 96 412 216 39 31 94 23 42 41 60
internal_value=-0.00119195 -0.00411628 -0.00853755 -0.00193312 -0.000184534 -0.00505917 0.00141204 -0.0177924 0.001875 -0.00208333 0.00187653 -0.000443548 -0.0157143 -0.0236822 0.000701893 0.00368914 -0.00444882 -0.00846154 -0.016875 -0.0126471 -0.00817829 -0.00828125 -0.0196753
internal_weight=4199 2150 1012 603 1138 338 432 409 800 240 2049 238 280 129 1258 791 117 78 256 102 119 64 154
internal_count=4199 2150 1012 603 1138 338 432 409 800 240 2049 238 280 129 1258 791 117 78 256 102 119 64 154
cat_boundaries=0 1 2 3 4 5
cat_threshold=67 132 166 164 97
is_linear=0
shrinkage=0.05


Tree=38
num_leaves=24
num_cat=0
split_feature=7 14 3 4 15 3 7 5 14 2 15 15 15 5 11 5 2 2 15 14 14 17 14
split_gain=18.6289 8.6823 3.23709 2.62053 1.67717 1.49069 1.39269 1.27613 1.35956 1.21996 1.37391 1.154 1.79318 1.83333 1.05912 1.9716 0.907114 1.04895 0.807377 1.0732 0.86275 0.759559 1.60957
threshold=1.0000000180025095e-35 68926.137849359249 1.0000000180025095e-35 1.0000000180025095e-35 52.485411075247264 1.0000000180025095e-35 1.5000000000000002 1.3207557252961468 79556.969834356583 2034.5000000000002 49.275676341764047 129.15408329566625 140.63016145694462 0.92692011529563423 0.053761803535250861 0.95125794861024027 2029.5000000000002 2038.5000000000002 33.18665690317966 63193.011779459252 18480.883197255494 74.884166666666673 37674.709143221706
decision_type=2 2 2 2 2 2 2 2 2 2 2 2 2 2 2 2 2 2 2 2 2 2 2
left_child=1 5 3 -3 -4 9 -2 8 -6 -1 -11 -10 -13 -14 15 -12 -5 -18 -7 20 -20 22 -22
right_child=6 2 4 16 7 18 -8 -9 11 10 14 12 13 -15 -16 -17 17 -19 19 -21 21 -23 -24
leaf_value=1.2817338179892936e-07 -3.2136431383139536e-06 0 -5.4067939064607016e-05 -7.3961460916518621e-05 -0.00011253936994255698 -6.4903080004854851e-06 0.0011725410581806309 0 -4.4219343636920757e-07 -9.9466350323556725e-10 -0.00011135651706027591 -5.5553905212105477e-05 0 -5.4204224481898081e-05 0 -4.3796167419244225e-10 -0.00011127090782410004 -2.8186364079827454e-06 -4.5432151807012082e-06 2.3010963189696526e-13 -5.8216308905525575e-05 -5.5406399977923427e-05 -5.8216308902948196e-05
leaf_weight=512 667 468 46 53 36 134 1382 28 117 209 25 21 33 33 38 36 132 24 34 25 40 51 55
leaf_count=512 667 468 46 53 36 134 1382 28 117 209 25 21 33 33 38 36 132 24 34 25 40 51 55
internal_value=-0.00163253 -0.00488372 -0.00831988 -0.00637371 -0.0125159 -0.00194564 0.00177892 -0.0140299 -0.0152083 -0.000792683 -0.00327922 -0.0136275 -0.0179885 -0.0139394 -0.00813131 -0.0122131 -0.0110287 -0.0129487 -0.00473451 -0.00670732 -0.00805556 -0.00972603 -0.0123684
internal_weight=4199 2150 991 677 314 1159 2049 268 240 820 308 204 87 66 99 61 209 156 339 205 180 146 95
internal_count=4199 2150 991 677 314 1159 2049 268 240 820 308 204 87 66 99 61 209 156 339 205 180 146 95
is_linear=0
shrinkage=0.05


Tree=39
num_leaves=24
num_cat=6
split_feature=0 7 14 7 0 3 4 4 0 3 3 5 5 2 5 9 3 3 0 0 7 4 0
split_gain=7.0241 7.18612 1.46588 1.34662 1.89115 1.5741 1.69665 1.3885 4.85714 10.5337 4.84298 1.88972 1.45368 2.57939 1.54787 0.986616 0.93038 0.874754 7.21885 4.53862 2.00496 1.94257 3.80195
threshold=0 1.5000000000000002 68926.137849359249 1.0000000180025095e-35 1 1.0000000180025095e-35 1.0000000180025095e-35 1.0000000180025095e-35 2 1.0000000180025095e-35 1.0000000180025095e-35 1.0969306560913907 1.0969306560913907 2033.5000000000002 1.2716120369759094 3835.9951384657606 1.0000000180025095e-35 1.0000000180025095e-35 3 4 1.0000000180025095e-35 1.0000000180025095e-35 5
decision_type=1 2 2 2 1 2 2 2 1 2 2 2 2 2 2 2 2 2 1 1 2 2 1
left_child=-1 2 17 4 5 6 -4 8 10 12 -6 -12 13 15 -14 -10 -5 19 -19 -2 -20 22 -21
right_child=1 -3 3 16 7 -7 -8 -9 9 -11 11 -13 14 -15 -16 -17 -18 18 20 21 -22 -23 -24
leaf_value=0.022899558989690427 0.0062260332269170725 0.00090660480949390212 0.0050186958141501875 0.00044592177336638932 0.0056042201063521823 -5.5514800309168787e-05 -0.00010591984921390773 -5.5512911952312948e-05 0 2.210967181846038e-08 -0.00010672542931822957 -6.4396708126118516e-07 -2.7492886504268568e-10 0 -9.9448543819125844e-10 0 -0.00048601143558227983 3.2451569520283003e-07 -5.77800183862916e-05 0.0041134606092916737 -0.0002707830427837688 -0.00011161455454820416 -7.0293207698992401e-09
leaf_weight=547 270 1202 116 158 111 70 43 205 25 89 27 20 28 51 36 38 79 222 139 177 44 198 304
leaf_count=547 270 1202 116 158 111 70 43 205 25 89 27 20 28 51 36 38 79 222 139 177 44 198 304
internal_value=-0.000322696 -0.00111688 -0.00267347 -0.00403285 -0.00495343 -0.00085774 0.00185535 -0.00632812 -0.00805882 -0.0119675 -0.000654762 -0.0141489 -0.0194382 -0.0160526 -0.0254687 -0.00928571 -0.000696202 -0.00157312 -0.00351852 -0.000742887 -0.010544 -0.00291001 -0.00123701
internal_weight=4199 3652 2450 1096 859 229 159 630 425 267 158 47 178 114 64 63 237 1354 405 949 183 679 481
internal_count=4199 3652 2450 1096 859 229 159 630 425 267 158 47 178 114 64 63 237 1354 405 949 183 679 481
cat_boundaries=0 1 2 3 4 5 6
cat_threshold=32 144 12 83 132 24
is_linear=0
shrinkage=0.05


Tree=40
num_leaves=24
num_cat=6
split_feature=0 7 3 0 0 7 4 0 0 14 18 2 2 14 5 7 15 2 9 0 14 16 5
split_gain=5.98439 4.91148 1.99997 15.3294 8.16346 2.22859 1.34899 13.5055 9.37646 1.2602 1.69761 2.10152 1.67538 1.1347 2.20515 3.69881 1.83236 1.54186 1.14966 1.12359 0.945054 2.01667 0.9
threshold=0 1.5000000000000002 1.0000000180025095e-35 1 2 1.0000000180025095e-35 1.0000000180025095e-35 3 4 31346.425854967394 1.0000000180025095e-35 2029.5000000000002 2034.5000000000002 86975.927684141003 1.0921227308458137 1.0000000180025095e-35 91.749782985791924 2033.5000000000002 3835.9951384657606 5 44350.856459673661 1.756416666666667 0.96905256789785377
decision_type=1 2 2 1 1 2 2 1 1 2 2 2 2 2 2 2 2 2 2 1 2 2 2
left_child=-1 2 4 5 -2 9 8 20 -6 -4 -11 -12 -13 -10 15 17 -16 18 -15 -5 21 -8 -14
right_child=1 -3 3 19 6 -7 7 -9 13 10 11 12 22 14 16 -17 -18 -19 -20 -21 -22 -23 -24
leaf_value=0.021754581040205907 0.0058452630161602882 0.00086127456901920673 -5.5002792585098978e-05 3.0828991189767706e-07 0.0040433778127445755 -0.00049965555289887837 -0.00010553164640888894 8.0487090110907861e-06 -6.0611189491139782e-09 -5.9454863847650845e-05 -5.2493317088329721e-05 -8.5650235401036644e-05 -5.3250878288878488e-05 0 -6.5312023649090187e-05 0.00063120115601668564 1.3746443252134286e-11 0 0 -6.9049163592844386e-07 -0.0001060464703240182 -0.00011115081627854347 -5.7544575548175555e-05
leaf_weight=547 456 1202 49 327 329 56 30 212 353 20 37 25 20 21 20 26 49 41 28 207 94 30 20
leaf_count=547 456 1202 49 327 329 56 30 212 353 20 37 25 20 21 20 26 49 41 28 207 94 30 20
internal_value=8.21626e-05 -0.000652649 -0.00193878 -0.00406702 -0.00097987 -0.0146203 -0.00308528 -0.00565574 -0.00203576 -0.0180994 -0.0208197 -0.0234314 -0.0288462 -0.00604015 -0.00932432 -0.0135345 -0.00224638 -0.0183333 -0.0123469 0.000680147 -0.0163415 -0.0125 -0.0225
internal_weight=4199 3652 2450 761 1689 227 1233 366 867 171 122 102 65 538 185 116 69 90 49 534 154 60 40
internal_count=4199 3652 2450 761 1689 227 1233 366 867 171 122 102 65 538 185 116 69 90 49 534 154 60 40
cat_boundaries=0 1 2 3 4 5 6
cat_threshold=32 132 132 24 24 19
is_linear=0
shrinkage=0.05


Tree=41
num_leaves=24
num_cat=6
split_feature=0 7 3 0 0 7 4 0 0 14 18 2 1 14 16 14 5 7 2 15 10 2 2
split_gain=5.49481 3.93598 1.82976 16.6843 6.97289 2.22859 1.91408 13.5055 7.55103 1.2602 1.69761 2.10152 2.62564 0.945054 2.01667 0.80132 4.231 3.69881 1.54186 1.00439 0.791696 0.723314 0.698665
threshold=0 1.5000000000000002 1.0000000180025095e-35 1 2 1.0000000180025095e-35 1.0000000180025095e-35 3 4 31346.425854967394 1.0000000180025095e-35 2029.5000000000002 5 44350.856459673661 1.756416666666667 86975.927684141003 1.0921227308458137 1.0000000180025095e-35 2033.5000000000002 23.522357577268313 1.0000000180025095e-35 2030.5000000000002 2030.5000000000002
decision_type=1 2 2 1 1 2 2 1 1 2 2 2 1 2 2 2 2 2 2 2 2 2 2
left_child=-1 2 4 5 -2 9 8 13 -6 -4 -11 -12 -13 14 -8 19 17 18 20 -10 -17 -15 -3
right_child=1 22 3 -5 6 -7 7 -9 15 10 11 12 -14 21 -16 16 -18 -19 -20 -21 -22 -23 -24
leaf_value=0.020666851988195612 0.0055529998653522736 0.00015906289188302036 -5.2252652955844023e-05 1.832526301323501e-08 0.0038412089221073462 -0.00047467277525393455 -0.00010025506408844451 7.6462735605362479e-06 -3.0333586103860455e-06 -5.6482120655268307e-05 -4.9868651233913236e-05 -7.5214400629961919e-05 -5.0720280816152621e-05 -0.00010035819662814996 -0.0001055932754646163 0 1.305912108952757e-11 0.00059964109821585129 0 -4.715948749748374e-10 0 -0.00010074665772362964 0.0010034146868226623
leaf_weight=547 456 396 49 534 329 56 30 212 58 20 37 26 39 29 30 29 69 26 41 295 20 65 806
leaf_count=547 456 396 49 534 329 56 30 212 58 20 37 26 39 29 30 29 69 26 41 295 20 65 806
internal_value=0.000284592 -0.000420535 -0.00157143 -0.0036071 -0.000654233 -0.0146203 -0.00260257 -0.00565574 -0.00134371 -0.0180994 -0.0208197 -0.0234314 -0.0288462 -0.0163415 -0.0125 -0.00494526 -0.0077027 -0.0135345 -0.0183333 -0.00364023 -0.0123469 -0.0205319 0.0019218
internal_weight=4199 3652 2450 761 1689 227 1233 366 867 171 122 102 65 154 60 538 185 116 90 353 49 94 1202
internal_count=4199 3652 2450 761 1689 227 1233 366 867 171 122 102 65 154 60 538 185 116 90 353 49 94 1202
cat_boundaries=0 1 2 3 4 5 6
cat_threshold=32 132 132 24 24 1
is_linear=0
shrinkage=0.05


Tree=42
num_leaves=24
num_cat=6
split_feature=0 7 3 0 0 7 4 0 0 14 18 2 2 14 7 2 9 9 9 0 11 2 15
split_gain=4.9956 3.57498 2.05651 16.6843 6.23861 2.22859 2.1045 13.0815 6.71084 1.2602 1.69761 2.10152 1.67538 1.17166 1.13828 1.47393 1.43277 0.9 0.880556 0.689151 0.682298 0.787953 0.663232
threshold=0 1.5000000000000002 1.0000000180025095e-35 1 2 1.0000000180025095e-35 1.0000000180025095e-35 3 4 31346.425854967394 1.0000000180025095e-35 2029.5000000000002 2034.5000000000002 86975.927684141003 1.0000000180025095e-35 2033.5000000000002 3835.9951384657606 4205.0603686627064 13050.410690394101 5 1.0002257201636719 2032.5000000000002 71.422255621652425
decision_type=1 2 2 1 1 2 2 1 1 2 2 2 2 2 2 2 2 2 2 1 2 2 2
left_child=-1 2 4 5 -2 9 8 18 -6 -4 -11 -12 -13 20 15 16 -15 -14 -8 -3 22 -22 -10
right_child=1 19 3 -5 6 -7 7 -9 13 10 11 12 17 14 -16 -17 -18 -19 -20 -21 21 -23 -24
leaf_value=0.01963350938878583 0.0052753498720846601 0.0012702506098603906 -4.9640020308051829e-05 1.7408999862573262e-08 0.0036491484760019788 -0.00045093913649123788 -9.5639714741829521e-05 7.2639598825094355e-06 -5.7344832579095379e-09 -5.3658014622504888e-05 -4.7375218672217567e-05 -7.7930581604731126e-05 -4.9670647492617063e-05 0 3.1864155717813364e-05 0 2.4812339683148166e-12 -4.6137686837877218e-05 -0.00018958284022588687 0.00018434683770700142 -2.0944137003096549e-06 -2.9099292543365714e-06 3.2663569120444079e-10
leaf_weight=547 456 698 49 534 329 56 103 212 235 20 37 25 20 28 44 60 53 20 51 504 28 26 64
leaf_count=547 456 698 49 534 329 56 103 212 235 20 37 25 20 28 44 60 53 20 51 504 28 26 64
internal_value=0.000320315 -0.000352266 -0.00144898 -0.0036071 -0.000476613 -0.0146203 -0.002321 -0.00551913 -0.000997693 -0.0180994 -0.0208197 -0.0234314 -0.0288462 -0.00439781 -0.0077027 -0.00989362 -0.00549383 -0.0225 -0.0160366 0.0018802 -0.00279037 -0.00796296 -0.00185619
internal_weight=4199 3652 2450 761 1689 227 1233 366 867 171 122 102 65 538 185 141 81 40 154 1202 353 54 299
internal_count=4199 3652 2450 761 1689 227 1233 366 867 171 122 102 65 538 185 141 81 40 154 1202 353 54 299
cat_boundaries=0 1 2 3 4 5 6
cat_threshold=32 132 132 24 24 141
is_linear=0
shrinkage=0.05


Tree=43
num_leaves=24
num_cat=6
split_feature=0 3 0 7 0 4 0 7 0 15 5 7 2 2 15 5 9 5 0 7 16 4 15
split_gain=4.36776 3.10985 12.1508 7.86727 6.07591 2.3484 9.61997 5.88217 5.67071 1.33976 2.06667 3.69894 1.2537 1.4102 1.61397 1.26136 0.880556 1.04205 0.866258 0.902488 0.831044 0.810442 0.899711
threshold=0 1.0000000180025095e-35 1 1.0000000180025095e-35 2 1.0000000180025095e-35 3 1.5000000000000002 4 104.51569050480074 1.0794653556291733 1.0000000180025095e-35 2029.5000000000002 2035.5000000000002 59.668990118102194 0.96905256789785377 13050.410690394101 1.1577527833144476 5 1.0000000180025095e-35 1.4758333333333338 1.0000000180025095e-35 54.104991964674745
decision_type=1 2 1 2 1 2 1 2 1 2 2 2 2 2 2 2 2 2 1 2 2 2 2
left_child=-1 4 3 12 -2 8 -7 16 -6 -10 11 -11 -3 14 -14 -15 -8 -18 21 -20 -9 22 -4
right_child=1 2 18 -5 5 6 7 20 9 10 -12 -13 13 15 -16 -17 17 -19 19 -21 -22 -23 -24
leaf_value=0.018651833919346539 0.0070086083487617959 -4.6084016431119135e-05 -3.2440538124939982e-06 -0.00031062482817795288 0.0045207811014406213 7.1912438661138255e-06 -9.0857729004738047e-05 0.0016422477634887109 -1.0441048468938476e-10 -2.4812327112237275e-14 1.2282103336635452e-11 -0.0001600365386513054 -4.696363460795875e-05 -4.6503997864467968e-05 -9.6028300993989928e-05 -4.4566519056043067e-05 -0.0019967774368979886 -8.5169661884117648e-05 5.3742056880169138e-08 -5.1505472875428961e-05 -0.00097962043445253911 9.4136309075715401e-06 -4.9105907934677485e-06
leaf_weight=547 725 56 46 149 485 322 103 35 567 69 75 67 29 30 24 32 28 23 330 301 56 47 53
leaf_count=547 725 56 46 149 485 322 103 35 567 69 75 67 29 30 24 32 28 23 330 301 56 47 53
internal_value=0.000427483 -0.000202075 -0.00242935 -0.0104545 0.000753425 -0.000788043 -0.00346561 -0.0106863 0.000407759 -0.0022335 -0.00566351 -0.00933823 -0.0180994 -0.021087 -0.0270755 -0.0159677 -0.0170779 -0.022451 0.000997459 0.00180187 -0.00104396 -0.00237179 -0.00510101
internal_weight=4199 3652 1097 320 2555 1830 567 245 1263 778 211 136 171 115 53 62 154 51 777 631 91 146 99
internal_count=4199 3652 1097 320 2555 1830 567 245 1263 778 211 136 171 115 53 62 154 51 777 631 91 146 99
cat_boundaries=0 1 2 3 4 5 6
cat_threshold=32 132 132 67 24 8
is_linear=0
shrinkage=0.05


Tree=44
num_leaves=24
num_cat=3
split_feature=0 7 4 0 0 9 10 7 14 16 2 2 5 2 16 5 9 5 5 2 14 15 5
split_gain=3.28327 1.90972 1.02243 4.50118 1.29102 1.2604 1.50016 1.04551 1.13168 1.82267 1.20127 1.59802 1.05319 1.01478 0.792478 0.726702 0.681674 0.463255 0.520758 0.54662 0.742092 0.79023 0.546565
threshold=0 2.5000000000000004 1.0000000180025095e-35 1 2 35919.399043732286 1.5000000000000002 1.5000000000000002 43203.084249242173 1.756416666666667 2037.5000000000002 2033.5000000000002 1.084337575140127 2027.5000000000002 1.4758333333333338 0.89919980469317551 52322.234916612608 0.40013708798615666 0.56444565938134728 2030.5000000000002 88403.490714778294 96.555610848488513 1.0894399391156535
decision_type=1 2 2 1 1 2 2 2 2 2 2 2 2 2 2 2 2 2 2 2 2 2 2
left_child=-1 2 4 -4 -2 6 7 8 9 -5 11 14 -11 15 -10 -3 17 -6 -19 20 21 22 -20
right_child=1 13 3 5 16 -7 -8 -9 10 12 -12 -13 -14 -15 -16 -17 -18 18 19 -21 -22 -23 -24
leaf_value=0.017719242223379211 8.3335595141898468e-06 -0.00090296072397670884 3.7763412724689644e-06 1.3287699331139534e-05 -4.6857429197049668e-05 1.4875296321120109e-05 -7.7543015622347416e-06 -0.0011738921034424672 -8.5984255697853403e-05 -8.3632086870216073e-05 -5.1125259105148425e-05 -0.0012118009394242412 -9.0588329840008775e-05 0.0013477897167535398 -8.299972230665822e-05 0.0023344785937334991 -3.3530367637480652e-05 7.4789643600303657e-08 -3.2634878083450554e-09 1.2406163556118639e-15 3.1328117671684576e-12 -0.00015965952831147756 -3.3546371827128488e-05
leaf_weight=547 588 43 520 40 20 56 69 51 28 25 29 28 22 516 51 42 118 72 185 859 127 29 134
leaf_count=547 588 43 520 40 20 56 69 51 28 25 29 28 22 516 51 42 118 72 185 859 127 29 134
internal_value=0.000975232 0.000425997 -8.03014e-05 -0.00147443 0.000520638 -0.0053912 -0.00666181 -0.00832117 -0.00979821 -0.00534483 -0.0126471 -0.0150935 -0.0120213 0.00300333 -0.0114557 -0.00205882 -0.00024453 5.61012e-05 0.000163585 -5.99698e-05 -0.00142105 -0.00261494 -0.00189655
internal_weight=4199 3652 3051 919 2132 399 343 274 223 87 136 107 47 601 79 85 1544 1426 1406 1334 475 348 319
internal_count=4199 3652 3051 919 2132 399 343 274 223 87 136 107 47 601 79 85 1544 1426 1406 1334 475 348 319
cat_boundaries=0 1 2 3
cat_threshold=32 195 24
is_linear=0
shrinkage=0.05


Tree=45
num_leaves=24
num_cat=6
split_feature=3 0 7 0 4 0 7 0 14 9 14 16 5 16 0 9 14 18 1 9 14 2 11
split_gain=5.49411 12.0663 7.0136 4.90424 2.5351 5.99935 3.01984 2.20206 1.47868 1.3112 1.28584 1.64545 1.15743 1.70733 1.07955 1.00765 0.959019 1.69726 1.74676 1.01689 0.886429 0.848872 1.04712
threshold=1.0000000180025095e-35 0 1.0000000180025095e-35 1 1.0000000180025095e-35 2 1.5000000000000002 3 133343.17181013062 28341.279700853782 30577.265212828435 1.4758333333333338 1.1943901211755916 1.4758333333333338 4 202.18557157653274 24546.620459988368 1.0000000180025095e-35 5 10133.856146498527 37674.709143221706 2033.5000000000002 1.5806033704343603
decision_type=2 1 2 1 2 1 2 1 2 2 2 2 2 2 1 2 2 2 1 2 2 2 2
left_child=3 2 16 -1 7 -6 9 -5 -4 10 11 -7 13 -12 15 -3 -2 -18 19 -19 -20 22 -9
right_child=1 14 8 4 5 6 -8 21 -10 -11 12 -13 -14 -15 -16 -17 17 18 20 -21 -22 -23 -24
leaf_value=0.010546765111469165 -4.4791877225942323e-05 -3.5861482544553249e-06 9.5686161225544059e-06 0.0042943253683928821 6.6428646091846864e-06 2.6854449386343656e-05 -0.00026043764636701799 -4.2235439169823783e-09 -0.0007490359834752484 -5.8380690494440773e-05 -9.0809609871993121e-05 -8.6738261515268827e-05 -8.1365795718090151e-05 -8.3960974598796132e-05 5.0216523276440585e-07 1.5663164881689645e-06 -4.3593865487842006e-05 -4.134865760259263e-05 -4.2625269185657074e-05 -5.3756456227967506e-05 -4.2696864609087219e-05 5.2204622036514574e-12 -0.00039359584798096643
leaf_weight=1127 34 52 125 485 322 21 91 423 24 23 23 23 23 41 776 94 22 20 20 29 46 335 20
leaf_count=1127 34 52 125 485 322 21 91 423 24 23 23 23 23 41 776 94 22 20 20 29 46 335 20
internal_value=0.00098714 -0.00180354 -0.01 0.00215928 0.000543478 -0.00223104 -0.00794118 0.00179335 -0.00238255 -0.0125325 -0.0144656 -0.0075 -0.0179885 -0.0145312 0.00113734 -0.00269231 -0.0172222 -0.0190876 -0.0215217 -0.0286735 -0.0162121 0.000114213 -0.00132054
internal_weight=4199 1242 320 2957 1830 567 245 1263 149 154 131 44 87 64 922 146 171 137 115 49 66 778 443
internal_count=4199 1242 320 2957 1830 567 245 1263 149 154 131 44 87 64 922 146 171 137 115 49 66 778 443
cat_boundaries=0 1 2 3 4 5 6
cat_threshold=132 164 67 24 8 1
is_linear=0
shrinkage=0.05


Tree=46
num_leaves=24
num_cat=5
split_feature=3 0 7 0 4 0 7 0 9 5 16 2 16 0 4 15 15 5 5 9 2 5 16
split_gain=6.24124 11.0292 7.0136 4.95666 2.33952 5.99935 3.01984 2.30031 1.3112 1.14174 0.944833 1.10687 0.831044 0.690738 0.717036 0.7302 2.97048 1.225 0.621808 0.930032 0.571765 0.824916 0.55469
threshold=1.0000000180025095e-35 0 1.0000000180025095e-35 1 1.0000000180025095e-35 2 1.5000000000000002 3 28341.279700853782 1.2601101320002142 2.1729166666666671 2029.5000000000002 1.4758333333333338 4 1.0000000180025095e-35 59.016495951387469 38.807285180331199 0.938622391824802 0.7376789738161762 12231.723693714233 2032.5000000000002 0.96905256789785377 2.1729166666666671
decision_type=2 1 2 1 2 1 2 1 2 2 2 2 2 1 2 2 2 2 2 2 2 2 2
left_child=3 2 10 -1 7 -6 8 -5 9 -7 11 -2 -8 18 15 16 22 -18 19 -3 -13 -22 -15
right_child=1 13 -4 4 5 6 12 -9 -10 -11 -12 20 -14 14 -16 -17 17 -19 -20 -21 21 -23 -24
leaf_value=0.010019426855895706 -4.0519537963268458e-05 2.7025160367281181e-06 -0.00028261452773925593 0.0040796090999732377 6.3107213787254522e-06 -8.2349860152782382e-05 0.0015814182200129118 -2.5984452464474165e-13 -5.5461655969718732e-05 -7.780478956292031e-05 -4.0022575468677326e-05 -4.0213801897549451e-05 -0.00087693966199106676 5.5216064025160122e-07 2.8826913899401396e-06 1.1185007213572217e-08 -0.00026815624705356903 -0.00019156125115080738 2.7090935166249509e-06 -3.1080483226002588e-05 -4.2644157841362329e-05 -4.2464494249069018e-05 -2.686054184843994e-06
leaf_weight=1127 47 61 149 485 322 105 35 778 23 26 39 25 56 72 132 175 20 20 381 28 33 27 33
leaf_count=1127 47 61 149 485 322 105 35 778 23 26 39 25 56 72 132 175 20 20 381 28 33 27 33
internal_value=0.000808526 -0.00216586 -0.01 0.00205783 0.000434783 -0.00223104 -0.00794118 0.001635 -0.0125325 -0.0144656 -0.0172222 -0.0192424 -0.00104396 0.000654507 -0.000735931 -0.00203125 -0.00465517 -0.01625 0.00197917 -0.00174157 -0.0226471 -0.02 -0.000238095
internal_weight=4199 1242 320 2957 1830 567 245 1263 154 131 171 132 91 922 452 320 145 40 470 89 85 60 105
internal_count=4199 1242 320 2957 1830 567 245 1263 154 131 171 132 91 922 452 320 145 40 470 89 85 60 105
cat_boundaries=0 1 2 3 4 5
cat_threshold=132 164 67 24 35
is_linear=0
shrinkage=0.05


Tree=47
num_leaves=24
num_cat=4
split_feature=0 7 4 0 0 5 9 11 2 0 7 7 5 11 5 9 2 2 15 15 15 9 11
split_gain=3.37171 1.74781 1.22272 4.16248 1.37107 1.1212 1.39914 1.02297 0.949171 0.891978 1.54815 1.03869 0.753818 0.747236 0.726702 0.706105 1.47953 1.31237 0.751111 0.747521 0.717391 0.653091 1.36566
threshold=0 2.5000000000000004 1.0000000180025095e-35 1 2 1.3466728658495071 27912.41317200923 1.008575700215985 2027.5000000000002 3 1.0000000180025095e-35 1.0000000180025095e-35 1.232385959691737 0.080905522735194371 0.89919980469317551 1892.6379365957689 2037.5000000000002 2035.5000000000002 45.445502452887652 45.445502452887652 79.819688539781865 609.11502569308516 0.018032883825218161
decision_type=1 2 2 1 1 2 2 2 2 1 2 2 2 2 2 2 2 2 2 2 2 2 2
left_child=-1 2 4 5 -2 6 7 15 14 11 12 -5 13 -11 -3 17 19 18 -4 -17 -21 -13 -23
right_child=1 8 3 9 -6 -7 -8 -9 -10 10 -12 21 -14 -15 -16 16 -18 -19 -20 20 -22 22 -24
leaf_value=0.016614242284955463 8.8451409195409975e-06 -0.00084656709837591321 -6.1255382443484866e-06 4.1297129644101093e-06 -2.4685229841250456e-13 -7.5722668580574453e-05 1.5252121288280886e-05 9.3366308977992165e-06 0.001280454828099447 -3.9080647221617702e-05 0.0016719265822114076 0.00067062403242496189 6.5388079943186597e-05 -3.2269724824807202e-05 0.0022177072405047916 -7.3316918604701583e-05 2.8140796831912385e-05 -0.0023375469238581543 -0.00015216381989529472 -0.0016541394043411571 -6.3771551488255937e-05 -9.2060654748742538e-05 -0.00078763682845181939
leaf_weight=547 588 43 20 238 1544 31 34 28 516 69 102 46 39 49 42 30 23 29 25 22 24 90 20
leaf_count=547 588 43 20 238 1544 31 34 28 516 69 102 46 39 49 42 30 23 29 25 22 24 90 20
internal_value=0.000927602 0.000371382 -0.000113077 -0.00163765 0.00054409 -0.00677536 -0.00585106 -0.00743781 0.00283694 0.000550528 -0.00169145 0.0020297 -0.00487261 -0.00686441 -0.00205882 -0.00887283 -0.00611111 -0.0125676 -0.00722222 -0.00947368 -0.0134783 -0.00108974 -0.00318182
internal_weight=4199 3652 3051 919 2132 266 235 201 601 653 259 394 157 118 85 173 99 74 45 76 46 156 110
internal_count=4199 3652 3051 919 2132 266 235 201 601 653 259 394 157 118 85 173 99 74 45 76 46 156 110
cat_boundaries=0 1 2 3 4
cat_threshold=32 24 24 67
is_linear=0
shrinkage=0.05


Tree=48
num_leaves=24
num_cat=5
split_feature=3 0 7 0 14 14 18 9 4 0 5 0 17 14 7 9 15 7 2 0 14 5 4
split_gain=6.14645 11.6 7.0136 3.86778 1.91297 0.959019 1.69726 1.32558 0.950419 3.0588 2.77865 2.09259 0.734311 0.691414 0.763967 0.87737 0.62574 0.956285 0.986896 0.529435 0.652078 0.554895 0.537683
threshold=1.0000000180025095e-35 0 1.0000000180025095e-35 1 129024.64539963414 24546.620459988368 1.0000000180025095e-35 10133.856146498527 1.0000000180025095e-35 2 1.3466728658495071 3 74.884166666666673 11568.323244218222 2.5000000000000004 27912.41317200923 120.08879158805752 1.0000000180025095e-35 2032.5000000000002 4 16049.574822509099 1.1246321737264284 1.0000000180025095e-35
decision_type=2 1 2 1 2 2 2 2 2 1 2 1 2 2 2 2 2 2 2 1 2 2 2
left_child=3 2 5 -1 -4 -2 -7 12 11 -10 13 -5 -8 -11 15 16 17 18 -15 -3 21 -21 -22
right_child=1 19 4 8 -6 6 7 -9 9 10 -12 -13 -14 14 -16 -17 -18 -19 -20 20 22 -23 -24
leaf_value=0.0094861895444157927 -4.052512464538756e-05 2.1977365436573592e-06 9.6904724481842854e-06 0.003875186387928599 -0.00071383445833202543 -3.9281964309039174e-05 -3.9389197558805061e-05 -3.7699939081549691e-05 5.7886996615686739e-06 3.855939834098364e-05 -7.3341853045320282e-05 -2.3450968349187933e-13 -3.5112311794500604e-05 -6.9392348809913383e-05 0.00063107069809818209 2.0500451525415768e-05 -6.8863022983668091e-05 -0.0020716007734402583 3.0909750542740457e-05 -0.00050749080248862826 -3.4959831762848584e-07 7.1579245186676429e-07 5.9243266156873798e-06
leaf_weight=1127 34 470 124 485 25 22 47 47 322 22 25 778 21 31 50 23 22 33 39 30 285 22 115
leaf_count=1127 34 470 124 485 25 22 47 47 322 22 25 778 21 31 50 23 22 33 39 30 285 22 115
internal_value=0.00098714 -0.00196457 -0.01 0.00222692 -0.00238255 -0.0172222 -0.0190876 -0.0215217 0.000788044 -0.000908289 -0.005 0.00155582 -0.0170588 -0.00340909 -0.00434343 -0.00614865 -0.0078 -0.00616505 -0.00285714 0.000922747 -0.00030303 -0.00557692 0.000375
internal_weight=4199 1242 320 2957 149 171 137 115 1830 567 245 1263 68 220 198 148 125 103 70 922 452 52 400
internal_count=4199 1242 320 2957 149 171 137 115 1830 567 245 1263 68 220 198 148 125 103 70 922 452 52 400
cat_boundaries=0 1 2 3 4 5
cat_threshold=132 164 67 24 35
is_linear=0
shrinkage=0.05


Tree=49
num_leaves=24
num_cat=6
split_feature=3 0 7 0 14 14 18 1 9 14 4 0 5 0 14 9 7 21 7 15 5 1 9
split_gain=5.45845 11.8569 7.33438 3.57521 1.44156 0.959019 1.69726 1.74676 1.01689 0.886429 0.819237 2.74009 2.24683 2.09259 0.654545 0.818182 1.00143 0.54362 0.50801 0.506777 0.487535 0.627517 0.595238
threshold=1.0000000180025095e-35 0 1.0000000180025095e-35 1 129024.64539963414 24546.620459988368 1.0000000180025095e-35 2 10133.856146498527 37674.709143221706 1.0000000180025095e-35 3 1.3466728658495071 4 11568.323244218222 13884.561772756344 2.5000000000000004 1.0000000180025095e-35 1.0000000180025095e-35 11.367323337404082 0.92150294269003385 5 948.31837896333741
decision_type=2 1 2 1 2 2 2 1 2 2 2 1 2 1 2 2 2 2 2 2 2 1 2
left_child=3 2 5 -1 -4 -2 -7 8 -8 -9 13 18 14 -5 -13 16 20 -3 -12 -19 22 -22 -16
right_child=1 17 4 10 -6 6 7 9 -10 -11 11 12 -14 -15 15 -17 -18 19 -20 -21 21 -23 -24
leaf_value=0.0090118800671950047 -3.8498868413118179e-05 2.6693485316465364e-06 9.2059488257750637e-06 0.0036814270685321688 -0.00067814273541542426 -3.7317866093587211e-05 -3.5198264898402371e-05 -3.649856893792792e-05 -4.7060411737695574e-05 -3.7732518013961855e-05 5.4861639338720234e-06 3.6631428423934453e-05 -6.9674760393054265e-05 -2.2278419931728538e-13 -0.00093800817658262433 1.7673275049879223e-05 0.00059951714957515872 -3.6096961057094512e-06 0.00015354373459870843 3.7234211117582222e-07 9.0242976778051879e-06 -0.0010361782022074845 -9.2478896998652335e-05
leaf_weight=1127 34 108 124 485 25 22 20 20 29 46 159 22 25 778 21 66 30 21 163 793 23 37 21
leaf_count=1127 34 108 124 485 25 22 20 20 29 46 159 22 25 778 21 66 30 21 163 793 23 37 21
internal_value=0.00105859 -0.00172303 -0.00984848 0.00222692 -0.00204698 -0.0172222 -0.0190876 -0.0215217 -0.0286735 -0.0162121 0.000842391 -0.000731922 -0.00460784 0.00155582 -0.00318182 -0.00409091 -0.00636364 0.00119099 0.00228916 0.000761671 -0.00872549 -0.00583333 -0.0128571
internal_weight=4199 1242 320 2957 149 171 137 115 49 66 1830 567 245 1263 220 198 132 922 322 814 102 60 42
internal_count=4199 1242 320 2957 149 171 137 115 49 66 1830 567 245 1263 220 198 132 922 322 814 102 60 42
cat_boundaries=0 1 2 3 4 5 6
cat_threshold=132 164 1 67 24 1
is_linear=0
shrinkage=0.05


Tree=50
num_leaves=24
num_cat=2
split_feature=0 7 0 7 9 7 4 9 9 5 2 14 8 9 5 14 14 14 2 2 9 5 5
split_gain=2.84767 1.53933 0.788771 3.18708 0.925268 0.823055 0.741604 0.960841 1.00875 0.822225 0.706675 0.704663 0.72 0.617206 0.55543 0.543711 0.626282 0.69599 0.860504 0.575382 1.09815 0.609144 0.693619
threshold=0 2.5000000000000004 1 1.0000000180025095e-35 56801.690371426215 1.0000000180025095e-35 1.0000000180025095e-35 30029.915240155937 11537.193013450045 1.1415607775418246 2027.5000000000002 133343.17181013062 1.0000000180025095e-35 39352.25021786704 0.89919980469317551 110052.16701086449 17470.38653641288 11568.323244218222 2035.5000000000002 2033.5000000000002 17694.692555299753 1.0816180947461709 0.87576888871408942
decision_type=1 2 1 2 2 2 2 2 2 2 2 2 2 2 2 2 2 2 2 2 2 2 2
left_child=-1 2 3 4 6 13 9 8 -8 -2 14 -5 -13 15 -3 16 17 -4 -19 -17 21 22 -21
right_child=1 10 5 11 -6 -7 7 -9 -10 -11 -12 12 -14 -15 -16 19 -18 18 -20 20 -22 -23 -24
leaf_value=0.015671714463459937 -3.4172110298095992e-05 -0.00081648814740659646 1.4037147208719781e-07 0.0012780239051193804 -2.4246441577973688e-05 -0.00015646871154661787 -9.377978480447195e-05 0.00036454698103661321 -8.6460650103931146e-05 0.00090305599563266436 0.0012164315181101954 0.0011417031157792757 -0.00058449009922169099 1.676521301862536e-06 0.0021068208550111983 2.1111491846189612e-10 2.0063524634299045e-08 -3.2266625031979053e-05 2.6374431046655759e-08 -2.1164498935142112e-13 2.9290726977546363e-07 -1.7276594680336426e-07 -1.8034941149314082e-06
leaf_weight=547 251 43 115 287 21 846 105 24 22 96 516 25 25 167 42 112 790 40 28 22 24 25 26
leaf_count=547 251 43 115 287 21 846 105 24 22 96 516 25 25 167 42 112 790 40 28 22 24 25 26
internal_value=0.000951417 0.000439651 -1.47491e-05 -0.0012933 -0.00376686 0.000487529 -0.00333333 -0.00625828 -0.00799213 -0.00206052 0.00275374 0.00247774 -0.003 0.00125649 -0.00147059 0.000854484 0.00135149 -0.00128415 -0.00529412 -0.00145933 -0.00427835 -0.00732877 -0.010625
internal_weight=4199 3652 3051 856 519 2195 498 151 127 347 601 337 50 1349 85 1182 973 183 68 209 97 73 48
internal_count=4199 3652 3051 856 519 2195 498 151 127 347 601 337 50 1349 85 1182 973 183 68 209 97 73 48
cat_boundaries=0 1 2
cat_threshold=32 132
is_linear=0
shrinkage=0.05


Tree=51
num_leaves=24
num_cat=6
split_feature=3 0 7 0 14 14 18 1 9 14 0 4 4 0 0 5 2 15 14 15 14 15 15
split_gain=5.08234 11.5747 6.69999 5.03578 1.27031 0.959019 1.69726 1.74676 1.01689 0.886429 0.760313 1.45883 1.29647 2.48414 1.71981 2.31186 0.957397 0.817931 1.06513 1.04182 1.49744 0.788216 1.20981
threshold=1.0000000180025095e-35 0 1.0000000180025095e-35 1 129024.64539963414 24546.620459988368 1.0000000180025095e-35 2 10133.856146498527 37674.709143221706 3 1.0000000180025095e-35 1.0000000180025095e-35 4 5 1.3466728658495071 2038.5000000000002 76.866571170776012 36795.514088495845 127.56709435200287 80922.769451986052 145.1811954609453 85.381981517116529
decision_type=2 1 2 1 2 2 2 1 2 2 1 2 2 1 1 2 2 2 2 2 2 2 2
left_child=3 2 5 -1 -4 -2 -7 8 -8 -9 11 16 13 -12 -14 -16 17 18 -5 20 -19 22 -15
right_child=1 -3 4 10 -6 6 7 9 -10 -11 12 -13 14 21 15 -17 -18 19 -20 -21 -22 -23 -24
leaf_value=0.0085488258894003775 -3.4865319477557465e-05 9.6903395132437315e-07 -5.5155543871483111e-05 -1.1348451180430438e-06 -0.00064953496107026168 -3.3743367274003052e-05 -3.8520456572975842e-05 -3.3185752556433208e-05 -7.7810474152925855e-05 -3.264709493554986e-05 0.0034973547119293278 4.343232322935937e-06 5.1411304167035125e-06 1.6886651973753566e-09 -5.6620769520363416e-05 -6.6228763946348269e-05 -0.00017600090308714266 1.5930076283886195e-06 1.5940331469268582e-06 2.0302899245945815e-10 -2.3153476826878227e-05 9.9168520852849783e-07 -1.0033878767043036e-09
leaf_weight=1127 34 922 124 68 25 22 20 20 29 46 485 109 213 342 220 25 24 21 51 33 40 67 132
leaf_count=1127 34 922 124 68 25 22 20 20 29 46 485 109 213 342 220 25 24 21 51 33 40 67 132
internal_value=0.000558466 -0.0021256 -0.0101515 0.00168583 -0.00271812 -0.0172222 -0.0190876 -0.0215217 -0.0286735 -0.0162121 5.4348e-05 -0.00202247 0.000548862 0.00153996 -0.00165939 -0.00441176 -0.0042827 -0.00321596 -0.000462185 -0.00670213 -0.0105738 -0.000807622 -0.00154008
internal_weight=4199 1242 320 2957 149 171 137 115 49 66 1830 346 1484 1026 458 245 237 213 119 94 61 541 474
internal_count=4199 1242 320 2957 149 171 137 115 49 66 1830 346 1484 1026 458 245 237 213 119 94 61 541 474
cat_boundaries=0 1 2 3 4 5 6
cat_threshold=132 164 1 2 24 65
is_linear=0
shrinkage=0.05


Tree=52
num_leaves=24
num_cat=4
split_feature=3 0 7 0 14 4 7 14 18 1 9 14 5 16 2 7 5 5 9 1 17 5 5
split_gain=6.0875 10.8914 6.69999 3.24563 1.27031 1.11144 1.7657 0.959019 1.69726 1.74676 1.01689 0.886429 0.846047 0.819476 0.606224 0.568691 0.856851 0.726799 1.2736 0.608768 0.581108 0.549597 0.643486
threshold=1.0000000180025095e-35 0 1.0000000180025095e-35 1 129024.64539963414 1.0000000180025095e-35 1.0000000180025095e-35 24546.620459988368 1.0000000180025095e-35 2 10133.856146498527 37674.709143221706 1.084337575140127 1.0000000180025095e-35 2036.5000000000002 2.5000000000000004 1.1153207202073521 1.4590833241574643 19921.254983516897 3 73.879583333333343 1.3514613398798503 1.2892373734878864
decision_type=2 1 2 1 2 2 2 2 2 1 2 2 2 2 2 2 2 2 2 1 2 2 2
left_child=3 2 7 5 14 -1 -7 -2 -9 10 -10 -11 -5 -3 -4 16 20 21 19 -19 -14 22 -18
right_child=1 13 4 12 -6 6 -8 8 9 11 -12 -13 15 -15 -16 -17 17 18 -20 -21 -22 -23 -24
leaf_value=0.015580700201320109 -3.3122053503679594e-05 2.4864262312662762e-06 0.00061585324080349582 1.5197164241792161e-07 -0.00061705821301674864 -0.00019727250757407434 0.0077528319643727769 -3.2056198910302901e-05 -3.6594433744327052e-05 -3.1526464928611543e-05 -7.3919950445279562e-05 -3.1014740188772367e-05 -0.00067183453118210661 -2.5204609157454552e-08 -0.00044775028918418692 0.0011653889482303183 7.7959874630674727e-09 4.7500682709428831e-07 -0.0008749207054679466 -6.0207967941579171e-05 -1.4583614920675452e-08 4.5440505049104082e-06 -6.0170985192198128e-05
leaf_weight=772 34 108 88 1122 25 170 185 22 20 20 29 46 29 814 36 103 310 23 22 39 28 79 75
leaf_count=772 34 108 88 1122 25 170 185 22 20 20 29 46 29 814 36 103 310 23 22 39 28 79 75
internal_value=0.000570374 -0.00236715 -0.0101515 0.00180419 -0.00271812 0.00390062 0.00161972 -0.0172222 -0.0190876 -0.0215217 -0.0286735 -0.0162121 0.000489131 0.000439914 -0.000645161 -0.000861582 -0.00144628 -0.000839416 -0.00511905 -0.00145161 -0.0072807 -6.4655e-05 -0.000844156
internal_weight=4199 1242 320 2957 149 1127 355 171 137 115 49 66 1830 922 124 708 605 548 84 62 57 464 385
internal_count=4199 1242 320 2957 149 1127 355 171 137 115 49 66 1830 922 124 708 605 548 84 62 57 464 385
cat_boundaries=0 1 2 3 4
cat_threshold=132 164 1 2
is_linear=0
shrinkage=0.05


Tree=53
num_leaves=24
num_cat=3
split_feature=3 0 0 6 8 4 14 0 8 2 5 16 5 2 16 9 2 9 11 5 17 15 14
split_gain=6.21745 10.5823 2.98775 2.54598 1.87931 1.11144 0.987239 0.86691 1.23161 0.907556 0.859147 0.823558 0.903927 1.33834 0.819476 0.676136 0.923913 0.72803 0.526281 0.489452 0.775758 0.467337 0.491672
threshold=1.0000000180025095e-35 0 1 1.0000000180025095e-35 1.0000000180025095e-35 1.0000000180025095e-35 142937.22037942099 2 1.0000000180025095e-35 2029.5000000000002 1.0179578550006412 1.4758333333333338 0.80526734759815788 2032.5000000000002 1.0000000180025095e-35 9586.3725881875816 2030.5000000000002 14487.388594137918 0.020164863173175854 0.52541672543949758 73.879583333333343 87.796375927012051 31746.985827870991
decision_type=2 1 1 2 2 2 2 1 2 2 2 2 2 2 2 2 2 2 2 2 2 2 2
left_child=2 3 5 4 6 -1 11 -7 9 -9 -5 12 -2 -14 -3 16 -13 -17 -6 20 -16 22 -11
right_child=1 14 -4 10 18 7 -8 8 -10 21 -12 15 13 -15 19 17 -18 -19 -20 -21 -22 -23 -24
leaf_value=0.014801665191254101 -3.2453418366566883e-05 2.3621049197029623e-06 1.2016326717311265e-07 0.00084523301208470946 -0.00071185217549917857 0.02115814820633212 -2.5867241806458538e-05 -0.0016327595846520283 0.0064733765495899034 -7.787822822972123e-05 -0.00027667246247805596 0.00022440002552893946 -5.4254564294077692e-05 -2.8844265579569628e-05 -0.00062492006442263449 -8.1122010231927705e-05 -3.1760168485849561e-05 -3.2291233783552006e-05 0.00061127169013722865 3.0634872779916878e-07 1.4776871017689657e-06 -0.0014987181849174065 0.00179699110376014
leaf_weight=772 29 108 1830 30 31 132 22 28 72 38 29 23 25 22 20 20 45 24 20 770 24 44 41
leaf_count=772 29 108 1830 30 31 132 22 28 72 38 29 23 25 22 20 20 45 24 20 770 24 44 41
internal_value=0.00064182 -0.00232689 0.00188874 -0.01 -0.0124329 0.00390062 -0.0145238 0.00161972 -0.000364807 -0.00294702 -0.000932203 -0.0133511 -0.0173684 -0.0130851 0.000439914 -0.010625 -0.0075 -0.0154545 -0.00382353 -9.82799e-05 -0.00522727 -0.00109756 0.00120253
internal_weight=4199 1242 2957 320 261 1127 210 355 223 151 59 188 76 47 922 112 68 44 51 814 44 123 79
internal_count=4199 1242 2957 320 261 1127 210 355 223 151 59 188 76 47 922 112 68 44 51 814 44 123 79
cat_boundaries=0 1 2 3
cat_threshold=132 164 32
is_linear=0
shrinkage=0.05


Tree=54
num_leaves=24
num_cat=4
split_feature=0 7 0 7 0 4 5 7 4 14 5 16 9 9 2 15 10 15 14 5 2 14 1
split_gain=2.9501 1.53515 1.31264 1.69992 1.16561 1.46293 1.15524 1.28505 1.0785 0.845816 0.781164 1.30839 0.68723 0.667743 0.811739 0.938312 0.665952 0.877926 1.5616 0.64837 0.625638 0.596273 0.592982
threshold=0 2.5000000000000004 1 1.0000000180025095e-35 2 1.0000000180025095e-35 1.2601101320002142 1.5000000000000002 1.0000000180025095e-35 157226.55219614532 0.84175118767219159 1.4758333333333338 948.31837896333741 30029.915240155937 2035.5000000000002 46.866759309991963 1.5000000000000002 136.78236400570566 81369.621207484612 1.1347049787747847 2027.5000000000002 83895.972465421466 3
decision_type=1 2 1 2 1 2 2 2 2 2 2 2 2 2 2 2 2 2 2 2 2 2 1
left_child=-1 2 -2 4 8 9 -5 21 16 10 11 -6 -12 14 19 -16 17 18 22 -7 -3 -8 -4
right_child=1 20 3 6 5 13 7 -9 -10 -11 12 -13 -14 -15 15 -17 -18 -19 -20 -21 -22 -23 -24
leaf_value=0.014850805695744785 1.3771917409543543e-07 -0.00036740483725907722 1.3192755343969288e-07 0.00053161166293410147 -2.9195181380402628e-05 -0.00084431638468771344 -0.00039188893762154471 0.00072013271067400333 4.7610423216532288e-06 -2.1833651428684533e-05 0.0011788606109705475 0.00031772383868782211 -2.0963389265210705e-05 -1.7313829379954273e-05 0.00034179817243768385 -0.0016300419395593154 3.0790770163105794e-06 1.5314771342178212e-06 -3.9261956010232486e-08 -0.0005040459536472966 0.0011522956923411807 -0.00084464365083613538 -1.8544289753983569e-08
leaf_weight=547 1725 85 54 430 53 53 25 45 73 24 73 45 167 30 22 28 29 28 42 24 516 21 60
leaf_count=547 1725 85 54 430 53 53 25 45 73 24 73 45 167 30 22 28 29 28 42 24 516 21 60
internal_value=0.000713265 0.000193883 -0.00026057 -0.00143713 -0.0028882 -0.00426276 0.000777351 -0.00434066 -0.000236486 -0.00259668 -0.00195266 -0.00571429 -0.000416666 -0.0083758 -0.00996063 -0.005 -0.00204225 -0.00315217 -0.00461538 -0.0131818 0.00250416 -0.0102174 -0.00157895
internal_weight=4199 3652 3051 1326 805 519 521 91 286 362 338 98 240 157 127 50 213 184 156 77 601 46 114
internal_count=4199 3652 3051 1326 805 519 521 91 286 362 338 98 240 157 127 50 213 184 156 77 601 46 114
cat_boundaries=0 1 2 3 4
cat_threshold=32 27 64 1
is_linear=0
shrinkage=0.05


Tree=55
num_leaves=24
num_cat=3
split_feature=3 0 4 7 0 16 15 2 16 4 7 35 7 2 5 14 14 0 14 5 5 37 5
split_gain=4.52116 6.47905 3.89722 5.02132 3.58972 1.36491 1.14825 1.12099 0.819476 0.771836 1.22618 0.516597 0.512211 0.491521 0.472906 0.434729 0.566871 0.597518 0.801976 0.491156 0.63122 0.432612 0.43117
threshold=1.0000000180025095e-35 0 1.0000000180025095e-35 1.0000000180025095e-35 1 1.4758333333333338 41.50241922839713 2035.5000000000002 1.0000000180025095e-35 1.0000000180025095e-35 1.0000000180025095e-35 0.017271466391696414 1.5000000000000002 2032.5000000000002 0.81306325873261354 154016.62477591509 137152.44201188805 2 81369.621207484612 1.0566613915605825 0.83296196964687219 1.0000000180025095e-35 0.86354054545950343
decision_type=2 1 2 2 1 2 2 2 2 2 2 2 2 2 2 2 2 1 2 2 2 2 2
left_child=4 2 3 5 9 14 -7 12 -3 -1 -11 22 -5 -8 -2 16 17 18 19 20 -10 -19 -6
right_child=1 8 -4 7 11 6 13 -9 15 10 -12 -13 -14 -15 -16 -17 -18 21 -20 -21 -22 -23 -24
leaf_value=0.014062710422335464 -3.3187868905161437e-05 2.2127308467251935e-06 6.2140786512026051e-07 -0.00016038588607601202 1.4920507869234208e-06 -2.4608907645897432e-05 -2.3738250293562184e-05 -0.00062176564588154327 4.1679598642268403e-06 -8.7482056222128461e-05 0.0071459661408959322 -0.0011135413453939433 0.00056054783822692537 -6.8776156121520205e-05 -7.2841823036131451e-05 2.33835861463486e-06 -0.00037729202793239928 1.2254773259956556e-06 -0.0003245016844234226 8.8487182488397455e-07 -0.00054896700030593218 -0.00053007124307551644 2.0823230194228037e-08
leaf_weight=772 21 108 102 24 565 27 21 35 26 170 185 20 41 20 29 72 34 569 33 35 23 22 1245
leaf_count=772 21 108 102 24 565 27 21 35 26 170 185 20 41 20 29 72 34 569 33 35 23 22 1245
internal_value=0.000808526 -0.00172303 -0.00772727 -0.0117431 0.00187183 -0.0187288 -0.0141176 -0.0035 0.000439914 0.00407652 0.0021831 0.000489131 0.000384616 -0.0193902 -0.025 -9.82799e-05 -0.000458221 -0.000155367 -0.00326772 -0.000952381 -0.00418367 0.000507488 0.000580111
internal_weight=4199 1242 320 218 2957 118 68 100 922 1127 355 1830 65 41 50 814 742 708 117 84 49 591 1810
internal_count=4199 1242 320 218 2957 118 68 100 922 1127 355 1830 65 41 50 814 742 708 117 84 49 591 1810
cat_boundaries=0 1 2 3
cat_threshold=132 164 64
is_linear=0
shrinkage=0.05


Tree=56
num_leaves=24
num_cat=3
split_feature=3 0 0 9 6 16 5 14 5 16 9 9 15 14 6 2 16 11 5 15 15 0 2
split_gain=3.52757 7.02697 3.64523 2.26023 1.43667 0.980533 1.29193 0.72154 0.72 0.635664 0.497215 0.421222 1.00946 0.768715 0.781017 0.433553 0.448616 0.673623 0.547902 0.763394 1.29293 0.434631 0.422159
threshold=1.0000000180025095e-35 0 1 41527.489254423395 1.0000000180025095e-35 1.4758333333333338 0.8453298642714665 43736.762750001646 1.0444469704850843 1.0000000180025095e-35 14303.539581722145 43739.701289023906 116.28100362387077 101974.048433723 1.0000000180025095e-35 2037.5000000000002 1.756416666666667 1.0164012017332322 1.0871140789853733 24.812388260590357 35.604138935003014 2 2029.5000000000002
decision_type=2 1 1 2 2 2 2 2 2 2 2 2 2 2 2 2 2 2 2 2 2 1 2
left_child=2 3 -1 4 5 6 -2 -7 -8 -3 -9 12 15 -14 -15 16 21 18 -18 -20 -21 -4 -22
right_child=1 9 11 -5 -6 7 8 10 -10 -11 -12 -13 13 14 -16 -17 17 -19 19 20 22 -23 -24
leaf_value=0.0072953044766503666 -5.3537962810711271e-05 2.1020943043889341e-06 1.2666520624775903e-06 -0.00012499630902409485 0.00053465067334874277 -2.5213485625285282e-05 -2.6973248906607524e-07 -0.00010462655262498166 -7.0496470825554973e-05 8.5323066036332524e-07 -9.8764560830399379e-06 1.5000062893798942e-06 -0.00055810731820681752 -4.2043703574013243e-07 0.00104596479459909 1.3648551878517539e-06 -2.0448569208636588e-08 3.4268939808288664e-05 1.8414662033909597e-06 -0.00063583950070197827 -0.00042546907871367072 8.1227586117189098e-08 3.8356080109953428e-07
leaf_weight=1127 37 108 250 34 52 67 25 59 25 814 21 221 25 200 36 265 220 56 42 33 23 416 43
leaf_count=1127 37 108 250 34 52 67 25 59 25 814 21 221 25 200 36 265 220 56 42 33 23 416 43
internal_value=0.000915694 -0.00132045 0.00185492 -0.00757576 -0.00636364 -0.00803419 -0.0122414 -0.00554422 -0.007 0.000922747 -0.00875 0.000461957 0.000183344 -0.00266284 -0.00177966 0.000734422 0.000290859 -0.000995204 -0.0017867 -0.00421986 -0.00661616 0.0010961 -0.00257576
internal_weight=4199 1242 2957 320 286 234 87 147 50 922 80 1830 1609 261 236 1348 1083 417 361 141 99 666 66
internal_count=4199 1242 2957 320 286 234 87 147 50 922 80 1830 1609 261 236 1348 1083 417 361 141 99 666 66
cat_boundaries=0 1 2 3
cat_threshold=132 164 10
is_linear=0
shrinkage=0.05


Tree=57
num_leaves=24
num_cat=3
split_feature=3 0 4 7 0 4 7 16 15 14 2 5 16 16 2 11 11 14 14 5 4 0 4
split_gain=3.13485 6.53544 3.91797 5.07174 2.74226 1.62279 1.94084 1.12558 1.14825 0.9025 0.854328 0.652906 0.63744 0.635664 0.491521 0.389047 0.618028 0.483951 0.411726 0.355122 0.610727 0.458038 2.91308
threshold=1.0000000180025095e-35 0 1.0000000180025095e-35 1.0000000180025095e-35 1 1.0000000180025095e-35 1.0000000180025095e-35 1.4758333333333338 41.50241922839713 121568.2744900103 2036.5000000000002 0.81306325873261354 1.0000000180025095e-35 1.0000000180025095e-35 2032.5000000000002 0.007724668100009594 0.33976921189614956 77506.516118676547 39316.05765398981 1.4590833241574643 1.0000000180025095e-35 2 1.0000000180025095e-35
decision_type=2 1 2 2 1 2 2 2 2 2 2 2 2 2 2 2 2 2 2 2 2 1 2
left_child=4 2 3 7 5 -1 12 11 -9 10 -5 -2 -7 -3 -10 17 -17 -14 -18 21 -21 22 -6
right_child=1 13 -4 9 19 6 -8 8 14 -11 -12 -13 15 -15 -16 16 18 -19 -20 20 -22 -23 -24
leaf_value=0.012994809677386171 -2.8851577319367803e-05 1.9969895891694874e-06 2.5809277748811056e-06 0.00049915851058593137 0.0034276592234104442 0.0062513800823696484 0.0064239026100186176 -2.2117787982338297e-05 -1.7320010147634994e-05 -0.0004433364917320571 -0.00089325660079025504 -6.5674908343047136e-05 0.00088435333916630837 8.1056912734515899e-07 -5.9189381617399389e-05 -0.0018403320958453786 -0.00083220327222422591 -0.00049410311915421359 0.0013163991106301348 1.7399833839806594e-06 -0.00012040308407715192 8.2499994380036412e-09 -5.4464357257520495e-05
leaf_weight=772 21 108 102 59 459 22 185 27 21 20 21 29 45 814 20 21 22 36 24 64 30 1049 228
leaf_count=772 21 108 102 59 459 22 185 27 21 20 21 29 45 814 20 21 22 36 24 64 30 1049 228
internal_value=0.000868064 -0.00123994 -0.00727273 -0.0112844 0.00175347 0.00368074 0.000915493 -0.0183051 -0.0141176 -0.003 -0.000625 -0.024 -0.00294118 0.000922747 -0.0193902 -0.00412162 -0.0069403 -0.00179012 -0.00369565 0.000543478 -0.00244681 0.000708526 0.00170014
internal_weight=4199 1242 320 218 2957 1127 355 118 68 100 80 50 170 922 41 148 67 81 46 1830 94 1736 687
internal_count=4199 1242 320 218 2957 1127 355 118 68 100 80 50 170 922 41 148 67 81 46 1830 94 1736 687
cat_boundaries=0 1 2 3
cat_threshold=132 164 24
is_linear=0
shrinkage=0.05


Tree=58
num_leaves=24
num_cat=2
split_feature=3 0 4 7 0 4 7 5 5 7 2 15 14 16 16 9 9 5 9 15 7 9 5
split_gain=2.96848 6.06172 3.62107 4.65557 2.86917 1.5128 1.78964 1.04584 1.42462 1.36889 0.890816 0.996574 0.718376 0.635664 0.591097 0.487896 0.585771 0.4 0.399032 0.584507 0.457034 0.406349 0.398098
threshold=1.0000000180025095e-35 0 1.0000000180025095e-35 1.5000000000000002 1 1.0000000180025095e-35 1.0000000180025095e-35 1.2892373734878864 1.1016024789624379 1.0000000180025095e-35 2033.5000000000002 53.223471724376004 95974.252668371584 1.0000000180025095e-35 1.0000000180025095e-35 2830.8216475947265 455.53286219347382 0.8453298642714665 43739.701289023906 143.53659440916439 1.0000000180025095e-35 1673.190932123736 1.1153207202073521
decision_type=2 1 2 2 1 2 2 2 2 2 2 2 2 2 2 2 2 2 2 2 2 2 2
left_child=4 2 3 7 5 -1 14 8 9 10 11 -2 -5 -3 -7 16 -16 -12 19 -6 21 -21 -17
right_child=1 13 -4 12 18 6 -8 -9 -10 -11 17 -13 -14 -15 15 22 -18 -19 -20 20 -22 -23 -24
leaf_value=0.012345069193516864 -2.0868123564946409e-05 1.8971401097110131e-06 2.4518813861370502e-06 0.00048935089398178578 8.9300149616487808e-08 0.0059388110782511664 0.0061027074795176857 -0.00019101662662315063 -2.2412246879517499e-05 -0.0003574898661603649 -3.9054919683112282e-05 -2.0622017747652679e-05 -0.00034347696903677146 7.7004067097790099e-07 -0.00079059309569584667 0.00056990505652187084 -0.0015434613983176778 -5.622991253652942e-05 1.4245934749389993e-06 -0.00016376778275905293 4.5771550505749506e-05 -6.7379651653348985e-10 -0.0006897929621039172
leaf_weight=772 21 108 102 45 1516 22 185 21 28 23 20 20 20 814 42 47 25 20 221 24 48 21 34
leaf_count=772 21 108 102 45 1516 22 185 21 28 23 20 20 20 814 42 47 25 20 221 24 48 21 34
internal_value=0.000891879 -0.00115942 -0.0069697 -0.0108257 0.00175347 0.00372471 0.00105634 -0.0155882 -0.0139394 -0.0166346 -0.0196914 -0.0145122 0.000384616 0.000922747 -0.00264706 -0.00378378 -0.0069403 -0.025 0.000516305 0.000245494 -0.00360215 -0.00722222 -0.00117284
internal_weight=4199 1242 320 218 2957 1127 355 153 132 104 81 41 65 922 170 148 67 40 1830 1609 93 45 81
internal_count=4199 1242 320 218 2957 1127 355 153 132 104 81 41 65 922 170 148 67 40 1830 1609 93 45 81
cat_boundaries=0 1 2
cat_threshold=132 164
is_linear=0
shrinkage=0.05


Tree=59
num_leaves=24
num_cat=2
split_feature=3 4 5 16 7 4 2 9 9 14 7 9 14 5 1 2 15 11 14 14 5 1 5
split_gain=2.8951 1.2975 1.01289 0.988488 0.762162 0.705154 1.25026 0.812054 1.46667 0.693636 0.557336 0.540957 0.531194 0.579859 0.51966 0.946723 1.51936 0.768326 0.945424 0.777786 0.639623 0.493057 0.473358
threshold=1.0000000180025095e-35 1.0000000180025095e-35 1.4971340844100429 1.0000000180025095e-35 2.5000000000000004 1.0000000180025095e-35 2038.5000000000002 15217.117856120118 3289.7658158517452 177598.3714906082 1.5000000000000002 47572.25609974932 33136.586579554067 1.187739437534997 0 2029.5000000000002 73.532143063359925 0.3228640705587405 108912.87074516712 47446.554333251734 1.304185265331794 1 0.89340953320853456
decision_type=2 2 2 2 2 2 2 2 2 2 2 2 2 2 1 2 2 2 2 2 2 1 2
left_child=1 -1 10 -2 5 6 9 8 -8 -5 14 12 13 -7 15 16 -3 18 19 -17 -16 22 -6
right_child=3 2 -4 4 21 11 7 -9 -10 -11 -12 -13 -14 -15 20 17 -18 -19 -20 -21 -22 -23 -24
leaf_value=5.5725623602284046e-06 1.7616022024874047e-06 -0.0010758307764759797 -0.00069108719127483479 -1.1663608225318431e-05 -0.00069377895181868131 -0.00089263933949410555 -1.8142557677230662e-05 1.2309000371130742e-07 -0.00037583403413171446 -5.7683408291136187e-05 0.00091014876603879701 -0.00010113851488764217 1.9130757765355071e-06 5.8491688846548124e-06 4.6574824928221508e-06 2.4039379789272075e-06 4.3323959772184747e-05 7.4950260460216282e-06 4.6822310688383766e-06 -0.0019147527225523648 -5.9222242066507474e-05 0.0010357491933166776 0.00047766472217691103
leaf_weight=2035 142 33 40 540 24 67 33 24 22 22 329 31 169 20 263 22 27 85 42 40 41 107 41
leaf_count=2035 142 33 40 540 24 67 33 24 22 22 329 31 169 20 263 22 27 85 42 40 41 107 41
internal_value=0.00098714 0.00183801 0.000281996 -0.00103865 -0.00154545 -0.00211207 -0.00303432 -0.00892405 -0.0122727 -0.00220641 0.000634921 -5.22646e-05 0.000703125 -0.00247126 -0.000334539 -0.00202811 -0.0075 -0.000291005 -0.00317308 -0.00709677 0.00105263 0.00151163 -0.00192308
internal_weight=4199 2957 922 1242 1100 928 641 79 55 562 882 287 256 87 553 249 60 189 104 62 304 172 65
internal_count=4199 2957 922 1242 1100 928 641 79 55 562 882 287 256 87 553 249 60 189 104 62 304 172 65
cat_boundaries=0 1 2
cat_threshold=2 2
is_linear=0
shrinkage=0.05


Tree=60
num_leaves=24
num_cat=3
split_feature=0 3 4 0 0 7 4 5 4 7 9 5 2 9 9 2 5 5 5 19 7 7 18
split_gain=2.46376 2.28877 2.14438 1.47599 1.26046 1.07015 1.39023 1.04872 1.03911 1.30486 1.16406 0.857143 0.551495 0.598725 0.716429 0.491588 1.21105 0.710363 0.490098 0.498827 0.503796 0.472677 0.689333
threshold=0 1.0000000180025095e-35 1.0000000180025095e-35 1 2 1.0000000180025095e-35 1.0000000180025095e-35 1.4158576102881872 1.0000000180025095e-35 2.5000000000000004 27639.178599648938 0.96905256789785377 2029.5000000000002 2614.0335820877335 455.53286219347382 2038.5000000000002 1.0324986184915215 0.68614658175646159 1.0471804065065857 1.0000000180025095e-35 2.5000000000000004 1.5000000000000002 1.0000000180025095e-35
decision_type=1 2 2 1 1 2 2 2 2 2 2 2 2 2 2 2 2 2 2 2 2 2 2
left_child=1 2 -1 -4 5 6 11 18 9 10 15 -3 13 14 -10 17 -17 -2 19 -5 -21 22 -19
right_child=8 4 3 7 -6 -7 -8 -9 12 -11 -12 -13 -14 -15 -16 16 -18 21 -20 20 -22 -23 -24
leaf_value=0.0052034032817267466 7.1180735272178112e-07 -2.8385847979070598e-05 0.018890640134391654 4.5056567999979838e-05 2.9098709979123892e-06 -8.3834509818567256e-05 3.2256532975400282e-06 -0.00070087465489939056 -0.00031671117402007191 0.00083756228718979736 9.9258451917713756e-07 -2.4719810986419372e-05 4.4561179108727348e-06 2.733985334968876e-06 -0.00068823637325074981 -2.5962798862874574e-05 3.5329533606801743e-06 -1.1617590369855496e-06 2.5656049959015752e-05 -0.00018972345510216183 0.0012381208441160103 3.3471011491454596e-05 -3.0973856305639561e-07
leaf_weight=999 117 24 132 21 443 81 20 29 49 227 218 32 473 87 24 77 48 75 136 130 35 141 581
leaf_count=999 117 24 132 21 443 81 20 29 49 227 218 32 473 87 24 77 48 75 136 130 35 141 581
internal_value=0.000796618 0.00201243 0.00307692 0.000341615 -0.000583333 -0.00428144 -0.00881579 -0.00137119 -0.000406676 -0.00113208 -0.00176213 -0.0128571 0.00128752 -0.00125 -0.00458904 -0.0024591 -0.0054 -0.00205689 -0.000590062 -0.00225806 -0.00318182 -0.00259097 -0.00315549
internal_weight=4199 2082 1482 483 600 157 76 351 2117 1484 1257 56 633 160 73 1039 125 914 322 186 165 797 656
internal_count=4199 2082 1482 483 600 157 76 351 2117 1484 1257 56 633 160 73 1039 125 914 322 186 165 797 656
cat_boundaries=0 1 2 3
cat_threshold=184 32 128
is_linear=0
shrinkage=0.05


Tree=61
num_leaves=24
num_cat=4
split_feature=0 7 4 3 0 4 7 0 4 4 7 15 7 14 5 7 14 3 0 9 7 9 5
split_gain=2.33138 1.27014 1.10028 0.859738 6.02661 3.48725 2.7214 2.24297 2.88947 2.06299 1.92313 1.26935 1.24336 1.06063 0.891358 0.825405 0.757024 0.662571 0.668184 0.620743 1.13442 2.15637 1.44351
threshold=0 2.5000000000000004 1.0000000180025095e-35 1.0000000180025095e-35 1 1.0000000180025095e-35 1.0000000180025095e-35 2 1.0000000180025095e-35 1.0000000180025095e-35 1.0000000180025095e-35 37.117408138079675 1.0000000180025095e-35 165735.85444741489 0.96905256789785377 1.0000000180025095e-35 83895.972465421466 1.0000000180025095e-35 3 7499.9725693362752 1.0000000180025095e-35 5909.3416764653275 1.2758260264362959
decision_type=1 2 2 2 1 2 2 1 2 2 2 2 2 2 2 2 2 2 1 2 2 2 2
left_child=2 3 17 7 12 6 11 8 -2 13 -10 -6 -5 19 -13 -11 -8 -1 -19 20 21 22 -9
right_child=1 -3 -4 4 5 -7 16 9 10 15 -12 14 -14 -15 -16 -17 -18 18 -20 -21 -22 -23 -24
leaf_value=0.0041746582430371186 0.0096224103940856804 0.00086710071092636551 8.3839999128207565e-06 1.5845354569093967e-06 -2.3838091709422389e-05 2.1963533181504124e-06 5.9857200346675739e-05 -2.9268947530759367e-07 -0.0013090794808436126 4.2253136198528211e-06 0.002593016416613424 -3.4145953144870904e-05 -0.00037176418410919161 1.04760751898206e-06 -5.238229331128375e-05 -0.00026422470972732348 -0.00039859032842899639 0.01267426230736832 -2.7815353230097705e-07 -2.8982149447808631e-07 -0.00015822012819429539 -4.1532163018412657e-07 2.7290626093505751e-06
leaf_weight=755 406 427 509 250 37 83 43 176 104 159 72 36 164 52 45 109 30 102 209 241 133 20 37
leaf_count=755 406 427 509 250 37 83 43 176 104 159 72 36 164 52 45 109 30 102 209 241 133 20 37
internal_value=0.000963325 4.55583e-05 0.00247634 -0.000439235 -0.00190407 -0.0075 -0.0114921 0.000228628 0.00263514 -0.00129669 -0.00267045 -0.0161864 0.00193396 -0.00281487 -0.0196914 0.00238806 -0.00390411 0.00340525 0.00146302 -0.00340198 -0.00469945 -0.00680257 -0.00532864
internal_weight=4199 2624 1575 2197 688 274 191 1509 582 927 176 118 414 659 81 268 73 1066 311 607 366 233 213
internal_count=4199 2624 1575 2197 688 274 191 1509 582 927 176 118 414 659 81 268 73 1066 311 607 366 233 213
cat_boundaries=0 1 2 3 4
cat_threshold=56 67 132 32
is_linear=0
shrinkage=0.05


Tree=62
num_leaves=24
num_cat=3
split_feature=0 7 0 2 5 4 7 2 14 2 7 15 5 5 5 2 11 9 5 15 0 5 8
split_gain=2.13094 1.05158 0.897776 0.794728 0.707583 0.559603 0.777143 0.8 0.492634 0.777109 1.04223 1.02047 1.27061 0.684943 1.22057 1.1697 0.569501 0.78065 0.55683 0.583402 0.479676 0.770025 0.47696
threshold=0 2.5000000000000004 1 2027.5000000000002 0.50361592300952374 1.0000000180025095e-35 1.0000000180025095e-35 2035.5000000000002 50842.525539355331 2031.5000000000002 1.5000000000000002 38.807285180331199 1.1057560744425055 0.95417278502810365 1.1287681634439279 2036.5000000000002 0.39608128591185054 4205.0603686627064 1.0549782271877521 85.918700510599209 2 0.7376789738161762 1.5000000000000002
decision_type=1 2 1 2 2 2 2 2 2 2 2 2 2 2 2 2 2 2 2 2 1 2 2
left_child=5 2 22 -3 -4 -1 7 -7 9 10 11 16 -13 -10 15 18 17 -6 -15 -20 -11 -22 -2
right_child=1 3 4 -5 8 6 -8 -9 13 20 -12 12 -14 14 -16 -17 -18 -19 19 -21 21 -23 -24
leaf_value=0.020336703740806344 1.4961384380604094e-06 -0.00036930901903678252 6.2329844901054833e-06 0.00099215664175391206 -0.00029507570341596101 0.0029915151433730792 0.0098672074208829078 -0.0024569160926882858 1.0943597121625162e-06 6.477256385410926e-05 0.00052055599466304184 -2.6690207374147904e-05 -9.2518416596057941e-05 -2.3997990720432522e-05 1.1581054621559164e-06 2.6704508122307876e-06 2.0434907694432869e-06 3.7329556482347041e-06 -0.00033138174994129104 -5.1644410503349895e-05 -0.0002845321099389696 -1.9508000610688292e-07 -0.00052223662663837479
leaf_weight=372 1663 85 50 516 38 60 85 30 288 118 43 46 28 78 235 51 50 30 26 36 22 206 43
leaf_count=372 1663 85 50 516 38 60 85 30 288 118 43 46 28 78 235 51 50 30 26 36 22 206 43
internal_value=0.000951417 0.000507919 0.000132744 0.00242097 -0.000830258 0.00383303 0.00157143 -0.00166667 -0.00106178 -0.00214286 -0.0043617 -0.0059375 -0.0105405 -0.000182073 -0.0014554 -0.00442408 -0.00305085 -0.00602941 -0.00678571 -0.0103226 -0.000635838 -0.00193277 0.000891609
internal_weight=4199 3652 3051 601 1345 547 175 90 1295 581 235 192 74 714 426 191 118 68 140 62 346 228 1706
internal_count=4199 3652 3051 601 1345 547 175 90 1295 581 235 192 74 714 426 191 118 68 140 62 346 228 1706
cat_boundaries=0 1 2 3
cat_threshold=32 154 4
is_linear=0
shrinkage=0.05


Tree=63
num_leaves=24
num_cat=3
split_feature=3 0 4 7 0 4 7 17 5 14 14 9 0 4 4 7 7 7 2 9 2 17 9
split_gain=2.35129 4.9856 2.67402 3.41755 2.54117 1.3044 1.50563 1.00004 1.06667 0.800051 0.718376 0.659353 0.761687 1.08232 1.03648 1.04239 1.11063 0.670158 0.641977 0.602083 0.563551 0.526075 0.504167
threshold=1.0000000180025095e-35 0 1.0000000180025095e-35 1.5000000000000002 1 1.0000000180025095e-35 1.0000000180025095e-35 71.457916666666691 0.90661399244645735 31346.425854967394 95974.252668371584 27639.178599648938 2 1.0000000180025095e-35 1.0000000180025095e-35 1.0000000180025095e-35 1.5000000000000002 1.0000000180025095e-35 2029.5000000000002 609.11502569308516 2031.5000000000002 1.0000000180025095e-35 2116.1834180581504
decision_type=2 1 2 2 1 2 2 2 2 2 2 2 1 2 2 2 2 2 2 2 2 2 2
left_child=4 2 3 7 5 -1 -7 8 -2 -9 -5 12 14 -14 -6 20 -17 -15 -11 -19 -16 -3 -21
right_child=1 21 -4 10 11 6 -8 9 -10 18 -12 -13 13 17 15 16 -18 19 -20 22 -22 -23 -24
leaf_value=0.011164858844533353 -2.6002276073372441e-05 2.7695804736454954e-06 3.3407360503123186e-06 0.00042280151309308445 0.0023651488475557813 -0.00026928327985286852 0.005661339433045285 -2.0680097070829898e-05 -5.3104787532787693e-05 -6.6432946164798886e-06 -0.00046407329744404353 1.2973948054352881e-06 -2.8537941940499206e-07 4.1411989678474433e-06 -1.9160145865683138e-05 -0.0018384187795925163 -0.0003552023179715048 0.0010381873985965278 -5.9530770476562888e-05 -0.00063606087205000245 2.7973138989599721e-05 1.4215743226409118e-06 -0.00019959240874547622
leaf_weight=772 30 108 102 45 393 170 185 30 30 22 20 353 623 131 40 23 72 48 41 20 67 814 60
leaf_count=772 30 108 102 45 393 170 185 30 30 22 20 353 623 131 40 23 72 48 41 20 67 814 60
internal_value=0.00118957 -0.000636071 -0.00590909 -0.00922018 0.00195637 0.00381267 0.00133803 -0.0133007 -0.0183333 -0.0100538 0.000384616 0.000788044 0.000328368 -0.000605381 0.00169422 -0.00118812 -0.005 0.00210425 -0.013254 -0.00046875 0.00219626 0.00124464 -0.003125
internal_weight=4199 1242 320 218 2957 1127 355 153 60 93 65 1830 1477 882 595 202 95 259 63 128 107 922 80
internal_count=4199 1242 320 218 2957 1127 355 153 60 93 65 1830 1477 882 595 202 95 259 63 128 107 922 80
cat_boundaries=0 1 2 3
cat_threshold=132 164 24
is_linear=0
shrinkage=0.05


Tree=64
num_leaves=24
num_cat=3
split_feature=3 0 0 4 4 7 5 16 0 4 9 7 11 9 14 9 7 5 14 14 16 5 9
split_gain=2.15546 4.17752 2.65612 2.22029 2.19719 2.79586 1.26451 1.26759 1.17694 0.975784 0.884779 0.76468 0.771314 1.45377 0.718376 0.697031 0.679326 0.647353 0.674612 1.0809 0.526075 0.525536 1.33267
threshold=1.0000000180025095e-35 0 1 1.0000000180025095e-35 1.0000000180025095e-35 1.5000000000000002 0.89340953320853456 1.4758333333333338 2 1.0000000180025095e-35 19921.254983516897 1.5000000000000002 0.39608128591185054 2830.8216475947265 95974.252668371584 13050.410690394101 1.0000000180025095e-35 1.2892373734878864 27057.892034168963 80163.209643722032 1.0000000180025095e-35 1.0092673125895086 27639.178599648938
decision_type=2 1 1 2 2 2 2 2 1 2 2 2 2 2 2 2 2 2 2 2 2 2 2
left_child=2 4 9 -4 5 6 7 -2 -5 10 -1 12 13 -10 -7 -15 -11 18 -8 -20 -3 -17 -23
right_child=1 20 3 8 -6 14 17 -9 11 16 -12 -13 -14 15 -16 21 -18 -19 19 -21 -22 22 -24
leaf_value=-2.7702864472423127e-07 -2.4702162269703813e-05 2.6311014499632206e-06 0.0052913021159818174 0.017746257415771571 3.1736992477967028e-06 0.0004016614374384303 2.3147661128485847e-05 -3.4653253761631847e-05 -0.0010499217816630645 3.7867933995643702e-06 8.0798936842422831e-07 0.00061003094054774658 7.7903817951024504e-06 2.0398293127421021e-05 -0.00044086963257184168 2.2682162809039783e-05 6.4354839353152236e-05 -0.00015801897879629443 -5.0707968962590138e-05 -6.0966361215854711e-06 1.3504956065088662e-06 -0.0017008423687968862 -5.793600619730458e-06
leaf_weight=590 30 108 1257 132 102 45 23 24 40 159 188 182 98 59 20 33 163 21 28 27 814 23 33
leaf_count=590 30 108 1257 132 102 45 23 24 40 159 188 182 98 59 20 33 163 21 28 27 814 23 33
internal_value=0.00127292 -0.00047504 0.0020071 0.00315212 -0.00530303 -0.00830275 -0.0119935 -0.0181481 0.000666667 4.50452e-05 -0.000912596 -0.000543933 -0.00216783 -0.00404255 0.000384616 -0.00175676 0.00236025 -0.00863636 -0.00653846 -0.00954545 0.00124464 -0.00455056 -0.0075
internal_weight=4199 1242 2957 1857 320 218 153 54 600 1100 778 468 286 188 65 148 322 99 78 55 922 89 56
internal_count=4199 1242 2957 1857 320 218 153 54 600 1100 778 468 286 188 65 148 322 99 78 55 922 89 56
cat_boundaries=0 1 2 3
cat_threshold=132 67 32
is_linear=0
shrinkage=0.05


Tree=65
num_leaves=24
num_cat=3
split_feature=3 0 0 4 7 4 2 5 0 14 7 14 14 18 5 5 14 17 5 16 2 2 14
split_gain=2.29757 3.78751 2.57066 2.08529 2.65018 1.4131 1.0729 1.12687 0.926026 0.746108 0.73202 0.635365 0.617943 0.790754 0.727842 1.19183 0.988808 0.766342 0.668943 0.637135 0.5803 0.529412 0.525391
threshold=1.0000000180025095e-35 0 1 1.0000000180025095e-35 1.5000000000000002 1.0000000180025095e-35 2033.5000000000002 0.8453298642714665 2 86445.366152121409 1.0000000180025095e-35 66992.805592730962 20934.461032918207 1.0000000180025095e-35 1.2758260264362959 1.0062036727854309 25894.196276986095 74.884166666666673 0.90242540787670034 3.485125 2029.5000000000002 2035.5000000000002 29574.092071284296
decision_type=2 1 1 2 2 2 2 2 1 2 2 2 2 2 2 2 2 2 2 2 2 2 2
left_child=2 3 5 4 6 -1 9 -8 -7 -2 -10 12 -4 -14 15 18 -17 20 19 22 -18 -22 -15
right_child=1 -3 11 -5 -6 8 7 -9 10 -11 -12 -13 13 14 -16 16 17 -19 -20 -21 21 -23 -24
leaf_value=0.0066089410853546054 -4.6393732709305089e-05 1.3508676247171139e-06 2.0055578802856212e-06 3.015014285406868e-06 5.8109568999064481e-05 0.01685894454498299 -5.4346561480845235e-05 -4.5275804001977844e-05 -0.00024321819897652364 -5.4784433358994661e-06 0.00083454282805235386 8.5865666899378455e-07 1.9363195837841285e-06 -1.3383066419090821e-05 6.5968477106539032e-06 -3.2122762403421748e-05 -3.0426962022804192e-07 1.1227778784176019e-05 3.5971200721196601e-06 -0.00046351708281369014 -0.0014229631238502265 -0.0001717986855909609 1.1405625040790418e-06
leaf_weight=1006 58 922 260 102 65 132 23 42 165 30 184 682 57 42 76 21 31 39 67 28 34 34 99
leaf_count=1006 58 922 260 102 65 132 23 42 165 30 184 682 57 42 76 21 31 39 67 28 34 34 99
internal_value=0.00124911 -0.000555555 0.0020071 -0.00515151 -0.00807339 0.00346359 -0.0116667 -0.0165385 0.0012578 -0.00806818 -0.000153203 0.000506757 -0.000456853 -0.00143939 -0.00211253 -0.00297468 -0.00632075 -0.00478261 -0.000720339 -0.00239645 -0.00712121 -0.00970588 -0.00102837
internal_weight=4199 1242 2957 320 218 1487 153 65 481 88 349 1470 788 528 471 395 159 138 236 169 99 68 141
internal_count=4199 1242 2957 320 218 1487 153 65 481 88 349 1470 788 528 471 395 159 138 236 169 99 68 141
cat_boundaries=0 1 2 3
cat_threshold=132 172 32
is_linear=0
shrinkage=0.05


Tree=66
num_leaves=24
num_cat=3
split_feature=3 0 0 4 7 9 4 7 2 15 2 5 7 4 15 4 0 17 14 7 9 5 5
split_gain=2.61848 3.19555 1.86934 1.76714 2.23652 1.73954 1.20599 1.37282 0.81203 1.02261 0.512211 0.489261 0.475794 0.834592 0.712292 0.651664 1.90848 0.955764 2.14573 1.21684 0.812504 0.678389 1.02088
threshold=1.0000000180025095e-35 0 1 1.0000000180025095e-35 1.5000000000000002 4608.467562240955 1.0000000180025095e-35 1.0000000180025095e-35 2029.5000000000002 45.445502452887652 2035.5000000000002 0.96905256789785377 1.0000000180025095e-35 1.0000000180025095e-35 34.813372393803284 1.0000000180025095e-35 2 73.879583333333343 103402.10025660651 1.5000000000000002 8485.1027934532904 0.83593146774837945 0.88677049098292526
decision_type=2 1 1 2 2 2 2 2 2 2 2 2 2 2 2 2 1 2 2 2 2 2 2
left_child=2 3 6 4 5 8 -1 -8 -2 -10 -6 -7 13 14 -4 16 -14 -17 19 -19 -21 -18 -23
right_child=1 -3 12 -5 10 11 7 -9 9 -11 -12 -13 15 -15 -16 17 21 18 -20 20 -22 22 -24
leaf_value=0.010011603742239866 -1.949309782006602e-05 1.2833242434812583e-06 -2.8338683264931316e-07 2.8642635711365247e-06 0.00040698067588501813 -1.3381648652051803e-05 -0.00020757258954314957 0.0053180885923942251 -1.3589242678993161e-05 -0.00011434048744146815 -0.00029686816485185921 -3.1185477365395565e-05 0.01127673252539076 3.8241932297932841e-06 7.9561834344405766e-07 0.00028296608203121917 0.0005175942215911505 -0.001541665671082182 0.00045323182309555733 0.0001257110766023229 -0.0011104872460666077 -0.00078321566589253802 -0.00024575288909920443
leaf_weight=772 28 922 203 102 41 29 170 185 23 25 24 48 232 285 457 131 112 32 58 28 33 23 236
leaf_count=772 28 922 203 102 41 29 170 185 23 25 24 48 232 285 457 131 112 32 58 28 33 23 236
internal_value=0.00145154 -0.00047504 0.00226074 -0.00469697 -0.00738532 -0.0106863 0.00385664 0.00147887 -0.0160526 -0.02 0.000384616 -0.00538961 0.00125 0.00203704 0.00106061 0.000423729 0.00135158 -0.00156028 -0.00427152 -0.00897849 -0.00483607 -0.000905512 -0.00233591
internal_weight=4199 1242 2957 320 218 153 1127 355 76 48 65 77 1830 945 660 885 603 282 151 93 61 371 259
internal_count=4199 1242 2957 320 218 153 1127 355 76 48 65 77 1830 945 660 885 603 282 151 93 61 371 259
cat_boundaries=0 1 2 3
cat_threshold=132 164 24
is_linear=0
shrinkage=0.05


Tree=67
num_leaves=24
num_cat=3
split_feature=3 0 0 4 7 9 4 7 16 2 5 7 4 0 4 16 5 5 2 16 7 9 6
split_gain=2.52985 2.86669 1.7893 1.56966 1.98024 1.33672 1.20599 1.37282 0.771515 0.512211 0.489261 0.47368 0.795991 0.630042 2.22174 1.1329 0.680881 0.766336 0.595238 0.46256 0.454397 0.526414 0.619534
threshold=1.0000000180025095e-35 0 1 1.0000000180025095e-35 1.5000000000000002 4608.467562240955 1.0000000180025095e-35 1.0000000180025095e-35 1.4758333333333338 2035.5000000000002 0.96905256789785377 1.0000000180025095e-35 1.0000000180025095e-35 2 1.0000000180025095e-35 1.756416666666667 0.83593146774837945 0.90242540787670034 2032.5000000000002 1.0000000180025095e-35 2.5000000000000004 609.11502569308516 1.0000000180025095e-35
decision_type=2 1 1 2 2 2 2 2 2 2 2 2 2 1 2 2 2 2 2 2 2 2 2
left_child=2 3 6 4 5 8 -1 19 -2 -6 -7 12 -4 14 -13 -16 -15 18 -18 -8 21 -19 -23
right_child=1 -3 11 -5 9 10 7 -9 -10 -11 -12 13 -14 16 15 -17 17 20 -20 -21 -22 22 -24
leaf_value=0.0095110235551278729 -5.8352839063888166e-05 1.2191580313071954e-06 6.5459453682822048e-07 2.7210503925796985e-06 0.00038663164209076735 -1.2712566219449213e-05 0.0057512138536699774 0.005052184162774513 -3.8531493765258133e-05 -0.0002820247566092662 -2.9626203497125784e-05 0.010712895899121222 3.6329835683036197e-06 0.0004656047743891265 5.0766148394322263e-05 -0.0015257831516599573 -0.00096895366734159403 0.0001545371939387076 -0.00014008416053758164 -0.00044492535625679629 0.00068732322029898673 -0.00019213490847304619 -0.00093068775154280371
leaf_weight=772 31 922 660 102 41 29 22 185 45 24 48 232 285 147 75 44 21 80 21 148 98 133 34
leaf_count=772 31 922 660 102 41 29 22 185 45 24 48 232 285 147 75 44 21 80 21 148 98 133 34
internal_value=0.00149917 -0.000394525 0.00229456 -0.00439394 -0.00692661 -0.0100327 0.00385664 0.00147887 -0.0147368 0.000384616 -0.00538961 0.00130435 0.00208995 0.000480226 0.00209141 -0.00340336 -0.000606617 -0.00171835 -0.00809524 -0.00176471 -0.000942029 -0.00208502 -0.00368263
internal_weight=4199 1242 2957 320 218 153 1127 355 76 65 77 1830 945 885 351 119 534 387 42 170 345 247 167
internal_count=4199 1242 2957 320 218 153 1127 355 76 65 77 1830 945 885 351 119 534 387 42 170 345 247 167
cat_boundaries=0 1 2 3
cat_threshold=132 164 24
is_linear=0
shrinkage=0.05


Tree=68
num_leaves=24
num_cat=1
split_feature=3 7 1 11 5 17 36 35 14 14 14 5 36 9 14 17 14 4 2 5 15 14 15
split_gain=2.48611 0.432844 0.458581 0.417447 0.458009 0.34746 0.407412 0.347252 0.323566 0.719873 0.583732 0.547051 1.60399 0.634235 0.727883 1.16719 0.925681 0.484517 0.507936 0.793651 0.439478 0.672648 0.558506
threshold=1.0000000180025095e-35 2.5000000000000004 0 0.018032883825218161 0.93269690608366818 1.0000000180025095e-35 4.4680260307538981 0.044883526449059526 154016.62477591509 142937.22037942099 177598.3714906082 0.89919980469317551 0.095446854635890685 37610.273766468985 36795.514088495845 73.879583333333343 25894.196276986095 1.0000000180025095e-35 2033.5000000000002 0.6614825672723017 114.07011094534455 60263.260917315893 49.752778293404454
decision_type=2 2 1 2 2 2 2 2 2 2 2 2 2 2 2 2 2 2 2 2 2 2 2
left_child=5 8 3 -3 -5 -1 7 -7 9 11 -10 12 13 14 15 16 -2 18 -16 -20 21 -13 -23
right_child=1 2 -4 4 -6 6 -8 -9 10 -11 -12 20 -14 -15 17 -17 -18 -19 19 -21 -22 22 -24
leaf_value=3.9363648514851421e-05 -6.5625430967201226e-05 0.00053486581644284978 0.00091486852369591096 -0.00085379739846377218 0.00062339890963368191 5.8509775856413317e-06 -0.00049823775474695765 -0.00105861867149085 3.9168823073475656e-06 -0.00049648045329504223 -5.3348109034827042e-06 1.0107552322852338e-06 -0.00059855008125379795 -0.0002095214159364636 4.769528550631775e-06 4.2341383526564694e-05 -9.6345088540784174e-06 2.5417877580905153e-05 -4.9743959964401496e-05 6.8879444606236582e-07 5.939356861397031e-06 6.4785221654853106e-06 -0.00011784271452661457
leaf_weight=363 38 29 119 20 22 2552 20 22 61 24 38 326 22 35 63 47 20 57 21 42 90 29 139
leaf_count=363 38 29 119 20 22 2552 20 22 61 24 38 326 22 35 63 47 20 57 21 42 90 29 139
internal_value=0.00152298 -0.000354267 0.00184211 -0.00133803 -0.00452381 0.00231146 0.00210871 0.00216395 -0.00075095 -0.00103358 0.0019697 -0.000812702 -0.0023913 -0.00150155 -0.000729166 -0.00404762 -0.0087931 0.00117486 -0.000555555 -0.00373016 0.000119863 -0.000465587 -0.00303571
internal_weight=4199 1242 190 71 42 2957 2594 2574 1052 953 99 929 345 323 288 105 58 183 126 63 584 494 168
internal_count=4199 1242 190 71 42 2957 2594 2574 1052 953 99 929 345 323 288 105 58 183 126 63 584 494 168
cat_boundaries=0 1
cat_threshold=2
is_linear=0
shrinkage=0.05


Tree=69
num_leaves=24
num_cat=3
split_feature=0 3 0 0 7 2 7 16 7 7 15 18 3 7 9 15 9 15 14 16 2 5 5
split_gain=1.43269 0.775146 2.06492 1.37718 1.0276 0.898758 0.897258 0.861454 1.99557 0.865775 1.11843 0.83164 0.729849 0.85305 0.727705 0.693212 0.96 0.663417 1.53185 0.743478 1.21 0.618132 0.551656
threshold=0 1.0000000180025095e-35 1 2 1.0000000180025095e-35 2030.5000000000002 1.5000000000000002 1.0000000180025095e-35 1.0000000180025095e-35 1.0000000180025095e-35 30.764671078485971 1.0000000180025095e-35 1.0000000180025095e-35 1.0000000180025095e-35 10462.996979186961 44.53170661205376 2614.0335820877335 93.947874581071915 68481.894462698969 1.4758333333333338 2032.5000000000002 1.0324986184915215 0.83593146774837945
decision_type=1 2 1 1 2 2 2 2 2 2 2 2 2 2 2 2 2 2 2 2 2 2 2
left_child=12 3 6 -2 -4 15 11 8 14 10 -9 -3 -1 21 -5 -6 -17 18 19 20 -13 -14 -11
right_child=1 2 4 7 5 -7 -8 9 -10 22 -12 17 13 -15 -16 16 -18 -19 -20 -21 -22 -23 -24
leaf_value=0.02056041109083722 0.00029294174402430187 -2.7462202906517799e-05 1.9892840537237395e-06 -1.7006636307181991e-06 0.0003397470712751383 0.00040075704807659231 5.1379649372289818e-05 -4.8934287372618115e-07 0.001323311840533631 0.00042963420334871496 5.4818311237218558e-07 -3.6820367074863822e-05 0.0021963541304038541 0.0088315849276084241 -1.341935392298191e-06 -0.00055024473384702424 -0.00040509229763214518 2.0487981539160108e-06 -0.00012313454468306528 1.5017558077076691e-07 -5.1485756259102988e-07 -0.0018910219534795407 -0.00022168404630762154
leaf_weight=402 1455 31 404 39 47 251 93 132 53 131 375 20 42 67 20 25 50 57 25 69 25 36 350
leaf_count=402 1455 31 404 39 47 251 93 132 53 131 375 20 42 67 20 25 50 57 25 69 25 36 350
internal_value=0.00146344 0.00109503 -1.36735e-05 0.00157534 0.00137865 -0.000495978 -0.00333333 0.000225225 -0.00392857 0.000698381 0.00214004 -0.00513216 0.00383303 0.000862069 -0.0102542 -0.00401639 -0.007 -0.00392857 -0.00579137 -0.00333333 -0.00833333 -0.00269231 -0.000821206
internal_weight=4199 3652 1097 2555 777 373 320 1100 112 988 507 227 547 145 59 122 75 196 139 114 45 78 481
internal_count=4199 3652 1097 2555 777 373 320 1100 112 988 507 227 547 145 59 122 75 196 139 114 45 78 481
cat_boundaries=0 1 2 3
cat_threshold=32 132 156
is_linear=0
shrinkage=0.05


Tree=70
num_leaves=24
num_cat=3
split_feature=0 3 4 3 0 0 4 4 7 18 7 16 7 7 15 9 2 9 14 15 7 15 15
split_gain=1.50725 0.729849 2.35573 0.56854 1.80782 1.28639 2.44777 1.05818 1.44506 1.35046 1.0276 1.01515 1.72384 0.809068 1.0634 0.727705 0.701677 0.775099 0.611127 0.631431 0.607837 0.595212 1.07131
threshold=0 1.0000000180025095e-35 1.0000000180025095e-35 1.0000000180025095e-35 1 2 1.0000000180025095e-35 1.0000000180025095e-35 1.5000000000000002 1.0000000180025095e-35 1.0000000180025095e-35 1.0000000180025095e-35 1.0000000180025095e-35 1.0000000180025095e-35 30.764671078485971 10462.996979186961 2030.5000000000002 151.1411947353445 60263.260917315893 114.93378014844174 1.5000000000000002 97.029154502048939 53.223471724376004
decision_type=1 2 2 2 1 1 2 2 2 2 2 2 2 2 2 2 2 2 2 2 2 2 2
left_child=1 -1 -3 5 7 6 -2 8 9 -5 -6 12 15 14 -13 -7 17 -12 -19 -20 -8 22 -11
right_child=3 2 -4 4 10 11 20 -9 -10 21 16 13 -14 -15 -16 -17 -18 18 19 -21 -22 -23 -24
leaf_value=0.019532390536295362 0.0037296073287874324 0.010635196920149061 -0.001956787202063701 -4.6477729155948249e-05 1.8898198510375526e-06 -1.6156304491822892e-06 -0.00013741497444433467 9.8184458388429354e-06 8.426820715500276e-05 -1.1250517872615751e-05 -0.00044060514337965678 -4.6487573003987205e-07 0.0012571462485069492 -0.000166236407984894 5.2077395675357634e-07 -1.2748386226832816e-06 0.000380719195672763 0.00042087795144663009 -0.00062122643730386782 0.00085731920824184309 0.00055847409866311511 -7.9473729263260291e-07 -4.0434509462284018e-05
leaf_weight=402 987 102 43 23 404 39 286 102 65 61 33 132 53 481 375 20 251 46 21 22 182 37 32
leaf_count=402 987 102 43 23 404 39 286 102 65 61 33 132 53 481 375 20 251 46 21 22 182 37 32
internal_value=0.00140391 0.00383303 0.000862069 0.00102676 7.74842e-05 0.00143836 0.00240614 -0.0030303 -0.00509174 -0.0077451 0.00137865 0.000135135 -0.004375 0.000647773 0.00204142 -0.0102542 -0.000495978 -0.00360656 -0.00117978 -0.00546512 -0.000555555 -0.00576923 -0.00790323
internal_weight=4199 547 145 3652 1097 2555 1455 320 218 153 777 1100 112 988 507 59 373 122 89 43 468 130 93
internal_count=4199 547 145 3652 1097 2555 1455 320 218 153 777 1100 112 988 507 59 373 122 89 43 468 130 93
cat_boundaries=0 1 2 3
cat_threshold=32 132 156
is_linear=0
shrinkage=0.05


Tree=71
num_leaves=24
num_cat=3
split_feature=0 3 7 3 0 0 7 17 7 7 18 7 15 9 2 15 9 5 7 15 15 5 5
split_gain=1.52237 0.729849 0.85305 0.72499 1.65491 1.27299 1.26723 1.03571 1.72384 0.766806 0.930714 0.751376 1.0634 0.727705 0.705151 0.693212 0.96 0.618132 0.540791 0.522762 1.20182 0.510997 0.765076
threshold=0 1.0000000180025095e-35 1.0000000180025095e-35 1.0000000180025095e-35 1 2 1.0000000180025095e-35 1.0000000180025095e-35 1.0000000180025095e-35 1.5000000000000002 1.0000000180025095e-35 1.0000000180025095e-35 30.764671078485971 10462.996979186961 2030.5000000000002 44.53170661205376 2614.0335820877335 1.0324986184915215 1.0000000180025095e-35 93.947874581071915 66.063244461926928 0.83593146774837945 0.90242540787670034
decision_type=1 2 2 2 1 1 2 2 2 2 2 2 2 2 2 2 2 2 2 2 2 2 2
left_child=1 -1 17 5 9 18 -6 8 13 10 -5 12 -9 -7 15 -8 -17 -3 -2 20 -12 -13 -23
right_child=3 2 -4 4 6 7 14 11 -10 -11 19 21 -14 -15 -16 16 -18 -19 -20 -21 -22 22 -24
leaf_value=0.018555771009480592 3.4498731979158398e-05 0.0015804063132996212 0.0084878450413311875 -2.3765206303394493e-05 1.795328858485675e-06 -1.5348489267231746e-06 0.00030171582013904986 -4.4163194353787849e-07 0.0011942889360816015 4.5341754669405247e-05 -6.4905326797316836e-06 0.00041646431358052425 4.9473525891589747e-07 -1.2110966915491174e-06 0.00036168323588912509 -0.00050070223998569007 -0.00035377636088534421 -0.0016986314957023766 0.0025325764851065104 1.9860951108518405e-06 -3.641620638927956e-05 -0.00062858422073242774 -0.00017485444617707153
leaf_weight=402 727 42 67 31 404 39 47 132 53 93 114 131 375 20 251 25 50 36 728 57 25 37 313
leaf_count=402 727 42 67 31 404 39 47 132 53 93 114 131 375 20 251 25 50 36 728 57 25 37 313
internal_value=0.001392 0.00383303 0.000862069 0.00101311 -5.92523e-05 0.0014775 0.00118806 0.00018018 -0.004375 -0.0030303 -0.00469163 0.000698381 0.00204142 -0.0102542 -0.000898123 -0.00401639 -0.007 -0.00269231 0.00244027 -0.00341837 -0.00507194 -0.000717256 -0.00171429
internal_weight=4199 547 145 3652 1097 2555 777 1100 112 320 227 988 507 59 373 122 75 78 1455 196 139 481 350
internal_count=4199 547 145 3652 1097 2555 777 1100 112 320 227 988 507 59 373 122 75 78 1455 196 139 481 350
cat_boundaries=0 1 2 3
cat_threshold=32 132 156
is_linear=0
shrinkage=0.05


Tree=72
num_leaves=24
num_cat=2
split_feature=0 3 7 4 14 2 14 8 4 15 15 9 3 14 14 17 0 9 5 14 8 11 5
split_gain=1.58492 1.90356 0.781964 1.20065 0.875758 0.47189 0.678249 0.54422 0.536362 0.833781 1.8694 0.585544 0.580185 0.820691 0.525714 0.454461 0.67613 0.835217 0.4125 0.350101 0.348127 0.334789 0.327273
threshold=0 1.0000000180025095e-35 1.0000000180025095e-35 1.0000000180025095e-35 59653.752615219921 2031.5000000000002 66992.805592730962 1.5000000000000002 1.0000000180025095e-35 31.315476121026705 43.828937767560795 891.54889113735419 1.0000000180025095e-35 32201.375271826666 6646.2966507334504 74.884166666666673 1 6361.1228677896806 0.80526734759815788 20517.70875164316 1.5000000000000002 1.0016378065653475 0.83891891611053782
decision_type=1 2 2 2 2 2 2 2 2 2 2 2 2 2 2 2 1 2 2 2 2 2 2
left_child=1 -1 3 18 -5 6 8 21 12 -10 -11 -12 14 19 -2 16 -16 22 -3 -14 -7 -8 -18
right_child=5 2 -4 4 -6 20 7 -9 9 10 11 -13 13 -15 15 -17 17 -19 -20 -21 -22 -23 -24
leaf_value=0.006174431682661588 -0.0004152980149931077 -6.0071801130726661e-06 0.00020051322959822624 -0.0010296419888983818 -0.0045540117688498138 9.4524587103819264e-07 1.7878893476952557e-06 -0.00033152862750422435 7.257183321841421e-06 -0.00048864031332746514 -0.00072955781034990397 6.8193407056069252e-06 -7.8843662189718614e-06 -7.5158323950777026e-05 0.0043876617773390362 8.2367805555957296e-06 5.8502786483988578e-06 -0.0017413134343187032 5.6360860927748599e-06 1.1140149635739599e-05 0.00099453546219205823 -0.00028049685581579234 -4.8898907707132142e-07
leaf_weight=752 28 30 148 24 20 1747 547 36 70 23 25 53 42 67 111 90 24 31 80 29 127 29 66
leaf_count=752 28 30 148 24 20 1747 547 36 70 23 25 53 42 67 111 90 24 31 80 29 127 29 66
internal_value=0.00135628 0.00302632 -0.000298013 -0.00279221 -0.00977273 0.000784469 4.32732e-05 0.00124183 -0.0010698 -0.00347953 -0.00638614 -0.00269231 -0.00022541 -0.00297101 0.000857143 0.00142857 0.000258621 -0.00225191 1.86265e-10 0.000774648 0.00129136 0.00161458 1.86265e-10
internal_weight=4199 1054 302 154 44 3145 1271 612 659 171 101 78 488 138 350 322 232 121 110 71 1874 576 90
internal_count=4199 1054 302 154 44 3145 1271 612 659 171 101 78 488 138 350 322 232 121 110 71 1874 576 90
cat_boundaries=0 1 2
cat_threshold=160 28
is_linear=0
shrinkage=0.05


Tree=73
num_leaves=24
num_cat=5
split_feature=0 3 4 7 11 36 14 0 7 4 3 0 11 3 0 18 0 4 7 4 16 8 14
split_gain=1.59045 0.613276 1.97947 0.422216 0.710926 0.374512 0.331699 0.321703 0.602909 1.50046 1.08552 0.99372 0.787176 0.534761 0.874811 0.862337 0.488916 1.65143 1.66667 0.645452 0.760812 0.679721 0.458838
threshold=0 1.0000000180025095e-35 1.0000000180025095e-35 2.5000000000000004 1.0506198847942112 4.7621400272039383 59653.752615219921 1 1.0000000180025095e-35 1.0000000180025095e-35 1.0000000180025095e-35 2 1.0206871662258015 1.0000000180025095e-35 3 1.0000000180025095e-35 4 1.0000000180025095e-35 1.0000000180025095e-35 1.0000000180025095e-35 1.0000000180025095e-35 1.0000000180025095e-35 41184.994619061887
decision_type=1 2 2 2 2 2 2 1 2 2 2 1 2 2 1 2 1 2 2 2 2 2 2
left_child=1 -1 -3 5 -5 7 -4 13 -9 10 11 -10 -11 16 -15 -16 17 -2 -19 20 -18 -22 -12
right_child=3 2 6 4 -6 -7 -8 8 9 12 22 -13 -14 14 15 -17 19 18 -20 -21 21 -23 -24
leaf_value=0.017319260874873479 0.0062685437035072972 0.0097198185882098002 -0.0010452258407745399 0.000899320934525695 -0.0003634480666853874 -0.00034150432830419575 -0.0043263111804073247 1.3299565145516442e-06 -3.7797686121748336e-05 -0.00050572391989320428 0.00028351777688238763 0.010155512404091823 0.0012732441251027038 9.3594018499253191e-07 -4.8110003982614746e-05 -1.300755546946779e-05 -1.2330942876041935e-06 -0.0011196315435061 0.0025013760439049197 2.8736837964734425e-06 9.4933588400165227e-09 -0.0008913948512341126 -0.00047183068564857032
leaf_weight=402 210 102 23 564 37 24 20 1318 161 227 68 249 27 133 21 118 22 54 36 94 152 37 100
leaf_count=402 210 102 23 564 37 24 20 1318 161 227 68 249 27 133 21 118 22 54 36 94 152 37 100
internal_value=0.00142772 0.0039228 0.0012069 0.00104042 0.00225458 0.000804654 -0.0077907 0.000853981 0.00118056 0.000132212 0.00153979 0.00292683 -0.00307087 3.9459e-05 -0.00180147 -0.00439597 0.000867769 0.00225806 -0.00333333 -0.000555555 -0.002109 -0.00108466 -0.00184524
internal_weight=4199 547 145 3652 601 3051 43 3027 2150 832 578 410 254 877 272 139 605 300 90 305 211 189 168
internal_count=4199 547 145 3652 601 3051 43 3027 2150 832 578 410 254 877 272 139 605 300 90 305 211 189 168
cat_boundaries=0 1 2 3 4 5
cat_threshold=32 6 65 2 4
is_linear=0
shrinkage=0.05


Tree=74
num_leaves=24
num_cat=5
split_feature=0 3 4 3 0 7 0 4 36 4 7 18 7 0 14 14 14 7 0 7 7 14 15
split_gain=1.72388 0.50684 1.63593 0.450214 1.11367 1.11072 1.00572 2.69828 0.995601 0.916717 1.0517 1.14898 0.624313 0.934629 0.816896 0.767953 0.608861 0.669301 0.927032 2.21802 1.00898 0.624538 0.833333
threshold=0 1.0000000180025095e-35 1.0000000180025095e-35 1.0000000180025095e-35 1 1.0000000180025095e-35 2 1.0000000180025095e-35 0.18117186381495179 1.0000000180025095e-35 1.5000000000000002 1.0000000180025095e-35 1.0000000180025095e-35 3 151498.38975148505 15617.993554179864 13749.0375045001 1.5000000000000002 4 1.0000000180025095e-35 1.0000000180025095e-35 115053.27111198664 85.918700510599209
decision_type=1 2 2 2 1 2 1 2 2 2 2 2 2 1 2 2 2 2 1 2 2 2 2
left_child=1 -1 -3 6 9 -6 7 12 16 10 11 -5 13 -2 15 -15 -9 18 19 -18 21 22 -20
right_child=3 2 -4 4 5 -7 -8 8 -10 -11 -12 -13 -14 14 -16 -17 17 -19 20 -21 -22 -23 -24
leaf_value=0.016453297831129806 0.0047628924360904323 0.0092338276587993103 -0.0013546072585225587 -4.0607344477402284e-05 1.7881137562292853e-06 -6.2995237018667851e-05 6.6732892373984526e-08 8.1606768714660304e-05 -0.0018169738851398721 2.632028915930837e-05 7.6246609013898341e-05 -2.0317864054426304e-05 0.010893328156704057 -0.0013542388519977571 -0.0017271549876744148 0.0010882263652869744 9.5041017127858302e-06 0.00051103324811968976 -0.00091774714970445446 -0.0015821741059376478 0.0026036669308699082 -2.5054732954594639e-06 -0.002922133539981722
leaf_weight=402 244 102 43 23 404 373 1100 48 26 102 65 130 490 32 27 194 105 159 40 25 23 22 20
leaf_count=402 244 102 43 23 404 373 1100 48 26 102 65 130 490 32 27 194 105 159 40 25 23 22 20
internal_value=0.00141581 0.00401257 0.00155172 0.00101311 0.000168642 0.00118806 0.00137965 0.0022355 -0.000876068 -0.00227273 -0.00417431 -0.00643791 0.00373354 0.00248491 0.000247148 0.00123894 -0.000316742 -0.000964467 -0.00265957 0.000357143 -0.00586956 -0.00902439 -0.0116667
internal_weight=4199 547 145 3652 1097 777 2555 1455 468 320 218 153 987 497 253 226 442 394 235 130 105 82 60
internal_count=4199 547 145 3652 1097 777 2555 1455 468 320 218 153 987 497 253 226 442 394 235 130 105 82 60
cat_boundaries=0 1 2 3 4 5
cat_threshold=32 132 156 132 24
is_linear=0
shrinkage=0.05


Tree=75
num_leaves=24
num_cat=4
split_feature=0 3 0 0 4 18 10 14 7 7 0 2 16 14 15 2 10 16 7 7 15 3 4
split_gain=1.69181 0.585009 1.14934 1.14731 2.05702 0.993744 0.77491 1.09863 0.765208 0.675257 1.02593 0.623251 0.584541 0.582655 0.905214 0.58958 0.569749 0.531061 1.09051 0.754283 0.958838 0.50684 1.63593
threshold=0 1.0000000180025095e-35 1 2 1.0000000180025095e-35 1.0000000180025095e-35 2.5000000000000004 11568.323244218222 1.0000000180025095e-35 1.0000000180025095e-35 3 2032.5000000000002 1.756416666666667 59013.550843035846 80.806032560209616 2033.5000000000002 1.5000000000000002 1.0000000180025095e-35 1.0000000180025095e-35 1.0000000180025095e-35 31.315476121026705 1.0000000180025095e-35 1.0000000180025095e-35
decision_type=1 2 1 1 2 2 2 2 2 2 1 2 2 2 2 2 2 2 2 2 2 2 2
left_child=21 3 5 4 9 -3 7 11 -9 10 -2 -4 -6 -10 15 -15 -12 18 -5 20 -19 -1 -23
right_child=1 2 6 17 12 -7 -8 8 13 -11 16 -13 -14 14 -16 -17 -18 19 -20 -21 -22 22 -24
leaf_value=0.015630632939573317 0.0045247478142859104 -4.3674136559613893e-05 9.8351459288565653e-06 -1.2474451072097414e-06 8.1696464045680498e-06 -9.4095380215650955e-06 -3.3505806951363008e-05 1.8620344287212546e-06 0.00056759494864408054 0.010348661748868854 0.00059680315675850041 -0.00038701541716063448 -0.00054509308932332355 -0.00062533169032629073 3.4152245043709425e-05 7.3271818865564695e-05 -0.00078591261615937205 -5.0957635342798684e-07 0.0011359649286148495 -0.00014210905601052493 3.2549076138106037e-07 0.0087721362758593439 -0.0012868768955964314
leaf_weight=402 244 21 32 59 299 142 48 422 187 490 222 39 169 29 154 23 31 135 53 481 372 102 43
leaf_count=402 244 21 32 59 299 142 48 422 187 490 222 39 169 29 154 23 31 135 53 481 372 102 43
internal_value=0.00143963 0.00104042 7.74842e-05 0.00145793 0.00237201 -0.00367052 0.000762712 0.00110609 0.00162577 0.00368288 0.00238431 -0.00485915 -0.00034188 3.81681e-05 -0.00179612 -0.0075 5.70344e-05 0.000225225 -0.00303571 0.000597166 0.0019428 0.00401257 0.00155172
internal_weight=4199 3652 1097 2555 1455 163 934 886 815 987 497 71 468 393 206 52 253 1100 112 988 507 547 145
internal_count=4199 3652 1097 2555 1455 163 934 886 815 987 497 71 468 393 206 52 253 1100 112 988 507 547 145
cat_boundaries=0 1 2 3 4
cat_threshold=32 4 156 132
is_linear=0
shrinkage=0.05


Tree=76
num_leaves=24
num_cat=4
split_feature=0 3 4 2 3 0 7 0 4 4 7 9 15 7 0 14 15 14 2 9 9 15 9
split_gain=1.43902 0.470936 1.63593 0.416843 0.385158 1.48197 1.58944 1.17124 1.84441 0.7669 0.769952 0.976399 0.994719 0.675257 0.851698 0.598228 0.695056 0.880518 0.585936 0.775099 0.551828 0.546387 0.979604
threshold=0 1.0000000180025095e-35 1.0000000180025095e-35 2035.5000000000002 1.0000000180025095e-35 1 1.0000000180025095e-35 2 1.0000000180025095e-35 1.0000000180025095e-35 1.5000000000000002 4608.467562240955 57.198373584228371 1.0000000180025095e-35 3 19243.767816437005 78.708619821075715 93498.908367756827 2030.5000000000002 151.1411947353445 948.31837896333741 95.469103393965256 13884.561772756344
decision_type=1 2 2 2 2 1 2 1 2 2 2 2 2 2 1 2 2 2 2 2 2 2 2
left_child=1 -1 -3 -4 7 9 -7 8 13 10 11 12 20 14 -2 -16 -17 -18 19 -8 -6 22 -13
right_child=4 2 3 -5 5 6 18 -9 -10 -11 -12 21 -14 -15 15 16 17 -19 -20 -21 -22 -23 -24
leaf_value=0.01484910129259465 0.0042985104235716146 0.0083335294620663775 -0.00027208885806382629 -0.0039271605985826226 3.7102855540838853e-07 2.4214324914319868e-06 -0.0004201289966749473 6.8470324812942202e-08 -7.9542619000383779e-06 2.5474751602421204e-05 6.0057809695357472e-05 3.7970091818121364e-06 -4.9231892835636455e-05 0.0098312286614254119 -0.00091348839616887815 0.0012273796040251925 -0.0013832716607437847 0.00057362504095513135 0.00030002794021326908 -0.00030179354138292505 -1.7584041643817307e-05 3.5608425986141722e-06 -1.8113189258760232e-05
leaf_weight=402 244 102 22 21 26 404 33 1100 468 102 65 26 29 490 38 109 34 72 251 89 21 29 22
leaf_count=402 244 102 22 21 26 404 33 1100 468 102 65 26 29 490 38 109 34 72 251 89 21 29 22
internal_value=0.0015468 0.0039228 0.00155172 -0.00662791 0.00117695 0.000396536 0.00156925 0.00151663 0.00244027 -0.00242424 -0.00417431 -0.00611111 -0.0101316 0.00368288 0.00238431 0.000247148 0.00127907 -0.00160377 -0.000764075 -0.00360656 -0.0056383 -0.00214286 -0.00541667
internal_weight=4199 547 145 43 3652 1097 777 2555 1455 320 218 153 76 987 497 253 215 106 373 122 47 77 48
internal_count=4199 547 145 43 3652 1097 777 2555 1455 320 218 153 76 987 497 253 215 106 373 122 47 77 48
cat_boundaries=0 1 2 3 4
cat_threshold=32 132 156 132
is_linear=0
shrinkage=0.05


Tree=77
num_leaves=24
num_cat=3
split_feature=0 3 4 3 0 4 0 7 7 11 16 16 4 7 5 5 7 15 14 15 15 14 6
split_gain=1.37431 0.573716 1.5009 0.316776 1.21282 1.56343 1.0811 1.42036 0.654639 0.585231 0.622939 0.590951 0.579142 0.555075 0.774149 0.485692 0.450561 0.446194 0.909474 0.412837 0.429825 0.618947 0.409756
threshold=0 1.0000000180025095e-35 1.0000000180025095e-35 1.0000000180025095e-35 1 1.0000000180025095e-35 2 1.0000000180025095e-35 1.5000000000000002 1.008575700215985 1.756416666666667 1.0000000180025095e-35 1.0000000180025095e-35 1.5000000000000002 1.2892373734878864 1.1498103798023716 2.5000000000000004 95.469103393965256 63193.011779459252 70.302322041952422 26.190656645233041 31346.425854967394 1.0000000180025095e-35
decision_type=1 2 2 2 1 2 1 2 2 2 2 2 2 2 2 2 2 2 2 2 2 2 2
left_child=1 -1 -3 4 5 -2 12 -8 19 10 11 -9 13 14 17 16 -13 18 -5 20 21 -7 -18
right_child=3 2 -4 6 -6 8 7 9 -10 -11 -12 15 -14 -15 -16 -17 22 -19 -20 -21 -22 -23 -24
leaf_value=0.014106646227964918 0.0036334357864530988 0.0079168529889630575 -0.0010261750208874797 -5.7684053626344195e-06 1.8356038399032074e-07 -0.0014790836630195797 2.3003608668603874e-06 0.0012655780496270263 0.00066677652864273235 -0.00039912254684119994 0.00080714234948761621 -0.00046841615574672377 2.420101402230014e-05 5.7054919210589738e-05 -0.00012126444554320335 0.00019883075239885756 0.0021960682830720292 1.870434643097822e-06 -4.2899566733228953e-05 -0.0010102730921088003 6.7588207339592832e-05 1.8053028466065847e-05 -0.00034546748705715076
leaf_weight=402 736 102 43 75 1470 32 404 42 144 33 104 99 102 65 21 54 21 37 20 91 57 25 20
leaf_count=402 736 102 43 75 1470 32 404 42 144 33 104 99 102 65 21 54 21 37 20 91 57 25 20
internal_value=0.00151107 0.00383303 0.0012069 0.00114965 0.00145793 0.0027169 0.000442115 0.00144219 -1.43265e-05 -0.000764075 -0.000147059 -0.0015678 -0.0019697 -0.00348624 -0.00513072 -0.00273196 -0.00428571 -0.00371212 -0.00552632 -0.00182927 0.000175439 -0.00289474 0.000121951
internal_weight=4199 547 145 3652 2555 1085 1097 777 349 373 340 236 320 218 153 194 140 132 95 205 114 57 41
internal_count=4199 547 145 3652 2555 1085 1097 777 349 373 340 236 320 218 153 194 140 132 95 205 114 57 41
cat_boundaries=0 1 2 3
cat_threshold=32 140 132
is_linear=0
shrinkage=0.05


Tree=78
num_leaves=24
num_cat=3
split_feature=0 3 4 2 7 11 9 9 15 3 9 7 3 0 9 4 9 15 0 5 17 2 14
split_gain=1.26904 0.686633 1.37169 0.416843 0.29058 0.693417 0.275814 0.771282 0.289512 0.423457 0.678788 0.255947 0.902946 1.51532 0.794495 0.53708 1.10144 1.07063 0.601177 1.21352 0.536004 0.573184 1.10371
threshold=0 1.0000000180025095e-35 1.0000000180025095e-35 2035.5000000000002 2.5000000000000004 1.0506198847942112 17897.94779986182 12598.823285573399 59.668990118102194 1.0000000180025095e-35 786.95866832995739 1.0000000180025095e-35 1.0000000180025095e-35 1 56801.690371426215 1.0000000180025095e-35 94.441341575564124 93.060280248681877 2 1.2601101320002142 1.0000000180025095e-35 2030.5000000000002 11169.636392033348
decision_type=1 2 2 2 2 2 2 2 2 2 2 2 2 1 2 2 2 2 1 2 2 2 2
left_child=1 -1 -3 -4 11 6 7 8 -6 -10 -11 -2 13 -13 20 18 -17 -18 19 -15 -14 -22 -23
right_child=4 2 3 -5 5 -7 -8 -9 9 10 -12 12 14 15 -16 16 17 -19 -20 -21 21 22 -24
leaf_value=0.013401313916566675 4.5825595912380322e-07 0.0075210103395149056 -0.00020717566411626015 -0.0036794938176091183 0.0013218314028730525 -0.00032270690490504323 0.00098201860272103115 -0.00033508110207625461 0.0018503913974796983 0.00021644130410468211 -0.00059217846928170687 0.0029343624850490854 0.00076747719377625093 0.0013954717400227619 -0.00065348586589611618 0.0011061357300032506 -0.00049809754268561159 0.00013337314469553284 -0.00013434323869650815 -0.00067185952728711427 -0.00033171131975967978 -0.0015922678729245764 6.4645082531563603e-05
leaf_weight=402 1868 102 22 21 209 37 159 34 120 22 20 349 46 140 22 32 76 33 164 31 94 22 174
leaf_count=402 1868 102 22 21 209 37 159 34 120 22 20 349 46 140 22 32 76 33 164 31 94 22 174
internal_value=0.00151107 0.00374327 0.000862069 -0.00662791 0.0011633 0.00217138 0.00260638 0.00191358 0.00257412 0.000987654 -0.00333333 0.000968535 0.000393069 0.00130303 -0.00170391 -0.000555555 -0.00315603 -0.00555046 0.000522388 0.00251381 -0.00110119 -0.00189655 -0.000357143
internal_weight=4199 547 145 43 3652 601 564 405 371 162 42 3051 1183 825 358 476 141 109 335 171 336 290 196
internal_count=4199 547 145 43 3652 601 564 405 371 162 42 3051 1183 825 358 476 141 109 335 171 336 290 196
cat_boundaries=0 1 2 3
cat_threshold=32 140 80
is_linear=0
shrinkage=0.05


Tree=79
num_leaves=24
num_cat=5
split_feature=0 3 4 5 0 3 4 7 0 7 16 15 3 4 9 19 5 1 16 1 5 5 11
split_gain=1.26318 0.498553 1.08845 0.377559 0.423797 1.13426 1.47655 0.853719 1.15478 0.707402 1.29278 1.00248 0.971264 0.673916 0.511104 0.532735 0.706134 0.991472 0.499163 0.49885 0.569703 0.785536 0.909164
threshold=0 1.0000000180025095e-35 1.0000000180025095e-35 1.5935673327094293 1 1.0000000180025095e-35 1.0000000180025095e-35 1.0000000180025095e-35 2 1.0000000180025095e-35 1.0000000180025095e-35 32.48043640372051 1.0000000180025095e-35 1.0000000180025095e-35 19921.254983516897 1.0000000180025095e-35 1.0596748834202809 3 1.0000000180025095e-35 4 1.1943901211755916 1.0658108544522935 0.9984092495684993
decision_type=1 2 2 2 1 2 2 2 1 2 2 2 2 2 2 2 2 1 2 1 2 2 2
left_child=1 -1 -3 4 5 6 7 8 -2 10 12 -12 -6 19 15 16 17 -11 -10 20 21 22 -7
right_child=3 2 -4 -5 9 13 -8 -9 18 14 11 -13 -14 -15 -16 -17 -18 -19 -20 -21 -22 -23 -24
leaf_value=0.012731248220738343 0.0039900687410696556 0.0071449598225391603 -0.00089507808482336784 -0.00010339878050762053 -1.2529562684882303e-06 2.65105429269204e-06 1.7197609105292644e-06 0.0092190423785919167 0.005224393527384511 -0.0014204033865041405 -1.1174973426589301e-07 4.2918311378657915e-07 2.3861687772494024e-07 1.5184251590745637e-05 0.00048674144035899358 -0.00010581959634043265 0.00045539860889157917 -0.00032365721632814293 -0.00024461144139172568 3.2778007982628573e-07 4.8773585765227072e-06 -0.00048237068766763381 -5.4835130608416388e-05
leaf_weight=402 241 102 43 65 58 65 455 482 36 20 187 525 29 187 183 491 33 26 212 263 35 25 34
leaf_count=402 241 102 43 65 58 65 455 482 36 20 187 525 29 187 183 491 33 26 212 263 35 25 34
internal_value=0.00142772 0.0036535 0.0012069 0.00108138 0.00115277 0.00162592 0.00240533 0.00350669 0.00203476 0.000518566 0.0015582 0.00226124 -0.0041954 -0.000172414 -0.000577689 -0.00131579 -0.00512658 -0.00913043 -0.000426356 -0.00127962 -0.00349057 -0.00508064 -0.00308081
internal_weight=4199 547 145 3652 3587 2035 1426 971 489 1552 799 712 87 609 753 570 79 46 248 422 159 124 99
internal_count=4199 547 145 3652 3587 2035 1426 971 489 1552 799 712 87 609 753 570 79 46 248 422 159 124 99
cat_boundaries=0 1 2 3 4 5
cat_threshold=32 156 132 1 2
is_linear=0
shrinkage=0.05


Tree=80
num_leaves=24
num_cat=4
split_feature=0 3 4 0 5 5 8 3 4 16 8 9 15 36 3 0 4 15 5 5 0 6 9
split_gain=1.24936 0.498553 1.08845 0.417287 0.941628 0.6725 0.77665 0.559748 1.02765 0.594961 1.48848 1.43575 0.716697 0.420218 0.439114 0.761565 1.34346 0.651185 0.884594 1.04422 0.586854 0.670062 0.818473
threshold=0 1.0000000180025095e-35 1.0000000180025095e-35 1 1.0596748834202809 1.4971340844100429 1.0000000180025095e-35 1.0000000180025095e-35 1.0000000180025095e-35 1.4758333333333338 1.0000000180025095e-35 3108.0978686810663 42.101107727748541 4.7621400272039383 1.0000000180025095e-35 2 1.0000000180025095e-35 46.866759309991963 1.1813853759944195 1.2393793021592654 3 1.0000000180025095e-35 4037.04472413953
decision_type=1 2 2 1 2 2 2 2 2 2 2 2 2 2 2 1 2 2 2 2 1 2 2
left_child=1 -1 -3 4 7 13 -7 8 9 11 12 -2 -11 14 15 16 -5 18 -17 -20 -16 -22 -23
right_child=3 2 -4 5 -6 6 -8 -9 -10 10 -12 -13 -14 -15 20 17 -18 -19 19 -21 21 22 -24
leaf_value=0.012094685809701425 -0.00026367040131060283 0.0067877118314122022 -0.00085032418058219965 0.0041262784102215162 2.2047425487857823e-06 1.0986258378127664e-06 -0.0012633009995996897 7.2369912801399909e-07 2.6459350507573828e-06 -6.1196280469870857e-07 -0.00090608596234023869 8.7152951821295451e-06 1.5618629996542522e-07 -0.000248745534679452 -6.4709998294328293e-06 1.001141418706356e-06 6.2736783169287973e-06 1.411588396733136e-06 -0.00041762328064969461 -1.3775515602702002e-05 2.507943557298849e-06 -0.00033105342307730706 0.0005184433482717677
leaf_weight=402 29 102 43 718 207 82 32 92 63 26 23 20 45 25 316 312 324 650 32 65 495 52 44
leaf_count=402 29 102 43 718 207 82 32 92 63 26 23 20 45 25 316 312 324 650 32 65 495 52 44
internal_value=0.00143963 0.0036535 0.0012069 0.00109503 -0.000242718 0.00130979 -0.00245614 -0.00204698 -0.00349515 -0.00583916 -0.00351064 -0.0103061 7.04227e-05 0.00145565 0.00150931 0.00190624 0.00286122 0.000930777 -0.000623472 -0.00479381 0.000589857 0.00150582 -0.00229167
internal_weight=4199 547 145 3652 505 3147 114 298 206 143 94 49 71 3033 3008 2101 1042 1059 409 97 907 591 96
internal_count=4199 547 145 3652 505 3147 114 298 206 143 94 49 71 3033 3008 2101 1042 1059 409 97 907 591 96
cat_boundaries=0 1 2 3 4
cat_threshold=32 2 148 132
is_linear=0
shrinkage=0.05


Tree=81
num_leaves=24
num_cat=4
split_feature=0 4 3 5 8 36 16 35 3 0 4 0 5 5 16 0 11 7 7 15 5 2 2
split_gain=1.04542 0.565132 1.03922 0.41065 0.764893 0.369491 0.324748 0.316651 0.332874 0.934308 0.804482 0.77568 0.747246 0.734901 0.692308 0.640995 0.594164 0.587096 0.553885 0.587434 0.514332 0.518774 0.505242
threshold=0 1.0000000180025095e-35 1.0000000180025095e-35 1.4971340844100429 1.0000000180025095e-35 4.7621400272039383 2.1729166666666671 0.044883526449059526 1.0000000180025095e-35 1 1.0000000180025095e-35 2 1.2892373734878864 1.2252164419808278 1.756416666666667 3 1.0506198847942112 1.0000000180025095e-35 1.0000000180025095e-35 156.2921917089777 0.64337206274225478 2036.5000000000002 2032.5000000000002
decision_type=1 2 2 2 2 2 2 2 2 1 2 1 2 2 2 1 2 2 2 2 2 2 2
left_child=1 -1 -3 5 6 7 -5 8 9 13 15 17 16 -2 -14 -11 22 -10 19 -17 -19 -22 -13
right_child=3 2 -4 4 -6 -7 -8 -9 11 10 -12 12 14 -15 -16 18 -18 20 -20 -21 21 -23 -24
leaf_value=0.012371469507229746 -1.8265828092993717e-07 0.0069778700945236985 -0.00080780797155309092 4.1198779897410935e-06 -0.0010401169684694984 -0.0002345983433870796 -1.0204421737763631e-05 -0.00084433621446870972 2.3181731075951796e-06 0.0058194023601051866 2.4747261353625913e-06 2.8298775296349955e-06 -0.00019176757952572951 2.5002638535417789e-06 -2.6747758176880508e-07 7.899585321144858e-07 -8.4908372413624089e-05 -0.00055561361347847402 0.0014954732993155439 -0.00056571149483230067 -7.1443849644987803e-05 0.00063419279481276693 -8.379473629106455e-06
leaf_weight=372 549 132 43 66 35 26 29 28 309 481 540 182 26 117 26 347 29 20 358 26 188 75 195
leaf_count=372 549 132 43 66 35 26 29 28 309 481 540 182 26 117 26 347 29 20 358 26 188 75 195
internal_value=0.00153489 0.00356373 0.00128571 0.00121791 -0.00153846 0.00132311 0.000789474 0.00136728 0.00141003 0.00173284 0.00233258 0.000666667 -0.000876068 0.000118343 -0.00653846 0.00306106 -0.000172414 0.00184385 0.00203104 0.000710456 0.000229682 0.000817491 0.00035809
internal_weight=4199 547 175 3652 130 3522 95 3496 3468 2418 1752 1050 458 666 52 1212 406 592 731 373 283 263 377
internal_count=4199 547 175 3652 130 3522 95 3496 3468 2418 1752 1050 458 666 52 1212 406 592 731 373 283 263 377
cat_boundaries=0 1 2 3 4
cat_threshold=32 3 27 132
is_linear=0
shrinkage=0.05


Tree=82
num_leaves=24
num_cat=1
split_feature=16 36 3 5 8 7 16 5 11 14 15 15 9 35 2 11 1 2 2 9 9 5 5
split_gain=0.387334 0.526114 0.515268 0.548207 0.929298 0.445115 0.576923 1.30894 0.808542 0.587373 1.76718 0.72 0.434389 0.352522 0.306826 0.274724 0.500518 0.748611 0.278986 0.266549 0.368841 0.502703 0.45
threshold=1.0000000180025095e-35 4.7621400272039383 1.0000000180025095e-35 1.4971340844100429 1.0000000180025095e-35 1.0000000180025095e-35 1.4758333333333338 0.89340953320853456 1.008575700215985 59013.550843035846 80.806032560209616 52.065000166143669 5110.8852315871436 0.044883526449059526 2033.5000000000002 0.43806326409344742 0 2035.5000000000002 2031.5000000000002 1673.190932123736 9439.6326153221398 0.88415018194986472 1.0969306560913907
decision_type=2 2 2 2 2 2 2 2 2 2 2 2 2 2 2 2 1 2 2 2 2 2 2
left_child=19 2 3 13 14 15 7 12 9 -8 11 -11 -7 -2 -5 -4 17 18 -17 -1 21 -21 -23
right_child=1 -3 5 4 -6 6 8 -9 -10 10 -12 -13 -14 -15 -16 16 -18 -19 -20 20 -22 22 -24
leaf_value=5.445766699652817e-05 5.5598993343038174e-06 -0.00022970808445132399 2.1842837200012767e-06 6.9772109665177989e-06 -0.0011481301091444591 -0.0018581517805816364 0.00058631741026715872 0.00014828178921344077 -0.00036286821184912588 -0.00019005522912369848 0.0001242155568531533 -0.00046788515206178045 -0.00031600699731876698 -0.0010472688560046696 -5.2031295208790027e-05 -4.434027658591905e-05 9.3080057836792012e-07 1.8515155352952161e-06 -1.2273397920456784e-05 8.690384589629804e-05 1.1568001595161915e-05 -1.2931882528098832e-05 3.8281325974635288e-06
leaf_weight=199 2452 22 404 51 22 26 179 79 27 25 134 25 25 21 30 23 92 36 21 31 195 40 40
leaf_count=199 2452 22 404 51 22 26 179 79 27 25 134 25 25 21 30 23 92 36 21 31 195 40 40
internal_value=0.00152298 0.00134543 0.00139161 0.00177795 -0.00179612 0.000483577 -0.000576923 -0.00346154 0.000384616 0.00100551 -0.000978261 -0.009 -0.00970588 0.00192681 0.000679013 0.00144097 -0.000232558 -0.003125 -0.0075 0.00282178 0.00189542 -0.000405405 -0.0025
internal_weight=4199 3694 3672 2576 103 1096 520 130 390 363 184 50 51 2473 81 576 172 80 44 505 306 111 80
internal_count=4199 3694 3672 2576 103 1096 520 130 390 363 184 50 51 2473 81 576 172 80 44 505 306 111 80
cat_boundaries=0 1
cat_threshold=2
is_linear=0
shrinkage=0.05


Tree=83
num_leaves=24
num_cat=4
split_feature=0 4 15 15 5 0 5 2 5 4 14 1 36 2 16 11 11 14 14 1 15 5 2
split_gain=1.3323 0.872139 0.616768 0.613636 0.538496 0.483674 0.638702 0.622539 0.611461 0.531973 0.980915 0.557724 0.458433 0.458009 0.447125 0.439132 0.933333 0.518035 1.00798 1.17074 0.751111 0.513413 0.585876
threshold=0 1.0000000180025095e-35 182.94311435228204 201.16158502425318 1.4070340389700129 1 1.0632720573186565 2029.5000000000002 1.5531047480642555 1.0000000180025095e-35 15617.993554179864 2 0.81726817830925635 2033.5000000000002 1.4758333333333338 1.0122700898015295 1.1643012449630146 80163.209643722032 110572.56830359406 3 93.060280248681877 0.95604214863564396 2034.5000000000002
decision_type=1 2 2 2 2 1 2 2 2 2 2 1 2 2 2 2 2 2 2 1 2 2 2
left_child=1 -1 5 -4 -3 8 9 14 12 15 11 -11 -2 -10 -8 17 -17 -7 19 20 -19 22 -20
right_child=2 4 3 -5 -6 6 7 -9 13 10 -12 -13 -14 -15 -16 16 -18 18 21 -21 -22 -23 -24
leaf_value=0.0016976770203240019 1.1449440981166962e-05 8.2774396079421299e-05 -0.00025018610753897941 3.7904719624402719e-05 -0.0012292358956131292 3.4463809297591061e-07 4.9401117299175544e-06 1.8085683894738636e-06 -0.0013196946194956711 -4.6110465006070087e-07 2.2298164773129132e-06 -0.00033068774301936189 -0.0005932642843532607 4.2176294919434228e-05 -7.4661545479147746e-07 -0.00034922041912549247 -0.00014480929833264559 -5.8682183532063677e-06 6.3033946334952978e-05 -4.253680067371342e-07 -0.00045951974588398503 -2.2536008730677868e-06 -1.1060418673862587e-07
leaf_weight=720 1448 307 44 22 27 357 59 455 20 20 232 21 49 22 121 21 35 20 56 41 25 40 37
leaf_count=720 1448 307 44 22 27 357 59 455 20 20 232 21 49 22 121 21 35 20 56 41 25 40 37
internal_value=0.00121338 0.00274436 0.000689382 -0.00409091 0.000658683 0.000794089 0.000161291 0.00137795 0.00141704 -0.000690608 0.00115385 -0.00597561 0.00159319 -0.00452381 -0.00111111 -0.00148734 -0.00571429 -0.00107639 -0.00299087 -0.0072093 -0.0127778 -0.000263158 0.00177419
internal_weight=4199 1054 3145 66 334 3079 1540 635 1539 905 273 41 1497 42 180 632 56 576 219 86 45 133 93
internal_count=4199 1054 3145 66 334 3079 1540 635 1539 905 273 41 1497 42 180 632 56 576 219 86 45 133 93
cat_boundaries=0 1 2 3 4
cat_threshold=160 28 4 1
is_linear=0
shrinkage=0.05


Tree=84
num_leaves=24
num_cat=2
split_feature=0 4 7 16 7 11 9 5 4 5 5 36 2 15 14 14 14 9 36 36 5 5 0
split_gain=1.39207 0.5219 0.912063 0.436508 0.373091 0.642199 0.62185 1.42165 0.798011 0.523046 0.414349 0.388435 0.33885 0.447411 0.512121 0.314286 0.308724 0.297956 0.295032 0.750024 1.62513 0.533922 0.440818
threshold=0 1.0000000180025095e-35 1.0000000180025095e-35 1.4758333333333338 2.5000000000000004 1.0506198847942112 55592.232631112907 1.1347049787747847 1.0000000180025095e-35 0.64337206274225478 0.55782275054609032 4.7621400272039383 2027.5000000000002 38.807285180331199 100102.98219758781 45557.650428587818 157226.55219614532 64262.111005197432 1.2836864293596044 0.095446854635890685 0.87576888871408942 1.1912409331906684 1
decision_type=1 2 2 2 2 2 2 2 2 2 2 2 2 2 2 2 2 2 2 2 2 2 1
left_child=1 -1 3 -3 6 12 10 9 16 -8 -2 18 13 -6 -15 -5 -9 -11 19 22 -21 -22 -12
right_child=4 2 -4 15 5 -7 7 8 -10 17 11 -13 -14 14 -16 -17 -18 -19 -20 20 21 -23 -24
leaf_value=0.011667983688144269 1.4003911262609662e-05 0.0021310211461993606 0.0083493404880991828 -0.0024709755903675576 0.0020488096539357336 -0.00028180010177012371 -7.4755737610150515e-05 -0.00035473929240315114 -3.1740151705950191e-07 -6.0386105738214678e-07 4.5736732907155135e-06 -0.00021055025723742163 0.00082556276089268139 -0.00096840737824242145 0.00055248697310504981 -0.00050573617581308697 -0.00018805371012958408 6.0410966547950027e-06 2.6775951743035721e-05 -0.00031290377376208425 1.2061448805877845e-05 -0.0010111167749049588 5.4018521528922946e-08
leaf_weight=372 165 35 85 20 24 37 22 23 20 26 1409 23 485 33 22 35 21 92 59 39 49 25 1078
leaf_count=372 165 35 85 20 24 37 22 23 20 26 1409 23 485 33 22 35 21 92 59 39 49 25 1078
internal_value=0.00114194 0.00347397 0.00128571 -0.00222222 0.000780994 0.0019218 0.000558833 -0.00210784 -0.00828125 0.000714286 0.000749912 0.000600298 0.00234043 -0.000696202 -0.00318182 -0.005 -0.0120455 0.0020339 0.000656262 0.000576923 -0.00340708 0.000945946 0.000757941
internal_weight=4199 547 175 90 3652 601 3051 204 64 140 2847 2682 564 79 55 55 44 118 2659 2600 113 74 2487
internal_count=4199 547 175 90 3652 601 3051 204 64 140 2847 2682 564 79 55 55 44 118 2659 2600 113 74 2487
cat_boundaries=0 1 2
cat_threshold=32 30
is_linear=0
shrinkage=0.05


Tree=85
num_leaves=24
num_cat=4
split_feature=3 0 0 4 14 5 4 7 7 17 36 17 1 5 17 5 5 0 5 5 5 14 15
split_gain=1.47108 2.83416 2.42394 2.0533 1.93847 1.3759 1.32057 1.51667 0.692078 0.546502 0.530823 0.612757 0.524926 1.66113 0.854398 0.490196 0.401351 0.372223 0.535472 0.607778 0.456006 0.669575 1.564
threshold=1.0000000180025095e-35 0 1 1.0000000180025095e-35 108912.87074516712 0.86354054545950343 1.0000000180025095e-35 1.0000000180025095e-35 1.0000000180025095e-35 1.0000000180025095e-35 4.4680260307538981 73.879583333333343 2 1.1223427162988093 71.457916666666691 0.8899652155658534 1.3618862516084771 3 1.3429576197623241 1.1313192132347927 0.92692011529563423 113762.42999044863 71.422255621652425
decision_type=2 1 1 2 2 2 2 2 2 2 2 2 1 2 2 2 2 1 2 2 2 2 2
left_child=2 3 6 4 5 -2 -1 9 -7 -8 11 -4 13 14 -11 -14 -9 18 19 20 -3 22 -22
right_child=1 17 10 -5 -6 8 7 16 -10 12 -12 -13 15 -15 -16 -17 -18 -19 -20 -21 21 -23 -24
leaf_value=0.0068440734769083609 -0.0001189388118163801 9.2472660607337589e-07 6.4287941104507657e-06 4.3939529026411173e-05 -8.8565207580154498e-05 -8.830612682508596e-05 0.0053550171399531568 0.0048621791808863028 0.00017159442038776823 -0.0012337701115536736 -0.00036608311365543458 -3.7478216055955482e-08 0.00022877464121785212 0.0013279553776458638 -0.0021724967185670673 -0.00053063797475360675 -0.00022764055547679548 2.8455913394873857e-06 -8.4123077194466918e-06 3.6214169315318375e-06 -0.00018779910930452108 1.0950391093774819e-06 -0.00045837469909356158
leaf_weight=772 29 140 807 53 25 22 22 165 28 23 20 1003 25 20 20 60 20 768 34 63 35 23 22
leaf_count=772 29 140 807 53 25 22 22 165 28 23 20 1003 25 20 20 60 20 768 34 63 35 23 22
internal_value=0.00113003 -0.000314009 0.00173656 -0.00637725 -0.0108654 -0.00702532 0.00354881 0.00105634 -0.002 -0.00235294 0.000597826 0.000690608 -0.00344595 -0.00690476 -0.0124419 -0.000882353 0.00418919 0.000616439 -0.000810397 -0.000123675 -0.00136364 -0.004375 -0.0072807
internal_weight=4199 1242 2957 157 104 79 1127 355 50 170 1830 1810 148 63 43 85 185 1085 317 283 220 80 57
internal_count=4199 1242 2957 157 104 79 1127 355 50 170 1830 1810 148 63 43 85 185 1085 317 283 220 80 57
cat_boundaries=0 1 2 3 4
cat_threshold=128 164 2 68
is_linear=0
shrinkage=0.05


Tree=86
num_leaves=24
num_cat=4
split_feature=0 3 4 7 16 5 14 0 14 1 3 2 7 14 2 14 7 0 15 15 5 9 7
split_gain=1.5536 1.21556 0.503671 0.940648 0.715888 0.483892 0.431393 0.747324 1.26429 1.04379 0.852674 1.02325 0.972549 0.941609 0.412487 0.510868 0.408562 0.490813 0.467901 0.664821 0.4 0.385291 0.613176
threshold=0 1.0000000180025095e-35 1.0000000180025095e-35 1.0000000180025095e-35 2.1729166666666671 1.2892373734878864 80922.769451986052 1 88403.490714778294 2 1.0000000180025095e-35 2037.5000000000002 1.5000000000000002 134911.01726225539 2030.5000000000002 7070.3627258293573 1.0000000180025095e-35 3 63.950051230600927 75.269176838389953 1.3869806392842978 1995.5659042928421 1.5000000000000002
decision_type=1 2 2 2 2 2 2 1 2 1 2 2 2 2 2 2 2 1 2 2 2 2 2
left_child=1 2 -1 4 -4 -3 14 8 9 -8 -10 12 13 -12 15 -2 18 -18 -17 -20 -7 22 -19
right_child=6 5 3 -5 -6 20 7 -9 10 -11 11 -13 -14 -15 -16 16 17 21 19 -21 -22 -23 -24
leaf_value=0.0070919928290987411 -0.00013346221579966719 3.6027708036077772e-06 0.0002356871198324577 0.0062968684330735897 -0.0017231570065924075 -0.00015088182290467339 -0.00095245588115083378 1.1613918869621185e-06 1.4153893618599092e-06 -0.00015911333943271754 3.5102077991984656e-06 -7.1650962948176513e-05 0.00015342554555485561 -0.00013991614107600558 4.0781943417364637e-06 4.8752537194420547e-06 0.00077852175096811268 -0.00036032199099076149 -3.7975673749872101e-07 3.9624262412420221e-06 1.3303132137580914e-05 -2.0898992402866125e-05 -6.2193122166716758e-05
leaf_weight=528 51 268 84 127 38 20 22 800 224 21 25 24 31 29 1288 229 146 27 21 53 20 86 37
leaf_count=528 51 268 84 127 38 20 22 800 224 21 25 24 31 29 1288 229 146 27 21 53 20 86 37
internal_value=0.00114194 0.00276256 0.0038417 0.00198795 -0.00114754 0.00012987 0.000566581 -0.000187075 -0.00199482 -0.0101163 -0.00100601 -0.00463303 -0.00205882 -0.00611111 0.00102683 1.86265e-10 0.000409015 -0.000912162 0.00169967 -0.00175676 -0.005 -0.0028125 -0.0059375
internal_weight=4199 1085 777 249 122 308 3114 1176 376 43 333 109 85 54 1938 650 599 296 303 74 40 150 64
internal_count=4199 1085 777 249 122 308 3114 1176 376 43 333 109 85 54 1938 650 599 296 303 74 40 150 64
cat_boundaries=0 1 2 3 4
cat_threshold=36 130 1 138
is_linear=0
shrinkage=0.05


Tree=87
num_leaves=24
num_cat=1
split_feature=3 5 16 5 11 11 5 11 5 14 16 5 5 2 15 14 5 5 1 9 14 2 15
split_gain=0.836772 0.487956 0.443659 0.544809 0.420967 0.715262 0.382935 0.793776 0.645347 0.62456 0.567263 0.561278 0.657027 0.431244 0.618212 0.992556 0.368899 0.568156 0.359105 0.351346 0.369971 0.332657 0.335525
threshold=1.0000000180025095e-35 0.53101761050589735 1.4758333333333338 1.5300513205035833 0.37289610486634955 0.29307874053979238 1.0894399391156535 1.0506198847942112 0.86354054545950343 129024.64539963414 2.1729166666666671 1.3207557252961468 1.1415607775418246 2038.5000000000002 74.344162533720933 25168.510525336853 1.1606751215755724 1.0154938974775825 0 56801.690371426215 151498.38975148505 2038.5000000000002 117.12013297371742
decision_type=2 2 2 2 2 2 2 2 2 2 2 2 2 2 2 2 2 2 1 2 2 2 2
left_child=1 -1 16 4 5 -4 7 13 -9 10 21 12 -11 19 15 -15 17 -3 -5 20 -2 22 -8
right_child=6 2 3 18 -6 -7 9 8 -10 11 -12 -13 -14 14 -16 -17 -18 -19 -20 -21 -22 -23 -24
leaf_value=0.00035859474238787801 7.7964041558047155e-07 2.489678850575049e-05 2.1511093488242343e-06 -0.000552397862121052 8.0466048609054626e-06 -0.00034368573656863159 -3.0089017765797049e-06 -0.00030981005737570829 -1.212074593918522e-05 2.7281254341114059e-06 1.5170083149314772e-05 5.1392881607403613e-06 -0.0005189109150715844 1.4537774892258029e-05 2.9413325921860937e-06 -0.00056523723329338072 9.2087770750607951e-05 -6.8085152862170826e-07 9.99208267732758e-06 -5.1898059502900996e-05 2.7229570394148718e-06 2.2392247139147656e-05 2.0419935412422405e-05
leaf_weight=131 535 490 1207 33 533 23 203 31 27 20 113 24 23 26 43 36 297 211 32 45 46 40 30
leaf_count=131 535 490 1207 33 533 23 203 31 27 20 113 24 23 26 43 36 297 211 32 45 46 40 30
internal_value=0.00117766 0.0016351 0.00149682 0.00103392 0.00119966 0.000691057 8.8567e-05 -0.000576679 -0.0062069 0.00124724 0.00202073 -0.00320895 -0.00662791 -0.000129959 -0.00309524 -0.00629032 0.00234469 0.00171897 -0.00346154 0.000367412 0.000697074 0.000787546 6.43779e-05
internal_weight=4199 2957 2826 1828 1763 1230 1242 789 58 453 386 67 43 731 105 62 998 701 65 626 581 273 233
internal_count=4199 2957 2826 1828 1763 1230 1242 789 58 453 386 67 43 731 105 62 998 701 65 626 581 273 233
cat_boundaries=0 1
cat_threshold=1
is_linear=0
shrinkage=0.05


Tree=88
num_leaves=24
num_cat=3
split_feature=0 3 5 7 4 7 16 6 2 5 14 14 0 7 5 5 11 0 15 15 15 7 17
split_gain=1.8622 0.974117 0.86335 0.773986 0.58055 0.824024 0.715888 0.387787 0.295336 0.786962 0.507352 0.598261 0.692788 1.15672 1.44336 1.49118 0.377938 0.413111 0.63075 0.491845 1.53459 0.707859 0.49728
threshold=0 1.0000000180025095e-35 0.40013708798615666 1.0000000180025095e-35 1.0000000180025095e-35 1.0000000180025095e-35 2.1729166666666671 1.0000000180025095e-35 2030.5000000000002 1.5935673327094293 97462.014508123553 102507.31091913018 1 1.0000000180025095e-35 1.0227623270571322 0.92692011529563423 1.99383156967974 2 169.09330351355609 76.866571170776012 66.063244461926928 1.5000000000000002 74.884166666666673
decision_type=1 2 2 2 2 2 2 2 2 2 2 2 1 2 2 2 2 1 2 2 2 2 2
left_child=1 4 3 -2 -1 6 -6 -3 9 16 -10 -12 13 14 15 -13 17 18 -4 20 -19 -21 -23
right_child=2 7 8 -5 5 -7 -8 -9 10 -11 11 12 -14 -15 -16 -17 -18 19 -20 21 -22 22 -24
leaf_value=0.0067319389916763771 -1.766840260637828e-05 -2.2780915656592301e-06 2.5027514330320768e-05 0.00049806386287383909 0.00022358886606692774 0.0059817995460975729 -0.0016374695782347686 0.0019048132510162928 3.6739463500810741e-06 -0.0011009222710817582 -4.1575223996863214e-05 -2.2620776687922898e-06 1.8458834940116455e-06 0.00023639924008938228 8.8650609852317212e-07 -6.8363298450935578e-05 -0.00049616840112003862 -7.4322362657051299e-07 -0.00022514620472151683 3.7697091691508483e-06 -4.3523858128478815e-05 0.00053453402874551804 -0.00077582643345346092
leaf_weight=528 22 250 480 21 84 127 38 58 1454 20 46 34 357 79 38 20 28 270 20 124 23 33 45
leaf_count=528 22 250 480 21 84 127 38 58 1454 20 46 34 357 79 38 20 28 270 20 124 23 33 45
internal_value=0.00103477 0.00280822 0.00040653 -0.00662791 0.00377735 0.00178715 -0.00114754 0.000454546 0.00050635 -0.000177373 0.000857988 -0.000400697 7.57578e-05 -0.00245856 -0.00641304 -0.0116667 1.46629e-05 0.00017588 0.00117647 -0.000841584 -0.00216724 0.0010396 -0.00269231
internal_weight=4199 1085 3114 43 777 249 122 308 3071 1043 2028 574 528 171 92 54 1023 995 500 495 293 202 78
internal_count=4199 1085 3114 43 777 249 122 308 3071 1043 2028 574 528 171 92 54 1023 995 500 495 293 202 78
cat_boundaries=0 1 2 3
cat_threshold=36 129 152
is_linear=0
shrinkage=0.05


Tree=89
num_leaves=24
num_cat=3
split_feature=0 3 4 7 0 3 14 16 4 17 7 3 36 2 2 0 9 9 9 3 14 14 14
split_gain=1.32075 0.564897 0.978853 0.329579 0.46621 3.61976 2.34429 1.87916 0.953988 0.610501 0.60592 0.749635 0.504471 0.494868 0.455737 0.448686 1.11669 0.478883 2.46373 0.381081 0.378911 0.951397 0.337646
threshold=0 1.0000000180025095e-35 1.0000000180025095e-35 2.5000000000000004 1 1.0000000180025095e-35 108912.87074516712 1.4758333333333338 1.0000000180025095e-35 73.879583333333343 1.0000000180025095e-35 1.0000000180025095e-35 0.095446854635890685 2032.5000000000002 2027.5000000000002 2 65580.756238040936 609.11502569308516 1282.1821382885942 1.0000000180025095e-35 148240.88385307125 158982.04161539089 100102.98219758781
decision_type=1 2 2 2 1 2 2 2 2 2 2 2 2 2 2 1 2 2 2 2 2 2 2
left_child=1 -1 -3 4 5 8 7 -7 -2 -10 11 20 15 -14 22 16 19 -17 -19 -12 -6 -22 -5
right_child=3 2 -4 14 10 6 -8 -9 9 -11 12 -13 13 -15 -16 17 -18 18 -20 -21 21 -23 -24
leaf_value=0.010087701475866857 0.004722832733758362 0.0050709099357917967 -0.00074742464172842073 -0.00055446381982869857 1.4954572769324263e-06 -9.4941388561942521e-05 -0.00010943709004175961 4.1583816244479869e-05 0.00012927046254121224 -0.0016938026721594641 0.0023821867304635114 2.6190584595996132e-06 -0.00032022429618152855 4.0919657643522849e-05 0.00068114473326185559 0.00025779053888099092 -0.00053134336198121018 -0.00060997055209126771 -4.838583323731708e-05 -4.1096536091786984e-05 -7.8027397641910939e-05 1.1582509459550542e-06 0.00026206217207802888
leaf_weight=402 195 102 43 58 1029 35 30 69 39 45 205 499 33 31 516 179 21 22 439 74 26 80 27
leaf_count=402 195 102 43 58 1029 35 30 69 39 45 205 499 33 31 516 179 21 22 439 74 26 80 27
internal_value=0.00120148 0.00347397 0.000862069 0.000849263 0.000640774 -0.000910165 -0.00768657 -0.00413462 0.00231183 -0.00214286 0.000883686 0.00148103 -7.96811e-05 -0.004375 0.0019218 0.000212766 0.00177419 -0.000538461 -0.00139913 0.00267025 0.000770925 -0.00207547 -0.00147059
internal_weight=4199 547 145 3652 3051 413 134 104 279 84 2638 1634 1004 64 601 940 300 640 461 279 1135 106 85
internal_count=4199 547 145 3652 3051 413 134 104 279 84 2638 1634 1004 64 601 940 300 640 461 279 1135 106 85
cat_boundaries=0 1 2 3
cat_threshold=32 128 12
is_linear=0
shrinkage=0.05


Tree=90
num_leaves=24
num_cat=0
split_feature=3 4 7 17 19 11 11 9 2 5 5 7 15 7 17 14 9 4 15 14 5 15 11
split_gain=0.667688 0.476727 0.443648 0.46038 0.442805 0.425731 1.95 0.394083 0.388024 0.461447 1.17789 0.373155 0.763655 0.923215 0.893907 0.647239 0.36026 0.351296 0.585469 0.544621 0.559797 0.462692 0.675654
threshold=1.0000000180025095e-35 1.0000000180025095e-35 1.0000000180025095e-35 74.884166666666673 1.0000000180025095e-35 1.0016378065653475 1.0637501793127198 494.282496821179 2031.5000000000002 0.83593146774837945 0.89919980469317551 1.0000000180025095e-35 85.918700510599209 2.5000000000000004 74.884166666666673 36795.514088495845 18182.084045882915 1.0000000180025095e-35 165.47496111337907 31346.425854967394 1.0596748834202809 30.123502613179962 1.0248478723297374
decision_type=2 2 2 2 2 2 2 2 2 2 2 2 2 2 2 2 2 2 2 2 2 2 2
left_child=1 2 3 -1 -3 7 -7 -6 9 -4 -11 -9 13 14 15 -13 -14 18 21 20 -19 -2 -23
right_child=17 4 8 -5 5 6 -8 11 -10 10 -12 12 16 -15 -16 -17 -18 19 -20 -21 -22 22 -24
leaf_value=7.6821564480401615e-06 1.0551241810874077e-05 5.4205583526931778e-05 0.0015016715758073326 3.627311594248139e-07 9.8230731624702878e-06 -0.0014195174527923283 1.6393890332445898e-05 1.9105063189760657e-06 0.0013151335786333938 -0.00066982913938237244 0.00086399549477655176 0.00053820723928123758 -0.00024584333151899876 0.00076474041046718311 -0.0012814339299452701 -0.001023895029751412 0.00082784051798011371 -0.00055739182047190782 -5.863820144539938e-05 8.784376846175109e-06 3.9412304881425995e-05 -9.8340202402682989e-07 -6.2052170410589687e-05
leaf_weight=586 220 124 119 456 157 30 48 279 588 28 258 28 46 66 45 33 66 71 28 273 35 579 36
leaf_count=586 220 124 119 456 157 30 48 279 588 28 258 28 46 66 45 33 66 71 28 273 35 579 36
internal_value=0.00114194 0.00155056 0.00197789 0.0012572 0.000607375 0.000175439 -0.00333333 0.000555556 0.00273414 0.00154321 0.000454546 -6.21668e-05 -0.00133803 -0.00343023 -0.00632075 -0.00237705 0.001875 0.000169082 -0.000388181 0.00143799 -0.00160377 -0.0001497 -0.000853658
internal_weight=4199 2957 2035 1042 922 798 78 720 993 405 286 563 284 172 106 61 112 1242 863 379 106 835 615
internal_count=4199 2957 2035 1042 922 798 78 720 993 405 286 563 284 172 106 61 112 1242 863 379 106 835 615
is_linear=0
shrinkage=0.05


Tree=91
num_leaves=24
num_cat=2
split_feature=0 3 4 7 16 5 7 15 11 14 14 5 2 15 15 9 2 14 14 15 3 0 2
split_gain=1.44879 0.864216 0.708599 0.828652 0.96179 0.63153 0.534028 0.433631 0.529692 1.44674 0.336198 0.381055 0.436508 0.235141 0.336902 1.09716 0.267266 0.255512 0.535067 0.502769 0.514278 0.523353 0.864082
threshold=0 1.0000000180025095e-35 1.0000000180025095e-35 1.0000000180025095e-35 2.1729166666666671 0.40013708798615666 1.0000000180025095e-35 34.813372393803284 0.55950673025232545 89628.55214601972 60263.260917315893 0.8899652155658534 2030.5000000000002 12.915267047521494 15.976611032343117 1234.5197469367079 2029.5000000000002 20255.825890107317 34911.559038450992 22.754466787808642 1.0000000180025095e-35 1 2037.5000000000002
decision_type=1 2 2 2 2 2 2 2 2 2 2 2 2 2 2 2 2 2 2 2 2 1 2
left_child=1 2 -1 4 -4 6 -2 -3 10 -10 -9 -12 -13 16 15 -15 -7 -16 19 -19 21 -21 -23
right_child=5 7 3 -5 -6 13 -8 8 9 -11 11 12 -14 14 17 -17 -18 18 -20 20 -22 22 -24
leaf_value=0.0063951393415788071 -1.6488016377079243e-05 3.0905092821167727e-05 0.00021196218479319214 0.0055617776028838092 -0.0016359880620213164 5.683666193581638e-06 0.00053965165375315387 8.0936664905115879e-06 -0.00067052017210394565 1.5187787425374766e-05 8.8034085002517955e-05 3.9580270590785466e-05 -0.00050202265760972088 6.0464668868852892e-06 1.1405272754157744e-05 -0.00010625312742915918 1.5181080742508812e-05 -3.6611599586193011e-05 1.3606232516599881e-06 0.00019489653633280576 -5.3511407023261385e-05 8.1246114275096789e-07 -0.00020751272416476226
leaf_weight=528 22 91 84 127 38 34 21 65 23 32 31 21 45 26 417 20 82 22 2111 119 109 109 22
leaf_count=528 22 91 84 127 38 34 21 65 23 32 31 21 45 26 417 20 82 22 2111 119 109 109 22
internal_value=0.00110622 0.00267123 0.0035843 0.00138554 -0.00155738 0.000550576 -0.00546512 0.000454546 -0.000760368 -0.005 0.000679013 -0.00118557 -0.00333333 0.000636601 0.000549916 -0.00369565 0.00284483 0.000617051 0.000425361 -0.00129921 -0.000849582 0.0004 -0.00173759
internal_weight=4199 1085 777 249 122 3114 43 308 217 55 162 97 66 3071 2955 46 116 2909 2492 381 359 250 131
internal_count=4199 1085 777 249 122 3114 43 308 217 55 162 97 66 3071 2955 46 116 2909 2492 381 359 250 131
cat_boundaries=0 1 2
cat_threshold=36 152
is_linear=0
shrinkage=0.05


Tree=92
num_leaves=24
num_cat=2
split_feature=0 14 5 7 3 15 9 0 3 5 9 9 14 5 5 5 5 16 14 11 14 14 14
split_gain=1.32075 0.491634 0.448181 0.439794 0.76603 0.446539 0.355569 0.743875 1.38118 0.673532 0.563061 0.875282 0.799893 0.468284 0.548835 0.413413 0.399248 0.416768 0.390114 0.6176 0.6075 0.454061 0.448776
threshold=0 59013.550843035846 0.40013708798615666 1.0000000180025095e-35 1.0000000180025095e-35 40.506207950130239 27912.41317200923 1 1.0000000180025095e-35 0.61287064589900508 12408.557030270813 13483.581794243801 177598.3714906082 0.83593146774837945 0.93566252435764941 1.0776903129539595 1.3207557252961468 1.756416666666667 87655.739213096036 0.9984092495684993 71939.340859058619 95974.252668371584 115053.27111198664
decision_type=1 2 2 2 2 2 2 1 2 2 2 2 2 2 2 2 2 2 2 2 2 2 2
left_child=3 -2 -3 4 -1 -6 10 8 16 -9 12 -12 18 -13 -15 -10 17 -8 19 -4 -21 -20 -23
right_child=1 2 6 -5 5 -7 7 9 15 -11 11 13 -14 14 -16 -17 -18 -19 21 20 -22 22 -24
leaf_value=0.0069740426945489866 4.7204202368351633e-06 -3.9808038888660611e-05 1.9909721994264168e-06 0.012137730062111926 0.00093756853052419744 -0.0010400366692353237 0.0019945370451092282 -2.7268536605587405e-05 -5.4553754685511151e-05 4.6104317299674075e-06 -0.0014599413318582366 5.0615782227935998e-05 -8.7880952941430036e-05 -0.00070504172683364557 -7.8937564956477549e-06 -0.00033855156546204441 -0.00025113236851319966 -0.00051385939789367848 4.8996174389560609e-05 -1.6736201633449514e-05 -0.00042941610566103982 -2.148394114117282e-06 6.6201989822511661e-06
leaf_weight=204 1786 27 284 265 27 51 64 31 26 417 25 72 39 24 162 21 20 27 84 50 30 164 299
leaf_count=204 1786 27 284 265 27 51 64 31 26 417 25 72 39 24 162 21 20 27 84 50 30 164 299
internal_value=0.00120148 0.000849263 0.00028403 0.00347397 0.00216312 -0.00205128 0.000377923 0.00136964 -0.00154762 0.00237991 -0.000109489 -0.00206714 0.000473684 -0.00120155 -0.00252688 -0.00882979 0.0013964 0.0028022 0.000773875 -0.000494505 -0.004375 0.00161792 0.00100432
internal_weight=4199 3652 1866 547 282 78 1839 606 158 448 1233 283 950 258 186 47 111 91 911 364 80 547 463
internal_count=4199 3652 1866 547 282 78 1839 606 158 448 1233 283 950 258 186 47 111 91 911 364 80 547 463
cat_boundaries=0 1 2
cat_threshold=32 136
is_linear=0
shrinkage=0.05


Tree=93
num_leaves=24
num_cat=4
split_feature=0 5 3 7 11 11 5 7 16 0 5 9 0 3 16 3 1 15 3 2 3 14 5
split_gain=1.23079 0.676103 0.55763 0.534028 0.40752 1.15891 0.404734 0.317773 0.937972 0.657854 1.12233 0.630907 0.612702 1.62138 0.882924 0.571433 0.568182 0.521783 0.477786 0.421639 0.497544 0.415584 0.414089
threshold=0 0.40013708798615666 1.0000000180025095e-35 1.0000000180025095e-35 1.0016378065653475 1.0637501793127198 1.2892373734878864 1.0000000180025095e-35 1.0000000180025095e-35 1 1.2601101320002142 14017.370295984869 2 1.0000000180025095e-35 1.4758333333333338 1.0000000180025095e-35 3 47.558904382907706 1.0000000180025095e-35 2030.5000000000002 1.0000000180025095e-35 21455.399751591278 0.79218722710116374
decision_type=1 2 2 2 2 2 2 2 2 1 2 2 1 2 2 2 1 2 2 2 2 2 2
left_child=2 3 4 -2 -1 -6 -4 12 -9 10 11 18 13 -3 -15 -14 -12 -16 21 20 -11 -10 -23
right_child=1 7 6 -5 5 -7 -8 8 9 19 16 -13 15 14 17 -17 -18 -19 -20 -21 -22 22 -24
leaf_value=0.0041844455083588404 -1.3673213613792248e-05 0.00056038776907874185 1.1855234890068348e-05 0.00051465947294357676 -0.0013232617084202826 0.0025676241133497191 -7.5597555432600902e-05 0.0010589080056301184 0.00038592346654134428 1.6946196445679341e-05 -0.00055274932213841051 0.00044811140239324964 9.7408126826821525e-07 -7.780789805357177e-05 3.7609417007690638e-05 3.6215424703753543e-06 -0.00053880397512771146 -5.024953549872418e-05 -0.00031771702329205602 0.0002122918215961661 -0.00030146151177736738 0.00017430828103165484 -0.00027246883196174022
leaf_weight=695 22 157 268 21 33 49 40 186 22 263 22 60 934 29 22 396 22 23 35 708 115 23 54
leaf_count=695 22 157 268 21 33 49 40 186 22 263 22 60 934 29 22 396 22 23 35 708 115 23 54
internal_value=0.00127292 0.000758643 0.0027169 -0.00546512 0.0034556 0.000121951 0.000941559 0.000848258 0.000331126 -0.000135951 -0.00245968 -0.000927835 0.00134849 -0.0010166 -0.00716216 0.00175373 -0.00977273 -0.00277778 -0.00283582 0.000392336 -0.000952381 -0.00106061 -0.00279221
internal_weight=4199 3114 1085 43 777 82 308 3071 1510 1324 238 194 1561 231 74 1330 44 45 134 1086 378 99 77
internal_count=4199 3114 1085 43 777 82 308 3071 1510 1324 238 194 1561 231 74 1330 44 45 134 1086 378 99 77
cat_boundaries=0 1 2 3 4
cat_threshold=36 64 128 2
is_linear=0
shrinkage=0.05


Tree=94
num_leaves=24
num_cat=4
split_feature=0 4 7 3 16 1 0 19 8 2 15 3 4 2 16 4 7 9 2 0 3 4 4
split_gain=1.28642 0.615857 1.05778 1.57601 0.811688 0.315255 0.251441 0.311654 0.273286 0.436364 0.398456 0.275238 0.318914 0.465219 0.245675 0.417743 0.424727 0.58069 0.275326 0.54974 1.79379 1.81651 0.747559
threshold=0 1.0000000180025095e-35 1.0000000180025095e-35 1.0000000180025095e-35 1.756416666666667 1 2 1.0000000180025095e-35 1.0000000180025095e-35 2034.5000000000002 19.70506439415054 1.0000000180025095e-35 1.0000000180025095e-35 2031.5000000000002 1.0000000180025095e-35 1.0000000180025095e-35 2.5000000000000004 5400.860159000481 2029.5000000000002 3 1.0000000180025095e-35 1.0000000180025095e-35 1.0000000180025095e-35
decision_type=1 2 2 2 2 1 1 2 2 2 2 2 2 2 2 2 2 2 2 1 2 2 2
left_child=1 -1 3 4 -3 6 -2 -8 10 -10 -9 12 13 -12 15 -7 17 -17 -16 20 22 -22 -20
right_child=5 2 -4 -5 -6 14 7 8 9 -11 11 -13 -14 -15 18 16 -18 -19 19 -21 21 -23 -24
leaf_value=0.009685148917426268 1.0313573802056836e-05 0.0054663602885632228 0.0070120177275682944 -0.0038365092347973553 -0.0024813048873564511 8.837469488328797e-06 0.00014161259948100233 0.00029684810748879651 8.1516203021724618e-05 -0.0020480118537001433 -0.00016010981354018142 4.7027400821139041e-06 8.391939760726041e-05 6.3232560257090158e-06 -1.0581997064416395e-06 9.1428873410934657e-06 0.002969951301370022 -0.00023084442123837346 0.0045457195260856379 1.7577000625395184e-06 -7.3123817367785391e-05 9.9036598547339071e-05 -0.00029902890336591485
leaf_weight=372 325 45 85 24 21 246 34 43 33 22 24 30 22 29 764 42 24 37 122 1701 57 34 63
leaf_count=372 325 45 85 24 21 246 34 43 33 22 24 30 22 29 764 42 24 37 122 1701 57 34 63
internal_value=0.00114194 0.0033842 0.001 -0.00277778 0.00121212 0.000794648 0.00188612 0.000546559 -0.000172414 -0.00318182 0.000945946 -0.000714286 -0.00233333 -0.00443396 0.000598706 0.00184814 -0.000825243 -0.00259494 0.000439621 0.000751138 -0.00129371 -0.00708791 0.00148649
internal_weight=4199 547 175 90 66 3652 562 237 203 55 148 105 75 53 3090 349 103 79 2741 1977 276 91 185
internal_count=4199 547 175 90 66 3652 562 237 203 55 148 105 75 53 3090 349 103 79 2741 1977 276 91 185
cat_boundaries=0 1 2 3 4
cat_threshold=32 4 135 128
is_linear=0
shrinkage=0.05


Tree=95
num_leaves=24
num_cat=3
split_feature=0 4 7 3 16 16 16 0 3 5 5 5 4 2 5 9 2 8 18 0 6 2 5
split_gain=1.33488 0.5219 0.912063 1.16768 0.811688 0.516764 0.33914 0.4696 0.884301 0.777916 1.2327 0.719855 0.916972 0.941338 0.482604 0.465219 0.440839 0.391936 0.359304 0.414121 0.4272 0.323608 0.521206
threshold=0 1.0000000180025095e-35 1.0000000180025095e-35 1.0000000180025095e-35 1.756416666666667 1.0000000180025095e-35 1.756416666666667 1 1.0000000180025095e-35 0.95604214863564396 0.99752892928850623 1.2179910055458631 1.0000000180025095e-35 2033.5000000000002 1.4158576102881872 4832.2387531444283 2030.5000000000002 1.5000000000000002 1.0000000180025095e-35 2 1.0000000180025095e-35 2031.5000000000002 0.83891891611053782
decision_type=1 2 2 2 2 2 2 1 2 2 2 2 2 2 2 2 2 2 2 1 2 2 2
left_child=1 -1 3 4 -3 -2 7 8 9 -7 -11 12 13 15 -12 -10 17 -9 -8 20 -20 22 -21
right_child=5 2 -4 -5 -6 6 18 16 11 10 14 -13 -14 -15 -16 -17 -18 -19 19 21 -22 -23 -24
leaf_value=0.0092008914715549558 8.1402802842568245e-06 0.0051930422741350638 0.006661416841189878 -0.0036446837730574884 -0.0023572396429886299 1.202297418920333e-05 1.9248713165436715e-05 -4.4390793751304467e-07 -0.00022007678366386596 -1.5186792473391257e-05 9.8034423276944039e-07 4.9519864988610633e-06 -8.4239763593190337e-06 -0.00017670532612069304 -0.0010793900076874119 4.1465628045440145e-07 3.0871207444255755e-06 -0.0003945642096156603 7.6501943999382911e-08 1.1951914365834699e-05 -0.00061445079137797216 4.0984560594989352e-06 -3.7513592020526323e-05
leaf_weight=372 433 45 85 24 21 154 144 422 24 32 198 28 49 35 26 29 939 26 246 96 44 491 236
leaf_count=372 433 45 85 24 21 154 144 422 24 32 198 28 49 35 26 29 939 26 246 96 44 491 236
internal_value=0.00118957 0.00347397 0.00128571 -0.00222222 0.00121212 0.000835609 0.000619758 0.000208971 -0.000982906 0.000243903 -0.00144531 -0.00409091 -0.00558394 -0.00863636 -0.000133928 -0.00443396 0.000705082 -0.000580357 0.00126094 0.000956873 -0.000666666 0.00151861 0.000331325
internal_weight=4199 547 175 90 66 3652 3219 1962 575 410 256 165 137 88 224 53 1387 448 1257 1113 290 823 332
internal_count=4199 547 175 90 66 3652 3219 1962 575 410 256 165 137 88 224 53 1387 448 1257 1113 290 823 332
cat_boundaries=0 1 2 3
cat_threshold=32 192 24
is_linear=0
shrinkage=0.05


Tree=96
num_leaves=24
num_cat=2
split_feature=0 3 7 4 14 14 5 15 7 0 15 2 15 5 9 5 15 15 11 11 15 4 14
split_gain=1.31434 0.526956 0.85305 1.11681 0.425006 0.775405 0.693252 0.563341 0.5439 0.690719 0.954497 1.02028 0.457687 0.380382 1.072 0.37037 0.338999 0.371147 0.364842 0.457937 0.61726 0.593554 0.429501
threshold=0 1.0000000180025095e-35 1.0000000180025095e-35 1.0000000180025095e-35 80163.209643722032 86975.927684141003 0.95417278502810365 93.060280248681877 2.5000000000000004 1 95.469103393965256 2032.5000000000002 95.469103393965256 0.61287064589900508 42309.878281259305 0.95604214863564396 102.80552441240948 70.302322041952422 1.0079321073011565 0.39608128591185054 76.866571170776012 1.0000000180025095e-35 65164.141494912372
decision_type=1 2 2 2 2 2 2 2 2 1 2 2 2 2 2 2 2 2 2 2 2 2 2
left_child=1 -1 3 15 16 6 12 -8 9 10 11 -7 -6 14 -11 -3 17 -2 19 20 21 -19 -20
right_child=4 2 -4 -5 5 8 7 -9 -10 13 -12 -13 -14 -15 -16 -17 -18 18 22 -21 -22 -23 -24
leaf_value=0.0084394089257806178 4.8401922682465045e-06 -0.0014177479181798798 0.0066589827044205262 -0.0034624495844046139 -9.7033914458883729e-05 -1.2340737693671492e-07 -0.0002623205467344243 4.4167910550536987e-05 0.0004388967333946203 4.6350841204954151e-06 -8.6495092980083573e-07 -0.00059892194457113212 -0.00056687387408006838 1.5087726999391563e-06 -0.0005397841482465103 0.0060140414306058092 1.6097314307298377e-05 -3.9809678254753249e-05 1.3437495067721947e-05 3.9771110314424048e-05 2.8003113903864852e-06 -0.00057409316795378675 -0.00037922867192617546
leaf_weight=402 1805 24 67 24 24 29 39 47 220 43 226 24 25 696 20 30 57 46 21 44 245 21 20
leaf_count=402 1805 24 67 24 24 29 39 47 220 43 226 24 25 696 20 30 57 46 21 44 245 21 20
internal_value=0.00111812 0.0033842 0.000862069 -0.00269231 0.00076734 8.25558e-05 -0.00351852 -0.000813953 0.000468999 -9.63372e-06 -0.00209343 -0.00820755 -0.00826531 0.000773732 -0.00293651 0.0012963 0.00119301 0.00109446 -0.000289672 0.000224719 -0.000448718 -0.00470149 -0.0047561
internal_weight=4199 547 145 78 3652 1393 135 86 1258 1038 279 53 49 759 63 54 2259 2202 397 356 312 67 41
internal_count=4199 547 145 78 3652 1393 135 86 1258 1038 279 53 49 759 63 54 2259 2202 397 356 312 67 41
cat_boundaries=0 1 2
cat_threshold=32 192
is_linear=0
shrinkage=0.05


Tree=97
num_leaves=24
num_cat=3
split_feature=0 7 4 3 16 9 9 14 0 2 15 7 0 7 15 15 36 36 36 8 5 36 5
split_gain=1.45722 0.386538 0.629905 0.534343 0.811688 0.367429 0.689177 0.460244 0.514741 0.755788 0.54 0.816667 0.405241 0.559809 0.490909 0.4 0.339953 0.368807 1.46928 0.322128 0.338549 0.324503 0.299007
threshold=0 1.0000000180025095e-35 1.0000000180025095e-35 1.0000000180025095e-35 1.756416666666667 27912.41317200923 26962.791929089337 74569.930966300628 1 2035.5000000000002 100.92232197119434 1.0000000180025095e-35 2 2.5000000000000004 47.987488592806073 83.960794186019541 4.7621400272039383 0.94593265268936932 0.67164046530602595 1.5000000000000002 0.68614658175646159 0.016660648312811523 0.61287064589900508
decision_type=1 2 2 2 2 2 2 2 1 2 2 2 1 2 2 2 2 2 2 2 2 2 2
left_child=1 2 -1 4 -4 6 7 16 9 10 15 -12 13 14 -7 -9 17 18 19 21 -21 -2 -14
right_child=5 -3 3 -5 -6 12 -8 8 -10 -11 11 -13 22 -15 -16 -17 -18 -19 -20 20 -22 -23 -24
leaf_value=0.0057129353044089691 2.5079683874458919e-06 0.01032468019573326 0.0045114197141392772 -0.0032893271051843832 -0.0026613481071282316 -0.00044997718716734711 -0.0010644583538690412 -3.0104095049009358e-05 9.125733296151836e-07 6.6829048626535969e-06 2.440141932331055e-05 -0.0003442584356440232 -1.2535171110618731e-05 0.0017927564632191553 -9.6048892504508984e-06 -2.5491153242537136e-05 -0.00014885973523881522 3.5620671964239088e-05 -0.0012396639662512641 -0.00046160094673545631 0.0011374384190044674 1.3246074678503503e-05 4.8547928732678856e-06
leaf_weight=192 1638 265 45 24 21 22 23 20 798 41 30 30 38 39 110 20 26 104 20 20 113 125 435
leaf_count=192 1638 265 45 24 21 22 23 20 798 41 30 30 38 39 110 20 26 104 20 20 113 125 435
internal_value=0.00117766 0.00356373 0.00234043 -0.00111111 0.00121212 0.000808302 0.000578458 0.000644891 -0.000271565 -0.00294702 -0.0055 -0.0025 0.00189441 -0.000248619 -0.00181818 -0.01 0.00106549 0.00113861 0.000981211 0.00112342 0.00349624 0.000944413 0.00261905
internal_weight=4199 547 282 90 66 3652 3008 2985 939 141 100 60 644 171 132 40 2046 2020 1916 1896 133 1763 473
internal_count=4199 547 282 90 66 3652 3008 2985 939 141 100 60 644 171 132 40 2046 2020 1916 1896 133 1763 473
cat_boundaries=0 1 2 3
cat_threshold=32 64 136
is_linear=0
shrinkage=0.05


Tree=98
num_leaves=24
num_cat=4
split_feature=0 17 15 15 3 7 5 15 15 7 3 0 0 15 5 14 5 5 14 4 14 0 17
split_gain=1.41979 0.457489 0.325062 0.980944 0.262492 0.276818 0.391444 0.259602 0.363623 0.245298 0.928305 1.88151 0.773417 0.589779 0.553338 0.540799 0.563333 0.511121 0.527372 0.98881 1.6247 1.55271 0.840278
threshold=0 1.0000000180025095e-35 126.42692486186748 154.22566658125814 1.0000000180025095e-35 1.0000000180025095e-35 0.95604214863564396 37.117408138079675 27.493607856082857 1.0000000180025095e-35 1.0000000180025095e-35 1 2 160.1081189968717 0.82555440180009632 151498.38975148505 0.938622391824802 1.4971340844100429 103402.10025660651 1.0000000180025095e-35 80922.769451986052 3 73.879583333333343
decision_type=1 2 2 2 2 2 2 2 2 2 2 1 1 2 2 2 2 2 2 2 2 1 2
left_child=4 2 7 -4 -1 6 -6 8 -2 12 11 -11 14 -12 -3 -14 -17 18 19 21 22 -13 -21
right_child=1 9 3 -5 5 -7 -8 -9 -10 10 13 17 15 -15 -16 16 -18 -19 -20 20 -22 -23 -24
leaf_value=0.0077994185404584833 1.6288779911310078e-05 2.8269418295078752e-07 -6.6678067232575038e-06 0.00044475415845088799 -0.0032597565863325393 0.0058097995594128381 0.00023158508478540469 1.6768099297912279e-05 -5.4791373545437515e-06 0.0055491046444856142 -0.00013198517091967784 0.0061973047810642981 3.3799117305955891e-06 -0.00034407876071850939 1.9953404275474187e-06 9.9425587174899734e-06 -0.00055617207144458957 -0.00041876921589319936 0.0003410440455489318 0.00011150390293152759 -0.0014506027348358871 -0.00018915716027015857 -0.00053029050241765923
leaf_weight=402 108 194 34 37 32 67 46 225 29 335 442 133 843 20 534 30 50 24 205 72 20 245 72
leaf_count=402 108 194 34 37 32 67 46 225 29 335 442 133 843 20 534 30 50 24 205 72 20 245 72
internal_value=0.00129674 0.000931185 0.00245958 -0.000633803 0.0036535 0.00189655 -0.000128205 0.0030663 0.00135037 0.000728487 0.000280612 0.00106691 0.00115385 -0.00160173 0.00235772 0.000176849 -0.00375 -0.0003137 -8.70145e-05 -0.000904059 -0.00414634 0.000502646 -0.00229167
internal_weight=4199 3652 433 71 547 145 78 362 137 3219 1568 1106 1651 462 728 923 80 771 747 542 164 378 144
internal_count=4199 3652 433 71 547 145 78 362 137 3219 1568 1106 1651 462 728 923 80 771 747 542 164 378 144
cat_boundaries=0 1 2 3 4
cat_threshold=32 132 67 24
is_linear=0
shrinkage=0.05


Tree=99
num_leaves=24
num_cat=3
split_feature=0 7 5 16 16 14 7 7 0 3 4 14 7 16 0 5 5 10 14 5 3 11 15
split_gain=1.35551 0.287474 0.45729 0.845122 0.286178 0.576244 0.366236 0.262607 0.787525 1.57352 1.40051 1.22439 0.739257 0.79742 0.734803 0.553338 0.493456 0.431346 0.447996 0.440833 0.654675 0.421889 1.13575
threshold=0 1.0000000180025095e-35 0.95604214863564396 2.1729166666666671 1.0000000180025095e-35 174023.14629778874 1.5000000000000002 1.0000000180025095e-35 1 1.0000000180025095e-35 1.0000000180025095e-35 103402.10025660651 2.5000000000000004 1.4758333333333338 2 0.82555440180009632 1.0092673125895086 2.5000000000000004 151498.38975148505 0.938622391824802 1.0000000180025095e-35 1.041544165322313 38.807285180331199
decision_type=1 2 2 2 2 2 2 2 1 2 2 2 2 2 1 2 2 2 2 2 2 2 2
left_child=1 2 3 -1 5 6 -2 14 9 10 -9 -11 13 -12 15 -6 -13 18 -16 -20 -21 -10 -23
right_child=4 -3 -4 -5 7 -7 -8 8 21 11 12 16 -14 -15 17 -17 -18 -19 19 20 -22 22 -24
leaf_value=0.0014000312829830633 4.1684343103324256e-06 0.0094781637892201662 0.0031760253672797247 -0.0019326336976585045 2.6855947380324813e-07 -5.8282818910738522e-06 0.0014767972441175352 0.0084378621990191024 -1.4731728740453087e-05 -5.2177074998414436e-06 0.0010051279909784763 -0.00052013903357006478 0.0019751316615580928 -0.0009659174512103093 4.2248573214919742e-06 1.8955734061700482e-06 -0.00065037357347683708 -3.8047546554808461e-05 9.4454307816154744e-06 -0.0017309296903387135 2.1789149502086625e-05 0.0010683060907766019 -0.00045904779515943252
leaf_weight=82 270 265 172 28 194 24 139 323 833 149 29 22 63 64 809 534 23 34 30 28 22 32 30
leaf_count=82 270 265 172 28 194 24 139 323 833 149 29 22 63 64 809 534 23 34 30 28 22 32 30
internal_value=0.00126101 0.00356373 0.00251773 1.86265e-10 0.000903878 0.00211316 0.00255501 0.00074402 0.000280612 0.0015593 0.00312109 -0.00221649 -0.000769231 -0.00360215 0.00118413 0.00235772 -0.00944444 0.00023044 0.00044432 -0.003125 -0.006 -0.000690608 -0.00467742
internal_weight=4199 547 282 110 3652 433 409 3219 1568 673 479 194 156 93 1651 728 45 923 889 80 50 895 62
internal_count=4199 547 282 110 3652 433 409 3219 1568 673 479 194 156 93 1651 728 45 923 889 80 50 895 62
cat_boundaries=0 1 2 3
cat_threshold=32 148 67
is_linear=0
shrinkage=0.05


Tree=100
num_leaves=24
num_cat=2
split_feature=0 3 7 4 5 7 2 15 17 1 5 8 15 16 11 15 15 15 15 19 15 15 5
split_gain=1.19089 0.395699 0.462494 0.514245 0.37037 0.257484 0.601533 0.429126 0.368555 0.267962 0.507598 0.86163 0.398403 0.859865 0.47964 0.538375 0.570841 0.356183 0.625 0.303918 0.660455 0.375556 0.218939
threshold=0 1.0000000180025095e-35 1.0000000180025095e-35 1.0000000180025095e-35 0.95604214863564396 2.5000000000000004 2027.5000000000002 38.807285180331199 74.884166666666673 1 1.395838970718613 1.0000000180025095e-35 133.37296280316218 1.0000000180025095e-35 0.9984092495684993 139.82270853467313 156.2921917089777 149.65648339621836 139.82270853467313 1.0000000180025095e-35 92.339236490702334 44.53170661205376 1.0294041024118206
decision_type=1 2 2 2 2 2 2 2 2 1 2 2 2 2 2 2 2 2 2 2 2 2 2
left_child=1 -1 3 4 -3 9 7 -7 -9 10 12 -12 19 -14 17 -16 -17 18 -15 20 21 -2 -22
right_child=5 2 -4 -5 -6 6 -8 8 -10 -11 11 -13 13 14 15 16 -18 -19 -20 -21 22 -23 -24
leaf_value=0.007014874990414293 -5.8604934481463276e-05 -0.001489531041903275 0.0050454013919811868 -0.0031108845301151926 0.005257312071251817 0.0012373623157219307 0.00060826441951914226 -0.00096439834567654077 0.00072111394923285606 2.7513359036720793e-06 -1.4188931281078321e-06 -0.001115827416836078 -4.6938381184209248e-06 0.00018235617026766371 -1.4821570162551059e-06 6.3541117695713522e-06 -0.0013015323715732101 7.0665709442738067e-06 -0.00031731170506714933 2.5320408289361696e-06 -0.00058639835753428041 4.437411308031624e-06 -1.1081859092070551e-05
leaf_weight=402 40 24 67 24 30 27 516 30 28 1691 84 20 27 20 20 54 31 53 20 897 24 50 20
leaf_count=402 40 24 67 24 30 27 516 30 28 1691 84 20 27 20 20 54 31 53 20 897 24 50 20
internal_value=0.00122529 0.0033842 0.0012069 -0.00141026 0.0012963 0.000890224 0.0018386 -0.00205882 -0.00448276 0.000706326 0.000183824 -0.00317308 0.000461784 -0.00144444 -0.00030303 -0.00261905 -0.000882353 0.00231183 -0.00125 0.000877789 -0.00134328 0.00111111 -0.00636364
internal_weight=4199 547 145 78 54 3652 601 85 58 3051 1360 104 1256 225 198 105 85 93 40 1031 134 90 44
internal_count=4199 547 145 78 54 3652 601 85 58 3051 1360 104 1256 225 198 105 85 93 40 1031 134 90 44
cat_boundaries=0 1 2
cat_threshold=32 1
is_linear=0
shrinkage=0.05


Tree=101
num_leaves=24
num_cat=3
split_feature=0 4 16 5 14 14 5 11 9 9 2 7 16 0 4 5 0 14 15 15 15 9 15
split_gain=1.07309 0.361725 0.548571 0.455042 0.311576 0.518329 0.508231 0.293659 0.307143 0.278108 0.265013 0.514892 0.695971 0.528147 0.629829 0.478046 0.3857 0.342467 0.323068 0.29663 0.386207 0.468092 0.87409
threshold=0 1.0000000180025095e-35 1.4758333333333338 0.82727239353578796 184432.44623814969 176195.42051675078 1.1153207202073521 0.86689825986121161 20329.79595575637 33923.018226849999 2030.5000000000002 1.0000000180025095e-35 1.0000000180025095e-35 1 1.0000000180025095e-35 1.1672731239108303 2 103976.04351227853 26.740512684119718 125.56580484230888 107.21157695978535 1951.9077964825849 31.315476121026705
decision_type=1 2 2 2 2 2 2 2 2 2 2 2 2 1 2 2 1 2 2 2 2 2 2
left_child=1 -1 -3 -4 5 10 9 8 -5 -7 11 -2 -13 19 18 -16 17 -12 -15 20 21 22 -14
right_child=4 2 3 7 -6 6 -8 -9 -10 -11 16 12 13 14 15 -17 -18 -19 -20 -21 -22 -23 -24
leaf_value=0.0078292430776108757 2.76947431490017e-06 0.0043429738320263402 -0.0019297753868696959 0.0025398733227811783 6.9139840544599738e-06 -3.3351067443719436e-06 -0.00036675557219962277 -0.0023945882805111551 -0.00041955291384740959 2.6290087808298482e-05 3.4987257565569922e-06 0.0010772025201803051 3.2819852875939826e-05 -0.00013468260797637344 -1.9278823375870484e-06 -0.00096929523831722718 2.1906185163002326e-06 1.1717003135311614e-05 0.0022090796449875101 8.3343410614820037e-05 -0.00068632633015253987 -6.6256531536134359e-05 -0.00034475082311320249
leaf_weight=372 605 70 20 43 71 21 25 22 20 27 535 65 42 26 37 20 1656 136 127 49 20 130 60
leaf_count=372 605 70 20 43 71 21 25 22 20 27 535 65 42 26 37 20 1656 136 127 49 20 130 60
internal_value=0.00133246 0.0033842 0.00157143 -0.000714286 0.00101311 0.000950852 -0.00321918 0.000882353 0.00261905 -0.000208333 0.00103763 0.000427604 -0.000642361 -0.00126223 0.000681818 -0.00377193 0.00134723 0.00235683 0.00238562 -0.00255627 -0.00333333 -0.00275862 -0.00529412
internal_weight=4199 547 175 105 3652 3581 73 85 63 48 3508 1181 576 511 210 57 2327 671 153 301 252 232 102
internal_count=4199 547 175 105 3652 3581 73 85 63 48 3508 1181 576 511 210 57 2327 671 153 301 252 232 102
cat_boundaries=0 1 2 3
cat_threshold=32 83 5
is_linear=0
shrinkage=0.05


Tree=102
num_leaves=24
num_cat=2
split_feature=0 4 8 16 2 5 9 9 15 5 5 5 3 2 5 14 9 14 14 16 1 15 15
split_gain=1.04822 1.14224 1.06036 0.610333 0.661399 0.597258 0.568933 0.367297 0.338071 0.690044 1.10997 0.387865 0.536079 0.725341 0.375325 0.432988 0.369126 0.901294 0.576471 0.514231 0.600479 0.758752 0.602666
threshold=0 1.0000000180025095e-35 1.0000000180025095e-35 1.756416666666667 2031.5000000000002 0.99752892928850623 46487.176882580658 27639.178599648938 123.43901836151963 0.80864045418109476 1.0264471337233452 1.1268342952933712 1.0000000180025095e-35 2030.5000000000002 0.87316366926095168 139348.44037165164 11655.832551288864 24206.200751287004 108912.87074516712 2.1729166666666671 1 71.878914258797877 87.796375927012051
decision_type=1 2 2 2 2 2 2 2 2 2 2 2 2 2 2 2 2 2 2 2 1 2 2
left_child=1 -1 3 6 -5 -6 -3 8 16 -10 14 -12 13 -13 -11 -16 -2 -18 19 20 22 -22 -19
right_child=7 2 -4 4 5 -7 -8 -9 9 10 11 12 -14 -15 15 -17 17 18 -20 -21 21 -23 -24
leaf_value=0.0010222577937342905 2.3344353776973058e-06 4.5296076762738582e-05 0.0034724278452368143 -0.0012317594852140784 -0.0026390760980133806 5.1435570933580474e-05 -0.00047538380400029013 4.041574700845801e-06 2.6957941094128729e-05 -1.6519978338599711e-06 2.2544722815586451e-05 1.3472349776547262e-05 2.5481685739951956e-05 -0.0014495514300102712 -0.00083445647550700163 -0.0001725674871038522 2.0813319211713464e-05 4.5910900793388658e-06 -0.00035431407004103427 1.1362786151616818e-05 -0.00085247275780716853 5.0619708481582887e-05 -0.00055153327708874463
leaf_weight=744 1863 143 85 37 25 31 20 562 63 22 46 27 32 30 26 29 74 169 20 43 29 21 58
leaf_count=744 1863 143 85 37 25 31 20 562 63 22 46 27 32 30 26 29 74 169 20 43 29 21 58
internal_value=0.00120148 0.00253425 0.000161291 -0.00144531 -0.00467742 -0.00125 0.000398773 0.000726633 0.000474138 -0.00118182 -0.00254717 0.000185185 -0.00174157 -0.00464912 -0.00733766 -0.00954545 0.000674133 -0.000676328 -0.00176471 -0.00125 -0.00203971 -0.007 -0.000947136
internal_weight=4199 1085 341 256 93 56 163 3114 2552 275 212 135 89 57 77 55 2277 414 340 320 277 50 227
internal_count=4199 1085 341 256 93 56 163 3114 2552 275 212 135 89 57 77 55 2277 414 340 320 277 50 227
cat_boundaries=0 1 2
cat_threshold=36 1
is_linear=0
shrinkage=0.05


Tree=103
num_leaves=24
num_cat=7
split_feature=3 0 0 16 7 2 0 15 15 2 0 0 7 11 0 8 10 17 15 1 9 7 9
split_gain=1.39356 3.5545 1.45893 1.09947 1.81722 0.66328 0.566651 0.787357 0.475151 0.432138 0.417891 0.38157 0.447422 0.361782 0.585312 0.572202 0.523128 0.600364 0.511685 0.440928 0.359402 0.333783 0.321493
threshold=1.0000000180025095e-35 0 1 1.4758333333333338 1.5000000000000002 2036.5000000000002 2 27.999079570150631 55.61385114553012 2029.5000000000002 3 4 1.0000000180025095e-35 0.007724668100009594 5 1.0000000180025095e-35 1.5000000000000002 73.879583333333343 33.762863021435827 6 14303.539581722145 1.0000000180025095e-35 72529.650522627227
decision_type=2 1 1 2 2 2 1 2 2 2 1 1 2 2 1 2 2 2 2 1 2 2 2
left_child=2 3 -1 4 5 8 7 -5 -2 13 21 12 -3 15 -15 18 17 -16 20 -17 -4 -11 -12
right_child=1 11 9 6 -6 -7 -8 -9 -10 10 22 -13 -14 14 16 19 -18 -19 -20 -21 -22 -23 -24
leaf_value=0.0033620265118651017 -7.864496840558077e-05 5.1716550014157836e-06 2.8336037632588698e-06 -0.00013285952939254004 2.5289898294685515e-05 -4.7741994934211613e-05 -3.6543170577821506e-05 1.8557727333724168e-05 -5.1101341428061778e-05 0.00090094772419838673 1.8107629740939413e-06 1.2425550006093434e-06 9.4470186644685691e-05 3.2524575219617968e-06 -1.5061399305424014e-06 -0.00077826859015457 -1.4455514153245413e-05 -0.0004703778718862068 1.2411477148237949e-05 0.0001777142508412147 -0.00053197591612153103 0.0052755390881297597 8.7283130057994072e-06
leaf_weight=752 25 149 45 23 30 30 103 79 30 145 1247 617 156 123 33 45 60 32 215 56 20 136 48
leaf_count=752 25 149 45 23 30 30 103 79 30 145 1247 617 156 123 33 45 60 32 215 56 20 136 48
internal_value=0.00101096 -0.000394525 0.00160129 -0.00484848 -0.00891304 -0.0126471 -0.00280488 8.92859e-05 -0.0159091 0.000936795 0.00138325 0.00119099 0.00261905 -0.000166931 -0.00165323 0.000800525 -0.00388889 -0.00730769 0.00196429 -0.00242574 -0.00192308 0.00310997 0.000977012
internal_weight=4199 1242 2957 320 115 85 205 102 55 2205 1576 922 305 629 248 381 125 65 280 101 65 281 1295
internal_count=4199 1242 2957 320 115 85 205 102 55 2205 1576 922 305 629 248 381 125 65 280 101 65 281 1295
cat_boundaries=0 1 2 3 4 5 6 7
cat_threshold=132 160 128 4 10 26 1
is_linear=0
shrinkage=0.05


Tree=104
num_leaves=24
num_cat=4
split_feature=3 0 0 17 7 7 5 5 15 2 14 17 0 15 5 0 15 7 15 5 5 14 10
split_gain=1.34121 3.42873 1.19623 1.09947 1.81722 0.967881 0.753501 0.782372 1.07302 0.66328 1.03896 0.478819 0.526892 0.389054 0.357292 0.35537 0.486856 0.404206 0.335729 0.355776 0.447221 0.556655 0.631052
threshold=1.0000000180025095e-35 0 1 71.457916666666691 1.5000000000000002 1.0000000180025095e-35 1.084337575140127 0.93269690608366818 71.422255621652425 2036.5000000000002 38544.953812751373 1.0000000180025095e-35 2 45.901977681964993 1.3572596427166561 3 160.1081189968717 1.0000000180025095e-35 15.976611032343117 1.2416095059357677 0.92692011529563423 16049.574822509099 1.5000000000000002
decision_type=2 1 1 2 2 2 2 2 2 2 2 2 1 2 2 1 2 2 2 2 2 2 2
left_child=2 3 5 4 9 11 7 13 -9 10 -2 -1 -13 -5 -8 16 17 -3 -17 20 -20 -22 -23
right_child=1 15 -4 6 -6 -7 14 8 -10 -11 -12 12 -14 -15 -16 18 -18 -19 19 -21 21 22 -24
leaf_value=0.010306154817975002 -7.6221229202274985e-05 5.0967490464892938e-06 1.7322813911547337e-06 -3.9596948933564273e-05 2.4025403379951194e-05 0.0062642640476273425 4.0868980202311112e-05 -3.25701434243075e-05 -0.00010934255669853818 -4.5354895187501031e-05 -4.4202008335079556e-05 0.0031152466551877811 -0.00011287775895819071 1.0420316797772353e-05 -8.8204459691592935e-05 -0.00038237529367987286 -4.850914691271739e-05 0.0001604414940517188 5.0233278476344181e-06 3.7776792683292265e-06 -0.00027131358228568643 -1.3097681101459217e-05 9.4666815933682386e-05
leaf_weight=75 20 139 1830 30 30 575 64 24 21 30 35 173 304 46 20 24 20 146 245 110 21 178 39
leaf_count=75 20 139 1830 30 30 575 64 24 21 30 35 173 304 46 20 24 20 146 245 110 21 178 39
internal_value=0.000903787 -0.00047504 0.00148292 -0.00484848 -0.00891304 0.00275726 -0.00280488 -0.00533058 -0.0105556 -0.0126471 -0.0159091 0.00128623 0.000702306 -0.00223684 0.000833334 0.00108369 0.00246032 0.00307018 0.000374801 0.000615515 3.10561e-05 -0.0015126 -0.000760368
internal_weight=4199 1242 2957 320 115 1127 205 121 45 85 55 552 477 76 84 922 305 285 617 593 483 238 217
internal_count=4199 1242 2957 320 115 1127 205 121 45 85 55 552 477 76 84 922 305 285 617 593 483 238 217
cat_boundaries=0 1 2 3 4
cat_threshold=132 164 32 10
is_linear=0
shrinkage=0.05


Tree=105
num_leaves=24
num_cat=0
split_feature=3 4 4 16 5 14 9 15 14 7 9 7 16 9 15 9 15 2 9 35 5 5 5
split_gain=0.89796 1.02652 0.750613 0.688915 0.855312 1.22762 1.17464 0.500341 0.472736 0.684092 1.17333 0.470475 0.491692 1.15486 0.565102 0.502219 0.591282 0.493556 0.464515 0.404553 0.378755 0.42566 0.503462
threshold=1.0000000180025095e-35 1.0000000180025095e-35 1.0000000180025095e-35 1.4758333333333338 0.8899652155658534 36433.74504910368 394.05334507355502 67.513336029194775 31346.425854967394 1.0000000180025095e-35 1190.832459645399 2.5000000000000004 1.756416666666667 39352.25021786704 144.26040864886542 27912.41317200923 71.422255621652425 2028.5000000000002 3923.3204996074787 0.033176452029390228 1.4308953954205845 1.3730171506729645 1.2104102448523337
decision_type=2 2 2 2 2 2 2 2 2 2 2 2 2 2 2 2 2 2 2 2 2 2 2
left_child=1 19 3 4 5 -2 -7 -6 9 -4 -11 12 13 -3 -15 16 17 -14 -9 -1 21 22 -5
right_child=2 11 8 20 7 6 -8 18 -10 10 -12 -13 15 14 -16 -17 -18 -19 -20 -21 -22 -23 -24
leaf_value=1.6427584290305745e-05 -4.9997175899982103e-05 7.3210054518215672e-06 2.4552840232845101e-05 -2.3957661242645745e-06 7.2489093307705322e-06 -0.00019387396313761201 2.3804996406409171e-06 5.8079794648654739e-06 8.9823075404719788e-06 -0.0012412496642164538 0.00098453524297236828 0.0011690914899426816 -0.00037926178256597647 -0.00029434215849476539 -2.6570506799427212e-07 2.3156270079837497e-06 -0.0011832530215408097 -1.4625108470744627e-06 -4.9423908660045269e-05 -0.00092299141162177623 1.7500810327734778e-05 -5.0275697219814376e-05 1.2037324318252154e-05
leaf_weight=2015 30 413 51 434 75 22 63 32 273 25 30 186 37 23 29 53 40 141 67 20 36 26 78
leaf_count=2015 30 413 51 434 75 22 63 32 273 25 30 186 37 23 29 53 40 141 67 20 36 26 78
internal_value=0.000975232 0.0014491 -0.000152979 -0.000967555 -0.00295848 -0.00630435 -0.00323529 -0.000747126 0.00170185 -0.00113208 -0.005 6.50761e-05 -0.000502717 0.000483871 -0.00653846 -0.00219557 -0.00325688 -0.00202247 -0.00308081 0.00207617 3.48434e-05 -0.000297398 1.95314e-05
internal_weight=4199 2957 1242 863 289 115 85 174 379 106 55 922 736 465 52 271 218 178 99 2035 574 538 512
internal_count=4199 2957 1242 863 289 115 85 174 379 106 55 922 736 465 52 271 218 178 99 2035 574 538 512
is_linear=0
shrinkage=0.05


Tree=106
num_leaves=24
num_cat=4
split_feature=0 16 4 3 5 0 2 0 3 4 4 2 16 5 2 2 7 7 2 5 0 9 5
split_gain=1.29459 0.651673 0.621657 0.57387 0.8553 0.462487 0.802873 0.451225 3.26495 2.38061 1.30452 1.73224 1.11003 1.12015 1.18347 0.407732 0.358678 0.323054 0.79879 0.574676 0.558873 0.6541 0.923232
threshold=0 1.0000000180025095e-35 1.0000000180025095e-35 1.0000000180025095e-35 0.78493427256843895 1 2035.5000000000002 2 1.0000000180025095e-35 1.0000000180025095e-35 1.0000000180025095e-35 2029.5000000000002 1.4758333333333338 1.0871140789853733 2033.5000000000002 2035.5000000000002 1.0000000180025095e-35 1.0000000180025095e-35 2030.5000000000002 1.4854173152328105 3 1995.5659042928421 1.1118254632596161
decision_type=1 2 2 2 2 1 2 1 2 2 2 2 2 2 2 2 2 2 2 2 1 2 2
left_child=2 5 -1 4 -4 6 -2 8 10 12 -3 -12 -10 14 -14 -5 -13 -9 19 20 21 22 -19
right_child=1 7 3 15 -6 -7 -8 17 9 -11 11 16 13 -15 -16 -17 -18 18 -20 -21 -22 -23 -24
leaf_value=0.0071077651073777077 5.4922921165148119e-06 0.0028491133714521194 -0.0016172472053003234 0.00015405482280996625 0.0045772981869634443 8.5164115059555796e-05 -5.9567157295955369e-06 1.540034359078018e-06 -4.2583631842379512e-05 1.9280569488381757e-05 -0.0011761312710502733 -0.00028348091249873788 -2.5383911206128059e-05 -2.9681920851345296e-05 -9.699211760263566e-05 -0.0024190179106423231 0.0028763275320474978 -0.00011331230823120376 5.3433516709076481e-05 -0.0008713369198191539 -1.9287503186530095e-06 -0.00012696291656868759 -0.00075640595419269375
leaf_weight=372 66 229 21 22 111 327 40 1396 28 42 26 38 23 32 20 21 42 41 881 20 298 82 21
leaf_count=372 66 229 21 22 111 327 40 1396 28 42 26 38 23 32 20 21 42 41 881 20 298 82 21
internal_value=0.000868064 0.000521573 0.0031149 0.000714286 0.00234848 0.00234411 -0.000603448 0.000278037 -0.00112245 -0.00741379 0.00156716 -0.00301887 -0.0115049 -0.00833333 -0.0136047 -0.00430233 0.000625 0.000525646 -2.60609e-05 -0.00170996 -0.00133484 -0.00376623 -0.00790323
internal_weight=4199 3652 547 175 132 433 106 3219 480 145 335 106 103 75 43 43 80 2739 1343 462 442 144 62
internal_count=4199 3652 547 175 132 433 106 3219 480 145 335 106 103 75 43 43 80 2739 1343 462 442 144 62
cat_boundaries=0 1 2 3 4
cat_threshold=32 3 4 65
is_linear=0
shrinkage=0.05


Tree=107
num_leaves=24
num_cat=4
split_feature=0 3 7 5 2 7 11 0 3 4 4 2 11 9 36 14 9 9 0 14 9 0 14
split_gain=1.17964 0.518505 0.695562 0.501672 0.452174 0.36214 0.592946 0.414491 2.32925 2.41718 1.35587 1.31298 0.859031 1.02691 0.525197 0.4 0.347975 0.64483 0.365428 0.558855 0.515045 0.321668 0.35203
threshold=0 1.0000000180025095e-35 1.0000000180025095e-35 0.95604214863564396 2034.5000000000002 2.5000000000000004 1.0506198847942112 1 1.0000000180025095e-35 1.0000000180025095e-35 1.0000000180025095e-35 2029.5000000000002 0.02535222388800604 10826.480300564102 4.7621400272039383 39654.038758713657 17897.94779986182 12598.823285573399 2 44703.318845095935 994.3836610211581 3 74035.898188752253
decision_type=1 2 2 2 2 2 2 1 2 2 2 2 2 2 2 2 2 2 1 2 2 1 2
left_child=1 -1 3 -3 -5 7 16 8 10 12 -2 -12 13 -10 21 -14 17 18 19 -7 -21 -9 -23
right_child=5 2 -4 4 -6 6 -8 14 9 -11 11 -13 15 -15 -16 -17 -18 -19 -20 20 -22 22 -24
leaf_value=0.0056527018046903538 0.0025002748298601617 -0.0030232206434624674 0.0047331875087331327 0.0019986916665191944 -0.00024405153536217951 0.00093945304767844575 -0.00030679254715268716 8.4453834441981813e-06 -4.4557068940625676e-05 2.7017127510404595e-05 -0.0011627165604246024 6.4803667394701958e-05 -1.1714556267139981e-06 -3.933472386837314e-05 -0.00029456804164909529 -3.34655005524377e-05 0.00067693206387018203 -0.00030019065815186833 0.00096213139176432906 0.00013345949634041034 -0.00049533939383124921 1.7774566029307112e-06 -5.8360267294008393e-07
leaf_weight=402 211 32 67 26 20 51 37 844 26 41 24 68 20 33 20 20 159 34 266 25 29 1011 733
leaf_count=402 211 32 67 26 20 51 37 844 26 41 24 68 20 33 20 20 159 34 266 25 29 1011 733
internal_value=0.000879972 0.00302513 0.000517242 -0.00269231 0.000652174 0.000548881 0.00167221 0.0003294 -0.00107064 -0.00642857 0.00136964 -0.00369565 -0.0106566 -0.0144915 0.000569137 -0.005 0.00207447 0.0012963 0.00190027 -0.000652174 -0.00425926 0.000633694 0.000239453
internal_weight=4199 547 145 78 46 3652 601 3051 443 140 303 92 99 59 2608 40 564 405 371 105 54 2588 1744
internal_count=4199 547 145 78 46 3652 601 3051 443 140 303 92 99 59 2608 40 564 405 371 105 54 2588 1744
cat_boundaries=0 1 2 3 4
cat_threshold=32 4 80 24
is_linear=0
shrinkage=0.05


Tree=108
num_leaves=24
num_cat=4
split_feature=0 4 36 3 0 4 7 16 9 0 4 7 9 2 15 14 15 1 7 14 15 7 7
split_gain=1.29682 0.705771 1.05795 0.629008 2.27365 2.00594 1.23454 1.64479 0.99736 0.932766 2.54171 0.962412 0.789216 0.806083 0.768489 0.717037 0.846387 0.951252 0.70066 0.75438 0.694315 0.531733 0.519608
threshold=0 1.0000000180025095e-35 0.095446854635890685 1.0000000180025095e-35 1 1.0000000180025095e-35 1.5000000000000002 1.4758333333333338 3181.0355538923268 2 1.0000000180025095e-35 2.5000000000000004 10462.996979186961 2029.5000000000002 57.671785690171546 105082.26008986418 87.796375927012051 3 1.0000000180025095e-35 160833.74598110671 30.764671078485971 1.0000000180025095e-35 1.0000000180025095e-35
decision_type=1 2 2 2 1 2 2 2 2 1 2 2 2 2 2 2 2 1 2 2 2 2 2
left_child=1 -1 -3 9 5 6 7 8 -5 10 18 14 13 -9 20 16 17 -16 19 -2 -12 -6 -7
right_child=3 2 -4 4 21 22 -8 12 -10 -11 11 -13 -14 -15 15 -17 -18 -19 -20 -21 -22 -23 -24
leaf_value=0.00089279007112125566 0.00095923592076110605 2.2793949336392135e-05 -0.0013630680646910748 -3.6996036467815688e-05 2.2093745719410165e-06 3.9915549461770855e-05 -2.8706546965448434e-05 1.2681099088351738e-06 -6.4575764367602142e-05 -3.1728158587344881e-07 -0.00019465396451176707 0.0018297044452754751 1.0879115247555575e-06 -4.8785481326302655e-05 -0.0011893313458800233 -0.00013003463399165373 -0.0023614939677389589 2.3038546829314369e-05 0.0080141943246973511 -0.0024963456067091392 9.20153276397653e-05 -1.1402333079322243e-05 -0.00014974372342848512
leaf_weight=705 357 324 24 26 330 53 65 23 34 1100 85 69 35 35 24 60 29 22 376 20 53 301 49
leaf_count=705 357 324 24 26 330 53 65 23 34 1100 85 69 35 35 24 60 29 22 376 20 53 301 49
internal_value=0.000856156 0.00236595 0.000545977 0.000342206 -0.000730809 -0.00409091 -0.00692661 -0.00937908 -0.0158333 0.000808656 0.00183258 -0.00172515 -0.00521505 -0.0087931 -0.00305861 -0.00574074 -0.009 -0.00478261 0.00347278 0.0019496 -0.000434782 0.00102184 0.00156863
internal_weight=4199 1053 348 3146 951 320 218 153 60 2195 1095 342 93 58 273 135 75 46 753 377 138 631 102
internal_count=4199 1053 348 3146 951 320 218 153 60 2195 1095 342 93 58 273 135 75 46 753 377 138 631 102
cat_boundaries=0 1 2 3 4
cat_threshold=40 132 148 2
is_linear=0
shrinkage=0.05


Tree=109
num_leaves=24
num_cat=5
split_feature=3 0 4 7 16 0 4 5 1 0 7 11 5 9 15 11 9 2 7 9 7 0 9
split_gain=2.01378 3.21382 4.00078 3.28108 2.36239 1.76552 2.29288 1.39211 1.37434 0.81142 0.874018 1.01659 0.759216 0.719122 1.07023 0.615385 0.597449 0.588145 0.52991 0.467281 0.466103 0.452118 0.764833
threshold=1.0000000180025095e-35 0 1.0000000180025095e-35 1.0000000180025095e-35 1.4758333333333338 1 1.0000000180025095e-35 0.79218722710116374 2 3 2.5000000000000004 0.080905522735194371 1.1943901211755916 29371.661932703861 59.016495951387469 1.0079321073011565 3743.3427231533219 2037.5000000000002 1.5000000000000002 948.31837896333741 1.0000000180025095e-35 4 202.18557157653274
decision_type=2 1 2 2 2 1 2 2 1 1 2 2 2 2 2 2 2 2 2 2 2 1 2
left_child=5 2 3 4 8 6 20 17 -2 10 11 13 16 14 -9 -13 -6 19 -4 -8 21 22 -1
right_child=1 -3 18 -5 12 -7 7 9 -10 -11 -12 15 -14 -15 -16 -17 -18 -19 -20 -21 -22 -23 -24
leaf_value=-0.0015340899444140411 -3.8939388781463987e-05 2.0172044877141354e-06 2.3241248039491002e-05 -0.00017863287832314072 -4.1615561100699209e-05 2.038077570174378e-07 -0.00081995419502306651 -0.00040320774331061146 -4.2322123643917308e-05 5.9418442047670101e-05 0.008294372377658215 0.00076207682740047809 -5.1835935779941301e-06 -0.00010526160628766843 -0.0024871309258160386 -0.00076233181247687776 -2.455187257477226e-05 2.1545598611791881e-05 -0.00014225653732507357 -0.0013488923330269489 0.0080671925886683666 0.0024942691264300491 0.00067110100713186651
leaf_weight=36 41 776 110 151 38 1460 20 26 23 208 39 40 27 31 20 25 37 23 39 42 508 382 97
leaf_count=36 41 776 110 151 38 1460 20 26 23 208 39 40 27 31 20 25 37 23 39 42 508 382 97
internal_value=0.000570374 -0.00111916 -0.00434874 -0.0076183 -0.0124699 0.00128001 0.00247843 -0.000379747 -0.02 0.00088689 -0.0015445 -0.0034507 -0.0077451 -0.00733766 -0.0113043 0.00115385 -0.0103333 -0.00617647 0.00231544 -0.00870968 0.00382698 0.00276699 0.000104895
internal_weight=4199 1242 466 317 166 2957 1497 474 64 389 181 142 102 77 46 65 75 85 149 62 1023 515 133
internal_count=4199 1242 466 317 166 2957 1497 474 64 389 181 142 102 77 46 65 75 85 149 62 1023 515 133
cat_boundaries=0 1 2 3 4 5
cat_threshold=140 180 2 132 16
is_linear=0
shrinkage=0.05


Tree=110
num_leaves=24
num_cat=4
split_feature=3 0 4 0 4 7 0 17 9 5 5 17 0 7 11 11 16 9 15 15 7 11 5
split_gain=1.83286 2.7244 3.95063 1.91226 1.80836 1.44149 1.67489 0.883636 2.43 1.02424 0.821864 0.721953 0.716829 0.8027 0.867055 0.615385 0.613256 0.569206 0.750669 0.54452 0.509467 0.521 0.647972
threshold=1.0000000180025095e-35 0 1.0000000180025095e-35 1 1.0000000180025095e-35 1.0000000180025095e-35 2 73.879583333333343 3363.9400976833381 1.0566613915605825 0.79218722710116374 74.884166666666673 3 2.5000000000000004 0.080905522735194371 1.0079321073011565 1.0000000180025095e-35 29371.661932703861 59.016495951387469 59.016495951387469 1.0000000180025095e-35 0.81413792978997579 1.1080825569437391
decision_type=2 1 2 1 2 2 1 2 2 2 2 2 1 2 2 2 2 2 2 2 2 2 2
left_child=3 -2 5 4 20 6 11 8 -8 -9 -6 19 13 14 17 -16 -7 18 -12 -3 21 -1 -23
right_child=1 2 -4 -5 10 16 7 9 -10 -11 12 -13 -14 -15 15 -17 -18 -19 -20 -21 -22 22 -24
leaf_value=0.0020338258402579803 3.5661873512490262e-06 -2.1713836692893263e-05 1.5486394227360453e-05 1.9361736916656593e-07 -0.000872661445147897 0.0010911007587687163 -3.7049712070325471e-05 -3.709674755624952e-05 -3.6545589971728504e-05 -2.3741762188784724e-05 -0.00038304735614508165 1.3890728226056127e-06 5.6447519945286597e-05 0.0078796537587753034 0.00072397298603045404 -0.00072421522185303437 -0.00030619868224782045 -9.9998525973285719e-05 -0.0023627743795252365 -4.0634194611148747e-05 0.0076638329592349473 0.001409947183774406 -0.00084720506388344581
leaf_weight=372 624 42 191 1460 85 22 30 27 20 33 26 49 208 39 40 25 175 31 20 29 508 97 46
leaf_count=372 624 42 191 1460 85 22 30 27 20 33 26 49 208 39 40 25 175 31 20 29 508 97 46
internal_value=0.000653727 -0.000958132 -0.00328025 0.00133074 0.00257797 -0.00600703 -0.00869565 -0.0129167 -0.019 -0.01 4.21943e-05 -0.00346154 0.00101542 -0.00128272 -0.00309859 0.00115385 -0.00286802 -0.00668831 -0.0102174 -0.00697183 0.0037781 0.0026699 0.000104895
internal_weight=4199 1242 618 2957 1497 427 230 110 50 60 474 120 389 181 142 65 197 77 46 71 1023 515 143
internal_count=4199 1242 618 2957 1497 427 230 110 50 60 474 120 389 181 142 65 197 77 46 71 1023 515 143
cat_boundaries=0 1 2 3 4
cat_threshold=99 180 144 132
is_linear=0
shrinkage=0.05


Tree=111
num_leaves=24
num_cat=3
split_feature=0 3 4 5 16 16 7 19 14 11 14 11 11 2 11 1 18 7 14 7 5 11 0
split_gain=1.46118 1.37184 0.891062 1.18446 0.637639 0.590991 0.507084 0.48172 0.942349 0.888199 1.01121 0.51122 0.693738 0.460752 0.459056 0.455241 0.509819 0.422451 0.414554 0.39721 1.08932 0.427775 0.365037
threshold=0 1.0000000180025095e-35 1.0000000180025095e-35 0.79218722710116374 1.756416666666667 1.4758333333333338 2.5000000000000004 1.0000000180025095e-35 69590.486145191448 0.24485615319856865 29990.947335234971 1.0637501793127198 1.0365176943378989 2036.5000000000002 1.0506198847942112 1 1.0000000180025095e-35 2.5000000000000004 26665.980208663746 1.0000000180025095e-35 1.0179578550006412 0.018728272122633401 2
decision_type=1 2 2 2 2 2 2 2 2 2 2 2 2 2 2 1 2 2 2 2 2 2 1
left_child=1 2 -1 4 -4 -5 7 8 9 13 -11 12 22 18 -8 16 -3 19 -2 21 -21 -7 -9
right_child=6 15 3 5 -6 17 14 11 -10 10 -12 -13 -14 -15 -16 -17 -18 -19 -20 20 -22 -23 -24
leaf_value=0.0036381100439198191 -0.0002862586483854571 -5.41906832342265e-05 -0.00029665553877719565 0.00021727477649803687 -0.0016264755481039041 6.0692738359044086e-05 0.00042925567235672717 6.6485946276357256e-07 5.5185002651501724e-06 -3.4531647364603606e-05 -0.0004650552397935737 1.1713841573984397e-05 -0.00055660110592812618 -5.1177656708425007e-05 -0.00040276594138360873 3.6530733409877256e-06 -2.1124823948611057e-05 0.0016327502497078675 7.3183992900631987e-06 9.0071947201320429e-05 -0.0012404722879068846 -0.0015016926278753784 -1.4291999195438211e-05
leaf_weight=765 20 25 34 111 28 53 398 1074 125 39 28 127 21 30 25 278 151 39 41 20 34 38 695
leaf_count=765 20 25 34 111 28 53 398 1074 125 39 28 127 21 30 25 278 151 39 41 20 34 38 695
internal_value=0.000713265 0.00191047 0.00286096 0.000798319 -0.00548387 0.00211864 -1.32926e-05 -0.000318182 -0.00224382 -0.00481013 -0.0091791 -3.3907e-05 -0.000251396 -0.00159341 0.0015721 -0.000396476 -0.00238636 0.000380435 0.00090164 -0.000862069 -0.00425926 0.00115385 -0.000144149
internal_weight=4199 1576 1122 357 62 295 2623 2200 283 158 67 1917 1790 91 423 454 176 184 61 145 54 91 1769
internal_count=4199 1576 1122 357 62 295 2623 2200 283 158 67 1917 1790 91 423 454 176 184 61 145 54 91 1769
cat_boundaries=0 1 2 3
cat_threshold=176 2 67
is_linear=0
shrinkage=0.05


Tree=112
num_leaves=24
num_cat=3
split_feature=0 3 0 4 7 17 9 0 4 7 9 2 15 7 15 15 7 2 17 15 7 9 2
split_gain=1.37375 0.797333 2.53653 3.40568 2.75997 1.46082 1.56268 0.784111 1.34088 0.872987 0.756465 0.531546 0.724304 0.496257 0.423117 0.730907 1.14253 0.420944 0.470692 0.386207 0.371141 0.56577 0.322986
threshold=0 1.0000000180025095e-35 1 1.0000000180025095e-35 1.0000000180025095e-35 73.879583333333343 3181.0355538923268 2 1.0000000180025095e-35 2.5000000000000004 3422.9760890567318 2029.5000000000002 87.796375927012051 1.0000000180025095e-35 24.812388260590357 12.915267047521494 1.0000000180025095e-35 2036.5000000000002 73.879583333333343 30.764671078485971 1.0000000180025095e-35 2911.1856199422177 2037.5000000000002
decision_type=1 2 1 2 2 2 2 1 2 2 2 2 2 2 2 2 2 2 2 2 2 2 2
left_child=14 7 13 4 5 6 -4 8 -2 11 -7 -10 19 -3 15 -1 -17 18 -6 -13 -5 -22 -9
right_child=1 2 3 20 17 10 -8 22 9 -11 -12 12 -14 -15 -16 16 -18 -19 -20 -21 21 -23 -24
leaf_value=0.0011289064815472546 0.0035340343706897685 2.8450127271837214e-06 -3.575518938250327e-05 2.211880917361448e-05 0.00022746958113917899 -3.019868259330844e-05 -3.954014247879488e-05 1.1241279144678766e-06 -0.0008746873100002185 0.0076977713517902991 -1.0175051061619847e-05 -1.3092917416742198e-05 -0.0013959284791063972 3.8332647005100541e-06 9.8958727339561487e-05 -0.0008480109732020521 0.0014494192632239083 -0.00049065520385827672 -0.00026942967323682329 0.0010956063447472313 -0.0010483128762434951 0.00061703662867319267 -1.3175728601875741e-06
leaf_weight=41 502 250 42 79 55 39 37 1178 39 47 48 45 50 229 949 38 41 35 61 42 29 41 282
leaf_count=41 502 250 42 79 55 39 37 1178 39 47 48 45 50 229 949 38 41 35 61 42 29 41 282
internal_value=0.000820434 0.000286624 -0.000925926 -0.0035084 -0.0065142 -0.0109639 -0.0158861 0.000812357 0.00214286 -0.00105381 -0.00649425 -0.00267045 -0.00120438 0.00162577 0.00235867 -0.000416666 -0.00322785 -0.00162252 -0.000172414 0.00155172 0.00265101 1.86265e-10 0.000136055
internal_weight=4199 3130 945 466 317 166 79 2185 725 223 87 176 137 479 1069 120 79 151 116 87 149 70 1460
internal_count=4199 3130 945 466 317 166 79 2185 725 223 87 176 137 479 1069 120 79 151 116 87 149 70 1460
cat_boundaries=0 1 2 3
cat_threshold=48 67 132
is_linear=0
shrinkage=0.05


Tree=113
num_leaves=24
num_cat=2
split_feature=0 16 0 7 4 15 14 19 2 36 2 7 4 5 2 5 14 15 16 20 7 16 11
split_gain=1.41488 0.717597 0.500942 1.50915 1.21388 1.2875 1.44969 1.05861 1.03419 0.770274 0.490343 0.449081 0.445505 0.485735 0.430901 0.41262 0.351555 0.497877 0.383054 0.629236 0.486289 0.486111 0.358587
threshold=0 1.0000000180025095e-35 1 1.0000000180025095e-35 1.0000000180025095e-35 32.48043640372051 33136.586579554067 1.0000000180025095e-35 2029.5000000000002 0.095446854635890685 2036.5000000000002 1.0000000180025095e-35 1.0000000180025095e-35 0.78493427256843895 2033.5000000000002 0.59363815052548841 176195.42051675078 177.50567166169486 2.1729166666666671 1.0000000180025095e-35 1.5000000000000002 3.485125 1.3897941766162101
decision_type=1 2 1 2 2 2 2 2 2 2 2 2 2 2 2 2 2 2 2 2 2 2 2
left_child=12 11 3 4 5 -3 -7 -8 -9 15 14 -2 -1 -14 -10 -5 17 18 22 20 21 -20 -4
right_child=1 2 16 9 -6 6 7 8 10 -11 -12 -13 13 -15 -16 -17 -18 -19 19 -21 -22 -23 -24
leaf_value=0.0063278760986182278 1.5138424561485508e-06 1.1349209365803343e-05 4.0039031965124985e-07 -0.0012351945116116118 6.8162334195942871e-06 -0.00077164047291080912 -0.00070210415276203636 -0.00039926977769844872 2.6390210761148537e-05 -0.00093765865852902435 3.6778384228197896e-05 0.0010308320879211204 -0.0016327060919666188 0.0010762470924738519 -2.2373912694310439e-05 0.00095420659344750108 8.9342030502592757e-06 -0.00013682254067875436 -0.00021934402926122856 7.6383712981500615e-06 0.0001824333083927938 1.1262695309506073e-07 -0.00024463452107689016
leaf_weight=372 217 101 1504 27 162 39 26 39 42 24 38 216 31 144 37 384 79 26 21 567 23 24 56
leaf_count=372 217 101 1504 27 162 39 26 39 42 24 38 216 31 144 37 384 79 26 21 567 23 24 56
internal_value=0.000677542 0.000316767 6.0578e-05 -0.000920344 -0.00285124 -0.00462733 -0.00676471 -0.00489011 -0.00333333 0.0012069 -0.000982906 0.00222864 0.00302513 0.001 -0.00322785 0.00171533 0.000454546 0.000339937 0.000421412 0.00145669 -0.00308824 -0.00611111 1.86265e-10
internal_weight=4199 3652 3219 919 484 322 221 182 156 435 117 433 547 175 79 411 2300 2221 2195 635 68 45 1560
internal_count=4199 3652 3219 919 484 322 221 182 156 435 117 433 547 175 79 411 2300 2221 2195 635 68 45 1560
cat_boundaries=0 1 2
cat_threshold=32 12
is_linear=0
shrinkage=0.05


Tree=114
num_leaves=24
num_cat=3
split_feature=3 0 4 0 4 1 7 5 7 15 7 9 9 9 11 5 5 7 5 8 16 11 11
split_gain=0.946427 1.52673 1.22698 1.07163 0.941915 0.90048 0.754469 0.750531 0.723007 0.71292 0.635996 0.654734 2.07824 0.927437 0.569519 0.754837 0.674572 0.565797 0.604345 0.501671 0.488377 0.431241 0.701353
threshold=1.0000000180025095e-35 0 1.0000000180025095e-35 1 1.0000000180025095e-35 2 1.0000000180025095e-35 0.68614658175646159 2.5000000000000004 38.807285180331199 1.5000000000000002 22904.713871883414 16838.300341101498 12598.823285573399 0.81413792978997579 1.1080825569437391 1.2553521696088608 1.0000000180025095e-35 1.1287681634439279 1.0000000180025095e-35 1.0000000180025095e-35 1.0016378065653475 0.080905522735194371
decision_type=2 1 2 1 2 1 2 2 2 2 2 2 2 2 2 2 2 2 2 2 2 2 2
left_child=1 2 6 17 5 -5 14 9 20 -4 11 12 13 -7 -1 -16 -17 -2 -19 -12 -9 22 -22
right_child=3 -3 7 4 -6 10 -8 8 -10 -11 19 -13 -14 -15 15 16 -18 18 -20 -21 21 -23 -24
leaf_value=0.0016193212066910386 2.6508581225272956e-06 4.3901479021237246e-07 7.5596386456066569e-05 6.2843222623098783e-06 6.5466216113060464e-06 -3.2984595219698814e-05 0.0069996251186480399 0.00010690613947739385 0.0025377442589291695 -0.0019056730104409871 0.00075800470442685111 -6.3430527200408913e-07 -0.00046896898028941431 1.9513249119123609e-05 0.00097895453484603311 -0.0016931237655260654 0.0014650348738868494 -0.00013043671622713473 0.00039761355499488035 -0.00037781198037777162 -0.00021816370633026888 -0.00087216192628426488 0.0001114782859961861
leaf_weight=372 250 1460 23 85 234 193 508 42 90 24 42 65 24 23 97 24 22 158 71 97 176 37 82
leaf_count=372 250 1460 23 85 234 193 508 42 90 24 42 65 24 23 97 24 22 158 71 97 176 37 82
internal_value=0.000844249 0.00133074 0.00244526 -0.000314009 -0.00146831 -0.00265595 0.00343597 0.00035865 0.00101874 -0.0056383 -0.00355856 -0.00483607 -0.00604167 -0.00449074 0.00208738 -0.000594405 -0.00586956 0.00152352 -0.000240174 -0.000755395 -4.45102e-05 -0.000762712 -3.87595e-05
internal_weight=4199 2957 1497 1242 763 529 1023 474 427 47 444 305 240 216 515 143 46 479 229 139 337 295 258
internal_count=4199 2957 1497 1242 763 529 1023 474 427 47 444 305 240 216 515 143 46 479 229 139 337 295 258
cat_boundaries=0 1 2 3
cat_threshold=180 67 4
is_linear=0
shrinkage=0.05


Tree=115
num_leaves=24
num_cat=4
split_feature=0 4 7 5 11 1 15 15 14 2 16 0 5 11 0 14 11 2 14 5 15 15 5
split_gain=0.762114 0.538003 0.579795 0.587259 0.52236 0.450036 0.704586 0.821616 0.370529 1.15238 0.321376 0.311253 0.306061 0.343221 0.300987 0.52228 0.284983 0.289091 0.284245 0.262763 0.268742 0.345903 0.510145
threshold=0 1.0000000180025095e-35 1.5000000000000002 0.78493427256843895 0.9984092495684993 1 10.561263651809165 6.2682736410674691 5539.9792550111761 2031.5000000000002 1.0000000180025095e-35 2 1.1776060574645986 0.84159822127825634 3 142937.22037942099 0.0098246533828618265 2036.5000000000002 73340.87637871709 1.6631307399525419 15.207454126178767 23.522357577268313 1.1118254632596161
decision_type=1 2 2 2 2 1 2 2 2 2 2 1 2 2 1 2 2 2 2 2 2 2 2
left_child=1 -1 3 -3 18 8 7 -7 9 -2 14 12 -10 -14 15 16 17 -8 -5 20 -12 22 -22
right_child=5 2 -4 4 -6 6 10 -9 11 -11 19 -13 13 -15 -16 -17 -18 -19 -20 -21 21 -23 -24
leaf_value=0.005930516233352761 -0.00056258792491065363 -0.0017235119756090031 0.0040504702001252944 0.0015304727184210713 -0.0023465535806875704 0.00026151635321708578 4.5113139563853956e-05 -0.00035846295822220594 7.6430977395165936e-06 0.00036047186065901331 2.5165051507670152e-05 2.6678712429498192e-05 -9.1428442965964832e-05 3.5334567389517583e-05 0.00012635410484244019 -1.0069947354468305e-05 -1.7520143997956282e-06 -1.1348451633860373e-06 -6.3075316720489667e-05 5.2653154549170118e-05 -7.9113393880773507e-07 9.5965718229974971e-07 -0.00020402938392196304
leaf_weight=372 28 21 64 38 21 24 53 23 202 42 30 212 51 27 218 20 33 22 31 30 46 2571 20
leaf_count=372 28 21 64 38 21 24 53 23 202 42 30 212 51 27 218 20 33 22 31 30 46 2571 20
internal_value=0.00093951 0.00266607 0.000428572 -0.00175676 1.86265e-10 0.000671764 0.000436893 -0.0056383 0.00197509 -0.00142857 0.000530726 0.00245935 0.0012069 -0.00141026 0.00196532 -7.24636e-05 0.0012963 0.003 0.00210145 0.000346682 0.000294338 0.000240804 -0.00333333
internal_weight=4199 547 175 111 90 3652 3090 47 562 70 3043 492 280 78 346 128 108 75 69 2697 2667 2637 66
internal_count=4199 547 175 111 90 3652 3090 47 562 70 3043 492 280 78 346 128 108 75 69 2697 2667 2637 66
cat_boundaries=0 1 2 3 4
cat_threshold=32 4 90 67
is_linear=0
shrinkage=0.05


Tree=116
num_leaves=24
num_cat=3
split_feature=3 0 7 0 9 4 16 5 5 4 7 16 5 5 14 5 11 11 9 7 1 14 5
split_gain=0.812539 1.61908 0.907085 0.76513 0.814228 0.733813 0.658173 0.590753 0.728919 0.540921 1.22357 0.755654 0.521755 2.23583 0.474474 0.75013 0.530715 1.4597 0.45539 0.47619 0.44882 0.408375 0.389055
threshold=1.0000000180025095e-35 0 1.0000000180025095e-35 1 77195.788203756994 1.0000000180025095e-35 1.0000000180025095e-35 1.3618862516084771 0.7376789738161762 1.0000000180025095e-35 1.5000000000000002 2.1729166666666671 0.69157279007383188 0.80526734759815788 152534.41816955732 1.1153207202073521 1.0016378065653475 1.0324875632061901 3289.7658158517452 1.5000000000000002 2 151498.38975148505 1.0294041024118206
decision_type=2 1 2 1 2 2 2 2 2 2 2 2 2 2 2 2 2 2 2 2 1 2 2
left_child=1 2 6 -2 9 -4 -1 8 -7 10 11 12 -5 -14 16 -16 -8 -18 19 -11 -12 22 -15
right_child=3 -3 5 4 -6 7 14 -9 -10 18 20 -13 13 21 15 -17 17 -19 -20 -21 -22 -23 -24
leaf_value=0.0023364843822957612 1.4107187916235551e-06 3.8618723879660974e-07 0.0066495958798565239 2.1552567665561572e-06 -0.0015588928757875689 -0.00070014299690139244 0.00010142318967309762 -0.00077883294298693759 0.00089169939314468643 6.957024744899469e-06 -0.00013502009609640003 5.2862618343923456e-07 -0.00017088160276330379 -5.7540355045726178e-05 0.00090916565709912552 -0.0012067082629010188 -0.0030641779737024862 0.00029824454917052489 3.6725911917182966e-05 -0.0013010984590598005 0.00091422705953958484 1.6197357235110834e-05 -3.6435021937033102e-05
leaf_weight=102 631 1460 508 26 22 30 530 22 187 60 40 68 26 52 28 22 21 47 98 24 89 20 86
leaf_count=102 631 1460 508 26 22 30 530 22 187 60 40 68 26 52 28 22 21 47 98 24 89 20 86
internal_value=0.000879972 0.00133074 0.00247843 -0.000193237 -0.00144122 0.00372825 0.00126667 0.00144351 0.00223502 -0.00111205 -0.00212531 -0.00399281 -0.00547619 -0.00641304 0.000679013 -0.004 0.00107023 -0.00308824 0.00115385 -0.00154762 0.00189922 -0.00417721 -0.00514493
internal_weight=4199 2957 1497 1242 611 747 750 239 217 589 407 278 210 184 648 50 598 68 182 84 129 158 138
internal_count=4199 2957 1497 1242 611 747 750 239 217 589 407 278 210 184 648 50 598 68 182 84 129 158 138
cat_boundaries=0 1 2 3
cat_threshold=180 83 2
is_linear=0
shrinkage=0.05


Tree=117
num_leaves=24
num_cat=3
split_feature=0 3 7 5 14 1 5 14 15 2 0 2 15 36 15 2 2 9 9 5 15 14 16
split_gain=0.778712 0.958764 0.654045 0.561908 0.403328 0.395642 0.850302 0.465452 0.446959 0.88205 0.402793 0.711704 0.400742 0.643235 0.32848 0.543478 0.304304 0.460707 0.611161 0.436708 0.537634 0.531952 0.397884
threshold=0 1.0000000180025095e-35 1.0000000180025095e-35 0.95604214863564396 184432.44623814969 1 1.4971340844100429 27558.186542338477 10.561263651809165 2033.5000000000002 2 2031.5000000000002 21.585421683098385 0.27177903504360373 26.740512684119718 2034.5000000000002 2037.5000000000002 56801.690371426215 7833.532896451964 0.8453298642714665 91.045219329640332 31746.985827870991 1.756416666666667
decision_type=1 2 2 2 2 1 2 2 2 2 1 2 2 2 2 2 2 2 2 2 2 2 2
left_child=1 -1 3 -3 5 6 7 10 9 -7 14 12 -12 -14 15 -2 -10 18 19 20 21 -18 -20
right_child=4 2 -4 -5 -6 8 -8 -9 16 -11 11 -13 13 -15 -16 -17 17 -19 22 -21 -22 -23 -24
leaf_value=0.0049606474672176468 4.5335329301621919e-05 -0.0028965534722998751 0.0043903469313405956 3.3825742626721093e-05 1.0843972353778218e-05 -0.00028208604104613087 -0.00013460481493254446 3.4042430586145485e-05 2.0111225197926439e-06 5.8003067190351371e-06 8.5758264687675072e-05 3.8199871875057324e-05 4.5725947569463366e-06 -0.00023696332578681869 5.5279102435762607e-07 -9.9000195102463462e-05 -0.00037114307939106679 0.0005025696747293668 -1.7739874405662139e-05 8.8225464649941319e-06 -0.0001641476868564122 1.2915061943358131e-05 4.2667081201149898e-06
leaf_weight=402 23 32 67 46 71 25 24 182 2362 22 21 152 53 24 60 23 23 34 182 243 31 39 58
leaf_count=402 23 32 67 46 71 25 24 182 2362 22 21 152 53 24 60 23 23 34 182 243 31 39 58
internal_value=0.000832341 0.0025763 -0.000862069 -0.00397436 0.000562534 0.000490087 0.00170819 0.00211896 0.000263332 -0.00457447 0.00106742 0.00211538 -0.00112245 -0.00279221 -0.00146552 -0.00478261 0.000339839 -0.000655738 -0.000989583 0.000386905 -0.00252688 0.000161291 -0.00291667
internal_weight=4199 547 145 78 3652 3581 562 538 3019 47 356 250 98 77 106 46 2972 610 576 336 93 62 240
internal_count=4199 547 145 78 3652 3581 562 538 3019 47 356 250 98 77 106 46 2972 610 576 336 93 62 240
cat_boundaries=0 1 2 3
cat_threshold=32 4 72
is_linear=0
shrinkage=0.05


Tree=118
num_leaves=24
num_cat=3
split_feature=0 7 5 16 1 14 2 15 19 7 14 15 4 14 2 9 14 14 5 5 5 5 1
split_gain=0.640011 0.60354 0.541661 0.485033 0.399482 0.519181 0.952381 0.394954 0.585811 1.03079 1.0077 0.377407 0.305247 0.269776 0.347776 0.268254 0.266126 0.261814 0.389029 0.256771 0.246376 0.241615 0.800128
threshold=0 1.0000000180025095e-35 0.95604214863564396 2.1729166666666671 1 5539.9792550111761 2031.5000000000002 23.522357577268313 1.0000000180025095e-35 1.0000000180025095e-35 14188.49172576011 104.92282162419632 1.0000000180025095e-35 27558.186542338477 2037.5000000000002 948.31837896333741 184432.44623814969 17470.38653641288 0.89340953320853456 1.1776060574645986 1.6631307399525419 1.5300513205035833 2
decision_type=1 2 2 2 1 2 2 2 2 2 2 2 2 2 2 2 2 2 2 2 2 2 1
left_child=1 2 3 11 5 6 -2 8 -6 10 -10 -1 -4 17 -15 -14 20 -7 -19 -20 21 -9 -23
right_child=4 -3 12 -5 7 13 -8 16 9 -11 -12 -13 15 14 -16 -17 -18 18 19 -21 -22 22 -24
leaf_value=0.0028425424791611105 -0.00050494280098479952 0.0071178756111157024 0.0035347312506304033 -0.0026955264138837187 -0.00030824828143860171 2.1925484283469691e-05 0.00047842434255128695 1.3579399043208149e-06 6.9114883290431351e-08 0.0009274067824206017 -0.00065423263950169165 -0.0018055450621010279 -0.00035555049314636852 4.5994269662652932e-05 -1.2827559025366497e-06 0.00064518968895842395 1.0301773736089266e-05 -6.8878931415687375e-05 4.6312350230122145e-06 -1.79528457397575e-05 4.9866574228773384e-05 -0.00064208621571860568 0.00011722752795034487
leaf_weight=57 28 265 116 28 20 165 42 2782 40 68 29 25 20 152 37 36 71 45 53 40 30 24 26
leaf_count=57 28 265 116 28 20 165 42 2782 40 68 29 25 20 152 37 36 71 45 53 40 30 24 26
internal_value=0.000903787 0.00248654 0.000921986 -0.00181818 0.00065811 0.00188612 -0.00214286 0.000436893 -0.00200637 -0.000839416 -0.00514493 0.000121951 0.00267442 0.00245935 0.0039418 -0.000357143 0.000567678 0.00153465 -7.24636e-05 0.00177419 0.000492663 0.000444915 -0.003
internal_weight=4199 547 282 110 3652 562 70 3090 157 137 69 82 172 492 189 56 2933 303 138 93 2862 2832 50
internal_count=4199 547 282 110 3652 562 70 3090 157 137 69 82 172 492 189 56 2933 303 138 93 2862 2832 50
cat_boundaries=0 1 2 3
cat_threshold=32 4 1
is_linear=0
shrinkage=0.05


Tree=119
num_leaves=24
num_cat=2
split_feature=0 3 7 5 7 2 9 9 15 9 3 15 5 4 5 9 5 9 5 5 5 7 0
split_gain=0.620496 0.909136 0.654045 0.561908 0.279141 0.551268 0.391533 0.545897 0.362549 0.4 0.335389 0.609857 0.409929 0.250907 0.786709 0.265073 0.219578 0.381511 0.317842 1.92607 0.383236 0.25746 0.250372
threshold=0 1.0000000180025095e-35 1.0000000180025095e-35 0.95604214863564396 2.5000000000000004 2027.5000000000002 18182.084045882915 12861.567651425068 35.604138935003014 14017.370295984869 1.0000000180025095e-35 51.145275047828697 0.88677049098292526 1.0000000180025095e-35 0.78493427256843895 94.441341575564124 0.48900742528759283 94.441341575564124 0.58440279015043262 0.56444565938134728 0.64337206274225478 1.0000000180025095e-35 1
decision_type=1 2 2 2 2 2 2 2 2 2 2 2 2 2 2 2 2 2 2 2 2 2 1
left_child=1 13 3 -3 16 8 7 10 -6 -10 -7 -12 -13 -1 -15 -16 17 -2 19 21 -20 -18 -22
right_child=4 2 -4 -5 5 6 -8 -9 9 -11 11 12 -14 14 15 -17 18 -19 20 -21 22 -23 -24
leaf_value=0.0072190197906026174 -4.1406044761311778e-06 -0.0026569986367653443 0.0038149358042177798 1.3335713047525069e-05 0.0012883009325737747 0.0015550133139532148 0.00062638463262008708 -0.00032570517019290217 -0.00063761468267590571 0.00010011438968236988 0.00047826122479234653 -0.00057184884773923582 -1.6113730837265824e-05 -0.0015723142399286017 2.2542722783971523e-06 0.0049309440868771839 2.2469693955862149e-05 1.6920373198564598e-05 2.4079874842685922e-05 -0.0018723883220954736 2.1401749834017086e-06 -0.00018077204305076765 -4.4607263077359274e-07
leaf_weight=270 29 32 67 46 25 251 133 30 36 24 55 20 27 21 26 85 55 65 102 22 1547 34 1197
leaf_count=270 29 32 67 46 25 251 133 30 36 24 55 20 27 21 26 85 55 65 102 22 1547 34 1197
internal_value=0.000927602 0.00248654 -0.000862069 -0.00397436 0.000685418 0.00167221 0.00228682 0.0014752 -0.00205882 -0.00416667 0.0020255 -0.000392157 -0.00457447 0.00375622 0.0019697 0.00364865 0.000493281 0.00287234 0.000417653 -0.00220721 0.000520028 0.00106742 0.000408163
internal_weight=4199 547 145 78 3652 601 516 383 85 60 353 102 47 402 132 111 3051 94 2957 111 2846 89 2744
internal_count=4199 547 145 78 3652 601 516 383 85 60 353 102 47 402 132 111 3051 94 2957 111 2846 89 2744
cat_boundaries=0 1 2
cat_threshold=32 135
is_linear=0
shrinkage=0.05


end of trees

feature_importances:
type_idx=351
scale=342
min_water_m=331
nearby_2km=293
min_road_km=273
min_habitat_m=235
horizon_year=191
buffer=184
cooling=160
snow_mm=98
habitat_proximity=86
country_idx=44
precip_mm=35
has_gbif=32
roadkill_intensity_2km=27
nearby_highway_2km=23
habitat_hits=19
has_roadkill=11
nearby_500m=10
has_osm_roads=8
gbif_suitability=5
has_open_meteo=1
roadkill_count_2km=1

parameters:
[boosting: gbdt]
[objective: quantile]
[metric: quantile]
[tree_learner: serial]
[device_type: cpu]
[data_sample_strategy: bagging]
[data: ]
[valid: ]
[num_iterations: 120]
[learning_rate: 0.05]
[num_leaves: 24]
[num_threads: 0]
[seed: 7]
[deterministic: 0]
[force_col_wise: 0]
[force_row_wise: 0]
[histogram_pool_size: -1]
[max_depth: -1]
[min_data_in_leaf: 20]
[min_sum_hessian_in_leaf: 0.001]
[bagging_fraction: 1]
[pos_bagging_fraction: 1]
[neg_bagging_fraction: 1]
[bagging_freq: 0]
[bagging_seed: 17422]
[bagging_by_query: 0]
[feature_fraction: 0.9]
[feature_fraction_bynode: 1]
[feature_fraction_seed: 7040]
[extra_trees: 0]
[extra_seed: 6516]
[early_stopping_round: 0]
[early_stopping_min_delta: 0]
[first_metric_only: 0]
[max_delta_step: 0]
[lambda_l1: 0]
[lambda_l2: 0]
[linear_lambda: 0]
[min_gain_to_split: 0]
[drop_rate: 0.1]
[max_drop: 50]
[skip_drop: 0.5]
[xgboost_dart_mode: 0]
[uniform_drop: 0]
[drop_seed: 15215]
[top_rate: 0.2]
[other_rate: 0.1]
[min_data_per_group: 100]
[max_cat_threshold: 32]
[cat_l2: 10]
[cat_smooth: 10]
[max_cat_to_onehot: 4]
[top_k: 20]
[monotone_constraints: ]
[monotone_constraints_method: basic]
[monotone_penalty: 0]
[feature_contri: ]
[forcedsplits_filename: ]
[refit_decay_rate: 0.9]
[cegb_tradeoff: 1]
[cegb_penalty_split: 0]
[cegb_penalty_feature_lazy: ]
[cegb_penalty_feature_coupled: ]
[path_smooth: 0]
[interaction_constraints: ]
[verbosity: -1]
[saved_feature_importance_type: 0]
[use_quantized_grad: 0]
[num_grad_quant_bins: 4]
[quant_train_renew_leaf: 0]
[stochastic_rounding: 1]
[linear_tree: 0]
[max_bin: 255]
[max_bin_by_feature: ]
[min_data_in_bin: 3]
[bin_construct_sample_cnt: 200000]
[data_random_seed: 61]
[is_enable_sparse: 1]
[enable_bundle: 1]
[use_missing: 1]
[zero_as_missing: 0]
[feature_pre_filter: 1]
[pre_partition: 0]
[two_round: 0]
[header: 0]
[label_column: ]
[weight_column: ]
[group_column: ]
[ignore_column: ]
[categorical_feature: 0,1]
[forcedbins_filename: ]
[precise_float_parser: 0]
[parser_config_file: ]
[objective_seed: 15521]
[num_class: 1]
[is_unbalance: 0]
[scale_pos_weight: 1]
[sigmoid: 1]
[boost_from_average: 1]
[reg_sqrt: 0]
[alpha: 0.1]
[fair_c: 1]
[poisson_max_delta_step: 0.7]
[tweedie_variance_power: 1.5]
[lambdarank_truncation_level: 30]
[lambdarank_norm: 1]
[label_gain: ]
[lambdarank_position_bias_regularization: 0]
[eval_at: ]
[multi_error_top_k: 1]
[auc_mu_weights: ]
[num_machines: 1]
[local_listen_port: 12400]
[time_out: 120]
[machine_list_filename: ]
[machines: ]
[gpu_platform_id: -1]
[gpu_device_id: -1]
[gpu_device_id_list: ]
[gpu_use_dp: 0]
[num_gpu: 1]

end of parameters

pandas_categorical:null
