tree
version=v4
num_class=1
num_tree_per_iteration=1
label_index=0
max_feature_idx=33
objective=quantile
feature_names=type_idx country_idx horizon_year cooling buffer scale nearby_500m nearby_2km nearby_highway_2km min_habitat_m habitat_hits habitat_proximity water_hits water_overlap min_water_m min_road_km snow_mm precip_mm gbif_myotis_myotis gbif_meles_meles gbif_castor_fiber gbif_alcedo_atthis gbif_bombina_variegata gbif_alauda_arvensis gbif_podiceps_cristatus gbif_acrocephalus_scirpaceus gbif_lutra_lutra gbif_ciconia_ciconia gbif_cervus_elaphus gbif_count_500m gbif_count_2km gbif_suitability roadkill_intensity_2km roadkill_count_2km
feature_infos=[0:7] [0:2] [2026:2035] [0:1] [0:1] [0.5:1.6744926934588471] none none none [0:181965.11649798346] [0:3] [0:1] [0:3] [0:1] [0:191884.56234530636] none none none none none none none none none none none none none none none none none none none
tree_sizes=2097 2157 2115 2160 2124 2124 2149 2144 2134 2149 2149 2140 2153 2162 2143 2149 2158 2149 2171 2144 2170 2166 2162 2150 2151 2172 2145 2151 2153 2176 2168 2182 2174 2166 2149 2148 2173 2169 2172 2161 2182 2175 2175 2186 2157 2177 2179 2182 2176 2165 2182 2179 2188 2184 2194 2190 2191 2195 2192 2187 2195 2206 2185 2167 2194 2195 2192 2188 2198 2192 2185 2183 2190 2192 2197 2190 2182 2195 2198 2187

Tree=0
num_leaves=24
num_cat=0
split_feature=0 5 5 2 2 5 5 2 5 2 14 5 0 0 5 5 5 2 14 1 5 14 14
split_gain=84.0614 80.8218 9.96288 16.122 9.69889 7.06943 1.88088 1.8739 0.962963 1.10544 0.779538 0.685233 0.92358 3.55664 0.680985 0.675726 0.666804 1.07551 0.382653 0.139016 0.0553684 0.0971338 0.356129
threshold=1.5000000000000002 1.0581221333793409 0.96353742089261984 2032.5000000000002 2028.0000000000002 1.1319544885206194 1.2360560202717819 2028.0000000000002 1.1562379710581812 2032.5000000000002 27152.65024057624 1.2707031396532262 4.5000000000000009 5.5000000000000009 1.0871421772174437 0.99971113682726653 0.87497822591249685 2032.5000000000002 25325.795441447299 1.0000000180025095e-35 1.1341559608270042 60094.682628214316 74647.285976586296
decision_type=2 2 2 2 2 2 2 2 2 2 2 2 2 2 2 2 2 2 2 2 2 2 2
left_child=1 2 16 7 5 14 -7 -4 9 18 -5 20 -13 -14 -3 -9 -1 19 -6 -18 -2 -22 -23
right_child=11 4 3 10 8 6 -8 15 -10 -11 -12 12 13 -15 -16 -17 17 -19 -20 -21 21 22 -24
leaf_value=-539.94951428719526 -533.56551015613707 -544.37033383065568 -543.17921751763993 -547.09346095288095 -549.35556639831384 -547.1267797704495 -552.16874318535758 -543.87489135622513 -555.37699705675379 -551.97314113219056 -549.58569945103659 -502.82101927284856 -549.11240417018746 -526.10252821493157 -546.26761656121153 -546.99692504037478 -543.74878356364081 -544.74709655018864 -547.79203338462878 -542.30385983464032 -539.91496427715845 -544.74751268970294 -538.70786586474958
leaf_weight=202 1872 21 57 20 21 33 25 24 98 42 31 84 23 48 29 35 38 39 28 54 276 31 69
leaf_count=202 1872 21 57 20 21 33 25 24 98 42 31 84 23 48 29 35 38 39 28 54 276 31 69
internal_value=-543.852 -543.866 -543.854 -543.864 -543.887 -543.875 -543.887 -543.854 -543.894 -543.89 -543.887 -543.848 -543.851 -543.855 -543.861 -543.86 -543.849 -543.852 -543.885 -543.849 -543.847 -543.848 -543.849
internal_weight=3200 797 500 167 297 108 58 116 189 91 51 2403 155 71 50 59 333 131 49 92 2248 376 100
internal_count=3200 797 500 167 297 108 58 116 189 91 51 2403 155 71 50 59 333 131 49 92 2248 376 100
is_linear=0
shrinkage=1


Tree=1
num_leaves=24
num_cat=0
split_feature=5 5 2 5 2 9 14 9 3 9 9 5 5 9 14 14 4 5 9 14 9 14 14
split_gain=21.8655 3.75782 2.91544 2.66293 3.13558 1.35778 1.30964 0.968562 0.915984 1.01554 0.905966 0.812865 0.803571 0.619485 0.836714 0.741532 0.71456 1.20769 0.63168 0.630776 0.6 0.778451 0.598889
threshold=1.060018606518166 1.2414035514114392 2028.0000000000002 0.96353742089261984 2032.5000000000002 23127.651978081438 125641.27000982607 27229.389919486221 1.0000000180025095e-35 91888.869540229076 27598.46094778119 1.2763659920887931 1.2970848416299134 103889.19385721358 73021.445347470421 31164.350195902003 1.0000000180025095e-35 1.1705535533486953 83513.334289184815 64825.168759174216 50647.058283159517 22461.179490210492 75779.94635214952
decision_type=2 2 2 2 2 2 2 2 2 2 2 2 2 2 2 2 2 2 2 2 2 2 2
left_child=3 2 -2 -1 -5 -6 7 -4 9 11 -10 -3 -13 15 -15 16 17 -9 19 -17 21 -14 -21
right_child=1 8 6 4 5 -7 -8 13 10 -11 -12 12 20 14 -16 18 -18 -19 -20 22 -22 -23 -24
leaf_value=4.5326773845916035 0.029973237909959184 -5.8646364542243594 -1.9780873020572483 1.3239404001273585 2.9320491201433074 -2.4369390386054763 12.743997574765645 -3.7799553045866179 -10.986264278327367 -10.410288258423401 -6.5277718512046654 2.7214253265104449 -8.3855470716413887 -6.3299562006487751 -3.8936982002562952 -3.6852559772290934 -3.9515016327918318 -6.1949263731630202 1.2212400786361806 -3.3352636344083728 -9.1267068461169991 9.4284715884629868 -3.5670563570999265
leaf_weight=1352 311 45 153 444 42 174 27 77 23 21 63 32 33 22 29 120 56 27 44 26 20 27 32
leaf_count=1352 311 45 153 444 42 174 27 77 23 21 63 32 33 22 29 120 56 27 44 26 20 27 32
internal_value=0.000109375 -0.00526936 -0.00376623 0.00328529 0.000681818 -0.00425926 -0.00576672 -0.0062628 -0.0105303 -0.00848315 -0.0147674 -0.00710191 -0.00482143 -0.00747113 -0.0126471 -0.0067801 -0.009375 -0.0118269 -0.00490991 -0.00623595 -0.0075 -0.005 -0.0105172
internal_weight=3200 1188 924 2012 660 216 613 586 264 178 86 157 112 433 51 382 160 104 222 178 80 60 58
internal_count=3200 1188 924 2012 660 216 613 586 264 178 86 157 112 433 51 382 160 104 222 178 80 60 58
is_linear=0
shrinkage=0.05


Tree=2
num_leaves=24
num_cat=0
split_feature=0 5 2 5 2 5 2 14 14 5 5 2 5 2 5 0 14 5 1 5 14 5 5
split_gain=81.825 69.3146 11.3559 10.4874 15.3821 5.33627 2.58247 1.77924 1.65585 1.42129 0.945186 0.838095 0.707577 0.893208 0.574293 0.626939 0.499221 0.246653 0.171429 0.145946 0.14234 0.124636 0.1
threshold=1.5000000000000002 1.0660229925427938 2028.0000000000002 0.94628108309837544 2032.5000000000002 1.2463007693610029 2028.0000000000002 22933.201999615503 26907.826727432424 1.1319544885206194 1.1562379710581812 2032.5000000000002 0.87497822591249685 2032.5000000000002 1.3045710058769706 4.5000000000000009 43809.8027345667 1.1014988717077825 1.0000000180025095e-35 1.038126752772407 42986.439852645919 0.99971113682726653 1.0909807188221152
decision_type=2 2 2 2 2 2 2 2 2 2 2 2 2 2 2 2 2 2 2 2 2 2 2
left_child=1 3 5 12 6 9 19 -8 -6 17 11 20 -1 18 -2 -16 -17 -3 -14 -5 -4 -9 -13
right_child=14 2 10 4 8 -7 7 21 -10 -11 -12 22 13 -15 15 16 -18 -19 -20 -21 -22 -23 -24
leaf_value=3.4809497503177056 8.289874735899792 -0.7647096457794883 -4.9841939894369647 1.002065312771822 -2.6493396346871978 -7.7651205498796392 -2.9099907710817865 -0.35311712310994048 -5.4257326860246966 -3.0814749658238783 -10.585475678660176 -6.6191486615305726 0.4322231810603569 -1.0247770824586042 39.935853126739417 1.8713340279266448 -4.6613654703700282 -2.6016859376857897 1.6801921532779431 0.43066060021404839 -3.5361815526633293 -1.5757135245835059 -7.7090271231702205
leaf_weight=202 2305 22 23 54 22 24 23 28 37 34 98 20 30 33 48 28 22 21 40 20 21 25 20
leaf_count=202 2305 22 23 54 22 24 23 28 37 34 98 20 30 33 48 28 22 21 40 20 21 25 20
internal_value=6.25002e-05 -0.0138206 -0.0336926 -0.00287938 -0.0115072 -0.0202475 -0.003 -0.00947368 -0.0331356 -0.0138312 -0.0411538 -0.0372619 0.00303279 -0.000339806 0.00466708 0.000918368 -0.003 -0.0077907 0.00285714 0.00364865 -0.0325 -0.00443396 -0.0425
internal_weight=3200 797 283 514 209 101 150 76 59 77 182 84 305 103 2403 98 50 43 70 74 44 53 40
internal_count=3200 797 283 514 209 101 150 76 59 77 182 84 305 103 2403 98 50 43 70 74 44 53 40
is_linear=0
shrinkage=0.05


Tree=3
num_leaves=24
num_cat=0
split_feature=5 5 2 5 2 14 9 9 3 9 9 5 9 14 14 5 9 14 14 9 2 9 14
split_gain=20.7306 3.40282 2.41153 2.11054 2.18897 1.39489 1.21325 1.07668 0.830479 1.07154 1.03424 0.906644 0.792276 0.830435 0.768002 0.7 0.59893 1.03328 0.6808 0.591288 0.569082 0.543254 0.518927
threshold=1.0660229925427938 1.2414035514114392 2028.0000000000002 0.96142143104897726 2032.5000000000002 103100.67764797089 103889.19385721358 23127.651978081438 1.0000000180025095e-35 91888.869540229076 27598.46094778119 1.2763659920887931 27229.389919486221 3566.5872263559145 73021.445347470421 1.2970848416299134 60277.460474291373 22152.002505164677 32148.104454593853 30065.605245205828 2028.0000000000002 35671.979650129877 22461.179490210492
decision_type=2 2 2 2 2 2 2 2 2 2 2 2 2 2 2 2 2 2 2 2 2 2 2
left_child=3 2 -2 -1 20 6 12 -6 9 11 -10 21 -4 -14 -8 -13 17 -9 -19 -15 -5 -3 -17
right_child=1 8 5 4 7 -7 14 16 10 -11 -12 15 13 19 -16 22 -18 18 -20 -21 -22 -23 -24
leaf_value=4.198122612830633 0.074252513791208549 -2.2965381926984132 -1.6426766067550091 2.231344376919028 3.1160335048499634 1.7537207156504075 -5.7591702685816637 -0.022141856340863342 -9.9076772804779925 -9.3605000615692244 -5.6721094747114256 2.1708603233899284 -4.3529713584729004 -5.5415104885218351 -3.4828082144970809 -7.0328565238072889 -0.42306897797087689 -4.5759994226078753 -2.7449923147287678 -3.3305795725451532 0.44153144814016126 -5.7330890933259644 -4.5899383487680891
leaf_weight=1339 292 21 147 252 46 46 21 44 23 21 63 32 24 24 20 37 68 22 53 302 236 24 43
leaf_count=1339 292 21 147 252 46 46 21 44 23 21 63 32 24 24 20 37 68 22 53 302 236 24 43
internal_value=0.000234375 -0.00517544 -0.0036758 0.00322816 0.00104716 -0.00553082 -0.00624535 -0.00293991 -0.0101515 -0.00820225 -0.014186 -0.00678344 -0.00556338 -0.00685714 -0.0145122 -0.004375 -0.00462567 -0.00676471 -0.0103333 -0.00619632 0.00295082 -0.0127778 -0.006875
internal_weight=3200 1140 876 2060 721 584 538 233 264 178 86 157 497 350 41 112 187 119 75 326 488 45 80
internal_count=3200 1140 876 2060 721 584 538 233 264 178 86 157 497 350 41 112 187 119 75 326 488 45 80
is_linear=0
shrinkage=0.05


Tree=4
num_leaves=24
num_cat=0
split_feature=0 5 2 5 2 5 14 5 2 2 5 5 5 2 5 9 2 1 14 5 9 1 9
split_gain=73.181 65.2846 9.58143 7.70423 9.23956 4.5446 2.57161 1.68003 1.63937 1.50583 1.42129 1.08129 0.640461 0.893208 0.574293 0.712323 0.411279 0.559466 0.335508 0.246653 0.184615 0.171429 0.1
threshold=1.5000000000000002 1.0660229925427938 2028.0000000000002 0.94628108309837544 2032.5000000000002 1.2463007693610029 27727.346541253388 1.1165143622608402 2028.0000000000002 2032.5000000000002 1.1319544885206194 1.0049845388926539 0.87497822591249685 2032.5000000000002 1.3045710058769706 85976.227144999633 2032.5000000000002 1.0000000180025095e-35 28684.310849662226 1.1014988717077825 31410.170769519074 1.0000000180025095e-35 56149.119421051837
decision_type=2 2 2 2 2 2 2 2 2 2 2 2 2 2 2 2 2 2 2 2 2 2 2
left_child=1 3 5 12 8 10 -6 9 18 -4 19 22 -1 21 -2 20 17 -9 -5 -3 -16 -14 -10
right_child=14 2 7 4 6 -7 -8 16 11 -11 -12 -13 13 -15 15 -17 -18 -19 -20 -21 -22 -23 -24
leaf_value=3.096996132160291 7.781551399738631 -0.73018678918007351 -4.4156841088720942 -0.02240516163406028 -2.0821024530200249 -7.1311350362036592 -5.1729579524510862 -7.8754288938532753 0.0089696197960903706 -6.1963014945790036 -2.9311138432222439 -2.9135454689198017 0.20070589136580566 -1.1834443589772037 1.8464894736401416 -4.2607340126546438 -9.9851287845132983 -6.3775137470696057 0.69562688424114705 -2.4753142664910572 4.8053617567933333 1.3862764149725137 -0.87435943468169064
leaf_weight=202 2305 22 28 29 24 24 35 27 20 29 34 36 30 33 30 20 64 34 45 21 48 40 20
leaf_count=202 2305 22 28 29 24 24 35 27 20 29 34 36 30 33 30 20 64 34 45 21 48 40 20
internal_value=0.0003125 -0.0128168 -0.0321025 -0.00219844 -0.0095933 -0.0197525 -0.0263559 -0.038956 -0.003 -0.0318421 -0.0138312 -0.00815789 0.00286885 -0.000339806 0.00466708 0.000918368 -0.0422 -0.0392623 0.0022973 -0.0077907 0.00307692 0.00285714 -0.0025
internal_weight=3200 797 283 514 209 101 59 182 150 57 77 76 305 103 2403 98 125 61 74 43 78 70 40
internal_count=3200 797 283 514 209 101 59 182 150 57 77 76 305 103 2403 98 125 61 74 43 78 70 40
is_linear=0
shrinkage=0.05


Tree=5
num_leaves=24
num_cat=0
split_feature=0 5 2 5 2 5 2 5 5 5 2 2 5 5 0 0 2 5 5 14 14 5 2
split_gain=67.1864 62.4786 9.36039 5.64267 5.95639 5.0208 2.59801 2.60561 1.68027 1.41115 1.21447 1.06741 0.738252 0.641609 0.92358 3.55664 0.466588 0.341675 0.316427 0.285421 0.254348 0.21478 0.364373
threshold=1.5000000000000002 1.0581221333793409 2028.0000000000002 0.98761114069339129 2032.5000000000002 1.1319544885206194 2032.5000000000002 1.2186379447083537 1.2463007693610029 0.91315938419649056 2028.0000000000002 2028.0000000000002 1.1183890939787069 1.2707031396532262 4.5000000000000009 5.5000000000000009 2032.5000000000002 1.0871421772174437 1.1201071056310488 36456.786621048705 27363.232722411867 0.85598125438276673 2032.5000000000002
decision_type=2 2 2 2 2 2 2 2 2 2 2 2 2 2 2 2 2 2 2 2 2 2 2
left_child=1 3 5 9 11 17 7 12 -7 21 -11 20 -4 -2 -15 -16 19 -3 -8 -12 -5 -1 -23
right_child=13 2 6 4 -6 8 18 -9 -10 10 16 -13 -14 14 15 -17 -18 -19 -20 -21 -22 22 -24
leaf_value=3.2737818901772471 7.4275705721720788 -0.42266141257721301 -3.8912508191167534 -0.016177177186574455 -4.8889837631362729 -2.7845581510611339 -6.0684563545434305 -9.1930432473281893 -6.7745782843934768 1.2926902514829353 -0.49533719444599056 -2.5940131069381813 -4.406093628512572 37.95445140163303 -4.2334119153046919 16.582910748200742 -1.7167186559764902 -2.1267882700027951 -9.5204233361588351 0.061953710084321836 0.54558233824984659 1.7004211409862706 -0.38706976156138756
leaf_weight=181 2248 21 33 20 37 34 33 25 24 36 20 42 36 84 23 48 36 29 62 31 26 48 23
leaf_count=181 2248 21 33 20 37 34 33 25 24 36 20 42 36 84 23 48 36 29 62 31 26 48 23
internal_value=0.000390625 -0.0121895 -0.0303535 -0.0014 -0.0106 -0.0186111 -0.0370635 -0.0311702 -0.0286207 0.00166667 -0.00272358 -0.00352273 -0.0261594 0.00456305 0.00145161 -0.00274648 -0.00591954 -0.007 -0.0428947 -0.00284314 0.00173913 0.00380952 0.00147887
internal_weight=3200 797 297 500 125 108 189 94 58 375 123 88 69 2403 155 71 87 50 95 51 46 252 71
internal_count=3200 797 297 500 125 108 189 94 58 375 123 88 69 2403 155 71 87 50 95 51 46 252 71
is_linear=0
shrinkage=0.05


Tree=6
num_leaves=24
num_cat=0
split_feature=0 2 2 9 14 9 14 9 9 9 14 9 9 14 0 14 14 9 9 9 3 1 9
split_gain=62.8977 9.1206 2.38063 2.04367 1.75966 3.40191 1.02243 0.900362 0.877915 0.793956 0.694397 0.664866 0.580392 0.861006 0.804762 0.508132 1.40806 0.470383 0.436083 1.21733 0.421948 0.450266 0.467281
threshold=1.5000000000000002 2032.5000000000002 2028.0000000000002 41065.007953047789 91177.606938724857 71049.084671081349 109035.99967751505 48684.664993458529 51653.052929104386 13541.841930171619 34458.341138301053 95672.898051363154 73802.238560439655 54005.234647267505 1.0000000180025095e-35 16233.39727000028 31573.716563316531 35041.684306557909 27229.389919486221 37942.30798857702 1.0000000180025095e-35 1.0000000180025095e-35 52875.762211611502
decision_type=2 2 2 2 2 2 2 2 2 2 2 2 2 2 2 2 2 2 2 2 2 2 2
left_child=1 2 9 15 5 7 8 10 -5 -1 18 -7 13 -10 -14 -4 -17 -12 -3 -20 21 22 -11
right_child=-2 4 3 6 -6 11 -8 -9 12 20 17 -13 14 -15 -16 16 -18 -19 19 -21 -22 -23 -24
leaf_value=-3.1577698066732971 6.901226658378758 -6.0546691208297752 -2.722239688238016 -0.75542965606501022 -2.4192134703117638 -5.4901161899179556 0.26843205401693093 -5.0455892532606272 -2.7743534428135082 -1.592957859942989 -6.4652555626956092 -8.0143700176441666 -0.89053658730895791 -1.0598250325529637 -2.7273097787495595 -7.4208552301118438 -3.4054755514024748 -5.2116903696262291 -5.3784182438585688 -3.2462402035680271 -0.070896976904724907 -1.9395966706347361 -2.1803371175908097
leaf_weight=21 2403 49 35 29 33 21 26 42 31 20 20 20 28 20 32 35 30 21 31 21 77 113 42
leaf_count=21 2403 49 35 29 33 21 26 42 31 20 20 20 28 20 32 35 30 21 31 21 77 113 42
internal_value=0.000484375 -0.0116876 -0.00798701 -0.0113534 -0.0194186 -0.021 -0.00795181 -0.0180978 -0.00964286 -0.00470696 -0.02 -0.0340244 -0.0116667 -0.0155882 -0.00833333 -0.017 -0.0196154 -0.0254878 -0.0177723 -0.0209615 -0.00392857 -0.00528571 -0.00870968
internal_weight=3200 797 539 266 258 225 166 184 140 273 142 41 111 51 60 100 65 41 101 52 252 175 62
internal_count=3200 797 539 266 258 225 166 184 140 273 142 41 111 51 60 100 65 41 101 52 252 175 62
is_linear=0
shrinkage=0.05


Tree=7
num_leaves=24
num_cat=0
split_feature=0 5 5 2 5 2 14 2 14 2 2 5 2 5 0 0 2 14 5 5 1 0 2
split_gain=57.3473 59.6635 7.20816 8.3682 7.03526 3.90976 1.72822 1.4028 1.21212 1.21212 1.05243 0.948451 1.26975 0.819123 1.04935 4.00753 4.32238 0.710186 0.625 0.516469 0.36454 0.306973 0.30557
threshold=1.5000000000000002 1.0799996144149753 0.99051961926359133 2032.5000000000002 1.1791299085562905 2032.5000000000002 29608.016072825212 2028.0000000000002 29934.842015075606 2028.0000000000002 2028.0000000000002 0.87497822591249685 2032.5000000000002 1.1900572808526924 4.5000000000000009 5.5000000000000009 2032.5000000000002 51484.921735470627 1.1079439466420364 1.1183890939787069 1.0000000180025095e-35 1.0000000180025095e-35 2028.0000000000002
decision_type=2 2 2 2 2 2 2 2 2 2 2 2 2 2 2 2 2 2 2 2 2 2 2
left_child=1 2 11 6 5 10 9 -6 -5 -4 -3 -1 20 -2 -15 16 -16 -14 -7 -12 21 -13 -8
right_child=13 4 3 8 7 18 22 -9 -10 -11 19 12 17 14 15 -17 -18 -19 -20 -21 -22 -23 -24
leaf_value=2.973887028532066 7.1294425762847018 -2.0812406005037181 -0.091896499608621063 -3.7155608558971736 -4.4393674794013975 -3.7431359219947171 0.6604187027495354 -8.5970150787085498 -4.8660856569732198 -2.5883561173912772 -4.0217502223658466 0.78400034155918441 -0.064171673135850191 36.247189792839791 -0.4034402735098126 15.861552982065513 -4.4782908367964191 -1.9481092028980322 -6.1419927845608298 -3.9484447056611276 0.32255107959309959 -0.77578555498813817 -0.20427950875688225
leaf_weight=202 2063 53 24 20 37 20 36 83 24 20 22 24 34 169 39 112 20 21 20 24 79 25 29
leaf_count=202 2063 53 24 20 37 20 36 83 24 20 22 24 34 169 39 112 20 21 20 24 79 25 29
internal_value=0.000625 -0.0109975 -0.00150558 -0.0106863 -0.0307143 -0.0230576 -0.00325688 -0.0395833 -0.0290909 -0.0109091 -0.0177273 0.00214286 -0.000464481 0.00447982 0.00220588 -0.000555555 -0.0111017 -0.00681818 -0.03625 -0.0232609 0.00226563 -0.00112245 0.00192308
internal_weight=3200 797 538 153 259 139 109 120 44 44 99 385 183 2403 340 171 59 55 40 46 128 49 65
internal_count=3200 797 538 153 259 139 109 120 44 44 99 385 183 2403 340 171 59 55 40 46 128 49 65
is_linear=0
shrinkage=0.05


Tree=8
num_leaves=24
num_cat=0
split_feature=0 5 2 5 5 2 14 5 9 14 14 14 5 2 2 14 5 0 0 2 14 5 1
split_gain=51.3169 52.4102 9.32446 8.95715 3.99566 3.75776 1.38817 2.65121 1.07768 1.11594 1.00015 0.960702 0.948451 1.26975 0.926817 0.710186 0.702649 0.941796 3.59679 3.5995 0.656117 0.379259 0.36454
threshold=1.5000000000000002 1.0581221333793409 2032.5000000000002 1.2186379447083537 0.99051961926359133 2032.5000000000002 29608.016072825212 1.0829148831568554 46205.622142632747 83413.98925132156 5852.0679260692568 11606.278108776578 0.87497822591249685 2032.5000000000002 2028.0000000000002 51484.921735470627 1.1900572808526924 4.5000000000000009 5.5000000000000009 2032.5000000000002 40727.419215003458 1.1201071056310488 1.0000000180025095e-35
decision_type=2 2 2 2 2 2 2 2 2 2 2 2 2 2 2 2 2 2 2 2 2 2 2
left_child=1 4 3 6 12 14 10 -8 -9 -10 -3 -4 -1 22 -6 -15 -2 -18 19 -19 -5 -13 -14
right_child=16 2 11 20 5 -7 7 8 9 -11 -12 21 13 15 -16 -17 17 18 -20 -21 -22 -23 -24
leaf_value=2.8251926771054614 6.7729704474704668 -2.5368152460758289 -8.1713434375545067 -7.8607962406166045 0.46905238656028009 -4.1393739347247935 0.3647471225000638 -2.7818901871172987 -2.7974983361681511 -2.4041026333819748 -3.1691271931692877 -5.3905306403663378 -0.17498764917571469 -0.060963089479055765 -2.303437024764206 -1.8507037427531281 34.434830303197792 -0.38326825983432394 15.068475332962237 -4.2543762949565984 -7.3363663574767433 -8.3803415082370716 0.30642352561344188
leaf_weight=202 2063 21 20 31 42 35 21 25 23 21 38 27 49 34 38 21 169 39 112 20 22 48 79
leaf_count=202 2063 21 20 31 42 35 21 25 23 21 38 27 49 34 38 21 169 39 112 20 22 48 79
internal_value=0.0008125 -0.0101819 -0.0268182 -0.0207426 -0.0003 -0.00847826 -0.0144631 -0.0105556 -0.0152899 -0.02 -0.0204237 -0.0397368 0.00214286 -0.000464481 -0.0025 -0.00681818 0.00445901 0.00235294 -0.000263158 -0.0102542 -0.0383962 -0.0423333 0.00226563
internal_weight=3200 797 297 202 500 115 149 90 69 44 59 95 385 183 80 55 2403 340 171 59 53 75 128
internal_count=3200 797 297 202 500 115 149 90 69 44 59 95 385 183 80 55 2403 340 171 59 53 75 128
is_linear=0
shrinkage=0.05


Tree=9
num_leaves=24
num_cat=0
split_feature=0 5 5 5 3 5 0 9 5 14 14 14 14 5 0 0 5 1 5 5 9 5 14
split_gain=45.2076 47.2686 6.15949 4.86675 1.13404 1.23459 1.23223 1.11062 0.948451 0.891746 0.840742 0.725926 0.6375 0.6341 0.873933 3.10732 1.85341 0.758432 0.469264 0.444444 0.389612 0.370656 0.25
threshold=1.5000000000000002 1.0799996144149753 1.2517075098283645 0.99051961926359133 1.0000000180025095e-35 1.1762062948085645 1.0000000180025095e-35 57174.101197701391 0.87497822591249685 13437.426111195733 15516.356937738419 31164.350195902003 31380.792413476946 1.1475644911162104 4.5000000000000009 5.5000000000000009 1.2707031396532262 1.0000000180025095e-35 1.038126752772407 1.038126752772407 83513.334289184815 1.1220565289214759 26907.826727432424
decision_type=2 2 2 2 2 2 2 2 2 2 2 2 2 2 2 2 2 2 2 2 2 2 2
left_child=1 3 4 8 5 10 -6 9 -1 -5 -3 -11 -4 -2 -15 16 17 -16 -9 -13 -10 -12 -7
right_child=13 2 12 7 6 22 -8 18 20 11 21 19 -14 14 15 -17 -18 -19 -20 -21 -22 -23 -24
leaf_value=2.6839330432501911 7.0253812520577927 -3.4705817847236649 -7.9245264985145232 -1.1171206927532411 -2.0701576717434844 -3.5887778159064321 -4.0167953875424542 0.03124315585152462 0.04838408972953169 -2.6429495800830334 -3.1249722768736032 -2.6241367793492412 -8.5693661158691903 33.951702763494211 -1.4086839419086008 14.713883601002317 -3.9301692958707406 0.22294946084859135 -2.3715540871621266 -3.9324052388087773 -1.1623738595038002 -3.7397016353930024 -5.3804811013152225
leaf_weight=202 1923 20 30 28 26 20 30 23 149 27 42 20 34 234 24 156 23 43 30 25 34 32 25
leaf_count=202 1923 20 30 28 26 20 30 23 149 27 42 20 34 234 24 156 23 43 30 25 34 32 25
internal_value=0.00101563 -0.00930364 -0.0268533 -0.000855018 -0.0224359 -0.0248561 -0.0164286 -0.00839869 0.00214286 -0.0115 -0.0215957 -0.0144444 -0.0403125 0.0044382 0.0028125 0.000731707 -0.00666667 -0.00246269 -0.00254717 -0.0105556 -0.000464481 -0.0240541 -0.0316667
internal_weight=3200 797 259 538 195 139 56 153 385 100 94 72 64 2403 480 246 90 67 53 45 183 74 45
internal_count=3200 797 259 538 195 139 56 153 385 100 94 72 64 2403 480 246 90 67 53 45 183 74 45
is_linear=0
shrinkage=0.05


Tree=10
num_leaves=24
num_cat=0
split_feature=0 2 14 9 2 9 14 14 9 9 9 9 14 14 4 14 0 9 0 0 2 14 9
split_gain=43.5737 9.71164 1.50508 3.40475 1.50104 2.10287 1.3321 1.79558 1.28926 0.968899 0.90032 0.701979 0.472995 0.721127 0.525932 0.427015 0.596737 0.399457 0.391426 1.63404 1.83899 0.818472 0.812698
threshold=1.5000000000000002 2032.5000000000002 91177.606938724857 71049.084671081349 2028.0000000000002 37668.353355719097 27727.346541253388 22461.179490210492 95672.898051363154 43353.747382858528 29162.615900621426 28005.996473395364 109035.99967751505 90707.248690331311 1.0000000180025095e-35 47786.98511459992 1.0000000180025095e-35 18157.078817137259 4.5000000000000009 5.5000000000000009 2032.5000000000002 50663.257396250112 27598.46094778119
decision_type=2 2 2 2 2 2 2 2 2 2 2 2 2 2 2 2 2 2 2 2 2 2 2
left_child=1 4 3 6 -1 10 7 11 -5 -8 17 -3 13 14 15 -7 -17 -6 -2 20 -20 22 -22
right_child=18 2 -4 8 5 12 9 -9 -10 -11 -12 -13 -14 -15 -16 16 -18 -19 19 -21 21 -23 -24
leaf_value=-1.299915519090608 32.654663438578027 -4.4664859700779678 -1.5981828397568234 -3.9382742615355371 -5.1545261859805436 -3.3021291725767128 -4.9115953775064218 0.32113612500289135 -6.3522598021797689 -3.5450681771219013 -3.5309276744714184 -4.0772702803017014 0.32374158592369989 -2.2954776376335175 0.016942943024586599 0.26919794310481826 -2.2135391036663425 -0.67491724902353578 1.4683054530741806 16.272812164564684 -1.1932838928804472 -3.0836237018764594 0.18784950190629715
leaf_weight=273 1228 38 33 21 25 54 57 23 20 33 30 33 26 20 40 22 26 23 244 800 20 41 70
leaf_count=273 1228 38 33 21 25 54 57 23 20 33 30 33 26 20 40 22 26 23 244 800 20 41 70
internal_value=0.00101563 -0.00911543 -0.017093 -0.0185556 -0.00529685 -0.00796992 -0.0156522 -0.0114894 -0.0315854 -0.02 -0.0148718 -0.0154225 -0.00510638 -0.00611111 -0.00485915 -0.00676471 -0.00333333 -0.010625 0.00437578 0.0037234 0.001 -0.00377863 -0.00111111
internal_weight=3200 797 258 225 539 266 184 94 41 90 78 71 188 162 142 102 48 48 2403 1175 375 131 90
internal_count=3200 797 258 225 539 266 184 94 41 90 78 71 188 162 142 102 48 48 2403 1175 375 131 90
is_linear=0
shrinkage=0.05


Tree=11
num_leaves=24
num_cat=0
split_feature=0 5 5 2 5 2 3 2 2 5 5 2 5 5 0 0 9 9 9 2 9 5 2
split_gain=39.23 44.7546 6.69234 6.60464 4.05638 5.69366 1.55465 1.40498 0.894548 0.775758 0.72961 0.90947 0.710779 0.566701 0.92358 3.55664 0.373293 0.291154 0.378714 0.243056 0.248016 0.204797 0.330759
threshold=1.5000000000000002 1.0799996144149753 1.2517075098283645 2032.5000000000002 0.99051961926359133 2032.5000000000002 1.0000000180025095e-35 2028.0000000000002 2028.0000000000002 1.038126752772407 0.92526675039164952 2032.5000000000002 1.1271418355183351 1.2707031396532262 4.5000000000000009 5.5000000000000009 42081.505321179349 53182.767947810804 31175.651318285625 2028.0000000000002 56149.119421051837 1.0091626165117489 2032.5000000000002
decision_type=2 2 2 2 2 2 2 2 2 2 2 2 2 2 2 2 2 2 2 2 2 2 2
left_child=1 4 3 6 10 7 17 -6 -4 -7 -1 19 -5 21 -15 -16 -9 18 -3 -12 -21 -2 -23
right_child=13 2 8 12 5 9 -8 16 -10 -11 11 -13 -14 14 15 -17 -18 -19 -20 20 -22 22 -24
leaf_value=1.5711342099628056 8.0015596643101876 -2.0844907560963142 -5.8035373639931844 -3.4207329747876423 0.5898736030187689 -3.8163531931584096 -1.72568434015909 -1.9247068349979888 -8.0586613109113667 -3.511026168530357 1.2906624635860544 -1.3854988907191781 -6.7003384731600768 28.847248183726947 -3.6550932352447107 12.312867673842028 -1.2366468582257055 -3.2302279148542414 -3.3007176830584108 0.096422153293924701 -0.50411434645314512 4.1444615495277075 1.7971353557892435
leaf_weight=275 1260 22 22 26 60 20 40 20 42 24 35 30 38 84 23 48 29 38 31 24 21 653 335
leaf_count=275 1260 22 22 26 60 20 40 20 42 24 35 30 38 84 23 48 29 38 31 24 21 653 335
internal_value=0.0011875 -0.00842534 -0.0255019 -0.0208974 -0.000204461 -0.0070915 -0.0144656 -0.000963303 -0.0395312 -0.0222727 0.00253247 -0.000909091 -0.0340625 0.00437578 0.00145161 -0.00274648 -0.0072449 -0.0180769 -0.0204717 0.001875 -0.000555555 0.0045774 0.00403846
internal_weight=3200 797 259 195 538 153 131 109 64 44 385 110 64 2403 155 71 49 91 53 80 45 2248 988
internal_count=3200 797 259 195 538 153 131 109 64 44 385 110 64 2403 155 71 49 91 53 80 45 2248 988
is_linear=0
shrinkage=0.05


Tree=12
num_leaves=24
num_cat=0
split_feature=5 2 5 5 3 2 5 9 14 9 9 5 14 1 14 2 14 5 14 2 14 9 9
split_gain=14.6101 4.19449 2.50493 1.37526 1.22917 1.20758 1.10769 1.09511 0.656936 1.21804 1.61646 0.821184 1.32549 0.72155 0.578028 0.5464 0.515487 0.467395 0.78585 0.555098 0.991772 1.02849 0.428979
threshold=1.0799996144149753 2032.5000000000002 1.2517075098283645 1.0144370916682817 1.0000000180025095e-35 2028.0000000000002 1.3139262358533974 114334.6967750131 76371.433228275593 72737.507971471423 53182.767947810804 1.1736257539432646 30870.789428634398 1.5000000000000002 37874.887825184371 2028.0000000000002 18054.123634583786 1.0250899880241056 30870.789428634398 2032.5000000000002 29934.842015075606 59283.469506051282 35278.040632702847
decision_type=2 2 2 2 2 2 2 2 2 2 2 2 2 2 2 2 2 2 2 2 2 2 2
left_child=3 2 -2 -1 14 -5 -6 8 9 10 11 12 -3 16 22 -16 -13 18 -7 -19 -21 -22 -4
right_child=1 7 4 5 6 17 -8 -9 -10 -11 -12 13 -14 -15 15 -17 -18 19 -20 20 21 -23 -24
leaf_value=2.8722678749814397 0.11903408006448653 0.48887696142946124 -2.0790134344662365 1.5964653062592777 -2.9140790005273907 -2.4660536561262791 -2.4170557926241076 -5.7584139023376881 -1.1547060461526117 -2.2291208646868053 0.63157492555660688 -1.8070303259356402 -4.2926656005750532 -4.0293601377226826 -5.7770174814387758 -2.8217203361616976 -3.0967363684286773 0.85560608303295038 2.8888825905983251 1.4343650270902157 -3.1105045803929054 0.21456454557545729 2.3079688574646386
leaf_weight=1703 543 51 30 157 20 24 32 29 45 37 39 29 34 33 21 20 50 122 25 52 35 38 31
leaf_count=1703 543 51 30 157 20 24 32 29 45 37 39 29 34 33 21 20 50 122 25 52 35 38 31
internal_value=0.00123438 -0.00362069 -0.0013845 0.00358534 -0.00701299 0.00113687 -0.0132692 -0.00811239 -0.00726415 -0.00818681 -0.00686441 -0.00870558 -0.005 -0.0115179 -0.00382353 -0.00841463 -0.00892405 -0.000743243 -0.00520408 0.000141701 -0.0022 -0.0059589 -0.000737705
internal_weight=3200 1044 697 2156 154 453 52 347 318 273 236 197 85 112 102 41 79 296 49 247 125 73 61
internal_count=3200 1044 697 2156 154 453 52 347 318 273 236 197 85 112 102 41 79 296 49 247 125 73 61
is_linear=0
shrinkage=0.05


Tree=13
num_leaves=24
num_cat=0
split_feature=0 2 2 14 14 14 9 14 14 3 9 14 14 9 9 0 0 2 14 9 3 0 9
split_gain=39.3576 6.91098 1.39602 1.30031 1.95542 1.67293 1.60714 1.275 1.4039 1.24121 1.042 0.579471 0.857739 0.48495 0.395604 0.365765 1.52692 1.65281 0.92865 0.91746 0.349536 0.575855 0.309754
threshold=1.5000000000000002 2032.5000000000002 2028.0000000000002 27727.346541253388 91177.606938724857 22461.179490210492 71049.084671081349 25115.914524956814 19140.014122071585 1.0000000180025095e-35 43353.747382858528 38338.242606052641 51484.921735470627 30065.605245205828 13541.841930171619 4.5000000000000009 5.5000000000000009 2032.5000000000002 50663.257396250112 27598.46094778119 1.0000000180025095e-35 1.0000000180025095e-35 29162.615900621426
decision_type=2 2 2 2 2 2 2 2 2 2 2 2 2 2 2 2 2 2 2 2 2 2 2
left_child=1 2 14 5 6 9 10 8 22 13 -5 -9 -13 -3 -1 -2 17 -17 19 -19 21 -14 -4
right_child=15 3 7 4 -6 -7 -8 11 -10 -11 -12 12 20 -15 -16 16 -18 18 -20 -21 -22 -23 -24
leaf_value=-1.7496826090969646 30.489483377679889 -2.7577487735484372 -1.5123291755862485 -4.2098928233702928 -1.2460495011935018 0.27889336193002578 -5.3522013803413273 -0.019958709621059736 -5.50856677940968 -4.2376607902908274 -2.8523302934383148 -2.8743143573770649 -1.1443646675521628 -4.6434460493519163 -0.74014080389544923 1.2079897500990429 15.245803683399291 -1.0947521685791812 -2.9078432368622673 0.28298106949723884 -0.064221497000374619 -2.1449177994969997 -2.3450448129086729
leaf_weight=21 1228 34 22 57 33 24 36 40 23 20 33 28 39 21 252 244 800 20 41 70 35 33 46
leaf_count=21 1228 34 22 57 33 24 36 40 23 20 33 28 39 21 252 244 800 20 41 70 35 33 46
internal_value=0.00120313 -0.00842534 -0.00520408 -0.015155 -0.017956 -0.0106566 -0.0207937 -0.00778195 -0.0125824 -0.0143333 -0.0172222 -0.00528571 -0.00685185 -0.0104545 -0.00269231 0.00439659 0.00376596 0.00113333 -0.00339695 -0.000555555 -0.00481308 -0.00680556 -0.00897059
internal_weight=3200 797 539 258 159 99 126 266 91 75 90 175 135 55 273 2403 1175 375 131 90 107 72 68
internal_count=3200 797 539 258 159 99 126 266 91 75 90 175 135 55 273 2403 1175 375 131 90 107 72 68
is_linear=0
shrinkage=0.05


Tree=14
num_leaves=24
num_cat=0
split_feature=0 5 5 5 2 2 14 14 2 14 5 2 2 14 14 14 5 5 0 0 2 9 0
split_gain=35.4791 36.3381 6.90859 4.22408 4.21353 3.91072 2.29167 1.63075 0.875758 0.80821 0.774586 0.736414 0.734803 0.688095 0.673483 0.739515 0.760905 0.525683 0.791355 3.00857 1.93143 0.64 0.446429
threshold=1.5000000000000002 1.0799996144149753 1.2567562905963598 0.99051961926359133 2032.5000000000002 2032.5000000000002 29934.842015075606 29608.016072825212 2028.0000000000002 40268.213581264739 0.89145594291848762 2032.5000000000002 2028.0000000000002 43518.756093386022 83413.98925132156 5852.0679260692568 1.1183890939787069 1.1736257539432646 4.5000000000000009 5.5000000000000009 2032.5000000000002 38553.467222019863 1.0000000180025095e-35
decision_type=2 2 2 2 2 2 2 2 2 2 2 2 2 2 2 2 2 2 2 2 2 2 2
left_child=1 3 4 10 14 7 -7 8 -5 -6 -1 -12 -4 -13 15 -3 -17 -2 -19 20 21 -20 -18
right_child=17 2 12 5 9 6 -8 -9 -10 -11 11 13 -14 -15 -16 16 22 18 19 -21 -22 -23 -24
leaf_value=2.3264498193758212 5.7466251357147549 -1.9149843187620545 -5.4511595953164118 -0.023958179053503399 -3.3212367352507215 -2.6741261393374316 -3.6923183028014508 0.44269185742269945 -1.7281288721320636 -6.0723012641084582 0.087492728122836025 0.14130423073062393 -7.7592487170987923 -1.323566738019021 -1.9183856480008878 -2.9201494507467896 -2.4993190486649173 26.835171824879154 1.0078484687486611 12.02495202987391 -3.2190856497172393 -0.79450271071062806 -2.9053921106644793
leaf_weight=222 2012 24 21 24 39 20 24 65 20 27 115 28 38 20 23 31 28 191 20 130 25 25 28
leaf_count=222 2012 24 21 24 39 20 24 65 20 27 115 28 38 20 23 31 28 191 20 130 25 25 28
internal_value=0.00134375 -0.00779799 -0.0231853 -0.000390334 -0.01875 -0.0074183 -0.02 -0.00233945 -0.00977273 -0.0290909 0.0024026 -0.000214724 -0.0382203 -0.00541667 -0.0136567 -0.0152703 -0.0174138 0.00437578 0.00269821 0.0005 -0.00785714 -0.00166667 -0.0208929
internal_weight=3200 797 259 538 200 153 44 109 44 66 385 163 59 48 134 111 87 2403 391 200 70 45 56
internal_count=3200 797 259 538 200 153 44 109 44 66 385 163 59 48 134 111 87 2403 391 200 70 45 56
is_linear=0
shrinkage=0.05


Tree=15
num_leaves=24
num_cat=0
split_feature=0 5 5 2 5 2 14 14 14 14 5 2 14 3 5 0 0 2 9 9 14 14 2
split_gain=32.1506 35.0726 5.37757 4.41973 3.36659 3.39299 1.73028 1.10775 0.875589 0.80821 0.742802 0.725532 0.719528 0.658694 0.579805 0.948619 3.29277 2.21308 1.42283 0.430134 0.475729 0.418655 0.294891
threshold=1.5000000000000002 1.0799996144149753 1.2567562905963598 2032.5000000000002 0.99359874653726477 2032.5000000000002 29934.842015075606 29608.016072825212 31380.792413476946 40268.213581264739 0.89145594291848762 2032.5000000000002 51484.921735470627 1.0000000180025095e-35 1.1341559608270042 4.5000000000000009 5.5000000000000009 2028.0000000000002 72173.952140624853 53182.767947810804 20437.714070413018 10270.582939173713 2028.0000000000002
decision_type=2 2 2 2 2 2 2 2 2 2 2 2 2 2 2 2 2 2 2 2 2 2 2
left_child=1 4 3 13 10 7 -7 21 -4 -5 -1 22 -13 19 -2 -16 17 -17 -19 20 -3 -6 -12
right_child=14 2 8 9 5 6 -8 -9 -10 -11 11 12 -14 -15 15 16 -18 18 -20 -21 -22 -23 -24
leaf_value=2.2101273284070313 5.9443097484626159 -2.3267881275351856 -6.2212950511142591 -3.1551748984881844 -0.1009302613480223 -2.54041983237056 -3.5957763327163654 0.39438817016890204 -7.1034490692245731 -5.7686862009030371 1.1264841857396228 0.16243246668464872 -1.2573884011180683 -1.8399723908341685 27.164611115871846 1.7972809351842942 11.702106710553128 -0.4302184949041446 -3.0770975205547137 -2.8563191272015391 -2.533745732269876 -1.608365186794992 -0.018384029915076067
leaf_weight=222 1872 20 29 39 20 20 23 63 30 27 49 29 20 42 259 30 171 51 20 39 33 23 69
leaf_count=222 1872 20 29 39 20 20 23 63 30 27 49 29 20 42 259 30 171 51 20 39 33 23 69
internal_value=0.00140625 -0.00729611 -0.0224131 -0.0185 -1.85872e-05 -0.0064094 -0.0182558 -0.00160377 -0.035678 -0.0290909 0.00242931 -8.98202e-05 -0.00520408 -0.0132836 0.00429255 0.00283428 0.000772059 -0.00638614 -0.0111972 -0.0156522 -0.0185849 -0.0077907 0.0020339
internal_weight=3200 797 259 200 538 149 43 106 59 66 389 167 49 134 2403 531 272 101 71 92 53 43 118
internal_count=3200 797 259 200 538 149 43 106 59 66 389 167 49 134 2403 531 272 101 71 92 53 43 118
is_linear=0
shrinkage=0.05


Tree=16
num_leaves=24
num_cat=0
split_feature=0 2 2 14 14 14 3 9 9 14 14 14 0 0 2 14 9 2 9 14 9 0 9
split_gain=29.3158 5.92093 0.759693 0.7327 1.39172 1.06728 0.984545 0.972222 0.876216 0.705714 0.654037 0.593842 0.532774 2.22411 1.62618 0.715249 0.4884 0.434868 0.36 0.352239 0.61077 0.777586 0.35
threshold=1.5000000000000002 2032.5000000000002 2028.0000000000002 27727.346541253388 22461.179490210492 91177.606938724857 1.0000000180025095e-35 71049.084671081349 32832.588455659243 25115.914524956814 10270.582939173713 37874.887825184371 4.5000000000000009 5.5000000000000009 2032.5000000000002 50663.257396250112 13541.841930171619 2028.0000000000002 32186.222489441887 42986.439852645919 85577.895069765436 1.0000000180025095e-35 27598.46094778119
decision_type=2 2 2 2 2 2 2 2 2 2 2 2 2 2 2 2 2 2 2 2 2 2 2
left_child=1 2 16 4 6 7 -3 8 -5 10 18 -10 -2 14 17 22 -1 -14 -4 -11 21 -21 -16
right_child=12 3 9 5 -6 -7 -8 -9 11 19 -12 -13 13 -15 15 -17 -18 -19 -20 20 -22 -23 -24
leaf_value=-1.3323497210285729 27.988946282336929 -2.9611770956294583 -1.5281249429106094 -4.2263098863729036 0.25461447490937783 -0.79295442425852325 -3.6644365190398918 -4.341456422008096 -1.9994326803659714 -0.21208321411287653 -2.7463721000295069 -2.7924213305067442 2.2735791960994569 13.802178924249825 -0.91091905056829681 -2.8959274538755291 -0.45491518272602782 0.18121136720701764 -0.013773113621938331 -0.76592586300371535 -0.39067213265890222 -2.6906928406361494 0.15683061728835346
leaf_weight=21 1228 55 20 28 24 33 20 36 22 48 46 40 114 800 20 41 252 130 25 39 45 43 70
leaf_count=21 1228 55 20 28 24 33 20 36 22 48 46 40 114 800 20 41 252 130 25 39 45 43 70
internal_value=0.00151563 -0.00679423 -0.00381262 -0.0130233 -0.00964646 -0.0151258 -0.013 -0.0172222 -0.0144444 -0.00571429 -0.00928571 -0.011129 0.00427174 0.00351064 0.000333334 -0.00416031 -0.00195971 0.0027459 -0.005 -0.00385714 -0.00523622 -0.00780488 -0.00166667
internal_weight=3200 797 539 258 99 159 75 126 90 266 91 62 2403 1175 375 131 273 244 45 175 127 82 90
internal_count=3200 797 539 258 99 159 75 126 90 266 91 62 2403 1175 375 131 273 244 45 175 127 82 90
is_linear=0
shrinkage=0.05


Tree=17
num_leaves=24
num_cat=0
split_feature=0 5 5 2 5 2 2 2 2 5 14 14 5 0 0 2 14 2 1 14 14 5 2
split_gain=25.8769 28.4979 6.65401 3.58533 2.54973 2.17922 0.877901 0.681352 0.663971 0.662879 0.600824 0.587778 0.553653 0.959442 3.55777 3.40909 1.40829 0.57885 0.525455 0.853333 0.509752 0.493363 0.628709
threshold=1.5000000000000002 1.069209460861025 1.2567562905963598 2032.5000000000002 0.99359874653726477 2028.0000000000002 2032.5000000000002 2032.5000000000002 2028.0000000000002 1.1029624814991419 39867.963011905296 31573.716563316531 1.0909807188221152 4.5000000000000009 5.5000000000000009 2032.5000000000002 38885.816399502139 2028.0000000000002 1.0000000180025095e-35 36456.786621048705 38338.242606052641 0.85598125438276673 2032.5000000000002
decision_type=2 2 2 2 2 2 2 2 2 2 2 2 2 2 2 2 2 2 2 2 2 2 2
left_child=1 4 3 8 21 -6 -4 11 9 -3 -11 -7 -2 -14 15 17 -17 -15 -5 -20 -10 -1 -23
right_child=12 2 6 18 5 7 -8 -9 20 10 -12 -13 13 14 -16 16 -18 -19 19 -21 -22 22 -24
leaf_value=2.6064391916187146 6.0378808609597705 0.3289483759401341 -5.4611341186162567 -5.1653644042474065 0.46226434543041767 -1.4091794280925365 -8.2840009426465357 -2.6677829266226261 -2.5207718201832638 -2.0096315405057412 -0.83267442018102822 -0.3183435967803136 25.250448224933795 1.4000586973455376 10.661181099601881 -1.4434579219087371 -3.0242829119893129 -0.17075548246579222 -2.7919249572729221 -5.2688280818514599 -2.7611912639190082 0.28783097791248696 -0.77750924287252998
leaf_weight=181 1678 21 39 22 50 20 20 37 39 30 26 25 354 39 239 23 21 49 30 20 29 146 62
leaf_count=181 1678 21 39 22 50 20 20 37 39 30 26 25 354 39 239 23 21 49 30 20 29 146 62
internal_value=0.00170313 -0.00610414 -0.0190942 -0.0150461 0.000777351 -0.00522727 -0.033983 -0.0102439 -0.0105172 -0.00733766 -0.0101786 -0.00611111 0.00429255 0.00313793 0.00136119 -0.00522727 -0.0165909 0.000454546 -0.0241667 -0.027 -0.0141176 0.00281491 0.00115385
internal_weight=3200 797 276 217 521 132 59 82 145 77 56 45 2403 725 371 132 44 88 72 50 68 389 208
internal_count=3200 797 276 217 521 132 59 82 145 77 56 45 2403 725 371 132 44 88 72 50 68 389 208
is_linear=0
shrinkage=0.05


Tree=18
num_leaves=24
num_cat=0
split_feature=5 5 2 9 9 5 2 14 14 1 9 2 14 9 9 9 5 5 14 5 14 9 3
split_gain=9.67335 2.72162 1.6327 1.60083 1.30696 1.28632 0.758281 0.674585 1.10863 0.446429 0.417238 0.564587 0.47485 0.454122 0.932114 0.530513 0.607293 0.34739 0.804762 0.584328 0.438961 0.714286 0.662778
threshold=1.0799996144149753 1.2567562905963598 2032.5000000000002 94913.24722264774 20281.868311528979 1.0091626165117489 2028.0000000000002 31380.792413476946 45080.168555132354 1.0000000180025095e-35 29162.615900621426 2028.0000000000002 104168.34284750915 61055.957204231592 90042.674305191424 39606.007584924839 1.1341559608270042 1.1900572808526924 29021.128655304707 1.1656753941135316 30870.789428634398 37942.30798857702 1.0000000180025095e-35
decision_type=2 2 2 2 2 2 2 2 2 2 2 2 2 2 2 2 2 2 2 2 2 2 2
left_child=5 2 10 4 -3 -1 -7 -6 -9 -10 -2 -12 13 15 -15 16 -13 19 -19 20 22 -22 -4
right_child=1 3 17 -5 7 6 -8 8 9 -11 11 12 -14 14 -16 -17 -18 18 -20 -21 21 -23 -24
leaf_value=2.5817760096461226 0.79561704107661568 -5.1316314098001667 1.0083528512210576 -3.365752552461593 -0.35450835570743566 1.4662761134546651 0.0026721816379598976 -1.9312135129702868 -4.0404841782098542 1.617451324912236 0.85452792150421342 1.4581451134731502 1.4156718452854902 -2.0230058321805209 0.16098682434598058 0.91481941471636952 -2.0683879489346295 -1.6395014573160394 -1.1607923112184013 0.3092990210013794 -3.1563601027589065 -0.91940263025391578 -1.1346469097656857
leaf_weight=1677 160 33 41 25 87 165 314 27 28 28 196 25 21 36 31 57 27 30 40 39 20 70 23
leaf_count=1677 160 33 41 25 87 165 314 27 28 28 196 25 21 36 31 57 27 30 40 39 20 70 23
internal_value=0.00171875 -0.0022318 -0.000882353 -0.0070614 -0.00559113 0.00363173 0.00134656 -0.00382353 -0.00704819 -0.00303571 0.000660036 -0.000216285 -0.0021066 -0.00295455 -0.00619403 -0.000963303 -0.00461538 -0.00412548 -0.00714286 -0.00303109 -0.00441558 -0.00666667 -0.00125
internal_weight=3200 1044 816 228 203 2156 479 170 83 56 553 393 197 176 67 109 52 263 70 193 154 90 64
internal_count=3200 1044 816 228 203 2156 479 170 83 56 553 393 197 176 67 109 52 263 70 193 154 90 64
is_linear=0
shrinkage=0.05


Tree=19
num_leaves=24
num_cat=0
split_feature=0 5 5 5 2 2 5 2 2 14 14 0 0 0 5 2 5 9 2 14 14 9 14
split_gain=27.892 24.4479 5.5477 4.06686 3.25984 3.10047 1.06201 0.877901 0.857932 1.09113 0.860119 0.647755 0.473625 1.97719 2.46269 3.10253 1.18141 0.777351 0.668025 0.426247 0.991077 0.448179 0.379961
threshold=1.5000000000000002 1.1029624814991419 1.2567562905963598 0.91315938419649056 2032.5000000000002 2028.0000000000002 1.0144370916682817 2032.5000000000002 2032.5000000000002 31164.350195902003 29934.842015075606 1.0000000180025095e-35 4.5000000000000009 5.5000000000000009 1.0091626165117489 2032.5000000000002 1.1900572808526924 46939.920867854038 2028.0000000000002 33245.47078636416 66336.923133173448 39606.007584924839 84711.753819499019
decision_type=2 2 2 2 2 2 2 2 2 2 2 2 2 2 2 2 2 2 2 2 2 2 2
left_child=1 3 4 -1 19 -5 22 -4 9 -8 -10 -6 -2 14 -14 18 17 -17 -16 21 -21 -3 -7
right_child=12 2 7 5 11 6 8 -9 10 -11 -12 -13 13 -15 15 16 -18 -19 -20 20 -22 -23 -24
leaf_value=1.5549935437129481 26.053343987345627 -2.0098459659306012 -5.1634677363306425 0.40250026214030088 -2.4575481992446706 -0.28591380448229309 -2.1918498073686408 -7.7732402198656914 -2.6902869960850802 0.020610294102552686 -2.7622673276677263 -4.8548531104872739 1.9617882854945501 12.687514819453774 1.4835305971154134 -0.22798750897988462 -2.7198462521689191 -2.574112313795494 -0.14642835805987961 -2.501547855975979 -1.9110523988420742 -0.62877943501102873 -0.92659739043085776
leaf_weight=252 1228 30 39 113 25 93 28 20 21 27 27 24 184 800 59 23 20 20 69 27 28 21 22
leaf_count=252 1228 30 39 113 25 93 28 20 21 27 27 24 184 800 59 23 20 20 69 27 28 21 22
internal_value=0.001625 -0.00648055 -0.0209346 -0.00117496 -0.0159677 -0.00481873 -0.00830275 -0.033983 -0.0119903 -0.00772727 -0.016875 -0.0266327 0.00431336 0.00359574 0.0006 -0.00337696 -0.0124603 -0.0077907 0.00109375 -0.0110377 -0.0140909 -0.0077451 -0.005
internal_weight=3200 797 214 583 155 331 218 59 103 55 48 49 2403 1175 375 191 63 43 128 106 55 51 115
internal_count=3200 797 214 583 155 331 218 59 103 55 48 49 2403 1175 375 191 63 43 128 106 55 51 115
is_linear=0
shrinkage=0.05


Tree=20
num_leaves=24
num_cat=0
split_feature=0 2 2 9 9 14 14 3 14 9 14 9 9 9 9 9 0 0 2 0 9 9 0
split_gain=25.4612 3.97936 0.683678 0.616543 2.26393 0.560695 1.01838 1.44273 0.560987 0.972222 0.559006 0.510973 0.940276 0.761905 0.486963 0.479167 0.445355 1.85918 1.1927 0.430218 0.412722 0.37698 0.401018
threshold=1.5000000000000002 2032.5000000000002 2028.0000000000002 29162.615900621426 35540.423942710266 27727.346541253388 22461.179490210492 1.0000000180025095e-35 91177.606938724857 71049.084671081349 31832.863780073301 93463.527814893299 61552.314084070887 73802.238560439655 53182.767947810804 18157.078817137259 4.5000000000000009 5.5000000000000009 2028.0000000000002 1.0000000180025095e-35 28005.996473395364 49340.961354098399 1.0000000180025095e-35
decision_type=2 2 2 2 2 2 2 2 2 2 2 2 2 2 2 2 2 2 2 2 2 2 2
left_child=1 2 -1 15 -5 6 7 20 9 10 -7 12 14 -14 19 -4 -2 18 -18 -6 -3 22 -12
right_child=16 5 3 4 11 8 -8 -9 -10 -11 21 -13 13 -15 -16 -17 17 -19 -20 -21 -22 -23 -24
leaf_value=-0.29315751137644436 24.750676787978342 -0.91885283122341799 -2.9776489014148404 -2.042386215835946 -2.4649022789047592 -3.118001884782982 0.10153434901714878 -3.0775117020140588 -0.43306387238271954 -3.1363656262747885 -3.2826816037700257 0.065668623840486093 -1.1297008180755757 -0.94288850580086092 0.87190817112899177 0.75326186289626529 1.9528271363267338 12.053139078481086 -0.28088401344160302 -0.065474184890213616 -2.8576780088108764 -0.94489213318864573 -2.4022985233180236
leaf_weight=273 1228 27 25 20 31 21 24 20 33 36 23 41 27 36 25 23 114 800 261 38 28 22 24
leaf_count=273 1228 27 25 20 31 21 24 20 33 36 23 41 27 36 25 23 114 800 261 38 28 22 24
internal_value=0.00176563 -0.00597867 -0.00353432 -0.00533835 -0.00646789 -0.0110853 -0.00813131 -0.011 -0.0129245 -0.0144444 -0.0116667 -0.00484848 -0.0061465 -0.010873 -0.00297872 -0.000208333 0.00433417 0.0036383 0.000733334 -0.00514493 -0.00681818 -0.00949275 -0.0120213
internal_weight=3200 797 539 266 218 258 99 75 159 126 90 198 157 63 94 48 2403 1175 375 69 55 69 47
internal_count=3200 797 539 266 218 258 99 75 159 126 90 198 157 63 94 48 2403 1175 375 69 55 69 47
is_linear=0
shrinkage=0.05


Tree=21
num_leaves=24
num_cat=0
split_feature=0 5 5 5 2 2 14 1 14 14 9 5 9 5 2 9 14 14 5 2 14 0 0
split_gain=23.4374 21.409 3.90124 3.59514 2.35265 1.95369 1.2467 0.914286 0.655364 0.788501 1.38085 0.828554 0.661172 0.445813 0.753954 0.422074 0.348906 0.677338 0.291251 0.393581 0.264223 0.260216 1.09162
threshold=1.5000000000000002 1.1029624814991419 1.2219435672352013 0.93494121085454296 2028.0000000000002 2032.5000000000002 48359.363405176155 1.0000000180025095e-35 84711.753819499019 47786.98511459992 29714.669287288703 1.060018606518166 43620.397484852467 1.3206071419525591 2032.5000000000002 35041.684306557909 30502.825107287932 66336.923133173448 0.83355863158709254 2032.5000000000002 28684.310849662226 4.5000000000000009 5.5000000000000009
decision_type=2 2 2 2 2 2 2 2 2 2 2 2 2 2 2 2 2 2 2 2 2 2 2
left_child=1 3 5 18 20 15 7 -4 9 10 -6 12 -12 21 -15 -3 -17 -18 -1 -20 -5 -2 -23
right_child=13 2 6 4 8 -7 -8 -9 -10 -11 11 -13 -14 14 -16 16 17 -19 19 -21 -22 22 -24
leaf_value=2.9349440598268544 23.633270082021866 -1.5198580237353838 -4.7591619349413889 -0.052891102415278182 -0.24705719361785961 -2.4548869950194696 -5.2709011739968652 -5.5016245911077961 -0.76428670572875801 -0.82561578127545365 -2.0490444197184279 -2.6503788783320879 -1.3267367008071971 3.1514037767492868 -2.4289354574553661 -0.77173737258412578 -2.3950192893737339 -1.5326618835092793 1.2201811293618725 -0.41851602944241223 0.55542120016636376 0.19620737416396361 11.567469308798195
leaf_weight=145 1188 30 20 37 40 39 25 36 31 49 28 21 24 55 27 21 21 22 100 41 67 360 773
leaf_count=145 1188 30 20 37 40 39 25 36 31 49 28 21 24 55 27 21 21 22 100 41 67 360 773
internal_value=0.00189063 -0.00553952 -0.0190654 -0.000574614 -0.00442761 -0.013797 -0.027716 -0.0235714 -0.0076943 -0.00641975 -0.00871681 -0.0128082 -0.00942308 0.00435497 0.000731707 -0.00989362 -0.0121875 -0.0147674 0.00342657 0.00180851 0.00163462 0.00448298 0.00394087
internal_weight=3200 797 214 583 297 133 81 56 193 162 113 73 52 2403 82 94 64 43 286 141 104 2321 1133
internal_count=3200 797 214 583 297 133 81 56 193 162 113 73 52 2403 82 94 64 43 286 141 104 2321 1133
is_linear=0
shrinkage=0.05


Tree=22
num_leaves=24
num_cat=0
split_feature=0 5 5 5 2 2 2 5 9 14 14 2 5 2 14 0 0 0 5 2 9 2 9
split_gain=20.746 18.8406 3.28896 3.24902 1.68815 1.46668 0.882353 0.779277 0.737086 0.756844 0.914123 0.606624 0.550612 0.990453 0.73373 0.498626 0.445355 1.85918 2.30618 2.74984 1.07692 0.668025 0.435525
threshold=1.5000000000000002 1.1029624814991419 1.2639126624725134 1.0049845388926539 2028.0000000000002 2032.5000000000002 2028.0000000000002 0.89145594291848762 31175.651318285625 33245.47078636416 66336.923133173448 2028.0000000000002 1.0829148831568554 2032.5000000000002 31164.350195902003 1.0000000180025095e-35 4.5000000000000009 5.5000000000000009 1.0091626165117489 2032.5000000000002 60277.460474291373 2028.0000000000002 64900.107502304374
decision_type=2 2 2 2 2 2 2 2 2 2 2 2 2 2 2 2 2 2 2 2 2 2 2
left_child=1 3 5 7 -5 8 -4 -1 -3 -10 -11 -9 13 14 -6 -7 -2 18 -18 21 -21 -20 -13
right_child=16 2 6 4 12 15 -8 11 9 10 -12 22 -14 -15 -16 -17 17 -19 19 20 -22 -23 -24
leaf_value=1.8604192855670867 22.340059294254644 -1.3903047959212715 -3.9711414722946303 0.07416384687618241 -1.7790375297888283 -2.0222382652885496 -6.1077797248011167 0.92289312299083015 -1.5477162969230267 -2.1531125698258764 -2.1458778581715885 0.00064010279974214277 -0.81642295072860471 -2.3755860745307253 -0.16713362034749402 -4.2731761449826227 1.8679327031837041 10.872108659117123 1.301902341735107 -1.0849703736391489 -2.4296107098549067 -0.13487310819300338 -0.69864092903362685
leaf_weight=222 1228 32 20 64 21 28 34 56 29 24 23 95 28 34 24 24 184 800 59 39 24 69 39
leaf_count=222 1228 32 20 64 21 28 34 56 29 24 23 95 28 34 24 24 184 800 59 39 24 69 39
internal_value=0.00201563 -0.00497491 -0.0176636 -0.000317324 -0.00611111 -0.0140625 -0.0283333 0.00208738 -0.0107407 -0.0134211 -0.0173404 -0.000263158 -0.00995327 -0.0120886 -0.00722222 -0.0209615 0.00433417 0.0036383 0.000733334 -0.00311518 -0.0116667 0.00109375 -0.00208955
internal_weight=3200 797 214 583 171 160 54 412 108 76 47 190 107 79 45 52 2403 1175 375 191 63 128 134
internal_count=3200 797 214 583 171 160 54 412 108 76 47 190 107 79 45 52 2403 1175 375 191 63 128 134
is_linear=0
shrinkage=0.05


Tree=23
num_leaves=24
num_cat=0
split_feature=0 5 5 5 2 2 2 5 2 9 0 5 2 9 9 9 0 0 5 2 9 2 5
split_gain=19.3715 15.7476 3.15354 3.0174 1.68815 1.5919 1.02495 0.832326 0.818344 0.550613 0.677352 0.550612 0.990453 0.450536 0.488437 0.625541 0.445355 1.85918 2.00311 2.41841 1.29182 0.409612 0.325
threshold=1.5000000000000002 1.1029624814991419 1.0049845388926539 1.2639126624725134 2028.0000000000002 2032.5000000000002 2028.0000000000002 0.87497822591249685 2032.5000000000002 32699.8895881305 1.0000000180025095e-35 1.0829148831568554 2032.5000000000002 31175.651318285625 46205.622142632747 68403.802496331889 4.5000000000000009 5.5000000000000009 1.0091626165117489 2032.5000000000002 60277.460474291373 2028.0000000000002 1.1989917068525389
decision_type=2 2 2 2 2 2 2 2 2 2 2 2 2 2 2 2 2 2 2 2 2 2 2
left_child=1 2 7 5 -4 13 -5 -1 -9 -10 -11 12 -6 -3 -15 -16 -2 18 -18 21 -21 -20 -7
right_child=16 3 4 6 11 22 -8 8 9 10 -12 -13 -14 14 15 -17 17 -19 19 20 -22 -23 -24
leaf_value=1.8393109237725427 21.223056329541915 -1.3207895561252103 0.070455654532371528 -3.7725843986798964 -1.2514464625887596 -2.0964584950352934 -5.8023907385610585 0.08207835480521232 0.054588999821201425 -1.3254083913361976 -0.65696345611742191 -0.77560180319217642 -2.2568067708041903 -1.5401564289977867 -0.012048807884625996 -2.1913469443176439 1.7745360680245179 10.328503226161265 1.2368072246483512 -1.0307218549571924 -2.3081301743621587 -0.12812945278335311 -4.0484224424618223
leaf_weight=202 1228 32 64 20 45 32 34 144 25 20 21 28 34 22 21 33 184 800 59 39 24 69 20
leaf_count=202 1228 32 64 20 45 32 34 144 25 20 21 28 34 22 21 33 184 800 59 39 24 69 20
internal_value=0.00209375 -0.00466123 -0.000403087 -0.0162617 -0.00611111 -0.0128125 -0.0264815 0.00196602 -0.000238095 -0.00484848 -0.00841463 -0.00995327 -0.0120886 -0.00935185 -0.0114474 -0.00888889 0.00433417 0.0036383 0.000733334 -0.0028534 -0.010873 0.00109375 -0.02
internal_weight=3200 797 583 214 171 160 54 412 210 66 41 107 79 108 76 54 2403 1175 375 191 63 128 52
internal_count=3200 797 583 214 171 160 54 412 210 66 41 107 79 108 76 54 2403 1175 375 191 63 128 52
is_linear=0
shrinkage=0.05


Tree=24
num_leaves=24
num_cat=0
split_feature=0 5 5 2 5 2 5 5 2 9 9 9 9 0 0 5 2 9 2 0 2 9 14
split_gain=17.4411 13.2422 2.92936 2.8749 1.57837 1.17099 0.844578 0.755737 1.26891 0.539251 0.505456 1.18543 0.793522 0.473625 1.97719 1.85695 2.41841 1.29182 0.409612 0.400537 0.613946 0.392513 0.376042
threshold=1.5000000000000002 1.1029624814991419 1.0049845388926539 2032.5000000000002 1.2056139510077675 2028.0000000000002 1.281707233077183 0.82195999164969125 2032.5000000000002 64900.107502304374 29162.615900621426 40833.662568700725 64249.829447132863 4.5000000000000009 5.5000000000000009 1.0091626165117489 2032.5000000000002 60277.460474291373 2028.0000000000002 1.0000000180025095e-35 2032.5000000000002 35041.684306557909 28684.310849662226
decision_type=2 2 2 2 2 2 2 2 2 2 2 2 2 2 2 2 2 2 2 2 2 2 2
left_child=1 2 7 6 -5 22 10 -1 -9 -10 -3 -12 -13 -2 15 -15 18 -18 -17 20 -7 -21 -4
right_child=13 3 5 4 -6 19 -8 8 9 -11 11 12 -14 14 -16 16 17 -19 -20 21 -22 -23 -24
leaf_value=2.6756768884191691 20.161903513064818 -0.93189401546254591 -0.12940697699990131 -1.9769417546090464 -5.5898181880830577 -1.7145033471985034 -4.1828874514851453 0.41473696333657845 -0.14617845438849569 -0.96920511275114674 -1.4719524452017163 0.0044900353164912254 -2.0448308934118029 1.6858092646232912 9.8120780648532016 1.1749668634159327 -0.97918576220933407 -2.1927236656440492 -0.12172298014418535 -2.6688501280439221 -1.6970510410884918 -0.80083991192208726 0.36479923931596092
leaf_weight=137 1228 30 24 34 35 28 30 193 61 21 21 26 38 184 800 59 39 24 69 21 21 37 40
leaf_count=137 1228 30 24 34 35 28 30 193 61 21 21 26 38 184 800 59 39 24 69 21 21 37 40
internal_value=0.0021875 -0.00422208 -0.000317324 -0.0148598 -0.0232609 -0.00581871 -0.0108621 0.00196602 0.000454546 -0.0047561 -0.00891304 -0.0108824 -0.0075 0.00431336 0.00359574 0.0006 -0.0028534 -0.010873 0.00109375 -0.00901869 -0.0123469 -0.0062069 -0.00046875
internal_weight=3200 797 583 214 69 171 145 412 275 82 115 85 64 2403 1175 375 191 63 128 107 49 58 64
internal_count=3200 797 583 214 69 171 145 412 275 82 115 85 64 2403 1175 375 191 63 128 107 49 58 64
is_linear=0
shrinkage=0.05


Tree=25
num_leaves=24
num_cat=0
split_feature=0 5 5 5 0 0 5 9 14 14 5 1 4 9 4 14 14 0 5 9 14 14 14
split_gain=15.6926 10.9475 2.59248 1.45954 0.473625 1.97719 1.85695 1.31434 0.622414 0.522445 0.472496 0.744092 0.688347 1.80604 0.530338 0.463906 0.481134 0.518706 0.460548 0.41146 0.398165 0.347826 0.347282
threshold=1.5000000000000002 1.044047398982596 1.2639126624725134 0.91902520044494873 4.5000000000000009 5.5000000000000009 1.0091626165117489 71049.084671081349 4922.091908019037 42100.021563470124 1.1029624814991419 1.5000000000000002 1.0000000180025095e-35 64249.829447132863 1.0000000180025095e-35 84711.753819499019 15202.845436019359 1.0000000180025095e-35 1.1562379710581812 41791.601166393004 29608.016072825212 66976.985041961481 42622.485139633092
decision_type=2 2 2 2 2 2 2 2 2 2 2 2 2 2 2 2 2 2 2 2 2 2 2
left_child=1 3 10 -1 -2 6 -6 8 -8 -10 14 12 13 18 20 16 -5 19 -12 -18 -3 -22 -4
right_child=4 2 22 15 5 -7 7 -9 9 -11 11 -13 -14 -15 -16 -17 17 -19 -20 -21 21 -23 -24
leaf_value=1.0820828956974851 19.153808337411572 -2.029556802671781 -4.0045859915581614 -0.51498834753896272 1.6015188013921269 9.3214741616105403 -0.9302264754012759 -1.9691582285000391 0.20194897549792201 -0.71011218921592723 -0.59423802131805814 -1.8266663094226321 -1.9195592475053074 -2.2588856206274159 -0.26245344559233946 -0.46180043947552751 -1.1226568068917764 0.49091312542991372 0.39433136338567332 0.042826602567072346 -1.195491989337923 -0.69884706282025377 -5.0120483904969282
leaf_weight=265 1228 27 33 49 184 800 29 46 74 42 28 31 32 40 33 37 29 69 29 28 23 23 21
leaf_count=265 1228 27 33 49 184 800 29 46 74 42 28 31 32 40 33 37 29 69 29 28 23 23 21
internal_value=0.00229688 -0.00378294 -0.0109375 0.00101677 0.00431336 0.00359574 0.0006 -0.0028534 -0.000517241 0.00112069 -0.00890977 -0.010625 -0.00895349 -0.00685567 -0.00632075 -0.00207547 -0.001 0.000634921 -0.00114035 -0.00289474 -0.00869863 -0.00586956 -0.0209259
internal_weight=3200 797 320 477 2403 1175 375 191 145 116 266 160 129 97 106 212 175 126 57 57 73 46 54
internal_count=3200 797 320 477 2403 1175 375 191 145 116 266 160 129 97 106 212 175 126 57 57 73 46 54
is_linear=0
shrinkage=0.05


Tree=26
num_leaves=24
num_cat=0
split_feature=0 5 5 2 5 2 5 5 0 5 2 14 9 0 0 5 2 9 2 9 9 2 9
split_gain=14.5002 8.37582 2.51031 1.88485 1.04974 1.0955 0.78364 0.630802 0.530323 0.522504 0.770581 0.903856 0.477948 0.473625 1.97719 1.85695 2.41841 1.29182 0.409612 0.3997 0.354041 0.317418 0.237974
threshold=1.5000000000000002 1.0111517115449995 1.3206071419525591 2028.0000000000002 0.82195999164969125 2032.5000000000002 1.0829148831568554 1.13588926251181 1.0000000180025095e-35 1.0829148831568554 2032.5000000000002 31164.350195902003 56149.119421051837 4.5000000000000009 5.5000000000000009 1.0091626165117489 2032.5000000000002 60277.460474291373 2028.0000000000002 64900.107502304374 43008.245330171703 2028.0000000000002 39374.400478127813
decision_type=2 2 2 2 2 2 2 2 2 2 2 2 2 2 2 2 2 2 2 2 2 2 2
left_child=1 4 3 6 -1 21 -3 9 12 10 11 -5 -9 -2 15 -15 18 -18 -17 22 -8 -6 -7
right_child=13 2 -4 7 5 19 20 8 -10 -11 -12 -13 -14 14 -16 16 17 -19 -20 -21 -22 -23 -24
leaf_value=2.4877888992133355 18.196117920540996 0.35089075387421587 -5.8166556231960609 -1.5160387445376542 1.0311165749147129 -0.18222580210242978 -1.2289166432786389 -2.0501599592078192 -3.3462742398928307 -0.79656829138000917 -2.0139751407035322 0.7348523299059736 -2.0144898117394847 1.5214428613225217 8.8554004535300148 1.151724129705932 -0.88371515032880277 -1.9846295709368427 -0.11441253113892934 -0.96908801931613731 -0.18997081151777995 0.0026447142760775673 0.41741719621706141
leaf_weight=137 1228 50 26 21 90 38 38 34 39 57 32 22 21 184 800 59 39 24 69 22 39 107 24
leaf_count=137 1228 50 26 21 90 38 38 34 39 57 32 22 21 184 800 59 39 24 69 22 39 107 24
internal_value=0.002375 -0.00346926 -0.00885224 -0.00774787 0.00141148 -0.000338078 -0.00287402 -0.0104867 -0.013617 -0.00825758 -0.011 -0.00662791 -0.0104545 0.00431336 0.00359574 0.0006 -0.0028534 -0.010873 0.00109375 -0.00511905 -0.00603896 0.00170051 -0.00306452
internal_weight=3200 797 379 353 418 281 127 226 94 132 75 43 55 2403 1175 375 191 63 128 84 77 197 62
internal_count=3200 797 379 353 418 281 127 226 94 132 75 43 55 2403 1175 375 191 63 128 84 77 197 62
is_linear=0
shrinkage=0.05


Tree=27
num_leaves=24
num_cat=0
split_feature=0 5 5 2 5 5 2 9 2 3 5 5 5 9 0 0 5 2 9 2 9 5 5
split_gain=13.6553 7.93115 2.64459 1.57051 0.980921 0.78364 0.680613 0.597395 0.72 0.639649 0.90166 0.590418 0.779315 0.580959 0.445355 1.85918 1.72139 2.10827 0.952534 0.409612 0.354041 0.316278 0.35963
threshold=1.5000000000000002 1.0111517115449995 1.3206071419525591 2028.0000000000002 0.82195999164969125 1.0829148831568554 2032.5000000000002 28005.996473395364 2032.5000000000002 1.0000000180025095e-35 1.2034268836810338 1.0847078486973174 1.13588926251181 64900.107502304374 4.5000000000000009 5.5000000000000009 1.0091626165117489 2032.5000000000002 60277.460474291373 2028.0000000000002 43008.245330171703 0.94972049496089539 0.98253607812121191
decision_type=2 2 2 2 2 2 2 2 2 2 2 2 2 2 2 2 2 2 2 2 2 2 2
left_child=1 4 3 5 -1 -3 21 8 -5 10 11 -9 -13 -8 -2 16 -16 19 -19 -18 -7 -6 -23
right_child=14 2 -4 7 6 20 13 9 -10 -11 -12 12 -14 -15 15 -17 17 18 -20 -21 -22 22 -24
leaf_value=2.3633994542526682 17.286312024513947 0.33334621618050675 -5.5258228420362565 0.46382467538080763 1.1265320857146821 -1.1674708111147041 -0.10122650260800148 -1.8551830498523292 -1.9035649542030777 -1.2280629062761634 -3.1927859545390835 -0.58687333825199295 -1.8575772939470678 -0.92063361835033075 1.4453707182563968 8.4126304308535129 1.094137923220635 -0.83952939281236305 -1.8853980923900018 -0.10869190458198169 -0.18047227094188945 -0.21805789675983114 0.61194867700609679
leaf_weight=137 1228 50 26 25 124 38 62 39 25 52 29 33 23 22 184 800 59 39 24 69 39 36 37
leaf_count=137 1228 50 26 25 124 38 62 39 25 52 29 33 23 22 184 800 59 39 24 69 39 36 37
internal_value=0.00245313 -0.00321832 -0.00845646 -0.00732295 0.0015311 -0.00287402 -0.000160142 -0.00982301 -0.005 -0.0111932 -0.0131452 -0.0107895 -0.0075 -0.00392857 0.00433417 0.0036383 0.000733334 -0.00259162 -0.0100794 0.00109375 -0.00603896 0.0014467 -0.00116438
internal_weight=3200 797 379 353 418 127 281 226 50 176 124 95 56 84 2403 1175 375 191 63 128 77 197 73
internal_count=3200 797 379 353 418 127 281 226 50 176 124 95 56 84 2403 1175 375 191 63 128 77 197 73
is_linear=0
shrinkage=0.05


Tree=28
num_leaves=24
num_cat=0
split_feature=0 5 5 2 5 5 2 9 0 0 5 2 14 2 9 9 2 5 5 5 14 14 5
split_gain=12.763 6.74958 2.89781 1.16788 1.01692 0.825548 0.701265 0.638611 0.445355 1.85918 1.72139 2.10827 0.964286 0.409612 0.354041 0.349034 0.72 0.49891 0.768379 0.560249 1.1851 0.516469 0.298247
threshold=1.5000000000000002 1.0049845388926539 1.3206071419525591 2028.0000000000002 0.82195999164969125 1.0829148831568554 2032.5000000000002 64900.107502304374 4.5000000000000009 5.5000000000000009 1.0091626165117489 2032.5000000000002 43809.8027345667 2028.0000000000002 43008.245330171703 28005.996473395364 2032.5000000000002 1.1529110819857518 1.2517075098283645 1.0829148831568554 50663.257396250112 38338.242606052641 0.91131576306078255
decision_type=2 2 2 2 2 2 2 2 2 2 2 2 2 2 2 2 2 2 2 2 2 2 2
left_child=1 4 3 5 -1 -3 22 -8 -2 10 -10 13 -13 -12 -7 16 -5 19 21 20 -17 -19 -6
right_child=8 2 -4 15 6 14 7 -9 9 -11 11 12 -14 -15 -16 17 -18 18 -20 -21 -22 -23 -24
leaf_value=2.2452294815400355 16.421996423288249 0.35219026969344647 -5.2495316999344421 0.44063344161176732 1.3766484320748675 -1.1090972705589663 -0.098947503359073527 -0.88036292001513972 1.3731021823435761 7.9919989093108361 1.0394310270596043 -0.77440807692972946 -1.9495787200726704 -0.10325730935288298 -0.1714486573947949 -1.8086356021201049 -1.808386706492926 -1.6698340406266465 -2.3286200539183368 -0.94242948614325739 -0.32876414160553236 -3.5020972733036957 -0.011650317828214674
leaf_weight=137 1228 52 26 25 79 38 61 21 184 800 59 36 27 69 39 37 25 24 20 51 26 22 114
leaf_count=137 1228 52 26 25 79 38 61 21 184 800 59 36 27 69 39 37 25 24 20 51 26 22 114
internal_value=0.00251563 -0.00296738 -0.00772727 -0.00655989 0.00148058 -0.00275194 -0.000272727 -0.00414634 0.00433417 0.0036383 0.000733334 -0.00259162 -0.0100794 0.00109375 -0.00603896 -0.00869565 -0.005 -0.00972222 -0.0131818 -0.0077193 -0.010873 -0.0167391 0.00137306
internal_weight=3200 797 385 359 412 129 275 82 2403 1175 375 191 63 128 77 230 50 180 66 114 63 46 193
internal_count=3200 797 385 359 412 129 275 82 2403 1175 375 191 63 128 77 230 50 180 66 114 63 46 193
is_linear=0
shrinkage=0.05


Tree=29
num_leaves=24
num_cat=0
split_feature=0 5 5 2 5 5 2 14 5 2 3 5 14 5 5 5 5 0 0 5 2 14 14
split_gain=12.3997 6.37416 2.3306 1.08401 1.01692 0.825548 0.701265 0.507348 0.445813 0.753954 0.349052 0.373039 1.19011 0.863597 0.46965 0.298247 0.260972 0.260216 1.09162 0.954595 0.873207 0.56071 0.971264
threshold=1.5000000000000002 1.0049845388926539 1.3206071419525591 2028.0000000000002 0.82195999164969125 1.0829148831568554 2032.5000000000002 50347.609296789677 1.3206071419525591 2032.5000000000002 1.0000000180025095e-35 1.13588926251181 37529.664554630108 1.0847078486973174 1.044047398982596 0.91131576306078255 0.98253607812121191 4.5000000000000009 5.5000000000000009 1.0091626165117489 2028.0000000000002 16013.768421244518 65411.333608150933
decision_type=2 2 2 2 2 2 2 2 2 2 2 2 2 2 2 2 2 2 2 2 2 2 2
left_child=1 4 3 5 -1 -3 15 -8 17 -10 11 13 -13 14 -5 -6 -17 -2 19 -19 -21 -22 -23
right_child=8 2 -4 10 6 -7 7 -9 9 -11 -12 12 -14 -15 -16 16 -18 18 -20 20 21 22 -24
leaf_value=2.1329680074630337 15.712443885789964 0.33458075620877459 -4.9870551149377205 -0.66017103008926936 1.3078160104711252 -0.78966872943728128 -0.068959196087056904 -0.83058379057360543 2.8251846298386853 -1.7582919304307532 -1.4120116054674412 -1.5677869200227117 -3.367036738799523 -0.48985589642053995 -2.0295291019536297 -0.048848162354530461 0.61591237870476245 1.3044470732263969 7.7093861480864581 0.96697253739429423 -0.78893604488019409 0.10562559682000222 -1.7379673617829221
leaf_weight=137 1188 52 26 25 79 77 50 32 55 27 71 35 30 41 28 81 33 184 773 57 32 58 29
leaf_count=137 1188 52 26 25 79 77 50 32 55 27 71 35 30 41 28 81 33 184 773 57 32 58 29
internal_value=0.0025625 -0.00284191 -0.00746753 -0.00642061 0.00148058 -0.00275194 -0.000272727 -0.00414634 0.00435497 0.000731707 -0.00847826 -0.00977987 -0.0126923 -0.00776596 -0.0119811 0.00137306 -0.000263158 0.00448298 0.00394087 0.00166667 -0.000965909 -0.00340336 -0.00132184
internal_weight=3200 797 385 359 412 129 275 82 2403 82 230 159 65 94 53 193 114 2321 1133 360 176 119 87
internal_count=3200 797 385 359 412 129 275 82 2403 82 230 159 65 94 53 193 114 2321 1133 360 176 119 87
is_linear=0
shrinkage=0.05


Tree=30
num_leaves=24
num_cat=0
split_feature=0 5 5 5 2 5 2 9 5 2 5 9 3 9 5 14 14 9 14 14 14 5 0
split_gain=13.1293 6.03305 2.3306 0.947502 0.86706 0.642334 0.636978 0.638611 0.46653 0.753954 0.367286 0.354041 0.298929 0.415249 0.59638 0.915318 0.389694 0.281316 0.477513 0.232759 0.22229 0.259259 0.180706
threshold=1.5000000000000002 1.0049845388926539 1.3206071419525591 0.82195999164969125 2028.0000000000002 1.0829148831568554 2032.5000000000002 64900.107502304374 1.3206071419525591 2032.5000000000002 0.91131576306078255 43008.245330171703 1.0000000180025095e-35 28005.996473395364 1.1475644911162104 31832.863780073301 38338.242606052641 47921.525774488982 64825.168759174216 66976.985041961481 58536.387180001017 1.1109203529368898 4.5000000000000009
decision_type=2 2 2 2 2 2 2 2 2 2 2 2 2 2 2 2 2 2 2 2 2 2 2
left_child=1 3 4 -1 5 -3 10 -8 22 -10 -5 -7 13 -6 15 -15 -16 -12 -19 -17 21 -14 -2
right_child=8 2 -4 6 12 11 7 -9 9 -11 17 -13 20 14 16 19 -18 18 -20 -21 -22 -23 -24
leaf_value=2.0263196070898819 14.926821691500468 0.31785171839833626 -4.7377023591908367 1.2424252099475688 -0.64146412305276079 -1.0141589705591529 -0.090552168386767481 -0.794815584485699 2.6839253983467519 -1.6703773339092132 0.032505376648419529 -0.12339278805319343 -1.6453193709061793 -1.6871314969968285 -1.7341097455502059 0.043170137285754077 -3.2136631028985785 -0.079642255647713225 0.44329680797796656 -0.46536310841077011 -0.24498786574394088 -0.98307804046509506 1.8882962674171502
leaf_weight=137 1188 52 26 79 32 38 61 21 55 27 51 39 21 34 23 22 27 27 36 21 23 27 1133
leaf_count=137 1188 52 26 79 32 38 61 21 55 27 51 39 21 34 23 22 27 27 36 21 23 27 1133
internal_value=0.00259375 -0.00296738 -0.00746753 0.00123786 -0.00642061 -0.00313953 -0.000454545 -0.00414634 0.0044382 0.000731707 0.00111399 -0.00603896 -0.00826087 -0.00946541 -0.010748 -0.00798701 -0.015 -0.000701754 -0.00293651 -0.00313953 -0.00556338 -0.0075 0.00456915
internal_weight=3200 797 385 412 359 129 275 82 2403 82 193 77 230 159 127 77 50 114 63 43 71 48 2321
internal_count=3200 797 385 412 359 129 275 82 2403 82 193 77 230 159 127 77 50 114 63 43 71 48 2321
is_linear=0
shrinkage=0.05


Tree=31
num_leaves=24
num_cat=0
split_feature=0 5 5 5 0 0 5 5 5 5 14 5 1 14 14 14 9 14 9 5 5 4 14
split_gain=11.9722 5.84277 2.41511 0.881015 0.502764 2.09884 2.21464 1.1543 0.499538 0.656604 0.618904 0.574492 0.45873 0.425366 0.664866 0.425042 0.352167 0.836185 0.344309 0.317647 0.476471 0.367155 0.379397
threshold=1.5000000000000002 1.0049845388926539 1.3206071419525591 0.82195999164969125 4.5000000000000009 5.5000000000000009 1.2707031396532262 1.0091626165117489 1.1529110819857518 1.2360560202717819 30502.825107287932 1.0250899880241056 1.0000000180025095e-35 65411.333608150933 87556.054402338064 16013.768421244518 81076.417220917836 86855.933438378721 35905.365529087969 1.1201071056310488 1.044047398982596 1.0000000180025095e-35 29608.016072825212
decision_type=2 2 2 2 2 2 2 2 2 2 2 2 2 2 2 2 2 2 2 2 2 2 2
left_child=1 3 8 -1 -2 6 7 -6 11 10 18 -3 -11 15 -15 -9 -5 -18 -10 20 -13 22 -22
right_child=4 2 -4 16 5 -7 -8 13 9 12 -12 19 -14 14 -16 -17 17 -19 -20 -21 21 -23 -24
leaf_value=1.9250036267353883 14.110762584951155 -1.1396807362573425 -4.5008172412312941 0.0217115337342965 1.1448099061942181 7.1125148430701124 -1.6830408593338753 -0.62897371138754687 -1.1353453555556674 -2.4979124626910676 -2.9599774152683453 0.59788793085702174 0.116840781583673 -1.9597257020350467 0.46341904382302135 0.1379734360102681 -0.68904897717367719 0.52524081822823099 -0.22367094346332306 0.056698475376632113 -1.6928469156607193 -0.46049125909663896 -0.59154025052318815
leaf_weight=137 1228 31 26 218 184 800 23 44 21 21 38 34 24 20 21 83 26 31 20 34 32 42 62
leaf_count=137 1228 31 26 218 184 800 23 44 21 21 38 34 24 20 21 83 26 31 20 34 32 42 62
internal_value=0.00253125 -0.00277917 -0.00720779 0.00135922 0.00429255 0.00355319 0.000466667 0.00144886 -0.00614206 -0.00870968 -0.0114557 -0.00478723 -0.00388889 -0.00154762 -0.00597561 -0.00011811 -0.000272727 -0.00377193 -0.00719512 -0.00382353 -0.00470588 -0.00602941 -0.00776596
internal_weight=3200 797 385 412 2403 1175 375 352 359 124 79 235 45 168 41 127 275 57 41 204 170 136 94
internal_count=3200 797 385 412 2403 1175 375 352 359 124 79 235 45 168 41 127 275 57 41 204 170 136 94
is_linear=0
shrinkage=0.05


Tree=32
num_leaves=24
num_cat=0
split_feature=5 5 2 2 5 14 5 14 9 9 2 14 14 5 2 5 5 9 5 9 14 14 9
split_gain=2.84564 1.55481 1.62195 0.533984 0.310043 0.621748 0.276315 0.261014 0.294075 0.357163 0.285682 0.376399 0.368897 0.231297 0.287061 0.231033 0.217044 0.26782 0.338944 0.265809 0.407396 0.678273 0.245098
threshold=1.0091626165117489 1.3206071419525591 2032.5000000000002 2028.0000000000002 1.0250899880241056 30870.789428634398 1.4048979785844435 109035.99967751505 28005.996473395364 30065.605245205828 2032.5000000000002 5852.0679260692568 30870.789428634398 0.81979589338874315 2028.0000000000002 1.0361395693305118 1.0522115554879969 103889.19385721358 1.1247139233445755 85577.895069765436 64825.168759174216 74647.285976586296 49793.364381774642
decision_type=2 2 2 2 2 2 2 2 2 2 2 2 2 2 2 2 2 2 2 2 2 2 2
left_child=13 3 6 -2 5 -5 -3 8 10 -10 -6 -12 -13 -1 -15 -11 22 19 -19 20 -18 -22 -17
right_child=1 2 -4 4 7 -7 -8 -9 9 15 11 12 -14 14 -16 16 17 18 -20 -21 21 -23 -24
leaf_value=4.2123370664290061 0.86906854375620979 1.9260031219018143 -3.3632596214904753 -0.7476770719226572 1.2211987201766275 3.3158029885691058 -2.0005652150791104 0.86804773076717856 -0.99051610773479037 2.162603967226572 -0.19308503956662718 1.030041179893058 -0.46788357402787428 2.8429579217013918 0.87100700142900256 0.50564492727940136 0.22190222807133578 0.49081049072328131 -1.5983454300053903 1.1744673600365318 -2.0349127364636259 0.86813649056003461 -0.71028485389942719
leaf_weight=533 471 47 35 32 114 35 26 62 23 27 34 51 28 391 753 24 309 26 25 58 29 40 27
leaf_count=533 471 47 35 32 114 35 26 62 23 27 34 51 28 391 753 24 309 26 25 58 29 40 27
internal_value=0.002625 0.00106041 -0.00472222 0.00150177 0.000815678 -0.00246269 -0.000479452 0.00106613 0.000828221 0.000238095 0.00235683 0.000575221 0.00246835 0.00404592 0.0036451 0.000486726 0.000260223 0.000585216 -0.00284314 0.000986239 0.000502646 -0.00297101 -0.00284314
internal_weight=3200 1523 108 1415 944 67 73 877 815 588 227 113 79 1677 1144 565 538 487 51 436 378 69 51
internal_count=3200 1523 108 1415 944 67 73 877 815 588 227 113 79 1677 1144 565 538 487 51 436 378 69 51
is_linear=0
shrinkage=0.05


Tree=33
num_leaves=24
num_cat=0
split_feature=0 5 5 2 5 5 2 5 9 9 5 5 14 9 5 14 14 5 9 0 0 5 2
split_gain=13.6553 4.91098 2.1005 1.35035 0.727106 0.659424 0.89016 0.587778 0.536169 0.977778 0.580891 0.632675 0.739295 0.500561 0.477524 0.533237 0.780537 0.51948 0.681818 0.445355 1.85918 1.461 1.43496
threshold=1.5000000000000002 0.93494121085454296 1.3206071419525591 2028.0000000000002 1.0829148831568554 0.81979589338874315 2032.5000000000002 0.87920273278234984 28005.996473395364 18157.078817137259 1.1529110819857518 1.2517075098283645 38338.242606052641 43008.245330171703 1.0829148831568554 51804.61238871418 84711.753819499019 1.0361395693305118 43620.397484852467 4.5000000000000009 5.5000000000000009 1.0091626165117489 2028.0000000000002
decision_type=2 2 2 2 2 2 2 2 2 2 2 2 2 2 2 2 2 2 2 2 2 2 2
left_child=1 5 3 4 -3 -1 -7 -8 9 -5 14 12 -12 -6 15 17 -17 18 -10 -2 21 -21 -23
right_child=19 2 -4 8 13 6 7 -9 10 -11 11 -13 -14 -15 -16 16 -18 -19 -20 20 -22 22 -24
leaf_value=1.6966908448798161 13.273027376172633 0.32636797971885351 -4.1416807557172755 -1.1270049350031655 -0.96467692872104616 0.81164005988957877 -0.63360018672706597 -0.012476040366307912 -1.382279425484217 0.43216941943952591 -1.2935269528645295 -1.8549715941671998 -2.8221867948033026 -0.13241005285542237 -0.73537568887036686 0.64946909782309081 -0.58353251057131117 -1.6347038819196069 0.024353414938936571 1.0440190608130571 6.7034703845784938 0.79434393647772816 -0.82233682167977096
leaf_weight=132 1228 92 26 30 38 109 20 25 33 36 24 20 22 39 51 27 29 22 22 184 800 59 132
leaf_count=132 1228 92 26 30 38 109 20 25 33 36 24 20 22 39 51 27 29 22 22 184 800 59 132
internal_value=0.00245313 -0.00321832 -0.0061546 -0.00541237 -0.00180473 0.00202797 -0.000194805 -0.00611111 -0.00734177 -0.00333333 -0.0084 -0.0124242 -0.0156522 -0.00538961 -0.00695652 -0.00853383 -0.00482143 -0.0112338 -0.00863636 0.00433417 0.0036383 0.000733334 -0.00232984
internal_weight=3200 797 511 485 169 286 154 45 316 66 250 66 46 77 184 133 56 77 55 2403 1175 375 191
internal_count=3200 797 511 485 169 286 154 45 316 66 250 66 46 77 184 133 56 77 55 2403 1175 375 191
is_linear=0
shrinkage=0.05


Tree=34
num_leaves=24
num_cat=0
split_feature=0 5 5 5 2 2 5 2 5 5 5 14 9 9 2 5 5 14 5 14 2 9 14
split_gain=11.8296 4.84937 1.97636 0.954282 0.909216 0.763435 0.434227 0.548847 0.431321 0.383277 0.380952 0.482143 0.350527 0.332802 0.5 0.389181 0.590324 0.966307 0.510145 0.498188 0.289713 0.281316 0.477513
threshold=1.5000000000000002 1.0049845388926539 1.3206071419525591 0.81979589338874315 2028.0000000000002 2032.5000000000002 1.3442651910556107 2032.5000000000002 1.0829148831568554 0.91131576306078255 0.90257202809536718 41372.495196902099 43008.245330171703 28005.996473395364 2032.5000000000002 1.1529110819857518 1.0829148831568554 50663.257396250112 1.2517075098283645 38338.242606052641 2032.5000000000002 47921.525774488982 64825.168759174216
decision_type=2 2 2 2 2 2 2 2 2 2 2 2 2 2 2 2 2 2 2 2 2 2 2
left_child=1 3 4 -1 8 9 -2 -8 -3 -5 -7 -12 -10 14 -6 16 17 -15 19 -17 -18 -11 -23
right_child=6 2 -4 5 13 10 7 -9 12 21 11 -13 -14 15 -16 18 20 -19 -20 -21 -22 22 -24
leaf_value=1.6118563026358257 3.4236384802054092 0.27110907337573853 -3.9345967179314112 1.0797078071622355 0.53387980346680786 -0.60487843466523383 1.8755068630814424 -1.3543821426754046 -0.91644308228499516 0.055358152332042422 0.075540715364809732 -1.632036678480371 -0.12578955021264998 -1.4566718790550539 -1.442507937125221 -1.2288506052213011 -1.1246039390093536 -0.24532112591433075 -1.7622230144588409 -2.6810774550631371 0.11621314319009007 -0.2008085734259337 0.31073757360172993
leaf_weight=132 2339 52 26 82 25 28 41 23 38 51 32 24 39 37 25 24 26 26 20 22 25 27 36
leaf_count=132 2339 52 26 82 25 28 41 23 38 51 32 24 39 37 25 24 26 26 20 22 25 27 36
internal_value=0.002625 -0.0026537 -0.00668831 0.00111651 -0.00572423 -0.000535714 0.00437578 0.0003125 -0.00236434 0.00117347 -0.00452381 -0.00214286 -0.00474026 -0.0076087 -0.004 -0.00861111 -0.0068421 -0.0100794 -0.0116667 -0.0145652 -0.00284314 -0.000701754 -0.00293651
internal_weight=3200 797 385 412 359 280 2403 64 129 196 84 56 77 230 50 180 114 63 66 46 51 114 63
internal_count=3200 797 385 412 359 280 2403 64 129 196 84 56 77 230 50 180 114 63 66 46 51 114 63
is_linear=0
shrinkage=0.05


Tree=35
num_leaves=24
num_cat=0
split_feature=0 5 5 5 0 0 5 2 5 2 2 9 9 5 9 9 9 9 9 9 2 5 5
split_gain=11.0728 5.01209 1.93798 0.859433 0.842 3.51501 2.60545 1.096 1.37879 0.779787 0.697285 0.596964 0.608374 0.403968 0.390305 0.462842 0.4 0.361497 0.657071 0.332802 0.5 0.389181 0.590324
threshold=1.5000000000000002 1.0049845388926539 1.3206071419525591 0.81383194378367973 4.5000000000000009 5.5000000000000009 1.2414035514114392 2028.0000000000002 0.96142143104897726 2028.0000000000002 2032.5000000000002 37414.36234768069 85577.895069765436 0.91131576306078255 40589.682817316592 31175.651318285625 19556.42971141075 67212.836114304431 41317.917399757142 28005.996473395364 2032.5000000000002 1.1529110819857518 1.0829148831568554
decision_type=2 2 2 2 2 2 2 2 2 2 2 2 2 2 2 2 2 2 2 2 2 2 2
left_child=1 3 9 -1 -2 6 7 -6 -9 14 13 -10 -13 -5 15 16 -3 18 -12 20 -11 22 -21
right_child=4 2 -4 10 5 -7 -8 8 11 19 17 12 -14 -15 -16 -17 -18 -19 -20 21 -22 -23 -24
leaf_value=1.9903974191798643 12.438194083353729 -0.9290479084797032 -3.7378668820348402 0.99980453611233533 1.1591767682917946 6.1971149413392981 -1.317734444731689 0.63732188234554321 -0.10247669648115242 0.50718581329346835 -0.41344866857218848 -1.6228954816290753 -0.12070423957824324 -0.070718169271137513 0.00071710646903898616 -0.67445415489348604 0.96235733898058395 -0.73797694916585566 0.34858740295768237 -1.0480771807607505 -1.3703825402689587 -1.8635971729090437 -0.64237670747637987
leaf_weight=124 1228 20 26 86 108 800 30 107 62 25 47 41 27 114 68 21 20 20 21 63 25 66 51
leaf_count=124 1228 20 26 86 108 800 30 107 62 25 47 41 27 114 68 21 20 20 21 63 25 66 51
internal_value=0.00239063 -0.00271644 -0.00681818 0.00111651 0.00408448 0.00312766 -0.000866666 0.000362319 -0.00154008 -0.00586351 -0.000381944 -0.005 -0.00823529 0.00125 -0.00275194 -0.00565574 -0.0025 -0.00409091 -0.00235294 -0.0076087 -0.004 -0.00861111 -0.0068421
internal_weight=3200 797 385 412 2403 1175 375 345 237 359 288 130 68 200 129 61 40 88 68 230 50 180 114
internal_count=3200 797 385 412 2403 1175 375 345 237 359 288 130 68 200 129 61 40 88 68 230 50 180 114
is_linear=0
shrinkage=0.05


Tree=36
num_leaves=24
num_cat=0
split_feature=0 5 5 0 0 5 5 2 2 5 2 9 9 9 5 9 5 5 9 5 9 5 2
split_gain=10.3361 4.67893 2.05424 0.804162 3.35705 2.07078 0.992158 1.07533 0.764709 0.747551 0.765516 0.747336 0.608374 0.445217 0.431321 0.422777 0.418335 0.536373 0.545455 0.372871 0.350527 0.346818 0.32
threshold=1.5000000000000002 1.0049845388926539 1.3206071419525591 4.5000000000000009 5.5000000000000009 1.2414035514114392 0.96142143104897726 2028.0000000000002 2028.0000000000002 0.8059040640304328 2032.5000000000002 37414.36234768069 85577.895069765436 28005.996473395364 1.0829148831568554 35278.040632702847 1.2034268836810338 1.0829148831568554 57174.101197701391 0.87044406185646894 43008.245330171703 0.91131576306078255 2032.5000000000002
decision_type=2 2 2 2 2 2 2 2 2 2 2 2 2 2 2 2 2 2 2 2 2 2 2
left_child=1 9 8 -2 5 6 -5 -8 14 -1 21 -9 -13 22 -3 -15 17 18 -17 -12 -16 -11 -10
right_child=3 2 -4 4 -6 -7 7 11 13 10 19 12 -14 15 20 16 -18 -19 -20 -21 -22 -23 -24
leaf_value=2.0097233594219004 11.816284379186044 0.30400601513093312 -3.5509735379330984 1.0615887621991493 5.8872591942723336 -1.2518477224951019 0.55373425691624767 -0.097352861657093615 0.4818265226287925 0.96879110681356129 -0.3070063834283272 -1.5417507075476238 -0.11466902759933169 -0.88776066559035804 -0.83689822042606898 -1.3393790485934005 -2.2232211117491025 -0.68741857132166428 -0.45525637688539417 -0.54406015364689497 -0.1195359280254676 -0.067182260807581648 -1.3018634132555134
leaf_weight=119 1228 52 26 153 800 30 62 62 25 90 20 41 27 26 38 25 35 64 30 69 39 114 25
leaf_count=119 1228 52 26 153 800 30 62 62 25 90 20 41 27 26 38 25 35 64 30 69 39 114 25
internal_value=0.00246875 -0.0024655 -0.00642857 0.00410529 0.00317021 -0.000733333 0.000362319 -0.00203125 -0.00544568 0.00123786 -0.000119454 -0.00461538 -0.00823529 -0.00717391 -0.00236434 -0.00833333 -0.00733766 -0.00592437 -0.00954545 -0.00398876 -0.00474026 0.00156863 -0.003
internal_weight=3200 797 385 2403 1175 375 345 192 359 412 293 130 68 230 129 180 154 119 55 89 77 204 50
internal_count=3200 797 385 2403 1175 375 345 192 359 412 293 130 68 230 129 180 154 119 55 89 77 204 50
is_linear=0
shrinkage=0.05


Tree=37
num_leaves=24
num_cat=0
split_feature=5 5 2 5 2 5 2 14 14 9 14 1 9 5 14 9 9 5 14 14 14 9 14
split_gain=1.98403 1.21426 0.991263 0.362992 0.292133 0.276315 0.251423 0.409432 0.435825 0.315743 0.272817 0.585842 0.193326 0.439617 0.436862 0.277015 0.450149 0.394536 0.254341 0.256434 0.787794 0.8896 0.521251
threshold=1.0032139549102579 1.3206071419525591 2032.5000000000002 0.87497822591249685 2028.0000000000002 1.4048979785844435 2028.0000000000002 47786.98511459992 51804.61238871418 57174.101197701391 105752.66853113325 1.0000000180025095e-35 28005.996473395364 1.0230214602660179 16013.768421244518 63819.959179999823 31939.943116517414 1.081709612591615 20437.714070413018 74647.285976586296 64825.168759174216 88738.823901791926 47786.98511459992
decision_type=2 2 2 2 2 2 2 2 2 2 2 2 2 2 2 2 2 2 2 2 2 2 2
left_child=3 4 5 -1 -2 -3 -5 -8 -9 -10 11 -11 13 -6 15 16 -14 -18 -16 20 22 -22 -20
right_child=1 2 -4 6 12 -7 7 8 9 10 -12 -13 14 -15 18 -17 17 -19 19 -21 21 -23 -24
leaf_value=2.9059164127949981 0.74170345451684094 1.905523572097982 -2.4268407457351189 2.565209250828699 -0.84756095802635567 -1.478498680536668 0.83723416048617794 -0.55990465063716754 1.1001924487743087 1.1107143696648223 1.392624729554647 -0.30139895553363777 -0.36908664183909423 0.63686984019188331 1.0239960280130382 -1.4557704334000823 -1.248576220378212 1.7839971300078661 -0.042442095081432207 0.87472215661946962 -1.7028097594700193 1.1545124114601044 0.96991426229953559
leaf_weight=806 480 47 35 282 21 26 322 31 53 59 56 29 20 229 43 20 21 43 233 184 32 21 107
leaf_count=806 480 47 35 282 21 26 322 31 53 59 56 29 20 229 43 20 21 43 233 184 32 21 107
internal_value=0.00259375 0.00131882 -0.0037963 0.00380952 0.00169876 -0.000479452 0.00307692 0.00245455 0.000833334 0.00170051 0.000486111 -0.00125 0.00120123 0.0024 0.000787293 -0.00221154 -0.000952381 0.00109375 0.00129032 0.00101386 0.000292621 -0.00537736 0.00117647
internal_weight=3200 1562 108 1638 1454 73 832 550 228 197 144 88 974 250 724 104 84 64 620 577 393 53 340
internal_count=3200 1562 108 1638 1454 73 832 550 228 197 144 88 974 250 724 104 84 64 620 577 393 53 340
is_linear=0
shrinkage=0.05


Tree=38
num_leaves=24
num_cat=0
split_feature=0 5 5 5 2 0 0 5 2 5 14 14 14 2 9 14 9 5 14 14 2 14 9
split_gain=10.667 3.94846 2.13362 0.919302 0.785369 0.731096 3.05203 1.33394 1.43535 0.652084 0.720504 0.59514 1.0206 0.469808 0.522512 0.445355 0.45614 0.58958 0.45406 0.579545 0.512121 0.405243 0.456445
threshold=1.5000000000000002 1.0049845388926539 1.3206071419525591 0.8059040640304328 2032.5000000000002 4.5000000000000009 5.5000000000000009 0.87920273278234984 2028.0000000000002 0.87044406185646894 41372.495196902099 47786.98511459992 4922.091908019037 2028.0000000000002 28005.996473395364 47786.98511459992 67958.653674776302 1.0980897564204353 29934.842015075606 10599.099790861763 2032.5000000000002 37874.887825184371 41317.917399757142
decision_type=2 2 2 2 2 2 2 2 2 2 2 2 2 2 2 2 2 2 2 2 2 2 2
left_child=1 3 13 -1 -5 -2 7 -7 -9 -6 -11 12 -10 21 -15 18 -17 -18 19 -16 -21 22 -3
right_child=5 2 -4 4 9 6 -8 8 11 10 -12 -13 -14 14 15 16 17 -19 -20 20 -22 -23 -24
leaf_value=1.7639413708110536 11.106168663193316 -0.75087877595245578 -3.2757913736132225 0.23943552331049978 -0.43695188489666326 2.8613568293185461 5.5630024530998838 0.59508681597699653 -0.87406781192344418 0.037604690257804413 -0.74193902749612051 -1.0415909547956859 -0.013191434589142731 -0.84143958675680719 -1.2829166558141001 0.052808471282846041 -0.012618131883784535 -1.6336420560376324 -2.1520419164666262 -1.1472341442837657 0.38959465210895999 0.011740774153522194 0.11783401772582654
leaf_weight=119 1228 45 26 204 20 86 800 87 24 38 31 73 105 50 24 24 23 29 36 20 24 62 22
leaf_count=119 1228 45 26 204 20 86 800 87 24 38 31 73 105 50 24 24 23 29 36 20 24 62 22
internal_value=0.00248438 -0.00252823 -0.00616883 0.000873787 -0.000631399 0.0041469 0.00325532 -0.000466666 -0.00209343 -0.00455056 -0.00224638 -0.00440594 -0.00236434 -0.00516713 -0.00652174 -0.00777778 -0.00486842 -0.0075 -0.00990385 -0.0075 -0.00409091 -0.00275194 -0.00544776
internal_weight=3200 797 385 412 293 2403 1175 375 289 89 69 202 129 359 230 180 76 52 104 68 44 129 67
internal_count=3200 797 385 412 293 2403 1175 375 289 89 69 202 129 359 230 180 76 52 104 68 44 129 67
is_linear=0
shrinkage=0.05


Tree=39
num_leaves=24
num_cat=0
split_feature=0 5 5 5 2 0 0 5 5 2 5 14 2 9 14 5 14 14 14 2 5 14 14
split_gain=10.5996 3.53269 2.21451 0.980495 0.718465 0.661509 2.76153 1.2527 0.866208 0.978974 0.652084 0.720504 0.513189 0.473478 0.569332 0.473684 0.458797 0.45406 0.579545 0.512121 0.431321 0.407677 0.403333
threshold=1.5000000000000002 1.0049845388926539 1.3206071419525591 0.8059040640304328 2032.5000000000002 4.5000000000000009 5.5000000000000009 1.2414035514114392 0.87920273278234984 2028.0000000000002 0.87044406185646894 41372.495196902099 2028.0000000000002 28005.996473395364 47786.98511459992 1.1079439466420364 5418.2681822640598 29934.842015075606 10599.099790861763 2032.5000000000002 1.0829148831568554 47786.98511459992 22152.002505164677
decision_type=2 2 2 2 2 2 2 2 2 2 2 2 2 2 2 2 2 2 2 2 2 2 2
left_child=1 3 12 -1 -5 -2 7 8 -7 -10 -6 -12 20 22 17 -16 -11 18 -15 -20 -3 -18 -14
right_child=5 2 -4 4 10 6 -8 -9 9 16 11 -13 13 14 15 -17 21 -19 19 -21 -22 -23 -24
leaf_value=1.6757443022705016 10.550860230033649 0.25494660358920079 -3.1120018049325635 0.22746374714497597 -0.41510429065183108 2.7182889878526191 5.2848523304448891 -1.0257248241287729 0.58951407177538673 -0.77054179613193585 0.035724455744914001 -0.70484207612131689 0.21577922268514854 -1.218770823023394 -0.015405526728771563 -1.5610830196103636 0.012551501633950402 -2.0444398206432961 -1.0898724370695785 0.370114919503513 -0.56265762241479 -0.46264684230683301 -1.3443273590869653
leaf_weight=119 1228 52 26 204 20 86 800 30 81 20 38 31 30 24 38 38 93 36 20 24 77 65 20
leaf_count=119 1228 52 26 204 20 86 800 30 81 20 38 31 30 24 38 38 93 36 20 24 77 65 20
internal_value=0.00253125 -0.0024655 -0.00590909 0.000752427 -0.000802048 0.00418851 0.00334043 -0.0002 0.000652174 -0.000791506 -0.00455056 -0.00224638 -0.00488858 -0.00630435 -0.0075 -0.00421053 -0.00286517 -0.00990385 -0.0075 -0.00409091 -0.00236434 -0.00196203 -0.002
internal_weight=3200 797 385 412 293 2403 1175 375 345 259 89 69 359 230 180 76 178 104 68 44 129 158 50
internal_count=3200 797 385 412 293 2403 1175 375 345 259 89 69 359 230 180 76 178 104 68 44 129 158 50
is_linear=0
shrinkage=0.05


Tree=40
num_leaves=24
num_cat=0
split_feature=0 5 5 2 0 0 5 5 2 2 5 5 9 14 14 14 9 9 14 14 5 14 14
split_gain=10.5334 3.34542 2.57663 0.80978 0.695868 2.69555 1.2527 0.866208 0.978974 0.508757 1.08586 0.587778 0.503221 0.586682 0.966231 0.690104 0.502332 0.50166 0.474677 0.674397 0.627102 0.463773 0.470659
threshold=1.5000000000000002 0.91131576306078255 1.3206071419525591 2028.0000000000002 4.5000000000000009 5.5000000000000009 1.2414035514114392 0.87920273278234984 2028.0000000000002 2032.5000000000002 0.78373573599831148 0.84148837644085916 28005.996473395364 109035.99967751505 84711.753819499019 65411.333608150933 18157.078817137259 18404.674544820617 19394.993833763034 31164.350195902003 1.106236014274024 10599.099790861763 30502.825107287932
decision_type=2 2 2 2 2 2 2 2 2 2 2 2 2 2 2 2 2 2 2 2 2 2 2
left_child=1 9 3 16 -2 6 7 -6 -9 -1 -11 -12 17 14 15 21 -3 -5 -18 -20 -21 -14 -23
right_child=4 2 -4 12 5 -7 -8 8 -10 10 11 -13 13 -15 -16 -17 18 -19 19 20 -22 22 -24
leaf_value=1.142344756819246 10.023317218531966 -0.73873727884090123 -2.9564017146859354 -0.77989924202512373 2.582374538459987 5.0206097139226449 -0.9744385829223321 0.56003836818661679 -0.15822978388302028 1.7102733139159036 -0.40445246810742064 -0.24642333627400936 -1.0610630345060408 0.10002644155203577 -1.6336701460912733 0.058354708898315601 0.91576492568423928 0.62076449522279853 -0.52635948737237415 0.33265560073353961 -0.52650288312888915 -0.40114101079735276 -1.2507734416685545
leaf_weight=159 1228 23 26 37 86 800 30 81 178 43 20 25 31 25 26 34 35 38 20 68 33 69 85
leaf_count=159 1228 23 26 37 86 800 30 81 178 43 20 25 31 25 26 34 35 38 20 68 33 69 85
internal_value=0.00251563 -0.0024655 -0.00463636 -0.00387405 0.00416771 0.00329787 -0.0002 0.000652174 -0.000791506 0.00236842 -0.000681818 -0.00611111 -0.00528985 -0.0062963 -0.00704082 -0.0059589 -0.00114525 -0.00166667 -0.000128205 -0.00161157 4.95051e-05 -0.00716216 -0.00603896
internal_weight=3200 797 550 524 2403 1175 375 345 259 247 88 45 345 270 245 219 179 75 156 121 101 185 154
internal_count=3200 797 550 524 2403 1175 375 345 259 247 88 45 345 270 245 219 179 75 156 121 101 185 154
is_linear=0
shrinkage=0.05


Tree=41
num_leaves=24
num_cat=0
split_feature=0 5 5 5 2 5 0 0 5 2 5 14 2 14 5 5 14 14 9 14 4 5 9
split_gain=9.18486 3.36979 1.79531 0.80283 0.699482 0.747509 0.695868 2.69555 1.20698 1.25631 0.655319 0.511995 0.465571 0.665182 0.589804 0.736686 0.48901 0.458797 0.452712 0.407677 0.387578 0.438312 0.280599
threshold=1.5000000000000002 1.0049845388926539 1.3206071419525591 0.8059040640304328 2032.5000000000002 0.87044406185646894 4.5000000000000009 5.5000000000000009 0.87920273278234984 2028.0000000000002 1.2414035514114392 41372.495196902099 2032.5000000000002 93701.059525829041 1.0847078486973174 1.1475644911162104 48132.733345805296 5418.2681822640598 46554.133783376456 47786.98511459992 1.0000000180025095e-35 1.0909807188221152 47921.525774488982
decision_type=2 2 2 2 2 2 2 2 2 2 2 2 2 2 2 2 2 2 2 2 2 2 2
left_child=1 3 12 -1 22 -6 -2 8 -8 -10 17 -7 13 16 -14 -16 -3 -11 -17 -19 21 -21 -5
right_child=6 2 -4 4 5 11 7 -9 9 10 -12 -13 14 -15 15 18 -18 19 -20 20 -22 -23 -24
leaf_value=1.5121227020390995 9.5221513576053685 -0.50820389190507997 -2.8085816289516372 0.40509024899998219 -0.37491659814932876 0.056046319611858048 2.4532558115369874 4.7695792282265126 0.50785485318004764 -0.72410321713118897 -0.95300683211939219 -0.65727880240081427 -1.1260415131830754 -0.44789815490716267 0.27846157641149788 -0.7469750495861639 0.15266423653584227 0.019835415746405086 -2.1468983395598782 0.35088452451527935 -0.52479353767585468 -1.5946784897421455 -0.076422314764679228
leaf_weight=119 1228 157 26 92 20 38 86 800 87 20 24 31 34 25 29 27 66 93 21 22 23 20 112
leaf_count=119 1228 157 26 92 20 38 86 800 87 20 24 31 34 25 29 27 66 93 21 22 23 20 112
internal_value=0.002625 -0.00202635 -0.00538961 0.00111651 -0.000290102 -0.00398876 0.00416771 0.00329787 -0.0002 -0.0017474 -0.00391089 -0.00152174 -0.00447075 -0.00326613 -0.00716216 -0.00474026 -0.0023991 -0.00286517 -0.00854167 -0.00196203 -0.005 -0.00214286 0.00132353
internal_weight=3200 797 385 412 293 89 2403 1175 375 289 202 69 359 248 111 77 223 178 48 158 65 42 204
internal_count=3200 797 385 412 293 89 2403 1175 375 289 202 69 359 248 111 77 223 178 48 158 65 42 204
is_linear=0
shrinkage=0.05


Tree=42
num_leaves=24
num_cat=0
split_feature=5 5 2 5 2 9 14 9 14 9 9 14 9 9 10 9 9 14 2 14 9 14 4
split_gain=1.64526 0.890835 0.85245 0.325336 0.299616 0.309226 0.263749 0.201199 0.355794 0.207066 0.389402 0.183701 0.349319 0.491228 0.466667 0.288459 0.202149 0.173077 0.153197 0.20919 0.244786 0.671485 0.494792
threshold=1.0032139549102579 1.3206071419525591 2032.5000000000002 0.8059040640304328 2032.5000000000002 11428.034725753316 70803.810137449953 84088.4117703066 91177.606938724857 44456.06170097844 40833.662568700725 5418.2681822640598 18157.078817137259 13822.691992603677 1.0000000180025095e-35 39775.067739720187 53587.573669308527 22461.179490210492 2028.0000000000002 109035.99967751505 68403.802496331889 35515.609064843047 1.0000000180025095e-35
decision_type=2 2 2 2 2 2 2 2 2 2 2 2 2 2 2 2 2 2 2 2 2 2 2
left_child=3 11 6 -1 -5 -6 17 9 -9 10 -7 12 13 14 -2 -14 -17 -3 -13 20 -20 -22 -23
right_child=1 2 -4 4 5 7 -8 8 -10 -11 -12 18 15 -15 -16 16 -18 -19 19 -21 21 22 -24
leaf_value=3.3695926092747195 1.6235685153266872 0.28018388695674973 -1.8042538375289423 1.645245833314168 -0.060622313483154215 0.74058393765025099 -1.5343245482615209 -0.42976274897574901 1.3288636162935232 0.8603837939350113 -0.19494758240176047 0.88349935221675979 1.4445217333725595 -0.49568720066978217 -0.68789805627462952 -1.1208414664389044 1.0439413279670073 1.7715810777885428 0.3723993489497297 1.019562602879291 -0.58602661536594935 -0.068137230286893766 1.3085988784614857
leaf_weight=468 28 26 35 801 24 152 21 36 37 98 22 416 66 28 20 21 20 26 564 70 29 135 57
leaf_count=468 28 26 35 801 24 152 21 36 37 98 22 416 66 28 20 21 20 26 564 70 29 135 57
internal_value=0.00267188 0.00151088 -0.00287037 0.003779 0.00333333 0.00215447 0.00020548 0.00253623 0.00020548 0.00316176 0.00212644 0.00183631 0.000355191 -0.00223684 0.000833334 0.00219626 -0.00109756 0.00211538 0.00204957 0.00166667 0.00143312 2.26246e-05 0.00109375
internal_weight=3200 1562 108 1638 1170 369 73 345 73 272 174 1454 183 76 48 107 41 52 1271 855 785 221 192
internal_count=3200 1562 108 1638 1170 369 73 345 73 272 174 1454 183 76 48 107 41 52 1271 855 785 221 192
is_linear=0
shrinkage=0.05


Tree=43
num_leaves=24
num_cat=0
split_feature=0 5 5 2 5 0 0 5 2 14 14 2 9 14 14 5 9 14 9 9 14 14 14
split_gain=10.3351 2.72951 1.51743 0.782036 1.07578 0.695868 2.69555 1.2512 1.04714 0.629773 0.937662 0.602636 0.462474 0.497029 0.867778 0.627102 0.425926 0.650801 0.50166 0.420779 0.407683 0.969292 0.552632
threshold=1.5000000000000002 0.91131576306078255 1.3206071419525591 2032.5000000000002 0.78373573599831148 4.5000000000000009 5.5000000000000009 1.0032139549102579 2028.0000000000002 8538.6571417766754 65411.333608150933 2028.0000000000002 18157.078817137259 19140.014122071585 31164.350195902003 1.106236014274024 28005.996473395364 10599.099790861763 18404.674544820617 29714.669287288703 109035.99967751505 85286.644700164819 58087.108029988573
decision_type=2 2 2 2 2 2 2 2 2 2 2 2 2 2 2 2 2 2 2 2 2 2 2
left_child=1 3 11 -1 -5 -2 7 -7 -9 -10 19 12 -3 -14 -15 -16 18 -18 -13 -11 21 22 -19
right_child=5 2 -4 4 -6 6 -8 8 9 10 -12 16 13 14 15 -17 17 20 -20 -21 -22 -23 -24
leaf_value=1.0019712230814899 8.9767386847139399 -0.68214813702527632 -2.5820522940943471 1.3806738826544185 -0.35909713320035364 0.75599981845920472 4.5106825065372247 0.21427693549503701 -0.72600132163876885 0.12318599853341175 -1.4829789477963602 -0.73422761598395969 0.89913903045708088 -0.49297343806459992 0.28406279670419449 -0.52555119484807333 -0.89566573798457394 -0.87222578457615763 0.60845505549347412 -0.14031025507004641 0.045559717162861592 -1.5446567837908078 -0.010441401849075969
leaf_weight=159 1228 23 26 43 45 181 800 60 22 22 35 37 33 22 68 33 31 133 38 55 25 25 56
leaf_count=159 1228 23 26 43 45 181 800 60 22 22 35 37 33 22 68 33 31 133 38 55 25 25 56
internal_value=0.00253125 -0.00240276 -0.00436364 0.00196356 -0.00181818 0.00416771 0.00329787 -0.0002 -0.00298969 -0.00544776 -0.00392857 -0.00377863 -0.00142458 -0.000448718 -0.00191057 4.95051e-05 -0.005 -0.00592593 -0.00166667 -0.000844156 -0.00504184 -0.00574766 -0.00452381
internal_weight=3200 797 550 247 88 2403 1175 375 194 134 112 524 179 156 123 101 345 270 75 77 239 214 189
internal_count=3200 797 550 247 88 2403 1175 375 194 134 112 524 179 156 123 101 345 270 75 77 239 214 189
is_linear=0
shrinkage=0.05


Tree=44
num_leaves=24
num_cat=0
split_feature=0 5 5 2 5 0 0 5 2 5 2 9 5 5 0 9 5 9 5 5 9 9 9
split_gain=9.68706 2.66919 1.58844 0.638081 0.870478 0.628021 2.23206 1.02843 1.01011 0.587778 0.464982 0.487246 0.525952 0.515714 0.515455 0.462474 0.44833 0.42 0.379725 0.575482 0.76407 0.461814 0.32023
threshold=1.5000000000000002 0.91131576306078255 1.3206071419525591 2032.5000000000002 0.78373573599831148 4.5000000000000009 5.5000000000000009 0.87920273278234984 2028.0000000000002 0.84148837644085916 2028.0000000000002 28005.996473395364 1.1475644911162104 1.2517075098283645 1.0000000180025095e-35 18157.078817137259 1.2414035514114392 18157.078817137259 1.0829148831568554 1.044047398982596 90697.026570036673 67958.653674776302 52040.264737262376
decision_type=2 2 2 2 2 2 2 2 2 2 2 2 2 2 2 2 2 2 2 2 2 2 2
left_child=1 3 10 -1 -5 -2 7 -7 -9 -6 15 17 18 14 -14 -3 -10 -12 19 20 21 22 -13
right_child=5 2 -4 4 9 6 -8 8 16 -11 11 12 13 -15 -16 -17 -18 -19 -20 -21 -22 -23 -24
leaf_value=0.95187266192741427 8.5279017504782413 -0.64804073017401376 -2.4529496793896324 1.3116401885216966 -0.37870662324070065 2.241056837463014 4.2851483812103641 0.45414752303898381 -0.16651959932935015 -0.19946867477250008 -0.75558448061819306 -0.57517586766957374 -0.67364294092421362 -1.1847779323988115 -2.1181614362252876 -0.045663928626058649 -0.78798825319173715 0.47534492309444681 -0.10425509196857885 -0.94964399972962321 0.3600290161064717 -0.42983916360266888 0.21445073118970548
leaf_weight=159 1228 23 26 43 20 86 800 87 178 25 35 59 28 20 22 156 24 40 47 30 20 20 24
leaf_count=159 1228 23 26 43 20 86 800 87 178 25 35 59 28 20 22 156 24 40 47 30 20 20 24
internal_value=0.002625 -0.00215182 -0.00409091 0.00216599 -0.00125 0.00420932 0.00338298 0.0002 -0.00122837 -0.00611111 -0.00349237 -0.00456522 -0.00555556 -0.00928571 -0.012 -0.00142458 -0.00316832 -0.001 -0.00425 -0.00545752 -0.00394309 -0.00567961 -0.00403614
internal_weight=3200 797 550 247 88 2403 1175 375 289 45 524 345 270 70 50 179 202 75 200 153 123 103 83
internal_count=3200 797 550 247 88 2403 1175 375 289 45 524 345 270 70 50 179 202 75 200 153 123 103 83
is_linear=0
shrinkage=0.05


Tree=45
num_leaves=24
num_cat=0
split_feature=0 5 5 0 0 5 2 14 9 2 5 5 14 14 2 9 14 14 5 9 5 9 14
split_gain=9.24667 2.19758 1.19412 0.661509 2.3612 1.08636 0.837973 0.786813 0.779684 0.555433 0.870478 0.587778 0.371625 0.37037 0.362993 0.462474 0.497029 0.867778 0.627102 0.461367 0.661765 0.581828 0.48
threshold=1.5000000000000002 0.90950991201765119 1.3206071419525591 4.5000000000000009 5.5000000000000009 0.87920273278234984 2028.0000000000002 4922.091908019037 71049.084671081349 2032.5000000000002 0.78373573599831148 0.84148837644085916 32901.187749280856 75779.94635214952 2028.0000000000002 18157.078817137259 19140.014122071585 31164.350195902003 1.106236014274024 34611.944731937627 1.2034268836810338 43620.397484852467 37874.887825184371
decision_type=2 2 2 2 2 2 2 2 2 2 2 2 2 2 2 2 2 2 2 2 2 2 2
left_child=1 9 14 -2 5 -5 -7 -8 12 -1 -11 -12 -9 -10 15 -3 -17 -18 -19 -16 21 22 -21
right_child=3 2 -4 4 -6 6 7 8 13 10 11 -13 -14 -15 19 16 17 18 -20 20 -22 -23 -24
leaf_value=0.96184193589671985 8.1015066629543302 -0.61563869366531432 -2.3303021954201535 2.129003995589863 4.0708909621498455 0.43144014688703325 -0.66325073320829864 0.12623335913159273 -1.2800770821911787 1.2460581790956107 -0.35977129207866582 -0.18949524103387771 -0.38230062914864033 -0.073949571801126004 -0.56879846789119759 0.85646527536553041 -0.46604156973006811 0.27214285330028415 -0.49699043867436954 -0.8293455644387504 -1.6503049495231625 -0.28779909583964219 -1.0360021655209886
leaf_weight=156 1228 23 26 86 800 87 24 66 24 43 20 25 58 30 108 33 22 68 33 30 36 154 20
leaf_count=156 1228 23 26 86 800 87 24 66 24 43 20 25 58 30 108 33 22 68 33 30 36 154 20
internal_value=0.00264063 -0.00202635 -0.00377034 0.00418851 0.00334043 6.66669e-05 -0.00140138 -0.00316832 -0.00202247 0.00192623 -0.00125 -0.00611111 0.000161291 -0.00703704 -0.00325427 -0.00142458 -0.000448718 -0.00191057 4.95051e-05 -0.0041954 -0.00541667 -0.00431373 -0.009
internal_weight=3200 797 553 2403 1175 375 289 202 178 244 88 45 124 54 527 179 156 123 101 348 240 204 50
internal_count=3200 797 553 2403 1175 375 289 202 178 244 88 45 124 54 527 179 156 123 101 348 240 204 50
is_linear=0
shrinkage=0.05


Tree=46
num_leaves=24
num_cat=0
split_feature=0 5 5 0 0 5 5 5 5 2 9 2 14 2 14 14 5 5 14 14 9 9 9
split_gain=8.0446 2.61095 1.03225 0.731096 2.05661 1.02843 0.675931 0.536932 0.526328 0.497347 0.776464 0.406459 0.614678 0.354224 0.736353 0.539715 0.473647 0.592476 0.337787 0.494017 0.330586 0.579185 0.321111
threshold=1.5000000000000002 1.0049845388926539 1.3206071419525591 4.5000000000000009 5.5000000000000009 0.87920273278234984 1.2414035514114392 1.281707233077183 0.74913494031657268 2032.5000000000002 88738.823901791926 2028.0000000000002 5418.2681822640598 2032.5000000000002 93701.059525829041 43809.8027345667 1.0847078486973174 1.1475644911162104 47786.98511459992 68381.429286431652 47921.525774488982 87812.851071081692 31175.651318285625
decision_type=2 2 2 2 2 2 2 2 2 2 2 2 2 2 2 2 2 2 2 2 2 2 2
left_child=1 8 13 -2 5 -5 11 -6 -1 20 -11 -7 -13 14 15 22 -15 -18 -14 -20 -10 -22 -3
right_child=3 2 -4 4 7 6 -8 -9 9 10 -12 12 18 16 -16 -17 17 -19 19 -21 21 -23 -24
leaf_value=2.6054167107331043 7.6964313298066136 -0.040152034009947345 -2.2137870856491468 2.0225537958103694 4.1436349207960346 0.47643482089084438 -0.67577936759641666 0.013658491195303359 0.36189016856334583 -0.0057288658830915596 -0.6518452245613986 -0.57571457075207666 0.030296368058848524 -1.0494830274704725 -0.35050653548550859 0.13073117037480561 0.32831580849490788 -1.7864602027264724 -1.425283010621943 0.013067140412915748 -0.29404266761992209 0.43577221476194777 -0.61881889588755246
leaf_weight=72 1228 60 26 86 756 81 30 44 108 84 22 20 93 34 25 73 29 48 20 45 88 38 90
leaf_count=72 1228 60 26 86 756 81 30 44 108 84 22 20 93 34 25 73 29 48 20 45 88 38 90
internal_value=0.00270313 -0.00164994 -0.00461039 0.0041469 0.00325532 0.0002 -0.00122837 0.0046875 0.00111651 0.000294118 -0.00254717 -0.000405405 -0.00174157 -0.00391365 -0.0028629 -0.00195067 -0.00626126 -0.00409091 -0.000696202 -0.00346154 0.0015812 -0.00015873 -0.00366667
internal_weight=3200 797 385 2403 1175 375 289 800 412 340 106 259 178 359 248 223 111 77 158 65 234 126 150
internal_count=3200 797 385 2403 1175 375 289 800 412 340 106 259 178 359 248 223 111 77 158 65 234 126 150
is_linear=0
shrinkage=0.05


Tree=47
num_leaves=24
num_cat=0
split_feature=0 2 0 0 14 9 9 1 9 9 14 14 9 9 14 14 14 14 0 14 14 9 14
split_gain=8.21966 0.756319 0.731096 2.05661 0.501771 0.656671 0.420816 0.279887 0.264538 0.732621 0.295176 0.487849 0.419587 0.921905 0.655909 0.695607 0.481052 0.571429 0.631121 0.359864 0.36085 0.288589 0.359381
threshold=1.5000000000000002 2028.0000000000002 4.5000000000000009 5.5000000000000009 6549.9258968885997 18157.078817137259 72173.952140624853 1.5000000000000002 15135.933656478965 28005.996473395364 3566.5872263559145 11606.278108776578 41791.601166393004 38553.467222019863 64453.21371879556 71744.375785676137 85286.644700164819 97464.803373875286 1.0000000180025095e-35 43233.051370288835 23272.724843180313 92201.690448272129 24242.00043210189
decision_type=2 2 2 2 2 2 2 2 2 2 2 2 2 2 2 2 2 2 2 2 2 2 2
left_child=1 7 -2 4 5 -4 -6 -1 -3 -10 -11 -12 13 19 21 -16 -17 -18 -19 20 -13 22 -14
right_child=2 8 3 -5 6 -7 -8 -9 9 10 11 12 14 -15 15 16 17 18 -20 -21 -22 -23 -24
leaf_value=0.13403178827186055 7.3116097633162829 -0.64683986228340329 -0.53053481416996506 3.660164668002551 0.1563171727360394 0.077810308854454113 -0.28393468216916407 -0.41342242555729236 0.37040671948827697 0.082147734577726117 -0.61486737442291806 -0.30360835331893821 -1.014689278069697 -0.95632654617386403 -1.0245117259587553 0.38363326142992715 -1.5299380228887576 0.39659113457563427 -0.42470680102018543 0.54519719649540155 -1.1923428029260379 -0.47099316171059374 0.33555920901067227
leaf_weight=231 1228 38 22 800 226 32 95 42 71 29 22 25 22 30 31 27 21 29 34 21 24 20 80
leaf_count=231 1228 38 22 800 226 32 95 42 71 29 22 25 22 30 31 27 21 29 34 21 24 20 80
internal_value=0.0026875 -0.00171267 0.0041469 0.00325532 0.0002 -0.00425926 0.000950156 0.000421246 -0.00282443 -0.00251029 -0.00331325 -0.00367876 -0.00324176 -0.006 -0.00219697 -0.00450704 -0.00265766 -0.00452381 -0.00214286 -0.00285714 -0.00520408 0.000491803 0.00156863
internal_weight=3200 797 2403 1175 375 54 321 273 524 486 415 386 364 100 264 142 111 84 63 70 49 122 102
internal_count=3200 797 2403 1175 375 54 321 273 524 486 415 386 364 100 264 142 111 84 63 70 49 122 102
is_linear=0
shrinkage=0.05


Tree=48
num_leaves=24
num_cat=0
split_feature=0 5 5 0 2 5 5 0 0 5 14 14 2 9 9 9 14 9 9 2 14 14 5
split_gain=7.25309 2.37208 0.869172 0.811272 0.788925 0.729399 0.534928 0.387665 1.62743 0.77245 0.519039 0.431717 0.353474 0.600439 0.365442 0.557849 0.323232 0.30908 0.602989 0.304249 0.773294 0.473258 0.297442
threshold=1.5000000000000002 1.0049845388926539 1.2707031396532262 4.5000000000000009 2032.5000000000002 1.3206071419525591 0.78373573599831148 4.5000000000000009 5.5000000000000009 0.87920273278234984 16233.39727000028 47413.471009646826 2032.5000000000002 88738.823901791926 45088.765049213318 30065.605245205828 68381.429286431652 47921.525774488982 87812.851071081692 2032.5000000000002 93701.059525829041 43809.8027345667 1.0847078486973174
decision_type=2 2 2 2 2 2 2 2 2 2 2 2 2 2 2 2 2 2 2 2 2 2 2
left_child=1 6 7 -4 -5 19 -1 -2 9 -9 -11 -12 17 14 15 -14 -13 -8 -19 20 21 -3 -21
right_child=2 5 3 4 -6 -7 12 8 -10 10 11 16 13 -15 -16 -17 -18 18 -20 22 -22 -23 -24
leaf_value=1.6461855413971809 7.3040797333372742 -0.46012458103116965 1.8360455246827188 0.13703657128838254 -0.63230276443252742 -2.0493809980788043 0.33700575790181858 1.9246165465437899 3.7755092714531941 -0.16889363878930067 0.16192232956420072 -1.083338644375049 0.0219231988272055 -0.66243677856891092 0.36962154596592955 -0.55635303336674868 0.030297188674027933 -0.29587773002760659 0.39550508966013131 -1.0007500982402087 -0.30640339892620444 0.1174930224424728 -1.136992880934691
leaf_weight=97 1144 150 84 45 26 26 97 86 752 64 103 33 31 20 23 22 66 85 37 34 25 73 77
leaf_count=97 1144 150 84 45 26 26 97 86 752 64 103 33 31 20 23 22 66 85 37 34 25 73 77
internal_value=0.00273438 -0.001399 0.00410529 0.000483871 -0.0034507 -0.00422078 0.00123786 0.00435498 0.00368659 0.000880682 -0.000451128 0.000792079 0.000238095 -0.00229167 -0.000263158 -0.00254717 -0.00156566 0.00134703 -0.000327869 -0.0036351 -0.00266129 -0.00172646 -0.00581081
internal_weight=3200 797 2403 155 71 385 412 2248 1104 352 266 202 315 96 76 53 99 219 122 359 248 223 111
internal_count=3200 797 2403 155 71 385 412 2248 1104 352 266 202 315 96 76 53 99 219 122 359 248 223 111
is_linear=0
shrinkage=0.05


Tree=49
num_leaves=24
num_cat=0
split_feature=0 5 5 0 2 5 5 14 2 14 5 5 2 14 5 1 5 5 5 5 14 0 0
split_gain=7.41854 2.22262 0.899393 0.811272 0.788925 0.734571 0.53086 0.486738 0.854949 0.374401 0.478139 0.457764 0.369217 0.806512 0.488191 0.573544 0.456006 0.440559 0.386051 0.592476 0.328947 0.311607 1.30814
threshold=1.5000000000000002 1.0144370916682817 1.2707031396532262 4.5000000000000009 2032.5000000000002 1.3206071419525591 0.74913494031657268 50347.609296789677 2028.0000000000002 73781.727974128458 0.91580211169285297 0.91902520044494873 2032.5000000000002 93701.059525829041 1.0799996144149753 1.5000000000000002 1.1220565289214759 1.2318911036196878 1.0847078486973174 1.1475644911162104 29608.016072825212 4.5000000000000009 5.5000000000000009
decision_type=2 2 2 2 2 2 2 2 2 2 2 2 2 2 2 2 2 2 2 2 2 2 2
left_child=1 6 21 -4 -5 12 -1 -8 -9 10 -10 -11 13 14 20 16 -16 -18 -14 -20 -3 -2 -23
right_child=2 5 3 4 -6 -7 7 8 9 11 -12 -13 18 -15 15 -17 17 -19 19 -21 -22 22 -24
leaf_value=2.3730718308320822 6.9388757466704112 -0.046077335023103551 1.7442432484485821 0.13018474272396371 -0.60068762621090055 -1.9469119481748618 0.040226153571054336 0.47956258882785313 -0.50648362341366293 0.58238781194679234 -0.152404868390348 -0.28613574578553419 -1.037372952244104 -0.29108322897989192 -0.72981394182255954 -0.70044981683514951 0.13441008859130851 -1.1874291050158419 0.399812755649948 -1.56379064739897 0.33811752142759999 0.047710299173778024 3.5867338078805346
leaf_weight=72 1144 38 84 45 26 26 206 44 22 33 20 25 32 25 35 27 52 25 29 48 38 352 752
leaf_count=72 1144 38 84 45 26 26 206 44 22 33 20 25 32 25 35 27 52 25 29 48 38 352 752
internal_value=0.00278125 -0.001399 0.00416771 0.000483871 -0.0034507 -0.0042 0.00109005 0.000285714 -0.00194444 -0.0045 -0.00809524 -0.00189655 -0.00359599 -0.0025 -0.00151163 -0.00327338 -0.00169643 0.000454546 -0.00600917 -0.00409091 0.00171053 0.00442171 0.00382246
internal_weight=3200 797 2403 155 71 375 422 350 144 100 42 58 349 240 215 139 112 77 109 77 76 2248 1104
internal_count=3200 797 2403 155 71 375 422 350 144 100 42 58 349 240 215 139 112 77 109 77 76 2248 1104
is_linear=0
shrinkage=0.05


Tree=50
num_leaves=24
num_cat=0
split_feature=5 5 2 5 9 14 14 14 5 2 9 9 2 9 5 14 9 14 14 14 9 14 9
split_gain=1.65366 0.651945 0.490517 0.992471 0.577102 0.485541 0.363636 0.59014 0.485541 0.247845 0.208043 0.153841 0.14782 0.135276 0.123562 0.26584 0.120901 0.229236 0.558488 0.268506 0.583078 0.527647 0.345666
threshold=1.2186379447083537 0.89760273296216397 2032.5000000000002 1.3348793751074137 79266.307446760489 81478.102462205323 24773.683318791114 11328.445229752868 1.2970848416299134 2028.0000000000002 6678.3990766439647 120241.47313665056 2028.0000000000002 2102.1432866819455 1.2414035514114392 38885.816399502139 28005.996473395364 16233.39727000028 14787.424755897055 29021.128655304707 41611.014946237839 51804.61238871418 38374.317052254228
decision_type=2 2 2 2 2 2 2 2 2 2 2 2 2 2 2 2 2 2 2 2 2 2 2
left_child=1 11 4 14 6 -6 7 -2 -9 10 -3 -1 -13 -11 -4 -16 -15 18 -18 -19 21 22 -21
right_child=2 9 3 -5 5 -7 -8 8 -10 13 -12 12 -14 16 15 -17 17 19 -20 20 -22 -23 -24
leaf_value=2.1950785702092062 0.52078635543463692 -0.019459124043434081 -1.2248496724436735 -1.3110634691418099 -1.2475786787661765 0.42137792350389919 0.68741657134088774 -0.68917123416350545 0.25771475329622134 0.29164561992402865 1.2787574422163459 3.9177487362452732 0.54115279711662068 0.86567713401298496 -0.24591486779664404 0.75841084580236318 0.13757734471205593 0.95218196128757404 -0.49092985248998799 -0.15318388448869844 0.64583545212825377 0.50474663023584743 -0.63424940047749168
leaf_weight=857 45 25 24 32 20 23 88 20 23 23 630 25 41 286 37 24 128 149 20 71 546 29 34
leaf_count=857 45 25 24 32 20 23 88 20 23 23 630 25 41 286 37 24 128 149 20 71 546 29 34
internal_value=0.0028125 0.00320182 -0.000505952 -0.00311966 0.000890411 -0.00430233 0.00215909 -0.000113636 -0.00430233 0.00268161 0.00347328 0.00429577 0.0019697 0.00227838 -0.000294117 0.00090164 0.00234759 0.00208291 0.00027027 0.00240651 0.00198529 -0.000970149 -0.00261905
internal_weight=3200 2864 336 117 219 43 176 88 43 1941 655 923 66 1286 85 61 1263 977 148 829 680 134 105
internal_count=3200 2864 336 117 219 43 176 88 43 1941 655 923 66 1286 85 61 1263 977 148 829 680 134 105
is_linear=0
shrinkage=0.05


Tree=51
num_leaves=24
num_cat=0
split_feature=0 5 5 0 5 5 1 9 0 0 5 5 5 9 9 14 5 5 9 14 9 5 5
split_gain=9.49882 1.62443 0.859212 0.811272 0.803677 0.532937 0.518169 0.447628 0.414862 1.7416 0.82664 0.406117 0.403994 0.294295 0.477557 0.395429 0.288068 0.530433 0.278177 0.864934 0.79909 0.615944 0.901845
threshold=1.5000000000000002 0.91131576306078255 1.2707031396532262 4.5000000000000009 1.3206071419525591 0.74310997185998173 1.0000000180025095e-35 95672.898051363154 4.5000000000000009 5.5000000000000009 0.87920273278234984 1.3045710058769706 1.3701093412223686 71049.084671081349 90042.674305191424 5418.2681822640598 0.8059040640304328 0.84443589120776641 18404.674544820617 1027.2329608285802 28005.996473395364 1.2117169584834451 1.2567562905963598
decision_type=2 2 2 2 2 2 2 2 2 2 2 2 2 2 2 2 2 2 2 2 2 2 2
left_child=1 5 8 -4 18 -1 -7 16 -2 10 -10 -5 -13 15 -15 -12 -8 -18 19 -3 -20 -22 -23
right_child=2 4 3 11 -6 6 7 -9 9 -11 13 12 -14 14 -16 -17 17 -19 20 -21 21 22 -24
leaf_value=2.4837792384805861 6.5255718306399544 -0.6035144524675623 1.6251597117281407 -0.36407699185250736 -1.7840131773090304 0.66258881642759637 0.85485921702962342 -0.57257259927758086 1.7162462757474501 3.3418903893524003 -0.23149387469514973 0.604095758853325 -0.4592059809000773 -1.0765793504338104 -0.0015365665445557287 0.017851775801906646 -0.23785247331492931 0.31346646891530705 0.64921352913090691 -0.34302057980019945 -0.24951865116322952 -1.3737624255526812 -0.75502273054986591
leaf_weight=66 1144 20 84 21 26 63 30 22 86 752 30 27 23 20 44 172 27 39 60 41 357 24 22
leaf_count=66 1144 20 84 21 26 63 30 22 86 752 30 27 23 20 44 172 27 39 60 41 357 24 22
internal_value=0.00251563 -0.00221455 0.00408448 0.000483871 -0.00372727 0.00115385 -0.000248619 -0.00220339 0.00433274 0.0036413 0.000738637 -0.0034507 -0.001 -0.000639098 -0.00359375 0.00029703 -0.000729166 -0.00257576 -0.00330153 -0.00647541 -0.00288337 -0.00368486 -0.00913043
internal_weight=3200 797 2403 155 550 247 181 118 2248 1104 352 71 50 266 64 202 96 66 524 61 463 403 46
internal_count=3200 797 2403 155 550 247 181 118 2248 1104 352 71 50 266 64 202 96 66 524 61 463 403 46
is_linear=0
shrinkage=0.05


Tree=52
num_leaves=24
num_cat=0
split_feature=0 5 2 5 5 5 0 2 5 5 14 0 0 5 2 14 14 14 5 9 2 2 14
split_gain=9.06185 1.43458 0.912471 0.794245 0.73035 0.729399 0.661522 0.957313 0.613983 0.594124 0.543867 0.387665 1.62743 0.77245 0.659774 0.570561 0.432479 0.494017 0.315881 0.61712 0.364934 0.304249 0.773294
threshold=1.5000000000000002 1.0049845388926539 2032.5000000000002 0.7234857934403881 1.2707031396532262 1.3206071419525591 4.5000000000000009 2032.5000000000002 0.90257202809536718 0.89145594291848762 33245.47078636416 4.5000000000000009 5.5000000000000009 0.87920273278234984 2028.0000000000002 17091.676554529437 47786.98511459992 68381.429286431652 0.97251492819890939 40013.561130474824 2028.0000000000002 2032.5000000000002 93701.059525829041
decision_type=2 2 2 2 2 2 2 2 2 2 2 2 2 2 2 2 2 2 2 2 2 2 2
left_child=1 2 9 -4 11 21 -6 -8 10 -1 -5 -2 13 -13 -15 -16 -17 -18 19 -11 -21 22 -3
right_child=4 5 3 8 6 -7 7 -9 -10 18 -12 12 -14 14 15 16 17 -19 -20 20 -22 -23 -24
leaf_value=0.85378733821981523 6.1992932391079565 -0.19659750649327279 2.2395549451319465 -0.14433798067415765 1.5439017261417334 -1.6948125184435794 0.09647657922062465 -0.51114670999689638 -0.055308316964272422 0.1536888721993255 -0.38086101414402806 1.6304339619600783 3.1747958698847794 0.31634411501057302 -0.41777635110236472 0.027830122747575514 -1.3409394625285063 -0.0079140844810873922 0.087498689700485938 -0.031176578746329221 -0.36202523676916853 -1.1045790156333453 -0.31533256615003652
leaf_weight=142 1144 223 24 23 84 26 45 26 56 30 36 86 752 84 46 71 20 45 44 25 32 111 25
leaf_count=142 1144 223 24 23 84 26 45 26 56 30 36 86 752 84 46 71 20 45 44 25 32 111 25
internal_value=0.00259375 -0.00202635 2.4272e-05 -0.00327338 0.00412609 -0.00422078 0.000806452 -0.00274648 -0.005 0.0017033 -0.00855932 0.00435498 0.00368659 0.000880682 -0.000451128 -0.00214286 -0.000514706 -0.00346154 -0.000725191 -0.00247126 -0.00552632 -0.0036351 -0.00266129
internal_weight=3200 797 412 139 2403 385 155 71 115 273 59 2248 1104 352 266 182 136 65 131 87 57 359 248
internal_count=3200 797 412 139 2403 385 155 71 115 273 59 2248 1104 352 266 182 136 65 131 87 57 359 248
is_linear=0
shrinkage=0.05


Tree=53
num_leaves=24
num_cat=0
split_feature=0 5 5 0 0 2 5 9 9 2 2 14 14 14 14 14 9 9 9 9 0 0 5
split_gain=8.3386 1.51187 0.923747 0.73522 0.777422 0.967602 0.695521 1.02554 0.550871 0.546028 0.492541 1.35664 0.563944 0.53866 0.797317 0.65183 0.407038 0.962791 0.369275 0.536194 0.369238 1.54654 0.754563
threshold=1.5000000000000002 1.0049845388926539 1.2360560202717819 4.5000000000000009 6.5000000000000009 2032.5000000000002 0.78373573599831148 15932.597226141766 29714.669287288703 2032.5000000000002 2032.5000000000002 93701.059525829041 43809.8027345667 47786.98511459992 30502.825107287932 10270.582939173713 45088.765049213318 88738.823901791926 90042.674305191424 47921.525774488982 4.5000000000000009 5.5000000000000009 0.87920273278234984
decision_type=2 2 2 2 2 2 2 2 2 2 2 2 2 2 2 2 2 2 2 2 2 2 2
left_child=1 6 20 -4 5 -5 -1 -8 -9 18 11 12 -3 14 15 -12 -11 -18 19 -10 -2 22 -22
right_child=2 10 3 4 -6 -7 7 8 9 16 13 -13 -14 -15 -16 -17 17 -19 -20 -21 21 -23 -24
leaf_value=1.3310677991852584 5.8825470323057605 -0.38488208495579013 1.7402373540298333 0.0018279443629875326 64.231382579537993 -0.49423657204797533 -0.10964132836744199 0.8661496192789585 0.08404488420241496 -0.61040888556276751 -1.5050848861232446 -0.62850375646534151 0.086504185641416709 -0.59342599643690996 -1.7846157322197502 -0.17670637293686947 0.31676141133107721 -0.64253100904627025 0.31256681100009193 -0.3277287546375619 1.5489122638620745 3.0896061156765886 -0.022928101160483605
leaf_weight=97 1118 161 110 44 26 25 26 46 55 23 20 27 78 37 29 33 23 20 36 86 86 735 259
leaf_count=97 1118 161 110 44 26 25 26 46 55 23 20 27 78 37 29 33 23 20 36 86 86 735 259
internal_value=0.00259375 -0.00183814 0.00406367 0.000853659 -0.00236842 -0.00514493 0.00026699 -0.000873016 -1.73009e-05 -0.000967078 -0.00409091 -0.00289474 -0.00169456 -0.00676471 -0.00902439 -0.00537736 -0.00484848 -0.00197674 0.000480226 -0.000673759 0.00436306 0.0037037 0.000942029
internal_weight=3200 797 2403 205 95 69 412 315 289 243 385 266 239 119 82 53 66 43 177 141 2198 1080 345
internal_count=3200 797 2403 205 95 69 412 315 289 243 385 266 239 119 82 53 66 43 177 141 2198 1080 345
is_linear=0
shrinkage=0.05


Tree=54
num_leaves=24
num_cat=0
split_feature=0 5 5 2 0 0 2 5 5 5 5 5 0 0 5 14 5 14 14 5 14 14 2
split_gain=7.36485 1.12917 0.899952 0.777807 0.73522 0.777422 0.967602 0.713977 0.604299 0.549148 0.444133 0.484052 0.42387 1.44457 0.754563 0.467138 0.411408 0.402336 0.470588 0.396485 0.370056 0.355863 0.405844
threshold=1.5000000000000002 1.0751101597699455 1.2360560202717819 2032.5000000000002 4.5000000000000009 6.5000000000000009 2032.5000000000002 0.7234857934403881 0.91131576306078255 0.83918073007734006 1.3206071419525591 1.0889433893954059 4.5000000000000009 5.5000000000000009 0.87920273278234984 8538.6571417766754 0.9289115094026722 93701.059525829041 43809.8027345667 1.1029624814991419 35813.340237411416 61009.010309907906 2028.0000000000002
decision_type=2 2 2 2 2 2 2 2 2 2 2 2 2 2 2 2 2 2 2 2 2 2 2
left_child=1 3 12 8 -4 6 -6 -5 -1 -9 11 -3 -2 14 -14 -16 -10 18 -18 -13 -21 -22 -23
right_child=2 10 4 7 5 -7 -8 9 16 -11 -12 19 13 -15 15 -17 17 -19 -20 20 21 22 -24
leaf_value=0.66384829496424702 5.588419680690472 -1.0733768283598 1.6532254863283413 2.0610238079160879 0.0017365471448372125 61.019813450561088 -0.46952474344557676 -0.20218678197456097 -0.1619906526679217 -0.18881724307286063 -1.5208411059104134 0.22193807602036936 1.4714666506689713 2.9351258098927593 -0.14702491894747638 0.018134117278997341 -0.032936545314520234 -0.21496590843102159 0.22738532052924967 -0.35586653355922193 -0.89685069906422576 0.051552935079558028 -1.1453293176075172
leaf_weight=159 1118 27 110 24 44 26 25 38 20 107 26 26 86 735 38 221 102 29 51 95 38 20 35
leaf_count=159 1118 27 110 24 44 26 25 38 20 107 26 26 86 735 38 221 102 29 51 95 38 20 35
internal_value=0.00264063 -0.00152447 0.00402206 -0.000188679 0.000853659 -0.00236842 -0.00514493 -0.00298817 0.00112188 -0.00431034 -0.00417603 -0.00350622 0.00431756 0.00361111 0.000942029 -0.000405405 -0.000693069 5.49452e-05 0.00107843 -0.00271028 -0.00351064 -0.00575269 -0.00318182
internal_weight=3200 797 2403 530 205 95 69 169 361 145 267 241 2198 1080 345 259 202 182 153 214 188 93 55
internal_count=3200 797 2403 530 205 95 69 169 361 145 267 241 2198 1080 345 259 202 182 153 214 188 93 55
is_linear=0
shrinkage=0.05


Tree=55
num_leaves=24
num_cat=0
split_feature=0 5 5 2 5 0 0 5 0 0 5 14 5 5 5 5 14 14 2 14 3 2 14
split_gain=6.92781 1.23856 1.01854 0.886186 0.713977 0.707923 0.585796 0.549148 0.452599 1.55331 0.747925 0.669095 0.450146 0.444133 0.484052 0.396485 0.370056 0.355863 0.405844 0.352027 0.436508 0.327803 0.542564
threshold=1.5000000000000002 1.0751101597699455 1.2360560202717819 2032.5000000000002 0.7234857934403881 3.5000000000000004 6.5000000000000009 0.83918073007734006 4.5000000000000009 5.5000000000000009 0.8773188062680034 8538.6571417766754 0.89145594291848762 1.3206071419525591 1.0889433893954059 1.1029624814991419 35813.340237411416 61009.010309907906 2028.0000000000002 24483.676807617769 1.0000000180025095e-35 2032.5000000000002 20437.714070413018
decision_type=2 2 2 2 2 2 2 2 2 2 2 2 2 2 2 2 2 2 2 2 2 2 2
left_child=1 3 8 12 -5 -4 21 -6 -2 10 -10 -12 -1 14 -3 -16 19 -18 -19 20 -17 22 -7
right_child=2 13 5 4 7 6 -8 -9 9 -11 11 -13 -14 -15 15 16 17 18 -20 -21 -22 -23 -24
leaf_value=0.73227347981301816 5.3089986966559479 -1.0197079869418122 6.1169497040925753 1.9579726175202818 -0.19207744287583361 -0.58691846971497696 57.968822778033029 -0.17937638091921615 1.4441638856682832 2.7883695193981217 -0.13698538077937103 0.017708720796596394 -0.0044787921414053636 -1.4447990506148909 0.21084117221935111 -0.61858345327941755 -0.85200816411101565 0.048975288325578091 -1.08806285172714 0.1925290097112502 0.15895877369622485 -0.32094277136293453 0.37294068006179171
leaf_weight=142 1118 27 78 24 38 25 26 107 81 735 39 225 219 26 26 45 38 20 35 29 21 37 39
leaf_count=142 1118 27 78 24 38 25 26 107 81 735 39 225 219 26 26 45 38 20 35 29 21 37 39
internal_value=0.00264063 -0.001399 0.00398044 1.86265e-10 -0.00298817 0.000609756 -0.00169291 -0.00431034 0.00429481 0.00356481 0.000797102 -0.000492424 0.00139889 -0.00417603 -0.00350622 -0.00271028 -0.00351064 -0.00575269 -0.00318182 -0.00131579 -0.00333333 -0.00341584 -0.00125
internal_weight=3200 797 2403 530 169 205 127 145 2198 1080 345 264 361 267 241 214 188 93 55 95 66 101 64
internal_count=3200 797 2403 530 169 205 127 145 2198 1080 345 264 361 267 241 214 188 93 55 95 66 101 64
is_linear=0
shrinkage=0.05


Tree=56
num_leaves=24
num_cat=0
split_feature=0 5 5 2 9 9 5 0 5 5 1 0 0 5 2 14 5 2 9 14 14 9 14
split_gain=6.927 1.19231 1.00199 0.760301 1.29553 0.868688 0.660892 0.6485 0.549333 0.757608 0.660317 0.468966 1.4534 0.752455 0.645122 0.787943 0.466497 0.57619 0.335199 0.488499 0.963333 0.411225 0.521605
threshold=1.5000000000000002 1.1475644911162104 1.281707233077183 2032.5000000000002 16275.18724722224 105004.40418969888 0.89145594291848762 3.5000000000000004 1.1656753941135316 1.2186379447083537 1.0000000180025095e-35 4.5000000000000009 5.5000000000000009 0.87920273278234984 2028.0000000000002 5418.2681822640598 1.3139262358533974 2032.5000000000002 36981.083728730278 29289.629399234775 10270.582939173713 93463.527814893299 93701.059525829041
decision_type=2 2 2 2 2 2 2 2 2 2 2 2 2 2 2 2 2 2 2 2 2 2 2
left_child=1 3 11 6 -5 -6 -1 -4 -3 -10 -11 -2 13 -13 -15 -16 -9 -18 -8 20 -20 22 -21
right_child=2 8 7 4 5 -7 18 16 9 10 -12 12 -14 14 15 -17 17 -19 19 21 -22 -23 -24
leaf_value=0.69565980582236586 5.0144035043825568 -1.3213240332702687 5.8042075849713139 -0.83021828836836065 -0.017069346700118709 -0.49512712803115755 0.10802643413157519 -0.60453622002635832 0.090786958088078865 -1.1537773840068495 -0.39519382064810082 1.3256851238521097 2.563293442244059 0.3325155002380038 -0.45045531817480094 -0.042761648852839521 0.54400406116863154 -0.37811818154675053 0.11517236736937138 0.0016183008727170796 -0.58761929536923785 0.27875961510112185 -0.31304468318149137
leaf_weight=142 1154 23 55 20 160 22 96 26 49 39 45 86 756 85 22 163 35 21 20 81 30 43 27
leaf_count=142 1154 23 55 20 160 22 96 26 49 39 45 86 756 85 22 163 35 21 20 81 30 43 27
internal_value=0.00270313 -0.00133626 0.00404286 -0.000382215 -0.00292079 -0.00159341 0.000785877 -0.000109489 -0.00525641 -0.00402256 -0.00690476 0.00429391 0.00356115 0.000926966 -0.00037037 -0.00202703 -0.00292683 -0.000357143 -0.000555555 -0.00171642 -0.006 -0.000298013 -0.00194444
internal_weight=3200 797 2403 641 202 182 439 137 156 133 84 2266 1112 356 270 185 82 56 297 201 50 151 108
internal_count=3200 797 2403 641 202 182 439 137 156 133 84 2266 1112 356 270 185 82 56 297 201 50 151 108
is_linear=0
shrinkage=0.05


Tree=57
num_leaves=24
num_cat=0
split_feature=0 5 2 5 9 14 14 9 0 5 0 0 5 14 14 9 9 14 9 5 5 2 14
split_gain=6.60919 1.10287 1.01455 1.07543 0.938896 0.909804 0.779442 0.743546 0.685216 0.63335 0.533963 1.64179 0.816012 0.862965 0.380771 0.37796 0.363901 0.496773 0.479822 0.310142 0.305254 0.473469 0.293411
threshold=1.5000000000000002 1.2707031396532262 2032.5000000000002 0.90950991201765119 15135.933656478965 93701.059525829041 109035.99967751505 105004.40418969888 3.5000000000000004 1.1475644911162104 4.5000000000000009 5.5000000000000009 0.8773188062680034 8538.6571417766754 38885.816399502139 72173.952140624853 29714.669287288703 10270.582939173713 18157.078817137259 0.7234857934403881 1.2056139510077675 2032.5000000000002 25115.914524956814
decision_type=2 2 2 2 2 2 2 2 2 2 2 2 2 2 2 2 2 2 2 2 2 2 2
left_child=2 10 3 -1 -4 14 -7 9 -3 19 -2 12 -12 -14 16 -15 18 -18 -5 -6 -13 -22 -19
right_child=1 8 4 5 7 6 -8 -9 -10 -11 11 20 13 15 -16 -17 17 22 -20 -21 21 -23 -24
leaf_value=0.57764885947867139 4.8227768410595866 5.5699238311779329 -0.89543613391846621 -0.44839100373913265 1.961888904947708 -0.52282282687220438 -0.040252610438336396 -0.97388860915334219 -0.1703509995011685 -1.2090874606636126 1.3056714351922638 2.6251807052916285 -0.10492505361092913 0.044463689672033221 0.04925299869463147 -0.26890329060283363 0.22307029319982341 -0.42858434421748559 0.73722377495677494 -0.079015767646804499 1.1850777165830726 -0.21708330300878959 -0.3349483827349683
leaf_weight=156 1144 58 21 37 22 23 28 29 97 45 81 703 40 167 130 64 32 36 36 141 29 20 61
leaf_count=156 1144 58 21 37 22 23 28 29 97 45 81 703 40 167 130 64 32 36 36 141 29 20 61
internal_value=0.00260938 0.00391802 -0.00133626 -0.000102041 -0.00391473 -0.00152741 -0.0077451 -0.00301688 -0.00016129 -0.00197115 0.00419929 0.00341486 0.000596591 -0.000719557 -0.000572289 0.000454546 -0.00193069 -0.00352713 0.000890411 -0.000521472 0.00473404 0.000918368 -0.00530928
internal_weight=3200 2403 797 539 258 383 51 237 155 208 2248 1104 352 271 332 231 202 129 73 163 752 49 97
internal_count=3200 2403 797 539 258 383 51 237 155 208 2248 1104 352 271 332 231 202 129 73 163 752 49 97
is_linear=0
shrinkage=0.05


Tree=58
num_leaves=24
num_cat=0
split_feature=0 5 5 0 0 5 9 2 5 14 9 2 2 5 0 0 5 14 9 14 5 9 2
split_gain=5.79377 1.17165 1.10083 0.73046 0.808421 0.658284 0.637296 0.515341 0.494016 0.388674 0.477602 0.52427 0.374489 0.426136 0.319553 1.35534 0.681726 0.499473 0.294476 0.497629 0.515723 0.376043 0.390957
threshold=1.5000000000000002 0.90950991201765119 1.1900572808526924 3.5000000000000004 6.5000000000000009 1.2186379447083537 63819.959179999823 2032.5000000000002 0.9271021753105757 20437.714070413018 90042.674305191424 2032.5000000000002 2032.5000000000002 0.7234857934403881 4.5000000000000009 5.5000000000000009 0.8773188062680034 5418.2681822640598 93097.456810541378 85286.644700164819 1.038126752772407 49340.961354098399 2032.5000000000002
decision_type=2 2 2 2 2 2 2 2 2 2 2 2 2 2 2 2 2 2 2 2 2 2 2
left_child=1 12 14 -4 9 8 7 -7 -3 -5 11 -11 -1 -14 -2 16 -16 -18 19 21 -21 22 -10
right_child=2 5 3 4 -6 6 -8 -9 18 10 -12 -13 13 -15 15 -17 17 -19 -20 20 -22 -23 -24
leaf_value=0.54876641650473645 4.6763365884565955 -0.11434385614989924 5.2164217811980791 -0.23601561433935855 57.232805632146317 0.031330729385559843 -1.2051226644605606 -1.2433197474996278 -0.11052960545095668 0.38809799431831182 -0.25569960389132124 -0.23613837210282843 1.7628330087318869 -0.12961016972383202 1.2403878634326506 2.6207085542392425 -0.31611945965329868 0.014128255512344515 0.092127752506278429 -0.29181125770003435 -0.054762983584750374 0.089971599257073084 -0.84853958097860627
leaf_weight=156 1059 32 115 58 54 39 25 20 160 59 27 27 24 64 81 688 25 210 56 20 23 103 75
leaf_count=156 1059 32 115 58 54 39 25 20 160 59 27 27 24 64 81 688 25 210 56 20 23 103 75
internal_value=0.00273438 -0.000959849 0.00395963 0.00132353 -0.000333333 -0.00223327 -0.00630952 -0.00347458 -0.0015032 -0.00201754 -0.000309734 0.00151163 0.00192623 -0.000681818 0.00439409 0.00375498 0.0010443 -0.000319149 -0.00106407 -0.00156168 -0.00662791 -0.00091716 -0.00202128
internal_weight=3200 797 2403 340 225 553 84 59 469 171 113 86 244 88 2063 1004 316 235 437 381 43 338 235
internal_count=3200 797 2403 340 225 553 84 59 469 171 113 86 244 88 2063 1004 316 235 437 381 43 338 235
is_linear=0
shrinkage=0.05


Tree=59
num_leaves=24
num_cat=0
split_feature=0 5 5 5 9 0 0 2 0 0 5 2 2 5 9 2 5 9 5 5 9 9 9
split_gain=5.64694 1.12127 0.890138 0.687811 0.637296 0.602821 0.578815 0.515341 0.405859 1.47522 0.731057 0.556421 0.374489 0.426136 0.363769 0.395107 0.419295 0.367326 0.344166 0.254352 0.322754 0.397059 0.518398
threshold=1.5000000000000002 0.90950991201765119 1.2219435672352013 1.2186379447083537 63819.959179999823 3.5000000000000004 6.5000000000000009 2032.5000000000002 4.5000000000000009 5.5000000000000009 0.8773188062680034 2028.0000000000002 2032.5000000000002 0.7234857934403881 100318.41913736083 2028.0000000000002 1.1622726803406749 83513.334289184815 1.1119293802284103 1.0889433893954059 18404.674544820617 29714.669287288703 41317.917399757142
decision_type=2 2 2 2 2 2 2 2 2 2 2 2 2 2 2 2 2 2 2 2 2 2 2
left_child=1 12 8 14 7 -4 -7 -5 -2 10 -10 -12 -1 -14 15 -3 17 18 19 20 -17 -22 -23
right_child=2 3 5 4 -6 6 -8 -9 9 -11 11 -13 13 -15 -16 16 -18 -19 -20 -21 21 22 -24
leaf_value=0.521328095679499 4.3993394811867033 0.022213764273244976 4.725225665977101 0.029764192916281906 -1.1448665312375341 -0.15948999489879706 53.99201748162583 -1.1811537601246458 1.1783684702610175 2.3349063905875038 0.48611249316178146 -0.086561114560234936 1.6746913582952925 -0.12312966123764038 0.087521363186163881 -0.63606276688851904 0.11987938612748009 -0.12061850932127248 -1.1478348329615251 0.18519465928070833 0.67707471608923486 -0.68274735486443872 -0.10246973312304304
leaf_weight=156 1101 147 87 39 25 122 34 20 81 721 78 179 24 64 46 22 35 24 26 22 28 43 76
leaf_count=156 1101 147 87 39 25 122 34 20 81 721 78 179 24 64 46 22 35 24 26 22 28 43 76
internal_value=0.00275 -0.000897114 0.00395963 -0.00214286 -0.00630952 0.00109054 -0.000769231 -0.00347458 0.00428241 0.00358357 0.000857988 -0.000447471 0.00192623 -0.000681818 -0.00139659 -0.00185579 -0.00297101 -0.00371369 -0.00306452 -0.00232984 -0.00298817 -0.00214286 -0.00340336
internal_weight=3200 797 2403 553 84 243 156 59 2160 1059 338 257 244 88 469 423 276 241 217 191 169 147 119
internal_count=3200 797 2403 553 84 243 156 59 2160 1059 338 257 244 88 469 423 276 241 217 191 169 147 119
is_linear=0
shrinkage=0.05


Tree=60
num_leaves=24
num_cat=0
split_feature=0 5 5 0 0 2 3 5 9 2 14 14 0 0 5 14 5 5 9 1 14 9 2
split_gain=4.67192 1.30551 0.763192 0.565882 0.874494 1.13934 0.436508 0.427699 0.392727 0.389389 0.415441 0.719518 0.347011 1.58087 0.581979 0.802452 0.325846 0.324074 0.628693 0.578704 0.289286 0.280519 0.273115
threshold=1.5000000000000002 1.0768515561198984 1.1900572808526924 4.5000000000000009 6.5000000000000009 2032.5000000000002 1.0000000180025095e-35 0.78373573599831148 70013.555367351204 2028.0000000000002 64453.21371879556 71744.375785676137 4.5000000000000009 5.5000000000000009 0.8773188062680034 5418.2681822640598 0.93494121085454296 1.2186379447083537 28700.63389505781 1.0000000180025095e-35 47413.471009646826 45932.687732548475 2032.5000000000002
decision_type=2 2 2 2 2 2 2 2 2 2 2 2 2 2 2 2 2 2 2 2 2 2 2
left_child=1 7 12 -4 5 8 17 -1 -5 -9 -11 -12 -2 14 -14 -16 -13 18 -3 -19 -17 -7 -8
right_child=2 6 3 4 -6 21 22 9 -10 10 11 16 13 -15 15 20 -18 19 -20 -21 -22 -23 -24
leaf_value=1.0360123882021142 4.2225527849744315 -0.63904792219449791 1.7532152653867883 0.12443405349720303 52.305998234048289 -0.57769508559148808 0.089265771587707099 0.12729777793587002 -0.33583091343442195 0.013486773299714384 -0.48789464575062813 0.2260090411506476 1.1194500467479658 2.3729278069979065 -0.29598543094262125 0.03775167471071697 -0.13745121636038982 -0.93451739521949628 -0.31299126537752309 -0.16788849468856509 -0.23853648487839774 -0.15660484670098329 -1.0086639440395346
leaf_weight=97 1059 31 169 55 54 22 58 151 20 191 21 36 81 688 25 120 37 24 95 30 90 20 26
leaf_count=97 1059 31 169 55 54 22 58 151 20 191 21 36 81 688 25 120 37 24 95 30 90 20 26
internal_value=0.00285938 -0.000457967 0.00395963 0.00176471 -0.000263158 -0.00269231 -0.00333333 0.000966229 0.001 0.000298165 -0.000789473 -0.00351064 0.00432138 0.00365538 0.000727848 -0.000531915 -0.00116438 -0.00472222 -0.00333333 -0.00796296 0.000476191 -0.00928571 -0.000357143
internal_weight=3200 797 2403 340 171 117 264 533 75 436 285 94 2063 1004 316 235 73 180 126 54 210 42 84
internal_count=3200 797 2403 340 171 117 264 533 75 436 285 94 2063 1004 316 235 73 180 126 54 210 42 84
is_linear=0
shrinkage=0.05


Tree=61
num_leaves=24
num_cat=0
split_feature=0 0 0 2 14 2 9 9 9 14 0 1 14 14 9 4 2 4 9 14 9 14 14
split_gain=4.76102 0.670323 1.83385 0.646615 0.919087 0.518681 0.487564 0.542761 0.390974 0.858655 0.500595 0.319062 0.314165 0.515199 0.290125 0.330187 0.280176 0.260102 0.242216 0.232779 0.27535 0.225555 0.189394
threshold=1.5000000000000002 4.5000000000000009 5.5000000000000009 2032.5000000000002 7315.2808697932933 2032.5000000000002 15932.597226141766 108389.3809212145 100318.41913736083 93701.059525829041 1.0000000180025095e-35 1.0000000180025095e-35 93701.059525829041 64825.168759174216 64249.829447132863 1.0000000180025095e-35 2028.0000000000002 1.0000000180025095e-35 29714.669287288703 77438.261590318682 79266.307446760489 40268.213581264739 10128.433353711387
decision_type=2 2 2 2 2 2 2 2 2 2 2 2 2 2 2 2 2 2 2 2 2 2 2
left_child=5 -2 3 11 -5 8 -7 12 9 19 -11 -3 13 14 15 21 -13 -6 -18 20 -1 22 -8
right_child=1 2 -4 4 17 6 7 -9 -10 10 -12 16 -14 -15 -16 -17 18 -19 -20 -21 -22 -23 -24
leaf_value=0.022894415376194723 3.7255147206999157 0.39324133433091202 1.8271247523255063 -0.41841246534006188 0.020843732302336021 -0.9648554352660148 -0.067485354218679225 -0.88567164720683911 0.26819976102419607 -0.15456915311801431 -0.32929495014484467 0.5929272962698604 0.64057463875689824 -0.82839016323958325 0.54857037440765044 -0.51540245248977612 0.029393468453400986 -0.16960566592906878 -0.2230680592746529 0.95932092124251866 -0.40961920561672188 -1.6019821689251648 0.35514268152406503
leaf_weight=370 1228 78 800 20 73 25 20 26 60 28 20 82 21 22 21 46 32 38 52 28 33 22 55
leaf_count=370 1228 78 800 20 73 25 20 26 60 28 20 82 21 22 21 46 32 38 52 28 33 22 55
internal_value=0.00282813 0.00393883 0.00308511 0.0002 -0.00263359 -0.000520702 -0.00236434 -0.00165236 0.000361781 -0.000114822 -0.00645833 0.00172131 -0.000797101 -0.00145161 -0.000487805 -0.00129371 0.000481928 -0.000855856 -0.00154762 0.000591648 0.00028536 0.000360825 0.00166667
internal_weight=3200 2403 1175 375 131 797 258 233 539 479 48 244 207 186 164 143 166 111 84 431 403 97 75
internal_count=3200 2403 1175 375 131 797 258 233 539 479 48 244 207 186 164 143 166 111 84 431 403 97 75
is_linear=0
shrinkage=0.05


Tree=62
num_leaves=24
num_cat=0
split_feature=0 5 5 0 0 0 0 14 5 5 5 1 1 0 2 14 5 5 5 5 5 5 5
split_gain=4.4551 1.54437 1.50564 0.778171 0.864649 0.494052 1.82041 0.613671 0.417676 0.649351 0.406182 0.522688 0.483578 0.384006 0.910902 0.4 0.380084 0.36132 0.726471 0.351967 0.293069 0.278571 0.246983
threshold=1.5000000000000002 1.0563481041487901 1.2219435672352013 3.5000000000000004 6.5000000000000009 4.5000000000000009 5.5000000000000009 2373.4717314746235 1.0909807188221152 1.1384138821861114 1.2186379447083537 1.0000000180025095e-35 1.0000000180025095e-35 4.5000000000000009 2028.0000000000002 31832.863780073301 0.81979589338874315 1.0250899880241056 1.0144370916682817 1.1201071056310488 0.84443589120776641 1.2707031396532262 1.0889433893954059
decision_type=2 2 2 2 2 2 2 2 2 2 2 2 2 2 2 2 2 2 2 2 2 2 2
left_child=1 16 5 -4 13 -2 7 -7 -9 -10 11 19 -12 15 -15 -5 -1 18 20 -3 -18 -16 -13
right_child=2 10 3 4 -6 6 -8 8 9 -11 12 22 -14 14 21 -17 17 -19 -20 -21 -22 -23 -24
leaf_value=0.57539522669445009 3.7819691318436508 -1.010638119838543 4.215027883373911 -0.76814307239044577 48.585760458225849 -0.041136585357381267 2.008158443091959 0.34031866871034111 -0.93178946772713722 0.018519156269192018 -0.88513885841154671 -0.54515137558855586 -0.2737225737978452 0.4074784697036713 -0.15144562994645405 1.2781394254755156 -0.22583092813592526 0.14725341570039982 -0.33585822093779316 0.30085462385957895 0.022275020524356686 -0.46991827772439837 -0.22177125567288225
leaf_weight=132 1101 35 87 20 34 31 721 219 32 56 39 41 45 22 21 20 33 55 21 34 257 39 105
leaf_count=132 1101 35 87 20 34 31 721 219 32 56 39 41 45 22 21 20 33 55 21 34 257 39 105
internal_value=0.00271875 -0.000520702 0.00379318 6.17286e-05 -0.00205128 0.00421296 0.00344193 0.000414201 0.00109121 -0.00181818 -0.0033612 -0.0022093 -0.00630952 -0.00401639 -0.00597561 1.86265e-10 0.00118474 0.000355191 -0.000305466 0.00137681 0.000344828 -0.00916667 -0.00390411
internal_weight=3200 797 2403 243 156 2160 1059 338 307 88 299 215 84 122 82 40 498 366 311 69 290 60 146
internal_count=3200 797 2403 243 156 2160 1059 338 307 88 299 215 84 122 82 40 498 366 311 69 290 60 146
is_linear=0
shrinkage=0.05


Tree=63
num_leaves=24
num_cat=0
split_feature=5 3 9 9 5 14 5 14 5 14 5 2 14 3 9 5 9 9 5 14 14 9 9
split_gain=2.93158 0.470014 0.522332 0.407525 0.774413 0.394398 0.37289 0.36 0.34803 0.29632 0.208527 0.266032 0.189483 0.209845 0.192828 0.267358 0.124979 0.227487 0.118761 0.250473 0.109375 0.105792 0.272498
threshold=1.2219435672352013 1.0000000180025095e-35 81076.417220917836 32699.8895881305 1.2763659920887931 37874.887825184371 1.3139262358533974 25325.795441447299 0.78373573599831148 92247.864999105368 1.0799996144149753 2028.0000000000002 13746.170165645583 1.0000000180025095e-35 29463.421513361976 1.1247139233445755 23475.011562108728 71049.084671081349 1.0957729233068609 31380.792413476946 66976.985041961481 29714.669287288703 32699.8895881305
decision_type=2 2 2 2 2 2 2 2 2 2 2 2 2 2 2 2 2 2 2 2 2 2 2
left_child=8 2 3 4 -2 6 7 -5 -1 -4 11 -10 13 14 15 -12 -3 -18 19 -14 -21 -13 -23
right_child=1 16 9 5 -6 -7 -8 -9 10 -11 12 21 18 -15 -16 -17 17 -19 -20 20 -22 22 -24
leaf_value=1.6317981207981518 0.17322146839648159 -0.24504267162770912 -0.74474662117779244 -0.74265969419319411 -0.61980811652774159 0.51287510219038812 1.3385540662991415 0.21526504683683412 1.5462246180319377 -0.2735635452879423 1.1003042512960579 1.1512415749116842 -0.4281928233760921 0.62517512115527918 0.77662193793371503 -0.019143519760992336 0.54174278001168152 -0.20633216995165171 0.39337044817898925 1.6914658595848513 0.4691491103545542 -0.10746736769809584 0.49961456982849639
leaf_weight=390 34 20 20 25 37 42 23 20 596 22 20 301 24 41 49 42 50 31 480 28 36 50 819
leaf_count=390 34 20 20 25 37 42 23 20 596 22 20 301 24 41 49 42 50 31 480 28 36 50 819
internal_value=0.00271875 -0.00179012 -0.00307175 -0.00190608 -0.00485915 1.86265e-10 -0.00235294 -0.005 0.0032267 -0.00809524 0.00300885 0.00330125 0.00229167 0.000723684 -0.000405405 -0.00225806 0.0010396 0.00191358 0.00271127 0.00102273 0.00265625 0.00286325 0.00258343
internal_weight=3200 324 223 181 71 110 68 45 2876 42 2486 1766 720 152 111 62 101 81 568 88 64 1170 869
internal_count=3200 324 223 181 71 110 68 45 2876 42 2486 1766 720 152 111 62 101 81 568 88 64 1170 869
is_linear=0
shrinkage=0.05


Tree=64
num_leaves=24
num_cat=0
split_feature=0 5 5 0 0 2 5 5 14 14 9 9 5 14 1 0 0 5 14 9 0 2 9
split_gain=6.14648 1.51986 0.930228 0.659173 0.982308 0.647886 0.81448 0.610041 0.582754 0.530508 0.454305 0.468452 0.397631 0.659575 0.402647 0.377599 1.85451 0.509714 0.745903 0.358761 0.33368 0.938967 0.422735
threshold=1.5000000000000002 1.1868812869523457 0.7234857934403881 3.5000000000000004 6.5000000000000009 2032.5000000000002 1.2219435672352013 0.90950991201765119 93701.059525829041 109035.99967751505 108389.3809212145 49542.054743929395 0.99359874653726477 27971.212466760018 1.5000000000000002 4.5000000000000009 5.5000000000000009 0.8773188062680034 5418.2681822640598 21183.803941201466 4.5000000000000009 2028.0000000000002 70537.804777454978
decision_type=2 2 2 2 2 2 2 2 2 2 2 2 2 2 2 2 2 2 2 2 2 2 2
left_child=2 15 -1 -3 19 7 10 -4 -9 -10 11 12 14 -14 -7 -2 17 -17 -19 -5 -21 -22 -23
right_child=1 3 5 4 -6 6 -8 8 9 -11 -12 -13 13 -15 -16 16 -18 18 -20 20 21 22 -24
leaf_value=1.6600128677625119 3.5827759644425892 4.2502706649622883 0.31996349721423983 -0.054775980159626182 47.769785249344636 0.054647025045057501 -1.0576898842334528 -0.058470445929717355 -0.42387673974334289 -0.036829252221930009 -0.4740476076870267 0.014664154253503156 -0.019116465113943382 -1.7498377135488246 -0.059881430251458471 1.020438696876331 2.0245833249337211 -0.2919850746552386 0.0030679241065713126 0.32918313565410495 0.65681077963774159 -0.28585780691609503 -0.25232011578360958
leaf_weight=54 1057 117 126 32 54 36 30 332 23 28 20 67 30 29 22 81 688 25 206 47 25 47 24
leaf_count=54 1057 117 126 32 54 36 30 332 23 28 20 67 30 29 22 81 688 25 206 47 25 47 24
internal_value=0.00246875 0.00373075 -0.00133626 0.00066474 -0.000895196 -0.00179677 -0.00397436 -0.000795678 -0.00178851 -0.00676471 -0.00284314 -0.00206522 -0.00397436 -0.00686441 -0.00103448 0.00424648 0.00355 0.000352564 -0.000844156 -0.00271429 -0.00164336 -0.00333333 -0.00626761
internal_weight=3200 2403 797 346 229 743 234 509 383 51 204 184 117 59 58 2057 1000 312 231 175 143 96 71
internal_count=3200 2403 797 346 229 743 234 509 383 51 204 184 117 59 58 2057 1000 312 231 175 143 96 71
is_linear=0
shrinkage=0.05


Tree=65
num_leaves=24
num_cat=0
split_feature=0 5 5 5 9 2 0 0 14 0 0 5 2 14 1 14 5 9 9 5 5 14 14
split_gain=6.19706 1.47224 0.930228 0.581385 0.755738 0.657888 0.560001 0.787831 0.500338 0.436503 1.82041 0.478561 0.424375 0.507476 0.423163 0.63392 0.524238 0.447503 0.391128 0.371688 0.357444 0.384773 0.293544
threshold=1.5000000000000002 1.2219435672352013 0.7234857934403881 1.2186379447083537 63819.959179999823 2032.5000000000002 3.5000000000000004 6.5000000000000009 134958.33696149429 4.5000000000000009 5.5000000000000009 0.8773188062680034 2028.0000000000002 5418.2681822640598 1.5000000000000002 1.0000000180025095e-35 1.1606499400286758 28005.996473395364 21183.803941201466 1.0768515561198984 0.89145594291848762 109035.99967751505 57769.506581224101
decision_type=2 2 2 2 2 2 2 2 2 2 2 2 2 2 2 2 2 2 2 2 2 2 2
left_child=2 9 -1 8 5 -5 -3 18 14 -2 11 -11 -13 -14 16 -16 20 -17 -8 -19 22 -22 -4
right_child=1 6 3 4 -6 -7 7 -9 -10 10 -12 12 13 -15 15 17 -18 19 -20 -21 21 -23 -24
leaf_value=1.5770122243743854 3.3528231031883053 3.802853774240166 0.48918090869749797 0.13824755535618766 -0.92493094442141599 -1.0048053916091173 -0.1253137721127511 43.792771438458459 -0.24954533271375953 0.96941676203251415 1.7457189521622425 0.37030021239072303 -0.42933555800661022 -0.016398349099844011 -0.5605727715386517 0.62788184515305234 0.4165790661731526 -0.016821541608167106 -0.17862428754161241 -0.22445768231487595 -0.22068789727568944 0.63264505743045385 -0.037242079500242109
leaf_weight=54 1101 87 82 39 25 20 20 34 27 81 721 78 21 158 21 28 41 38 102 20 329 20 53
leaf_count=54 1101 87 82 39 25 20 20 34 27 81 721 78 21 158 21 28 41 38 102 20 329 20 53
internal_value=0.00248438 0.00375156 -0.00133626 -0.00179677 -0.00571429 -0.00262712 6.17286e-05 -0.00173077 -0.00129742 0.00416667 0.00344193 0.000414201 -0.000642023 -0.00198324 -0.00101266 -0.0038785 -0.000428571 -0.00197674 -0.00360656 -0.00448276 -0.00088843 -0.00173352 0.0012963
internal_weight=3200 2403 797 743 84 59 243 156 659 2160 1059 338 257 179 632 107 525 86 122 58 484 349 135
internal_count=3200 2403 797 743 84 59 243 156 659 2160 1059 338 257 179 632 107 525 86 122 58 484 349 135
is_linear=0
shrinkage=0.05


Tree=66
num_leaves=24
num_cat=0
split_feature=0 5 5 0 0 5 1 14 0 0 5 1 5 5 5 2 14 14 14 2 5 14 14
split_gain=5.2679 1.40658 0.840406 0.560001 0.787831 0.507117 0.807387 0.569463 0.497588 2.01058 0.529417 0.390088 0.462378 0.427135 0.472545 0.37945 0.360856 0.342009 0.39135 0.335769 0.304068 0.412915 1.35422
threshold=1.5000000000000002 1.2219435672352013 0.7234857934403881 3.5000000000000004 6.5000000000000009 1.2186379447083537 1.0000000180025095e-35 131106.25198716007 4.5000000000000009 5.5000000000000009 1.0032139549102579 1.5000000000000002 1.1606499400286758 1.1341559608270042 0.86877205742491304 2032.5000000000002 20437.714070413018 7701.8585534017775 31832.863780073301 2032.5000000000002 0.90950991201765119 57769.506581224101 76371.433228275593
decision_type=2 2 2 2 2 2 2 2 2 2 2 2 2 2 2 2 2 2 2 2 2 2 2
left_child=2 8 -1 -3 16 7 -7 11 -2 10 15 12 20 14 -13 -10 -5 -12 -19 -18 21 -4 -23
right_child=1 3 5 4 -6 6 -8 -9 9 -11 17 13 -14 -15 -16 -17 19 18 -20 -21 -22 22 -24
leaf_value=1.4981616131556674 3.185181948028891 3.6127110855281579 0.40014236515087964 -0.23712552518098648 41.603132866535539 -0.71988987754125544 -0.23347478491916318 -0.12133870002495445 0.88085241547354265 1.6584330045541309 -0.30685258157994799 -0.21230828717287001 0.39575011286449269 -0.33589568499220107 0.0047126338226647748 -0.016783440972124235 0.10029558506095992 0.064889870578893991 -0.24207598547874173 -0.17247297208154713 -0.124063706890883 -0.69450614877597394 0.52978437899274056
leaf_weight=54 1101 87 93 40 34 39 45 32 115 721 24 23 41 20 64 66 49 45 88 33 329 20 37
leaf_count=54 1101 87 93 40 34 39 45 32 115 721 24 23 41 20 64 66 49 45 88 33 329 20 37
internal_value=0.0025 0.00366833 -0.00102258 6.17286e-05 -0.00173077 -0.0014603 -0.00511905 -0.00099393 0.00407407 0.00330028 0.000118343 -0.000661882 -9.61537e-05 -0.00341121 -0.00189655 0.00196133 -0.00360656 -0.00200637 -0.00101504 -0.00170732 -0.000532359 0.00133333 -0.00201754
internal_weight=3200 2403 797 243 156 743 84 659 2160 1059 338 627 520 107 87 181 122 157 133 82 479 150 57
internal_count=3200 2403 797 243 156 743 84 659 2160 1059 338 627 520 107 87 181 122 157 133 82 479 150 57
is_linear=0
shrinkage=0.05


Tree=67
num_leaves=24
num_cat=0
split_feature=0 5 5 5 9 14 0 0 0 0 5 2 5 2 2 9 5 5 14 14 5 5 14
split_gain=4.67523 1.39039 0.771831 0.584481 0.88427 0.62383 0.560001 0.787831 0.411208 1.88532 0.481588 0.771429 0.477263 0.587064 0.396023 0.391128 0.299601 0.44518 0.527309 0.42743 0.356221 0.285714 0.31312
threshold=1.5000000000000002 1.2219435672352013 0.7234857934403881 1.2186379447083537 63819.959179999823 131106.25198716007 3.5000000000000004 6.5000000000000009 4.5000000000000009 5.5000000000000009 0.69457110385268972 2028.0000000000002 0.81129936193001229 2028.0000000000002 2032.5000000000002 21183.803941201466 1.1606499400286758 1.0768515561198984 66336.923133173448 40268.213581264739 1.0957729233068609 1.1736257539432646 17091.676554529437
decision_type=2 2 2 2 2 2 2 2 2 2 2 2 2 2 2 2 2 2 2 2 2 2 2
left_child=2 8 -1 5 14 16 -3 15 10 12 11 -2 -10 -14 -5 -8 17 -4 19 20 -19 22 -15
right_child=1 6 3 4 -6 -7 7 -9 9 -11 -12 -13 13 21 -16 -17 -18 18 -20 -21 -22 -23 -24
leaf_value=1.4232535324978839 -0.32822026949142613 3.4320755312517499 0.0014249175768932605 0.16246552191636876 -0.84268990332328397 -0.11527176502370838 -0.1071918072480612 39.522976223208758 1.6150393194285866 1.5755113543264245 3.4753358177199334 1.2050662491053103 0.37810145455672056 -0.29350576895500169 -0.94289138278270268 -0.16028550496212202 0.058990419613488165 -0.95885818147296475 0.060645147435042429 -1.0309501895399265 -0.22744055171531113 0.022681730753472865 -0.070543504601927029
leaf_weight=54 28 87 453 39 25 32 20 34 46 721 1031 42 92 44 20 102 55 22 33 21 43 25 131
leaf_count=54 28 87 453 39 25 32 20 34 46 721 1031 42 92 44 20 102 55 22 33 21 43 25 131
internal_value=0.00254688 0.00364752 -0.000771643 -0.00119112 -0.00511905 -0.00069044 6.17286e-05 -0.00173077 0.00405093 0.0033475 0.00472752 0.000714286 0.000266272 -0.000479452 -0.00177966 -0.00360656 -0.000342903 -0.000681818 -0.00340336 -0.00546512 -0.00346154 -0.002 -0.00271429
internal_weight=3200 2403 797 743 84 659 243 156 2160 1059 1101 70 338 292 59 122 627 572 119 86 65 200 175
internal_count=3200 2403 797 743 84 659 243 156 2160 1059 1101 70 338 292 59 122 627 572 119 86 65 200 175
is_linear=0
shrinkage=0.05


Tree=68
num_leaves=24
num_cat=0
split_feature=0 0 0 14 9 9 9 14 2 2 0 14 2 9 9 14 3 9 9 14 14 14 9
split_gain=4.54343 0.68068 1.96597 0.471273 0.6216 0.524609 0.354057 0.277613 0.297571 0.269607 0.254188 0.413336 0.245287 0.685902 0.380324 0.385509 0.331164 0.49477 0.318722 0.527028 0.462963 0.249058 0.609524
threshold=1.5000000000000002 4.5000000000000009 5.5000000000000009 4513.9507278697574 69369.10143872122 85577.895069765436 98460.667044204791 32901.187749280856 2028.0000000000002 2028.0000000000002 3.5000000000000004 18054.123634583786 2032.5000000000002 114334.6967750131 15932.597226141766 26632.198794214808 1.0000000180025095e-35 35278.040632702847 100318.41913736083 89442.185433954946 109035.99967751505 1.0000000180025095e-35 22441.347383663178
decision_type=2 2 2 2 2 2 2 2 2 2 2 2 2 2 2 2 2 2 2 2 2 2 2
left_child=12 9 3 -3 7 -6 -7 -5 -9 10 -2 -12 18 14 -14 -16 17 -17 19 21 -21 22 -1
right_child=1 2 -4 4 5 6 -8 8 -10 -11 11 -13 13 -15 15 16 -18 -19 -20 20 -22 -23 -24
leaf_value=-0.30730642091459381 2.9474495520844832 -0.075207923049297853 1.293829292353148 0.19896111802225369 -0.37336184576394948 1.2424596588675556 -0.078647894807744298 0.60129387113126753 -0.13298628049248704 3.9565754829014277 -0.39951997699452307 0.41144380876121817 -0.87854028691375596 -0.69846124563126433 0.017260840510366682 -0.97940268142770792 -0.45513118975350397 0.098548358798706645 0.19582975624464369 -0.32709744012179304 -0.016133106153838703 0.013944725829683403 0.1148219284184312
leaf_weight=20 281 45 800 113 30 21 52 39 75 813 39 95 25 23 76 21 48 65 60 27 27 377 28
leaf_count=20 281 45 800 113 30 21 52 39 75 813 39 95 25 23 76 21 48 65 60 27 27 377 28
internal_value=0.0025625 0.00364752 0.00278723 -0.0002 0.000454546 -0.00276699 -0.000479452 0.0019163 0.000175439 0.00447068 0.00343374 0.00164179 -0.000708908 -0.00197674 -0.00117021 -0.00047619 -0.00208955 -0.000232558 -0.000102041 -0.000532359 -0.00518518 5.88237e-05 -0.00333333
internal_weight=3200 2403 1175 375 330 103 73 227 114 1228 415 134 797 258 235 210 134 86 539 479 54 425 48
internal_count=3200 2403 1175 375 330 103 73 227 114 1228 415 134 797 258 235 210 134 86 539 479 54 425 48
is_linear=0
shrinkage=0.05


Tree=69
num_leaves=24
num_cat=0
split_feature=0 5 5 0 0 5 5 9 0 0 0 0 5 2 5 2 9 4 5 14 12 5 5
split_gain=3.75445 1.52207 0.890515 0.74827 1.12656 0.627658 0.603658 0.88427 0.574086 0.533522 1.92743 0.471234 0.604938 0.453389 0.50266 0.396023 0.319531 0.302469 0.271295 0.267593 0.253293 0.270563 0.374598
threshold=1.5000000000000002 1.1929189992625617 0.78373573599831148 3.5000000000000004 6.5000000000000009 0.65310525781714035 1.2186379447083537 63819.959179999823 4.5000000000000009 4.5000000000000009 5.5000000000000009 5.5000000000000009 1.3045710058769706 2028.0000000000002 0.81129936193001229 2032.5000000000002 32186.222489441887 1.0000000180025095e-35 1.1791299085562905 33245.47078636416 1.0000000180025095e-35 0.92299584235516574 1.044047398982596
decision_type=2 2 2 2 2 2 2 2 2 2 2 2 2 2 2 2 2 2 2 2 2 2 2
left_child=2 5 -1 -3 11 8 18 15 -2 -7 13 12 17 -11 -15 -8 -13 19 -4 -5 21 -16 -23
right_child=1 3 6 4 -6 9 7 -9 -10 10 -12 16 -14 14 20 -17 -18 -19 -20 -21 -22 22 -24
leaf_value=0.77531799567965343 -0.14586633653409678 3.3329880276445181 -0.048463430322303963 -0.12207005799543409 38.975404195101056 3.0167307654400077 0.16649505630837189 -0.80135212788309618 3.4417863692681054 0.49140999125381496 1.5878426169754436 -0.012939653692443898 -0.46596076799108649 1.1682620986807994 -0.12207182022317986 -0.87036889743968548 -0.32462388047298829 0.23727198964151919 0.060708037208520298 0.59415426936190296 -0.38315274623847023 0.078688968035705631 -0.053952939773348585
leaf_weight=97 43 110 580 24 52 1022 39 25 27 95 672 21 27 28 33 20 37 27 36 30 20 68 67
leaf_count=97 43 110 580 24 52 1022 39 25 27 95 672 21 27 28 33 20 37 27 36 30 20 68 67
internal_value=0.00245313 0.00343945 -0.000520702 0.00027439 -0.00142202 0.00393976 -0.00114286 -0.00511905 -0.000714286 0.00410224 0.0032706 -0.00343373 -0.00148148 1.60774e-05 -0.00125 -0.00177966 -0.00706897 0.000679013 -0.000600649 -0.00148148 -0.00218085 -0.00154762 -0.000555555
internal_weight=3200 2403 797 328 218 2075 700 84 70 2005 983 166 108 311 216 59 58 81 616 54 188 168 135
internal_count=3200 2403 797 328 218 2075 700 84 70 2005 983 166 108 311 216 59 58 81 616 54 188 168 135
is_linear=0
shrinkage=0.05


Tree=70
num_leaves=24
num_cat=0
split_feature=0 5 0 0 5 9 5 5 0 0 2 0 0 5 9 0 2 14 14 9 5 9 9
split_gain=3.7946 1.63052 0.817665 1.20847 0.772644 0.88427 0.621175 0.595777 0.574086 0.502778 0.687882 0.440696 1.79945 0.565202 0.433929 0.555008 0.396023 0.360062 0.305038 0.851264 0.359709 0.2816 0.301535
threshold=1.5000000000000002 1.1929189992625617 3.5000000000000004 6.5000000000000009 1.2186379447083537 63819.959179999823 0.65310525781714035 0.7234857934403881 4.5000000000000009 4.5000000000000009 2028.0000000000002 4.5000000000000009 5.5000000000000009 1.0032139549102579 70537.804777454978 5.5000000000000009 2032.5000000000002 139281.75868578971 1.0000000180025095e-35 18157.078817137259 1.1606499400286758 19992.059219517101 38374.317052254228
decision_type=2 2 2 2 2 2 2 2 2 2 2 2 2 2 2 2 2 2 2 2 2 2 2
left_child=4 6 -3 9 7 16 8 -1 -2 -4 -11 -8 13 -13 15 -12 -6 18 19 -9 -20 -15 -23
right_child=1 2 3 -5 5 -7 11 17 -10 10 14 12 -14 21 -16 -17 -18 -19 20 -21 -22 22 -24
leaf_value=1.3112426009681757 -0.13857301970739258 3.1663386262622923 0.15520465844634007 37.026633985346002 0.15817030349295441 -0.76128452148894143 2.865894227168007 -0.51506251712126827 3.2696970508047003 0.10300368935925625 0.0069274057722301108 0.18066722129744159 1.5084504861266712 -0.34065497394748717 -0.20890327053857269 -0.5856857932351448 -0.82685045256770173 -0.35137596513008695 -0.013416876953316151 0.035400907882838582 0.097535975338663788 0.063704587170772473 -0.67035873677392432
leaf_weight=54 43 110 53 52 39 25 1022 21 27 33 27 172 672 25 24 29 20 21 536 29 52 48 66
leaf_count=54 43 110 53 52 39 25 1022 21 27 33 27 172 672 25 24 29 20 21 536 29 52 48 66
internal_value=0.00240625 0.00339784 0.000121951 -0.00165138 -0.000583438 -0.00511905 0.00391566 -4.90882e-05 -0.000714286 -0.00373494 -0.00561947 0.00407731 0.00332147 0.000176849 -0.008125 -0.00571429 -0.00177966 -0.000462822 -0.000250784 -0.004 6.80274e-05 -0.00219424 -0.00114035
internal_weight=3200 2403 328 218 797 84 2075 713 70 166 113 2005 983 311 80 56 59 659 638 50 588 139 114
internal_count=3200 2403 328 218 797 84 2075 713 70 166 113 2005 983 311 80 56 59 659 638 50 588 139 114
is_linear=0
shrinkage=0.05


Tree=71
num_leaves=24
num_cat=0
split_feature=0 5 5 9 0 0 5 5 0 0 0 0 9 0 5 14 5 5 9 14 9 14 14
split_gain=3.95491 1.45546 0.98875 0.755738 0.601074 0.961564 0.579343 0.571072 0.682379 1.24686 0.498232 1.6137 0.410825 0.405985 0.373804 0.368991 0.287375 0.265755 0.218519 0.584791 0.345773 0.209847 0.398722
threshold=1.5000000000000002 1.2117169584834451 1.2186379447083537 63819.959179999823 3.5000000000000004 6.5000000000000009 0.7234857934403881 0.69793972264986914 4.5000000000000009 3.5000000000000004 4.5000000000000009 5.5000000000000009 21183.803941201466 5.5000000000000009 1.2871692012751637 134958.33696149429 1.3206071419525591 0.81129936193001229 15932.597226141766 1027.2329608285802 28005.996473395364 16233.39727000028 32901.187749280856
decision_type=2 2 2 2 2 2 2 2 2 2 2 2 2 2 2 2 2 2 2 2 2 2 2
left_child=2 7 6 16 -3 12 -1 8 9 -2 -9 17 -6 14 -14 18 -4 -12 19 -8 -20 -19 -23
right_child=1 4 3 -5 5 -7 15 10 -10 -11 11 -13 13 -15 -16 -17 -18 21 20 -21 -22 22 -24
leaf_value=1.2456804709197673 1.1890767692970499 2.962244152722572 0.11684159265102548 -0.7232202954144934 -0.10158508594254004 34.564775212730432 -0.49116400542722038 2.9399468517005953 2.9284389939172502 -0.3661670754862798 1.1008156326818868 1.2779239150048394 0.14751760280664164 -0.1787788533695728 -0.33640772396356278 -0.20093112957753478 -0.78550792993931828 -0.035755103211805632 0.4460411447619812 0.051497279056457207 -0.012127098748347713 0.23253152662099083 -0.067690697956857226
leaf_weight=54 45 91 39 25 24 42 20 1019 53 29 28 673 44 39 32 27 20 66 82 43 487 59 159
leaf_count=54 45 91 39 25 24 42 20 1019 53 29 28 673 44 39 32 27 20 66 82 43 487 59 159
internal_value=0.00246875 0.00348107 -0.000583438 -0.00571429 3.67649e-05 -0.00162983 2.10381e-05 0.00392069 0.000669292 -0.00243243 0.00412675 0.00332487 -0.00363309 -0.0023913 -0.000263158 -0.00038695 -0.00262712 0.000352564 -0.000142405 -0.00293651 0.00016696 -0.000105634 0.000642202
internal_weight=3200 2403 797 84 272 181 713 2131 127 74 2004 985 139 115 76 659 59 312 632 63 569 284 218
internal_count=3200 2403 797 84 272 181 713 2131 127 74 2004 985 139 115 76 659 59 312 632 63 569 284 218
is_linear=0
shrinkage=0.05


Tree=72
num_leaves=24
num_cat=0
split_feature=0 5 5 0 0 5 0 5 1 0 2 9 14 14 9 0 0 0 5 5 2 4 9
split_gain=4.03693 1.54214 0.776294 0.74827 1.12656 0.55569 0.486195 0.435674 0.610501 0.430222 0.591311 0.614545 0.624531 0.402163 1.05195 0.330208 0.69969 0.781129 0.860032 0.324045 0.339292 0.468877 0.275784
threshold=1.5000000000000002 1.1929189992625617 0.74913494031657268 3.5000000000000004 6.5000000000000009 0.64085307532971936 4.5000000000000009 1.2186379447083537 1.0000000180025095e-35 4.5000000000000009 2028.0000000000002 30956.258467880663 44144.117302128616 1.0000000180025095e-35 21939.235272465896 3.5000000000000004 5.5000000000000009 4.5000000000000009 0.73493166520396247 0.81129936193001229 2028.0000000000002 1.0000000180025095e-35 78689.615312106165
decision_type=2 2 2 2 2 2 2 2 2 2 2 2 2 2 2 2 2 2 2 2 2 2 2
left_child=2 5 -1 -3 9 6 -2 13 -9 -5 -11 -12 -13 14 -4 -7 17 18 -17 -19 -21 22 -22
right_child=1 3 7 4 -6 15 -8 8 -10 10 11 12 -14 -15 -16 16 -18 19 -20 20 21 -23 -24
leaf_value=1.0663355705211401 -0.150738698969622 2.8599094873130486 -0.43969068071575423 0.14006854538369029 33.447063525442182 4.4935323518749355 3.1578662701123705 -0.49966903667476559 -0.23464991227318463 0.079173558933880561 -0.009726414709214138 -0.95007684949966453 -0.1814333647397797 -0.0090450075393717529 0.11034031305690024 -0.28951801503305918 1.3751521331624614 1.2973304914459434 1.8181556906781371 0.38157405453191429 -0.0026509929868249915 -0.30064347488669529 0.65499264265254986
leaf_weight=72 38 110 22 53 52 683 23 39 45 33 25 23 32 591 28 26 675 38 318 86 106 55 27
leaf_count=72 38 110 22 53 52 683 23 39 45 33 25 23 32 591 28 26 675 38 318 86 106 55 27
internal_value=0.0024375 0.00346026 -0.000646173 0.00027439 -0.00142202 0.00396386 -0.000737705 -0.00113793 -0.00452381 -0.00343373 -0.00517699 -0.0075 -0.0104545 -0.000694228 -0.005 0.00410626 0.00364763 0.00248476 0.00412791 0.000673077 7.29929e-05 -0.00111702 0.000488722
internal_weight=3200 2403 797 328 218 2075 61 725 84 166 113 80 55 641 50 2014 1331 656 344 312 274 188 133
internal_count=3200 2403 797 328 218 2075 61 725 84 166 113 80 55 641 50 2014 1331 656 344 312 274 188 133
is_linear=0
shrinkage=0.05


Tree=73
num_leaves=24
num_cat=0
split_feature=0 5 5 0 0 5 0 5 1 0 0 9 5 2 14 4 9 5 5 0 0 2 9
split_gain=3.83437 1.22494 0.722315 0.618711 0.971372 0.533139 0.486195 0.473279 0.610501 0.411841 1.56132 0.392227 0.37383 0.441171 0.35163 0.349216 0.349829 0.41094 0.344775 0.582751 0.323742 0.987535 0.376042
threshold=1.5000000000000002 1.1929189992625617 0.7234857934403881 3.5000000000000004 6.5000000000000009 0.64085307532971936 4.5000000000000009 1.2186379447083537 1.0000000180025095e-35 4.5000000000000009 5.5000000000000009 21183.803941201466 0.81129936193001229 2028.0000000000002 139281.75868578971 1.0000000180025095e-35 29714.669287288703 1.044047398982596 0.73493166520396247 3.5000000000000004 4.5000000000000009 2028.0000000000002 70537.804777454978
decision_type=2 2 2 2 2 2 2 2 2 2 2 2 2 2 2 2 2 2 2 2 2 2 2
left_child=2 5 -1 -3 11 6 -2 14 -9 18 12 -5 -11 -14 -4 16 -15 -18 19 -7 -13 -22 -23
right_child=1 3 7 4 -6 9 -8 8 -10 10 -12 20 13 15 -16 -17 17 -19 -20 -21 21 22 -24
leaf_value=1.1300796688477237 -0.14320176402114085 2.7169140129473961 -0.01044955723208945 -0.10002754566590998 31.774710349170075 0.9125783779440596 2.9999729566067517 -0.47468558484102896 -0.22291741665952469 1.2324639668736452 1.3063945265043386 0.19190972592496988 0.36249535180531733 0.028721283971685798 -0.32330836104257177 -0.28561130114236183 0.028799683531241987 -0.47021624755328556 2.879842919158067 -0.27504211428140651 0.40379397047758908 -0.29632436784721777 -0.17524068652997493
leaf_weight=54 38 110 638 31 52 40 23 39 45 38 675 46 86 39 21 55 58 36 961 26 25 40 24
leaf_count=54 38 110 638 31 52 40 23 39 45 38 675 46 86 39 21 55 58 36 961 26 25 40 24
internal_value=0.00242188 0.00341864 -0.000583438 0.000579268 -0.000963303 0.00386747 -0.000737705 -0.000989233 -0.00452381 0.00400695 0.00327761 -0.00283133 0.000352564 -0.000291971 -0.000538695 -0.00164894 -0.000263158 -0.00191489 0.00470789 0.00121212 -0.00166667 -0.00342697 -0.00671875
internal_weight=3200 2403 797 328 218 2075 61 743 84 2014 987 166 312 274 659 188 133 94 1027 66 135 89 64
internal_count=3200 2403 797 328 218 2075 61 743 84 2014 987 166 312 274 659 188 133 94 1027 66 135 89 64
is_linear=0
shrinkage=0.05


Tree=74
num_leaves=24
num_cat=0
split_feature=0 5 0 0 5 5 0 5 1 0 2 0 0 0 5 14 5 1 14 14 14 5 5
split_gain=3.7946 1.22172 0.752767 1.20629 0.722315 0.541672 0.486195 0.473279 0.610501 0.377694 0.68807 0.360426 0.682234 0.728609 0.829775 0.35163 0.343813 0.403408 0.359338 0.367294 0.291887 0.262447 0.249837
threshold=1.5000000000000002 1.1705535533486953 3.5000000000000004 6.5000000000000009 0.7234857934403881 0.64085307532971936 4.5000000000000009 1.2186379447083537 1.0000000180025095e-35 4.5000000000000009 2032.5000000000002 3.5000000000000004 5.5000000000000009 4.5000000000000009 0.73493166520396247 139281.75868578971 0.81129936193001229 1.5000000000000002 17091.676554529437 36121.108287454183 16233.39727000028 0.95586954149312564 0.90950991201765119
decision_type=2 2 2 2 2 2 2 2 2 2 2 2 2 2 2 2 2 2 2 2 2 2 2
left_child=4 5 -3 9 -1 6 -2 15 -9 -4 20 -7 13 14 -13 -6 -15 18 -18 -20 -11 22 -21
right_child=1 2 3 -5 7 11 -8 8 -10 10 -12 12 -14 16 -16 -17 17 -19 19 21 -22 -23 -24
leaf_value=1.073575685405338 -0.13604167582008372 2.6915206495754433 0.12383551828586947 31.286974981922391 -0.0099270793704869381 3.9851978260342706 2.8499743087764147 -0.45095130559897695 -0.21177154582655119 -0.029567533963298722 -0.16671130268049605 -0.26129000856733631 1.2607013554885489 1.1708407685299633 1.5316410815316379 -0.30714294299044359 -0.39253745194742828 0.13857628617717441 0.71309993021948925 -0.054187439638307522 0.0024921988406996186 -0.29159320800178762 0.35570739598953033
leaf_weight=54 38 136 58 69 638 657 23 39 45 22 51 26 653 38 313 21 32 49 43 29 64 78 24
leaf_count=54 38 136 58 69 638 657 23 39 45 22 51 26 653 38 313 21 32 49 43 29 64 78 24
internal_value=0.00240625 0.00339784 0.000875 -0.000681818 -0.000583438 0.00390165 -0.000737705 -0.000989233 -0.00452381 -0.00269231 -0.00412409 0.00404737 0.00356031 0.00238924 0.00396755 -0.000538695 0.00056314 -9.8039e-05 -0.00106796 -0.000172414 -0.00139535 -0.00148855 0.00122642
internal_weight=3200 2403 400 264 797 2003 61 743 84 195 137 1942 1285 632 339 659 293 255 206 174 86 131 53
internal_count=3200 2403 400 264 797 2003 61 743 84 195 137 1942 1285 632 339 659 293 255 206 174 86 131 53
is_linear=0
shrinkage=0.05


Tree=75
num_leaves=24
num_cat=0
split_feature=0 5 5 0 0 0 5 9 5 5 9 0 2 0 0 0 5 5 14 14 2 4 5
split_gain=3.52146 1.09484 0.706174 0.626655 1.10112 0.627031 0.854 0.596563 0.520873 0.491472 0.597127 0.486195 0.396023 0.363679 0.896529 0.692784 1.09596 0.394259 0.297597 0.636918 0.292381 0.326961 0.277178
threshold=1.5000000000000002 1.1622726803406749 0.7234857934403881 3.5000000000000004 6.5000000000000009 5.5000000000000009 1.227147445777961 21183.803941201466 0.64085307532971936 1.2186379447083537 63819.959179999823 4.5000000000000009 2032.5000000000002 3.5000000000000004 5.5000000000000009 4.5000000000000009 0.76776440733639562 1.0032139549102579 8871.4028996750731 36121.108287454183 2028.0000000000002 1.0000000180025095e-35 1.2871692012751637
decision_type=2 2 2 2 2 2 2 2 2 2 2 2 2 2 2 2 2 2 2 2 2 2 2
left_child=2 8 -1 -3 5 7 -7 -5 11 -4 12 -2 -11 -10 15 16 -15 20 -19 -20 -17 -22 -9
right_child=1 3 9 4 -6 6 -8 22 13 10 -12 -13 -14 14 -16 17 -18 18 19 -21 21 -23 -24
leaf_value=1.0198969011350714 -0.12923959202907964 2.7467851716245368 -0.019283011121446168 -0.094671504800690851 29.865221154740489 -0.41784096718623459 -0.081712736985723608 0.16447063414292784 3.7684266252066672 0.21295177768427664 -0.61579398428802778 2.7074755933375942 -0.71276558970439374 -0.15087440039764205 1.2271819655969276 0.90009899539966676 1.7190606459352844 -0.32319673710547303 0.38491190428239347 -0.66565194525841509 0.061283449927725366 -0.12367702949179021 -0.25338034964938844
leaf_weight=54 38 148 659 24 71 24 43 85 645 39 25 23 20 37 647 51 298 20 42 53 78 44 32
leaf_count=54 38 148 659 24 71 24 43 85 645 39 25 23 20 37 647 51 298 20 42 53 78 44 32
internal_value=0.00235938 0.00331461 -0.000520702 0.00101874 -0.000376344 -0.00221154 -0.00619403 -0.000319149 0.00381073 -0.000921938 -0.00452381 -0.000737705 -0.00177966 0.00395561 0.00346457 0.00211075 0.00365672 0.0003125 -0.00195652 -0.000789473 0.00182081 0.000491803 0.00115385
internal_weight=3200 2403 797 427 279 208 67 141 1976 743 84 61 59 1915 1270 623 335 288 115 95 173 122 117
internal_count=3200 2403 797 427 279 208 67 141 1976 743 84 61 59 1915 1270 623 335 288 115 95 173 122 117
is_linear=0
shrinkage=0.05


Tree=76
num_leaves=24
num_cat=0
split_feature=0 5 5 0 0 0 5 9 5 5 9 0 2 0 0 0 5 5 2 4 5 5 2
split_gain=3.48278 1.13489 0.690216 0.626655 1.10112 0.627031 0.854 0.596563 0.532528 0.510009 0.597127 0.486195 0.396023 0.325456 0.791495 0.682729 1.02207 0.356778 0.343059 0.542297 0.277178 0.266667 0.263985
threshold=1.5000000000000002 1.1622726803406749 0.7234857934403881 3.5000000000000004 6.5000000000000009 5.5000000000000009 1.227147445777961 21183.803941201466 0.64085307532971936 1.2186379447083537 63819.959179999823 4.5000000000000009 2032.5000000000002 3.5000000000000004 5.5000000000000009 4.5000000000000009 0.75321958696535429 0.81129936193001229 2028.0000000000002 1.0000000180025095e-35 1.2871692012751637 1.0660229925427938 2028.0000000000002
decision_type=2 2 2 2 2 2 2 2 2 2 2 2 2 2 2 2 2 2 2 2 2 2 2
left_child=2 8 -1 22 5 7 -7 -5 11 -4 12 -2 -11 -10 15 16 -15 -17 21 -20 -9 -19 -3
right_child=1 3 9 4 -6 6 -8 20 13 10 -12 -13 -14 14 -16 17 -18 18 19 -21 -22 -23 -24
leaf_value=0.96890205607831659 -0.12277761242762564 0.39490613896941662 -0.018318860565371655 -0.089937929560656091 28.371960097003466 -0.39694891882692279 -0.077627100136436811 0.15624710243578277 3.5800052939463338 0.2023041888000654 -0.58500428507362401 2.5721018136707148 -0.67712731021917283 -0.21249102579725371 1.1658228673170805 1.1092345576070799 1.5564024002238306 0.65319299332826319 0.013627302723449886 -0.26892700180583406 -0.24071133216691676 -0.062333030486177325 4.2691467035393114
leaf_weight=54 38 43 659 24 71 24 43 85 645 39 25 23 20 30 647 38 305 60 119 51 32 20 105
leaf_count=54 38 43 659 24 71 24 43 85 645 39 25 23 20 30 647 38 305 60 119 51 32 20 105
internal_value=0.00240625 0.00335622 -0.000457967 0.00101874 -0.000376344 -0.00221154 -0.00619403 -0.000319149 0.00386134 -0.000854643 -0.00452381 -0.000737705 -0.00177966 0.00400783 0.00354331 0.00227127 0.00380597 0.000486111 -0.0002 -0.00147059 0.00115385 0.0025 0.00364865
internal_weight=3200 2403 797 427 279 208 67 141 1976 743 84 61 59 1915 1270 623 335 288 250 170 117 80 148
internal_count=3200 2403 797 427 279 208 67 141 1976 743 84 61 59 1915 1270 623 335 288 250 170 117 80 148
is_linear=0
shrinkage=0.05


Tree=77
num_leaves=24
num_cat=0
split_feature=0 5 5 1 5 9 0 5 0 0 0 5 0 0 5 2 4 5 5 5 5 14 14
split_gain=3.7151 0.976007 0.60187 0.610501 0.522039 0.495502 0.486195 0.3973 0.388555 0.657751 0.534754 1.10189 0.346587 0.409877 0.300487 0.293361 0.32642 0.282006 0.243477 0.305963 0.555556 0.3375 0.504167
threshold=1.5000000000000002 1.1929189992625617 1.2186379447083537 1.0000000180025095e-35 0.64085307532971936 6678.3990766439647 4.5000000000000009 0.7234857934403881 3.5000000000000004 5.5000000000000009 4.5000000000000009 0.76776440733639562 2.5000000000000004 6.5000000000000009 0.81129936193001229 2028.0000000000002 1.0000000180025095e-35 1.1622726803406749 1.1791299085562905 1.0768515561198984 1.0889433893954059 66336.923133173448 40268.213581264739
decision_type=2 2 2 2 2 2 2 2 2 2 2 2 2 2 2 2 2 2 2 2 2 2 2
left_child=2 4 7 -4 6 -3 -2 -1 -6 10 11 -10 -7 -14 -12 -16 -17 -11 19 -9 -21 22 -22
right_child=1 5 3 -5 8 12 -8 18 9 17 14 -13 13 -15 15 16 -18 -19 -20 20 21 -23 -24
leaf_value=0.92045695327440047 -0.11663873180624434 -0.068783448389166335 -0.36836382685094105 -0.22194576685944056 3.5802688980351665 14.411619538197957 2.4434967229871791 0.0023429584786773608 -0.13270612908789758 1.1075317239512268 1.0537728297267266 1.5881260834773134 -0.067523849248128737 25.221810873447193 0.33440522905837294 0.011506174444471426 -0.24862496337121021 -0.017273333707905118 0.056753367310018232 -0.83977406524396059 -0.19990020240109851 0.11791583172737573 -0.70021852308657018
leaf_weight=54 38 22 39 45 683 55 23 479 37 647 38 307 207 44 86 133 55 28 36 24 60 40 20
leaf_count=54 38 22 39 45 683 55 23 479 37 647 38 307 207 44 86 133 55 28 36 24 60 40 20
internal_value=0.0024375 0.00341864 -0.000520702 -0.00452381 0.00381928 0.000884147 -0.000737705 -4.90882e-05 0.0039573 0.0034598 0.00233232 0.00369186 0.00140523 0.00061753 0.000833334 0.000255475 -0.000851064 0.00455556 -0.00038695 -0.000617977 -0.00263889 -0.00125 -0.003125
internal_weight=3200 2403 797 84 2075 328 61 713 2014 1331 656 344 306 251 312 274 188 675 659 623 144 120 80
internal_count=3200 2403 797 84 2075 328 61 713 2014 1331 656 344 306 251 312 274 188 675 659 623 144 120 80
is_linear=0
shrinkage=0.05


Tree=78
num_leaves=24
num_cat=0
split_feature=0 5 5 2 0 9 5 5 0 0 5 0 0 5 5 2 1 5 5 14 9 14 3
split_gain=3.48278 0.928523 0.662068 1.35364 1.36963 0.495502 0.477524 0.576136 0.432318 1.07538 0.356724 0.346587 0.409877 0.323849 0.31543 0.613577 0.356469 0.28246 0.27007 0.252785 0.347826 0.301947 0.242246
threshold=1.5000000000000002 1.1929189992625617 0.74913494031657268 2028.0000000000002 4.5000000000000009 6678.3990766439647 1.0768515561198984 1.0889433893954059 4.5000000000000009 5.5000000000000009 0.68410257159097154 2.5000000000000004 6.5000000000000009 0.7234857934403881 1.2186379447083537 2032.5000000000002 1.0000000180025095e-35 0.95586954149312564 1.1622726803406749 65411.333608150933 83513.334289184815 4513.9507278697574 1.0000000180025095e-35
decision_type=2 2 2 2 2 2 2 2 2 2 2 2 2 2 2 2 2 2 2 2 2 2 2
left_child=6 2 3 4 10 -3 13 -8 -4 17 -2 -7 -13 -1 22 16 -16 -10 -11 21 -21 -19 -9
right_child=1 5 8 -5 -6 11 7 14 9 18 -12 12 -14 -15 15 -17 -18 19 -20 20 -22 -23 -24
leaf_value=0.87443410561067925 -0.37200075143962413 -0.065344275969707308 2.3835614519312602 1.3895120793927724 2.4143257313364757 13.69103856128806 -0.79778536198176053 -0.19051392892220415 0.066650865616590602 1.0130468473230945 -0.3823274239664961 -0.064147656785722804 23.960720329774833 0.0022258105547418843 -0.3954172487346565 -0.6241425700142913 0.31705669956900728 -0.28387272843484196 -0.016409667022510569 -1.0752016988984339 0.073514925270157419 0.030145536771491812 0.15004911016152539
leaf_weight=54 23 22 949 135 23 55 24 109 125 600 20 207 44 479 25 31 28 20 28 23 23 106 47
leaf_count=54 23 22 949 135 23 55 24 109 125 600 20 207 44 479 25 31 28 20 28 23 23 106 47
internal_value=0.00240625 0.00335622 0.00374699 0.0010199 -0.00484848 0.000884147 -0.000457967 -0.00219697 0.00403949 0.00327027 -0.0101163 0.00140523 0.00061753 0.000403377 -0.00145833 -0.00392857 -0.000660377 0.000791246 0.00444268 -0.000523256 -0.00369565 0.000634921 -0.000128205
internal_weight=3200 2403 2075 201 66 328 797 264 1874 925 43 306 251 533 240 84 53 297 628 172 46 126 156
internal_count=3200 2403 2075 201 66 328 797 264 1874 925 43 306 251 533 240 84 53 297 628 172 46 126 156
is_linear=0
shrinkage=0.05


Tree=79
num_leaves=24
num_cat=0
split_feature=0 5 5 2 0 9 5 0 0 0 0 5 5 2 5 5 5 14 14 1 5 5 2
split_gain=3.29427 0.94422 0.654684 1.13727 1.31429 0.495502 0.449909 0.432373 1.06688 0.346587 0.409877 0.272206 0.466667 0.350649 0.270308 0.257676 0.27413 0.30827 0.565657 0.235714 0.234324 0.267608 0.216964
threshold=1.5000000000000002 1.1929189992625617 0.73493166520396247 2028.0000000000002 4.5000000000000009 6678.3990766439647 0.7234857934403881 4.5000000000000009 5.5000000000000009 2.5000000000000004 6.5000000000000009 1.2186379447083537 1.2517075098283645 2032.5000000000002 1.1622726803406749 1.0032139549102579 1.1384138821861114 16013.768421244518 36121.108287454183 1.0000000180025095e-35 1.1791299085562905 1.1475644911162104 2028.0000000000002
decision_type=2 2 2 2 2 2 2 2 2 2 2 2 2 2 2 2 2 2 2 2 2 2 2
left_child=6 2 3 4 -2 -3 -1 -4 15 -7 -11 20 -13 19 -10 22 17 -17 -19 -14 21 -8 -9
right_child=1 5 7 -5 -6 9 11 8 14 10 -12 12 13 -15 -16 16 -18 18 -20 -21 -22 -23 -24
leaf_value=0.83071240033014415 -0.38539051454501511 -0.062077062171221248 2.1962671722062224 1.3863669569925408 2.2936094447696518 13.006486633223657 -0.0083980055488741909 0.7514615757086901 0.96548008804925345 -0.060940273946436044 22.762684313286091 -0.30379482162186888 -0.47953108880896417 -0.5897693385420828 -0.015589183671384824 -0.33058786566630971 0.020300456042023275 0.41502604155684236 -0.63688905637521265 0.47659792496234704 0.06344139539062997 -0.41945707652104353 0.02333848687850992
leaf_weight=54 40 22 961 121 23 55 587 48 603 207 44 20 20 22 28 25 42 28 44 22 36 36 112
leaf_count=54 40 22 961 121 23 55 587 48 603 207 44 20 20 22 28 25 42 28 44 22 36 36 112
internal_value=0.00245313 0.00337703 0.00377108 0.000923913 -0.00452381 0.000884147 -0.000332497 0.00404812 0.00327957 0.00140523 0.00061753 -0.000652759 -0.00333333 -0.00125 0.00444532 0.000819398 -0.000755395 -0.00221649 -0.000555555 0.00142857 -0.000311077 -0.000537721 0.0021875
internal_weight=3200 2403 2075 184 63 328 797 1891 930 306 251 743 84 64 631 299 139 97 72 42 659 623 160
internal_count=3200 2403 2075 184 63 328 797 1891 930 306 251 743 84 64 631 299 139 97 72 42 659 623 160
is_linear=0
shrinkage=0.05


end of trees

feature_importances:
scale=556
min_water_m=342
type_idx=303
min_habitat_m=296
horizon_year=271
country_idx=34
cooling=21
buffer=15
habitat_hits=1
water_hits=1

parameters:
[boosting: gbdt]
[objective: quantile]
[metric: quantile]
[tree_learner: serial]
[device_type: cpu]
[data_sample_strategy: bagging]
[data: ]
[valid: ]
[num_iterations: 80]
[learning_rate: 0.05]
[num_leaves: 24]
[num_threads: 0]
[seed: 7]
[deterministic: 0]
[force_col_wise: 0]
[force_row_wise: 0]
[histogram_pool_size: -1]
[max_depth: -1]
[min_data_in_leaf: 20]
[min_sum_hessian_in_leaf: 0.001]
[bagging_fraction: 1]
[pos_bagging_fraction: 1]
[neg_bagging_fraction: 1]
[bagging_freq: 0]
[bagging_seed: 17422]
[bagging_by_query: 0]
[feature_fraction: 0.9]
[feature_fraction_bynode: 1]
[feature_fraction_seed: 7040]
[extra_trees: 0]
[extra_seed: 6516]
[early_stopping_round: 0]
[early_stopping_min_delta: 0]
[first_metric_only: 0]
[max_delta_step: 0]
[lambda_l1: 0]
[lambda_l2: 0]
[linear_lambda: 0]
[min_gain_to_split: 0]
[drop_rate: 0.1]
[max_drop: 50]
[skip_drop: 0.5]
[xgboost_dart_mode: 0]
[uniform_drop: 0]
[drop_seed: 15215]
[top_rate: 0.2]
[other_rate: 0.1]
[min_data_per_group: 100]
[max_cat_threshold: 32]
[cat_l2: 10]
[cat_smooth: 10]
[max_cat_to_onehot: 4]
[top_k: 20]
[monotone_constraints: ]
[monotone_constraints_method: basic]
[monotone_penalty: 0]
[feature_contri: ]
[forcedsplits_filename: ]
[refit_decay_rate: 0.9]
[cegb_tradeoff: 1]
[cegb_penalty_split: 0]
[cegb_penalty_feature_lazy: ]
[cegb_penalty_feature_coupled: ]
[path_smooth: 0]
[interaction_constraints: ]
[verbosity: -1]
[saved_feature_importance_type: 0]
[use_quantized_grad: 0]
[num_grad_quant_bins: 4]
[quant_train_renew_leaf: 0]
[stochastic_rounding: 1]
[linear_tree: 0]
[max_bin: 255]
[max_bin_by_feature: ]
[min_data_in_bin: 3]
[bin_construct_sample_cnt: 200000]
[data_random_seed: 61]
[is_enable_sparse: 1]
[enable_bundle: 1]
[use_missing: 1]
[zero_as_missing: 0]
[feature_pre_filter: 1]
[pre_partition: 0]
[two_round: 0]
[header: 0]
[label_column: ]
[weight_column: ]
[group_column: ]
[ignore_column: ]
[categorical_feature: ]
[forcedbins_filename: ]
[precise_float_parser: 0]
[parser_config_file: ]
[objective_seed: 15521]
[num_class: 1]
[is_unbalance: 0]
[scale_pos_weight: 1]
[sigmoid: 1]
[boost_from_average: 1]
[reg_sqrt: 0]
[alpha: 0.1]
[fair_c: 1]
[poisson_max_delta_step: 0.7]
[tweedie_variance_power: 1.5]
[lambdarank_truncation_level: 30]
[lambdarank_norm: 1]
[label_gain: ]
[lambdarank_position_bias_regularization: 0]
[eval_at: ]
[multi_error_top_k: 1]
[auc_mu_weights: ]
[num_machines: 1]
[local_listen_port: 12400]
[time_out: 120]
[machine_list_filename: ]
[machines: ]
[gpu_platform_id: -1]
[gpu_device_id: -1]
[gpu_device_id_list: ]
[gpu_use_dp: 0]
[num_gpu: 1]

end of parameters

pandas_categorical:null
