tree
version=v4
num_class=1
num_tree_per_iteration=1
label_index=0
max_feature_idx=33
objective=quantile
feature_names=type_idx country_idx horizon_year cooling buffer scale nearby_500m nearby_2km nearby_highway_2km min_habitat_m habitat_hits habitat_proximity water_hits water_overlap min_water_m min_road_km snow_mm precip_mm gbif_myotis_myotis gbif_meles_meles gbif_castor_fiber gbif_alcedo_atthis gbif_bombina_variegata gbif_alauda_arvensis gbif_podiceps_cristatus gbif_acrocephalus_scirpaceus gbif_lutra_lutra gbif_ciconia_ciconia gbif_cervus_elaphus gbif_count_500m gbif_count_2km gbif_suitability roadkill_intensity_2km roadkill_count_2km
feature_infos=[0:7] [0:2] [2026:2035] [0:1] [0:1] [0.5:1.6744926934588471] none none none [0:181965.11649798346] [0:3] [0:1] [0:3] [0:1] [0:191884.56234530636] none none none none none none none none none none none none none none none none none none none
tree_sizes=1192 2180 1138 2184 1145 1391 1799 1463 1623 1953 2127 1966 2160 2119 2124 2112 2127 2129 2175 2125 2119 2123 2124 2131 2120 2134 2131 2122 2131 2125 2148 2146 2179 2140 2154 2148 2139 2175 2151 2147 2151 2153 2194 2159 2155 2155 2165 2161 2156 2165 2196 2177 2169 2162 2169 2162 2167 2158 2170 2181 2172 2175 2174 2190 2168 2180 2179 2176 2176 2167 2168 2181 2174 2178 2163 2179 2168 2169 2169 2180

Tree=0
num_leaves=13
num_cat=0
split_feature=0 0 0 5 0 1 5 0 9 5 2 0
split_gain=265.335 249.883 262.213 3.07114 2.56813 0.25 0.219757 0.546032 0.040947 0.0152155 0.0416487 0.12987
threshold=1.5000000000000002 4.5000000000000009 6.5000000000000009 0.69793972264986914 3.5000000000000004 1.0000000180025095e-35 0.76370294337030165 3.5000000000000004 147917.30068338502 0.89145594291848762 2028.0000000000002 3.5000000000000004
decision_type=2 2 2 2 2 2 2 2 2 2 2 2
left_child=-1 3 -3 4 5 -2 7 -5 9 10 11 -8
right_child=1 2 -4 6 -6 -7 8 -9 -10 -11 -12 -13
leaf_value=112.17597503662108 148.69625205993651 128.80747680664064 187.98396148681641 153.22915344238282 145.37661743164062 151.40790405273438 154.79368438720704 145.67749061584473 155.40276794433595 153.74727630615234 150.92565307617187 146.12487335205077
leaf_weight=797 20 780 395 43 29 25 45 20 22 858 145 21
leaf_count=797 20 780 395 43 29 25 45 20 22 858 145 21
internal_value=145.227 145.236 145.219 145.251 145.241 145.249 145.252 145.249 145.252 145.252 145.252 145.251
internal_weight=3200 2403 1175 1228 74 45 1154 63 1091 1069 211 66
internal_count=3200 2403 1175 1228 74 45 1154 63 1091 1069 211 66
is_linear=0
shrinkage=1


Tree=1
num_leaves=24
num_cat=0
split_feature=14 9 5 5 5 14 5 9 9 9 14 14 5 5 9 14 5 9 14 3 9 14 11
split_gain=1.22636 1.90235 1.14057 1.19979 1.06154 1.42409 1.6367 0.851216 2.03457 1.77714 0.873094 1.64347 1.42725 2.08284 1.61922 1.55378 1.19254 0.943558 0.985639 0.821193 1.20496 0.913542 0.811405
threshold=7701.8585534017775 63819.959179999823 0.69793972264986914 1.0799996144149753 1.060018606518166 5852.0679260692568 1.0168842805319001 54743.66459994774 57174.101197701391 47921.525774488982 51804.61238871418 59047.409494490923 1.1220565289214759 1.0829148831568554 90697.026570036673 36456.786621048705 1.0168842805319001 67958.653674776302 42622.485139633092 1.0000000180025095e-35 67958.653674776302 97464.803373875286 0.22200725691921142
decision_type=2 2 2 2 2 2 2 2 2 2 2 2 2 2 2 2 2 2 2 2 2 2 2
left_child=1 2 -1 4 5 6 -4 9 -9 22 12 16 13 14 17 -14 -12 -10 -19 -13 -21 -22 -2
right_child=7 -3 3 -5 -6 -7 -8 8 10 -11 11 19 15 -15 -16 -17 -18 18 -20 20 21 -23 -24
leaf_value=-19.564244689941408 0.27239555358886708 -14.105424346923829 2.0324481582641605 -14.293360748291017 8.5973377227783203 -20.436151733398439 -25.885269775390626 -23.967891540527347 -12.850752296447755 2.9994139099121093 8.7177605438232426 1.1039046096801763 11.190099716186523 -21.403354110717771 -23.366270980834962 -28.374948730468748 5.2257640838623054 5.6873142242431642 -11.719603576660157 -26.744157218933108 -12.932905426025393 1.7817481803894042 4.5124591445922855
leaf_weight=21 1316 20 172 146 22 28 45 41 64 214 31 532 40 20 39 28 32 61 32 22 129 91 54
leaf_count=21 1316 20 172 146 22 28 45 41 64 214 31 532 40 20 39 28 32 61 32 22 129 91 54
internal_value=-1.5625e-05 -0.00242291 -0.00172811 -0.00115012 0.000842697 -0.000102041 0.00126728 0.000382374 -0.000645439 0.00113636 -0.000245317 0.000567503 -0.00264085 -0.00462963 -0.00306122 0.00367647 0.00833333 -0.000796178 0.00241935 -6.45995e-05 -0.00247934 -0.00136364 0.000474453
internal_weight=3200 454 434 413 267 245 217 2746 1162 1584 1121 837 284 216 196 68 63 157 93 774 242 220 1370
internal_count=3200 454 434 413 267 245 217 2746 1162 1584 1121 837 284 216 196 68 63 157 93 774 242 220 1370
is_linear=0
shrinkage=0.05


Tree=2
num_leaves=12
num_cat=0
split_feature=0 0 0 5 0 1 5 14 5 2 0
split_gain=266.331 251.779 262.213 2.73647 2.12498 0.25 0.0816678 0.0865801 0.0302043 0.0756262 0.23223
threshold=1.5000000000000002 4.5000000000000009 6.5000000000000009 0.69793972264986914 3.5000000000000004 1.0000000180025095e-35 0.74913494031657268 37238.526862456951 0.89145594291848762 2028.0000000000002 3.5000000000000004
decision_type=2 2 2 2 2 2 2 2 2 2 2
left_child=-1 3 -3 4 5 -2 7 -5 9 10 -8
right_child=1 2 -4 6 -6 -7 8 -9 -10 -11 -12
leaf_value=-31.04048490524292 4.107967025756837 -15.600679027557375 40.73787275505066 3.4904510383605953 0.142302158355713 5.857987888336182 8.8439144525527951 2.3464992504119873 8.1333711166381839 5.379277033805848 0.76061110019683875
leaf_weight=797 20 780 395 20 29 25 53 22 877 156 26
leaf_count=797 20 780 395 20 29 25 53 22 877 156 26
internal_value=4.6875e-05 0.00835414 -0.00819149 0.0241857 0.0148649 0.0216667 0.0247834 0.022619 0.0248651 0.0243617 0.0231013
internal_weight=3200 2403 1175 1228 74 45 1154 42 1112 235 79
internal_count=3200 2403 1175 1228 74 45 1154 42 1112 235 79
is_linear=0
shrinkage=0.05


Tree=3
num_leaves=24
num_cat=0
split_feature=5 11 5 5 1 5 14 14 9 9 9 5 5 5 9 9 1 5 5 9 9 5 9
split_gain=1.18726 1.40363 1.24883 1.27402 1.58696 2.23624 1.09437 1.91595 1.18043 2.0075 1.10708 2.02657 1.62684 1.06522 0.988194 1.58237 0.937557 0.854819 1.0706 0.933156 1.22741 1.00537 1.3148
threshold=0.75573630341626097 0.76422766155261757 0.8171055759366409 0.8059040640304328 1.5000000000000002 0.78986260667437658 13746.170165645583 18054.123634583786 63819.959179999823 47921.525774488982 35041.684306557909 1.0957729233068609 1.0361395693305118 0.89760273296216397 147917.30068338502 139363.88937513254 1.0000000180025095e-35 0.83355863158709254 0.85598125438276673 112083.73658157387 131419.83541631751 0.9289115094026722 108389.3809212145
decision_type=2 2 2 2 2 2 2 2 2 2 2 2 2 2 2 2 2 2 2 2 2 2 2
left_child=-1 2 3 4 5 -2 8 13 9 10 12 -12 -4 -8 15 17 -15 -9 -19 21 -21 -20 -23
right_child=1 -3 6 -5 -6 -7 7 14 -10 -11 11 -13 -14 16 -16 -17 -18 18 19 20 -22 22 -24
leaf_value=-1.5799805673599239 0.53698961768150333 4.1610006450653074 1.5179217285156241 4.4989053080081955 5.7266731741428387 -20.758278805732729 -11.273653537178042 1.7392140257358564 -12.200256955528261 4.7777007602691652 -23.866907508277894 7.3176594394683834 -12.793729873085024 8.5713929561614997 4.6483298810958855 -20.805224609756472 5.5781678585052497 -11.345799189949037 2.112753430128099 -12.853288474941255 3.6357386168479922 -10.97609375896454 8.515215164089204
leaf_weight=299 100 21 147 52 28 41 24 37 33 78 53 20 202 43 45 30 95 81 289 108 34 1320 20
leaf_count=299 100 21 147 52 28 41 24 37 33 78 53 20 202 43 45 30 95 81 289 108 34 1320 20
internal_value=-9.375e-05 0.000215443 0.000121528 0.00373303 0.00162722 -0.000531915 -0.000178639 0.000329257 -0.0022045 -0.0016 -0.00296209 -0.00856164 -0.00179083 0.00555556 -0.000101833 -0.00027358 0.00724638 -9.26416e-05 -0.000242981 1.41163e-05 -0.00387324 0.000352977 -0.000223881
internal_weight=3200 2901 2880 221 169 141 2659 2126 533 500 422 73 349 162 1964 1919 138 1889 1852 1771 142 1629 1340
internal_count=3200 2901 2880 221 169 141 2659 2126 533 500 422 73 349 162 1964 1919 138 1889 1852 1771 142 1629 1340
is_linear=0
shrinkage=0.05


Tree=4
num_leaves=12
num_cat=0
split_feature=0 0 0 5 2 9 5 5 0 2 9
split_gain=264.672 248.623 262.213 3.45191 2.83247 0.245455 0.181308 0.0553996 0.149391 0.487013 0.0311688
threshold=1.5000000000000002 4.5000000000000009 6.5000000000000009 0.69793972264986914 2028.0000000000002 75281.563854963475 0.74913494031657268 0.92299584235516574 3.5000000000000004 2028.0000000000002 46554.133783376456
decision_type=2 2 2 2 2 2 2 2 2 2 2
left_child=-1 3 -3 4 -2 -6 10 8 -8 -10 -5
right_child=1 2 -4 6 5 -7 7 -9 9 -11 -12
leaf_value=-29.134798668413165 0.12918448426246629 -14.294897944383621 38.930753656082153 2.9833346591186514 2.4555928704929353 2.5693221357059479 8.4807177582931512 8.4195689138221734 0.66084582015276117 2.7720045217156413 1.9422123644542681
leaf_weight=797 30 780 395 20 24 20 211 791 35 75 22
leaf_count=797 30 780 395 20 24 20 211 791 35 75 22
internal_value=-3.125e-05 0.0082501 -0.00819149 0.0239821 0.0135135 0.0215909 0.0246534 0.0247752 0.0242212 0.0227273 0.0214286
internal_weight=3200 2403 1175 1228 74 44 1154 1112 321 110 42
internal_count=3200 2403 1175 1228 74 44 1154 1112 321 110 42
is_linear=0
shrinkage=0.05


Tree=5
num_leaves=15
num_cat=0
split_feature=0 0 0 5 2 2 5 0 5 5 5 14 5 5
split_gain=262.029 243.614 262.213 3.24043 2.83247 0.363879 0.668378 1.07971 0.334259 0.185349 0.170455 0.045614 0.0191078 0.0295918
threshold=1.5000000000000002 4.5000000000000009 6.5000000000000009 0.69793972264986914 2028.0000000000002 2028.0000000000002 0.95167335268837305 3.5000000000000004 0.88809910615481324 0.8171055759366409 0.62638328471186322 4922.091908019037 0.77541647292177396 0.74913494031657268
decision_type=2 2 2 2 2 2 2 2 2 2 2 2 2 2
left_child=-1 3 -3 4 -2 6 7 9 -9 -5 -6 -8 13 -7
right_child=1 2 -4 5 10 12 11 8 -10 -11 -12 -13 -14 -15
leaf_value=-27.678058734992504 0.12272526004934364 -13.580153047164442 36.984215973278047 7.1821884704532621 3.0583852312865263 3.1715736938419341 5.7005247254381191 0.52541701853215772 0.76567893070912452 9.6549241436698452 2.1403242056670195 5.8245275128850942 7.8775576242551812 4.2737026384129528
leaf_weight=797 30 780 395 33 24 29 20 30 24 70 20 208 720 20
leaf_count=797 30 780 395 33 24 29 20 30 24 70 20 208 720 20
internal_value=-0.00015625 0.00808365 -0.00819149 0.0236564 0.0135135 0.0243068 0.0230519 0.0205414 0.0148148 0.0235437 0.0215909 0.0247807 0.024935 0.0239796
internal_weight=3200 2403 1175 1228 74 1154 385 157 54 103 44 228 769 49
internal_count=3200 2403 1175 1228 74 1154 385 157 54 103 44 228 769 49
is_linear=0
shrinkage=0.05


Tree=6
num_leaves=20
num_cat=0
split_feature=0 0 0 2 0 9 9 9 14 4 9 14 0 1 0 14 14 14 9
split_gain=259.727 239.273 262.213 1.52689 1.59325 0.523799 0.758228 0.200993 0.171549 0.272533 0.313469 0.282988 0.210118 0.284512 0.0866286 0.182888 0.186596 0.115152 0.0448454
threshold=1.5000000000000002 4.5000000000000009 6.5000000000000009 2028.0000000000002 2.5000000000000004 26561.902862740313 32699.8895881305 13822.691992603677 105752.66853113325 1.0000000180025095e-35 53587.573669308527 77438.261590318682 3.5000000000000004 1.0000000180025095e-35 3.5000000000000004 61009.010309907906 77438.261590318682 120900.91449326659 64900.107502304374
decision_type=2 2 2 2 2 2 2 2 2 2 2 2 2 2 2 2 2 2 2
left_child=-1 3 -3 4 -2 7 -7 -6 9 11 -11 12 -8 -14 -5 18 -17 -18 -16
right_child=1 2 -4 14 5 6 8 -9 -10 10 -12 -13 13 -15 15 16 17 -19 -20
leaf_value=-26.29415579824288 12.370095058237029 -12.901145394806219 35.135005174614143 11.14565717577833 2.1157701004298248 2.400657159932567 4.5987522698721426 2.3409910985311995 1.7297961570105089 1.8290235822199463 2.3351180215068377 1.7898365542155816 1.5012004579206035 0.65678166998715504 3.9266660413798213 3.7250923629034278 4.1966818957194212 3.1642117406543622 3.0174735784821034
leaf_weight=797 151 780 395 538 26 21 35 36 21 25 24 22 32 22 174 21 38 22 20
leaf_count=797 151 780 395 538 26 21 35 36 21 25 24 22 32 22 174 21 38 22 20
internal_value=-0.000265625 0.00793799 -0.00819149 0.0233713 0.0209036 0.0185606 0.0173267 0.0225806 0.0183702 0.0178125 0.0209184 0.0164414 0.0176966 0.0157407 0.024631 0.0239091 0.0219136 0.0233333 0.0247423
internal_weight=3200 2403 1175 1228 415 264 202 62 181 160 49 111 89 54 813 275 81 60 194
internal_count=3200 2403 1175 1228 415 264 202 62 181 160 49 111 89 54 813 275 81 60 194
is_linear=0
shrinkage=0.05


Tree=7
num_leaves=16
num_cat=0
split_feature=0 0 0 5 0 2 5 2 2 5 0 5 14 5 9
split_gain=256.456 233.14 262.213 7.02244 4.44304 2.35832 1.02111 1.5305 0.277187 0.606207 0.963713 0.280519 0.142029 0.138528 0.045614
threshold=1.5000000000000002 4.5000000000000009 6.5000000000000009 0.70445260993013836 2.5000000000000004 2028.0000000000002 0.7939933396041764 2028.0000000000002 2028.0000000000002 0.95167335268837305 3.5000000000000004 0.89760273296216397 68381.429286431652 0.84443589120776641 12594.434387547166
decision_type=2 2 2 2 2 2 2 2 2 2 2 2 2 2 2
left_child=-1 3 -3 4 -2 -6 7 -5 9 10 13 -12 -9 -8 -11
right_child=1 2 -4 6 5 -7 8 12 -10 14 11 -13 -14 -15 -16
leaf_value=-24.979448008330735 7.1354972898274687 -12.256088125065908 33.378254915883439 0.72832340769845993 -0.39660363956151912 0.62707793200490869 6.6478575129151354 3.8450828778999835 7.2753743814803649 4.2823639445431576 0.85413668755404482 0.47918528603223298 1.2554430561333818 9.3120248721311718 5.4292920859977016
leaf_weight=797 27 780 395 35 23 29 21 49 698 20 22 20 20 56 208
leaf_count=797 27 780 395 35 23 29 21 49 698 20 22 20 20 56 208
internal_value=-0.000421875 0.00772992 -0.00819149 0.0229642 0.0085443 0 0.0239556 0.0192308 0.0244258 0.0232709 0.0203782 0.0142857 0.0235507 0.0237013 0.0247807
internal_weight=3200 2403 1175 1228 79 52 1149 104 1045 347 119 42 69 77 228
internal_count=3200 2403 1175 1228 79 52 1149 104 1045 347 119 42 69 77 228
is_linear=0
shrinkage=0.05


Tree=8
num_leaves=18
num_cat=0
split_feature=0 0 0 5 0 2 5 2 0 0 5 2 9 2 9 1 5
split_gain=253.205 227.086 262.213 6.63146 4.44304 2.35832 1.2101 1.33768 2.33333 0.387157 0.889396 1.36647 0.378665 0.193142 0.35435 0.131185 0.0384615
threshold=1.5000000000000002 4.5000000000000009 6.5000000000000009 0.70445260993013836 2.5000000000000004 2028.0000000000002 0.84148837644085916 2028.0000000000002 2.5000000000000004 3.5000000000000004 0.99971113682726653 2028.0000000000002 49793.364381774642 2032.5000000000002 52040.264737262376 1.0000000180025095e-35 0.86511218695917946
decision_type=2 2 2 2 2 2 2 2 2 2 2 2 2 2 2 2 2
left_child=-1 3 -3 4 -2 -6 7 8 -5 16 11 12 -11 14 -9 -13 -8
right_child=1 2 -4 6 5 -7 9 13 -10 10 -12 15 -14 -15 -16 -17 -18
leaf_value=-23.730475607914201 6.7787224253360954 -11.643283718812611 31.709342170089272 7.3720873112964247 -0.37677345758344249 0.59572403540466323 6.5357577203346002 1.4487458857004611 0.11270794967576876 0.76228886737126667 4.1205445672115308 2.747774242995344 0.79087971549286429 3.6528287340049843 1.5739856898893239 2.7109139562623712 10.649341470452544
leaf_weight=797 27 780 395 27 23 29 25 33 36 29 187 22 22 57 29 57 625
leaf_count=797 27 780 395 27 23 29 25 33 36 29 187 22 22 57 29 57 625
internal_value=-0.000578125 0.00752185 -0.00819149 0.022557 0.0085443 0 0.0235205 0.0197802 0.0138889 0.0242244 0.0227918 0.0196154 0.0132353 0.0228992 0.0209677 0.0237342 0.0249231
internal_weight=3200 2403 1175 1228 79 52 1149 182 63 967 317 130 51 119 62 79 650
internal_count=3200 2403 1175 1228 79 52 1149 182 63 967 317 130 51 119 62 79 650
is_linear=0
shrinkage=0.05


Tree=9
num_leaves=22
num_cat=0
split_feature=0 0 0 5 0 5 14 5 0 14 5 14 5 5 0 5 9 9 9 9 5
split_gain=251.588 224.089 262.213 6.45363 5.51249 1.68519 1.2381 0.630195 0.883896 1.00699 0.373518 0.188134 0.272927 0.158419 0.128393 0.228786 0.381388 0.0321429 0.0282609 0.0210149 0.0272727
threshold=1.5000000000000002 4.5000000000000009 6.5000000000000009 0.78607608646947869 2.5000000000000004 0.70445260993013836 37529.664554630108 0.99971113682726653 3.5000000000000004 12007.686224303439 0.75950280318859287 57175.043194017904 0.87339217932016089 0.89145594291848762 2.5000000000000004 0.91735888585625591 39606.007584924839 45280.802254535833 73802.238560439655 12594.434387547166 1.1014988717077825
decision_type=2 2 2 2 2 2 2 2 2 2 2 2 2 2 2 2 2 2 2 2 2
left_child=-1 3 -3 4 -2 6 -6 8 14 -10 -7 13 -13 -11 -5 16 -16 -15 -18 20 -9
right_child=1 2 -4 7 5 10 -8 19 9 11 -12 12 -14 17 15 -17 18 -19 -20 -21 -22
leaf_value=-22.543951827518487 7.9754294775502066 -11.061119532871983 30.123875061584808 12.660668165650566 0.18481397024302171 0.85072856570735533 -0.19832979064173203 6.0137985790005501 0.80363998726654418 1.3268353413434597 0.38826085840938163 1.5437538741053496 1.2283425180618608 1.8773403725993996 2.8151069539067999 3.8027748142577966 3.2410124445517692 1.5023593800042911 2.1007909678650116 7.2367121160365899 8.5689697341300803
leaf_weight=797 64 780 395 162 24 33 28 20 23 27 23 24 33 36 30 71 26 20 20 540 24
leaf_count=797 64 780 395 162 24 33 28 20 23 27 23 24 33 36 30 71 26 20 20 540 24
internal_value=-0.00065625 0.00741781 -0.00819149 0.0223534 0.0133721 0.00648148 0 0.0238163 0.0224576 0.0194785 0.0125 0.0210714 0.0188596 0.0225904 0.0240291 0.0229592 0.0210526 0.0241071 0.023913 0.0249144 0.0238636
internal_weight=3200 2403 1175 1228 172 108 52 1056 472 163 56 140 57 83 309 147 76 56 46 584 44
internal_count=3200 2403 1175 1228 172 108 52 1056 472 163 56 140 57 83 309 147 76 56 46 584 44
is_linear=0
shrinkage=0.05


Tree=10
num_leaves=24
num_cat=0
split_feature=0 0 0 2 0 0 2 14 9 9 9 9 14 9 0 1 9 9 14 9 3 14 14
split_gain=248.048 218.771 260.887 2.78338 3.87148 1.01017 0.499847 0.457802 0.413405 0.634921 0.335143 0.293927 0.272222 0.432143 0.233189 0.479072 0.475477 0.128571 0.110904 0.0474684 0.0308257 0.0307201 0.00620578
threshold=1.5000000000000002 4.5000000000000009 6.5000000000000009 2028.0000000000002 2.5000000000000004 3.5000000000000004 2032.5000000000002 10128.433353711387 18806.87290262627 38682.083420201299 94913.24722264774 114334.6967750131 57175.043194017904 90042.674305191424 3.5000000000000004 1.0000000180025095e-35 36743.461334297892 57573.520787453483 46661.13348954227 129878.13990503129 1.0000000180025095e-35 31832.863780073301 71255.251636026165
decision_type=2 2 2 2 2 2 2 2 2 2 2 2 2 2 2 2 2 2 2 2 2 2 2
left_child=-1 3 -3 4 -2 22 8 -6 -7 -10 20 14 -11 -14 15 -9 -16 -18 21 -4 -8 -17 -5
right_child=1 2 19 5 7 6 10 11 9 12 -12 -13 13 -15 16 18 17 -19 -20 -21 -22 -23 -24
leaf_value=-21.416754236142566 10.426758945671533 -10.508063556228382 28.645701419208081 9.9894406490124936 0.68305157379593107 0.89861415552955393 3.82762187091152 1.6536908645336603 2.7121085175645052 1.5566742593753085 3.1137665622172488 1.0145890774177495 1.980322808791243 1.5565802868184706 1.1407462899564436 3.2372008560567864 1.1534912480551414 0.95544897801191986 3.0493006760582428 25.77568819116118 4.6389911946776428 3.7761543502169617 7.8542723472723246
leaf_weight=797 151 780 375 414 36 20 84 34 45 36 20 20 24 21 37 21 35 35 26 20 25 20 124
leaf_count=797 151 780 375 414 36 20 84 34 45 36 20 20 24 21 37 21 35 35 26 20 25 20 124
internal_value=-0.000828125 0.00718893 -0.00823404 0.0219463 0.0186145 0.023647 0.0211818 0.0149621 0.0191781 0.0202381 0.0234496 0.0157895 0.0175926 0.015 0.0163462 0.0180693 0.0147196 0.0171429 0.0205224 0.0248734 0.0245413 0.0189024 0.0249071
internal_weight=3200 2403 1175 1228 415 813 275 264 146 126 129 228 81 45 208 101 107 70 67 395 109 41 538
internal_count=3200 2403 1175 1228 415 813 275 264 146 126 129 228 81 45 208 101 107 70 67 395 109 41 538
is_linear=0
shrinkage=0.05


Tree=11
num_leaves=22
num_cat=0
split_feature=0 0 0 5 0 2 5 0 2 5 0 2 5 9 4 9 5 9 0 5 9
split_gain=244.214 211.745 260.887 8.44377 5.35659 4.02433 1.69296 1.70056 2.14869 1.46566 0.771444 1.4228 1.13216 0.613263 0.513478 0.251039 0.176873 0.399321 0.493421 0.145503 0.0474684
threshold=1.5000000000000002 4.5000000000000009 6.5000000000000009 0.74913494031657268 2.5000000000000004 2028.0000000000002 0.84148837644085916 2.5000000000000004 2032.5000000000002 0.68410257159097154 3.5000000000000004 2028.0000000000002 1.0829148831568554 49793.364381774642 1.0000000180025095e-35 15932.597226141766 0.94504317227432166 37668.353355719097 2.5000000000000004 0.90257202809536718 129878.13990503129
decision_type=2 2 2 2 2 2 2 2 2 2 2 2 2 2 2 2 2 2 2 2 2
left_child=-1 3 -3 4 -2 -6 7 -5 14 -7 16 12 13 -12 -9 -13 17 18 -8 -17 -4
right_child=1 2 20 6 5 9 10 8 -10 -11 11 15 -14 -15 -16 19 -18 -19 -20 -21 -22
leaf_value=-20.345916524335436 6.2144559891091165 -9.9826603784169645 27.213416348247677 9.0604131760112185 -0.43738987041137212 0.076382290715892517 12.153409937489487 0.21689125466578646 2.4548481687077643 1.0955560461624785 0.48911309130219038 3.0015961491146563 1.9480308537358184 0.75620646179709616 0.27696263954215683 1.9115065026189293 10.061148412568073 7.5535048904272815 0.90149538912411709 3.7091632386233755 24.486903781603129
leaf_weight=797 39 780 375 52 30 23 25 39 29 24 36 26 37 29 25 24 495 98 32 165 20
leaf_count=797 39 780 375 52 30 23 25 39 29 24 36 26 37 29 25 24 495 98 32 165 20
internal_value=-0.00101563 0.00693924 -0.00823404 0.0214577 0.00862069 0.000974026 0.0227968 0.0177586 0.0137097 0.0101064 0.0235522 0.02153 0.0166667 0.0126923 0.00859375 0.0238372 0.0245385 0.0230645 0.0197368 0.0244709 0.0248734
internal_weight=3200 2403 1175 1228 116 77 1112 145 93 47 967 317 102 65 64 215 650 155 57 189 395
internal_count=3200 2403 1175 1228 116 77 1112 145 93 47 967 317 102 65 64 215 650 155 57 189 395
is_linear=0
shrinkage=0.05


Tree=12
num_leaves=24
num_cat=0
split_feature=5 14 5 5 14 5 14 14 1 4 5 14 9 2 1 5 9 9 9 14 14 14 9
split_gain=3.32478 0.992283 0.94844 0.876331 1.21504 1.2878 1.53953 1.46667 1.15796 0.966738 1.5191 0.9984 1.34232 0.778657 1.40628 1.60517 0.780893 1.43247 1.17272 1.33333 0.776056 0.771697 0.714185
threshold=0.77788610054418517 8871.4028996750731 0.81383194378367973 1.1201071056310488 24242.00043210189 1.1705535533486953 11606.278108776578 16772.254751816636 1.5000000000000002 1.0000000180025095e-35 1.2517075098283645 116503.85684386423 115825.97079138122 2032.5000000000002 1.5000000000000002 1.1475644911162104 12241.352610577473 15135.933656478965 21452.479446433292 2931.8887588430666 1027.2329608285802 89442.185433954946 21183.803941201466
decision_type=2 2 2 2 2 2 2 2 2 2 2 2 2 2 2 2 2 2 2 2 2 2 2
left_child=22 2 -2 -3 5 7 -7 -5 9 11 -11 12 21 16 20 -16 -4 -18 19 -19 -15 -6 -1
right_child=1 3 13 4 8 6 -8 -9 -10 10 -12 -13 -14 14 15 -17 17 18 -20 -21 -22 -23 -24
leaf_value=-5.8867636907682401 0.95939450956521322 -0.45143576563193766 0.75725440438667924 1.7332207287328616 -7.6910388798818579 9.5580909919396682 -6.7536380620107641 4.3785843883163524 -20.127288422118184 4.2770226913519167 -10.269485077391623 5.7439066795085951 -20.468126148010253 3.4449229922977711 -1.6990418512952958 -24.286030046969163 -15.862263437595821 -10.480143822932945 -7.1623676038751602 5.3339133422140677 -6.5606158572301858 5.4381413660420383 -1.0739011663164646
leaf_weight=56 29 1738 46 20 245 23 97 24 29 91 36 25 27 43 38 20 22 24 157 24 32 33 321
leaf_count=56 29 1738 46 20 245 23 97 24 29 91 36 25 27 43 38 20 22 24 157 24 32 33 321
internal_value=-0.00109375 -0.000504782 -0.00270115 -0.00010469 0.00146154 0.00518293 0.0025 0.0125 0.000205761 0.000820569 0.00452756 -0.000606061 -0.00139344 -0.00332512 -0.00018797 -0.00603448 -0.00485348 -0.00605727 -0.0047561 0.00208333 0.00433333 -0.000359712 -0.00550398
internal_weight=3200 2823 435 2388 650 164 120 44 486 457 127 330 305 406 133 58 273 227 205 48 75 278 377
internal_count=3200 2823 435 2388 650 164 120 44 486 457 127 330 305 406 133 58 273 227 205 48 75 278 377
is_linear=0
shrinkage=0.05


Tree=13
num_leaves=24
num_cat=0
split_feature=0 0 0 0 2 14 9 9 9 0 14 9 9 14 0 2 4 9 14 2 2 4 9
split_gain=245.808 214.658 260.887 2.667 3.65389 0.55533 0.651329 0.508232 0.557224 0.506807 0.628945 0.614695 0.446873 0.308547 0.25767 0.24716 0.508665 0.244928 0.208306 0.184523 0.0820093 0.130732 0.0751361
threshold=1.5000000000000002 4.5000000000000009 6.5000000000000009 2.5000000000000004 2028.0000000000002 90707.248690331311 72737.507971471423 24725.498432890188 13822.691992603677 3.5000000000000004 56295.024928817162 110950.78667934435 36743.461334297892 98125.608708713335 3.5000000000000004 2032.5000000000002 1.0000000180025095e-35 42584.733088647845 37529.664554630108 2032.5000000000002 2032.5000000000002 1.0000000180025095e-35 40262.117122566422
decision_type=2 2 2 2 2 2 2 2 2 2 2 2 2 2 2 2 2 2 2 2 2 2 2
left_child=-1 3 -3 -2 5 6 7 8 -5 20 15 13 14 19 -9 16 -11 -14 -19 -12 21 -6 -23
right_child=1 2 -4 4 9 -7 -8 12 -10 10 11 -13 17 -15 -16 -17 -18 18 -20 -21 -22 22 -24
leaf_value=-19.223808295927455 12.964092804601586 -9.3233289419685743 25.824578976445071 1.0312120767166726 3.2214346896429475 0.83628394780415505 1.6167515802344412 1.1511099923333674 1.5541634246177622 1.8384896644140447 2.2520486184570259 2.2212017596853699 1.5321814793539823 1.4965957543557089 1.0818251091751094 3.6639130676246761 1.5472497605025859 0.86852491078497285 1.1538332717033286 3.6286777873803175 4.8754649683157361 2.8632263613179987 1.9064427931875216
leaf_weight=797 422 780 395 26 70 35 36 21 31 62 29 21 32 20 23 88 32 29 31 23 148 24 25
leaf_count=797 422 780 395 26 70 35 36 21 31 62 29 21 32 20 23 88 32 29 31 23 148 24 25
internal_value=-0.0009375 0.00704328 -0.00823404 0.0216612 0.0199752 0.0151515 0.016048 0.0148964 0.0188596 0.0223247 0.0208182 0.0174731 0.0132353 0.0152778 0.00909091 0.0225275 0.0207447 0.0152174 0.0133333 0.0173077 0.0238764 0.0228992 0.0209184
internal_weight=3200 2403 1175 1228 806 264 229 193 57 542 275 93 136 72 44 182 94 92 60 52 267 119 49
internal_count=3200 2403 1175 1228 806 264 229 193 57 542 275 93 136 72 44 182 94 92 60 52 267 119 49
is_linear=0
shrinkage=0.05


Tree=14
num_leaves=24
num_cat=0
split_feature=0 0 0 5 0 2 14 0 5 0 2 14 9 9 11 2 14 5 9 0 2 5 5
split_gain=241.992 207.699 260.887 8.78705 6.72397 3.10902 1.92857 1.7723 1.43418 1.61652 2.77524 1.01185 0.661376 0.76447 0.384489 0.293035 0.441258 0.254222 0.141176 0.117692 0.257363 0.617938 0.0571096
threshold=1.5000000000000002 4.5000000000000009 6.5000000000000009 0.7939933396041764 2.5000000000000004 2028.0000000000002 29934.842015075606 3.5000000000000004 0.96987143045629454 2.5000000000000004 2028.0000000000002 56295.024928817162 34764.463601322765 58349.056277732707 0.25997566937636585 2032.5000000000002 59047.409494490923 0.88505281089158216 34611.944731937627 3.5000000000000004 2028.0000000000002 1.0829148831568554 0.89960535725108992
decision_type=2 2 2 2 2 2 2 2 2 2 2 2 2 2 2 2 2 2 2 2 2 2 2
left_child=-1 3 -3 4 18 6 -6 -7 9 -5 12 -9 -11 -14 19 16 17 -12 -2 -10 21 -21 -17
right_child=1 2 -4 8 5 7 -8 11 14 10 15 -13 13 -15 -16 22 -18 -19 -20 20 -22 -23 -24
leaf_value=-18.262617881131082 5.4679591353906156 -8.8571624948701473 24.533350027622824 10.010520773020168 0.023825256763683456 1.190276201078843 -0.39695248395268268 0.53124500722326073 9.0502004451599021 0.33764294537568706 0.65263487025376321 -0.23533768877126918 0.14559750256448184 0.4274597195027241 4.5258779280158805 2.7694109843282888 1.2606289037171892 1.1689905548805626 6.2978330662629611 1.1334311724909278 3.9570453121307239 2.0172452534335137 3.2247182034714172
leaf_weight=797 20 780 395 129 21 32 21 21 442 30 20 20 25 29 20 49 25 29 48 24 149 35 39
leaf_count=797 20 780 395 129 21 32 21 21 442 30 20 20 25 29 20 49 25 29 48 24 149 35 39
internal_value=-0.001125 0.00679359 -0.00823404 0.0211726 0.0110656 0.00369565 -0.00714286 0.00993151 0.0229426 0.0204667 0.0180894 0.00304878 0.0107143 0.00740741 0.0243284 0.0219136 0.0195946 0.0168367 0.0235294 0.0245385 0.0235577 0.0207627 0.0238636
internal_weight=3200 2403 1175 1228 183 115 42 73 1045 375 246 41 84 54 670 162 74 49 68 650 208 59 88
internal_count=3200 2403 1175 1228 183 115 42 73 1045 375 246 41 84 54 670 162 74 49 68 650 208 59 88
is_linear=0
shrinkage=0.05


Tree=15
num_leaves=24
num_cat=0
split_feature=0 0 0 5 0 2 14 5 5 0 2 0 5 0 2 1 14 0 5 2 5 9 14
split_gain=239.15 203.718 259.564 8.77565 6.75002 4.16328 1.76458 1.35227 1.33907 1.68181 2.22025 0.74356 0.683944 0.650313 0.384393 0.695402 0.236132 0.178128 0.491814 0.471154 0.171692 0.149367 0.1
threshold=1.5000000000000002 4.5000000000000009 6.5000000000000009 0.81979589338874315 2.5000000000000004 2032.5000000000002 27971.212466760018 0.70445260993013836 0.99971113682726653 2.5000000000000004 2028.0000000000002 3.5000000000000004 0.91902520044494873 3.5000000000000004 2032.5000000000002 1.0000000180025095e-35 33245.47078636416 3.5000000000000004 1.0768515561198984 2032.5000000000002 0.7234857934403881 27229.389919486221 10128.433353711387
decision_type=2 2 2 2 2 2 2 2 2 2 2 2 2 2 2 2 2 2 2 2 2 2 2
left_child=-1 3 -3 4 21 6 22 -8 9 -5 12 -7 -11 -14 15 -12 -17 -10 19 -19 -4 -2 -6
right_child=1 2 20 8 5 11 7 -9 17 10 14 -13 13 -15 -16 16 -18 18 -20 -21 -22 -23 -24
leaf_value=-17.349486987074528 5.7207820780703607 -8.41430437012664 4.1940444356844209 10.380847984171748 0.1496846378637926 2.1839466663779996 -0.30073022914739839 0.0110261599513656 9.2022401994541845 0.24086945137252658 0.92961790546747813 1.1617711216228472 0.96885817685793263 0.52485642477741834 2.9532106840255454 1.5506185378631174 1.1975974585313296 1.5122653847845478 3.7841437444091124 3.9282497241096905 24.267843924648123 6.2350244248416331 0.03318589593262971
leaf_weight=797 20 780 22 147 20 26 22 34 397 39 29 25 21 33 91 23 35 40 122 25 373 59 20
leaf_count=797 20 780 22 147 20 26 22 34 397 39 29 25 21 33 91 23 35 40 122 25 373 59 20
internal_value=-0.00126563 0.00660633 -0.0082766 0.0208469 0.0119469 0.00561224 -0.000520833 -0.00625 0.0228543 0.0206938 0.0183579 0.0171569 0.0120968 0.0157407 0.0216292 0.0192529 0.0224138 0.0244007 0.0231283 0.0196154 0.0247468 0.0237342 0.0075
internal_weight=3200 2403 1175 1228 226 147 96 56 1002 418 271 51 93 54 178 87 58 584 187 65 395 79 40
internal_count=3200 2403 1175 1228 226 147 96 56 1002 418 271 51 93 54 178 87 58 584 187 65 395 79 40
is_linear=0
shrinkage=0.05


Tree=16
num_leaves=24
num_cat=0
split_feature=0 0 0 0 2 9 2 0 1 9 4 1 14 14 0 14 9 9 9 0 14 9 9
split_gain=236.011 200.366 256.929 4.62752 4.94376 1.39375 1.05901 0.839528 1.05346 0.721154 0.653164 0.647313 0.959468 0.622109 0.487885 1 0.44971 0.35331 0.306973 0.273653 0.278526 0.158544 0.12418
threshold=1.5000000000000002 4.5000000000000009 6.5000000000000009 2.5000000000000004 2028.0000000000002 114334.6967750131 2032.5000000000002 3.5000000000000004 1.0000000180025095e-35 69369.10143872122 1.0000000180025095e-35 1.0000000180025095e-35 13437.426111195733 75146.353914029707 3.5000000000000004 44144.117302128616 45280.802254535833 93463.527814893299 40262.117122566422 3.5000000000000004 31380.792413476946 35671.979650129877 124009.59858374218
decision_type=2 2 2 2 2 2 2 2 2 2 2 2 2 2 2 2 2 2 2 2 2 2 2
left_child=-1 3 -3 -2 5 7 10 8 16 11 13 -9 -13 -6 18 -16 -5 -15 -12 -8 -21 -14 -4
right_child=1 2 22 4 6 -7 19 9 -10 -11 14 12 21 17 15 -17 -18 -19 -20 20 -22 -23 -24
leaf_value=-16.4820126377208 11.403266132140802 -7.9935891516203075 22.479575264593247 0.12883523099695468 2.0835767118988371 0.097142060375548317 4.0483166601688909 1.0865583343110572 1.8221869299558777 0.96878388383334768 2.1113736011961115 0.33814117333318738 0.51471690735893039 0.88313701019410473 0.59282992683993574 2.5257965097651303 1.5716022434843397 0.72299219320959418 1.744122611581014 3.5492085637900388 2.9155606473925442 -0.0037887698471664069 18.860794568080866
leaf_weight=797 422 780 369 20 130 20 148 41 75 24 24 20 20 21 25 20 21 20 25 57 72 23 26
leaf_count=797 422 780 369 20 130 20 148 41 75 24 24 20 20 21 25 20 21 20 25 57 72 23 26
internal_value=-0.00142188 0.00639825 -0.0083617 0.0205212 0.0183002 0.0126894 0.0210332 0.0137295 0.0168103 0.0109375 0.0187736 0.00913462 0.00595238 0.020614 0.0154255 0.0116667 0.0103659 0.0152439 0.0188776 0.0231949 0.0215116 0.00174419 0.0244937
internal_weight=3200 2403 1175 1228 806 264 542 244 116 128 265 104 63 171 94 45 41 41 49 277 129 43 395
internal_count=3200 2403 1175 1228 806 264 542 244 116 128 265 104 63 171 94 45 41 41 49 277 129 43 395
is_linear=0
shrinkage=0.05


Tree=17
num_leaves=24
num_cat=0
split_feature=0 0 0 5 0 2 5 0 2 5 5 5 2 2 1 4 14 5 3 5 5 2 0
split_gain=231.343 194.25 254.307 10.6869 8.22777 5.06768 1.45024 2.07641 2.72967 1.22594 1.04791 0.954545 0.86691 0.777178 0.658186 0.364492 0.339649 0.426667 0.333333 0.270349 0.219097 0.39362 0.719223
threshold=1.5000000000000002 4.5000000000000009 6.5000000000000009 0.83355863158709254 2.5000000000000004 2032.5000000000002 1.0144370916682817 2.5000000000000004 2028.0000000000002 0.68798870282520741 0.7234857934403881 0.78373573599831148 2028.0000000000002 2032.5000000000002 1.0000000180025095e-35 1.0000000180025095e-35 17626.349533162367 0.91902520044494873 1.0000000180025095e-35 0.68798870282520741 1.0980897564204353 2028.0000000000002 2.5000000000000004
decision_type=2 2 2 2 2 2 2 2 2 2 2 2 2 2 2 2 2 2 2 2 2 2 2
left_child=-1 3 -3 4 19 9 7 -5 16 -6 -4 -7 -11 14 -10 -16 -9 -18 -19 -2 21 22 -8
right_child=1 2 10 6 5 11 20 8 13 12 -12 -13 -14 -15 15 -17 17 18 -20 -21 -22 -23 -24
leaf_value=-15.65791200583476 3.1554158151696594 -7.5939096940392918 2.8603634506705391 9.3813512998459316 -0.47552270661734042 1.0828290607719269 10.244330320376882 0.16540067748559084 0.84622999392635168 -0.051476216211811733 21.930472965186055 1.6223573837120497 0.14365712642152104 2.6546749880473444 1.0065203239215188 2.0930364957815244 0.16892352267588395 0.58498558096200814 1.0316201507596972 6.9775294283886211 5.7299858114170279 4.4569612664446465 1.2111948311554146
leaf_weight=797 24 780 22 149 26 33 31 20 30 41 373 21 42 105 38 21 25 30 20 62 339 138 33
leaf_count=797 24 780 22 149 26 33 31 20 30 41 373 21 42 105 38 21 25 30 20 62 339 138 33
internal_value=-0.00165625 0.00608614 -0.00844681 0.0199919 0.010743 0.0041411 0.0223442 0.0202055 0.0177336 -0.00206422 0.0242405 0.0166667 0.000903614 0.021134 0.0176966 0.0207627 0.0107895 0.0123333 0.015 0.0232558 0.0240758 0.0227723 0.0195312
internal_weight=3200 2403 1175 1228 249 163 979 438 289 109 395 54 83 194 89 59 95 75 50 86 541 202 64
internal_count=3200 2403 1175 1228 249 163 979 438 289 109 395 54 83 194 89 59 95 75 50 86 541 202 64
is_linear=0
shrinkage=0.05


Tree=18
num_leaves=24
num_cat=0
split_feature=5 9 9 2 5 9 14 9 14 14 14 5 5 9 9 9 14 14 14 9 9 9 9
split_gain=4.78284 1.22663 1.92545 1.04502 0.94008 1.30256 1.35837 1.32329 1.50915 1.22872 1.9595 1.1687 1.17668 1.12906 2.47034 1.27116 1.16618 0.973713 1.30127 0.938801 0.858085 1.70039 1.18447
threshold=0.78373573599831148 10864.541113782505 23475.011562108728 2028.0000000000002 1.0862726772831024 70013.555367351204 89442.185433954946 112083.73658157387 35813.340237411416 13746.170165645583 77117.082163008323 1.0049845388926539 0.89760273296216397 41611.014946237839 25753.959693804685 49793.364381774642 29934.842015075606 21785.641727178827 31380.792413476946 129878.13990503129 88738.823901791926 91888.869540229076 85976.227144999633
decision_type=2 2 2 2 2 2 2 2 2 2 2 2 2 2 2 2 2 2 2 2 2 2 2
left_child=1 -1 -3 4 5 6 11 8 -7 -6 17 12 -2 14 -14 -15 -16 -11 -19 -9 22 -22 -5
right_child=3 2 -4 20 9 7 -8 19 -10 10 -12 -13 13 15 16 -17 -18 18 -20 -21 21 -23 -24
leaf_value=0.71441600364094671 -3.4315796368630318 -3.6723294107193034 -1.1744843175221973 -0.051632814119488307 -4.7306492568034217 -4.0512174031813535 -4.5395145131667052 -4.6063152454693705 0.89710790650210448 5.0163535887404977 -13.668035411883711 -4.6784781066496768 -0.86840699204201433 -4.7175371734221372 6.1113026896695972 0.083014965641645233 0.0017735139899158982 -4.9008638946135434 1.5632179484294824 -0.038022748752443651 -6.634065752412706 -3.5086465598662286 7.5671563483985285
leaf_weight=22 116 49 319 1514 69 20 24 26 112 39 64 116 56 21 34 27 21 35 122 33 34 297 30
leaf_count=22 116 49 319 1514 69 20 24 26 112 39 64 116 56 21 34 27 21 35 122 33 34 297 30
internal_value=-0.00173438 -0.00692308 -0.0076087 -0.00101423 -0.00237968 -0.00354785 -0.00512048 -0.00013089 0.00265152 -0.000227964 0.00134615 -0.00441176 -0.00263636 0.000157233 0.00292793 -0.00625 0.0104545 0.00382653 0.00207006 -0.00635593 -0.000333333 -0.0026435 0.000161917
internal_weight=3200 390 368 2810 935 606 415 191 132 329 260 391 275 159 111 48 55 196 157 59 1875 331 1544
internal_count=3200 390 368 2810 935 606 415 191 132 329 260 391 275 159 111 48 55 196 157 59 1875 331 1544
is_linear=0
shrinkage=0.05


Tree=19
num_leaves=24
num_cat=0
split_feature=0 0 0 5 0 14 2 0 2 5 0 5 5 2 14 9 14 9 14 9 5 9 5
split_gain=233.516 198.163 254.307 8.65524 6.81532 2.85629 1.91339 1.88448 2.94942 2.75901 1.70508 1.04791 0.810471 1.18079 0.583806 1.76224 0.876544 0.687013 0.513891 0.317647 0.245985 0.202816 0.0955166
threshold=1.5000000000000002 4.5000000000000009 6.5000000000000009 0.7939933396041764 2.5000000000000004 8538.6571417766754 2028.0000000000002 2.5000000000000004 2028.0000000000002 1.1079439466420364 3.5000000000000004 0.7234857934403881 0.94504317227432166 2032.5000000000002 28684.310849662226 32699.8895881305 91177.606938724857 37414.36234768069 59047.409494490923 34611.944731937627 0.95586954149312564 15466.511839799399 0.89960535725108992
decision_type=2 2 2 2 2 2 2 2 2 2 2 2 2 2 2 2 2 2 2 2 2 2 2
left_child=-1 3 -3 4 19 -6 -7 -5 9 14 -8 -4 13 18 15 -9 17 -16 -10 -2 -19 -14 -15
right_child=1 2 11 7 5 6 10 8 12 -11 -12 -13 21 22 16 -17 -18 20 -20 -21 -22 -23 -24
leaf_value=-14.836549829337883 4.0482065125672042 -7.2116325686313534 2.8385156213430491 12.137224372011046 0.66750683779644937 -0.33101675002760444 0.62561105593416222 0.88285153157345209 0.47312136388045051 2.5912863288664498 -0.055225888837551196 20.836530957632728 3.3363497996781732 2.1507119592057609 0.15278767125322901 -0.084719980940123216 0.37606973497367452 0.38130889379306443 0.96027112946200222 4.9574622664602508 1.455444926158836 3.6334016669639291 2.2934870280536757
leaf_weight=797 20 780 22 354 20 34 27 27 39 74 34 373 32 49 22 21 23 29 22 48 26 300 27
leaf_count=797 20 780 22 354 20 34 27 27 39 74 34 373 32 49 22 21 23 29 22 48 26 300 27
internal_value=-0.00154688 0.00623179 -0.00844681 0.0202769 0.0102459 0.00282609 -0.000789474 0.0220335 0.0205137 0.0157658 0.0045082 0.0242405 0.0227612 0.0195255 0.0118243 0.00729167 0.014 0.0165584 0.0143443 0.0227941 0.0195455 0.0240964 0.0236842
internal_weight=3200 2403 1175 1228 183 115 95 1045 691 222 61 395 469 137 148 48 100 77 61 68 55 332 76
internal_count=3200 2403 1175 1228 183 115 95 1045 691 222 61 395 469 137 148 48 100 77 61 68 55 332 76
is_linear=0
shrinkage=0.05


Tree=20
num_leaves=24
num_cat=0
split_feature=0 0 0 0 2 2 9 14 9 4 0 1 9 14 1 9 14 14 0 9 9 9 9
split_gain=231.033 197.117 250.4 5.37412 4.85226 1.1636 1.46207 0.818473 1.18351 0.711704 0.658618 1.42432 0.627939 0.639245 0.544218 0.495201 0.399907 0.268229 0.246694 0.239172 0.238652 0.205782 0.200374
threshold=1.5000000000000002 4.5000000000000009 6.5000000000000009 2.5000000000000004 2028.0000000000002 2032.5000000000002 16275.18724722224 90707.248690331311 73802.238560439655 1.0000000180025095e-35 3.5000000000000004 1.0000000180025095e-35 37668.353355719097 17338.531550035132 1.0000000180025095e-35 52040.264737262376 44602.78450937353 102015.22562316795 3.5000000000000004 84710.583501414265 124009.59858374218 44456.06170097844 21939.235272465896
decision_type=2 2 2 2 2 2 2 2 2 2 2 2 2 2 2 2 2 2 2 2 2 2 2
left_child=-1 3 -3 -2 7 6 -6 8 10 16 11 -5 13 -12 -11 -14 -8 -7 -18 -20 -4 -16 -13
right_child=1 2 20 4 5 17 9 -9 -10 14 12 22 15 -15 21 -17 18 -19 19 -21 -22 -23 -24
leaf_value=-14.094722337870991 9.8906019494408355 -6.8510509401997854 19.219827945928621 0.15496712660854259 0.83948496051698529 3.1130387534230795 1.641895970981365 0.39421108391163107 1.3775202837573801 1.5345623637131056 0.4433128422572466 1.1115908751112025 1.1665577047254629 0.076664862495430697 1.4896114410052732 0.35554109651275639 1.7828859587868608 3.0379690593970539 1.7422394352997443 0.49475770707261407 15.8153670463825 1.9262326681875792 1.6667215470447034
leaf_weight=797 422 780 369 28 24 248 78 35 33 35 25 22 27 28 28 23 33 29 25 21 26 21 43
leaf_count=797 422 780 369 28 24 248 78 35 33 35 25 22 27 28 28 23 33 29 25 21 26 21 43
internal_value=-0.00167188 0.00606533 -0.00857447 0.0200733 0.0176799 0.0203875 0.0180189 0.0121212 0.0132096 0.0191909 0.0117347 0.0147849 0.00898058 0.00518868 0.0154762 0.013 0.0211783 0.0226534 0.0186709 0.0163043 0.0238608 0.0188776 0.0188462
internal_weight=3200 2403 1175 1228 806 542 265 264 229 241 196 93 103 53 84 50 157 277 79 46 395 49 65
internal_count=3200 2403 1175 1228 806 542 265 264 229 241 196 93 103 53 84 50 157 277 79 46 395 49 65
is_linear=0
shrinkage=0.05


Tree=21
num_leaves=24
num_cat=0
split_feature=0 0 0 5 0 0 2 5 5 2 5 2 5 9 5 5 5 5 5 14 5 14 9
split_gain=223.965 191.678 243.955 10.1375 6.99986 2.83163 3.69112 3.01081 2.41025 2.35989 1.10555 1.70233 0.923077 0.871527 0.67402 0.610625 0.914793 0.630271 0.538452 0.523716 0.499232 0.478139 0.286969
threshold=1.5000000000000002 4.5000000000000009 6.5000000000000009 0.7939933396041764 2.5000000000000004 2.5000000000000004 2028.0000000000002 1.0889433893954059 0.7939933396041764 2032.5000000000002 0.99359874653726477 2032.5000000000002 0.68798870282520741 26218.416347763039 0.68798870282520741 0.94146943031383923 0.90257202809536718 0.9981086715313261 0.94504317227432166 59047.409494490923 0.75950280318859287 42100.021563470124 53587.573669308527
decision_type=2 2 2 2 2 2 2 2 2 2 2 2 2 2 2 2 2 2 2 2 2 2 2
left_child=-1 3 -3 4 14 -5 7 15 21 12 11 13 -6 -8 -2 16 -7 -17 19 -15 -14 -4 -9
right_child=1 2 8 5 9 6 10 22 -10 -11 -12 -13 20 18 -16 17 -18 -19 -20 -21 -22 -23 -24
leaf_value=-13.389986220977443 2.3366974233395594 -6.5084983931897966 1.2641239385086409 11.035833055938452 -0.44019715878538651 0.16531506559468881 0.3578421806367118 2.0717816967144471 19.631256097645306 0.84596118326074077 3.6571148889320426 2.1498949380405108 0.018624291645842561 0.45982244467625155 5.7711635933036565 0.99827182022196725 -0.02108648155352455 0.66688348866416058 1.3545440241863114 0.8195296073145415 -0.10166840191744485 5.6190029661174243 2.7302210508634746
leaf_weight=797 24 780 22 354 26 41 20 61 353 37 272 104 31 29 44 34 22 39 24 20 21 20 25
leaf_count=797 24 780 22 354 26 41 20 61 353 37 272 104 31 29 44 34 22 39 24 20 21 20 25
internal_value=-0.00196875 0.00564919 -0.00878723 0.0194625 0.00860656 0.0213636 0.0195007 0.0141892 0.0232278 0.00108696 0.0220149 0.0191624 -0.00384615 0.0142473 0.0213235 0.00955882 0.00595238 0.0126712 0.0167808 0.0137755 0 0.0119048 0.0215116
internal_weight=3200 2403 1175 1228 183 1045 691 222 395 115 469 197 78 93 68 136 63 73 73 49 52 42 86
internal_count=3200 2403 1175 1228 183 1045 691 222 395 115 469 197 78 93 68 136 63 73 73 49 52 42 86
is_linear=0
shrinkage=0.05


Tree=22
num_leaves=24
num_cat=0
split_feature=0 0 0 5 0 0 2 5 5 2 2 14 5 5 14 5 5 5 5 0 0 14 5
split_gain=221.837 188.95 242.676 9.68639 6.99986 3.06331 4.03259 4.73771 2.88445 2.35989 1.06298 0.933763 0.923077 0.8684 0.703247 0.67402 0.499232 0.492474 0.914793 0.527913 0.439024 0.652497 0.380952
threshold=1.5000000000000002 4.5000000000000009 6.5000000000000009 0.7939933396041764 2.5000000000000004 2.5000000000000004 2032.5000000000002 1.0889433893954059 0.7939933396041764 2032.5000000000002 2028.0000000000002 18054.123634583786 0.68798870282520741 0.91131576306078255 42100.021563470124 0.68798870282520741 0.75950280318859287 0.94146943031383923 0.90257202809536718 3.5000000000000004 3.5000000000000004 48132.733345805296 0.9981086715313261
decision_type=2 2 2 2 2 2 2 2 2 2 2 2 2 2 2 2 2 2 2 2 2 2 2
left_child=-1 3 -3 4 15 -5 7 10 14 12 17 -12 -6 -13 -4 -2 -14 18 -7 -19 -15 -22 -21
right_child=1 2 8 5 9 6 -8 -9 -10 -11 11 13 16 20 -16 -17 -18 19 -20 22 21 -23 -24
leaf_value=-12.720486909928571 2.2198625521725819 -6.1830734735303068 1.2009177415832086 10.48404140314153 -0.41818730084611677 0.15704931231495467 3.1358865275675059 2.6489040790487359 18.64969329276304 0.80366312409770446 0.43592841235006291 0.34518407901794324 0.017693077063550788 1.6758495518156822 5.3380528178115503 5.4826054136384741 -0.096584981821573032 1.1242178629212347 -0.020032157475847613 0.8773748826113732 0.60150354427633634 1.3204217051873912 0.34115635528284116
leaf_weight=797 24 780 22 354 26 41 240 170 353 37 28 35 31 41 20 44 21 31 22 21 20 21 21
leaf_count=797 24 780 22 354 26 41 240 170 353 37 28 35 31 41 20 44 21 31 22 21 20 21 21
internal_value=-0.00207813 0.00550354 -0.00882979 0.0192182 0.00860656 0.0210766 0.0191389 0.0163525 0.0231013 0.00108696 0.0123665 0.0153448 -0.00384615 0.0173077 0.0107143 0.0213235 0 0.00919118 0.00595238 0.0119863 0.020122 0.0164634 0.00833333
internal_weight=3200 2403 1175 1228 183 1045 691 451 395 115 281 145 78 117 42 68 52 136 63 73 82 41 42
internal_count=3200 2403 1175 1228 183 1045 691 451 395 115 281 145 78 117 42 68 52 136 63 73 82 41 42
is_linear=0
shrinkage=0.05


Tree=23
num_leaves=24
num_cat=0
split_feature=0 0 0 5 0 0 2 5 5 2 2 5 5 1 9 9 5 5 5 9 5 0 4
split_gain=217.302 182.939 242.03 9.94233 6.79351 3.22792 4.05957 4.24685 2.88445 1.96224 1.11381 0.923077 0.859557 0.957628 1.12708 0.741422 0.559223 0.524802 0.499232 0.498701 0.417279 0.405093 0.341765
threshold=1.5000000000000002 4.5000000000000009 6.5000000000000009 0.7939933396041764 2.5000000000000004 2.5000000000000004 2032.5000000000002 1.0980897564204353 0.7939933396041764 2032.5000000000002 2028.0000000000002 0.68798870282520741 0.85250640420330903 1.0000000180025095e-35 47729.342487735128 34611.944731937627 0.9742539713539845 0.89760273296216397 0.75950280318859287 42584.733088647845 0.65310525781714035 3.5000000000000004 1.0000000180025095e-35
decision_type=2 2 2 2 2 2 2 2 2 2 2 2 2 2 2 2 2 2 2 2 2 2 2
left_child=20 3 -3 4 15 -5 7 10 19 11 16 -6 -12 14 -14 -2 17 -7 -13 -4 -1 -19 -15
right_child=1 2 8 5 9 6 -8 -9 -10 -11 12 18 13 22 -16 -17 -18 21 -20 -21 -22 -23 -24
leaf_value=-2.084916708429188 2.7885776391196972 -5.8739197998537911 1.7810709904187634 9.959839332984453 -0.39727793580381104 0.14791688366182285 2.9790922011891312 2.5323318510909587 17.71720862812489 0.76347996789281902 0.14294847382314232 0.016808423210373746 0.41957211849154136 0.95681589213047646 1.1557005894159282 3.9067930977851577 0.97238237260382054 0.19061768314693667 -0.09175573273049481 4.6535184567052799 -12.207845404455519 -0.011664694832489886 1.2833131596886589
leaf_weight=21 20 780 20 354 26 36 240 159 353 37 21 31 23 56 24 48 58 21 21 22 776 27 26
leaf_count=21 20 780 20 354 26 36 240 159 353 37 21 31 23 56 24 48 58 21 21 22 776 27 26
internal_value=-0.0021875 0.00531627 -0.00878723 0.0188111 0.00806011 0.0206938 0.0187048 0.0159091 0.0231013 0.000652174 0.0123288 -0.00384615 0.0153333 0.0168605 0.0111702 0.0205882 0.00915493 0.00654762 0 0.0107143 -0.0248118 0.003125 0.020122
internal_weight=3200 2403 1175 1228 183 1045 691 451 395 115 292 78 150 129 47 68 142 84 52 42 797 48 82
internal_count=3200 2403 1175 1228 183 1045 691 451 395 115 292 78 150 129 47 68 142 84 52 42 797 48 82
is_linear=0
shrinkage=0.05


Tree=24
num_leaves=24
num_cat=0
split_feature=0 0 0 5 0 2 5 0 2 5 5 5 2 5 14 5 14 0 2 14 9 5 5
split_gain=213.418 180.347 236.954 10.1977 5.40136 3.87227 3.21187 3.04008 3.98747 2.4412 1.53135 1.13334 1.59231 0.913067 0.75195 1.06527 0.739921 0.709962 0.704903 0.65 0.544737 0.494149 0.49
threshold=1.5000000000000002 4.5000000000000009 6.5000000000000009 0.84148837644085916 2.5000000000000004 2032.5000000000002 0.7939933396041764 2.5000000000000004 2028.0000000000002 1.1502527327609748 0.68798870282520741 1.0660229925427938 2032.5000000000002 0.78373573599831148 18807.802482963463 0.9742539713539845 77117.082163008323 3.5000000000000004 2028.0000000000002 46661.13348954227 26561.902862740313 0.91131576306078255 0.77541647292177396
decision_type=2 2 2 2 2 2 2 2 2 2 2 2 2 2 2 2 2 2 2 2 2 2 2
left_child=-1 3 -3 4 18 10 -4 -5 9 14 -6 12 20 -7 -9 21 19 -17 -2 22 -10 -16 -12
right_child=1 2 6 7 5 13 -8 8 11 -11 16 -13 -14 -15 15 17 -18 -19 -20 -21 -22 -23 -24
leaf_value=-11.474070294209367 1.6270547488014815 -5.5802238098611019 3.8933338651178446 9.8534509493548228 -0.37741403901362108 0.72530596949817872 16.831348196718643 0.26109697781340063 0.66953797199829812 2.1284861125124253 0.083027608129271624 3.8696563929170993 2.1157109140687567 1.2300136614015842 0.26286880951792568 1.5190216597379163 -0.042179065199117363 0.63065488417017124 5.8020326368517763 0.29300751258587215 0.93322886729531263 0.12229671524403472 -0.10746269726193135
leaf_weight=797 37 780 42 331 26 33 353 35 20 48 20 186 130 23 20 41 23 30 54 20 95 31 25
leaf_count=797 37 780 42 331 26 33 353 35 20 48 20 186 130 23 20 41 23 30 54 20 95 31 25
internal_value=-0.00239063 0.00504578 -0.00895745 0.0184446 0.00967433 0.00441176 0.0225949 0.0208118 0.0187893 0.0130488 -0.000877193 0.0215197 0.0192857 0.0151786 0.0100318 0.0118852 0.00227273 0.0158451 0.0195055 0.005 0.015 0.00637255 0.00166667
internal_weight=3200 2403 1175 1228 261 170 395 967 636 205 114 431 245 56 157 122 88 71 91 65 115 51 45
internal_count=3200 2403 1175 1228 261 170 395 967 636 205 114 431 245 56 157 122 88 71 91 65 115 51 45
is_linear=0
shrinkage=0.05


Tree=25
num_leaves=24
num_cat=0
split_feature=0 0 0 5 0 5 0 5 5 14 9 9 0 4 5 5 5 5 5 9 14 14 9
split_gain=209.269 174.5 229.41 10.9516 5.64225 3.70577 3.37898 2.65371 2.41492 1.4347 1.19847 1.08924 1.14966 1.00278 0.950802 0.741829 0.652262 0.548754 0.860594 0.723111 0.803185 0.660227 0.878715
threshold=1.5000000000000002 4.5000000000000009 6.5000000000000009 0.84148837644085916 2.5000000000000004 0.8773188062680034 2.5000000000000004 1.0980897564204353 0.6641002099169846 90707.248690331311 82369.126130205987 36743.461334297892 3.5000000000000004 1.0000000180025095e-35 0.68798870282520741 0.65310525781714035 0.7939933396041764 0.94146943031383923 0.87044406185646894 12594.434387547166 98861.595191139641 22461.179490210492 37668.353355719097
decision_type=2 2 2 2 2 2 2 2 2 2 2 2 2 2 2 2 2 2 2 2 2 2 2
left_child=15 3 -3 4 14 13 -5 17 -6 10 11 -10 -13 16 -2 -1 -4 18 -8 -19 -21 -20 -23
right_child=1 2 5 6 8 -7 7 -9 9 -11 -12 12 -14 -15 -16 -17 -18 19 21 20 -22 22 -24
leaf_value=-1.4069673582972599 1.7557579715000005 -5.3012126193680462 5.859149363517921 9.3607784018870799 -0.73085571375801239 17.364960174808836 0.99543420908554625 3.0969956839669162 0.51741782603909747 -0.021468486792771559 0.32502042134749304 0.32614559346698474 -0.17571786412668899 3.3570750706925141 4.2795872084360154 -11.023749619522276 7.7746028062033936 0.97434937924028309 1.3707821670202549 1.383773290353068 1.0829057989759179 0.016623402725971206 0.85838447551205244
leaf_weight=21 24 780 26 331 27 299 33 230 50 21 23 28 21 36 67 776 34 21 28 207 36 28 53
leaf_count=21 24 780 26 331 27 299 33 230 50 21 23 28 21 36 67 776 34 21 28 207 36 28 53
internal_value=-0.00254688 0.0048169 -0.00895745 0.0179967 0.00890805 0.0220886 0.0204498 0.0183176 0.00352941 0.00611888 0.00819672 0.00580808 0.000510204 0.0135417 0.018956 -0.0247491 0.0175 0.0158867 0.0133803 0.0172348 0.0180041 0.0112385 0.00895062
internal_weight=3200 2403 1175 1228 261 395 967 636 170 143 122 99 49 96 91 797 60 406 142 264 243 109 81
internal_count=3200 2403 1175 1228 261 395 967 636 170 143 122 99 49 96 91 797 60 406 142 264 243 109 81
is_linear=0
shrinkage=0.05


Tree=26
num_leaves=24
num_cat=0
split_feature=0 0 0 5 0 2 5 2 5 0 2 9 5 5 0 0 5 14 14 5 5 5 0
split_gain=206.33 167.644 218.308 9.7983 7.68857 5.84616 4.04363 6.77298 2.523 2.28193 2.62635 2.34663 1.68251 1.27527 1.23821 1.21931 1.15649 1.11767 0.961483 1.04379 0.832035 0.830701 0.724877
threshold=1.5000000000000002 4.5000000000000009 6.5000000000000009 0.94146943031383923 2.5000000000000004 2032.5000000000002 0.90712176661480692 2028.0000000000002 0.78986260667437658 3.5000000000000004 2032.5000000000002 18404.674544820617 0.7234857934403881 1.0871421772174437 5.5000000000000009 3.5000000000000004 0.68798870282520741 43518.756093386022 37238.526862456951 0.70445260993013836 0.83593506997909406 0.67493775793654576 2.5000000000000004
decision_type=2 2 2 2 2 2 2 2 2 2 2 2 2 2 2 2 2 2 2 2 2 2 2
left_child=21 3 12 4 16 8 7 20 18 22 11 -11 14 17 -3 -7 -2 -13 -6 -20 -4 -1 -5
right_child=1 2 6 9 5 15 -8 -9 -10 10 -12 13 -14 -15 -16 -17 -18 -19 19 -21 -22 -23 -24
leaf_value=-1.6566031995999084 1.6679700729250015 -8.3557957040551472 -0.83935757186067694 10.458791305920768 0.025105222622622849 1.6553235668696844 17.650797882703266 9.6255745536576178 0.19063079244184422 -0.10656194673685065 2.8397025753479754 0.50835547450078311 -5.4182941284369974 1.862583070596918 -0.64959733788998619 0.85164908423723495 4.4805775145437297 0.91375838375722518 -0.30529070095815314 -0.017692357852959618 1.7034965062039675 -10.532618004812891 2.4775688042322375
leaf_weight=29 24 21 22 252 32 58 274 79 125 23 75 35 727 72 32 54 146 39 21 22 20 768 250
leaf_count=29 24 21 22 252 32 58 274 79 125 23 75 35 727 72 32 54 146 39 21 22 20 768 250
internal_value=-0.00264063 0.00467124 -0.00882979 0.0175896 0.0120332 0.00737179 0.0214557 0.013843 0.00225 0.0211796 0.0172131 0.0137574 -0.0241667 0.0160959 -0.015566 0.0165179 0.0205882 0.0114865 -0.005 -0.00988372 -0.00238095 -0.0246863 0.0231076
internal_weight=3200 2403 1175 1228 482 312 395 121 200 746 244 169 780 146 53 112 170 74 75 43 42 797 502
internal_count=3200 2403 1175 1228 482 312 395 121 200 746 244 169 780 146 53 112 170 74 75 43 42 797 502
is_linear=0
shrinkage=0.05


Tree=27
num_leaves=24
num_cat=0
split_feature=0 0 0 5 0 2 5 2 0 2 5 9 2 5 0 5 0 5 5 5 0 5 2
split_gain=200.797 162.516 214.673 10.9556 6.90043 5.89015 4.21546 6.43235 2.52845 2.91008 2.187 2.16328 1.90065 1.63272 1.44517 1.27015 1.23821 1.16629 0.929714 0.832035 0.803187 0.853988 0.818449
threshold=1.5000000000000002 4.5000000000000009 6.5000000000000009 0.94146943031383923 2.5000000000000004 2032.5000000000002 0.90712176661480692 2028.0000000000002 3.5000000000000004 2032.5000000000002 0.78986260667437658 18404.674544820617 2028.0000000000002 0.7234857934403881 3.5000000000000004 1.0871421772174437 5.5000000000000009 0.67493775793654576 0.8171055759366409 0.83593506997909406 2.5000000000000004 1.1419130877912611 2032.5000000000002
decision_type=2 2 2 2 2 2 2 2 2 2 2 2 2 2 2 2 2 2 2 2 2 2 2
left_child=17 3 13 4 12 10 7 19 20 11 -6 -10 -2 16 -7 -13 -3 -1 -16 -4 -5 22 -22
right_child=1 2 6 8 5 14 -8 -9 9 -11 -12 15 -14 -15 18 -17 -18 -19 -20 -21 21 -23 -24
leaf_value=-1.5737730396199141 1.1076937752124223 -7.9380059188523902 -0.79738969326764397 9.9358517406247273 -0.070783324309751094 1.5725573885261994 16.768257988568102 9.1442958259747353 -0.10123384940000762 2.697717446580576 0.18109925281975167 0.69844259458150126 5.5110478488296515 -5.1473794220151481 0.061677353513486112 1.7694539170670724 -0.61711747099548697 -10.005987104572247 1.1673846714156342 1.6183216808937715 1.1394299015627412 3.6998970424022719 3.2615807168538584
leaf_weight=29 65 21 22 252 75 58 274 79 23 75 125 74 105 727 22 72 32 768 32 20 101 87 62
leaf_count=29 65 21 22 252 75 58 274 79 23 75 125 74 105 727 22 72 32 768 32 20 101 87 62
internal_value=-0.00275 0.00446317 -0.00882979 0.0171824 0.0113071 0.00689103 0.0212025 0.0134298 0.0209786 0.0168033 0.00175 0.0131657 0.0194118 -0.0240385 0.0160714 0.015411 -0.015566 -0.0244981 0.0101852 -0.00238095 0.023008 0.021 0.018865
internal_weight=3200 2403 1175 1228 482 312 395 121 746 244 200 169 170 780 112 146 53 797 54 42 502 250 163
internal_count=3200 2403 1175 1228 482 312 395 121 746 244 200 169 170 780 112 146 53 797 54 42 502 250 163
is_linear=0
shrinkage=0.05


Tree=28
num_leaves=24
num_cat=0
split_feature=0 0 0 5 0 5 2 0 2 5 2 5 5 2 0 0 2 5 2 14 5 2 5
split_gain=193.623 155.902 205.705 11.714 5.51296 4.73386 6.35873 4.60212 5.10721 4.24198 2.50249 2.08904 1.81712 1.61582 1.54286 1.50037 1.28309 1.17668 1.10989 0.832784 0.809657 0.761151 0.761132
threshold=1.5000000000000002 4.5000000000000009 6.5000000000000009 0.84148837644085916 2.5000000000000004 0.91580211169285297 2028.0000000000002 2.5000000000000004 2032.5000000000002 1.0980897564204353 2032.5000000000002 0.73493166520396247 0.73124667939799026 2032.5000000000002 5.5000000000000009 3.5000000000000004 2028.0000000000002 0.68798870282520741 2028.0000000000002 77117.082163008323 1.1622726803406749 2028.0000000000002 0.94146943031383923
decision_type=2 2 2 2 2 2 2 2 2 2 2 2 2 2 2 2 2 2 2 2 2 2 2
left_child=12 3 11 4 16 6 -4 -5 9 18 17 14 13 -1 -3 -12 -2 -6 22 -19 21 -11 -9
right_child=1 2 5 7 10 -7 -8 8 -10 20 15 -13 -14 -15 -16 -17 -18 19 -20 -21 -22 -23 -24
leaf_value=-0.67380741220926554 1.0523090864518025 -7.5411056229097717 -0.4877157058561068 7.9366755702907454 -0.3344036886065716 16.46502370839201 8.829786476503541 0.023286027535176147 2.4713683138440588 1.1105661894926513 1.4440369452058506 -4.9487860114283189 -9.8601008936093546 -3.2311721744144482 -0.57505916672061519 0.058593485837811703 4.8022230112516695 0.032561344171345756 0.8133523989517244 -0.07490763526961644 2.9067203962769264 1.4380619501698639 0.62086665816177922
leaf_weight=33 37 21 43 331 26 269 83 46 221 41 30 724 738 26 35 26 54 65 131 23 86 32 79
leaf_count=33 37 21 43 331 26 269 83 46 221 41 30 724 738 26 35 26 54 65 131 23 86 32 79
internal_value=-0.00276563 0.00431752 -0.00870213 0.0167752 0.00737548 0.0206962 0.0126984 0.0193123 0.0168239 0.0135542 0.00205882 -0.0235897 -0.0241217 -0.015678 -0.0142857 0.0107143 0.0173077 -0.00219298 0.00957031 0.000568182 0.0199686 0.0160959 0.0062
internal_weight=3200 2403 1175 1228 261 395 126 967 636 415 170 780 797 59 56 56 91 114 256 88 159 73 125
internal_count=3200 2403 1175 1228 261 395 126 967 636 415 170 780 797 59 56 56 91 114 256 88 159 73 125
is_linear=0
shrinkage=0.05


Tree=29
num_leaves=24
num_cat=0
split_feature=0 0 0 5 2 0 5 2 0 2 5 5 5 5 2 0 0 5 2 0 2 5 1
split_gain=191.645 148.429 199.823 12.0709 6.83715 6.04584 4.90545 6.03945 3.77428 3.5182 2.70495 2.1134 1.91989 1.81712 1.61582 1.54286 1.42856 1.58678 1.30458 1.28677 1.34636 1.0429 0.938463
threshold=1.5000000000000002 4.5000000000000009 6.5000000000000009 0.94504317227432166 2028.0000000000002 3.5000000000000004 0.91580211169285297 2028.0000000000002 3.5000000000000004 2032.5000000000002 0.83355863158709254 1.1622726803406749 0.73493166520396247 0.73124667939799026 2032.5000000000002 5.5000000000000009 2.5000000000000004 0.7234857934403881 2028.0000000000002 2.5000000000000004 2032.5000000000002 1.0660229925427938 1.0000000180025095e-35
decision_type=2 2 2 2 2 2 2 2 2 2 2 2 2 2 2 2 2 2 2 2 2 2 2
left_child=13 3 12 4 16 19 7 -4 -5 11 -7 18 15 14 -1 -3 22 -18 -10 -6 -21 -20 -2
right_child=1 2 6 8 5 10 -8 -9 9 -11 -12 -13 -14 -15 -16 -17 17 -19 21 20 -22 -23 -24
leaf_value=-0.64011704159880201 0.99969363212921114 -7.164050341764284 -0.4633299205633023 4.3658073862795934 4.9953843058255849 -0.016465434709429873 15.641772522972412 8.3882971526783656 0.11264543348638796 2.4456152304454211 0.80078341459541358 1.8849840821119614 -4.7013467108569023 -9.3670958489288871 -3.069613565693726 -0.5463062083845841 -0.31460089735667013 0.018330165492808703 0.59524962043225715 0.3806649780401834 1.3956806352525875 1.0438858829518196 0.35946108612892547
leaf_weight=33 23 21 43 495 105 59 269 83 55 74 49 40 724 738 26 35 24 85 43 44 58 29 45
leaf_count=33 23 21 43 495 105 59 269 83 55 74 49 40 724 738 26 35 24 85 43 44 58 29 45
internal_value=-0.002875 0.00417187 -0.00853191 0.0163274 0.0102642 0.0146825 0.020443 0.0123016 0.0203804 0.015249 0.00509259 0.0112275 -0.0232051 -0.0241217 -0.015678 -0.0142857 0.00240113 -0.00114679 0.00807087 0.019686 0.0156863 0.0125 0.00808824
internal_weight=3200 2403 1175 1228 492 315 395 126 736 241 108 167 780 797 59 56 177 109 127 207 102 72 68
internal_count=3200 2403 1175 1228 492 315 395 126 736 241 108 167 780 797 59 56 177 109 127 207 102 72 68
is_linear=0
shrinkage=0.05


Tree=30
num_leaves=24
num_cat=0
split_feature=0 0 0 5 2 0 5 2 0 2 5 5 5 5 0 2 0 2 5 0 2 1 14
split_gain=187.424 136.291 191.705 11.7254 6.57897 5.29944 4.7541 6.03945 3.22795 3.88202 3.35683 2.96203 2.33777 2.28038 3.02767 2.62656 1.92452 1.64141 1.57464 1.37782 1.58709 1.04966 0.937145
threshold=1.5000000000000002 4.5000000000000009 6.5000000000000009 0.95922887924388489 2028.0000000000002 3.5000000000000004 0.91580211169285297 2028.0000000000002 2.5000000000000004 2032.5000000000002 1.1622726803406749 0.83355863158709254 0.74913494031657268 0.87339217932016089 5.5000000000000009 2028.0000000000002 2.5000000000000004 2032.5000000000002 0.7234857934403881 2.5000000000000004 2032.5000000000002 1.0000000180025095e-35 20874.632220657888
decision_type=2 2 2 2 2 2 2 2 2 2 2 2 2 2 2 2 2 2 2 2 2 2 2
left_child=12 3 13 4 16 19 7 -4 -5 10 22 -7 17 14 -3 -16 21 -1 -18 -6 -21 -2 -10
right_child=1 2 6 8 5 11 -8 -9 9 -11 -12 -13 -14 -15 15 -17 18 -19 -20 20 -22 -23 -24
leaf_value=-0.64787985908197643 0.98861403658294056 -10.232503998183596 -0.44016342453513746 9.0757066093479182 4.7974162953295858 -0.015642162973958307 14.859683896823794 7.9688822950444491 0.50379142180154091 2.8623729988413515 2.5629855670541319 0.77196590728837089 -8.967802058790264 -5.1977463910082431 0.0064959757154504421 -0.60862607228635712 -0.29887085248883594 -3.1398301543213791 0.017413657218168056 0.37820369424114947 1.3811107751261582 0.66104265900369519 0.84372218993723536
leaf_weight=39 26 77 43 236 113 59 269 83 50 155 86 58 725 600 32 71 24 33 97 47 62 47 168
leaf_count=39 26 77 43 236 113 59 269 83 50 155 86 58 725 600 32 71 24 33 97 47 62 47 168
internal_value=-0.00285938 0.00410945 -0.00806383 0.0157573 0.0101782 0.0143805 0.0203165 0.0123016 0.020036 0.0175926 0.0143092 0.00576923 -0.0238708 -0.0224359 -0.0175 -0.0118932 0.00283505 -0.0152778 -0.00103306 0.0189189 0.0149083 0.00924658 0.0110092
internal_weight=3200 2403 1175 1228 533 339 395 126 695 459 304 117 797 780 180 103 194 72 121 222 109 73 218
internal_count=3200 2403 1175 1228 533 339 395 126 695 459 304 117 797 780 180 103 194 72 121 222 109 73 218
is_linear=0
shrinkage=0.05


Tree=31
num_leaves=24
num_cat=0
split_feature=0 0 0 5 5 0 5 0 0 5 5 5 9 5 14 9 14 14 14 14 9 4 5
split_gain=187.141 126.909 180.422 11.3707 7.29912 6.24688 4.61501 3.841 3.46154 2.86198 2.30376 2.29158 1.96778 1.75562 2.23721 1.42558 1.25615 1.96507 1.20669 1.42141 1.12802 0.962371 0.905261
threshold=1.5000000000000002 4.5000000000000009 6.5000000000000009 0.95922887924388489 0.62638328471186322 2.5000000000000004 0.93739785783651264 2.5000000000000004 5.5000000000000009 1.1622726803406749 0.74913494031657268 0.87339217932016089 71049.084671081349 0.78986260667437658 29934.842015075606 87317.481054023156 42100.021563470124 29608.016072825212 8538.6571417766754 3566.5872263559145 12594.434387547166 1.0000000180025095e-35 1.0660229925427938
decision_type=2 2 2 2 2 2 2 2 2 2 2 2 2 2 2 2 2 2 2 2 2 2 2
left_child=10 3 8 4 -2 -6 16 -5 -3 20 -1 12 -10 14 -7 -16 17 -4 19 -13 -9 -18 -22
right_child=1 2 6 7 5 13 -8 9 11 -11 -12 18 -14 -15 15 -17 21 -19 -20 -21 22 -23 -24
leaf_value=-1.7973349235648399 -1.0268907797337761 -14.062829657942149 4.9258595532186975 8.6219212788805208 3.1626053746335145 0.29727843910647495 14.932615658921968 0.30897828326442611 -0.50934162934118066 3.0231265228016242 -8.5194119558507513 -1.0215327385246398 0.006904205935881081 0.58332037071846232 -0.22244719237701391 0.23027275143727266 8.6180357895024713 -0.56372579017923952 -1.5018422535861449 -1.3932584046218779 0.88322083291164688 1.6512969495817402 1.5497004031005872
leaf_weight=72 33 375 59 236 171 41 252 27 77 133 725 32 26 235 31 22 41 20 249 21 164 23 135
leaf_count=72 33 375 59 236 171 41 252 27 77 133 725 32 26 235 31 22 41 20 249 21 164 23 135
internal_value=-0.0028125 0.00415106 -0.00759574 0.0153909 0.00989681 0.0114 0.0199367 0.0196043 -0.0215385 0.016939 -0.023808 -0.0183333 -0.0118932 0.00737082 0.00159574 -0.00518868 0.0127622 0.0085443 -0.0205298 -0.0136792 0.0144172 0.0179688 0.015301
internal_weight=3200 2403 1175 1228 533 500 395 695 780 459 797 405 103 329 94 53 143 79 302 53 326 64 299
internal_count=3200 2403 1175 1228 533 500 395 695 780 459 797 405 103 329 94 53 143 79 302 53 326 64 299
is_linear=0
shrinkage=0.05


Tree=32
num_leaves=24
num_cat=0
split_feature=5 2 14 3 14 14 5 2 14 9 14 14 5 5 14 9 5 9 9 9 4 9 5
split_gain=2.77747 1.59507 1.29111 1.24721 1.61113 1.15955 1.13549 1.04918 1.2907 1.51606 1.39813 2.29551 1.37513 1.49233 1.34195 1.2887 1.03926 1.20074 2.04568 1.95571 1.7269 1.5133 1.36812
threshold=1.0467413568464441 2028.0000000000002 25115.914524956814 1.0000000180025095e-35 10953.068149906039 3566.5872263559145 0.8059040640304328 2028.0000000000002 47413.471009646826 82369.126130205987 60094.682628214316 70803.810137449953 1.0799996144149753 1.071550333734905 51804.61238871418 112083.73658157387 0.8171055759366409 63155.904534327601 87812.851071081692 54743.66459994774 1.0000000180025095e-35 91888.869540229076 0.85380591520152427
decision_type=2 2 2 2 2 2 2 2 2 2 2 2 2 2 2 2 2 2 2 2 2 2 2
left_child=1 3 -3 4 5 -1 -4 -2 9 12 14 -12 13 -9 -10 -13 -8 19 20 22 -19 -20 -18
right_child=7 2 6 -5 -6 -7 16 8 10 -11 11 15 -14 -15 -16 -17 17 18 21 -21 -22 -23 -24
leaf_value=-0.38957587985410669 -0.74719575506443481 -0.079397969665085111 -0.59675375928220975 -0.17655091444457868 -0.46504885969215554 0.2602986792124547 0.81360037008567199 0.21675379269307771 0.73715326608059406 -4.632558804088184 -5.714646846965187 1.9351568983135878 -1.3349498557667578 5.9714969355951073 8.5707919795404202 -1.0491511384358689 -0.95035658524432809 1.5712479389817304 -6.3133014725919399 -5.4502087838301678 -2.8089364126775309 -0.44501342595723092 -0.60688367281344147
leaf_weight=49 418 421 216 184 388 28 29 59 31 26 59 136 424 25 39 59 29 75 20 36 29 149 271
leaf_count=49 418 421 216 184 388 28 29 59 31 26 59 136 424 25 39 59 29 75 20 36 29 149 271
internal_value=-0.00298438 -0.00418399 -0.00315686 -0.00620185 -0.00758065 -0.000974026 -0.004274 -0.00117555 -0.000174825 -0.00168539 0.00231481 0.000590551 -0.00108268 0.0047619 0.00857143 0.00320513 -0.00321317 -0.00365353 -0.00119048 -0.00565476 0.00432692 -0.0045858 -0.00433333
internal_weight=3200 1924 1275 649 465 77 854 1276 858 534 324 254 508 84 70 195 638 609 273 336 104 169 300
internal_count=3200 1924 1275 649 465 77 854 1276 858 534 324 254 508 84 70 195 638 609 273 336 104 169 300
is_linear=0
shrinkage=0.05


Tree=33
num_leaves=24
num_cat=0
split_feature=0 0 0 5 2 0 5 2 0 2 5 2 2 0 5 14 5 5 0 5 9 5 5
split_gain=182.69 122.815 168.443 10.2532 6.88447 7.19957 5.12688 8.03076 4.8623 4.21326 2.99645 3.90602 2.72362 2.59985 2.01026 2.59335 1.86899 1.85863 1.73635 1.38097 1.15227 1.1369 1.0618
threshold=1.5000000000000002 4.5000000000000009 6.5000000000000009 1.0017365306145292 2028.0000000000002 3.5000000000000004 0.95731452100492431 2028.0000000000002 5.5000000000000009 2028.0000000000002 0.8059040640304328 2028.0000000000002 2028.0000000000002 3.5000000000000004 0.94146943031383923 16553.249132898152 0.74913494031657268 0.83355863158709254 2.5000000000000004 0.7234857934403881 43353.747382858528 0.96987143045629454 1.1419130877912611
decision_type=2 2 2 2 2 2 2 2 2 2 2 2 2 2 2 2 2 2 2 2 2 2 2
left_child=10 3 8 4 18 16 7 -4 -3 14 11 -1 13 22 20 -16 -6 -7 -2 -20 -10 -19 -5
right_child=1 2 6 12 5 17 -8 -9 9 -11 -12 -13 -14 -15 15 -17 -18 21 19 -21 -22 -23 -24
leaf_value=-0.087012584301973561 0.72386941045153042 -13.340295550989289 -0.32241721237180632 1.5256203036890428 1.298467037209649 -0.043588986713791661 14.648635138113566 7.3281151011145482 -0.26064622658853659 -1.2982228097422763 -8.3515673618156807 -2.6695527609417455 3.4617084693128741 0.32929751885352659 -0.11341133873558143 -0.89766201497613918 2.4283287540861362 0.73454577702870061 -0.2537082673406687 0.050917776960719155 0.081857785897204147 0.1585935853105184 4.5323899915902706
leaf_weight=35 87 375 55 80 48 59 233 107 20 269 678 84 396 51 24 68 228 62 24 119 24 20 54
leaf_count=35 87 375 55 80 48 59 233 107 20 269 678 84 396 51 24 68 228 62 24 119 24 20 54
internal_value=-0.00275 0.00413025 -0.00742553 0.0151873 0.0108578 0.0146882 0.0191772 0.0123457 -0.0208974 -0.0170988 -0.0234944 -0.0161765 0.0200086 0.015 -0.00992647 -0.0141304 0.0193841 0.00549645 0.00391304 0.000524476 -0.00113636 0.0103659 0.0186567
internal_weight=3200 2403 1175 1228 647 417 395 162 780 405 797 119 581 185 136 92 276 141 230 143 44 82 134
internal_count=3200 2403 1175 1228 647 417 395 162 780 405 797 119 581 185 136 92 276 141 230 143 44 82 134
is_linear=0
shrinkage=0.05


Tree=34
num_leaves=24
num_cat=0
split_feature=0 0 0 2 0 5 0 2 5 2 5 2 5 2 5 5 14 5 0 5 5 1 9
split_gain=172.621 113.22 162.079 9.70264 10.7667 8.41648 5.47617 5.07528 6.4134 3.92507 3.80192 4.11569 3.12459 2.33173 2.11263 1.84562 2.3977 1.82402 1.55219 1.19535 1.17349 1.24066 1.30662
threshold=1.5000000000000002 4.5000000000000009 6.5000000000000009 2032.5000000000002 2.5000000000000004 1.1014988717077825 5.5000000000000009 2028.0000000000002 0.95922887924388489 2028.0000000000002 0.83918073007734006 2028.0000000000002 0.94504317227432166 2028.0000000000002 0.82642697720511971 0.94146943031383923 16553.249132898152 0.85250640420330903 3.5000000000000004 1.2034268836810338 0.98253607812121191 1.0000000180025095e-35 61055.957204231592
decision_type=2 2 2 2 2 2 2 2 2 2 2 2 2 2 2 2 2 2 2 2 2 2 2
left_child=10 3 6 4 12 17 -3 8 -4 15 11 -1 13 -2 18 -8 -17 -6 -5 -7 21 22 -11
right_child=1 2 7 14 5 19 9 -9 -10 20 -12 -13 -14 -15 -16 16 -18 -19 -20 -21 -22 -23 -24
leaf_value=-0.42050423902510375 0.46382618764325656 -12.673280773439826 -0.30629635175321823 1.7532060377027676 -0.015779848371425233 0.89235468645540128 -0.0048943973192553617 12.935493577684836 6.7064856785902807 -0.7429043056943514 -8.1413073516578702 -2.8781271516978237 6.4247745736216277 3.0769112777100873 3.0315555826617651 -0.10774077179880202 -0.85277891422733243 0.33383946212379811 0.10030452772635386 2.2666977441431029 -1.7284787914460518 -0.82243113318165306 -0.027005015362100693
leaf_weight=51 68 375 55 46 120 88 44 266 74 21 640 106 173 61 326 24 68 255 25 66 157 71 20
leaf_count=51 68 375 55 46 120 88 44 266 74 21 640 106 173 61 326 24 68 255 25 66 157 71 20
internal_value=-0.00289063 0.00379734 -0.00729787 0.0144137 0.0113418 0.00704159 -0.0205128 0.0187975 0.0106589 -0.0164815 -0.0230552 -0.0160828 0.0188742 0.0129845 0.0208438 -0.00955882 -0.013587 0.003 0.0130282 0.0168831 -0.0199814 -0.0160714 -0.00914634
internal_weight=3200 2403 1175 1228 831 529 780 395 129 405 797 157 302 129 397 136 92 375 71 154 269 112 41
internal_count=3200 2403 1175 1228 831 529 780 395 129 405 797 157 302 129 397 136 92 375 71 154 269 112 41
is_linear=0
shrinkage=0.05


Tree=35
num_leaves=24
num_cat=0
split_feature=0 0 0 0 2 5 0 5 5 2 2 2 2 5 5 5 5 5 9 5 5 9 2
split_gain=162.833 108.616 154.828 10.3231 9.5794 7.95888 6.14018 5.54283 4.69045 4.34135 3.38505 3.26628 3.22615 3.59345 2.90986 1.84562 1.70405 1.26537 1.39747 1.19305 1.1576 1.15227 1.12839
threshold=1.5000000000000002 4.5000000000000009 6.5000000000000009 2.5000000000000004 2032.5000000000002 1.1014988717077825 5.5000000000000009 0.93049508535914782 0.83918073007734006 2028.0000000000002 2028.0000000000002 2028.0000000000002 2028.0000000000002 0.94504317227432166 0.82642697720511971 0.94146943031383923 0.68798870282520741 0.99359874653726477 54743.66459994774 1.0660229925427938 1.1687916513517889 43353.747382858528 2028.0000000000002
decision_type=2 2 2 2 2 2 2 2 2 2 2 2 2 2 2 2 2 2 2 2 2 2 2
left_child=8 3 6 12 5 16 -3 9 11 -4 15 -1 13 -2 -6 21 -5 18 -12 -16 -7 -8 -9
right_child=1 2 7 4 14 20 10 22 -10 -11 17 -13 -14 -15 19 -17 -18 -19 -20 -21 -22 -23 -24
leaf_value=-0.39947902707384914 0.44063487826109482 -12.039616734767835 -0.30923111110221274 -0.23916070829490155 0.60244936290336004 0.71164666710582347 -0.24736919539314678 5.9056821705288831 -7.7342419840749761 5.9276988476962806 -0.81099555616799257 -2.7342207941129333 6.9215040153667022 3.6955360872200487 1.0656002441642982 -0.72125795375877078 0.1336788732516567 -1.6928836584775391 -0.29043232721010243 3.0736047746574515 2.2565397296510028 0.078009616468307286 16.53713416019021
leaf_weight=51 68 375 48 26 51 76 20 81 640 89 79 106 271 83 135 92 349 149 41 91 78 24 177
leaf_count=51 68 375 48 26 51 76 20 81 640 89 79 106 271 83 135 92 349 149 41 91 78 24 177
internal_value=-0.00296875 0.00352684 -0.00734043 0.0139251 0.0106079 0.00666352 -0.0202564 0.0181646 -0.0225533 0.0100365 -0.0159877 -0.0148089 0.0202607 0.014404 0.0181408 -0.00955882 0.00273333 -0.0192379 -0.0154167 0.0205752 0.0162338 -0.00113636 0.0224806
internal_weight=3200 2403 1175 1228 806 529 780 395 797 137 405 157 422 151 277 136 375 269 120 226 154 44 258
internal_count=3200 2403 1175 1228 806 529 780 395 797 137 405 157 422 151 277 136 375 269 120 226 154 44 258
is_linear=0
shrinkage=0.05


Tree=36
num_leaves=24
num_cat=0
split_feature=0 0 0 0 2 5 0 5 5 2 5 2 2 5 2 5 5 5 5 9 5 5 9
split_gain=159.722 104.46 153.797 11.0095 9.30851 6.50129 6.48643 5.54283 4.92715 4.34135 3.76183 3.51339 3.09694 3.59345 3.06924 2.25525 1.70405 1.4982 1.16662 1.35266 1.57854 1.15168 1.22053
threshold=1.5000000000000002 4.5000000000000009 6.5000000000000009 2.5000000000000004 2032.5000000000002 1.1014988717077825 5.5000000000000009 0.93049508535914782 0.83918073007734006 2028.0000000000002 0.8059040640304328 2028.0000000000002 2028.0000000000002 0.94504317227432166 2028.0000000000002 0.91735888585625591 0.68798870282520741 1.0660229925427938 1.1687916513517889 54743.66459994774 1.13588926251181 0.98253607812121191 56839.916325280683
decision_type=2 2 2 2 2 2 2 2 2 2 2 2 2 2 2 2 2 2 2 2 2 2 2
left_child=8 3 6 12 5 16 -3 9 14 -4 -6 15 13 -2 -1 -8 -5 -12 19 20 -7 22 -13
right_child=1 2 7 4 10 18 11 -9 -10 -11 17 21 -14 -15 -16 -17 -18 -19 -20 -21 -22 -23 -24
leaf_value=-0.37950507572015796 0.41860313434803942 -11.437635898029443 -0.29376955554710094 -0.22720267288015705 0.57232689475819143 0.6407911138044412 0.0075264797639036374 11.896189129627865 -7.3475298848712276 5.6313139053114645 1.0016709463888476 -0.75478082188219708 6.5754288145983679 3.510759282859047 -2.5975097544072856 -0.67360570971011458 0.12699492958907399 2.9199245359245793 2.1437127431684524 1.3363689314927472 -0.02652658345098189 -1.5903039849335976 -0.22944083876023777
leaf_weight=51 68 375 48 26 39 28 41 258 640 89 147 74 271 83 106 95 349 91 78 23 25 157 38
leaf_count=51 68 375 48 26 39 28 41 258 640 89 147 74 271 83 106 95 349 91 78 23 25 157 38
internal_value=-0.00303125 0.003402 -0.00725532 0.0135993 0.0101737 0.00628544 -0.0201282 0.0181646 -0.0224279 0.0100365 0.0175993 -0.0157407 0.0201422 0.014404 -0.0144904 -0.00919118 0.00273333 0.019958 0.0149351 0.0105263 0.00613208 -0.019052 -0.0151786
internal_weight=3200 2403 1175 1228 806 529 780 395 797 137 277 405 422 151 157 136 375 238 154 76 53 269 112
internal_count=3200 2403 1175 1228 806 529 780 395 797 137 277 405 422 151 157 136 375 238 154 76 53 269 112
is_linear=0
shrinkage=0.05


Tree=37
num_leaves=24
num_cat=0
split_feature=2 5 3 14 14 4 9 14 14 14 9 5 9 9 5 5 5 9 14 3 5 9 14
split_gain=1.87091 1.72854 1.45658 1.94129 2.23419 1.54002 1.5331 1.1106 1.18193 2.14173 1.10628 1.09323 1.13592 1.22355 1.08538 1.88462 1.26824 1.1169 1.05978 2.93354 1.15714 1.02057 2.07922
threshold=2028.0000000000002 1.0417783304233958 1.0000000180025095e-35 10953.068149906039 3566.5872263559145 1.0000000180025095e-35 31410.170769519074 47413.471009646826 61873.267426970102 69678.813500245786 82369.126130205987 1.0628130287635416 112083.73658157387 94913.24722264774 1.0799996144149753 1.071550333734905 1.0871421772174437 40833.662568700725 31832.863780073301 1.0000000180025095e-35 1.3348793751074137 62693.97518370828 27727.346541253388
decision_type=2 2 2 2 2 2 2 2 2 2 2 2 2 2 2 2 2 2 2 2 2 2 2
left_child=2 21 3 4 5 -1 -5 10 -9 -10 14 -11 13 -13 15 17 -16 -3 20 -20 -18 22 -2
right_child=1 7 -4 6 -6 -7 -8 8 9 11 -12 12 -14 -15 16 -17 18 -19 19 -21 -22 -23 -24
leaf_value=-0.9710958601603239 -0.14665850780067444 -1.1796312721949638 -0.21087017542492392 -0.7861778485338583 0.38520685028771029 0.56129994900207691 -0.44440021351115888 2.5270081830274593 -7.1816481974699133 -1.5788207920560944 -2.2391977068785929 1.245240887638289 -0.74462192114824866 2.5227519997815619 -1.8965599923222123 4.5037512951703746 -0.46276505404735818 0.9181774642645707 -0.9925805127391375 -11.957688825798215 7.6042429397328908 -0.10155988287385612 -0.703020757620061
leaf_weight=62 431 44 306 148 45 27 479 82 44 26 27 105 56 23 23 25 280 21 64 22 35 422 403
leaf_count=62 431 44 306 148 45 27 479 82 44 26 27 105 56 23 23 25 280 21 64 22 35 422 403
internal_value=-0.00332812 -0.00247304 -0.00503749 -0.00620894 -0.000746269 -0.00533708 -0.0073764 -0.000769669 0.0014881 -0.00019685 -0.0021719 0.00190476 0.00326087 0.00585938 -0.0016537 0.00333333 -0.00271226 -0.00115385 -0.00205736 -0.00697674 -0.000714286 -0.00366242 -0.00467626
internal_weight=3200 2133 1067 761 134 89 627 877 336 254 541 210 184 128 514 90 424 65 401 86 315 1256 834
internal_count=3200 2133 1067 761 134 89 627 877 336 254 541 210 184 128 514 90 424 65 401 86 315 1256 834
is_linear=0
shrinkage=0.05


Tree=38
num_leaves=24
num_cat=0
split_feature=0 0 0 0 0 5 5 5 2 2 2 2 5 2 2 5 5 3 5 14 9 14 5
split_gain=153.083 99.2065 141.293 10.2741 8.16207 8.1407 6.50997 6.09334 5.43068 5.23023 3.90964 3.40935 3.79816 3.38712 3.08356 2.04873 2.0129 1.70815 1.64815 1.53272 1.47765 2.14898 1.43723
threshold=1.5000000000000002 4.5000000000000009 6.5000000000000009 2.5000000000000004 5.5000000000000009 1.0660229925427938 0.98048383727406008 0.84795607384656957 2028.0000000000002 2032.5000000000002 2028.0000000000002 2028.0000000000002 1.0032139549102579 2032.5000000000002 2028.0000000000002 1.1622726803406749 0.74310997185998173 1.0000000180025095e-35 0.68798870282520741 24101.597584427891 34764.463601322765 57769.506581224101 0.99971113682726653
decision_type=2 2 2 2 2 2 2 2 2 2 2 2 2 2 2 2 2 2 2 2 2 2 2
left_child=7 3 4 11 -3 9 8 13 17 18 15 12 -2 -1 19 20 -11 -4 -5 -7 -6 -22 -12
right_child=1 2 6 5 10 14 -8 -9 -10 16 22 -13 -14 -15 -16 -17 -18 -19 -20 -21 21 -23 -24
leaf_value=-0.63702469947207307 0.3868846312801168 -10.850620143129756 -0.6852829583165545 -0.194030620399397 -0.57053894712617037 -0.074844791297888943 12.756291091886315 -7.0173459442591613 5.9164914288794996 0.10175159855436605 -0.59231923362612093 6.2890158026538732 4.7856277919364292 -2.8097789253328118 2.2656202651960777 -1.6527522105972405 0.96265400938371359 1.0683241947226918 0.1096730364346243 0.8023350737626771 0.13073073892775114 -0.33346672427167867 -1.4857789227715366
leaf_weight=103 87 375 39 26 41 22 218 630 116 26 125 271 64 64 186 20 160 22 316 70 41 34 144
leaf_count=103 87 375 39 26 41 22 218 630 116 26 125 271 64 64 186 20 160 22 316 70 41 34 144
internal_value=-0.003125 0.00317312 -0.00721277 0.0131107 -0.0195513 0.00980149 0.0171519 -0.0221142 0.0100282 0.0061553 -0.0146296 0.0194313 0.0134106 -0.0136228 0.0167266 -0.00772059 0.0129032 -0.00204918 0.00248538 0.00923913 -0.00517241 -0.001 -0.0181227
internal_weight=3200 2403 1175 1228 780 806 395 797 177 528 405 422 151 167 278 136 186 61 342 92 116 75 269
internal_count=3200 2403 1175 1228 780 806 395 797 177 528 405 422 151 167 278 136 186 61 342 92 116 75 269
is_linear=0
shrinkage=0.05


Tree=39
num_leaves=24
num_cat=0
split_feature=0 0 0 5 0 5 5 5 2 0 2 0 2 2 2 5 5 14 14 5 5 2 14
split_gain=146.338 93.702 134.999 10.1292 9.17608 7.30049 6.13609 6.07287 5.90109 5.76415 5.49451 4.43935 4.58898 3.65346 3.61536 3.25775 2.38424 1.99077 2.09556 1.88281 1.71072 1.6 1.50689
threshold=1.5000000000000002 4.5000000000000009 6.5000000000000009 1.0144370916682817 5.5000000000000009 0.62638328471186322 0.99448579556082628 0.84795607384656957 2028.0000000000002 2.5000000000000004 2028.0000000000002 2.5000000000000004 2032.5000000000002 2032.5000000000002 2032.5000000000002 1.1687916513517889 1.2414035514114392 8538.6571417766754 24101.597584427891 0.81383194378367973 0.70445260993013836 2032.5000000000002 8538.6571417766754
decision_type=2 2 2 2 2 2 2 2 2 2 2 2 2 2 2 2 2 2 2 2 2 2 2
left_child=7 3 4 5 -3 -2 10 14 -7 -10 -4 -5 16 15 20 22 17 -13 -19 21 -1 -12 -6
right_child=1 2 6 11 13 8 -8 -9 9 -11 19 12 -14 -15 -16 -17 -18 18 -20 -21 -22 -23 -24
leaf_value=0.202744655028296 -1.0792106314054308 -10.308089135973269 -0.21962992880298488 7.6512924532106581 0.03163689287871705 0.068525874208770432 12.583620305117638 -6.6664786470462039 3.7274429640882887 0.55023531630167499 -0.31084486483769358 2.3520030768698432 2.3949141086355694 -1.2874421794049127 -2.6692899790661713 -1.7060637142676343 2.6064481444646277 -0.21682570805709817 0.52471724875408943 6.362812139923566 -1.5102449551599109 7.198745980279142 -0.38996669046761245
leaf_weight=24 33 375 66 187 41 230 207 630 136 288 20 21 118 148 64 39 41 27 147 82 79 20 177
leaf_count=24 33 375 66 187 41 230 207 630 136 288 20 21 118 148 64 39 41 27 147 82 79 20 177
internal_value=-0.00323437 0.00292343 -0.00717021 0.0125814 -0.0192308 0.00855167 0.0166456 -0.0218005 0.00970948 0.0132075 0.0101064 0.0176987 0.0144068 -0.0140123 -0.0133234 -0.0104086 0.0103814 0.00807692 0.00632184 0.0163934 -0.00752427 0.0075 -0.00802752
internal_weight=3200 2403 1175 1228 780 687 395 797 654 424 188 541 354 405 167 257 236 195 174 122 103 40 218
internal_count=3200 2403 1175 1228 780 687 395 797 654 424 188 541 354 405 167 257 236 195 174 122 103 40 218
is_linear=0
shrinkage=0.05


Tree=40
num_leaves=24
num_cat=0
split_feature=0 0 0 5 0 5 2 5 0 5 2 0 2 2 5 5 2 2 5 3 2 14 14
split_gain=137.573 88.7133 131.191 9.71143 9.58123 7.07077 6.51632 6.33928 6.14831 5.06843 3.90273 4.80056 3.83356 3.70853 3.4725 3.36364 3.20607 2.90751 2.57216 1.72588 1.6 1.51214 2.00255
threshold=1.5000000000000002 4.5000000000000009 6.5000000000000009 1.0144370916682817 5.5000000000000009 0.62638328471186322 2028.0000000000002 0.87339217932016089 2.5000000000000004 1.0361395693305118 2032.5000000000002 2.5000000000000004 2028.0000000000002 2032.5000000000002 1.1687916513517889 0.81383194378367973 2028.0000000000002 2028.0000000000002 1.2414035514114392 1.0000000180025095e-35 2032.5000000000002 8538.6571417766754 24101.597584427891
decision_type=2 2 2 2 2 2 2 2 2 2 2 2 2 2 2 2 2 2 2 2 2 2 2
left_child=7 3 4 5 -3 -2 9 17 12 19 11 -5 -7 -10 16 20 -6 -1 21 -4 -8 -13 -23
right_child=1 2 6 10 14 8 15 -9 13 -11 -12 18 -14 -15 -16 -17 -18 -19 -20 -21 -22 22 -24
leaf_value=-0.31940088999436966 -1.0252500998351592 -9.7926846791746058 -0.46943427552140521 5.7836808055877356 -0.20136923051822608 0.50628841323623275 -0.295302621595809 -6.6488763683917256 0.066021926301973372 5.090194102345297 3.6230543517670273 2.2344029230263516 3.5410708158838733 0.71175989264500861 -1.9683724497715831 11.441333213423347 -0.76472777871915421 -2.1919723720315942 2.4761257372413952 0.65849939925921896 6.8388086812651867 -0.20598442265424241 0.49848138631638506
leaf_weight=68 33 375 49 130 117 84 20 596 282 52 175 21 136 152 65 226 223 133 41 28 20 27 147
leaf_count=68 33 375 49 130 117 84 20 596 282 52 175 21 136 152 65 226 223 133 41 28 20 27 147
internal_value=-0.00323437 0.00273616 -0.00708511 0.0121336 -0.0189744 0.00818777 0.0163924 -0.0212359 0.00932722 0.00717054 0.0171442 0.0142077 0.0161364 0.00587558 -0.013642 0.0208647 -0.0116176 -0.0135572 0.00995763 -0.000974026 0.0075 0.0075641 0.00603448
internal_weight=3200 2403 1175 1228 780 687 395 797 654 129 541 366 220 434 405 266 340 201 236 77 40 195 174
internal_count=3200 2403 1175 1228 780 687 395 797 654 129 541 366 220 434 405 266 340 201 236 77 40 195 174
is_linear=0
shrinkage=0.05


Tree=41
num_leaves=24
num_cat=0
split_feature=0 0 0 5 0 5 0 5 2 2 2 5 2 0 2 9 5 5 5 5 2 2 1
split_gain=133.525 86.4387 117.865 9.80888 9.70963 7.00998 6.51183 6.28691 6.02993 5.16163 4.61049 4.26003 3.1201 2.59561 3.36357 2.45372 2.31933 2.07719 1.98067 1.95 2.18124 1.86516 1.6019
threshold=1.5000000000000002 4.5000000000000009 6.5000000000000009 1.0660229925427938 5.5000000000000009 0.90257202809536718 2.5000000000000004 1.0361395693305118 2028.0000000000002 2028.0000000000002 2032.5000000000002 0.95586954149312564 2028.0000000000002 2.5000000000000004 2032.5000000000002 31410.170769519074 0.71763201185054715 0.73124667939799026 1.2414035514114392 1.1687916513517889 2032.5000000000002 2028.0000000000002 1.0000000180025095e-35
decision_type=2 2 2 2 2 2 2 2 2 2 2 2 2 2 2 2 2 2 2 2 2 2 2
left_child=5 3 4 6 16 12 9 8 -4 -2 -8 15 -1 -5 18 -6 -3 -11 -15 20 -13 -17 -23
right_child=1 2 7 13 11 -7 10 -9 -10 17 -12 19 -14 14 -16 21 -18 -19 -20 -21 -22 22 -24
leaf_value=-0.30343084549465121 0.57368850028081797 -1.4812726599687125 -0.19710455871735919 8.2304047257369266 -0.59741623714687864 -6.5397931778921166 0.045008937846763075 13.840564855343018 5.4476932678350183 0.37393499033823618 0.70569518712726664 -0.53749679296264574 -2.2125572521022803 0.60513077031609019 2.3828872528528025 0.13759034058416406 -9.5176829446186595 3.740722064001655 2.3523194503793263 -1.8699538272830041 -1.2936651002683774 0.035874207537654711 -0.33183427294192214
leaf_weight=80 110 20 77 136 50 564 342 173 145 20 186 126 153 146 91 35 355 156 41 65 69 25 35
leaf_count=80 110 20 77 136 50 564 342 173 145 20 186 126 153 146 91 35 355 156 41 65 69 25 35
internal_value=-0.0031875 0.00269455 -0.007 0.0119707 -0.0182692 -0.0209222 0.00878378 0.0152532 0.00968468 0.0148601 0.00549242 -0.0129012 -0.0136266 0.0182367 0.0154676 -0.00603448 -0.0240667 0.0201705 0.011631 -0.0167308 -0.0142308 -0.00131579 -0.00666667
internal_weight=3200 2403 1175 1228 780 797 814 395 222 286 528 405 233 414 278 145 375 176 187 260 195 95 60
internal_count=3200 2403 1175 1228 780 797 814 395 222 286 528 405 233 414 278 145 375 176 187 260 195 95 60
is_linear=0
shrinkage=0.05


Tree=42
num_leaves=24
num_cat=0
split_feature=2 9 14 9 14 5 3 14 1 14 5 9 5 5 14 14 14 14 9 9 14 5 5
split_gain=1.87097 1.62214 2.11336 1.86079 1.63471 1.24515 1.11787 1.1793 0.991077 0.963374 1.03127 1.61144 1.55196 2.62384 0.887215 1.10337 0.837101 1.57443 1.63565 1.52381 1.09833 1.17686 1.11185
threshold=2028.0000000000002 56149.119421051837 10599.099790861763 61055.957204231592 4513.9507278697574 1.3574327169734228 1.0000000180025095e-35 76371.433228275593 1.0000000180025095e-35 20437.714070413018 0.80799379639382607 41791.601166393004 1.0871421772174437 1.0295092369820498 59047.409494490923 41372.495196902099 51804.61238871418 60094.682628214316 39191.691647997584 86805.808065726014 67612.739443027895 1.0628130287635416 1.0144370916682817
decision_type=2 2 2 2 2 2 2 2 2 2 2 2 2 2 2 2 2 2 2 2 2 2 2
left_child=1 2 4 -3 -1 16 -5 8 -8 -4 11 -11 13 -12 15 -14 -2 18 -18 -20 -19 22 -22
right_child=5 3 9 6 -6 -7 7 -9 -10 10 12 -13 14 -15 -16 -17 17 20 19 -21 21 -23 -24
leaf_value=-0.56733058538867598 -0.51501528865167223 0.4655264591933026 -0.97101113107748382 -0.3408701028693969 0.48916754171845445 4.6208978460375425 0.80883344299040805 -0.30677033908838358 -0.016208250101765031 -0.18724933078149208 -0.3487827861730452 0.14688148100144716 -0.55788999571262188 -2.9954881372920088 -2.0682354432535646 0.65287018298439037 -0.70094176020299137 -1.3313329129856672 1.5383792487295631 -0.05669370712178079 -0.17194418798852668 0.57105795179844709 -1.3061118849174918
leaf_weight=117 1331 34 128 237 44 53 28 58 27 37 161 25 71 43 29 28 29 88 56 28 313 180 55
leaf_count=117 1331 34 128 237 44 53 28 58 27 37 161 25 71 43 29 28 29 88 56 28 313 180 55
internal_value=-0.00323437 -0.00494377 -0.00640556 -0.00234375 -0.00139752 -0.00237928 -0.00342857 0.000663717 0.00590909 -0.00795019 -0.00672589 -0.000806452 -0.00783133 -0.0105392 -0.00351563 -0.00126263 -0.00257212 -0.00123498 0.00420354 0.0077381 -0.00220126 -0.00136861 -0.00298913
internal_weight=3200 1067 683 384 161 2133 350 113 55 522 394 62 332 204 128 99 2080 749 113 84 636 548 368
internal_count=3200 1067 683 384 161 2133 350 113 55 522 394 62 332 204 128 99 2080 749 113 84 636 548 368
is_linear=0
shrinkage=0.05


Tree=43
num_leaves=24
num_cat=0
split_feature=0 0 0 0 5 0 2 5 5 2 5 2 5 5 9 2 5 5 5 2 2 5 2
split_gain=129.296 83.3808 116.057 11.0407 9.39951 9.87195 7.01649 6.87098 6.06614 5.58609 5.08919 4.83229 3.53819 3.12792 2.82901 2.79437 2.43155 2.31933 2.15513 2.05385 2.05116 1.60727 1.53233
threshold=1.5000000000000002 4.5000000000000009 6.5000000000000009 5.5000000000000009 0.62638328471186322 2.5000000000000004 2032.5000000000002 0.90257202809536718 1.0361395693305118 2028.0000000000002 0.95586954149312564 2028.0000000000002 1.1014988717077825 1.0144370916682817 30649.342567377967 2028.0000000000002 1.0785534194642097 0.71763201185054715 1.1687916513517889 2032.5000000000002 2028.0000000000002 0.73493166520396247 2032.5000000000002
decision_type=2 2 2 2 2 2 2 2 2 2 2 2 2 2 2 2 2 2 2 2 2 2 2
left_child=7 4 3 17 -2 11 12 15 9 -4 14 16 -7 -8 -5 -1 -6 -3 19 -12 -16 -17 -11
right_child=1 2 8 10 5 6 13 -9 -10 22 18 -13 -14 -15 20 21 -18 -19 -20 -21 -22 -23 -24
leaf_value=-0.30416052878791788 -0.96687557519666578 -1.4059718062338178 -0.14798750140905667 -0.55016092834658858 0.64239833351867481 0.091408269401651421 0.65806112557239871 -6.1870527545649256 13.149347025080955 2.214892116505021 -0.50651772635825765 5.4312137674342074 0.90067269473708866 1.9368428993598172 0.1344659456437288 -1.3966730668623228 4.8142793300129343 -9.0103866521747822 -1.7611176189644349 -1.2408062906716169 -0.23182802035834343 -2.526609005912599 8.5531353615167234
leaf_weight=80 33 20 77 48 108 364 152 564 173 84 126 260 154 118 36 44 39 355 65 69 61 109 61
leaf_count=80 33 20 77 48 108 364 152 564 173 84 126 260 154 118 36 44 39 355 65 69 61 109 61
internal_value=-0.00296875 0.00281939 -0.00670213 -0.0178846 0.01193 0.0126569 0.00939086 -0.0204203 0.0153797 0.00990991 -0.0121605 0.0189803 0.00598456 0.0159259 -0.00465517 -0.0131974 0.0117347 -0.0240667 -0.0163462 -0.0137179 0.000257732 -0.0171569 0.0156897
internal_weight=3200 2403 1175 780 1228 1195 788 797 395 222 405 407 518 270 145 233 147 375 260 195 97 153 145
internal_count=3200 2403 1175 780 1228 1195 788 797 395 222 405 407 518 270 145 233 147 375 260 195 97 153 145
is_linear=0
shrinkage=0.05


Tree=44
num_leaves=24
num_cat=0
split_feature=0 0 0 0 2 5 0 5 5 2 5 5 2 2 5 5 5 0 0 9 5 5 3
split_gain=121.517 79.049 111.661 11.9755 10.1473 6.79787 6.65191 6.22398 5.1775 5.13328 4.3086 3.93686 3.82327 3.28713 2.9964 2.31933 2.20952 2.20836 2.17085 1.87748 2.22608 1.75482 1.72588
threshold=1.5000000000000002 4.5000000000000009 6.5000000000000009 5.5000000000000009 2028.0000000000002 0.95167335268837305 2.5000000000000004 1.0361395693305118 1.0417783304233958 2028.0000000000002 1.1687916513517889 1.0144370916682817 2028.0000000000002 2032.5000000000002 0.73124667939799026 0.71763201185054715 0.81383194378367973 3.5000000000000004 3.5000000000000004 34764.463601322765 1.0522115554879969 0.73493166520396247 1.0000000180025095e-35
decision_type=2 2 2 2 2 2 2 2 2 2 2 2 2 2 2 2 2 2 2 2 2 2 2
left_child=5 4 3 15 11 12 14 9 17 22 13 -2 -1 19 -6 -3 -11 -8 -13 -5 -21 -14 -4
right_child=1 2 7 10 6 -7 8 -9 -10 16 -12 18 21 -15 -16 -17 -18 -19 -20 20 -22 -23 -24
leaf_value=-0.3457144834193997 0.021158930046763658 -1.3356732159221267 -0.41166445359554588 -0.50333907079962614 0.26080377293139068 -6.841558724008312 0.78585454107184494 12.491879673826908 1.5907959793646229 1.2975678356122615 -1.6730617380162132 1.4144644400016091 -1.326839413519207 -0.92675633772132293 5.2742672757055464 -8.5598673195660435 6.3259944591354156 0.17431493981982271 0.20200345336540979 0.024580511747636893 -0.70463557147805889 -2.9753910876377589 0.65921786043411434
leaf_weight=101 239 20 49 77 20 482 159 173 215 40 65 129 44 122 251 355 105 168 47 104 37 170 28
leaf_count=101 239 20 49 77 20 482 159 173 215 40 65 129 44 122 251 355 105 168 47 104 37 170 28
internal_value=-0.003 0.00261132 -0.00665957 -0.0176282 0.0114821 -0.0199184 0.0147294 0.015 0.0115314 0.00945946 -0.0116667 0.00512048 -0.0142063 -0.00941176 0.0211255 -0.0240667 0.015 0.00756881 0.0107955 -0.00573394 -0.00230496 -0.0179907 -0.000974026
internal_weight=3200 2403 1175 780 1228 797 813 395 542 222 405 415 315 340 271 375 145 327 176 218 141 214 77
internal_count=3200 2403 1175 780 1228 797 813 395 542 222 405 415 315 340 271 375 145 327 176 218 141 214 77
is_linear=0
shrinkage=0.05


Tree=45
num_leaves=24
num_cat=0
split_feature=0 0 0 0 5 2 5 5 2 5 2 0 0 5 5 2 0 2 9 5 2 5 9
split_gain=113.768 73.8316 108.211 12.4572 10.0672 7.62475 7.05691 6.9306 4.56446 4.27638 4.06733 3.57834 3.50213 3.26577 3.08186 3.06551 2.64226 2.62742 2.42552 2.31933 2.10362 2.05145 1.98922
threshold=1.5000000000000002 4.5000000000000009 6.5000000000000009 5.5000000000000009 1.069209460861025 2032.5000000000002 0.98048383727406008 0.95731452100492431 2032.5000000000002 0.89145594291848762 2028.0000000000002 2.5000000000000004 2.5000000000000004 0.62638328471186322 0.83593506997909406 2032.5000000000002 2.5000000000000004 2032.5000000000002 40262.117122566422 0.71763201185054715 2028.0000000000002 1.1687916513517889 21939.235272465896
decision_type=2 2 2 2 2 2 2 2 2 2 2 2 2 2 2 2 2 2 2 2 2 2 2
left_child=7 4 3 19 5 13 8 10 14 18 -1 -7 -6 -2 -4 -14 20 21 -5 -3 -15 -11 -13
right_child=1 2 6 9 12 11 -8 -9 -10 17 -12 22 15 16 -16 -17 -18 -19 -20 -21 -22 -23 -24
leaf_value=-0.32395661824526911 -1.0460309602377222 -1.2688895551260204 -0.69515510445286288 -0.26979792297975252 7.1809633733584448 4.8772994979563551 9.2553111867476083 -6.5506856785822158 7.623431933815116 -0.44771596957763721 -2.5649051228378541 0.80618657993860277 0.71603395956625138 0.65045849577255133 1.5412544902321799 2.3029797318899798 0.060856954121295104 -1.180390354673186 0.070933574890020168 -8.1318739535877409 1.6569318301600817 -1.1590950211423292 0.55149759859630476
leaf_weight=104 23 20 43 56 134 77 218 472 50 143 221 43 184 107 84 89 334 108 59 355 92 39 145
leaf_count=104 23 20 43 56 134 77 218 472 50 143 221 43 184 107 84 89 334 108 59 355 92 39 145
internal_value=-0.00317187 0.00225759 -0.00670213 -0.0175 0.0108306 0.00764312 0.0146203 -0.019542 0.00720339 -0.0114198 -0.0139231 0.0146226 0.0172604 0.00431655 0.00216535 0.014011 0.00511257 -0.0146552 -0.00326087 -0.0240667 0.00967337 -0.010989 0.0109043
internal_weight=3200 2403 1175 780 1228 821 395 797 177 405 325 265 407 556 127 273 533 290 115 375 199 182 188
internal_count=3200 2403 1175 780 1228 821 395 797 177 405 325 265 407 556 127 273 533 290 115 375 199 182 188
is_linear=0
shrinkage=0.05


Tree=46
num_leaves=24
num_cat=0
split_feature=0 0 0 0 2 5 5 0 5 2 2 5 5 2 5 5 5 0 5 2 9 14 5
split_gain=107.327 70.4573 103.555 13.1975 9.34709 7.31321 7.14219 6.91021 5.31036 5.0816 4.33885 4.1983 3.71063 2.67692 2.6508 2.60676 2.37969 2.32232 2.31933 2.25481 2.01714 2.17253 2.15951
threshold=1.5000000000000002 4.5000000000000009 6.5000000000000009 5.5000000000000009 2028.0000000000002 1.0361395693305118 0.95731452100492431 2.5000000000000004 1.1234451183816214 2028.0000000000002 2032.5000000000002 1.1687916513517889 1.0980897564204353 2032.5000000000002 0.73124667939799026 0.70445260993013836 0.83593506997909406 2.5000000000000004 0.71763201185054715 2032.5000000000002 34764.463601322765 76371.433228275593 1.0522115554879969
decision_type=2 2 2 2 2 2 2 2 2 2 2 2 2 2 2 2 2 2 2 2 2 2 2
left_child=6 4 3 18 12 9 10 14 16 -4 15 13 -2 20 -6 -1 -9 -14 -3 -18 -5 22 -22
right_child=1 2 5 11 7 -7 -8 8 -10 -11 -12 -13 17 -15 -16 -17 19 -19 -20 -21 21 -23 -24
leaf_value=0.43407129861048904 0.058456900571867726 -1.2054450773697198 -0.18565044930209071 -0.45711685759021425 0.21943452268277355 11.404520130798183 -6.2231513946531045 0.038492664703940707 1.9656573363678214 4.7296219693914621 -2.8820143246822383 -1.531453900058287 4.5102115075111771 -0.83481533878321701 4.7964030817305172 -1.3330262416555145 0.34073020422615274 0.51398315060681632 -7.7252802559083538 0.74179908167602382 0.11789548272201317 -0.42894045086033117 -0.59558698860240544
leaf_weight=24 303 20 77 77 20 173 472 109 128 145 112 65 32 122 251 189 144 80 355 161 73 46 22
leaf_count=24 303 20 77 77 20 173 472 109 128 145 112 65 32 122 251 189 144 80 355 161 73 46 22
internal_value=-0.00326562 0.00200791 -0.00674468 -0.0173077 0.0103827 0.0141139 -0.0191656 0.0134994 0.0102399 0.00810811 -0.0134615 -0.0110494 0.00427711 -0.00882353 0.0200185 -0.0092723 0.00748792 0.0120536 -0.0240667 0.0097541 -0.00550459 -0.00195035 0.00236842
internal_weight=3200 2403 1175 780 1228 395 797 813 542 222 325 405 415 340 271 213 414 112 375 305 218 141 95
internal_count=3200 2403 1175 780 1228 395 797 813 542 222 325 405 415 340 271 213 414 112 375 305 218 141 95
is_linear=0
shrinkage=0.05


Tree=47
num_leaves=24
num_cat=0
split_feature=0 0 0 0 2 2 0 2 0 2 9 2 2 14 0 14 9 14 9 14 9 0 9
split_gain=102.106 66.8353 95.3488 13.6622 10.042 6.22369 4.40948 4.2978 4.11161 3.09154 2.68643 2.0319 1.75166 1.53061 1.52835 1.50826 1.39894 1.39174 1.36576 1.33247 1.161 1.00262 1.74052
threshold=1.5000000000000002 4.5000000000000009 6.5000000000000009 5.5000000000000009 2032.5000000000002 2032.5000000000002 2.5000000000000004 2028.0000000000002 2.5000000000000004 2028.0000000000002 34764.463601322765 2028.0000000000002 2028.0000000000002 16553.249132898152 3.5000000000000004 55371.127464824596 54071.328489639527 27971.212466760018 19221.205285152875 3918.6122447792445 80232.037649569029 3.5000000000000004 19556.42971141075
decision_type=2 2 2 2 2 2 2 2 2 2 2 2 2 2 2 2 2 2 2 2 2 2 2
left_child=7 4 3 -3 6 11 12 -1 -6 10 13 -4 -2 -5 -10 -12 19 -13 -16 -11 -18 22 -8
right_child=1 2 5 9 8 -7 21 -9 14 16 15 17 -14 -15 18 -17 20 -19 -20 -21 -22 -23 -24
leaf_value=-1.9440673441815506 1.0023256535872207 -7.1457099895248266 0.84841523245959827 -0.095280963519385864 6.3017389937339887 12.556598291371955 0.95452577268749228 -4.7017481048162386 1.2690291823329503 -0.22935351391849254 0.14152213889890816 5.6876993019348738 2.5480643832474188 -0.51184748750433617 0.65449106486293551 -0.30077457461338003 -0.095552358129871715 3.4623477584947295 0.50446292139001514 -0.95843886783834309 -0.60164204567414858 0.089888146534272559 0.32598459049764728
leaf_weight=273 151 375 129 21 120 123 39 524 148 27 45 54 151 28 22 42 40 89 107 134 68 280 210
leaf_count=273 151 375 129 21 120 123 39 524 148 27 45 54 151 28 22 42 40 89 107 134 68 280 210
internal_value=-0.00340625 0.00173741 -0.00678723 -0.0169231 0.00989414 0.0132278 0.00676895 -0.0189147 0.0164358 -0.0105556 -0.00441176 0.00900735 0.0115894 -0.0137755 0.0130866 0.000862069 -0.0136617 0.0131119 0.00910853 -0.0166149 -0.00925926 0.00401701 0.0063253
internal_weight=3200 2403 1175 780 1228 395 831 797 397 405 136 272 302 49 277 87 269 143 129 161 108 529 249
internal_count=3200 2403 1175 780 1228 395 831 797 397 405 136 272 302 49 277 87 269 143 129 161 108 529 249
is_linear=0
shrinkage=0.05


Tree=48
num_leaves=24
num_cat=0
split_feature=0 0 0 0 5 5 5 2 2 0 2 5 2 5 0 5 5 5 14 9 2 9 5
split_gain=95.601 61.96 90.9612 14.3951 11.0577 8.63833 7.46484 6.22014 5.72419 5.53401 5.03352 4.59322 4.42938 4.23958 3.84734 2.80418 2.15128 2.13918 2.31718 2.06159 1.98902 1.9865 2.16045
threshold=1.5000000000000002 4.5000000000000009 6.5000000000000009 5.5000000000000009 1.0144370916682817 0.95731452100492431 1.0392776652819877 2032.5000000000002 2028.0000000000002 2.5000000000000004 2032.5000000000002 0.96142143104897726 2032.5000000000002 0.83593506997909406 2.5000000000000004 0.75950280318859287 1.1687916513517889 1.2517075098283645 8538.6571417766754 30396.011458456163 2028.0000000000002 22441.347383663178 0.83355863158709254
decision_type=2 2 2 2 2 2 2 2 2 2 2 2 2 2 2 2 2 2 2 2 2 2 2
left_child=5 4 3 15 7 8 10 -2 -1 -6 13 19 17 -4 -9 -3 -13 18 -11 -5 -15 -16 -23
right_child=1 2 6 11 9 -7 -8 14 -10 12 -12 16 -14 20 21 -17 -18 -19 -20 -21 -22 22 -24
leaf_value=-0.14390410804115136 0.099237633108786846 -0.8005541752055898 -0.74407063485929259 -0.45612645902585069 5.4805685237535364 -5.7008474661021245 10.833028785575081 3.426356153994087 -2.1349211493723743 1.7959943931554692 6.5636962607551883 -0.64295729983762873 1.5346270158183004 0.18263669041157871 0.66774003378670566 -7.0920724279177634 -1.4398424763247037 1.9406175335659981 0.25518194959896334 0.016107186904434911 3.1138256813619307 -0.088653206745608781 0.49402503081630872
leaf_weight=104 465 26 43 46 187 472 170 63 221 22 61 187 118 57 33 349 65 37 177 107 64 41 85
leaf_count=104 465 26 43 46 187 472 170 63 221 22 61 187 118 57 33 349 65 37 177 107 64 41 85
internal_value=-0.00334375 0.00163337 -0.00657447 -0.0164744 0.00948697 -0.0183501 0.0129747 0.00527656 -0.0120769 0.0148336 0.007 -0.00993827 0.0111582 0.00243902 0.0121622 -0.0235333 -0.0140873 0.00720339 0.00515075 -0.00310458 0.0072314 0.00801887 0.00515873
internal_weight=3200 2403 1175 780 1228 797 395 687 325 541 225 405 354 164 222 375 252 236 199 153 121 159 126
internal_count=3200 2403 1175 780 1228 797 395 687 325 541 225 405 354 164 222 375 252 236 199 153 121 159 126
is_linear=0
shrinkage=0.05


Tree=49
num_leaves=24
num_cat=0
split_feature=0 0 0 0 5 5 2 2 5 2 5 0 2 0 5 2 5 2 5 5 5 2 5
split_gain=90.0933 59.1926 83.6602 14.6155 10.5936 8.62185 7.23928 6.48268 6.19987 5.93086 4.72767 4.70781 3.98755 3.63232 2.81626 3.03326 2.71056 2.68784 2.14997 2.11151 2.01841 1.81923 2.09693
threshold=1.5000000000000002 4.5000000000000009 6.5000000000000009 5.5000000000000009 1.0201625752641112 0.95731452100492431 2032.5000000000002 2032.5000000000002 0.83593506997909406 2028.0000000000002 1.1687916513517889 2.5000000000000004 2032.5000000000002 2.5000000000000004 1.1165143622608402 2028.0000000000002 0.75950280318859287 2028.0000000000002 1.2517075098283645 0.69457110385268972 0.80799379639382607 2028.0000000000002 1.0785534194642097
decision_type=2 2 2 2 2 2 2 2 2 2 2 2 2 2 2 2 2 2 2 2 2 2 2
left_child=5 4 3 16 7 9 8 -2 -4 20 17 -6 18 -9 15 -10 -3 -5 -13 -11 -1 22 -7
right_child=1 2 6 10 11 21 -8 13 14 19 -12 12 -14 -15 -16 -17 -18 -19 -20 -21 -22 -23 -24
leaf_value=0.19097488201886678 0.094275751453346865 -0.7605264664453103 -0.70686710311632628 -0.023468638305488555 5.2154026875217374 -1.2116056009860943 11.544566804475977 3.3856559207287633 0.057849178886024789 -0.43449606458173379 -1.367850352508468 0.33021286029560315 1.4578956650273867 0.47362099160425547 7.6319697608073405 3.5498777583945582 -6.7374688065218749 -0.51911354098730411 1.8435866568876975 -2.2136785344099992 -0.53015041175705735 -6.8718091880576253 -5.0168015047605996
leaf_weight=35 471 26 43 117 182 78 123 65 76 28 65 196 116 161 65 88 349 223 37 193 69 303 91
leaf_count=35 471 26 43 117 182 78 123 65 76 28 65 196 116 161 65 88 349 223 37 193 69 303 91
internal_value=-0.00346875 0.00136288 -0.00665957 -0.0161538 0.00903909 -0.0180364 0.0120886 0.00498565 0.00753676 -0.0117692 -0.0095679 0.0143597 0.0109599 0.0119469 0.0108079 0.00731707 -0.0232667 -0.00720588 0.00718884 -0.0164027 -0.00192308 -0.0223517 -0.0181953
internal_weight=3200 2403 1175 780 1228 797 395 697 272 325 405 531 349 226 229 164 375 340 233 221 104 472 169
internal_count=3200 2403 1175 780 1228 797 395 697 272 325 405 531 349 226 229 164 375 340 233 221 104 472 169
is_linear=0
shrinkage=0.05


Tree=50
num_leaves=24
num_cat=0
split_feature=5 9 14 5 2 14 14 9 14 9 5 9 9 5 9 9 9 9 12 14 5 9 9
split_gain=1.14962 1.11442 1.36664 2.13011 1.27471 1.41055 1.39936 1.08559 1.345 1.20839 1.4142 1.60451 1.12104 1.08019 1.04685 0.971144 1.35258 1.2913 0.963231 1.6957 0.951608 0.996331 1.99953
threshold=1.3574327169734228 40013.561130474824 8538.6571417766754 0.77788610054418517 2032.5000000000002 51484.921735470627 15516.356937738419 82804.302921871291 139281.75868578971 84088.4117703066 1.0980897564204353 86805.808065726014 92201.690448272129 1.2707031396532262 23127.651978081438 18404.674544820617 8883.4257639005555 22809.012146607525 1.0000000180025095e-35 1027.2329608285802 1.1806958527762137 45644.487880980865 56149.119421051837
decision_type=2 2 2 2 2 2 2 2 2 2 2 2 2 2 2 2 2 2 2 2 2 2 2
left_child=1 2 3 -1 5 -4 14 8 13 -9 11 -11 -12 20 -6 16 -8 -17 -5 -20 21 -3 -23
right_child=-2 7 4 18 6 -7 15 9 -10 10 12 -13 -14 -15 -16 17 -18 -19 19 -21 -22 22 -24
leaf_value=0.578051129098478 1.7925418507582038 0.05785108841851283 -0.40412718539527365 0.15644211925623497 -0.071961750199309907 -0.70537404444794449 -0.58158383106941192 -2.2944982196101393 0.40196200739607096 0.43413494672840613 -1.0648641208184799 -0.32934879528097127 0.31398209561742907 2.1871833259970912 -5.0513726916281376 -1.8996102382001383 0.55820833032363737 -0.30715931182094247 -0.39620552316080765 -2.9475214990887353 -2.5643399222792285 -0.38245333015056532 -0.024780219793883874
leaf_weight=38 72 215 579 108 20 99 27 22 21 33 37 445 118 46 27 24 56 196 173 26 83 311 424
leaf_count=38 72 215 579 108 20 99 27 22 21 33 37 445 118 46 27 24 56 196 173 26 83 311 424
internal_value=-0.00346875 -0.00361253 -0.00467953 -0.00195652 -0.00559339 -0.00685841 -0.00314286 -0.00277778 -0.00181818 -0.00438931 -0.00398894 -0.00533473 0.00016129 -0.00206209 -0.0111702 -0.00189769 0.00271084 -0.00363636 -0.00333876 -0.00540201 -0.00239593 -0.00194737 -0.00282313
internal_weight=3200 3128 1373 345 1028 678 350 1755 1100 655 633 478 155 1079 47 303 83 220 307 199 1033 950 735
internal_count=3200 3128 1373 345 1028 678 350 1755 1100 655 633 478 155 1079 47 303 83 220 307 199 1033 950 735
is_linear=0
shrinkage=0.05


Tree=51
num_leaves=24
num_cat=0
split_feature=0 0 0 0 5 5 5 0 5 5 5 9 5 5 5 14 9 0 5 9 5 9 4
split_gain=86.4388 60.4412 76.3014 15.6664 10.4813 8.45566 6.40858 5.90913 4.42393 4.31883 3.01988 2.89712 2.69045 2.38576 2.30797 2.111 1.9265 1.93275 1.92441 1.83939 1.75751 1.63955 1.48679
threshold=1.5000000000000002 4.5000000000000009 6.5000000000000009 5.5000000000000009 1.1687916513517889 1.0201625752641112 1.0392776652819877 3.5000000000000004 0.89145594291848762 0.98940698676654726 0.8059040640304328 35278.040632702847 0.85250640420330903 1.2056139510077675 0.61641387377736179 17626.349533162367 34764.463601322765 1.0000000180025095e-35 0.83355863158709254 40262.117122566422 0.83593506997909406 90042.674305191424 1.0000000180025095e-35
decision_type=2 2 2 2 2 2 2 2 2 2 2 2 2 2 2 2 2 2 2 2 2 2 2
left_child=5 4 3 12 7 10 20 9 19 14 16 -12 -3 -10 -2 -13 -1 -18 -9 -5 22 -22 -4
right_child=1 2 6 8 -6 -7 -8 18 13 -11 11 15 -14 -15 -16 -17 17 -19 -20 -21 21 -23 -24
leaf_value=0.067894748844864239 -1.0283223326382476 -1.7219796902017976 0.45350731591142907 -0.17760749524818387 3.2233891547648583 -6.1458631677304627 9.8766919357160763 -0.054853339291909012 -0.57240856708103749 1.5613164313014787 -3.066990620006496 -0.05295961308450501 -6.8934962328847638 -1.5959324735962568 0.58024188905288698 -1.8944310232958543 -0.3064308892883702 -1.1058876046509851 0.23486464526318898 0.09521756098856074 3.1766672128513336 -0.080034943357208024 -0.60078234221954863
leaf_weight=37 20 61 40 56 198 364 170 90 239 276 93 30 314 51 384 191 40 42 260 59 126 32 27
leaf_count=37 20 61 40 56 198 364 170 90 239 276 93 30 314 51 384 191 40 42 260 59 126 32 27
internal_value=-0.00332812 0.00140449 -0.00670213 -0.0157692 0.00916124 -0.0175972 0.0112025 0.00713592 -0.00895062 0.00985294 -0.0128753 -0.0154459 -0.0231333 -0.0122414 0.00655941 -0.0123303 -0.00609244 -0.0103659 0.00185714 -0.000652174 0.00566667 0.0085443 -0.0011194
internal_weight=3200 2403 1175 780 1228 797 395 1030 405 680 433 314 375 290 404 221 119 82 350 115 225 158 67
internal_count=3200 2403 1175 780 1228 797 395 1030 405 680 433 314 375 290 404 221 119 82 350 115 225 158 67
is_linear=0
shrinkage=0.05


Tree=52
num_leaves=24
num_cat=0
split_feature=0 0 0 0 2 2 5 2 5 5 0 5 2 5 5 5 2 9 5 0 5 14 5
split_gain=80.4624 56.4209 69.6098 16.4283 9.55648 8.92788 8.50139 9.19283 6.97568 4.84412 4.57735 4.55723 4.13682 3.4248 3.02035 2.85573 2.68181 2.61123 2.44455 2.64611 2.42618 1.96015 1.8468
threshold=1.5000000000000002 4.5000000000000009 6.5000000000000009 5.5000000000000009 2032.5000000000002 2032.5000000000002 1.0201625752641112 2028.0000000000002 1.1687916513517889 0.83593506997909406 2.5000000000000004 0.76776440733639562 2028.0000000000002 0.91315938419649056 1.1736257539432646 0.73493166520396247 2028.0000000000002 19221.205285152875 0.96353742089261984 3.5000000000000004 0.87339217932016089 54005.234647267505 0.95731452100492431
decision_type=2 2 2 2 2 2 2 2 2 2 2 2 2 2 2 2 2 2 2 2 2 2 2
left_child=6 4 3 11 8 9 7 -1 18 -4 -6 -3 22 17 16 -9 -11 -12 -2 -20 -14 -18 -5
right_child=1 2 5 12 10 -7 -8 15 -10 14 13 -13 20 -15 -16 -17 21 -19 19 -21 -22 -23 -24
leaf_value=-0.089296196054544918 0.021020280701191753 -0.6068940373013213 -0.66009092330798469 0.07553736281646195 5.4927328830404312 10.45179712012996 -5.8385700093439388 -0.58039987987531283 2.1623187018037697 -0.098478957789882318 0.55122979460024202 -6.1504349391958941 -0.067624739337775713 1.1674696252658052 8.7906270857962863 -2.4046026597950987 4.5638619202280895 -0.017052293944897202 0.8662775074528597 0.082210463299293227 -0.78694430484347255 1.4390107782247044 -0.29066446212450786
leaf_weight=143 368 32 43 47 120 123 364 44 132 90 20 343 71 182 43 246 58 75 218 113 198 38 89
leaf_count=143 368 32 43 47 120 123 364 44 132 90 20 343 71 182 43 246 58 75 218 113 198 38 89
internal_value=-0.00326562 0.00130046 -0.00653191 -0.0151923 0.00879479 0.0105696 -0.0170326 -0.0122979 0.00574609 0.00551471 0.0151763 -0.0227333 -0.00820988 0.0116426 0.00840611 -0.0174138 0.00564516 0.00394737 0.00375536 0.00687311 -0.011803 0.0114583 -0.00110294
internal_weight=3200 2403 1175 780 1228 395 797 433 831 272 397 375 405 277 229 290 186 95 699 331 269 96 136
internal_count=3200 2403 1175 780 1228 395 797 433 831 272 397 375 405 277 229 290 186 95 699 331 269 96 136
is_linear=0
shrinkage=0.05


Tree=53
num_leaves=24
num_cat=0
split_feature=0 0 0 0 2 2 5 2 5 0 5 0 5 2 5 2 5 5 9 5 5 2 5
split_gain=72.9376 53.9953 66.2059 17.5414 9.66738 8.68463 8.39223 8.55882 6.76429 4.71979 4.62764 4.62155 4.03391 3.8513 3.26602 2.76501 2.6294 2.61724 2.61123 2.53449 2.40221 2.39263 1.68132
threshold=1.5000000000000002 4.5000000000000009 6.5000000000000009 5.5000000000000009 2032.5000000000002 2032.5000000000002 1.0581221333793409 2028.0000000000002 1.044047398982596 2.5000000000000004 0.78373573599831148 2.5000000000000004 0.83593506997909406 2028.0000000000002 0.91315938419649056 2028.0000000000002 0.80799379639382607 0.74310997185998173 19221.205285152875 0.99051961926359133 0.87339217932016089 2032.5000000000002 0.95731452100492431
decision_type=2 2 2 2 2 2 2 2 2 2 2 2 2 2 2 2 2 2 2 2 2 2 2
left_child=6 4 3 10 8 12 7 16 -2 -6 -3 -10 -4 22 18 -14 -1 -9 -11 -17 -15 -19 -5
right_child=1 2 5 13 9 -7 -8 17 11 14 -12 -13 15 20 -16 19 -18 21 -20 -21 -22 -23 -24
leaf_value=0.20270256954817115 0.08731277914003216 -0.58082134448444978 -0.62708637714258664 0.071760494675638858 5.2180962388884087 9.9292072641234661 -6.101021162554253 -0.59366532180802378 3.922220986733409 0.52366830487022897 -5.9260477722130389 0.38838860514533169 0.50233562462794912 -0.064243502370887037 1.109096144002514 1.0982538962559631 -0.50930700433734877 -1.6151032301909993 -0.01619967924765291 5.4405556141478968 -0.74759708960129889 -3.8040310216621238 -0.27613123901828235
leaf_weight=35 508 36 43 47 120 123 297 47 110 20 339 213 107 71 182 48 130 155 75 74 198 133 89
leaf_count=35 508 36 43 47 120 123 297 47 110 20 339 213 107 71 182 48 130 155 75 74 198 133 89
internal_value=-0.00304688 0.00130046 -0.0063617 -0.0148077 0.00863192 0.0103165 -0.0161543 -0.0122 0.00556558 0.0150504 -0.0226 0.0112229 0.00533088 -0.00759259 0.0114621 0.00796943 -0.00287879 -0.016791 0.00394737 0.0131148 -0.0110595 -0.0185764 -0.000735294
internal_weight=3200 2403 1175 780 1228 395 797 500 831 397 375 323 272 405 277 229 165 335 95 122 269 288 136
internal_count=3200 2403 1175 780 1228 395 797 500 831 397 375 323 272 405 277 229 165 335 95 122 269 288 136
is_linear=0
shrinkage=0.05


Tree=54
num_leaves=24
num_cat=0
split_feature=0 0 0 0 5 2 5 2 2 5 0 5 2 5 5 2 5 5 5 2 5 0 5
split_gain=67.464 48.8205 61.5936 18.6909 9.34611 8.20819 8.07103 8.01676 7.24087 5.33453 5.32496 4.13269 3.985 2.74413 2.56863 2.38075 2.26927 2.08534 2.04809 2.02959 1.86264 1.63402 1.6216
threshold=1.5000000000000002 4.5000000000000009 6.5000000000000009 5.5000000000000009 1.1687916513517889 2032.5000000000002 1.0581221333793409 2028.0000000000002 2032.5000000000002 0.78373573599831148 2.5000000000000004 1.1736257539432646 2028.0000000000002 0.77541647292177396 0.83593506997909406 2032.5000000000002 0.91131576306078255 0.96353742089261984 0.80799379639382607 2028.0000000000002 0.96518830504543096 2.5000000000000004 0.81383194378367973
decision_type=2 2 2 2 2 2 2 2 2 2 2 2 2 2 2 2 2 2 2 2 2 2 2
left_child=6 4 3 9 8 11 7 18 16 -3 -10 14 -5 -9 -4 -15 -2 -14 -1 -16 -21 -6 -7
right_child=1 2 5 12 21 22 -8 13 10 -11 -12 -13 17 15 19 -17 -18 -19 -20 20 -22 -23 -24
leaf_value=0.19256744107076146 -0.0037783835948673075 -0.55178027726022805 -0.59573205828545495 -0.0079872116033481433 7.4268296282603323 2.5724137655485495 -5.795970104426539 -0.57527300908573265 4.0623969276444711 -5.629745383602387 0.48140933759116822 8.2347473235539503 -0.18935733876282088 -1.5776029052019298 -0.11867179113178282 -3.8573477832756256 0.40158223198260717 -0.73860785723554445 -0.4838416541204808 0.53197708997853399 4.3490405966302097 1.4285979070185619 11.701449312929789
leaf_weight=35 274 36 43 136 76 20 297 64 98 339 233 43 105 150 90 121 425 164 130 41 55 122 103
leaf_count=35 274 36 43 136 76 20 297 64 98 339 233 43 105 150 90 121 425 164 130 41 55 122 103
internal_value=-0.00317187 0.00100916 -0.0062766 -0.0144231 0.00798046 0.00981013 -0.0157779 -0.0119 0.00606796 -0.0224667 0.0121601 0.00496324 -0.00697531 -0.0163433 0.00229258 -0.0185424 0.00318312 -0.0105019 -0.00287879 0.00483871 0.00989583 0.0179293 0.0205285
internal_weight=3200 2403 1175 780 1228 395 797 500 1030 375 331 272 405 335 229 271 699 269 165 186 96 198 123
internal_count=3200 2403 1175 780 1228 395 797 500 1030 375 331 272 405 335 229 271 699 269 165 186 96 198 123
is_linear=0
shrinkage=0.05


Tree=55
num_leaves=24
num_cat=0
split_feature=0 0 0 0 5 5 2 2 2 5 0 0 5 2 5 2 5 5 14 2 2 5 14
split_gain=63.007 44.9463 56.5218 19.2189 8.74208 8.62796 8.66272 7.15221 5.46853 5.10388 4.79343 4.61864 4.24021 3.51933 2.78541 2.72852 2.57975 2.4678 2.20977 2.03481 1.83235 1.82248 1.81071
threshold=1.5000000000000002 4.5000000000000009 6.5000000000000009 5.5000000000000009 1.1014988717077825 1.0660229925427938 2028.0000000000002 2032.5000000000002 2032.5000000000002 0.78373573599831148 2.5000000000000004 2.5000000000000004 1.1736257539432646 2032.5000000000002 1.0522115554879969 2028.0000000000002 0.77541647292177396 0.83593506997909406 13746.170165645583 2032.5000000000002 2028.0000000000002 0.80799379639382607 51804.61238871418
decision_type=2 2 2 2 2 2 2 2 2 2 2 2 2 2 2 2 2 2 2 2 2 2 2
left_child=5 4 3 9 8 6 21 12 -2 -3 -6 -10 17 14 -5 -12 -8 -4 -16 -18 -19 -1 -22
right_child=1 2 7 13 10 -7 16 -9 11 -11 15 -13 -14 -15 18 -17 19 20 -20 -21 22 -23 -24
leaf_value=0.18293906901722323 0.15261722092660079 -0.52419126339721778 -0.5659454553711839 0.032171813180219291 6.3170285821746353 -5.6429575323282535 -0.54650935863144667 8.8476744352708021 3.3314442654456204 -5.3482581144222685 0.12667383640332447 0.42376425302223741 7.8230099573762573 -0.67122231359391482 0.019974231713138835 1.3412978049764548 -1.5416651632693659 -0.11273820157519482 -0.65816722675635342 -3.6899186615932251 4.0428304257573133 -0.42458355250739999 0.87758042877456721
leaf_weight=35 603 36 43 153 108 283 64 123 86 339 79 206 43 148 29 146 155 90 75 123 56 137 40
leaf_count=35 603 36 43 153 108 283 64 123 86 339 79 206 43 148 29 146 155 90 75 123 56 137 40
internal_value=-0.00315625 0.000884311 -0.00610638 -0.0139103 0.00757329 -0.0153388 -0.0114786 0.0093038 0.005 -0.0220667 0.0144895 0.0106164 0.00477941 -0.00635802 -0.00282101 0.0103333 -0.0160819 0.00207424 -0.00913462 -0.0181655 0.00456989 -0.00232558 0.009375
internal_weight=3200 2403 1175 780 1228 797 514 395 895 375 333 292 272 405 257 225 342 229 104 278 186 172 96
internal_count=3200 2403 1175 780 1228 797 514 395 895 375 333 292 272 405 257 225 342 229 104 278 186 172 96
is_linear=0
shrinkage=0.05


Tree=56
num_leaves=24
num_cat=0
split_feature=0 0 0 0 0 2 5 2 2 5 5 5 5 2 5 5 5 0 2 9 5 2 14
split_gain=61.7134 41.4962 35.5544 23.8897 19.7298 9.08018 7.90669 8.79755 6.7576 5.32153 4.79112 3.59672 3.44014 3.30523 2.71189 2.66426 2.39177 2.22332 1.81409 1.66329 1.60443 2.0277 1.61588
threshold=1.5000000000000002 3.5000000000000004 6.5000000000000009 4.5000000000000009 5.5000000000000009 2028.0000000000002 1.0785534194642097 2028.0000000000002 2032.5000000000002 0.79773170427931128 0.91131576306078255 1.1419130877912611 1.1529110819857518 2028.0000000000002 1.2360560202717819 0.77541647292177396 0.89145594291848762 2.5000000000000004 2032.5000000000002 34764.463601322765 0.85598125438276673 2028.0000000000002 51804.61238871418
decision_type=2 2 2 2 2 2 2 2 2 2 2 2 2 2 2 2 2 2 2 2 2 2 2
left_child=6 5 3 14 9 12 7 -1 11 -5 -7 20 -2 19 -3 -9 -15 -12 -17 -6 -4 -22 -23
right_child=1 2 8 4 13 10 -8 15 -10 -11 17 -13 -14 16 -16 18 -18 -19 -20 -21 21 22 -24
leaf_value=-0.11643528931474378 0.036084128309514088 0.033824017351695095 -0.40554081549549609 -0.51436358711392249 -0.26518290603210348 0.43022733493319054 -5.4992250135790277 -0.51918389069987403 8.4052907135072594 -5.1248774962988115 4.6323619627517418 7.2344045378593256 1.9313203975937456 -0.084391324889532271 1.6544836544015675 -1.6453389029496748 -0.66124943729191732 1.0939032873176231 -3.6704662117462905 0.052767773949445033 -0.12456123483083276 3.6883996760119091 1.329325739059857
leaf_weight=182 232 377 50 42 49 168 260 64 123 333 184 56 49 76 32 161 193 186 130 87 79 48 39
leaf_count=182 232 377 50 42 49 168 260 64 123 333 184 56 49 76 32 161 193 186 130 87 79 48 39
internal_value=-0.00309375 0.000905119 -0.00381944 -0.00813709 -0.0132692 0.0100427 -0.0151506 -0.0116853 0.00917722 -0.0215333 0.0138476 0.00477941 0.00275801 -0.00561728 0.00165037 -0.0162676 -0.008829 0.017027 -0.018299 0.000735294 0.00185185 0.00421687 0.00948276
internal_weight=3200 2403 1584 1189 780 819 797 537 395 375 538 272 281 405 409 355 269 370 291 136 216 166 87
internal_count=3200 2403 1584 1189 780 819 797 537 395 375 538 272 281 405 409 355 269 370 291 136 216 166 87
is_linear=0
shrinkage=0.05


Tree=57
num_leaves=24
num_cat=0
split_feature=0 0 0 0 0 2 5 2 2 5 5 2 5 5 2 5 2 5 0 5 5 2 5
split_gain=59.6421 38.953 33.5088 22.0962 17.4837 8.76557 8.47086 8.60624 7.114 5.9924 5.13653 4.03009 3.31168 3.07942 2.93373 2.90789 2.52801 2.46656 2.3377 2.32717 2.18171 1.88565 1.58684
threshold=1.5000000000000002 3.5000000000000004 6.5000000000000009 4.5000000000000009 5.5000000000000009 2028.0000000000002 1.0785534194642097 2028.0000000000002 2032.5000000000002 0.88809910615481324 1.1029624814991419 2028.0000000000002 0.88809910615481324 1.1656753941135316 2028.0000000000002 1.0581221333793409 2028.0000000000002 0.71021544612840093 2.5000000000000004 1.018057812960534 1.2360560202717819 2032.5000000000002 1.0250899880241056
decision_type=2 2 2 2 2 2 2 2 2 2 2 2 2 2 2 2 2 2 2 2 2 2 2
left_child=6 5 3 20 9 13 7 -1 15 11 17 -5 -9 -2 -6 -4 -17 -7 21 -16 -3 22 -19
right_child=1 2 8 4 14 10 -8 12 -10 -11 -12 -13 -14 -15 19 16 -18 18 -20 -21 -22 -23 -24
leaf_value=-0.11061352484900766 0.049805569479228498 0.032132816484110552 0.045639763537457162 0.16570260141808149 0.010653917744609488 -0.14413064111670906 -5.224263762900077 -0.63214790108874874 7.9850261778319016 -5.6633630248856868 3.5664134970111192 -1.5692977320421164 -2.8216788274093321 2.0854521926487566 -0.20970792708765451 0.49501740477344358 6.1465172874185159 0.69400075976759723 0.42819516640129796 -0.67396933706448936 1.5717594716814887 3.3864815830511135 2.9797751550984288
leaf_weight=182 240 377 171 29 136 30 260 143 123 286 150 60 212 41 136 47 54 74 181 133 32 81 22
leaf_count=182 240 377 171 29 136 30 260 143 123 286 150 60 212 41 136 47 54 74 181 133 32 81 22
internal_value=-0.00304688 0.000884311 -0.00369318 -0.00788478 -0.0128205 0.00973748 -0.0148996 -0.0113128 0.00892405 -0.0206 0.0134758 -0.00926966 -0.0158451 0.00258007 -0.00561728 0.00441176 0.0111386 0.0104381 0.0115922 -0.00864312 0.00152812 0.015678 0.0109375
internal_weight=3200 2403 1584 1189 780 819 797 537 395 375 538 89 355 281 405 272 101 388 358 269 409 177 96
internal_count=3200 2403 1584 1189 780 819 797 537 395 375 538 89 355 281 405 272 101 388 358 269 409 177 96
is_linear=0
shrinkage=0.05


Tree=58
num_leaves=24
num_cat=0
split_feature=0 0 0 0 0 5 2 2 5 2 5 5 2 0 2 5 2 5 5 2 5 14 5
split_gain=53.1937 34.7965 32.1792 21.12 17.1282 8.58903 7.73808 7.29564 6.54114 4.97692 4.59758 4.1903 3.77812 3.21489 3.13383 3.03269 2.69665 2.62835 2.18171 2.08644 2.04992 2.00804 1.80097
threshold=1.5000000000000002 3.5000000000000004 6.5000000000000009 4.5000000000000009 5.5000000000000009 0.90433584195824768 2028.0000000000002 2032.5000000000002 0.90257202809536718 2028.0000000000002 1.1234451183816214 0.98940698676654726 2028.0000000000002 2.5000000000000004 2032.5000000000002 1.081709612591615 2028.0000000000002 0.96518830504543096 1.2360560202717819 2028.0000000000002 0.89145594291848762 8871.4028996750731 0.75950280318859287
decision_type=2 2 2 2 2 2 2 2 2 2 2 2 2 2 2 2 2 2 2 2 2 2 2
left_child=5 6 3 18 8 14 17 15 12 10 21 22 -5 -13 -1 -4 -6 -2 -3 -17 -18 -7 -8
right_child=1 2 7 4 16 9 11 -9 -10 -11 -12 13 -14 -15 -16 19 20 -19 -20 -21 -22 -23 -24
leaf_value=-0.10746461339179235 -0.12510250339581433 0.030526175659905164 0.11494540615536267 0.10421641727140241 0.010121221857379226 0.26823126218333754 0.008096986977409416 7.5857748689403026 -5.4562292083827977 -4.1202750516701672 -4.0781419168475965 5.5547956302676784 -1.5034933386905209 0.99462679303515678 -1.0163939951726519 1.0311552420142136 -0.069686362290672932 0.75618287948027574 1.4931714980974136 6.7628133682435649 -0.59790210396089527 -0.79703955680539174 0.84485638367986415
leaf_weight=151 125 377 187 34 136 23 54 123 278 368 60 136 63 138 85 40 76 156 32 45 193 110 210
leaf_count=151 125 377 187 34 136 23 54 123 278 368 60 136 63 138 85 40 76 156 32 45 193 110 210
internal_value=-0.00295313 0.000759467 -0.00356692 -0.00767452 -0.0125 -0.0141468 0.00912698 0.00879747 -0.0202 -0.0175134 -0.0110104 0.0126394 -0.00902062 0.0169708 -0.00614407 0.00422794 -0.00537037 0.00240214 0.00152812 0.0120588 -0.00827138 -0.00582707 0.00814394
internal_weight=3200 2403 1584 1189 780 797 819 395 375 561 193 538 97 274 236 272 405 281 409 85 269 133 264
internal_count=3200 2403 1584 1189 780 797 819 395 375 561 193 538 97 274 236 272 405 281 409 85 269 133 264
is_linear=0
shrinkage=0.05


Tree=59
num_leaves=24
num_cat=0
split_feature=0 0 0 0 0 5 2 2 2 5 5 2 5 5 5 2 5 5 5 5 5 9 0
split_gain=52.0079 33.6293 31.3613 20.1835 16.799 8.8277 7.47957 7.32233 6.75378 6.23281 4.44089 3.76141 3.02995 2.72521 2.62835 2.58186 2.28181 2.23682 2.05221 1.94182 1.71991 1.69161 1.63004
threshold=1.5000000000000002 3.5000000000000004 6.5000000000000009 4.5000000000000009 5.5000000000000009 1.0660229925427938 2032.5000000000002 2028.0000000000002 2028.0000000000002 0.90257202809536718 1.1029624814991419 2032.5000000000002 1.1165143622608402 0.88809910615481324 0.96518830504543096 2028.0000000000002 0.75950280318859287 0.83355863158709254 0.7939933396041764 0.89145594291848762 0.80799379639382607 54743.66459994774 2.5000000000000004
decision_type=2 2 2 2 2 2 2 2 2 2 2 2 2 2 2 2 2 2 2 2 2 2 2
left_child=5 7 3 17 9 8 12 14 20 11 16 18 -4 -10 -2 -6 -9 -3 -5 -17 -1 -21 -18
right_child=1 2 6 4 15 -7 -8 10 13 -11 -12 -13 -14 -15 -16 19 22 -19 -20 21 -22 -23 -24
leaf_value=0.19051778694413884 -0.11884737822602461 -0.086135699181691908 0.18065805342895944 0.25364574359282982 0.0096151607645097673 -4.6186214643043799 7.2064861254932913 0.0076921376285383758 -0.55093792617062154 -5.1834177479636567 3.2988661452260275 -2.1107937847967775 6.266158534449767 -2.3705776733998252 0.7183737355062626 -0.066202044176139549 2.1347286683444922 0.18599506081294523 -0.58612785327739803 -0.6841303413757629 -0.3561838921006597 -0.31177245061493863 0.37589241314583011
leaf_weight=35 125 90 207 23 136 283 123 54 143 278 150 31 65 199 156 76 164 319 43 112 137 81 170
leaf_count=35 125 90 207 23 136 283 123 54 143 278 150 31 65 199 156 76 164 319 43 112 137 81 170
internal_value=-0.00295313 0.000717853 -0.00353535 -0.00759041 -0.0123077 -0.0140213 0.00867089 0.00894383 -0.0101167 -0.0199333 0.0123606 -0.00902062 0.00404412 -0.0141813 0.00240214 -0.00524691 0.00953608 0.00140587 -0.00227273 -0.0080855 -0.00203488 -0.0107513 0.0110778
internal_weight=3200 2403 1584 1189 780 797 395 819 514 375 538 97 272 342 281 405 388 409 66 269 172 193 334
internal_count=3200 2403 1584 1189 780 797 395 819 514 375 538 97 272 342 281 405 388 409 66 269 172 193 334
is_linear=0
shrinkage=0.05


Tree=60
num_leaves=24
num_cat=0
split_feature=0 0 0 0 5 5 2 2 0 5 2 2 5 2 2 5 9 14 5 5 5 0 5
split_gain=47.254 30.7591 46.5703 14.6736 8.6385 8.51878 9.06389 7.66578 6.64289 6.52025 4.28197 4.03616 3.72383 2.91755 2.77007 2.66496 2.44501 2.5178 2.40657 2.05342 1.88226 1.84971 1.81142
threshold=1.5000000000000002 4.5000000000000009 5.5000000000000009 6.5000000000000009 1.2318911036196878 1.1234451183816214 2032.5000000000002 2032.5000000000002 2.5000000000000004 0.90257202809536718 2032.5000000000002 2032.5000000000002 1.044047398982596 2032.5000000000002 2028.0000000000002 1.1165143622608402 36981.083728730278 14787.424755897055 0.99448579556082628 0.88809910615481324 0.90433584195824768 1.0000000180025095e-35 0.87339217932016089
decision_type=2 2 2 2 2 2 2 2 2 2 2 2 2 2 2 2 2 2 2 2 2 2 2
left_child=5 4 9 16 8 6 14 15 10 11 12 -3 -2 -10 -1 -5 17 -4 -18 21 -8 -16 -19
right_child=1 2 3 7 -6 -7 20 -9 13 -11 -12 -13 -14 -15 19 -17 18 22 -20 -21 -22 -23 -24
leaf_value=-0.17949801272325205 0.35424640728675461 -0.14601858903459261 -0.10425350666570524 0.17162515075751231 3.0210175582317436 -5.8507957977103331 -0.93802739910548782 6.8461618192186284 -0.0052436455433287682 -4.924246860565475 3.4826928207087295 -2.0052540955569387 2.2663121013162626 0.34536940337380034 0.61768799924517459 5.9528506077272771 0.081458502257831716 -0.094111215883652483 -0.37992637225027581 -1.6230667370552325 -3.8668020650164721 -0.52329162258042461 -0.78243501410481786
leaf_weight=213 192 66 63 207 114 178 85 123 482 278 105 31 82 253 31 65 110 29 134 144 113 33 69
leaf_count=213 192 66 63 207 114 178 85 123 482 278 105 31 82 253 31 65 110 29 134 144 113 33 69
internal_value=-0.00284375 0.000655431 -0.00512766 0.0016875 0.00618893 -0.013394 -0.010622 0.0085443 0.0048474 -0.0196667 0.0102243 -0.00850515 0.00693431 0.00207483 -0.00647268 0.00386029 -0.005 -0.00978261 -0.00184426 -0.0105769 -0.0194444 -0.003125 -0.0147959
internal_weight=3200 2403 1175 800 1228 797 619 395 1114 375 379 97 274 735 421 272 405 161 244 208 198 64 98
internal_count=3200 2403 1175 800 1228 797 619 395 1114 375 379 97 274 735 421 272 405 161 244 208 198 64 98
is_linear=0
shrinkage=0.05


Tree=61
num_leaves=24
num_cat=0
split_feature=0 0 0 0 0 2 2 2 2 2 2 0 9 14 9 2 2 3 0 9 9 9 9
split_gain=42.9985 30.4194 26.9734 18.3574 17.2998 8.48491 6.01939 5.8973 2.79424 2.69154 2.08234 2.03478 2.02268 2.71518 2.18393 1.77937 1.56819 1.27059 1.22363 1.18598 1.32345 1.15986 1.18338
threshold=1.5000000000000002 3.5000000000000004 6.5000000000000009 4.5000000000000009 5.5000000000000009 2032.5000000000002 2028.0000000000002 2032.5000000000002 2028.0000000000002 2028.0000000000002 2032.5000000000002 2.5000000000000004 51424.054658037661 5418.2681822640598 80232.037649569029 2028.0000000000002 2032.5000000000002 1.0000000180025095e-35 2.5000000000000004 24123.965978413027 43008.245330171703 46939.920867854038 38131.026589853886
decision_type=2 2 2 2 2 2 2 2 2 2 2 2 2 2 2 2 2 2 2 2 2 2 2
left_child=5 6 3 -3 10 8 18 15 -1 -6 -5 16 13 -11 -14 -4 -8 -16 -2 -20 -21 22 -17
right_child=1 2 7 4 9 -7 11 -9 -10 12 -12 -13 14 -15 17 21 -18 -19 19 20 -22 -23 -24
leaf_value=-0.6479972400172187 0.7199066218251432 0.050803144013906378 -0.13130824305953298 -2.6320046991146544 0.022135891426781386 -3.4564943731945093 1.6965768804789521 6.5038537282576954 -1.6160028026608686 0.074379027754146426 -4.9473306451340164 0.56289971010000106 0.079972433898052489 -0.55455198887949142 -0.4914015925362627 3.7193836430162719 3.8515226824389956 0.10758873948456725 0.21893596802003118 -0.44583355340919018 0.057095477027903033 1.693131277078004 3.9242443762912447
leaf_weight=273 151 409 129 244 136 258 151 123 266 29 131 267 45 127 48 47 120 20 29 44 57 76 20
leaf_count=273 151 409 129 244 136 258 151 123 266 29 131 267 45 127 48 47 120 20 29 44 57 76 20
internal_value=-0.00282813 0.000509779 -0.00353535 -0.00729605 -0.0117949 -0.0128921 0.00833333 0.00778481 -0.00932282 -0.00462963 -0.0195333 0.0114312 -0.00752788 -0.0112179 -0.00243363 0.00367647 0.0144834 -0.00808824 0.00240214 -0.00115385 -0.00371287 0.00751748 0.0123134
internal_weight=3200 2403 1584 1189 780 797 819 395 539 405 375 538 269 156 113 272 271 68 281 130 101 143 67
internal_count=3200 2403 1584 1189 780 797 819 395 539 405 375 538 269 156 113 272 271 68 281 130 101 143 67
is_linear=0
shrinkage=0.05


Tree=62
num_leaves=24
num_cat=0
split_feature=0 0 0 0 0 5 5 5 5 2 2 5 5 2 2 2 5 14 2 5 2 2 0
split_gain=38.8168 27.9674 23.4754 16.7895 16.9235 8.91445 8.32254 8.25219 6.66896 6.00172 5.23752 3.80417 3.50969 3.00065 2.67046 2.624 2.48203 2.32024 2.29775 2.248 2.07873 2.03942 2.00763
threshold=1.5000000000000002 3.5000000000000004 6.5000000000000009 4.5000000000000009 5.5000000000000009 0.90433584195824768 0.96353742089261984 0.90257202809536718 1.0615200632769528 2028.0000000000002 2028.0000000000002 1.2463007693610029 1.1319544885206194 2032.5000000000002 2032.5000000000002 2028.0000000000002 0.89145594291848762 13746.170165645583 2032.5000000000002 0.85598125438276673 2032.5000000000002 2032.5000000000002 2.5000000000000004
decision_type=2 2 2 2 2 2 2 2 2 2 2 2 2 2 2 2 2 2 2 2 2 2 2
left_child=5 6 3 -3 7 15 18 14 19 12 -10 13 -7 22 -5 -1 -6 -18 -2 -4 -11 -21 -8
right_child=1 2 8 4 16 9 11 -9 10 20 -12 -13 -14 -15 -16 -17 17 -19 -20 21 -22 -23 -24
leaf_value=0.058662290684674191 -0.036802963231841089 0.048262986813210777 -0.3680284311571882 -0.0071174246271297655 0.019847795873707243 -0.41232764208799044 1.6755053947512069 -4.5098424569596078 0.48635766498520927 -2.2509069220324136 10.480697947537534 5.3350918412181558 -3.3783847875279607 1.9581551013691325 -1.6576248585223909 -0.42322610669799304 0.025046665319579376 -0.47295156903926316 0.56237647477601349 0.81290656184660293 -4.9997733266414919 3.9276926349181736 0.20786456564706557
leaf_weight=80 239 409 78 66 115 135 134 278 46 195 107 71 58 130 31 156 66 224 114 124 173 40 131
leaf_count=80 239 409 78 66 115 135 134 278 46 195 107 71 58 130 31 156 66 224 114 124 173 40 131
internal_value=-0.00282813 0.000343321 -0.00353535 -0.00704373 -0.0113462 -0.0123902 0.00784493 -0.019 0.00702532 -0.01582 0.0151961 0.0122318 -0.00867876 0.0103165 -0.0064433 -0.00423729 -0.00425926 -0.00672414 0.00205382 0.0018595 -0.0195652 0.00518293 0.00726415
internal_weight=3200 2403 1584 1189 780 797 819 375 395 561 153 466 193 395 97 236 405 290 353 242 368 164 265
internal_count=3200 2403 1584 1189 780 797 819 375 395 561 153 466 193 395 97 236 405 290 353 242 368 164 265
is_linear=0
shrinkage=0.05


Tree=63
num_leaves=24
num_cat=0
split_feature=14 14 9 14 4 9 2 9 5 5 5 14 5 14 14 5 9 9 9 9 1 14 14
split_gain=1.61039 2.35907 1.73553 1.46944 1.28069 1.88859 1.78674 1.55262 1.18721 2.30086 2.03885 1.22034 1.15256 1.12484 1.12357 1.04066 1.00465 1.0292 1.00287 1.31323 1.26458 1.15318 0.987042
threshold=8538.6571417766754 6549.9258968885997 38553.467222019863 7315.2808697932933 1.0000000180025095e-35 45280.802254535833 2028.0000000000002 8489.1409039829323 0.8773188062680034 0.83593506997909406 0.7939933396041764 26486.958992110656 0.74913494031657268 3918.6122447792445 19140.014122071585 1.3206071419525591 96558.069025645877 108389.3809212145 53587.573669308527 51653.052929104386 1.0000000180025095e-35 15770.856201762525 64453.21371879556
decision_type=2 2 2 2 2 2 2 2 2 2 2 2 2 2 2 2 2 2 2 2 2 2 2
left_child=1 4 8 -3 5 -1 -7 -6 9 10 11 14 -13 -9 -2 -10 18 -18 19 21 -21 -4 -23
right_child=2 3 16 -5 7 6 -8 13 15 -11 -12 12 -14 -15 -16 -17 17 -19 -20 20 -22 22 -24
leaf_value=-0.20085324069335969 -0.1068055586288672 1.1557721441520699 -0.87054161393198803 0.37812259036025897 -0.27703273061854788 0.13537119102174416 -0.82942652624960267 0.71132060601140101 -0.56156746170929073 0.20047890538300772 -0.40249540521814497 -0.52781677922920167 0.066867930247147808 -0.63676936217713875 0.30330977531009468 0.32074945935985399 -0.40874267577300716 -0.17507516360286815 -0.024668281852115115 -0.4768683510901422 -0.61782711310587368 -0.010747832976205629 -0.5819575695179765
leaf_weight=239 38 24 41 36 20 20 33 80 703 64 51 35 24 26 21 41 120 312 755 28 38 386 65
leaf_count=239 38 24 41 36 20 20 33 80 703 64 51 35 24 26 21 41 120 312 755 28 38 386 65
internal_value=-0.00278125 -0.000104603 -0.00325129 0.00916667 -0.00143541 -0.00325342 -0.0117925 0.00277778 -0.00493859 -0.00182403 -0.00488166 -0.00127119 -0.00635593 0.00518868 0.00381356 -0.00591398 -0.00230659 -0.00439815 -0.00161843 -0.00322581 -0.00984848 -0.0023374 -0.00160754
internal_weight=3200 478 2722 60 418 292 53 126 977 233 169 118 59 106 59 744 1745 432 1313 558 66 492 451
internal_count=3200 478 2722 60 418 292 53 126 977 233 169 118 59 106 59 744 1745 432 1313 558 66 492 451
is_linear=0
shrinkage=0.05


Tree=64
num_leaves=24
num_cat=0
split_feature=0 0 0 0 5 2 5 5 0 5 2 5 5 2 5 5 2 2 5 5 5 2 2
split_gain=34.9675 26.6974 39.9876 9.73384 8.87979 8.30783 8.1289 7.73481 6.98329 6.03132 4.76351 3.73503 3.66356 3.26645 2.89282 2.75453 2.67046 2.62384 2.48203 2.46023 2.248 2.03942 1.943
threshold=1.5000000000000002 4.5000000000000009 5.5000000000000009 6.5000000000000009 1.1502527327609748 2028.0000000000002 0.91902520044494873 0.90257202809536718 2.5000000000000004 1.0615200632769528 2028.0000000000002 0.88809910615481324 1.1165143622608402 2032.5000000000002 0.62638328471186322 1.2639126624725134 2032.5000000000002 2032.5000000000002 0.89145594291848762 0.80799379639382607 0.85598125438276673 2032.5000000000002 2032.5000000000002
decision_type=2 2 2 2 2 2 2 2 2 2 2 2 2 2 2 2 2 2 2 2 2 2 2
left_child=4 6 7 18 5 19 14 16 12 20 -11 -7 13 -8 -2 -10 -3 -13 -4 -1 -5 -22 -20
right_child=1 2 3 9 -6 11 8 -9 15 10 -12 17 -14 -15 -16 -17 -18 -19 22 -21 21 -23 -24
leaf_value=0.20426805693421671 -1.0006001142819856 -0.011504830205942085 0.019392797728832536 -0.3270110230926605 -5.5956666629371483 -0.36547111339775146 0.67486733549398825 -4.2652898165515607 0.22567431442213889 0.47669567532498153 9.9654168083408088 -1.5133793498277386 4.8655563333297387 4.2257848098713451 0.05934133096648822 1.4557002723338499 -1.5659898574161275 -3.3300945861765188 -0.22276522007301233 -0.36363050080251469 0.78479964957782899 3.7403352170804198 -0.65845256010847708
leaf_weight=35 33 66 115 78 152 143 121 278 477 46 107 155 100 51 392 54 31 124 182 188 124 40 108
leaf_count=35 33 66 115 78 152 143 121 278 477 46 107 155 100 51 392 54 31 124 182 188 124 40 108
internal_value=-0.00275 0.000260092 -0.00512766 0.0011875 -0.0118256 -0.00926357 0.00541531 -0.0186 0.00837484 0.00677215 0.0145425 -0.0133886 0.0148897 0.0104651 -0.000176471 0.00503766 -0.0064433 -0.0167563 -0.00425926 -0.0014574 0.0018595 0.00518293 -0.00672414
internal_weight=3200 2403 1175 800 797 645 1228 375 803 395 153 422 272 172 425 531 97 279 405 223 242 164 290
internal_count=3200 2403 1175 800 797 645 1228 375 803 395 153 422 272 172 425 531 97 279 405 223 242 164 290
is_linear=0
shrinkage=0.05


Tree=65
num_leaves=24
num_cat=0
split_feature=0 0 0 0 5 5 2 5 2 0 5 5 5 5 2 5 5 2 2 14 9 14 3
split_gain=30.5232 24.0486 39.4171 9.73936 9.44641 8.05465 7.55994 7.30657 5.99255 4.50987 4.81972 3.73872 3.28141 3.19065 2.70534 2.43312 2.38441 2.28277 2.23861 2.22415 3.70657 2.24367 2.44084
threshold=1.5000000000000002 4.5000000000000009 5.5000000000000009 6.5000000000000009 1.0829148831568554 0.90257202809536718 2032.5000000000002 1.2318911036196878 2032.5000000000002 2.5000000000000004 0.95388911823899825 0.85900367092720786 0.77541647292177396 1.1419130877912611 2032.5000000000002 0.85598125438276673 0.89145594291848762 2028.0000000000002 2028.0000000000002 13746.170165645583 48684.664993458529 98861.595191139641 1.0000000180025095e-35
decision_type=2 2 2 2 2 2 2 2 2 2 2 2 2 2 2 2 2 2 2 2 2 2 2
left_child=4 7 5 16 6 18 12 9 13 10 -2 -10 -1 -5 -12 -8 -4 -6 -3 -18 -21 22 -22
right_child=1 2 3 8 17 -7 15 -9 11 -11 14 -13 -14 -15 -16 -17 19 -19 -20 20 21 -23 -24
leaf_value=0.21512735030385954 0.269572839272675 0.24662481330818409 0.018423157842391191 0.012420934057905697 -2.1935235350225981 -4.0520253257239833 -0.51730282150604412 2.5975746115095038 -0.012978234256237897 0.071927272960445529 1.4748081692451891 8.3312597611081287 -0.5652871776630235 5.8858160672983821 4.6439725285815427 -2.7092079016349602 0.071064359698769772 -5.1749341800890365 -1.0567650738651964 -0.57620401398873333 -0.27594134929480169 -0.58293053932793482 0.31240534771409334
leaf_weight=49 181 34 115 216 89 278 67 114 28 735 138 95 321 56 60 106 66 165 63 107 58 32 27
leaf_count=49 181 34 115 216 89 278 67 114 28 735 138 95 321 56 60 106 66 165 63 107 58 32 27
internal_value=-0.00265625 0.000156055 -0.00495745 0.0013125 -0.0111355 -0.0183333 -0.00741252 0.00504886 0.00689873 0.00381508 0.00824538 0.0160569 -0.00337838 0.00275735 0.0136364 -0.0160405 -0.0041358 -0.0190945 -0.00592784 -0.00655172 -0.00892857 -0.00277778 0.00147059
internal_weight=3200 2403 1175 800 797 375 543 1228 395 1114 379 123 370 272 198 173 405 254 97 290 224 117 85
internal_count=3200 2403 1175 800 797 375 543 1228 395 1114 379 123 370 272 198 173 405 254 97 290 224 117 85
is_linear=0
shrinkage=0.05


Tree=66
num_leaves=24
num_cat=0
split_feature=0 0 0 5 0 2 5 5 5 2 2 5 0 2 5 2 2 5 5 0 5 5 0
split_gain=27.4402 22.2855 38.0744 9.88147 9.0912 7.73429 7.73225 7.02449 6.03132 4.76351 4.74961 4.02195 3.40792 2.98702 2.72176 2.33562 2.23527 2.23913 2.16521 2.20204 1.98481 1.94566 1.91784
threshold=1.5000000000000002 4.5000000000000009 5.5000000000000009 1.1502527327609748 6.5000000000000009 2028.0000000000002 0.93739785783651264 1.2318911036196878 1.0615200632769528 2028.0000000000002 2032.5000000000002 0.89145594291848762 2.5000000000000004 2032.5000000000002 0.92299584235516574 2032.5000000000002 2032.5000000000002 1.0522115554879969 0.96353742089261984 2.5000000000000004 0.7939933396041764 0.81129936193001229 2.5000000000000004
decision_type=2 2 2 2 2 2 2 2 2 2 2 2 2 2 2 2 2 2 2 2 2 2 2
left_child=3 7 6 5 16 21 13 10 -6 -10 18 -7 14 20 -12 -13 17 -4 -2 -20 -3 -1 -9
right_child=1 2 4 -5 8 11 -8 22 9 -11 12 15 -14 -15 -16 -17 -18 -19 19 -21 -22 -23 -24
leaf_value=0.18141096570446394 -0.027728743062566966 0.43029059074320913 0.05037626161226854 -5.1530540460571306 0.28133870000804678 -0.35154156397345276 -4.2420237283460152 6.9285973247108252 0.45223984485583629 9.1161505372162885 0.9221687902265302 -1.3426608294289224 0.25553716627240991 -1.9184567151349059 4.2052605038172661 -3.0466602204070004 -0.44324927744093651 -0.28266196717843961 1.4215348318141849 0.10887857359666527 -0.64338171587756399 -0.34642086933230165 1.2367935659379556
leaf_weight=37 368 23 153 152 242 146 245 43 46 107 38 153 253 42 67 123 148 104 133 255 65 186 71
leaf_count=37 368 23 153 152 242 146 245 43 46 107 38 153 253 42 67 123 148 104 133 255 65 186 71
internal_value=-0.00253125 0.000135248 -0.00478723 -0.0105709 0.001375 -0.00786822 -0.0179333 0.00484528 0.00677215 0.0145425 0.00363555 -0.0118483 0.00837989 -0.00807692 0.0159524 -0.0153986 -0.00388889 -0.00107004 0.00138889 0.00399485 -0.00284091 -0.000336323 0.0166667
internal_weight=3200 2403 1175 797 800 645 375 1228 395 153 1114 422 358 130 105 276 405 257 756 388 88 223 114
internal_count=3200 2403 1175 797 800 645 375 1228 395 153 1114 422 358 130 105 276 405 257 756 388 88 223 114
is_linear=0
shrinkage=0.05


Tree=67
num_leaves=24
num_cat=0
split_feature=0 0 0 5 5 0 5 5 2 2 2 2 2 0 5 5 9 14 5 14 5 9 5
split_gain=24.8248 21.8934 34.046 9.26619 9.18201 8.65935 7.02449 5.93963 4.70648 4.64918 4.49878 4.47409 3.6709 3.11175 2.48466 2.47383 2.27514 3.1129 2.36178 2.20353 2.18587 2.55453 2.0567
threshold=1.5000000000000002 4.5000000000000009 5.5000000000000009 1.0467413568464441 0.94972049496089539 6.5000000000000009 1.2318911036196878 1.0628130287635416 2028.0000000000002 2028.0000000000002 2028.0000000000002 2032.5000000000002 2032.5000000000002 2.5000000000000004 0.92299584235516574 1.2463007693610029 54743.66459994774 8871.4028996750731 1.0274009525581516 52913.726369260075 0.77541647292177396 55269.497396888983 0.96353742089261984
decision_type=2 2 2 2 2 2 2 2 2 2 2 2 2 2 2 2 2 2 2 2 2 2 2
left_child=3 6 4 9 12 16 11 -7 15 -1 -9 22 -3 14 -13 -5 17 -4 -19 -18 -11 -22 -2
right_child=1 2 5 8 -6 7 -8 10 -10 20 -12 13 -14 -15 -16 -17 19 18 -20 -21 21 -23 -24
leaf_value=0.031619743437033776 -0.02634230590943858 -0.26170636445590251 0.097390308201860884 -0.44926549418165679 -4.2023663760989285 0.26455422978689286 2.4058562026371306 0.42962785261304365 -4.4351664162116951 -0.059643177168871381 9.0079055997576685 0.87606035071520416 -2.1592128332401161 0.24276030795878967 3.9949974786264022 -5.0251710663652149 0.23167012861560324 -0.1846476588923352 -0.69532726918523768 -0.16266777410462296 -1.6644469332478693 -0.40192737283437907 0.33666040657725421
leaf_weight=157 368 96 59 92 232 243 114 46 201 64 106 38 47 253 67 24 53 107 79 107 150 109 388
leaf_count=157 368 96 59 92 232 243 114 46 201 64 106 38 47 253 67 24 53 107 79 107 150 109 388
internal_value=-0.00235938 0.000176862 -0.00470213 -0.0100063 -0.0171333 0.001125 0.00484528 0.00639241 -0.0166404 -0.005625 0.0141447 0.00363555 -0.00716783 0.00824022 0.0154762 -0.00862069 -0.00401235 -0.00704082 -0.0102151 0.000625 -0.00905573 -0.0111004 0.00145503
internal_weight=3200 2403 1175 797 375 800 1228 395 317 480 152 1114 143 358 105 116 405 245 186 160 323 259 756
internal_count=3200 2403 1175 797 375 800 1228 395 317 480 152 1114 143 358 105 116 405 245 186 160 323 259 756
is_linear=0
shrinkage=0.05


Tree=68
num_leaves=24
num_cat=0
split_feature=0 0 0 2 0 2 2 0 2 0 2 2 9 9 9 9 9 14 14 14 14 2 1
split_gain=23.2237 20.2369 31.4108 8.09032 7.6428 6.25667 5.84147 3.81975 3.16545 2.75174 2.35878 2.23527 1.87622 1.86909 1.48424 3.75065 1.35511 1.94127 1.27482 1.22373 1.13001 0.994055 0.929849
threshold=1.5000000000000002 4.5000000000000009 5.5000000000000009 2028.0000000000002 6.5000000000000009 2032.5000000000002 2032.5000000000002 2.5000000000000004 2028.0000000000002 2.5000000000000004 2032.5000000000002 2032.5000000000002 73802.238560439655 95672.898051363154 54743.66459994774 81966.470281682457 34764.463601322765 7975.5112011859319 1027.2329608285802 110690.26121674677 26018.048763670417 2032.5000000000002 1.0000000180025095e-35
decision_type=2 2 2 2 2 2 2 2 2 2 2 2 2 2 2 2 2 2 2 2 2 2 2
left_child=3 6 8 18 11 -6 7 13 -3 -8 12 16 -5 -2 20 -16 17 -4 -1 -11 -13 -10 -18
right_child=1 2 4 10 5 -7 9 -9 21 19 -12 14 -14 -15 15 -17 22 -19 -20 -21 -22 -23 -24
leaf_value=0.36728477184211955 0.95146613033591054 -1.1333942521789198 0.2095665605883113 -1.4579367917194022 0.30421424884570741 4.3960540474415328 2.9650777519418656 -0.01038826723567894 -2.8253441071299932 0.40283365629939571 -2.5858574606219706 -0.3916873493687163 -0.33739468818594109 -0.14701388848510533 0.19259419989736701 -0.4391919802290481 0.11838802369701185 -0.32807367113217512 -0.50085024914830001 -0.099380494150906884 -0.56868759376614408 -3.7464513440950213 -0.046572893210702307
leaf_weight=26 257 114 26 189 272 123 120 529 130 255 258 44 77 45 20 35 71 68 247 22 49 131 92
leaf_count=26 257 114 26 189 272 123 120 529 130 255 258 44 77 45 20 35 71 68 247 22 49 131 92
internal_value=-0.00242188 3.1211e-05 -0.00465957 -0.00981807 0.0009375 0.00588608 0.00451954 0.00213598 -0.0166 0.00950882 -0.0134542 -0.00388889 -0.0101504 0.00662252 -0.00878378 -0.00227273 -0.00107004 -0.00585106 -0.00283883 0.00676895 -0.0126344 -0.019636 0.00168712
internal_weight=3200 2403 1175 797 800 395 1228 831 375 397 524 405 266 302 148 55 257 94 273 277 93 261 163
internal_count=3200 2403 1175 797 800 395 1228 831 375 397 524 405 266 302 148 55 257 94 273 277 93 261 163
is_linear=0
shrinkage=0.05


Tree=69
num_leaves=24
num_cat=0
split_feature=0 0 0 0 0 5 5 5 2 0 2 5 2 2 5 5 5 2 5 5 5 9 14
split_gain=21.3882 18.6454 16.2613 10.9511 11.2801 10.1592 9.30267 6.74864 5.53044 4.50306 4.38534 4.32928 3.91171 3.04615 2.94051 2.8522 2.63539 2.49448 2.45 2.41975 2.38357 2.33995 2.98723
threshold=1.5000000000000002 3.5000000000000004 6.5000000000000009 4.5000000000000009 5.5000000000000009 1.0660229925427938 0.94972049496089539 0.96353742089261984 2032.5000000000002 2.5000000000000004 2032.5000000000002 1.0344057448195654 2028.0000000000002 2028.0000000000002 1.1165143622608402 0.8059040640304328 0.77541647292177396 2028.0000000000002 0.7939933396041764 1.1183890939787069 1.2463007693610029 54743.66459994774 8871.4028996750731
decision_type=2 2 2 2 2 2 2 2 2 2 2 2 2 2 2 2 2 2 2 2 2 2 2
left_child=5 7 3 -3 6 10 13 -2 19 14 16 -10 20 -5 17 -12 -1 -9 -15 -4 -7 22 -6
right_child=1 2 8 4 21 12 -8 9 11 -11 15 -13 -14 18 -16 -17 -18 -19 -20 -21 -22 -23 -24
leaf_value=0.24179995425508027 0.057751983237298535 0.016314546754243511 -0.15909775151285999 0.13567174919421918 0.11210516026020373 -0.47580773669088788 -3.855821312581901 0.24726800888082323 1.4167243166749133 0.40540630176525383 -0.060361474025154398 12.271232621626382 -4.3192549377077825 0.059976341737743161 4.1883895800452748 -1.9974644150863128 -0.38238318929984561 2.4777803385221802 -1.3843521789997568 4.1566410932468898 -4.7488700005895339 0.025969474228961432 -0.33489538493620297
leaf_weight=49 353 409 208 45 59 77 232 48 59 235 50 64 182 28 100 115 300 83 70 64 24 160 186
leaf_count=49 353 409 208 45 59 77 232 48 59 235 50 64 182 28 100 115 300 83 70 64 24 160 186
internal_value=-0.00234375 1.04037e-05 -0.00315657 -0.00607653 -0.00955128 -0.00944166 -0.0158 0.00613553 0.00563291 0.0100858 -0.00525292 0.0144309 -0.0170495 -0.00576923 0.0150433 -0.0119697 -0.00207736 0.0101145 -0.0107143 0.00165441 -0.00915842 -0.00376543 -0.00683673
internal_weight=3200 2403 1584 1189 780 797 375 819 395 466 514 123 283 143 231 165 349 131 98 272 101 405 245
internal_count=3200 2403 1584 1189 780 797 375 819 395 466 514 123 283 143 231 165 349 131 98 272 101 405 245
is_linear=0
shrinkage=0.05


Tree=70
num_leaves=24
num_cat=0
split_feature=0 0 0 0 5 0 5 2 5 5 0 5 5 5 5 2 5 2 5 2 2 9 14
split_gain=20.0847 17.4325 15.1121 10.4022 11.1168 10.3013 9.47352 6.60666 6.13139 5.48552 4.11197 3.85171 2.82932 2.74237 2.52679 3.311 2.49159 2.43429 2.31901 2.49059 2.03063 2.01192 3.40725
threshold=1.5000000000000002 3.5000000000000004 6.5000000000000009 4.5000000000000009 0.88809910615481324 5.5000000000000009 1.1687916513517889 2032.5000000000002 0.96353742089261984 1.1183890939787069 2.5000000000000004 0.90712176661480692 1.1247139233445755 0.81129936193001229 0.85598125438276673 2032.5000000000002 1.0909807188221152 2032.5000000000002 0.6641002099169846 2028.0000000000002 2032.5000000000002 54743.66459994774 8871.4028996750731
decision_type=2 2 2 2 2 2 2 2 2 2 2 2 2 2 2 2 2 2 2 2 2 2 2
left_child=6 8 3 -3 18 16 7 13 -2 14 12 -9 17 -1 -4 -16 -6 -10 -5 -20 -11 22 -7
right_child=1 2 9 4 5 21 -8 11 10 20 -12 -13 -14 -15 15 -17 -18 -19 19 -21 -22 -23 -24
leaf_value=0.14700678646003951 0.054864384075433752 0.015498819416531263 -0.40022080830558765 0.51502387830010432 -1.60806670387979 0.10365561404401619 -4.5795853021986632 -0.37932079355428244 0.81790580036206117 3.9488090385845456 0.38513598667699117 -2.6294166547277871 4.3548726809603977 -0.51840144025254487 0.2701429636822269 3.1705632966083841 -4.9941605794177866 3.4332279008187756 0.10272082372210321 -0.2294428213230166 15.438588722214446 -0.1396462063267741 -0.49017509125415692
leaf_weight=72 353 409 78 25 154 44 130 87 98 64 235 124 92 384 158 59 132 41 63 116 36 120 126
leaf_count=72 353 409 78 25 154 44 130 87 98 64 235 124 92 384 158 59 132 41 63 116 36 120 126
internal_value=-0.0023125 -3.1211e-05 -0.00309343 -0.00590833 -0.00929487 -0.0128472 -0.00919072 -0.00678411 0.00589133 0.00537975 0.00965665 -0.0140995 0.0143939 -0.00339912 0.00194915 0.0047235 -0.0195804 0.00989209 0.000735294 -0.00125698 0.0155 -0.0062069 -0.00970588
internal_weight=3200 2403 1584 1189 780 576 797 667 819 395 466 211 231 456 295 217 286 139 204 179 100 290 170
internal_count=3200 2403 1584 1189 780 576 797 667 819 395 466 211 231 456 295 217 286 139 204 179 100 290 170
is_linear=0
shrinkage=0.05


Tree=71
num_leaves=24
num_cat=0
split_feature=0 0 0 5 5 0 5 0 5 5 5 5 5 5 14 5 9 0 14 9 14 14 5
split_gain=17.4289 16.7539 25.5624 9.02805 8.75361 5.80431 5.5049 6.81225 5.06426 4.83373 3.0106 2.73807 2.61105 2.58597 2.56076 2.41704 2.2252 2.20126 2.05043 1.87439 3.24198 1.96704 1.6189
threshold=1.5000000000000002 4.5000000000000009 5.5000000000000009 0.90950991201765119 0.98048383727406008 6.5000000000000009 0.96353742089261984 2.5000000000000004 1.1791299085562905 1.1183890939787069 0.81129936193001229 1.1247139233445755 0.60007558834841868 0.89145594291848762 2931.8887588430666 0.85598125438276673 94278.172943124271 1.0000000180025095e-35 16553.249132898152 54743.66459994774 8871.4028996750731 98861.595191139641 0.92299584235516574
decision_type=2 2 2 2 2 2 2 2 2 2 2 2 2 2 2 2 2 2 2 2 2 2 2
left_child=3 6 4 17 10 13 12 11 14 15 -3 -8 -2 -4 -5 -7 -14 18 -1 20 -15 -21 -16
right_child=1 2 5 8 -6 9 7 -9 -10 -11 -12 -13 16 19 22 -17 -18 -19 -20 21 -22 -23 -24
leaf_value=-0.50947242448486352 -1.3424239274513228 0.30175746718185081 0.037707705340638858 0.12790583934588257 -3.6932233445862597 -0.38020976789030958 1.4327119192852367 0.23773370055292631 -4.6251361918469831 7.1376173984978095 -1.0746655946659558 4.1371290469123778 0.11300561681947557 0.098472833341815405 -1.4713285309357276 1.5434922748910482 -0.12874495952579465 -0.31122487962894074 0.19253283662772278 0.080842315110767518 -0.46566633669144902 -0.52017328578226985 -1.2463752669276715
leaf_weight=27 20 46 115 50 210 78 139 454 120 100 119 92 439 44 26 217 84 116 101 89 126 31 357
leaf_count=27 20 46 115 50 210 78 139 454 120 100 119 92 439 44 26 217 84 116 101 89 126 31 357
internal_value=-0.00221875 -9.3633e-05 -0.0043617 -0.0086261 -0.0151333 0.0006875 0.00399023 0.0069708 -0.0121609 0.005 -0.00651515 0.013961 0.000230203 -0.00351852 -0.00964203 0.00177966 0.000908222 -0.000614754 0.00390625 -0.00603448 -0.00941176 -0.00125 -0.0110313
internal_weight=3200 2403 1175 797 375 800 1228 685 553 395 165 231 543 405 433 295 523 244 128 290 170 120 383
internal_count=3200 2403 1175 797 375 800 1228 685 553 395 165 231 543 405 433 295 523 244 128 290 170 120 383
is_linear=0
shrinkage=0.05


Tree=72
num_leaves=24
num_cat=0
split_feature=0 0 0 5 0 5 0 2 2 2 5 5 5 5 5 5 9 2 2 0 5 0 5
split_gain=15.0415 15.5888 12.1167 9.73557 8.73882 10.3934 9.75886 6.35421 5.42998 5.34379 5.05893 3.75113 3.04271 2.90117 2.74839 2.62892 2.59305 2.5098 2.47188 2.31789 2.23631 2.23508 2.13775
threshold=1.5000000000000002 3.5000000000000004 6.5000000000000009 1.1791299085562905 4.5000000000000009 0.88809910615481324 5.5000000000000009 2032.5000000000002 2032.5000000000002 2032.5000000000002 1.0522115554879969 0.8059040640304328 1.0729849430770824 0.9742539713539845 0.77541647292177396 0.96353742089261984 95672.898051363154 2028.0000000000002 2028.0000000000002 2.5000000000000004 0.6641002099169846 2.5000000000000004 1.2087953212726463
decision_type=2 2 2 2 2 2 2 2 2 2 2 2 2 2 2 2 2 2 2 2 2 2 2
left_child=3 9 4 7 -3 17 12 14 -4 15 -10 -9 18 -11 -1 16 -2 -6 -7 22 -19 -15 -17
right_child=1 2 8 -5 5 6 -8 11 10 13 -12 -13 -14 21 -16 19 -18 20 -20 -21 -22 -23 -24
leaf_value=0.23792086120076875 0.036027223142690447 0.0090735976047312764 0.17252087579336717 -4.3938793822546334 0.12153769386142024 -0.16318609949397 -0.24149236392692758 -0.026953109648934517 1.3064724425725929 0.24906228433173683 10.950720844773514 -2.1900118928386831 -4.3841469455520325 5.183219806167549 -0.39196814750058451 0.90514303729572854 -0.21252926807584629 0.4596528940875384 -2.1954888980731653 0.11926634359852245 -0.2045558205850096 0.95411052418293851 3.9201725250063251
leaf_weight=49 198 409 272 120 68 45 290 50 66 120 57 162 141 66 416 126 41 20 100 151 116 82 35
leaf_count=49 198 409 272 120 68 45 290 50 66 120 57 162 141 66 416 126 41 20 100 151 116 82 35
internal_value=-0.00217187 -0.00019767 -0.00309343 -0.00812422 -0.00561396 -0.00871795 -0.0121528 -0.00579764 0.00449367 0.00540293 0.0132114 -0.0129717 -0.0187063 0.011194 -0.00252688 0.00258621 -0.00135983 0.000980392 -0.0136207 0.00560897 -0.00294118 0.0158784 0.00978261
internal_weight=3200 2403 1584 797 1189 780 576 677 395 819 123 212 286 268 465 551 239 204 145 312 136 148 161
internal_count=3200 2403 1584 797 1189 780 576 677 395 819 123 212 286 268 465 551 239 204 145 312 136 148 161
is_linear=0
shrinkage=0.05


Tree=73
num_leaves=24
num_cat=0
split_feature=0 0 0 5 0 0 5 2 2 5 2 5 2 5 5 5 9 0 5 5 5 2 14
split_gain=14.5702 13.6235 11.7167 9.21762 8.24924 9.51309 8.70443 5.94329 5.42998 5.05893 4.45162 4.03707 3.86532 3.13806 2.83762 2.68162 2.1268 2.1135 1.95431 1.80798 1.72416 1.7742 1.70541
threshold=1.5000000000000002 3.5000000000000004 6.5000000000000009 1.1791299085562905 4.5000000000000009 5.5000000000000009 0.98048383727406008 2032.5000000000002 2032.5000000000002 1.0522115554879969 2032.5000000000002 0.91131576306078255 2028.0000000000002 0.99359874653726477 0.81129936193001229 1.3206071419525591 36981.083728730278 2.5000000000000004 1.1955684557695698 0.99448579556082628 0.70445260993013836 2028.0000000000002 14787.424755897055
decision_type=2 2 2 2 2 2 2 2 2 2 2 2 2 2 2 2 2 2 2 2 2 2 2
left_child=3 10 4 7 -3 6 12 20 18 -10 15 -9 -6 -12 -14 -2 22 -15 -4 -18 -1 -22 -7
right_child=1 2 8 -5 5 16 -8 11 9 -11 13 -13 14 17 -16 -17 19 -19 -20 -21 21 -23 -24
leaf_value=0.6287922222891752 0.14809997279338347 0.0086199177244949965 -0.10834622135644736 -4.1741854131418989 0.23290171260774103 -0.091236218199267693 -3.3102732317906742 -0.30427929921648345 1.2411488204439622 10.403184802534838 0.31653120977165516 -2.3455221795052097 0.026942676701342805 5.5205935827627517 -1.3045425153097172 4.340541076879922 0.10604832540919205 1.0231799083689794 5.543606436699406 -0.24138349757469371 -0.0042180766445042654 -0.65707263794149073 -0.29906131958207105
leaf_weight=24 527 409 238 120 50 63 210 88 66 57 134 124 34 61 81 24 110 73 34 134 224 217 98
leaf_count=24 527 409 238 120 50 63 210 88 66 57 134 124 34 61 81 24 110 73 34 134 224 217 98
internal_value=-0.00220312 -0.000260092 -0.00296717 -0.00806148 -0.00544575 -0.00846154 -0.0142 -0.00579764 0.00449367 0.0132114 0.00497558 -0.0127358 -0.00560606 0.0102612 -0.0106522 0.00240472 -0.00314815 0.0156716 0.000551471 -0.000204918 -0.00263441 -0.00334467 -0.0076087
internal_weight=3200 2403 1584 797 1189 780 375 677 395 123 819 212 165 268 115 551 405 134 272 244 465 441 161
internal_count=3200 2403 1584 797 1189 780 375 677 395 123 819 212 165 268 115 551 405 134 272 244 465 441 161
is_linear=0
shrinkage=0.05


Tree=74
num_leaves=24
num_cat=0
split_feature=0 0 0 5 0 0 5 2 2 5 5 2 5 2 5 5 2 2 0 5 5 5 2
split_gain=13.6457 12.3686 10.5563 9.05748 7.19928 8.78785 8.316 7.00225 5.58881 5.05893 4.79014 4.48614 4.0674 3.47217 2.63082 2.44514 2.07123 2.03422 2.03098 2.61551 1.89804 1.67683 1.72767
threshold=1.5000000000000002 3.5000000000000004 6.5000000000000009 1.2186379447083537 4.5000000000000009 5.5000000000000009 0.98048383727406008 2032.5000000000002 2032.5000000000002 1.0522115554879969 0.91131576306078255 2028.0000000000002 1.2300515734847874 2028.0000000000002 0.71021544612840093 0.81129936193001229 2028.0000000000002 2028.0000000000002 2.5000000000000004 0.98408225929660487 1.1341559608270042 0.70445260993013836 2028.0000000000002
decision_type=2 2 2 2 2 2 2 2 2 2 2 2 2 2 2 2 2 2 2 2 2 2 2
left_child=3 11 4 7 -3 6 13 21 -4 -10 -9 -2 14 -6 -13 -15 20 -7 19 -16 -8 -1 -23
right_child=1 2 8 -5 5 17 16 10 9 -11 -12 12 -14 15 18 -17 -18 -19 -20 -21 -22 22 -24
leaf_value=0.59735261117471627 -0.017818488679878897 0.008188921838269891 0.13535671810155919 -4.6196701769678299 0.22125662697735465 0.026566867191905531 -0.49644705357037822 -0.289065334255659 1.179091379421763 9.8830255624081023 -2.4717191765976483 -0.23431603521944525 4.1628071461574399 0.025595542866274457 0.65108516288970153 -1.239315389544231 -4.2414198734585771 -0.21315870540299076 0.24212483236433402 2.5825581425776307 -2.4745321388938866 -0.0025467298245160919 -0.6908799626140536
leaf_weight=24 281 409 272 84 50 136 34 88 66 57 139 30 59 34 116 81 146 269 227 106 30 233 229
leaf_count=24 281 409 272 84 50 136 34 88 66 57 139 30 59 34 116 81 146 269 227 106 30 233 229
internal_value=-0.00201563 -0.000135248 -0.00271465 -0.00768507 -0.00506728 -0.00788462 -0.0134 -0.00585554 0.00436709 0.0132114 -0.0131057 0.00485348 0.00752788 -0.005 0.00600209 -0.00978261 -0.02 -0.00277778 0.00695991 0.0103604 -0.0125 -0.00246914 -0.00313853
internal_weight=3200 2403 1584 797 1189 780 375 713 395 123 227 819 538 165 479 115 210 405 449 222 64 486 462
internal_count=3200 2403 1584 797 1189 780 375 713 395 123 227 819 538 165 479 115 210 405 449 222 64 486 462
is_linear=0
shrinkage=0.05


Tree=75
num_leaves=24
num_cat=0
split_feature=0 0 0 5 0 5 0 2 2 5 2 5 5 5 2 5 0 2 5 2 14 5 2
split_gain=12.6075 12.2657 9.72446 9.42708 6.86517 9.27743 8.72137 6.01515 4.90366 4.46741 4.34369 4.22367 3.22572 2.92537 2.90848 2.71148 2.34934 2.33206 2.0861 1.99632 1.72941 1.65016 1.60651
threshold=1.5000000000000002 3.5000000000000004 6.5000000000000009 1.2186379447083537 4.5000000000000009 0.88809910615481324 5.5000000000000009 2032.5000000000002 2032.5000000000002 0.91131576306078255 2032.5000000000002 1.0522115554879969 1.0729849430770824 0.99359874653726477 2032.5000000000002 1.3206071419525591 2.5000000000000004 2032.5000000000002 0.6641002099169846 2028.0000000000002 26632.198794214808 0.70445260993013836 2028.0000000000002
decision_type=2 2 2 2 2 2 2 2 2 2 2 2 2 2 2 2 2 2 2 2 2 2 2
left_child=3 10 4 7 -3 18 12 21 -4 -9 15 -10 14 -12 20 -2 -15 -8 -6 -20 -7 -1 -23
right_child=1 2 8 -5 5 6 17 9 11 -11 13 -13 -14 16 -16 -17 -18 -19 19 -21 -22 22 -24
leaf_value=0.56748498061598129 0.12175180320839729 0.0077794757463564681 0.12858888219648179 -4.3886866681194396 0.47962440059380357 0.18615289170011096 -0.088559127030973184 -0.27461206754287559 1.120136810450677 -2.3481332177677645 0.27837439940172148 9.3888742842876933 -3.7873549430119655 5.1154359964957283 -2.2548719802493422 4.1244049474699152 0.91832052476272574 -0.51548704194014194 0.09358253507413182 -0.17292050897214858 -0.87448353021213165 -0.0024193933332895771 -0.65633596448334974
leaf_weight=24 527 409 272 84 25 30 182 88 66 139 134 57 141 61 53 24 73 108 63 116 62 233 229
leaf_count=24 527 409 272 84 25 30 182 88 66 139 134 57 141 61 53 24 73 108 63 116 62 233 229
internal_value=-0.00192187 -0.00011444 -0.00268308 -0.00737139 -0.00494113 -0.00769231 -0.0109375 -0.00550491 0.00411392 -0.0122247 0.00485348 0.0123984 -0.0171329 0.0100746 -0.0118966 0.00231397 0.0152985 -0.00482759 0.00147059 -0.000418994 -0.00652174 -0.00236626 -0.0030303
internal_weight=3200 2403 1584 797 1189 780 576 713 395 227 819 123 286 268 145 551 134 290 204 179 92 486 462
internal_count=3200 2403 1584 797 1189 780 576 713 395 227 819 123 286 268 145 551 134 290 204 179 92 486 462
is_linear=0
shrinkage=0.05


Tree=76
num_leaves=24
num_cat=0
split_feature=0 0 5 0 0 2 0 2 5 2 5 2 5 5 5 5 5 9 5 9 3 14 5
split_gain=12.5343 10.8949 9.50188 8.84134 5.81821 8.0144 6.72751 5.74937 4.98224 4.57788 4.24695 4.13181 3.96922 3.83429 2.81086 2.12028 2.0589 1.97153 2.93359 2.23848 1.81275 1.57687 1.53151
threshold=1.5000000000000002 3.5000000000000004 1.2186379447083537 6.5000000000000009 4.5000000000000009 2028.0000000000002 5.5000000000000009 2032.5000000000002 0.81129936193001229 2032.5000000000002 0.91131576306078255 2032.5000000000002 1.1656753941135316 1.0522115554879969 1.2300515734847874 1.3206071419525591 0.99570643099281042 54743.66459994774 0.86327802971202705 80232.037649569029 1.0000000180025095e-35 8871.4028996750731 1.1955684557695698
decision_type=2 2 2 2 2 2 2 2 2 2 2 2 2 2 2 2 2 2 2 2 2 2 2
left_child=2 11 7 4 -3 12 8 -1 -7 22 -9 15 -6 -11 -13 -2 -10 18 -8 -19 -21 -20 -5
right_child=1 3 -4 9 5 6 17 10 16 13 -12 14 -14 -15 -16 -17 -18 19 21 20 -22 -23 -24
leaf_value=-0.22150848201957274 0.11566421304797814 0.0073905019590384318 -4.1692523347134651 -0.11612619030352676 0.082038262311093041 0.03296179117156868 0.039311731311077486 -0.26088146416573182 -1.0851994215287348 1.0641299699281406 -2.2307265568793753 0.83973732881699881 -1.3307408013372453 8.9194305700733025 5.6002294387173635 3.9181847000964214 -4.086031041845553 0.24297452975517189 -0.17469053209236876 -0.2971715082850313 0.25478087892345158 -0.59551230996107163 5.2532288348495291
leaf_weight=486 527 409 84 238 209 34 46 88 88 66 139 241 41 57 27 24 139 37 29 48 20 89 34
leaf_count=486 527 409 84 238 209 34 46 88 88 66 139 241 41 57 27 24 139 37 29 48 20 89 34
internal_value=-0.001875 -7.28256e-05 -0.00730866 -0.00249369 -0.00464676 -0.00717949 -0.0106604 -0.00543478 -0.0163793 0.00398734 -0.0120044 0.00460928 0.0002 0.0119919 0.00970149 0.00213249 -0.0190529 -0.00511152 -0.00853659 0.000238095 -0.00514706 -0.0127119 0.000367647
internal_weight=3200 2403 797 1584 1189 780 530 713 261 395 227 819 250 123 268 551 227 269 164 105 68 118 272
internal_count=3200 2403 797 1584 1189 780 530 713 261 395 227 819 250 123 268 551 227 269 164 105 68 118 272
is_linear=0
shrinkage=0.05


Tree=77
num_leaves=24
num_cat=0
split_feature=0 5 0 0 2 0 2 5 0 2 2 5 5 5 5 9 5 5 5 0 5 14 9
split_gain=10.5871 10.2662 10.1464 8.16494 5.43898 5.32269 7.75478 5.87111 5.01719 4.2633 4.16215 4.15503 3.54875 3.46373 3.42063 3.08824 2.50796 2.36783 2.2241 2.18997 2.39334 1.87778 1.57927
threshold=1.5000000000000002 1.2186379447083537 3.5000000000000004 6.5000000000000009 2032.5000000000002 4.5000000000000009 2028.0000000000002 0.85598125438276673 5.5000000000000009 2032.5000000000002 2028.0000000000002 0.93494121085454296 1.2318911036196878 1.0522115554879969 1.1656753941135316 54743.66459994774 0.71021544612840093 0.77541647292177396 0.9981086715313261 2.5000000000000004 0.98408225929660487 8871.4028996750731 25753.959693804685
decision_type=2 2 2 2 2 2 2 2 2 2 2 2 2 2 2 2 2 2 2 2 2 2 2
left_child=1 4 10 5 17 -4 14 -8 18 -5 -2 -6 16 -11 -7 21 -12 -1 -9 20 22 -10 -18
right_child=2 -3 3 9 11 6 7 8 15 13 12 -13 -14 -15 -16 -17 19 -19 -20 -21 -22 -23 -24
leaf_value=0.14741875153771389 -0.028798365058702303 -3.9607897179777893 0.0070209768610865813 0.12796574760183149 -0.26821403941395378 0.077936349195539378 -0.0020259365563799038 -0.9186232609660252 -0.11440499727536846 1.0109234714317326 -0.25648842707034947 -2.4535398756537861 3.8217702101020792 8.4734590415696402 -1.2642037612703831 -0.054584033930707682 -0.35142178484832698 -0.35793304379770918 -3.9005273022648002 0.2118216139706334 2.2092039621941892 -0.56709172791454632 0.87430094053814145
leaf_weight=49 281 84 409 272 100 209 110 78 30 66 30 127 57 57 41 84 24 437 138 229 106 90 92
leaf_count=49 281 84 409 272 100 209 110 78 30 66 30 127 57 57 41 84 24 437 138 229 106 90 92
internal_value=-0.0016875 -0.0066813 -3.1211e-05 -0.00236742 -0.00473352 -0.0044365 -0.00685897 -0.010283 -0.0129762 0.00386076 0.00448718 -0.0111233 0.0070632 0.0115854 0.0004 -0.00735294 0.00566528 -0.00174897 -0.018287 0.00659645 0.0101351 -0.0125 0.00517241
internal_weight=3200 797 2403 1584 713 1189 780 530 420 395 819 227 538 123 250 204 481 486 216 451 222 120 116
internal_count=3200 797 2403 1584 713 1189 780 530 420 395 819 227 538 123 250 204 481 486 216 451 222 120 116
is_linear=0
shrinkage=0.05


Tree=78
num_leaves=24
num_cat=0
split_feature=0 5 0 0 0 5 2 2 5 5 5 5 0 2 2 0 2 5 0 9 14 2 5
split_gain=9.74049 10.5013 9.97253 7.3559 5.22623 7.23452 5.33292 5.10896 4.3953 4.35663 4.13823 3.74292 3.96258 3.02648 2.77778 2.56993 2.44218 1.98091 1.74297 1.68397 1.73381 1.52781 1.44
threshold=1.5000000000000002 1.2186379447083537 3.5000000000000004 6.5000000000000009 4.5000000000000009 1.1656753941135316 2028.0000000000002 2028.0000000000002 0.90950991201765119 1.1183890939787069 1.2517075098283645 0.8059040640304328 5.5000000000000009 2032.5000000000002 2032.5000000000002 5.5000000000000009 2032.5000000000002 0.85598125438276673 1.0000000180025095e-35 54743.66459994774 80783.928975064089 2032.5000000000002 0.73124667939799026
decision_type=2 2 2 2 2 2 2 2 2 2 2 2 2 2 2 2 2 2 2 2 2 2 2
left_child=1 7 10 4 -4 6 -6 -1 18 17 13 -8 -13 -2 -11 -7 -10 -5 -9 -14 -21 -19 -15
right_child=2 -3 3 9 5 15 11 8 16 14 -12 12 19 22 -16 -17 -18 21 -20 20 -22 -23 -24
leaf_value=0.0364064316074348 0.071671523630185169 -3.7627502320788979 0.006669928018031613 -0.44019317127321644 0.074039531735763831 -3.9311683239155344 0.042611781907129401 0.26544639852061208 -0.99317686701222385 3.3774897261287578 3.3172255770462855 -1.8260266954363971 -0.29219212627988117 -0.31061127008556116 11.408843660896469 -0.84368512870805723 -2.0264834044504538 0.16246321115189916 -0.28691099057408709 0.16071189578897105 -0.21625561111333946 1.9379939790845926 0.80961603512160996
leaf_weight=245 506 84 409 78 209 78 77 74 167 64 68 171 105 20 36 65 139 158 88 43 32 59 225
leaf_count=245 506 84 409 78 209 78 77 74 167 64 68 171 105 20 36 65 139 158 88 43 32 59 225
internal_value=-0.00170313 -0.0064931 -0.00011444 -0.00243056 -0.00439445 -0.00679487 -0.00451334 -0.00452314 -0.00758547 0.00348101 0.00436508 -0.00771028 -0.00990028 0.00329561 0.0125 -0.016958 -0.0111111 0.000423729 -0.000925926 -0.00472222 0.001 0.00288018 0.00785714
internal_weight=3200 797 2403 1584 1189 780 637 713 468 395 819 428 351 751 100 143 306 295 162 180 75 217 245
internal_count=3200 797 2403 1584 1189 780 637 713 468 395 819 428 351 751 100 143 306 295 162 180 75 217 245
is_linear=0
shrinkage=0.05


Tree=79
num_leaves=24
num_cat=0
split_feature=0 5 0 5 0 0 5 2 0 2 5 5 2 9 5 2 5 5 2 9 5 5 9
split_gain=8.80696 10.0733 9.50129 5.52015 4.89908 9.15648 7.51946 5.06448 4.7886 4.68359 4.47978 3.2501 2.77778 2.76288 2.55354 2.3543 3.52522 2.25899 2.27341 1.91822 1.90986 1.88387 1.59112
threshold=1.5000000000000002 1.2186379447083537 2.5000000000000004 1.1296978499445496 6.5000000000000009 4.5000000000000009 0.86327802971202705 2028.0000000000002 5.5000000000000009 2032.5000000000002 1.1183890939787069 0.93494121085454296 2032.5000000000002 54743.66459994774 1.0216140620587684 2032.5000000000002 1.2318911036196878 0.70445260993013836 2028.0000000000002 40833.662568700725 1.2146241262485249 0.85598125438276673 95672.898051363154
decision_type=2 2 2 2 2 2 2 2 2 2 2 2 2 2 2 2 2 2 2 2 2 2 2
left_child=1 9 3 17 5 15 -7 20 14 -1 21 -11 -12 -10 -9 -4 19 -2 22 -17 -8 -6 -19
right_child=2 -3 4 -5 10 6 7 8 13 11 12 -13 -14 -15 -16 16 -18 18 -20 -21 -22 -23 -24
leaf_value=-0.18150661370769683 -0.31308801694905813 -3.5746127204749514 -0.034416570259209321 3.4648204207446613 -0.41818351270955534 0.065737034674912209 -0.0058905104796309615 -1.0490431034719876 -0.37729459036556534 -0.24045778791455064 3.208615239822322 -2.2295387116485759 10.838401477851642 -0.058981868736061219 -3.6229423544223636 0.34325220139354401 2.3479071616543492 0.25939559282672919 1.0075020821399676 -0.088251345985574409 -1.3023772655349626 0.82993392900418717 -0.35658352034192831
leaf_weight=486 27 84 529 89 78 166 177 86 118 100 64 127 36 84 126 122 24 94 191 131 23 217 21
leaf_count=486 27 84 529 89 78 166 177 86 118 100 64 127 36 84 126 122 24 94 191 131 23 217 21
internal_value=-0.0016875 -0.00624216 -0.000176862 0.00663507 -0.00162797 -0.00286885 -0.00673077 -0.00928339 -0.0124396 -0.00431276 0.00335443 -0.0102423 0.0125 -0.00693069 -0.0176887 0.000868486 0.00460289 0.00367868 0.00490196 0.00286561 -0.00275 0.000254237 -0.000652174
internal_weight=3200 797 2403 422 1981 1586 780 614 414 713 395 227 100 202 212 806 277 333 306 253 200 295 115
internal_count=3200 797 2403 422 1981 1586 780 614 414 713 395 227 100 202 212 806 277 333 306 253 200 295 115
is_linear=0
shrinkage=0.05


end of trees

feature_importances:
scale=596
type_idx=434
horizon_year=332
min_habitat_m=195
min_water_m=162
country_idx=23
buffer=15
cooling=13
habitat_proximity=3
water_hits=1

parameters:
[boosting: gbdt]
[objective: quantile]
[metric: quantile]
[tree_learner: serial]
[device_type: cpu]
[data_sample_strategy: bagging]
[data: ]
[valid: ]
[num_iterations: 80]
[learning_rate: 0.05]
[num_leaves: 24]
[num_threads: 0]
[seed: 7]
[deterministic: 0]
[force_col_wise: 0]
[force_row_wise: 0]
[histogram_pool_size: -1]
[max_depth: -1]
[min_data_in_leaf: 20]
[min_sum_hessian_in_leaf: 0.001]
[bagging_fraction: 1]
[pos_bagging_fraction: 1]
[neg_bagging_fraction: 1]
[bagging_freq: 0]
[bagging_seed: 17422]
[bagging_by_query: 0]
[feature_fraction: 0.9]
[feature_fraction_bynode: 1]
[feature_fraction_seed: 7040]
[extra_trees: 0]
[extra_seed: 6516]
[early_stopping_round: 0]
[early_stopping_min_delta: 0]
[first_metric_only: 0]
[max_delta_step: 0]
[lambda_l1: 0]
[lambda_l2: 0]
[linear_lambda: 0]
[min_gain_to_split: 0]
[drop_rate: 0.1]
[max_drop: 50]
[skip_drop: 0.5]
[xgboost_dart_mode: 0]
[uniform_drop: 0]
[drop_seed: 15215]
[top_rate: 0.2]
[other_rate: 0.1]
[min_data_per_group: 100]
[max_cat_threshold: 32]
[cat_l2: 10]
[cat_smooth: 10]
[max_cat_to_onehot: 4]
[top_k: 20]
[monotone_constraints: ]
[monotone_constraints_method: basic]
[monotone_penalty: 0]
[feature_contri: ]
[forcedsplits_filename: ]
[refit_decay_rate: 0.9]
[cegb_tradeoff: 1]
[cegb_penalty_split: 0]
[cegb_penalty_feature_lazy: ]
[cegb_penalty_feature_coupled: ]
[path_smooth: 0]
[interaction_constraints: ]
[verbosity: -1]
[saved_feature_importance_type: 0]
[use_quantized_grad: 0]
[num_grad_quant_bins: 4]
[quant_train_renew_leaf: 0]
[stochastic_rounding: 1]
[linear_tree: 0]
[max_bin: 255]
[max_bin_by_feature: ]
[min_data_in_bin: 3]
[bin_construct_sample_cnt: 200000]
[data_random_seed: 61]
[is_enable_sparse: 1]
[enable_bundle: 1]
[use_missing: 1]
[zero_as_missing: 0]
[feature_pre_filter: 1]
[pre_partition: 0]
[two_round: 0]
[header: 0]
[label_column: ]
[weight_column: ]
[group_column: ]
[ignore_column: ]
[categorical_feature: ]
[forcedbins_filename: ]
[precise_float_parser: 0]
[parser_config_file: ]
[objective_seed: 15521]
[num_class: 1]
[is_unbalance: 0]
[scale_pos_weight: 1]
[sigmoid: 1]
[boost_from_average: 1]
[reg_sqrt: 0]
[alpha: 0.5]
[fair_c: 1]
[poisson_max_delta_step: 0.7]
[tweedie_variance_power: 1.5]
[lambdarank_truncation_level: 30]
[lambdarank_norm: 1]
[label_gain: ]
[lambdarank_position_bias_regularization: 0]
[eval_at: ]
[multi_error_top_k: 1]
[auc_mu_weights: ]
[num_machines: 1]
[local_listen_port: 12400]
[time_out: 120]
[machine_list_filename: ]
[machines: ]
[gpu_platform_id: -1]
[gpu_device_id: -1]
[gpu_device_id_list: ]
[gpu_use_dp: 0]
[num_gpu: 1]

end of parameters

pandas_categorical:null
