tree
version=v4
num_class=1
num_tree_per_iteration=1
label_index=0
max_feature_idx=37
objective=quantile
feature_names=type_idx country_idx horizon_year cooling buffer scale nearby_500m nearby_2km nearby_highway_2km min_habitat_m habitat_hits habitat_proximity water_hits water_overlap min_water_m min_road_km snow_mm precip_mm has_gbif has_roadkill has_osm_roads has_open_meteo gbif_myotis_myotis gbif_meles_meles gbif_castor_fiber gbif_alcedo_atthis gbif_bombina_variegata gbif_alauda_arvensis gbif_podiceps_cristatus gbif_acrocephalus_scirpaceus gbif_lutra_lutra gbif_ciconia_ciconia gbif_cervus_elaphus gbif_count_500m gbif_count_2km gbif_suitability roadkill_intensity_2km roadkill_count_2km
feature_infos=-1:6:5:2:4:0:7:3:1 -1:0:1:2 [2026:2040] [0:1] [0:1] [0.40000000000000002:2] [0:3] [0:3] [0:3] [0:125011.43205326654] [0:6] [0:3] [0:5] [0:1] [44.225848332120513:209444.01326761045] [0.16774822241364587:228.22479370757517] [0:4.4129166666666659] [0:89.364999999999995] [0:1] [0:1] [0:1] [0:1] none none none none none none none none none [0:1.0918136539803009] none none [0:37] [0:3.2117718603482626] [0:17.727708328222089] [0:15]
tree_sizes=1886 2224 2170 1894 1963 2123 1944 2116 2119 2114 2119 2124 2189 2124 2110 2104 2089 2174 2090 2092 2168 2123 2110 2119 2128 2077 2099 2106 2117 2161 2167 2145 2131 2097 2095 2117 2144 2145 2215 2135 2154 2156 2158 2147 2161 2127 2151 2129 2129 2165 2173 2150 2154 2164 2146 2135 2128 2165 2194 2191 2165 2161 2191 2139 2172 2177 2153 2171 2184 2169 2195 2209 2167 2211 2191 2181 2198 2181 2185 2188 2199 2199 2217 2186 2204 2176 2176 2218 2162 2216 2218 2189 2167 2184 2207 2190 2195 2181 2196 2199 2210 2162 2197 2211 2176 2202 2214 2187 2192 2183 2187 2197 2204 2177 2196 2211 2223 2196 2214 2222

Tree=0
num_leaves=22
num_cat=4
split_feature=0 5 5 2 2 5 0 5 2 2 5 5 5 2 5 5 1 2 2 1 2
split_gain=255.256 49.8998 6.15607 7.80244 1.65433 3.78754 1.21486 6.74249 5.24105 0.453965 1.24615 0.28233 0.15651 0.432208 0.0410628 0.0267442 2.84217e-14 1.42109e-14 1.42109e-14 7.10543e-15 3.55271e-15
threshold=0 0.84175118767219159 0.72497800467145923 2031.5000000000002 2028.5000000000002 1.0179578550006412 1 1.3310264847438595 2031.5000000000002 2038.5000000000002 1.0566613915605825 0.64337206274225478 0.97590027831923531 2032.5000000000002 1.2716120369759094 1.1912409331906684 2 2036.5000000000002 2038.5000000000002 3 2039.5000000000002
decision_type=1 2 2 2 2 2 1 2 2 2 2 2 2 2 2 2 1 2 2 1 2
left_child=1 2 11 -4 5 -3 7 9 -9 14 -11 -1 13 -6 -2 -7 17 -14 -18 -15 -8
right_child=6 4 3 -5 12 15 20 8 -10 10 -12 -13 16 19 -16 -17 18 -19 -20 -21 -22
leaf_value=866.38033465608021 862.41051559506593 876.13140520931631 870.85333755608951 881.66090799816516 882.21775156770605 882.04992826803789 844.30929102926746 867.80871440532212 880.47921738227228 863.00525590565962 873.98165623320381 872.73366506104139 908.07223018112416 893.81419692274653 870.93634150517244 894.95921027601582 907.99598872281933 924.6416122855378 931.27018754470191 892.11610515759673 848.65001268298943
leaf_weight=49 391 20 27 34 25 20 2957 23 36 45 20 22 75 23 23 23 102 34 24 29 197
leaf_count=49 391 20 27 34 25 20 2957 23 36 45 20 22 75 23 23 23 102 34 24 29 197
internal_value=871.742 871.775 871.749 871.761 871.785 871.777 871.737 871.739 871.755 871.737 871.741 871.739 871.786 871.784 871.737 871.786 871.787 871.787 871.787 871.787 871.737
internal_weight=4199 507 132 61 375 63 3692 538 59 479 65 71 312 77 414 43 235 109 126 52 3154
internal_count=4199 507 132 61 375 63 3692 538 59 479 65 71 312 77 414 43 235 109 126 52 3154
cat_boundaries=0 1 2 3 4
cat_threshold=128 4 1 1
is_linear=0
shrinkage=1


Tree=1
num_leaves=24
num_cat=1
split_feature=2 2 11 7 14 15 2 19 2 1 7 14 15 3 14 36 15 14 14 2 15 15 15
split_gain=1.86104 0.990768 0.996654 0.649432 0.458208 0.565953 1.62785 0.435306 0.419286 0.733926 0.986466 0.426762 0.519496 0.480121 0.417798 0.35507 0.344179 0.449647 0.319531 0.299498 0.295868 0.509507 0.452525
threshold=2031.5000000000002 2039.5000000000002 1.0605933521573137 1.0000000180025095e-35 180654.73601150259 158.41501366854791 2035.5000000000002 1.0000000180025095e-35 2028.5000000000002 0 2.5000000000000004 158982.04161539089 29.444619765755768 1.0000000180025095e-35 46234.081037188625 1.7314830502684313 108.57174890037437 102507.31091913018 98325.613438700137 2032.5000000000002 29.444619765755768 46.442013793119592 102.18136541171667
decision_type=2 2 2 2 2 2 2 2 2 1 2 2 2 2 2 2 2 2 2 2 2 2 2
left_child=8 4 3 -3 5 7 -7 19 14 10 11 12 -10 -14 -1 16 -9 -18 -12 -2 -5 -22 -23
right_child=1 2 -4 20 -6 6 -8 15 9 -11 18 -13 13 -15 -16 -17 17 -19 -20 -21 21 22 -24
leaf_value=-3.3844208006969723 22.958526290156154 1.5276087543866028 23.273525547879036 33.920839110647101 -7.9042750837308295 30.884397843652479 -7.6996575842584125 5.6493702288294472 14.888657227994265 -10.32424744318825 19.250759638438907 -20.38977275913814 -9.3656349023805614 11.255168722005767 -14.472577889502936 -13.070865092994717 -7.1862641789753914 1.2637364304158132 0.022097216247977572 -8.9578721652349795 -4.347230469645444 37.166046098126927 4.3917436348455912
leaf_weight=360 40 139 21 35 55 38 39 1414 41 441 37 54 143 74 514 43 84 290 21 231 22 33 30
leaf_count=360 40 139 21 35 55 38 39 1414 41 441 37 54 143 74 514 43 84 290 21 231 22 33 30
internal_value=-9.40712e-05 0.0007677 0.00357143 0.00272201 0.000416292 0.000530058 0.00474026 0.000375831 -0.00137982 -0.000561037 0.00108108 -3.20525e-05 0.000813952 -0.000161292 -0.00213959 0.000652648 0.000760625 -0.000588236 0.00706896 -0.00149447 0.00541667 0.00382353 0.00611111
internal_weight=4199 2514 280 259 2234 2179 77 2102 1685 811 370 312 258 217 874 1831 1788 374 58 271 120 85 63
internal_count=4199 2514 280 259 2234 2179 77 2102 1685 811 370 312 258 217 874 1831 1788 374 58 271 120 85 63
cat_boundaries=0 1
cat_threshold=1
is_linear=0
shrinkage=0.05


Tree=2
num_leaves=24
num_cat=0
split_feature=5 5 5 11 9 14 9 5 20 15 15 15 7 7 15 15 19 36 15 15 18 5 7
split_gain=9.26645 1.09295 0.951046 0.766971 0.955862 0.879896 1.11072 1.6082 0.902998 0.717351 0.686754 0.729547 0.665758 0.797727 0.611949 1.95228 1.21305 0.850053 0.78065 1.16959 1.02893 0.919354 0.817802
threshold=0.87576888871408942 0.76343305541321171 1.3207557252961468 1.3593837631777503 2264.3830592864501 85976.077689391241 35919.399043732286 1.4217699221021534 1.0000000180025095e-35 37.956939061017628 71.878914258797877 60.404382317582623 1.5000000000000002 2.5000000000000004 36.108001881607926 59.016495951387469 1.0000000180025095e-35 0.015975370043459728 52.485411075247264 55.229490791365357 1.0000000180025095e-35 1.1223427162988093 1.5000000000000002
decision_type=2 2 2 2 2 2 2 2 2 2 2 2 2 2 2 2 2 2 2 2 2 2 2
left_child=1 -1 14 4 -4 8 -7 -8 -6 12 11 -10 -3 -14 -2 16 -16 18 20 -20 -18 22 -22
right_child=2 9 3 -5 5 6 7 -9 10 -11 -12 -13 13 -15 15 -17 17 -19 19 -21 21 -23 -24
leaf_value=-20.514143501010036 -0.62501229864196284 -7.3320029087254204 2.278691038273871 42.960515834923854 49.065722696865755 -8.3250585935725301 30.98803573454618 -5.3256325130080286 23.956581975247619 -14.936448214560739 29.869125604331302 -8.4675314940268098 7.6931617993251109 -1.748747011416083 -13.674600852114466 2.6836383886730282 28.661301515876261 -8.2432100122343339 21.300246023389516 13.484773206757504 14.730231900230036 -3.9181150458368466 0.49705021780057923
leaf_weight=827 695 100 184 23 27 77 34 37 83 379 57 22 32 33 47 1186 26 33 45 50 75 85 42
leaf_count=827 695 100 184 23 27 77 34 37 83 379 57 22 32 33 47 1186 26 33 45 50 75 85 42
internal_value=-5.83484e-05 -0.0034318 0.00157709 0.00345588 0.00306142 0.00464392 0.00175676 0.0062676 0.00690476 -0.00169118 0.00549383 0.00309524 0.0010606 0.005 0.0011296 0.00167086 0.00467742 0.00567416 0.00645511 0.0102632 0.00486842 0.00366337 0.00653846
internal_weight=4199 1371 2828 544 521 337 148 71 189 544 162 105 165 65 2284 1589 403 356 323 95 228 202 117
internal_count=4199 1371 2828 544 521 337 148 71 189 544 162 105 165 65 2284 1589 403 356 323 95 228 202 117
is_linear=0
shrinkage=0.05


Tree=3
num_leaves=21
num_cat=2
split_feature=0 5 5 2 5 2 5 0 5 15 5 2 5 2 5 5 18 2 2 2
split_gain=256.544 46.5574 5.40718 8.59386 1.80772 0.989539 1.74545 0.63455 4.68677 0.702671 0.638334 0.90167 0.36724 0.246846 0.358871 0.101176 0.0372999 0.0300259 2.84217e-14 3.55271e-15
threshold=0 0.82555440180009632 0.72497800467145923 2031.5000000000002 0.86354054545950343 2027.5000000000002 1.1268342952933712 1 1.3661093842275072 68.033336041550726 1.2677191133471377 2035.5000000000002 0.62850798343534187 2031.5000000000002 0.98375327317343808 1.1204980527582669 1.0000000180025095e-35 2039.5000000000002 2039.5000000000002 2039.5000000000002
decision_type=1 2 2 2 2 2 2 1 2 2 2 2 2 2 2 2 2 2 2 2
left_child=1 2 12 -4 -3 6 -6 8 10 -10 17 -12 -1 14 -7 -16 -15 -2 -18 -9
right_child=7 4 3 -5 5 13 -8 19 9 -11 11 -13 -14 16 15 -17 18 -19 -20 -21
leaf_value=-4.8455898745883079 -8.7213840038792334 9.6931644303544964 -0.29166742009899621 9.5877546222355097 8.3284397325977277 8.0072018137446932 19.423860966591505 -26.088247308916237 3.9780088046140727 8.4437110051111546 -3.3565788329399449 2.408198542712642 1.040150399275082 39.979907236687012 15.887681548646723 28.203087550645705 37.060337479251615 -1.9394735858271339 57.376447846556395 -22.948806433778824
leaf_weight=44 417 20 24 28 20 23 24 2957 21 20 27 22 27 24 25 43 175 31 30 197
leaf_count=44 417 20 24 28 20 23 24 2957 21 20 27 22 27 24 25 43 175 31 30 197
internal_value=-8.21636e-05 0.032911 0.00678862 0.0190385 0.0421354 0.0429396 0.0359091 -0.00468936 -0.00290146 0.0132927 -0.00429578 0.00112245 -0.0021831 0.0439062 0.0417033 0.0435294 0.0447817 -0.00488839 0.045 -0.0049842
internal_weight=4199 507 123 52 384 364 44 3692 538 41 497 49 71 320 91 68 229 448 205 3154
internal_count=4199 507 123 52 384 364 44 3692 538 41 497 49 71 320 91 68 229 448 205 3154
cat_boundaries=0 1 2
cat_threshold=128 4
is_linear=0
shrinkage=0.05


Tree=4
num_leaves=22
num_cat=3
split_feature=0 5 5 5 15 1 0 5 5 15 5 17 5 15 16 9 5 7 9 5 5
split_gain=245.164 45.2341 5.76224 1.88233 0.907017 0.735113 0.496718 3.08357 0.708182 0.581527 0.36724 0.27295 0.228186 0.208919 0.156019 0.139431 0.046627 0.0587302 2.84217e-14 3.55271e-15 4.44089e-16
threshold=0 0.84175118767219159 0.72497800467145923 0.98661854419696859 38.355267274579568 1 2 1.395838970718613 1.2677191133471377 57.198373584228371 0.62850798343534187 74.884166666666673 1.1523394282416142 106.28319997355487 1.756416666666667 4518.8052811206917 1.1415607775418246 1.0000000180025095e-35 12231.723693714233 1.6631307399525419 1.1016024789624379
decision_type=1 2 2 2 2 1 1 2 2 2 2 2 2 2 2 2 2 2 2 2 2
left_child=1 2 10 5 -4 -3 7 8 16 -10 -1 -7 13 14 -5 -6 20 -18 -14 -8 -2
right_child=6 3 4 12 15 11 19 -9 9 -11 -12 -13 18 -15 -16 -17 17 -19 -20 -21 -22
leaf_value=-4.6033103808588924 -10.976614405220907 16.055739001711999 7.0172085394456793 25.067863641153401 6.609141137481565 17.28302485292561 -24.685384391777561 5.8779783030053165 -2.2326611401597218 2.2326620267920236 0.98814287931133027 14.583971719900966 43.727598661016593 20.543169260688693 20.043142273755798 9.2205315797672931 -2.1718299382248945 -1.8539411413713147 38.798234888291937 -12.491517816390978 -3.1682281012155049
leaf_weight=44 343 37 20 54 20 34 3116 33 23 34 27 32 101 31 35 21 35 37 51 38 33
leaf_count=44 343 37 20 54 20 34 3116 33 23 34 27 32 101 31 35 21 35 37 51 38 33
internal_value=-0.000213147 0.0320406 0.0075 0.0415333 0.0187705 0.0357767 -0.00471637 -0.00308394 -0.00410891 0.00114035 -0.0021831 0.0389394 0.0437132 0.0420833 0.0433146 0.0145122 -0.00477679 -0.00361111 0.045 -0.0049842 -0.005
internal_weight=4199 507 132 375 61 103 3692 538 505 57 71 66 272 120 89 41 448 72 152 3154 376
internal_count=4199 507 132 375 61 103 3692 538 505 57 71 66 272 120 89 41 448 72 152 3154 376
cat_boundaries=0 1 2 3
cat_threshold=128 2 4
is_linear=0
shrinkage=0.05


Tree=5
num_leaves=24
num_cat=3
split_feature=0 5 5 5 15 1 0 5 5 15 17 16 5 5 15 16 5 3 5 5 7 5 5
split_gain=232.257 43.0775 5.32024 2.86735 1.08535 0.858426 0.56408 3.04498 0.681719 0.581527 0.461538 0.411726 0.36724 0.254105 0.387588 0.116402 0.0788118 0.105861 0.0455285 0.0419173 0.0954839 0.0357143 1.42109e-14
threshold=0 0.84175118767219159 0.72497800467145923 1.0062036727854309 38.355267274579568 1 2 1.395838970718613 1.2677191133471377 57.198373584228371 74.884166666666673 1.756416666666667 0.62850798343534187 1.1204980527582669 105.82783814596763 1.756416666666667 1.1223427162988093 1.0000000180025095e-35 0.78826001885651131 1.2226069235746426 1.0000000180025095e-35 1.1543510596373601 1.3429576197623241
decision_type=1 2 2 2 2 1 1 2 2 2 2 2 2 2 2 2 2 2 2 2 2 2 2
left_child=1 2 12 5 -4 11 7 8 16 -10 -7 -3 -1 14 15 -5 -2 21 -6 20 -15 -18 -21
right_child=6 3 4 13 18 10 -8 -9 9 -11 -12 -13 -14 19 -16 -17 17 -19 -20 22 -22 -23 -24
leaf_value=-4.3731448618159448 -10.357467110865443 15.251759056799228 6.6663481124733925 21.451501620550843 5.9210896893853322 18.091111131544377 -23.370181892625769 5.5840793878550512 -2.1210280831517352 2.1210289254524231 14.556168504922812 15.273421442249404 0.93873573534576327 29.104121720781876 23.201154865318223 19.277087800789257 -2.6562918464675187 -0.17323468554018387 8.7712273080070524 37.719901834902842 28.837712401775288 -3.9545296706136379 48.556389208302136
leaf_weight=44 357 22 20 33 21 39 3154 33 23 34 39 24 27 25 20 21 20 21 20 51 37 50 64
leaf_count=44 357 22 20 33 21 39 3154 33 23 34 39 24 27 25 20 21 20 21 20 51 37 50 64
internal_value=-0.000320316 0.0310735 0.00712121 0.0403333 0.0179508 0.0341129 -0.00470286 -0.0029927 -0.0040099 0.00114035 0.0373077 0.0286957 -0.0021831 0.0434064 0.0409459 0.0431481 -0.00466518 -0.00335165 0.0132927 0.044435 0.0433871 -0.00428572 0.045
internal_weight=4199 507 132 375 61 124 3692 538 505 57 78 46 71 251 74 54 448 91 41 177 62 70 115
internal_count=4199 507 132 375 61 124 3692 538 505 57 78 46 71 251 74 54 448 91 41 177 62 70 115
cat_boundaries=0 1 2 3
cat_threshold=128 2 4
is_linear=0
shrinkage=0.05


Tree=6
num_leaves=22
num_cat=4
split_feature=0 5 5 2 2 2 2 5 0 5 5 2 5 5 15 2 5 1 2 2 1
split_gain=224.783 42.6362 7.50616 8.69071 2.19501 1.66715 1.20552 3.15 0.56408 3.04498 0.681719 1.59035 0.41957 0.36724 0.297619 0.132453 0.297458 0.0857143 0.0445652 3.55271e-15 4.44089e-16
threshold=0 0.90242540787670034 0.72497800467145923 2031.5000000000002 2026.5000000000002 2035.5000000000002 2032.5000000000002 0.99172057139916781 1 1.395838970718613 1.2677191133471377 2036.5000000000002 0.81700912784608037 0.62850798343534187 106.28319997355487 2038.5000000000002 1.0294041024118206 2 2033.5000000000002 2039.5000000000002 3
decision_type=1 2 2 2 2 2 2 2 1 2 2 2 2 2 2 2 2 1 2 2 1
left_child=1 2 13 12 -3 -5 7 -6 9 10 15 -12 -4 -1 17 20 -17 -9 -8 -10 -2
right_child=8 4 3 5 6 -7 18 14 19 -11 11 -13 -14 -15 -16 16 -18 -19 -20 -21 -22
leaf_value=-4.154487618725148 -6.4530780154337322 8.3432398043956013 -0.94948009722166682 5.6347706403268392 6.4961221713179613 11.173099589810782 26.805793554809703 16.407953351423703 -22.381056629250256 5.3048754184623004 -2.6502299345724305 2.5671964045475049 0.8309227764392273 0.89179894857847608 21.081300672455331 -9.2266753895882481 0.20910050364908256 24.452826063331873 36.548431022016757 -19.398587797869716 -8.4176492682470307
leaf_weight=44 62 20 21 23 28 28 20 30 2957 33 37 20 20 27 28 39 20 54 164 197 327
leaf_count=44 62 20 21 23 28 28 20 30 2957 33 37 20 20 27 28 39 20 54 164 197 327
internal_value=-0.000391761 0.0304932 0.0100307 0.0194565 0.0410756 0.0332353 0.0420679 0.0385714 -0.00470286 -0.0029927 -0.0040099 0.00114035 0.00231707 -0.0021831 0.0423214 -0.00466518 -0.00245763 0.0438095 0.0447283 -0.0049842 -0.005
internal_weight=4199 507 163 92 344 51 324 140 3692 538 505 57 41 71 112 448 59 84 184 3154 389
internal_count=4199 507 163 92 344 51 324 140 3692 538 505 57 41 71 112 448 59 84 184 3154 389
cat_boundaries=0 1 2 3 4
cat_threshold=128 4 2 4
is_linear=0
shrinkage=0.05


Tree=7
num_leaves=24
num_cat=3
split_feature=0 5 5 2 5 2 2 5 2 0 5 2 15 2 5 1 2 5 5 5 2 5 2
split_gain=216.388 44.9094 4.37297 5.01617 4.13295 2.06037 1.94454 1.99212 1.08222 0.496718 2.48771 4.76735 0.466667 0.268027 0.459574 0.207692 0.132453 0.297458 0.117614 0.034375 2.84217e-14 7.10543e-15 3.55271e-15
threshold=0 0.85301416984164968 0.7681049980012834 2031.5000000000002 0.93269690608366818 2032.5000000000002 2030.5000000000002 1.1313192132347927 2036.5000000000002 1 1.2677191133471377 2037.5000000000002 95.469103393965256 2032.5000000000002 1.1287681634439279 2 2038.5000000000002 1.0294041024118206 1.3310264847438595 0.68072289182799695 2037.5000000000002 1.2517530936697006 2039.5000000000002
decision_type=1 2 2 2 2 2 2 2 2 1 2 2 2 2 2 1 2 2 2 2 2 2 2
left_child=1 2 8 -4 5 -3 7 12 19 10 16 15 -6 14 -8 -12 -2 -18 -9 -1 -15 -22 -11
right_child=9 4 3 -5 6 -7 13 18 -10 22 11 -13 -14 20 -16 -17 17 -19 -20 -21 21 -23 -24
leaf_value=-3.4969996705208986 -7.7801899155033327 4.8592750925454276 -0.91901902897014942 7.7857315435544683 7.3176426909028907 12.557689824058475 10.578333428593112 15.328293984275874 4.9658246802318224 -21.262003797787745 0.36289757189156546 6.2391726697096281 6.5583384069139248 26.572288093819857 25.006556241643096 -2.6239612156133898 -8.7653416201088383 0.19864547846662772 25.494980693004308 -0.4725010314527418 32.23883693776984 51.235575941521624 -18.428658407976229
leaf_weight=44 389 26 22 29 28 20 20 32 22 2957 26 25 20 102 27 39 39 20 23 20 51 21 197
leaf_count=44 389 26 22 29 28 20 20 32 22 2957 26 25 20 102 27 39 39 20 23 20 51 21 197
internal_value=-0.000487022 0.0298162 0.0059489 0.017549 0.0394595 0.0254348 0.0414506 0.0357767 -0.000930234 -0.00471637 -0.00308394 0.00444444 0.0283333 0.044095 0.0407447 -0.00269231 -0.00466518 -0.00245763 0.0422727 -0.00421875 0.045 0.045 -0.0049842
internal_weight=4199 507 137 51 370 46 324 103 86 3692 538 90 48 221 47 65 448 59 55 64 174 72 3154
internal_count=4199 507 137 51 370 46 324 103 86 3692 538 90 48 221 47 65 448 59 55 64 174 72 3154
cat_boundaries=0 1 2 3
cat_threshold=128 4 1
is_linear=0
shrinkage=0.05


Tree=8
num_leaves=24
num_cat=2
split_feature=0 2 2 16 15 2 9 3 7 0 2 2 9 6 2 9 16 15 15 7 15 15 15
split_gain=209.176 8.94677 1.76058 1.22592 1.01086 0.769934 0.57152 0.560482 0.736307 0.496718 1.57591 0.460588 0.448718 0.444974 0.414403 0.516469 0.333333 0.271786 0.245149 0.552563 0.233435 0.349569 0.225
threshold=0 2031.5000000000002 2028.5000000000002 2.1729166666666671 47.987488592806073 2036.5000000000002 2116.1834180581504 1.0000000180025095e-35 2.5000000000000004 1 2039.5000000000002 2037.5000000000002 13050.410690394101 1.0000000180025095e-35 2032.5000000000002 839.52054995432422 1.756416666666667 98.124676241988269 32.48043640372051 1.0000000180025095e-35 40.506207950130239 101.55199198662889 48.202401490959581
decision_type=1 2 2 2 2 2 2 2 2 1 2 2 2 2 2 2 2 2 2 2 2 2 2
left_child=1 2 3 4 -1 7 22 8 14 10 11 -2 -8 18 -3 -16 -9 -6 -7 -20 -13 -22 -4
right_child=9 5 6 -5 17 13 12 16 -10 -11 -12 20 -14 -15 15 -17 -18 -19 19 -21 21 -23 -24
leaf_value=8.6584856234278771 -5.7500200116267637 16.977675032504386 15.430325019189358 8.6447784552731264 4.3690122221278704 40.044760131490676 19.051317726442722 20.00786227002191 20.994106086071127 -20.034590186819486 1.4368427177942795 -0.8903444736189905 14.491505055754601 34.492397496784612 23.825931272568841 26.8905914089082 21.504064970740004 4.6704754479446802 28.459259996461952 33.06860492463754 1.8847507772774894 -1.037346326368676 11.545327798512758
leaf_weight=27 405 25 20 22 23 31 30 24 25 3154 39 24 35 30 31 45 24 21 45 29 31 39 20
leaf_count=27 405 25 20 22 23 31 30 24 25 3154 39 24 35 30 31 45 24 21 45 29 31 39 20
internal_value=-0.000558467 0.029236 0.0215152 0.0165054 0.0133099 0.0351294 0.0259524 0.032931 0.0346825 -0.00471637 -0.00308394 -0.0038978 0.0288462 0.037963 0.0365842 0.0384211 0.0283333 0.00863636 0.0364286 0.0348649 -0.000744682 0.000714285 0.02125
internal_weight=4199 507 198 93 71 309 105 174 126 3692 538 499 65 135 101 76 48 44 105 74 94 70 40
internal_count=4199 507 198 93 71 309 105 174 126 3692 538 499 65 135 101 76 48 44 105 74 94 70 40
cat_boundaries=0 1 2
cat_threshold=128 4
is_linear=0
shrinkage=0.05


Tree=9
num_leaves=24
num_cat=2
split_feature=0 2 18 2 16 14 14 9 2 14 14 14 15 14 15 0 2 2 9 9 15 15 9
split_gain=193.809 8.90493 1.69439 1.63136 1.49489 1.3916 0.94145 0.923364 0.872507 0.694952 1.49501 0.690224 0.669173 0.891563 0.596099 0.56408 1.5458 0.43178 0.385284 0.254348 0.233435 0.349569 0.182664
threshold=0 2031.5000000000002 1.0000000180025095e-35 2028.5000000000002 2.1729166666666671 73340.87637871709 21987.919908185151 3589.1251062431361 2035.5000000000002 63193.011779459252 30577.265212828435 43203.084249242173 85.918700510599209 46234.081037188625 127.56709435200287 1 2039.5000000000002 2037.5000000000002 18182.084045882915 699.660860143631 40.506207950130239 101.55199198662889 31015.127646663295
decision_type=1 2 2 2 2 2 2 2 2 2 2 2 2 2 2 1 2 2 2 2 2 2 2
left_child=1 3 -3 4 5 7 19 -1 12 10 -5 -10 13 -8 -11 16 17 -2 -14 -4 -19 -22 -13
right_child=15 2 6 9 -6 -7 8 -9 11 14 -12 22 18 -15 -16 -17 -18 20 -20 -21 21 -23 -24
leaf_value=4.80161204715436 -5.4625190110454227 26.325462913586151 26.038852317231914 15.020097022964928 8.2125395325094708 2.8209969124957239 20.697967722445217 8.4760807744053022 31.678591180754918 16.019830482064471 11.285192529718472 31.295391748526953 17.182139879638409 19.983480895007514 14.483292425489049 -19.03286067747851 1.3650005819045636 -0.84582724993804348 21.407502131572208 25.396630646450113 1.7905132384136129 -0.98547901005023997 26.965456229123539
leaf_weight=23 405 38 26 24 22 26 33 22 31 27 34 66 20 29 20 3154 39 24 26 20 31 39 20
leaf_count=23 405 38 26 24 22 26 33 22 31 27 34 66 20 29 20 3154 39 24 26 20 31 39 20
internal_value=-0.000701359 0.0279787 0.033835 0.0202525 0.0154301 0.0119014 0.0352214 0.0172222 0.0338889 0.0245238 0.0208621 0.0368803 0.0306481 0.0272581 0.0290426 -0.00470286 -0.0029927 -0.0037976 0.0352174 0.0417391 -0.000744682 0.000714285 0.039186
internal_weight=4199 507 309 198 93 71 271 45 225 105 58 117 108 62 47 3692 538 499 46 46 94 70 86
internal_count=4199 507 309 198 93 71 271 45 225 105 58 117 108 62 47 3692 538 499 46 46 94 70 86
cat_boundaries=0 1 2
cat_threshold=128 4
is_linear=0
shrinkage=0.05


Tree=10
num_leaves=24
num_cat=3
split_feature=0 5 5 2 2 5 5 2 14 0 5 5 2 2 9 7 2 5 5 5 1 2 5
split_gain=179.029 50.0203 5.25615 5.89105 3.84548 5.00509 1.01086 0.99 0.659448 0.553382 3.04498 0.681719 1.59035 0.422633 0.326655 0.30375 0.132453 0.297458 0.03672 0.0363014 1.42109e-14 3.55271e-15 1.77636e-15
threshold=0 0.91917282543764645 0.78826001885651131 2031.5000000000002 2033.5000000000002 1.0092673125895086 1.1672731239108303 2028.5000000000002 79556.969834356583 1 1.395838970718613 1.2677191133471377 2036.5000000000002 2036.5000000000002 3181.0355538923268 2.5000000000000004 2038.5000000000002 1.0294041024118206 1.7087207497092562 0.72497800467145923 2 2031.5000000000002 1.2026241249255898
decision_type=1 2 2 2 2 2 2 2 2 1 2 2 2 2 2 2 2 2 2 2 1 2 2
left_child=1 2 13 -4 5 -3 8 -8 -7 10 11 16 -13 19 -5 20 -2 -18 21 -1 -6 22 -11
right_child=9 4 3 14 15 6 7 -9 -10 18 -12 12 -14 -15 -16 -17 17 -19 -20 -21 -22 -23 -24
leaf_value=-4.3023065089449641 -6.870256573052048 4.4685690020132816 -0.11637484959260749 6.9259937970484486 29.080717329268865 10.316639095257621 13.006429298665489 23.374642719756363 8.8763920562331347 -21.803827242559841 4.6358277194764366 -1.9154993177367541 1.9431147500500883 1.1379970904415946 4.6213795409037246 28.726085430375544 -8.4673374335863709 0.044253955761165448 -7.4098158457990086 -1.3404835403494879 32.685247821986181 -17.22414326862236 -16.262805327975556
leaf_weight=53 389 35 33 20 57 37 25 55 24 954 33 37 20 24 21 25 39 20 27 20 78 1868 305
leaf_count=53 389 35 33 20 57 37 25 55 24 954 33 37 20 24 21 25 39 20 27 20 78 1868 305
internal_value=-0.00084425 0.0267215 0.00523392 0.0152703 0.0384524 0.0333523 0.0375532 0.04125 0.0327049 -0.00468936 -0.0029927 -0.0040099 0.00114035 -0.00242268 0.0279268 0.0440625 -0.00466518 -0.00245763 -0.0049684 -0.00431507 0.045 -0.005 -0.005
internal_weight=4199 507 171 74 336 176 141 80 61 3692 538 505 57 97 41 160 448 59 3154 73 135 3127 1259
internal_count=4199 507 171 74 336 176 141 80 61 3692 538 505 57 97 41 160 448 59 3154 73 135 3127 1259
cat_boundaries=0 1 2 3
cat_threshold=128 4 2
is_linear=0
shrinkage=0.05


Tree=11
num_leaves=24
num_cat=2
split_feature=0 5 5 2 2 5 2 5 0 5 5 2 5 17 2 6 2 5 5 9 5 5 5
split_gain=170.316 47.7893 4.86236 6.4173 4.05181 2.51386 1.60402 2.38264 0.553382 3.04498 0.681719 1.59035 0.498617 0.445323 0.422633 0.291345 0.132453 0.297458 0.117749 0.079615 0.03672 0.0363014 1.42109e-14
threshold=0 0.91917282543764645 0.78826001885651131 2032.5000000000002 2028.5000000000002 1.1057560744425055 2033.5000000000002 1.1672731239108303 1 1.395838970718613 1.2677191133471377 2036.5000000000002 1.0017296210586071 74.884166666666673 2036.5000000000002 1.0000000180025095e-35 2038.5000000000002 1.0294041024118206 1.2758260264362959 1.0000000180025095e-35 1.7087207497092562 0.72497800467145923 1.1543510596373601
decision_type=1 2 2 2 2 2 2 2 1 2 2 2 2 2 2 2 2 2 2 2 2 2 2
left_child=1 2 14 -4 5 -3 7 12 9 10 16 -12 -6 -14 21 19 -2 -18 -9 -8 -10 -1 -21
right_child=8 4 3 -5 6 -7 15 18 20 -11 11 -13 13 -15 -16 -17 17 -19 -20 22 -22 -23 -24
leaf_value=-4.0871911834977146 -6.526743744399444 3.6163783387148314 0.11703787964118417 7.2861534170530353 4.6640254488557265 11.54416207054566 30.101429657975441 14.639108471070092 -17.24266125358211 4.4040363335026154 -1.8197243518499189 1.845959012547584 10.478335194184224 9.4423070580371355 1.0810972359195166 28.921658619362042 -8.0439705619070505 0.042041257973106538 25.859632210991961 13.863614317636943 -7.0393250535090575 -1.2734593633320124 38.778005674724277
leaf_weight=53 389 23 38 36 20 32 36 21 3127 33 37 20 24 22 24 33 39 20 34 51 27 20 40
leaf_count=53 389 23 38 36 20 32 36 21 3127 33 37 20 24 22 24 33 39 20 34 51 27 20 40
internal_value=-0.000939511 0.0259478 0.00494152 0.0145946 0.0374107 0.025 0.0398399 0.0354959 -0.00468936 -0.0029927 -0.0040099 0.00114035 0.0290909 0.0319565 -0.00242268 0.043125 -0.00466518 -0.00245763 0.0431818 0.0442126 -0.0049684 -0.00431507 0.045
internal_weight=4199 507 171 74 336 55 281 121 3692 538 505 57 66 46 97 160 448 59 55 127 3154 73 91
internal_count=4199 507 171 74 336 55 281 121 3692 538 505 57 66 46 97 160 448 59 55 127 3154 73 91
cat_boundaries=0 1 2
cat_threshold=128 4
is_linear=0
shrinkage=0.05


Tree=12
num_leaves=24
num_cat=1
split_feature=5 2 5 2 5 6 7 5 11 5 2 36 5 9 9 9 5 5 2 1 16 2 3
split_gain=8.60303 2.2071 2.17838 1.57601 0.771152 0.81531 0.902607 0.681081 0.666597 0.568965 0.532753 0.684858 0.514457 0.50625 0.499491 0.496049 0.598215 0.77118 0.574897 0.48404 0.633822 1.46944 0.715035
threshold=0.92432712047662835 2039.5000000000002 1.395838970718613 2028.5000000000002 1.1813853759944195 1.0000000180025095e-35 1.5000000000000002 1.2226069235746426 1.0265675147737674 0.78826001885651131 2032.5000000000002 0.23821324984009415 1.0092673125895086 5329.7217449536656 70.861480953857779 30029.915240155937 1.2416095059357677 1.4217699221021534 2035.5000000000002 0 1.4758333333333338 2035.5000000000002 1.0000000180025095e-35
decision_type=2 2 2 2 2 2 2 2 2 2 2 2 2 2 2 2 2 2 2 1 2 2 2
left_child=9 3 13 12 8 15 -7 -8 -5 -1 -11 -12 -2 -3 -9 19 -17 18 -18 -6 21 -21 -22
right_child=1 2 -4 4 5 6 7 14 -10 10 11 -13 -14 -15 -16 16 17 -19 -20 20 22 -23 -24
leaf_value=-16.431898106485175 -16.751559702182941 10.391543948424683 42.284902397637346 0.79331419998345831 -1.837729390548634 19.368490796803211 12.066766655033241 11.032150186362491 -7.9759433330786322 -8.3071179733909286 -7.9651602756901401 2.1557261853865861 -4.1221062571120912 1.3813998141697823 -0.97800457096272708 -3.8935294409724039 13.640849071428855 -3.3273573972050587 20.22484920756871 17.900870816474395 -1.9613372402302265 -0.88973914608545945 12.076262574985032
leaf_weight=929 116 80 21 976 196 30 21 29 77 338 336 20 426 80 61 23 43 26 25 40 199 32 75
leaf_count=929 116 80 21 976 196 30 21 29 77 338 336 20 426 80 61 23 43 26 25 40 199 32 75
internal_value=-0.00107049 0.00072593 0.00604972 0.00032359 0.00101727 0.0021875 0.0056383 0.00355856 0.000128204 -0.00392175 -0.00283862 -0.00148877 -0.00204797 0.0040625 0.00166667 0.00144916 0.00440171 0.00617021 0.00897059 0.000811807 0.00193641 0.00611111 0.000839415
internal_weight=4199 2576 181 2395 1853 800 141 111 1053 1623 694 356 542 160 90 659 117 94 68 542 346 72 274
internal_count=4199 2576 181 2395 1853 800 141 111 1053 1623 694 356 542 160 90 659 117 94 68 542 346 72 274
cat_boundaries=0 1
cat_threshold=2
is_linear=0
shrinkage=0.05


Tree=13
num_leaves=24
num_cat=2
split_feature=0 5 5 2 5 2 14 2 9 14 7 16 2 9 5 5 2 1 5 2 2 14 9
split_gain=167.7 41.2141 6.70043 4.45985 2.90712 3.23341 1.99086 1.71616 1.28333 1.16667 0.855635 0.709334 0.591307 0.459988 0.459053 0.414663 0.378836 0.205189 0.139792 0.422877 0.133903 0.340562 0.127024
threshold=0 0.938622391824802 0.78826001885651131 2035.5000000000002 1.0092673125895086 2032.5000000000002 31746.985827870991 2033.5000000000002 1329.1686448048006 76593.118290734303 1.0000000180025095e-35 1.4758333333333338 2036.5000000000002 5495.5914103797186 1.5935673327094293 1.1453412370221989 2034.5000000000002 1 1.2677191133471377 2039.5000000000002 2037.5000000000002 83895.972465421466 202.18557157653274
decision_type=1 2 2 2 2 2 2 2 2 2 2 2 2 2 2 2 2 1 2 2 2 2 2
left_child=1 2 12 6 5 -3 -4 10 -7 -8 11 -6 22 -13 18 -12 -16 -17 -2 20 -20 -22 -1
right_child=14 4 3 -5 7 8 9 -9 -10 -11 15 13 -14 -15 16 17 -18 -19 19 -21 21 -23 -24
leaf_value=-2.0820537323649018 -14.072655108738131 3.8535769448417767 1.9686830016534871 6.6970469875119694 19.300090802231239 5.8768990899727473 -1.3350152522770842 32.659952042556412 10.127232826468582 3.9175394205928984 9.9869219995073717 12.521356835306662 1.8486372794477992 13.194576963398228 -7.6824470287650701 18.00546588553885 1.6243903600111986 19.575715219920255 -9.2261115745628466 1.0106636781523484 -6.292098164781974 1.1539790941346617 -1.5331017950652739
leaf_weight=22 3060 26 20 32 24 20 21 107 22 21 23 20 24 21 42 29 29 24 448 30 53 30 51
leaf_count=22 3060 26 20 32 24 20 21 107 22 21 23 20 24 21 42 29 29 24 448 30 53 30 51
internal_value=-0.00102286 0.0256576 0.00782722 0.0173404 0.0372468 0.0280882 0.00951613 0.0397581 0.0366667 0.00333333 0.0361348 0.0319231 -0.00139175 0.0279268 -0.00474338 0.0397368 -0.000774649 0.0421698 -0.0048343 -0.00410874 -0.00443503 -0.00259036 -0.00363014
internal_weight=4199 507 191 94 316 68 62 248 42 42 141 65 97 41 3692 76 71 53 3621 561 531 83 73
internal_count=4199 507 191 94 316 68 62 248 42 42 141 65 97 41 3692 76 71 53 3621 561 531 83 73
cat_boundaries=0 1 2
cat_threshold=128 1
is_linear=0
shrinkage=0.05


Tree=14
num_leaves=24
num_cat=2
split_feature=0 5 5 2 2 5 15 5 14 9 2 2 14 15 5 0 5 2 2 5 2 2 5
split_gain=151.507 38.1537 5.31707 5.02564 4.72767 2.90366 1.5683 1.39203 0.831389 1.05836 0.747709 0.706058 0.685315 1.25048 0.609524 0.553382 2.17832 2.13434 0.429896 1.24615 0.0841837 0.0672612 0.123077
threshold=0 0.938622391824802 0.77583830786226704 2032.5000000000002 2030.5000000000002 1.2252164419808278 43.828937767560795 1.1625859542886614 33580.062064940204 6214.9048089522867 2038.5000000000002 2036.5000000000002 76593.118290734303 36.52676775649882 0.88037162294841587 1 1.3310264847438595 2035.5000000000002 2038.5000000000002 1.0566613915605825 2033.5000000000002 2037.5000000000002 1.0921227308458137
decision_type=1 2 2 2 2 2 2 2 2 2 2 2 2 2 2 1 2 2 2 2 2 2 2
left_child=1 2 11 14 5 8 -5 10 -3 -10 12 -1 13 -6 -4 16 18 -18 21 -20 -9 -2 -23
right_child=15 4 3 6 7 -7 -8 20 9 -11 -12 -13 -14 -15 -16 -17 17 -19 19 -21 -22 22 -24
leaf_value=-2.327774531844172 -5.924005868745839 3.7337374092814137 -0.85146748293978192 6.2241809309606859 8.2852232747401082 15.119831613374334 4.4172047544082771 20.989112626676253 5.8626327590420004 4.7614131575705505 18.193406435554333 1.8864398827693212 8.486284119151291 10.433399458841869 3.8464548831264653 -15.628864293054662 -0.46646639062956796 3.8925263997070476 -5.2806126326082845 0.93282467305678984 34.003923395180564 -7.6530597956185238 0.02091702436663443
leaf_weight=68 362 23 28 22 20 39 30 32 20 21 27 23 36 32 20 3154 38 21 45 20 66 32 20
leaf_count=68 362 23 28 22 20 39 30 32 20 21 27 23 36 32 20 3154 38 21 45 20 66 32 20
internal_value=-0.00115385 0.024207 0.00704188 0.015 0.0353481 0.0265534 0.0257692 0.0396009 0.02 0.0242683 0.0358696 -0.0017033 0.0336364 0.0373077 0.00333333 -0.00468936 -0.0029927 0.00601695 -0.00416493 -0.000384617 0.0439796 -0.00475846 -0.00307692
internal_weight=4199 507 191 100 316 103 52 213 64 41 115 91 88 52 48 3692 538 59 479 65 98 414 52
internal_count=4199 507 191 100 316 103 52 213 64 41 115 91 88 52 48 3692 538 59 479 65 98 414 52
cat_boundaries=0 1 2
cat_threshold=128 4
is_linear=0
shrinkage=0.05


Tree=15
num_leaves=24
num_cat=2
split_feature=0 5 2 5 2 5 5 15 14 0 5 2 9 5 5 2 2 9 5 2 5 14 9
split_gain=140.281 34.6769 5.67968 5.26476 4.50126 2.83019 2.28862 1.61712 0.794688 0.696346 2.0899 2.13434 0.626329 0.702671 0.610904 1.18033 0.591307 0.502265 0.479605 0.553206 0.4 0.333333 0.127024
threshold=0 0.938622391824802 2030.5000000000002 0.78826001885651131 2031.5000000000002 1.2252164419808278 1.0341220573097172 42.101107727748541 33580.062064940204 1 1.3310264847438595 2035.5000000000002 11438.948478213466 0.98375327317343808 1.1223427162988093 2035.5000000000002 2036.5000000000002 6214.9048089522867 1.2070788346600592 2034.5000000000002 0.8562717732649815 86975.927684141003 202.18557157653274
decision_type=1 2 2 2 2 2 2 2 2 1 2 2 2 2 2 2 2 2 2 2 2 2 2
left_child=1 3 5 16 20 8 12 -6 -3 10 14 -12 13 -4 -2 -16 22 -10 19 -8 -5 -17 -1
right_child=9 2 6 4 7 -7 18 -9 17 -11 11 -13 -14 -15 15 21 -18 -19 -20 -21 -22 -23 -24
leaf_value=-1.9279960993973462 -6.9455619379653628 3.5470505388173401 7.0456227584599631 -0.8458140667099423 4.3558643139374089 14.363840032705617 9.2176534124301224 5.4342903807984158 5.5695011210898961 -14.847421078401929 -0.44314307109809126 3.697900079721693 8.8671695671854369 7.227423013406983 -3.2058159651924742 0.86396747391680917 1.6618834213369458 4.5233424996920206 31.738036772551119 20.663735665672945 3.6541321389701396 -0.039149415784545116 -1.3400579787198028
leaf_weight=22 357 23 21 20 21 39 31 33 20 3154 38 21 20 20 72 30 24 21 80 41 20 20 51
leaf_count=22 357 23 21 20 21 39 31 33 20 3154 38 21 20 20 72 30 24 21 80 41 20 20 51
internal_value=-0.00126102 0.0231431 0.0337658 0.0067801 0.0152128 0.0241262 0.0384272 0.0246296 0.0176562 -0.00466235 -0.00281022 0.00601695 0.0302459 0.0267073 -0.00395616 -0.000901641 -0.00139175 0.0218293 0.0417105 0.03875 0.0025 0.005 -0.00363014
internal_weight=4199 507 316 191 94 103 213 54 64 3692 538 59 61 41 479 122 97 41 152 72 40 50 73
internal_count=4199 507 316 191 94 103 213 54 64 3692 538 59 61 41 479 122 97 41 152 72 40 50 73
cat_boundaries=0 1 2
cat_threshold=128 4
is_linear=0
shrinkage=0.05


Tree=16
num_leaves=24
num_cat=3
split_feature=0 5 2 5 5 2 5 15 15 2 9 14 0 5 2 14 2 2 5 2 9 2 1
split_gain=132.448 33.5912 6.29277 4.61176 3.80249 3.77943 2.39749 2.39456 2.21645 0.85482 1.24734 0.791213 0.77249 1.91035 2.58407 0.595238 0.591307 0.45403 0.4 0.273225 0.127024 0.108163 0.191304
threshold=0 0.938622391824802 2030.5000000000002 0.78826001885651131 1.1523394282416142 2031.5000000000002 1.1625859542886614 77.527656457376409 42.101107727748541 2034.5000000000002 1796.9841325213447 54288.776881815364 1 1.1776060574645986 2037.5000000000002 63193.011779459252 2036.5000000000002 2033.5000000000002 0.8562717732649815 2039.5000000000002 202.18557157653274 2034.5000000000002 2
decision_type=1 2 2 2 2 2 2 2 2 2 2 2 1 2 2 2 2 2 2 2 2 2 1
left_child=1 3 4 16 11 18 9 -6 -7 15 -11 -3 13 19 17 -4 20 -15 -5 -2 -1 22 -8
right_child=12 2 6 5 7 8 21 -9 -10 10 -12 -13 -14 14 -16 -17 -18 -19 -20 -21 -22 -23 -24
leaf_value=-1.8315962944274802 -6.1601823747999243 2.0615836938040837 8.7567705640200568 -0.80352336337444352 12.089404901973092 4.1380710982405366 21.349959676361177 11.69455035746161 5.1625758617584987 9.2480757566453651 13.975671308231737 4.710754466389738 -14.105050024481834 -3.1719100336520039 2.708050400952517 3.2452168362881424 1.5787892502700989 0.24265085319360186 3.4714255320216338 -1.0286653302164923 -1.2730550797838152 30.152116099032579 17.690822667352521
leaf_weight=22 373 25 21 20 27 21 22 22 33 35 38 29 3154 67 38 21 24 31 20 29 51 53 23
leaf_count=22 373 25 21 20 27 21 22 22 33 35 38 29 3154 67 38 21 24 31 20 29 51 53 23
internal_value=-0.00134437 0.0223694 0.0328165 0.00625654 0.0226699 0.0141489 0.037723 0.0327551 0.0227778 0.0328261 0.0360959 0.0135185 -0.00464884 -0.00271898 0.00235294 0.0271429 -0.00139175 -0.00193878 0.0025 -0.00450249 -0.00363014 0.0434694 0.0416667
internal_weight=4199 507 316 191 103 94 213 49 54 115 73 54 3692 538 136 42 97 98 40 402 73 98 45
internal_count=4199 507 316 191 103 94 213 49 54 115 73 54 3692 538 136 42 97 98 40 402 73 98 45
cat_boundaries=0 1 2 3
cat_threshold=128 4 1
is_linear=0
shrinkage=0.05


Tree=17
num_leaves=24
num_cat=2
split_feature=5 2 2 5 5 6 7 10 16 5 5 9 2 2 9 9 5 9 1 5 5 2 1
split_gain=6.44322 2.58934 1.52155 1.66302 0.893307 0.795533 0.987713 0.720531 0.685181 0.659418 0.612541 0.548069 0.544111 0.521779 0.517932 0.585255 0.578429 0.545192 0.424123 0.503344 0.41805 0.395367 0.620096
threshold=0.94803883727286387 2028.5000000000002 2039.5000000000002 1.395838970718613 1.1813853759944195 1.0000000180025095e-35 1.5000000000000002 1.5000000000000002 3.485125 1.0062036727854309 0.78826001885651131 11655.832551288864 2035.5000000000002 2034.5000000000002 30481.089817069253 42309.878281259305 1.5935673327094293 64262.111005197432 0 0.81306325873261354 1.0719064968597067 2037.5000000000002 1
decision_type=2 2 2 2 2 2 2 2 2 2 2 2 2 2 2 2 2 2 1 2 2 2 1
left_child=10 -2 4 20 7 14 -7 8 9 13 -1 -11 -12 -3 16 -16 -6 -17 19 -14 -4 22 -8
right_child=1 2 3 -5 5 6 21 -9 -10 11 12 -13 18 -15 15 17 -18 -19 -20 -21 -22 -23 -24
leaf_value=-13.989742485268398 -6.0038878872958703 -0.989036332784751 6.5538240982144274 33.742955862289442 -0.059587112107818363 12.988231930442177 8.391167643413068 -4.8634634713786067 3.0935808111079792 0.04958257568359558 -7.3318360375095839 -4.4933962335773279 2.6064040374270121 2.523456321324403 12.933193208185934 -0.34676840161878053 4.8930025874316847 9.4081543301509623 -6.6165650100244555 -0.60061565720205123 1.0079070541356832 8.1102981641810157 -0.62984203128069949
leaf_weight=929 510 102 53 21 499 30 33 175 91 324 535 199 23 83 34 52 46 28 179 85 90 21 57
leaf_count=929 510 102 53 21 499 30 33 175 91 324 535 199 23 83 34 52 46 28 179 85 90 21 57
internal_value=-0.00142772 0.000228757 0.00106295 0.00567073 0.000636977 0.001875 0.00528369 -0.000379878 0.00025657 -0.000268363 -0.00374358 -0.00117591 -0.00274939 0.0022973 0.00114567 0.00421053 0.000504586 0.001875 -0.000993033 0.00148148 0.00374126 0.00310811 0.00166667
internal_weight=4199 2448 1938 164 1774 800 141 974 799 708 1751 523 822 185 659 114 545 80 287 108 143 111 90
internal_count=4199 2448 1938 164 1774 800 141 974 799 708 1751 523 822 185 659 114 545 80 287 108 143 111 90
cat_boundaries=0 1 2
cat_threshold=2 1
is_linear=0
shrinkage=0.05


Tree=18
num_leaves=24
num_cat=3
split_feature=0 5 2 5 2 5 15 15 5 2 9 14 0 5 2 14 9 1 2 2 15 16 5
split_gain=131.501 31.1136 5.1582 4.9267 4.14644 2.75175 2.81028 2.54452 2.23961 1.01506 0.949816 0.853755 0.77249 2.02614 3.40265 0.755658 0.740957 0.542564 0.4522 0.382895 0.225 0.212374 0.0394737
threshold=0 0.938622391824802 2030.5000000000002 0.7681049980012834 2032.5000000000002 1.1523394282416142 77.527656457376409 43.828937767560795 1.187739437534997 2034.5000000000002 1796.9841325213447 58352.427300423915 1 1.1153207202073521 2037.5000000000002 54288.776881815364 3108.0978686810663 2 2036.5000000000002 2033.5000000000002 88.555641519900107 2.1729166666666671 1.3869806392842978
decision_type=1 2 2 2 2 2 2 2 2 2 2 2 1 2 2 2 2 1 2 2 2 2 2
left_child=1 3 5 18 16 15 -7 -6 9 11 -11 -4 13 -2 19 -3 -5 -16 -1 22 -12 -10 -15
right_child=12 2 8 4 7 6 -8 -9 21 10 20 -13 -14 14 17 -17 -18 -19 -20 -21 -22 -23 -24
leaf_value=-1.667542323484597 -6.4136813770814944 2.2586989034786704 7.429442829306443 -0.38827278257212267 5.2291063783796901 11.625747807312489 11.114238108830763 4.9027006706880805 26.075502748044364 10.040099966857859 8.6821565942131134 6.293417866471132 -13.282227758830832 -4.9300002519479369 1.7720580226225129 4.7252627892786609 1.7259073936667038 0.22597515061495788 2.4598058466078321 0.019612708194891828 14.983114765694589 27.80795229962942 -2.9147205245838705
leaf_weight=64 352 25 22 23 23 27 22 31 66 37 20 24 3154 75 27 29 28 25 22 39 20 24 20
leaf_count=64 352 25 22 23 23 27 22 31 66 37 20 24 3154 75 27 29 28 25 22 39 20 24 20
internal_value=-0.00135628 0.0222727 0.0323418 0.0067801 0.0140476 0.0231553 0.0317347 0.0237037 0.036784 0.0323984 0.0359091 0.0265217 -0.00464884 -0.00271898 0.00145161 0.0153704 0.00382353 0.0123077 -0.00209302 -0.0027612 0.04125 0.0427778 -0.00447369
internal_weight=4199 507 316 191 105 103 49 54 213 123 77 46 3692 538 186 54 51 52 86 134 40 90 95
internal_count=4199 507 316 191 105 103 49 54 213 123 77 46 3692 538 186 54 51 52 86 134 40 90 95
cat_boundaries=0 1 2 3
cat_threshold=128 4 1
is_linear=0
shrinkage=0.05


Tree=19
num_leaves=24
num_cat=3
split_feature=0 5 2 5 5 2 2 15 5 14 0 5 5 2 9 15 2 7 14 14 16 1 2
split_gain=118.476 26.8969 6.41675 4.64029 4.18366 3.76919 2.18987 2.06545 0.888942 0.772947 0.760257 1.8217 0.995362 2.04624 0.740957 0.64 0.4522 0.403333 0.324675 0.284444 0.272469 0.1875 0.18022
threshold=0 0.938622391824802 2028.5000000000002 0.7681049980012834 1.2226069235746426 2032.5000000000002 2035.5000000000002 43.828937767560795 1.2252164419808278 36795.514088495845 1 1.449774343129308 1.1153207202073521 2037.5000000000002 3108.0978686810663 58.568473776007473 2036.5000000000002 1.0000000180025095e-35 107755.81798655073 93013.751645867465 1.756416666666667 2 2033.5000000000002
decision_type=1 2 2 2 2 2 2 2 2 2 1 2 2 2 2 2 2 2 2 2 2 1 2
left_child=1 3 8 16 6 14 15 -7 -3 -8 11 12 -2 22 -5 17 -1 -4 -17 -11 -6 -15 -14
right_child=10 2 4 5 20 7 9 -9 -10 19 -12 -13 13 21 -16 18 -18 -19 -20 -21 -22 -23 -24
leaf_value=-1.5841652073103694 -6.0929973082274183 2.5898048643624425 10.166153258779497 -0.36885914344351617 24.670372349334265 4.9676510594607111 6.9984804108309637 4.6575656371536756 9.5820881182663822 16.678241858161655 -12.618116370889291 3.6186014755036497 -4.7932002893609154 0.76077484426332909 1.6396120239833718 6.5183340905461895 2.3368155542774383 7.7961396600356103 6.5236101374564575 10.694829523977894 28.030501125891007 0.08508907410178726 -0.090677821782885179
leaf_weight=64 352 32 20 23 68 23 24 31 20 25 3154 21 82 24 28 28 22 30 22 20 27 24 35
leaf_count=64 352 32 20 23 68 23 24 31 20 25 3154 21 82 24 28 28 22 30 22 20 27 24 35
internal_value=-0.00151108 0.0209188 0.0302848 0.00651832 0.033447 0.0135714 0.0287278 0.0227778 0.0142308 0.0355797 -0.00463533 -0.00271898 -0.0033559 -0.000151516 0.00382353 0.024 -0.00209302 0.028 0.02 0.0394444 0.0418421 0.00854167 -0.00371795
internal_weight=4199 507 316 191 264 105 169 54 52 69 3692 538 517 165 51 100 86 50 50 45 95 48 117
internal_count=4199 507 316 191 264 105 169 54 52 69 3692 538 517 165 51 100 86 50 50 45 95 48 117
cat_boundaries=0 1 2 3
cat_threshold=128 4 1
is_linear=0
shrinkage=0.05


Tree=20
num_leaves=24
num_cat=0
split_feature=5 2 5 2 16 5 14 5 20 11 11 19 5 16 5 2 7 16 9 2 3 5 9
split_gain=5.22944 2.53996 2.2562 1.2395 0.863704 0.785078 0.927186 1.37078 0.9278 0.599618 0.815315 0.584758 0.567566 0.738947 0.909614 1.18347 0.576038 0.563031 0.769859 0.513053 0.974146 0.50861 0.498184
threshold=0.92432712047662835 2028.5000000000002 1.5935673327094293 2038.5000000000002 1.756416666666667 1.3429576197623241 119390.48173476249 1.4070340389700129 1.0000000180025095e-35 1.0881488112056295 1.0350630057306958 1.0000000180025095e-35 1.1704710721111968 3.485125 1.2782222241056231 2039.5000000000002 1.0000000180025095e-35 3.485125 1329.1686448048006 2039.5000000000002 1.0000000180025095e-35 0.76343305541321171 2761.4735077852174
decision_type=2 2 2 2 2 2 2 2 2 2 2 2 2 2 2 2 2 2 2 2 2 2 2
left_child=21 -2 3 5 -4 9 8 -8 -7 10 17 -5 19 14 15 -14 -16 -3 -19 -13 -21 -1 -20
right_child=1 2 4 11 -6 6 7 -9 -10 -11 -12 12 13 -15 16 -17 -18 18 22 20 -22 -23 -24
leaf_value=-13.189725764547303 -6.1165793466825171 -0.85108358535728112 9.5569355798442501 -2.3017465803556578 13.528331703112087 16.575273907135315 10.281463859657549 3.3917418226844092 -0.29527926775774466 -5.9708319212492009 5.790835867444506 -1.0642873351279361 15.961660655206874 -4.2669156762899929 2.1232790404833035 13.700744388130719 18.904505586802475 -2.5874164200165271 3.2981784986131872 0.030143755701355569 4.2894774994741418 -6.8714761375252271 2.2830572171337615
leaf_weight=827 542 1095 42 41 22 28 22 26 178 78 21 77 20 20 38 23 27 78 21 62 34 796 81
leaf_count=827 542 1095 42 41 22 28 22 26 178 78 21 77 20 20 38 23 27 78 21 62 34 796 81
internal_value=-0.00160634 -0.000205747 0.000604719 0.000304567 0.00984375 -0.000270271 0.00228346 0.00854167 0.000825242 -0.000742359 -0.000486112 0.00304093 0.00380399 0.00632812 0.00796296 0.0136046 0.00423077 -0.00064706 0.00194444 0.00193641 0.004375 -0.00382933 0.00480392
internal_weight=4199 2576 2034 1970 64 1628 254 48 206 1374 1296 342 301 128 108 43 65 1275 180 173 96 1623 102
internal_count=4199 2576 2034 1970 64 1628 254 48 206 1374 1296 342 301 128 108 43 65 1275 180 173 96 1623 102
is_linear=0
shrinkage=0.05


Tree=21
num_leaves=24
num_cat=2
split_feature=0 5 2 5 2 5 15 5 2 15 16 8 5 11 5 2 9 16 16 0 2 5 9
split_gain=120.908 22.7144 6.97222 5.43794 4.46298 1.91229 1.5395 1.52937 1.2002 1.49548 1.03887 0.755714 0.572956 0.569694 0.449732 0.378836 0.29845 0.270629 0.219908 0.155049 0.748553 1.37404 0.465612
threshold=0 1.0179578550006412 2032.5000000000002 0.72497800467145923 2029.5000000000002 1.2226069235746426 77.527656457376409 0.85301416984164968 2035.5000000000002 70.886217027817565 1.4758333333333338 1.0000000180025095e-35 0.96614232066531724 0.065789032939702716 1.5935673327094293 2034.5000000000002 3589.1251062431361 1.4758333333333338 2.1729166666666671 1 2037.5000000000002 1.1153207202073521 9439.6326153221398
decision_type=1 2 2 2 2 2 2 2 2 2 2 2 2 2 2 2 2 2 2 1 2 2 2
left_child=1 2 7 -4 6 8 16 17 9 -6 -5 13 -9 -12 19 -16 -3 -1 -7 20 -2 -22 -23
right_child=14 4 3 10 5 18 -8 12 -10 -11 11 -13 -14 -15 15 -17 -18 -19 -20 -21 21 22 -24
leaf_value=0.091388941074399821 -3.8463574332298851 9.955011861354734 0.25075585552274643 5.2001878873085809 8.3763966328426385 22.651214686309928 7.6665799964831285 3.2487086948496584 16.04079560752087 6.9750127894126726 6.6078891562596516 2.5949082594561927 1.5410958737376514 7.2442817080644133 -4.4705384983643928 1.7310727632614142 2.8380342450319853 -1.6598889669470349 27.755616730048498 -11.962625613946955 -4.6239932735877103 0.73304363458081401 0.0041735029063243714
leaf_weight=22 401 22 36 39 31 66 23 34 38 21 27 20 21 23 42 29 21 43 20 3090 81 25 24
leaf_count=22 401 22 36 39 31 66 23 34 38 21 27 20 21 23 42 29 21 43 20 3090 81 25 24
internal_value=-0.0015468 0.0211122 0.0114151 0.0187931 0.0326033 0.0367614 0.0215152 0.0025 0.0316667 0.0267308 0.0243578 0.0207143 0.00863636 0.024 -0.00470286 -0.000774649 0.0159302 -0.00269231 0.042093 -0.00479288 -0.00361368 -0.000384617 0.00622449
internal_weight=4199 507 265 145 242 176 66 120 90 52 109 70 55 50 3692 71 43 65 86 3621 531 130 49
internal_count=4199 507 265 145 242 176 66 120 90 52 109 70 55 50 3692 71 43 65 86 3621 531 130 49
cat_boundaries=0 1 2
cat_threshold=128 4
is_linear=0
shrinkage=0.05


Tree=22
num_leaves=24
num_cat=4
split_feature=0 2 2 14 14 9 9 7 4 15 18 1 0 2 4 9 9 1 14 2 9 9 14
split_gain=107.1 9.31145 2.8797 2.23364 1.45078 1.55873 1.47657 1.25108 0.760433 0.732422 0.723905 0.991567 0.590131 0.743494 0.552853 0.588127 0.489815 0.450313 0.313951 0.39144 0.389074 0.343506 0.169335
threshold=0 2028.5000000000002 2035.5000000000002 21455.399751591278 63649.747117273306 2344.9356892516184 12231.723693714233 2.5000000000000004 1.0000000180025095e-35 104.92282162419632 1.0000000180025095e-35 1 2 2033.5000000000002 1.0000000180025095e-35 5110.8852315871436 40202.00068132046 3 27558.186542338477 2039.5000000000002 35919.399043732286 3422.9760890567318 47446.554333251734
decision_type=1 2 2 2 2 2 2 2 2 2 2 1 1 2 2 2 2 1 2 2 2 2 2
left_child=1 8 3 -3 5 -5 -7 9 17 -6 -4 -12 13 -2 15 22 -11 -1 21 20 -20 -15 -13
right_child=12 2 10 4 7 6 -8 -9 -10 16 11 14 -14 18 -16 -17 -18 -19 19 -21 -22 -23 -24
leaf_value=5.0065696269721514 -5.4973843770851687 11.122126506411014 9.873690296725588 6.1655602739695965 13.890654649153575 5.6005220682424888 3.3577781074075981 5.2394054438515631 -0.462384474298701 6.3213010623563743 21.914494671261991 15.313684136944318 -11.265596755623081 -0.42806787903378685 14.061866028880821 13.905231281415462 8.7161214942827705 2.9660171041975389 -0.82999122279782156 0.15251172793025414 0.018951800247989647 0.54040955131174384 12.252600674202375
leaf_weight=31 269 39 22 38 34 37 25 24 21 30 22 21 3154 35 38 38 24 41 147 30 37 20 22
leaf_count=31 269 39 22 38 34 37 25 24 21 30 22 21 3154 35 38 38 24 41 147 30 37 20 22
internal_value=-0.00166587 0.0196615 0.0232609 0.0199004 0.0178774 0.0135 0.0183871 0.0217857 0.00575269 0.0245455 0.0284356 0.0297518 -0.00463533 -0.00290146 0.0315546 0.0338889 0.0209259 0.00819444 -0.00109666 -0.00196262 -0.00282609 0.00227273 0.0298837
internal_weight=4199 507 414 251 212 100 62 112 93 88 163 141 3692 538 119 81 54 72 269 214 184 55 43
internal_count=4199 507 414 251 212 100 62 112 93 88 163 141 3692 538 119 81 54 72 269 214 184 55 43
cat_boundaries=0 1 2 3 4
cat_threshold=128 4 4 2
is_linear=0
shrinkage=0.05


Tree=23
num_leaves=24
num_cat=3
split_feature=0 5 5 2 2 5 1 9 5 5 2 15 2 2 15 2 5 0 5 2 4 15 7
split_gain=89.6064 28.5142 5.76668 4.76413 2.35488 2.27056 1.57002 1.16298 1.69377 1.11614 1.64462 1.03625 0.897384 0.796837 0.739519 0.478412 0.438312 0.322907 0.960296 1.54174 0.538834 0.567227 0.139843
threshold=0 1.0341220573097172 0.83296196964687219 2029.5000000000002 2033.5000000000002 1.2226069235746426 1 129.36621638480577 0.938622391824802 1.5300513205035833 2035.5000000000002 86.828601745182254 2035.5000000000002 2035.5000000000002 63.018471646829688 2033.5000000000002 0.92432712047662835 2 1.1223427162988093 2033.5000000000002 1.0000000180025095e-35 67.513336029194775 1.5000000000000002
decision_type=1 2 2 2 2 2 1 2 2 2 2 2 2 2 2 2 2 1 2 2 2 2 2
left_child=1 2 13 6 11 12 -3 -6 -9 17 22 16 14 -1 -5 -7 -4 18 -2 -20 21 -21 -11
right_child=9 3 4 5 7 15 -8 8 -10 10 -12 -13 -14 -15 -16 -17 -18 -19 19 20 -22 -23 -24
leaf_value=-0.4294167065855552 -5.4438487962252724 8.1989663636304329 1.5838401210105557 8.0307083432632194 2.3036048709810597 14.892028720158274 4.4938409456241875 4.1610922968014012 5.8019596751275557 -4.0170430630297691 1.1433691985741186 1.8833184959485452 14.90407138748416 2.5600817145943218 6.2334710161975044 25.30534977671935 -0.63175646085997395 -10.895201688940451 -4.1023451058304277 0.46031152961237115 -0.050880163869774987 0.20601110121325972 -0.48503770304081933
leaf_weight=89 357 25 20 27 23 35 39 26 30 58 35 25 36 39 20 51 22 3051 86 21 33 30 21
leaf_count=89 357 25 20 27 23 35 39 26 30 58 35 25 36 39 20 51 22 3051 86 21 33 30 21
internal_value=-0.00188021 0.0176306 0.00704379 0.0308369 0.0138356 0.0352367 0.0192187 0.0196835 0.0235714 -0.00459481 0.000263157 0.0069403 0.0293373 -0.000703126 0.0247872 0.0409302 0.00214286 -0.00476244 -0.00332402 -0.000294119 0.00452381 0.0077451 -0.00373418
internal_weight=4199 507 274 233 146 169 64 79 56 3692 114 67 83 128 47 86 42 3578 527 170 84 51 79
internal_count=4199 507 274 233 146 169 64 79 56 3692 114 67 83 128 47 86 42 3578 527 170 84 51 79
cat_boundaries=0 1 2 3
cat_threshold=128 2 4
is_linear=0
shrinkage=0.05


Tree=24
num_leaves=24
num_cat=2
split_feature=0 5 5 2 5 2 5 2 9 7 9 7 5 2 2 5 2 5 9 14 0 5 2
split_gain=78.1802 24.1643 4.48565 3.60302 2.32017 1.88925 1.58113 1.57408 1.5831 1.14707 1.13137 1.26207 1.10994 1.64462 0.990195 0.981818 0.752411 1.08968 0.677352 0.459988 0.382026 1.03947 1.70904
threshold=0 1.0392119347815225 0.83296196964687219 2028.5000000000002 1.4158576102881872 2035.5000000000002 1.1347049787747847 2028.5000000000002 129.36621638480577 2.5000000000000004 259.65779825042154 1.0000000180025095e-35 1.5300513205035833 2035.5000000000002 2034.5000000000002 0.94803883727286387 2032.5000000000002 0.64337206274225478 1375.1707708702409 56776.803500960617 1 1.1153207202073521 2033.5000000000002
decision_type=1 2 2 2 2 2 2 2 2 2 2 2 2 2 2 2 2 2 2 2 1 2 2
left_child=1 2 16 -3 5 10 -7 -4 -9 14 -5 -12 20 -14 -10 -16 -1 -18 -19 -13 21 -2 -23
right_child=12 3 7 4 -6 6 -8 8 9 -11 11 19 13 -15 15 -17 17 18 -20 -21 -22 22 -24
leaf_value=-1.3223858555282031 -5.214247642361495 6.7317669668900439 -0.26810640031536537 8.3489451029848833 25.708822944255388 11.720416673182619 18.590903122619547 1.6559778318993272 2.0607161886813361 1.0628039670527389 6.4614175651401098 6.2974043333353649 -3.389634253922619 1.0862007386454147 3.9487925216687394 5.7370130609306313 -2.6103941841331615 2.6369457046016542 0.019426919939639509 6.7093541243480432 -10.350441604493428 -3.9411374260797873 0.19714887047933588
leaf_weight=63 352 42 21 27 27 20 38 37 27 20 35 21 79 35 20 24 24 20 21 20 3051 89 86
leaf_count=63 352 42 21 27 27 20 38 37 27 20 35 21 79 35 20 24 24 20 21 20 3051 89 86
internal_value=-0.00204692 0.0161799 0.00655235 0.0284783 0.0314362 0.0291615 0.0363793 0.0124497 0.0145312 0.0180769 0.0250971 0.0219737 -0.00458131 0.000263157 0.0210563 0.0256818 -0.000312501 0.00346154 0.00841463 0.0279268 -0.00474846 -0.00323091 -0.000142858
internal_weight=4199 507 277 230 188 161 58 149 128 91 103 76 3692 114 71 44 128 65 41 41 3578 527 175
internal_count=4199 507 277 230 188 161 58 149 128 91 103 76 3692 114 71 44 128 65 41 41 3578 527 175
cat_boundaries=0 1 2
cat_threshold=128 4
is_linear=0
shrinkage=0.05


Tree=25
num_leaves=24
num_cat=5
split_feature=0 5 5 2 5 2 2 1 2 9 5 5 2 1 2 5 5 15 14 9 1 0 5
split_gain=70.6731 20.8366 4.63118 4.58014 1.51454 1.58615 1.21284 1.18957 1.1607 1.41194 1.32349 1.14216 1.39525 0.789151 0.752411 1.08968 0.751111 0.693999 0.707143 0.677352 0.622222 0.43618 0.994265
threshold=0 1.0503106425183286 0.83296196964687219 2029.5000000000002 1.4158576102881872 2036.5000000000002 2031.5000000000002 1 2034.5000000000002 129.36621638480577 0.938622391824802 1.4971340844100429 2033.5000000000002 2 2032.5000000000002 0.64337206274225478 1.187739437534997 77.527656457376409 28076.068466946304 1375.1707708702409 3 4 1.1153207202073521
decision_type=1 2 2 2 2 2 2 1 2 2 2 2 2 1 2 2 2 2 2 2 1 1 2
left_child=1 2 14 7 5 6 -5 -3 17 -10 -11 21 -13 -14 -1 -16 -7 18 -4 -17 -8 22 -2
right_child=11 3 8 4 -6 16 20 -9 9 10 -12 12 13 -15 15 19 -18 -19 -20 -21 -22 -23 -24
leaf_value=-1.2562665627517939 -4.9535352602434228 7.7888873873112008 1.2981752334899843 7.2757070380739028 24.60644722181641 14.273348457308888 3.9935116481463844 4.4413468935622804 2.139529680401933 3.3977716348570959 5.2250110383246451 -5.1597732035811266 -0.41129008352092389 1.1546127919550848 -2.4798744749265036 2.5050984193715715 18.557062968394693 2.0277160919856674 -0.04036595628158049 0.018455573942657854 8.669917713858263 -9.9230531822682124 -0.03273603246090355
leaf_weight=63 352 20 20 25 25 20 28 37 25 23 30 84 26 36 24 20 25 31 35 21 35 3021 173
leaf_count=63 352 20 20 25 25 20 28 37 25 23 30 84 26 36 24 20 25 31 35 21 35 3021 173
internal_value=-0.00211836 0.0152128 0.00681507 0.0273256 0.0317089 0.0295865 0.0256818 0.0151754 0.012378 0.0167949 0.0214151 -0.00452728 -0.000205481 0.00548387 -0.000312501 0.00346154 0.0372222 0.00837209 0.005 0.00841463 0.0219841 -0.00471799 -0.00313084
internal_weight=4199 507 292 215 158 133 88 57 164 78 53 3692 146 62 128 65 45 86 55 41 63 3546 525
internal_count=4199 507 292 215 158 133 88 57 164 78 53 3692 146 62 128 65 45 86 55 41 63 3546 525
cat_boundaries=0 1 2 3 4 5
cat_threshold=128 2 2 2 4
is_linear=0
shrinkage=0.05


Tree=26
num_leaves=24
num_cat=4
split_feature=0 5 2 5 5 2 1 5 2 14 14 15 15 2 2 2 5 5 9 1 0 5 2
split_gain=68.6087 21.0605 4.40649 4.19683 1.60063 1.74619 1.18957 1.08532 1.64462 0.89254 1.90676 0.972916 1.19118 1.04714 0.868752 0.752411 1.08968 0.751111 0.677352 0.622222 0.414835 0.977783 1.33655
threshold=0 1.0503106425183286 2029.5000000000002 0.83296196964687219 1.4158576102881872 2036.5000000000002 1 1.5300513205035833 2035.5000000000002 13749.0375045001 28076.068466946304 63.428882786693556 108.57174890037437 2034.5000000000002 2031.5000000000002 2032.5000000000002 0.64337206274225478 1.187739437534997 1375.1707708702409 2 3 1.1153207202073521 2033.5000000000002
decision_type=1 2 2 2 2 2 1 2 2 2 2 2 2 2 2 2 2 2 2 1 1 2 2
left_child=1 3 6 15 5 14 -3 20 -9 -5 -11 13 -13 -12 -4 -1 -17 -7 -18 -16 21 -2 -23
right_child=7 2 4 9 -6 17 -8 8 -10 10 11 12 -14 -15 19 16 18 -19 -20 -21 -22 22 -24
leaf_value=-1.1934532346142059 -4.7058584972312536 7.3994430179456403 6.9119216861702046 0.83476342279207705 23.376124860725593 13.559681034443443 4.2192795488841686 -3.063276543297385 0.97416006211539141 4.6556158383036204 -0.12291562609964785 4.7995673220274426 0.9353007583612899 3.3196680422065188 3.79383606573907 -2.3558807511801767 2.3798434984029955 17.629209819974953 0.017532795245524146 8.2364218281653514 -9.3367668651553473 -3.7424437531527546 0.18892822857841624
leaf_weight=63 352 20 25 21 25 20 37 79 35 20 31 34 34 24 28 24 20 25 21 35 3051 89 86
leaf_count=63 352 20 25 21 25 20 37 79 35 20 31 34 34 24 28 24 20 25 21 35 3051 89 86
internal_value=-0.00215409 0.0149226 0.027093 0.0064726 0.0313924 0.0292105 0.0151754 -0.00452728 0.000263157 0.0117683 0.0131818 0.0108537 0.0148529 0.00590909 0.0251136 -0.000312501 0.00346154 0.0372222 0.00841463 0.0219841 -0.00469257 -0.0031378 -0.000142858
internal_weight=4199 507 215 292 158 133 57 3692 114 164 143 123 68 55 88 128 65 45 41 63 3578 527 175
internal_count=4199 507 215 292 158 133 57 3692 114 164 143 123 68 55 88 128 65 45 41 63 3578 527 175
cat_boundaries=0 1 2 3 4
cat_threshold=128 2 2 4
is_linear=0
shrinkage=0.05


Tree=27
num_leaves=24
num_cat=4
split_feature=0 5 2 5 5 2 2 2 11 5 2 5 15 14 1 15 15 1 0 5 2 4 15
split_gain=62.4173 20.0957 4.19782 2.96918 1.96876 1.92154 1.58798 1.28488 1.08719 1.07311 1.64462 1.06778 0.971337 1.47027 0.829042 0.680556 0.930757 0.496032 0.395656 0.977783 1.14323 0.583863 0.675565
threshold=0 1.0503106425183286 2029.5000000000002 0.73058996066088322 1.4158576102881872 2036.5000000000002 2035.5000000000002 2031.5000000000002 0.095266021373869511 1.5300513205035833 2035.5000000000002 1.187739437534997 25.012291305676673 74035.898188752253 1 72.995977648302684 38.355267274579568 2 3 1.1153207202073521 2032.5000000000002 1.0000000180025095e-35 67.513336029194775
decision_type=1 2 2 2 2 2 2 2 2 2 2 2 2 2 1 2 2 1 1 2 2 2 2
left_child=1 3 14 -1 5 7 8 -4 15 18 -11 -7 -8 -14 -3 16 -5 -9 19 -2 -21 22 -22
right_child=9 2 4 6 -6 11 12 17 -10 10 -12 -13 13 -15 -16 -17 -18 -19 -20 20 21 -23 -24
leaf_value=-1.5631671867845469 -4.4705655723696918 7.0294708670483548 6.5663256018616938 0.81112095735520695 22.20731861768931 12.881696982721273 2.1702220605497131 3.6041442624521189 -0.15720659449615118 -2.9101127161325131 0.92545205900962135 16.747749328976209 4.5879223974749115 2.5533931918620989 4.0083155714399652 4.1721054489562928 -0.15787116567744325 7.8246007367570884 -8.8699285218975792 -3.6548198980139341 0.41962889980191209 -0.021621397321395276 0.10441795774947911
leaf_weight=73 352 20 25 23 25 20 20 28 52 79 35 25 34 23 37 40 27 35 3051 83 21 38 33
leaf_count=73 352 20 25 23 25 20 20 28 52 79 35 25 34 23 37 40 27 35 3051 83 21 38 33
internal_value=-0.00223744 0.0140522 0.0259302 0.00578767 0.0301266 0.0277068 0.00869863 0.0234091 0.00556338 -0.00450027 0.000263157 0.0361111 0.0144805 0.017807 0.0142982 0.00888889 0.005 0.0196032 -0.00466462 -0.0031378 -0.000142858 0.00369565 0.00703704
internal_weight=4199 507 215 292 158 133 219 88 142 3692 114 45 77 57 57 90 50 63 3578 527 175 92 54
internal_count=4199 507 215 292 158 133 219 88 142 3692 114 45 77 57 57 90 50 63 3578 527 175 92 54
cat_boundaries=0 1 2 3 4
cat_threshold=128 2 2 4
is_linear=0
shrinkage=0.05


Tree=28
num_leaves=24
num_cat=4
split_feature=0 2 14 11 15 15 7 2 14 15 15 1 0 2 2 14 14 15 11 15 1 15 14
split_gain=53.5437 3.97974 1.53379 1.26132 1.25234 1.28953 1.07905 1.57496 1.28205 0.969667 0.905423 2.21573 0.799593 1.18738 0.777336 0.775111 0.848663 0.533436 0.410788 0.571549 0.377388 0.236594 0.170183
threshold=0 2028.5000000000002 53652.580284121846 1.0605933521573137 114.93378014844174 134.51858932403073 2.5000000000000004 2034.5000000000002 29990.947335234971 36.108001881607926 71.878914258797877 1 2 2035.5000000000002 2035.5000000000002 27558.186542338477 18785.629984887375 47.987488592806073 0.012021877900814383 91.467577018762711 3 132.58468279405687 83895.972465421466
decision_type=1 2 2 2 2 2 2 2 2 2 2 1 1 2 2 2 2 2 2 2 1 2 2
left_child=1 17 3 6 10 -6 7 8 -3 -9 14 -12 13 -2 -4 16 -15 -1 -17 -20 -7 -21 -19
right_child=12 2 4 -5 5 20 -8 9 -10 -11 11 -13 -14 15 -16 18 -18 22 19 21 -22 -23 -24
leaf_value=4.8649944365601874 -4.4803063588251462 8.3347099074625852 6.6904473610701789 0.071089045679661927 1.6529660677298548 6.3515601009086486 10.834409908890642 9.0001275885904786 0.13261676266478836 8.3981201480610554 10.209356259278133 5.1762261497038047 -11.499737207842397 -0.73898802831711241 9.1604014161366436 -0.7318170490687621 0.79752510033809865 1.4154888494306759 -1.3239161449224039 0.64664401243158665 6.2323822181177837 -0.51384824486099612 -0.77380609128651923
leaf_weight=38 673 39 31 20 30 30 32 30 39 41 38 34 2648 55 23 167 30 32 70 29 27 20 23
leaf_count=38 673 39 31 20 30 30 32 30 39 41 38 34 2648 55 23 167 30 32 70 29 27 20 23
internal_value=-0.00239224 0.0126983 0.0150483 0.0119154 0.0180047 0.0133908 0.013232 0.011443 0.00653846 0.016831 0.0211905 0.0248611 -0.00448677 -0.00319734 0.0162963 -0.000956875 0.00323529 0.00360215 -0.0022028 4.20156e-05 0.017807 0.00418367 0.000454544
internal_weight=4199 507 414 201 213 87 181 149 78 71 126 72 3692 1044 54 371 85 93 286 119 57 49 55
internal_count=4199 507 414 201 213 87 181 149 78 71 126 72 3692 1044 54 371 85 93 286 119 57 49 55
cat_boundaries=0 1 2 3 4
cat_threshold=128 1 12 1
is_linear=0
shrinkage=0.05


Tree=29
num_leaves=24
num_cat=2
split_feature=5 2 5 5 9 2 2 11 11 5 14 5 2 5 1 5 5 7 5 14 5 2 1
split_gain=4.72041 2.0246 2.20536 0.993141 0.927901 0.674265 0.533334 0.426815 0.620079 0.426124 0.530903 0.566141 0.537147 0.376782 0.974274 0.9 0.327847 0.503577 0.486234 0.312116 0.331681 0.570532 0.292466
threshold=1.187739437534997 2031.5000000000002 1.5300513205035833 0.87576888871408942 5687.5684164922759 2037.5000000000002 2036.5000000000002 1.0023835185756635 0.24485615319856865 1.2286516858134353 71425.9243169533 1.3771122059273162 2038.5000000000002 1.1153207202073521 0 1.1453412370221989 1.3466728658495071 2.5000000000000004 1.4217699221021534 16434.96028759101 1.4070340389700129 2035.5000000000002 1
decision_type=2 2 2 2 2 2 2 2 2 2 2 2 2 2 1 2 2 2 2 2 2 2 1
left_child=3 16 5 -1 -4 7 -5 8 19 -7 11 12 -11 -8 15 -15 -2 18 22 -3 -21 -22 -18
right_child=1 2 4 6 -6 9 13 -9 -10 10 -12 -13 -14 14 -16 -17 17 -19 -20 20 21 -23 -24
leaf_value=-8.4888088194364251 -4.1077709980377115 0.26802669071528612 13.773141233185951 -3.3062109125863488 3.9731545371391492 -0.65380165551873382 -1.6001053555926761 2.5915671582391067 -2.4904666885386915 1.1189109694282744 0.71173627495235403 2.3758457886747579 7.5489095422874275 4.2570109030711647 -3.322833833615336 -0.18101308413998896 3.4940536659766446 1.5801056070749189 -2.9209873991297015 -0.46850251642747687 1.7587435025015716 -2.7986093649423518 -2.5561305412668127
leaf_weight=1371 239 23 39 1272 37 40 383 42 70 22 77 30 34 20 61 20 29 22 97 184 26 21 40
leaf_count=1371 239 23 39 1272 37 40 383 42 70 22 77 30 34 20 61 20 29 22 97 184 26 21 40
internal_value=-0.00249941 0.000363805 0.00213178 -0.00348097 0.0101316 0.00106327 -0.00269362 -0.00021858 -0.000833335 0.00337438 0.0045092 0.0072093 0.0101786 -0.00128099 0.00143564 0.0075 -0.00230679 -0.000744682 -0.00168675 0.000314959 -0.000238096 0.00351064 0.00152174
internal_weight=4199 1072 645 3127 76 569 1756 366 324 203 163 86 56 484 101 40 427 188 166 254 231 47 69
internal_count=4199 1072 645 3127 76 569 1756 366 324 203 163 86 56 484 101 40 427 188 166 254 231 47 69
cat_boundaries=0 1 2
cat_threshold=1 1
is_linear=0
shrinkage=0.05


Tree=30
num_leaves=24
num_cat=0
split_feature=5 5 2 2 11 5 2 2 11 9 15 14 9 7 15 4 16 9 14 9 16 9 9
split_gain=3.72793 1.37395 1.00682 0.971539 0.807927 0.61842 1.1967 0.593939 0.531047 0.513333 0.494424 0.55201 0.600224 0.507181 0.478983 0.469326 0.856697 0.674572 0.529799 0.459436 0.464132 0.481856 0.494118
threshold=1.2994426869863489 0.938622391824802 2036.5000000000002 2028.5000000000002 1.0099408151689924 1.395838970718613 2039.5000000000002 2034.5000000000002 0.30028405860890894 40202.00068132046 116.28100362387077 13749.0375045001 6596.4681750646305 1.0000000180025095e-35 42.101107727748541 1.0000000180025095e-35 1.4758333333333338 8257.9167096019974 63193.011779459252 9888.7683352870936 1.756416666666667 14776.579903078376 30481.089817069253
decision_type=2 2 2 2 2 2 2 2 2 2 2 2 2 2 2 2 2 2 2 2 2 2 2
left_child=1 -1 -3 -2 5 9 15 -6 10 -5 11 -4 13 14 -13 16 17 -7 -17 -14 21 -21 -23
right_child=3 2 8 4 7 6 -8 -9 -10 -11 -12 12 19 -15 -16 18 -18 -19 -20 20 -22 22 -24
leaf_value=-7.2939355312179579 -2.2593004747818912 -2.606887291466407 -3.9380936640547475 -0.49349983876720316 4.7831195915188376 -0.54093516054853608 19.625918335232122 7.8868169157573291 -1.0363559341779807 4.0774092041316914 -0.5921647036575769 0.35102281604349433 -3.8633978295091356 0.10422110508442305 4.9885366883096189 0.0035216490998406127 -1.2055451620931334 7.4465139729521503 4.4120244621521278 3.4159870229998854 -3.0176379488510099 -2.6816216150291865 3.8719076846985745
leaf_weight=1703 142 1359 28 165 24 22 20 20 171 35 73 24 31 46 31 34 84 24 38 33 41 21 30
leaf_count=1703 142 1359 28 165 24 22 20 20 171 35 73 24 31 46 31 34 84 24 38 33 41 21 30
internal_value=-0.00253513 -0.00314815 -0.00221928 0.00108553 0.00218884 0.00151659 0.00333333 0.00863636 -0.000368621 -0.000500001 0.000726256 0.00166667 0.00239299 0.00539604 0.00863636 0.00217822 0.000384614 0.00586956 0.00541667 0.000448717 0.0018 0.00392857 0.000882352
internal_weight=4199 3591 1888 608 466 422 222 44 529 200 358 285 257 101 55 202 130 46 72 156 125 84 51
internal_count=4199 3591 1888 608 466 422 222 44 529 200 358 285 257 101 55 202 130 46 72 156 125 84 51
is_linear=0
shrinkage=0.05


Tree=31
num_leaves=24
num_cat=2
split_feature=0 5 5 5 14 7 9 15 15 3 16 14 7 0 5 3 9 5 5 7 11 14 14
split_gain=61.0134 13.6788 2.95099 2.85388 2.04504 1.48073 0.964138 0.907534 0.788881 0.806244 0.746174 0.72521 1.12341 0.627552 1.07089 0.597178 1.03896 0.483815 0.296154 0.825 0.145505 0.187945 0.463702
threshold=0 1.0503106425183286 1.4070340389700129 0.73058996066088322 28933.703654352354 1.0000000180025095e-35 129.36621638480577 35.604138935003014 119.29414245960304 1.0000000180025095e-35 1.4758333333333338 31346.425854967394 2.5000000000000004 1 1.0471804065065857 1.0000000180025095e-35 16450.447644362092 1.449774343129308 0.96614232066531724 1.0000000180025095e-35 1.0036184243346653 86975.927684141003 72569.01347930466
decision_type=1 2 2 2 2 2 2 2 2 2 2 2 2 1 2 2 2 2 2 2 2 2 2
left_child=1 3 4 7 5 -3 18 -1 9 10 -6 -8 15 14 -2 16 -13 20 19 -5 21 22 -16
right_child=13 2 -4 6 8 -7 11 -9 -10 -11 -12 12 -14 -15 17 -17 -18 -19 -20 -21 -22 -23 -24
leaf_value=0.97426383517524373 -4.9295258764709624 0.15591680565381313 19.446115853637625 -0.12563673792666583 9.3213949381201324 8.0688393126320044 3.4476550361695133 -2.3522371253845349 7.2577730930410524 8.3750878565521027 7.3892942781153552 1.3679923896607999 -0.46015266843857439 -7.6833819108340693 -0.10031844048182569 1.6519917516121945 4.9919947787014385 3.8042471278291949 0.4398742284814432 3.8702107567417805 -2.785876346679133 -0.34266565508579916 1.0647722519739802
leaf_weight=20 302 24 36 20 27 23 34 53 37 27 41 35 21 3154 107 39 20 21 26 24 21 67 20
leaf_count=20 302 24 36 20 27 23 34 53 37 27 41 35 21 3154 107 39 20 21 26 24 21 67 20
internal_value=-0.00234461 0.0137621 0.0236046 0.0069863 0.0209777 0.0120213 0.00984018 -0.00157534 0.0241667 0.0265789 0.0236765 0.0121141 0.0102174 -0.00458131 -0.00281022 0.0125532 0.0159091 -0.000338984 0.005 0.0075 -0.00104651 -0.000618558 0.00051181
internal_weight=4199 507 215 292 179 47 219 73 132 95 68 149 115 3692 538 94 55 236 70 44 215 194 127
internal_count=4199 507 215 292 179 47 219 73 132 95 68 149 115 3692 538 94 55 236 70 44 215 194 127
cat_boundaries=0 1 2
cat_threshold=128 4
is_linear=0
shrinkage=0.05


Tree=32
num_leaves=24
num_cat=2
split_feature=0 5 2 5 10 2 2 2 5 10 14 4 8 5 0 2 11 2 5 2 11 4 2
split_gain=50.2261 10.6795 4.65692 2.43082 2.40423 1.5511 1.18968 0.869333 0.855472 0.727592 0.573105 0.564119 0.844531 0.545145 1.48297 1.8357 0.987662 0.540206 0.710194 0.498734 0.471503 0.438134 0.223577
threshold=0 1.0503106425183286 2036.5000000000002 0.62209009350254196 1.0000000180025095e-35 2035.5000000000002 2029.5000000000002 2031.5000000000002 1.304185265331794 1.5000000000000002 74035.898188752253 1.0000000180025095e-35 1.0000000180025095e-35 1.3071767882018717 1 2034.5000000000002 0.24485615319856865 2032.5000000000002 0.91917282543764645 2038.5000000000002 0.9984092495684993 1.0000000180025095e-35 2031.5000000000002
decision_type=1 2 2 2 2 2 2 2 2 2 2 2 2 2 1 2 2 2 2 2 2 2 2
left_child=1 3 6 -1 -4 9 8 -8 -3 11 19 12 17 -2 15 22 -17 18 -5 -7 21 -9 -15
right_child=13 2 4 5 -6 10 7 20 -10 -11 -12 -13 -14 14 -16 16 -18 -19 -20 -21 -22 -23 -24
leaf_value=-4.8493420627905941 -6.5145246424873751 1.8015421966694871 16.883370257191174 -0.29742239537158965 14.746092824243441 3.2486253761397763 7.1529610907174188 6.5037410104040596 7.1718545032211622 -0.24740317982855031 2.3386545120941942 0.21862014974468913 1.5544025651831799 -2.1995425205106987 -6.8310547150759495 0.6177606124471634 3.655387007372104 3.049570132439996 2.0463919711207472 4.8182301055315335 8.1664875369886314 7.1353801546012647 0.098312003945307772
leaf_weight=42 3190 36 33 26 20 29 26 34 21 24 28 39 29 55 365 35 20 24 21 30 21 24 27
leaf_count=42 3190 36 33 26 20 29 26 34 21 24 28 39 29 55 365 35 20 24 21 30 21 24 27
internal_value=-0.00249941 0.012118 0.020814 0.00613014 0.0336792 0.008 0.0166049 0.0197619 0.0107895 0.0051227 0.0133908 0.00651079 0.0085 -0.00452728 -0.00300797 0.00146258 0.00863636 0.00556338 0.00244681 0.0161864 0.0171519 0.0148276 -0.00317073
internal_weight=4199 507 215 292 53 250 162 105 57 163 87 139 100 3692 502 137 55 71 47 59 79 58 82
internal_count=4199 507 215 292 53 250 162 105 57 163 87 139 100 3692 502 137 55 71 47 59 79 58 82
cat_boundaries=0 1 2
cat_threshold=128 12
is_linear=0
shrinkage=0.05


Tree=33
num_leaves=24
num_cat=4
split_feature=0 5 2 5 2 2 9 0 5 2 5 14 9 1 5 5 14 15 5 2 1 2 5
split_gain=42.778 8.50577 3.51974 2.21162 1.68685 1.27765 1.26072 1.01264 1.76215 2.96606 0.914934 0.844303 1.10158 0.960317 0.830392 1.01236 0.664866 0.637121 0.595238 0.580202 1.17993 0.510386 0.528065
threshold=0 1.0503106425183286 2036.5000000000002 0.62209009350254196 2028.5000000000002 2029.5000000000002 3589.1251062431361 1 1.0471804065065857 2037.5000000000002 1.1672731239108303 19243.767816437005 11801.107491726389 2 1.1347049787747847 1.2994426869863489 80922.769451986052 52.485411075247264 0.91917282543764645 2035.5000000000002 3 2031.5000000000002 1.3310264847438595
decision_type=1 2 2 2 2 2 2 1 2 2 2 2 2 1 2 2 2 2 2 2 1 2 2
left_child=1 3 5 -1 -5 -3 -4 8 -2 21 -11 -6 19 18 -7 17 -12 -16 -14 -13 -21 -10 -23
right_child=7 2 6 4 11 14 -8 -9 9 10 16 12 13 -15 15 -17 -18 -19 -20 20 -22 22 -24
leaf_value=-4.6068749596510647 -4.3573233505230471 5.153246711818511 14.008788183031264 -0.20841653128568913 3.5755040834734721 6.2838871039467827 16.039201744331613 -6.9854233357158897 -2.8858136348918872 0.51486249843813281 -0.062641233567645033 0.18814104106952328 1.0871151450958862 1.629398873326489 6.3548743896066062 11.770610505782592 3.039929006979841 0.75748442572582431 4.2360124857541512 2.3154235953161764 0.046888473828589031 -0.10156808642269904 1.0357498552918003
leaf_weight=42 302 57 20 49 32 20 33 3154 91 21 21 60 21 21 20 41 20 24 21 26 20 63 20
leaf_count=42 302 57 20 49 32 20 33 3154 91 21 21 60 21 21 20 41 20 24 21 26 20 63 20
internal_value=-0.00253513 0.0109574 0.0187209 0.00561644 0.0074 0.0150617 0.0299057 -0.00440573 -0.00226277 0.000932202 0.0103226 0.00942786 0.00801775 0.013254 0.0183333 0.0161765 0.00597561 0.0109091 0.017619 0.00490566 0.00913043 -0.00241379 0.000421686
internal_weight=4199 507 215 292 250 162 53 3692 538 236 62 201 169 63 105 85 41 44 42 106 46 174 83
internal_count=4199 507 215 292 250 162 53 3692 538 236 62 201 169 63 105 85 41 44 42 106 46 174 83
cat_boundaries=0 1 2 3 4
cat_threshold=128 4 1 2
is_linear=0
shrinkage=0.05


Tree=34
num_leaves=24
num_cat=4
split_feature=0 2 2 11 0 2 15 15 9 1 7 14 14 15 2 4 15 16 11 9 15 15 1
split_gain=36.838 3.54862 1.38924 1.30684 1.15151 2.09127 0.958616 1.14426 0.752257 1.44 0.661197 0.890406 0.497864 0.861802 0.49447 0.775737 0.727558 0.498188 0.461629 0.65 1 0.43586 0.307107
threshold=0 2035.5000000000002 2028.5000000000002 1.006483294229507 1 2035.5000000000002 114.93378014844174 91.045219329640332 30481.089817069253 2 1.5000000000000002 32768.411137658324 23323.627465377227 47.987488592806073 2034.5000000000002 1.0000000180025095e-35 75.935592130221409 1.4758333333333338 0.12638978953773952 3589.1251062431361 54.104991964674745 22.107445330116295 3
decision_type=1 2 2 2 1 2 2 2 2 1 2 2 2 2 2 2 2 2 2 2 2 2 1
left_child=1 2 12 6 5 -2 7 18 10 -10 14 -12 -1 -14 15 16 17 -4 19 -3 -21 -7 -13
right_child=4 3 8 -5 -6 21 -8 -9 9 -11 11 22 13 -15 -16 -17 -18 -19 -20 20 -22 -23 -24
leaf_value=-0.74016341156115983 -3.3845444383977319 3.2998407171426267 6.0039754696443577 5.4075308106690194 -9.4520957442250761 0.48713147798375334 7.4238994697371341 7.8539715847824318 4.0347692647248339 4.4891613391006748 6.8947609297920778 0.23267492619285948 5.5734247828964945 -0.190250858618119 -0.15578059468390518 6.2448224394096563 3.1439916105402594 -1.5638985218946519 10.810103245576503 14.837960894436822 5.370168883155185 -0.056136918028438482 4.1640206672086002
leaf_weight=20 673 20 24 21 2648 33 25 23 20 25 22 23 24 49 24 36 21 22 29 25 20 338 34
leaf_count=20 673 20 24 21 2648 33 25 23 20 25 22 23 24 49 24 36 21 22 29 25 20 338 34
internal_value=-0.00263039 0.00989362 0.0072093 0.0161656 -0.00436521 -0.00286528 0.0178873 0.0197863 0.00914343 0.015 0.00786408 0.0114557 0.00198925 0.00390411 0.00562992 0.00713592 0.00395522 0.000434781 0.0173404 0.015 0.0183333 0.000121293 0.00815789
internal_weight=4199 507 344 163 3692 1044 142 117 251 45 206 79 93 73 127 103 67 46 94 65 45 371 57
internal_count=4199 507 344 163 3692 1044 142 117 251 45 206 79 93 73 127 103 67 46 94 65 45 371 57
cat_boundaries=0 1 2 3 4
cat_threshold=128 12 1 2
is_linear=0
shrinkage=0.05


Tree=35
num_leaves=24
num_cat=4
split_feature=0 2 9 0 2 2 9 1 14 14 9 9 14 15 10 15 9 1 14 2 15 15 14
split_gain=34.5918 3.65182 1.41355 1.40423 1.83388 1.16684 0.913612 1.44 0.793968 0.952084 0.572251 1.40226 0.497864 0.861802 0.483702 0.43586 0.352881 0.370411 0.568056 0.307832 0.297756 0.436362 0.277566
threshold=0 2035.5000000000002 394.05334507355502 1 2035.5000000000002 2028.5000000000002 30481.089817069253 2 19243.767816437005 42329.589652221854 32924.327704393399 11940.117077576402 23323.627465377227 47.987488592806073 1.5000000000000002 22.107445330116295 16838.300341101498 3 76107.804796476528 2032.5000000000002 36.108001881607926 40.878179986288366 33136.586579554067
decision_type=1 2 2 1 2 2 2 1 2 2 2 2 2 2 2 2 2 1 2 2 2 2 2
left_child=1 5 14 4 -2 12 8 -8 -7 19 11 22 -1 -14 -3 -6 17 -11 -19 -10 -17 -22 -4
right_child=3 2 10 -5 15 6 7 -9 9 16 -12 -13 13 -15 -16 20 -18 18 -20 -21 21 -23 -24
leaf_value=-0.70315524098310123 -3.2153172164778461 10.872858320619782 12.140853130459965 -8.979490957013823 0.46277490408456434 6.8502941385870244 3.8330308014885888 4.264703272145641 -0.23940548911677761 0.3317796039847023 1.6760190053260524 9.307764141176559 5.2947535437516748 -0.18073831568721258 4.3775275777572977 -0.72466733069453759 0.11340523132176157 4.6647766233469836 3.9990048713184976 3.5983166258222021 0.38797546187892051 -0.021255464776155759 6.7777159497569661
leaf_weight=20 673 30 20 2648 33 34 20 25 36 33 21 20 24 49 23 79 20 21 37 25 20 239 49
leaf_count=20 673 30 20 2648 33 34 20 25 36 33 21 20 24 49 23 79 20 21 37 25 20 239 49
internal_value=-0.00263039 0.00950677 0.0158589 -0.00431118 -0.00267552 0.00677325 0.00854582 0.015 0.00713592 0.00575581 0.0190909 0.0208427 0.00198925 0.00390411 0.00915094 0.000121293 0.00851351 0.00983516 0.0122414 0.000737704 -0.000414202 0.000405404 0.0174638
internal_weight=4199 507 163 3692 1044 344 251 45 206 172 110 89 93 73 53 371 111 91 58 61 338 259 69
internal_count=4199 507 163 3692 1044 344 251 45 206 172 110 89 93 73 53 371 111 91 58 61 338 259 69
cat_boundaries=0 1 2 3 4
cat_threshold=128 12 1 2
is_linear=0
shrinkage=0.05


Tree=36
num_leaves=24
num_cat=2
split_feature=0 5 2 5 5 2 0 5 5 2 9 11 9 9 2 9 14 14 14 9 2 14 5
split_gain=30.8165 9.50786 4.62367 1.67837 1.49487 1.52237 1.40423 2.92712 1.56907 2.21695 1.29878 1.23378 1.03469 0.830392 0.5552 0.487625 0.459042 0.547128 0.448962 0.701375 0.299321 0.239525 0.268776
threshold=0 1.0471804065065857 2037.5000000000002 1.4158576102881872 0.64337206274225478 2035.5000000000002 1 1.4971340844100429 1.1153207202073521 2037.5000000000002 31015.127646663295 0.17696112434244834 786.95866832995739 40202.00068132046 2031.5000000000002 4832.2387531444283 25894.196276986095 68926.137849359249 74035.898188752253 176.74219751136937 2038.5000000000002 90291.631936412246 0.89919980469317551
decision_type=1 2 2 2 2 2 1 2 2 2 2 2 2 2 2 2 2 2 2 2 2 2 2
left_child=1 4 3 12 -1 10 7 8 -2 14 21 20 -3 16 -10 -4 -14 -18 19 -7 -11 22 -6
right_child=6 2 15 -5 5 18 -8 -9 9 11 -12 -13 13 -15 -16 -17 17 -19 -20 -21 -22 -23 -24
leaf_value=-3.2540335808751766 -4.1518697197317911 5.3115149742940568 12.661795425149414 14.095096466051267 -0.24349050686228899 1.6801133333888452 -8.5305164091631323 3.094779845162833 -2.7859649743524817 0.53567956759162827 3.0682899461319013 1.523052586300607 -0.23147707582711111 4.1741430989334845 -0.022503049579349038 13.360206883027494 4.5214077332597435 0.1990574840925636 1.1450478555080537 2.3188231209035899 -0.11648750734246356 0.2009975588005416 0.1290675862179029
leaf_weight=49 677 42 20 25 52 20 2648 32 132 26 27 27 21 20 116 26 38 26 26 37 34 29 49
leaf_count=49 677 42 20 25 52 20 2648 32 132 26 27 27 21 20 116 26 38 26 26 37 34 29 49
internal_value=-0.00272565 0.00873307 0.016789 0.0130233 0.00295848 0.00458333 -0.00431118 -0.00267552 -0.00317194 -0.000373136 0.0016879 0.00649425 0.0109864 0.00833333 -0.00278226 0.0308696 0.00617647 0.00828125 0.0100602 0.0125439 0.0025 -0.000384617 -0.00153465
internal_weight=4199 507 218 172 289 240 3692 1044 1012 335 157 87 147 105 248 46 85 64 83 57 60 130 101
internal_count=4199 507 218 172 289 240 3692 1044 1012 335 157 87 147 105 248 46 85 64 83 57 60 130 101
cat_boundaries=0 1 2
cat_threshold=128 12
is_linear=0
shrinkage=0.05


Tree=37
num_leaves=24
num_cat=2
split_feature=0 5 5 2 5 2 0 5 2 5 9 4 9 15 9 15 15 9 15 5 7 5 2
split_gain=26.5789 8.07273 4.20434 3.24694 1.4577 1.39783 1.21266 2.09902 2.42301 1.47971 0.830417 0.767014 0.736364 0.664064 0.701375 0.631704 0.753463 0.618916 0.622066 0.533435 0.512121 0.469208 1.35118
threshold=0 1.0471804065065857 1.449774343129308 2037.5000000000002 0.69157279007383188 2035.5000000000002 1 1.1776060574645986 2031.5000000000002 1.4971340844100429 699.660860143631 1.0000000180025095e-35 40202.00068132046 27.493607856082857 394.05334507355502 63.018471646829688 29.444619765755768 31015.127646663295 86.828601745182254 1.2393793021592654 1.5000000000000002 1.0062036727854309 2036.5000000000002
decision_type=1 2 2 2 2 2 1 2 2 2 2 2 2 2 2 2 2 2 2 2 2 2 2
left_child=1 4 3 10 -1 17 7 21 -9 11 19 15 20 -7 -15 16 -10 18 -6 -3 -12 -2 -23
right_child=6 2 -4 -5 5 13 -8 8 9 -11 12 -13 -14 14 -16 -17 -18 -19 -20 -21 -22 22 -24
leaf_value=-2.2337981845007753 -5.1531438605553621 5.1946865327959344 17.533666795574213 10.977378070347477 -0.21301379599067052 0.21909489972788557 -8.1039905887049777 -2.0376643346791945 0.55572675725225362 3.7389102069995275 1.0624966378115084 -0.052449016216671744 3.7565148172790326 1.1438301985522721 3.3561571316623091 0.40769533815537812 1.931548562424374 3.0086307674959496 0.3211871544844524 5.307435912251111 3.2975071059583372 -2.7771405016770201 0.44809662833204228
leaf_weight=64 530 26 22 39 89 21 2648 104 22 20 55 64 22 20 37 38 20 26 32 21 33 186 60
leaf_count=64 530 26 22 39 89 21 2648 104 22 20 55 64 22 20 37 38 20 26 32 21 33 186 60
internal_value=-0.00288045 0.00776596 0.0151835 0.0128571 0.00243945 0.00433333 -0.0043517 -0.00281784 0.000970148 0.0047561 0.00964968 0.00298611 0.00727273 0.00974359 0.0125439 0.00625 0.0104762 0.00146258 -4.13235e-05 0.0152128 0.00522727 -0.00416237 -0.00235772
internal_weight=4199 507 218 196 289 225 3692 1044 268 164 157 144 110 78 57 80 42 147 121 47 88 776 246
internal_count=4199 507 218 196 289 225 3692 1044 268 164 157 144 110 78 57 80 42 147 121 47 88 776 246
cat_boundaries=0 1 2
cat_threshold=128 12
is_linear=0
shrinkage=0.05


Tree=38
num_leaves=24
num_cat=1
split_feature=5 2 5 15 2 5 20 11 5 15 5 15 14 1 2 14 5 16 5 7 15 15 5
split_gain=3.15556 1.67583 0.982674 0.900594 0.601678 0.577 0.561754 0.652357 0.705185 0.664901 0.551659 0.417529 0.449715 0.394094 0.374106 0.316328 0.290403 0.295659 0.247959 0.589104 0.243822 0.319565 0.213894
threshold=1.1704710721111968 2031.5000000000002 1.5300513205035833 42.101107727748541 2037.5000000000002 1.232385959691737 1.0000000180025095e-35 0.19611200786731245 1.395838970718613 58.568473776007473 0.87576888871408942 37.117408138079675 65164.141494912372 0 2035.5000000000002 79556.969834356583 1.2994426869863489 1.0000000180025095e-35 1.1153207202073521 1.0000000180025095e-35 106.28319997355487 98.124676241988269 1.0719064968597067
decision_type=2 2 2 2 2 2 2 2 2 2 2 2 2 1 2 2 2 2 2 2 2 2 2
left_child=10 -2 4 -4 5 11 -6 8 13 -9 -1 -3 -13 15 -12 -8 -7 -18 20 -20 21 22 -16
right_child=1 2 3 -5 6 16 7 9 -10 -11 14 12 -14 -15 18 -17 17 -19 19 -21 -22 -23 -24
leaf_value=-6.3760256460199614 -2.263153869154793 -1.8232172110353746 9.5918419043979064 1.8940454286479118 -0.90007354906933379 -1.8538340634427599 2.8731257347755732 4.7422333994971604 2.422714162201153 -0.052238333685208541 -3.1454111231525825 1.1603598046279167 -0.9295112615665263 -0.45365259473591268 -1.1238980415587194 -0.41163952289952777 0.57735910759734399 -0.75827720686260136 0.4250432420752881 -1.1152300695775865 -2.6308404776459109 0.95522473965114263 -2.5261442582493703
leaf_weight=1371 465 36 31 45 35 94 33 31 25 23 1088 33 36 45 281 29 21 170 51 47 122 23 64
leaf_count=1371 465 36 31 45 35 94 33 31 25 23 1088 33 36 45 281 29 21 170 51 47 122 23 64
internal_value=-0.00297571 -0.000746529 0.000822415 0.00618421 0.000155482 -0.00102564 0.00223982 0.00333333 0.00143939 0.00796296 -0.00381851 0.00214286 0.00442029 -0.000327104 -0.00321003 0.00225806 -0.00219298 -0.0010733 -0.00219388 0.00010204 -0.00265306 -0.00201087 -0.00239131
internal_weight=4199 1152 687 76 611 390 221 186 132 54 3047 105 69 107 1676 62 285 191 588 98 490 368 345
internal_count=4199 1152 687 76 611 390 221 186 132 54 3047 105 69 107 1676 62 285 191 588 98 490 368 345
cat_boundaries=0 1
cat_threshold=1
is_linear=0
shrinkage=0.05


Tree=39
num_leaves=24
num_cat=2
split_feature=0 5 5 2 5 0 5 2 5 2 9 5 14 3 15 14 9 5 5 15 15 2 3
split_gain=27.8717 7.05543 3.46669 2.23374 1.69621 1.62006 2.38084 2.53213 0.9294 0.67506 0.592911 0.587778 0.554355 0.969363 0.544054 0.886594 0.741758 0.438784 0.625611 0.807634 0.419048 0.4 0.37682
threshold=0 1.449774343129308 1.0471804065065857 2036.5000000000002 0.64337206274225478 1 1.0062036727854309 2031.5000000000002 1.1943901211755916 2035.5000000000002 699.660860143631 1.2393793021592654 25894.196276986095 1.0000000180025095e-35 28.947338587900965 130231.75474940902 2180.1414509187912 0.8306467510427672 0.9728502460798758 82.822949980327493 85.381981517116529 2036.5000000000002 1.0000000180025095e-35
decision_type=1 2 2 2 2 1 2 2 2 2 2 2 2 2 2 2 2 2 2 2 2 2 2
left_child=1 2 4 10 -1 6 -2 -8 -5 17 11 -4 -12 20 -9 16 21 -6 19 -19 -14 -16 -11
right_child=5 -3 3 8 9 -7 7 14 -10 22 12 -13 13 -15 15 -17 -18 18 -20 -21 -22 -23 -24
leaf_value=-2.6608407103053828 -3.9283257469756139 16.440264257050281 5.0656518653783449 8.2794946868919403 -0.11159977162951434 -5.5639048219970695 -2.4558702923856011 0.52963342929963497 10.627945367091518 1.6329312459734906 -0.11575751880335708 4.781820225158822 1.5743963492994602 4.5587784539775402 0.27038211340635315 0.57482115755950036 -0.057024274261614785 0.18596536860542923 0.45435347298471029 3.7250759544168797 0.64341567629887264 2.7636307219156961 2.3496764145505362
leaf_weight=49 275 22 25 25 54 3154 102 34 22 53 21 20 28 28 20 22 65 38 44 21 27 20 30
leaf_count=49 275 22 25 25 54 3154 102 34 22 53 21 20 28 28 20 22 65 38 44 21 27 20 30
internal_value=-0.00284473 0.00805609 0.00695876 0.0120918 0.00347751 -0.0043517 -0.00171533 0.00165399 0.0215957 0.00520833 0.00909396 0.0138889 0.00701923 0.00885542 0.00555901 0.00405512 0.00214286 0.00328025 0.00519417 0.00855932 0.005 0.0075 0.00885542
internal_weight=4199 507 485 196 289 3692 538 263 47 240 149 45 104 83 161 127 105 157 103 59 55 40 83
internal_count=4199 507 485 196 289 3692 538 263 47 240 149 45 104 83 161 127 105 157 103 59 55 40 83
cat_boundaries=0 1 2
cat_threshold=128 4
is_linear=0
shrinkage=0.05


Tree=40
num_leaves=24
num_cat=2
split_feature=0 5 5 0 5 2 5 2 16 2 15 5 5 15 4 15 14 15 9 15 5 5 14
split_gain=24.6753 7.41156 2.89823 1.43331 2.16473 2.25661 1.38414 2.19023 0.920388 0.774263 0.559357 0.775758 0.678558 0.713749 0.50987 0.466802 1.63464 1.00721 0.84899 0.648214 0.516546 0.403739 0.435772
threshold=0 1.449774343129308 0.73058996066088322 1 0.99752892928850623 2031.5000000000002 1.1943901211755916 2036.5000000000002 1.0000000180025095e-35 2029.5000000000002 36.52676775649882 1.187739437534997 1.0871140789853733 120.91722485504575 1.0000000180025095e-35 63.018471646829688 82210.281270887281 52.485411075247264 5110.8852315871436 33.762863021435827 0.92150294269003385 0.89340953320853456 38160.188036816093
decision_type=1 2 2 1 2 2 2 2 2 2 2 2 2 2 2 2 2 2 2 2 2 2 2
left_child=1 2 -1 4 -2 -6 8 14 -4 21 11 -7 -12 -14 -8 17 -17 19 -18 20 -11 -10 -23
right_child=3 -3 6 -5 5 10 7 -9 9 15 12 -13 13 -15 -16 16 18 -19 -20 -21 -22 22 -24
leaf_value=-1.0630214630181065 -3.9492422048187201 15.618251044197763 -0.38663106219800164 -5.2857095808972154 -2.3330767777663204 0.45518180957323806 4.5315116900961234 10.096548098736939 -1.5479385427038905 0.38779144622603551 -0.57689727016099868 0.20346447474093945 0.46895845971028449 0.66665411232350025 3.890031956812412 4.4999250521931069 4.7872938509657654 -0.16410560628730678 1.7394639393979163 3.2611010990753422 0.35013203359375072 -0.14985524385548557 1.3997693702151117
leaf_weight=73 270 22 32 3154 102 24 57 22 23 24 30 20 70 22 28 26 30 23 36 27 35 26 23
leaf_count=73 270 22 32 3154 102 24 57 22 23 24 30 20 70 22 28 26 30 23 36 27 35 26 23
internal_value=-0.00288045 0.00737911 0.00623711 -0.00429768 -0.00180657 0.00134328 0.00786408 0.012757 0.00614754 0.00708791 0.00493976 0.00977273 0.00319672 0.00532609 0.00911765 0.00868159 0.0113043 0.00646789 0.00712121 0.00895349 0.00601695 0.00263889 0.00520408
internal_weight=4199 507 485 3692 538 268 412 107 305 273 166 44 122 92 85 201 92 109 66 86 59 72 49
internal_count=4199 507 485 3692 538 268 412 107 305 273 166 44 122 92 85 201 92 109 66 86 59 72 49
cat_boundaries=0 1 2
cat_threshold=128 4
is_linear=0
shrinkage=0.05


Tree=41
num_leaves=24
num_cat=3
split_feature=0 5 5 2 0 5 5 2 5 4 14 2 11 5 14 3 14 15 15 15 1 15 5
split_gain=21.8988 6.55968 2.98196 1.75778 1.57236 3.14107 1.79689 2.29585 1.33694 1.17085 1.80072 0.838852 0.636077 0.667867 0.59208 0.678765 0.529067 0.484248 0.418414 0.408919 0.39265 0.591512 0.375973
threshold=0 1.449774343129308 1.0503106425183286 2038.5000000000002 1 1.5300513205035833 0.99399758775364122 2035.5000000000002 0.64337206274225478 1.0000000180025095e-35 46234.081037188625 2035.5000000000002 0.42033147622085021 1.2393793021592654 25894.196276986095 1.0000000180025095e-35 43203.084249242173 36.52676775649882 91.467577018762711 31.926135730654767 2 72.995977648302684 1.1912409331906684
decision_type=1 2 2 2 1 2 2 2 2 2 2 2 2 2 2 2 2 2 2 2 1 2 2
left_child=1 2 8 12 5 6 -2 22 -1 10 19 17 14 -14 -4 -16 -13 -10 -18 -9 21 -19 -8
right_child=4 -3 3 -5 -6 -7 7 9 11 -11 -12 16 13 -15 15 -17 18 20 -20 -21 -22 -23 -24
leaf_value=-2.4746476016392087 -4.3726167813818959 14.837338491987879 -0.21663796138482333 9.8523700760081283 -6.9256709091487707 2.9026802281883679 -2.9806263777679209 1.2179127822338196 0.18965758040089287 -0.070464625173761064 0.13430783524873183 2.666896757215838 4.5986233006231751 4.6895552143335575 2.4579956101821505 3.9988014742016986 -0.096346996340378452 -0.39491428823960217 3.1033754050089204 0.82297750551388749 -0.33754169097287223 2.5758785020120545 -0.19508002873394176
leaf_weight=49 519 22 23 30 2648 25 170 23 38 64 75 37 25 21 63 31 22 24 25 24 60 37 144
leaf_count=49 519 22 23 30 2648 25 170 23 38 64 75 37 25 21 63 31 22 24 25 24 60 37 144
internal_value=-0.00286854 0.00679884 0.00572165 0.010544 -0.00420313 -0.00248577 -0.00293916 -0.000800001 0.00253425 0.00360215 0.00647541 0.0040535 0.00849693 0.0134783 0.00653846 0.00829787 0.00809524 0.00191824 0.00457447 0.0141489 0.0003719 0.00319672 -0.00340764
internal_weight=4199 507 485 193 3692 1044 1019 500 292 186 122 243 163 46 117 94 84 159 47 47 121 61 314
internal_count=4199 507 485 193 3692 1044 1019 500 292 186 122 243 163 46 117 94 84 159 47 47 121 61 314
cat_boundaries=0 1 2 3
cat_threshold=128 12 1
is_linear=0
shrinkage=0.05


Tree=42
num_leaves=24
num_cat=2
split_feature=0 2 0 2 15 7 17 9 9 14 9 14 15 9 9 4 10 14 15 15 9 15 9
split_gain=20.5984 1.78824 1.31406 1.71151 1.29684 1.01478 0.838363 0.748065 0.842026 0.494194 0.618703 0.590164 0.783424 0.728136 0.470315 0.334564 0.704585 0.808595 0.550246 0.305745 0.680283 0.347826 0.264417
threshold=0 2035.5000000000002 1 2035.5000000000002 33.762863021435827 1.5000000000000002 73.879583333333343 32924.327704393399 394.05334507355502 130231.75474940902 30029.915240155937 85397.114327618969 77.527656457376409 259.65779825042154 53875.640890162242 1.0000000180025095e-35 1.5000000000000002 40285.991570939485 119.29414245960304 53.223471724376004 3422.9760890567318 91.045219329640332 14974.633350596952
decision_type=1 2 1 2 2 2 2 2 2 2 2 2 2 2 2 2 2 2 2 2 2 2 2
left_child=1 4 3 -2 5 6 -1 8 -3 10 11 12 13 -6 -11 16 -5 -18 -17 20 -10 -21 -15
right_child=2 7 -4 15 9 -7 -8 -9 19 14 -12 -13 -14 22 -16 18 17 -19 -20 21 -22 -23 -24
leaf_value=5.0064859504974599 -2.3306814188468108 4.338266561254092 -6.5793873636913318 -0.0037498389087593648 3.2447690521376553 2.975669398067792 -0.26371710860771336 0.07447453260154055 1.8958832500413292 3.536440120052958 2.4275905159349409 -0.51753196896778264 3.1159769522960841 -0.45253782361509726 0.74802667246402954 -0.36583091605009016 1.3523977926735153 -0.722998881787972 0.37963150587215089 2.5212352055043068 10.661087372334041 5.7122073355914775 3.5046359609453392
leaf_weight=38 673 53 2648 200 36 29 25 21 23 27 20 36 32 59 22 94 21 20 36 23 20 23 20
leaf_count=38 673 53 2648 200 36 29 25 21 23 27 20 36 32 59 22 94 21 20 36 23 20 23 20
internal_value=-0.00286854 0.0065087 -0.00416262 -0.00258065 0.00459302 0.00967391 0.00611111 0.0109509 0.0122535 0.00273809 0.00165025 0.000737704 0.00214286 0.00021739 0.0072449 0.000121293 0.00122407 0.00719512 -0.00192308 0.0152247 0.0182558 0.0123913 -0.00246836
internal_weight=4199 507 3692 1044 344 92 63 163 142 252 203 183 147 115 49 371 241 41 130 89 43 46 79
internal_count=4199 507 3692 1044 344 92 63 163 142 252 203 183 147 115 49 371 241 41 130 89 43 46 79
cat_boundaries=0 1 2
cat_threshold=128 12
is_linear=0
shrinkage=0.05


Tree=43
num_leaves=24
num_cat=3
split_feature=0 5 5 2 5 0 2 5 15 0 5 2 5 15 15 7 5 2 9 15 5 9 15
split_gain=16.9233 6.08199 3.23551 1.59374 1.4914 2.94502 2.79518 1.76935 2.00207 0.948017 1.47572 1.93774 0.894977 0.817133 1.10107 1.06527 0.802778 0.781896 0.754781 0.613999 0.587655 0.578814 0.541126
threshold=0 1.449774343129308 1.0503106425183286 2037.5000000000002 1.3071767882018717 1 2031.5000000000002 1.4730567937906967 89.527402216540096 2 0.99399758775364122 2032.5000000000002 0.64337206274225478 144.26040864886542 107.89774058499778 1.5000000000000002 1.1984608579909508 2035.5000000000002 31015.127646663295 27.163797107848534 1.2179910055458631 1614.1828285368777 55.61385114553012
decision_type=1 2 2 2 2 1 2 2 2 1 2 2 2 2 2 2 2 2 2 2 2 2 2
left_child=1 2 12 13 9 -6 -7 21 -9 10 -2 -12 -1 14 15 16 -4 18 -14 -19 -13 -8 -17
right_child=4 -3 3 -5 5 6 7 8 -10 -11 11 20 17 -15 -16 22 -18 19 -20 -21 -22 -23 -24
leaf_value=-2.5357554460910308 -3.7593976579160926 13.634749742266042 -0.16261209965786197 8.8416282851135701 -30.268021977774943 -1.2912933211111914 0.8712623412689422 0.80614746981019147 3.8861119966491624 -5.1515775598155198 -1.9825546376842977 0.34848083028961419 -0.099545356721570027 4.6627902800605678 -0.88582396853415446 5.1729664213936619 4.0685107559992799 -0.10075524551897247 2.3257053136347969 1.8760856682828544 -0.048276046614453338 0.0027011651808557693 2.1685461078952333
leaf_weight=49 266 22 32 38 287 89 28 23 20 2718 94 92 132 21 20 20 40 23 27 61 20 55 22
leaf_count=49 266 22 32 38 287 89 28 23 20 2718 94 92 132 21 20 20 40 23 27 61 20 55 22
internal_value=-0.0029638 0.00554158 0.00448453 0.00950777 -0.0041356 -0.00161355 0.00277778 0.00769841 0.0159302 -0.00454546 -0.00230291 0.000825242 0.00116438 0.00725806 0.00582089 0.0077193 0.00402778 0.00240741 0.000345911 0.00630952 0.00526786 0.00343373 0.0140476
internal_weight=4199 507 485 193 3692 502 215 126 43 3190 472 206 292 155 134 114 72 243 159 84 112 83 42
internal_count=4199 507 485 193 3692 502 215 126 43 3190 472 206 292 155 134 114 72 243 159 84 112 83 42
cat_boundaries=0 1 2 3
cat_threshold=128 99 4
is_linear=0
shrinkage=0.05


Tree=44
num_leaves=24
num_cat=2
split_feature=0 5 5 0 5 2 20 5 2 5 2 14 5 2 5 14 4 9 14 5 9 9 15
split_gain=15.3091 5.40164 2.41861 1.37847 2.51394 1.49739 1.0029 0.964286 1.02084 0.963108 0.919791 0.71168 0.635398 0.566191 1.34925 0.558621 0.53276 0.484989 0.777351 0.583333 0.448522 0.563333 0.428725
threshold=0 1.1943901211755916 1.449774343129308 1 1.1742771550500766 2031.5000000000002 1.0000000180025095e-35 0.62209009350254196 2029.5000000000002 1.0596748834202809 2036.5000000000002 19243.767816437005 1.1016024789624379 2035.5000000000002 0.99399758775364122 28076.068466946304 1.0000000180025095e-35 11801.107491726389 76107.804796476528 0.9444895548775013 7131.0651946312319 1718.1749516639045 124.1313214903894
decision_type=1 2 2 1 2 2 2 2 2 2 2 2 2 2 2 2 2 2 2 2 2 2 2
left_child=1 7 10 4 13 -6 -7 -1 -9 11 -3 -10 -11 -2 -15 -8 17 19 -19 -13 21 -16 -17
right_child=3 2 -4 -5 5 6 15 8 9 12 -12 16 -14 14 20 22 -18 18 -20 -21 -22 -23 -24
leaf_value=-4.5582696763350512 -3.8144934621744571 3.3943465312652985 12.953012255152743 -6.0354826548136913 -1.3349087321890376 -0.29652431783548722 1.2143784610046966 -0.20083018229747296 1.5732509050345993 4.4523021624310379 8.4084931853407134 0.55315280326341465 4.8900228774041778 -3.10598260620276 0.049060963896898478 0.66306234457303981 -0.14365387700500767 3.2190712818892631 1.2741205262014317 -0.32188361316651903 -0.27797010135538552 0.33958747889368407 0.74866491567097837
leaf_weight=42 507 85 22 2648 106 24 29 88 30 20 22 35 39 173 30 85 56 20 23 25 39 20 31
leaf_count=42 507 85 22 2648 106 24 29 88 30 20 22 35 39 173 30 85 56 20 23 25 39 20 31
internal_value=-0.00303525 0.00505803 0.0139922 -0.00414911 -0.00253321 0.00154545 0.00446745 0.00214286 0.00303571 0.00467742 0.0108878 0.00293651 0.0102542 -0.00402471 -0.00213741 0.00603448 0.00160377 0.00373786 0.0077907 0.000833332 0.00286517 0.006 0.00448276
internal_weight=4199 507 129 3692 1044 275 169 378 336 248 107 189 59 769 262 145 159 103 43 60 89 50 116
internal_count=4199 507 129 3692 1044 275 169 378 336 248 107 189 59 769 262 145 159 103 43 60 89 50 116
cat_boundaries=0 1 2
cat_threshold=128 12
is_linear=0
shrinkage=0.05


Tree=45
num_leaves=24
num_cat=4
split_feature=0 5 5 5 0 2 5 3 2 0 5 2 15 5 15 7 1 5 5 8 9 5 9
split_gain=13.0438 5.19557 1.65749 1.47549 2.94502 1.94589 1.32987 0.861538 0.858582 0.736349 1.03505 1.44129 0.585043 0.556319 0.550307 0.833207 0.543254 0.402484 0.526087 0.465455 0.391546 0.381491 0.470784
threshold=0 1.2994426869863489 0.87576888871408942 1.3071767882018717 1 2031.5000000000002 1.449774343129308 1.0000000180025095e-35 2037.5000000000002 2 0.99399758775364122 2032.5000000000002 36.108001881607926 1.4730567937906967 47.987488592806073 1.5000000000000002 3 1.2179910055458631 1.1776060574645986 1.0000000180025095e-35 14974.633350596952 1.084337575140127 25098.192414631474
decision_type=1 2 2 2 1 2 2 2 2 1 2 2 2 2 2 2 1 2 2 2 2 2 2
left_child=1 2 -1 9 -5 -6 20 13 14 10 -2 -12 -10 -7 15 -4 -14 18 19 -13 -3 22 -16
right_child=3 6 8 4 5 7 -8 -9 12 -11 11 17 16 -15 21 -17 -18 -19 -20 -21 -22 -23 -24
leaf_value=-0.13790165563243617 -3.3984158569209244 5.5348706168652519 2.0008197492247408 -28.452846746145511 -1.1599832184461774 0.07885297294797694 12.305361642395107 1.1806982061682632 1.6693233310930653 -4.6743185453340388 -1.8062380302172789 0.28364737575283056 3.783592718140802 3.3674092130837083 0.68657425176709863 3.482152149564842 5.4083039418055492 -0.083295490067278155 0.74248197157228457 -0.13877240690790044 1.9524944165655524 -0.62807759012219444 3.154216224122584
leaf_weight=148 266 34 52 287 89 56 22 35 20 2718 94 50 21 35 60 27 24 20 20 22 21 53 25
leaf_count=148 266 34 52 287 89 56 22 35 20 2718 94 50 21 35 60 27 24 20 20 22 21 53 25
internal_value=-0.00309479 0.00438104 0.00232558 -0.0041221 -0.00161355 0.00277778 0.0164286 0.00690476 0.00457447 -0.00452978 -0.00251037 9.70862e-05 0.00961538 0.00434066 0.00306451 0.0063924 0.0127778 0.00392857 0.00532609 0.00333333 0.0122727 0.00115942 0.00323529
internal_weight=4199 507 430 3692 502 215 77 126 282 3190 472 206 65 91 217 79 45 112 92 72 55 138 85
internal_count=4199 507 430 3692 502 215 77 126 282 3190 472 206 65 91 217 79 45 112 92 72 55 138 85
cat_boundaries=0 1 2 3 4
cat_threshold=128 99 4 2
is_linear=0
shrinkage=0.05


Tree=46
num_leaves=24
num_cat=2
split_feature=0 5 5 0 5 2 2 9 5 9 15 5 5 2 9 9 2 17 7 5 2 5 9
split_gain=12.0828 4.71337 2.11801 1.46897 3.47715 1.82419 1.31658 1.25306 1.09659 0.787037 1 0.704458 0.607689 0.570619 0.641298 0.559099 0.529412 0.473485 0.385714 0.381842 0.349229 0.800658 0.347991
threshold=0 1.0596748834202809 1.449774343129308 1 1.1912409331906684 2036.5000000000002 2037.5000000000002 1614.1828285368777 1.449774343129308 699.660860143631 43.287282928919502 1.2179910055458631 0.64337206274225478 2035.5000000000002 33923.018226849999 40202.00068132046 2038.5000000000002 74.884166666666673 1.0000000180025095e-35 1.2286516858134353 2035.5000000000002 0.99399758775364122 2706.07962273466
decision_type=1 2 2 1 2 2 2 2 2 2 2 2 2 2 2 2 2 2 2 2 2 2 2
left_child=1 12 6 4 20 8 9 17 11 10 -3 -6 -1 14 -14 19 -9 -7 -10 -11 -2 -22 -15
right_child=3 2 -4 -5 5 7 -8 16 18 15 -12 -13 13 22 -16 -17 -18 -19 -20 -21 21 -23 -24
leaf_value=-2.174159107188109 -3.7931469216049809 3.8106656843954947 11.690093560275351 -23.323524180034809 0.20842703965847453 1.0466271301537313 7.9664131031167971 0.7473582908148072 0.032757220142935708 -0.36653663739030257 1.4560004473267982 -1.2193845826885181 -0.14148128818430813 1.5216720921854006 2.0008646076292731 2.6349737838844085 -0.30842871498493357 2.3038912201422455 1.3904429034794723 2.8860356637032263 -2.9084657399094564 -0.02427187675106789 0.4734538725564062
leaf_weight=49 767 20 22 2126 24 24 37 34 32 49 25 189 135 44 26 22 34 20 28 37 255 159 41
leaf_count=49 767 20 22 2126 24 24 37 34 32 49 25 189 135 44 26 22 34 20 28 37 255 159 41
internal_value=-0.00310669 0.00409091 0.00985849 -0.00409508 -0.00287437 0.00123377 0.00815789 0.00660714 -0.000970697 0.00611111 0.0116667 -0.00265258 8.47446e-05 0.00109756 -0.000652175 0.0037963 0.00235294 0.0131818 0.005 0.00197674 -0.00423794 -0.00306763 0.00441176
internal_weight=4199 507 212 3692 1566 385 190 112 273 153 45 213 295 246 161 108 68 44 60 86 1181 414 85
internal_count=4199 507 212 3692 1566 385 190 112 273 153 45 213 295 246 161 108 68 44 60 86 1181 414 85
cat_boundaries=0 1 2
cat_threshold=128 28
is_linear=0
shrinkage=0.05


Tree=47
num_leaves=24
num_cat=3
split_feature=0 5 15 0 5 2 7 2 5 5 1 10 15 5 5 5 5 9 5 5 11 7 5
split_gain=11.4367 4.12947 2.17714 1.56897 3.58929 2.20641 1.56276 1.00413 0.967903 0.961241 1.13751 0.692046 0.837778 0.643181 0.611888 0.535616 0.49478 0.457714 0.44971 0.4 0.397961 0.596365 0.387678
threshold=0 1.1912409331906684 52.485411075247264 1 1.1912409331906684 2031.5000000000002 1.5000000000000002 2037.5000000000002 0.9728502460798758 1.4730567937906967 2 1.5000000000000002 39.238187837704011 1.2994426869863489 1.2485015017600369 1.3375357467376412 0.88037162294841587 33923.018226849999 1.3730171506729645 1.3771122059273162 0.9984092495684993 1.5000000000000002 0.99399758775364122
decision_type=1 2 2 1 2 2 2 2 2 2 1 2 2 2 2 2 2 2 2 2 2 2 2
left_child=1 7 6 4 22 -6 19 16 -9 11 -11 12 -7 -4 -14 -16 -1 20 -15 -3 21 -18 -2
right_child=3 2 13 -5 5 9 -8 8 -10 10 -12 -13 14 18 15 -17 17 -19 -20 -21 -22 -23 -24
leaf_value=-0.17743261505245372 -3.6356509485263278 3.1765079619781806 -0.32774349492252419 -22.157347971033072 -1.2978103973093718 -0.57726710333945974 7.4549620161351555 0.66823464783372699 4.0961284860860188 2.7582202885077507 0.47661242524788228 0.7281572348543629 0.22378211132896847 3.0583379259196053 -0.11928571851388244 1.2870314544626695 -0.28614297158446628 2.6739141145556218 2.6957745644946165 9.0830119381241357 1.3812833277568366 1.5815095636623324 -1.0967022418976031
leaf_weight=121 761 20 30 2126 160 48 22 46 34 20 23 35 21 20 44 34 63 28 21 20 49 33 420
leaf_count=121 761 20 30 2126 160 48 22 46 34 20 23 35 21 20 44 34 63 28 21 20 49 33 420
internal_value=-0.00310669 0.00389748 0.0115414 -0.00406807 -0.00281091 0.00136364 0.0183871 0.00128342 0.00625 0.00455555 0.0112791 0.00296703 0.00146258 0.00556338 0.00409091 0.00205128 -6.80284e-05 0.0016474 0.00963415 0.0125 0.00051724 -0.00135417 -0.0041956
internal_weight=4199 507 133 3692 1566 385 62 374 80 225 43 182 147 71 99 78 294 173 41 40 145 96 1181
internal_count=4199 507 133 3692 1566 385 62 374 80 225 43 182 147 71 99 78 294 173 41 40 145 96 1181
cat_boundaries=0 1 2 3
cat_threshold=128 28 1
is_linear=0
shrinkage=0.05


Tree=48
num_leaves=24
num_cat=3
split_feature=0 5 0 5 2 15 5 2 5 5 0 2 5 9 4 15 9 15 5 5 5 5 9
split_gain=10.5007 3.64675 1.82577 2.09295 1.9344 1.66392 1.37603 1.05891 0.967903 0.901079 2.16693 1.22715 0.643181 0.625 0.591148 0.736364 0.784413 0.922004 0.566655 0.512121 0.44971 0.435374 0.390887
threshold=0 1.1912409331906684 1 0.99399758775364122 2031.5000000000002 52.485411075247264 1.4070340389700129 2037.5000000000002 0.9728502460798758 1.3375357467376412 2 2036.5000000000002 1.2994426869863489 1614.1828285368777 1.0000000180025095e-35 28.947338587900965 2180.1414509187912 102.18136541171667 1.449774343129308 1.5300513205035833 1.3730171506729645 0.82555440180009632 6112.4550825136303
decision_type=1 2 1 2 2 2 2 2 2 2 1 2 2 2 2 2 2 2 2 2 2 2 2
left_child=1 7 3 -2 -5 6 13 21 -9 -4 11 18 -7 -3 15 -6 -17 -18 -11 -20 -14 -1 -16
right_child=2 5 9 4 14 12 -8 8 -10 10 -12 -13 20 -15 22 16 17 -19 19 -21 -22 -23 -24
leaf_value=-0.33541998277603136 -2.8791724795855735 6.0120976836113149 -4.1488271178256841 -1.4739249601898843 1.62905886148351 -0.31135632017639847 10.431602017915331 0.63482291544203984 3.8913220617817217 -1.3393795182481394 -24.858721049374747 1.2831315123313314 2.9054210296236223 2.5540624033497097 -0.88951526985436158 1.2004917893912921 -0.53665973690757351 0.69922670685915866 0.28481194049353714 -0.2979605222068531 2.5609858362698907 0.57436489306808169 0.34199057993255
leaf_weight=98 266 20 2777 104 22 30 22 46 34 45 250 38 20 20 28 34 34 20 20 24 21 196 30
leaf_count=98 266 20 2777 104 22 30 22 46 34 45 250 38 20 20 28 34 34 20 20 24 21 196 30
internal_value=-0.00310669 0.00360735 -0.00402755 -0.00125913 0.00180147 0.0107895 0.0167742 0.00114973 0.00625 -0.00449431 -0.00221486 0.0030292 0.00556338 0.01125 0.00511905 0.00727273 0.00522727 0.00148148 5.61786e-05 0.00409091 0.00963415 -0.000238096 0.00103448
internal_weight=4199 507 3692 538 272 133 62 374 80 3154 377 127 71 40 168 110 88 54 89 44 41 294 58
internal_count=4199 507 3692 538 272 133 62 374 80 3154 377 127 71 40 168 110 88 54 89 44 41 294 58
cat_boundaries=0 1 2 3
cat_threshold=128 4 24
is_linear=0
shrinkage=0.05


Tree=49
num_leaves=24
num_cat=2
split_feature=0 5 2 0 5 2 9 15 5 14 14 5 4 15 5 3 2 14 9 5 2 5 14
split_gain=10.5745 3.30894 1.91425 1.62006 3.3176 1.79295 1.11049 1.08857 0.766814 0.867594 0.67583 0.656513 0.988438 0.629485 0.626559 0.641667 0.614068 0.723594 0.68495 0.46079 0.42093 0.84314 0.41957
threshold=0 1.0596748834202809 2037.5000000000002 1 1.1912409331906684 2031.5000000000002 699.660860143631 45.901977681964993 1.4730567937906967 48785.083576663041 16434.96028759101 1.2286516858134353 1.0000000180025095e-35 27.999079570150631 1.2451720273098628 1.0000000180025095e-35 2035.5000000000002 42808.830599797126 1092.4949046200477 1.449774343129308 2035.5000000000002 0.99399758775364122 61929.621073215065
decision_type=1 2 2 1 2 2 2 2 2 2 2 2 2 2 2 2 2 2 2 2 2 2 2
left_child=1 16 6 4 20 19 7 -3 10 -10 -7 -8 22 -12 -15 -16 -1 18 -18 -6 -2 -22 -13
right_child=3 2 -4 -5 5 8 11 -9 9 -11 13 12 -14 14 15 -17 17 -19 -20 -21 21 -23 -24
leaf_value=-0.12076469039986215 -3.3645899324325086 3.0459659344342613 8.145689799442156 -20.822751110703191 -1.4406315755202317 0.9301304787017699 -0.25063120747404138 0.83492115678983714 0.48703062624325399 3.0341437798472728 -0.30375452814489595 -0.96140690950944063 7.5832436786048198 0.53681047510799207 -0.15374388004730716 1.2189749469779361 1.628784910937765 -0.11929276626950469 0.93339619161804743 0.15249556466573974 -2.3738185495963817 0.00089642741038485358 2.7148462179559814
leaf_weight=194 767 27 44 2126 126 22 56 22 20 23 41 21 22 31 60 28 26 55 20 34 255 159 20
leaf_count=194 767 27 44 2126 126 22 56 22 20 23 41 21 22 31 60 28 26 55 20 34 255 159 20
internal_value=-0.00313051 0.00360735 0.0084434 -0.00405457 -0.00277919 0.00123377 0.0060119 0.0123469 0.00411111 0.0101163 0.00269231 0.00340336 0.00690476 0.0015625 0.00340336 0.00125 0.000254236 0.00341584 0.00804348 -0.0028125 -0.00411092 -0.00282609 0.00231707
internal_weight=4199 507 212 3692 1566 385 168 49 225 43 182 119 63 160 119 88 295 101 46 160 1181 414 41
internal_count=4199 507 212 3692 1566 385 168 49 225 43 182 119 63 160 119 88 295 101 46 160 1181 414 41
cat_boundaries=0 1 2
cat_threshold=128 28
is_linear=0
shrinkage=0.05


Tree=50
num_leaves=24
num_cat=2
split_feature=0 5 5 0 5 2 9 10 14 14 11 4 5 2 2 14 9 5 9 2 5 14 7
split_gain=10.0422 3.2484 1.69848 1.62006 3.3176 1.79295 1.01336 0.603571 0.560326 0.713296 0.551292 0.911566 0.540792 0.533401 0.474308 0.77512 0.556653 0.46079 0.438932 0.42093 0.84314 0.387578 0.336824
threshold=0 1.449774343129308 1.0596748834202809 1 1.1912409331906684 2031.5000000000002 699.660860143631 1.5000000000000002 116883.74879768702 96918.718267843491 0.13432464162189015 1.0000000180025095e-35 0.62209009350254196 2037.5000000000002 2035.5000000000002 42329.589652221854 31015.127646663295 1.449774343129308 8665.3746601594012 2035.5000000000002 0.99399758775364122 68926.137849359249 1.5000000000000002
decision_type=1 2 2 1 2 2 2 2 2 2 2 2 2 2 2 2 2 2 2 2 2 2 2
left_child=1 2 12 4 19 17 7 -4 9 10 -7 -12 -1 18 16 -16 22 -6 -8 -2 -21 -20 -14
right_child=3 -3 6 -5 5 8 13 -9 -10 -11 11 -13 14 -15 15 -17 -18 -19 21 20 -22 -23 -24
leaf_value=-4.3435178050110101 -3.1963604358108828 9.7560240462114063 5.976695865220381 -19.781613555168033 -1.3685999967442202 0.18120804149833056 -0.42598143215674311 1.4030721003498852 -0.087732606431933466 1.7069951946807067 2.3881376570757542 -0.1135584166003604 -0.35342769399845497 3.8959458425384756 1.8647179039063637 -0.0044806186614212429 1.6343367264098114 0.14487078643245263 4.1053579211072915 -2.2551276221165635 0.00085160603986789716 1.2080035227420158 0.085509331921644921
leaf_weight=42 767 22 36 2126 126 95 43 20 47 21 36 26 82 26 38 50 27 34 23 255 159 42 56
leaf_count=42 767 22 36 2126 126 95 43 20 47 21 36 26 82 26 38 50 27 34 23 255 159 42 56
internal_value=-0.00315432 0.00341393 0.00262886 -0.00405457 -0.00277919 0.00123377 0.00631579 0.0119643 0.00411111 0.00539326 0.00423567 0.00790322 0.000254236 0.00395522 0.00112648 0.00409091 -0.000454547 -0.0028125 0.00240741 -0.00411092 -0.00282609 0.005 -0.00173913
internal_weight=4199 507 485 3692 1566 385 190 56 225 178 157 62 295 134 253 88 165 160 108 1181 414 65 138
internal_count=4199 507 485 3692 1566 385 190 56 225 178 157 62 295 134 253 88 165 160 108 1181 414 65 138
cat_boundaries=0 1 2
cat_threshold=128 28
is_linear=0
shrinkage=0.05


Tree=51
num_leaves=24
num_cat=3
split_feature=0 5 15 0 5 5 14 2 2 15 20 5 5 2 16 9 1 5 5 9 15 5 14
split_gain=9.26932 3.40322 1.69305 1.66674 2.13536 1.49434 0.989104 0.936774 0.836586 0.904739 0.590769 0.53809 0.533692 0.764383 0.51072 0.934076 1.10154 0.595238 0.461564 0.382507 0.368999 0.331797 0.309723
threshold=0 1.1984608579909508 52.485411075247264 1 1.1776060574645986 1.4070340389700129 16434.96028759101 2031.5000000000002 2037.5000000000002 63.018471646829688 1.0000000180025095e-35 0.82555440180009632 0.98661854419696859 2035.5000000000002 2.1729166666666671 417.8489442808596 2 1.3429576197623241 1.2994426869863489 10314.443191076054 140.63016145694462 1.449774343129308 79556.969834356583
decision_type=1 2 2 1 2 2 2 2 2 2 2 2 2 2 2 2 1 2 2 2 2 2 2
left_child=1 8 5 4 12 -3 -6 21 11 -10 -9 -1 -2 -14 15 -12 -17 -18 -4 -15 22 -8 -13
right_child=3 2 18 -5 6 -7 7 10 9 -11 14 20 13 19 -16 16 17 -19 -20 -21 -22 -23 -24
leaf_value=-0.30019560888932206 -2.8327584652358793 3.5041114745484188 -0.096420754825252433 -4.8267910917114136 0.8232962906020449 9.0414438215045738 -1.2423085560268712 -0.38249598114999428 0.47122047187074884 4.2618113650242355 2.2687308074894421 0.54531931523816535 -1.7843227058170037 0.26325890782021816 -0.087986687298693855 -0.18538994586209978 0.89413761877740461 0.42929151449231973 2.0750740708160822 -0.087485950976188276 3.7253700154339011 0.065702084490934828 -0.14438910102209732
leaf_weight=98 506 36 29 2648 25 22 72 20 50 33 26 128 173 60 36 26 21 21 41 37 20 21 50
leaf_count=98 506 36 29 2648 25 22 72 20 50 33 26 128 173 60 36 26 21 21 41 37 20 21 50
internal_value=-0.00319005 0.00312379 0.0102344 -0.00405457 -0.00229602 0.0165517 0.00152985 0.000555554 0.000804748 0.00524096 0.003 -0.00043919 -0.00364691 -0.00185185 0.00423077 0.00617021 0.00308823 0.00809524 0.005 0.00170103 0.0010606 -0.0033871 0.000337077
internal_weight=4199 507 128 3692 1044 58 268 243 379 83 150 296 776 270 130 94 68 42 70 97 198 93 178
internal_count=4199 507 128 3692 1044 58 268 243 379 83 150 296 776 270 130 94 68 42 70 97 198 93 178
cat_boundaries=0 1 2 3
cat_threshold=128 12 2
is_linear=0
shrinkage=0.05


Tree=52
num_leaves=24
num_cat=3
split_feature=0 5 0 5 2 15 5 5 14 5 5 2 15 5 0 2 2 2 5 5 2 5 4
split_gain=9.20028 3.40322 1.72442 2.96305 1.72484 1.69305 1.49434 0.786047 0.867594 0.703707 0.636628 0.660893 0.819471 0.481552 0.82753 1.19516 0.481254 1.03517 0.461564 0.459118 0.331954 0.532526 0.66635
threshold=0 1.1984608579909508 1 1.1984608579909508 2031.5000000000002 52.485411075247264 1.4070340389700129 1.4730567937906967 48785.083576663041 1.2252164419808278 0.62209009350254196 2037.5000000000002 91.045219329640332 0.98661854419696859 2 2035.5000000000002 2036.5000000000002 2038.5000000000002 1.2994426869863489 1.449774343129308 2029.5000000000002 1.0758755085164153 1.0000000180025095e-35
decision_type=1 2 1 2 2 2 2 2 2 2 2 2 2 2 1 2 2 2 2 2 2 2 2
left_child=1 10 3 13 19 6 -3 9 -9 -6 -1 20 -13 -2 15 -15 -11 -18 -7 -5 -12 22 -22
right_child=2 5 -4 4 7 18 -8 8 -10 16 11 12 -14 14 -16 -17 17 -19 -20 -21 21 -23 -24
leaf_value=-4.1460458202466111 -2.8765811435332473 3.3289059008209998 -18.551193322824059 -1.1873147049590282 0.78226903308320261 -0.091599717083992269 8.5893716304293353 0.69495824744174506 2.7486279132346785 -0.090502195676710917 -0.38204342802858876 0.61783780184130066 4.6918771519675229 -1.0708890772419777 -1.3753400852796325 0.25463658140970369 1.9146973629914124 -0.11327683191217426 1.9713203672752788 0.10782637547544605 0.27941687782693808 2.4359383727999635 -0.2419276257451437
leaf_weight=42 744 36 2126 125 22 29 22 20 23 73 88 54 21 91 290 67 36 41 41 34 93 38 43
leaf_count=42 744 36 2126 125 22 29 22 20 23 73 88 54 21 91 290 67 36 41 41 34 93 38 43
internal_value=-0.00316623 0.00312379 -0.00402755 -0.00271574 0.00114973 0.0102344 0.0165517 0.00406977 0.0101163 0.00255814 0.000804748 0.00152819 0.00566667 -0.00395134 -0.00265625 0.000357142 0.00133333 0.00409091 0.005 -0.00279874 0.00034351 0.00160919 0.000147058
internal_weight=4199 507 3692 1566 374 128 58 215 43 172 379 337 75 1192 448 158 150 77 70 159 262 174 136
internal_count=4199 507 3692 1566 374 128 58 215 43 172 379 337 75 1192 448 158 150 77 70 159 262 174 136
cat_boundaries=0 1 2 3
cat_threshold=128 28 4
is_linear=0
shrinkage=0.05


Tree=53
num_leaves=24
num_cat=2
split_feature=0 5 0 5 2 5 5 9 14 10 2 10 2 15 5 2 9 15 5 9 9 14 15
split_gain=8.42775 3.42297 1.7777 2.81838 2.04852 1.47686 1.07958 1.01336 0.867594 0.603571 0.555601 0.704329 0.819672 0.590182 0.54016 0.533401 0.438932 0.424131 0.401702 0.309133 0.266013 0.322825 0.571501
threshold=0 1.0596748834202809 1 1.1153207202073521 2031.5000000000002 1.449774343129308 1.4730567937906967 699.660860143631 48785.083576663041 1.5000000000000002 2036.5000000000002 1.5000000000000002 2038.5000000000002 55.229490791365357 1.449774343129308 2037.5000000000002 8665.3746601594012 110.24752337732177 0.62850798343534187 4753.4794924014959 30481.089817069253 42045.363670888539 27.163797107848534
decision_type=1 2 1 2 2 2 2 2 2 2 2 2 2 2 2 2 2 2 2 2 2 2 2
left_child=1 18 3 -2 14 7 10 9 -8 -3 -6 12 13 -12 -5 16 -9 -18 -1 -14 21 22 -20
right_child=2 5 -4 4 6 -7 8 15 -10 -11 11 -13 19 -15 -16 -17 17 -19 20 -21 -22 -23 -24
leaf_value=-3.6766644746748556 -2.3512115928450967 5.3912429496493193 -17.623633656682856 -1.3274114924804974 -0.014038492623036237 8.3866820713041417 0.66021033506965909 -0.50030824398940787 2.6111965175729428 1.0626769760425601 0.07243297318821465 0.73974186290031707 0.20619382854452259 1.3976761565533453 0.10243505670167119 3.0365362097869557 2.0335718294088019 0.14904097925449059 -0.33395072957589628 -0.46100460076009897 2.333913512542805 -0.11651119769731165 1.0236202279273909
leaf_weight=44 1016 36 2126 193 138 22 20 43 23 20 26 20 28 35 34 26 37 28 35 33 39 113 64
leaf_count=44 1016 36 2126 193 138 22 20 43 23 20 26 20 28 35 34 26 37 28 35 33 39 113 64
internal_value=-0.00319005 0.00283365 -0.00401405 -0.00268401 0.000181817 0.00773585 0.00273994 0.00631579 0.0101163 0.0119643 0.00160714 0.00380282 0.00237705 0.00647541 -0.00345815 0.00395522 0.00240741 0.005 -0.000593222 -0.00172131 0.000179282 -0.000518869 0.00156566
internal_weight=4199 507 3692 1566 550 212 323 190 43 56 280 142 122 61 227 134 108 65 295 61 251 212 99
internal_count=4199 507 3692 1566 550 212 323 190 43 56 280 142 122 61 227 134 108 65 295 61 251 212 99
cat_boundaries=0 1 2
cat_threshold=128 28
is_linear=0
shrinkage=0.05


Tree=54
num_leaves=24
num_cat=4
split_feature=0 5 5 2 0 1 15 5 2 14 5 15 5 0 2 2 7 5 2 15 2 14 15
split_gain=8.72943 5.05398 2.75255 0.985023 1.20392 0.992828 0.96 0.817853 0.777416 0.74049 0.699331 0.654025 0.588283 1.70184 1.8354 0.633904 0.502732 0.436361 0.42872 0.744048 0.422402 0.375006 0.556522
threshold=0 1.5300513205035833 0.89631661730230283 2030.5000000000002 1 2 144.26040864886542 0.98661854419696859 2035.5000000000002 17470.38653641288 1.2026241249255898 114.07011094534455 1.2026241249255898 3 2036.5000000000002 2038.5000000000002 1.5000000000000002 1.449774343129308 2038.5000000000002 52.811123407476593 2034.5000000000002 28523.785437470815 100.09646157997106
decision_type=1 2 2 2 1 1 2 2 2 2 2 2 2 1 2 2 2 2 2 2 2 2 2
left_child=1 2 9 4 10 8 7 -7 -5 20 16 21 -2 14 17 -16 -4 -14 19 -10 -1 -9 -23
right_child=12 -3 3 5 -6 6 -8 11 18 -11 -12 -13 13 -15 15 -17 -18 -19 -20 -21 -22 22 -24
leaf_value=-0.48968171527371124 -3.5861237434804396 7.9668097308864452 -0.406322402128236 -0.32695951818424807 -2.6072520170942832 -0.099341359654480779 3.1305724505200874 1.899259184755907 1.3040946066951873 -1.3945841070608451 1.8977698574581738 -1.3428882881782509 -0.98292847714395826 -20.05223752362437 1.4239470323693235 0.70580023569401951 2.5563369445295754 0.1977450799280881 -0.10522158156812111 0.20130095989473618 1.6895894554296889 1.0579882897049557 0.77926927090133968
leaf_weight=21 2388 25 46 88 108 51 22 55 21 309 41 20 137 514 32 39 22 44 41 35 25 92 23
leaf_count=21 2388 25 46 88 108 51 22 55 21 309 41 20 137 514 32 39 22 44 41 35 25 92 23
internal_value=-0.00319005 0.000781989 0.000245097 0.00214286 -0.000622121 0.00348214 0.00545627 0.00454357 0.000675674 -0.00330986 0.00298319 0.00605263 -0.00449431 -0.00330287 0.000152671 0.00697183 0.000147058 -0.00251381 0.00376289 0.00660714 0.00260869 0.00705882 0.00543478
internal_weight=4199 1045 1020 665 217 448 263 241 185 355 109 190 3154 766 252 71 68 181 97 56 46 170 115
internal_count=4199 1045 1020 665 217 448 263 241 185 355 109 190 3154 766 252 71 68 181 97 56 46 170 115
cat_boundaries=0 1 2 3 4
cat_threshold=132 128 2 24
is_linear=0
shrinkage=0.05


Tree=55
num_leaves=24
num_cat=3
split_feature=0 5 0 5 2 15 5 9 15 14 14 2 14 14 5 5 2 9 11 9 1 14 2
split_gain=7.65724 3.22971 1.88642 2.7898 2.4427 1.19374 0.855132 0.9 0.585015 0.859233 0.587166 0.553234 0.5989 0.790663 0.51448 0.490656 0.449245 0.552371 0.793638 0.594944 0.637121 0.46073 0.445323
threshold=0 1.1912409331906684 1 1.084337575140127 2033.5000000000002 52.485411075247264 1.4070340389700129 1614.1828285368777 109.53236647371311 118509.14666601906 19750.088561872057 2036.5000000000002 26665.980208663746 47446.554333251734 0.62209009350254196 1.2994426869863489 2032.5000000000002 2397.3733418326406 1.006483294229507 15217.117856120118 2 42808.830599797126 2037.5000000000002
decision_type=1 2 1 2 2 2 2 2 2 2 2 2 2 2 2 2 2 2 2 2 1 2 2
left_child=1 14 3 -2 -5 6 7 -3 10 -10 22 -12 -13 -14 -1 -7 -16 18 21 -19 -21 -18 -6
right_child=2 5 -4 4 8 15 -8 -9 9 -11 11 12 13 -15 16 -17 17 19 -20 20 -22 -23 -24
leaf_value=-3.6851811001474921 -2.2409464940975083 4.5503621107734071 -16.499966811186507 -0.89472966181630742 0.77586323835441573 -0.32225050169393266 7.3422284587983349 1.765684216994204 0.61196420881240476 0.12251993869151301 -0.54432846681638225 -0.17865376016593615 0.56536150303472721 0.078412021907856108 -0.10974465746096224 1.8028812372746967 1.9712227554672688 -0.17292080991651351 -0.4466925230881964 4.1133139956983724 -0.26065659007111536 2.843678129932826 0.0194970299274435
leaf_weight=42 957 20 2126 322 24 30 22 20 33 46 59 20 27 56 154 41 35 48 22 24 20 29 22
leaf_count=42 957 20 2126 322 24 30 22 20 33 46 59 20 27 56 154 41 35 48 22 24 20 29 22
internal_value=-0.00320195 0.00254352 -0.00398704 -0.00262056 8.20899e-06 0.00928571 0.0143548 0.01 0.00336237 0.00702532 0.00197115 0.000555554 0.00276699 0.00463855 0.000213903 0.00485915 0.000873493 0.00258427 0.00546512 -0.000108697 0.00409091 0.00828125 0.00695652
internal_weight=4199 507 3692 1566 609 133 62 40 287 79 208 162 103 83 374 71 332 178 86 92 44 64 46
internal_count=4199 507 3692 1566 609 133 62 40 287 79 208 162 103 83 374 71 332 178 86 92 44 64 46
cat_boundaries=0 1 2 3
cat_threshold=128 28 1
is_linear=0
shrinkage=0.05


Tree=56
num_leaves=24
num_cat=5
split_feature=0 5 5 2 9 5 0 2 2 1 9 14 5 0 2 14 9 11 15 1 5 15 5
split_gain=7.11952 3.12108 1.66857 1.01128 0.828791 0.723835 2.16981 2.71327 1.28118 0.729167 0.722378 1.03067 0.71941 0.688174 0.70454 0.676639 0.557597 0.869173 1.06509 0.512922 0.443382 0.424924 0.402561
threshold=0 0.89631661730230283 1.5300513205035833 2035.5000000000002 10314.443191076054 1.1204980527582669 1 2036.5000000000002 2038.5000000000002 2 1158.0435319263895 43736.762750001646 1.449774343129308 3 2030.5000000000002 130231.75474940902 8665.3746601594012 0.58617967701632978 48.202401490959581 4 1.1912409331906684 87.796375927012051 1.1984608579909508
decision_type=1 2 2 2 2 2 1 2 2 1 2 2 2 1 2 2 2 2 2 1 2 2 2
left_child=1 -1 3 13 10 -2 7 12 9 -9 20 -12 -7 16 -15 -6 17 -3 -19 -10 -5 -18 -16
right_child=5 2 -4 4 15 6 -8 8 19 -11 11 -13 -14 14 22 -17 21 18 -20 -21 -22 -23 -24
leaf_value=-0.82350767227047328 -3.652157989300008 -0.34516420488854721 7.2013578214022038 0.023614538321353951 -0.21340211140761409 -0.98739602088905698 -18.312005694063465 1.9495255730772034 -0.95725313217125874 0.26608798662785588 1.5467705732116601 0.68531726146638228 0.23259430902249889 -2.3850351723036476 -0.10207780836137306 0.6520871549775461 2.0626607744200185 1.9455683190162198 -0.13801359709712921 0.66502519296031359 4.6089154565227872 1.4872931471951252 0.58917093033391887
leaf_weight=355 2074 70 25 58 59 214 720 20 28 28 35 37 44 108 62 24 43 31 32 26 25 49 32
leaf_count=355 2074 70 25 58 59 214 720 20 28 28 35 37 44 108 62 24 43 31 32 26 25 49 32
internal_value=-0.00323768 0.000355449 0.00231884 0.0018421 0.00445378 -0.0044153 -0.00337963 -0.000135136 0.0067647 0.0127083 0.0066129 0.0102778 -0.00286822 0.000386416 -0.00169811 0.000421686 0.00223404 0.000263157 0.00452381 0.00148148 0.00343373 0.00532609 0.00138298
internal_weight=4199 1045 690 665 238 3154 1080 360 102 48 155 72 258 427 202 83 225 133 63 54 83 92 94
internal_count=4199 1045 690 665 238 3154 1080 360 102 48 155 72 258 427 202 83 225 133 63 54 83 92 94
cat_boundaries=0 1 2 3 4 5
cat_threshold=132 24 1 128 1
is_linear=0
shrinkage=0.05


Tree=57
num_leaves=24
num_cat=4
split_feature=0 5 2 5 5 36 5 0 2 2 7 5 2 0 2 14 3 14 2 15 1 5 8
split_gain=7.70338 2.333 1.42038 0.987307 0.891545 0.672768 0.61522 1.82961 1.96348 0.785366 0.475 0.456089 0.416057 0.372492 0.527027 0.354286 0.309836 0.325458 0.295591 0.573349 0.353535 0.311428 0.281715
threshold=0 0.87576888871408942 2032.5000000000002 1.4590833241574643 1.2141818954864803 0.042151947800996729 1.1523394282416142 1 2036.5000000000002 2037.5000000000002 2.5000000000000004 1.449774343129308 2033.5000000000002 2 2030.5000000000002 48785.083576663041 1.0000000180025095e-35 41184.994619061887 2037.5000000000002 38.807285180331199 3 1.232385959691737 1.0000000180025095e-35
decision_type=1 2 2 2 2 2 2 1 2 2 2 2 2 1 2 2 2 2 2 2 1 2 2
left_child=1 13 4 5 22 12 -2 8 11 -10 -6 -8 -4 14 -1 -11 17 -16 19 -14 -20 -21 -3
right_child=6 2 3 -5 10 -7 7 -9 9 15 -12 -13 18 -15 16 -17 -18 -19 20 21 -22 -23 -24
leaf_value=-1.4742036315038116 -3.3523918950970302 -0.45088486653315912 0.76734027632794921 7.0363032133387442 0.99425731847984267 5.1872096794182925 -0.89664758754667206 -17.31668879187033 0.88705039524831641 0.62022432635839075 1.0977129778827892 0.22096459357137449 0.32778910907781422 -3.8575470898257587 -0.38201409710036344 0.069498141603502359 0.7266681178825749 0.045653958922570612 0.31795858611968253 0.042178361237461034 2.1646544808564525 -0.38120847310353012 0.12754016429129197
leaf_weight=52 2213 164 29 20 90 20 177 629 24 28 24 44 34 178 27 39 35 34 64 94 90 30 60
leaf_count=52 2213 164 29 20 90 20 177 629 24 28 24 44 34 178 27 39 35 34 64 94 90 30 60
internal_value=-0.00323768 0.000497629 0.00209318 0.00418635 -0.000266273 0.00358726 -0.00446271 -0.00340595 -0.000186337 0.00598901 0.00333333 -0.00273756 0.00306451 -0.00300614 -0.000886077 0.00320895 0.00125 -0.000901641 0.00253205 0.00101266 0.00409091 -0.000564517 -0.00209822
internal_weight=4199 1045 719 381 338 361 3154 941 312 91 114 221 341 326 148 67 96 61 312 158 154 124 224
internal_count=4199 1045 719 381 338 361 3154 941 312 91 114 221 341 326 148 67 96 61 312 158 154 124 224
cat_boundaries=0 1 2 3 4
cat_threshold=132 24 128 2
is_linear=0
shrinkage=0.05


Tree=58
num_leaves=24
num_cat=2
split_feature=0 5 2 0 5 2 2 5 10 15 9 14 15 16 9 2 5 9 14 15 14 9 7
split_gain=6.94324 2.29718 1.61771 1.56897 1.81964 1.22469 0.600619 0.802152 0.615666 0.521145 0.530181 0.510985 0.485044 0.477795 0.477418 0.713706 0.374361 0.408936 0.666337 0.349858 0.971645 0.340324 0.468968
threshold=0 1.1543510596373601 2037.5000000000002 1 1.1984608579909508 2031.5000000000002 2035.5000000000002 0.99399758775364122 1.5000000000000002 43.287282928919502 417.8489442808596 61929.621073215065 31.926135730654767 1.0000000180025095e-35 1460.1975436730629 2036.5000000000002 0.69157279007383188 30481.089817069253 129024.64539963414 107.21157695978535 115053.27111198664 2180.1414509187912 1.5000000000000002
decision_type=1 2 2 1 2 2 2 2 2 2 2 2 2 2 2 2 2 2 2 2 2 2 2
left_child=1 16 9 4 6 -6 -2 13 12 10 -3 -11 -9 -8 15 -7 -1 21 -19 -16 -21 -18 -23
right_child=3 2 -4 -5 5 14 7 8 -10 11 -12 -13 -14 -15 19 -17 17 18 -20 20 -22 22 -24
leaf_value=-0.63021785765344196 -2.3406595682939737 1.7223109383253747 6.4883974540759883 -14.915642660069157 -0.82281030030229063 0.081102522350815401 0.26912488136637247 0.19031949382080737 0.33312948986187324 -1.0499131832908146 2.8179520141902823 1.3073868299699978 -0.14055513342852963 -1.4142516801859422 -0.04507381010423385 1.27169543496667 0.32937465982562136 2.8387090841456972 -0.73148051020991889 1.4767833473782912 -0.11239911922476586 -0.34781619865045688 0.1246856623987652
leaf_weight=64 772 20 31 2126 159 42 28 39 23 28 27 43 103 227 88 43 134 21 23 20 22 75 41
leaf_count=64 772 20 31 2126 159 42 28 39 23 28 27 43 103 227 88 43 134 21 23 20 22 75 41
internal_value=-0.00332103 0.00215667 0.00741611 -0.00406807 -0.00281091 0.000213903 -0.00378356 -0.00226191 0.000454544 0.00474576 0.00882979 0.00204225 -0.000774649 -0.00401961 0.00267442 0.00558823 2.79318e-05 0.000782312 0.00522727 0.00076923 0.00452381 -1.19209e-09 -0.00198276
internal_weight=4199 507 149 3692 1566 374 1192 420 165 118 47 71 142 255 215 85 358 294 44 130 42 250 116
internal_count=4199 507 149 3692 1566 374 1192 420 165 118 47 71 142 255 215 85 358 294 44 130 42 250 116
cat_boundaries=0 1 2
cat_threshold=128 28
is_linear=0
shrinkage=0.05


Tree=59
num_leaves=24
num_cat=0
split_feature=5 2 9 15 5 2 14 2 15 14 7 9 14 5 5 5 9 14 14 15 11 9 9
split_gain=1.66602 0.67364 0.870917 0.431904 0.427712 0.392123 0.380655 0.494225 0.66006 0.350772 0.721985 0.691211 0.373846 0.252092 0.351001 0.247115 0.241412 0.18574 0.333405 0.294058 0.289243 0.181069 0.368254
threshold=1.1912409331906684 2036.5000000000002 9888.7683352870936 24.812388260590357 0.87316366926095168 2034.5000000000002 17090.21370564065 2028.5000000000002 31.635187667559883 48785.083576663041 1.5000000000000002 1.0000000180025095e-35 26665.980208663746 1.1153207202073521 1.1287681634439279 0.88415018194986472 31601.612788478204 24206.200751287004 42329.589652221854 25.012291305676673 0.04318385543410401 40202.00068132046 54702.519752154636
decision_type=2 2 2 2 2 2 2 2 2 2 2 2 2 2 2 2 2 2 2 2 2 2 2
left_child=4 6 3 -3 -1 -6 7 -2 -9 10 12 -11 -5 15 -15 -7 -16 -17 19 -19 -21 -8 -23
right_child=1 2 -4 9 5 13 21 8 -10 11 -12 -13 -14 14 16 17 -18 18 -20 20 -22 22 -24
leaf_value=-3.0429087810795861 -3.567973868958255 -0.87350650595647206 -0.66829542126870878 -1.1527970064942961 -2.0561371522182483 0.30119202714158072 -1.0522794553691832 1.2734519463986445 -1.1684297822632597 1.6254575633482014 4.5703591149724838 -0.43074455469866274 0.48050828076861257 0.31392710250104594 -0.30150405562282745 -1.3303589691439361 0.27976613378044007 0.78342399840989807 -0.88799883650636235 -1.7775492117984575 0.041004831977645192 0.28046167706286773 -1.415815097827549
leaf_weight=1354 29 27 118 26 1050 20 567 36 35 34 21 44 24 26 97 110 27 27 354 37 41 37 58
leaf_count=1354 29 27 118 26 1050 20 567 36 35 34 21 44 24 26 97 110 27 27 354 37 41 37 58
internal_value=-0.00330912 -0.00159091 0.000442176 0.00267045 -0.00388642 -0.00337898 -0.00237533 0.000499999 0.00274648 0.00372483 0.0062676 0.00141026 0.003 -0.00249662 -0.000666668 -0.00296265 -0.00177419 -0.00315466 -0.00271242 -0.000238096 -0.00179487 -0.00280967 -0.000789475
internal_weight=4199 1056 294 176 3143 1789 762 100 71 149 71 78 50 739 150 589 124 569 459 105 78 662 95
internal_count=4199 1056 294 176 3143 1789 762 100 71 149 71 78 50 739 150 589 124 569 459 105 78 662 95
is_linear=0
shrinkage=0.05


Tree=60
num_leaves=24
num_cat=2
split_feature=0 0 5 2 5 17 5 2 9 9 5 5 5 3 18 2 9 17 9 15 2 16 7
split_gain=8.29642 1.99806 2.02382 1.80626 1.33788 1.088 0.62711 0.631006 0.72917 0.927555 0.615516 1.02941 0.581096 0.923149 0.550919 0.54924 0.418841 0.400742 0.387312 0.514286 0.750165 0.390805 0.356724
threshold=0 1 1.084337575140127 2031.5000000000002 1.3618862516084771 74.884166666666673 0.56444565938134728 2030.5000000000002 1614.1828285368777 638.36927651137228 1.0758755085164153 0.9444895548775013 1.3375357467376412 1.0000000180025095e-35 1.0000000180025095e-35 2035.5000000000002 22378.178679275454 74.884166666666673 7371.5773109965767 115.57349829163006 2035.5000000000002 1.756416666666667 1.5000000000000002
decision_type=1 1 2 2 2 2 2 2 2 2 2 2 2 2 2 2 2 2 2 2 2 2 2
left_child=4 2 -2 -4 6 -6 -1 16 9 10 11 -9 14 15 -5 -14 -8 -17 21 20 22 -10 -20
right_child=1 -3 3 12 5 -7 7 8 18 -11 -12 -13 13 -15 -16 17 -18 -19 19 -21 -22 -23 -24
leaf_value=-4.9807712654319758 -1.6636706294665249 -14.056713847110201 -0.80073147524364863 0.73354803917561329 4.2270188876393453 1.1893728747793764 -0.17741763903044441 1.3829232976219392 -0.30459463369446987 2.5093719320456134 4.3351928815752014 -1.3125163616552378 1.089020173344976 0.89736576962393311 -0.012382918929256042 -0.22349424816842048 1.3278969832345082 1.6630986282473061 1.4470589338592514 -0.66797394013239786 0.76644509521967363 0.14800302533162804 1.6293185694368733
leaf_weight=30 957 2126 249 41 30 26 115 40 34 21 24 28 27 28 215 27 23 22 23 32 37 24 20
leaf_count=30 957 2126 249 41 30 26 115 40 34 21 24 28 27 28 215 27 23 22 23 32 37 24 20
internal_value=-0.00314242 -0.00396002 -0.00255711 -0.000320198 0.00283365 0.0101786 0.00198448 0.00248218 0.00383392 0.0069469 0.00478261 0.00235294 0.00194444 0.00509615 0.000664061 0.00223684 -0.000289856 -0.000918369 0.0017647 0.00348214 0.005625 -0.00155173 0.0101163
internal_weight=4199 3692 1566 609 507 56 451 421 283 113 92 68 360 104 256 76 138 49 170 112 80 58 43
internal_count=4199 3692 1566 609 507 56 451 421 283 113 92 68 360 104 256 76 138 49 170 112 80 58 43
cat_boundaries=0 1 2
cat_threshold=128 28
is_linear=0
shrinkage=0.05


Tree=61
num_leaves=24
num_cat=4
split_feature=0 5 0 5 0 5 7 17 15 5 1 5 15 15 15 14 11 5 15 16 5 5 5
split_gain=7.40981 1.84158 0.907242 0.841789 0.708444 1.6077 0.706672 0.850114 1.06785 0.728741 0.710492 0.719831 0.541904 0.456876 0.439216 0.432886 0.425083 0.522386 0.624943 0.670707 0.426044 0.419621 0.572217
threshold=0 0.90661399244645735 1 1.5300513205035833 2 1.1204980527582669 1.5000000000000002 74.884166666666673 141.79002625970043 1.2758260264362959 3 1.0816180947461709 38.355267274579568 37.689157896217381 134.51858932403073 16434.96028759101 0.0098246533828618265 0.97864785621514683 45.445502452887652 1.4758333333333338 1.2070788346600592 1.449774343129308 1.5300513205035833
decision_type=1 2 1 2 1 2 2 2 2 2 1 2 2 2 2 2 2 2 2 2 2 2 2
left_child=1 2 12 6 5 -2 16 10 9 -9 11 -8 -1 -12 -14 -7 -3 -18 20 -20 -19 -17 -23
right_child=4 3 -4 -5 -6 15 7 8 -10 -11 13 -13 14 -15 -16 21 17 18 19 -21 -22 22 -24
leaf_value=0.083649026933064377 -1.6843152486431769 -0.083245875985150208 -3.0900094059551808 6.1762205868933897 -13.353878154754691 0.38309603172553419 1.1042557759640648 -0.36865594721167283 0.61905815862226654 1.2800065216262002 3.526481013682198 -1.6063247647029102 -0.75058979995099195 2.2989322343042873 3.6246972426805968 -0.22890986389387954 -0.37820900813804414 -0.47563221078470097 0.040573595781724696 2.4304956501114203 0.73813703664907282 0.55403636865335815 -0.1687999121205426
leaf_weight=59 668 253 202 25 2126 44 28 74 22 21 26 31 85 22 20 266 32 44 31 40 30 21 29
leaf_count=59 668 253 202 25 2126 44 28 74 22 21 26 31 85 22 20 266 32 44 31 40 30 21 29
internal_value=-0.00321386 0.000450236 -0.00240437 0.00199558 -0.0044153 -0.00321773 0.00165137 0.00392857 0.000982905 -0.00131579 0.00714953 0.00347458 0.000459769 0.0116667 -0.00166667 -0.000555557 0.000465115 0.00234463 0.00362069 0.00697183 0.000405404 -0.00120253 0.003
internal_weight=4199 1045 366 679 3154 1028 654 224 117 95 107 59 164 48 105 360 430 177 145 71 74 316 50
internal_count=4199 1045 366 679 3154 1028 654 224 117 95 107 59 164 48 105 360 430 177 145 71 74 316 50
cat_boundaries=0 1 2 3 4
cat_threshold=132 128 24 2
is_linear=0
shrinkage=0.05


Tree=62
num_leaves=24
num_cat=2
split_feature=0 0 5 2 5 2 15 9 9 14 5 2 5 15 14 5 7 2 5 15 14 15 14
split_gain=6.28242 1.99806 1.56202 1.52244 0.792998 1.05792 0.486565 0.775501 0.54663 0.499923 0.429469 0.434759 0.966173 0.517365 0.550476 0.451532 0.418655 0.417565 0.66726 0.536825 0.634516 0.430447 0.317199
threshold=0 1 1.0816180947461709 2031.5000000000002 1.1543510596373601 2038.5000000000002 107.21157695978535 2446.258549603634 357.03948594057988 110052.16701086449 0.56444565938134728 2030.5000000000002 0.9297071399625868 39.238187837704011 85976.077689391241 1.0596748834202809 1.0000000180025095e-35 2035.5000000000002 0.82727239353578796 37.117408138079675 41755.223369337727 138.28563907384995 144493.75530201566
decision_type=1 1 2 2 2 2 2 2 2 2 2 2 2 2 2 2 2 2 2 2 2 2 2
left_child=4 2 17 -4 10 -6 7 8 -5 -8 -1 -12 13 -13 -15 -14 -10 -2 -19 20 -20 -21 -11
right_child=1 -3 3 6 5 -7 9 -9 16 22 11 12 15 14 -16 -17 -18 18 19 21 -22 -23 -24
leaf_value=-4.6942032121628312 -2.2943801865144615 -12.686184247016959 -0.79137840313638697 0.051842535428501146 1.3699395941541068 6.5739379346403188 0.82314827822556547 -0.07826362492343375 0.40080135808704481 -0.069092066584635681 -0.14677111683129596 0.91744771920317236 -0.26919719418805488 -0.17907112256511615 2.1306336512160646 1.7346365843001657 0.19439645060215016 -1.725169468494796 0.36787511186365879 -0.64785612140601467 -1.0710344816316382 0.21207926125067136 0.50989293139070002
leaf_weight=30 625 2126 251 78 123 26 40 142 23 32 109 38 82 35 25 39 20 140 29 115 21 21 29
leaf_count=30 625 2126 251 78 123 26 40 142 23 32 109 38 82 35 25 39 20 140 29 115 21 21 29
internal_value=-0.00324958 -0.00396002 -0.00255711 -0.000609757 0.00196325 0.00506711 0.00145604 0.000323193 0.00326446 0.00440594 0.000726256 0.00125 0.00253425 0.00622449 0.00333333 -0.000454547 0.0077907 -0.00384332 -0.00239264 -0.000430109 0.004 -0.00205882 0.00155738
internal_weight=4199 3692 1566 615 507 149 364 263 121 101 358 328 219 98 60 121 43 951 326 186 50 136 61
internal_count=4199 3692 1566 615 507 149 364 263 121 101 358 328 219 98 60 121 43 951 326 186 50 136 61
cat_boundaries=0 1 2
cat_threshold=128 28
is_linear=0
shrinkage=0.05


Tree=63
num_leaves=24
num_cat=6
split_feature=0 5 2 0 36 0 5 2 5 0 11 1 2 11 5 7 14 17 17 15 1 5 15
split_gain=6.19453 1.7081 0.831762 1.0421 0.830037 0.807955 1.45447 1.46818 0.635976 0.622006 0.557546 0.548808 0.515375 0.490196 0.480149 0.439547 0.420609 0.4 0.364892 0.347661 1.22838 0.399095 0.45
threshold=0 0.89631661730230283 2030.5000000000002 1 1.0000000180025095e-35 2 1.0816180947461709 2035.5000000000002 1.449774343129308 3 0.13432464162189015 4 2030.5000000000002 0.9984092495684993 1.2758260264362959 1.0000000180025095e-35 93013.751645867465 74.884166666666673 74.884166666666673 138.28563907384995 5 1.4590833241574643 114.07011094534455
decision_type=1 2 2 1 2 1 2 2 2 1 2 1 2 2 2 2 2 2 2 2 1 2 2
left_child=1 9 3 11 19 6 -2 8 -8 12 16 15 -1 -14 -13 -3 17 -9 -12 21 -21 22 -4
right_child=5 2 4 -5 -6 -7 7 10 -10 -11 18 14 13 -15 -16 -17 -18 -19 -20 20 -22 -23 -24
leaf_value=-1.2385812823365383 -1.6917626184310279 1.4611067568496654 0.24921191393255726 -1.6787221407331172 2.0927040810987747 -12.051875034666111 -0.76931591753466722 -0.46261541632394132 0.23048074960765322 -2.883043561278412 0.48923831820082775 -0.13867513235753956 -0.014455596982335013 1.8478757944841275 3.1496779364767367 0.068764886392407326 0.41534543986527822 0.63355934410843318 0.12619872058433157 2.9208835833171509 -0.049218016349881474 5.2319825101708064 -0.49733225729208891
leaf_weight=56 620 20 320 112 28 2126 223 36 38 197 32 48 68 34 23 21 34 24 21 27 28 23 40
leaf_count=56 620 20 320 112 28 2126 223 36 38 197 32 48 68 34 23 21 34 24 21 27 28 23 40
internal_value=-0.00328531 7.10889e-05 0.00152174 -0.000982144 0.00272532 -0.00438369 -0.00312139 -0.000833335 -0.00308429 -0.00274648 0.00316326 0.00237705 -0.000238096 0.00186274 -7.04237e-05 0.00719512 0.000851063 -0.00166667 0.00726415 0.00219178 0.00590909 0.00165796 0.00125
internal_weight=4199 1045 690 224 466 3154 1028 408 261 355 147 112 158 102 71 41 94 60 53 438 55 383 360
internal_count=4199 1045 690 224 466 3154 1028 408 261 355 147 112 158 102 71 41 94 60 53 438 55 383 360
cat_boundaries=0 1 2 3 4 5 6
cat_threshold=132 128 24 128 2 1
is_linear=0
shrinkage=0.05


Tree=64
num_leaves=24
num_cat=3
split_feature=0 5 0 5 5 10 5 11 14 15 14 11 9 11 14 0 5 5 9 9 14 10 9
split_gain=5.37603 1.75996 1.02249 1.51858 0.614495 0.507231 0.77539 0.548605 0.501388 0.587778 0.437616 0.447867 0.399762 0.359843 0.363691 0.398712 0.481582 0.590467 0.38359 0.670717 0.655209 0.407915 0.39962
threshold=0 0.89631661730230283 1 1.0816180947461709 1.5300513205035833 1.5000000000000002 1.3661093842275072 1.0542090293013262 163935.68823499145 169.09330351355609 17470.38653641288 0.9984092495684993 948.31837896333741 1.5806033704343603 145984.69504543618 2 0.93269690608366818 1.0017296210586071 8665.3746601594012 3589.1251062431361 67715.521830772239 1.5000000000000002 259.65779825042154
decision_type=1 2 1 2 2 2 2 2 2 2 2 2 2 2 2 1 2 2 2 2 2 2 2
left_child=1 10 3 -2 8 6 -5 -7 13 -10 11 -1 -8 14 15 16 -3 -18 19 21 -20 22 -19
right_child=2 4 -4 5 -6 7 12 -9 9 -11 -12 -13 -14 -15 -16 -17 17 18 20 -21 -22 -23 -24
leaf_value=-0.14649472424129681 -1.6071744875094767 1.0395189490204886 -11.449281282932805 -0.49256111749498283 5.4957024142707631 0.44152306537660863 1.2634958141631225 -0.11897916213785442 3.2155049559560425 0.42453198924998942 -1.0728328215390801 2.0475590353242352 0.061833742800963237 -1.8572494556591552 -0.95990925877934663 -0.013252919935327552 -0.15449875518118264 2.6995035325685937 1.9150054562137346 -0.35297747404149959 1.1174810290535815 -0.29046973736027459 1.2625815846875428
leaf_weight=25 620 20 2126 269 25 24 22 25 20 25 309 21 68 27 25 282 59 29 34 41 49 26 28
leaf_count=25 620 20 2126 269 25 24 22 25 20 25 309 21 68 27 25 282 59 29 34 41 49 26 28
internal_value=-0.00329721 -0.000165878 -0.00432048 -0.00292871 0.00130435 -0.000588236 -0.00123956 0.00418367 0.00101504 0.00611111 -0.00302817 0.00152174 0.00277778 0.00064516 0.000902191 0.00116197 0.00243243 0.00195489 0.00321256 0.00145161 0.00584337 0.00403614 0.00640351
internal_weight=4199 1045 3154 1028 690 408 359 49 665 45 355 46 90 620 593 568 286 266 207 124 83 83 57
internal_count=4199 1045 3154 1028 690 408 359 49 665 45 355 46 90 620 593 568 286 266 207 124 83 83 57
cat_boundaries=0 1 2 3
cat_threshold=132 24 128
is_linear=0
shrinkage=0.05


Tree=65
num_leaves=24
num_cat=3
split_feature=0 0 5 2 5 2 5 0 2 5 5 6 15 15 2 2 15 15 5 8 11 5 11
split_gain=5.64519 2.05497 1.55424 1.66411 0.953472 1.05792 0.666558 0.729198 0.738742 0.7103 0.690914 0.557136 0.511579 0.508235 0.39792 0.370323 0.393936 0.495624 0.954635 0.343909 0.428404 0.625 0.298411
threshold=0 1 0.93566252435764941 2030.5000000000002 1.1543510596373601 2038.5000000000002 1.304185265331794 2 2035.5000000000002 1.0566613915605825 1.0719064968597067 1.0000000180025095e-35 115.57349829163006 63.018471646829688 2037.5000000000002 2029.5000000000002 138.28563907384995 30.764671078485971 0.92150294269003385 1.0000000180025095e-35 0.19226109407211511 1.4070340389700129 0.13432464162189015
decision_type=1 1 2 2 2 2 2 1 2 2 2 2 2 2 2 2 2 2 2 2 2 2 2
left_child=4 2 -2 -4 15 -6 7 9 -9 14 -10 -11 13 22 -5 -1 17 18 -17 20 -8 -22 -12
right_child=1 -3 3 6 5 -7 19 8 10 11 12 -13 -14 -15 -16 16 -18 -19 -20 -21 21 -23 -24
leaf_value=-0.18866476454959613 -1.7658432037319125 -10.876817218786165 -1.5393478058813306 0.42428477457376385 1.1366135462363349 5.7088567916862054 0.19028064483092688 -0.79453168674533914 -0.81870601517376107 -0.051181536055432825 0.029013035938344856 0.60096258923570023 0.4358467922148303 -0.32835634637116873 0.34086002775164731 0.33964833397947275 3.2218564004579906 -0.040217636062119672 -0.52717507483747239 -0.29899581108370854 1.1635479081634807 0.38062419129060993 0.42870225946698065
leaf_weight=95 635 2126 314 38 123 26 69 149 56 88 28 21 20 24 24 38 30 161 34 37 20 20 23
leaf_count=95 635 2126 314 38 123 26 69 149 56 88 28 21 20 24 24 38 30 161 34 37 20 20 23
internal_value=-0.0032734 -0.00394652 -0.00252538 -0.0012406 0.00167311 0.00506711 0.000267422 -0.00064756 -0.00209678 0.00190608 0.000298012 -0.000412845 0.00289474 0.000999999 0.00629032 0.000307261 0.00127376 0.000579398 0.00402778 0.00321918 0.00463303 0.00875 0.00382353
internal_weight=4199 3692 1566 931 507 149 617 471 300 171 151 109 95 75 62 358 263 233 72 146 109 40 51
internal_count=4199 3692 1566 931 507 149 617 471 300 171 151 109 95 75 62 358 263 233 72 146 109 40 51
cat_boundaries=0 1 2 3
cat_threshold=128 28 4
is_linear=0
shrinkage=0.05


Tree=66
num_leaves=24
num_cat=5
split_feature=0 0 5 2 5 2 5 3 9 10 5 1 2 0 2 15 1 5 5 9 5 7 7
split_gain=5.28226 1.99806 1.31648 1.65663 1.06866 1.05792 0.54697 0.781441 0.459543 0.522625 0.617893 0.650348 0.321835 0.317425 0.342362 0.304003 0.285513 0.448404 0.373153 0.363629 0.530116 0.828003 0.279887
threshold=0 1 0.85301416984164968 2031.5000000000002 1.1543510596373601 2038.5000000000002 1.3071767882018717 1.0000000180025095e-35 56801.690371426215 1.5000000000000002 0.98074084135780404 2 2030.5000000000002 3 2036.5000000000002 97.029154502048939 4 1.0596748834202809 0.79218722710116374 27639.178599648938 0.8899652155658534 1.5000000000000002 1.5000000000000002
decision_type=1 1 2 2 2 2 2 2 2 2 2 1 2 1 2 2 1 2 2 2 2 2 2
left_child=4 2 -2 -4 12 -6 8 22 9 13 -11 -12 -1 15 -15 -5 18 19 -14 20 21 -18 -8
right_child=1 -3 3 6 5 -7 7 -9 -10 10 11 -13 16 14 -16 -17 17 -19 -20 -21 -22 -23 -24
leaf_value=-0.15198016752102766 -2.00772585224759 -10.332976357846857 -1.3162266705181569 -0.02491075798750211 1.0797828689245212 5.4234139521018934 -0.02861242273094225 0.6380790274969308 0.30200274213252504 -1.3324330989831548 0.016005549070013694 1.1043285529120774 0.29987228083239481 -0.85113884542835871 -0.041410365777242802 0.59315685611054947 -0.17215267546755533 3.4525493964279033 -0.1226613587225798 1.5769553002452752 -0.51785988887801482 1.7701180725501424 0.64958828909855792
leaf_weight=120 470 2126 443 94 123 26 66 35 36 20 39 20 28 159 120 39 31 21 71 20 45 22 25
leaf_count=120 470 2126 443 94 123 26 66 35 36 20 39 20 28 159 120 39 31 21 71 20 45 22 25
internal_value=-0.00330912 -0.00396002 -0.00255711 -0.00162409 0.00147969 0.00506711 -2.29721e-05 0.00293651 -0.000730551 -0.00113035 0.00259494 0.00516949 2.79318e-05 -0.00184466 -0.00275087 0.000244754 0.00109244 0.00255396 -0.000959597 0.00135593 0.00010204 0.00349056 0.000494504
internal_weight=4199 3692 1566 1096 507 149 653 126 527 491 79 59 358 412 279 133 238 139 99 118 98 53 91
internal_count=4199 3692 1566 1096 507 149 653 126 527 491 79 59 358 412 279 133 238 139 99 118 98 53 91
cat_boundaries=0 1 2 3 4 5
cat_threshold=128 28 2 4 2
is_linear=0
shrinkage=0.05


Tree=67
num_leaves=24
num_cat=5
split_feature=0 5 0 2 5 5 5 2 0 1 7 11 0 2 11 2 5 9 11 5 5 2 6
split_gain=5.04624 1.42743 0.966916 1.33306 0.951463 0.791685 0.661656 0.529724 0.805435 0.526989 0.507937 0.455108 0.376342 0.360002 0.397059 0.355665 0.282043 0.320413 0.416652 0.371129 0.51942 0.277623 0.268595
threshold=0 0.89631661730230283 1 2036.5000000000002 1.1204980527582669 1.2601101320002142 1.5300513205035833 2030.5000000000002 2 3 1.5000000000000002 0.13432464162189015 4 2030.5000000000002 0.9984092495684993 2038.5000000000002 0.92150294269003385 1399.7409091054508 0.27217490474903677 1.1704710721111968 1.2601101320002142 2027.5000000000002 1.0000000180025095e-35
decision_type=1 2 1 2 2 2 2 2 1 1 2 2 1 2 2 2 2 2 2 2 2 2 2
left_child=1 12 3 5 -5 -2 7 8 9 -3 -11 15 13 -1 -15 -6 -9 18 -18 -20 -21 -7 -19
right_child=2 6 -4 4 11 21 -8 16 -10 10 -12 -13 -14 14 -16 -17 17 22 19 20 -22 -23 -24
leaf_value=-1.173074781204055 -1.4702320629100298 1.3270458029633774 -9.8163275399545142 -0.38767312941113591 0.50832095384488685 -1.5424003436371319 5.134410842814586 0.94247027749240364 -1.6322150115814169 -0.37184389774316629 1.1732719358514567 0.49426177141449668 -2.5151965133570524 -0.039863645099724884 1.5829647713889847 -0.51755732521825892 2.1615040764476281 -0.012824035085753424 -0.013324474933365266 2.8238371121905552 -0.051804169178484419 0.020452346884047429 0.54030686665826744
leaf_weight=56 621 39 2126 167 29 29 25 20 108 45 25 38 197 68 34 35 20 225 85 21 25 109 52
leaf_count=56 621 39 2126 167 29 29 25 20 108 45 25 38 197 68 34 35 20 225 85 21 25 109 52
internal_value=-0.00334485 -0.000308058 -0.00433628 -0.00297688 1.85862e-05 -0.00407774 0.00101449 0.000714285 -0.00131337 0.00172269 -0.000714287 0.00382353 -0.00288733 -0.000833334 0.000882352 0.00125 0.00169643 0.00142523 0.00327814 0.00225191 0.00586956 -0.000652175 0.000415161
internal_weight=4199 1045 3154 1028 269 759 690 665 217 109 70 102 355 158 102 64 448 428 151 131 46 138 277
internal_count=4199 1045 3154 1028 269 759 690 665 217 109 70 102 355 158 102 64 448 428 151 131 46 138 277
cat_boundaries=0 1 2 3 4 5
cat_threshold=132 24 128 2 128
is_linear=0
shrinkage=0.05


Tree=68
num_leaves=24
num_cat=0
split_feature=5 2 2 15 14 14 2 15 15 5 5 15 9 5 9 2 5 10 14 9 9 7 3
split_gain=1.05541 0.493715 0.395131 0.320171 0.810843 0.333416 0.297149 0.346993 0.662745 0.248548 0.418287 0.284517 0.24295 0.251629 0.242216 0.225 0.217664 0.429709 0.486782 0.27206 0.267162 0.194758 0.262727
threshold=1.0719064968597067 2033.5000000000002 2038.5000000000002 121.53331608527039 108912.87074516712 4438.7952389056163 2035.5000000000002 169.09330351355609 155.12674689967074 1.2416095059357677 1.2485015017600369 144.26040864886542 30481.089817069253 1.0367651859622036 53150.133761130244 2039.5000000000002 1.4070340389700129 1.0000000180025095e-35 52038.968929972791 1375.1707708702409 865.48227627154677 1.5000000000000002 1.0000000180025095e-35
decision_type=2 2 2 2 2 2 2 2 2 2 2 2 2 2 2 2 2 2 2 2 2 2 2
left_child=2 9 -1 5 -5 -3 -6 8 -8 -2 -11 -12 13 21 -13 -14 19 18 -18 20 -7 -4 -23
right_child=1 3 12 4 6 16 7 -9 -10 10 11 14 15 -15 -16 -17 17 -19 -20 -21 -22 22 -24
leaf_value=-1.8865978448407121 -1.504527357923384 0.36052472683923664 -1.3527182910371487 1.0554562806470731 -0.73493730633797871 -0.21000099859584825 -0.15670801664864911 -1.0844952377131132 1.1467801617197042 0.78965103955889659 -1.2914658624818465 0.499130255310749 -0.5571593254333721 0.63988618197377534 -0.68223147098750114 0.47971083855103003 1.2568257713519224 -1.3832565547680005 -0.7381317743652045 -0.58548049519682688 0.93316211351350464 -1.3716560284871822 1.3468215026024135
leaf_weight=2176 458 22 187 20 32 170 48 21 20 21 383 28 20 20 24 20 28 43 30 326 22 55 25
leaf_count=2176 458 22 187 20 32 170 48 21 20 21 383 28 20 20 24 20 28 43 30 326 22 55 25
internal_value=-0.00336866 -0.00240566 -0.00402118 -0.00148338 0.000673758 -0.00195788 -0.00086777 0.000617976 0.00235294 -0.00319475 -0.00236842 -0.00270115 -0.00240061 -0.00290941 0.00076923 0.00125 -0.00217286 -4.95061e-05 0.00275862 -0.00258687 -0.00109375 -0.00331461 -0.00125
internal_weight=4199 1696 2503 782 141 641 121 89 68 914 456 435 327 287 52 40 619 101 58 518 192 267 80
internal_count=4199 1696 2503 782 141 641 121 89 68 914 456 435 327 287 52 40 619 101 58 518 192 267 80
is_linear=0
shrinkage=0.05


Tree=69
num_leaves=24
num_cat=3
split_feature=0 0 5 2 2 5 15 15 14 15 9 10 2 5 0 14 5 5 15 2 15 2 7
split_gain=6.7453 2.35043 1.42539 1.53873 0.663081 1.14758 0.809122 0.652766 0.616282 0.57185 0.971894 0.464492 1.01841 0.724768 0.631114 0.413878 0.399466 0.388889 0.595238 0.38141 0.370174 0.357204 0.348407
threshold=0 1 0.91683600554281697 2030.5000000000002 2038.5000000000002 1.1268342952933712 47.987488592806073 68.588865131656689 86975.927684141003 129.15408329566625 18332.549585766861 1.5000000000000002 2036.5000000000002 1.4730567937906967 2 60979.503165495335 1.449774343129308 0.94147667905431387 87.796375927012051 2037.5000000000002 144.26040864886542 2035.5000000000002 1.5000000000000002
decision_type=1 1 2 2 2 2 2 2 2 2 2 2 2 2 1 2 2 2 2 2 2 2 2
left_child=4 2 -2 16 6 22 15 -8 17 11 -11 13 -13 14 19 -1 -4 -9 -19 -5 -10 -12 -6
right_child=1 -3 3 9 5 -7 7 8 20 10 21 12 -14 -15 -16 -17 -18 18 -20 -21 -22 -23 -24
leaf_value=0.48270910732614586 -1.5224541971750427 -9.257887074208071 -1.508589960300176 0.28103149607222649 -0.7665121028700228 4.4299779921435487 -0.44039637777299101 -0.020205159158972391 -0.21980295142092171 0.99057711570064255 -0.49211710340530462 -0.045712941424862097 0.39666116881330193 0.82453102156036673 -0.4684335479594891 -0.33222381589118927 0.056745268331954861 1.7755401567691131 1.2283664872555045 -0.072803666052186286 1.5784677963402658 0.055479381922597132 3.6167224417786326
leaf_weight=147 590 2126 304 84 29 28 72 21 74 36 23 63 34 31 280 28 31 21 21 52 45 38 21
leaf_count=147 590 2126 304 84 29 28 72 21 74 36 23 63 34 31 280 28 31 21 21 52 45 38 21
internal_value=-0.00314242 -0.00387899 -0.00236675 -0.00120902 0.00225338 0.00653846 0.00152681 -0.000275592 0.00131868 0.000226208 0.00376289 -0.000404413 0.00273196 -0.00108501 -0.00163462 0.00414286 -0.00395523 0.00531746 0.00809524 0.00116438 -0.000798321 -8.19684e-05 0.002
internal_weight=4199 3692 1566 976 507 78 429 254 182 641 97 544 97 447 416 175 335 63 42 136 119 61 50
internal_count=4199 3692 1566 976 507 78 429 254 182 641 97 544 97 447 416 175 335 63 42 136 119 61 50
cat_boundaries=0 1 2 3
cat_threshold=128 28 4
is_linear=0
shrinkage=0.05


Tree=70
num_leaves=24
num_cat=2
split_feature=0 0 2 5 10 5 2 5 15 16 19 15 15 14 7 14 5 15 9 16 7 14 9
split_gain=6.11307 2.35043 1.62441 1.0792 0.835367 0.815172 0.758831 1.14758 0.677749 0.599174 0.591089 0.688837 0.590552 0.703871 0.448148 0.397373 0.388889 0.595238 0.378349 0.449955 0.348407 0.333333 0.351054
threshold=0 1 2035.5000000000002 0.93269690608366818 1.5000000000000002 1.449774343129308 2038.5000000000002 1.1268342952933712 47.987488592806073 2.1729166666666671 1.0000000180025095e-35 129.15408329566625 68.588865131656689 86975.927684141003 1.0000000180025095e-35 162339.23336334041 0.94147667905431387 87.796375927012051 10462.996979186961 2.1729166666666671 1.5000000000000002 60979.503165495335 176.74219751136937
decision_type=1 1 2 2 2 2 2 2 2 2 2 2 2 2 2 2 2 2 2 2 2 2 2
left_child=6 2 5 -4 10 -2 8 20 21 -6 -5 18 -10 16 -7 -13 -14 -18 19 -12 -8 22 -1
right_child=1 -3 3 4 9 14 7 -9 12 -11 11 15 13 -15 -16 -17 17 -19 -20 -21 -22 -23 -24
leaf_value=0.18574512278932548 -1.1994717588183164 -8.7949927204976674 -0.60823832086328289 0.20011682019124788 0.39093148839317426 -0.049489113646269317 -0.72818649772652722 4.2084790925363764 -0.41837655888434533 0.055477848423730075 -0.059596396613233918 0.47802041380778371 -0.019194901201028541 -0.091630137041331869 0.54781105114417195 -0.044598785393014928 1.6867631489306625 1.1669481628927307 -0.48538080292460917 0.40593039956791543 3.4358863196897014 -0.31561262509662869 0.71411945142981015
leaf_weight=55 960 2126 218 34 21 30 29 28 72 26 99 29 21 119 24 21 21 21 76 28 21 28 92
leaf_count=55 960 2126 218 34 21 30 29 28 72 26 99 29 21 119 24 21 21 21 76 28 21 28 92
internal_value=-0.00317814 -0.00387899 -0.00236675 -0.000199277 0.00158683 -0.00357002 0.00196325 0.00653846 0.00117715 0.00776596 0.000574912 -0.000256918 -0.000472442 0.00104395 0.00240741 0.005 0.00531746 0.00809524 -0.00155173 0.000118109 0.002 0.00357143 0.00452381
internal_weight=4199 3692 1566 552 334 1014 507 78 429 47 287 253 254 182 54 50 63 42 203 127 50 175 147
internal_count=4199 3692 1566 552 334 1014 507 78 429 47 287 253 254 182 54 50 63 42 203 127 50 175 147
cat_boundaries=0 1 2
cat_threshold=128 28
is_linear=0
shrinkage=0.05


Tree=71
num_leaves=24
num_cat=3
split_feature=0 5 2 36 15 15 0 5 3 2 18 2 5 5 5 5 17 5 5 15 0 5 9
split_gain=6.03524 2.46586 0.974419 0.742197 0.738045 0.60396 0.543702 0.89228 0.952337 0.469317 0.445568 0.386328 0.809772 0.507949 0.484721 0.424209 0.559654 0.514553 0.361512 0.340643 0.3389 0.316636 0.298663
threshold=0 0.85301416984164968 2029.5000000000002 0.053011589433909788 24.812388260590357 19.272280703621643 1 1.3375357467376412 1.0000000180025095e-35 2037.5000000000002 1.0000000180025095e-35 2038.5000000000002 0.94803883727286387 1.0719064968597067 1.0062036727854309 0.89631661730230283 1.0000000180025095e-35 0.9297071399625868 1.2141818954864803 88.555641519900107 2 0.97864785621514683 1.0000000180025095e-35
decision_type=1 2 2 2 2 2 1 2 2 2 2 2 2 2 2 2 2 2 2 2 1 2 2
left_child=1 20 10 5 -5 -4 7 9 -9 -2 -3 13 -13 14 15 -7 -17 -18 -12 21 -1 -19 -14
right_child=6 2 3 4 -6 11 -8 8 -10 -11 18 12 22 -15 -16 16 17 19 -20 -21 -22 -23 -24
leaf_value=-0.019635443794435478 -1.509761116744242 0.63847526262364385 -0.17081734371260723 0.34838994652373723 1.9153218579976388 -0.22330511993312446 -8.3552430844727859 -0.42788021535528281 0.55345444534070276 -0.033798031179037312 -0.89470072283296931 0.70077145729778056 1.8798015676449755 0.25129131816473577 -0.59040344588714688 -0.71093401508030207 0.29040866569587021 0.032577615877227982 -0.028185065071304461 -0.13207479600113539 -1.8359675386962437 0.193030589189019 0.05601928955969615
leaf_weight=137 364 27 38 29 24 42 2126 46 22 90 171 23 25 319 71 24 28 27 88 36 326 22 94
leaf_count=137 364 27 38 29 24 42 2126 46 22 90 171 23 25 319 71 24 28 27 88 36 326 22 94
internal_value=-0.00314242 -0.000643819 0.000652572 0.00154613 0.00726415 0.00114152 -0.00458616 -0.00293233 0.00235294 -0.00378855 -0.00185315 0.00146976 0.00380282 0.000887521 -0.000800001 0.000586591 0.00193431 0.00340708 -0.00249035 0.00147059 -0.0037041 0.00418367 0.00214286
internal_weight=4199 1551 1088 802 53 749 2648 522 68 454 286 711 142 569 250 179 137 113 259 85 463 49 119
internal_count=4199 1551 1088 802 53 749 2648 522 68 454 286 711 142 569 250 179 137 113 259 85 463 49 119
cat_boundaries=0 1 2 3
cat_threshold=140 16 128
is_linear=0
shrinkage=0.05


Tree=72
num_leaves=24
num_cat=3
split_feature=0 5 0 2 5 2 5 14 9 15 15 15 14 17 15 2 9 4 4 9 1 15 14
split_gain=5.53632 2.07137 1.16465 1.11348 1.01125 0.782271 0.573636 1.0552 0.910672 0.593523 0.85902 0.499058 0.69952 1.24444 0.46103 0.679264 0.922517 1.13132 0.447416 0.586446 0.445331 0.436992 0.535714
threshold=0 1.0719064968597067 1 2029.5000000000002 0.87576888871408942 2038.5000000000002 0.938622391824802 94359.528291849405 1836.9916982578663 106.28319997355487 72.995977648302684 23.880185662864822 16434.96028759101 73.879583333333343 106.28319997355487 2032.5000000000002 14487.388594137918 1.0000000180025095e-35 1.0000000180025095e-35 6112.4550825136303 2 48.202401490959581 14188.49172576011
decision_type=1 2 1 2 2 2 2 2 2 2 2 2 2 2 2 2 2 2 2 2 1 2 2
left_child=1 2 4 -3 -1 -4 7 8 -6 10 21 -5 13 -13 -14 -16 17 -17 19 -7 -18 22 -8
right_child=-2 3 5 11 6 18 9 -9 -10 -11 -12 12 14 -15 15 16 20 -19 -20 -21 -22 -23 -24
leaf_value=-0.62099253407296107 -7.9374809302491443 -0.54777226279823754 -1.4471239404047163 -0.059320570802731711 1.3463546429651967 -0.19613381483106818 -0.76357720822365427 1.8843845483308717 -0.48561556020891444 -0.41122543924278043 1.1646451716231248 2.0460617768374254 0.043805454972102031 -0.41548220062212327 -0.22528082076499617 0.50657582557278491 0.50932812475259548 1.7512078629893644 -0.76866914306120382 0.31925636698408633 -0.14839160205241653 -0.3845988452810174 0.31259782489767524
leaf_weight=326 2126 230 535 72 23 27 24 29 32 52 40 36 319 20 44 32 25 23 23 20 42 43 56
leaf_count=326 2126 230 535 72 23 27 24 29 32 52 40 36 319 20 44 32 25 23 23 20 42 43 56
internal_value=-0.00319005 -0.00132741 -0.00264228 0.000575325 -0.00106299 -0.00418699 0.00102007 0.00452381 0.000454544 -0.000348838 0.00113497 0.00168842 0.00220887 0.0075 0.00159794 0.00373494 0.00565574 0.0104545 0.000714285 0.00351064 0.00171642 -0.000934961 0.00125
internal_weight=4199 2073 1230 843 625 605 299 84 55 215 163 613 541 56 485 166 122 55 70 47 67 123 80
internal_count=4199 2073 1230 843 625 605 299 84 55 215 163 613 541 56 485 166 122 55 70 47 67 123 80
cat_boundaries=0 1 2 3
cat_threshold=156 132 1
is_linear=0
shrinkage=0.05


Tree=73
num_leaves=24
num_cat=2
split_feature=0 0 15 15 11 16 16 14 14 9 9 7 9 14 18 19 15 14 9 7 15 16 18
split_gain=6.34896 2.28988 0.57002 0.832395 0.435659 0.463261 0.556099 0.533542 0.93006 0.374378 0.579111 0.576055 0.359252 0.337589 0.295462 0.180797 0.398478 0.497504 0.376923 0.2471 0.181866 0.288759 0.278001
threshold=0 1 37.689157896217381 26.740512684119718 1.006483294229507 1.0000000180025095e-35 1.4758333333333338 97462.014508123553 61929.621073215065 176.74219751136937 2264.3830592864501 1.5000000000000002 39352.25021786704 133343.17181013062 1.0000000180025095e-35 1.0000000180025095e-35 49.275676341764047 24206.200751287004 2979.748264792906 2.5000000000000004 109.53236647371311 2.1729166666666671 1.0000000180025095e-35
decision_type=1 1 2 2 2 2 2 2 2 2 2 2 2 2 2 2 2 2 2 2 2 2 2
left_child=2 15 3 9 5 -4 7 8 -7 -1 -11 -12 13 14 -8 16 17 -2 -19 -18 21 -17 -23
right_child=1 -3 4 -5 -6 6 12 -9 -10 10 11 -13 -14 -15 -16 20 19 18 -20 -21 -22 22 -24
leaf_value=-0.47209809156920102 -0.9934329109974126 -7.5406068837366877 -0.55798650229710434 1.835502668787222 -1.0905247233293449 0.034988708925873156 0.72498812427527437 -1.1602482024977256 2.0126987061983761 0.6793055420943459 -0.59821153754112621 0.88064544090765207 1.1158632158481401 2.9172730618552434 -0.10652688531749799 -0.65733576128939564 -0.44709180120118641 0.035238609214211541 0.14661016086617421 0.07596336277106773 -0.09396597502690314 0.48531430382007595 -0.33952232410370919
leaf_weight=40 31 2126 38 33 28 32 21 23 24 25 35 23 33 24 128 747 79 32 20 23 357 32 245
leaf_count=40 31 2126 38 33 28 32 21 23 24 25 35 23 33 24 128 747 79 32 20 23 357 32 245
internal_value=-0.00317814 -0.00389249 0.00205996 0.00461538 0.000982905 0.00150155 0.00219298 0.00575949 0.00839286 0.00272358 0.00463855 0.00189655 0.000825242 -8.67064e-05 -0.000973156 -0.00239848 -0.000945947 0.0016265 0.00461538 -0.00303922 -0.00261043 -0.00294922 -0.0015704
internal_weight=4199 3692 507 156 351 323 285 79 56 123 83 58 206 173 149 1566 185 83 52 102 1381 1024 277
internal_count=4199 3692 507 156 351 323 285 79 56 123 83 58 206 173 149 1566 185 83 52 102 1381 1024 277
cat_boundaries=0 1 2
cat_threshold=128 28
is_linear=0
shrinkage=0.05


Tree=74
num_leaves=24
num_cat=3
split_feature=0 5 0 2 2 15 14 14 15 5 15 5 5 5 2 2 5 4 14 16 5 0 5
split_gain=5.46206 1.92961 1.1566 1.04283 0.892557 0.660251 0.709032 0.703893 0.710667 0.579248 0.528772 0.514035 0.593434 0.635529 0.529717 0.490928 0.601667 0.486614 0.707544 0.464779 0.455625 0.402187 0.460684
threshold=0 1.0758755085164153 1 2029.5000000000002 2038.5000000000002 23.880185662864822 47855.606384751161 42045.363670888539 40.506207950130239 0.71283530371631154 106.28319997355487 0.62209009350254196 0.93269690608366818 0.87316366926095168 2028.5000000000002 2032.5000000000002 1.1313192132347927 1.0000000180025095e-35 70699.343738724943 2.1729166666666671 1.3375357467376412 2 1.2141818954864803
decision_type=1 2 1 2 2 2 2 2 2 2 2 2 2 2 2 2 2 2 2 2 2 1 2
left_child=1 2 11 21 -4 -5 7 8 19 -6 -8 -1 13 14 -13 -12 -17 18 -11 -7 -18 22 -3
right_child=-2 3 4 5 9 6 10 -9 -10 17 15 12 -14 -15 -16 16 20 -19 -20 -21 -22 -23 -24
leaf_value=-3.2644716308031714 -7.1635765395498545 -0.44026289704819155 -1.1708057042988296 -0.035975487429524985 -2.4530053484619541 0.20952399119789172 -0.063250147576485713 1.7576095212115501 -0.012527784667882983 0.29865117043847034 -0.22213220580114129 -2.1877820596354911 -0.066851717635424704 1.9381584693208802 0.062893661740139439 0.99665766324767313 0.061921251518669486 -0.36686148428135734 -0.44539170824299834 1.7792888008985033 0.67111394069596197 -1.8101070608291978 0.47116436739772738
leaf_weight=42 2126 45 818 72 33 51 186 26 79 33 44 26 119 36 79 20 64 25 25 30 36 119 65
leaf_count=42 2126 45 818 72 33 51 186 26 79 33 44 26 119 36 79 20 64 25 25 30 36 119 65
internal_value=-0.00320195 -0.00135142 -0.00261327 0.000495817 -0.00346398 0.00157895 0.00218283 0.00467742 0.0034375 0.000603447 0.000857142 0.000128204 0.000961537 0.00315603 0.00119047 0.00292683 0.00458333 0.00283132 0.00534483 0.00672839 0.003 -0.00237991 -1.09275e-09
internal_weight=4199 2073 1236 837 934 608 536 186 160 116 350 302 260 141 105 164 120 83 58 81 100 229 110
internal_count=4199 2073 1236 837 934 608 536 186 160 116 350 302 260 141 105 164 120 83 58 81 100 229 110
cat_boundaries=0 1 2 3
cat_threshold=156 128 136
is_linear=0
shrinkage=0.05


Tree=75
num_leaves=24
num_cat=3
split_feature=0 0 2 14 0 2 15 9 2 15 7 6 7 8 7 9 14 15 9 7 14 15 15
split_gain=5.8939 1.2162 0.944624 0.628702 0.478358 0.422161 0.69767 0.990797 0.404765 0.627407 0.567075 0.407956 0.541426 0.563811 0.755428 0.423644 0.971645 0.363379 0.689895 0.274108 0.461062 0.447468 0.252962
threshold=0 1 2031.5000000000002 5539.9792550111761 2 2035.5000000000002 107.21157695978535 13050.410690394101 2038.5000000000002 91.045219329640332 1.5000000000000002 1.0000000180025095e-35 1.5000000000000002 1.0000000180025095e-35 2.5000000000000004 31015.127646663295 134911.01726225539 39.238187837704011 4037.04472413953 1.0000000180025095e-35 20255.825890107317 151.50986834272854 24.371585625584189
decision_type=1 1 2 2 1 2 2 2 2 2 2 2 2 2 2 2 2 2 2 2 2 2 2
left_child=1 3 19 -1 5 -2 -7 -8 11 10 -10 12 15 -14 -15 17 -17 18 22 -3 -21 -22 -5
right_child=4 2 -4 8 -6 6 7 -9 9 -11 -12 -13 13 14 -16 16 -18 -19 -20 20 21 -23 -24
leaf_value=1.9008089248910929 -1.4485507626005649 -1.2954429258998468 -0.027735130883248738 0.19495325804379066 -6.8053977125723613 -0.60630229131133195 0.78162104101502061 -0.05047181474563274 -1.2344819130775939 7.0625340748133327 3.1225056924323322 -0.076060143542228092 -0.061443155606614445 2.2799901634023501 0.16830197382134882 1.2879723781544503 -1.0096384999447607 -0.13066985594444325 -0.9152111424681133 0.080332792838962205 -1.220770102038955 0.50702535217115929 0.86463273883252256
leaf_weight=20 341 218 630 21 2126 130 20 31 29 21 25 87 27 27 29 20 22 137 22 20 152 24 20
leaf_count=20 341 218 630 21 2126 130 20 31 29 21 25 87 27 27 29 20 22 137 22 20 152 24 20
internal_value=-0.00317814 -0.000707881 -0.00167932 0.00128627 -0.00460497 -0.00302632 -0.0011326 0.00382353 0.000954824 0.00433333 0.00148148 0.000339805 0.00115384 0.00463855 0.0075 -4.13235e-05 0.00452381 -0.001 0.00214286 -0.00355073 -0.00219388 -0.00301136 0.00597561
internal_weight=4199 1551 1044 507 2648 522 181 51 487 75 54 412 325 83 56 242 42 200 63 414 196 176 41
internal_count=4199 1551 1044 507 2648 522 181 51 487 75 54 412 325 83 56 242 42 200 63 414 196 176 41
cat_boundaries=0 1 2 3
cat_threshold=140 128 16
is_linear=0
shrinkage=0.05


Tree=76
num_leaves=24
num_cat=2
split_feature=0 5 2 5 0 2 36 5 14 9 15 5 5 5 2 9 7 2 9 5 5 4 14
split_gain=5.61107 1.93228 1.28096 0.615884 0.56441 1.50673 0.611011 0.539228 0.695399 0.494765 0.490124 0.484878 0.536954 0.440892 0.334947 0.717391 0.315268 0.670476 0.515455 0.270544 0.340414 0.257643 0.246557
threshold=0 0.85301416984164968 2029.5000000000002 1.4590833241574643 1 2036.5000000000002 0.078670252342562974 1.2758260264362959 111586.04772904881 2397.3733418326406 20.247816125716216 0.89919980469317551 1.1204980527582669 1.2451720273098628 2038.5000000000002 4753.4794924014959 2.5000000000000004 2032.5000000000002 6361.1228677896806 0.89631661730230283 0.92150294269003385 1.0000000180025095e-35 29574.092071284296
decision_type=1 2 2 2 1 2 2 2 2 2 2 2 2 2 2 2 2 2 2 2 2 2 2
left_child=1 16 7 4 6 13 10 -3 -9 -5 -4 -7 21 -6 -14 -16 -1 -18 -19 -12 -21 -13 -22
right_child=-2 2 3 9 5 11 -8 8 -10 -11 19 12 14 -15 15 -17 17 18 -20 20 22 -23 -24
leaf_value=-1.1304805195233494 -6.4651278269437427 -0.95627386585157648 -0.11858855964525872 -0.058382271968271574 -0.61994896998670224 0.53797550804799943 1.4805173395500686 -0.4602512317696672 0.58804410483765734 3.2869267451526478 -0.20117087505309336 0.019853971114018959 0.42784889107898005 -0.0053140944609177277 0.30292120573172598 -0.64876518044608589 -2.2561116413845332 0.56692237466461037 -1.0228957519921604 0.5543243697982474 0.21320419315104211 -0.4890395341786265 0.1645492480187426
leaf_weight=502 2126 297 32 29 236 20 30 79 23 40 29 41 39 63 24 22 55 28 22 24 72 30 336
leaf_count=502 2126 297 32 29 236 20 30 79 23 40 29 41 39 63 24 22 55 28 22 24 72 30 336
internal_value=-0.00317814 -0.00130341 -0.000327423 0.000576381 0.00026052 -0.000979383 0.00137899 -0.00274436 0.000392156 0.00514493 0.000983772 0.00267045 0.00173077 -0.00316054 0.00441176 0.00152174 -0.00368204 -0.00119048 0.003 0.00139913 0.00171296 -0.00147887 0.00137255
internal_weight=4199 2073 1466 1067 998 475 523 399 102 69 493 176 156 299 85 46 607 105 50 461 432 71 408
internal_count=4199 2073 1466 1067 998 475 523 399 102 69 493 176 156 299 85 46 607 105 50 461 432 71 408
cat_boundaries=0 1 2
cat_threshold=156 132
is_linear=0
shrinkage=0.05


Tree=77
num_leaves=24
num_cat=4
split_feature=0 0 5 5 19 15 1 6 8 5 7 14 14 5 14 14 17 15 7 3 1 10 11
split_gain=5.32101 1.88682 1.06227 0.754954 0.483522 0.563628 0.52625 0.479047 0.567216 0.649729 0.377962 0.419656 0.611519 0.650729 0.627842 0.480769 0.717949 0.408638 0.366096 0.610365 0.581975 0.337046 0.750137
threshold=0 1 0.93269690608366818 1.1704710721111968 1.0000000180025095e-35 58.568473776007473 2 1.0000000180025095e-35 1.0000000180025095e-35 1.2485015017600369 1.0000000180025095e-35 83895.972465421466 117661.17119480339 1.2758260264362959 105082.26008986418 27558.186542338477 73.879583333333343 149.65648339621836 1.5000000000000002 1.0000000180025095e-35 3 1.5000000000000002 1.0561597403324554
decision_type=1 1 2 2 2 2 1 2 2 2 2 2 2 2 2 2 2 2 2 2 1 2 2
left_child=1 3 -3 18 5 6 -4 8 9 -5 21 15 13 14 -13 16 -12 -14 -1 20 -20 -6 -23
right_child=-2 2 4 7 10 -7 -8 -9 -10 -11 11 12 17 -15 -16 -17 -18 -19 19 -21 -22 22 -24
leaf_value=-0.047955326368325425 -6.1418714355965562 -1.137234222848386 0.21651339030685848 2.2419464562702651 -0.30842491248940096 -0.28026349998689204 0.046298961032519292 -0.15615788131845185 1.7093859310817352 0.52759429423857862 0.039413436794173411 -0.29879724199073848 -1.4047385474044218 2.7546590119074019 0.34858836986936714 -0.36338026656163214 -1.752246358712453 0.27649911590429593 -0.31465696807199078 2.2903653353768005 0.097528052778879826 0.2949384435713952 -0.57511062914217481
leaf_weight=231 2126 630 21 25 375 49 37 35 22 62 50 35 41 20 22 156 28 43 35 35 62 31 28
leaf_count=231 2126 630 21 25 375 49 37 35 22 62 50 35 41 20 22 156 28 43 35 35 62 31 28
internal_value=-0.00317814 -0.00135142 -0.00220812 0.00128627 -0.00115385 0.00200934 0.00534483 0.004375 0.00600917 0.0041954 -0.00156212 -0.000443039 0.00152174 0.00474026 0.00201754 -0.00179487 0.00141026 -0.00142857 9.64175e-05 0.00219697 0.000154638 -0.00258065 0.000932202
internal_weight=4199 2073 1566 507 936 107 58 144 109 87 829 395 161 77 57 234 78 84 363 132 97 434 59
internal_count=4199 2073 1566 507 936 107 58 144 109 87 829 395 161 77 57 234 78 84 363 132 97 434 59
cat_boundaries=0 1 2 3 4
cat_threshold=156 128 2 2
is_linear=0
shrinkage=0.05


Tree=78
num_leaves=24
num_cat=4
split_feature=0 5 2 0 5 0 2 7 11 9 14 15 5 5 5 2 0 15 9 14 36 5 5
split_gain=5.84791 2.01755 0.887188 0.770555 0.892473 0.63491 0.783691 0.77195 0.611931 0.717252 0.913642 1.44231 0.638311 0.621609 0.432692 0.413395 0.368035 0.364313 0.357374 0.560042 0.365412 0.387029 0.387632
threshold=0 0.85301416984164968 2036.5000000000002 1 1.449774343129308 2 2036.5000000000002 1.5000000000000002 1.0542090293013262 94.441341575564124 47446.554333251734 25.656833035084436 1.1268342952933712 0.94803883727286387 1.187739437534997 2026.5000000000002 3 31.926135730654767 39352.25021786704 135965.62034304874 1.0000000180025095e-35 0.9106620114836339 0.938622391824802
decision_type=1 2 2 1 2 1 2 2 2 2 2 2 2 2 2 2 1 2 2 2 2 2 2
left_child=1 16 3 15 -5 6 -2 -8 9 12 11 -11 -4 -12 -13 -3 17 -1 20 -20 21 -17 -23
right_child=5 2 8 4 -6 -7 7 -9 -10 10 13 14 -14 -15 -16 18 -18 -19 19 -21 -22 22 -24
leaf_value=0.049153641716310648 -1.0457771929072885 -2.3728853591610752 0.15811482846677838 -0.37536484442896095 0.18295453341194434 -5.8347778638167282 -0.17260401077248422 0.11136407943856741 -0.29081119862630617 2.4662703178279939 0.35703411568146637 -0.025308845920290719 2.3241798687432236 -0.083163629212010856 1.6271521883820972 -0.17500259976272209 -1.4831702451574509 -0.18704388663849372 1.0855132769803111 0.060027507816733383 0.75694140839131874 0.43343627905764859 0.016851646399876932
leaf_weight=36 384 44 34 234 20 2126 91 47 23 26 25 32 26 120 20 33 326 101 31 37 39 26 318
leaf_count=36 384 44 34 234 20 2126 91 47 23 26 25 32 26 120 20 33 326 101 31 37 39 26 318
internal_value=-0.00307097 -0.000611789 0.000560661 -0.000332482 -0.00253788 -0.0044921 -0.00274436 0.000434781 0.00284314 0.00348056 0.00217489 0.00653846 0.00833333 -0.000172415 0.00173077 0.000762081 -0.00338013 -0.000918368 0.00119835 0.00455882 0.000649037 0.000172413 0.000668603
internal_weight=4199 1551 1088 782 254 2648 522 138 306 283 223 78 60 145 52 528 463 137 484 68 416 377 344
internal_count=4199 1551 1088 782 254 2648 522 138 306 283 223 78 60 145 52 528 463 137 484 68 416 377 344
cat_boundaries=0 1 2 3 4
cat_threshold=140 132 16 128
is_linear=0
shrinkage=0.05


Tree=79
num_leaves=24
num_cat=4
split_feature=0 5 0 5 9 7 6 8 5 5 7 0 15 9 1 17 15 11 5 11 15 15 16
split_gain=5.33295 1.5015 1.16085 0.629451 0.665059 0.56646 0.479047 0.567216 0.649729 0.469826 0.339236 0.454051 0.300025 0.303749 0.279574 0.594368 0.307692 0.261839 0.58715 0.517122 0.439446 0.916861 0.247274
threshold=0 0.77176796094750444 1 1.1704710721111968 30481.089817069253 1.5000000000000002 1.0000000180025095e-35 1.0000000180025095e-35 1.2485015017600369 0.40013708798615666 1.5000000000000002 2 116.28100362387077 13050.410690394101 3 74.884166666666673 100.92232197119434 0.15630645088281353 1.1498103798023716 1.0542090293013262 63.950051230600927 27.999079570150631 2.1729166666666671
decision_type=1 2 1 2 2 2 2 2 2 2 2 1 2 2 1 2 2 2 2 2 2 2 2
left_child=1 -1 3 4 5 -3 7 8 -5 -2 17 14 22 -14 -12 -16 -17 -4 -19 20 21 -20 -13
right_child=9 2 10 6 -6 -7 -8 -9 -10 -11 11 12 13 -15 15 16 -18 18 19 -21 -22 -23 -24
leaf_value=-1.6190292594299009 0.051154703709401166 -0.059898741794401356 -0.25288795552778021 2.1290065511367664 2.4212985314831292 0.22728042055836672 -0.14919256957251936 1.5390738692573862 0.45228230154112431 -5.692675759958151 -0.017335192089424297 -0.84261080684008116 0.12634720697069812 -0.051569384990912993 0.37443911325009577 -0.28349859379363423 0.75271315200267042 -0.61646035074792593 -0.019840206682375173 -0.43990840399339515 -0.075798088670744002 0.62944745253660417 -0.003374644907724972
leaf_weight=402 33 147 542 25 40 87 35 22 62 2093 56 154 29 41 31 26 26 181 29 21 35 28 54
leaf_count=402 33 147 542 25 40 87 35 22 62 2093 56 154 29 41 31 26 26 181 29 21 35 28 54
internal_value=-0.00308288 -0.0012554 -0.000601437 0.00165888 0.00029197 -0.000726497 0.004375 0.00600917 0.0041954 -0.00483614 -0.00135788 -0.000203838 -0.00135417 0.00142857 0.00204698 0.00403614 0.00076923 -0.00194976 -0.000748301 0.00207964 0.00369565 0.00640351 -0.00235577
internal_weight=4199 2073 1671 418 274 234 144 109 87 2126 1253 417 278 70 139 83 52 836 294 113 92 57 208
internal_count=4199 2073 1671 418 274 234 144 109 87 2126 1253 417 278 70 139 83 52 836 294 113 92 57 208
cat_boundaries=0 1 2 3 4
cat_threshold=156 128 4 2
is_linear=0
shrinkage=0.05


Tree=80
num_leaves=24
num_cat=5
split_feature=0 5 5 2 0 15 0 2 5 2 11 14 36 15 8 0 6 1 15 17 8 14 6
split_gain=5.13621 1.43782 0.628516 0.855058 0.612485 0.688172 0.542816 0.783691 0.622187 1.04457 0.519789 0.499516 0.481472 0.467023 0.431687 0.390165 0.500487 0.533867 0.317731 0.391273 0.782206 0.758057 0.344409
threshold=0 0.82727239353578796 1.1912409331906684 2030.5000000000002 1 31.926135730654767 2 2036.5000000000002 0.52541672543949758 2029.5000000000002 1.1077629364351007 8680.321420592405 0.053011589433909788 132.58468279405687 1.0000000180025095e-35 3 1.0000000180025095e-35 4 162.51574026185963 73.879583333333343 1.0000000180025095e-35 37301.303167889149 1.0000000180025095e-35
decision_type=1 2 2 2 1 2 1 2 2 2 2 2 2 2 2 1 2 1 2 2 2 2 2
left_child=1 4 3 -3 5 -1 7 -2 9 -8 11 -4 18 14 -9 16 17 -13 19 20 -5 -22 -21
right_child=6 2 10 12 -6 -7 8 13 -10 -11 -12 15 -14 -15 -16 -17 -18 -19 -20 22 21 -23 -24
leaf_value=0.12986455333822666 -0.98084393548553472 -0.41989284366900281 1.4632576435457514 -0.055864044615028453 -1.6941403345583101 -0.067319280827405487 0.40212005405401857 -0.45889137716182127 -5.4671281529712736 -0.62035103990197227 -0.32456367685801202 1.7018823139208508 1.0650588411790631 0.40650221643624801 0.063064321782866181 0.0054330672070893151 -0.32687406260229035 2.370493572356037 0.53761182349152659 -0.04757679667271951 0.036429036924766532 0.78636728753728724 -0.31184210272238994
leaf_weight=31 384 254 20 137 285 93 29 85 2029 68 26 30 30 20 33 218 28 59 23 200 29 34 54
leaf_count=31 384 254 20 137 285 93 29 85 2029 68 26 30 30 20 33 218 28 59 23 200 29 34 54
internal_value=-0.00304716 -0.000739911 0.000166374 -0.000663602 -0.00328851 -0.000149255 -0.00437923 -0.00274436 -0.00476592 -0.00087629 0.00182415 0.00232394 0.000522681 0.000434781 -0.000762713 0.00186567 0.00405512 0.00623595 0.000136267 -0.000154186 0.0015 0.00611111 -0.00145669
internal_weight=4199 1551 1142 761 409 124 2648 522 2126 97 381 355 507 138 118 335 117 89 477 454 200 63 254
internal_count=4199 1551 1142 761 409 124 2648 522 2126 97 381 355 507 138 118 335 117 89 477 454 200 63 254
cat_boundaries=0 1 2 3 4 5
cat_threshold=140 128 16 128 2
is_linear=0
shrinkage=0.05


Tree=81
num_leaves=24
num_cat=2
split_feature=0 5 2 0 5 2 5 2 7 17 18 15 15 14 14 2 15 10 5 2 15 16 11
split_gain=5.13335 1.43039 1.06896 0.950026 0.771754 0.913427 0.646024 0.635528 0.466549 0.46436 1.37426 0.769977 0.66297 0.631953 0.858502 0.45866 0.451198 0.44255 0.575562 0.4 0.380952 0.378832 0.463831
threshold=0 1.0719064968597067 2038.5000000000002 1 0.52541672543949758 2029.5000000000002 0.71283530371631154 2027.5000000000002 1.5000000000000002 73.879583333333343 1.0000000180025095e-35 138.28563907384995 49.752778293404454 33580.062064940204 10511.49437431208 2034.5000000000002 24.812388260590357 1.5000000000000002 0.91337345033287376 2034.5000000000002 53.616115913572237 2.1729166666666671 0.16000627909584211
decision_type=1 2 2 1 2 2 2 2 2 2 2 2 2 2 2 2 2 2 2 2 2 2 2
left_child=1 2 3 16 5 -2 -4 -3 9 10 -9 -11 13 14 -12 -5 -1 18 20 -13 -8 -17 -23
right_child=4 7 6 15 -6 -7 17 8 -10 11 12 19 -14 -15 -16 21 -18 -19 -20 -21 -22 22 -24
leaf_value=0.051358910430040851 0.38201405135131739 -1.03097057443299 -2.0448343946759242 -1.5120557140044064 -5.1937717453227101 -0.58933348790687379 0.15341793457112265 1.1130749999130138 0.28235241480151907 -0.17804554184197002 1.0458435157581059 -0.0004782577270587396 -0.20246892816881396 0.35445119605246567 -0.15957472783064711 -0.37701346569476191 -0.016428671322875035 -0.92685766048629492 0.089373556285224309 1.7739869496273 1.9557125312268451 0.15908345292006251 -0.68254633817348187
leaf_weight=21 29 109 42 545 2029 68 21 30 239 223 22 20 94 33 53 217 235 23 54 20 21 26 25
leaf_count=21 29 109 42 545 2029 68 21 30 239 223 22 20 94 33 53 217 235 23 54 20 21 26 25
internal_value=-0.00297571 -0.00118339 -0.00227642 -0.00284846 -0.00469569 -0.000360826 0.00152174 0.000397389 0.000926429 5.05039e-05 0.00168103 -0.00138783 0.000198019 0.00287037 0.000333332 -0.00366343 -0.000112783 0.00340336 0.00489583 0.005 0.00928571 -0.00201493 0.00186274
internal_weight=4199 2073 1230 1069 2126 97 161 843 734 495 232 263 202 108 75 813 256 119 96 40 42 268 51
internal_count=4199 2073 1230 1069 2126 97 161 843 734 495 232 263 202 108 75 813 256 119 96 40 42 268 51
cat_boundaries=0 1 2
cat_threshold=156 128
is_linear=0
shrinkage=0.05


Tree=82
num_leaves=24
num_cat=1
split_feature=2 5 11 5 2 15 7 7 1 5 15 11 11 5 15 5 5 15 14 5 14 15 2
split_gain=0.651389 0.296755 0.287676 0.269592 0.369933 0.534982 0.818182 0.324879 0.259387 0.246914 0.248016 0.231586 0.278841 0.214204 0.548891 0.2276 0.459167 0.2721 0.568182 0.187662 0.135377 0.24534 0.23439
threshold=2033.5000000000002 1.5300513205035833 0.92975506139665243 1.1204980527582669 2037.5000000000002 27.163797107848534 1.0000000180025095e-35 2.5000000000000004 0 1.2677191133471377 44.092760030381612 0.29307874053979238 0.19611200786731245 0.52541672543949758 72.995977648302684 1.2416095059357677 1.2485015017600369 150.40558475323348 165735.85444741489 0.9297071399625868 24546.620459988368 24.371585625584189 2039.5000000000002
decision_type=2 2 2 2 2 2 2 2 1 2 2 2 2 2 2 2 2 2 2 2 2 2 2
left_child=13 2 11 7 9 -6 -7 20 -3 10 -5 12 -2 14 -1 -15 -17 -18 -19 -9 21 -4 -22
right_child=1 8 3 4 5 6 -8 19 -10 -11 -12 -13 -14 15 -16 16 17 18 -20 -21 22 -23 -24
leaf_value=-2.6702851656396311 -0.40940730619072313 -0.66466579930887948 -0.72556200926381331 0.18960680280491554 -1.1851425774494422 -0.54287759495776056 2.1776483407363991 0.036522461354141299 1.8129597791836909 -1.2393937757672144 -0.17965894726613665 -1.3341065104951453 1.4329654475803375 -1.2837861404771649 0.32703434058704506 0.28306968009010397 -0.88724755697571178 0.44885933118863203 -2.0198350507906002 -0.64079887541264735 -1.0973221132779449 0.031374362504993987 -0.52395885298895128
leaf_weight=59 1276 23 45 21 24 22 22 35 33 36 24 111 27 1678 34 21 391 22 22 20 180 48 25
leaf_count=59 1276 23 45 21 24 22 22 35 33 36 24 111 27 1678 34 21 391 22 22 20 180 48 25
internal_value=-0.00299952 -0.00233773 -0.00244259 -0.00141434 0.000369126 0.00308823 0.00636364 -0.00216714 0.00125 -0.00191358 0.000555554 -0.00280764 -0.00262088 -0.00358554 -0.00123656 -0.00368791 -0.00269737 -0.00304598 0.000681817 0.00136364 -0.00281879 -0.00123656 -0.00353659
internal_weight=4199 1972 1916 502 149 68 44 353 56 81 45 1414 1303 2227 93 2134 456 435 44 55 298 93 205
internal_count=4199 1972 1916 502 149 68 44 353 56 81 45 1414 1303 2227 93 2134 456 435 44 55 298 93 205
cat_boundaries=0 1
cat_threshold=2
is_linear=0
shrinkage=0.05


Tree=83
num_leaves=24
num_cat=3
split_feature=0 5 0 2 0 5 15 5 36 5 15 15 14 5 17 2 5 5 11 15 14 15 15
split_gain=6.88783 1.63443 1.06232 1.33542 0.880148 1.65503 1.61793 0.832623 0.509124 0.476269 0.510685 0.433011 1.17285 0.820579 0.383699 0.691864 0.713822 0.459484 0.366374 0.549008 1.28668 0.730014 0.729828
threshold=0 0.72126337994860246 1 2030.5000000000002 2 0.53101761050589735 72.995977648302684 1.449774343129308 1.0000000180025095e-35 0.80526734759815788 23.522357577268313 129.15408329566625 131317.64693942617 0.96426533895968825 73.879583333333343 2036.5000000000002 1.2782222241056231 1.0658108544522935 1.006483294229507 52.811123407476593 50285.261145257195 68.588865131656689 88.555641519900107
decision_type=1 2 1 2 1 2 2 2 2 2 2 2 2 2 2 2 2 2 2 2 2 2 2
left_child=1 -1 8 7 5 6 -2 -4 9 -3 -11 14 -13 -14 15 17 -17 -5 19 20 -12 -21 -23
right_child=4 2 3 11 -6 -7 -8 -9 -10 10 18 12 13 -15 -16 16 -18 -19 -20 21 -22 22 -24
leaf_value=-1.994872552309219 -0.32263062704425177 0.11987040310199229 -1.0759104914346842 -0.44988740232594993 -11.901816308679059 -0.81259283816382366 0.4814823085323931 0.250205519564697 2.5711740293834686 -0.47444272193102671 1.3220071607303223 0.11688538508712779 0.50255680666009361 -0.22313010352751303 -0.074459336529530004 0.25414985040766813 -0.38638370840003206 0.051027879380422074 -1.6181918172739196 -0.33136650865426942 -0.16975248771699628 1.5608325587226122 0.23072972961183913
leaf_weight=241 30 40 278 74 1569 1028 21 22 28 26 77 20 21 44 251 76 22 64 28 39 43 31 126
leaf_count=241 30 40 278 74 1569 1028 21 22 28 26 77 20 21 44 251 76 22 64 28 39 43 31 126
internal_value=-0.00263039 2.88265e-05 0.00072519 -0.000294786 -0.00417231 -0.0029798 0.00578431 -0.003 0.00270089 0.00231707 0.00175676 0.00111888 0.00441176 0.00115384 0.000544147 0.00199152 0.00520408 -0.000289856 0.00226744 0.00275316 0.00541667 0.00112245 0.00264331
internal_weight=4199 1551 1310 872 2648 1079 51 300 438 410 370 572 85 65 487 236 98 138 344 316 120 196 157
internal_count=4199 1551 1310 872 2648 1079 51 300 438 410 370 572 85 65 487 236 98 138 344 316 120 196 157
cat_boundaries=0 1 2 3
cat_threshold=140 128 80
is_linear=0
shrinkage=0.05


Tree=84
num_leaves=24
num_cat=2
split_feature=0 5 2 5 2 15 0 9 15 16 7 19 8 14 15 2 7 5 9 9 15 14 14
split_gain=5.45279 1.5199 1.2243 1.13957 1.65 1.90928 1.12706 0.707054 0.563739 1.36309 0.806667 0.620347 0.480049 0.419804 0.418893 0.397214 0.379858 0.6981 0.720372 0.450969 0.378249 0.91907 0.850736
threshold=0 1.1776060574645986 2035.5000000000002 0.72497800467145923 2029.5000000000002 92.339236490702334 1 66728.022717860862 38.807285180331199 2.1729166666666671 1.0000000180025095e-35 1.0000000180025095e-35 1.5000000000000002 27057.892034168963 90.206750750903851 2027.5000000000002 1.5000000000000002 0.75992680472410246 12861.567651425068 31015.127646663295 109.53236647371311 47855.606384751161 36795.514088495845
decision_type=1 2 2 2 2 2 1 2 2 2 2 2 2 2 2 2 2 2 2 2 2 2 2
left_child=1 2 6 4 5 -2 16 8 9 11 -11 -4 -8 -13 -14 -3 19 -18 -19 -1 21 22 -17
right_child=3 15 7 -5 -6 -7 12 -9 -10 10 -12 13 14 -15 -16 20 17 18 -20 -21 -22 -23 -24
leaf_value=-0.13032941292760589 -0.051089662873413093 -0.80773537598397227 0.31589560394083888 -5.6645106207662774 -0.92141323974637901 0.494196655506142 -1.0292720834750182 0.4143320656289371 -0.078947636138719413 0.042437386923102859 0.83370941891444694 0.009866988616262673 -1.4759636303750545 -0.9339030006304555 0.3595147099189116 0.078300079215856647 -1.7000699848310281 1.1282148646102808 -0.27810329015046842 0.64638318737509981 0.33386127366691426 -0.0925582637261467 0.93398401553776655
leaf_weight=131 71 80 20 1772 255 28 690 21 325 25 24 47 41 57 23 154 21 47 20 25 117 155 50
leaf_count=131 71 80 20 1772 255 28 690 21 325 25 24 47 41 57 23 154 21 47 20 25 117 155 50
internal_value=-0.00268993 -0.000847337 -0.00167106 -0.00446161 -0.00189266 0.00358586 -0.00269539 0.00029865 -8.03225e-05 0.00222543 0.00928571 -0.000564517 -0.00362566 -0.00211539 0.000468749 0.00138489 0.000314959 0.00295454 0.00544776 -0.00115385 0.00193277 0.00112813 0.00333333
internal_weight=4199 2073 1517 2126 354 99 998 519 498 173 49 124 754 104 64 556 244 88 67 156 476 359 204
internal_count=4199 2073 1517 2126 354 99 998 519 498 173 49 124 754 104 64 556 244 88 67 156 476 359 204
cat_boundaries=0 1 2
cat_threshold=156 128
is_linear=0
shrinkage=0.05


Tree=85
num_leaves=24
num_cat=5
split_feature=0 0 2 0 5 4 9 2 15 15 5 7 2 5 15 5 2 5 0 2 0 5 2
split_gain=5.13087 1.50573 0.842137 1.15675 1.1142 0.736389 0.790906 0.762764 0.724962 1.12694 0.787555 0.786048 0.646937 0.626406 1.23851 0.609936 0.568182 0.524763 0.923141 0.454638 0.422554 0.524289 1.11616
threshold=0 1 2036.5000000000002 2 0.71283530371631154 1.0000000180025095e-35 1673.190932123736 2038.5000000000002 85.381981517116529 47.987488592806073 1.1313192132347927 1.0000000180025095e-35 2038.5000000000002 0.53101761050589735 72.995977648302684 1.1912409331906684 2038.5000000000002 1.084337575140127 3 2037.5000000000002 4 0.74651220879099955 2031.5000000000002
decision_type=1 1 2 1 2 2 2 2 2 2 2 2 2 2 2 2 2 2 1 2 1 2 2
left_child=-1 15 13 -4 -5 8 7 -7 9 10 12 -10 -6 14 -3 -2 -13 20 -19 -17 21 22 -15
right_child=1 2 3 4 5 6 -8 -9 11 -11 -12 16 -14 17 -16 19 -18 18 -20 -21 -22 -23 -24
leaf_value=-11.177954919662241 0.013370391893547088 -0.35549268862340355 -2.1076496516530279 -1.8247348182497902 0.38002391635725657 0.086270813052706702 -0.080945537808844892 -0.14606155363684731 -0.28713804697885087 0.73575801789214612 -0.077679581545395338 0.28289558652254992 0.069486714601404126 0.059168654794631272 0.37614376390982701 0.45296252228854095 -0.15254609816885792 -4.0969398189363462 -0.023323595621481091 3.4158890223856861 -0.96723495507383039 -1.1415145983108921 -0.88651454136595198
leaf_weight=1569 374 46 144 65 29 27 84 22 49 38 38 22 35 66 25 106 22 161 429 27 439 331 51
leaf_count=1569 374 46 144 65 29 27 84 22 49 38 38 22 35 66 25 106 22 161 429 27 439 331 51
internal_value=-0.00271374 -0.0013447 -0.00192921 -0.000304349 0.00100907 0.00210382 -0.000864663 0.00418367 0.00379828 0.00607143 0.00333333 0.000376343 0.00671875 -0.00254522 0.00204225 0.00109284 0.00522727 -0.00276574 -0.00161017 0.00402256 -0.00353439 -0.00227074 0.000555554
internal_weight=4199 2630 2123 575 431 366 133 49 233 140 102 93 64 1548 71 507 44 1477 590 133 887 448 117
internal_count=4199 2630 2123 575 431 366 133 49 233 140 102 93 64 1548 71 507 44 1477 590 133 887 448 117
cat_boundaries=0 1 2 3 4 5
cat_threshold=35 128 64 64 68
is_linear=0
shrinkage=0.05


Tree=86
num_leaves=24
num_cat=5
split_feature=0 0 2 0 5 5 15 5 0 16 5 0 9 15 5 9 8 15 2 5 5 5 5
split_gain=5.18577 1.3651 0.709617 1.17652 0.776651 0.600223 1.23851 0.563774 1.01986 0.517275 0.499156 0.481652 0.499025 0.932601 1.11918 0.468786 0.661251 0.466353 1.08177 0.658489 0.438059 0.488204 0.437102
threshold=0 1 2036.5000000000002 2 0.71283530371631154 0.53101761050589735 72.995977648302684 1.0816180947461709 3 1.0000000180025095e-35 1.1912409331906684 4 1234.5197469367079 71.878914258797877 0.73058996066088322 9700.6359383483159 1.0000000180025095e-35 109.53236647371311 2032.5000000000002 1.3618862516084771 0.89919980469317551 1.2026241249255898 1.2485015017600369
decision_type=1 1 2 1 2 2 2 2 1 2 2 1 2 2 2 2 2 2 2 2 2 2 2
left_child=-1 10 5 4 -4 6 -3 11 -9 -5 -2 12 13 -7 -15 16 20 -10 19 -19 -6 -22 -12
right_child=1 2 3 9 15 7 -8 8 17 -11 22 -13 -14 14 -16 -17 -18 18 -20 -21 21 -23 -24
leaf_value=-10.619057173679131 0.012701872298865846 -0.33771805419223355 -1.54322446643286 0.35740993018954437 0.17394042859118453 -0.69590830733226738 0.35733657571433586 -3.8924116426897513 -0.074212262569410839 -0.30249010774547469 1.471840764316938 -0.92501132925811713 -0.79982818449435877 0.55236802237660687 -0.10105119250234224 -0.0065439549773391023 0.15654702518431715 -0.85638531438363552 0.37535597561089429 0.14078159733683798 -0.23133074083151955 0.15752405770620381 0.5953923754428414
leaf_weight=1569 374 46 34 28 26 104 25 163 313 278 33 437 271 21 48 87 39 61 38 21 43 40 100
leaf_count=1569 374 46 34 28 26 104 25 163 313 278 33 437 271 21 48 87 39 61 38 21 43 40 100
internal_value=-0.00270183 -0.00132576 -0.00188233 -0.000391306 0.00198925 -0.00244832 0.00204225 -0.00266419 -0.00147651 -0.00246836 0.00099613 -0.00346765 -0.00213657 -8.67064e-05 0.00442029 0.00308511 0.0047973 -0.000146728 0.0025 -0.000731709 0.00279816 0.0010241 0.00364662
internal_weight=4199 2630 2123 575 269 1548 71 1477 596 306 507 881 444 173 69 235 148 433 120 82 109 83 133
internal_count=4199 2630 2123 575 269 1548 71 1477 596 306 507 881 444 173 69 235 148 433 120 82 109 83 133
cat_boundaries=0 1 2 3 4 5
cat_threshold=35 128 24 64 68
is_linear=0
shrinkage=0.05


Tree=87
num_leaves=24
num_cat=1
split_feature=2 5 11 9 15 5 17 5 18 9 15 8 15 1 15 5 15 2 9 9 9 14 9
split_gain=0.504843 0.280505 0.273725 0.886953 0.299709 0.428094 0.267105 0.365853 0.432337 0.56448 0.355854 0.309074 0.29437 0.652044 0.405451 0.241041 0.558954 0.55372 0.477557 0.237201 0.224343 0.772063 0.433366
threshold=2035.5000000000002 1.0758755085164153 0.04318385543410401 1234.5197469367079 138.28563907384995 0.9444895548775013 73.879583333333343 1.6204724967474646 1.0000000180025095e-35 8665.3746601594012 144.26040864886542 1.0000000180025095e-35 47.987488592806073 0 37.117408138079675 0.64337206274225478 71.878914258797877 2031.5000000000002 1158.0435319263895 30029.915240155937 19107.502552757313 85397.114327618969 23770.315617280463
decision_type=2 2 2 2 2 2 2 2 2 2 2 2 2 1 2 2 2 2 2 2 2 2 2
left_child=1 15 -2 4 -4 -6 7 8 9 -3 20 -12 13 -10 -15 16 -1 18 -18 -20 -8 22 -22
right_child=2 6 3 -5 5 -7 10 -9 12 -11 11 -13 -14 14 -16 -17 17 -19 19 -21 21 -23 -24
leaf_value=-0.86812981165956493 -0.35182475623048287 -1.4517935156929198 -0.40720804784364867 0.21884926529989715 -0.45667656906424237 1.1175715047493022 -0.99752542877424366 1.7874397007559737 1.3958931251716411 0.92637118857862566 -0.95222697649267252 0.30905483766034658 -1.103663028637772 -1.0421359540922699 0.2041872376161798 -0.96248089148064775 0.52562577492545159 -1.4236419062739047 -0.21842519971276553 0.055816183694908511 0.77383607088480855 -1.1937709295460202 -0.31550144895078008
leaf_weight=163 874 26 462 34 23 26 398 20 27 29 55 27 207 164 31 1387 20 56 23 21 23 76 27
leaf_count=163 874 26 462 34 23 26 398 20 27 29 55 27 207 164 31 1387 20 56 23 21 23 76 27
internal_value=-0.00270183 -0.00309353 -0.00193446 -0.00105505 -0.00157534 0.00214286 -0.00247748 -0.00162699 -0.00190083 0.00227273 -0.00318482 -0.000121952 -0.0024359 -0.00117117 -0.00217949 -0.003503 -0.00217315 0.000416665 0.00359375 0.000681817 -0.00366412 -0.0018254 0.003
internal_weight=4199 2780 1419 545 511 49 1110 504 484 55 606 82 429 222 195 1670 283 120 64 44 524 126 50
internal_count=4199 2780 1419 545 511 49 1110 504 484 55 606 82 429 222 195 1670 283 120 64 44 524 126 50
cat_boundaries=0 1
cat_threshold=1
is_linear=0
shrinkage=0.05


Tree=88
num_leaves=24
num_cat=5
split_feature=0 0 2 0 5 11 5 0 2 0 5 15 14 10 11 5 2 14 5 3 5 15 17
split_gain=6.28236 1.52461 0.81251 1.37535 1.2922 0.7003 0.613246 1.2275 0.626773 0.622895 1.00417 0.955674 0.600481 0.570229 1.09633 0.612854 0.615385 0.573894 0.7095 0.572024 0.544425 0.525369 0.517468
threshold=0 1 2036.5000000000002 2 0.71283530371631154 1.5183890241915792 1.084337575140127 3 2029.5000000000002 4 0.62850798343534187 71.878914258797877 5539.9792550111761 1.5000000000000002 1.0506198847942112 0.9106620114836339 2038.5000000000002 83895.972465421466 1.1313192132347927 1.0000000180025095e-35 0.88677049098292526 53.616115913572237 73.879583333333343
decision_type=1 1 2 1 2 2 2 1 2 1 2 2 2 2 2 2 2 2 2 2 2 2 2
left_child=-1 12 5 -4 -5 6 9 -8 -9 10 11 -3 -2 15 -15 19 17 -17 -19 21 -7 -6 -10
right_child=1 2 3 4 13 20 7 8 22 -11 -12 -13 -14 14 -16 16 -18 18 -20 -21 -22 -23 -24
leaf_value=-10.039980270421141 1.0484105554455923 -0.27088856662990618 -1.9695514258715783 -1.6376379461464616 0.071190826151554545 0.18225775060538385 -3.605136896867307 -0.65606103232448909 0.17962306947725334 -0.87173020097090625 -0.52808182741801146 0.45985080407777867 0.092787309779807425 0.15128850644734665 -0.10840326750490302 -0.0038071393658665104 -0.167647211994599 -0.038933314375568108 0.85362042429152152 -0.45491040269372046 -0.54136112914213474 0.21501130353020007 -0.004706478060667792
leaf_weight=1569 20 43 144 65 25 20 156 166 117 457 388 34 487 29 23 68 117 20 29 24 33 31 134
leaf_count=1569 20 43 144 65 25 20 156 166 117 457 388 34 487 29 23 68 117 20 29 24 33 31 134
internal_value=-0.00247559 -0.00096591 -0.00155415 4.34771e-05 0.00146258 -0.00215762 -0.00235786 -0.0010733 0.000386416 -0.00315618 -0.00173684 0.00344156 0.00147969 0.00265027 0.0075 0.00184713 0.000555554 0.00311966 0.0072449 0.005625 0.00349056 0.00839286 0.00197211
internal_weight=4199 2630 2123 575 431 1548 1495 573 417 922 465 77 507 366 52 314 234 117 49 80 53 56 251
internal_count=4199 2630 2123 575 431 1548 1495 573 417 922 465 77 507 366 52 314 234 117 49 80 53 56 251
cat_boundaries=0 1 2 3 4 5
cat_threshold=35 128 64 64 68
is_linear=0
shrinkage=0.05


Tree=89
num_leaves=24
num_cat=3
split_feature=0 0 11 0 2 3 11 15 14 14 18 15 2 14 9 14 14 15 17 16 9 14 36
split_gain=6.04306 1.49686 0.524922 0.689697 0.758447 0.614164 0.355698 0.586767 0.809545 0.414848 0.627577 0.348147 0.531012 0.552411 0.740192 0.345365 0.902275 0.341269 0.493538 0.395499 0.453653 0.328236 0.300306
threshold=0 1 1.5183890241915792 2 2029.5000000000002 1.0000000180025095e-35 1.0881488112056295 39.238187837704011 14631.389398168936 21987.919908185151 1.0000000180025095e-35 79.819688539781865 2038.5000000000002 91955.043918078358 12231.723693714233 42808.830599797126 29214.795635380702 71.878914258797877 73.879583333333343 1.0000000180025095e-35 1399.7409091054508 47446.554333251734 3.2194841001973646
decision_type=1 1 2 1 2 2 2 2 2 2 2 2 2 2 2 2 2 2 2 2 2 2 2
left_child=-1 6 3 4 -3 -4 7 8 -2 -9 -11 21 13 14 -13 16 -10 22 19 -19 -21 -12 -5
right_child=1 2 5 17 -6 -7 -8 9 15 10 11 12 -14 -15 -16 -17 -18 18 -20 20 -22 -23 -24
leaf_value=-9.5379812569000855 1.3699035355746196 -1.0792080591790703 -0.38181441316761644 -0.76686769416687017 0.0031236094558253222 0.11531717830198958 -0.48341795717713448 -0.20566055544363851 -0.12400397587398099 1.7558432142975295 0.050289444103889115 0.96544491405450816 5.717183243455632 -0.068052481477928375 -0.12683576875032548 -0.10813290894937905 1.3070003095902643 -0.90814900137795118 -0.47285777217620634 0.34632514650719598 0.0056783334510807724 -0.6806435572948466 0.027258727540482398
leaf_weight=1569 34 280 53 554 726 20 34 30 29 31 63 20 21 96 23 48 32 52 307 22 89 46 20
leaf_count=1569 34 280 53 554 726 20 34 30 29 31 63 20 21 96 23 48 32 52 307 22 89 46 20
internal_value=-0.00252322 -0.00104167 -0.00162447 -0.00178049 -0.00081693 0.00253425 0.00138298 0.00176533 0.00444056 0.000606059 0.00116667 0.000390333 0.001875 0.000755394 0.00546512 0.00233945 0.00483606 -0.00267552 -0.00170213 0.000521471 0.00220721 -0.00178899 -0.00351916
internal_weight=4199 2630 2123 2050 1006 73 507 473 143 330 300 269 160 139 43 109 61 1044 470 163 111 109 574
internal_count=4199 2630 2123 2050 1006 73 507 473 143 330 300 269 160 139 43 109 61 1044 470 163 111 109 574
cat_boundaries=0 1 2 3
cat_threshold=35 128 12
is_linear=0
shrinkage=0.05


Tree=90
num_leaves=24
num_cat=0
split_feature=17 15 9 5 5 5 11 5 9 14 2 2 7 5 5 16 2 9 11 9 5 5 9
split_gain=0.354393 0.400067 0.474555 0.612453 0.343128 1.16952 0.392975 0.587297 0.333622 0.413976 0.283137 0.280632 0.240932 0.496897 0.427372 0.255279 0.215106 0.395098 0.415312 0.481798 0.288908 0.354636 0.352488
threshold=73.879583333333343 138.28563907384995 1673.190932123736 1.2601101320002142 1.3618862516084771 1.3771122059273162 1.4359312052522233 0.74252791977159271 33923.018226849999 10511.49437431208 2034.5000000000002 2030.5000000000002 1.5000000000000002 1.264078397058507 1.3071767882018717 1.756416666666667 2035.5000000000002 51586.441189360201 0.012021877900814383 1282.1821382885942 1.0658108544522935 1.2485015017600369 7262.3728707664641
decision_type=2 2 2 2 2 2 2 2 2 2 2 2 2 2 2 2 2 2 2 2 2 2 2
left_child=4 12 3 11 6 -6 16 -8 9 -7 -9 -3 -2 -14 -15 -16 20 18 -18 -20 -1 22 -22
right_child=1 2 -4 -5 5 8 7 10 -10 -11 -12 -13 13 14 15 -17 17 -19 19 -21 21 -23 -24
leaf_value=-0.75883504504611821 -0.75815307426680512 -1.0789166484753296 -0.56698535148317142 0.44957778050205061 1.3696195252112593 0.50307269607655436 0.1302078822239707 -1.2782043156763148 0.27218634427220934 -0.80694952171244805 0.061231576831486084 0.011393584878103359 -0.71537727744659496 0.35243029110747215 0.2111391120678332 -1.8094588064330972 -0.47598557720328422 0.13953191589677241 -0.2756693776551386 0.12446282204803701 -0.97428371993055052 -1.2591734470062548 0.068557083132997063
leaf_weight=708 1260 41 240 22 22 22 30 60 21 122 25 70 537 20 34 37 265 35 226 28 159 108 107
leaf_count=708 1260 41 240 22 22 22 30 60 21 122 25 70 537 20 34 37 265 35 226 28 159 108 107
internal_value=-0.00245178 -0.00287705 -0.0013807 0.00101504 -0.00195563 8.02127e-05 -0.00217305 0.000652173 -0.00136364 -0.00222222 -0.00147059 -0.000495497 -0.00317267 -0.00237261 0.00104395 -0.000774649 -0.00237164 -0.0015704 -0.00191715 -0.000472442 -0.00278189 -0.00165776 -0.000676693
internal_weight=4199 2261 373 133 1938 187 1751 115 165 144 85 111 1888 628 91 71 1636 554 519 254 1082 374 266
internal_count=4199 2261 373 133 1938 187 1751 115 165 144 85 111 1888 628 91 71 1636 554 519 254 1082 374 266
is_linear=0
shrinkage=0.05


Tree=91
num_leaves=24
num_cat=5
split_feature=0 0 5 15 5 2 0 5 17 14 11 5 0 2 3 14 9 0 5 2 2 7 5
split_gain=7.81266 1.33264 0.629454 0.822329 0.64824 0.597137 1.41474 1.14363 0.848613 0.559365 0.542004 0.508001 1.04843 0.977076 1.09775 0.819896 0.871935 0.580258 3.49355 4.01286 0.504959 0.491131 0.478364
threshold=0 1 1.3661093842275072 107.21157695978535 0.40013708798615666 2036.5000000000002 2 0.71283530371631154 73.879583333333343 5539.9792550111761 1.5183890241915792 1.0503106425183286 3 2029.5000000000002 1.0000000180025095e-35 45557.650428587818 3743.3427231533219 4 0.74651220879099955 2027.5000000000002 2031.5000000000002 1.0000000180025095e-35 0.55782275054609032
decision_type=1 1 2 2 2 2 1 2 2 2 2 2 1 2 2 2 2 1 2 2 2 2 2
left_child=-1 9 4 -4 -3 10 -7 -8 -9 -2 11 17 -13 -14 15 16 -15 18 19 -6 -21 -5 -11
right_child=1 2 3 21 5 6 7 8 -10 22 -12 12 13 14 -16 -17 -18 -19 -20 20 -22 -23 -24
leaf_value=-9.0231404418027736 0.95717149249690159 0.25232532325372914 -0.32685928696822342 0.020728444590291582 0.35792919057010714 -1.9416325475975929 -1.4745889355176462 0.11973532240836014 0.024901406259343197 -5.1110871049742705 0.099428832926193533 -3.5012263961747707 -0.99859156935842452 0.34532545887936406 -0.2706672874205191 0.07108516264849668 -0.071322938499849289 -0.91032277526483019 -1.7573307667571614 0.12648367511425249 -0.3226358565632389 0.42763534890285487 0.13573889502751582
leaf_weight=1569 20 33 141 32 20 131 56 147 176 27 49 129 140 37 61 115 23 613 147 21 29 23 460
leaf_count=1569 20 33 141 32 20 131 56 147 176 27 49 129 140 37 61 115 23 613 147 21 29 23 460
internal_value=-0.00218981 -0.000511365 -0.00106189 0.00163265 -0.00134146 -0.00146251 -1.19209e-09 0.00155527 0.00273994 0.00176982 -0.00200145 -0.00219101 -0.000940595 0.000440413 0.00241525 0.00442857 0.00916667 -0.00295181 -0.000594715 0.00857143 0.000999999 0.00681818 0.00146817
internal_weight=4199 2630 2123 196 1927 1894 510 379 323 507 1384 1335 505 376 236 175 60 830 217 70 50 55 487
internal_count=4199 2630 2123 196 1927 1894 510 379 323 507 1384 1335 505 376 236 175 60 830 217 70 50 55 487
cat_boundaries=0 1 2 3 4 5
cat_threshold=35 128 64 64 64
is_linear=0
shrinkage=0.05


Tree=92
num_leaves=24
num_cat=4
split_feature=0 0 5 5 5 0 5 5 14 9 9 5 9 9 17 5 15 5 5 1 14 14 5
split_gain=7.11335 1.3035 0.605596 0.49804 0.409915 0.505846 1.85089 1.84671 1.15748 0.95112 0.754209 0.408734 0.386615 0.743714 0.400204 0.637121 0.465872 0.417214 0.346291 0.719133 0.321687 1.02564 0.650163
threshold=0 1 1.449774343129308 0.55782275054609032 0.40013708798615666 2 0.73459936002505744 0.8683379809646673 52038.968929972791 3363.9400976833381 16142.883537625179 1.449774343129308 1836.9916982578663 1234.5197469367079 73.879583333333343 0.92432712047662835 111.8084303743138 1.1704710721111968 1.4971340844100429 3 45557.650428587818 39316.05765398981 0.97590027831923531
decision_type=1 1 2 2 2 1 2 2 2 2 2 2 2 2 2 2 2 2 2 1 2 2 2
left_child=-1 3 4 -2 -3 7 8 -6 -7 -10 -11 12 13 14 15 -5 -16 -17 -4 -20 21 22 -9
right_child=1 2 18 11 5 6 -8 20 9 10 -12 -13 -14 -15 16 17 -18 -19 19 -21 -22 -23 -24
leaf_value=-8.5719834197126357 -4.8555327497255591 0.2397090570910427 0.38662767700778605 0.93423707795704269 -0.86004641259501613 -0.22430187880375355 -0.93648653402344706 -0.67524425062091775 0.31998280424718417 -0.36516621841165736 0.1139822079144983 3.8110033056324668 0.013248928152632448 0.41979273290682556 -0.19782277980281324 -0.13643045779325857 1.7576107222636292 0.69853584910957645 0.040450763563373821 -0.69473181668923911 -0.0056208806432106765 0.18131307759126636 0.084673051769556917
leaf_weight=1569 27 33 35 33 326 70 839 37 33 21 33 22 267 20 60 34 23 21 38 44 411 32 171
leaf_count=1569 27 33 35 33 326 70 839 37 33 21 33 22 267 20 60 34 23 21 38 44 411 32 171
internal_value=-0.00228507 -0.000681819 -0.00122597 0.0015764 -0.00143569 -0.00152813 -0.0023161 -0.000694023 0.00264331 0.00649425 0.00240741 0.00197917 0.00165939 0.00337696 0.00230994 0.00465909 -0.000180724 0.00136364 0.00226496 0.000487804 0.000837172 0.00229167 0.00100961
internal_weight=4199 2630 2123 507 2006 1973 996 977 157 87 54 480 458 191 171 88 83 55 117 82 651 240 208
internal_count=4199 2630 2123 507 2006 1973 996 977 157 87 54 480 458 191 171 88 83 55 117 82 651 240 208
cat_boundaries=0 1 2 3 4
cat_threshold=35 128 12 1
is_linear=0
shrinkage=0.05


Tree=93
num_leaves=24
num_cat=4
split_feature=0 0 5 0 2 19 5 15 14 2 2 15 14 9 11 2 7 19 5 9 1 5 15
split_gain=7.19991 0.93309 0.731962 3.12641 1.15926 0.620305 1.08957 0.635371 0.618312 0.787447 0.505841 0.498069 1.49794 0.775212 0.928 0.731602 0.649002 0.479616 0.454438 0.441964 0.504503 0.433596 0.391267
threshold=0 1 1.0471804065065857 2 2029.5000000000002 1.0000000180025095e-35 0.53101761050589735 179.70208347118748 53652.580284121846 2035.5000000000002 2038.5000000000002 91.467577018762711 108912.87074516712 1892.6379365957689 0.44817120303621399 2035.5000000000002 1.0000000180025095e-35 1.0000000180025095e-35 0.55782275054609032 10694.82362200683 3 1.449774343129308 47.558904382907706
decision_type=1 1 2 1 2 2 2 2 2 2 2 2 2 2 2 2 2 2 2 2 1 2 2
left_child=-1 18 5 -4 21 6 -3 -7 9 -8 11 13 16 14 -6 -14 -13 -15 -2 20 -12 -5 -16
right_child=1 2 3 4 10 7 8 -9 -10 -11 19 12 15 17 22 -17 -18 -19 -20 -21 -22 -23 -24
leaf_value=-8.1433842487270027 -4.6127561122392837 0.22920011514177796 -3.5185110472858891 -0.72775233555470686 0.40295242804672943 -0.48217679536656388 -0.22285881816991618 0.21048329053387277 -0.26668193464598988 0.23182699149890357 0.27085916181156788 0.29626522763172985 -0.103408168974733 0.29546976038262435 0.090638929972010757 0.17626565438393799 0.53931304384028322 -0.0116677656097154 0.13649075252796417 -0.26717640372195522 -0.060113198698775253 0.29873387057155759 -0.15727187499757533
leaf_weight=1569 27 21 244 165 43 1014 41 23 62 23 23 27 44 21 58 33 35 121 480 33 40 27 25
leaf_count=1569 27 21 244 165 43 1014 41 23 62 23 23 27 44 21 58 33 35 121 480 33 40 27 25
internal_value=-0.00223744 -0.000625001 -0.00108533 -4.79245e-05 0.00166667 -0.00191723 0.00112245 -0.00234812 -0.000634922 0.0028125 0.00295229 0.00372236 0.00615108 0.00246269 0.00531746 0.00149351 0.0119355 -7.04237e-05 0.00128627 -0.000312501 0.00214286 -0.00161458 0.00222891
internal_weight=4199 2630 2123 939 695 1184 147 1037 126 64 503 407 139 268 126 77 62 142 507 96 63 192 83
internal_count=4199 2630 2123 939 695 1184 147 1037 126 64 503 407 139 268 126 77 62 142 507 96 63 192 83
cat_boundaries=0 1 2 3 4
cat_threshold=35 128 64 2
is_linear=0
shrinkage=0.05


Tree=94
num_leaves=24
num_cat=3
split_feature=0 0 2 0 11 2 7 4 15 3 15 15 15 9 11 7 15 17 6 7 15 8 19
split_gain=7.00768 0.803101 0.63455 1.32602 0.578011 0.461217 0.705185 0.411885 0.573774 0.377553 0.538568 0.786455 0.396023 0.348011 0.343919 0.392844 0.893998 0.71698 0.45873 0.421488 0.310386 0.668811 0.332684
threshold=0 1 2036.5000000000002 2 1.5183890241915792 2037.5000000000002 1.5000000000000002 1.0000000180025095e-35 119.29414245960304 1.0000000180025095e-35 27.163797107848534 77.527656457376409 132.58468279405687 291.85099732180862 1.4932489547972019 1.5000000000000002 52.811123407476593 73.879583333333343 1.0000000180025095e-35 2.5000000000000004 90.206750750903851 1.5000000000000002 1.0000000180025095e-35
decision_type=1 1 2 1 2 2 2 2 2 2 2 2 2 2 2 2 2 2 2 2 2 2 2
left_child=-1 14 4 -4 20 6 13 9 -9 10 -7 -12 -13 -5 15 -2 17 -17 -19 -18 22 -22 -3
right_child=1 2 3 5 -6 7 -8 8 -10 -11 11 12 -14 -15 -16 16 19 18 -20 -21 21 -23 -24
leaf_value=-7.7362150362906537 0.016907572182600694 0.0091169948662396423 -1.6975144167792795 0.14258323788158661 0.10490812967735066 -0.054296485808712935 0.14431655597446932 -0.31952693118311942 0.59325604401381438 -0.033513816388628256 0.30671864773751256 -0.085582857267851184 0.39155352706038582 -0.021668441893996533 -1.3882302176945602 1.6116614418428552 0.90135763383560574 0.94412136859345264 -0.17933258920947548 -0.86618785245711527 -0.19037702975558937 0.29364573523481152 -0.56667902411387139
leaf_weight=1569 310 117 144 20 53 40 27 93 32 71 45 39 20 44 22 38 40 24 21 52 507 38 833
leaf_count=1569 310 117 144 20 53 40 27 93 32 71 45 39 20 44 22 38 40 24 21 52 507 38 833
internal_value=-0.00227316 -0.000681819 -0.00110877 0.000304347 -0.00164083 0.00168934 0.00489011 0.000882352 -0.0014 0.0022093 0.00368055 0.00557692 0.00177966 0.00203125 0.00109284 0.00139175 0.00328571 0.00704819 0.00277778 -0.000108697 -0.00182274 -0.000871561 -0.00236842
internal_weight=4199 2630 2123 575 1548 431 91 340 125 215 144 104 59 64 507 485 175 83 45 92 1495 545 950
internal_count=4199 2630 2123 575 1548 431 91 340 125 215 144 104 59 64 507 485 175 83 45 92 1495 545 950
cat_boundaries=0 1 2 3
cat_threshold=35 128 64
is_linear=0
shrinkage=0.05


Tree=95
num_leaves=24
num_cat=4
split_feature=0 5 0 2 0 5 2 2 5 9 0 18 36 9 3 4 9 16 5 7 5 5 7
split_gain=6.71454 0.781594 3.26369 1.09253 0.734065 3.11567 2.3099 1.56906 1.39593 1.05281 0.939702 0.678915 0.655928 0.880103 0.599718 0.70021 0.499632 0.465034 0.569857 0.486352 0.454218 0.403355 0.388383
threshold=0 1.0503106425183286 1 2027.5000000000002 2 0.74651220879099955 2029.5000000000002 2034.5000000000002 0.71283530371631154 1158.0435319263895 3 1.0000000180025095e-35 1.0000000180025095e-35 455.53286219347382 1.0000000180025095e-35 1.0000000180025095e-35 30481.089817069253 2.1729166666666671 0.9444895548775013 1.5000000000000002 0.8899652155658534 0.40013708798615666 1.5000000000000002
decision_type=1 2 1 2 1 2 2 2 2 2 1 2 2 2 2 2 2 2 2 2 2 2 2
left_child=21 4 -3 -4 5 6 9 -6 -9 -2 16 -10 22 -14 15 17 -7 18 19 -13 -16 -1 -5
right_child=1 2 3 12 7 10 -8 8 11 -11 -12 14 13 -15 20 -17 -18 -19 -20 -21 -22 -23 -24
leaf_value=-0.11628717623838954 0.39553076717201652 -3.3008263849587465 -0.77508412508746916 0.051031377529335037 -0.99604638763475095 -0.02614849923183207 0.078834780629690501 -1.5164556847169535 -0.4807411317897694 0.25332101702948234 -1.7730151487830359 0.38218314172366841 -0.014086428848812628 1.2922469688855838 -0.43346505925885437 -0.025718848343743318 1.9857074093583387 0.22147421366747949 -0.068713705334779676 0.48983325942945782 0.2173066360286954 -7.9851936610379433 0.26785060440310698
leaf_weight=22 22 242 117 485 513 179 129 99 31 34 210 36 27 34 35 46 33 22 32 26 38 1547 240
leaf_count=22 22 242 117 485 513 179 129 99 31 34 210 36 27 34 35 46 33 22 32 26 38 1547 240
internal_value=-0.00229698 -0.000738638 0.000240173 0.0016265 -0.00149832 -0.000137765 0.00527027 -0.00240991 6.8492e-05 0.01375 -0.00251185 0.00195489 0.00231552 0.00729508 0.00287234 0.0045679 -4.50462e-05 0.00663793 0.00510638 0.00790322 -0.000890412 -0.00487334 0.00189655
internal_weight=4199 2630 1145 903 1485 607 185 878 365 56 422 266 786 61 235 162 212 116 94 62 73 1569 725
internal_count=4199 2630 1145 903 1485 607 185 878 365 56 422 266 786 61 235 162 212 116 94 62 73 1569 725
cat_boundaries=0 1 2 3 4
cat_threshold=35 64 192 128
is_linear=0
shrinkage=0.05


Tree=96
num_leaves=24
num_cat=4
split_feature=0 5 0 5 15 0 5 5 5 2 5 0 5 11 5 14 15 19 14 3 5 9 9
split_gain=6.22487 0.758597 0.979015 0.718773 1.3362 0.648085 0.450715 0.432157 0.403355 0.385971 2.03251 1.52254 1.50985 0.992777 0.941592 0.660734 0.454517 0.75045 0.744821 0.639089 0.600063 0.57495 0.453556
threshold=0 1.3618862516084771 1 1.5300513205035833 98.124676241988269 2 1.5300513205035833 0.40013708798615666 0.40013708798615666 2029.5000000000002 0.74651220879099955 3 0.81306325873261354 0.23891009328262117 0.62850798343534187 76593.118290734303 129.15408329566625 1.0000000180025095e-35 127877.92950989387 1.0000000180025095e-35 0.9444895548775013 10314.443191076054 8149.6695448327418
decision_type=1 2 1 2 2 1 2 2 2 2 2 1 2 2 2 2 2 2 2 2 2 2 2
left_child=8 5 3 4 -3 -2 -4 -7 -1 10 13 14 -13 15 -11 -9 17 19 -18 -14 -20 22 -19
right_child=1 2 6 -5 -6 7 -8 9 -10 11 -12 12 16 -15 -16 -17 18 21 20 -21 -22 -23 -24
leaf_value=-0.11047281742647018 0.039398097726403861 0.04690502008035595 -0.29128115706683 -0.085065962277383014 0.36910049400503947 0.28056844886386506 1.8190115383996586 -0.36034439822658598 -7.5859339779860449 0.16466291868223015 -1.0885303387292458 -0.82495933072992755 0.22382928047673564 0.26194200537248724 -1.5726940375563616 0.12927107887028935 0.33748532702145267 0.05048785935672595 0.43444101870967328 -0.13351398769204398 -0.046213748027928936 -0.27219465030872503 0.14225589356425436
leaf_weight=22 451 52 111 34 24 33 42 33 1547 24 431 263 54 36 325 29 24 361 27 20 62 170 24
leaf_count=22 451 52 111 34 24 33 42 33 1547 24 431 263 54 36 325 29 24 361 27 20 62 170 24
internal_value=-0.00239224 -0.000890153 0.00165399 0.005 0.00815789 -0.0011766 -0.00101227 -0.00157321 -0.00487334 -0.00168083 -0.00282609 -0.00123338 -0.000221676 0.00367347 -0.00402507 -0.000161292 0.000929918 0.000405404 0.00384956 0.00513513 0.00174157 -0.000225226 0.000844155
internal_weight=4199 2630 263 110 76 2367 153 1916 1569 1883 529 1354 1005 98 349 62 742 629 113 74 89 555 385
internal_count=4199 2630 263 110 76 2367 153 1916 1569 1883 529 1354 1005 98 349 62 742 629 113 74 89 555 385
cat_boundaries=0 1 2 3 4
cat_threshold=35 24 128 64
is_linear=0
shrinkage=0.05


Tree=97
num_leaves=24
num_cat=3
split_feature=0 0 5 2 5 5 2 9 2 9 9 15 15 14 0 5 2 2 5 15 5 5 2
split_gain=5.94847 0.910046 1.29288 0.684445 0.668661 0.416629 0.901236 0.497216 0.973542 0.660207 0.820087 0.625862 0.523206 0.507946 0.407822 4.26249 4.28554 1.55688 1.21418 0.476913 0.716595 0.614902 0.527164
threshold=0 1 1.0719064968597067 2038.5000000000002 0.40013708798615666 1.395838970718613 2031.5000000000002 1399.7409091054508 2032.5000000000002 7262.3728707664641 23106.228101876706 49.752778293404454 98.124676241988269 39316.05765398981 2 0.74651220879099955 2029.5000000000002 2029.5000000000002 0.75151658956402845 132.58468279405687 0.97590027831923531 0.9444895548775013 2037.5000000000002
decision_type=1 1 2 2 2 2 2 2 2 2 2 2 2 2 1 2 2 2 2 2 2 2 2
left_child=-1 2 3 -2 -3 7 -7 8 -4 -9 11 -11 -13 -10 17 16 -16 -6 -19 20 -20 -21 -22
right_child=1 4 5 -5 14 6 -8 9 13 10 -12 12 -14 -15 15 -17 -18 18 19 21 22 -23 -24
leaf_value=-6.5708479025249211 -0.078105883800598519 0.34155123485683497 -0.083174119403011948 0.44879016400854888 -1.2177847037568259 0.47150737287663952 0.84946777623465408 -0.43821400582222081 0.097536391214161564 0.95874491946839202 -0.12994873715708496 -0.089024194255412428 0.77937718783890897 1.5798617215332371 0.33523716596318082 -2.485915117420483 -0.09947098134735867 -1.3130146258298543 -0.22355839769395863 0.74182743659240724 0.1967556391319191 0.07573937682289611 -0.024868122154515025
leaf_weight=1569 519 27 48 81 292 28 52 73 35 27 67 38 22 23 32 452 62 137 168 25 254 60 108
leaf_count=1569 519 27 48 81 292 28 52 73 35 27 67 38 22 23 32 452 62 137 168 25 254 60 108
internal_value=-0.00241605 -0.000946971 0.000229715 -0.00125 -0.00168101 0.00238499 0.005625 0.00160661 0.00443396 0.000286342 0.00214286 0.00534483 0.0025 0.0087931 -0.0018239 -0.00293166 0.00670213 -0.00120493 -1.32991e-05 0.000934958 0.000377357 0.00441176 0.00162983
internal_weight=4199 2630 1013 600 1617 413 80 333 106 227 154 87 60 58 1590 546 94 1044 752 615 530 85 362
internal_count=4199 2630 1013 600 1617 413 80 333 106 227 154 87 60 58 1590 546 94 1044 752 615 530 85 362
cat_boundaries=0 1 2 3
cat_threshold=35 136 20
is_linear=0
shrinkage=0.05


Tree=98
num_leaves=24
num_cat=3
split_feature=0 0 5 0 5 5 2 5 2 5 15 5 2 15 7 2 5 8 11 11 5 5 7
split_gain=5.60095 0.789203 0.417748 0.545092 4.10064 1.47129 1.38775 1.06876 1.77273 0.655958 0.835626 0.39954 0.390533 0.390628 0.743625 0.346777 0.443949 0.327179 0.317218 1.17051 0.457248 0.391739 0.572727
threshold=0 1 0.40013708798615666 2 0.62850798343534187 0.81306325873261354 2029.5000000000002 0.75606233012901958 2030.5000000000002 1.294853711309133 119.29414245960304 0.40013708798615666 2038.5000000000002 91.467577018762711 1.5000000000000002 2036.5000000000002 0.71283530371631154 1.5000000000000002 0.070456147652569259 0.24485615319856865 0.83296196964687219 1.2393793021592654 1.5000000000000002
decision_type=1 1 2 1 2 2 2 2 2 2 2 2 2 2 2 2 2 2 2 2 2 2 2
left_child=11 12 -3 4 -4 15 9 8 -6 -7 -11 -1 17 14 -14 -5 -17 -2 20 -20 -8 -21 -23
right_child=1 2 3 5 7 6 18 -9 -10 10 -12 -13 13 -15 -16 16 -18 -19 19 21 -22 22 -24
leaf_value=0.22359321857109987 0.024475668848725624 0.24946246467782984 0.32456475919700711 -1.1910491924815187 0.17636672047185767 -0.83360879592055714 0.16314140996129992 -2.5338857861969277 -0.28860044885278296 -0.65600077267686896 0.29998257227278796 -6.8780948839604967 -0.61742839497882851 5.4506455122418274 1.6444368647759722 -1.2021983582155529 0.18765895537889321 -0.78776221356181386 0.38816020446026755 -0.0073675849618449075 -0.0048226933154082007 0.36786924223824191 -1.0280340184051464
leaf_weight=22 400 33 35 265 27 268 20 445 39 51 20 1547 31 20 27 56 38 29 35 213 501 55 22
leaf_count=22 400 33 35 265 27 268 20 445 39 51 20 1547 31 20 27 56 38 29 35 213 501 55 22
internal_value=-0.0024875 -0.00106061 -0.00148383 -0.00157895 -0.00293166 -0.00107465 -0.000232069 -0.00411937 0.00181818 -0.0029351 0.00133803 -0.00484167 0.000705995 0.00397436 0.00189655 -0.0038858 -0.0012766 0.000128204 0.000851063 0.00207692 8.63712e-05 0.00103448 0.00409091
internal_weight=4199 2630 2123 2090 546 1544 1185 511 66 339 71 1569 507 78 58 359 94 429 846 325 521 290 77
internal_count=4199 2630 2123 2090 546 1544 1185 511 66 339 71 1569 507 78 58 359 94 429 846 325 521 290 77
cat_boundaries=0 1 2 3
cat_threshold=35 128 64
is_linear=0
shrinkage=0.05


Tree=99
num_leaves=24
num_cat=3
split_feature=0 0 5 5 5 5 0 5 7 17 5 5 15 5 5 17 5 5 9 9 5 5 5
split_gain=5.21127 0.914964 0.777822 0.433648 0.505448 0.428391 0.486061 3.55392 1.38412 1.44386 1.37111 0.513984 0.342398 0.499063 0.399726 0.316348 0.413687 1.05418 0.667361 0.4 0.392538 0.291065 0.284817
threshold=0 1 0.42540951297941754 1.1912409331906684 1.2485015017600369 0.40013708798615666 2 0.7681049980012834 1.0000000180025095e-35 73.879583333333343 0.81306325873261354 0.64337206274225478 150.40558475323348 1.294853711309133 0.938622391824802 73.879583333333343 1.0794653556291733 1.1543510596373601 6903.6396382591493 865.48227627154677 0.84175118767219159 1.2451720273098628 0.55782275054609032
decision_type=1 1 2 2 2 2 1 2 2 2 2 2 2 2 2 2 2 2 2 2 2 2 2
left_child=2 3 -1 22 -5 -3 7 8 9 -7 -8 -10 15 14 -14 16 20 18 19 -18 -12 -17 -2
right_child=1 5 -4 4 -6 6 10 -9 11 -11 12 -13 13 -15 -16 21 17 -19 -20 -21 -22 -23 -24
leaf_value=0.26142155684521606 -4.3827435743615011 0.23698934144393846 -6.7285122698962727 1.4031357177979187 0.4636252610884391 0.32294317899408054 -0.95769166154500851 -2.5452079399495968 0.16058540798807561 0.003955269633911236 0.18915558870260069 -0.066905859369057477 0.33164102924414179 0.61400595594605578 -0.052902890956836639 -0.11656236109557683 0.079571202828640553 -0.0055518610677660445 0.25372580229222214 -0.31486365127690052 -0.226927216502953 0.0076217257273720838 0.018469044768034706
leaf_weight=31 27 33 1538 33 100 27 359 437 23 22 26 37 22 21 58 416 20 200 32 20 224 146 347
leaf_count=31 27 33 1538 33 100 27 359 437 23 22 26 37 22 21 58 416 20 200 32 20 224 146 347
internal_value=-0.00247559 -0.00109849 -0.00474668 0.000802707 0.00327068 -0.00155415 -0.00165072 -0.00293166 0.00509174 0.0113265 -0.00117117 -1.19209e-09 -0.000358651 0.00242574 0.000624999 -0.000618082 0.000268198 0.00161765 0.00680555 0.0025 -0.0012 -0.00144128 -5.34771e-05
internal_weight=4199 2630 1569 507 133 2123 2090 546 109 49 1544 60 1185 101 80 1084 522 272 72 40 250 562 374
internal_count=4199 2630 1569 507 133 2123 2090 546 109 49 1544 60 1185 101 80 1084 522 272 72 40 250 562 374
cat_boundaries=0 1 2 3
cat_threshold=35 128 64
is_linear=0
shrinkage=0.05


Tree=100
num_leaves=24
num_cat=3
split_feature=0 5 0 2 5 0 5 2 7 5 2 5 5 3 5 2 17 6 15 8 7 2 15
split_gain=4.73281 1.58708 0.806059 0.659729 0.421281 0.525085 3.55392 3.89152 2.5 1.30449 1.30861 0.971752 0.568116 0.414498 0.61118 0.411987 0.39515 0.494592 0.45888 0.426566 0.55881 0.390533 0.390628
threshold=0 0.54654052051512081 1 2028.5000000000002 0.40013708798615666 2 0.7681049980012834 2030.5000000000002 1.0000000180025095e-35 0.74651220879099955 2030.5000000000002 1.1118254632596161 0.60620533040346569 1.0000000180025095e-35 0.78493427256843895 2027.5000000000002 73.879583333333343 1.0000000180025095e-35 155.12674689967074 1.0000000180025095e-35 1.0000000180025095e-35 2038.5000000000002 91.467577018762711
decision_type=1 2 1 2 2 1 2 2 2 2 2 2 2 2 2 2 2 2 2 2 2 2 2
left_child=1 3 21 -1 -4 6 7 8 -6 -7 11 -11 -9 14 -12 -13 17 19 -18 20 -16 -2 -23
right_child=2 -3 4 -5 5 9 -8 12 -10 10 13 15 -14 -15 16 -17 18 -19 -20 -21 -22 22 -24
leaf_value=0.57948757625893166 0.0062406022245886598 -7.4428862700678824 0.22513987437174157 -0.65475616714346163 0.29987900509076909 -1.1941082584763645 -2.4179475429521173 0.1516789681903149 0.16479328148904734 -0.91447096381896742 0.45834990480603621 -0.62292334491997514 -0.28190775739913443 -0.015586208273747966 0.043607200688660024 0.14517791022678575 -0.010305544256992798 0.29358788448496842 0.39331818904772614 -0.56899105364935676 0.33364509400340792 0.90215116809431573 5.1148797527426089
leaf_weight=20 429 1484 33 65 20 252 437 20 20 262 20 71 49 251 147 115 280 50 27 35 34 58 20
leaf_count=20 429 1484 33 65 20 252 437 20 20 262 20 71 49 251 147 115 280 50 27 35 34 58 20
internal_value=-0.00239224 -0.00455668 -0.00107955 0.00205882 -0.00150727 -0.00160287 -0.00293166 0.00509174 0.0175 -0.00110682 -0.000472137 -0.00265625 -0.00210145 0.000687203 0.00140809 0.000107526 0.0011082 0.0025188 -0.000114008 0.00148148 0.00245856 0.000705995 0.00397436
internal_weight=4199 1569 2630 85 2123 2090 546 109 40 1544 1292 448 69 844 593 186 573 266 307 216 181 507 78
internal_count=4199 1569 2630 85 2123 2090 546 109 40 1544 1292 448 69 844 593 186 573 266 307 216 181 507 78
cat_boundaries=0 1 2 3
cat_threshold=35 128 64
is_linear=0
shrinkage=0.05


Tree=101
num_leaves=24
num_cat=5
split_feature=0 5 2 0 9 2 0 16 5 5 9 2 7 1 16 2 9 5 14 5 0 2 15
split_gain=4.56123 1.76338 1.28116 0.806059 0.723994 0.530604 1.18845 0.808825 0.553888 0.643868 0.738308 0.391488 0.661926 0.711111 0.591677 0.390533 0.42877 0.382726 0.794484 0.459657 1.1032 0.450252 0.502296
threshold=0 0.59363815052548841 2028.5000000000002 1 291.85099732180862 2036.5000000000002 2 1.0000000180025095e-35 0.6677617044747115 0.89340953320853456 3046.0774112961449 2038.5000000000002 1.5000000000000002 3 1.756416666666667 2038.5000000000002 1375.1707708702409 0.50361592300952374 59013.550843035846 1.0816180947461709 4 2027.5000000000002 18.577992380300092
decision_type=1 2 2 1 2 2 1 2 2 2 2 2 2 1 2 2 2 2 2 2 1 2 2
left_child=1 2 -1 15 -4 17 8 -8 -7 10 -10 12 13 -11 -13 -2 -17 18 -5 -19 -21 -22 -23
right_child=3 -3 4 5 -6 6 7 -9 9 11 -12 14 -14 -15 -16 16 -18 19 -20 20 21 22 -24
leaf_value=0.97493094202728536 0.0059285721133596819 -7.5078220044266706 0.27128710414862484 -0.21808081015536948 -1.0825710234729777 -1.5436089149128185 0.31317466613966616 -0.25485650805014592 0.14269021754670758 1.0046880570405285 0.29623938969925673 -0.34070053464117023 0.20587737649222146 -0.096230893031380757 0.087162701163449152 1.3046928615704818 1.6240343377637512 -0.34059897958584751 0.26523803024994946 -2.296311362329968 -0.69650181747512829 0.10087599037396072 0.041848587712433188
leaf_weight=24 429 1451 21 27 73 24 28 278 36 24 35 65 26 36 23 29 49 905 20 163 79 28 326
leaf_count=24 429 1451 21 27 73 24 28 278 36 24 35 65 26 36 23 29 49 905 20 163 79 28 326
internal_value=-0.00236842 -0.00449335 0.00135593 -0.00107955 -0.0012766 -0.00150727 -0.000217392 -0.00231013 0.00216846 0.00295918 0.00697183 0.00132184 0.00372093 0.000833332 -0.00102273 0.000705995 0.00397436 -0.00199613 0.00244681 -0.00213524 -0.00105705 0.000304739 0.00107345
internal_weight=4199 1569 118 2630 94 2123 575 306 269 245 71 174 86 60 88 507 78 1548 47 1501 596 433 354
internal_count=4199 1569 118 2630 94 2123 575 306 269 245 71 174 86 60 88 507 78 1548 47 1501 596 433 354
cat_boundaries=0 1 2 3 4 5
cat_threshold=35 128 24 1 64
is_linear=0
shrinkage=0.05


Tree=102
num_leaves=24
num_cat=3
split_feature=0 5 2 9 0 2 0 5 19 14 4 15 14 9 7 11 14 5 14 5 7 18 17
split_gain=4.98267 1.76338 1.28116 0.723994 0.676172 0.450837 1.06223 0.778702 0.537871 0.68495 0.41405 0.793192 0.554044 0.940924 1.225 0.409137 0.473008 0.525841 0.390909 0.629762 0.625 0.408405 1.09094
threshold=0 0.59363815052548841 2028.5000000000002 291.85099732180862 1 2036.5000000000002 2 0.6677617044747115 1.0000000180025095e-35 68481.894462698969 1.0000000180025095e-35 116.28100362387077 45557.650428587818 1052.2011204692233 1.0000000180025095e-35 1.5183890241915792 40751.239959659339 0.48900742528759283 46697.539181274136 0.91917282543764645 1.5000000000000002 1.0000000180025095e-35 73.879583333333343
decision_type=1 2 2 2 1 2 1 2 2 2 2 2 2 2 2 2 2 2 2 2 2 2 2
left_child=1 2 -1 -4 -2 15 -7 -8 9 -9 12 -12 13 -10 -15 16 -6 -18 19 -19 -21 22 -20
right_child=4 -3 3 -5 5 6 7 8 10 -11 11 -13 -14 14 -16 -17 17 18 21 20 -22 -23 -24
leaf_value=0.92618439492592042 0.071217569029319513 -7.1324309042053375 0.25772274894119346 -1.0284424722993288 -0.44957163502389597 -1.4753222248627453 -1.6612036499517053 0.21502296102593565 -0.10500092050624205 -0.093695318901181088 -0.20556151206997089 0.45912834317090567 0.0054636291953324536 1.3412008549847585 0.14620979628312697 0.027374419075678308 0.21196515373803326 -1.0844343742543072 0.24203098353791441 0.28499213624909647 -0.4047301838607224 -0.23761717489924281 -0.17842244036832433
leaf_weight=24 507 1451 21 73 514 144 46 26 38 20 94 33 134 20 20 53 22 30 39 20 20 784 66
leaf_count=24 507 1451 21 73 514 144 46 26 38 20 94 33 134 20 20 53 22 30 39 20 20 784 66
internal_value=-0.00227316 -0.00449335 0.00135593 -0.0012766 -0.000928031 -0.00131974 -0.000130436 0.00112245 0.00188312 0.00695652 0.00119469 -0.00106299 0.00254717 0.00589743 0.01125 -0.00177003 -0.00192308 -0.00127931 -0.00145464 0.00214286 0.00625 -0.00173791 0.00119047
internal_weight=4199 1569 118 94 2630 2123 575 431 385 46 339 127 212 78 40 1548 1495 981 959 70 40 889 105
internal_count=4199 1569 118 94 2630 2123 575 431 385 46 339 127 212 78 40 1548 1495 981 959 70 40 889 105
cat_boundaries=0 1 2 3
cat_threshold=35 128 64
is_linear=0
shrinkage=0.05


Tree=103
num_leaves=24
num_cat=4
split_feature=0 0 19 15 2 9 18 15 9 15 9 15 36 15 0 2 15 11 1 15 15 11 11
split_gain=4.9129 0.645472 0.439554 0.485412 0.390533 0.42877 0.355536 0.351822 0.826098 0.566907 0.731672 0.246313 0.280793 0.473572 0.31569 0.402079 0.472302 0.865031 0.410948 0.358605 0.250875 0.24131 0.942157
threshold=0 1 1.0000000180025095e-35 179.70208347118748 2038.5000000000002 1375.1707708702409 1.0000000180025095e-35 102.80552441240948 15565.808732800955 31.635187667559883 291.85099732180862 91.467577018762711 0.035593289295369167 35.604138935003014 2 2034.5000000000002 53.616115913572237 0.15630645088281353 3 63.018471646829688 93.947874581071915 0.47248444076332463 0.21267961278353706
decision_type=1 1 2 2 2 2 2 2 2 2 2 2 2 2 1 2 2 2 1 2 2 2 2
left_child=-1 4 6 11 -2 -6 -3 8 9 -8 -11 12 14 21 15 -4 18 19 -17 -18 -13 22 -14
right_child=1 2 3 -5 5 -7 7 -9 -10 10 -12 20 13 -15 -16 16 17 -19 -20 -21 -22 -23 -24
leaf_value=-4.8668139412726754 0.0020712650562234136 -0.20307546123110809 -0.51436753197500029 0.14017597474614826 1.2358973400404925 1.539271742424112 -0.2837268779329698 -0.15213511113292258 0.17879088193337958 0.17176524504528776 -0.016519487159275769 0.44261151196251292 -0.11458711646231255 0.093224851463032485 -0.61170234199440832 0.055798733737300779 0.14923384722650132 0.60082195851112419 -0.25574300596575045 -0.11210211550915604 -0.032425501372783237 -0.29959526328163227 0.35477161550389485
leaf_weight=1569 429 25 294 39 29 49 54 64 30 26 57 21 48 21 547 28 20 25 115 33 593 63 20
leaf_count=1569 429 25 294 39 29 49 54 64 30 26 57 21 48 21 547 28 20 25 115 33 593 63 20
internal_value=-0.00222553 -0.000890153 -0.00127286 -0.00154526 0.000705995 0.00397436 0.000664061 0.00127706 0.00248503 0.000839415 0.00343373 -0.00166302 -0.00207578 -6.57907e-05 -0.00236347 -0.00138095 0.000203619 0.00333333 -0.0015035 -0.00028302 -0.000846907 -0.00118321 0.000882352
internal_weight=4199 2630 2123 1867 507 78 256 231 167 137 83 1828 1214 152 1062 515 221 78 143 53 614 131 68
internal_count=4199 2630 2123 1867 507 78 256 231 167 137 83 1828 1214 152 1062 515 221 78 143 53 614 131 68
cat_boundaries=0 1 2 3 4
cat_threshold=35 128 12 4
is_linear=0
shrinkage=0.05


Tree=104
num_leaves=24
num_cat=4
split_feature=0 5 2 10 0 5 5 2 5 2 5 15 15 17 5 5 2 9 5 0 2 0 7
split_gain=5.09333 2.05923 1.74395 0.983041 0.626305 1.06439 0.688346 0.901236 0.621813 0.550422 0.487079 0.479508 0.592283 0.723312 1.01379 0.823071 0.673479 0.385073 0.368169 2.32281 5.00027 2.0223 1.75207
threshold=0 0.61287064589900508 2028.5000000000002 1.5000000000000002 1 0.8683379809646673 1.395838970718613 2031.5000000000002 0.40013708798615666 2033.5000000000002 0.89919980469317551 19.272280703621643 50.690145754462016 74.884166666666673 1.0341220573097172 1.2553521696088608 2034.5000000000002 3422.9760890567318 0.78493427256843895 2 2031.5000000000002 3 1.0000000180025095e-35
decision_type=1 2 2 2 1 2 2 2 2 2 2 2 2 2 2 2 2 2 2 1 2 1 2
left_child=1 2 -1 -4 5 9 10 -8 -6 -2 -7 -12 13 14 -13 16 -16 -9 19 20 22 -20 -10
right_child=4 -3 3 -5 8 6 7 17 18 -11 11 12 -14 -15 15 -17 -18 -19 21 -21 -22 -23 -24
leaf_value=0.76953427788510309 -0.63818198153079986 -6.9240900771122007 -1.0758498486848393 0.47481530152714052 0.36325652018397403 0.37329422065996293 0.46885177251001003 -0.66573953793735086 0.32000525977752436 0.0056521043984475664 -0.46989679396751022 -0.21603858931694075 -0.027074022128088598 -0.047579003585049393 0.89871543469332948 0.00025009707396016629 1.1746976051506868 1.4735145528542324 -0.012310672994414976 -0.89070004106181244 -0.24189674351724488 -2.2774701592156128 0.14458828102014087
leaf_weight=29 173 1426 90 24 27 35 28 24 25 137 39 48 346 68 37 26 24 28 837 207 64 431 26
leaf_count=29 173 1426 90 24 27 35 28 24 25 137 39 48 346 68 37 26 24 28 837 207 64 431 26
internal_value=-0.00215409 -0.00439835 0.00129371 -0.00149123 -0.000795456 0.000180839 0.00125889 0.005625 -0.00140443 -0.00225807 0.000698233 0.000357142 0.000737704 0.00288177 0.005 0.00821839 0.0113934 0.00173077 -0.00154088 -3.10571e-05 0.0054 -0.00192429 0.017549
internal_weight=4199 1569 143 114 2630 1013 703 80 1617 310 623 588 549 203 135 87 61 52 1590 322 115 1268 51
internal_count=4199 1569 143 114 2630 1013 703 80 1617 310 623 588 549 203 135 87 61 52 1590 322 115 1268 51
cat_boundaries=0 1 2 3 4
cat_threshold=35 136 64 20
is_linear=0
shrinkage=0.05


Tree=105
num_leaves=24
num_cat=0
split_feature=5 2 14 7 15 10 9 5 2 15 14 7 15 14 5 9 14 9 14 15 7 15 15
split_gain=0.920489 1.76127 0.98 1.42857 0.474786 0.660503 0.731847 0.345182 0.349156 0.310437 0.527089 0.289286 0.433895 0.352869 0.380952 0.252234 0.535255 0.613505 0.332902 0.446684 0.319922 0.241384 0.453186
threshold=0.62209009350254196 2028.5000000000002 38160.188036816093 1.0000000180025095e-35 134.51858932403073 1.5000000000000002 291.85099732180862 1.2286516858134353 2034.5000000000002 86.828601745182254 93013.751645867465 2.5000000000000004 97.029154502048939 83895.972465421466 0.98375327317343808 1125.4279704449016 157226.55219614532 581.24256917423725 16434.96028759101 31.926135730654767 2.5000000000000004 71.878914258797877 90.206750750903851
decision_type=2 2 2 2 2 2 2 2 2 2 2 2 2 2 2 2 2 2 2 2 2 2 2
left_child=1 2 -1 -4 5 21 -7 8 9 -2 11 12 -11 14 -14 16 17 20 19 -17 -9 -3 -23
right_child=7 4 3 -5 -6 6 -8 15 -10 10 -12 -13 13 -15 -16 18 -18 -19 -20 -21 -22 22 -24
leaf_value=-0.069836719875518552 -0.73862273171544546 -0.67142715866054226 1.0847391583490038 0.42081561408305018 0.10136469165999221 0.39250907248543143 -0.94570431947912614 -0.46769858676791581 -0.17981642714059001 -0.44712385992204534 -0.72424395162781985 0.23731955147987047 -0.9963106350256784 -0.76807681725311694 0.75582900242336271 0.86886126800611763 0.52860015169394492 0.053410103658659926 -0.51724164400009787 -1.7937784945870368 0.028037699042742836 0.20390237089579522 -0.70204364885238713
leaf_weight=30 1098 130 24 21 42 33 20 182 1189 62 468 40 21 36 21 20 33 43 550 33 35 20 48
leaf_count=30 1098 130 24 21 42 33 20 182 1189 62 468 40 21 36 21 20 33 43 550 33 35 20 48
internal_value=-0.00222553 0.000163042 0.007 0.0116667 -0.00158703 -0.00241036 0.00254717 -0.00245497 -0.00271721 -0.00316724 -0.00229938 -1.19209e-09 -0.00107143 0.00141026 0.00452381 -0.00159598 -0.000392493 -0.00115385 -0.00218076 0.00160377 -0.00223502 -0.00373737 -0.00132353
internal_weight=4199 368 75 45 293 251 53 3831 2935 1746 648 180 140 78 42 896 293 260 603 53 217 198 68
internal_count=4199 368 75 45 293 251 53 3831 2935 1746 648 180 140 78 42 896 293 260 603 53 217 198 68
is_linear=0
shrinkage=0.05


Tree=106
num_leaves=24
num_cat=2
split_feature=0 5 2 10 0 5 14 14 19 5 14 14 2 5 8 11 10 15 14 15 36 15 5
split_gain=6.11711 2.05923 1.74395 0.983041 0.864233 0.588691 0.995246 1.06535 0.54565 0.719055 1.28004 0.584752 0.860782 0.46875 0.466724 0.458672 0.462615 0.432068 0.677352 0.373191 0.365023 0.361848 0.357283
threshold=0 0.61287064589900508 2028.5000000000002 1.5000000000000002 1 1.3246791633457937 93013.751645867465 111586.04772904881 1.0000000180025095e-35 0.75151658956402845 43203.084249242173 66571.433996740641 2029.5000000000002 0.55782275054609032 1.0000000180025095e-35 0.11145050533192824 1.5000000000000002 31.635187667559883 38544.953812751373 179.70208347118748 1.0000000180025095e-35 137.43042616406726 0.80201068204579806
decision_type=1 2 2 2 1 2 2 2 2 2 2 2 2 2 2 2 2 2 2 2 2 2 2
left_child=1 2 -1 -4 13 8 14 -8 9 10 -6 12 -11 -2 15 -7 -17 -14 -19 -10 22 -9 -15
right_child=4 -3 3 -5 5 6 7 21 19 11 -12 -13 17 20 -16 16 -18 18 -20 -21 -22 -23 -24
leaf_value=0.67682060607339767 -4.3228439109632264 -6.5688947518995606 -0.99286255309615545 0.4314490828265114 -0.36041364666492459 -0.20604316561291378 0.33939243022889309 -0.39372147153095055 -0.15418055616512918 -1.5605385048265712 0.1670937667396537 -0.18276028423180973 -0.14694730448314205 0.16154246387977148 -1.1719417432592436 1.0837349404589354 -0.065372298596041364 0.25547822556531358 0.020463756237812759 0.094058263066733427 0.57992183100934025 0.2559827752239538 0.040656918106278354
leaf_weight=29 27 1426 90 24 23 84 26 23 1596 30 31 78 28 73 48 24 22 20 21 35 34 34 373
leaf_count=29 27 1426 90 24 23 84 26 23 1596 30 31 78 28 73 48 24 22 20 21 35 34 34 373
internal_value=-0.00193975 -0.00439835 0.00129371 -0.00149123 -0.000454547 -0.000897798 0.00132184 0.00584337 -0.00121375 0.0010606 0.00611111 -0.000480227 0.00207071 0.00138298 -0.000786518 0.00076923 0.00478261 0.00514493 0.00841463 -0.00153587 0.00177083 0.00201754 0.00139013
internal_weight=4199 1569 143 114 2630 2123 261 83 1862 231 54 177 99 507 178 130 46 69 41 1631 480 57 446
internal_count=4199 1569 143 114 2630 2123 261 83 1862 231 54 177 99 507 178 130 46 69 41 1631 480 57 446
cat_boundaries=0 1 2
cat_threshold=35 128
is_linear=0
shrinkage=0.05


Tree=107
num_leaves=24
num_cat=3
split_feature=0 5 2 10 0 19 15 5 14 5 2 14 1 7 9 7 9 15 5 5 9 5 5
split_gain=5.67269 2.17045 1.66798 0.904467 0.627104 0.515915 0.651693 0.646865 1.28004 0.595484 0.561227 0.692753 1.00392 0.4904 0.465691 0.905192 0.717222 0.642067 0.675 0.426479 0.369846 0.4 0.350989
threshold=0 0.62209009350254196 2028.5000000000002 1.5000000000000002 1 1.0000000180025095e-35 91.467577018762711 0.75151658956402845 43203.084249242173 1.3618862516084771 2029.5000000000002 43203.084249242173 2 1.0000000180025095e-35 21518.751147060382 2.5000000000000004 15565.808732800955 162.51574026185963 0.8683379809646673 0.55782275054609032 9974.1753924923305 1.084337575140127 1.084337575140127
decision_type=1 2 2 2 1 2 2 2 2 2 2 2 1 2 2 2 2 2 2 2 2 2 2
left_child=1 2 -1 -4 19 7 22 8 -6 14 -9 12 -12 -11 15 16 -8 -16 -19 -2 -13 -22 -7
right_child=4 -3 3 -5 5 6 9 10 -10 13 11 20 -14 -15 17 -17 -18 18 -20 -21 21 -23 -24
leaf_value=0.64297957576972808 -4.1067017154150651 -6.4945364291224568 -0.80864388487242689 0.40987662868518621 -0.34239296433167843 -0.37892423725798091 -0.20175616408733099 -1.4069807801855407 0.15873907840267099 -0.0009914952740186654 0.38139600621541259 -0.1364873019782091 -0.076559815986796051 0.25676477529989705 -0.27698581905332936 0.25059976120410027 0.56131243106834816 0.24254387483347603 -0.026155743124018672 0.14890413536993283 -0.28956443713238456 0.12128717563714063 -0.041354433163282002
leaf_weight=29 27 1423 93 24 23 742 249 59 31 36 20 49 34 32 191 62 23 20 40 480 20 20 472
leaf_count=29 27 1423 93 24 23 742 249 59 31 36 20 49 34 32 191 62 23 20 40 480 20 20 472
internal_value=-0.00190403 -0.00427169 0.00150685 -0.00115385 -0.000473486 -0.000850915 -0.00114355 0.00125 0.00611111 0.000130167 -4.95061e-05 0.00164336 0.00611111 0.00455882 -0.000384617 0.000838322 -0.000404413 -0.00201195 0.0025 0.00109284 -0.00106742 0.0025 -0.00182867
internal_weight=4199 1569 146 117 2630 2123 1867 256 54 653 202 143 54 68 585 334 272 251 60 507 89 40 1214
internal_count=4199 1569 146 117 2630 2123 1867 256 54 653 202 143 54 68 585 334 272 251 60 507 89 40 1214
cat_boundaries=0 1 2 3
cat_threshold=35 128 2
is_linear=0
shrinkage=0.05


Tree=108
num_leaves=24
num_cat=4
split_feature=0 5 0 0 2 14 2 11 2 5 4 0 5 14 14 3 9 15 14 9 14 5 9
split_gain=4.95537 1.47385 5.90018 5.85005 5.60755 1.61129 1.3709 1.33807 0.886447 0.719531 0.698645 0.636862 0.667654 0.613838 0.655531 0.565034 0.528688 1.07271 1.14104 0.524493 0.520484 0.494537 0.711351
threshold=0 0.75606233012901958 1 2 2029.5000000000002 43203.084249242173 2029.5000000000002 1.0023835185756635 2027.5000000000002 1.0471804065065857 1.0000000180025095e-35 3 0.99172057139916781 16434.96028759101 21455.399751591278 1.0000000180025095e-35 26141.819359080404 129.15408329566625 148240.88385307125 19107.502552757313 47855.606384751161 1.1246321737264284 5242.8019977711238
decision_type=1 2 1 1 2 2 2 2 2 2 2 1 2 2 2 2 2 2 2 2 2 2 2
left_child=-1 2 4 -3 5 -2 11 -6 -7 10 15 12 -5 -11 -15 -8 17 19 -19 20 21 -16 -23
right_child=1 3 -4 6 7 8 9 -9 -10 13 -12 -13 -14 14 16 -17 -18 18 -20 -21 -22 22 -24
leaf_value=-5.4520833385985474 0.34386389928459904 -2.5705629084540842 -0.9596594897297186 -0.18496786139818444 0.041797415724619064 0.45287267027637679 0.14876829542342798 0.32519722084390973 0.47515902893425754 0.24442818799424862 -0.085531117041185989 -0.81235089494962998 0.19439713115328289 -0.21225997739670344 0.30556388869408174 -0.095293851360785706 -0.0083655443719609542 0.61126578407044518 0.35158877001315725 0.77801381181765095 -0.0050510736945519434 0.65746665525024428 -0.41948254877431124
leaf_weight=1022 30 893 289 90 185 28 274 25 24 84 176 248 139 34 31 113 127 21 25 20 200 86 35
leaf_count=1022 30 893 289 90 185 28 274 25 24 84 176 248 139 34 31 113 127 21 25 20 200 86 35
internal_value=-0.00189212 -0.000905241 0.00136833 -0.00141757 0.00625828 0.017561 0.000312316 0.00214286 0.0228846 0.00119902 -0.000115454 -0.00196017 2.09194e-05 0.00231523 0.00173575 0.00107235 0.00215596 0.00301435 0.0102174 0.00212365 0.00167614 0.00388158 0.00243802
internal_weight=4199 3177 581 2596 292 82 1703 210 52 1226 563 477 229 663 579 387 545 418 46 372 352 152 121
internal_count=4199 3177 581 2596 292 82 1703 210 52 1226 563 477 229 663 579 387 545 418 46 372 352 152 121
cat_boundaries=0 1 2 3 4
cat_threshold=3 224 96 136
is_linear=0
shrinkage=0.05


Tree=109
num_leaves=24
num_cat=4
split_feature=0 5 0 2 0 5 5 2 2 5 17 2 5 9 0 5 11 8 5 2 11 7 15
split_gain=4.64441 1.31408 5.84064 7.99353 5.54389 2.28566 1.90124 1.11364 0.852541 0.739223 0.681258 0.675595 0.501027 0.414995 0.414463 1.00648 0.578816 0.441494 0.406581 1.08036 0.356034 0.459835 0.314881
threshold=0 0.77997184135372333 1 2031.5000000000002 2 0.46620033734366129 0.62850798343534187 2028.5000000000002 2027.5000000000002 0.69157279007383188 74.884166666666673 2037.5000000000002 0.86607280868335701 32087.46360967098 3 1.084337575140127 1.0605933521573137 1.0000000180025095e-35 0.92150294269003385 2034.5000000000002 0.13432464162189015 1.0000000180025095e-35 59.668990118102194
decision_type=1 2 1 2 1 2 2 2 2 2 2 2 2 2 1 2 2 2 2 2 2 2 2
left_child=-1 2 3 6 -3 -5 7 -2 -6 -4 -8 -11 13 -10 15 -14 18 20 19 22 21 -17 -16
right_child=1 4 9 5 8 -7 10 -9 12 11 -12 -13 14 -15 16 17 -18 -19 -20 -21 -22 -23 -24
leaf_value=-5.1794791716686195 1.0888658502985336 -2.6999628244986353 -1.5005070162008052 0.43170311520323951 -0.71668901417103514 -0.26938351011684142 0.21514187273137828 0.35825722904442542 -0.059477776105221293 -0.14273393164496526 0.24370102166088087 0.36291537106730376 -0.56454848399226054 0.22883865560472216 0.049150596807931102 -0.026394084350060815 -0.1738583901540468 -0.06582494514702901 0.078040801611210089 0.5561103983161324 0.24600601855242907 0.28674474623853741 -0.44715331006308551
leaf_weight=1022 22 864 269 20 221 117 30 22 168 109 29 36 135 20 20 53 59 51 797 36 46 25 28
leaf_count=1022 22 864 269 20 221 117 30 22 168 109 29 36 135 20 20 53 59 51 797 36 46 25 28
internal_value=-0.00198738 -0.00103075 0.000963302 0.007 -0.00155173 -0.000620439 0.0178155 0.0256818 0.000152785 -0.00264151 0.0119492 0.000172413 0.000598052 -0.00180851 0.000959999 -0.000625001 0.00147368 0.00185714 0.00181044 0.00511905 0.00346774 0.00141026 0.000208332
internal_weight=4199 3177 654 240 2523 137 103 44 1659 414 59 145 1438 188 1250 310 940 175 881 84 124 78 48
internal_count=4199 3177 654 240 2523 137 103 44 1659 414 59 145 1438 188 1250 310 940 175 881 84 124 78 48
cat_boundaries=0 1 2 3 4
cat_threshold=3 96 96 16
is_linear=0
shrinkage=0.05


Tree=110
num_leaves=24
num_cat=3
split_feature=0 5 2 0 17 9 5 5 10 2 9 2 9 0 5 2 2 5 5 9 9 9 15
split_gain=4.74287 2.26969 1.98734 0.733564 0.465361 0.574041 0.412833 0.363247 0.33924 0.672701 0.88167 0.518886 0.385573 0.307406 4.26703 5.47836 1.38886 1.4153 1.04718 0.85403 0.477742 0.650984 0.517089
threshold=0 0.64827296193767847 2028.5000000000002 1 73.879583333333343 394.05334507355502 0.55782275054609032 0.40013708798615666 1.5000000000000002 2038.5000000000002 4982.9585542778377 2034.5000000000002 176.74219751136937 2 0.78826001885651131 2031.5000000000002 2030.5000000000002 0.74651220879099955 1.1118254632596161 2344.9356892516184 10314.443191076054 8976.3250866375038 110.24752337732177
decision_type=1 2 2 1 2 2 2 2 2 2 2 2 2 1 2 2 2 2 2 2 2 2 2
left_child=1 2 -1 6 5 -4 -2 -5 9 11 -11 -8 -10 14 15 19 18 -18 -15 -9 21 -19 -22
right_child=3 -3 4 7 -6 -7 8 13 12 10 -12 -13 -14 16 -16 -17 17 20 -20 -21 22 -23 -24
leaf_value=0.70838161803139055 -3.828431149620505 -6.0977453366617622 0.35672624357989424 0.1933757284386963 -1.0854138601653902 -0.24144673862888297 0.23457625485499209 0.27800981061184604 -0.29114283047906853 2.4363613247920903 1.2660897305317131 -0.046064259378411958 0.16275628370627115 -0.85371094119729019 -1.8549244670324545 -0.1825838115515005 -0.83224833322590264 0.0518580378277134 0.029076819129266265 0.16927846768213189 -0.18710390655630527 0.63300631390577788 0.11337108605250511
leaf_weight=31 27 1403 23 33 67 45 246 27 53 27 32 99 23 340 431 64 174 521 186 24 179 23 121
leaf_count=31 27 1403 23 33 67 45 246 27 53 27 32 99 23 340 431 64 174 521 186 24 179 23 121
internal_value=-0.00201119 -0.0041767 0.0013253 -0.000700759 -0.0012963 0.00161765 0.00099613 -0.00110877 0.00135417 0.00193069 0.00686441 0.00108696 -0.00171053 -0.00119617 -0.00221223 0.00630435 -0.000817247 0.000255402 -0.00290875 0.0185294 0.00110189 0.00198529 -0.000500001
internal_weight=4199 1569 166 2630 135 68 507 2123 480 404 59 345 76 2090 546 115 1544 1018 526 51 844 544 300
internal_count=4199 1569 166 2630 135 68 507 2123 480 404 59 345 76 2090 546 115 1544 1018 526 51 844 544 300
cat_boundaries=0 1 2 3
cat_threshold=35 128 64
is_linear=0
shrinkage=0.05


Tree=111
num_leaves=24
num_cat=3
split_feature=0 5 0 0 2 14 5 7 5 2 14 2 5 15 15 14 15 15 5 14 7 15 8
split_gain=4.56819 1.5679 4.89706 4.82856 8.20895 2.16645 1.55616 1.44048 0.949425 0.749233 0.595637 0.807564 0.431585 0.42024 0.558817 0.385485 0.345141 0.600661 0.458693 0.432664 0.348434 0.726918 0.555748
threshold=0 0.77997184135372333 1 2 2030.5000000000002 54288.776881815364 0.63561259619552946 1.0000000180025095e-35 0.73058996066088322 2027.5000000000002 86975.927684141003 2033.5000000000002 0.46620033734366129 150.40558475323348 156.2921917089777 12651.849980207538 143.53659440916439 138.28563907384995 0.95718907554605426 117661.17119480339 1.0000000180025095e-35 121.53331608527039 1.0000000180025095e-35
decision_type=1 2 1 1 2 2 2 2 2 2 2 2 2 2 2 2 2 2 2 2 2 2 2
left_child=-1 3 -3 4 5 -2 12 -7 15 -4 11 -10 -6 16 -15 -5 17 18 -11 20 -20 22 -22
right_child=1 2 9 8 6 7 -8 -9 10 13 -12 -13 -14 14 -16 -17 -18 -19 19 -21 21 -23 -24
leaf_value=-4.6624610131924786 0.2868401070160006 -2.4722184599220807 -0.68230828419886602 0.1524876352954912 0.383594133582565 0.8180578399763484 -0.34454134934176706 0.41223354062587414 -0.083657064932444 -0.046551424599711351 -0.23067443360759232 0.3585457505424503 0.20983492533220605 1.0533601321907409 0.17388912758866784 -1.0111323933935652 -0.17316423624469396 0.20848690198678052 -0.00044887380991003695 -0.095356976460120924 0.40740859038250321 0.486690568089374 -0.0028170261328725288
leaf_weight=1022 39 864 221 28 21 27 88 21 31 351 30 27 44 23 99 298 32 28 428 74 166 22 215
leaf_count=1022 39 864 221 28 21 27 88 21 31 351 30 27 44 23 99 298 32 28 428 74 166 22 215
internal_value=-0.00201119 -0.00106213 -0.001631 0.00111621 0.0066 0.0191379 -9.80404e-05 0.02625 -0.00216981 -2.69634e-05 0.00238636 0.00534483 0.00576923 0.000389429 0.00319672 -0.00346626 0.000129178 0.000257008 9.55402e-05 0.000690607 0.00101685 0.00207196 0.00156168
internal_weight=4199 3177 2523 654 240 87 153 48 414 1659 88 58 65 1438 122 326 1316 1284 1256 905 831 403 381
internal_count=4199 3177 2523 654 240 87 153 48 414 1659 88 58 65 1438 122 326 1316 1284 1256 905 831 403 381
cat_boundaries=0 1 2 3
cat_threshold=3 96 96
is_linear=0
shrinkage=0.05


Tree=112
num_leaves=24
num_cat=3
split_feature=0 0 2 2 18 16 19 16 3 0 2 16 15 7 16 15 9 9 15 15 3 19 7
split_gain=4.23265 0.896544 2.63802 0.878773 0.661729 0.435388 0.519888 0.618713 0.462821 0.412966 0.422688 0.381966 0.342649 0.315856 0.315662 0.462233 0.389171 0.625 0.421159 0.307076 0.511377 0.590543 0.469487
threshold=0 1 2028.5000000000002 2033.5000000000002 1.0000000180025095e-35 1.0000000180025095e-35 1.0000000180025095e-35 1.756416666666667 1.0000000180025095e-35 2 2027.5000000000002 3.485125 6.2682736410674691 1.5000000000000002 1.4758333333333338 127.56709435200287 8665.3746601594012 26496.096493499663 47.987488592806073 53.223471724376004 1.0000000180025095e-35 1.0000000180025095e-35 2.5000000000000004
decision_type=1 1 2 2 2 2 2 2 2 1 2 2 2 2 2 2 2 2 2 2 2 2 2
left_child=-1 2 4 9 -2 -6 -7 8 -8 14 -11 12 -5 -13 16 -16 18 -18 -3 20 21 -12 -21
right_child=1 3 -4 11 5 6 7 -9 -10 10 19 13 -14 -15 15 -17 17 -19 -20 22 -22 -23 -24
leaf_value=-4.4293379625328555 0.45979688263981838 0.62742908392712071 -0.84246220363453528 -0.3140396312928902 -0.57328922605660981 -0.11673769301128206 0.3695798713176226 -0.13186829056589305 -0.022444612276636064 -1.0604500444046707 0.14114586301600562 -0.078707049319097444 0.04366478450779538 0.19428409896796905 -0.031297407695757645 1.446054258890787 2.3973782243174102 -0.64138638777546597 -0.98955830116763455 -0.4435105193378191 -0.63153042892646116 0.042715468883944896 0.18297327043223319
leaf_weight=1022 32 28 874 24 24 22 54 72 26 212 21 85 825 48 146 32 20 20 25 289 87 150 61
leaf_count=1022 32 28 874 24 24 22 54 72 26 212 21 85 825 48 146 32 20 20 25 289 87 150 61
internal_value=-0.00211836 -0.00120333 -0.00235189 -0.000583295 0.0023913 0.00131313 0.00218391 0.00322368 0.00625 -0.00156279 -0.00210843 0.00049898 0.00088928 -0.00199248 0.000160141 -0.00106742 0.00252688 0.00625 -0.00028302 -0.00146382 -0.00015504 0.00143275 -0.00242857
internal_weight=4199 3177 1104 2073 230 198 174 152 80 1091 820 982 849 133 271 178 93 40 53 608 258 171 350
internal_count=4199 3177 1104 2073 230 198 174 152 80 1091 820 982 849 133 271 178 93 40 53 608 258 171 350
cat_boundaries=0 1 2 3
cat_threshold=3 96 128
is_linear=0
shrinkage=0.05


Tree=113
num_leaves=24
num_cat=5
split_feature=0 5 0 2 0 5 14 7 16 2 5 2 5 15 9 14 4 15 2 0 1 14 14
split_gain=4.72125 1.47872 5.93816 7.68018 4.60268 2.1801 2.17004 1.25149 0.805713 0.644738 0.591475 0.447173 0.433517 0.541259 0.738853 0.485697 0.496505 0.461365 0.418721 0.483713 0.660298 0.417392 1.10678
threshold=0 0.77997184135372333 1 2031.5000000000002 2 0.46620033734366129 53652.580284121846 1.0000000180025095e-35 2.1729166666666671 2027.5000000000002 0.74252791977159271 2026.5000000000002 1.0471804065065857 150.40558475323348 52322.234916612608 102507.31091913018 1.0000000180025095e-35 105.82783814596763 2034.5000000000002 3 4 86975.927684141003 77506.516118676547
decision_type=1 2 1 2 1 2 2 2 2 2 2 2 2 2 2 2 2 2 2 1 1 2 2
left_child=-1 2 3 6 11 -5 8 -8 -2 -6 -4 -3 18 15 -15 17 -17 21 -11 20 -20 22 -14
right_child=1 4 10 5 9 -7 7 -9 -10 12 -12 -13 13 14 -16 16 -18 -19 19 -21 -22 -23 -24
leaf_value=-4.2078710644062118 0.24992651844272362 -0.20999288820139636 -0.81744326258956912 0.42556667901045242 -0.61244121060688073 -0.2130557471791848 0.77718589567597718 0.34114599348995905 0.31338993022496942 -0.2234045943600419 0.087798432140289984 -2.5202832599088527 0.024597869594411959 1.1850352704496292 0.014690381490487556 -0.25148896479629634 0.076867793146048705 0.079515683583239474 0.56871403011681232 -0.045193034781181578 0.082072759297208475 -0.65811858866152484 0.95393565882831899
leaf_weight=1022 27 49 347 20 221 117 32 24 20 330 67 815 456 31 42 95 48 56 22 169 123 28 38
leaf_count=1022 27 49 347 20 221 117 32 24 20 330 67 815 456 31 42 95 48 56 22 169 123 28 38
internal_value=-0.00196356 -0.000999374 0.00111621 0.0072 -0.00155173 -0.000255476 0.0178155 0.0244643 0.00989362 2.99462e-06 -0.00252359 -0.00448513 0.000389429 0.00117128 0.00527397 0.000755893 -0.00185315 0.00140138 -0.000574535 0.000732483 0.00274193 0.000938696 0.0012753
internal_weight=4199 3177 654 240 2523 137 103 56 47 1659 414 864 1438 794 73 721 143 578 644 314 145 522 494
internal_count=4199 3177 654 240 2523 137 103 56 47 1659 414 864 1438 794 73 721 143 578 644 314 145 522 494
cat_boundaries=0 1 2 3 4 5
cat_threshold=3 96 96 12 4
is_linear=0
shrinkage=0.05


Tree=114
num_leaves=24
num_cat=4
split_feature=0 0 5 0 2 0 5 5 11 2 5 5 2 2 5 5 5 5 5 15 15 9 9
split_gain=4.19128 1.04835 1.15753 4.33539 5.1921 3.26848 1.62411 1.23677 0.802774 0.791919 0.799508 0.612892 0.821007 0.52288 0.761737 0.490467 0.469193 0.425783 0.412833 0.412395 0.791625 0.390959 0.582582
threshold=0 1 0.78493427256843895 2 2031.5000000000002 3 0.46620033734366129 0.7082975517696023 0.00076275651894047519 2030.5000000000002 1.1118254632596161 0.74651220879099955 2034.5000000000002 2027.5000000000002 0.87576888871408942 1.3246791633457937 0.46620033734366129 0.81306325873261354 0.55782275054609032 39.238187837704011 26.740512684119718 10314.443191076054 8976.3250866375038
decision_type=1 1 2 1 2 1 2 2 2 2 2 2 2 2 2 2 2 2 2 2 2 2 2
left_child=16 18 3 4 7 9 -6 8 -3 10 -4 -5 -13 14 -7 -16 -1 -11 -2 20 -20 22 -19
right_child=1 2 5 11 6 13 -8 -9 -10 17 -12 12 -14 -15 15 -17 -18 21 19 -21 -22 -23 -24
leaf_value=0.0056447448618644706 -3.5477640485657078 0.34368967072482004 -0.65841763467129866 -0.86505690641302335 0.40428834505992994 0.076177557660498857 -0.21052451212104528 0.16649173399983258 0.39791955094335535 -0.93920731736185914 0.07413823014741186 -0.18715860408885351 0.35998146384732704 -2.7778318276234977 -1.5639319875413529 0.26697476921735602 -4.9055041846105869 0.026072030193361004 0.10480880300971798 0.038306053158425696 0.99665242411583099 -0.01801313362556109 0.85969445573106007
leaf_weight=33 27 36 244 274 20 20 119 38 31 33 186 32 21 733 82 25 989 477 116 327 37 279 20
leaf_count=33 27 36 244 274 20 20 119 38 31 33 186 32 21 733 82 25 989 477 116 327 37 279 20
internal_value=-0.00198738 -0.00107782 -0.00147388 0.000516636 0.00543307 -0.00202239 -0.000683454 0.0140476 0.0181343 -0.000356286 -0.00209302 -0.00321959 0.00160377 -0.00436782 -0.00145669 -0.00313084 -0.00475775 0.000562422 0.00099613 0.00135417 0.00349673 0.000798968 0.00163984
internal_weight=4199 3177 2670 571 244 2099 139 105 67 1239 430 327 53 860 127 107 1022 809 507 480 153 776 497
internal_count=4199 3177 2670 571 244 2099 139 105 67 1239 430 327 53 860 127 107 1022 809 507 480 153 776 497
cat_boundaries=0 1 2 3 4
cat_threshold=3 128 96 28
is_linear=0
shrinkage=0.05


Tree=115
num_leaves=24
num_cat=3
split_feature=0 0 5 2 5 5 5 2 14 2 2 5 5 5 14 15 15 11 11 5 15 0 2
split_gain=3.83501 0.990457 7.24742 2.93244 1.34539 1.24408 0.791353 2.02035 1.27675 0.661111 0.639375 0.597572 0.469193 0.41147 0.329875 0.260501 0.32174 0.317633 0.688885 0.408933 0.38346 0.376515 0.749212
threshold=0 1 0.71283530371631154 2031.5000000000002 0.69157279007383188 0.46620033734366129 0.83891891611053782 2030.5000000000002 63649.747117273306 2028.5000000000002 2028.5000000000002 1.0179578550006412 0.46620033734366129 1.6631307399525419 19750.088561872057 6.2682736410674691 11.367323337404082 0.15630645088281353 0.29307874053979238 0.78493427256843895 23.880185662864822 2 2031.5000000000002
decision_type=1 1 2 2 2 2 2 2 2 2 2 2 2 2 2 2 2 2 2 2 2 1 2
left_child=12 2 3 9 -3 -5 7 8 -4 -2 11 -6 -1 15 -13 -12 -17 20 -19 -20 -18 22 -22
right_child=1 4 6 5 10 -7 -8 -9 -10 -11 13 14 -14 -15 -16 16 17 18 19 -21 21 -23 -24
leaf_value=0.005362507618771762 0.6354546172111436 -1.2532296285559066 -0.13853980952165043 0.38407392780693322 -0.75956916959812848 -0.15792385552423394 -2.3179459165449208 -0.8854442499147247 0.3036183072269405 0.3275263779852382 -0.29394098914437961 -1.0378841399755137 -4.6602289753800568 1.3499959549867975 0.061444707031911162 0.11913737010709767 -0.035042074088667927 0.8271243148534243 0.24862744597849737 0.0056386719421661425 0.54838578261742099 -0.017772432921921582 -0.0025892187706036958
leaf_weight=33 34 269 23 20 153 73 803 91 24 36 23 31 989 20 179 22 41 29 43 394 55 647 167
leaf_count=33 34 269 23 20 153 73 803 91 24 36 23 31 989 20 179 22 41 29 43 394 55 647 167
internal_value=-0.00210646 -0.0012347 -0.00244165 0.00726994 -0.000583295 0.00145161 -0.00414984 -0.000652175 0.00776596 0.015 -9.42362e-05 -0.0019697 -0.00475775 0.000378208 -0.000238096 0.000277972 0.000364806 0.000268894 0.00133047 0.000835239 -0.000274726 -5.17849e-05 0.00168103
internal_weight=4199 3177 1104 163 2073 93 941 138 47 70 1804 363 1022 1441 210 1421 1398 1376 466 437 910 869 222
internal_count=4199 3177 1104 163 2073 93 941 138 47 70 1804 363 1022 1441 210 1421 1398 1376 466 437 910 869 222
cat_boundaries=0 1 2 3
cat_threshold=3 96 128
is_linear=0
shrinkage=0.05


Tree=116
num_leaves=24
num_cat=2
split_feature=0 5 2 14 9 0 5 5 36 2 15 3 14 5 14 5 2 19 15 9 9 15 2
split_gain=3.92836 2.73741 2.26444 0.885969 1.00571 0.695163 0.581279 0.386206 0.347369 0.61977 0.372872 0.303176 0.647581 0.360345 0.317224 0.518116 0.39058 0.303346 0.994903 0.91201 0.814881 0.373973 0.391648
threshold=0 0.7082975517696023 2030.5000000000002 25495.070357952452 8485.1027934532904 1 0.46620033734366129 0.55782275054609032 0.049659378180184365 2028.5000000000002 28.411726000518211 1.0000000180025095e-35 33136.586579554067 0.83296196964687219 29574.092071284296 0.97864785621514683 2029.5000000000002 1.0000000180025095e-35 85.918700510599209 9586.3725881875816 839.52054995432422 182.94311435228204 2026.5000000000002
decision_type=1 2 2 2 2 1 2 2 2 2 2 2 2 2 2 2 2 2 2 2 2 2 2
left_child=1 2 3 -1 -5 7 -4 -2 11 -10 -11 12 -7 -13 15 -15 -17 18 19 20 -14 22 -19
right_child=5 -3 6 4 -6 8 -8 -9 9 10 -12 13 17 14 -16 16 -18 21 -20 -21 -22 -23 -24
leaf_value=-0.20693195903672282 -3.3077143647096281 -6.2245647527996404 0.21857185724424549 0.31306432210765545 0.89180268067573221 -0.33949678816433315 -0.89541042544064442 0.14615600294073081 0.10387711115081165 -0.060076435847061543 0.021200625816178993 -0.22472116346026816 0.12245564912169377 -0.90281958531184758 -0.12044781801371668 -1.0398012412455468 0.3226449929774996 0.19325385440286502 -0.19139161882672528 0.71933957205385934 -0.050547018336076367 0.2879048216750541 -0.042623068475211502
leaf_weight=21 27 1332 36 28 22 339 130 480 33 89 26 163 20 26 321 20 46 55 64 20 28 24 849
leaf_count=21 27 1332 36 28 22 339 130 480 33 89 26 163 20 26 321 20 46 55 64 20 28 24 849
internal_value=-0.00204692 -0.00401837 0.000907172 0.00838028 0.012 -0.000852274 -0.00228916 0.000802707 -0.00124942 0.00108108 -0.000652175 -0.00143038 -0.00103288 -0.00239583 -0.00161017 0.00097826 0.00333333 -0.000424529 0.00181818 0.00602941 0.00229167 -0.000743536 -0.000907081
internal_weight=4199 1569 237 71 50 2630 166 507 2123 148 115 1975 1399 576 413 92 66 1060 132 68 48 928 904
internal_count=4199 1569 237 71 50 2630 166 507 2123 148 115 1975 1399 576 413 92 66 1060 132 68 48 928 904
cat_boundaries=0 1 2
cat_threshold=35 128
is_linear=0
shrinkage=0.05


Tree=117
num_leaves=24
num_cat=3
split_feature=0 5 0 0 2 3 5 2 5 5 2 5 5 16 5 2 9 2 7 14 5 5 14
split_gain=3.76271 0.849612 3.92126 3.18346 4.2339 1.84258 1.62411 1.32581 0.829164 0.660234 0.648068 0.696243 0.766355 0.601334 0.577134 0.576529 0.642756 0.522747 0.456876 0.385485 0.385154 0.356841 0.43017
threshold=0 0.78493427256843895 1 2 2031.5000000000002 1.0000000180025095e-35 0.46620033734366129 2027.5000000000002 0.73058996066088322 0.48900742528759283 2027.5000000000002 0.87576888871408942 1.3246791633457937 1.756416666666667 0.96426533895968825 2031.5000000000002 7371.5773109965767 2039.5000000000002 1.0000000180025095e-35 12651.849980207538 0.64337206274225478 1.6631307399525419 8680.321420592405
decision_type=1 2 1 1 2 2 2 2 2 2 2 2 2 2 2 2 2 2 2 2 2 2 2
left_child=9 3 10 4 5 7 -6 -2 19 -1 11 -3 -13 15 17 -10 -17 -4 -9 -5 -8 22 -16
right_child=1 2 14 8 6 -7 20 18 13 -11 -12 12 -14 -15 21 16 -18 -19 -20 -21 -22 -23 -24
leaf_value=0.052926580401751411 0.46415776334798908 0.10374611970278624 -0.062788884369236894 0.22877904515526085 0.33140708004567065 0.049250173301522808 0.035186368252662047 0.32570873885845386 -0.079803289787722054 -4.3700895461100622 -2.5177988649205867 -1.3673178076508656 0.36693693480143996 -0.73916301121784678 -0.056738720637755591 0.98388804057806356 0.027342083739742465 0.2572308944428649 0.090860170253886624 -0.86492401503956262 -0.38431894044552595 1.0665499377090046 0.025905164410784162
leaf_weight=36 28 20 455 28 20 29 42 26 28 986 733 82 25 24 68 21 22 31 22 298 77 21 1077
leaf_count=36 28 20 455 28 20 29 42 26 28 986 733 82 25 24 68 21 22 31 22 298 77 21 1077
internal_value=-0.00203501 -0.00117195 -0.00159634 0.000413533 0.00484252 0.012619 -0.000683454 0.0167105 -0.00221578 -0.00466085 -0.00431035 -0.00106299 -0.00266355 0.0018421 -0.000156439 0.00415493 0.0077907 -0.00160494 0.0116667 -0.00346626 -0.00289916 0.000445968 0.00032751
internal_weight=4199 3177 2512 665 244 105 139 76 421 1022 860 127 107 95 1652 71 43 486 48 326 119 1166 1145
internal_count=4199 3177 2512 665 244 105 139 76 421 1022 860 127 107 95 1652 71 43 486 48 326 119 1166 1145
cat_boundaries=0 1 2 3
cat_threshold=3 96 96
is_linear=0
shrinkage=0.05


Tree=118
num_leaves=24
num_cat=2
split_feature=0 5 9 0 5 2 5 5 9 10 2 2 5 5 5 5 5 4 14 9 14 2 15
split_gain=3.62444 0.790286 0.962791 0.71895 7.10729 4.0462 1.47727 1.30633 0.801869 1.4833 0.603343 0.596274 1.41201 0.430932 0.397681 0.321356 0.296904 0.292072 0.911366 1.46167 0.767843 0.737458 0.722908
threshold=0 0.50361592300952374 5909.3416764653275 1 0.7681049980012834 2031.5000000000002 0.46620033734366129 0.69157279007383188 23770.315617280463 1.0000000180025095e-35 2027.5000000000002 2028.5000000000002 0.8453298642714665 1.6631307399525419 0.68072289182799695 1.3246791633457937 1.0179578550006412 1.0000000180025095e-35 96918.718267843491 23770.315617280463 87655.739213096036 2031.5000000000002 150.40558475323348
decision_type=1 2 2 1 2 2 2 2 2 2 2 2 2 2 2 2 2 2 2 2 2 2 2
left_child=1 2 -1 4 5 8 -7 -5 9 -2 16 12 -6 17 -11 -14 -9 20 -19 21 -12 -20 -22
right_child=3 -3 -4 7 11 6 -8 10 -10 14 13 -13 15 -15 -16 -17 -18 18 19 -21 22 -23 -24
leaf_value=-0.21138067752093265 0.15966317159430149 -4.3609796803440775 0.11572475531794019 -1.1422221506009631 0.10905403463229427 0.31483672604338708 -0.15195317151184345 -1.4688951109545074 0.70033886224101982 0.48458160321047522 0.10135523846928332 -2.5527285026511919 -1.2228836153747917 1.237770420507269 0.15946961472042515 0.22630349245409143 -0.31674300998055765 -0.054731498769891397 -0.071455232360832469 -0.087247866962481879 -0.051048728651718105 0.76759737417855389 0.17663198005352845
leaf_weight=23 28 979 20 269 24 20 110 103 20 25 675 697 125 20 21 34 136 359 26 67 280 46 92
leaf_count=23 28 979 20 269 24 20 110 103 20 25 675 697 125 20 21 34 136 359 26 67 280 46 92
internal_value=-0.00203501 -0.0046124 0.00197674 -0.00118764 -0.00221724 0.00571428 -1.19209e-09 -0.000631302 0.013617 0.0112162 -0.000149669 -0.00426136 -0.00172131 0.000207667 0.0167391 -0.00342767 -0.00248954 0.000113267 -0.000883535 0.00255396 0.000587391 0.0075 -0.00123656
internal_weight=4199 1022 43 3177 1104 224 130 2073 94 74 1804 880 183 1565 46 159 239 1545 498 139 1047 72 372
internal_count=4199 1022 43 3177 1104 224 130 2073 94 74 1804 880 183 1565 46 159 239 1545 498 139 1047 72 372
cat_boundaries=0 1 2
cat_threshold=3 96
is_linear=0
shrinkage=0.05


Tree=119
num_leaves=24
num_cat=2
split_feature=0 5 2 0 3 5 2 9 5 15 2 3 2 5 5 15 18 15 2 9 5 4 15
split_gain=3.52805 3.14504 3.51274 0.496776 0.407947 0.392998 0.487576 0.381349 0.347929 0.3091 0.304638 0.423624 0.295455 0.249178 0.239755 0.238204 0.596512 0.414654 0.285714 0.231121 0.221667 0.261983 1.03081
threshold=0 0.71654816570429147 2028.5000000000002 1 1.0000000180025095e-35 0.46620033734366129 2030.5000000000002 8485.1027934532904 0.55782275054609032 182.94311435228204 2038.5000000000002 1.0000000180025095e-35 2036.5000000000002 0.40013708798615666 0.83296196964687219 31.635187667559883 1.0000000180025095e-35 24.812388260590357 2031.5000000000002 5495.5914103797186 0.77176796094750444 1.0000000180025095e-35 61.954621471257603
decision_type=1 2 2 1 2 2 2 2 2 2 2 2 2 2 2 2 2 2 2 2 2 2 2
left_child=1 2 7 8 9 -4 -7 -1 -2 13 12 19 15 -5 -6 17 -17 -10 -19 -12 -18 -22 -23
right_child=3 -3 5 4 14 6 -8 -9 10 -11 11 -13 -14 -15 -16 16 20 18 -20 -21 21 22 -24
leaf_value=0.27645086212097103 -3.0419713381921127 -5.921834108612444 0.15718338099745285 0.16434049885505242 -0.18470802108431209 0.19323002231359587 -0.83640175118127191 0.82932223885600165 -0.023986492703067259 0.26093111158880261 0.93589661626462284 4.4817178431515563 -0.05547698617145852 -0.046927282989586816 -0.050112346646894894 1.2917895941796029 -1.0069060108002923 0.39064233240675333 0.1525870057126115 -0.57226128802794785 -0.036494169321416851 -0.12537468266860308 1.344210660467287
leaf_weight=24 27 1321 37 21 177 31 135 21 38 26 33 20 54 1461 438 30 28 28 28 21 149 23 28
leaf_count=24 27 1321 37 21 177 31 135 21 38 26 33 20 54 1461 438 30 28 28 28 21 149 23 28
internal_value=-0.0020231 -0.0038917 0.00125 -0.000890153 -0.00122597 -0.00155173 -0.00259036 0.0138889 0.000512571 -0.000789126 0.000833332 0.00378378 0.000295565 -0.000883942 -0.00231707 0.000823862 3.87585e-05 0.00297872 0.00571428 0.00148148 -0.000833335 -0.000250001 0.00284314
internal_weight=4199 1569 248 2630 2123 203 166 45 507 1508 480 74 406 1482 615 352 258 94 56 54 228 200 51
internal_count=4199 1569 248 2630 2123 203 166 45 507 1508 480 74 406 1482 615 352 258 94 56 54 228 200 51
cat_boundaries=0 1 2
cat_threshold=35 128
is_linear=0
shrinkage=0.05


end of trees

feature_importances:
scale=736
horizon_year=475
min_road_km=312
type_idx=279
min_habitat_m=242
min_water_m=220
nearby_2km=97
habitat_proximity=73
country_idx=65
snow_mm=48
cooling=32
precip_mm=31
buffer=29
habitat_hits=26
nearby_highway_2km=19
has_roadkill=18
has_gbif=16
roadkill_intensity_2km=15
nearby_500m=13
has_osm_roads=5

parameters:
[boosting: gbdt]
[objective: quantile]
[metric: quantile]
[tree_learner: serial]
[device_type: cpu]
[data_sample_strategy: bagging]
[data: ]
[valid: ]
[num_iterations: 120]
[learning_rate: 0.05]
[num_leaves: 24]
[num_threads: 0]
[seed: 7]
[deterministic: 0]
[force_col_wise: 0]
[force_row_wise: 0]
[histogram_pool_size: -1]
[max_depth: -1]
[min_data_in_leaf: 20]
[min_sum_hessian_in_leaf: 0.001]
[bagging_fraction: 1]
[pos_bagging_fraction: 1]
[neg_bagging_fraction: 1]
[bagging_freq: 0]
[bagging_seed: 17422]
[bagging_by_query: 0]
[feature_fraction: 0.9]
[feature_fraction_bynode: 1]
[feature_fraction_seed: 7040]
[extra_trees: 0]
[extra_seed: 6516]
[early_stopping_round: 0]
[early_stopping_min_delta: 0]
[first_metric_only: 0]
[max_delta_step: 0]
[lambda_l1: 0]
[lambda_l2: 0]
[linear_lambda: 0]
[min_gain_to_split: 0]
[drop_rate: 0.1]
[max_drop: 50]
[skip_drop: 0.5]
[xgboost_dart_mode: 0]
[uniform_drop: 0]
[drop_seed: 15215]
[top_rate: 0.2]
[other_rate: 0.1]
[min_data_per_group: 100]
[max_cat_threshold: 32]
[cat_l2: 10]
[cat_smooth: 10]
[max_cat_to_onehot: 4]
[top_k: 20]
[monotone_constraints: ]
[monotone_constraints_method: basic]
[monotone_penalty: 0]
[feature_contri: ]
[forcedsplits_filename: ]
[refit_decay_rate: 0.9]
[cegb_tradeoff: 1]
[cegb_penalty_split: 0]
[cegb_penalty_feature_lazy: ]
[cegb_penalty_feature_coupled: ]
[path_smooth: 0]
[interaction_constraints: ]
[verbosity: -1]
[saved_feature_importance_type: 0]
[use_quantized_grad: 0]
[num_grad_quant_bins: 4]
[quant_train_renew_leaf: 0]
[stochastic_rounding: 1]
[linear_tree: 0]
[max_bin: 255]
[max_bin_by_feature: ]
[min_data_in_bin: 3]
[bin_construct_sample_cnt: 200000]
[data_random_seed: 61]
[is_enable_sparse: 1]
[enable_bundle: 1]
[use_missing: 1]
[zero_as_missing: 0]
[feature_pre_filter: 1]
[pre_partition: 0]
[two_round: 0]
[header: 0]
[label_column: ]
[weight_column: ]
[group_column: ]
[ignore_column: ]
[categorical_feature: 0,1]
[forcedbins_filename: ]
[precise_float_parser: 0]
[parser_config_file: ]
[objective_seed: 15521]
[num_class: 1]
[is_unbalance: 0]
[scale_pos_weight: 1]
[sigmoid: 1]
[boost_from_average: 1]
[reg_sqrt: 0]
[alpha: 0.9]
[fair_c: 1]
[poisson_max_delta_step: 0.7]
[tweedie_variance_power: 1.5]
[lambdarank_truncation_level: 30]
[lambdarank_norm: 1]
[label_gain: ]
[lambdarank_position_bias_regularization: 0]
[eval_at: ]
[multi_error_top_k: 1]
[auc_mu_weights: ]
[num_machines: 1]
[local_listen_port: 12400]
[time_out: 120]
[machine_list_filename: ]
[machines: ]
[gpu_platform_id: -1]
[gpu_device_id: -1]
[gpu_device_id_list: ]
[gpu_use_dp: 0]
[num_gpu: 1]

end of parameters

pandas_categorical:null
