tree
version=v4
num_class=1
num_tree_per_iteration=1
label_index=0
max_feature_idx=37
objective=quantile
feature_names=type_idx country_idx horizon_year cooling buffer scale nearby_500m nearby_2km nearby_highway_2km min_habitat_m habitat_hits habitat_proximity water_hits water_overlap min_water_m min_road_km snow_mm precip_mm has_gbif has_roadkill has_osm_roads has_open_meteo gbif_myotis_myotis gbif_meles_meles gbif_castor_fiber gbif_alcedo_atthis gbif_bombina_variegata gbif_alauda_arvensis gbif_podiceps_cristatus gbif_acrocephalus_scirpaceus gbif_lutra_lutra gbif_ciconia_ciconia gbif_cervus_elaphus gbif_count_500m gbif_count_2km gbif_suitability roadkill_intensity_2km roadkill_count_2km
feature_infos=-1:6:5:2:4:0:7:3:1 -1:0:1:2 [2026:2040] [0:1] [0:1] [0.40000000000000002:2] [0:3] [0:3] [0:3] [0:125011.43205326654] [0:6] [0:3] [0:5] [0:1] [44.225848332120513:209444.01326761045] [0.16774822241364587:228.22479370757517] [0:4.4129166666666659] [0:89.364999999999995] [0:1] [0:1] [0:1] [0:1] none none none none none none none none none [0:1.0918136539803009] none none [0:37] [0:3.2117718603482626] [0:17.727708328222089] [0:15]
tree_sizes=2046 2232 2225 2179 2196 2183 2206 2201 2198 2214 2181 2215 2233 2217 2212 2212 2196 2221 2208 2194 2231 2214 2205 2201 2210 2227 2194 2212 2254 2200 2230 2232 2234 2215 2209 2245 2237 2216 2228 2232 2217 2209 2189 2235 2206 2224 2227 2219 2215 2237 2201 2235 2216 2237 2227 2224 2193 2209 2211 2242 2226 2233 2281 2268 2267 2232 2246 2247 2263 2198 2249 2220 2253 2233 2232 2231 2246 2259 2237 2235 2238 2234 2234 2252 2227 2241 2242 2266 2241 2257 2272 2227 2243 2252 2223 2247 2221 2262 2219 2243 2256 2267 2222 2246 2250 2252 2244 2279 2238 2248 2255 2240 2229 2268 2259 2258 2239 2258 2246 2243

Tree=0
num_leaves=24
num_cat=4
split_feature=0 4 5 0 16 0 5 16 5 16 5 5 5 5 16 5 16 5 5 1 2 5 17
split_gain=274.095 231.746 126.9 94.3109 25.8864 24.2402 15.5899 12.9385 11.7833 11.0173 12.5979 10.7121 6.82294 6.03353 5.94108 2.81446 2.39738 1.95849 1.85532 1.6025 1.72024 1.5742 1.42198
threshold=0 1.0000000180025095e-35 0.7681049980012834 1 1.0000000180025095e-35 2 0.94147667905431387 1.0000000180025095e-35 1.4971340844100429 1.0000000180025095e-35 0.98074084135780404 0.86354054545950343 1.5720523221415739 0.71654816570429147 3.485125 0.68072289182799695 1.0000000180025095e-35 1.3514613398798503 1.1912409331906684 3 2033.5000000000002 0.8306467510427672 73.879583333333343
decision_type=1 2 2 1 2 1 2 2 2 2 2 2 2 2 2 2 2 2 2 1 2 2 2
left_child=9 2 5 15 6 16 -5 -7 -6 10 -1 14 17 -9 21 -3 -2 -11 -12 -18 -21 22 -4
right_child=1 3 11 4 8 7 -8 13 -10 12 18 -13 -14 -15 -16 -17 19 -19 -20 20 -22 -23 -24
leaf_value=3.7215689420700073 3.9744590759277343 3.7882738351821899 3.8033164739608765 3.7382980704307558 3.7050643205642699 3.8088070273399355 3.801969277858734 3.7266076147556304 3.7873945951461794 3.6822531461715697 3.7782952427864074 3.888388228416443 3.780000627040863 3.7707864880561828 3.7692835807800291 4.0041328549385069 3.8471911430358885 3.7523154020309448 3.8519083380699159 3.7654868602752685 3.7971047520637513 3.8087978482246401 3.783609962463379
leaf_weight=65 20 20 72 42 687 29 65 192 34 856 26 1464 23 51 36 146 54 79 25 35 40 74 64
leaf_count=65 20 20 72 42 687 29 65 192 34 856 26 1464 23 51 36 146 54 79 25 35 40 74 64
internal_value=3.77451 3.78201 3.79133 3.76209 3.75531 3.76674 3.77802 3.75821 3.75167 3.75284 3.76719 3.79738 3.75087 3.75384 3.78773 3.79582 3.78285 3.75021 3.78579 3.78091 3.77618 3.79095 3.78775
internal_weight=4199 3125 2131 994 828 421 107 272 721 1074 116 1710 958 243 246 166 149 935 51 129 75 210 136
internal_count=4199 3125 2131 994 828 421 107 272 721 1074 116 1710 958 243 246 166 149 935 51 129 75 210 136
cat_boundaries=0 1 2 3 4
cat_threshold=65 4 12 2
is_linear=0
shrinkage=1


Tree=1
num_leaves=24
num_cat=0
split_feature=4 16 16 16 14 3 15 2 15 15 14 6 16 11 7 14 20 10 15 2 2 8 2
split_gain=170.749 18.9304 18.6594 3.10506 3.12093 1.90226 1.2116 1.40005 1.11125 1.8012 0.983206 1.21687 1.18387 1.68755 1.10493 0.983499 1.08378 0.951336 1.39163 0.944751 1.56328 1.1908 1.23936
threshold=1.0000000180025095e-35 1.0000000180025095e-35 1.0000000180025095e-35 3.485125 160833.74598110671 1.0000000180025095e-35 53.616115913572237 2033.5000000000002 104.51569050480074 114.07011094534455 19750.088561872057 1.0000000180025095e-35 1.756416666666667 1.0855271973187917 1.5000000000000002 151498.38975148505 1.0000000180025095e-35 2.5000000000000004 58.083230587519203 2030.5000000000002 2033.5000000000002 1.0000000180025095e-35 2036.5000000000002
decision_type=2 2 2 2 2 2 2 2 2 2 2 2 2 2 2 2 2 2 2 2 2 2 2
left_child=2 5 -1 10 8 6 -2 -8 17 -10 -4 12 13 19 -14 16 -13 18 -5 -12 -21 22 -22
right_child=1 -3 3 4 -6 -7 7 -9 9 -11 11 15 14 -15 -16 -17 -18 -19 -20 20 21 -23 -24
leaf_value=0.1739081919193268 -0.0043548280000686558 -0.071632910966873173 0.023322769403457635 0.024397584199905387 -0.037398054748773571 -0.018915612101554881 0.00030543863773346835 0.023583269715309153 0.072855082154273984 0.023331590890884393 0.044949241876602167 0.039859958887100214 0.05295726895332336 -0.019024546891450878 0.013220786452293389 0.07775990605354309 0.028122671842575067 -0.0064560860395431524 -0.0090937162935733739 0.0069701549410819963 0.033640524148941031 0.010110063552856442 0.050181051492691031
leaf_weight=351 52 1147 329 99 44 41 27 34 28 85 395 31 248 44 73 41 236 59 108 224 189 93 221
leaf_count=351 52 1147 329 99 44 41 27 34 28 85 395 31 248 44 73 41 236 59 108 224 189 93 221
internal_value=-0.000113122 -0.0151614 0.00664251 0.00515312 0.00124113 0.0012987 0.00464602 0.00942623 0.00270449 0.00685841 0.0059322 0.00639276 0.00580027 0.00506003 0.0084891 0.00925325 0.00814607 0.00093985 0.00253623 0.00543672 0.00436726 0.00591451 0.00707317
internal_weight=4199 1301 2898 2547 423 154 113 61 379 113 2124 1795 1487 1166 321 308 267 266 207 1122 727 503 410
internal_count=4199 1301 2898 2547 423 154 113 61 379 113 2124 1795 1487 1166 321 308 267 266 207 1122 727 503 410
is_linear=0
shrinkage=0.05


Tree=2
num_leaves=24
num_cat=1
split_feature=4 5 16 5 16 5 5 16 16 5 5 16 6 5 16 1 6 5 5 5 14 14 15
split_gain=163.435 114.597 18.4037 11.9512 10.7817 10.4764 8.98083 8.82147 4.17676 3.10792 2.2471 2.69963 2.10508 2.06871 1.99081 1.98674 1.89676 1.81833 1.55897 1.51551 1.48666 1.59525 1.4
threshold=1.0000000180025095e-35 0.7681049980012834 1.0000000180025095e-35 0.95125794861024027 1.0000000180025095e-35 0.86354054545950343 1.3514613398798503 1.0000000180025095e-35 3.485125 1.2994426869863489 1.5300513205035833 1.4758333333333338 1.0000000180025095e-35 0.99752892928850623 1.4758333333333338 0 1.0000000180025095e-35 1.0776903129539595 0.74252791977159271 0.57324090082199908 13749.0375045001 25168.510525336853 48.890295924035421
decision_type=2 2 2 2 2 2 2 2 2 2 2 2 2 2 2 1 2 2 2 2 2 2 2
left_child=1 4 3 15 19 8 -4 -7 14 12 11 -8 13 20 -3 -2 -16 -5 -6 -1 -9 -22 -20
right_child=2 5 6 17 18 7 10 9 -10 -11 -12 -13 -14 -15 16 -17 -18 -19 22 -21 21 -23 -24
leaf_value=-0.020669298171997075 -0.018053075343370441 0.025548099458217611 -0.072682427108287803 0.010779100924730313 -0.050042116761207581 0.22774035781621935 0.0066383851170539916 -0.052737997591495514 -0.010224797572940581 0.13652070841193198 0.015949868023395531 -0.01410281533002853 0.057090326130390161 0.067719661176204676 -0.0012262271046638463 -0.062819106310606013 0.009982095539569847 0.056110698252916348 -0.0015661330223083469 0.056314869225025183 0.036022840917110437 0.01895599634945391 -0.013745959818363197
leaf_weight=26 27 111 1027 37 459 243 25 33 46 372 37 58 242 783 137 38 30 52 28 41 30 282 35
leaf_count=26 27 111 1027 37 459 243 25 33 46 372 37 58 242 783 137 38 30 52 28 41 30 282 35
internal_value=-0.000208383 0.00640097 -0.0149308 0.0012987 -0.0132852 0.0114227 -0.0171099 0.0127834 0.00308642 0.0115385 -0.00416667 -0.00873494 0.010438 0.00953014 0.00539568 -0.015 0.00194611 0.0132022 -0.0157088 0.00559701 0.00630435 0.00737179 -0.00833333
internal_weight=4199 2898 1301 154 589 2309 1147 1985 324 1742 120 83 1370 1128 278 65 167 89 522 67 345 312 63
internal_count=4199 2898 1301 154 589 2309 1147 1985 324 1742 120 83 1370 1128 278 65 167 89 522 67 345 312 63
cat_boundaries=0 1
cat_threshold=2
is_linear=0
shrinkage=0.05


Tree=3
num_leaves=24
num_cat=3
split_feature=0 4 5 0 0 16 5 16 5 5 16 5 16 16 5 5 16 5 5 5 15 9 5
split_gain=285.348 209.151 125.637 93.2073 38.1914 26.0879 21.0828 16.1207 14.0142 12.862 6.83804 15.3121 6.11617 4.62955 4.07807 3.34015 3.83106 2.84715 2.28858 2.17343 1.83401 1.72857 1.58313
threshold=0 1.0000000180025095e-35 0.8306467510427672 1 2 1.0000000180025095e-35 0.71283530371631154 1.0000000180025095e-35 1.4590833241574643 0.84976300489942436 1.0000000180025095e-35 1.0921227308458137 3.485125 1.0000000180025095e-35 1.5720523221415739 0.93269690608366818 3.485125 1.0719064968597067 0.78493427256843895 1.2837255376576799 45.901977681964993 7925.8422996965101 0.68072289182799695
decision_type=1 2 2 1 1 2 2 2 2 2 2 2 2 2 2 2 2 2 2 2 2 2 2
left_child=10 2 4 22 -2 9 7 -6 19 -5 11 -1 13 -8 -12 16 -4 -11 20 -7 -15 -10 -3
right_child=1 3 15 5 6 8 12 -9 21 17 14 -13 -14 18 -16 -17 -18 -19 -20 -21 -22 -23 -24
leaf_value=-0.060701332339644434 0.13984372044205667 0.020284024474024775 0.036491564205288873 -0.037387105925381192 0.021063637062907238 -0.063633521798253059 0.11626569105982783 -0.044440559884160749 -0.002316930177807808 0.0035350644156336933 -0.085574227759242047 0.042728197947144511 -0.016036778725869949 0.0017660075709223788 -0.0023735629126429461 0.10882459007799623 0.0110194595339708 0.047006369666755227 0.0089008082583546533 -0.010955485108494756 -0.0040875122860073998 0.012055225369334233 0.22535009324252606
leaf_weight=81 107 20 237 30 33 599 24 224 24 39 935 35 23 44 23 1271 46 38 76 77 46 21 146
leaf_count=81 107 20 237 30 33 599 24 224 24 39 935 35 23 44 23 1271 46 38 76 77 46 21 146
internal_value=-0.000351274 0.00729665 0.0161544 -0.0116197 -0.0037695 -0.0183771 -0.00989583 -0.0197471 -0.022018 0.00443925 -0.0224631 -0.0112069 0.00152582 0.00447368 -0.0240605 0.0235521 0.0186396 0.0152597 0.00150602 -0.0238166 -0.00388889 0.005 0.021875
internal_weight=4199 3125 2131 994 577 828 470 257 721 107 1074 116 213 190 958 1554 283 77 166 676 90 45 166
internal_count=4199 3125 2131 994 577 828 470 257 721 107 1074 116 213 190 958 1554 283 77 166 676 90 45 166
cat_boundaries=0 1 2 3
cat_threshold=65 4 4
is_linear=0
shrinkage=0.05


Tree=4
num_leaves=24
num_cat=3
split_feature=0 5 0 0 16 5 16 16 5 5 5 5 16 5 5 36 17 5 14 15 16 14 5
split_gain=282.092 102.217 56.5487 31.0384 15.3942 13.431 12.0144 7.19001 12.3204 6.89242 4.39026 4.3302 2.60582 2.62245 2.28 1.90861 1.84471 1.82193 1.64382 2.33503 1.41935 1.38531 1.38432
threshold=0 0.78493427256843895 1 2 1.0000000180025095e-35 0.99972858438040657 1.0000000180025095e-35 1.0000000180025095e-35 1.1287681634439279 0.70059082524422223 1.3514613398798503 1.4368553152526682 3.485125 0.8562717732649815 0.48900742528759283 0.035593289295369167 74.884166666666673 1.0816180947461709 160833.74598110671 120.91722485504575 2.1729166666666671 19750.088561872057 1.0871140789853733
decision_type=1 2 1 1 2 2 2 2 2 2 2 2 2 2 2 2 2 2 2 2 2 2 2
left_child=7 2 14 -3 17 12 -4 8 -1 -8 20 -9 15 -14 -2 18 -13 -5 19 -6 -7 -12 -22
right_child=1 3 6 4 5 10 9 11 -10 -11 21 16 13 -15 -16 -17 -18 -19 -20 -21 22 -23 -24
leaf_value=-0.052952317937761534 0.0094974206101894557 0.29938374939277773 0.0084369021393358775 0.1300101937969029 0.0097158224017172903 0.056831319997161601 -0.063339213678725068 -0.083068276106864236 0.042479315754026192 -0.016548843651935465 0.081835139967948181 -0.0022548847670107899 -0.016511396961463597 0.00010195414612534925 0.1006234544785321 0.025616799473464472 -0.022529648718535911 0.25572693547949193 0.017409193672686785 -0.015384763198271402 0.001930436173528416 0.12530355510905383 0.055699975283890951
leaf_weight=84 21 414 68 138 378 637 307 897 32 160 46 35 38 75 103 31 26 125 28 79 80 215 182
leaf_count=84 21 414 68 138 378 637 307 897 32 160 46 35 38 75 103 31 26 125 28 79 80 215 182
internal_value=-0.000339367 0.00726475 -0.0102049 0.0119627 0.0092871 0.00767188 -0.0171101 -0.0223247 -0.0107759 -0.0202891 0.0108621 -0.0239562 0.00178855 -0.0050885 0.019403 0.00329457 -0.0110656 0.0206274 0.00252577 0.00180525 0.00920467 0.0165709 0.00610687
internal_weight=4199 3125 659 2466 2052 1789 535 1074 116 467 1160 958 629 113 124 516 61 263 485 457 899 261 262
internal_count=4199 3125 659 2466 2052 1789 535 1074 116 467 1160 958 629 113 124 516 61 263 485 457 899 261 262
cat_boundaries=0 1 2 3
cat_threshold=65 4 4
is_linear=0
shrinkage=0.05


Tree=5
num_leaves=24
num_cat=4
split_feature=0 4 5 0 0 16 5 16 5 5 16 5 5 17 5 5 1 17 17 14 5 16 5
split_gain=275.806 229.152 116.876 94.5901 21.0181 17.0751 12.7253 12.0502 11.6423 10.3932 6.5632 10.9857 6.4923 4.64555 4.22565 2.7189 2.371 2.01973 1.84471 1.78797 1.59962 1.57351 1.55721
threshold=0 1.0000000180025095e-35 0.7681049980012834 1 2 1.0000000180025095e-35 0.94147667905431387 1.0000000180025095e-35 0.88037162294841587 1.4971340844100429 1.0000000180025095e-35 1.1742771550500766 0.69592446294074228 73.879583333333343 1.4368553152526682 0.68072289182799695 3 74.884166666666673 74.884166666666673 28076.068466946304 1.2837255376576799 1.4758333333333338 0.96426533895968825
decision_type=1 2 2 1 1 2 2 2 2 2 2 2 2 2 2 2 1 2 2 2 2 2 2
left_child=10 2 4 15 17 6 -5 -6 13 20 11 22 -9 -4 -12 -3 -15 19 -16 -2 -7 -22 -1
right_child=1 3 8 5 7 9 -8 12 -10 -11 14 -13 -14 16 18 -17 -18 -19 -20 -21 21 -23 -24
leaf_value=-0.056053484037838879 0.0060588136196844337 0.014238650526396925 0.034632131021764101 -0.031408029476813981 0.02203563112523408 -0.061138963632233458 0.014650068386398285 -0.0403909543052446 0.095987521439805601 0.0081491926593109786 -0.078914862301521005 0.0424311633789912 -0.0034128823220021865 0.011059425797607726 -0.0021421405286602413 0.1991134011107609 -0.0011434603090399453 0.004623955133199709 -0.021403166282609121 0.07455276191218943 -0.0069525256174281184 -0.016897665238700798 -0.014335548982344549
leaf_weight=62 23 20 135 42 29 599 65 177 1418 34 897 28 66 99 35 146 58 61 26 65 25 63 26
leaf_count=62 23 20 135 42 29 599 65 177 1418 34 897 28 66 99 35 146 58 61 26 65 25 63 26
internal_value=-0.000494165 0.00702552 0.0162952 -0.0127767 -0.00730404 -0.0195704 -0.00116822 -0.0152482 0.0221053 -0.0225728 -0.0222325 -0.0112069 -0.0194444 0.0130137 -0.0237996 0.0210227 0.00716561 0.0077044 -0.0110656 0.0130682 -0.0239083 -0.0176136 -0.0198864
internal_weight=4199 3125 2131 994 421 828 107 272 1710 721 1074 116 243 292 958 166 157 149 61 88 687 88 88
internal_count=4199 3125 2131 994 421 828 107 272 1710 721 1074 116 243 292 958 166 157 149 61 88 687 88 88
cat_boundaries=0 1 2 3 4
cat_threshold=65 4 12 1
is_linear=0
shrinkage=0.05


Tree=6
num_leaves=24
num_cat=3
split_feature=0 4 5 0 0 16 16 5 5 5 16 5 16 5 5 5 5 5 4 17 16 5 16
split_gain=263.638 219.014 110.657 93.236 18.0275 17.3794 14.3507 12.114 11.8817 11.0233 7.56591 10.7124 5.47947 5.2172 4.1108 2.85187 2.7189 2.11319 1.98943 2.18312 1.83063 1.2653 1.17134
threshold=0 1.0000000180025095e-35 0.7681049980012834 1 2 1.0000000180025095e-35 1.0000000180025095e-35 0.938622391824802 0.94147667905431387 1.4590833241574643 1.0000000180025095e-35 1.0341220573097172 3.485125 1.3514613398798503 0.68614658175646159 0.8306467510427672 0.68072289182799695 0.53101761050589735 1.0000000180025095e-35 74.884166666666673 1.0000000180025095e-35 1.2837255376576799 1.4758333333333338
decision_type=1 2 2 1 1 2 2 2 2 2 2 2 2 2 2 2 2 2 2 2 2 2 2
left_child=10 2 4 16 17 8 -6 12 -5 21 11 -1 15 -12 -8 20 -3 -2 19 -15 -4 -7 -17
right_child=1 3 7 5 6 9 14 -9 -10 -11 13 -13 -14 18 -16 22 -18 -19 -20 -21 -22 -23 -24
leaf_value=-0.052722831892526516 -0.0035868382846236061 0.013526718000077077 0.11538485570389055 -0.029837628002973293 0.024788493852624695 -0.058082015450621798 -0.040377817114231468 0.09594153382217066 0.013917564967078367 0.0041747787712413725 -0.076681695251284918 0.019035028426861444 0.00025430463319330298 -0.0016273039212288066 -0.0072693030180854606 0.082522546124235027 0.18915773105522282 0.058746229509721727 -0.17198817550067491 -0.014275078449401825 0.008154195002238818 -0.012966452741856482 0.022862840604330571
leaf_weight=73 37 20 20 42 29 599 160 1255 65 45 856 43 68 45 79 105 146 116 25 32 116 77 146
leaf_count=73 37 20 20 42 29 599 160 1255 65 45 856 43 68 45 79 105 146 116 25 32 116 77 146
internal_value=-0.00051798 0.00683413 0.0158963 -0.0125252 -0.00706651 -0.0192721 -0.0145683 0.0215497 -0.000700935 -0.0222954 -0.0217712 -0.00991379 0.0145604 -0.0234342 -0.0191423 0.0168605 0.0210227 0.00659509 -0.0127451 -0.00876623 0.0110294 -0.0238905 0.0200199
internal_weight=4199 3125 2131 994 421 828 268 1710 107 721 1074 116 455 958 239 387 166 153 102 77 136 676 251
internal_count=4199 3125 2131 994 421 828 268 1710 107 721 1074 116 455 958 239 387 166 153 102 77 136 676 251
cat_boundaries=0 1 2 3
cat_threshold=65 4 20
is_linear=0
shrinkage=0.05


Tree=7
num_leaves=24
num_cat=3
split_feature=0 4 5 0 16 0 16 5 5 5 16 5 16 5 5 14 5 5 4 17 16 5 5
split_gain=258.467 214.645 109.92 91.3638 18.0258 16.0667 13.0201 11.5775 11.0671 10.9596 7.39169 9.96888 6.66697 6.64771 5.06547 4.48312 3.08635 2.73961 1.98943 2.18312 1.95411 1.87971 1.60963
threshold=0 1.0000000180025095e-35 0.78493427256843895 1 1.0000000180025095e-35 2 1.0000000180025095e-35 0.95718907554605426 0.94147667905431387 1.4590833241574643 1.0000000180025095e-35 1.1742771550500766 3.485125 0.71654816570429147 1.3514613398798503 32768.411137658324 0.69157279007383188 0.52541672543949758 1.0000000180025095e-35 74.884166666666673 1.4758333333333338 0.95718907554605426 0.8306467510427672
decision_type=1 2 2 1 2 1 2 2 2 2 2 2 2 2 2 2 2 2 2 2 2 2 2
left_child=10 2 5 16 8 15 -7 12 -5 -6 11 21 20 -8 -12 -2 -3 -17 19 -16 -4 -1 -22
right_child=1 3 7 4 9 6 13 -9 -10 -11 14 -13 -14 -15 18 17 -18 -19 -20 -21 22 -23 -24
leaf_value=-0.050691045633135784 -0.012714699804321539 0.012850382100073233 0.052787214048583331 -0.028345746602824629 -0.052233798107476415 0.040080299827486204 -0.036368237943492136 0.092279511734281172 0.013221686718724436 0.0039660398326793137 -0.072847610488720668 0.039357853788698584 0.00088004890287267661 -0.0040105970932006524 -0.0015459387251673729 -0.048228384769991639 0.18060483374501538 0.064443782959153192 -0.16338876672564118 -0.013561324526931741 0.007404280559245891 -0.011834356470583396 0.023205157667335021
leaf_weight=59 50 22 162 42 676 39 174 1200 65 45 856 28 83 76 45 20 144 98 25 32 57 29 172
leaf_count=59 50 22 162 42 676 39 174 1200 65 45 856 28 83 76 45 20 144 98 25 32 57 29 172
internal_value=-0.000589426 0.00669059 0.0156617 -0.0124748 -0.0191527 -0.00607221 -0.0129599 0.021595 -0.000233645 -0.0222261 -0.0216328 -0.00991379 0.0149789 -0.0176 -0.0232777 0.00617978 0.0207386 0.0118644 -0.0127451 -0.00876623 0.017711 -0.0181818 0.014738
internal_weight=4199 3125 2131 994 828 457 289 1674 107 721 1074 116 474 250 958 168 166 118 102 77 391 88 229
internal_count=4199 3125 2131 994 828 457 289 1674 107 721 1074 116 474 250 958 168 166 118 102 77 391 88 229
cat_boundaries=0 1 2 3
cat_threshold=65 4 6
is_linear=0
shrinkage=0.05


Tree=8
num_leaves=24
num_cat=4
split_feature=0 4 0 16 0 16 16 16 4 3 9 1 15 9 15 35 9 15 2 9 9 15 15
split_gain=245.24 203.142 90.2983 16.7161 12.3628 9.95047 7.95139 5.36577 3.93391 1.16823 1.15209 1.15058 1.42441 1.13812 1.00854 0.896707 0.857737 0.840721 0.881563 0.754461 0.95473 0.713324 1.24851
threshold=0 1.0000000180025095e-35 1 1.0000000180025095e-35 2 1.0000000180025095e-35 1.0000000180025095e-35 3.485125 1.0000000180025095e-35 1.0000000180025095e-35 11002.751762119648 3 52.811123407476593 21518.751147060382 177.50567166169486 0.014700295971465945 259.65779825042154 14.506603944714575 2035.5000000000002 8149.6695448327418 1052.2011204692233 25.012291305676673 27.999079570150631
decision_type=1 2 1 2 1 2 2 2 2 2 2 1 2 2 2 2 2 2 2 2 2 2 2
left_child=6 4 -3 9 -2 -6 8 15 10 13 -1 14 -13 16 19 17 -4 18 -7 20 -9 -19 -23
right_child=1 2 3 -5 5 7 -8 11 -10 -11 -12 12 -14 -15 -16 -17 -18 21 -20 -21 -22 22 -24
leaf_value=0.0014497889881386339 0.26247876190066582 0.14194723314434299 0.0030900328205195286 -0.046616339924476113 0.15843815381842352 0.028533799531894388 -0.064927963480903239 0.019409352180572804 -0.17076373680332763 -0.015928083320414843 -0.026913162031343987 0.019500888754828628 -0.015021139974093801 0.010480372459696397 -0.011319665193119355 0.0017040178924789375 -0.0052316644986031731 0.039957003070252566 0.0017764358586494944 0.028756903377386414 9.2317624105475732e-05 0.0063848447038108887 0.032126165701287415
leaf_weight=57 372 166 26 721 224 39 958 61 29 24 30 24 22 20 23 20 37 279 24 69 48 29 897
leaf_count=57 372 166 26 721 224 39 958 61 29 24 30 24 22 20 23 20 37 279 24 69 48 29 897
internal_value=-0.00072041 0.00637161 -0.0122736 -0.0189141 0.0150985 0.0130724 -0.0212177 0.0117101 -0.00905172 -0.000700935 -0.00373563 0.00495951 -0.00217391 0.00210843 0.00659204 0.0130047 -0.00119048 0.0131703 0.00753968 0.00786517 0.00527523 0.0134647 0.012797
internal_weight=4199 3125 994 828 2131 1759 1074 1535 116 107 87 247 46 83 201 1288 63 1268 63 178 109 1205 926
internal_count=4199 3125 994 828 2131 1759 1074 1535 116 107 87 247 46 83 201 1288 63 1268 63 178 109 1205 926
cat_boundaries=0 1 2 3 4
cat_threshold=65 4 4 2
is_linear=0
shrinkage=0.05


Tree=9
num_leaves=24
num_cat=3
split_feature=0 4 0 16 0 16 16 16 4 4 9 14 2 19 11 16 16 7 3 2 9 9 15
split_gain=225.386 186.147 85.5953 15.8518 13.6776 10.042 7.67 4.8429 4.14943 1.19873 1.0101 1.06792 1.11178 0.994011 1.95123 1.10118 0.993036 0.951084 1.00382 1.56274 0.890317 0.856685 0.787902
threshold=0 1.0000000180025095e-35 1 1.0000000180025095e-35 2 1.0000000180025095e-35 1.0000000180025095e-35 3.485125 1.0000000180025095e-35 1.0000000180025095e-35 24222.984172534485 25894.196276986095 2036.5000000000002 1.0000000180025095e-35 0.9984092495684993 1.756416666666667 1.4758333333333338 1.5000000000000002 1.0000000180025095e-35 2035.5000000000002 61642.765448338389 11002.751762119648 80.806032560209616
decision_type=1 2 1 2 1 2 2 2 2 2 2 2 2 2 2 2 2 2 2 2 2 2 2
left_child=6 4 -3 10 -2 -6 8 13 21 16 11 -4 -13 14 15 22 -8 -9 19 -19 -15 -1 -7
right_child=1 2 3 -5 5 7 9 17 -10 -11 -12 12 -14 20 -16 -17 -18 18 -20 -21 -22 -23 -24
leaf_value=0.0013772995387316912 0.24935482380563256 0.13484987148712585 0.0060332952698488379 -0.044285522928252302 0.15051624612750236 0.0098084340318086889 -0.036348427093551419 0.0079357896412926895 -0.16222554996316124 -0.1537433712791404 0.0039116990579122993 -0.011878780777296961 0.00070415450353134013 0.031816881448436043 -0.0018477671412803877 0.051004954967568898 -0.046641973279193887 -0.0011451875876865359 0.020459236949108141 0.042442238503294254 0.01633890853292801 -0.025567503929776782 0.048600695941555562
leaf_weight=57 372 166 31 721 224 42 165 159 29 278 24 31 21 1076 40 34 515 41 25 22 50 30 46
leaf_count=57 372 166 31 721 224 42 165 159 29 278 24 31 21 1076 40 34 515 41 25 22 50 30 46
internal_value=-0.000922839 0.00587719 -0.0119718 -0.0184368 0.0142304 0.0121396 -0.020572 0.0107655 -0.00862069 -0.0222338 -0.000700935 -0.00331325 -0.00769231 0.0119953 0.00833333 0.0114754 -0.0211029 0.00435223 0.00852273 0.00515873 0.0125222 -0.00316092 0.00852273
internal_weight=4199 3125 994 828 2131 1759 1074 1535 116 958 107 83 52 1288 162 122 680 247 88 63 1126 87 88
internal_count=4199 3125 994 828 2131 1759 1074 1535 116 958 107 83 52 1288 162 122 680 247 88 63 1126 87 88
cat_boundaries=0 1 2 3
cat_threshold=65 4 4
is_linear=0
shrinkage=0.05


Tree=10
num_leaves=24
num_cat=5
split_feature=0 5 0 0 5 5 5 16 16 5 16 16 16 16 5 16 5 5 5 5 1 1 2
split_gain=210.876 111.476 52.4322 29.642 19.3413 16.8806 13.762 10.3672 9.74493 8.89914 4.83609 4.50077 3.88829 3.60831 3.59394 3.4931 3.77564 2.95718 2.60615 2.29455 2.23365 2.23247 1.90814
threshold=0 0.84175118767219159 1 2 1.1393490278976233 1.2104102448523337 0.7681049980012834 1.0000000180025095e-35 1.4758333333333338 0.51653639921929895 3.485125 1.0000000180025095e-35 1.4758333333333338 1.0000000180025095e-35 0.99972858438040657 1.0000000180025095e-35 1.0341220573097172 1.3514613398798503 0.57324090082199908 0.69592446294074228 3 4 2029.5000000000002
decision_type=1 2 1 1 2 2 2 2 2 2 2 2 2 2 2 2 2 2 2 2 1 1 2
left_child=5 2 9 -3 7 15 11 -5 21 -2 14 18 -8 -6 -9 16 -1 22 -4 -13 -14 -7 -15
right_child=1 3 6 4 13 8 12 10 -10 -11 -12 19 20 17 -16 -17 -18 -19 -20 -21 -22 -23 -24
leaf_value=-0.047186636173942566 -0.014112335014604361 0.25551489283980966 -0.039794997720002945 0.10036834934249649 0.23665220564008546 -0.0048814738818468767 0.0041553290012510957 0.0023540901879955281 -0.018764647840869488 0.089515193300748003 -0.0073249303671914408 -0.058680336280990633 -0.0053883057996834353 0.062625936988002159 0.023586503342812426 -0.067648319839102092 0.0021907745289380556 0.1004232578031472 0.0040894819179682967 -0.01986455102616862 -0.015390558865352878 0.0144925917582861 0.051014112163073833
leaf_weight=73 26 379 22 140 102 40 80 383 166 133 148 298 82 122 379 741 20 261 36 131 70 34 333
leaf_count=73 26 379 22 140 102 40 80 383 166 133 148 298 82 122 379 741 20 261 36 131 70 34 333
internal_value=-0.000827578 0.0057496 -0.00933941 0.0116711 0.00891906 -0.0198339 -0.0149863 0.00447619 -0.00833333 0.0161243 0.00252747 -0.0199692 -0.00517241 0.0147311 0.00413386 -0.0233813 -0.0142473 0.0134777 -0.00689655 -0.0217366 -0.00986842 0.00675676 0.011044
internal_weight=4199 3125 878 2247 1868 1074 719 1050 240 159 910 487 232 818 762 834 93 716 58 429 152 74 455
internal_count=4199 3125 878 2247 1868 1074 719 1050 240 159 910 487 232 818 762 834 93 716 58 429 152 74 455
cat_boundaries=0 1 2 3 4 5
cat_threshold=65 4 4 1 2
is_linear=0
shrinkage=0.05


Tree=11
num_leaves=24
num_cat=3
split_feature=0 4 5 0 0 5 5 5 5 4 16 16 16 5 16 5 16 5 5 16 5 14 16
split_gain=201.367 197.318 116.57 83.3082 31.1965 17.9762 16.5974 10.4611 10.4353 10.2024 9.38156 9.26875 8.31128 7.94002 7.24417 4.91916 4.6655 4.41069 3.67954 3.12949 3.16546 2.24072 2.59325
threshold=0 1.0000000180025095e-35 0.8306467510427672 1 2 1.2070788346600592 0.69157279007383188 1.5300513205035833 1.0264471337233452 1.0000000180025095e-35 1.0000000180025095e-35 1.4758333333333338 1.0000000180025095e-35 0.97864785621514683 3.485125 0.53101761050589735 1.0000000180025095e-35 0.7376789738161762 1.1912409331906684 1.0000000180025095e-35 0.95718907554605426 13131.829027744772 2.1729166666666671
decision_type=1 2 2 1 1 2 2 2 2 2 2 2 2 2 2 2 2 2 2 2 2 2 2
left_child=5 2 4 17 15 19 16 10 14 11 13 -7 -8 -5 -4 -2 -6 -3 -12 20 -1 -14 -23
right_child=1 3 8 7 6 9 12 -9 -10 -11 18 -13 21 -15 -16 -17 -18 -19 -20 -21 -22 22 -24
leaf_value=-0.045334160633889779 -0.0076160013750491201 0.0017363244935814761 0.031111802977670779 -0.020654643149682309 -0.002958026153453286 0.0085925026760083293 0.073880045309133904 0.017972125202737256 0.089383807355014527 -0.14494729276479557 -0.053185659250339502 -0.0072156191546951303 0.007030090396425593 0.0088112311158045752 0.0024701469563333635 0.10546943077215826 -0.037508861784097181 0.1494383050809292 -0.012625371550542708 -0.064198202701140406 -0.0051544776075313162 -0.0032208301984315794 -0.012565575558860665
leaf_weight=59 20 28 470 53 31 60 26 31 995 65 524 122 23 51 89 87 201 138 169 735 33 151 38
leaf_count=59 20 28 470 53 31 60 26 31 995 65 524 122 23 51 89 87 201 138 169 735 33 151 38
internal_value=-0.00107764 0.00535088 0.0139489 -0.0130282 -0.00524263 -0.0196494 -0.0107292 -0.0193914 0.0210746 -0.00799595 -0.020734 -0.00192308 -0.00168067 -0.00673077 0.0156082 0.0181624 -0.0204741 0.01875 -0.0228355 -0.0233676 -0.0146739 -0.00495283 -0.00674603
internal_weight=4199 3125 2131 994 577 1074 470 828 1554 247 797 182 238 104 559 107 232 166 693 827 92 212 189
internal_count=4199 3125 2131 994 577 1074 470 828 1554 247 797 182 238 104 559 107 232 166 693 827 92 212 189
cat_boundaries=0 1 2 3
cat_threshold=65 4 4
is_linear=0
shrinkage=0.05


Tree=12
num_leaves=24
num_cat=0
split_feature=4 5 5 5 16 5 16 16 5 16 16 5 16 17 16 8 6 5 14 14 5 9 5
split_gain=163.701 108.852 19.8571 12.9551 9.34823 8.67743 7.17179 5.42436 4.72003 6.35568 3.45269 3.30147 2.99383 2.97601 2.78654 2.36489 2.29683 2.54916 2.16628 1.88929 1.83506 1.65149 1.23759
threshold=1.0000000180025095e-35 0.8306467510427672 1.1016024789624379 1.1912409331906684 3.485125 0.7681049980012834 1.0000000180025095e-35 1.0000000180025095e-35 0.53101761050589735 1.0000000180025095e-35 1.0000000180025095e-35 0.97864785621514683 1.0000000180025095e-35 74.884166666666673 1.4758333333333338 1.0000000180025095e-35 1.0000000180025095e-35 0.99172057139916781 46234.081037188625 160833.74598110671 1.2892373734878864 3422.9760890567318 1.2716120369759094
decision_type=2 2 2 2 2 2 2 2 2 2 2 2 2 2 2 2 2 2 2 2 2 2 2
left_child=1 5 4 10 7 8 -5 -3 -1 -10 11 -2 -4 15 -7 21 17 -9 -17 22 -14 -8 -15
right_child=3 2 12 6 -6 14 13 16 9 -11 -12 -13 20 19 -16 18 -18 -19 -20 -21 -22 -23 -24
leaf_value=-0.064726662716872163 -0.027558957250299367 0.11528488485681465 0.21637813688577723 0.042047747356381351 -0.0063279426680299513 0.0105571809874343 -0.010302514289826915 0.0069656892626568162 0.027125114196011314 -0.026925046160777646 -0.058004172791076614 -0.00094053102550408776 0.048146470595929407 -0.027390641426057384 -0.0071408888452494379 -0.029692110318825394 0.01898196987822556 0.02351230966017295 -0.0063899602939687444 -0.0022276795498057389 0.090932904545239127 0.005081369831125027 -0.014808250401811286
leaf_weight=138 78 131 123 29 162 75 61 331 50 401 835 47 518 55 130 23 147 297 20 20 395 48 85
leaf_count=138 78 131 123 29 162 75 61 331 50 401 835 47 518 55 130 23 147 297 20 20 395 48 85
internal_value=-0.00104191 0.00557281 0.0115257 -0.0157763 0.00674157 -0.0102015 -0.00740469 0.00871965 -0.0132852 -0.0108093 -0.01875 -0.011 0.0164575 -0.00961538 -0.00134146 -0.00460526 0.00712903 0.0058121 -0.0145349 -0.014375 0.015471 -0.000688073 -0.0164286
internal_weight=4199 2898 2104 1301 1068 794 341 906 589 451 960 125 1036 312 205 152 775 628 43 160 913 109 140
internal_count=4199 2898 2104 1301 1068 794 341 906 589 451 960 125 1036 312 205 152 775 628 43 160 913 109 140
is_linear=0
shrinkage=0.05


Tree=13
num_leaves=24
num_cat=3
split_feature=0 4 5 0 0 5 5 5 5 16 16 16 16 16 5 5 5 5 4 16 16 16 16
split_gain=222.284 185.816 102.216 78.2962 28.4027 17.5215 12.7601 12.5025 11.1154 9.37729 7.80162 6.75108 6.46655 5.91593 4.91916 4.31669 4.26507 4.01551 3.98161 3.32905 2.62228 2.15104 2.06685
threshold=0 1.0000000180025095e-35 0.8306467510427672 1 2 0.6614825672723017 1.0367651859622036 1.1912409331906684 1.1672731239108303 1.0000000180025095e-35 1.0000000180025095e-35 1.0000000180025095e-35 3.485125 1.0000000180025095e-35 0.53101761050589735 1.5300513205035833 0.7376789738161762 0.95125794861024027 1.0000000180025095e-35 1.0000000180025095e-35 1.4758333333333338 1.4758333333333338 1.4758333333333338
decision_type=1 2 2 1 1 2 2 2 2 2 2 2 2 2 2 2 2 2 2 2 2 2 2
left_child=8 2 4 16 14 19 12 11 -1 -7 -10 17 20 -9 -2 21 -3 -5 22 -6 -4 -15 -12
right_child=1 3 6 7 5 9 -8 13 10 -11 18 -13 -14 15 -16 -17 -18 -19 -20 -21 -22 -23 -24
leaf_value=-0.059704725577320032 -0.0039988681704530736 0.0045497169084562474 0.058950899390640334 -0.025131572280097839 -0.0048237596535507079 0.058429467676147609 0.082806075838040061 0.037619115286318942 0.026411016685742084 -0.0040974532731504537 -0.0011370189271562969 -0.047626167648268693 0.0026630367419181902 -0.0054892207229510163 0.10154221154158921 0.0081526480948187052 0.14367405700390531 0.00068470510394720303 -0.1365538609698505 -0.03911687595687699 0.020776602137618318 -0.013215840633844556 -0.0123563153396559
leaf_weight=784 20 28 204 43 27 30 965 20 28 243 43 524 91 44 87 28 138 44 75 170 294 125 144
leaf_count=784 20 28 204 43 27 30 965 20 28 243 43 524 91 44 87 28 138 44 75 170 294 125 144
internal_value=-0.00124434 0.00551037 0.013855 -0.0123239 -0.00411612 -0.009375 0.0205277 -0.0184964 -0.0207565 -0.00137363 -0.0125862 -0.0223813 0.0147284 -0.00841014 0.0181624 -0.0110406 0.0184659 -0.00948276 -0.0152672 -0.0209391 0.0169679 -0.0140533 -0.0113636
internal_weight=4199 3125 2131 994 577 470 1554 828 1074 273 290 611 589 217 107 197 166 87 262 197 498 169 187
internal_count=4199 3125 2131 994 577 470 1554 828 1074 273 290 611 589 217 107 197 166 87 262 197 498 169 187
cat_boundaries=0 1 2 3
cat_threshold=65 4 4
is_linear=0
shrinkage=0.05


Tree=14
num_leaves=24
num_cat=3
split_feature=0 5 0 0 5 5 5 16 16 5 16 16 16 16 5 5 16 15 5 15 14 16 5
split_gain=212.605 90.5873 48.718 27.5249 18.5866 17.2216 11.1658 8.05327 7.58862 7.41985 6.49879 5.13426 3.53194 3.20776 3.073 2.06607 2.08268 2.03238 1.9997 1.71739 2.13931 1.63697 1.57808
threshold=0 0.89340953320853456 1 2 0.6677617044747115 1.1287681634439279 1.1672731239108303 3.485125 1.0000000180025095e-35 0.50361592300952374 1.0000000180025095e-35 1.0000000180025095e-35 1.0000000180025095e-35 1.0000000180025095e-35 0.77176796094750444 0.99752892928850623 1.756416666666667 49.752778293404454 1.3375357467376412 113.38724774688394 165735.85444741489 2.1729166666666671 1.1118254632596161
decision_type=1 2 1 1 2 2 2 2 2 2 2 2 2 2 2 2 2 2 2 2 2 2 2
left_child=6 2 9 -3 13 7 -1 11 -8 -2 -6 -5 -7 -4 -12 21 22 -18 -14 -16 -21 -13 -17
right_child=1 3 4 5 10 12 8 -9 -10 -11 14 15 18 -15 19 16 17 -19 -20 20 -22 -23 -24
leaf_value=-0.05671948929845403 -0.0096868729457152206 0.24600077421409239 -0.016480908450853638 0.093460379472225255 0.04360681929977326 0.20141892624958635 0.025090465851454982 -0.011942512545509954 -0.017954714525859949 0.082793894974651977 -0.021636154062663993 -0.0021914072971085832 0.037580976239128178 -0.055659678364451903 -0.0038925806094929349 0.018441204290921664 0.011698359491583377 -0.01433678359773205 0.078113503365955156 -0.016196636767491768 0.0031649580208844455 0.023611073549996676 -0.0029246577718500923
leaf_weight=784 23 348 40 114 70 107 28 118 262 167 187 231 456 250 253 230 79 24 291 63 20 27 27
leaf_count=784 23 348 40 114 70 107 28 118 262 167 187 231 456 250 253 230 79 24 291 63 20 27 27
internal_value=-0.00135151 0.00525518 -0.00650047 0.0114279 -0.0113942 0.00863477 -0.0204336 0.00364706 -0.0122414 0.016 -0.00645025 0.00560109 0.0137002 -0.0218966 -0.0083652 0.00380259 0.00625 0.000242718 0.0124833 -0.00550595 -0.011747 0.000387597 0.00865759
internal_weight=4199 3125 1073 2052 883 1704 1074 850 290 190 593 732 854 290 523 618 360 103 747 336 83 258 257
internal_count=4199 3125 1073 2052 883 1704 1074 850 290 190 593 732 854 290 523 618 360 103 747 336 83 258 257
cat_boundaries=0 1 2 3
cat_threshold=65 4 4
is_linear=0
shrinkage=0.05


Tree=15
num_leaves=24
num_cat=3
split_feature=0 4 5 0 5 0 5 5 4 5 5 16 16 16 5 5 16 5 16 15 5 16 16
split_gain=196.679 196.684 96.284 74.8801 17.4188 14.3408 11.2957 10.5055 7.89619 7.48166 7.11236 6.73699 6.52884 6.50689 6.3344 4.67848 4.42121 3.02803 2.59275 2.74243 2.56878 2.04373 2.01417
threshold=0 1.0000000180025095e-35 0.78493427256843895 1 1.0392119347815225 2 1.1393490278976233 1.5300513205035833 1.0000000180025095e-35 0.64337206274225478 0.51653639921929895 1.0000000180025095e-35 3.485125 1.0000000180025095e-35 1.0816180947461709 0.94147667905431387 1.0000000180025095e-35 1.1153207202073521 1.756416666666667 25.656833035084436 0.88415018194986472 1.756416666666667 1.4758333333333338
decision_type=1 2 2 1 2 1 2 2 2 2 2 2 2 2 2 2 2 2 2 2 2 2 2
left_child=6 2 5 15 12 10 -1 13 11 -7 -2 -8 16 14 -5 -3 -4 -15 19 -11 -18 -13 -19
right_child=1 3 4 7 -6 9 8 -9 -10 18 -12 21 -14 17 -16 -17 20 22 -20 -21 -22 -23 -24
leaf_value=-0.054734267119159963 -0.024136565997622574 0.020917635391437584 0.11233067492980281 -0.015369493278679758 0.076759182589899541 -0.034743404833425605 0.029871252609046953 0.012506142878005444 -0.12906507273035997 0.0061843184842320211 0.025994877225154613 -0.0032151157361533845 0.001155764664400394 -0.048226544046147839 0.012352451463422232 0.1619868410581109 0.0079471805370987525 -0.0081770922231131585 -0.014864516225222802 -0.0029375868306866673 0.022657243155489629 -0.015741040099457204 -0.017102274947217701
leaf_weight=744 33 65 97 72 955 144 25 31 89 25 118 122 111 461 32 101 187 60 51 86 324 94 172
leaf_count=744 33 65 97 72 955 144 25 31 89 25 118 122 111 461 32 101 187 60 51 86 324 94 172
internal_value=-0.00143487 0.00492026 0.0135031 -0.0134306 0.0190562 -0.00683807 -0.0197878 -0.0194511 -0.0122727 -0.0128165 0.00574534 -0.00757261 0.013178 -0.0207967 -0.00913462 0.0167614 0.0152138 -0.0225469 -0.0058642 -0.00157658 0.0133562 -0.0104167 -0.0178879
internal_weight=4199 3125 2131 994 1674 457 1074 828 330 306 151 241 719 797 104 166 608 693 162 111 511 216 232
internal_count=4199 3125 2131 994 1674 457 1074 828 330 306 151 241 719 797 104 166 608 693 162 111 511 216 232
cat_boundaries=0 1 2 3
cat_threshold=65 4 132
is_linear=0
shrinkage=0.05


Tree=16
num_leaves=24
num_cat=5
split_feature=0 4 5 0 5 0 5 5 16 4 5 16 0 16 5 5 16 5 5 16 16 16 1
split_gain=190.072 187.204 92.4006 73.2035 17.0038 12.6679 10.7898 9.29976 8.57118 8.08531 7.74188 6.64245 7.57614 6.62371 6.04734 5.38687 5.18511 4.67848 2.94241 2.72002 2.36939 2.28051 2.21173
threshold=0 1.0000000180025095e-35 0.78493427256843895 1 1.0392119347815225 2 1.1393490278976233 1.0816180947461709 1.0000000180025095e-35 1.0000000180025095e-35 0.64337206274225478 1.0000000180025095e-35 3 1.0000000180025095e-35 0.46620033734366129 1.5300513205035833 3.485125 0.94147667905431387 0.85301416984164968 1.4758333333333338 1.0000000180025095e-35 1.0000000180025095e-35 4
decision_type=1 2 2 1 2 1 2 2 2 2 2 2 1 2 2 2 2 2 2 2 2 2 1
left_child=6 2 5 17 11 14 20 -5 -9 13 21 -4 -13 -8 -2 -10 18 -3 -14 22 -1 -7 -12
right_child=1 3 4 7 -6 10 9 8 15 -11 19 12 16 -15 -16 -17 -18 -19 -20 -21 -22 -23 -24
leaf_value=-0.029684418856062367 -0.044343926728109301 0.019871753621865686 0.10671414118331267 -0.044931444711457262 0.072921223460404555 -0.0037628698440514089 0.028377689978594623 0.016112685080733824 -0.014927563927613652 -0.12261181909384196 -0.0026710131771188307 0.17344662755512602 0.0021020659682039256 -0.0083809922095908762 0.017013043899090398 0.0032140333778797325 -0.0024556037553711053 0.15388749900520537 0.01494675097177689 -0.0075436721774342578 -0.053842090567647043 -0.034869777096678205 0.023173691188470749
leaf_weight=87 25 65 97 504 955 21 25 35 261 89 24 106 114 216 126 28 92 101 310 113 657 123 25
leaf_count=87 25 65 97 504 955 21 25 35 261 89 24 106 114 216 126 28 92 101 310 113 657 123 25
internal_value=-0.00142296 0.00482456 0.013198 -0.0130785 0.018638 -0.00672867 -0.0194649 -0.0190334 -0.0126543 -0.0121212 -0.0123418 0.0128303 0.0109325 -0.00736515 0.00512422 -0.0154844 0.00788973 0.0167614 0.0103774 -0.00524691 -0.0229839 -0.0211806 0.00459184
internal_weight=4199 3125 2131 994 1674 457 1074 828 324 330 306 719 622 241 151 289 516 166 424 162 744 144 49
internal_count=4199 3125 2131 994 1674 457 1074 828 324 330 306 719 622 241 151 289 516 166 424 162 744 144 49
cat_boundaries=0 1 2 3 4 5
cat_threshold=65 4 132 4 2
is_linear=0
shrinkage=0.05


Tree=17
num_leaves=24
num_cat=0
split_feature=4 5 5 5 16 16 16 16 5 5 5 5 6 16 15 15 5 16 5 16 5 16 15
split_gain=153.428 93.6702 24.8065 12.0173 11.9341 7.47652 6.28609 5.25578 4.62821 3.95051 3.20787 3.07551 2.62445 2.56836 2.43499 2.57626 2.27377 2.1889 1.76901 1.70175 1.64775 1.54672 2.88068
threshold=1.0000000180025095e-35 0.78493427256843895 1.1223427162988093 1.0794653556291733 1.0000000180025095e-35 1.0000000180025095e-35 1.0000000180025095e-35 3.485125 0.57324090082199908 0.6677617044747115 0.99172057139916781 1.5300513205035833 1.0000000180025095e-35 1.756416666666667 17.682535482637871 112.56469782915184 1.2393793021592654 1.0000000180025095e-35 0.88037162294841587 3.485125 0.75606233012901958 2.1729166666666671 38.807285180331199
decision_type=2 2 2 2 2 2 2 2 2 2 2 2 2 2 2 2 2 2 2 2 2 2 2
left_child=1 6 4 17 18 16 8 10 -1 -8 12 19 14 -4 -6 -16 -5 20 -3 -7 -2 22 -11
right_child=3 2 13 5 7 11 9 -9 -10 21 -12 -13 -14 -15 15 -17 -18 -19 -20 -21 -22 -23 -24
leaf_value=-0.031430466251392501 -0.058132247420199262 0.039490037093762802 0.069288932609525358 -0.0017662811228362774 -0.013224285146209814 -0.01390767276921503 -0.034845408281457817 -0.0058755539620347413 0.032863611993041796 0.0018315944172422995 0.014199413423188024 0.0017363551617445518 0.0092192287618982245 0.035163904135340367 0.0072473809275897423 -0.0095781705945644727 0.046671206589625605 -0.051097293807551569 0.10529473934931406 -0.029168901031487105 -0.0072611962356205822 -0.030792670752450336 -0.016263497117322858
leaf_weight=26 28 46 622 29 27 366 300 194 49 54 396 37 106 356 309 91 22 673 112 71 75 66 144
leaf_count=26 28 46 622 29 27 366 300 194 49 54 396 37 106 356 309 91 22 673 112 71 75 66 144
internal_value=-0.00143487 0.00496894 0.00974989 -0.0156995 0.00517174 -0.00985714 -0.0119327 0.00336153 0.00166667 -0.0137411 0.00492465 -0.0118143 0.00239212 0.0157464 0.000644028 0.001625 0.00833333 -0.0196521 0.018038 -0.0129863 -0.0128641 -0.0092803 -0.00707071
internal_weight=4199 2898 2259 1301 1281 525 639 1123 75 564 929 474 533 978 427 400 51 776 158 437 103 264 198
internal_count=4199 2898 2259 1301 1281 525 639 1123 75 564 929 474 533 978 427 400 51 776 158 437 103 264 198
is_linear=0
shrinkage=0.05


Tree=18
num_leaves=24
num_cat=4
split_feature=0 4 5 0 5 0 5 0 16 5 4 16 16 16 16 16 5 5 5 5 5 5 16
split_gain=203.055 176.469 83.3959 70.606 17.0619 12.3301 10.102 7.70972 8.85622 7.30168 6.33575 6.47959 5.9447 5.68159 5.21713 5.16312 5.13886 4.67848 4.6469 3.94257 3.84406 2.96684 1.91166
threshold=0 1.0000000180025095e-35 0.7681049980012834 1 1.0871140789853733 2 1.1912409331906684 3 1.0000000180025095e-35 1.0503106425183286 1.0000000180025095e-35 1.0000000180025095e-35 1.0000000180025095e-35 1.0000000180025095e-35 1.0000000180025095e-35 3.485125 0.53101761050589735 0.94147667905431387 0.88677049098292526 0.64337206274225478 1.5300513205035833 0.97864785621514683 1.4758333333333338
decision_type=1 2 2 1 2 1 2 1 2 2 2 2 2 2 2 2 2 2 2 2 2 2 2
left_child=9 2 5 17 7 16 13 -4 -9 -1 11 -11 -7 21 -8 18 -2 -3 -10 -14 22 -5 -16
right_child=1 3 4 6 -6 12 14 8 15 10 -12 -13 19 -15 20 -17 -18 -19 -20 -21 -22 -23 -24
leaf_value=-0.051519541237747157 -0.018564942851677646 0.021433030631150009 0.17727502181221774 -0.018006087029053375 0.072883891719715085 0.0098398345660064123 0.022710802985665413 0.085664025250121789 0.0021597133372877274 0.017459048799023914 -0.11729339671994965 -0.011422169942039019 -0.031272298284230018 -0.038444690748182644 -0.0058497743207250215 -0.0018537681290742292 0.014256130795815215 0.14688850769340586 0.014916009679057041 -0.0087133915708850658 0.0029665139508985305 0.00086756257307083482 -0.012226157666668992
leaf_weight=612 37 65 156 53 804 29 20 95 187 32 131 299 127 524 44 101 116 101 367 112 28 34 125
leaf_count=612 37 65 156 53 804 29 20 95 187 32 131 299 127 524 44 101 116 101 367 112 28 34 125
internal_value=-0.00160157 0.00485646 0.0129869 -0.0125252 0.0178947 -0.00694774 -0.0183771 0.0131898 0.0105921 -0.0202491 -0.0156926 -0.0120091 -0.0131295 -0.0218903 -0.0093318 0.00866412 0.00444785 0.0167614 0.0105596 -0.0162134 -0.011802 -0.0100575 -0.014645
internal_weight=4199 3125 2131 994 1710 421 828 906 750 1074 462 331 268 611 217 655 153 166 554 239 197 87 169
internal_count=4199 3125 2131 994 1710 421 828 906 750 1074 462 331 268 611 217 655 153 166 554 239 197 87 169
cat_boundaries=0 1 2 3 4
cat_threshold=65 4 20 4
is_linear=0
shrinkage=0.05


Tree=19
num_leaves=24
num_cat=4
split_feature=0 4 5 0 5 0 16 5 0 16 5 4 16 16 5 5 5 5 5 5 16 16 16
split_gain=202.138 165.961 78.5132 67.5947 16.209 11.3606 10.7322 9.51437 8.01272 9.02173 7.39502 6.63387 6.29779 5.9744 5.57609 4.90876 4.798 4.67848 3.95616 3.72847 2.47112 2.25869 2.05214
threshold=0 1.0000000180025095e-35 0.7681049980012834 1 1.0921227308458137 2 1.0000000180025095e-35 1.1118254632596161 3 1.0000000180025095e-35 1.0503106425183286 1.0000000180025095e-35 1.0000000180025095e-35 3.485125 0.57324090082199908 0.938622391824802 0.84976300489942436 0.94147667905431387 1.5300513205035833 0.60620533040346569 2.1729166666666671 1.0000000180025095e-35 3.485125
decision_type=1 2 2 1 2 1 2 2 1 2 2 2 2 2 2 2 2 2 2 2 2 2 2
left_child=10 2 5 17 8 19 16 -8 -4 -10 21 12 -12 15 -7 -11 -5 -3 22 -2 -16 -1 -9
right_child=1 3 4 6 -6 14 7 18 9 13 11 -13 -14 -15 20 -17 -18 -19 -20 -21 -22 -23 -24
leaf_value=-0.031866284775610244 -0.0053261458627147373 0.020361379099592503 0.1693638929321212 -0.026526427528224386 0.070068706520241178 -0.046558981730305864 -0.039628723891033141 -0.0092584650028569426 0.080300545220552619 0.0042713635860240464 0.016586096359072711 -0.11142872688395218 -0.010851061444937062 -0.0018378685185021283 -0.0024992372762421946 0.016730113207710961 0.0010414605107328168 0.13954408230873555 0.0028181882533536043 0.028587070001731676 -0.019778872215076827 -0.050689071473556814 -0.023568121256369336
leaf_weight=76 67 65 159 30 787 87 459 195 96 274 32 131 299 104 137 290 77 101 28 86 44 536 39
leaf_count=76 67 65 159 30 787 87 459 195 96 274 32 131 299 104 137 290 77 101 28 86 44 536 39
internal_value=-0.00145868 0.00498405 0.0128695 -0.0118712 0.0176316 -0.00647268 -0.0176014 -0.0200069 0.0131365 0.0105297 -0.0200646 -0.0154762 -0.0117069 0.00860778 -0.0124101 0.0106383 -0.00303738 0.0167614 -0.0124046 0.00444785 -0.00787293 -0.0238562 -0.0145299
internal_weight=4199 3125 2131 994 1710 421 828 721 923 764 1074 462 331 668 268 564 107 166 262 153 181 612 234
internal_count=4199 3125 2131 994 1710 421 828 721 923 764 1074 462 331 668 268 564 107 166 262 153 181 612 234
cat_boundaries=0 1 2 3 4
cat_threshold=65 4 20 4
is_linear=0
shrinkage=0.05


Tree=20
num_leaves=24
num_cat=0
split_feature=4 5 5 5 16 16 16 16 16 5 5 16 5 16 5 5 16 5 5 17 9 7 16
split_gain=135.888 78.9216 20.1622 14.4526 11.4883 6.42065 6.03688 4.76749 4.12114 4.08003 3.9815 3.19859 3.04584 2.96787 2.50939 2.39668 2.39596 2.27377 1.82585 1.74722 1.6944 1.62394 1.33524
threshold=1.0000000180025095e-35 0.78493427256843895 1.1223427162988093 1.0794653556291733 1.0000000180025095e-35 1.0000000180025095e-35 1.0000000180025095e-35 3.485125 1.0000000180025095e-35 0.58440279015043262 0.9444895548775013 3.485125 1.5300513205035833 1.756416666666667 0.7082975517696023 0.74651220879099955 2.1729166666666671 1.2393793021592654 1.294853711309133 74.884166666666673 35104.469580387136 1.0000000180025095e-35 1.0000000180025095e-35
decision_type=2 2 2 2 2 2 2 2 2 2 2 2 2 2 2 2 2 2 2 2 2 2 2
left_child=1 6 4 8 -3 17 14 10 15 -8 19 12 -7 22 -1 -2 -11 -5 20 -6 -15 -21 -4
right_child=3 2 13 5 7 11 9 -9 -10 16 -12 -13 -14 18 -16 -17 -18 -19 -20 21 -22 -23 -24
leaf_value=-0.0028129084097650472 -0.054229322918176837 0.073740827883375909 0.17446920067329447 -0.0028655802415143762 0.0053638433035545947 -0.011607138973750942 -0.046430763381916484 -0.0051312403586129098 -0.044638758385213188 -0.011382193660897256 0.0099268201057904903 -0.028250712924289424 0.0076079900850217763 0.021741252274746173 0.040830031605003071 -0.0058549398031288559 -0.024067513093228611 0.043150033085324439 0.045756790241513384 -0.0092501351945191157 -0.0028329161239336377 0.0011703057415149655 0.048683907807998632
leaf_weight=55 26 158 118 29 223 366 172 194 673 291 527 76 32 161 20 77 101 22 163 85 32 94 504
leaf_count=55 26 158 118 29 223 366 172 194 673 291 527 76 32 161 20 77 101 22 163 85 32 94 504
internal_value=-0.00150631 0.00452036 0.00890881 -0.0149308 0.00478142 -0.00852381 -0.0109937 0.00300534 -0.0192655 -0.012766 0.00449408 -0.0103376 -0.00854271 0.0143149 0.00233333 -0.00995146 -0.00994898 0.00833333 0.0106742 0.000746269 0.00738342 -0.00293296 0.0163987
internal_weight=4199 2898 2259 1301 1281 525 639 1123 776 564 929 474 398 978 75 103 392 51 356 402 193 179 622
internal_count=4199 2898 2259 1301 1281 525 639 1123 776 564 929 474 398 978 75 103 392 51 356 402 193 179 622
is_linear=0
shrinkage=0.05


Tree=21
num_leaves=24
num_cat=4
split_feature=0 4 5 0 0 5 5 5 16 16 5 16 16 5 17 16 5 4 5 0 16 5 15
split_gain=206.86 154.645 71.1041 63.7547 25.5416 22.0553 12.2164 8.63233 8.28015 5.67905 5.52666 5.37887 5.33059 5.03776 4.73866 4.03548 3.72386 3.26745 3.13463 2.45766 2.52179 2.41071 2.39835
threshold=0 1.0000000180025095e-35 0.88037162294841587 1 2 0.6677617044747115 1.0776903129539595 1.1523394282416142 1.0000000180025095e-35 1.0000000180025095e-35 1.0294041024118206 1.0000000180025095e-35 1.0000000180025095e-35 0.96426533895968825 73.879583333333343 1.0000000180025095e-35 1.5300513205035833 1.0000000180025095e-35 0.53101761050589735 3 3.485125 0.84976300489942436 136.14599767670714
decision_type=1 2 2 1 1 2 2 2 2 2 2 2 2 2 2 2 2 2 2 1 2 2 2
left_child=10 2 4 13 18 15 12 14 -7 -8 -1 -12 21 -3 -4 -6 -11 -13 -2 -16 -21 -5 -10
right_child=1 3 7 6 5 8 9 -9 22 16 11 17 -14 -15 19 -17 -18 -19 -20 20 -22 -23 -24
leaf_value=-0.046850360960925541 0.003833882274850309 0.022254978588287511 0.037282446863521446 -0.02490735916165672 -2.6600260575992962e-05 0.046365438451407573 0.0096283756681297301 0.073466957314874431 0.00073283144117486376 -0.01091138379333282 6.8785085603684243e-05 -0.012294925984670925 -0.03770382799763599 0.13593496821998927 0.12937544502019319 -0.024511255583357719 0.0022968793364348096 -0.1050633162692499 0.089745769204735704 0.014319596477539909 0.00022638846231988198 -0.0015450974274034968 -0.0072105400493383881
leaf_weight=581 20 71 346 30 29 40 37 629 291 268 44 319 425 95 148 175 28 130 107 226 69 40 51
leaf_count=581 20 71 346 30 29 40 37 629 291 268 44 319 425 95 148 175 28 130 107 226 69 40 51
internal_value=-0.00156585 0.00495215 0.0125645 -0.0113179 -0.000315568 -0.00478188 -0.0168854 0.0190409 0.00222513 -0.00968468 -0.0203875 -0.0166836 -0.0220707 0.0164773 0.0155577 -0.0181373 -0.0119932 -0.0183185 0.0191606 0.0121332 0.00844262 -0.00928571 -0.000292398
internal_weight=4199 3125 2131 994 713 586 828 1418 382 333 1074 493 495 166 789 204 296 449 127 443 295 70 342
internal_count=4199 3125 2131 994 713 586 828 1418 382 333 1074 493 495 166 789 204 296 449 127 443 295 70 342
cat_boundaries=0 1 2 3 4
cat_threshold=65 4 4 12
is_linear=0
shrinkage=0.05


Tree=22
num_leaves=24
num_cat=3
split_feature=0 4 0 0 16 16 16 16 4 4 16 17 19 2 15 9 16 3 2 14 15 14 2
split_gain=196.565 143.898 59.5968 19.5384 13.5074 8.9692 5.00958 4.73476 3.32184 2.09106 1.51327 1.45125 1.70845 1.50798 1.26935 1.13652 1.02447 0.956258 0.926529 1.40576 1.22733 1.26629 1.33803
threshold=0 1.0000000180025095e-35 1 2 1.0000000180025095e-35 1.0000000180025095e-35 1.0000000180025095e-35 3.485125 1.0000000180025095e-35 1.0000000180025095e-35 3.485125 73.879583333333343 1.0000000180025095e-35 2039.5000000000002 129.73975614796583 1.0000000180025095e-35 3.485125 1.0000000180025095e-35 2030.5000000000002 93498.908367756827 136.14599767670714 97462.014508123553 2037.5000000000002
decision_type=1 2 1 1 2 2 2 2 2 2 2 2 2 2 2 2 2 2 2 2 2 2 2
left_child=6 3 16 -2 -5 -4 8 11 15 -8 -7 -6 14 18 17 -1 -3 -13 19 -14 21 -20 -23
right_child=1 2 5 4 7 10 9 -9 -10 -11 -12 12 13 -15 -16 -17 -18 -19 20 -21 -22 22 -24
leaf_value=0.003770552055779908 0.17874418149861698 0.082745937384744783 -0.0031333957477363895 0.092346049019800133 0.015044320042761317 -0.02186052215713068 -0.023429647510063614 0.0017034962397988185 -0.13059739144725774 -0.11033801498760143 -0.033747908351593671 0.0029885425185224193 0.012080868701285975 0.025067187108958833 0.034109419902641602 -0.012450425707858082 0.017815321978527088 -0.0072885476217388057 0.0064022330645542528 0.020132371036436503 0.004483830978346726 0.013856453814618065 0.0066954372156524449
leaf_weight=20 372 144 107 224 574 603 680 247 29 278 118 50 133 42 20 67 22 21 205 89 67 65 22
leaf_count=20 372 144 107 224 574 603 680 247 29 278 118 50 133 42 20 67 22 21 205 89 67 65 22
internal_value=-0.00162539 0.00472887 -0.0109658 0.0120718 0.00968061 -0.0163484 -0.0199723 0.00806189 -0.0103448 -0.0213466 -0.0185506 0.00927795 0.00777311 0.00870787 0.00137363 -0.00545977 0.0159091 -0.00176056 0.00804647 0.0105856 0.00647632 0.00787671 0.012931
internal_weight=4199 3125 994 2131 1759 828 1074 1535 116 958 721 1288 714 623 91 87 166 71 581 222 359 292 87
internal_count=4199 3125 994 2131 1759 828 1074 1535 116 958 721 1288 714 623 91 87 166 71 581 222 359 292 87
cat_boundaries=0 1 2 3
cat_threshold=65 4 4
is_linear=0
shrinkage=0.05


Tree=23
num_leaves=24
num_cat=4
split_feature=0 4 5 0 5 5 0 5 16 16 5 4 5 16 5 16 5 0 16 16 16 5 5
split_gain=186.973 128.898 78.0835 53.5208 19.2504 14.3329 12.1411 10.4384 9.94876 6.87468 6.53287 6.91181 5.99366 5.7488 5.50976 4.97294 4.49148 3.29931 3.00467 2.26717 2.19252 1.78008 1.77247
threshold=0 1.0000000180025095e-35 0.7681049980012834 1 1.1223427162988093 0.97590027831923531 2 0.60124670721575979 1.0000000180025095e-35 1.0000000180025095e-35 1.0205400194928897 1.0000000180025095e-35 0.93269690608366818 1.0000000180025095e-35 0.9728502460798758 1.0000000180025095e-35 1.3661093842275072 3 3.485125 3.485125 1.0000000180025095e-35 1.4217699221021534 0.68072289182799695
decision_type=1 2 2 1 2 2 1 2 2 2 2 2 2 2 2 2 2 1 2 2 2 2 2
left_child=10 2 7 14 6 20 -4 -2 -8 -7 -1 13 -10 -12 -3 -9 -11 19 -14 -17 -5 -15 -19
right_child=1 3 4 5 -6 9 8 15 12 16 11 -13 18 21 -16 17 -18 22 -20 -21 -22 -23 -24
leaf_value=-0.043953823846315368 -0.024107831120931747 0.016665067527428867 0.15183477902643122 -0.012775089115093063 0.06473026052909002 0.0041031750107557666 0.070299513880233186 0.036713002036196096 0.0012157879421484719 -0.011765258349475494 0.0060496966945236437 -0.094729486639685889 0.013424700576315641 -0.011289575827304211 0.1264634737783181 0.0070191461183840348 -0.00051131592190591937 -0.012509963357233467 0.00012989422721396693 -0.01600295357997681 -0.039570489376974639 -0.0030091082150073946 -0.0034012767111826327
leaf_weight=569 168 72 171 52 720 55 101 26 319 326 36 143 340 271 94 90 75 47 59 20 320 55 70
leaf_count=569 168 72 171 52 720 55 101 26 319 326 36 143 340 271 94 90 75 47 59 20 320 55 70
internal_value=-0.00175637 0.00444179 0.0113914 -0.0104125 0.0161404 -0.0155131 0.0116162 -0.00789786 0.00871532 -0.00975877 -0.0196494 -0.0156931 0.00675487 -0.0120166 0.0150568 -0.00148221 -0.0120324 -0.00385463 0.0108396 0.0025 -0.0229839 -0.0141104 -0.00925197
internal_weight=4199 3125 2131 994 1710 828 990 421 819 456 1074 505 718 362 166 253 401 227 399 110 372 326 117
internal_count=4199 3125 2131 994 1710 828 990 421 819 456 1074 505 718 362 166 253 401 227 399 110 372 326 117
cat_boundaries=0 1 2 3 4
cat_threshold=65 4 4 164
is_linear=0
shrinkage=0.05


Tree=24
num_leaves=24
num_cat=3
split_feature=0 4 5 0 5 5 0 17 5 5 4 5 16 16 5 16 5 16 5 16 5 2 16
split_gain=178.67 124.068 75.4352 49.1299 18.662 14.4218 12.9976 10.3459 10.1225 7.14376 8.07561 6.25139 6.23663 5.49981 4.42223 4.26184 4.04366 3.98642 2.66879 2.4591 2.44873 2.29365 2.14907
threshold=0 1.0000000180025095e-35 0.7681049980012834 1 1.1415607775418246 0.95125794861024027 2 73.879583333333343 0.64337206274225478 0.96905256789785377 1.0000000180025095e-35 1.0264471337233452 1.0000000180025095e-35 1.0000000180025095e-35 1.3661093842275072 1.0000000180025095e-35 0.95718907554605426 1.0000000180025095e-35 0.8562717732649815 3.485125 0.54654052051512081 2031.5000000000002 3.485125
decision_type=1 2 2 1 2 2 1 2 2 2 2 2 2 2 2 2 2 2 2 2 2 2 2
left_child=9 2 8 11 6 -5 -4 17 20 -1 13 -3 -7 -11 22 -10 -9 -8 21 -17 -2 -19 -14
right_child=1 3 4 5 -6 12 7 16 15 10 -12 -13 14 -15 -16 19 -18 18 -20 -21 -22 -23 -24
leaf_value=-0.044198722081766201 -0.035233784636801116 0.012086024347126578 0.14643176650158493 -0.037608177690411387 0.063317971765473186 0.0019123938572673804 0.071691295727968021 -0.00031300784611392189 0.039416571150523619 0.0054683491596302152 -0.093636976992081428 0.1250179502483286 -0.010274155699845711 -0.010541460377875379 -0.00048575012581062452 0.00030575159155100674 0.0088787602475724377 -0.0053517565429916925 0.013971295056923294 -0.01876924324342466 -0.0088316518206954086 0.0045737754660416302 -0.020884699846894308
leaf_weight=494 118 80 183 332 661 64 108 238 20 41 164 86 293 375 75 146 243 21 214 27 110 42 64
leaf_count=494 118 80 183 332 661 64 108 238 20 41 164 86 293 375 75 146 243 21 214 27 110 42 64
internal_value=-0.00169683 0.00436204 0.0111802 -0.0102113 0.015848 -0.0150955 0.0117016 0.00878995 -0.0077791 -0.0191882 -0.0156034 0.0142045 -0.00987903 -0.011899 -0.012037 0.000647668 0.00400208 0.015 0.0118231 -0.00187861 -0.0149123 0.00277778 -0.0143557
internal_weight=4199 3125 2131 994 1710 828 1049 866 421 1074 580 166 496 416 432 193 481 385 277 173 228 63 357
internal_count=4199 3125 2131 994 1710 828 1049 866 421 1074 580 166 496 416 432 193 481 385 277 173 228 63 357
cat_boundaries=0 1 2 3
cat_threshold=65 4 4
is_linear=0
shrinkage=0.05


Tree=25
num_leaves=24
num_cat=4
split_feature=0 4 5 0 5 5 0 17 5 5 4 5 17 17 17 17 5 5 5 5 17 1 17
split_gain=175.162 117.356 68.9867 47.7715 17.3996 15.5699 13.8341 10.3807 9.17039 7.7586 8.67919 6.25139 5.9953 5.33445 5.19986 4.14663 3.94006 3.80849 2.71209 2.62986 2.39207 2.20155 1.954
threshold=0 1.0000000180025095e-35 0.7681049980012834 1 1.1543510596373601 0.97590027831923531 2 73.879583333333343 0.58440279015043262 0.96905256789785377 1.0000000180025095e-35 1.0264471337233452 1.0000000180025095e-35 71.457916666666691 1.0000000180025095e-35 1.0000000180025095e-35 1.3071767882018717 0.95718907554605426 0.88037162294841587 0.6677617044747115 1.0000000180025095e-35 3 82.258750000000006
decision_type=1 2 2 1 2 2 1 2 2 2 2 2 2 2 2 2 2 2 2 2 2 1 2
left_child=9 2 8 11 6 20 -4 15 -2 -1 14 -3 -7 -10 -11 -8 22 -9 -17 -15 -5 -19 -14
right_child=1 3 4 5 -6 12 7 17 13 10 -12 -13 16 19 -16 18 -18 21 -20 -21 -22 -23 -24
leaf_value=-0.041988785977677891 -0.025660133296936217 0.011481723129770229 0.14365932370922266 -0.010255925774817843 0.062832768304423928 0.0038023965673545934 0.070218404296672171 -0.00029735745380821132 0.0059375937848595191 0.0051949317016486869 -0.088955128142477358 0.11876705273591215 -0.0093078757549114096 -0.011774061535023661 -0.010014387358981615 0.001612726022855382 -0.0014121425024772984 0.01153189223492166 0.015314320006464533 -0.0012497181193608876 -0.035711556023605331 0.0017638083879997213 -0.020642743870481553
leaf_weight=494 151 80 190 52 620 55 114 238 102 41 164 86 239 62 375 83 107 178 207 106 320 80 55
leaf_count=494 151 80 190 52 620 55 114 238 102 41 164 86 239 62 375 83 107 178 207 106 320 80 55
internal_value=-0.00168492 0.00431419 0.0109456 -0.00985915 0.0154094 -0.0146778 0.0116055 0.00868132 -0.00718527 -0.0190037 -0.0152586 0.0142045 -0.00866228 -0.00166667 -0.0114183 0.0147277 -0.0107855 0.00393145 0.0115517 -0.00714286 -0.0224462 0.00813953 -0.0137755
internal_weight=4199 3125 2131 994 1710 828 1090 900 421 1074 580 166 456 270 416 404 401 496 290 168 372 258 294
internal_count=4199 3125 2131 994 1710 828 1090 900 421 1074 580 166 456 270 416 404 401 496 290 168 372 258 294
cat_boundaries=0 1 2 3 4
cat_threshold=65 4 4 1
is_linear=0
shrinkage=0.05


Tree=26
num_leaves=24
num_cat=4
split_feature=0 4 5 0 5 5 0 16 0 5 4 5 5 5 16 5 16 16 5 16 5 16 5
split_gain=165.466 112.602 65.2773 43.0773 15.072 14.9842 13.1808 9.6845 8.60578 8.58665 9.97282 7.19378 5.8655 5.47172 5.35636 4.97891 4.71646 4.0605 3.65996 2.8451 2.82213 2.29631 2.26782
threshold=0 1.0000000180025095e-35 0.7681049980012834 1 1.1223427162988093 0.96614232066531724 2 1.0000000180025095e-35 3 0.95718907554605426 1.0000000180025095e-35 1.0527453708314882 0.64827296193767847 0.60620533040346569 1.4758333333333338 0.93269690608366818 1.0000000180025095e-35 1.0000000180025095e-35 1.3071767882018717 3.485125 1.2553521696088608 3.485125 0.82102913517071141
decision_type=1 2 2 1 2 2 1 2 1 2 2 2 2 2 2 2 2 2 2 2 2 2 2
left_child=9 2 8 11 6 17 -4 -8 12 -1 14 -3 -2 -10 -11 -9 -7 22 21 -17 -6 -18 -5
right_child=1 3 4 5 20 16 7 15 13 10 -12 -13 -14 -15 -16 19 18 -19 -20 -21 -22 -23 -24
leaf_value=-0.04031738001702051 -0.0044799530736661765 0.010907636973281721 0.12973848556456932 -0.022939051074446326 0.0356064972333364 0.0029169490092303633 0.059689053184989543 0.00069780401413097612 -0.029570919162979915 -0.0031458729916100216 -0.084507371735353484 0.11589351157245664 0.061413087728572749 -0.0048006819694543347 -0.011986634362346749 0.011682274830615392 -0.008842481967165838 -0.03437520399282612 -0.0013415353773534424 -0.00040872891592536043 0.072673131308509789 -0.019610606676957465 0.00015002238378535317
leaf_weight=470 88 84 171 26 333 57 101 319 111 145 172 82 53 169 287 340 247 310 107 59 387 57 24
leaf_count=470 88 84 171 26 333 57 101 319 111 145 172 82 53 169 287 340 247 310 107 59 387 57 24
internal_value=-0.00175637 0.00407496 0.0105702 -0.00980885 0.0149123 -0.0143795 0.0109091 0.00793124 -0.00706651 -0.0185886 -0.0148179 0.0130682 0.0031457 -0.0118966 -0.0107639 0.00598886 -0.00865385 -0.0222222 -0.0105231 0.00971178 0.0204167 -0.0133224 -0.009
internal_weight=4199 3125 2131 994 1710 828 990 819 421 1074 604 166 141 280 432 718 468 360 411 399 720 304 50
internal_count=4199 3125 2131 994 1710 828 990 819 421 1074 604 166 141 280 432 718 468 360 411 399 720 304 50
cat_boundaries=0 1 2 3 4
cat_threshold=65 4 4 132
is_linear=0
shrinkage=0.05


Tree=27
num_leaves=24
num_cat=4
split_feature=0 4 5 0 0 5 5 5 0 17 5 4 5 16 5 16 16 16 5 16 16 16 5
split_gain=160.222 105.817 58.9293 40.1997 17.922 15.4048 14.6035 8.64531 9.29449 9.85016 7.98924 9.97282 7.18375 6.02249 5.90557 5.35636 4.98987 3.92568 3.50155 3.33394 2.91216 2.71075 2.33333
threshold=0 1.0000000180025095e-35 0.88037162294841587 1 2 0.93566252435764941 0.6677617044747115 1.2553521696088608 3 73.879583333333343 0.95718907554605426 1.0000000180025095e-35 1.0527453708314882 1.0000000180025095e-35 0.62209009350254196 1.4758333333333338 3.485125 1.0000000180025095e-35 1.1543510596373601 1.0000000180025095e-35 1.0000000180025095e-35 1.0000000180025095e-35 0.58440279015043262
decision_type=1 2 2 1 1 2 2 2 1 2 2 2 2 2 2 2 2 2 2 2 2 2 2
left_child=10 2 4 12 14 20 17 8 -4 19 -1 15 -3 -8 -2 -12 18 -6 -7 -10 -5 -20 -19
right_child=1 3 7 5 6 16 13 -9 9 -11 11 -13 -14 -15 -16 -17 -18 22 21 -21 -22 -23 -24
leaf_value=-0.038301511016169493 0.0018917662310951044 0.010362255124617636 0.17860219265216587 -0.011016762087507371 0.0010860607123452492 -0.0097611678020782088 0.029113344621320671 0.069039474743084292 0.09002844595339024 0.0072117665424570989 -0.0029885793420295183 -0.080282003148585801 0.1100988359938338 -0.0011337628417927403 0.075964219259314236 -0.011387302644229403 -0.018630076343109581 -0.035869484447169329 0.018609711872660695 0.015848659190123283 -0.034513745601570923 -0.0031659352159257304 -0.011434035129150179
leaf_weight=470 44 84 192 41 29 229 40 387 106 458 145 172 82 342 83 287 73 100 23 275 278 184 75
leaf_count=470 44 84 192 41 29 229 40 387 106 458 145 172 82 342 83 287 73 100 23 275 278 184 75
internal_value=-0.00188735 0.00385167 0.0101478 -0.00960765 -0.00157784 -0.0140215 -0.00528523 0.0160437 0.0136518 0.0109246 -0.0184502 -0.0148179 0.0125 0.00039267 0.014781 -0.0107639 -0.00879175 -0.0161765 -0.00676606 0.0169948 -0.0228056 -0.00205314 -0.019
internal_weight=4199 3125 2131 994 713 828 586 1418 1031 839 1074 604 166 382 127 432 509 204 436 381 319 207 175
internal_count=4199 3125 2131 994 713 828 586 1418 1031 839 1074 604 166 382 127 432 509 204 436 381 319 207 175
cat_boundaries=0 1 2 3 4
cat_threshold=65 4 4 4
is_linear=0
shrinkage=0.05


Tree=28
num_leaves=24
num_cat=3
split_feature=0 0 16 16 16 14 15 36 0 11 15 2 8 9 14 15 15 15 14 9 15 3 16
split_gain=147.781 60.7961 24.7328 7.89442 6.32527 2.18652 1.82178 1.92167 1.79105 1.76103 1.67302 1.9338 1.63825 1.61107 1.93654 1.80241 1.67923 1.8339 2.13528 1.64525 2.49957 1.46612 1.36988
threshold=0 1 1.0000000180025095e-35 3.485125 1.0000000180025095e-35 12132.816732385716 15.207454126178767 0.18117186381495179 2 0.69588815058317299 63.018471646829688 2028.5000000000002 1.0000000180025095e-35 60593.218783511074 61929.621073215065 41.50241922839713 20.926395294179958 42.101107727748541 31163.894493165859 9974.1753924923305 73.532143063359925 1.0000000180025095e-35 1.756416666666667
decision_type=1 1 2 2 2 2 2 2 1 2 2 2 2 2 2 2 2 2 2 2 2 2 2
left_child=4 -2 5 6 12 -3 22 8 -8 -9 -5 -12 -1 14 16 -16 -10 18 -18 20 21 -19 -4
right_child=1 2 3 10 -6 -7 7 9 13 -11 11 -13 -14 -15 15 -17 17 19 -20 -21 -22 -23 -24
leaf_value=-0.018000983582438047 0.10953591495275312 -0.00014658943880405673 -0.0092823782152764555 -0.012182509350171756 -0.027193767189753471 0.035280266850599797 -0.0027931779338811304 -0.001077660958470239 0.0054181473937512832 0.011018988054676871 0.0022166357300453135 -0.0085942591564294405 0.00083928275547398015 -0.0054104776686523699 0.014721296603284096 0.0016589211356503155 -0.00056939636493998915 0.0030729498590468477 -0.00898686318252182 0.004243318820022113 -0.0063766588355236853 -0.0055126980495081579 -0.0019703622111055031
leaf_weight=81 538 25 34 158 958 306 338 37 43 49 47 160 35 73 83 562 158 115 139 111 24 49 76
leaf_count=81 538 25 34 158 958 306 338 37 43 49 47 160 35 73 83 562 158 115 139 111 24 49 76
internal_value=-0.00185163 0.00366029 0.000452445 -0.00141844 -0.0177583 0.0132175 -0.000118985 0.000266704 -0.000103245 0.00755814 -0.00815068 -0.00519324 -0.00689655 0.000713241 0.00112928 0.00306202 -0.000821596 -0.00151007 -0.00429293 0.00125418 -0.00159574 0.000609756 -0.00636364
internal_weight=4199 3125 2587 2256 1074 331 1891 1781 1695 86 365 207 116 1357 1284 645 639 596 297 299 188 164 110
internal_count=4199 3125 2587 2256 1074 331 1891 1781 1695 86 365 207 116 1357 1284 645 639 596 297 299 188 164 110
cat_boundaries=0 1 2 3
cat_threshold=65 4 8
is_linear=0
shrinkage=0.05


Tree=29
num_leaves=24
num_cat=0
split_feature=4 5 5 5 16 5 5 16 16 16 16 5 16 16 5 16 5 16 2 2 5 2 5
split_gain=101.743 72.5664 18.9453 17.3808 16.3932 7.38641 5.66645 5.03766 4.85694 3.43896 3.18752 2.78964 3.46867 2.67788 2.34196 2.01847 1.84951 1.59958 1.87106 1.38161 1.44385 1.75513 1.34022
threshold=1.0000000180025095e-35 0.7681049980012834 1.0503106425183286 1.264078397058507 1.0000000180025095e-35 0.93269690608366818 0.60124670721575979 3.485125 1.0000000180025095e-35 3.485125 1.0000000180025095e-35 1.2104102448523337 1.0000000180025095e-35 3.485125 0.72126337994860246 1.4758333333333338 1.0921227308458137 1.4758333333333338 2034.5000000000002 2031.5000000000002 1.4854173152328105 2037.5000000000002 1.2716120369759094
decision_type=2 2 2 2 2 2 2 2 2 2 2 2 2 2 2 2 2 2 2 2 2 2 2
left_child=1 6 10 4 -3 15 -1 11 -8 -5 14 -4 -13 -7 -2 -6 -15 18 -10 -14 21 -21 -23
right_child=2 3 7 9 5 13 8 -9 17 -11 -12 12 19 16 -16 -17 -18 -19 -20 20 -22 22 -24
leaf_value=-0.031707601235378337 -0.046849056782087596 0.055956790855515685 -0.01056866177480349 0.051016279207218275 0.0021155586046642362 0.0078835305244014942 0.023885999172553119 -0.021041264346626343 -0.0087645751335924792 0.0070123548177441156 -0.033138317981592773 0.023810573999800601 0.00068409950228636167 -0.0028158757365082778 -0.0057233457233516697 -0.0030559016225557567 0.0044892586500170362 -0.016301693132010388 0.0017309247904474967 -0.013289237128505826 0.002574442770834651 -0.010752367582396328 0.0063236801556367577
leaf_weight=224 21 219 231 426 123 909 35 81 58 79 631 27 79 94 74 377 82 236 36 78 27 21 31
leaf_count=224 21 219 231 426 123 909 35 81 58 79 631 27 79 94 74 377 82 236 36 78 27 21 31
internal_value=-0.00181591 0.0033989 -0.013432 0.00739498 0.00509978 0.00332808 -0.0122666 -0.00665217 -0.00842466 0.0155941 -0.0188017 -0.00475709 -0.00123574 0.00564516 -0.0102632 -0.0017 0 -0.010303 -0.00478723 -0.00317797 -0.00589172 -0.00807692 -0.000961538
internal_weight=4199 2898 1301 2309 1804 1585 589 575 365 505 726 494 263 1085 95 500 176 330 94 236 157 130 52
internal_count=4199 2898 1301 2309 1804 1585 589 575 365 505 726 494 263 1085 95 500 176 330 94 236 157 130 52
is_linear=0
shrinkage=0.05


Tree=30
num_leaves=24
num_cat=0
split_feature=4 5 5 16 5 5 16 16 5 16 17 5 16 15 5 17 36 16 5 2 5 9 8
split_gain=95.2135 62.8156 19.1716 15.9093 15.403 6.13195 5.50337 5.34544 4.95076 3.37755 3.2687 3.05799 3.23952 3.62069 2.51223 2.2134 2.63876 1.8805 1.61129 1.75575 1.58713 1.84879 1.92222
threshold=1.0000000180025095e-35 0.7681049980012834 1.0503106425183286 1.0000000180025095e-35 1.0632720573186565 0.51653639921929895 1.0000000180025095e-35 3.485125 1.3466728658495071 1.0000000180025095e-35 74.884166666666673 1.2104102448523337 1.0000000180025095e-35 143.53659440916439 0.72126337994860246 73.879583333333343 1.4961356106906947 3.485125 0.88037162294841587 2030.5000000000002 0.95718907554605426 8665.3746601594012 1.0000000180025095e-35
decision_type=2 2 2 2 2 2 2 2 2 2 2 2 2 2 2 2 2 2 2 2 2 2 2
left_child=1 5 9 18 10 -1 -7 11 15 14 -5 -4 -13 -14 -2 16 -6 -8 19 -3 -12 22 -22
right_child=2 3 7 4 8 6 17 -9 -10 -11 20 12 13 -15 -16 -17 -18 -19 -20 -21 21 -23 -24
leaf_value=-0.040469932107988882 -0.044506603942983225 0.029389032601736177 -0.010040228686063314 0.0034999387334975099 0.019641399106053472 0.0092243091018693324 -0.011622316303530235 -0.019989201129295031 0.044721306402139671 -0.031481402082513134 -0.0031376737730553828 0.022620045299810567 -0.0053610941962357831 0.0067335838947299555 -0.0054371784371840762 0.0069924207727602109 -0.0036681700164137745 -0.02130671138077327 0.093229739725513905 0.00095172207572069567 -0.0039200578755683281 0.011255325776107951 0.0079280437750960386
leaf_weight=118 21 23 231 448 266 57 350 81 295 631 329 27 213 23 74 471 23 64 230 31 85 80 28
leaf_count=118 21 23 231 448 266 57 350 81 295 631 329 27 213 23 74 471 23 64 230 31 85 80 28
internal_value=-0.00188735 0.00315735 -0.0131245 0.00687527 0.00532099 -0.0114177 -0.00886412 -0.00630435 0.00950237 -0.0185262 0.000773196 -0.00435223 -0.000665399 -0.00254237 -0.00973684 0.00736842 0.0108131 -0.0108696 0.0179577 0.0101852 -0.00191571 0.00168394 -0.00243363
internal_weight=4199 2898 1301 2309 2025 589 471 575 1055 726 970 494 263 236 95 760 289 414 284 54 522 193 113
internal_count=4199 2898 1301 2309 2025 589 471 575 1055 726 970 494 263 236 95 760 289 414 284 54 522 193 113
is_linear=0
shrinkage=0.05


Tree=31
num_leaves=24
num_cat=3
split_feature=0 5 0 0 5 5 17 5 16 5 16 16 5 14 16 16 5 5 5 16 14 8 9
split_gain=155.037 63.5389 30.4955 26.8454 15.8756 11.0145 10.1396 8.55268 6.87064 6.11842 3.89583 3.41892 2.9042 2.89206 2.49042 2.27108 2.18384 2.04267 1.87867 1.73477 1.66702 1.62877 2.09986
threshold=0 0.89340953320853456 1 2 1.2252164419808278 0.57324090082199908 73.879583333333343 0.61287064589900508 1.0000000180025095e-35 0.8562717732649815 1.0000000180025095e-35 1.0000000180025095e-35 1.3466728658495071 77506.516118676547 1.0000000180025095e-35 3.485125 1.2104102448523337 0.75151658956402845 0.93269690608366818 1.0000000180025095e-35 20255.825890107317 1.0000000180025095e-35 1796.9841325213447
decision_type=1 2 1 1 2 2 2 2 2 2 2 2 2 2 2 2 2 2 2 2 2 2 2
left_child=9 3 -3 7 6 19 10 -2 -7 -1 -4 -6 13 -13 16 18 -11 -10 -8 -5 -14 -20 -23
right_child=1 2 4 5 11 8 15 -9 17 14 -12 12 20 -15 -16 -17 -18 -19 21 -21 -22 22 -24
leaf_value=-0.039371357944538547 -0.0054668265857383607 0.15979309014683063 0.038797376247446058 -0.025299820359424931 0.1587802385082073 0.0068504853631161326 -0.0071644117539145461 0.051769248192060663 -0.015778904994457776 -0.017261575914680229 0.004495603069971277 0.0175504123713782 0.033551283615360861 0.0010822935642416322 -0.017162808496234194 -0.0081525607120754417 0.0074520153069357331 -0.0058188062291439253 -0.00022040062998138766 -0.039061590963799291 0.036979064609733839 0.017467587567357935 0.0015791976307775624
leaf_weight=337 56 348 150 22 71 88 60 134 259 54 371 129 48 109 660 164 23 381 275 133 224 32 71
leaf_count=337 56 348 150 22 71 88 60 134 259 54 371 129 48 109 660 164 23 381 275 133 224 32 71
internal_value=-0.00206597 0.00358054 0.00874756 -0.00626747 0.00586348 -0.00988242 0.00242654 0.0105 -0.00741758 -0.0183579 0.00753359 0.0126076 0.0111765 0.00714286 -0.0159769 -0.00199336 -0.00746753 -0.00921875 -0.000114155 -0.0220968 0.0147059 0.00119048 0.0065534
internal_weight=4199 3125 2052 1073 1704 883 1123 190 728 1074 521 581 510 238 737 602 77 640 438 155 272 378 103
internal_count=4199 3125 2052 1073 1704 883 1123 190 728 1074 521 581 510 238 737 602 77 640 438 155 272 378 103
cat_boundaries=0 1 2 3
cat_threshold=65 4 4
is_linear=0
shrinkage=0.05


Tree=32
num_leaves=24
num_cat=3
split_feature=0 4 5 0 0 5 5 17 4 5 5 5 17 5 17 5 17 17 5 2 17 5 5
split_gain=144.224 104.388 46.152 36.5641 17.4862 16.6227 14.9135 11.7236 8.38535 9.38291 7.58009 7.4882 5.06922 3.69001 3.60744 3.31726 3.03904 2.82515 2.23219 2.19481 1.91629 1.89877 1.65524
threshold=0 1.0000000180025095e-35 0.71283530371631154 1 2 1.1943901211755916 0.96614232066531724 1.0000000180025095e-35 1.0000000180025095e-35 0.8562717732649815 1.0527453708314882 0.51653639921929895 71.457916666666691 0.93269690608366818 71.457916666666691 1.5300513205035833 82.258750000000006 71.457916666666691 1.0816180947461709 2038.5000000000002 1.0000000180025095e-35 0.60620533040346569 1.3834267317466862
decision_type=1 2 2 1 1 2 2 2 2 2 2 2 2 2 2 2 2 2 2 2 2 2 2
left_child=8 2 11 10 -4 7 20 -6 9 -1 -3 -2 21 -9 19 17 -7 -8 -16 -11 -5 -13 -18
right_child=1 3 4 6 5 16 15 13 -10 14 -12 12 -14 -15 18 -17 22 -19 -20 -21 -22 -23 -24
leaf_value=-0.028514365568968539 -0.032343168825372047 0.0043800323432813043 0.15849544998604487 -0.0080206125982226206 0.054629085350786394 0.047964480239046162 -0.002407555054744881 0.00044934885312801769 -0.086335192261438556 -0.0022475000948587011 0.092157888462206211 -0.0045603389632477122 -0.0085290814289284318 0.0074610650724925565 -0.014500320435846282 0.010991427236855644 0.0011100352815585969 -0.0080950009095657974 -0.0082538936266602688 -0.010882015039201854 -0.027445396084790921 0.0060746520034071771 0.043071158982486368
leaf_weight=236 90 84 302 50 132 380 157 391 307 154 82 44 137 532 161 31 39 280 194 22 310 56 28
leaf_count=236 90 84 302 50 132 380 157 391 307 154 82 44 137 532 161 31 39 280 194 22 310 56 28
internal_value=-0.00213741 0.00330941 0.00956124 -0.0100604 0.012694 0.0102513 -0.0142601 0.00689573 -0.0178506 -0.0152216 0.0110795 -0.00772171 -0.00305907 0.00490249 -0.0115348 -0.00854701 0.0184004 -0.00966819 -0.0144366 -0.00568182 -0.0220833 0.0055 0.00858209
internal_weight=4199 3125 2131 994 1804 1502 828 1055 1074 767 166 327 237 923 531 468 447 437 355 176 360 100 67
internal_count=4199 3125 2131 994 1804 1502 828 1055 1074 767 166 327 237 923 531 468 447 437 355 176 360 100 67
cat_boundaries=0 1 2 3
cat_threshold=65 4 4
is_linear=0
shrinkage=0.05


Tree=33
num_leaves=24
num_cat=3
split_feature=0 4 5 0 5 0 5 16 4 5 5 5 17 16 16 5 16 16 5 5 14 5 11
split_gain=138.36 98.7927 44.8573 33.753 16.0405 15.7297 14.3521 10.8931 9.18624 9.97559 8.98792 6.85096 5.46934 3.1394 3.12352 3.0778 2.97331 2.82899 2.97922 2.60087 2.10232 2.2828 2.07244
threshold=0 1.0000000180025095e-35 0.74651220879099955 1 0.96614232066531724 2 1.1943901211755916 1.0000000180025095e-35 1.0000000180025095e-35 0.8453298642714665 0.51653639921929895 1.0816180947461709 73.879583333333343 3.485125 1.4758333333333338 1.5300513205035833 3.485125 1.4758333333333338 1.3869806392842978 1.0816180947461709 8154.2033429185685 0.93269690608366818 1.0040371749781858
decision_type=1 2 2 1 2 1 2 2 2 2 2 2 2 2 2 2 2 2 2 2 2 2 2
left_child=8 2 10 11 -5 -4 7 -7 9 -1 -2 -3 22 15 -11 -6 20 -8 -19 -16 -9 -22 -12
right_child=1 3 5 4 13 6 17 16 -10 14 12 -13 -14 -15 19 -17 -18 18 -20 -21 21 -23 -24
leaf_value=-0.027195455700311233 -0.030726010384103455 0.0049090043125834095 0.15225349022604423 -0.024583802122072243 -0.004684958004161033 0.051897631083247076 0.073031410104265712 0.01894561077910191 -0.082018432648366627 -0.0041439484919847504 0.0042480807000090824 0.096781348140063769 -0.0078021517050890447 -0.015248374560850708 -0.013881816651199808 0.012369605260215489 -0.0014338371071362045 0.018271046190358308 0.063745837139188799 -0.0078411989453272667 0.00068686110092004433 0.0090111112621440899 -0.0078266980020054947
leaf_weight=230 90 91 292 360 370 128 144 40 307 178 119 75 152 69 165 29 139 201 102 194 271 429 24
leaf_count=230 90 91 292 360 370 128 144 40 307 178 119 75 152 69 165 29 139 201 102 194 271 429 24
internal_value=-0.00213741 0.00319777 0.00927968 -0.00980885 -0.0138425 0.0126861 0.0103142 0.00707547 -0.0175277 -0.0147653 -0.00616883 0.0105114 -0.00194915 -0.00790598 -0.0110335 -0.00620301 0.00509101 0.0178412 0.015099 -0.0137187 0.00635135 0.00571429 0.00506993
internal_weight=4199 3125 2131 994 828 1746 1454 1007 1074 767 385 166 295 468 537 399 879 447 303 359 740 700 143
internal_count=4199 3125 2131 994 828 1746 1454 1007 1074 767 385 166 295 468 537 399 879 447 303 359 740 700 143
cat_boundaries=0 1 2 3
cat_threshold=65 4 4
is_linear=0
shrinkage=0.05


Tree=34
num_leaves=24
num_cat=5
split_feature=0 4 0 0 16 4 16 16 16 0 15 17 17 17 15 14 14 16 1 9 10 9 14
split_gain=133.245 92.5774 32.6328 23.2907 15.3484 10.0237 4.91386 4.11304 3.92418 2.13597 1.99435 1.83006 1.72989 1.45517 1.33823 1.20411 1.17409 1.14107 1.82264 1.11281 1.0413 1.03649 1.16041
threshold=0 1.0000000180025095e-35 1 2 1.0000000180025095e-35 1.0000000180025095e-35 3.485125 1.0000000180025095e-35 1.0000000180025095e-35 3 34.273571883916226 74.884166666666673 73.879583333333343 74.884166666666673 137.43042616406726 87655.739213096036 103976.04351227853 1.4758333333333338 4 6490.256532590297 1.5000000000000002 60593.218783511074 63649.747117273306
decision_type=1 2 1 1 2 2 2 2 2 1 2 2 2 2 2 2 2 2 1 2 2 2 2
left_child=5 3 11 -2 -5 8 9 -4 -1 12 -8 -3 15 14 16 20 -9 18 -10 -13 -6 22 -11
right_child=1 2 7 4 6 -7 10 13 17 21 -12 19 -14 -15 -16 -17 -18 -19 -20 -21 -22 -23 -24
leaf_value=-0.003711489846445204 0.11167947026694298 0.047573942379348311 -0.0024875879935963852 0.055964516936552577 0.016738217583639893 -0.077917511015948293 -0.012404934836265424 -0.012957367506189222 -0.0029501867289950081 0.0053619326965763658 -8.5085566936626838e-05 -0.0062693305061624297 -0.0013140806917295357 -0.015040979621190664 -1.200825621228141e-06 -0.0015407184253884321 -0.01675830351228862 -0.014553293518653511 -0.009246678005591159 0.013887521368153521 0.0003740772152438399 -0.00013281695234472758 0.010134768317243205
leaf_weight=87 372 106 107 224 68 307 28 328 50 544 219 31 134 349 23 20 21 515 115 29 26 43 453
leaf_count=87 372 106 107 224 68 307 28 328 50 544 219 31 134 349 23 20 21 515 115 29 26 43 453
internal_value=-0.00210169 0.00313397 -0.00945674 0.00902159 0.00648672 -0.0172048 0.00473941 -0.0134248 -0.014309 0.00597826 -0.00172065 0.0105114 0.00155039 -0.0149445 -0.0127688 0.00614035 -0.0135387 -0.0155882 -0.0119697 0.00416667 0.00851064 0.00695238 0.00734704
internal_weight=4199 3125 994 2131 1759 1074 1535 828 767 1288 247 166 248 721 372 114 349 680 165 60 94 1040 997
internal_count=4199 3125 994 2131 1759 1074 1535 828 767 1288 247 166 248 721 372 114 349 680 165 60 94 1040 997
cat_boundaries=0 1 2 3 4 5
cat_threshold=65 4 4 8 1
is_linear=0
shrinkage=0.05


Tree=35
num_leaves=24
num_cat=3
split_feature=0 0 16 16 16 9 9 14 15 16 15 15 14 2 14 0 9 8 9 14 16 14 14
split_gain=125.617 51.4432 17.1877 5.81377 3.60543 1.74061 1.75836 1.71899 1.70149 1.58476 1.58293 1.75051 1.29326 1.46025 1.70725 1.24166 1.61595 2.89781 2.31084 1.74809 1.69161 1.61738 1.54148
threshold=0 1 1.0000000180025095e-35 3.485125 1.0000000180025095e-35 61642.765448338389 78146.454588755238 13749.0375045001 66.903596478305033 1.0000000180025095e-35 15.207454126178767 20.926395294179958 115053.27111198664 2028.5000000000002 93498.908367756827 2 11940.117077576402 1.0000000180025095e-35 1.0000000180025095e-35 21455.399751591278 1.4758333333333338 106562.34762973191 160833.74598110671
decision_type=1 1 2 2 2 2 2 2 2 2 2 2 2 2 2 1 2 2 2 2 2 2 2
left_child=4 9 7 5 -1 10 -7 -3 -5 -2 -4 -12 13 -10 -15 22 17 -17 -19 -18 21 -21 -13
right_child=1 2 3 8 -6 6 -8 -9 12 -11 11 15 -14 14 -16 16 19 18 -20 20 -22 -23 -24
leaf_value=-0.013362693370448597 0.32030651536899535 0.0011024518941095129 -0.0029900898995215974 -0.010644612318115133 -0.022000074027519592 -0.0044546511741812679 0.00044881946782395767 0.02313916311715385 0.0027785261484518987 0.068578305874300943 0.0054932844980558511 0.00050367600864170692 -0.0092765105712263596 -0.0078544437922460908 0.0026415764820439283 -0.0047887783120450726 0.018749150873074428 0.011570019629387885 -0.0011992620116764387 0.014966738952565485 -0.0014810977506720447 -0.0067044855053635562 0.0096012633594360977
leaf_weight=116 58 34 110 171 958 59 31 297 26 480 80 926 76 59 33 316 21 41 70 36 131 21 49
leaf_count=116 58 34 110 171 958 59 31 297 26 480 80 926 76 59 33 316 21 41 70 36 131 21 49
internal_value=-0.00212551 0.00295853 9.62649e-06 -0.00155142 -0.0167897 -0.000436277 -0.00722222 0.0106495 -0.00732877 0.0168796 -9.71682e-05 0.000280899 -0.00412371 -0.000847458 -0.00380435 -7.75916e-05 -0.00178019 -0.00357143 0.00337838 0.00179426 0.000265957 0.00745614 0.00104061
internal_weight=4199 3125 2587 2256 1074 1891 90 331 365 538 1801 1691 194 118 92 1611 636 427 111 209 188 57 975
internal_count=4199 3125 2587 2256 1074 1891 90 331 365 538 1801 1691 194 118 92 1611 636 427 111 209 188 57 975
cat_boundaries=0 1 2 3
cat_threshold=65 4 162
is_linear=0
shrinkage=0.05


Tree=36
num_leaves=24
num_cat=3
split_feature=0 4 5 0 0 5 5 4 5 16 5 5 5 5 16 16 16 16 2 5 14 9 2
split_gain=115.408 89.6128 49.1892 27.4251 19.1167 17.6411 16.9345 13.1721 12.3095 10.6558 8.3189 5.43421 4.28806 3.41584 3.39821 3.34723 2.66092 2.47157 2.36688 2.22501 1.86655 1.82886 2.10668
threshold=0 1.0000000180025095e-35 0.68614658175646159 1 2 0.96614232066531724 1.1943901211755916 1.0000000180025095e-35 0.8562717732649815 1.0000000180025095e-35 1.0816180947461709 0.57324090082199908 0.84976300489942436 1.2179910055458631 1.4758333333333338 3.485125 1.0000000180025095e-35 1.4758333333333338 2038.5000000000002 1.0816180947461709 16434.96028759101 3923.3204996074787 2032.5000000000002
decision_type=1 2 2 1 1 2 2 2 2 2 2 2 2 2 2 2 2 2 2 2 2 2 2
left_child=7 2 11 10 -4 -5 9 8 16 -6 -3 -2 -11 -7 18 -8 -1 -13 -10 -16 -14 22 -15
right_child=1 3 4 5 6 13 15 -9 14 12 -12 17 20 21 19 -17 -18 -19 -20 -21 -22 -23 -24
leaf_value=-0.012103263193270909 -0.020991926277576445 -0.00071941300730871127 0.12916673020112954 -0.022764686390309975 0.043820915781584674 -0.0071237908642762587 0.042679381153501207 -0.072921631763774905 -0.00052300234577589149 -0.00070250649026007981 0.087818989370937892 0.0017129314586197487 0.011998347728239224 0.00047229041249323704 -0.011253545204185334 0.010688569637359714 -0.025352054307127905 -0.0095623204373786689 -0.0089921030234814906 -0.0056214706207522447 0.0053668840514551341 0.00040458187728367181 -0.0057182920188934231
leaf_weight=30 141 91 309 360 134 276 380 307 154 256 75 65 74 40 161 67 206 84 22 194 621 105 47
leaf_count=30 141 91 309 360 134 276 380 307 154 256 75 65 74 40 161 67 206 84 22 194 621 105 47
internal_value=-0.00204215 0.00283094 0.00862271 -0.00955734 0.0116377 -0.0131862 0.00914397 -0.0160978 -0.0127445 0.00582949 0.00880682 -0.0105172 0.00396951 -0.00694444 -0.00852166 0.0173937 -0.0222458 -0.00385906 -0.00284091 -0.011338 0.00600719 -0.00182292 -0.00718391
internal_weight=4199 3125 2131 994 1841 828 1532 1074 767 1085 166 290 951 468 531 447 236 149 176 355 695 192 87
internal_count=4199 3125 2131 994 1841 828 1532 1074 767 1085 166 290 951 468 531 447 236 149 176 355 695 192 87
cat_boundaries=0 1 2 3
cat_threshold=65 4 4
is_linear=0
shrinkage=0.05


Tree=37
num_leaves=24
num_cat=4
split_feature=0 4 5 0 5 5 4 5 0 5 16 5 0 17 16 5 16 7 16 16 17 5 16
split_gain=111.292 77.4925 44.7861 24.316 17.0988 14.6198 14.0263 12.2252 11.8182 10.331 9.08578 7.83304 3.83596 4.01025 3.70627 3.50139 3.06387 2.96728 2.82336 2.5013 2.28043 2.09468 2.02143
threshold=0 1.0000000180025095e-35 0.88037162294841587 1 0.93566252435764941 0.57324090082199908 1.0000000180025095e-35 0.8562717732649815 2 1.2553521696088608 1.0000000180025095e-35 1.0816180947461709 3 74.884166666666673 2.1729166666666671 1.2179910055458631 3.485125 1.5000000000000002 1.0000000180025095e-35 1.0000000180025095e-35 74.884166666666673 1.3834267317466862 1.756416666666667
decision_type=1 2 2 1 2 2 2 2 1 2 2 2 1 2 2 2 2 2 2 2 2 2 2
left_child=6 2 5 11 18 -2 7 19 -4 10 -10 -3 17 -14 -9 20 -11 -7 -5 -1 -6 -18 -19
right_child=1 3 8 4 15 12 -8 14 9 16 -12 -13 13 -15 -16 -17 21 22 -20 -21 -22 -23 -24
leaf_value=-0.011498100033607362 -0.019942329963697627 -0.00068344235694328681 0.15395660360196051 -0.0083986245709935185 -0.0028447056321828424 0.0086948666245862064 -0.069275550175586162 -0.0035001407228100415 0.062891249358300733 0.047260608374885132 0.0067258631620104488 0.083428039902390963 0.0019391068429243541 -0.0041442145018540603 -0.010748713135342459 -0.00067673497707405612 -0.0010788879487247716 0.0084942340923026549 -0.024444505076381674 -0.024084451591771507 -0.011082524739414512 0.037366008325111034 -0.0097180487196989358
leaf_weight=30 141 91 245 41 191 136 307 383 106 284 733 75 197 182 148 192 22 37 278 206 126 28 20
leaf_count=30 141 91 245 41 191 136 307 383 106 284 733 75 197 182 148 192 22 37 278 206 126 28 20
internal_value=-0.00201834 0.00276715 0.00815345 -0.00875252 -0.0121718 -0.00206872 -0.015821 -0.0123533 0.0132934 0.0108833 0.00801549 0.00852273 0.00148601 -0.00147815 -0.00814501 -0.00663065 0.0184132 0.0070197 -0.021395 -0.021822 -0.00985804 0.007 -0.00219298
internal_weight=4199 3125 2131 994 828 713 1074 767 1418 1173 839 166 572 379 531 509 334 193 319 236 317 50 57
internal_count=4199 3125 2131 994 828 713 1074 767 1418 1173 839 166 572 379 531 509 334 193 319 236 317 50 57
cat_boundaries=0 1 2 3 4
cat_threshold=65 4 4 6
is_linear=0
shrinkage=0.05


Tree=38
num_leaves=24
num_cat=0
split_feature=4 5 5 5 16 5 5 5 16 17 16 5 16 5 16 15 16 5 18 5 5 5 16
split_gain=79.3428 54.4328 18.6062 14.6622 11.9357 6.0428 5.38791 4.6813 3.87683 2.95714 2.93431 2.69413 3.11922 2.01196 1.66684 1.49242 1.47311 1.44786 1.43595 1.23882 1.56075 1.1377 1.13234
threshold=1.0000000180025095e-35 0.75151658956402845 1.0503106425183286 1.2716120369759094 1.0000000180025095e-35 0.93269690608366818 0.57324090082199908 0.84175118767219159 3.485125 74.884166666666673 1.4758333333333338 1.2104102448523337 1.0000000180025095e-35 1.3834267317466862 3.485125 23.522357577268313 1.0000000180025095e-35 1.6631307399525419 1.0000000180025095e-35 1.0367651859622036 0.95604214863564396 1.2179910055458631 2.1729166666666671
decision_type=2 2 2 2 2 2 2 2 2 2 2 2 2 2 2 2 2 2 2 2 2 2 2
left_child=1 6 7 4 -3 18 -1 -2 16 -9 -8 -4 -13 -10 -7 -12 -5 -18 -6 20 -16 -21 -20
right_child=2 3 11 8 5 14 10 9 13 -11 15 12 -14 -15 19 -17 17 -19 22 21 -22 -23 -24
leaf_value=-0.025782082185467559 -0.033213487643240572 0.033412576696820531 -0.011162326762321019 0.15086614029490072 -0.0049866937925629358 0.006993121919917078 -0.002470188724495781 -0.0083274727717234098 -0.0031081312338107183 -0.018634733516222492 0.0016297102769397222 0.012885685661166636 -0.0044569976080354179 0.019886272439866005 0.0027712560774953766 -0.013006754496159002 0.026813410532060634 0.1119577990524907 0.00057050189630889479 0.0038022599244436073 -0.0030959584328503101 -0.0043578891809666898 -0.0048193340016423059
leaf_weight=186 364 224 266 63 70 924 131 204 32 158 21 27 282 44 21 205 317 29 335 93 45 20 138
leaf_count=186 364 224 266 63 70 924 131 204 32 158 21 27 282 44 21 205 317 29 335 93 45 20 138
internal_value=-0.00198261 0.0026225 -0.0122406 0.00591295 0.00390374 0.00243013 -0.0116483 -0.017562 0.0136598 -0.0135359 -0.00805322 -0.00552174 -0.00234628 0.00328947 0.00455576 -0.0115044 0.0155868 0.0143064 -0.00188766 0.000139665 -0.00530303 0.00331858 -0.00089852
internal_weight=4199 2898 1301 2355 1870 1646 543 726 485 362 357 575 309 76 1103 226 409 346 543 179 66 113 473
internal_count=4199 2898 1301 2355 1870 1646 543 726 485 362 357 575 309 76 1103 226 409 346 543 179 66 113 473
is_linear=0
shrinkage=0.05


Tree=39
num_leaves=24
num_cat=4
split_feature=0 4 5 0 0 5 5 4 5 16 5 5 5 16 5 16 5 5 0 17 17 11 17
split_gain=115.58 64.9511 40.5883 24.0575 20.6527 17.407 14.7384 13.0323 10.6321 9.89693 5.95664 4.90523 3.82279 3.72192 3.56728 3.32063 3.6952 3.072 2.93329 3.27869 2.49062 1.75035 1.71491
threshold=0 1.0000000180025095e-35 0.68614658175646159 1 2 0.87316366926095168 1.1943901211755916 1.0000000180025095e-35 0.75992680472410246 1.0000000180025095e-35 1.1672731239108303 0.46620033734366129 1.2179910055458631 1.4758333333333338 1.4217699221021534 1.0000000180025095e-35 1.0596748834202809 0.93269690608366818 3 73.879583333333343 74.884166666666673 0.014184660822770071 74.884166666666673
decision_type=1 2 2 1 1 2 2 2 2 2 2 2 2 2 2 2 2 2 1 2 2 2 2
left_child=7 2 11 10 -4 -5 9 8 -1 -6 22 -2 20 -8 -15 -10 -17 -11 19 -13 -7 -14 -3
right_child=1 3 4 5 6 12 13 -9 15 17 -12 18 21 14 -16 16 -18 -19 -20 -21 -22 -23 -24
leaf_value=-0.026381695706692621 -0.03258263395618051 0.010855486710070661 0.11558991434095854 -0.024360801924942634 0.037219456917927544 -0.0033353063382535633 0.061617084349846342 -0.064254335114878977 0.0003600721787800465 -0.00012539218715512668 0.091002273322076777 0.006300603603839639 0.00043001382489604723 0.014885198782980315 0.059068512292081946 -0.010197668913968195 -0.0048307214206518402 0.0054572226866236306 -0.0085689291186017095 -0.0062067209046000387 -0.0099179058038442527 -0.0053421528573358249 -0.014141913992347455
leaf_weight=158 64 68 309 248 134 230 144 307 71 419 56 61 120 226 77 250 288 532 104 61 158 72 42
leaf_count=158 64 68 309 248 134 230 144 307 71 419 56 61 120 226 77 250 288 532 104 61 158 72 42
internal_value=-0.00207788 0.00279904 0.00773111 -0.00774648 0.0104699 -0.0111575 0.0079118 -0.0161439 -0.0128096 0.00481567 0.009375 -0.00965517 -0.00655172 0.015604 0.0124587 -0.00981117 -0.0111524 0.00302313 -0.00619469 -0.000378788 -0.00940722 -0.00078125 0.00318182
internal_weight=4199 3125 2131 994 1841 828 1532 1074 767 1085 166 290 580 447 303 609 538 951 226 122 388 192 110
internal_count=4199 3125 2131 994 1841 828 1532 1074 767 1085 166 290 580 447 303 609 538 951 226 122 388 192 110
cat_boundaries=0 1 2 3 4
cat_threshold=65 4 4 164
is_linear=0
shrinkage=0.05


Tree=40
num_leaves=24
num_cat=5
split_feature=0 4 5 0 5 4 0 5 5 16 5 5 5 16 16 17 16 0 0 18 5 9 7
split_gain=109.956 58.4 38.4465 21.401 16.4865 14.0263 13.6225 13.0823 11.4882 10.4932 9.42829 6.61692 3.89521 3.25654 3.09594 2.56425 2.49783 2.41809 2.38839 2.20221 2.10237 1.76473 2.13547
threshold=0 1.0000000180025095e-35 0.88037162294841587 1 0.84175118767219159 1.0000000180025095e-35 2 0.57324090082199908 0.75992680472410246 1.0000000180025095e-35 1.2553521696088608 1.0816180947461709 1.2179910055458631 2.1729166666666671 2.1729166666666671 74.884166666666673 2.1729166666666671 3 4 1.0000000180025095e-35 1.0632720573186565 11537.193013450045 1.0000000180025095e-35
decision_type=1 2 2 1 2 2 1 2 2 2 2 2 2 2 2 2 2 1 1 2 2 2 2
left_child=5 2 7 11 -5 8 -4 -2 -1 -8 17 -3 15 18 19 -6 -12 -11 21 -10 -19 -9 -23
right_child=1 3 6 4 12 -7 9 13 14 10 16 -13 -14 -15 -16 -17 -18 20 -20 -21 -22 22 -24
leaf_value=-0.025062610921357999 -0.017067527058396228 4.3984499142846194e-05 0.13955606957141439 -0.024598346304585642 -0.003411856189138307 -0.061041618359135019 0.0827758875971044 0.018417163802544878 -0.010688405319967932 0.0099183661520018795 0.035318650360691754 0.074929374121569303 -0.00030356972732460409 -0.0031123251651708154 -0.010501200243385156 -0.010108100271224309 0.018242827922803895 -0.0006142494469809634 0.0001373535565116324 -0.0041553948492192181 0.0075627745143628028 0.010071881300465303 -0.0064240257933391833
leaf_weight=158 141 91 245 223 246 307 155 92 57 302 197 75 192 134 166 167 88 222 290 386 209 29 27
leaf_count=158 141 91 245 223 246 307 155 92 57 302 197 75 192 134 166 167 88 222 290 386 209 29 27
internal_value=-0.00210169 0.0026555 0.00733224 -0.00734406 -0.0105609 -0.015821 0.0120945 -0.00213885 -0.0123533 0.00957312 0.00780943 0.00880682 -0.00640496 0.00122378 -0.00923645 -0.00914044 0.0155263 0.004809 0.0033105 -0.00705418 0.00221088 0.00822785 0.00178571
internal_weight=4199 3125 2131 994 828 1074 1418 713 767 1173 1018 166 605 572 609 413 285 733 438 443 431 148 56
internal_count=4199 3125 2131 994 828 1074 1418 713 767 1173 1018 166 605 572 609 413 285 733 438 443 431 148 56
cat_boundaries=0 1 2 3 4 5
cat_threshold=65 4 4 160 6
is_linear=0
shrinkage=0.05


Tree=41
num_leaves=24
num_cat=5
split_feature=0 4 5 0 5 4 0 5 5 5 16 5 16 5 16 16 5 17 17 0 0 18 5
split_gain=107.728 54.983 35.4631 20.131 16.7077 14.317 13.2425 12.018 11.7389 10.4937 7.11605 6.7952 3.55111 3.46982 3.2479 2.95199 2.77015 2.45798 2.44287 2.37739 2.15924 1.85054 1.80023
threshold=0 1.0000000180025095e-35 0.88037162294841587 1 0.84175118767219159 1.0000000180025095e-35 2 0.60124670721575979 0.75992680472410246 1.2553521696088608 1.0000000180025095e-35 1.1672731239108303 3.485125 1.2179910055458631 2.1729166666666671 2.1729166666666671 0.46620033734366129 73.879583333333343 74.884166666666673 3 4 1.0000000180025095e-35 0.8306467510427672
decision_type=1 2 2 1 2 2 1 2 2 2 2 2 2 2 2 2 2 2 2 1 1 2 2
left_child=5 2 7 11 -5 8 -4 16 -1 10 -8 -3 19 18 -11 21 -2 -12 -6 -9 -19 -10 -14
right_child=1 3 6 4 13 -7 9 12 15 14 17 -13 22 -15 -16 -17 -18 20 -20 -21 -22 -23 -24
leaf_value=-0.023809480375290095 -0.03010012590545166 0.0062547136730283894 0.13257826609284368 -0.023368428989356361 -0.0032412633796814029 -0.057989537441178275 0.052076290829793086 0.011921927890990381 -0.01015398505396954 0.042395074162129821 0.010523875881953026 0.082705690949894439 -0.0087583130286320813 -0.00028839124095837444 0.017330686526663697 -0.009976140231215902 -0.0057998607509852865 0.0074438681037182434 -0.0096026952576630867 0.00027002440887877735 -0.00033098665275901331 -0.0039476251067582678 0.0032370356092094712
leaf_weight=158 64 110 245 223 246 307 106 158 57 246 275 56 55 192 88 166 104 194 167 307 264 386 25
leaf_count=158 64 110 245 223 246 307 106 158 57 246 275 56 55 192 88 166 104 194 167 307 264 386 25
internal_value=-0.00214932 0.00255981 0.00709761 -0.00714286 -0.0102625 -0.0157288 0.0116714 -0.0019986 -0.0122229 0.00919273 0.00628725 0.00852273 0.0016055 -0.00607438 0.0167665 -0.00907225 -0.0136905 0.00453615 -0.00865617 0.00327957 0.00229258 -0.00694131 -0.008125
internal_weight=4199 3125 2131 994 828 1074 1418 713 767 1173 839 166 545 605 334 609 168 733 413 465 458 443 80
internal_count=4199 3125 2131 994 828 1074 1418 713 767 1173 839 166 545 605 334 609 168 733 413 465 458 443 80
cat_boundaries=0 1 2 3 4 5
cat_threshold=65 4 4 20 160
is_linear=0
shrinkage=0.05


Tree=42
num_leaves=24
num_cat=5
split_feature=0 4 0 0 4 16 16 16 16 16 16 16 15 15 15 16 9 0 9 14 2 16 0
split_gain=103.199 50.3968 20.3062 18.6588 15.2069 10.7982 4.12058 3.03732 2.95116 2.14053 1.78916 1.64267 1.62742 1.55735 2.45627 1.43358 1.34316 1.14241 1.82298 1.42645 1.60401 1.47012 1.41614
threshold=0 1.0000000180025095e-35 1 2 1.0000000180025095e-35 1.0000000180025095e-35 3.485125 1.0000000180025095e-35 1.0000000180025095e-35 3.485125 3.485125 3.485125 34.273571883916226 143.53659440916439 120.08879158805752 2.1729166666666671 26141.819359080404 3 68216.770672454659 36001.235433273709 2038.5000000000002 1.756416666666667 4
decision_type=1 2 1 1 2 2 2 2 2 2 2 2 2 2 2 2 2 1 2 2 2 2 1
left_child=4 2 9 10 8 -4 17 -5 -1 -2 16 13 -8 14 -9 -10 -3 -7 19 20 21 -19 -21
right_child=1 3 5 7 -6 6 12 11 15 -11 -12 -13 -14 -15 -16 -17 -18 18 -20 22 -22 -23 -24
leaf_value=-0.0033842791332682866 0.083667427787292331 0.014787840487927008 0.040188453581301943 -0.00055383195817504394 -0.055090060569119359 0.0057764987864766804 -0.011556697857383292 -0.0084286052002945262 -0.0078024364718773283 0.022752527026610993 -0.015808207808603172 -0.016438810117325321 -0.00047534604185921485 -0.0026004393144040353 -0.013462194708148668 -0.011120125783657508 0.061408201859233902 0.0065511911767917822 -0.0086570783903990207 0.0074039544710357902 -0.013226616439264018 -0.0037616277307486626 0.00087175260714409406
leaf_weight=87 317 109 224 107 307 780 28 482 471 55 22 118 219 49 72 209 35 58 25 162 22 73 168
leaf_count=87 317 109 224 107 307 780 28 482 471 55 22 118 219 49 72 209 35 58 25 162 22 73 168
internal_value=-0.00216123 0.00244817 0.00679259 -0.00684105 -0.015452 0.00445167 0.00298046 -0.00984487 -0.0118318 0.0172775 0.00823864 -0.0111304 -0.00293522 -0.0100746 -0.0108303 -0.0129412 0.0107639 0.00411491 0.00212355 0.00284679 -0.00114379 0.000954198 0.00469697
internal_weight=4199 3125 2131 994 1074 1759 1535 828 767 372 166 721 247 603 554 680 144 1288 508 483 153 131 330
internal_count=4199 3125 2131 994 1074 1759 1535 828 767 372 166 721 247 603 554 680 144 1288 508 483 153 131 330
cat_boundaries=0 1 2 3 4 5
cat_threshold=65 4 4 176 2
is_linear=0
shrinkage=0.05


Tree=43
num_leaves=24
num_cat=4
split_feature=0 5 4 4 0 4 5 0 5 5 16 5 0 5 16 5 16 5 16 16 17 15 5
split_gain=97.3923 53.8853 32.748 16.5922 15.2267 14.162 12.4152 12.1576 11.0602 9.68634 5.88927 3.93808 3.16809 3.09844 2.98387 2.84585 2.68488 2.60308 2.32243 2.25952 2.11708 1.98884 1.94992
threshold=0 0.84175118767219159 1.0000000180025095e-35 1.0000000180025095e-35 1 1.0000000180025095e-35 0.75992680472410246 2 1.2553521696088608 0.57324090082199908 1.0000000180025095e-35 1.1672731239108303 3 1.2179910055458631 1.4758333333333338 0.97590027831923531 2.1729166666666671 1.0179578550006412 1.0000000180025095e-35 2.1729166666666671 73.879583333333343 136.14599767670714 0.46620033734366129
decision_type=1 2 2 2 1 2 2 1 2 2 2 2 1 2 2 2 2 2 2 2 2 2 2
left_child=3 5 4 6 -3 9 -1 11 10 22 15 -4 19 -9 -8 -6 -10 -16 -7 -11 -12 -14 -2
right_child=1 2 7 -5 8 18 14 13 16 12 20 -13 21 -15 17 -17 -18 -19 -20 -21 -22 -23 -24
leaf_value=-0.022145942300137209 -0.028823578801699293 0.11381569162797289 0.0088114801497297009 -0.052335557540663394 0.0046357960961433521 -0.011326569688571375 -0.0022595481844281508 -0.0045109615417987751 0.040224948677630136 0.011207570256139188 0.0091561239554213587 0.077831014378003438 -0.0006252239039796992 -4.9410749948708423e-05 -0.0097248884225912061 0.066356219125356566 0.016331623381715076 -0.0043965775527228471 -0.021652893163609455 -0.0029141652428218978 0.002671789835049987 -0.0073530176003367316 -0.0069808985025492376
leaf_weight=158 64 258 65 307 45 33 200 413 246 122 306 56 276 192 165 71 88 244 235 28 507 43 77
leaf_count=158 64 258 65 307 45 33 200 413 246 122 306 56 276 192 165 71 88 244 235 28 507 43 77
internal_value=-0.00212551 0.00235247 0.00646417 -0.0150369 0.0106345 -0.00814351 -0.0112451 -0.00227273 0.00815004 -0.00393443 0.00540904 0.0116412 -0.000479744 -0.0051626 -0.00800493 0.0159483 0.016018 -0.0104523 -0.0177239 0.0053125 0.00390529 -0.00326748 -0.0154255
internal_weight=4199 3125 2247 1074 1521 878 767 726 1263 610 929 121 469 605 609 116 334 409 268 150 813 319 141
internal_count=4199 3125 2247 1074 1521 878 767 726 1263 610 929 121 469 605 609 116 334 409 268 150 813 319 141
cat_boundaries=0 1 2 3 4
cat_threshold=65 4 4 132
is_linear=0
shrinkage=0.05


Tree=44
num_leaves=24
num_cat=5
split_feature=0 5 4 4 4 5 5 0 16 0 5 0 16 5 16 16 16 0 5 5 5 5 16
split_gain=92.4096 49.1826 25.3914 18.1115 17.7114 12.4029 11.4543 11.3825 9.59744 8.86403 7.87202 5.77862 5.19348 4.17901 3.91778 2.92411 2.8386 2.38289 2.18566 2.17391 2.17024 2.04958 2.04626
threshold=0 0.93269690608366818 1.0000000180025095e-35 1.0000000180025095e-35 1.0000000180025095e-35 0.57324090082199908 0.75992680472410246 1 1.0000000180025095e-35 2 1.3466728658495071 3 1.0000000180025095e-35 1.1813853759944195 3.485125 2.1729166666666671 2.1729166666666671 4 1.2393793021592654 0.77583830786226704 0.46620033734366129 0.79910182006429553 3.485125
decision_type=1 2 2 2 2 2 2 1 2 1 2 1 2 2 2 2 2 1 2 2 2 2 2
left_child=4 3 7 5 6 20 -1 -3 -9 13 14 15 19 -4 -10 -7 18 21 -8 -5 -2 -14 -11
right_child=1 2 9 12 -6 11 16 8 10 22 -12 -13 17 -15 -16 -17 -18 -19 -20 -21 -22 -23 -24
leaf_value=-0.02103864518513035 -0.027382399861614316 0.12953688598719859 0.0059347826173453029 -0.017540744143008036 -0.049718779663630225 0.032814950163840485 -0.0048013201571434627 0.084277551635654924 0.0083812920930607989 -0.0014018977166676439 0.032785331247377682 -0.00050345975193870633 -0.019842166216794344 0.074591593895146607 -0.00072941137421120858 -0.0015812402207804556 -0.0086266909869875397 -0.018265027584574212 0.00028905169790029996 0.0069478794177363582 -0.0066318535774217762 -0.00044247651859230519 -0.0098894153092357398
leaf_weight=158 64 219 48 23 307 98 338 132 620 440 189 597 66 55 111 24 166 220 105 23 77 45 74
leaf_count=158 64 219 48 23 307 98 338 132 620 440 189 597 66 55 111 24 166 220 105 23 77 45 74
internal_value=-0.00213741 0.00222488 0.00730932 -0.00551738 -0.014714 -0.00151163 -0.0107888 0.0113493 0.00889831 -0.00101297 0.00717391 0.00114743 -0.0146552 0.0117257 0.00482216 0.0106061 -0.00767652 -0.0168429 -0.00558691 0.00108696 -0.0150709 -0.00805785 -0.00372137
internal_weight=4199 3125 1888 1237 1074 860 767 1271 1052 617 920 719 377 103 731 122 609 331 443 46 141 111 514
internal_count=4199 3125 1888 1237 1074 860 767 1271 1052 617 920 719 377 103 731 122 609 331 443 46 141 111 514
cat_boundaries=0 1 2 3 4 5
cat_threshold=65 4 4 4 12
is_linear=0
shrinkage=0.05


Tree=45
num_leaves=24
num_cat=3
split_feature=0 5 4 4 0 4 5 0 5 5 16 5 5 5 16 16 5 16 5 5 16 16 17
split_gain=87.5775 46.7459 28.6957 19.0351 14.2879 13.4794 12.2081 10.1189 9.62305 9.38937 5.47474 4.24772 3.68723 3.19279 3.66691 3.10178 2.88627 2.75386 2.72038 2.69299 2.61886 2.47111 2.0964
threshold=0 0.84175118767219159 1.0000000180025095e-35 1.0000000180025095e-35 1 1.0000000180025095e-35 0.72497800467145923 2 1.2553521696088608 0.50361592300952374 1.0000000180025095e-35 1.2026241249255898 0.97590027831923531 1.0179578550006412 1.0000000180025095e-35 1.0000000180025095e-35 0.64337206274225478 3.485125 1.2179910055458631 1.3834267317466862 1.0000000180025095e-35 3.485125 74.884166666666673
decision_type=1 2 2 2 1 2 2 1 2 2 2 2 2 2 2 2 2 2 2 2 2 2 2
left_child=3 5 4 6 -3 9 -1 11 10 -2 12 -4 -6 14 -8 -11 -17 -10 22 -19 -7 -18 -9
right_child=1 2 7 -5 8 20 13 18 17 15 -12 -13 -14 -15 -16 16 21 19 -20 -21 -22 -23 -24
leaf_value=-0.022232576991323562 -0.021774630579585209 0.10164806274721433 0.0080741670113759767 -0.047232840680448709 0.004429179278933138 -0.0098832039969924072 0.0023540057350558865 -0.0022454168829535658 0.034459599592259395 0.012723867247453913 0.0042019703006112687 0.07542086029704631 0.058824530587305995 -0.0028737816187699885 -0.0079764370933989581 -0.0066262240017006986 0.00087190469471796215 -0.0041882833771889729 2.3154673382108638e-05 0.028443795358150604 -0.019656997126200282 -0.0077373399322365095 -0.008022287302918674
leaf_weight=130 84 258 73 307 45 33 35 246 284 66 813 48 71 366 236 120 289 22 192 28 235 51 167
leaf_count=130 84 258 73 307 45 33 35 246 284 66 813 48 71 366 236 120 289 22 192 28 235 51 167
internal_value=-0.00210169 0.00214514 0.00597463 -0.014345 0.00987837 -0.00763098 -0.0102673 -0.00220386 0.00748233 -0.00352459 0.00492465 0.0104962 0.0150862 -0.00741758 -0.0115314 -0.00104563 -0.0025 0.0148204 -0.0048374 0.004 -0.0169776 -0.000147059 -0.00720339
internal_weight=4199 3125 2247 1074 1521 878 767 726 1263 610 929 121 116 637 271 526 460 334 605 50 268 340 413
internal_count=4199 3125 2247 1074 1521 878 767 726 1263 610 929 121 116 637 271 526 460 334 605 50 268 340 413
cat_boundaries=0 1 2 3
cat_threshold=65 4 4
is_linear=0
shrinkage=0.05


Tree=46
num_leaves=24
num_cat=3
split_feature=0 5 4 4 0 4 5 5 16 5 5 0 16 16 5 16 5 16 5 18 16 4 5
split_gain=85.2742 42.8437 20.8316 19.5438 16.7801 15.2443 13.2769 12.5524 9.19976 7.43291 7.14784 6.65766 4.40805 3.42455 3.27241 3.57786 2.39891 2.18711 2.0337 1.92376 1.64386 1.59043 2.64392
threshold=0 1.0264471337233452 1.0000000180025095e-35 1.0000000180025095e-35 1 1.0000000180025095e-35 0.57324090082199908 0.72497800467145923 1.0000000180025095e-35 1.4158576102881872 0.77583830786226704 2 3.485125 1.0000000180025095e-35 1.0179578550006412 1.0000000180025095e-35 0.75606233012901958 3.485125 0.42540951297941754 1.0000000180025095e-35 3.485125 1.0000000180025095e-35 1.2026241249255898
decision_type=1 2 2 2 1 2 2 2 2 2 2 1 2 2 2 2 2 2 2 2 2 2 2
left_child=3 2 6 7 21 8 18 -1 -6 17 -4 12 -8 -12 15 -9 19 -10 -2 -13 -15 -3 -23
right_child=1 4 10 -5 5 -7 11 14 9 -11 13 16 -14 20 -16 -17 -18 -19 -20 -21 -22 22 -24
leaf_value=-0.021120948141757381 -0.028602801256308898 0.13916496551617971 -0.021214421864044531 -0.044871198646426275 0.09381772697385049 -0.0015135118893922939 0.028063324028712568 0.0022363054483030887 0.01036403361228444 0.04656833258905986 0.0024333433699902708 0.0011632806832235331 -0.0024669172718044144 -0.0051699751509297846 -0.0027300925378314967 -0.0075776152387290081 0.0014299007244169106 -0.00041771164504875727 -0.0066909866038281423 -0.0055812339361967838 -0.013690149411282727 0.0073004581380903492 0.071649817282193953
leaf_weight=130 45 166 194 307 103 388 151 35 528 106 46 31 24 232 366 236 613 92 96 176 48 38 48
leaf_count=130 45 166 194 307 103 388 151 35 528 106 46 31 24 232 366 236 613 92 96 176 48 38 48
internal_value=-0.00212551 0.00206539 -0.00344203 -0.0142066 0.00828795 0.0056846 0.000352113 -0.0100717 0.00955971 0.00757576 -0.0117308 0.00238693 0.0109459 -0.00720859 -0.0071821 -0.0113469 0.000421687 0.00548387 -0.0140071 -0.00422705 -0.00928571 0.0198473 0.0151163
internal_weight=4199 3125 1656 1074 1469 1217 1136 767 829 726 520 995 175 326 637 271 820 620 141 207 280 252 86
internal_count=4199 3125 1656 1074 1469 1217 1136 767 829 726 520 995 175 326 637 271 820 620 141 207 280 252 86
cat_boundaries=0 1 2 3
cat_threshold=65 4 4
is_linear=0
shrinkage=0.05


Tree=47
num_leaves=24
num_cat=4
split_feature=0 5 4 4 0 4 5 5 16 5 5 0 16 5 16 16 5 16 16 5 0 2 9
split_gain=83.684 40.5571 20.2957 20.2325 16.6304 14.3191 13.0108 12.3338 9.51993 7.24943 7.21873 6.01531 3.93854 3.35301 3.48991 3.34677 3.1571 2.0882 1.84568 1.78631 1.60222 1.49683 1.57754
threshold=0 1.0264471337233452 1.0000000180025095e-35 1.0000000180025095e-35 1 1.0000000180025095e-35 0.50361592300952374 0.72497800467145923 1.0000000180025095e-35 1.4368553152526682 0.74651220879099955 2 3.485125 1.0179578550006412 1.0000000180025095e-35 1.0000000180025095e-35 0.69157279007383188 3.485125 1.4758333333333338 0.64337206274225478 3 2032.5000000000002 7925.8422996965101
decision_type=1 2 2 2 1 2 2 2 2 2 2 1 2 2 2 2 2 2 2 2 1 2 2
left_child=3 2 6 7 -3 8 -2 -1 -6 17 -4 12 19 14 -9 -12 18 -10 -13 -8 -17 22 -20
right_child=1 4 10 -5 5 -7 11 13 9 -11 15 16 -14 -15 -16 20 -18 -19 21 -21 -22 -23 -24
leaf_value=-0.020064900734669513 -0.019255758987790497 0.10231929106251214 -0.022015756560069662 -0.042627638714104958 0.089126840625158021 -0.0014378362949226788 0.008268031046606894 0.0021244901758879389 0.01014305579842345 0.051643787146561065 0.0022264608057590784 5.7223875270295824e-06 -0.0023435714082141955 -0.0025935879109399321 -0.0071987344767925681 -0.004082711276366835 0.00076350171894302716 -0.00036525858971621085 0.0021146724627471802 0.028605182967708909 -0.010355258830053749 -0.0070714112388148287 -0.0098208095961360049
leaf_weight=130 84 252 164 307 103 388 28 35 543 86 51 72 26 366 236 140 698 97 26 134 165 45 23
leaf_count=130 84 252 164 307 103 388 28 35 543 86 51 72 26 366 236 140 698 97 26 134 165 45 23
internal_value=-0.00205406 0.00209729 -0.00326087 -0.0140221 0.0081518 0.00556235 0.000484155 -0.00981095 0.00931846 0.00730028 -0.0114423 0.0019962 0.00984848 -0.00694662 -0.0111624 -0.00744382 0.000171625 0.00546875 -0.0060241 0.0132716 -0.00942623 -0.0106383 -0.00459184
internal_weight=4199 3125 1656 1074 1469 1217 1136 767 829 726 520 1052 188 637 271 356 864 640 166 162 305 94 49
internal_count=4199 3125 1656 1074 1469 1217 1136 767 829 726 520 1052 188 637 271 356 864 640 166 162 305 94 49
cat_boundaries=0 1 2 3 4
cat_threshold=65 4 4 140
is_linear=0
shrinkage=0.05


Tree=48
num_leaves=24
num_cat=5
split_feature=0 5 4 4 4 5 5 0 16 5 5 0 0 16 16 5 5 16 14 16 0 5 16
split_gain=81.5094 37.2972 21.4665 18.6394 15.2571 11.6541 11.1655 7.96699 9.60083 7.32288 6.82252 6.25881 3.92654 3.77552 3.0371 2.80331 2.6267 2.5321 2.28786 2.0402 1.74367 1.73705 1.94959
threshold=0 1.0264471337233452 1.0000000180025095e-35 1.0000000180025095e-35 1.0000000180025095e-35 0.50361592300952374 0.73058996066088322 1 1.0000000180025095e-35 1.4368553152526682 0.74651220879099955 2 3 2.1729166666666671 1.0000000180025095e-35 1.3310264847438595 0.69157279007383188 3.485125 11568.323244218222 3.485125 4 1.0264471337233452 1.0000000180025095e-35
decision_type=1 2 2 2 2 2 2 1 2 2 2 1 1 2 2 2 2 2 2 2 1 2 2
left_child=2 3 6 5 7 -2 -1 -3 -9 19 -5 17 15 21 -12 -6 -13 -7 -18 -10 -16 22 -8
right_child=1 4 -4 10 12 11 13 8 9 -11 14 16 -14 -15 20 -17 18 -19 -20 -21 -22 -23 -24
leaf_value=-0.018754262383441023 -0.018292971038400965 0.1270907526872451 -0.040496256778399714 -0.020914968732066178 0.0017029861877757902 0.025370416645001639 0.0017944855307055363 0.084670498593900148 0.0096359030085023008 0.049061597789233025 0.0021151377654711201 -0.0052266582180400369 -0.0018361101979412764 -0.0074818042130539338 -0.0038785757125484824 0.028651608519460761 0.012491109501634413 -0.0022263928378035039 0.00027083006347461414 -0.00034699566023039808 -0.0098374958885510521 -0.00092286590557888459 -0.005731277137397895
leaf_weight=135 84 166 307 164 134 162 36 103 543 86 51 166 301 173 140 39 55 26 643 97 165 262 161
leaf_count=135 84 166 307 164 134 162 36 103 543 86 51 166 301 173 140 39 55 26 643 97 165 262 161
internal_value=-0.00188735 0.00220893 -0.0136993 -0.00292874 0.00801566 0.000660211 -0.00935463 0.0115327 0.00914779 0.0072314 -0.0107692 0.00209125 0.000632911 -0.00656646 -0.00688202 0.00642077 0.000228833 0.010101 0.00157593 0.00539063 -0.00877049 -0.0041939 -0.00774112
internal_weight=4199 3125 1074 1656 1469 1136 767 995 829 726 520 1052 474 632 356 173 864 188 698 640 305 459 197
internal_count=4199 3125 1074 1656 1469 1136 767 995 829 726 520 1052 474 632 356 173 864 188 698 640 305 459 197
cat_boundaries=0 1 2 3 4 5
cat_threshold=65 4 4 36 140
is_linear=0
shrinkage=0.05


Tree=49
num_leaves=24
num_cat=4
split_feature=0 5 4 4 4 5 0 5 21 5 0 5 5 5 0 5 21 5 21 21 9 9 5
split_gain=77.4165 35.4809 22.5532 20.624 12.6374 11.201 10.6123 8.7656 8.70088 7.86553 7.43125 4.98567 4.39456 3.68553 3.17258 2.90959 3.03543 2.72674 2.65495 2.62464 1.97633 2.13475 1.95134
threshold=0 0.84175118767219159 1.0000000180025095e-35 1.0000000180025095e-35 1.0000000180025095e-35 0.73058996066088322 1 1.449774343129308 1.0000000180025095e-35 0.50361592300952374 2 0.97590027831923531 1.2026241249255898 1.0719064968597067 3 1.0179578550006412 1.0000000180025095e-35 0.62850798343534187 1.0000000180025095e-35 1.0000000180025095e-35 68216.770672454659 21886.336938882338 0.60620533040346569
decision_type=1 2 2 2 2 2 1 2 2 2 1 2 2 2 1 2 2 2 2 2 2 2 2
left_child=2 4 5 6 9 -1 13 8 11 -2 12 -8 -5 -3 19 16 -7 -6 -19 -11 21 22 -16
right_child=1 3 -4 10 17 15 7 -9 -10 14 -12 -13 -14 -15 20 -17 -18 18 -20 -21 -22 -23 -24
leaf_value=-0.017816549264268965 -0.017378322486480913 0.023585763335094968 -0.038471443939479724 0.0053136279711494261 -0.030694520497178513 0.0019285413905582472 0.0040845086896447837 0.058770810093435794 0.0049438112861078581 0.10254095186091586 -0.002074950902612427 0.064365654084127047 0.061518781438985572 0.13631762814953077 -0.006363653519910595 -0.0021522502301471571 -0.0064351458260031302 0.0028936207109105717 -0.011488323550736769 0.002559341879866828 -0.007998207463342899 0.0015611857016132103 -0.0010185436734719388
leaf_weight=135 84 122 307 73 81 35 45 95 1017 20 605 106 48 136 50 366 231 25 162 154 21 70 211
leaf_count=135 84 122 307 73 81 35 45 95 1017 20 605 106 48 136 50 366 231 25 162 154 21 70 211
internal_value=-0.00191117 0.00208134 -0.0134225 0.00541834 -0.00643508 -0.00896349 0.00872781 0.0066575 0.00552226 -0.00245902 -0.00151515 0.0167219 0.00935115 0.0179104 -0.000190114 -0.00617089 -0.0101504 -0.0154851 -0.0121658 0.00516304 -0.00290055 -0.00203927 -0.00411877
internal_weight=4199 3125 1074 2247 878 767 1521 1263 1168 610 726 151 121 258 526 632 266 268 187 174 352 331 261
internal_count=4199 3125 1074 2247 878 767 1521 1263 1168 610 726 151 121 258 526 632 266 268 187 174 352 331 261
cat_boundaries=0 1 2 3 4
cat_threshold=65 4 4 132
is_linear=0
shrinkage=0.05


Tree=50
num_leaves=24
num_cat=4
split_feature=0 5 4 4 4 5 5 16 0 5 5 0 0 16 16 16 5 14 16 5 16 16 16
split_gain=72.6531 36.1313 23.6668 16.326 13.7935 10.61 9.59782 8.70959 9.1099 7.29829 7.05443 5.56607 3.99022 3.55043 3.2763 3.09704 2.24172 2.27804 2.23036 1.98193 1.93455 1.92191 1.88128
threshold=0 1.0294041024118206 1.0000000180025095e-35 1.0000000180025095e-35 1.0000000180025095e-35 0.73058996066088322 0.50361592300952374 1.0000000180025095e-35 1 0.74651220879099955 1.5137990806277084 2 3 3.485125 3.485125 1.0000000180025095e-35 0.71654816570429147 11568.323244218222 3.485125 1.0264471337233452 1.0000000180025095e-35 1.0000000180025095e-35 3.485125
decision_type=1 2 2 2 2 2 2 2 1 2 2 1 1 2 2 2 2 2 2 2 2 2 2
left_child=2 3 5 6 7 -1 -2 -3 -9 -5 18 13 -6 20 19 -11 -13 -18 -10 21 -8 -7 -17
right_child=1 4 -4 9 12 14 11 8 10 15 -12 16 -14 -15 -16 22 17 -19 -20 -21 -22 -23 -24
leaf_value=-0.016925721801055515 -0.016509406362156864 0.085288772384468997 -0.036547871742505733 -0.01892290320227636 0.0094857365866929388 0.001608334184642346 0.20105113153330556 0.10952990477456473 0.0097086718209383974 0.002198343818059867 0.060835259861513613 -0.0045877631257243761 -0.0017075782879460101 -0.0022430402899066503 -0.0080860479047247368 -0.0046974751536896231 0.012081882911673914 0.00023452338122782469 -0.00050797536354552086 -0.0010486471140299437 0.01677957985044216 -0.0052693303112727463 -0.012480455527864587
leaf_weight=135 84 118 307 164 149 36 25 149 563 52 54 197 322 26 101 256 51 621 104 304 139 191 51
leaf_count=135 84 118 307 164 149 36 25 149 563 52 54 197 322 26 101 256 51 621 104 304 139 191 51
internal_value=-0.00199452 0.001874 -0.0131458 -0.00315126 0.00762509 -0.00857236 0.00019685 0.0109818 0.00925287 -0.0104685 0.00660055 0.00148725 0.000583864 0.009 -0.00585443 -0.00647632 -0.000255973 0.00111607 0.00528486 -0.00428437 0.0121951 -0.00781938 -0.00838762
internal_weight=4199 3125 1074 1666 1459 767 1143 988 870 523 721 1059 471 190 632 359 869 672 667 531 164 227 307
internal_count=4199 3125 1074 1666 1459 767 1143 988 870 523 721 1059 471 190 632 359 869 672 667 531 164 227 307
cat_boundaries=0 1 2 3 4
cat_threshold=65 4 4 6
is_linear=0
shrinkage=0.05


Tree=51
num_leaves=24
num_cat=3
split_feature=0 5 4 4 0 4 5 5 16 5 5 0 16 5 16 16 14 5 16 16 5 5 16
split_gain=70.7271 33.7856 24.4241 15.3056 13.5127 10.912 10.428 8.99275 8.85506 7.42837 6.53784 6.10842 3.92491 3.43351 3.20428 2.87193 2.15147 2.11943 2.08373 1.93864 1.88303 1.86405 1.71001
threshold=0 1.0294041024118206 1.0000000180025095e-35 1.0000000180025095e-35 1 1.0000000180025095e-35 0.73058996066088322 0.42540951297941754 1.0000000180025095e-35 0.74651220879099955 1.5137990806277084 2 3.485125 0.69157279007383188 2.1729166666666671 1.0000000180025095e-35 11568.323244218222 1.0816180947461709 3.485125 1.0000000180025095e-35 1.3153449239505515 0.9444895548775013 1.0000000180025095e-35
decision_type=1 2 2 2 1 2 2 2 2 2 2 1 2 2 2 2 2 2 2 2 2 2 2
left_child=2 3 6 7 17 8 -1 -2 -6 -5 18 12 19 -13 -8 -11 -15 -3 20 -9 -10 -16 -18
right_child=1 4 -4 9 5 -7 14 11 10 15 -12 13 -14 16 21 -17 22 -19 -20 -21 -22 -23 -24
leaf_value=-0.016079435711002742 -0.023600838249751968 0.044352113832273644 -0.034720478155380451 -0.01797675804216254 0.072954252340775308 -0.0012522594330007242 -0.0025004790864136873 0.19099857495664027 0.0058327003719423681 0.0020884266271568698 0.057793496868437932 -0.0049908738394884855 -0.0031237874263135182 0.011134492786975692 -0.010128284586725211 -0.0059688447047409722 0.007808304962988899 0.10003251519410759 -0.00048257659536825597 0.015520540335426158 0.018821545478121204 -0.0056774039608905591 -0.00033952321068890794
leaf_weight=135 45 42 307 164 103 386 459 25 433 52 54 195 29 55 48 307 85 207 104 146 130 125 563
leaf_count=135 45 42 307 164 103 386 459 25 433 52 54 195 29 55 48 307 85 207 104 146 130 125 563
internal_value=-0.0019588 0.00185805 -0.0129613 -0.0030012 0.00741947 0.00508197 -0.0083116 0.000240595 0.00837379 -0.010086 0.0064147 0.00113843 0.00880952 -0.000660793 -0.00561709 -0.0060585 0.000960171 0.0178571 0.00505997 0.0121345 0.0062611 -0.0114162 0.000154321
internal_weight=4199 3125 1074 1666 1459 1210 767 1143 824 523 721 1098 200 898 632 359 703 249 667 171 563 173 648
internal_count=4199 3125 1074 1666 1459 1210 767 1143 824 523 721 1098 200 898 632 359 703 249 667 171 563 173 648
cat_boundaries=0 1 2 3
cat_threshold=65 4 4
is_linear=0
shrinkage=0.05


Tree=52
num_leaves=24
num_cat=3
split_feature=0 5 4 4 0 5 4 5 5 16 5 0 16 16 16 5 5 4 16 16 16 15 9
split_gain=66.0295 30.8961 25.5824 15.3179 12.8117 9.27157 9.25281 8.5233 7.1208 6.89248 6.09583 5.01641 3.76644 3.14273 2.87992 2.67786 2.46674 3.77175 2.24949 2.13267 1.67808 1.727 2.47633
threshold=0 1.0367651859622036 1.0000000180025095e-35 1.0000000180025095e-35 1 0.73058996066088322 1.0000000180025095e-35 0.60124670721575979 0.74651220879099955 1.0000000180025095e-35 1.5137990806277084 2 3.485125 1.0000000180025095e-35 3.485125 0.42540951297941754 1.1704710721111968 1.0000000180025095e-35 1.4758333333333338 3.485125 3.485125 91.749782985791924 12231.723693714233
decision_type=1 2 2 2 1 2 2 2 2 2 2 1 2 2 2 2 2 2 2 2 2 2 2
left_child=2 3 5 7 16 -1 9 15 -5 -6 18 12 -9 -10 -7 -2 17 -3 -11 -13 21 22 -8
right_child=1 4 -4 8 6 14 20 11 13 10 -12 19 -14 -15 -16 -17 -18 -19 -20 -21 -22 -23 -24
leaf_value=-0.015275463925452605 -0.022420796337264372 0.058179352777160756 -0.032984454247611421 -0.017077920140054409 0.06937003987661923 -0.0025897408105880928 -0.00032447629972744976 0.022824900891133294 0.0020692206915307264 0.013797406346799247 0.054903822025016029 0.0011055929762660566 -0.0019746989040956286 -0.0056704024695039216 -0.0073978753114439799 -0.0047413301475140559 0.11494704045733505 -0.0040072726189261942 0.0036350598800430458 -0.0037365884171102651 -0.0051909049333146665 -0.0028965702997347021 0.0026658121151856618
leaf_weight=135 45 72 307 164 101 531 165 150 53 159 54 702 24 317 101 123 144 28 490 122 53 114 45
leaf_count=135 45 72 307 164 101 531 165 150 53 159 54 702 24 317 101 123 144 28 490 122 53 114 45
internal_value=-0.00205406 0.00163477 -0.0126845 -0.00291176 0.00707018 -0.00792047 0.0047649 0.000300172 -0.00992509 0.00783582 0.00608108 0.00205411 0.00951087 -0.00608108 -0.00537975 -0.010119 0.0173228 0.012 0.00473806 0.000359712 -0.00165782 -0.000308642 0.00238095
internal_weight=4199 3125 1074 1700 1425 767 1181 1166 534 804 703 998 174 370 632 168 244 100 649 824 377 324 210
internal_count=4199 3125 1074 1700 1425 767 1181 1166 534 804 703 998 174 370 632 168 244 100 649 824 377 324 210
cat_boundaries=0 1 2 3
cat_threshold=65 4 4
is_linear=0
shrinkage=0.05


Tree=53
num_leaves=24
num_cat=3
split_feature=0 5 4 0 4 4 5 5 5 5 16 0 16 5 16 16 5 17 5 16 16 4 16
split_gain=63.1453 28.3848 25.9745 15.7601 12.4267 11.2308 9.47594 7.9983 6.36422 5.60773 5.52865 3.98918 3.80118 3.28369 2.99072 2.70443 2.65745 2.43753 2.34844 2.6471 2.26206 2.1772 2.09498
threshold=0 0.84175118767219159 1.0000000180025095e-35 1 1.0000000180025095e-35 1.0000000180025095e-35 0.73058996066088322 1.3466728658495071 0.42540951297941754 1.0871140789853733 1.0000000180025095e-35 2 2.1729166666666671 0.62850798343534187 1.0000000180025095e-35 2.1729166666666671 0.97590027831923531 74.884166666666673 1.5720523221415739 1.4758333333333338 1.0000000180025095e-35 1.0000000180025095e-35 3.485125
decision_type=1 2 2 1 2 2 2 2 2 2 2 1 2 2 2 2 2 2 2 2 2 2 2
left_child=2 5 6 9 7 8 -1 10 -2 12 16 -10 20 -7 -15 -8 -5 -6 19 -9 -3 -11 -12
right_child=1 3 -4 4 17 13 15 18 11 21 22 -13 -14 14 -16 -17 -18 -19 -20 -21 -22 -23 -24
leaf_value=-0.014511690729179972 -0.021299756520401149 0.25035379664940971 -0.031335231535230851 0.0034228621891383873 -0.00022679504380231921 -0.026460915403094944 -0.0022459680915635884 0.04036172040905435 0.012457196801279147 0.1143048249174675 0.0042654606833722134 -0.0019940357540566334 -0.0039703203978656452 0.002539027658645865 -0.0097689156158122792 -0.0057278903522481441 0.045165753431641781 -0.0036058198442295744 0.082320347895687596 0.015119547649222742 0.014320164569825345 0.037372537930413598 -0.0010815379706503147
leaf_weight=135 45 26 307 45 343 81 459 56 106 130 763 459 47 25 162 173 94 262 40 119 103 73 146
leaf_count=135 45 26 307 45 343 81 459 56 106 130 763 459 47 25 162 173 94 262 40 119 103 73 146
internal_value=-0.00219695 0.00141148 -0.0125923 0.00439475 0.00244941 -0.00620729 -0.00779009 0.00528504 -0.00245902 0.0135604 0.00348282 -0.0010177 0.00738636 -0.0147388 -0.0110963 -0.00522152 0.0127698 -0.00342975 0.0140698 0.0115714 0.0118217 0.0195813 0.00206271
internal_weight=4199 3125 1074 2247 1868 878 767 1263 610 379 1048 565 176 268 187 632 139 605 215 175 129 203 909
internal_count=4199 3125 1074 2247 1868 878 767 1263 610 379 1048 565 176 268 187 632 139 605 215 175 129 203 909
cat_boundaries=0 1 2 3
cat_threshold=65 4 4
is_linear=0
shrinkage=0.05


Tree=54
num_leaves=24
num_cat=3
split_feature=0 5 4 4 0 5 5 16 5 5 0 4 16 16 4 5 4 5 16 5 5 5 16
split_gain=61.3506 28.0816 26.7675 14.4954 11.8737 9.89137 8.95776 7.97618 7.12442 4.90524 4.80642 4.31663 3.99784 3.91929 3.17919 3.7457 2.94117 2.5273 2.5091 2.47172 2.14939 2.03114 2.03008
threshold=0 1.0527453708314882 1.0000000180025095e-35 1.0000000180025095e-35 1 0.73058996066088322 0.60124670721575979 1.4758333333333338 0.62850798343534187 1.6204724967474646 2 1.0000000180025095e-35 3.485125 1.0000000180025095e-35 1.0000000180025095e-35 1.2026241249255898 1.0000000180025095e-35 0.42540951297941754 3.485125 1.1625859542886614 1.3834267317466862 0.82727239353578796 1.0000000180025095e-35
decision_type=1 2 2 2 1 2 2 2 2 2 1 2 2 2 2 2 2 2 2 2 2 2 2
left_child=2 3 5 6 14 -1 17 11 -5 16 12 19 22 -10 -3 -16 20 -2 -7 -6 -9 -15 -8
right_child=1 4 -4 8 7 18 10 9 13 -11 -12 -13 -14 21 15 -17 -18 -19 -20 -21 -22 -23 -24
leaf_value=-0.01378610619272097 -0.020234768694381101 0.097764184987043035 -0.02976846995846931 -0.025137869632940204 0.013748339226900309 -0.0023479553654805144 0.20289678605461986 0.0025521179265022734 0.0018066686176808845 0.036209170254197835 0.00030866592876076519 0.00077590972398546845 -0.003491722949856957 -0.0096472344165770899 -0.0022955640354551665 0.045350950858608741 -0.0024865021366459409 -0.0044045618524355401 -0.0067415870282593778 0.038837754765416982 0.018926327359677766 -0.0039838643479948371 0.014808625574382407
leaf_weight=135 45 150 307 81 89 531 27 398 67 33 870 119 25 139 34 48 228 123 101 163 87 266 133
leaf_count=135 45 150 307 81 89 531 27 398 67 33 870 119 25 139 34 48 228 123 101 163 87 266 133
internal_value=-0.00216123 0.00139553 -0.0124077 -0.00273086 0.0068384 -0.00752934 0.000306623 0.00454747 -0.00944846 0.00160858 0.00201422 0.0105795 0.00910256 -0.00709746 0.0169421 0.0097561 0.000736325 -0.0104167 -0.00490506 0.0142857 0.00293814 -0.00895062 0.0125
internal_weight=4199 3125 1074 1776 1349 767 1223 1117 553 746 1055 371 185 472 232 82 713 168 632 252 485 405 160
internal_count=4199 3125 1074 1776 1349 767 1223 1117 553 746 1055 371 185 472 232 82 713 168 632 252 485 405 160
cat_boundaries=0 1 2 3
cat_threshold=65 4 4
is_linear=0
shrinkage=0.05


Tree=55
num_leaves=24
num_cat=3
split_feature=0 4 5 0 4 4 5 5 5 5 16 16 0 5 4 16 5 5 5 16 16 17 7
split_gain=60.1439 27.5725 26.5339 14.6794 10.5186 9.79442 9.13357 7.73033 6.48004 6.06966 5.44154 4.77662 3.82898 3.73534 3.24255 2.70007 2.5845 2.55256 2.46956 2.46067 2.44148 2.13448 1.89331
threshold=0 1.0000000180025095e-35 0.84175118767219159 1 1.0000000180025095e-35 1.0000000180025095e-35 0.73058996066088322 1.3466728658495071 0.42540951297941754 1.1523394282416142 1.0000000180025095e-35 3.485125 2 0.62850798343534187 1.0000000180025095e-35 1.0000000180025095e-35 1.4854173152328105 1.5720523221415739 0.97590027831923531 1.4758333333333338 3.485125 73.879583333333343 1.0000000180025095e-35
decision_type=1 2 2 1 2 2 2 2 2 2 2 2 1 2 2 2 2 2 2 2 2 2 2
left_child=1 6 4 9 8 7 -1 10 -2 11 18 14 22 -6 -4 -15 20 19 -5 -9 -8 -7 -10
right_child=2 -3 3 5 13 21 16 17 12 -11 -12 -13 -14 15 -16 -17 -18 -19 -20 -21 -22 -23 -24
leaf_value=-0.013096800883084925 -0.019223030259662058 -0.028280046460545844 0.031081643947376583 0.0032362857832434425 -0.023880976151293188 0.00010783616405172226 -0.0027060197434753521 0.036401746650330781 0.021380134150063457 0.092517874266330583 0.0025649477622703646 -0.011910715335822664 -0.0019097672627918394 0.0023217428448295331 0.0085069535557664722 -0.0088987035184467048 0.0034449097434659515 0.076393871988193321 0.042556040631168163 0.013984199703592283 -0.0066434190530323955 -0.0031086448444848981 0.0012581761484983024
leaf_weight=135 45 307 134 45 81 288 502 56 59 155 909 38 459 25 52 162 38 40 94 119 92 317 47
leaf_count=135 45 307 134 45 81 288 502 56 59 155 909 38 459 25 52 162 38 40 94 119 92 317 47
internal_value=-0.00207788 -0.0122232 0.00144338 0.00432799 -0.00592255 0.00244941 -0.00726858 0.00496833 -0.00229508 0.0131748 0.00319656 0.00825893 -0.000840708 -0.0141791 0.0115591 -0.0102941 -0.00474684 0.0136047 0.0124101 0.011 -0.00555556 -0.0027686 0.00732759
internal_weight=4199 1074 3125 2247 878 1868 767 1263 610 379 1048 224 565 268 186 187 632 215 139 175 594 605 106
internal_count=4199 1074 3125 2247 878 1868 767 1263 610 379 1048 224 565 268 186 187 632 215 139 175 594 605 106
cat_boundaries=0 1 2 3
cat_threshold=65 4 4
is_linear=0
shrinkage=0.05


Tree=56
num_leaves=24
num_cat=3
split_feature=0 5 5 0 0 16 5 16 5 16 5 5 5 16 16 16 16 15 16 16 15 2 5
split_gain=57.458 25.309 11.9926 11.0429 8.17368 7.73706 6.4916 5.13198 3.95466 3.82124 3.72273 3.05545 2.50591 2.21323 2.11482 1.95921 1.84331 2.18657 1.82667 1.65216 1.64825 2.11042 2.19863
threshold=0 1.0527453708314882 0.58440279015043262 1 2 1.4758333333333338 0.87316366926095168 1.0000000180025095e-35 0.77176796094750444 1.0000000180025095e-35 1.5720523221415739 1.1453412370221989 1.5137990806277084 1.0000000180025095e-35 3.485125 3.485125 3.485125 17.682535482637871 3.485125 3.485125 70.302322041952422 2030.5000000000002 1.3618862516084771
decision_type=1 2 2 1 1 2 2 2 2 2 2 2 2 2 2 2 2 2 2 2 2 2 2
left_child=6 2 -2 14 7 11 9 -4 19 -1 18 -5 -8 -13 -3 -9 17 -10 20 -6 -7 -22 -23
right_child=1 3 4 5 8 10 12 15 16 -11 -12 13 -14 -15 -16 -17 -18 -19 -20 -21 21 22 -24
leaf_value=-0.0024217365648774303 -0.013887302318229766 0.073247290185991784 0.19119786455452009 0.0026888539695460569 -0.0049877033186431999 0.003484984127461821 -0.0071746260466618444 0.011309642865246161 -0.0050625884485496321 -0.017438889617444744 0.028884501497432293 0.059178232124265408 0.001002195876688039 0.010472780244717095 0.029306747636378638 -0.0057350476942545471 -0.0040211935428888122 0.00018021773309875313 -0.0015653694495742167 -0.011571760372688367 0.0029323908501848297 -0.0054775246050549065 0.012264342627289837
leaf_weight=45 209 199 35 102 285 328 676 187 58 316 49 100 37 169 33 39 144 770 148 49 86 113 22
leaf_count=45 209 199 35 102 285 328 676 187 58 316 49 100 37 169 33 39 144 770 148 49 86 113 22
internal_value=-0.00203025 0.00141148 -0.00250563 0.00657895 -0.00100511 0.00437001 -0.0119465 0.00691882 -0.00262158 -0.0175208 0.00147453 0.01031 -0.00929173 0.0131041 0.0163223 0.00442478 -0.00102881 -0.000120773 0.00053802 -0.00733533 0.00186703 -0.00147059 -0.00537037
internal_weight=4199 3125 1776 1349 1567 1117 1074 261 1306 361 746 371 713 269 232 226 972 828 697 334 549 221 135
internal_count=4199 3125 1776 1349 1567 1117 1074 261 1306 361 746 371 713 269 232 226 972 828 697 334 549 221 135
cat_boundaries=0 1 2 3
cat_threshold=65 4 4
is_linear=0
shrinkage=0.05


Tree=57
num_leaves=24
num_cat=4
split_feature=0 4 5 4 0 4 5 5 5 16 5 5 5 16 0 16 0 5 5 5 16 16 16
split_gain=52.4016 31.3426 23.5846 14.1158 10.0018 9.97042 9.50237 7.45819 5.89534 5.07924 4.78368 3.19437 3.15769 3.06225 2.95831 2.94051 2.88442 3.39616 2.50188 2.11709 2.46067 1.95884 1.65001
threshold=0 1.0000000180025095e-35 0.84175118767219159 1.0000000180025095e-35 1 1.0000000180025095e-35 0.64827296193767847 1.3466728658495071 0.46620033734366129 1.0000000180025095e-35 1.0758755085164153 0.62850798343534187 0.98375327317343808 3.485125 2 1.0000000180025095e-35 3 1.2393793021592654 1.1498103798023716 1.5720523221415739 1.4758333333333338 1.0000000180025095e-35 3.485125
decision_type=1 2 2 2 1 2 2 2 2 2 2 2 2 2 1 2 1 2 2 2 2 2 2
left_child=1 6 5 4 10 8 -1 9 -2 18 -4 -7 15 14 -10 -8 17 -5 -6 20 -9 -13 -11
right_child=2 -3 3 16 7 11 12 19 13 22 -12 21 -14 -15 -16 -17 -18 -19 -20 -21 -22 -23 -24
leaf_value=-0.017864895618120737 -0.014709823699563441 -0.026014923007933483 0.015365728747170505 -0.0022082701594792198 0.0088663956057857263 -0.022149223423888777 0.0026943085478556175 0.034058020305578411 0.005888334735831946 0.0036123864200056756 0.095236796730767112 0.0024550408685202196 -0.0011797137348612098 -0.0053526032422759225 -0.00085001271546314427 -0.0049726326311784093 -0.001717824397403911 0.0349458257143044 0.054875197011384637 0.071129953313912031 0.013138370175903448 -0.0083496347113106995 -0.001183753047622771
leaf_weight=75 64 307 123 78 89 81 39 56 157 763 135 25 405 68 321 248 605 43 50 40 119 162 146
leaf_count=75 64 307 123 78 89 81 39 56 157 763 135 25 405 68 321 248 605 43 50 40 119 162 146
internal_value=-0.00192308 -0.011393 0.00136364 0.00408322 0.00682117 -0.00558087 -0.00609518 0.00485075 -0.00204918 0.00314885 0.0156716 -0.0136194 -0.00426301 -0.0003663 0.00104603 -0.00827526 -0.00165289 0.00515267 0.0120504 0.0133721 0.011 -0.0100267 0.00178768
internal_weight=4199 1074 3125 2247 1521 878 767 1263 610 1048 258 268 692 546 478 287 726 121 139 215 175 187 909
internal_count=4199 1074 3125 2247 1521 878 767 1263 610 1048 258 268 692 546 478 287 726 121 139 215 175 187 909
cat_boundaries=0 1 2 3 4
cat_threshold=65 4 132 4
is_linear=0
shrinkage=0.05


Tree=58
num_leaves=24
num_cat=4
split_feature=0 4 5 4 4 5 0 5 5 5 16 5 5 16 16 16 0 16 0 5 5 16 9
split_gain=50.2363 30.4846 21.9712 12.7181 9.79096 9.5758 9.15613 7.13128 5.96285 4.83454 4.54529 3.33969 2.99924 2.90691 2.86078 2.67802 2.64034 2.53495 2.44724 2.47857 2.2804 2.20251 2.05278
threshold=0 1.0000000180025095e-35 0.84175118767219159 1.0000000180025095e-35 1.0000000180025095e-35 0.64827296193767847 1 1.3466728658495071 0.46620033734366129 1.0758755085164153 1.0000000180025095e-35 0.62850798343534187 0.98375327317343808 3.485125 1.0000000180025095e-35 3.485125 2 2.1729166666666671 3 1.2393793021592654 1.5935673327094293 1.4758333333333338 15217.117856120118
decision_type=1 2 2 2 2 2 1 2 2 2 2 2 2 2 2 2 1 2 1 2 2 2 2
left_child=1 5 4 6 8 -1 9 10 -2 17 -8 -6 14 18 -7 16 -10 -4 19 22 21 -9 -5
right_child=2 -3 3 13 11 12 7 20 15 -11 -12 -13 -14 -15 -16 -17 -18 -19 -20 -21 -22 -23 -24
leaf_value=-0.016971650837214702 -0.013974332514585264 -0.02471417685753681 0.023822946166704374 -0.0047547623022232699 -0.021041762252694343 0.002559593120462833 0.01947304147716147 0.033536090961737978 0.0055939179990403438 0.090474956894228784 0.0024552013487521233 -0.0069802906399552452 -0.0011207280481181582 -0.0090489624743893323 -0.0047240009996194826 -0.0050849730801621256 -0.00080751207968998706 -0.0034832165163341425 -0.00098091429820421636 0.033877506068135242 0.070963856366375519 0.012705586670088654 0.039782350844552283
leaf_weight=75 64 307 92 45 81 39 139 57 157 135 909 187 405 100 248 68 321 31 521 38 33 125 22
leaf_count=75 64 307 92 45 81 39 139 57 157 135 909 187 405 100 248 68 321 31 521 38 33 125 22
internal_value=-0.00198261 -0.0112546 0.00123604 0.0038607 -0.00546697 -0.00602999 0.00645957 0.00457581 -0.00196721 0.0149254 0.00291031 -0.0134328 -0.00419075 -0.00158402 -0.00810105 -0.000274725 0.00104603 0.00833333 -0.000319489 0.00630435 0.012907 0.0107143 0.0011194
internal_weight=4199 1074 3125 2247 878 767 1521 1263 610 258 1048 268 692 726 287 546 478 123 626 105 215 182 67
internal_count=4199 1074 3125 2247 878 767 1521 1263 610 258 1048 268 692 726 287 546 478 123 626 105 215 182 67
cat_boundaries=0 1 2 3 4
cat_threshold=65 4 132 4
is_linear=0
shrinkage=0.05


Tree=59
num_leaves=24
num_cat=0
split_feature=4 5 5 5 16 5 16 16 16 5 5 5 16 14 14 5 5 5 15 5 5 7 5
split_gain=39.8169 20.9893 10.4325 8.66201 7.49078 5.75538 4.48756 4.11361 3.14981 2.74005 2.67309 2.05411 1.915 2.06803 1.93792 1.83833 1.81857 1.54892 1.49068 1.48832 1.46306 1.46381 1.40448
threshold=1.0000000180025095e-35 0.97590027831923531 0.77583830786226704 0.50361592300952374 1.0000000180025095e-35 1.6631307399525419 1.0000000180025095e-35 3.485125 1.0000000180025095e-35 0.68614658175646159 1.1813853759944195 1.0566613915605825 3.485125 13131.829027744772 23323.627465377227 1.304185265331794 1.2393793021592654 0.8683379809646673 24.812388260590357 0.86354054545950343 0.79561763026696497 1.0000000180025095e-35 0.91683600554281697
decision_type=2 2 2 2 2 2 2 2 2 2 2 2 2 2 2 2 2 2 2 2 2 2 2
left_child=1 3 -2 -1 15 7 19 11 16 18 -10 -6 13 -11 17 -3 22 -15 -8 20 21 -5 -4
right_child=2 4 8 6 5 -7 9 -9 10 12 -12 -13 -14 14 -16 -17 -18 -19 -20 -21 -22 -23 -24
leaf_value=-0.015306365258104538 -0.018562948064636854 0.024800565944001596 0.0040323629289902296 0.0063623112593667154 0.0010085767980956728 0.050045642166009444 0.0027557880093299625 -0.00163048276207598 -0.0088412851435410011 0.0068970373045911032 -0.0030592994839762078 0.0066953886341166394 -0.0033343747504838376 -0.008990505690616768 -0.00026140046413321018 0.11441490975797204 0.022065846494490705 -0.00072548590074235093 -0.007352915971018093 -0.00010484584311347689 0.019229146913668085 -0.0025633448200494736 -0.006791864453568941
leaf_weight=109 265 132 24 42 261 32 20 216 590 73 323 870 150 30 561 50 22 23 210 61 27 31 77
leaf_count=109 265 132 24 42 261 32 20 216 590 73 323 870 150 30 561 50 22 23 210 61 27 31 77
internal_value=-0.00189926 0.00136301 -0.00916603 -0.00323485 0.00530109 0.00404278 -0.00203583 0.00354491 -0.00690154 -0.00320993 -0.00791347 0.00475243 -0.00188172 -0.000764192 -0.0017101 0.0148352 0.000609756 -0.0108491 -0.00804348 0.00574534 0.0095 0.00582192 -0.00222772
internal_weight=4199 2898 1301 1337 1561 1379 1228 1347 1036 1067 913 1131 837 687 614 182 123 53 230 161 100 73 101
internal_count=4199 2898 1301 1337 1561 1379 1228 1347 1036 1067 913 1131 837 687 614 182 123 53 230 161 100 73 101
is_linear=0
shrinkage=0.05


Tree=60
num_leaves=24
num_cat=4
split_feature=0 4 5 5 0 5 0 4 16 16 4 5 5 5 4 16 4 17 5 4 4 14 1
split_gain=48.7788 30.0604 20.0159 11.4202 8.5206 7.68595 7.21638 5.59905 5.59415 5.25923 4.046 3.71201 3.58296 3.39829 3.25574 3.06763 2.53333 2.35833 2.29479 2.09671 2.08803 2.00074 1.85346
threshold=0 1.0000000180025095e-35 1.1606751215755724 0.64337206274225478 1 0.6732881902594493 2 1.0000000180025095e-35 1.0000000180025095e-35 1.4758333333333338 1.0000000180025095e-35 0.42540951297941754 0.77176796094750444 1.6631307399525419 1.0000000180025095e-35 3.485125 1.0000000180025095e-35 73.879583333333343 1.4854173152328105 1.0000000180025095e-35 1.0000000180025095e-35 80163.209643722032 3
decision_type=1 2 2 2 1 2 1 2 2 2 2 2 2 2 2 2 2 2 2 2 2 2 1
left_child=1 5 3 10 8 -1 16 17 -5 14 11 -2 -9 20 -8 19 -4 -6 -7 -10 21 22 -11
right_child=2 -3 6 4 7 18 9 12 15 13 -12 -13 -14 -15 -16 -17 -18 -19 -20 -21 -22 -23 -24
leaf_value=-0.013856948026511808 -0.015367987557154784 -0.022550320611428122 0.11554641718573962 0.19344433867187064 0.0034431534436438985 -0.0028856394270153629 0.031618489651267477 -0.0087315501097833589 0.016217438884428705 0.016153359041617056 -0.016815210795942972 -0.0031088809796240516 -0.0021666107852471141 0.035482188420538123 0.00078701618297949416 -0.010782264976602529 0.026662622765842858 -0.00077765104317690798 0.0032109539048062021 0.0016961691644136634 -0.0026583579805298575 -0.00069871974694508683 0.0041715276478010216
leaf_weight=87 45 307 95 41 472 642 166 88 164 61 87 183 432 24 77 50 57 598 38 64 154 140 127
leaf_count=87 45 307 95 41 472 642 166 88 164 61 87 183 432 24 77 50 57 598 38 64 154 140 127
internal_value=-0.00188735 -0.011024 0.00128389 -0.00125899 0.000196438 -0.00583442 0.00757492 -0.0013125 0.0075228 0.00530303 -0.0100794 -0.00657895 -0.00557692 0.00247036 0.0114198 0.00521583 0.017284 0.000747664 -0.00404412 0.00767544 0.00155602 0.00381098 0.00718085
internal_weight=4199 1074 3125 2224 1909 767 901 1590 319 749 315 228 520 506 243 278 152 1070 680 228 482 328 188
internal_count=4199 1074 3125 2224 1909 767 901 1590 319 749 315 228 520 506 243 278 152 1070 680 228 482 328 188
cat_boundaries=0 1 2 3 4
cat_threshold=65 4 4 1
is_linear=0
shrinkage=0.05


Tree=61
num_leaves=24
num_cat=2
split_feature=0 4 0 5 5 4 5 5 16 4 5 16 16 5 4 16 16 4 5 5 16 5 15
split_gain=45.7467 29.8498 18.772 20.8381 7.42209 6.80504 6.38122 6.24424 7.10836 6.17967 6.0107 3.86044 2.50012 2.30784 2.30255 2.15243 1.92934 1.83694 2.04732 1.82218 1.78512 1.77779 1.67502
threshold=0 1.0000000180025095e-35 1 0.77583830786226704 0.62850798343534187 1.0000000180025095e-35 1.3466728658495071 1.1523394282416142 1.0000000180025095e-35 1.0000000180025095e-35 0.42540951297941754 1.0000000180025095e-35 3.485125 1.4854173152328105 1.0000000180025095e-35 1.0000000180025095e-35 3.485125 1.0000000180025095e-35 1.0942162355239466 1.5935673327094293 3.485125 0.97590027831923531 22.754466787808642
decision_type=1 2 1 2 2 2 2 2 2 2 2 2 2 2 2 2 2 2 2 2 2 2 2
left_child=1 4 7 9 -1 6 11 8 -2 10 -4 21 17 16 -9 -8 -6 18 -10 -17 -7 -5 -12
right_child=2 -3 3 5 13 20 15 14 12 -11 22 -13 -14 -15 -16 19 -18 -19 -20 -21 -22 -23 -24
leaf_value=-0.016263831168972554 0.17425266632529626 -0.021422804580856714 -0.015069508222487538 0.0031477372835134079 -0.0023319223134009802 -0.00069088236280039354 0.12499724327255689 0.10319299510793307 0.0091520756622108564 -0.010656720497916973 0.0022144748297760141 0.0014436692080645797 -0.0090043957587747411 0.0030504062095658814 0.025125569491243827 0.011124579657160939 -0.0053727772232581962 -0.0011114114447239533 0.034826984008527399 0.058223757200572629 -0.007102126323345415 0.033941464398012135 -0.0031102582097296549
leaf_weight=64 45 307 37 61 564 572 26 97 179 160 29 1040 57 38 58 161 101 80 22 28 96 94 283
leaf_count=64 45 307 37 61 564 572 26 97 179 160 29 1040 57 38 58 161 101 80 22 28 96 94 283
internal_value=-0.00189926 -0.0107472 0.00117225 -0.000606469 -0.00557366 0.00161213 0.00358156 0.00958029 0.00633159 -0.00967583 -0.00594556 0.00215481 0.00384615 -0.00408962 0.0182258 0.0115116 -0.00477444 0.00578292 0.00833333 0.00965608 -0.00254491 0.00951613 -0.0036859
internal_weight=4199 1074 3125 2587 767 2078 1410 538 383 509 349 1195 338 703 155 215 665 281 201 189 668 155 312
internal_count=4199 1074 3125 2587 767 2078 1410 538 383 509 349 1195 338 703 155 215 665 281 201 189 668 155 312
cat_boundaries=0 1 2
cat_threshold=65 4
is_linear=0
shrinkage=0.05


Tree=62
num_leaves=24
num_cat=2
split_feature=0 4 0 5 5 4 17 5 5 4 5 17 4 5 5 17 17 5 17 15 15 14 9
split_gain=45.0995 29.6399 17.5297 18.6443 6.47126 6.40727 6.11466 6.72343 5.95646 5.18523 5.1798 4.67476 4.0302 2.79978 2.14709 3.04428 1.93213 1.64207 1.61117 1.44174 3.02528 1.55661 1.39918
threshold=0 1.0000000180025095e-35 1 0.74252791977159271 0.59363815052548841 1.0000000180025095e-35 1.0000000180025095e-35 1.0942162355239466 1.449774343129308 1.0000000180025095e-35 0.42540951297941754 1.0000000180025095e-35 1.0000000180025095e-35 1.1625859542886614 0.98375327317343808 1.0000000180025095e-35 82.258750000000006 0.92432712047662835 82.258750000000006 79.177087869923426 53.616115913572237 68481.894462698969 10564.558614418995
decision_type=1 2 1 2 2 2 2 2 2 2 2 2 2 2 2 2 2 2 2 2 2 2 2
left_child=1 4 6 9 -1 8 -2 18 11 10 -4 13 -9 -5 15 -6 -13 -7 -8 20 22 -21 -16
right_child=2 -3 3 5 14 17 7 12 -10 -11 -12 16 -14 -15 19 -17 -18 -19 -20 21 -22 -23 -24
leaf_value=-0.016648056184624904 0.21008976282691849 -0.020351664351813879 -0.014316032811363157 0.0060442532505412322 0.0022883046697760091 -0.0045651606283672267 0.0076498862112999617 0.074679469003127788 0.035294479933126337 -0.010849282881596513 -0.0030110971334976091 0.0025956891823336382 0.018838583208582539 0.063996995376324417 0.00094326690380959206 -0.0045383638731394393 -0.0018356449763706206 -0.00073787536113256724 -0.0075637497768826778 0.005044341484545245 -0.0068843197504149245 -0.00027279461695077777 -0.0063285894023455084
leaf_weight=53 58 307 37 122 41 167 248 119 95 135 260 1004 63 51 143 268 190 526 50 31 70 128 33
leaf_count=53 58 307 37 122 41 167 248 119 95 135 260 1004 63 51 143 268 190 526 50 31 70 128 33
internal_value=-0.00168492 -0.0104705 0.00136364 -0.00035618 -0.00531291 0.00154292 0.00948905 0.0078125 0.00341997 -0.00983796 -0.00614478 0.00257864 0.0153846 0.0102601 -0.00406162 -0.00720065 0.00146566 -0.00241703 0.00318792 -0.00166667 -0.00406504 0.00204403 -0.000568182
internal_weight=4199 1074 3125 2587 767 2155 538 480 1462 432 297 1367 182 173 714 309 1194 693 298 405 246 159 176
internal_count=4199 1074 3125 2587 767 2155 538 480 1462 432 297 1367 182 173 714 309 1194 693 298 405 246 159 176
cat_boundaries=0 1 2
cat_threshold=65 4
is_linear=0
shrinkage=0.05


Tree=63
num_leaves=24
num_cat=2
split_feature=0 4 0 5 5 17 5 4 5 17 5 4 5 4 5 9 9 5 5 3 17 8 5
split_gain=41.9921 27.8818 17.5297 18.0308 6.6861 6.11466 6.72343 6.0988 5.70446 5.68691 4.07935 4.0302 3.8504 3.20689 2.47771 2.00887 3.39095 1.69436 1.61618 1.6134 1.61117 1.59075 1.86648
threshold=0 1.0000000180025095e-35 1 0.77583830786226704 0.6732881902594493 1.0000000180025095e-35 1.0942162355239466 1.0000000180025095e-35 0.42540951297941754 1.0000000180025095e-35 1.2553521696088608 1.0000000180025095e-35 1.6631307399525419 1.0000000180025095e-35 1.3466728658495071 6361.1228677896806 2911.1856199422177 0.87316366926095168 1.1672731239108303 1.0000000180025095e-35 82.258750000000006 1.0000000180025095e-35 1.4217699221021534
decision_type=1 2 1 2 2 2 2 2 2 2 2 2 2 2 2 2 2 2 2 2 2 2 2
left_child=1 4 5 7 -1 -2 20 8 -4 10 -5 -8 13 14 -11 16 17 -6 -3 -19 -7 22 -17
right_child=2 18 3 9 15 6 11 -9 -10 12 -12 -13 -14 -15 -16 21 -18 19 -20 -21 -22 -23 -24
leaf_value=-0.012007577688854543 0.19958527468557261 -0.022652199348700535 -0.013600231170795007 0.0038773928588013099 -0.0060737925996324771 0.0072673919007349326 0.070945495552971402 -0.0096495327300528018 -0.002549181097984821 0.0012829131666419746 0.071885922195948124 0.017896654048153417 0.03510557762478661 -0.0020140896081374039 0.010954267985968614 -0.0020314692027555647 -0.0067822310118767831 0.00034268724316459669 -0.0030683115580569052 -0.0031469288721963752 -0.00718556228803855 0.0017109003627275854 0.0045817655594779906
leaf_weight=87 58 229 37 207 69 248 119 160 312 1040 60 63 27 573 171 209 67 167 78 68 50 78 22
leaf_count=87 58 229 37 207 69 248 119 160 312 1040 60 63 27 573 171 209 67 167 78 68 50 78 22
internal_value=-0.00157776 -0.0100554 0.00136364 -0.00035618 -0.00505215 0.00948905 0.0078125 -0.00879175 -0.00508596 0.00170837 0.0085206 0.0153846 0.000704031 0.000420404 0.00187861 -0.00338235 -0.00586253 -0.00361842 -0.0228827 -0.00159574 0.00318792 -0.000404531 -0.00248918
internal_weight=4199 1074 3125 2587 767 538 480 509 349 2078 267 182 1811 1784 1211 680 371 304 307 235 298 309 231
internal_count=4199 1074 3125 2587 767 538 480 509 349 2078 267 182 1811 1784 1211 680 371 304 307 235 298 309 231
cat_boundaries=0 1 2
cat_threshold=65 4
is_linear=0
shrinkage=0.05


Tree=64
num_leaves=24
num_cat=2
split_feature=0 4 5 0 4 5 5 16 5 16 4 5 5 5 4 16 5 9 9 4 5 16 8
split_gain=39.4101 26.9729 16.1403 13.1907 7.4048 6.30328 6.24891 4.66635 5.64545 4.50821 3.60488 3.33408 3.21701 2.2706 2.14879 2.09333 2.05511 2.02882 3.48131 1.86627 1.89731 1.83431 2.40425
threshold=0 1.0000000180025095e-35 0.64337206274225478 1 1.0000000180025095e-35 0.6732881902594493 1.1943901211755916 1.0000000180025095e-35 1.1523394282416142 1.0000000180025095e-35 1.0000000180025095e-35 0.42540951297941754 0.83593146774837945 1.5935673327094293 1.0000000180025095e-35 1.4758333333333338 1.1672731239108303 6361.1228677896806 2911.1856199422177 1.0000000180025095e-35 0.96426533895968825 1.756416666666667 1.0000000180025095e-35
decision_type=1 2 2 1 2 2 2 2 2 2 2 2 2 2 2 2 2 2 2 2 2 2 2
left_child=1 5 10 7 6 -1 15 -4 19 -8 11 -2 -6 -11 -10 -5 -3 18 -7 -9 -21 22 -19
right_child=2 16 3 4 12 17 9 8 14 13 -12 -13 -14 -15 -16 -17 -18 21 -20 20 -22 -23 -24
leaf_value=-0.011407198804411812 -0.012450299569064783 -0.021519589381265507 0.20506002150511354 0.0033796752183601121 -0.0062734677394301833 -0.0023413804889518388 0.076980046753731921 0.0075438303952963803 0.08043930030921996 0.0080177122451526861 -0.014693158749858215 -0.0025199101085822575 -0.00094475149319350749 0.052396349203618797 0.018845685999418296 -0.00050809508275930784 -0.0029148959801540597 -0.00055621065989327481 -0.0064431194612829534 0.010217717705208941 -0.012434561483408713 -0.0045155916394298721 0.0032327209680326542
leaf_weight=87 45 229 54 384 145 304 59 196 91 360 87 183 614 28 51 749 78 173 67 46 33 84 52
leaf_count=87 45 229 54 384 145 304 59 196 91 360 87 183 614 28 51 749 78 173 67 46 33 84 52
internal_value=-0.00156585 -0.0097786 0.00128389 0.0024911 0.000925926 -0.00485658 0.00287975 0.0100312 0.00845324 0.00788591 -0.00944444 -0.00614035 -0.00312912 0.00592784 0.0165493 0.000904678 -0.0223941 -0.00323529 -0.00572776 0.00427273 -0.00221519 -0.000242718 0.00211111
internal_weight=4199 1074 3125 2810 2339 767 1580 471 417 447 315 228 759 388 142 1133 307 680 371 275 79 309 225
internal_count=4199 1074 3125 2810 2339 767 1580 471 417 447 315 228 759 388 142 1133 307 680 371 275 79 309 225
cat_boundaries=0 1 2
cat_threshold=65 4
is_linear=0
shrinkage=0.05


Tree=65
num_leaves=24
num_cat=3
split_feature=0 4 5 5 5 0 0 16 16 4 5 4 16 5 5 5 4 5 16 16 8 4 16
split_gain=35.2297 25.6868 14.8853 9.34963 6.39781 6.09413 5.64419 4.87158 4.29259 3.52331 3.51857 3.47592 3.22884 2.97644 2.8292 2.48121 2.32695 2.23963 2.05295 1.95218 1.97475 1.79084 1.95646
threshold=0 1.0000000180025095e-35 1.1625859542886614 0.64337206274225478 0.59363815052548841 1 2 1.0000000180025095e-35 1.4758333333333338 1.0000000180025095e-35 1.1453412370221989 1.0000000180025095e-35 3.485125 0.42540951297941754 1.6631307399525419 1.4854173152328105 1.0000000180025095e-35 0.87316366926095168 1.0000000180025095e-35 3.485125 1.0000000180025095e-35 1.0000000180025095e-35 2.1729166666666671
decision_type=1 2 2 2 2 1 1 2 2 2 2 2 2 2 2 2 2 2 2 2 2 2 2
left_child=1 4 3 9 -1 -4 7 -5 11 13 -3 18 16 -2 -10 19 -8 -18 -7 20 -6 22 -9
right_child=2 10 5 6 15 8 12 21 14 -11 -12 -13 -14 -15 -16 -17 17 -19 -20 -21 -22 -23 -24
leaf_value=-0.014644914550730338 -0.011827784590611535 -0.020703052699018242 0.063552575228720626 0.14432273547113203 -0.0026340879315971178 0.065872171053251979 0.0013077971320753614 0.013825907731730182 0.0010529513202165441 -0.013958500812365316 -0.0026092003699755813 0.00061243047814627536 -0.0042989365365502354 -0.0023939146031531468 0.028857500904168457 0.0030329557706132437 -0.0050262748198382171 -0.00025270301272131148 0.011955653665627786 -0.0048401377429411092 0.00025755701686309697 -0.0042797024364619853 -0.00065157101454107471
leaf_weight=53 45 218 150 41 427 65 929 144 476 87 89 76 224 183 24 38 152 295 98 102 147 81 55
leaf_count=53 45 218 150 41 427 65 929 144 476 87 89 76 224 183 24 38 152 295 98 102 147 81 55
internal_value=-0.00150631 -0.00927122 0.0011882 -0.0009839 -0.00446545 0.00666479 0.000325351 0.00626888 0.00457276 -0.00896825 -0.0215798 0.0101464 -0.000900621 -0.00570175 0.002 -0.00322129 0 -0.00296421 0.0142638 -0.00392012 -0.00278746 0.00410714 0.00665829
internal_weight=4199 1074 3125 2236 767 889 1921 321 739 315 307 239 1600 228 500 714 1376 447 163 676 574 280 199
internal_count=4199 1074 3125 2236 767 889 1921 321 739 315 307 239 1600 228 500 714 1376 447 163 676 574 280 199
cat_boundaries=0 1 2 3
cat_threshold=65 4 4
is_linear=0
shrinkage=0.05


Tree=66
num_leaves=24
num_cat=2
split_feature=0 4 0 5 5 16 5 16 5 4 5 5 16 5 4 4 5 16 5 15 4 5 8
split_gain=33.5886 23.9571 13.8483 14.5297 5.75133 5.63871 6.13645 5.22575 4.57184 5.07851 4.44067 3.52391 3.26028 3.63464 2.64793 1.95422 1.94028 1.96744 1.66237 1.57766 1.57592 1.6736 1.55818
threshold=0 1.0000000180025095e-35 1 0.77176796094750444 0.62850798343534187 1.0000000180025095e-35 1.1523394282416142 1.0000000180025095e-35 0.42540951297941754 1.0000000180025095e-35 1.1453412370221989 1.3310264847438595 3.485125 1.449774343129308 1.0000000180025095e-35 1.0000000180025095e-35 1.4854173152328105 3.485125 0.92432712047662835 15.207454126178767 1.0000000180025095e-35 1.1223427162988093 1.0000000180025095e-35
decision_type=1 2 1 2 2 2 2 2 2 2 2 2 2 2 2 2 2 2 2 2 2 2 2
left_child=1 4 5 8 -1 -2 -7 11 -4 -10 -3 20 13 18 -8 -15 17 22 19 -9 21 -5 -6
right_child=2 10 3 7 16 6 14 12 9 -11 -12 -13 -14 15 -16 -17 -18 -19 -20 -21 -22 -23 -24
leaf_value=-0.012715252249092847 0.17213687310248169 -0.01966790006406733 -0.015351900392026342 0.0047695025529516325 -0.002367273526330971 0.0045512429592390992 0.073239706532322923 -0.0084025087516081953 -0.0021917575044105076 -0.007679691077005813 -0.0024787403514768022 0.091765205620764609 -0.0027604778870347069 0.02984788007791055 0.015449722257891364 0.0008911121783946375 0.0028813079820825707 -0.0044179808251381125 0.0015012822389087743 -0.00081823114032962834 6.3945236522422457e-06 0.029837355449739134 0.00024467916601993432
leaf_weight=64 58 218 47 99 419 338 91 21 304 147 89 37 299 65 51 41 38 101 1059 334 80 54 145
leaf_count=64 58 218 47 99 419 338 91 21 304 147 89 37 299 65 51 41 38 101 1059 334 80 54 145
internal_value=-0.00145868 -0.00904059 0.00117225 -0.00035618 -0.00440026 0.00839416 0.00677083 0.001472 -0.00803213 -0.00648559 -0.0209283 0.00796296 0.000508521 0.00144737 0.015493 0.0103774 -0.00309388 -0.0037218 0.000777935 -0.0021831 0.0056867 0.00866013 -0.00257092
internal_weight=4199 1074 3125 2587 767 538 480 2089 498 451 307 270 1819 1520 142 106 703 665 1414 355 233 153 564
internal_count=4199 1074 3125 2587 767 538 480 2089 498 451 307 270 1819 1520 142 106 703 665 1414 355 233 153 564
cat_boundaries=0 1 2
cat_threshold=65 4
is_linear=0
shrinkage=0.05


Tree=67
num_leaves=24
num_cat=3
split_feature=0 4 5 0 5 5 0 4 5 5 16 16 5 4 5 5 5 16 4 5 16 16 9
split_gain=33.0768 24.1464 14.0225 7.8412 5.79219 5.58201 4.48787 5.2285 4.44067 4.43377 4.87944 4.33316 3.61175 3.36255 2.68017 2.39876 2.37518 2.29004 2.05336 2.55374 2.43118 1.72431 1.69182
threshold=0 1.0000000180025095e-35 0.84175118767219159 1 0.59363815052548841 0.42540951297941754 2 1.0000000180025095e-35 1.1453412370221989 1.2026241249255898 1.0000000180025095e-35 1.4758333333333338 1.449774343129308 1.0000000180025095e-35 1.6631307399525419 1.0942162355239466 0.64337206274225478 1.0000000180025095e-35 1.0000000180025095e-35 0.99752892928850623 1.0000000180025095e-35 3.485125 6361.1228677896806
decision_type=1 2 2 1 2 2 1 2 2 2 2 2 2 2 2 2 2 2 2 2 2 2 2
left_child=1 4 5 9 -1 -2 -7 -8 -3 10 -4 12 18 15 21 -12 -9 -18 19 -5 -21 -13 -6
right_child=2 8 3 11 22 6 7 16 -10 -11 13 14 -14 -15 -16 -17 17 -19 -20 20 -22 -23 -24
leaf_value=-0.013276906210739181 -0.014584305372425034 -0.018684505060863964 0.17410614941854829 0.00035150722802588244 -0.0028977735434446484 0.0072312945386604271 -0.00097616838529015484 -0.012111997370304262 -0.0023548033339029621 0.072742263555422057 0.00435045149402864 0.00083740097281745926 0.029691254373449952 -0.0072085593195583275 0.027370070250040304 0.029767244598503908 0.0016515439336899141 -0.0055933135020792835 9.755671870876893e-05 0.029579839719659873 0.0064385370041605055 -0.0024793779234055791 -0.00030598563681656367
leaf_weight=53 59 218 31 126 392 147 459 59 89 116 111 932 43 65 24 56 22 132 205 98 174 266 322
leaf_count=53 59 218 31 126 392 147 459 59 89 116 111 932 43 65 24 56 22 132 205 98 174 266 322
internal_value=-0.00147059 -0.00899446 0.00114035 0.00323765 -0.00433507 -0.00421412 -0.00314408 -0.00483871 -0.0209283 0.00970437 0.00636882 0.00186368 0.00518576 0.00387931 0.00012275 0.00763473 -0.011385 -0.00811688 0.0041874 0.00628141 0.00900735 -0.000208681 -0.00315126
internal_weight=4199 1074 3125 2247 767 878 819 672 307 379 263 1868 646 232 1222 167 213 154 603 398 272 1198 714
internal_count=4199 1074 3125 2247 767 878 819 672 307 379 263 1868 646 232 1222 167 213 154 603 398 272 1198 714
cat_boundaries=0 1 2 3
cat_threshold=65 4 4
is_linear=0
shrinkage=0.05


Tree=68
num_leaves=24
num_cat=0
split_feature=4 5 5 17 5 17 5 5 5 15 5 5 15 14 17 17 15 17 11 2 9 5 15
split_gain=23.8713 13.677 7.38674 6.96634 6.4365 4.56097 3.25595 3.00255 2.79454 2.57067 2.28393 2.27105 2.10328 2.0758 2.0335 1.88255 1.88201 1.72592 1.54124 1.54054 1.70014 2.22245 1.7158
threshold=1.0000000180025095e-35 0.99172057139916781 0.83891891611053782 71.457916666666691 0.42540951297941754 1.0000000180025095e-35 1.6631307399525419 0.53101761050589735 1.2070788346600592 151.50986834272854 0.64337206274225478 1.4854173152328105 25.012291305676673 14188.49172576011 82.258750000000006 1.0000000180025095e-35 98.124676241988269 1.0000000180025095e-35 0.78369580273098627 2038.5000000000002 13050.410690394101 1.2892373734878864 33.18665690317966
decision_type=2 2 2 2 2 2 2 2 2 2 2 2 2 2 2 2 2 2 2 2 2 2 2
left_child=1 4 7 11 -1 -6 14 -2 -4 -10 12 16 -7 -12 19 -9 17 -3 -16 20 22 -22 -5
right_child=2 3 8 6 5 10 -8 15 9 -11 13 -13 -14 -15 18 -17 -18 -19 -20 -21 21 -23 -24
leaf_value=-0.013500230045189722 -0.018325987590811995 0.023044483850610399 -0.0048389217319190578 0.0041033611822818283 0.0045110769539135733 0.0013601565013389161 0.040735518925421092 -0.0028746216280695625 -0.0012868294723833219 0.0023963733861585013 0.0046504865685876862 0.043648994536969687 -0.0073778409904511127 -0.0013923723023984591 -0.00021689131613622514 -0.0092640278740218126 0.013965644688838853 0.0033543813087818734 -0.0077186326470197741 0.0078992903411570399 0.0016546064615613034 0.014912117455971798 -0.0017642755279841272
leaf_weight=57 60 113 626 215 179 42 23 34 290 27 100 38 165 862 160 264 133 213 51 98 140 56 253
leaf_count=57 60 113 626 215 179 42 23 34 290 27 100 38 165 862 160 264 133 213 51 98 140 56 253
internal_value=-0.00138724 0.00113872 -0.00701384 0.00447086 -0.00240214 -0.00170623 0.00205823 -0.0131285 -0.00469247 -0.000867508 -0.00284431 0.00930584 -0.0076087 -0.00181913 0.00161871 -0.0110738 0.00833333 0.00628834 -0.00272512 0.00282152 0.00195783 0.00586735 0.000320513
internal_weight=4199 2898 1301 1493 1405 1348 996 358 943 317 1169 497 207 962 973 298 459 326 211 762 664 196 468
internal_count=4199 2898 1301 1493 1405 1348 996 358 943 317 1169 497 207 962 973 298 459 326 211 762 664 196 468
is_linear=0
shrinkage=0.05


Tree=69
num_leaves=24
num_cat=4
split_feature=0 5 5 0 5 16 16 16 0 5 5 15 16 5 0 5 5 9 5 5 7 9 9
split_gain=36.0972 12.1827 8.07148 6.237 5.41752 5.39509 4.1351 3.24553 3.23758 2.44147 2.35063 2.038 1.88302 2.17601 1.57057 1.56911 1.56741 1.81513 1.56516 1.52544 1.80074 1.51592 2.01047
threshold=0 1.1625859542886614 0.52541672543949758 1 0.59363815052548841 1.0000000180025095e-35 1.0000000180025095e-35 3.485125 2 1.6631307399525419 1.0227623270571322 24.371585625584189 1.0000000180025095e-35 0.91683600554281697 3 0.60620533040346569 1.3375357467376412 581.24256917423725 1.3310264847438595 1.0871140789853733 1.0000000180025095e-35 13320.461549423691 21886.336938882338
decision_type=1 2 2 1 2 2 2 2 1 2 2 2 2 2 1 2 2 2 2 2 2 2 2
left_child=4 2 -2 16 -1 11 18 8 19 21 12 -4 13 -6 -13 -10 17 -3 -5 -7 -21 -8 -23
right_child=1 3 5 6 10 7 9 -9 15 -11 -12 14 -14 -15 -16 -17 -18 -19 -20 20 -22 22 -24
leaf_value=-0.015327309210986552 -0.0097413492179806438 0.0040196011605436515 -0.0029674103392930196 0.016893419994463612 0.0012103254119491425 0.002534237916782589 0.00083204337988020962 -0.0041508649090197247 -0.0064389659061585228 0.030605943625195975 -0.002562266368580124 0.019787166193819594 -0.0088090829889034827 -0.015355640732523046 0.00088683202088137849 -0.00065610725526914497 0.13975952801057243 0.036843971437014969 0.08454572916121289 0.011429709247336106 -0.0027956270722988563 0.0068857265825235442 0.00073666317399758709
leaf_weight=80 133 28 21 49 39 444 423 295 48 27 501 125 433 21 129 973 54 68 37 45 23 72 131
leaf_count=80 133 28 21 49 39 444 423 295 48 27 501 125 433 21 129 973 54 68 37 45 23 72 131
internal_value=-0.00141105 0.00131579 -0.000648479 0.00627109 -0.00927122 0.00010699 0.00417223 -0.000875274 4.89237e-05 0.00287136 -0.0083501 0.00663636 -0.0108012 -0.0025 0.00787402 -0.00157614 0.0153125 0.0125 0.0145349 0.0032567 0.0102941 0.00223642 0.00578818
internal_weight=4199 3125 2236 889 1074 2103 739 1828 1533 653 994 275 493 60 254 1021 150 96 86 512 68 626 203
internal_count=4199 3125 2236 889 1074 2103 739 1828 1533 653 994 275 493 60 254 1021 150 96 86 512 68 626 203
cat_boundaries=0 1 2 3 4
cat_threshold=65 4 132 22
is_linear=0
shrinkage=0.05


Tree=70
num_leaves=24
num_cat=2
split_feature=0 4 5 5 0 5 5 16 4 16 4 5 15 16 4 4 9 9 9 9 15 14 9
split_gain=31.637 23.2083 11.845 8.19666 6.2948 6.03137 5.46995 5.29244 4.0313 3.82038 3.07226 2.412 2.02706 2.01589 1.92138 1.83036 1.77904 2.33818 1.85604 1.76867 1.91844 1.82967 1.67463
threshold=0 1.0000000180025095e-35 1.1742771550500766 0.52541672543949758 1 0.59363815052548841 1.1453412370221989 1.0000000180025095e-35 1.0000000180025095e-35 1.0000000180025095e-35 1.0000000180025095e-35 1.6631307399525419 24.371585625584189 3.485125 1.0000000180025095e-35 1.0000000180025095e-35 13320.461549423691 21886.336938882338 8827.1461165644123 2446.258549603634 22.107445330116295 21987.919908185151 7583.0735006922287
decision_type=1 2 2 2 1 2 2 2 2 2 2 2 2 2 2 2 2 2 2 2 2 2 2
left_child=1 5 3 15 14 -1 -3 12 -9 10 -6 16 -5 -10 -4 -2 18 -18 19 20 -11 -22 -7
right_child=2 6 4 7 9 22 -8 8 13 11 -12 -13 -14 -15 -16 -17 17 -19 -20 -21 21 -23 -24
leaf_value=-0.011477803390130348 -0.0065218814800295233 -0.016643322750722066 0.092230062295110216 -0.0028190398223283623 0.05702814687990454 -0.002558220163946712 -0.0018946198146779934 0.00044929750931519411 -0.0021132374756953399 0.00622197251884451 -0.0024509663475689837 0.029075646443936166 0.0068634828748040944 -0.0075331525551134652 0.011778305344707985 -0.022427863359974643 0.006720643985911501 0.00076601242552551971 -0.0076519674566198799 0.0065852777241471429 -0.012282478410769793 -0.0008168733640150583 8.2428387690702828e-05
leaf_weight=53 97 218 86 21 61 419 89 1279 479 48 20 27 259 101 55 36 67 130 42 108 37 172 295
leaf_count=53 97 218 86 21 61 419 89 1279 479 48 20 27 259 101 55 36 67 130 42 108 37 172 295
internal_value=-0.00122053 -0.00857934 0.00133174 -0.000550176 0.00635991 -0.00400913 -0.0202769 0.000198691 -0.000766541 0.00422438 0.0145062 0.00297147 0.00660714 -0.00422414 0.0157285 -0.012594 0.00231788 0.00621827 0.000429975 0.00157534 -0.000680934 -0.0027512 -0.00280112
internal_weight=4199 1074 3125 2272 853 767 307 2139 1859 712 81 631 280 580 141 133 604 197 407 365 257 209 714
internal_count=4199 1074 3125 2272 853 767 307 2139 1859 712 81 631 280 580 141 133 604 197 407 365 257 209 714
cat_boundaries=0 1 2
cat_threshold=65 4
is_linear=0
shrinkage=0.05


Tree=71
num_leaves=24
num_cat=3
split_feature=0 5 0 5 17 5 5 17 5 9 9 17 5 11 5 5 7 9 9 15 9 1 17
split_gain=29.4014 11.4923 9.59227 5.72707 5.39945 5.2526 4.81914 3.7455 2.3262 2.63128 2.44613 2.14433 2.00509 1.98779 1.67783 1.67375 1.59615 1.51621 2.76414 1.75597 2.5024 1.62491 1.36874
threshold=0 0.60124670721575979 1 0.59363815052548841 1.0000000180025095e-35 1.2416095059357677 1.1625859542886614 71.457916666666691 1.2070788346600592 6903.6396382591493 2830.8216475947265 82.258750000000006 0.42540951297941754 0.18475622291920571 1.4971340844100429 1.6631307399525419 1.0000000180025095e-35 13320.461549423691 33923.018226849999 22.107445330116295 291.85099732180862 2 82.258750000000006
decision_type=1 2 1 2 2 2 2 2 2 2 2 2 2 2 2 2 2 2 2 2 2 1 2
left_child=3 12 4 -1 -3 22 11 14 -5 10 -10 -4 -2 -13 -8 17 -11 19 21 20 -9 -19 -6
right_child=1 2 6 8 5 -7 7 15 9 16 -12 13 -14 -15 -16 -17 -18 18 -20 -21 -22 -23 -24
leaf_value=-0.013918335219981138 -0.012366917066643791 0.15904050975206563 1.4645964418091851e-05 -0.0051047190456998464 0.010439353841491439 0.064165489097845016 0.0076437481739222608 0.015864983082785635 -0.0017389459806548492 0.0024668890988407857 -0.0050636604356459232 -0.005957048542960708 -0.0053299458538592082 0.00011294876611369632 0.040342768693680808 0.023081828707700858 -0.0021098281955965171 0.0065203065348438116 -0.002717696522818214 -0.0022663328895797365 -0.00089959927731571028 -0.0004261114531279198 -0.006370858686279313
leaf_weight=80 59 56 1430 747 283 88 208 25 97 57 35 147 175 87 31 24 58 62 61 275 29 24 61
leaf_count=80 59 56 1430 747 283 88 208 25 97 57 35 147 175 87 31 24 58 62 61 275 29 24 61
internal_value=-0.00120862 0.00125199 0.00211864 -0.00830258 0.00843373 0.00671296 0.000797762 0.00416103 -0.00734406 -0.00313765 -0.00795455 -0.000691106 -0.00940171 -0.00512821 0.00930962 0.0017 0.0023913 0.00105042 0.00527211 -0.000835866 0.00740741 0.0110465 0.00392442
internal_weight=4199 3125 2891 1074 488 432 2403 739 994 247 132 1664 234 234 239 500 115 476 147 329 54 86 344
internal_count=4199 3125 2891 1074 488 432 2403 739 994 247 132 1664 234 234 239 500 115 476 147 329 54 86 344
cat_boundaries=0 1 2 3
cat_threshold=65 4 1
is_linear=0
shrinkage=0.05


Tree=72
num_leaves=24
num_cat=2
split_feature=0 4 0 5 17 5 5 5 4 5 17 4 5 4 5 5 17 5 4 11 18 9 5
split_gain=27.3314 23.9589 10.3715 9.88915 6.4488 6.33749 5.76987 5.07621 5.07172 4.67624 4.70004 2.9618 2.69001 2.00754 2.75636 1.82414 1.7643 2.0462 1.72728 1.65055 1.64293 1.62378 1.58237
threshold=0 1.0000000180025095e-35 1 0.64337206274225478 1.0000000180025095e-35 1.1453412370221989 0.59363815052548841 1.2416095059357677 1.0000000180025095e-35 1.1943901211755916 1.0000000180025095e-35 1.0000000180025095e-35 0.40013708798615666 1.0000000180025095e-35 1.0942162355239466 0.96426533895968825 82.258750000000006 1.449774343129308 1.0000000180025095e-35 0.44817120303621399 1.0000000180025095e-35 1031.6042420655997 1.5137990806277084
decision_type=1 2 1 2 2 2 2 2 2 2 2 2 2 2 2 2 2 2 2 2 2 2 2
left_child=1 6 4 11 -2 -3 -1 13 9 -5 -11 12 -4 14 19 -15 17 -12 -9 -6 -8 -16 -22
right_child=2 5 3 8 7 -7 20 18 -10 10 16 -13 -14 15 21 -17 -18 -19 -20 -21 22 -23 -24
leaf_value=-0.010207996459624769 0.14554836015484582 -0.015184825788977192 -0.0084325828136363416 0.00040185744126084447 -0.00027822460021540433 -0.0015446528716591018 -0.0048327870131027462 0.11800061141087337 -0.0017404812677197735 0.05379455212721318 0.0065335038633597799 -0.012142850462147969 -0.0016079439461279767 0.006160167273331219 0.0093606872431148073 -0.010462395429595529 -0.0037952227053476232 0.024731695577555925 0.0076797543800958936 0.0099173861494168854 -0.0010743840044464771 0.030655326389825044 0.0032734852916229242
leaf_weight=53 58 218 26 1133 144 89 91 53 759 59 256 69 153 64 20 49 67 65 35 69 598 46 25
leaf_count=53 58 218 26 1133 144 89 91 53 759 59 256 69 153 64 20 49 67 65 35 69 598 46 25
internal_value=-0.00123244 -0.00807196 0.00114035 -0.000182903 0.00739051 -0.0199511 -0.00342243 0.005625 0.000823001 0.00243671 0.00676734 -0.00967742 -0.00628492 0.00318878 0.00546595 -0.00243363 0.00476804 0.00630841 0.0164773 0.00269953 -0.0022409 0.0143939 -0.00132424
internal_weight=4199 1074 3125 2587 538 307 767 480 2339 1580 447 248 179 392 279 113 388 321 88 213 714 66 623
internal_count=4199 1074 3125 2587 538 307 767 480 2339 1580 447 248 179 392 279 113 388 321 88 213 714 66 623
cat_boundaries=0 1 2
cat_threshold=65 4
is_linear=0
shrinkage=0.05


Tree=73
num_leaves=24
num_cat=3
split_feature=0 4 0 16 4 16 4 16 7 16 16 9 9 14 14 18 14 3 15 0 7 8 9
split_gain=25.6334 22.6555 9.38127 6.67917 5.68218 2.75043 2.41559 2.12674 2.39857 1.83928 1.7938 1.68558 1.57811 1.44531 2.0697 1.35561 1.31692 1.27486 1.21032 1.19049 1.85837 1.61531 2.11298
threshold=0 1.0000000180025095e-35 1 1.0000000180025095e-35 1.0000000180025095e-35 1.0000000180025095e-35 1.0000000180025095e-35 1.756416666666667 2.5000000000000004 3.485125 3.485125 3046.0774112961449 58109.353663799913 17090.21370564065 33580.062064940204 1.0000000180025095e-35 46697.539181274136 1.0000000180025095e-35 43.828937767560795 2 1.5000000000000002 1.0000000180025095e-35 11328.807924415096
decision_type=1 2 1 2 2 2 2 2 2 2 2 2 2 2 2 2 2 2 2 1 2 2 2
left_child=1 9 3 -2 5 11 7 -5 -9 15 19 18 -6 -8 -15 17 -16 -1 -4 20 -7 22 -21
right_child=2 -3 4 6 12 10 13 8 -10 -11 -12 -13 -14 14 16 -17 -18 -19 -20 21 -22 -23 -24
leaf_value=-0.0014103593309669816 0.13827094214710353 -0.011710055621430028 0.011994580142147271 0.0188167042541342 -0.0025191844125615481 0.0040852096125937104 0.013871659675467019 0.0085492198449577568 -0.010469339844576098 -0.0037167937929457164 -0.002123197737244831 0.017297198541871419 -0.0050710193346428295 -0.017906937213350505 0.0074464472823333244 -0.00095315498351585817 -0.0017071885897735673 -0.0074637890156905255 -0.00076835843810458832 -0.0034188713082726977 -0.00020555697152737642 0.0035782776401503957 0.003250868816562147
leaf_weight=57 58 307 39 202 772 517 20 107 23 121 247 130 56 22 20 563 86 26 55 243 263 131 134
leaf_count=57 58 307 39 202 772 517 20 107 23 121 247 130 56 22 20 563 86 26 55 243 263 131 134
internal_value=-0.00112527 -0.00774908 0.00117225 0.00711679 -8.66384e-05 0.00152075 0.0053125 0.00768072 0.00269231 -0.00322686 0.000765472 0.00669643 -0.00350242 0 -0.00195312 -0.00216718 0.000943396 -0.00813253 0.00159574 0.00151398 0.00272152 -0.0003861 -0.0020557
internal_weight=4199 1074 3125 538 2587 1759 480 332 130 767 1535 224 828 148 128 646 106 83 94 1288 780 508 377
internal_count=4199 1074 3125 538 2587 1759 480 332 130 767 1535 224 828 148 128 646 106 83 94 1288 780 508 377
cat_boundaries=0 1 2 3
cat_threshold=65 4 162
is_linear=0
shrinkage=0.05


Tree=74
num_leaves=24
num_cat=4
split_feature=0 4 5 5 5 5 5 16 0 16 16 0 4 0 4 18 4 9 16 9 15 14 15
split_gain=24.2363 21.0329 9.9784 9.64868 5.9178 4.11994 4.05742 3.82242 4.20989 3.5263 2.27697 2.26626 1.7628 1.8367 1.73244 1.67981 1.67743 1.57114 2.63557 1.55996 1.64606 2.47606 1.67151
threshold=0 1.0000000180025095e-35 0.84175118767219159 1.1453412370221989 1.3429576197623241 0.52541672543949758 0.59363815052548841 1.4758333333333338 1 1.0000000180025095e-35 3.485125 2 1.0000000180025095e-35 3 1.0000000180025095e-35 1.0000000180025095e-35 1.0000000180025095e-35 16658.602543179379 1.756416666666667 7731.3505353129776 49.752778293404454 118509.14666601906 44.092760030381612
decision_type=1 2 2 2 2 2 2 2 1 2 2 1 2 1 2 2 2 2 2 2 2 2 2
left_child=1 6 5 -3 7 14 -1 8 -4 -6 -11 -7 13 -9 -2 -8 -13 -18 -19 20 22 -22 -17
right_child=2 3 4 -5 9 11 15 12 -10 10 -12 16 -14 -15 -16 19 17 18 -20 -21 21 -23 -24
leaf_value=-0.0095117569469962537 -0.0053255839645509843 -0.013840081718456833 0.012928622664507384 -0.00088191744700464529 0.087283529136294391 0.0075742971071397717 -0.0045016909585925413 -0.002092857331045517 0.0010250711521617717 0.0090223911262279355 -0.0047726621648620515 -0.0005880515434551481 -0.001831888292694961 0.0033031260312570867 -0.020432897933864925 -0.0012796772402839274 -0.0053579485669973392 0.0020989964359229675 -0.0055180570701244165 0.00086729921204735665 -0.0036054394244390275 0.0010253216770372499 0.0015948376494091311
leaf_weight=53 97 218 224 89 41 132 91 268 443 270 55 418 379 567 36 179 144 30 21 254 127 42 21
leaf_count=53 97 218 224 89 41 132 91 268 443 270 55 418 379 567 36 179 144 30 21 254 127 42 21
internal_value=-0.00107764 -0.00751845 0.0011563 -0.0186482 0.00292612 -0.00335991 -0.00316167 0.00179426 0.00483508 0.00874317 0.007 -0.00191275 0.000123558 0.00140719 -0.0114662 -0.00217087 -0.00317014 -0.00705128 0.000490196 -0.00124398 -0.00331978 -0.00695266 -0.00025
internal_weight=4199 1074 3125 307 2247 878 767 1881 667 366 325 745 1214 835 133 714 613 195 51 623 369 169 200
internal_count=4199 1074 3125 307 2247 878 767 1881 667 366 325 745 1214 835 133 714 613 195 51 623 369 169 200
cat_boundaries=0 1 2 3 4
cat_threshold=65 132 4 10
is_linear=0
shrinkage=0.05


Tree=75
num_leaves=24
num_cat=2
split_feature=0 4 0 16 4 16 16 16 16 4 9 3 14 17 18 15 9 9 3 15 11 14 14
split_gain=21.3913 17.9685 8.50283 6.27673 5.03467 2.40816 1.94036 1.73442 1.70048 1.69103 1.64887 1.97234 1.92105 1.5046 1.42687 1.34659 1.29183 1.27861 1.27486 1.24859 1.15668 1.15294 1.40469
threshold=0 1.0000000180025095e-35 1 1.0000000180025095e-35 1.0000000180025095e-35 1.0000000180025095e-35 3.485125 3.485125 3.485125 1.0000000180025095e-35 10462.996979186961 1.0000000180025095e-35 75092.999018653514 73.879583333333343 1.0000000180025095e-35 52.065000166143669 4832.2387531444283 11208.563005266211 1.0000000180025095e-35 151.50986834272854 1.204791514178712 163935.68823499145 118509.14666601906
decision_type=1 2 1 2 2 2 2 2 2 2 2 2 2 2 2 2 2 2 2 2 2 2 2
left_child=1 8 3 -2 5 16 9 -7 14 10 11 -5 -12 -3 18 -13 -4 -18 -1 -15 -6 22 -16
right_child=2 13 4 6 20 7 -8 -9 -10 -11 12 15 -14 19 21 -17 17 -19 -20 -21 -22 -23 -24
leaf_value=-0.0011147568164890044 0.13071096390652298 -0.012491674608138111 0.0046839885729663914 0.023227650344028607 -0.0023016307772987135 0.0010647799357671572 -0.0040131966865971872 -0.0020250249710231706 -0.003486794156716733 0.001732994263232568 -0.0029273238014313474 -0.0032807094259758919 0.02349811146698897 -0.0097662711543178276 -0.00088844927044886559 0.027096438813127934 0.033840125231969866 0.012093902603986085 -0.0067402633672662806 -0.0038012020388312074 -0.0076862090639314932 -0.0023984739897352949 0.0011173686105820091
leaf_weight=57 58 135 108 124 790 1288 77 247 121 126 42 32 52 152 459 27 27 89 26 20 38 46 58
leaf_count=57 58 135 108 124 790 1288 77 247 121 126 42 32 52 152 459 27 27 89 26 20 38 46 58
internal_value=-0.00100619 -0.0070572 0.0010925 0.00675182 -0.000105891 0.00140705 0.005 0.000700326 -0.00303129 0.00638958 0.00857401 0.0113388 0.00319149 -0.0173453 -0.00201238 0.00381356 0.00625 0.00991379 -0.00813253 -0.0142442 -0.00332126 -0.00111012 -0.000435203
internal_weight=4199 1074 3125 538 2587 1759 480 1535 767 403 277 183 94 307 646 59 224 116 83 172 828 563 517
internal_count=4199 1074 3125 538 2587 1759 480 1535 767 403 277 183 94 307 646 59 224 116 83 172 828 563 517
cat_boundaries=0 1 2
cat_threshold=65 4
is_linear=0
shrinkage=0.05


Tree=76
num_leaves=24
num_cat=4
split_feature=0 4 5 5 5 4 16 5 17 17 0 16 4 1 5 15 18 9 0 5 5 5 15
split_gain=18.4201 14.7721 13.7239 10.1712 6.30224 4.88092 4.78962 4.2175 3.48808 3.22185 2.93445 3.17414 2.4243 2.10492 2.51994 1.83403 1.83138 1.77781 1.61913 2.66222 1.481 1.41776 1.53508
threshold=0 1.0000000180025095e-35 1.0527453708314882 1.1625859542886614 0.60124670721575979 1.0000000180025095e-35 1.4758333333333338 0.59363815052548841 73.879583333333343 73.879583333333343 1 1.0000000180025095e-35 1.0000000180025095e-35 2 1.4368553152526682 15.976611032343117 1.0000000180025095e-35 72529.650522627227 3 1.3429576197623241 1.5137990806277084 0.74252791977159271 66.903596478305033
decision_type=1 2 2 2 2 2 2 2 2 2 1 2 2 1 2 2 2 2 1 2 2 2 2
left_child=1 7 -3 4 12 6 -5 -1 10 -4 11 -6 -2 -8 -15 -12 -9 -17 19 -7 -18 -10 -23
right_child=3 2 9 5 8 18 13 16 21 -11 15 -13 -14 14 -16 17 20 -19 -20 -21 -22 22 -24
leaf_value=-0.0089654527081414644 -0.0029114617563773316 -0.013608560646038768 -0.0019901916760195005 0.027420194761309125 0.089378891273436345 -6.3102911868551106e-05 -0.00043187414333005773 -0.0039395932422995996 -0.0051322505304816583 0.00042530298494164562 -0.0044268950569829385 0.0072859413947773182 -0.012970192830389705 0.0081196881960881491 0.031251678356807845 0.0011063904299264849 -0.00082055885786492264 -0.002436121430410965 -0.0016858628690488487 0.0067589927630412275 0.0031585262791376414 0.00063433640042538382 -0.0017529352779579678
leaf_weight=53 168 176 59 196 43 65 117 91 164 72 62 125 66 224 59 677 598 23 184 44 25 410 498
leaf_count=53 168 176 59 196 43 65 117 91 164 72 62 125 66 224 59 677 598 23 184 44 25 410 498
internal_value=-0.000934746 -0.00654982 -0.0158795 0.00101276 -0.000782648 0.00553993 0.00813758 -0.00290091 0.000124875 -0.00362595 0.00236559 0.00814607 -0.00854701 0.005 0.00733216 0.000971503 -0.00189076 0.00171429 0.000255973 0.00483193 -0.000922953 -0.00181903 -0.00104626
internal_weight=4199 1074 307 3125 2236 889 596 767 2002 131 930 168 234 400 283 762 714 700 293 109 623 1072 908
internal_count=4199 1074 307 3125 2236 889 596 767 2002 131 930 168 234 400 283 762 714 700 293 109 623 1072 908
cat_boundaries=0 1 2 3 4
cat_threshold=65 4 2 12
is_linear=0
shrinkage=0.05


Tree=77
num_leaves=24
num_cat=3
split_feature=0 4 5 5 5 16 5 17 17 4 0 16 4 5 18 5 4 0 5 15 11 14 5
split_gain=18.1279 14.0399 14.3356 9.77828 6.06651 4.92158 4.2175 3.13782 3.01502 2.89954 2.76161 2.72273 2.55357 2.18776 1.54023 1.53805 1.49096 2.33076 1.96318 1.46647 1.54869 1.46277 1.43128
threshold=0 1.0000000180025095e-35 1.0444469704850843 1.1625859542886614 0.60124670721575979 1.4758333333333338 0.59363815052548841 73.879583333333343 73.879583333333343 1.0000000180025095e-35 1 1.0000000180025095e-35 1.0000000180025095e-35 1.2393793021592654 1.0000000180025095e-35 1.6631307399525419 1.0000000180025095e-35 2 1.3466728658495071 15.976611032343117 1.0265675147737674 35506.820326091758 0.40013708798615666
decision_type=1 2 2 2 2 2 2 2 2 2 1 2 2 2 2 2 2 1 2 2 2 2 2
left_child=1 6 -3 4 12 9 -1 -4 10 -5 11 -6 22 -11 -8 16 17 -7 -19 20 -12 -18 -2
right_child=3 2 7 5 8 15 14 -9 -10 13 19 -13 -14 -15 -16 -17 21 18 -20 -21 -22 -23 -24
leaf_value=-0.0085171800727343872 -0.0069993563419512572 -0.012993170038692589 -0.001944802691444348 0.026049185023243649 0.084909946709764483 0.018212567494199219 -0.0037426135801846175 0.0002502776204326925 -0.0013577766117776502 -0.0037574124636519991 -0.0065154655396212017 0.006921644325038479 -0.01232168318887022 0.0024646939224381771 -0.00047783165720569624 0.026429011096374345 -0.0067809903036683663 -0.0015587623402660623 0.013253112202310159 0.00092686246565268924 0.00050285064358396303 0.00030968160343554097 -0.00096517937901190458
leaf_weight=53 33 174 60 196 43 112 91 73 1072 25 42 125 66 74 623 25 63 158 113 700 20 123 135
leaf_count=53 33 174 60 196 43 112 91 73 1072 25 42 125 66 74 623 25 63 158 113 700 20 123 135
internal_value=-0.000887116 -0.00645756 -0.0155537 0.00104466 -0.000715564 0.00548369 -0.00290091 -0.00319549 0.000174825 0.0107627 0.00225806 0.00786517 -0.00833333 0.00378788 -0.00189076 0.00286195 0.00232865 0.00411227 0.00133452 0.000906736 -0.00645161 -0.00134409 -0.00505952
internal_weight=4199 1074 307 3125 2236 889 767 133 2002 295 930 168 234 99 714 594 569 383 271 762 62 186 168
internal_count=4199 1074 307 3125 2236 889 767 133 2002 295 930 168 234 99 714 594 569 383 271 762 62 186 168
cat_boundaries=0 1 2 3
cat_threshold=65 4 132
is_linear=0
shrinkage=0.05


Tree=78
num_leaves=24
num_cat=4
split_feature=0 4 5 5 5 17 5 17 4 0 17 5 0 15 4 5 5 14 11 8 5 4 0
split_gain=16.2255 13.8961 14.1729 8.78318 5.0701 4.4967 4.02965 3.75978 3.60451 2.64058 2.8139 2.31925 2.90998 2.25561 2.07407 1.99782 1.7987 1.66362 1.56998 1.56233 1.55618 1.48573 1.70601
threshold=0 1.0000000180025095e-35 1.0294041024118206 1.0294041024118206 0.50361592300952374 71.457916666666691 0.58440279015043262 82.258750000000006 1.0000000180025095e-35 1 1.0000000180025095e-35 1.4730567937906967 2 172.07789847476346 1.0000000180025095e-35 1.3661093842275072 1.6631307399525419 22592.649070886775 0.48186570102307485 1.0000000180025095e-35 0.96190403407743663 1.0000000180025095e-35 3
decision_type=1 2 2 2 2 2 2 2 2 1 2 2 1 2 2 2 2 2 2 2 2 2 1
left_child=1 6 -3 4 14 8 -1 19 11 10 -6 12 17 -11 -2 -10 21 -5 20 -4 -12 22 -7
right_child=3 2 7 5 9 16 -8 -9 15 13 18 -13 -14 -15 -16 -17 -18 -19 -20 -21 -22 -23 -24
leaf_value=-0.010051320983990603 -0.0053960262312780401 -0.012343511536757959 -0.001665673310621204 -0.006546690492797747 0.061422601510055769 0.027968380193464083 -0.00079065039465857638 0.001498654137719372 -0.00014356911753734546 -0.00089959503713537008 0.0009700340769724481 0.08826952931552956 0.028191431815718371 -0.0053215177291062073 -0.024560933307106087 0.0070947015158692624 0.025107560541555607 0.0052043295373086279 0.0066550448208688058 0.00047135864516657783 -0.01070396224621133 -0.00064326943233070652 0.0015614905893360786
leaf_weight=48 84 168 84 24 33 109 719 24 137 1247 126 26 154 45 24 30 25 124 80 31 27 296 534
leaf_count=48 84 168 84 24 33 109 719 24 137 1247 126 26 154 45 24 30 25 124 80 31 27 296 534
internal_value=-0.000910931 -0.00618081 -0.015228 0.000917065 -0.00156062 0.00375257 -0.00264016 -0.00341727 0.00762626 -0.000834403 0.00362319 0.0106707 0.00943709 -0.00176651 -0.012037 0.00164671 0.00176349 0.00348101 0.00182403 -0.00717391 -0.00114379 0.00141108 0.0027605
internal_weight=4199 1074 307 3125 1666 1459 767 139 495 1558 266 328 302 1292 108 167 964 148 233 115 153 939 643
internal_count=4199 1074 307 3125 1666 1459 767 139 495 1558 266 328 302 1292 108 167 964 148 233 115 153 939 643
cat_boundaries=0 1 2 3 4
cat_threshold=65 4 56 4
is_linear=0
shrinkage=0.05


Tree=79
num_leaves=24
num_cat=4
split_feature=0 4 5 5 5 17 0 16 5 16 4 16 0 5 18 5 15 15 8 16 0 15 15
split_gain=15.3138 13.8245 14.6493 8.15099 6.17144 4.32359 4.26899 4.10618 4.10491 3.61101 2.23112 2.08161 1.88671 1.70373 1.54156 1.43128 1.62117 1.76838 1.42393 1.38893 1.98066 1.89834 2.34282
threshold=0 1.0000000180025095e-35 1.0294041024118206 0.60124670721575979 1.3429576197623241 73.879583333333343 1 1.0000000180025095e-35 0.58440279015043262 3.485125 1.0000000180025095e-35 1.0000000180025095e-35 2 1.2393793021592654 1.0000000180025095e-35 0.40013708798615666 25.012291305676673 128.49217732251182 1.0000000180025095e-35 3.485125 3 66.903596478305033 56.726740912834821
decision_type=1 2 2 2 2 2 1 2 2 2 2 2 1 2 2 2 2 2 2 2 1 2 2
left_child=1 8 -3 10 5 6 11 -6 -1 18 15 -5 -9 -13 -10 -2 -17 -18 -4 20 -7 22 -22
right_child=3 2 9 4 7 19 -8 12 14 -11 -12 13 -14 -15 -16 16 17 -19 -20 -21 21 -23 -24
leaf_value=-0.0095487549347910775 -0.0063795872132897946 -0.011726335959920063 -0.0015823896450901439 0.082435125194723027 0.078293660951788094 0.0027103335289363484 0.00061058089330368048 0.012512382062727846 -0.0036660574138652536 0.0014237214308334034 -0.010597896834038134 0.0074880463774227753 0.0012827800127755307 0.032663322117682463 -0.00039397342332948561 0.0034002841217108505 -0.003631752211555728 0.0067015329872418322 0.00044779071290824892 -0.0026412360189527195 -0.00087482762674695458 -0.0030201209306906841 0.0091027798773568817
leaf_weight=48 33 168 84 48 41 482 953 155 92 24 66 145 170 21 627 31 82 22 31 362 213 265 36
leaf_count=48 33 168 84 48 41 482 953 155 92 24 66 145 170 21 627 31 82 22 31 362 213 265 36
internal_value=-0.000922839 -0.00604244 -0.0150651 0.00085327 0.0015825 0.00070297 0.00293488 0.00765027 -0.00250978 -0.00305755 -0.00811966 0.00915179 0.00576923 0.00692771 -0.00156467 -0.00505952 -0.00277778 -0.00576923 -0.00673913 -0.00121502 -0.000251004 -0.0023855 0.000702811
internal_weight=4199 1074 307 3125 2891 2525 1167 366 767 139 234 214 325 166 719 168 135 104 115 1358 996 514 249
internal_count=4199 1074 307 3125 2891 2525 1167 366 767 139 234 214 325 166 719 168 135 104 115 1358 996 514 249
cat_boundaries=0 1 2 3 4
cat_threshold=65 4 28 134
is_linear=0
shrinkage=0.05


Tree=80
num_leaves=24
num_cat=3
split_feature=0 4 5 5 16 0 5 5 16 5 16 4 5 0 5 9 4 5 16 4 5 19 15
split_gain=14.206 13.9684 14.6493 7.41814 3.96076 4.12769 4.27282 3.81993 3.61101 3.55816 3.54796 4.19773 3.17314 2.39311 2.22163 2.18759 1.92871 2.29858 1.7022 1.68371 2.042 1.95054 1.83682
threshold=0 1.0000000180025095e-35 1.0294041024118206 0.90661399244645735 3.485125 1 1.3429576197623241 0.40013708798615666 3.485125 0.58440279015043262 1.0000000180025095e-35 1.0000000180025095e-35 1.6631307399525419 2 1.1543510596373601 4982.9585542778377 1.0000000180025095e-35 0.61287064589900508 1.0000000180025095e-35 1.0000000180025095e-35 1.3153449239505515 1.0000000180025095e-35 91.467577018762711
decision_type=1 2 2 2 2 1 2 2 2 2 2 2 2 1 2 2 2 2 2 2 2 2 2
left_child=1 9 -3 7 5 6 10 -2 -4 -1 -5 14 19 -9 15 -12 -15 -18 -19 20 -7 -22 -21
right_child=3 2 8 4 -6 12 -8 13 -10 -11 11 -13 -14 16 -16 -17 17 18 -20 22 21 -23 -24
leaf_value=-0.0090713171880515264 -0.010841974632200192 -0.011140019161924058 -0.0011114512517668379 0.13513203027763351 -0.0021980072353383175 0.0025288001337544943 0.12292644719893674 0.0058833545203453193 0.0013525353592917331 -0.00073141920375918712 0.019312377315327558 -0.0043413527507277115 0.034070388342763415 -0.00073760966830528358 0.037056841549830292 -0.0027636197023988454 -0.0083158057186848433 0.0031589250570256745 -0.0033502093225126987 0.0003300659716309107 -0.001036047986089006 0.015169289226134586 -0.0017825821316277636
leaf_weight=48 44 168 115 32 290 757 47 192 24 719 48 65 30 610 51 43 51 30 196 300 27 159 153
leaf_count=48 44 168 115 32 290 757 47 192 24 719 48 65 30 610 51 43 51 30 196 300 27 159 153
internal_value=-0.00106573 -0.00599631 -0.0150651 0.000645933 0.00247253 0.00338785 0.00878378 -0.00260463 -0.00305755 -0.00244459 0.00638075 0.00398551 0.00222841 -0.00201576 0.00880282 0.00412088 -0.00309365 -0.00658845 -0.00442478 0.00189828 0.0031018 0.0077957 -0.000607064
internal_weight=4199 1074 307 3125 2002 1712 286 1123 139 767 239 207 1426 1079 142 91 887 277 226 1396 943 186 453
internal_count=4199 1074 307 3125 2002 1712 286 1123 139 767 239 207 1426 1079 142 91 887 277 226 1396 943 186 453
cat_boundaries=0 1 2 3
cat_threshold=65 4 4
is_linear=0
shrinkage=0.05


Tree=81
num_leaves=24
num_cat=2
split_feature=4 0 5 5 0 5 5 5 5 16 16 16 17 14 15 14 14 11 8 17 15 14 7
split_gain=13.4022 14.5981 13.7847 7.14705 6.93406 5.11894 4.45334 3.7539 3.74514 2.93985 1.83736 1.83681 1.63512 1.59563 1.45228 1.46347 1.4296 1.80196 1.42393 1.35471 2.40514 1.47939 1.28868
threshold=1.0000000180025095e-35 0 1.0294041024118206 0.90661399244645735 1 0.61287064589900508 1.6631307399525419 0.40013708798615666 1.2026241249255898 3.485125 3.485125 3.485125 73.879583333333343 6075.6382742545966 49.752778293404454 28076.068466946304 14631.389398168936 1.0365176943378989 1.0000000180025095e-35 73.879583333333343 98.124676241988269 4945.6777352471518 2.5000000000000004
decision_type=2 1 2 2 1 2 2 2 2 2 2 2 2 2 2 2 2 2 2 2 2 2 2
left_child=3 2 -2 7 8 -3 19 -1 11 18 -7 14 -9 -14 15 -5 -15 -18 -4 20 -6 -21 -22
right_child=1 5 9 4 6 10 -8 12 -10 -11 -12 -13 13 16 -16 -17 17 -19 -20 21 22 -23 -24
leaf_value=-0.010050814236854156 -0.010583018203827857 -0.0094687130135973629 -0.0014476976002472945 0.012171356712101788 0.0002968144899434755 -7.7790599744265168e-05 0.029067762605568617 0.00018150203916134089 0.031420661014308897 0.0012849085913271465 -0.0054085075428143004 -0.0017804098452969264 -0.006616282544213337 0.0060191711106360457 0.0040962758436859483 0.019613513989620392 -0.0027013139522541699 0.0041045003251493298 0.00048097373985117836 0.0088385647988321377 0.0062237289201576562 -0.00078758793528939115 0.015681191892559201
leaf_weight=43 168 74 84 54 474 789 30 475 150 24 131 57 20 20 145 52 489 21 31 20 109 719 20
leaf_count=43 168 74 84 54 474 789 30 475 150 24 131 57 20 20 145 52 489 21 31 20 109 719 20
internal_value=-0.00103001 -0.00524596 -0.0145899 0.000862664 0.00275956 -0.00219124 0.000940666 -0.00238764 0.00801282 -0.00341727 -0.00119565 0.00503247 -0.00178049 -0.00363636 0.00687251 0.0113208 -0.00311321 -0.00362745 -0.00673913 0.00052161 0.00228027 -0.000913396 0.00833333
internal_weight=4199 1301 307 2898 1830 994 1372 1068 458 139 920 308 1025 550 251 106 530 510 115 1342 603 739 129
internal_count=4199 1301 307 2898 1830 994 1372 1068 458 139 920 308 1025 550 251 106 530 510 115 1342 603 739 129
cat_boundaries=0 1 2
cat_threshold=65 132
is_linear=0
shrinkage=0.05


Tree=82
num_leaves=24
num_cat=0
split_feature=5 5 5 16 16 5 9 16 9 9 14 14 20 5 15 15 9 2 2 2 18 14 36
split_gain=12.1574 5.81196 4.9198 3.59088 2.34236 2.11562 2.68838 1.85679 1.72426 1.53122 1.39284 1.42507 1.74081 1.55673 1.35888 1.43006 1.33993 1.73769 1.30364 1.35889 1.51875 1.2679 1.25262
threshold=0.87576888871408942 0.48900742528759283 1.6631307399525419 1.0000000180025095e-35 3.485125 1.1543510596373601 13050.410690394101 3.485125 61642.765448338389 11940.117077576402 11568.323244218222 108912.87074516712 1.0000000180025095e-35 1.4308953954205845 78.075947847518833 61.321887715127346 749.72640392734081 2031.5000000000002 2027.5000000000002 2029.5000000000002 1.0000000180025095e-35 80163.209643722032 0.032076239024120365
decision_type=2 2 2 2 2 2 2 2 2 2 2 2 2 2 2 2 2 2 2 2 2 2 2
left_child=1 -1 4 -3 5 -2 9 8 -5 10 -7 12 -12 -13 15 -6 22 -18 -9 -20 -21 -16 -14
right_child=2 3 -4 7 14 6 -8 18 -10 -11 11 13 16 -15 21 -17 17 -19 19 20 -22 -23 -24
leaf_value=-0.009017180826192581 -0.00013688649496319539 0.0025321720263667639 0.024673414436005226 -0.0021750973534431562 -0.0021975059481636932 -0.0022360194227633912 0.0038533556250037074 -0.0094235453465092572 -0.0066895408966449249 -0.0087778246054229462 0.010044859622606173 -0.0027974048584571867 0.00089241465329699128 0.01784619844387152 0.0042686160603977678 -0.006488648482841153 0.004411811647445152 -0.00099908631128169394 0.00051950392968349028 0.0028506436645134529 -0.0073638213000889524 -0.0011434629400397967 0.01203510648918682
leaf_weight=130 1364 156 48 860 168 83 312 23 44 20 54 86 118 22 27 56 113 155 30 20 108 168 34
leaf_count=130 1364 156 48 860 168 83 312 23 44 20 54 86 118 22 27 56 113 155 30 20 108 168 34
internal_value=-0.00107764 -0.00494165 0.000795615 -0.00388799 0.000521583 0.00113299 0.00288365 -0.00490783 -0.0039823 0.00113139 0.00154135 0.0024055 0.0035865 -0.00277778 -0.00292363 -0.00558036 0.0025 0.000373134 -0.00953039 -0.00791139 -0.0101563 0.000128205 0.00625
internal_weight=4199 1371 2828 1241 2780 2361 997 1085 904 685 665 582 474 108 419 224 420 268 181 158 128 195 152
internal_count=4199 1371 2828 1241 2780 2361 997 1085 904 685 665 582 474 108 419 224 420 268 181 158 128 195 152
is_linear=0
shrinkage=0.05


Tree=83
num_leaves=24
num_cat=3
split_feature=4 0 5 0 5 5 5 5 16 16 8 16 0 5 18 16 2 18 17 18 18 10 2
split_gain=14.6698 14.3613 13.3227 6.9574 6.24423 5.42331 4.91744 4.10728 3.07423 1.88078 1.56233 1.49022 1.46233 1.62405 1.67318 1.7919 1.79701 1.44034 1.34206 1.62084 1.53693 1.47721 1.34083
threshold=1.0000000180025095e-35 0 1.0294041024118206 1 0.48900742528759283 1.1984608579909508 0.61287064589900508 1.6631307399525419 3.485125 1.0000000180025095e-35 1.0000000180025095e-35 3.485125 2 1.3466728658495071 1.0000000180025095e-35 1.0000000180025095e-35 2033.5000000000002 1.0000000180025095e-35 73.879583333333343 1.0000000180025095e-35 1.0000000180025095e-35 1.5000000000000002 2037.5000000000002
decision_type=2 1 2 1 2 2 2 2 2 2 2 2 1 2 2 2 2 2 2 2 2 2 2
left_child=3 2 -2 5 -5 9 -3 12 10 -1 -4 -7 17 14 15 -14 -17 -6 19 -8 -20 -21 -16
right_child=1 6 8 4 7 11 18 -9 -10 -11 -12 -13 13 -15 22 16 -18 -19 20 21 -22 -23 -24
leaf_value=0.020075049906824918 -0.0098219464013230284 -0.0086453369708824231 -0.0013034456012109303 -0.0090974144837018267 -0.0032647353991402841 0.033525943160078286 -0.0064497739932636638 0.026380703753489911 0.0014114659473328129 0.0015108305423674252 0.00026425727160843404 0.00145598084729901 0.017537577287405882 0.0091559648962304292 -0.0011042146070291193 0.0046968986504269065 -0.003400579654405256 -0.00069859211045997238 0.0018816905799857065 0.0013634158854141099 -0.0032751543387361526 -0.0018462095709863126 0.002138106038181231
leaf_weight=67 168 74 84 65 96 132 43 30 24 500 31 21 22 154 849 73 55 642 58 309 417 93 192
leaf_count=67 168 74 84 65 96 132 43 30 24 500 31 21 22 154 849 73 55 642 58 309 417 93 192
internal_value=-0.00106573 -0.00547656 -0.0147476 0.000914424 -0.000502742 0.00513699 -0.00244024 -3.54946e-05 -0.00377698 0.00295414 -0.00717391 0.0135621 -0.000300048 0.000682657 6.29723e-05 0.005 0.00273438 -0.00207219 -0.00146739 0.000505618 -0.00331579 0.00149254 -0.000648415
internal_weight=4199 1301 307 2898 2178 720 994 2113 139 567 115 153 2083 1345 1191 150 128 738 920 445 475 402 1041
internal_count=4199 1301 307 2898 2178 720 994 2113 139 567 115 153 2083 1345 1191 150 128 738 920 445 475 402 1041
cat_boundaries=0 1 2 3
cat_threshold=65 132 65
is_linear=0
shrinkage=0.05


Tree=84
num_leaves=24
num_cat=3
split_feature=0 4 5 0 5 16 5 5 16 4 5 4 5 0 8 5 5 5 5 9 9 5 5
split_gain=13.6715 14.1131 12.7132 5.93034 6.18661 4.79204 4.3233 3.59344 2.83241 2.68207 3.2747 2.29797 1.99204 1.42115 1.56283 1.43391 1.3046 3.56053 2.32823 1.30042 2.17133 2.08317 1.51047
threshold=0 1.0000000180025095e-35 1.0179578550006412 1 0.52541672543949758 1.0000000180025095e-35 1.2758260264362959 0.58440279015043262 3.485125 1.0000000180025095e-35 1.4971340844100429 1.0000000180025095e-35 0.87316366926095168 2 1.0000000180025095e-35 0.81306325873261354 1.1453412370221989 1.2104102448523337 1.0794653556291733 6361.1228677896806 2761.4735077852174 0.90242540787670034 0.91337345033287376
decision_type=1 2 2 1 2 2 2 2 2 2 2 2 2 1 2 2 2 2 2 2 2 2 2
left_child=1 7 -3 5 -5 -2 -7 -1 16 10 -6 -8 13 14 15 -11 18 -18 -4 20 22 -22 -9
right_child=3 2 8 4 9 6 11 19 -10 12 -12 -13 -14 -15 -16 -17 17 -19 -20 -21 21 -23 -24
leaf_value=-0.0078317583155165914 0.10221918375573923 -0.0094540151058981545 -0.00091147720435742492 -0.0074091486926214263 0.00069277141922334811 0.0026382470782621349 0.10506927217817369 -0.0042760526892460021 0.0011599625129300598 -0.0026386209079738987 0.028999464085384209 0.0045122249133535686 -0.00021004393226059515 -0.0046867757769600621 -0.0047215868600497986 0.0069567951030704905 0.00045330662916399109 -0.0011028030312654528 -0.0016680921432468236 0.00039227223338260679 0.00013366862014873028 -0.0041994210350286615 0.00055945709280229576
leaf_weight=48 58 162 21 106 1615 406 46 103 25 59 66 28 580 113 27 21 24 47 28 325 25 53 213
leaf_count=48 58 162 21 106 1615 406 46 103 25 59 66 28 580 113 27 21 24 47 28 325 25 53 213
internal_value=-0.00111336 -0.00595018 -0.0150651 0.000566188 -0.000433192 0.00529197 0.00375 -0.0023794 -0.00431034 7.05361e-05 0.00120464 0.0148649 -0.0023125 -0.00636364 -0.00149573 0.001875 -0.0075 -0.00316901 -0.0137755 -0.00149513 -0.0034264 -0.0108974 -0.00158228
internal_weight=4199 1074 307 3125 2587 538 480 767 145 2481 1681 74 800 220 107 80 120 71 49 719 394 78 316
internal_count=4199 1074 307 3125 2587 538 480 767 145 2481 1681 74 800 220 107 80 120 71 49 719 394 78 316
cat_boundaries=0 1 2 3
cat_threshold=65 4 10
is_linear=0
shrinkage=0.05


Tree=85
num_leaves=24
num_cat=2
split_feature=0 4 5 5 0 17 5 5 17 4 4 5 4 5 17 5 5 5 5 5 5 5 4
split_gain=12.6565 14.3317 13.1471 4.90431 4.05544 3.97224 3.43727 3.18222 2.70626 2.47813 2.34378 1.962 1.83702 1.64028 1.75042 1.48485 1.48359 3.24768 2.32823 1.47393 1.42238 1.41714 1.28046
threshold=0 1.0000000180025095e-35 1.0179578550006412 0.60124670721575979 1 1.0000000180025095e-35 1.2758260264362959 0.58440279015043262 82.258750000000006 1.0000000180025095e-35 1.0000000180025095e-35 1.7087207497092562 1.0000000180025095e-35 1.4590833241574643 74.884166666666673 0.48900742528759283 1.1453412370221989 1.2104102448523337 1.0794653556291733 0.7681049980012834 1.3310264847438595 0.97864785621514683 1.0000000180025095e-35
decision_type=1 2 2 2 1 2 2 2 2 2 2 2 2 2 2 2 2 2 2 2 2 2 2
left_child=1 7 -3 10 5 21 19 -1 16 -8 -2 12 13 -6 -15 -12 18 -18 -4 -7 -19 -5 -21
right_child=3 2 8 4 11 6 9 -9 -10 -11 15 -13 -14 14 -16 -17 17 20 -20 22 -22 -23 -24
leaf_value=-0.0074401703997407642 -0.0015427372545615105 -0.008981314350603245 -0.00086590334413955367 0.041296829021142047 0.0007113340152281822 0.013464088525159658 0.099815808569265002 -0.00072633608290209042 0.0011019643872835568 0.0042866136676858796 -0.021636012404730065 0.034549087055826357 -0.0012954664457053068 0.028450000964708691 0.014896127437095452 -0.0051031862645497753 0.0004306412977057915 -0.0011304462738437407 -0.0015846875360844823 0.0036670560648267348 -0.00028122722087108102 0.17217101494428519 -0.0040817058954321977
leaf_weight=48 168 162 21 25 1542 59 46 719 25 28 22 21 770 32 38 44 24 27 28 210 20 31 89
leaf_count=48 168 162 21 25 1542 59 46 719 25 28 22 21 770 32 38 44 24 27 28 210 20 31 89
internal_value=-0.00106573 -0.00571956 -0.0149023 0.000550239 0.00111553 0.00522088 0.0037037 -0.00211864 -0.00396552 0.0135135 -0.00641026 0.000259014 0.000125945 0.00108561 0.00857143 -0.0143939 -0.00708333 -0.00246479 -0.0137755 0.00167598 -0.0101064 0.0178571 0.000250836
internal_weight=4199 1074 307 3125 2891 488 432 767 145 74 234 2403 2382 1612 70 66 120 71 49 358 47 56 299
internal_count=4199 1074 307 3125 2891 488 432 767 145 74 234 2403 2382 1612 70 66 120 71 49 358 47 56 299
cat_boundaries=0 1 2
cat_threshold=65 4
is_linear=0
shrinkage=0.05


Tree=86
num_leaves=24
num_cat=2
split_feature=0 4 5 5 16 0 5 5 16 5 4 4 16 5 15 5 8 5 15 9 14 14 14
split_gain=12.6074 14.1135 13.5882 5.01766 4.00348 4.20821 3.20508 2.61508 2.58299 2.36263 2.34378 2.26852 1.93693 1.75111 1.60865 1.48485 1.45496 1.372 1.53247 2.42389 1.52601 2.00265 1.52378
threshold=0 1.0000000180025095e-35 1.0179578550006412 0.60124670721575979 1.4758333333333338 1 0.57324090082199908 1.4590833241574643 3.485125 1.0294041024118206 1.0000000180025095e-35 1.0000000180025095e-35 3.485125 1.4308953954205845 12.915267047521494 0.48900742528759283 1.0000000180025095e-35 0.64337206274225478 91.045219329640332 14303.539581722145 70699.343738724943 67715.521830772239 158982.04161539089
decision_type=1 2 2 2 2 1 2 2 2 2 2 2 2 2 2 2 2 2 2 2 2 2 2
left_child=1 6 -3 10 5 9 -1 14 16 -5 -2 -11 13 17 -7 -12 -4 -6 20 22 21 -19 -20
right_child=3 2 8 4 12 7 -8 -9 -10 11 15 -13 -14 -15 -16 -17 -18 18 19 -21 -22 -23 -24
leaf_value=-0.0072585127425792489 -0.0014656003918334327 -0.0085322486330730845 -0.0012017010414665094 0.0077646563170216346 -0.0045634369050580716 -0.0038229900935737417 -0.00068987534726738797 0.021848831087085553 0.001046866167919379 0.091982393808349855 -0.02055421178449356 0.015993564540853412 -0.0024419165402899457 0.013907795355032671 0.0011544644632155876 -0.0048480269513222823 4.477122494089477e-05 0.00081731252113499415 -0.0040824310546219711 0.0017840971801608707 0.0035931151127486685 -0.0045383204501699302 0.00035516873370933233
leaf_weight=45 168 162 87 100 33 25 722 39 25 54 22 36 417 98 768 44 33 691 192 168 184 20 66
leaf_count=45 168 162 87 100 33 25 722 39 25 54 22 36 417 98 768 44 33 691 192 168 184 20 66
internal_value=-0.000982377 -0.00562731 -0.0147394 0.000629984 0.00120201 0.0037182 -0.00205346 0.00207838 -0.00362069 0.01025 -0.00641026 0.0166667 -0.00017389 0.000688705 0.00148172 -0.0143939 -0.00666667 0.000221566 0.000473126 -0.00199531 0.00164804 0.00059775 -0.00503876
internal_weight=4199 1074 307 3125 2891 1022 767 832 145 190 234 90 1869 1452 793 66 120 1354 1321 426 895 711 258
internal_count=4199 1074 307 3125 2891 1022 767 832 145 190 234 90 1869 1452 793 66 120 1354 1321 426 895 711 258
cat_boundaries=0 1 2
cat_threshold=65 4
is_linear=0
shrinkage=0.05


Tree=87
num_leaves=24
num_cat=0
split_feature=4 5 5 16 5 5 5 17 16 5 5 16 14 14 15 14 11 5 3 15 15 14 7
split_gain=12.1198 7.01857 3.85417 3.38386 3.33687 2.83377 2.60519 1.80209 1.7215 1.51157 1.62093 1.55336 1.35752 1.36934 1.34729 1.32266 1.24022 1.45652 1.23693 1.83692 2.33341 1.68751 1.55639
threshold=1.0000000180025095e-35 0.87316366926095168 1.0294041024118206 3.485125 0.48900742528759283 0.42540951297941754 1.4854173152328105 74.884166666666673 1.0000000180025095e-35 0.88677049098292526 1.0205400194928897 1.4758333333333338 26305.939935509199 3266.7929921612026 120.91722485504575 46234.081037188625 0.76884862789191122 1.2782222241056231 1.0000000180025095e-35 162.51574026185963 50.088571606573716 12132.816732385716 1.5000000000000002
decision_type=2 2 2 2 2 2 2 2 2 2 2 2 2 2 2 2 2 2 2 2 2 2 2
left_child=2 4 5 6 -2 -1 8 14 16 -3 11 -11 13 -10 15 -6 17 -4 21 20 -20 -7 -23
right_child=1 9 3 -5 7 18 -8 -9 12 10 -12 -13 -14 -15 -16 -17 -18 -19 19 -21 -22 22 -24
leaf_value=-0.0072941168327897545 -0.014031859062856124 0.0039303020738249211 0.013806724777856272 -0.0016103548222410114 -0.0035421229542283886 0.0053529970542961942 0.020735931476815142 -0.0065108619526232205 0.012033762073505372 -0.0015916424060790748 -0.0003285830625622925 -0.0051898292431992515 0.0032512097231315097 -0.0018788932815996919 0.0024542859968780029 -0.0060658199708839219 0.00060229480967062272 0.040100246742826862 -0.0031159847299495947 -0.0067747490928685818 0.00048114003119383855 0.00052144440346639791 -0.001700848594783322
leaf_weight=57 36 21 70 194 126 96 100 156 21 100 628 146 707 180 21 67 39 31 166 20 260 630 327
leaf_count=57 36 21 70 194 126 96 100 156 21 100 628 146 707 180 21 67 39 31 166 20 260 630 327
internal_value=-0.00100619 -0.00501537 0.000793651 0.00275708 -0.010468 -0.000899743 0.0037892 -0.00905405 0.00305344 -0.0025419 -0.00286041 -0.00630081 0.00225771 -0.00136816 -0.00607477 -0.00738342 0.00821429 0.0111386 -0.000483656 -0.00269058 -0.00199531 0.000451092 -0.000182863
internal_weight=4199 1301 2898 1342 406 1556 1148 370 1048 895 874 246 908 201 214 193 140 101 1499 446 426 1053 957
internal_count=4199 1301 2898 1342 406 1556 1148 370 1048 895 874 246 908 201 214 193 140 101 1499 446 426 1053 957
is_linear=0
shrinkage=0.05


Tree=88
num_leaves=24
num_cat=2
split_feature=0 4 5 0 5 16 5 5 17 4 5 18 4 5 5 5 11 14 16 7 9 9 7
split_gain=13.0972 12.0893 13.239 4.84056 4.63252 4.51559 3.49188 2.98312 2.65547 2.31112 3.3891 1.99017 1.98151 2.46958 1.81355 1.73687 1.63116 1.52218 1.44676 1.96065 1.41369 1.34088 1.32092
threshold=0 1.0000000180025095e-35 1.0179578550006412 1 0.48900742528759283 1.0000000180025095e-35 1.4217699221021534 0.57324090082199908 74.884166666666673 1.0000000180025095e-35 1.1849080813926278 1.0000000180025095e-35 1.0000000180025095e-35 1.5137990806277084 0.96426533895968825 0.61287064589900508 0.0092349343775341586 49735.567852098255 1.756416666666667 1.0000000180025095e-35 609.11502569308516 7583.0735006922287 1.5000000000000002
decision_type=1 2 2 1 2 2 2 2 2 2 2 2 2 2 2 2 2 2 2 2 2 2 2
left_child=1 7 -3 5 20 -2 9 -1 -4 10 11 -7 13 -6 -11 -14 -10 -12 19 -16 -5 -9 -13
right_child=3 2 8 4 12 6 -8 21 16 14 17 22 15 -15 18 -17 -18 -19 -20 -21 -22 -23 -24
leaf_value=-0.0069196441070099816 0.087991832494103944 -0.0078023452028752327 -0.0014014308411777509 -0.0038796938051032237 0.00056731387522450665 0.016942538701193621 0.1042890493774456 -0.0014193965490672757 -0.00010790040447333088 0.0051875183334517683 0.015137053401779356 0.0043003917343559907 -0.0045088374549197398 0.025194336281911991 0.007197278274683994 -0.00075770445725562583 0.00063946371251722171 0.053293954735191565 -0.013360463433068404 -0.006500019005443303 -0.008589162949491037 0.00037879817511999317 -0.0051900413572540495
leaf_weight=45 58 162 80 28 1637 32 26 424 41 64 21 159 42 63 21 769 24 31 27 27 48 298 72
leaf_count=45 58 162 80 28 1637 32 26 424 41 64 21 159 42 63 21 769 24 31 27 27 48 298 72
internal_value=-0.00107764 -0.00581181 -0.0142508 0.000566188 -0.000336927 0.00483577 0.00333333 -0.00250978 -0.00327586 0.00231278 0.00468254 0.00237643 2.98686e-05 0.001 -0.00305755 -0.0020037 0.00423077 0.0163462 -0.00833333 -0.003125 -0.0125 -0.0017313 0.000757576
internal_weight=4199 1074 307 3125 2587 538 480 767 145 454 315 263 2511 1700 139 811 65 52 75 48 76 722 231
internal_count=4199 1074 307 3125 2587 538 480 767 145 454 315 263 2511 1700 139 811 65 52 75 48 76 722 231
cat_boundaries=0 1 2
cat_threshold=65 4
is_linear=0
shrinkage=0.05


Tree=89
num_leaves=24
num_cat=3
split_feature=0 4 16 0 16 4 4 16 0 7 14 9 9 15 15 14 7 15 16 20 2 15 14
split_gain=11.4877 12.4275 3.78309 4.47849 3.03003 2.41896 1.72584 1.52533 1.31227 1.72052 1.66455 1.59172 1.54853 1.40956 1.34864 2.50863 1.70455 1.58163 1.32513 1.31957 1.31488 1.61883 1.30605
threshold=0 1.0000000180025095e-35 3.485125 1 1.0000000180025095e-35 1.0000000180025095e-35 1.0000000180025095e-35 1.0000000180025095e-35 2 1.5000000000000002 160833.74598110671 11328.807924415096 3682.7909514043681 114.07011094534455 78.708619821075715 22592.649070886775 1.0000000180025095e-35 126.42692486186748 1.756416666666667 1.0000000180025095e-35 2027.5000000000002 95.469103393965256 13131.829027744772
decision_type=1 2 2 1 2 2 2 2 1 2 2 2 2 2 2 2 2 2 2 2 2 2 2
left_child=1 -1 3 4 -2 -6 8 -3 9 10 13 12 14 18 15 -10 -17 -16 19 -5 -21 -22 -11
right_child=2 7 -4 6 5 -7 -8 -9 11 22 -12 -13 -14 -15 17 16 -18 -19 -20 20 21 -23 -24
leaf_value=-0.0012698239596936501 0.083592240869398718 -0.030650655668288729 -0.0025990274895035582 0.0094335018122330815 0.013160429058076595 -0.00036571303785180035 -0.00096986260813903278 -0.0022219666787715894 -0.0028482746576479648 0.0096069592022152046 0.012809910989164175 0.0031705833691509258 -0.0044069885062719919 -0.0016691050117772833 -0.0052544746780479384 0.00090862189413885028 0.0089146937026492352 0.0014758969231088105 0.00047343750287216492 0.010937079146195705 0.0019860328229350912 0.0046024525250236261 -0.0011336501843895342
leaf_weight=767 58 29 442 61 277 126 710 278 73 24 43 208 121 97 51 50 60 43 146 35 184 45 271
leaf_count=767 58 29 442 61 277 126 710 278 73 24 43 208 121 97 51 50 60 43 146 35 184 45 271
internal_value=-0.00110145 -0.00553506 0.000438596 0.00114611 0.00557325 0.00415633 0.000201613 -0.0140879 0.00115741 0.00234716 0.00388707 -0.000649351 -0.00251256 0.00316901 -0.000451264 0.00204918 0.00681818 -0.00531915 0.00429936 0.00607692 0.00454545 0.00316594 -0.000762712
internal_weight=4199 1074 3125 2683 461 403 2222 307 1512 906 611 606 398 568 277 183 110 94 471 325 264 229 295
internal_count=4199 1074 3125 2683 461 403 2222 307 1512 906 611 606 398 568 277 183 110 94 471 325 264 229 295
cat_boundaries=0 1 2 3
cat_threshold=65 4 162
is_linear=0
shrinkage=0.05


Tree=90
num_leaves=24
num_cat=0
split_feature=4 5 5 5 16 5 5 14 9 17 5 18 5 5 2 5 9 14 37 17 2 15 14
split_gain=9.90758 7.37837 4.14576 3.45094 2.7333 3.33777 2.2058 2.08921 1.84987 1.75805 1.66219 1.50711 1.41136 1.49199 2.04561 2.00352 1.75709 1.40039 1.42997 1.33602 1.32292 1.29545 1.46556
threshold=1.0000000180025095e-35 0.87316366926095168 0.50361592300952374 0.48900742528759283 1.0000000180025095e-35 1.3310264847438595 0.90661399244645735 3894.1625930649102 8976.3250866375038 74.884166666666673 1.6631307399525419 1.0000000180025095e-35 0.88677049098292526 1.0503106425183286 2036.5000000000002 1.0687437210359148 1.0000000180025095e-35 27057.892034168963 1.0000000180025095e-35 74.884166666666673 2035.5000000000002 120.91722485504575 33989.28466491944
decision_type=2 2 2 2 2 2 2 2 2 2 2 2 2 2 2 2 2 2 2 2 2 2 2
left_child=2 3 8 -2 5 11 -6 -8 -1 21 17 -4 -3 14 16 -15 -14 18 -9 -16 -17 22 -5
right_child=1 12 4 9 6 -7 7 10 -10 -11 -12 -13 13 15 19 20 -18 -19 -20 -21 -22 -23 -24
leaf_value=-0.001503540227029232 -0.012852314831831814 0.0038201653234034129 0.0056950838973911294 -0.00064843056223325981 -0.00098228230213323066 0.062669989427705589 0.011791512094283264 -0.0025580725155888162 -0.0073585208119237638 -0.0057977435563744146 0.023332252705940373 0.0033573243768517339 -0.00099438861977519679 0.0020079105867259577 0.0020022823155686265 9.2024060336562906e-05 -0.0062103133097596522 0.0013774829189326266 0.0054226369386764957 -0.0015142726249641389 -0.00099870879698160664 0.0024179500503038521 -0.0053642818817933053
leaf_weight=69 36 21 37 83 834 40 35 277 40 156 32 266 57 30 49 342 154 1238 30 39 203 21 110
leaf_count=69 36 21 37 83 834 40 35 277 40 156 32 266 57 30 49 342 154 1238 30 39 203 21 110
internal_value=-0.00100619 -0.00463105 0.000621118 -0.0102217 0.00099498 0.00517493 0.000408831 0.00148883 -0.00894495 -0.00878378 0.00122067 0.00338284 -0.00209497 -0.00240275 -0.00526756 -0.000913043 -0.00793839 0.000987055 -0.00203583 0.00113636 -0.0016055 -0.00584112 -0.00712435
internal_weight=4199 1301 2898 406 2789 343 2446 1612 109 370 1577 303 895 874 299 575 211 1545 307 88 545 214 193
internal_count=4199 1301 2898 406 2789 343 2446 1612 109 370 1577 303 895 874 299 575 211 1545 307 88 545 214 193
is_linear=0
shrinkage=0.05


Tree=91
num_leaves=24
num_cat=3
split_feature=0 4 5 5 17 4 5 16 5 0 5 15 16 7 9 14 9 9 5 14 1 2 14
split_gain=10.9162 11.2335 14.8904 4.17485 3.72571 3.44446 3.8551 4.09068 2.94582 2.74583 2.18598 2.03377 1.81537 1.76421 1.88082 1.58818 1.5612 1.612 1.57193 1.53731 1.73541 1.5435 1.49827
threshold=0 1.0000000180025095e-35 0.98074084135780404 0.40013708798615666 73.879583333333343 1.0000000180025095e-35 1.1625859542886614 1.0000000180025095e-35 0.50361592300952374 1 0.61287064589900508 18.184785964276539 3.485125 1.5000000000000002 14017.370295984869 57546.577040970296 6361.1228677896806 2761.4735077852174 0.99399758775364122 11169.636392033348 2 2039.5000000000002 49238.113949496052
decision_type=1 2 2 2 2 2 2 2 2 1 2 2 2 2 2 2 2 2 2 2 1 2 2
left_child=1 8 -3 -2 -4 6 19 -8 -1 12 22 -11 -9 -13 15 -15 17 -10 -19 20 -5 -21 -7
right_child=3 2 4 5 -6 10 7 9 16 11 -12 13 -14 14 -16 -17 -18 18 -20 21 -22 -23 -24
leaf_value=-0.0084312321268547596 -0.0071798651913196959 -0.0072113919137465152 -0.0011978336382322706 0.011549858823631555 0.0002247551921819278 -0.001737057724926383 0.042898111655809236 0.023378841237740835 -0.0010049173988443628 0.022742856118788592 -0.00033880953584848329 0.0032528307719907447 -0.00061505112575201972 -0.011926302121213084 0.0072052884880634332 -0.00055701417625195757 0.00022165438688757089 -0.0045664929947903726 -0.0038613110488645019 -0.0003569057345317872 -0.00030860506731854591 0.0033473950612621598 -0.0063542471006345141
leaf_weight=25 44 146 73 53 88 32 71 134 325 22 920 246 30 27 26 40 337 38 42 1306 54 89 31
leaf_count=25 44 146 73 53 88 32 71 134 325 22 920 246 30 27 26 40 337 38 42 1306 54 89 31
internal_value=-0.000982377 -0.00530443 -0.0134365 0.000518341 -0.00295031 0.000738397 0.00188275 0.00528523 -0.00211864 0.0037619 -0.00170397 0.00114555 0.00890805 0.000221239 -0.00564516 -0.0100746 -0.00154987 -0.00364198 -0.01 0.000532623 0.00630841 8.96057e-05 -0.0107143
internal_weight=4199 1074 307 3125 161 3081 2098 596 767 525 983 361 164 339 93 67 742 405 80 1502 107 1395 63
internal_count=4199 1074 307 3125 161 3081 2098 596 767 525 983 361 164 339 93 67 742 405 80 1502 107 1395 63
cat_boundaries=0 1 2 3
cat_threshold=65 132 4
is_linear=0
shrinkage=0.05


Tree=92
num_leaves=24
num_cat=2
split_feature=0 5 0 5 16 5 5 5 16 5 5 9 16 5 14 5 8 7 5 5 9 9 9
split_gain=10.3967 6.41172 3.87047 4.45582 3.75152 3.65708 3.43935 1.5344 1.53431 1.54075 1.30812 1.26959 1.26875 2.18139 1.99498 1.25273 1.19557 1.89512 1.23167 2.44841 1.39141 1.34963 2.5206
threshold=0 0.97590027831923531 1 0.52541672543949758 1.0000000180025095e-35 1.4217699221021534 0.48900742528759283 0.90661399244645735 1.0000000180025095e-35 0.8683379809646673 0.97864785621514683 609.11502569308516 1.756416666666667 1.1849080813926278 13749.0375045001 1.7087207497092562 1.0000000180025095e-35 1.0000000180025095e-35 1.0658108544522935 1.1543510596373601 5973.9972786021053 6903.6396382591493 2116.1834180581504
decision_type=1 2 1 2 2 2 2 2 2 2 2 2 2 2 2 2 2 2 2 2 2 2 2
left_child=1 6 4 11 10 12 -1 -5 9 -8 -2 -4 13 -6 -14 -9 17 18 20 -20 -3 22 -21
right_child=2 16 3 7 5 -7 8 15 -10 -11 -12 -13 14 -15 -16 -17 -18 -19 19 21 -22 -23 -24
leaf_value=-0.0078763986998024674 0.027729887619421058 0.0020601475217051583 -0.0020593694277131315 -0.00077337120310860819 0.0021711399757244009 0.097178759247835797 0.0020469517440646181 0.00068366583448840066 -0.0052845957542872867 -0.014406168331907644 0.15421235072875686 -0.0065579348638893148 0.014402273491098861 0.024425108036168288 -0.0034380885239066574 0.02847680349830686 0.00045749795845784549 -0.001364843194938732 -0.0016405468410095115 0.00042967663163269166 -0.00064544432228700872 0.0020505623069994173 -0.005131563070703558
leaf_weight=33 27 42 39 815 217 26 38 1645 407 22 31 67 21 57 159 21 155 125 59 61 32 72 28
leaf_count=33 27 42 39 815 217 26 38 1645 407 22 31 67 21 57 159 21 155 125 59 61 32 72 28
internal_value=-0.000994284 -0.00521218 0.000470494 -0.000336927 0.00428832 0.00291667 -0.0094 9.06892e-05 -0.00829764 -0.000833333 0.0163793 -0.0103774 0.00187225 0.0040146 -0.00138889 0.000960384 -0.00165505 -0.00304296 -0.00085034 -0.00272727 0.00472973 0.000465839 -0.00365169
internal_weight=4199 1074 3125 2587 538 480 500 2481 467 60 58 106 454 274 180 1666 574 419 294 220 74 161 89
internal_count=4199 1074 3125 2587 538 480 500 2481 467 60 58 106 454 274 180 1666 574 419 294 220 74 161 89
cat_boundaries=0 1 2
cat_threshold=65 4
is_linear=0
shrinkage=0.05


Tree=93
num_leaves=24
num_cat=2
split_feature=0 5 0 5 5 16 5 16 5 16 5 5 15 2 16 14 16 2 14 16 9 5 5
split_gain=9.63323 6.04334 3.74208 4.19907 3.96601 3.26957 2.96521 1.54607 3.46937 1.4051 1.54075 1.38342 1.47135 1.37351 2.01864 1.2314 1.4659 2.13371 1.34312 1.19898 1.63811 1.19538 1.36402
threshold=0 0.97590027831923531 1 1.3375357467376412 0.50361592300952374 1.0000000180025095e-35 0.48900742528759283 1.0000000180025095e-35 1.3514613398798503 1.0000000180025095e-35 0.8683379809646673 0.78493427256843895 19.70506439415054 2031.5000000000002 1.0000000180025095e-35 10511.49437431208 1.756416666666667 2037.5000000000002 31746.985827870991 1.4758333333333338 394.05334507355502 1.0471804065065857 0.96190403407743663
decision_type=1 2 1 2 2 2 2 2 2 2 2 2 2 2 2 2 2 2 2 2 2 2 2
left_child=1 6 3 5 -4 -2 -1 8 -6 10 -8 12 -9 -3 -15 -7 18 -18 -17 20 -14 22 -20
right_child=2 13 4 -5 7 15 9 11 -10 -11 -12 -13 19 14 -16 16 17 -19 21 -21 -22 -23 -24
leaf_value=-0.0074825787648123421 0.055775682633496665 -0.0011104512571360899 -0.0063980941977199507 0.086403493275870255 0.001066865608261014 0.015580541499786493 0.001944604156861396 0.0034175123558712554 0.057457204643110771 -0.0050203659665729221 -0.01368585991531226 0.00016132522945220274 -0.0036489042720229126 -0.0068643933588253382 0.00024933214059816864 -0.010478246749122656 -0.0067054053819945785 0.013682159816543927 0.0053394124524865916 -0.0031374708566636825 0.0012584135535065489 0.020946738173771531 -0.0058633316298750239
leaf_weight=33 50 216 85 54 294 32 38 29 29 407 22 1789 38 33 325 28 122 35 107 253 70 85 25
leaf_count=33 50 216 85 54 294 32 38 29 29 407 22 1789 38 33 325 28 122 35 107 253 70 85 25
internal_value=-0.000875208 -0.00493542 0.00053429 0.00428832 -0.000259915 0.00289256 -0.009 9.99201e-05 0.00332817 -0.00797645 -0.000833333 -0.000378614 -0.00307692 -0.00148084 0.000418994 0.0014977 0.000746269 -0.00302548 0.00316327 -0.00394737 0.000462963 0.00449309 0.00151515
internal_weight=4199 1074 3125 538 2587 484 500 2502 323 467 60 2179 390 574 358 434 402 157 245 361 108 217 132
internal_count=4199 1074 3125 538 2587 484 500 2502 323 467 60 2179 390 574 358 434 402 157 245 361 108 217 132
cat_boundaries=0 1 2
cat_threshold=65 4
is_linear=0
shrinkage=0.05


Tree=94
num_leaves=24
num_cat=4
split_feature=4 0 0 16 16 2 16 0 8 15 17 9 0 2 2 9 9 9 9 15 15 9 16
split_gain=10.0739 10.6592 4.43043 1.86071 1.81121 2.12338 1.80996 1.9813 2.71797 1.72608 1.57755 1.34428 1.18226 1.42316 1.23945 1.17862 1.17116 1.35233 1.15213 1.55678 1.40882 1.14789 1.10085
threshold=1.0000000180025095e-35 0 1 1.0000000180025095e-35 1.756416666666667 2037.5000000000002 3.485125 2 1.0000000180025095e-35 103.24777156469699 73.879583333333343 10462.996979186961 3 2036.5000000000002 2030.5000000000002 6112.4550825136303 60593.218783511074 55592.232631112907 1375.1707708702409 47.987488592806073 12.915267047521494 13050.410690394101 3.485125
decision_type=2 1 1 2 2 2 2 1 2 2 2 2 1 2 2 2 2 2 2 2 2 2 2
left_child=2 3 4 -2 11 -6 7 8 10 21 -4 -1 13 -8 -14 18 17 -17 19 20 -9 -10 -3
right_child=1 22 6 -5 5 -7 12 15 9 -11 -12 -13 14 -15 -16 16 -18 -19 -20 -21 -22 -23 -24
leaf_value=0.020095749581258149 -0.027042436211337992 -0.00048098857388435557 -0.00074028360738033765 -0.0017154391530156722 -0.0023302853070692464 0.019304063157850361 0.0010282695775681362 -0.0025256109507674433 0.0032202688885912658 0.0042993475282966376 -0.0038987264525392807 0.0050724418298623069 -0.0061155823549787994 -0.0033055372326753155 -0.0010036836043749498 0.0021284483344876869 -0.0012760292255224127 0.0064674799104808226 -0.0016337918069982305 -0.00065872986604693657 0.0034117830576560928 -0.0047803007207798181 -0.0040612599297797482
leaf_weight=159 29 854 228 278 106 24 114 40 94 35 207 83 83 36 135 636 75 25 265 255 278 20 140
leaf_count=159 29 854 228 278 106 24 114 40 94 35 207 83 83 36 135 636 75 25 265 255 278 20 140
internal_value=-0.000899024 -0.00455419 0.000741891 -0.0125394 0.00575916 0.00115385 -1.97161e-05 0.000532901 -0.00193603 0.00385906 -0.00396552 0.00847107 -0.00326087 0.0003125 -0.00548246 0.00145202 0.0029212 0.00359304 0.000178998 0.00143979 0.00377358 0.000877193 -0.00194223
internal_weight=4199 1301 2898 307 372 130 2526 2158 584 149 435 242 368 150 218 1574 736 661 838 573 318 114 994
internal_count=4199 1301 2898 307 372 130 2526 2158 584 149 435 242 368 150 218 1574 736 661 838 573 318 114 994
cat_boundaries=0 1 2 3 4
cat_threshold=65 4 9 25
is_linear=0
shrinkage=0.05


Tree=95
num_leaves=24
num_cat=2
split_feature=4 0 5 5 17 0 5 5 16 9 9 2 16 5 9 9 5 5 5 3 2 5 5
split_gain=9.25869 10.1316 16.1304 4.79728 4.23957 4.16111 5.02955 3.10602 2.89498 2.86978 2.26656 1.80066 1.68821 1.93392 1.58031 1.39417 1.38076 1.35448 1.33484 1.2757 1.31226 1.23463 1.21338
threshold=1.0000000180025095e-35 0 0.98074084135780404 0.48900742528759283 73.879583333333343 1 1.0294041024118206 0.50361592300952374 1.4758333333333338 455.53286219347382 6903.6396382591493 2035.5000000000002 1.4758333333333338 1.1625859542886614 3501.7225505007154 10462.996979186961 1.2141818954864803 1.0719064968597067 1.1523394282416142 1.0000000180025095e-35 2029.5000000000002 1.0816180947461709 0.69157279007383188
decision_type=2 1 2 2 2 1 2 2 2 2 2 2 2 2 2 2 2 2 2 2 2 2 2
left_child=5 2 -2 -3 18 6 9 -7 -8 -1 14 16 13 15 -9 -12 21 -17 -4 -11 -21 -10 -14
right_child=1 3 4 -5 -6 7 8 10 11 19 12 -13 22 -15 -16 17 -18 -19 -20 20 -22 -23 -24
leaf_value=0.0037465078385605201 -0.0062498022743653963 -0.01726996899700034 -0.00098966818244244285 -0.00061477592827155481 0.00033296039986266656 -0.0055983324327875117 0.026869127424905593 -0.00044304170064677354 0.0085886155031350327 -0.0002394677787179278 0.0065303095678373784 0.012730098373337074 -0.0036004477960356776 0.0081015704438286203 -0.0036489361005626279 0.0016573296727783737 0.012865277022406385 -0.0043362581019952941 -0.00050631595142268328 0.0013817782995991124 -0.0065699461780647124 -0.0038451559759609569 0.00066372479349989803
leaf_weight=135 146 22 38 972 88 78 118 991 22 182 36 73 55 92 178 136 59 36 35 22 58 51 576
leaf_count=135 146 22 38 972 88 78 118 991 22 182 36 73 55 92 178 136 59 36 35 22 58 51 576
internal_value=-0.000934746 -0.00443889 -0.012224 -0.00189243 -0.00170807 0.000638371 0.00390411 -0.000457038 0.00859133 0.000188917 -9.52381e-05 0.005 0.00174544 0.00483333 -0.00156116 0.00216346 0.00151515 0.000290698 -0.0106164 -0.0028626 -0.008125 -0.00308219 0.000277338
internal_weight=4199 1301 307 994 161 2898 720 2178 323 397 2100 205 931 300 1169 208 132 172 73 262 80 73 631
internal_count=4199 1301 307 994 161 2898 720 2178 323 397 2100 205 931 300 1169 208 132 172 73 262 80 73 631
cat_boundaries=0 1 2
cat_threshold=65 132
is_linear=0
shrinkage=0.05


Tree=96
num_leaves=24
num_cat=3
split_feature=0 4 5 17 5 16 0 5 16 5 14 5 5 9 4 5 9 5 9 9 0 2 5
split_gain=9.03603 10.285 16.1304 4.23957 3.06067 3.05181 3.19562 4.02524 2.8784 2.13841 1.66875 1.4506 1.41678 1.38232 1.32508 2.24878 2.13739 1.26874 1.39404 2.87054 1.8727 2.0368 1.62266
threshold=0 1.0000000180025095e-35 0.98074084135780404 73.879583333333343 0.50361592300952374 3.485125 1 1.3514613398798503 1.0000000180025095e-35 0.91917282543764645 42329.589652221854 0.58440279015043262 0.97864785621514683 66728.022717860862 1.0000000180025095e-35 1.1543510596373601 4608.467562240955 1.6631307399525419 14017.370295984869 15565.808732800955 2 2030.5000000000002 0.99972858438040657
decision_type=1 2 2 2 2 2 1 2 2 2 2 2 2 2 2 2 2 2 2 2 1 2 2
left_child=1 4 -3 10 -1 6 7 8 12 13 -4 -7 -2 -8 15 16 -10 18 20 -20 22 -22 -11
right_child=5 2 3 -5 -6 11 9 -9 14 17 -12 -13 -14 -15 -16 -17 -18 -19 19 -21 21 -23 -24
leaf_value=-0.0069349556216567361 0.023609397331882942 -0.0059373121606471268 -0.00054073917398319953 0.0003163123798695332 -0.00056433870339079879 -0.0060581528208374369 -0.00051992976960017485 0.08099010667703288 0.010005879379174409 0.0063062372096097446 -0.0010014476796966316 -0.0017608694314981133 0.12687799719720072 -0.0025247367713564506 -0.0027503995986916776 0.020515223327941534 -0.0026240052473615275 0.020108431866982593 0.010828163144398717 0.0013346998317098624 0.0023974512549630234 -0.0025689410378710864 0.00087183802442681875
leaf_weight=25 27 146 40 88 742 22 796 44 105 82 33 420 25 39 112 51 97 30 34 366 201 356 318
leaf_count=25 27 146 40 88 742 22 796 44 105 82 33 420 25 39 112 51 97 30 34 366 201 356 318
internal_value=-0.000910931 -0.00484317 -0.0126221 -0.00170807 -0.0017927 0.000454545 0.0010902 0.00483015 0.00341727 0.000291219 -0.0106164 -0.00339367 0.0144231 -0.00170659 0.00184932 0.00385375 0.00148515 0.00149603 0.00127119 0.00375 0.00023511 -0.00163139 0.00280488
internal_weight=4199 1074 307 161 767 3125 2683 461 417 2222 73 442 52 835 365 253 202 1387 1357 400 957 557 400
internal_count=4199 1074 307 161 767 3125 2683 461 417 2222 73 442 52 835 365 253 202 1387 1357 400 957 557 400
cat_boundaries=0 1 2 3
cat_threshold=65 4 160
is_linear=0
shrinkage=0.05


Tree=97
num_leaves=24
num_cat=2
split_feature=4 0 5 5 17 0 5 5 9 9 14 16 5 16 9 16 14 5 9 5 15 14 8
split_gain=8.89053 9.71678 16.3418 4.83918 4.28966 3.21782 4.96153 2.27024 1.99509 1.98866 1.91969 1.65159 1.85816 1.59316 1.59279 1.64547 1.55025 1.39018 1.26634 1.26332 1.25768 2.40355 2.21725
threshold=1.0000000180025095e-35 0 0.96905256789785377 0.48900742528759283 73.879583333333343 1 1.1984608579909508 0.40013708798615666 6361.1228677896806 3501.7225505007154 42329.589652221854 1.4758333333333338 1.1625859542886614 3.485125 9586.3725881875816 1.0000000180025095e-35 40751.239959659339 0.69157279007383188 6903.6396382591493 1.0017296210586071 22.754466787808642 37674.709143221706 1.0000000180025095e-35
decision_type=2 1 2 2 2 1 2 2 2 2 2 2 2 2 2 2 2 2 2 2 2 2 2
left_child=5 2 -2 -3 10 6 14 -7 9 20 -4 12 -10 -8 15 -1 -11 -13 -6 -16 21 22 -9
right_child=1 3 4 -5 18 7 13 8 11 16 -12 17 -14 -15 19 -17 -18 -19 -20 -21 -22 -23 -24
leaf_value=0.018162218859465451 -0.0056855552616115424 -0.016380474058670314 -0.0003614512690240334 -0.00057480042561920968 0.00054374479207879977 -0.0070780985449289792 0.024798235153309856 -0.0012888228348862274 0.0014009492742484309 -0.0091782633554163603 -0.00098183698020315935 -0.0031916001415435713 0.0066189376253073199 -0.00081862728098069937 -0.0036597381885524975 0.0022260066264588097 -0.0019173610427520194 0.00065764526564968681 1.7961500557347456e-05 0.0013643761031517877 -0.00076969746816328848 0.006744695031860171 0.0055336600472756904
leaf_weight=44 143 22 41 972 40 31 132 103 227 53 34 68 93 21 124 320 103 590 49 79 847 32 31
leaf_count=44 143 22 41 972 40 31 132 103 227 53 34 68 93 21 124 320 103 590 49 79 847 32 31
internal_value=-0.000851393 -0.00428517 -0.0119085 -0.00179283 -0.00152439 0.000690131 0.00356164 -0.000274223 -8.15091e-05 -0.00147562 -0.0103333 0.00158487 0.00453125 0.0116013 0.00145503 0.00343407 -0.00673077 0.000151976 0.00589888 -0.0020936 -0.000666338 0.00331325 0.000373134
internal_weight=4199 1301 307 994 164 2898 720 2178 2147 1169 75 978 320 153 567 364 156 658 89 203 1013 166 134
internal_count=4199 1301 307 994 164 2898 720 2178 2147 1169 75 978 320 153 567 364 156 658 89 203 1013 166 134
cat_boundaries=0 1 2
cat_threshold=65 132
is_linear=0
shrinkage=0.05


Tree=98
num_leaves=24
num_cat=5
split_feature=0 4 5 17 5 17 5 14 5 8 4 5 0 5 0 5 4 2 2 1 0 5 14
split_gain=8.56392 9.67555 15.4299 3.99787 2.92687 2.35089 2.97601 1.91969 1.8031 1.39277 1.30893 1.88594 1.33539 3.95127 1.28294 1.26099 1.23087 1.22904 1.77872 1.78679 1.68956 1.68103 1.46587
threshold=0 1.0000000180025095e-35 0.96905256789785377 73.879583333333343 0.84976300489942436 1.0000000180025095e-35 1.3514613398798503 42329.589652221854 0.50361592300952374 1.5000000000000002 1.0000000180025095e-35 1.5137990806277084 1 1.2677191133471377 2 0.97864785621514683 1.0000000180025095e-35 2036.5000000000002 2038.5000000000002 3 4 0.60620533040346569 46234.081037188625
decision_type=1 2 2 2 2 2 2 2 2 2 2 2 1 2 1 2 2 2 2 1 1 2 2
left_child=1 8 -3 7 9 6 14 -4 -1 17 11 12 13 -7 15 -6 -17 20 -19 -20 22 -22 -2
right_child=4 2 3 -5 5 10 -8 -9 -10 -11 -12 -13 -14 -15 -16 16 -18 18 19 -21 21 -23 -24
leaf_value=-0.0064052930572631511 -0.00075880237229237763 -0.0054012774985309651 -0.00034337870557283169 0.00026298661262849388 0.0009017407747953011 0.0012172204719609781 0.05980552987846828 -0.00093274513119300136 -0.00051193451067967912 -0.0059672141663900061 -0.00050743082787755298 0.022030770008027646 0.00051180410366216125 0.072631548858948403 7.8087853335073742e-06 0.030651832462444961 0.0047107072265621941 0.0037267285400049976 0.0029362902253061932 -0.0041222529607464753 -0.0030136201909388375 0.0020202410280825089 -0.0039470963994942881
leaf_weight=25 117 143 41 89 34 178 35 34 742 58 626 61 1029 41 137 57 21 118 49 70 80 232 182
leaf_count=25 117 143 41 89 34 178 35 34 742 58 626 61 1029 41 137 57 21 118 49 70 80 232 182
internal_value=-0.000922839 -0.00475092 -0.0122964 -0.00182927 0.000406699 0.00138576 0.0056338 -0.0103333 -0.0017927 -0.00198675 0.000762274 0.00166157 0.00124199 0.00469432 0.00371486 0.00737705 0.0115385 -0.00147406 0.00158228 -0.00273109 -0.00265957 0 -0.0052589
internal_weight=4199 1074 307 164 3125 2219 284 75 767 906 1935 1309 1248 219 249 112 78 848 237 119 611 312 299
internal_count=4199 1074 307 164 3125 2219 284 75 767 906 1935 1309 1248 219 249 112 78 848 237 119 611 312 299
cat_boundaries=0 1 2 3 4 5
cat_threshold=65 4 134 2 176
is_linear=0
shrinkage=0.05


Tree=99
num_leaves=24
num_cat=3
split_feature=4 0 5 5 0 5 17 7 5 14 5 16 5 8 7 9 0 16 14 5 5 15 14
split_gain=7.83364 8.82345 15.7892 4.83918 3.52184 5.50217 3.34648 2.40632 2.08381 1.86017 1.74896 1.49249 2.84893 1.44088 1.87653 1.7412 1.70851 2.36737 1.69325 1.6912 1.6729 1.70129 1.55256
threshold=1.0000000180025095e-35 0 0.96905256789785377 0.48900742528759283 1 1.2677191133471377 73.879583333333343 2.5000000000000004 1.6631307399525419 42329.589652221854 0.42540951297941754 1.0000000180025095e-35 1.3618862516084771 1.0000000180025095e-35 1.5000000000000002 61642.765448338389 2 3.485125 6075.6382742545966 1.2677191133471377 0.96905256789785377 37.689157896217381 9214.638144696979
decision_type=2 1 2 2 1 2 2 2 2 2 2 2 2 2 2 2 1 2 2 2 2 2 2
left_child=4 2 -2 -3 5 7 9 -1 10 -4 -6 12 -12 14 16 18 22 -18 -15 20 21 -16 -13
right_child=1 3 6 -5 8 -7 -8 -9 -10 -11 11 13 -14 15 19 -17 17 -19 -20 -21 -22 -23 -24
leaf_value=0.0062002183184493471 -0.0051312136236044172 -0.015410769346189858 -0.00032620977029419013 -0.00051040569436907051 -0.0056072409533260764 0.080058590373940364 0.00024983728199706918 -0.0046412776751774132 0.020872809966224294 -0.00088610787463335122 0.0016040326203916378 0.0065290434465165807 0.046275288985673506 -0.011144045956574856 -0.0070943437863860816 -0.0032921662048842615 0.0012684060516809925 -0.0027469228837190053 0.0014988134266123887 -0.0035580650229693591 0.00080432623216815109 -0.0021771805052464678 -0.0028285068310310857
leaf_weight=267 143 22 41 972 49 52 89 53 32 34 282 20 22 22 33 35 798 143 518 33 100 86 353
leaf_count=267 143 22 41 972 49 52 89 53 32 34 282 20 22 22 33 35 798 143 518 33 100 86 353
internal_value=-0.000946654 -0.00416987 -0.0114353 -0.00179283 0.000500345 0.00497382 -0.00121951 0.00265625 -0.000177445 -0.009 -0.000340818 -0.000153374 0.003125 -0.00061887 -0.00140485 0.00152174 -0.00064688 0.000499474 0.00222222 -0.00535714 -0.00376712 -0.00777311 -0.00345953
internal_weight=4199 1301 307 994 2898 372 164 320 2526 75 2494 2445 304 2141 1566 575 1314 941 540 252 219 119 373
internal_count=4199 1301 307 994 2898 372 164 320 2526 75 2494 2445 304 2141 1566 575 1314 941 540 252 219 119 373
cat_boundaries=0 1 2 3
cat_threshold=65 4 9
is_linear=0
shrinkage=0.05


Tree=100
num_leaves=24
num_cat=3
split_feature=4 0 5 5 0 5 17 5 7 15 5 16 5 18 16 11 16 8 7 5 0 36 16
split_gain=7.83364 8.82345 14.023 4.83918 2.9308 5.80026 2.84251 2.06434 1.75864 1.4966 1.47642 1.42059 2.8436 1.60482 1.37598 1.28205 1.21873 1.20806 1.92909 1.70904 1.35414 1.61442 1.60192
threshold=1.0000000180025095e-35 0 0.96905256789785377 0.48900742528759283 1 1.2677191133471377 73.879583333333343 1.6631307399525419 2.5000000000000004 64.699785586228529 0.48900742528759283 1.0000000180025095e-35 1.3618862516084771 1.0000000180025095e-35 1.0000000180025095e-35 0.01758980263276266 3.485125 1.0000000180025095e-35 1.5000000000000002 1.2677191133471377 2 0.022868551674196221 1.756416666666667
decision_type=2 1 2 2 1 2 2 2 2 2 2 2 2 2 2 2 2 2 2 2 1 2 2
left_child=4 2 -2 -3 5 8 9 10 14 -4 15 12 13 -12 -1 -6 -5 18 20 -20 22 -22 -13
right_child=1 3 6 16 7 -7 -8 -9 -10 -11 11 17 -14 -15 -16 -17 -18 -19 19 -21 21 -23 -24
leaf_value=0.053645410475961608 -0.0048746529424241961 -0.014640230878880368 -0.00061440117429949312 -0.00020372859373365417 -0.0064058914514016022 0.076055660855243318 0.00023734541789721572 0.019829169467913067 -0.004409213791418543 -0.00083983144364866737 0.0057280176244334903 0.0044008975303831297 0.043961524536389796 0.0004773764790200863 0.0041921512632470126 -0.00037478867075348978 -0.0031260086606294426 0.00083753724119772777 -0.0014462565704206566 -0.0033801617718209002 -0.0013871863037279609 0.0045896259163946016 -0.0010043263352042865
leaf_weight=34 143 22 43 835 39 52 89 32 53 32 37 214 22 243 233 39 137 573 211 33 853 81 149
leaf_count=34 143 22 43 835 39 52 89 32 53 32 37 214 22 243 233 39 137 573 211 33 853 81 149
internal_value=-0.000946654 -0.00416987 -0.0114353 -0.00179283 0.000500345 0.00458115 -0.00182927 -0.000118297 0.0021875 -0.009 -0.000280674 -6.20861e-05 0.0031457 0.00178571 0.00383895 -0.00705128 -0.00128601 -0.000520341 -0.00124919 -0.00532787 -0.000481881 -0.00148305 0.00207775
internal_weight=4199 1301 307 994 2898 372 164 2526 320 75 2494 2416 302 280 267 78 972 2114 1541 244 1297 934 363
internal_count=4199 1301 307 994 2898 372 164 2526 320 75 2494 2416 302 280 267 78 972 2114 1541 244 1297 934 363
cat_boundaries=0 1 2 3
cat_threshold=65 4 34
is_linear=0
shrinkage=0.05


Tree=101
num_leaves=24
num_cat=2
split_feature=4 0 5 5 17 5 16 0 5 15 16 14 5 9 14 8 14 9 9 14 14 15 14
split_gain=7.7183 8.82345 14.023 4.83918 2.84251 2.83815 2.28713 2.13712 3.5437 2.03786 1.92544 2.46711 2.44057 1.8935 1.86017 1.65958 2.41368 2.33727 2.22997 1.73245 1.63784 2.08316 1.63271
threshold=1.0000000180025095e-35 0 0.96905256789785377 0.48900742528759283 73.879583333333343 1.4308953954205845 1.0000000180025095e-35 1 0.46620033734366129 39.711119482505694 2.1729166666666671 11169.636392033348 1.2179910055458631 66728.022717860862 42329.589652221854 1.0000000180025095e-35 8680.321420592405 6677.1569557708253 2830.8216475947265 88403.490714778294 68926.137849359249 126.42692486186748 20934.461032918207
decision_type=2 1 2 2 2 2 2 1 2 2 2 2 2 2 2 2 2 2 2 2 2 2 2
left_child=5 2 -2 -3 14 7 -7 10 -9 -8 12 -12 13 -1 -4 17 -17 18 20 -20 -10 -22 -19
right_child=1 3 4 -5 -6 6 9 8 15 -11 11 -13 -14 -15 -16 16 -18 22 19 -21 21 -23 -24
leaf_value=0.0019899691712503944 -0.0046309202953029862 -0.013908219334936345 -0.000279179223064506 -0.00043813878892617344 0.00022547814700235496 0.048402878589494727 0.019248571522657132 -0.0095671598947200294 -0.00030366026527612889 0.00067528831079574083 0.0085757010395072341 -0.0014959608733999376 0.012919811391524228 -0.0023882996423021611 -0.00080544666545297964 -0.0098269568850190229 0.0014569493897272246 0.0061920231197173164 -0.0064675846714655318 0.0013029658575135939 -0.0060550310380350194 0.00012341232436279272 -0.00046003705163624178
leaf_weight=800 143 22 41 972 89 20 47 30 281 112 40 314 166 36 34 25 329 38 86 25 79 53 417
leaf_count=800 143 22 41 972 89 20 47 30 281 112 40 314 166 36 34 25 329 38 86 25 79 53 417
internal_value=-0.000970469 -0.00416987 -0.0114353 -0.00179283 -0.00182927 0.000465839 0.00656425 6.43619e-05 -0.00132921 0.00455975 0.00146413 -0.00169492 0.00259481 0.00149522 -0.009 -0.000956489 0.0019774 -0.00201736 -0.00429389 -0.0105856 -0.00260291 -0.00719697 0.000604396
internal_weight=4199 1301 307 994 164 2898 179 2719 1363 159 1356 354 1002 836 75 1333 354 979 524 111 413 132 455
internal_count=4199 1301 307 994 164 2898 179 2719 1363 159 1356 354 1002 836 75 1333 354 979 524 111 413 132 455
cat_boundaries=0 1 2
cat_threshold=65 166
is_linear=0
shrinkage=0.05


Tree=102
num_leaves=24
num_cat=2
split_feature=4 0 5 5 17 5 0 5 14 10 9 5 3 15 15 14 5 17 16 16 5 16 9
split_gain=7.46447 9.01452 14.023 3.97507 2.84251 2.6272 2.1814 3.9057 1.86017 1.60031 2.76541 2.40432 2.1684 1.57789 2.40632 1.75859 1.42176 1.39322 1.32105 1.27668 2.2945 1.24758 1.20218
threshold=1.0000000180025095e-35 0 0.96905256789785377 0.48900742528759283 73.879583333333343 1.6631307399525419 1 1.3375357467376412 42329.589652221854 1.5000000000000002 2761.4735077852174 1.1704710721111968 1.0000000180025095e-35 98.91055636898183 125.09059454364927 28076.068466946304 0.42540951297941754 74.884166666666673 1.756416666666667 1.0000000180025095e-35 1.3310264847438595 3.485125 4832.2387531444283
decision_type=2 1 2 2 2 2 1 2 2 2 2 2 2 2 2 2 2 2 2 2 2 2 2
left_child=5 2 -2 -3 8 6 7 9 -4 10 17 13 18 15 -15 -12 22 -1 -11 20 -18 -5 -8
right_child=1 3 4 21 -6 -7 16 -9 -10 12 11 -13 -14 14 -16 -17 19 -19 -20 -21 -22 -23 -24
leaf_value=0.025828016832130721 -0.0043993742805378362 -0.013212808368189534 -0.00026522026191128073 -0.00017163522460066362 0.00021420423965223725 0.021475583395468137 -0.00047153809258358996 0.077596188301323477 -0.00076517433218033064 0.016909988244084496 -0.012728010880520691 0.020079628454829648 -0.020090687658988762 -0.0072441576929633822 0.00045778338523536636 0.011476081327922827 0.0013637379709942278 0.0035454820112491348 -0.013255913903844885 -0.0002792126300573239 0.040463048241292168 -0.0029478012881516639 -0.0087922852586172062
leaf_weight=49 143 22 41 835 89 36 25 29 34 21 26 30 21 24 27 72 272 47 22 2141 32 137 24
leaf_count=49 143 22 41 835 89 36 25 29 34 21 26 30 21 24 27 72 272 47 22 2141 32 137 24
internal_value=-0.000946654 -0.00409301 -0.0114353 -0.00169323 -0.00182927 0.000465839 0.000296995 0.00383598 -0.009 0.00243363 0.00409091 0.000418994 -0.0046875 -0.00218121 -0.00931373 0.00153061 -0.000239617 0.0109375 0.00174419 -7.15746e-05 0.00296053 -0.00123457 -0.00867347
internal_weight=4199 1301 307 994 164 2898 2862 368 75 339 275 179 64 149 51 98 2494 96 43 2445 304 972 49
internal_count=4199 1301 307 994 164 2898 2862 368 75 339 275 179 64 149 51 98 2494 96 43 2445 304 972 49
cat_boundaries=0 1 2
cat_threshold=65 4
is_linear=0
shrinkage=0.05


Tree=103
num_leaves=24
num_cat=1
split_feature=0 16 36 2 9 16 9 8 7 2 2 15 15 9 9 7 9 11 9 3 11 17 17
split_gain=6.80773 2.05356 1.5307 1.40089 1.3338 1.19009 1.09625 0.844741 1.49874 0.973302 1.29388 1.0428 0.949119 0.88222 1.36137 1.34982 1.56613 1.15741 1.01467 0.845011 0.810185 0.790588 0.765217
threshold=0 1.0000000180025095e-35 3.2194841001973646 2031.5000000000002 2519.095260331977 3.485125 560.01526112040051 1.0000000180025095e-35 1.0000000180025095e-35 2027.5000000000002 2038.5000000000002 56.726740912834821 144.26040864886542 53875.640890162242 2979.748264792906 2.5000000000000004 20329.79595575637 0.19226109407211511 9888.7683352870936 1.0000000180025095e-35 1.039188634287777 74.884166666666673 74.884166666666673
decision_type=1 2 2 2 2 2 2 2 2 2 2 2 2 2 2 2 2 2 2 2 2 2 2
left_child=7 3 5 4 6 -3 -2 8 9 19 -11 -12 -10 14 17 16 18 -9 -16 22 21 -19 -1
right_child=1 2 -4 -5 -6 -7 -8 13 12 10 11 -13 -14 -15 15 -17 -18 20 -20 -21 -22 -23 -24
leaf_value=-0.0056905483760988362 0.0073094484004148979 7.3712809170500829e-05 0.0081875420109143171 0.0011295043639591551 0.014514488251439684 -0.0016841752823069324 -0.0033357662520786314 -0.0029110466113115409 -0.0023149894419377758 -0.00062197708548866011 -0.0016082416711320797 -0.0031893718082404267 0.00048688972191094829 -0.0019236370505076872 0.0018236520530102718 -0.00068884290188649946 -0.00086418278600205653 0.00076142289667214245 0.0040548390000146759 -0.0052570204995186325 -0.0025555049448412362 -0.0020692004519479502 -0.0002376457548872591
leaf_weight=23 46 2265 29 243 80 442 20 27 201 414 36 26 28 25 23 55 23 50 22 31 24 34 32
leaf_count=23 46 2265 29 243 80 442 20 27 201 414 36 26 28 25 23 55 23 50 22 31 24 34 32
internal_value=-0.000922839 0.000263158 -0.000219298 0.00366324 0.00753425 -0.000341707 0.00227273 -0.00433579 -0.00521492 -0.00382562 -0.00294118 -0.00967742 -0.00862445 -0.0020318 -0.00116279 0.00264228 0.00735294 -0.00462963 0.0127778 -0.00872093 -0.00231481 0 -0.005
internal_weight=4199 3125 2736 389 146 2707 66 1074 791 562 476 62 229 283 258 123 68 135 45 86 108 84 55
internal_count=4199 3125 2736 389 146 2707 66 1074 791 562 476 62 229 283 258 123 68 135 45 86 108 84 55
cat_boundaries=0 1
cat_threshold=65
is_linear=0
shrinkage=0.05


Tree=104
num_leaves=24
num_cat=2
split_feature=0 5 5 5 8 0 17 5 2 9 2 14 14 17 2 5 5 2 17 11 10 15 5
split_gain=6.09176 4.61053 2.45098 1.85628 1.54476 1.98402 1.5412 2.0149 1.6 1.43066 2.4851 2.29461 2.20384 1.33824 2.29567 2.16621 1.85183 1.27541 2.11548 1.19386 2.52322 1.19052 1.17506
threshold=0 0.97590027831923531 0.90661399244645735 1.6631307399525419 1.5000000000000002 1 1.0000000180025095e-35 1.3310264847438595 2034.5000000000002 1375.1707708702409 2035.5000000000002 37301.303167889149 45088.504878155632 71.457916666666691 2029.5000000000002 0.88415018194986472 0.85301416984164968 2031.5000000000002 1.0000000180025095e-35 1.0506198847942112 1.5000000000000002 40.506207950130239 0.75992680472410246
decision_type=1 2 2 2 2 1 2 2 2 2 2 2 2 2 2 2 2 2 2 2 2 2 2
left_child=1 -1 4 6 5 13 7 -4 -9 10 12 -12 -7 14 22 16 -15 -3 -19 20 -20 -11 -2
right_child=2 17 3 -5 -6 9 -8 8 -10 21 11 -13 -14 15 -16 -17 -18 18 19 -21 -22 -23 -24
leaf_value=-0.0030258511153907542 0.0022124945852919574 -0.00062129276701571457 0.0034184606677120756 0.020424538911159251 -0.0046337714450531923 0.0014375430682070367 0.00028509483544787441 0.05990337952543863 0.0062970361950332567 -0.0042979089334783003 -7.7655404992615928e-05 0.0042732430978478456 -0.0048728937756904681 -0.00025885540837267129 0.00019391961827524009 -0.0069444181245700955 0.0080338692417883835 -0.0065831546251994503 0.00024171277344852877 -0.0012848733523279201 0.0017164156769107113 -0.0018717594990564025 0.014688734366420819
leaf_weight=500 33 216 209 36 76 66 1717 20 20 95 38 35 69 277 139 28 28 33 260 29 36 207 32
leaf_count=500 33 216 209 36 76 66 1717 20 20 95 38 35 69 277 139 28 28 33 260 29 36 207 32
internal_value=-0.000922839 -0.00415129 0.000199362 0.00124875 -0.00166963 -0.00117001 0.00104273 0.00471888 0.015 -0.00336538 -0.000240385 0.00719178 -0.00425926 0.000959781 0.00416667 -0.000975976 0.000245902 -0.0011324 0.000698324 0.00192308 0.00287162 -0.00562914 0.0119231
internal_weight=4199 1074 3125 2002 1123 1047 1966 249 40 510 208 73 135 537 204 333 305 574 358 325 296 302 65
internal_count=4199 1074 3125 2002 1123 1047 1966 249 40 510 208 73 135 537 204 333 305 574 358 325 296 302 65
cat_boundaries=0 1 2
cat_threshold=65 14
is_linear=0
shrinkage=0.05


Tree=105
num_leaves=24
num_cat=0
split_feature=4 5 5 14 16 5 18 5 5 6 5 17 18 3 5 14 2 15 2 9 15 3 15
split_gain=7.20226 5.36257 2.61371 1.99317 1.48068 2.91159 1.53419 1.35048 1.55629 2.25965 1.69262 1.3672 2.48836 1.2566 1.222 1.2417 1.86907 1.27785 2.28038 1.23457 1.22718 1.22047 1.65163
threshold=1.0000000180025095e-35 0.87316366926095168 1.6631307399525419 3894.1625930649102 1.0000000180025095e-35 1.3310264847438595 1.0000000180025095e-35 0.88677049098292526 1.0205400194928897 1.0000000180025095e-35 1.4854173152328105 73.879583333333343 1.0000000180025095e-35 1.0000000180025095e-35 0.44510901738983766 36433.74504910368 2035.5000000000002 29.444619765755768 2032.5000000000002 1125.4279704449016 21.585421683098385 1.0000000180025095e-35 102.18136541171667
decision_type=2 2 2 2 2 2 2 2 2 2 2 2 2 2 2 2 2 2 2 2 2 2 2
left_child=2 14 3 -1 5 6 -5 -3 9 -9 11 12 -10 -14 -2 17 19 20 -19 -17 -16 -13 -23
right_child=1 7 -4 4 -6 -7 -8 8 10 -11 -12 21 13 -15 15 16 -18 18 -20 -21 -22 22 -24
leaf_value=0.0065397811622727176 -0.010602187895291028 0.0039819658785063437 0.019403311965601279 0.0054906729618304125 -0.00014093628355729137 0.0386909620946915 0.00040172620120992875 -0.0035599892772147975 -0.0062901615493456964 0.00083154967639578943 -0.0051816749653186174 5.3681204077777684e-05 0.00021732617303702462 -0.00087727560810755179 -0.0031703053599455191 -0.0040199596946477031 -0.0020009613082788038 0.0015349192582160165 -0.0041508739194403401 -0.0027278527420254413 0.001810113985952694 0.0030598670035107862 -4.8679938437345972e-05
leaf_weight=63 26 21 36 39 2457 36 267 196 29 50 54 206 183 66 33 54 92 25 40 108 28 56 34
leaf_count=63 26 21 36 39 2457 36 267 196 29 50 54 206 183 66 33 54 92 25 40 108 28 56 34
internal_value=-0.000887116 -0.00397771 0.000500345 0.000331936 0.000133976 0.00321637 0.00163399 -0.00181564 -0.0021167 -0.0054878 -0.000796178 0 -0.00251799 -0.000903614 -0.00874384 -0.00802632 -0.0100394 -0.00396825 -0.00884615 -0.0132716 0.00122951 0.00236486 0.00722222
internal_weight=4199 1301 2898 2862 2799 342 306 895 874 246 628 574 278 249 406 380 254 126 65 162 61 296 90
internal_count=4199 1301 2898 2862 2799 342 306 895 874 246 628 574 278 249 406 380 254 126 65 162 61 296 90
is_linear=0
shrinkage=0.05


Tree=106
num_leaves=24
num_cat=3
split_feature=0 4 5 17 5 5 5 8 9 0 10 17 9 14 14 9 16 5 2 0 2 18 3
split_gain=6.23819 7.79697 14.7123 2.41465 1.96155 1.91148 1.72253 1.54003 1.42559 1.35272 1.43576 1.84322 1.74351 1.60032 1.45703 1.42967 1.24666 2.38299 1.63902 1.2866 1.30391 1.24204 1.52521
threshold=0 1.0000000180025095e-35 0.96905256789785377 74.884166666666673 1.7087207497092562 0.50361592300952374 0.84976300489942436 1.5000000000000002 66728.022717860862 1 1.5000000000000002 74.884166666666673 3923.3204996074787 75092.999018653514 131317.64693942617 14776.579903078376 1.0000000180025095e-35 1.3310264847438595 2034.5000000000002 2 2037.5000000000002 1.0000000180025095e-35 1.0000000180025095e-35
decision_type=1 2 2 2 2 2 2 2 2 1 2 2 2 2 2 2 2 2 2 1 2 2 2
left_child=1 5 -3 -4 6 -1 7 8 9 10 11 12 -2 -14 15 -13 17 19 -19 20 -8 22 -7
right_child=4 2 3 -5 -6 21 16 -9 -10 -11 -12 14 13 -15 -16 -17 -18 18 -20 -21 -22 -23 -24
leaf_value=-0.0053163363615149955 0.010794610430000951 -0.0037685963549154455 -0.00049494887589453338 0.00027482823722147409 0.043138402669924969 -0.0012284205517503755 0.014347855297657875 -0.0051189818050289332 -0.002818086445435164 -0.0007343517768036989 -0.0030840863182364123 -0.0047679835486769129 -0.0018543894839078146 0.0083039964194676855 0.0031845822694416496 0.0011224922933723124 0.00021570876066894231 0.047190953584465414 0.0051444522070472898 -0.00080884765972255579 -0.00025156823845584597 -8.2416751438862962e-05 -0.0042105356222285504
leaf_weight=25 54 143 90 74 24 68 79 58 38 529 53 49 45 25 30 25 1915 21 20 131 29 646 28
leaf_count=25 54 143 90 74 24 68 79 58 38 529 53 49 45 25 30 25 1915 21 20 131 29 646 28
internal_value=-0.000791855 -0.00405904 -0.0108306 -0.000609756 0.000342903 -0.00140156 0.000233796 -0.00160044 -0.00106132 -0.000617284 0.00214777 0.00394737 0.00806452 0.00285714 -0.000961538 -0.00472973 0.000990888 0.00410714 0.0152439 0.00219665 0.0059322 -0.000943396 -0.00625
internal_weight=4199 1074 307 164 3125 767 3101 906 848 810 281 228 124 70 104 74 2195 280 41 239 108 742 96
internal_count=4199 1074 307 164 3125 767 3101 906 848 810 281 228 124 70 104 74 2195 280 41 239 108 742 96
cat_boundaries=0 1 2 3
cat_threshold=65 12 134
is_linear=0
shrinkage=0.05


Tree=107
num_leaves=24
num_cat=2
split_feature=4 0 5 5 5 17 0 5 7 14 5 8 14 9 9 5 14 15 14 14 3 5 14
split_gain=5.75677 7.32802 14.6523 3.26448 2.63396 2.19961 1.8055 3.69478 2.3204 2.7496 2.56521 1.92123 2.10287 1.95269 2.17622 1.63956 1.56365 1.75178 1.42188 1.39765 1.65951 1.37588 1.36581
threshold=1.0000000180025095e-35 0 0.96905256789785377 0.48900742528759283 1.6631307399525419 74.884166666666673 1 0.46620033734366129 1.5000000000000002 8154.2033429185685 0.90661399244645735 1.0000000180025095e-35 8680.321420592405 7731.3505353129776 2830.8216475947265 0.86354054545950343 61929.621073215065 129.15408329566625 20934.461032918207 38805.750356553144 1.0000000180025095e-35 0.61287064589900508 163935.68823499145
decision_type=2 1 2 2 2 2 1 2 2 2 2 2 2 2 2 2 2 2 2 2 2 2 2
left_child=4 2 21 -3 6 -4 8 -8 -1 -10 15 13 -13 14 16 -11 19 -18 -15 20 -9 -2 -14
right_child=1 3 5 -5 -6 -7 7 11 9 10 -12 12 22 18 -16 -17 17 -19 -20 -21 -22 -23 -24
leaf_value=0.0025720387804677005 -0.00092143136232853817 -0.011928659848345591 -0.00047020143209980668 -0.00043258712965833502 0.017349293581556412 0.00026108682536040041 -0.0086957357485340225 0.0016031892725124064 0.011047353306057373 -0.001843372527635101 0.00062314441005573151 -0.0088895504891961016 0.001956755139607802 0.0058658912383024566 -0.0050486175505892296 -0.0074729308661319223 -0.0054584605649595557 0.00048555621189856347 -3.9646307367469102e-05 0.0026509749790770698 -0.0038965636428441642 -0.0038145660347537907 -0.0019666584162731592
leaf_weight=953 27 22 90 972 36 74 30 150 22 140 271 28 317 32 151 32 99 53 416 79 59 116 30
leaf_count=953 27 22 90 972 36 74 30 150 22 140 271 28 317 32 151 32 99 53 416 79 59 116 30
internal_value=-0.000791855 -0.00355496 -0.0101735 -0.00139442 0.000448585 -0.000304878 0.000279525 -0.000962861 0.00154062 -0.00134409 -0.0022009 -0.000601132 0.00246667 -0.00170837 -0.0035956 -0.00697674 -0.00181818 -0.00592105 0.00078125 0.000347222 -0.00179426 -0.0222028 0.00353026
internal_weight=4199 1301 307 994 2898 164 2862 1444 1418 465 443 1414 375 1039 591 172 440 152 448 288 209 143 347
internal_count=4199 1301 307 994 2898 164 2862 1444 1418 465 443 1414 375 1039 591 172 440 152 448 288 209 143 347
cat_boundaries=0 1 2
cat_threshold=65 166
is_linear=0
shrinkage=0.05


Tree=108
num_leaves=24
num_cat=3
split_feature=0 4 5 17 5 5 16 5 0 9 5 4 14 16 0 15 5 15 15 15 2 14 5
split_gain=6.02943 7.37203 14.6523 2.00903 1.975 1.92985 1.84398 1.37588 1.27932 1.25217 1.20414 1.52016 1.76981 1.36713 1.3029 2.32387 1.55283 1.24353 1.49457 1.18788 1.47273 1.18512 1.00562
threshold=0 1.0000000180025095e-35 0.96905256789785377 73.879583333333343 1.3771122059273162 0.50361592300952374 1.0000000180025095e-35 0.61287064589900508 1 27639.178599648938 0.60124670721575979 1.0000000180025095e-35 49238.113949496052 1.0000000180025095e-35 2 24.812388260590357 1.2601101320002142 125.56580484230888 45.445502452887652 41.50241922839713 2031.5000000000002 42329.589652221854 1.1246321737264284
decision_type=1 2 2 2 2 2 2 2 1 2 2 2 2 2 1 2 2 2 2 2 2 2 2
left_child=1 5 7 21 10 -1 -6 -3 9 -8 11 17 -13 14 19 -16 -17 18 -2 -12 -21 -4 -7
right_child=4 2 3 -5 6 22 8 -9 -10 -11 13 12 -14 -15 15 16 -18 -19 -20 20 -22 -23 -24
leaf_value=-0.0050485372280708709 0.0006970007360413311 -0.00087535979421211126 -1.6766336102694242e-06 0.00022120850208176416 0.042178996268948499 0.00038440475842791425 0.010280819980902535 -0.0036238377330161014 -0.00027014117658485937 -0.0034487225355680274 0.051999586776133949 -0.0026948479908367796 -0.0059108352027119173 -5.9920720846207143e-05 -0.010763624940877259 0.00054088472690887461 0.01804639015882601 0.0029335704053980896 -0.0028412972435114094 0.020997152327703952 -0.00081133752932802681 -0.00055792753050040147 -0.0011183889619930333
leaf_weight=25 72 27 41 89 29 485 92 116 131 23 30 35 31 2286 23 173 24 30 66 36 44 34 257
leaf_count=25 72 27 41 89 29 485 92 116 131 23 30 35 31 2286 23 173 24 30 66 36 44 34 257
internal_value=-0.000708502 -0.00392066 -0.0105049 -0.000304878 0.000406699 -0.00133638 0.00445455 -0.0222028 0.00304878 0.0066 1.75439e-05 -0.0034188 -0.00984848 0.000324924 0.00333333 0.000869565 0.00266497 -0.000892857 -0.00289855 0.0075 0.005 -0.00633333 -0.000876011
internal_weight=4199 1074 307 164 3125 767 275 143 246 115 2850 234 66 2616 330 220 197 168 138 110 80 75 742
internal_count=4199 1074 307 164 3125 767 275 143 246 115 2850 234 66 2616 330 220 197 168 138 110 80 75 742
cat_boundaries=0 1 2 3
cat_threshold=65 14 12
is_linear=0
shrinkage=0.05


Tree=109
num_leaves=24
num_cat=2
split_feature=0 4 5 17 5 16 5 4 5 5 5 5 11 16 8 1 10 10 7 2 5 5 15
split_gain=5.64495 7.21579 13.3393 1.95159 1.94831 1.80645 2.22254 1.91545 1.49932 1.34444 1.15714 1.01277 1.01035 0.983946 1.23837 1.58347 1.19234 2.02633 1.10655 1.51293 1.42857 2.58894 1.14136
threshold=0 1.0000000180025095e-35 0.96905256789785377 74.884166666666673 0.50361592300952374 3.485125 1.4308953954205845 1.0000000180025095e-35 0.6732881902594493 1.1453412370221989 1.084337575140127 0.42540951297941754 1.9004529374725407 3.485125 1.0000000180025095e-35 1 1.5000000000000002 1.0000000180025095e-35 1.0000000180025095e-35 2027.5000000000002 1.1672731239108303 0.80526734759815788 75.935592130221409
decision_type=1 2 2 2 2 2 2 2 2 2 2 2 2 2 2 1 2 2 2 2 2 2 2
left_child=1 4 8 9 -1 6 11 -8 -3 10 -4 -2 13 14 18 -16 17 -15 19 -6 21 -20 -21
right_child=5 2 3 -5 12 -7 7 -9 -10 -11 -12 -13 -14 16 15 -17 -18 -19 20 22 -22 -23 -24
leaf_value=-0.0047961103666673277 -0.0044778193589539829 -0.0015999032307401889 -0.00069504601150903976 0.00023697205898829218 -0.0028635190148694981 -0.0014498880790336677 0.019853302108451022 -0.00035555018263273564 -0.0035652612228815952 2.4190991569651698e-05 -0.00053819555030188576 0.00021740117990225462 -0.0018836550578059108 -0.0017578322502907252 0.0025083769185443418 0.00040040292677669955 0.0015038095709653976 -0.0069661278755428274 -0.0059937265377253135 -0.00040513494100853366 -0.0028041710152977963 0.0013225139880666426 0.0029377124746772288
leaf_weight=25 49 37 24 74 51 442 104 56 106 45 21 2474 22 57 46 110 38 23 28 162 35 62 108
leaf_count=25 49 37 24 74 51 442 104 56 106 45 21 2474 22 57 46 110 38 23 28 162 35 62 108
internal_value=-0.00072041 -0.00382841 -0.010342 -0.000609756 -0.00127119 0.000358852 0.000847931 0.0065625 -0.0215035 -0.00555556 -0.0116667 0.000485533 -0.000808625 -0.000486111 0.000332226 0.00416667 -0.00466102 -0.008125 -0.00100897 0.000545171 -0.005 -0.00166667 0.00203704
internal_weight=4199 1074 307 164 767 3125 2683 160 143 90 45 2523 742 720 602 156 118 80 446 321 125 90 270
internal_count=4199 1074 307 164 767 3125 2683 160 143 90 45 2523 742 720 602 156 118 80 446 321 125 90 270
cat_boundaries=0 1 2
cat_threshold=65 2
is_linear=0
shrinkage=0.05


Tree=110
num_leaves=24
num_cat=2
split_feature=4 0 5 5 5 17 5 0 5 16 5 8 9 15 9 9 5 5 5 16 2 9 15
split_gain=5.41901 6.97569 12.8966 2.56234 2.48615 1.95159 1.86598 1.66888 3.40918 1.96263 1.91754 1.70156 1.52193 1.5 1.47139 1.43071 1.34444 1.28128 1.15714 1.11313 1.09295 1.06945 1.06313
threshold=1.0000000180025095e-35 0 0.96905256789785377 0.48900742528759283 1.5935673327094293 74.884166666666673 0.6732881902594493 1 0.42540951297941754 2.1729166666666671 1.2179910055458631 1.0000000180025095e-35 13050.410690394101 82.182338216230434 66728.022717860862 2830.8216475947265 1.1453412370221989 1.294853711309133 1.084337575140127 1.0000000180025095e-35 2037.5000000000002 26962.791929089337 81.527826868447789
decision_type=2 1 2 2 2 2 2 1 2 2 2 2 2 2 2 2 2 2 2 2 2 2 2
left_child=4 2 6 -3 7 16 -2 9 -9 10 14 12 -10 -6 -1 17 18 -12 -4 -17 -11 -14 -23
right_child=1 3 5 -5 13 -7 -8 8 11 20 15 -13 21 -15 -16 19 -18 -19 -20 -21 -22 22 -24
leaf_value=0.001747207022468944 -0.0015199080692031794 -0.01097359348843876 -0.00066029371093358788 -0.00040241751453461432 0.017556648219462592 0.00022512345603887759 -0.0033869981617375162 -0.0078569038471949914 -0.0014001233445224415 -0.0013429797876423066 0.021314588003302416 0.0011113861472372866 0.0022014822504706102 0.0093735108481614923 -0.0023490705515627486 0.032029759195816389 2.2981441991169114e-05 -0.0052882615165664509 -0.00051128577278679148 0.0091385258561202509 0.0022366403991612052 -0.0060578540928661224 0.0012627552454876124
leaf_weight=800 37 22 24 972 27 74 106 22 706 305 24 374 141 27 36 26 45 45 21 110 63 42 150
leaf_count=800 37 22 24 972 27 74 106 22 706 305 24 374 141 27 36 26 45 45 21 110 63 42 150
internal_value=-0.00072041 -0.00340123 -0.00985804 -0.00129482 0.000483092 -0.000609756 -0.0211538 0.000281294 -0.000916955 0.00149753 0.00261768 -0.00061925 -0.00166025 0.0111111 0.00155502 0.00695122 -0.00555556 0.00108696 -0.0116667 0.00992647 -0.00163043 0.00112613 -0.00130208
internal_weight=4199 1301 307 994 2898 164 143 2844 1435 1409 1041 1413 1039 54 836 205 90 69 45 136 368 333 192
internal_count=4199 1301 307 994 2898 164 143 2844 1435 1409 1041 1413 1039 54 836 205 90 69 45 136 368 333 192
cat_boundaries=0 1 2
cat_threshold=65 166
is_linear=0
shrinkage=0.05


Tree=111
num_leaves=24
num_cat=2
split_feature=0 4 5 17 5 16 5 4 5 5 5 7 18 5 2 14 1 7 15 3 16 14 14
split_gain=5.11248 6.80722 12.4614 1.95159 1.73345 1.72922 2.28091 1.91545 1.43785 1.34444 1.22476 1.5186 1.35961 1.15714 1.04051 1.13935 2.04638 0.998891 1.30972 1.08844 1.14683 1.02327 1.2545
threshold=0 1.0000000180025095e-35 0.96905256789785377 74.884166666666673 0.6732881902594493 3.485125 1.4308953954205845 1.0000000180025095e-35 0.50361592300952374 1.1453412370221989 1.1246321737264284 2.5000000000000004 1.0000000180025095e-35 1.084337575140127 2034.5000000000002 85976.077689391241 1 1.5000000000000002 44.850817809304324 1.0000000180025095e-35 2.1729166666666671 115053.27111198664 43203.084249242173
decision_type=1 2 2 2 2 2 2 2 2 2 2 2 2 2 2 2 1 2 2 2 2 2 2
left_child=1 8 4 9 -3 6 -2 -8 -1 13 11 12 -10 -4 -12 16 -16 19 -19 21 -21 22 -14
right_child=5 2 3 -5 -6 -7 7 -9 10 -11 14 -13 17 -15 15 -17 -18 18 -20 20 -22 -23 -24
leaf_value=-0.004666378960857487 0.00017061087176822864 -0.0014439126657430205 -0.00062727902538690841 0.00021386728323693371 -0.0032176482536506405 -0.001362259647461328 0.01866717694023854 -0.00031765179777437647 -0.0026933514751947109 2.1832369891610658e-05 -0.0016024764123313774 -0.0017434023207674567 0.0019737432370387832 -0.00048572148414745189 0.0060078114179231146 -0.0025407946703507548 -9.4295670221589142e-05 -0.00083971741696473598 0.0032478132706458052 2.5119764269465607e-05 -0.0024520445309518472 0.0031701678920389997 -0.0031785847029952574
leaf_weight=25 2523 37 24 74 106 442 104 56 58 45 161 80 81 21 20 29 47 23 44 63 21 50 65
leaf_count=25 2523 37 24 74 106 442 104 56 58 45 161 80 81 21 20 29 47 23 44 63 21 50 65
internal_value=-0.000732317 -0.00369004 -0.0100163 -0.000609756 -0.0208042 0.000295056 0.000773388 0.0065625 -0.001206 -0.00555556 -0.000808625 0.000670103 0.00191358 -0.0116667 -0.00359922 0.000520833 0.00410448 0.00309798 0.00858209 0.00178571 -0.00297619 0.00382653 0.00171233
internal_weight=4199 1074 307 164 143 3125 2683 160 767 90 742 485 405 45 257 96 67 347 67 280 84 196 146
internal_count=4199 1074 307 164 143 3125 2683 160 767 90 742 485 405 45 257 96 67 347 67 280 84 196 146
cat_boundaries=0 1 2
cat_threshold=65 1
is_linear=0
shrinkage=0.05


Tree=112
num_leaves=24
num_cat=3
split_feature=0 4 16 16 0 16 4 9 10 15 2 2 11 16 10 10 11 8 2 7 7 1 9
split_gain=4.95432 6.90833 2.87601 1.4522 1.84144 2.29418 0.890946 1.39154 1.32331 1.15227 0.916112 0.857249 0.85268 0.801649 1.15791 1.42355 1.02047 0.876686 1.14501 1.16559 0.859936 0.834997 1.11443
threshold=0 1.0000000180025095e-35 1.0000000180025095e-35 3.485125 1 1.0000000180025095e-35 1.0000000180025095e-35 10462.996979186961 1.5000000000000002 27.493607856082857 2028.5000000000002 2032.5000000000002 1.8148800450007452 3.485125 1.5000000000000002 1.0000000180025095e-35 1.070327964111798 1.0000000180025095e-35 2027.5000000000002 1.0000000180025095e-35 2.5000000000000004 2 2979.748264792906
decision_type=1 2 2 2 1 2 2 2 2 2 2 2 2 2 2 2 2 2 2 2 2 1 2
left_child=1 12 -3 4 5 11 7 8 -7 -10 -9 -2 13 16 15 -15 17 18 -1 -20 21 -19 -23
right_child=3 2 -4 -5 -6 6 -8 10 9 -11 -12 -13 -14 14 -16 -17 -18 20 19 -21 -22 22 -24
leaf_value=-0.0025301556147261485 0.071643341262242546 -0.023066537412477085 -0.00075757735433016715 -0.0012941466650882695 6.4917286309218455e-05 0.014827445888904124 -0.001848436081177951 0.0071022769477656848 -0.012647326607858346 0.013455668231249662 -0.0020632519585876532 0.048310503772580039 -0.0016735236879147576 -0.0019683140489929586 0.0014928667367364646 -0.0065507885625799567 0.0059388489449526466 0.0028394524363220433 0.00083388777127833 -0.002337536912378846 -0.00026613895057617801 -0.0028416511963496264 0.0036163100296116913
leaf_weight=64 27 29 278 442 2222 139 126 23 20 24 71 31 24 59 38 23 21 20 269 114 68 25 42
leaf_count=64 27 29 278 442 2222 139 126 23 20 24 71 31 24 59 38 23 21 20 269 114 68 25 42
internal_value=-0.000732317 -0.00364391 -0.0100163 0.000279107 0.00071748 0.00355626 0.00229529 0.00388087 0.00642077 -0.00113636 -0.00106383 0.012931 -0.00114081 -0.000841184 -0.00458333 -0.00792683 -0.000120385 -0.000498339 -0.00162192 -0.000587467 0.00274194 0.00603448 0.00335821
internal_weight=4199 1074 307 3125 2683 461 403 277 183 44 94 58 767 743 120 82 623 602 447 383 155 87 67
internal_count=4199 1074 307 3125 2683 461 403 277 183 44 94 58 767 743 120 82 623 602 447 383 155 87 67
cat_boundaries=0 1 2 3
cat_threshold=65 4 2
is_linear=0
shrinkage=0.05


Tree=113
num_leaves=24
num_cat=3
split_feature=4 0 5 5 14 17 5 5 14 0 5 7 5 14 15 5 15 16 5 2 6 1 14
split_gain=4.8401 6.13789 12.8827 2.59299 1.91703 1.85825 1.71297 1.702 1.51888 1.34463 2.62254 2.06391 1.99917 1.79724 1.29186 1.28891 1.72802 1.26739 1.60032 1.32733 1.24955 1.37012 1.36668
threshold=1.0000000180025095e-35 0 0.96614232066531724 0.48900742528759283 3894.1625930649102 73.879583333333343 0.6732881902594493 1.6631307399525419 42329.589652221854 1 0.46620033734366129 1.5000000000000002 0.90661399244645735 6075.6382742545966 21.585421683098385 0.81306325873261354 53.616115913572237 1.756416666666667 1.2179910055458631 2037.5000000000002 1.0000000180025095e-35 2 14631.389398168936
decision_type=2 1 2 2 2 2 2 2 2 1 2 2 2 2 2 2 2 2 2 2 2 1 2
left_child=4 2 6 -3 -1 8 -2 9 -4 11 -11 17 15 -12 -14 -13 -17 18 -6 -19 22 -22 -15
right_child=1 3 5 -5 7 -7 -8 -9 -10 10 13 12 14 20 -16 16 -18 19 -20 -21 21 -23 -24
leaf_value=0.0062944685583878448 -0.0013338381647393612 -0.010436690221920697 3.2835825614130833e-05 -0.00038186647997318079 0.0022515435902193295 0.00020028751564680504 -0.0030441349438600552 0.014565013535428517 -0.00042355654222357096 -0.0073741345790477031 -0.0078748023205206241 -0.0010584901823704196 0.012558296492325916 0.0056419064977050182 0.00050371922424294888 -0.0074300499801497116 -0.0016476623217384079 -0.00089168893857829448 0.0098321806156636219 0.0062283511610051086 -0.00043772222596786262 0.0020520542568009284 -0.00076423015615867396
leaf_weight=63 37 22 41 972 475 91 103 36 35 28 29 110 21 79 256 30 38 272 138 49 90 102 1082
leaf_count=63 37 22 41 972 475 91 103 36 35 28 29 110 21 79 256 30 38 272 138 49 90 102 1082
internal_value=-0.000637056 -0.00317064 -0.00922713 -0.00119522 0.000500345 -0.000149701 -0.0207143 0.000308642 -0.00592105 0.000169703 -0.000915493 0.00126876 -0.00148352 -0.000615051 0.00117329 -0.00561798 -0.0110294 0.00262313 0.00395595 7.78816e-05 -0.000351072 0.00338542 -0.000968992
internal_weight=4199 1301 307 994 2898 167 140 2835 76 2799 1410 1389 455 1382 277 178 68 934 613 321 1353 192 1161
internal_count=4199 1301 307 994 2898 167 140 2835 76 2799 1410 1389 455 1382 277 178 68 934 613 321 1353 192 1161
cat_boundaries=0 1 2 3
cat_threshold=65 166 1
is_linear=0
shrinkage=0.05


Tree=114
num_leaves=24
num_cat=2
split_feature=4 0 5 5 5 17 0 5 5 9 3 2 5 9 9 5 16 16 5 5 2 2 2
split_gain=4.48692 5.81571 12.0033 2.62382 1.95765 1.85825 1.46036 2.05383 2.04574 1.8226 2.10819 2.86635 2.30957 1.8159 2.05257 1.65972 1.5939 1.46443 1.27741 1.36952 1.83361 1.18871 2.01765
threshold=1.0000000180025095e-35 0 0.96614232066531724 0.48900742528759283 0.6732881902594493 73.879583333333343 1 0.42540951297941754 1.1943901211755916 10133.856146498527 1.0000000180025095e-35 2037.5000000000002 1.1016024789624379 6361.1228677896806 3501.7225505007154 0.7376789738161762 1.0000000180025095e-35 1.4758333333333338 0.62850798343534187 0.88037162294841587 2034.5000000000002 2028.5000000000002 2026.5000000000002
decision_type=2 1 2 2 2 2 1 2 2 2 2 2 2 2 2 2 2 2 2 2 2 2 2
left_child=6 2 4 -3 -2 -4 8 -8 9 10 11 12 18 14 -9 -11 -10 21 -1 20 -20 22 -15
right_child=1 3 5 -5 -6 -7 7 13 16 15 -12 -13 -14 17 -16 -17 -18 -19 19 -21 -22 -23 -24
leaf_value=0.0044207863867897768 -0.0012671462565023934 -0.0099148557108246667 -0.00029668157874487627 -0.00036277315597452734 -0.0028919281966670526 0.00019027313986446476 -0.0060547946965039019 -0.00027084729467525827 0.03653469355100656 -0.005599811495739293 -0.00092354928292666123 0.0057634084768100726 -0.0069410314668588054 -0.00080527939986122518 -0.0040720279970107411 -0.00019239252933429541 0.0060531851522669378 7.6846067246449931e-06 -0.0030060294177137962 0.0037613729873574812 0.0031449553179210277 0.0015412465775947572 0.0080103325471245889
leaf_weight=51 37 22 76 972 103 91 30 819 37 62 165 79 49 28 131 226 210 552 69 123 21 206 40
leaf_count=51 37 22 76 972 103 91 30 819 37 62 165 79 49 28 131 226 210 552 69 123 21 206 40
internal_value=-0.000577518 -0.00301691 -0.00891167 -0.00109562 -0.02 -0.000149701 0.000517598 -0.00035793 0.001951 0.000798817 0.00246858 0.00446429 0.00231629 -0.000140766 -0.00163158 -0.00243056 0.00597166 0.00157385 0.00416667 0.00246479 -0.00222222 0.00456204 0.0102941
internal_weight=4199 1301 307 994 140 167 2898 1806 1092 845 557 392 313 1776 950 288 247 826 264 213 90 274 68
internal_count=4199 1301 307 994 140 167 2898 1806 1092 845 557 392 313 1776 950 288 247 826 264 213 90 274 68
cat_boundaries=0 1 2
cat_threshold=65 164
is_linear=0
shrinkage=0.05


Tree=115
num_leaves=24
num_cat=2
split_feature=0 4 5 5 5 5 14 16 5 16 0 36 4 11 5 10 8 14 14 5 14 5 5
split_gain=4.0075 5.07095 8.05101 3.34631 2.48534 2.35631 3.38719 1.67521 2.2984 1.69476 1.81073 1.67237 1.59114 1.5067 1.47189 1.46527 1.30342 1.81651 2.13494 1.23236 1.21926 1.10764 1.13291
threshold=0 1.0000000180025095e-35 0.96905256789785377 1.4368553152526682 0.48900742528759283 1.1453412370221989 59653.752615219921 2.1729166666666671 1.2179910055458631 1.0000000180025095e-35 1 2.4168387984437145 1.0000000180025095e-35 0.01949443429448203 0.72126337994860246 1.0000000180025095e-35 1.0000000180025095e-35 163935.68823499145 7070.3627258293573 1.187739437534997 118509.14666601906 1.2451720273098628 1.5300513205035833
decision_type=1 2 2 2 2 2 2 2 2 2 1 2 2 2 2 2 2 2 2 2 2 2 2
left_child=1 4 14 5 -1 6 15 8 -2 -10 12 -9 -11 -14 -3 -4 -6 18 -18 -7 -8 -12 -23
right_child=7 2 3 -5 16 19 20 11 9 10 21 -13 13 -15 -16 -17 17 -19 -20 -21 -22 22 -24
leaf_value=-0.0071957211893301622 0.00014732767111913514 -0.0011868073579271263 0.0018559239703111079 -0.0080214369054669183 -0.00074384163305722954 0.0013634711391904636 -0.001264977318112143 -0.0010673990894017661 0.024204285907070314 0.021419898821903607 0.0052981289779435066 0.0086558743195294663 0.0019796098088551649 -0.0038176310353991274 -0.0028240137119106799 -7.2034615726028318e-05 -0.0092449680715986811 -0.001888361210064915 0.0017588306561623357 0.00024834873602664812 -0.00033751394635825522 -0.0013806407658341513 0.0065677604796950291
leaf_weight=27 1496 68 26 24 806 20 36 637 71 91 31 30 37 22 144 37 22 22 251 87 26 159 29
leaf_count=27 1496 68 26 24 806 20 36 637 71 91 31 30 37 22 144 37 22 22 251 87 26 159 29
internal_value=-0.000589426 -0.00255293 -0.00694444 -0.000976562 -0.000753546 0.000862069 -0.0038 0.000621891 0.0013688 0.00454545 0.00318428 -0.00153673 0.0071875 0.00127119 -0.0141509 0.00436508 -0.000386013 0.00245763 0.00357143 0.00630841 -0.0120968 0.00010917 -0.00132979
internal_weight=4199 1596 468 256 1128 232 125 2603 1936 440 369 667 150 59 212 63 1101 295 273 107 62 219 188
internal_count=4199 1596 468 256 1128 232 125 2603 1936 440 369 667 150 59 212 63 1101 295 273 107 62 219 188
cat_boundaries=0 1 2
cat_threshold=81 6
is_linear=0
shrinkage=0.05


Tree=116
num_leaves=24
num_cat=4
split_feature=0 4 5 5 5 16 5 16 0 9 15 1 15 1 5 5 2 9 5 15 5 2 2
split_gain=3.71076 4.72695 6.99038 3.55205 2.48534 1.70219 2.05129 1.8054 1.74405 1.50022 1.45037 1.3742 1.33716 1.28617 1.28188 1.6684 1.45497 1.25806 1.65931 1.25686 1.25544 1.28139 1.15319
threshold=0 1.0000000180025095e-35 1.0062036727854309 1.4368553152526682 0.48900742528759283 2.1729166666666671 1.2179910055458631 1.0000000180025095e-35 1 8030.0141302773727 44.850817809304324 2 48.890295924035421 3 1.1453412370221989 1.0969306560913907 2033.5000000000002 66728.022717860862 0.8899652155658534 66.063244461926928 0.72497800467145923 2038.5000000000002 2026.5000000000002
decision_type=1 2 2 2 2 2 2 2 1 2 2 1 2 1 2 2 2 2 2 2 2 2 2
left_child=1 4 20 14 -1 6 17 -8 -9 12 11 -11 -6 -14 15 16 -4 -2 -19 -12 -3 -22 -15
right_child=5 2 3 -5 9 -7 7 8 -10 10 19 -13 13 22 -16 -17 -18 18 -20 -21 21 -23 -24
leaf_value=-0.0068359351298636576 0.00028751002869666922 -0.0011274669900307702 -0.00021560996188603674 -0.0076203650601935763 0.00011709412972026323 -0.00092279676971722684 0.022994071611716828 -0.00056366179887676891 0.0043482556139804451 2.6422718748808638e-05 0.0035943341978304844 -0.0043515451305387752 -0.0063594626963366487 -0.0023002155882092868 0.00051111429130313733 -0.00043765060779300206 0.00053802663039579106 -0.0049216644085662625 0.00012224945052692339 0.0014916419587959529 -0.0026697658244168474 -0.0022238682565292934 -0.0010117258965374187
leaf_weight=27 1427 70 27 24 328 667 71 143 226 70 49 26 22 23 107 36 37 30 39 310 146 21 273
leaf_count=27 1427 70 27 24 328 667 71 143 226 70 49 26 22 23 107 36 37 30 39 310 146 21 273
internal_value=-0.000601334 -0.00249066 -0.00673077 -0.000541126 -0.000753546 0.000564485 0.00131715 0.00431818 0.00291328 -0.000386013 0.00181319 -0.00364583 -0.00193498 -0.00424528 0.00157005 -0.0025 0.00234375 0.000434492 -0.00615942 0.00327298 -0.0127637 -0.0151198 -0.00337838
internal_weight=4199 1596 468 231 1128 2603 1936 440 369 1101 455 96 646 318 207 100 64 1496 69 359 237 167 296
internal_count=4199 1596 468 231 1128 2603 1936 440 369 1101 455 96 646 318 207 100 64 1496 69 359 237 167 296
cat_boundaries=0 1 2 3 4
cat_threshold=81 160 1 4
is_linear=0
shrinkage=0.05


Tree=117
num_leaves=24
num_cat=3
split_feature=4 0 5 5 14 9 5 5 5 16 5 14 15 14 14 3 2 1 5 36 11 0 14
split_gain=3.85755 4.62747 8.76286 1.95845 1.95556 1.58209 1.51441 1.56929 1.50661 1.47654 1.43531 1.41551 1.21443 1.046 1.32074 2.34835 1.93761 1.53617 1.17735 1.38767 2.44253 1.47786 2.10294
threshold=1.0000000180025095e-35 0 1.0294041024118206 0.48900742528759283 3894.1625930649102 494.282496821179 0.73058996066088322 0.95718907554605426 1.4308953954205845 1.0000000180025095e-35 1.4158576102881872 76107.804796476528 28.947338587900965 27057.892034168963 18480.883197255494 1.0000000180025095e-35 2034.5000000000002 1 0.68614658175646159 0.022868551674196221 0.22624289212135465 2 31163.894493165859
decision_type=2 1 2 2 2 2 2 2 2 2 2 2 2 2 2 2 2 1 2 2 2 1 2
left_child=4 2 6 -3 -1 -4 11 -8 10 -10 13 -2 -11 14 15 16 17 -6 -15 21 -21 -20 -23
right_child=1 3 5 -5 8 -7 7 -9 9 12 -12 -13 -14 18 -16 -17 -18 -19 19 20 -22 22 -24
leaf_value=0.0061583281924466162 -0.00183401124997735 -0.0094408548102742247 0.00048555857673798037 -0.00027522082763695724 0.002594067961032143 -5.0076410975253814e-05 -0.0025939234148496535 -0.00053584539207776215 0.029416931741802266 0.014621195215940554 -0.0061588490767094939 1.7161688943878411e-05 0.00093874777056690561 -0.00084074783161894318 -0.0029160084482175112 -0.0022936382632860355 0.0048589566397428735 -0.002978310915895066 0.0022986383151667234 0.00016454730766355397 0.010343694836991647 0.004768040807519503 -0.00046638132404207001
leaf_weight=63 25 22 41 972 31 98 86 33 20 36 21 24 119 288 239 96 87 95 643 34 24 54 1048
leaf_count=63 25 22 41 972 31 98 86 33 20 36 21 24 119 288 239 96 87 95 643 34 24 54 1048
internal_value=-0.000601334 -0.00286318 -0.00812303 -0.00114542 0.000414079 0.000899281 -0.0160714 -0.0191176 0.000220459 0.00471429 -7.5188e-05 -0.00867347 0.00306452 2.84199e-05 -0.00191606 0.000242718 0.00316901 -0.000793651 0.00053802 0.0010122 0.00862069 0.000759312 -0.000359712
internal_weight=4199 1301 307 994 2898 139 168 119 2835 175 2660 49 155 2639 548 309 213 126 2091 1803 58 1745 1102
internal_count=4199 1301 307 994 2898 139 168 119 2835 175 2660 49 155 2639 548 309 213 126 2091 1803 58 1745 1102
cat_boundaries=0 1 2 3
cat_threshold=65 1 22
is_linear=0
shrinkage=0.05


Tree=118
num_leaves=24
num_cat=2
split_feature=4 0 5 5 5 0 5 5 16 5 11 2 18 2 9 9 2 11 11 8 14 14 5
split_gain=3.7185 4.7658 8.09717 1.98526 1.82478 1.66653 2.34561 2.25021 1.6599 1.56929 1.48009 1.55366 1.48694 1.76564 1.20725 1.63462 1.70402 1.19451 1.3241 1.1773 1.38376 2.33021 2.87374
threshold=1.0000000180025095e-35 0 1.0294041024118206 0.48900742528759283 0.73058996066088322 1 1.4308953954205845 0.42540951297941754 3.485125 0.95718907554605426 0.44817120303621399 2027.5000000000002 1.0000000180025095e-35 2036.5000000000002 70.861480953857779 3181.0355538923268 2033.5000000000002 1.0040371749781858 1.1375124608269653 1.0000000180025095e-35 163935.68823499145 54288.776881815364 1.0471804065065857
decision_type=2 1 2 2 2 1 2 2 2 2 2 2 2 2 2 2 2 2 2 2 2 2 2
left_child=5 2 4 -3 -2 6 10 -7 14 -6 11 -1 -12 17 -4 -16 -17 -14 -19 -9 21 -21 -23
right_child=1 3 8 -5 9 7 -8 19 -10 -11 12 -13 13 -15 15 16 -18 18 -20 20 -22 22 -24
leaf_value=0.0049377447000637622 -0.0010889333107265726 -0.008968812069760513 0.00042112900940585957 -0.00026145978625510271 -0.0024642272441071709 -0.0040682410445452627 0.032299740807886668 -0.00037423547241548509 0.0012338584486889029 -0.00050905312247387401 0.014464042330424443 -0.00037260890199048992 0.0039564448939679369 0.0075747222730391476 -0.00051559104142158755 -0.0003465929682556026 0.00040318643692930528 -0.0055486828929814051 0.00073015972741004027 -0.00046617275178411082 -0.0020488599485474434 0.00052806077159486267 0.0060681716627471131
leaf_weight=56 49 22 30 972 86 39 47 1542 24 33 31 424 91 54 20 32 33 21 20 267 48 138 120
leaf_count=56 49 22 30 972 86 39 47 1542 24 33 31 424 91 54 20 32 33 21 20 267 48 138 120
internal_value=-0.000565611 -0.00278632 -0.00812303 -0.00104582 -0.0157738 0.000431332 0.00245358 -0.000277264 0.000539568 -0.0191176 0.00175753 0.000208333 0.00518433 0.00349462 -0.00195652 -0.005 -0.00115385 0.000378788 -0.00670732 -5.91017e-05 0.00187609 0.00261905 0.00600775
internal_weight=4199 1301 307 994 168 2898 744 2154 139 119 697 480 217 186 115 85 65 132 41 2115 573 525 258
internal_count=4199 1301 307 994 168 2898 744 2154 139 119 697 480 217 186 115 85 65 132 41 2115 573 525 258
cat_boundaries=0 1 2
cat_threshold=65 36
is_linear=0
shrinkage=0.05


Tree=119
num_leaves=24
num_cat=3
split_feature=4 0 5 5 17 5 0 5 7 11 9 9 5 16 5 9 16 5 9 11 11 0 2
split_gain=3.18448 4.2121 7.48966 3.52779 2.34864 1.99873 1.6458 4.16644 1.39131 1.00211 1.14812 1.12329 2.16838 0.993506 0.985748 1.05373 1.63056 2.36414 2.08534 1.34431 1.51161 1.6093 1.58098
threshold=1.0000000180025095e-35 0 0.96614232066531724 0.73058996066088322 73.879583333333343 0.48900742528759283 1 1.3375357467376412 2.5000000000000004 0.48186570102307485 1282.1821382885942 4518.8052811206917 1.1704710721111968 1.756416666666667 0.40013708798615666 6361.1228677896806 1.0000000180025095e-35 1.2716120369759094 48337.525051192475 0.16000627909584211 0.76884862789191122 2 2034.5000000000002
decision_type=2 1 2 2 2 2 1 2 2 2 2 2 2 2 2 2 2 2 2 2 2 1 2
left_child=6 2 3 -2 -4 -3 7 8 9 10 -1 -12 -13 -10 -8 19 17 18 -17 -16 -21 22 -22
right_child=1 5 4 -5 -6 -7 14 -9 13 -11 11 12 -14 -15 15 16 -18 -19 -20 20 21 -23 -24
leaf_value=-0.0040961239591989834 -0.0010344866451902442 -0.0085203714662724916 -0.00023617953781779181 -0.0023035571912306649 0.00012513083020704966 -0.0002483867969423459 -0.0028591465178180453 0.080012719467024332 -0.00034905905737254718 0.010347197584826563 0.017370512513067295 -0.0032194139041607176 0.016044286662661732 -0.0088590378684415775 -0.001379480100606223 0.0042296873721778044 8.4234067964111817e-05 0.024711567315860175 -0.0021990043392962513 0.0021991059384004696 -0.00039368820571050733 -0.0011736153649580139 0.0037723314730845115
leaf_weight=20 49 22 76 91 91 972 36 33 34 82 50 108 23 22 519 86 986 27 30 149 259 279 155
leaf_count=20 49 22 76 91 91 972 36 33 34 82 50 108 23 22 519 86 986 27 30 149 259 279 155
internal_value=-0.000577518 -0.00263259 -0.00764984 -0.0164286 -0.000748503 -0.000996016 0.000345066 0.00340314 0.00184366 0.00326855 0.00136816 0.00262431 0.00019084 -0.00535714 -0.000118297 0 0.00112932 0.00611888 0.00301724 -0.000936811 0.000296912 -0.000685426 0.00129717
internal_weight=4199 1301 307 140 167 994 2898 372 339 283 201 181 131 56 2526 2490 1129 143 116 1361 842 693 414
internal_count=4199 1301 307 140 167 994 2898 372 339 283 201 181 131 56 2526 2490 1129 143 116 1361 842 693 414
cat_boundaries=0 1 2 3
cat_threshold=65 4 232
is_linear=0
shrinkage=0.05


end of trees

feature_importances:
scale=929
snow_mm=496
type_idx=314
buffer=249
min_habitat_m=139
min_water_m=127
min_road_km=117
precip_mm=114
horizon_year=76
nearby_2km=33
nearby_highway_2km=33
habitat_proximity=29
has_gbif=24
country_idx=21
cooling=20
habitat_hits=12
roadkill_intensity_2km=8
nearby_500m=7
has_open_meteo=4
has_roadkill=3
has_osm_roads=3
gbif_suitability=1
roadkill_count_2km=1

parameters:
[boosting: gbdt]
[objective: quantile]
[metric: quantile]
[tree_learner: serial]
[device_type: cpu]
[data_sample_strategy: bagging]
[data: ]
[valid: ]
[num_iterations: 120]
[learning_rate: 0.05]
[num_leaves: 24]
[num_threads: 0]
[seed: 7]
[deterministic: 0]
[force_col_wise: 0]
[force_row_wise: 0]
[histogram_pool_size: -1]
[max_depth: -1]
[min_data_in_leaf: 20]
[min_sum_hessian_in_leaf: 0.001]
[bagging_fraction: 1]
[pos_bagging_fraction: 1]
[neg_bagging_fraction: 1]
[bagging_freq: 0]
[bagging_seed: 17422]
[bagging_by_query: 0]
[feature_fraction: 0.9]
[feature_fraction_bynode: 1]
[feature_fraction_seed: 7040]
[extra_trees: 0]
[extra_seed: 6516]
[early_stopping_round: 0]
[early_stopping_min_delta: 0]
[first_metric_only: 0]
[max_delta_step: 0]
[lambda_l1: 0]
[lambda_l2: 0]
[linear_lambda: 0]
[min_gain_to_split: 0]
[drop_rate: 0.1]
[max_drop: 50]
[skip_drop: 0.5]
[xgboost_dart_mode: 0]
[uniform_drop: 0]
[drop_seed: 15215]
[top_rate: 0.2]
[other_rate: 0.1]
[min_data_per_group: 100]
[max_cat_threshold: 32]
[cat_l2: 10]
[cat_smooth: 10]
[max_cat_to_onehot: 4]
[top_k: 20]
[monotone_constraints: ]
[monotone_constraints_method: basic]
[monotone_penalty: 0]
[feature_contri: ]
[forcedsplits_filename: ]
[refit_decay_rate: 0.9]
[cegb_tradeoff: 1]
[cegb_penalty_split: 0]
[cegb_penalty_feature_lazy: ]
[cegb_penalty_feature_coupled: ]
[path_smooth: 0]
[interaction_constraints: ]
[verbosity: -1]
[saved_feature_importance_type: 0]
[use_quantized_grad: 0]
[num_grad_quant_bins: 4]
[quant_train_renew_leaf: 0]
[stochastic_rounding: 1]
[linear_tree: 0]
[max_bin: 255]
[max_bin_by_feature: ]
[min_data_in_bin: 3]
[bin_construct_sample_cnt: 200000]
[data_random_seed: 61]
[is_enable_sparse: 1]
[enable_bundle: 1]
[use_missing: 1]
[zero_as_missing: 0]
[feature_pre_filter: 1]
[pre_partition: 0]
[two_round: 0]
[header: 0]
[label_column: ]
[weight_column: ]
[group_column: ]
[ignore_column: ]
[categorical_feature: 0,1]
[forcedbins_filename: ]
[precise_float_parser: 0]
[parser_config_file: ]
[objective_seed: 15521]
[num_class: 1]
[is_unbalance: 0]
[scale_pos_weight: 1]
[sigmoid: 1]
[boost_from_average: 1]
[reg_sqrt: 0]
[alpha: 0.5]
[fair_c: 1]
[poisson_max_delta_step: 0.7]
[tweedie_variance_power: 1.5]
[lambdarank_truncation_level: 30]
[lambdarank_norm: 1]
[label_gain: ]
[lambdarank_position_bias_regularization: 0]
[eval_at: ]
[multi_error_top_k: 1]
[auc_mu_weights: ]
[num_machines: 1]
[local_listen_port: 12400]
[time_out: 120]
[machine_list_filename: ]
[machines: ]
[gpu_platform_id: -1]
[gpu_device_id: -1]
[gpu_device_id_list: ]
[gpu_use_dp: 0]
[num_gpu: 1]

end of parameters

pandas_categorical:null
